timestamp_utc,price_eur_per_mwh,market_type
2024-12-31 23:00:00+00:00,13.62,day_ahead
2025-01-01 00:00:00+00:00,6.24,day_ahead
2025-01-01 01:00:00+00:00,4.16,day_ahead
2025-01-01 02:00:00+00:00,3.28,day_ahead
2025-01-01 03:00:00+00:00,0.68,day_ahead
2025-01-01 04:00:00+00:00,0.0,day_ahead
2025-01-01 05:00:00+00:00,0.76,day_ahead
2025-01-01 06:00:00+00:00,0.79,day_ahead
2025-01-01 07:00:00+00:00,1.89,day_ahead
2025-01-01 08:00:00+00:00,7.5,day_ahead
2025-01-01 09:00:00+00:00,27.32,day_ahead
2025-01-01 10:00:00+00:00,37.49,day_ahead
2025-01-01 11:00:00+00:00,60.1,day_ahead
2025-01-01 12:00:00+00:00,63.32,day_ahead
2025-01-01 13:00:00+00:00,47.0,day_ahead
2025-01-01 14:00:00+00:00,50.1,day_ahead
2025-01-01 15:00:00+00:00,27.64,day_ahead
2025-01-01 16:00:00+00:00,79.97,day_ahead
2025-01-01 17:00:00+00:00,95.0,day_ahead
2025-01-01 19:00:00+00:00,81.49,day_ahead
2025-01-01 20:00:00+00:00,68.96,day_ahead
2025-01-01 21:00:00+00:00,46.37,day_ahead
2025-01-01 22:00:00+00:00,38.0,day_ahead
2025-01-01 23:00:00+00:00,101.94,day_ahead
2025-01-02 00:00:00+00:00,146.95,day_ahead
2025-01-02 01:00:00+00:00,148.44,day_ahead
2025-01-02 02:00:00+00:00,138.0,day_ahead
2025-01-02 03:00:00+00:00,100.1,day_ahead
2025-01-02 04:00:00+00:00,107.47,day_ahead
2025-01-02 05:00:00+00:00,154.68,day_ahead
2025-01-02 06:00:00+00:00,174.7,day_ahead
2025-01-02 07:00:00+00:00,175.07,day_ahead
2025-01-02 08:00:00+00:00,165.37,day_ahead
2025-01-02 09:00:00+00:00,136.0,day_ahead
2025-01-02 10:00:00+00:00,111.93,day_ahead
2025-01-02 11:00:00+00:00,101.52,day_ahead
2025-01-02 12:00:00+00:00,105.6,day_ahead
2025-01-02 13:00:00+00:00,118.95,day_ahead
2025-01-02 14:00:00+00:00,130.11,day_ahead
2025-01-02 15:00:00+00:00,138.81,day_ahead
2025-01-02 16:00:00+00:00,153.0,day_ahead
2025-01-02 17:00:00+00:00,152.99,day_ahead
2025-01-02 18:00:00+00:00,128.0,day_ahead
2025-01-02 19:00:00+00:00,129.17,day_ahead
2025-01-02 20:00:00+00:00,120.0,day_ahead
2025-01-02 21:00:00+00:00,119.9,day_ahead
2025-01-02 22:00:00+00:00,116.07,day_ahead
2025-01-02 23:00:00+00:00,114.32,day_ahead
2025-01-03 00:00:00+00:00,115.0,day_ahead
2025-01-03 01:00:00+00:00,103.0,day_ahead
2025-01-03 02:00:00+00:00,98.0,day_ahead
2025-01-03 03:00:00+00:00,78.15,day_ahead
2025-01-03 04:00:00+00:00,71.0,day_ahead
2025-01-03 05:00:00+00:00,68.96,day_ahead
2025-01-03 06:00:00+00:00,86.0,day_ahead
2025-01-03 07:00:00+00:00,112.64,day_ahead
2025-01-03 08:00:00+00:00,134.51,day_ahead
2025-01-03 09:00:00+00:00,100.0,day_ahead
2025-01-03 10:00:00+00:00,86.6,day_ahead
2025-01-03 11:00:00+00:00,83.8,day_ahead
2025-01-03 12:00:00+00:00,97.2,day_ahead
2025-01-03 13:00:00+00:00,117.05,day_ahead
2025-01-03 14:00:00+00:00,149.99,day_ahead
2025-01-03 15:00:00+00:00,125.8,day_ahead
2025-01-03 16:00:00+00:00,149.93,day_ahead
2025-01-03 17:00:00+00:00,133.2,day_ahead
2025-01-03 18:00:00+00:00,124.3,day_ahead
2025-01-03 19:00:00+00:00,125.0,day_ahead
2025-01-03 20:00:00+00:00,155.2,day_ahead
2025-01-03 21:00:00+00:00,133.2,day_ahead
2025-01-03 22:00:00+00:00,192.7,day_ahead
2025-01-03 23:00:00+00:00,136.4,day_ahead
2025-01-04 00:00:00+00:00,130.39,day_ahead
2025-01-04 01:00:00+00:00,106.7,day_ahead
2025-01-04 02:00:00+00:00,99.0,day_ahead
2025-01-04 03:00:00+00:00,96.09,day_ahead
2025-01-04 04:00:00+00:00,102.22,day_ahead
2025-01-04 05:00:00+00:00,110.7,day_ahead
2025-01-04 06:00:00+00:00,120.02,day_ahead
2025-01-04 07:00:00+00:00,128.39,day_ahead
2025-01-04 08:00:00+00:00,130.75,day_ahead
2025-01-04 09:00:00+00:00,130.34,day_ahead
2025-01-04 10:00:00+00:00,128.29,day_ahead
2025-01-04 11:00:00+00:00,130.03,day_ahead
2025-01-04 12:00:00+00:00,129.85,day_ahead
2025-01-04 13:00:00+00:00,136.4,day_ahead
2025-01-04 14:00:00+00:00,138.76,day_ahead
2025-01-04 15:00:00+00:00,141.2,day_ahead
2025-01-04 16:00:00+00:00,149.83,day_ahead
2025-01-04 17:00:00+00:00,144.17,day_ahead
2025-01-04 18:00:00+00:00,138.38,day_ahead
2025-01-04 19:00:00+00:00,129.73,day_ahead
2025-01-04 20:00:00+00:00,123.07,day_ahead
2025-01-04 21:00:00+00:00,118.54,day_ahead
2025-01-04 22:00:00+00:00,109.61,day_ahead
2025-01-04 23:00:00+00:00,111.61,day_ahead
2025-01-05 00:00:00+00:00,94.76,day_ahead
2025-01-05 01:00:00+00:00,85.62,day_ahead
2025-01-05 02:00:00+00:00,82.94,day_ahead
2025-01-05 03:00:00+00:00,74.73,day_ahead
2025-01-05 04:00:00+00:00,67.0,day_ahead
2025-01-05 05:00:00+00:00,65.67,day_ahead
2025-01-05 06:00:00+00:00,64.22,day_ahead
2025-01-05 07:00:00+00:00,75.5,day_ahead
2025-01-05 08:00:00+00:00,75.7,day_ahead
2025-01-05 09:00:00+00:00,82.95,day_ahead
2025-01-05 10:00:00+00:00,80.02,day_ahead
2025-01-05 11:00:00+00:00,81.66,day_ahead
2025-01-05 12:00:00+00:00,65.32,day_ahead
2025-01-05 13:00:00+00:00,59.67,day_ahead
2025-01-05 14:00:00+00:00,49.98,day_ahead
2025-01-05 15:00:00+00:00,49.91,day_ahead
2025-01-05 16:00:00+00:00,63.23,day_ahead
2025-01-05 17:00:00+00:00,61.13,day_ahead
2025-01-05 18:00:00+00:00,52.08,day_ahead
2025-01-05 19:00:00+00:00,40.88,day_ahead
2025-01-05 20:00:00+00:00,39.0,day_ahead
2025-01-05 21:00:00+00:00,32.48,day_ahead
2025-01-05 22:00:00+00:00,20.36,day_ahead
2025-01-05 23:00:00+00:00,25.99,day_ahead
2025-01-06 00:00:00+00:00,9.65,day_ahead
2025-01-06 01:00:00+00:00,6.2,day_ahead
2025-01-06 02:00:00+00:00,2.77,day_ahead
2025-01-06 03:00:00+00:00,1.97,day_ahead
2025-01-06 04:00:00+00:00,3.69,day_ahead
2025-01-06 05:00:00+00:00,10.0,day_ahead
2025-01-06 06:00:00+00:00,45.54,day_ahead
2025-01-06 07:00:00+00:00,72.0,day_ahead
2025-01-06 08:00:00+00:00,77.03,day_ahead
2025-01-06 09:00:00+00:00,60.0,day_ahead
2025-01-06 10:00:00+00:00,40.28,day_ahead
2025-01-06 11:00:00+00:00,42.06,day_ahead
2025-01-06 12:00:00+00:00,45.06,day_ahead
2025-01-06 13:00:00+00:00,64.57,day_ahead
2025-01-06 14:00:00+00:00,77.94,day_ahead
2025-01-06 15:00:00+00:00,77.92,day_ahead
2025-01-06 16:00:00+00:00,102.91,day_ahead
2025-01-06 17:00:00+00:00,126.66,day_ahead
2025-01-06 18:00:00+00:00,119.95,day_ahead
2025-01-06 19:00:00+00:00,99.9,day_ahead
2025-01-06 20:00:00+00:00,79.94,day_ahead
2025-01-06 21:00:00+00:00,73.43,day_ahead
2025-01-06 22:00:00+00:00,50.96,day_ahead
2025-01-06 23:00:00+00:00,19.51,day_ahead
2025-01-07 00:00:00+00:00,8.71,day_ahead
2025-01-07 01:00:00+00:00,8.9,day_ahead
2025-01-07 02:00:00+00:00,5.01,day_ahead
2025-01-07 03:00:00+00:00,5.13,day_ahead
2025-01-07 04:00:00+00:00,5.8,day_ahead
2025-01-07 05:00:00+00:00,60.0,day_ahead
2025-01-07 06:00:00+00:00,116.56,day_ahead
2025-01-07 07:00:00+00:00,165.98,day_ahead
2025-01-07 08:00:00+00:00,138.5,day_ahead
2025-01-07 09:00:00+00:00,110.74,day_ahead
2025-01-07 10:00:00+00:00,79.95,day_ahead
2025-01-07 11:00:00+00:00,70.1,day_ahead
2025-01-07 12:00:00+00:00,67.33,day_ahead
2025-01-07 13:00:00+00:00,75.0,day_ahead
2025-01-07 14:00:00+00:00,84.9,day_ahead
2025-01-07 15:00:00+00:00,125.58,day_ahead
2025-01-07 16:00:00+00:00,160.7,day_ahead
2025-01-07 17:00:00+00:00,173.86,day_ahead
2025-01-07 18:00:00+00:00,127.5,day_ahead
2025-01-07 19:00:00+00:00,102.9,day_ahead
2025-01-07 20:00:00+00:00,97.6,day_ahead
2025-01-07 21:00:00+00:00,82.2,day_ahead
2025-01-07 22:00:00+00:00,80.01,day_ahead
2025-01-07 23:00:00+00:00,66.19,day_ahead
2025-01-08 00:00:00+00:00,52.96,day_ahead
2025-01-08 01:00:00+00:00,50.17,day_ahead
2025-01-08 02:00:00+00:00,49.9,day_ahead
2025-01-08 03:00:00+00:00,52.8,day_ahead
2025-01-08 04:00:00+00:00,68.93,day_ahead
2025-01-08 05:00:00+00:00,75.1,day_ahead
2025-01-08 06:00:00+00:00,120.46,day_ahead
2025-01-08 07:00:00+00:00,141.04,day_ahead
2025-01-08 08:00:00+00:00,146.77,day_ahead
2025-01-08 09:00:00+00:00,125.6,day_ahead
2025-01-08 10:00:00+00:00,108.63,day_ahead
2025-01-08 11:00:00+00:00,105.87,day_ahead
2025-01-08 12:00:00+00:00,102.37,day_ahead
2025-01-08 13:00:00+00:00,110.28,day_ahead
2025-01-08 14:00:00+00:00,127.97,day_ahead
2025-01-08 15:00:00+00:00,137.31,day_ahead
2025-01-08 16:00:00+00:00,157.35,day_ahead
2025-01-08 17:00:00+00:00,162.0,day_ahead
2025-01-08 18:00:00+00:00,146.66,day_ahead
2025-01-08 19:00:00+00:00,134.87,day_ahead
2025-01-08 20:00:00+00:00,125.11,day_ahead
2025-01-08 21:00:00+00:00,114.4,day_ahead
2025-01-08 22:00:00+00:00,100.5,day_ahead
2025-01-08 23:00:00+00:00,99.98,day_ahead
2025-01-09 00:00:00+00:00,100.0,day_ahead
2025-01-09 01:00:00+00:00,92.46,day_ahead
2025-01-09 02:00:00+00:00,85.1,day_ahead
2025-01-09 03:00:00+00:00,84.64,day_ahead
2025-01-09 04:00:00+00:00,90.77,day_ahead
2025-01-09 05:00:00+00:00,121.04,day_ahead
2025-01-09 06:00:00+00:00,141.9,day_ahead
2025-01-09 07:00:00+00:00,152.28,day_ahead
2025-01-09 08:00:00+00:00,145.41,day_ahead
2025-01-09 09:00:00+00:00,138.91,day_ahead
2025-01-09 10:00:00+00:00,131.91,day_ahead
2025-01-09 11:00:00+00:00,122.39,day_ahead
2025-01-09 12:00:00+00:00,114.85,day_ahead
2025-01-09 13:00:00+00:00,116.27,day_ahead
2025-01-09 14:00:00+00:00,121.29,day_ahead
2025-01-09 15:00:00+00:00,122.0,day_ahead
2025-01-09 16:00:00+00:00,131.07,day_ahead
2025-01-09 17:00:00+00:00,134.52,day_ahead
2025-01-09 18:00:00+00:00,112.95,day_ahead
2025-01-09 19:00:00+00:00,119.23,day_ahead
2025-01-09 20:00:00+00:00,105.17,day_ahead
2025-01-09 21:00:00+00:00,100.92,day_ahead
2025-01-09 22:00:00+00:00,80.01,day_ahead
2025-01-09 23:00:00+00:00,90.97,day_ahead
2025-01-10 00:00:00+00:00,80.23,day_ahead
2025-01-10 01:00:00+00:00,71.4,day_ahead
2025-01-10 02:00:00+00:00,69.2,day_ahead
2025-01-10 03:00:00+00:00,69.92,day_ahead
2025-01-10 04:00:00+00:00,84.17,day_ahead
2025-01-10 05:00:00+00:00,99.09,day_ahead
2025-01-10 06:00:00+00:00,123.92,day_ahead
2025-01-10 07:00:00+00:00,139.69,day_ahead
2025-01-10 08:00:00+00:00,136.98,day_ahead
2025-01-10 09:00:00+00:00,123.57,day_ahead
2025-01-10 10:00:00+00:00,113.59,day_ahead
2025-01-10 11:00:00+00:00,107.43,day_ahead
2025-01-10 12:00:00+00:00,105.01,day_ahead
2025-01-10 13:00:00+00:00,110.01,day_ahead
2025-01-10 14:00:00+00:00,128.69,day_ahead
2025-01-10 15:00:00+00:00,135.01,day_ahead
2025-01-10 16:00:00+00:00,142.6,day_ahead
2025-01-10 17:00:00+00:00,144.15,day_ahead
2025-01-10 18:00:00+00:00,141.1,day_ahead
2025-01-10 19:00:00+00:00,134.82,day_ahead
2025-01-10 20:00:00+00:00,122.51,day_ahead
2025-01-10 21:00:00+00:00,119.77,day_ahead
2025-01-10 22:00:00+00:00,111.74,day_ahead
2025-01-10 23:00:00+00:00,118.88,day_ahead
2025-01-11 00:00:00+00:00,104.09,day_ahead
2025-01-11 01:00:00+00:00,97.4,day_ahead
2025-01-11 02:00:00+00:00,95.8,day_ahead
2025-01-11 03:00:00+00:00,95.0,day_ahead
2025-01-11 04:00:00+00:00,98.61,day_ahead
2025-01-11 05:00:00+00:00,105.1,day_ahead
2025-01-11 06:00:00+00:00,119.9,day_ahead
2025-01-11 07:00:00+00:00,128.34,day_ahead
2025-01-11 08:00:00+00:00,141.93,day_ahead
2025-01-11 09:00:00+00:00,127.81,day_ahead
2025-01-11 10:00:00+00:00,101.61,day_ahead
2025-01-11 11:00:00+00:00,97.57,day_ahead
2025-01-11 12:00:00+00:00,93.15,day_ahead
2025-01-11 13:00:00+00:00,95.74,day_ahead
2025-01-11 14:00:00+00:00,105.23,day_ahead
2025-01-11 15:00:00+00:00,112.46,day_ahead
2025-01-11 16:00:00+00:00,120.12,day_ahead
2025-01-11 17:00:00+00:00,124.1,day_ahead
2025-01-11 18:00:00+00:00,135.0,day_ahead
2025-01-11 19:00:00+00:00,131.4,day_ahead
2025-01-11 20:00:00+00:00,124.2,day_ahead
2025-01-11 21:00:00+00:00,124.19,day_ahead
2025-01-11 22:00:00+00:00,105.94,day_ahead
2025-01-11 23:00:00+00:00,140.6,day_ahead
2025-01-12 00:00:00+00:00,115.0,day_ahead
2025-01-12 01:00:00+00:00,100.0,day_ahead
2025-01-12 02:00:00+00:00,90.0,day_ahead
2025-01-12 03:00:00+00:00,85.0,day_ahead
2025-01-12 04:00:00+00:00,89.9,day_ahead
2025-01-12 05:00:00+00:00,97.0,day_ahead
2025-01-12 06:00:00+00:00,101.75,day_ahead
2025-01-12 07:00:00+00:00,114.76,day_ahead
2025-01-12 08:00:00+00:00,120.07,day_ahead
2025-01-12 09:00:00+00:00,117.77,day_ahead
2025-01-12 10:00:00+00:00,105.61,day_ahead
2025-01-12 11:00:00+00:00,102.99,day_ahead
2025-01-12 12:00:00+00:00,99.61,day_ahead
2025-01-12 13:00:00+00:00,103.23,day_ahead
2025-01-12 14:00:00+00:00,116.32,day_ahead
2025-01-12 15:00:00+00:00,129.52,day_ahead
2025-01-12 16:00:00+00:00,138.12,day_ahead
2025-01-12 17:00:00+00:00,146.66,day_ahead
2025-01-12 18:00:00+00:00,142.79,day_ahead
2025-01-12 19:00:00+00:00,133.11,day_ahead
2025-01-12 20:00:00+00:00,126.85,day_ahead
2025-01-12 21:00:00+00:00,120.45,day_ahead
2025-01-12 22:00:00+00:00,114.9,day_ahead
2025-01-12 23:00:00+00:00,112.39,day_ahead
2025-01-13 00:00:00+00:00,105.07,day_ahead
2025-01-13 01:00:00+00:00,104.46,day_ahead
2025-01-13 02:00:00+00:00,100.37,day_ahead
2025-01-13 03:00:00+00:00,100.0,day_ahead
2025-01-13 04:00:00+00:00,109.97,day_ahead
2025-01-13 05:00:00+00:00,138.67,day_ahead
2025-01-13 06:00:00+00:00,177.83,day_ahead
2025-01-13 07:00:00+00:00,218.8,day_ahead
2025-01-13 08:00:00+00:00,171.0,day_ahead
2025-01-13 09:00:00+00:00,139.97,day_ahead
2025-01-13 10:00:00+00:00,115.58,day_ahead
2025-01-13 11:00:00+00:00,104.83,day_ahead
2025-01-13 12:00:00+00:00,103.11,day_ahead
2025-01-13 13:00:00+00:00,105.55,day_ahead
2025-01-13 14:00:00+00:00,135.34,day_ahead
2025-01-13 15:00:00+00:00,140.82,day_ahead
2025-01-13 16:00:00+00:00,149.0,day_ahead
2025-01-13 17:00:00+00:00,140.41,day_ahead
2025-01-13 18:00:00+00:00,119.6,day_ahead
2025-01-13 19:00:00+00:00,105.0,day_ahead
2025-01-13 20:00:00+00:00,118.27,day_ahead
2025-01-13 21:00:00+00:00,109.0,day_ahead
2025-01-13 22:00:00+00:00,95.8,day_ahead
2025-01-13 23:00:00+00:00,89.37,day_ahead
2025-01-14 00:00:00+00:00,88.75,day_ahead
2025-01-14 01:00:00+00:00,82.61,day_ahead
2025-01-14 02:00:00+00:00,82.06,day_ahead
2025-01-14 03:00:00+00:00,91.09,day_ahead
2025-01-14 04:00:00+00:00,100.55,day_ahead
2025-01-14 05:00:00+00:00,109.9,day_ahead
2025-01-14 06:00:00+00:00,152.42,day_ahead
2025-01-14 07:00:00+00:00,181.31,day_ahead
2025-01-14 08:00:00+00:00,151.12,day_ahead
2025-01-14 09:00:00+00:00,100.4,day_ahead
2025-01-14 10:00:00+00:00,104.45,day_ahead
2025-01-14 11:00:00+00:00,93.72,day_ahead
2025-01-14 12:00:00+00:00,105.0,day_ahead
2025-01-14 13:00:00+00:00,115.56,day_ahead
2025-01-14 14:00:00+00:00,126.14,day_ahead
2025-01-14 15:00:00+00:00,142.58,day_ahead
2025-01-14 16:00:00+00:00,166.54,day_ahead
2025-01-14 17:00:00+00:00,154.14,day_ahead
2025-01-14 18:00:00+00:00,127.5,day_ahead
2025-01-14 19:00:00+00:00,117.0,day_ahead
2025-01-14 20:00:00+00:00,111.0,day_ahead
2025-01-14 21:00:00+00:00,108.43,day_ahead
2025-01-14 22:00:00+00:00,121.87,day_ahead
2025-01-14 23:00:00+00:00,97.17,day_ahead
2025-01-15 00:00:00+00:00,99.93,day_ahead
2025-01-15 01:00:00+00:00,100.0,day_ahead
2025-01-15 02:00:00+00:00,106.0,day_ahead
2025-01-15 03:00:00+00:00,105.35,day_ahead
2025-01-15 04:00:00+00:00,112.07,day_ahead
2025-01-15 05:00:00+00:00,134.68,day_ahead
2025-01-15 06:00:00+00:00,191.86,day_ahead
2025-01-15 07:00:00+00:00,300.71,day_ahead
2025-01-15 08:00:00+00:00,306.66,day_ahead
2025-01-15 09:00:00+00:00,300.0,day_ahead
2025-01-15 10:00:00+00:00,282.6,day_ahead
2025-01-15 11:00:00+00:00,244.27,day_ahead
2025-01-15 12:00:00+00:00,230.34,day_ahead
2025-01-15 13:00:00+00:00,264.58,day_ahead
2025-01-15 14:00:00+00:00,272.73,day_ahead
2025-01-15 15:00:00+00:00,298.92,day_ahead
2025-01-15 16:00:00+00:00,350.48,day_ahead
2025-01-15 17:00:00+00:00,309.56,day_ahead
2025-01-15 18:00:00+00:00,262.42,day_ahead
2025-01-15 19:00:00+00:00,179.45,day_ahead
2025-01-15 20:00:00+00:00,150.94,day_ahead
2025-01-15 21:00:00+00:00,140.85,day_ahead
2025-01-15 22:00:00+00:00,123.9,day_ahead
2025-01-15 23:00:00+00:00,126.06,day_ahead
2025-01-16 00:00:00+00:00,118.87,day_ahead
2025-01-16 01:00:00+00:00,111.3,day_ahead
2025-01-16 02:00:00+00:00,104.4,day_ahead
2025-01-16 03:00:00+00:00,103.12,day_ahead
2025-01-16 04:00:00+00:00,114.9,day_ahead
2025-01-16 05:00:00+00:00,129.9,day_ahead
2025-01-16 06:00:00+00:00,169.61,day_ahead
2025-01-16 07:00:00+00:00,199.73,day_ahead
2025-01-16 08:00:00+00:00,175.0,day_ahead
2025-01-16 09:00:00+00:00,151.9,day_ahead
2025-01-16 10:00:00+00:00,140.64,day_ahead
2025-01-16 11:00:00+00:00,130.56,day_ahead
2025-01-16 12:00:00+00:00,128.71,day_ahead
2025-01-16 13:00:00+00:00,135.05,day_ahead
2025-01-16 14:00:00+00:00,156.74,day_ahead
2025-01-16 15:00:00+00:00,173.17,day_ahead
2025-01-16 16:00:00+00:00,187.35,day_ahead
2025-01-16 17:00:00+00:00,184.32,day_ahead
2025-01-16 18:00:00+00:00,179.97,day_ahead
2025-01-16 19:00:00+00:00,159.6,day_ahead
2025-01-16 20:00:00+00:00,141.76,day_ahead
2025-01-16 21:00:00+00:00,135.45,day_ahead
2025-01-16 22:00:00+00:00,123.9,day_ahead
2025-01-16 23:00:00+00:00,100.0,day_ahead
2025-01-17 00:00:00+00:00,110.0,day_ahead
2025-01-17 01:00:00+00:00,106.35,day_ahead
2025-01-17 02:00:00+00:00,105.9,day_ahead
2025-01-17 03:00:00+00:00,106.06,day_ahead
2025-01-17 04:00:00+00:00,112.0,day_ahead
2025-01-17 05:00:00+00:00,140.8,day_ahead
2025-01-17 06:00:00+00:00,175.01,day_ahead
2025-01-17 07:00:00+00:00,208.13,day_ahead
2025-01-17 08:00:00+00:00,175.34,day_ahead
2025-01-17 09:00:00+00:00,156.83,day_ahead
2025-01-17 10:00:00+00:00,140.1,day_ahead
2025-01-17 11:00:00+00:00,126.44,day_ahead
2025-01-17 12:00:00+00:00,124.03,day_ahead
2025-01-17 13:00:00+00:00,131.2,day_ahead
2025-01-17 14:00:00+00:00,147.69,day_ahead
2025-01-17 15:00:00+00:00,165.02,day_ahead
2025-01-17 16:00:00+00:00,177.75,day_ahead
2025-01-17 17:00:00+00:00,179.92,day_ahead
2025-01-17 18:00:00+00:00,174.22,day_ahead
2025-01-17 19:00:00+00:00,157.91,day_ahead
2025-01-17 20:00:00+00:00,145.0,day_ahead
2025-01-17 21:00:00+00:00,139.97,day_ahead
2025-01-17 22:00:00+00:00,126.89,day_ahead
2025-01-17 23:00:00+00:00,125.34,day_ahead
2025-01-18 00:00:00+00:00,121.06,day_ahead
2025-01-18 01:00:00+00:00,121.0,day_ahead
2025-01-18 02:00:00+00:00,118.85,day_ahead
2025-01-18 03:00:00+00:00,116.49,day_ahead
2025-01-18 04:00:00+00:00,119.78,day_ahead
2025-01-18 05:00:00+00:00,119.81,day_ahead
2025-01-18 06:00:00+00:00,133.49,day_ahead
2025-01-18 07:00:00+00:00,145.65,day_ahead
2025-01-18 08:00:00+00:00,144.1,day_ahead
2025-01-18 09:00:00+00:00,131.37,day_ahead
2025-01-18 10:00:00+00:00,121.57,day_ahead
2025-01-18 11:00:00+00:00,118.87,day_ahead
2025-01-18 12:00:00+00:00,115.01,day_ahead
2025-01-18 13:00:00+00:00,119.03,day_ahead
2025-01-18 14:00:00+00:00,130.56,day_ahead
2025-01-18 15:00:00+00:00,145.5,day_ahead
2025-01-18 16:00:00+00:00,161.91,day_ahead
2025-01-18 17:00:00+00:00,167.57,day_ahead
2025-01-18 18:00:00+00:00,167.85,day_ahead
2025-01-18 19:00:00+00:00,156.12,day_ahead
2025-01-18 20:00:00+00:00,143.42,day_ahead
2025-01-18 21:00:00+00:00,136.4,day_ahead
2025-01-18 22:00:00+00:00,129.36,day_ahead
2025-01-18 23:00:00+00:00,129.75,day_ahead
2025-01-19 00:00:00+00:00,124.26,day_ahead
2025-01-19 01:00:00+00:00,123.1,day_ahead
2025-01-19 02:00:00+00:00,121.24,day_ahead
2025-01-19 03:00:00+00:00,120.18,day_ahead
2025-01-19 04:00:00+00:00,120.0,day_ahead
2025-01-19 05:00:00+00:00,121.58,day_ahead
2025-01-19 06:00:00+00:00,123.37,day_ahead
2025-01-19 07:00:00+00:00,123.6,day_ahead
2025-01-19 08:00:00+00:00,125.21,day_ahead
2025-01-19 09:00:00+00:00,125.27,day_ahead
2025-01-19 10:00:00+00:00,121.56,day_ahead
2025-01-19 11:00:00+00:00,112.25,day_ahead
2025-01-19 12:00:00+00:00,107.51,day_ahead
2025-01-19 13:00:00+00:00,116.81,day_ahead
2025-01-19 14:00:00+00:00,124.36,day_ahead
2025-01-19 15:00:00+00:00,137.57,day_ahead
2025-01-19 16:00:00+00:00,148.81,day_ahead
2025-01-19 17:00:00+00:00,159.19,day_ahead
2025-01-19 18:00:00+00:00,156.79,day_ahead
2025-01-19 19:00:00+00:00,149.31,day_ahead
2025-01-19 20:00:00+00:00,139.52,day_ahead
2025-01-19 21:00:00+00:00,131.14,day_ahead
2025-01-19 22:00:00+00:00,122.99,day_ahead
2025-01-19 23:00:00+00:00,122.27,day_ahead
2025-01-20 00:00:00+00:00,119.45,day_ahead
2025-01-20 01:00:00+00:00,116.56,day_ahead
2025-01-20 02:00:00+00:00,114.41,day_ahead
2025-01-20 03:00:00+00:00,115.45,day_ahead
2025-01-20 04:00:00+00:00,125.82,day_ahead
2025-01-20 05:00:00+00:00,157.7,day_ahead
2025-01-20 06:00:00+00:00,260.24,day_ahead
2025-01-20 07:00:00+00:00,404.11,day_ahead
2025-01-20 08:00:00+00:00,291.18,day_ahead
2025-01-20 09:00:00+00:00,236.29,day_ahead
2025-01-20 10:00:00+00:00,187.69,day_ahead
2025-01-20 11:00:00+00:00,176.13,day_ahead
2025-01-20 12:00:00+00:00,171.39,day_ahead
2025-01-20 13:00:00+00:00,190.3,day_ahead
2025-01-20 14:00:00+00:00,262.81,day_ahead
2025-01-20 15:00:00+00:00,370.28,day_ahead
2025-01-20 16:00:00+00:00,523.47,day_ahead
2025-01-20 17:00:00+00:00,473.28,day_ahead
2025-01-20 18:00:00+00:00,295.57,day_ahead
2025-01-20 19:00:00+00:00,220.0,day_ahead
2025-01-20 20:00:00+00:00,170.0,day_ahead
2025-01-20 21:00:00+00:00,152.74,day_ahead
2025-01-20 22:00:00+00:00,137.74,day_ahead
2025-01-20 23:00:00+00:00,113.0,day_ahead
2025-01-21 00:00:00+00:00,106.76,day_ahead
2025-01-21 01:00:00+00:00,103.8,day_ahead
2025-01-21 02:00:00+00:00,109.68,day_ahead
2025-01-21 03:00:00+00:00,113.0,day_ahead
2025-01-21 04:00:00+00:00,120.73,day_ahead
2025-01-21 05:00:00+00:00,141.78,day_ahead
2025-01-21 06:00:00+00:00,166.9,day_ahead
2025-01-21 07:00:00+00:00,248.32,day_ahead
2025-01-21 08:00:00+00:00,212.0,day_ahead
2025-01-21 09:00:00+00:00,198.05,day_ahead
2025-01-21 10:00:00+00:00,162.0,day_ahead
2025-01-21 11:00:00+00:00,148.37,day_ahead
2025-01-21 12:00:00+00:00,143.54,day_ahead
2025-01-21 13:00:00+00:00,150.48,day_ahead
2025-01-21 14:00:00+00:00,171.01,day_ahead
2025-01-21 15:00:00+00:00,202.77,day_ahead
2025-01-21 16:00:00+00:00,282.52,day_ahead
2025-01-21 17:00:00+00:00,243.96,day_ahead
2025-01-21 18:00:00+00:00,199.94,day_ahead
2025-01-21 19:00:00+00:00,172.16,day_ahead
2025-01-21 20:00:00+00:00,153.72,day_ahead
2025-01-21 21:00:00+00:00,138.31,day_ahead
2025-01-21 22:00:00+00:00,125.4,day_ahead
2025-01-21 23:00:00+00:00,127.3,day_ahead
2025-01-22 00:00:00+00:00,123.69,day_ahead
2025-01-22 01:00:00+00:00,117.43,day_ahead
2025-01-22 02:00:00+00:00,114.12,day_ahead
2025-01-22 03:00:00+00:00,114.62,day_ahead
2025-01-22 04:00:00+00:00,125.03,day_ahead
2025-01-22 05:00:00+00:00,145.0,day_ahead
2025-01-22 06:00:00+00:00,195.47,day_ahead
2025-01-22 07:00:00+00:00,231.36,day_ahead
2025-01-22 08:00:00+00:00,199.41,day_ahead
2025-01-22 09:00:00+00:00,179.06,day_ahead
2025-01-22 10:00:00+00:00,172.94,day_ahead
2025-01-22 11:00:00+00:00,165.0,day_ahead
2025-01-22 12:00:00+00:00,170.0,day_ahead
2025-01-22 13:00:00+00:00,179.4,day_ahead
2025-01-22 14:00:00+00:00,193.68,day_ahead
2025-01-22 15:00:00+00:00,193.01,day_ahead
2025-01-22 16:00:00+00:00,197.66,day_ahead
2025-01-22 17:00:00+00:00,176.52,day_ahead
2025-01-22 18:00:00+00:00,167.4,day_ahead
2025-01-22 19:00:00+00:00,135.82,day_ahead
2025-01-22 20:00:00+00:00,127.91,day_ahead
2025-01-22 21:00:00+00:00,128.51,day_ahead
2025-01-22 22:00:00+00:00,115.06,day_ahead
2025-01-22 23:00:00+00:00,113.92,day_ahead
2025-01-23 00:00:00+00:00,109.1,day_ahead
2025-01-23 01:00:00+00:00,105.62,day_ahead
2025-01-23 02:00:00+00:00,100.08,day_ahead
2025-01-23 03:00:00+00:00,97.77,day_ahead
2025-01-23 04:00:00+00:00,100.43,day_ahead
2025-01-23 05:00:00+00:00,108.56,day_ahead
2025-01-23 06:00:00+00:00,138.14,day_ahead
2025-01-23 07:00:00+00:00,159.35,day_ahead
2025-01-23 08:00:00+00:00,155.93,day_ahead
2025-01-23 09:00:00+00:00,128.0,day_ahead
2025-01-23 10:00:00+00:00,111.42,day_ahead
2025-01-23 11:00:00+00:00,91.4,day_ahead
2025-01-23 12:00:00+00:00,88.32,day_ahead
2025-01-23 13:00:00+00:00,85.86,day_ahead
2025-01-23 14:00:00+00:00,92.77,day_ahead
2025-01-23 15:00:00+00:00,92.55,day_ahead
2025-01-23 16:00:00+00:00,109.0,day_ahead
2025-01-23 17:00:00+00:00,112.0,day_ahead
2025-01-23 18:00:00+00:00,99.9,day_ahead
2025-01-23 19:00:00+00:00,89.5,day_ahead
2025-01-23 20:00:00+00:00,77.23,day_ahead
2025-01-23 21:00:00+00:00,78.49,day_ahead
2025-01-23 22:00:00+00:00,60.09,day_ahead
2025-01-23 23:00:00+00:00,70.33,day_ahead
2025-01-24 00:00:00+00:00,58.53,day_ahead
2025-01-24 01:00:00+00:00,44.24,day_ahead
2025-01-24 02:00:00+00:00,39.58,day_ahead
2025-01-24 03:00:00+00:00,43.81,day_ahead
2025-01-24 04:00:00+00:00,66.66,day_ahead
2025-01-24 05:00:00+00:00,81.4,day_ahead
2025-01-24 06:00:00+00:00,109.02,day_ahead
2025-01-24 07:00:00+00:00,115.24,day_ahead
2025-01-24 08:00:00+00:00,96.93,day_ahead
2025-01-24 09:00:00+00:00,90.0,day_ahead
2025-01-24 10:00:00+00:00,79.16,day_ahead
2025-01-24 11:00:00+00:00,77.24,day_ahead
2025-01-24 12:00:00+00:00,75.27,day_ahead
2025-01-24 13:00:00+00:00,74.88,day_ahead
2025-01-24 14:00:00+00:00,78.8,day_ahead
2025-01-24 15:00:00+00:00,79.9,day_ahead
2025-01-24 16:00:00+00:00,90.17,day_ahead
2025-01-24 17:00:00+00:00,91.97,day_ahead
2025-01-24 18:00:00+00:00,93.27,day_ahead
2025-01-24 19:00:00+00:00,86.74,day_ahead
2025-01-24 20:00:00+00:00,82.3,day_ahead
2025-01-24 21:00:00+00:00,92.93,day_ahead
2025-01-24 22:00:00+00:00,87.04,day_ahead
2025-01-24 23:00:00+00:00,57.36,day_ahead
2025-01-25 00:00:00+00:00,77.87,day_ahead
2025-01-25 01:00:00+00:00,92.0,day_ahead
2025-01-25 02:00:00+00:00,105.19,day_ahead
2025-01-25 03:00:00+00:00,66.81,day_ahead
2025-01-25 04:00:00+00:00,67.06,day_ahead
2025-01-25 05:00:00+00:00,70.62,day_ahead
2025-01-25 06:00:00+00:00,72.06,day_ahead
2025-01-25 07:00:00+00:00,85.02,day_ahead
2025-01-25 08:00:00+00:00,85.55,day_ahead
2025-01-25 09:00:00+00:00,83.36,day_ahead
2025-01-25 10:00:00+00:00,87.73,day_ahead
2025-01-25 11:00:00+00:00,81.82,day_ahead
2025-01-25 12:00:00+00:00,81.98,day_ahead
2025-01-25 13:00:00+00:00,85.09,day_ahead
2025-01-25 14:00:00+00:00,103.54,day_ahead
2025-01-25 15:00:00+00:00,124.11,day_ahead
2025-01-25 16:00:00+00:00,138.6,day_ahead
2025-01-25 17:00:00+00:00,147.1,day_ahead
2025-01-25 18:00:00+00:00,144.35,day_ahead
2025-01-25 19:00:00+00:00,130.75,day_ahead
2025-01-25 20:00:00+00:00,126.75,day_ahead
2025-01-25 21:00:00+00:00,124.5,day_ahead
2025-01-25 22:00:00+00:00,114.99,day_ahead
2025-01-25 23:00:00+00:00,116.4,day_ahead
2025-01-26 00:00:00+00:00,107.47,day_ahead
2025-01-26 01:00:00+00:00,98.13,day_ahead
2025-01-26 02:00:00+00:00,97.07,day_ahead
2025-01-26 03:00:00+00:00,91.71,day_ahead
2025-01-26 04:00:00+00:00,94.96,day_ahead
2025-01-26 05:00:00+00:00,99.43,day_ahead
2025-01-26 06:00:00+00:00,105.82,day_ahead
2025-01-26 07:00:00+00:00,108.36,day_ahead
2025-01-26 08:00:00+00:00,106.2,day_ahead
2025-01-26 09:00:00+00:00,92.44,day_ahead
2025-01-26 10:00:00+00:00,98.76,day_ahead
2025-01-26 11:00:00+00:00,94.82,day_ahead
2025-01-26 12:00:00+00:00,80.0,day_ahead
2025-01-26 13:00:00+00:00,80.1,day_ahead
2025-01-26 14:00:00+00:00,95.96,day_ahead
2025-01-26 15:00:00+00:00,107.68,day_ahead
2025-01-26 16:00:00+00:00,115.49,day_ahead
2025-01-26 17:00:00+00:00,108.02,day_ahead
2025-01-26 18:00:00+00:00,81.38,day_ahead
2025-01-26 19:00:00+00:00,70.64,day_ahead
2025-01-26 20:00:00+00:00,60.75,day_ahead
2025-01-26 21:00:00+00:00,44.34,day_ahead
2025-01-26 22:00:00+00:00,22.84,day_ahead
2025-01-26 23:00:00+00:00,36.1,day_ahead
2025-01-27 00:00:00+00:00,30.35,day_ahead
2025-01-27 01:00:00+00:00,15.77,day_ahead
2025-01-27 02:00:00+00:00,12.38,day_ahead
2025-01-27 03:00:00+00:00,9.1,day_ahead
2025-01-27 04:00:00+00:00,19.4,day_ahead
2025-01-27 05:00:00+00:00,34.27,day_ahead
2025-01-27 06:00:00+00:00,54.91,day_ahead
2025-01-27 07:00:00+00:00,68.0,day_ahead
2025-01-27 08:00:00+00:00,62.96,day_ahead
2025-01-27 09:00:00+00:00,45.0,day_ahead
2025-01-27 10:00:00+00:00,38.84,day_ahead
2025-01-27 11:00:00+00:00,36.19,day_ahead
2025-01-27 12:00:00+00:00,37.61,day_ahead
2025-01-27 13:00:00+00:00,44.52,day_ahead
2025-01-27 14:00:00+00:00,74.37,day_ahead
2025-01-27 15:00:00+00:00,87.72,day_ahead
2025-01-27 16:00:00+00:00,107.2,day_ahead
2025-01-27 17:00:00+00:00,107.67,day_ahead
2025-01-27 18:00:00+00:00,93.3,day_ahead
2025-01-27 19:00:00+00:00,85.1,day_ahead
2025-01-27 20:00:00+00:00,76.64,day_ahead
2025-01-27 21:00:00+00:00,73.45,day_ahead
2025-01-27 22:00:00+00:00,60.0,day_ahead
2025-01-27 23:00:00+00:00,61.6,day_ahead
2025-01-28 00:00:00+00:00,55.73,day_ahead
2025-01-28 01:00:00+00:00,42.95,day_ahead
2025-01-28 02:00:00+00:00,51.38,day_ahead
2025-01-28 03:00:00+00:00,57.77,day_ahead
2025-01-28 04:00:00+00:00,57.07,day_ahead
2025-01-28 05:00:00+00:00,77.82,day_ahead
2025-01-28 06:00:00+00:00,103.55,day_ahead
2025-01-28 07:00:00+00:00,127.6,day_ahead
2025-01-28 08:00:00+00:00,117.47,day_ahead
2025-01-28 09:00:00+00:00,100.2,day_ahead
2025-01-28 10:00:00+00:00,98.04,day_ahead
2025-01-28 11:00:00+00:00,99.62,day_ahead
2025-01-28 12:00:00+00:00,98.31,day_ahead
2025-01-28 13:00:00+00:00,101.22,day_ahead
2025-01-28 14:00:00+00:00,113.93,day_ahead
2025-01-28 15:00:00+00:00,122.46,day_ahead
2025-01-28 16:00:00+00:00,125.0,day_ahead
2025-01-28 17:00:00+00:00,120.5,day_ahead
2025-01-28 18:00:00+00:00,117.34,day_ahead
2025-01-28 19:00:00+00:00,87.84,day_ahead
2025-01-28 20:00:00+00:00,78.31,day_ahead
2025-01-28 21:00:00+00:00,69.0,day_ahead
2025-01-28 22:00:00+00:00,55.5,day_ahead
2025-01-28 23:00:00+00:00,75.79,day_ahead
2025-01-29 00:00:00+00:00,71.91,day_ahead
2025-01-29 01:00:00+00:00,65.74,day_ahead
2025-01-29 02:00:00+00:00,59.94,day_ahead
2025-01-29 03:00:00+00:00,64.01,day_ahead
2025-01-29 04:00:00+00:00,70.23,day_ahead
2025-01-29 05:00:00+00:00,81.16,day_ahead
2025-01-29 06:00:00+00:00,126.95,day_ahead
2025-01-29 07:00:00+00:00,136.2,day_ahead
2025-01-29 08:00:00+00:00,130.45,day_ahead
2025-01-29 09:00:00+00:00,105.05,day_ahead
2025-01-29 10:00:00+00:00,89.25,day_ahead
2025-01-29 11:00:00+00:00,85.0,day_ahead
2025-01-29 12:00:00+00:00,85.53,day_ahead
2025-01-29 13:00:00+00:00,87.67,day_ahead
2025-01-29 14:00:00+00:00,102.75,day_ahead
2025-01-29 15:00:00+00:00,132.72,day_ahead
2025-01-29 16:00:00+00:00,149.57,day_ahead
2025-01-29 17:00:00+00:00,165.0,day_ahead
2025-01-29 18:00:00+00:00,148.6,day_ahead
2025-01-29 19:00:00+00:00,135.3,day_ahead
2025-01-29 20:00:00+00:00,122.1,day_ahead
2025-01-29 21:00:00+00:00,122.35,day_ahead
2025-01-29 22:00:00+00:00,100.1,day_ahead
2025-01-29 23:00:00+00:00,131.34,day_ahead
2025-01-30 00:00:00+00:00,125.79,day_ahead
2025-01-30 01:00:00+00:00,111.9,day_ahead
2025-01-30 02:00:00+00:00,104.48,day_ahead
2025-01-30 03:00:00+00:00,100.0,day_ahead
2025-01-30 04:00:00+00:00,101.09,day_ahead
2025-01-30 05:00:00+00:00,131.36,day_ahead
2025-01-30 06:00:00+00:00,149.65,day_ahead
2025-01-30 07:00:00+00:00,160.3,day_ahead
2025-01-30 08:00:00+00:00,151.49,day_ahead
2025-01-30 09:00:00+00:00,134.9,day_ahead
2025-01-30 10:00:00+00:00,123.25,day_ahead
2025-01-30 11:00:00+00:00,115.74,day_ahead
2025-01-30 12:00:00+00:00,113.3,day_ahead
2025-01-30 13:00:00+00:00,125.74,day_ahead
2025-01-30 14:00:00+00:00,142.67,day_ahead
2025-01-30 15:00:00+00:00,151.05,day_ahead
2025-01-30 16:00:00+00:00,178.09,day_ahead
2025-01-30 17:00:00+00:00,179.93,day_ahead
2025-01-30 18:00:00+00:00,161.24,day_ahead
2025-01-30 19:00:00+00:00,148.49,day_ahead
2025-01-30 20:00:00+00:00,132.59,day_ahead
2025-01-30 21:00:00+00:00,125.73,day_ahead
2025-01-30 22:00:00+00:00,120.2,day_ahead
2025-01-30 23:00:00+00:00,120.0,day_ahead
2025-01-31 00:00:00+00:00,116.49,day_ahead
2025-01-31 01:00:00+00:00,113.6,day_ahead
2025-01-31 02:00:00+00:00,111.06,day_ahead
2025-01-31 03:00:00+00:00,113.48,day_ahead
2025-01-31 04:00:00+00:00,119.2,day_ahead
2025-01-31 05:00:00+00:00,130.0,day_ahead
2025-01-31 06:00:00+00:00,155.82,day_ahead
2025-01-31 07:00:00+00:00,163.7,day_ahead
2025-01-31 08:00:00+00:00,154.82,day_ahead
2025-01-31 09:00:00+00:00,130.1,day_ahead
2025-01-31 10:00:00+00:00,126.2,day_ahead
2025-01-31 11:00:00+00:00,120.06,day_ahead
2025-01-31 12:00:00+00:00,121.19,day_ahead
2025-01-31 13:00:00+00:00,119.3,day_ahead
2025-01-31 14:00:00+00:00,144.11,day_ahead
2025-01-31 15:00:00+00:00,160.46,day_ahead
2025-01-31 16:00:00+00:00,177.13,day_ahead
2025-01-31 17:00:00+00:00,184.48,day_ahead
2025-01-31 18:00:00+00:00,178.99,day_ahead
2025-01-31 19:00:00+00:00,162.66,day_ahead
2025-01-31 20:00:00+00:00,152.7,day_ahead
2025-01-31 21:00:00+00:00,144.41,day_ahead
2025-01-31 22:00:00+00:00,131.4,day_ahead
2025-01-31 23:00:00+00:00,137.0,day_ahead
2025-02-01 00:00:00+00:00,129.48,day_ahead
2025-02-01 01:00:00+00:00,124.28,day_ahead
2025-02-01 02:00:00+00:00,118.72,day_ahead
2025-02-01 03:00:00+00:00,116.2,day_ahead
2025-02-01 04:00:00+00:00,118.22,day_ahead
2025-02-01 05:00:00+00:00,126.61,day_ahead
2025-02-01 06:00:00+00:00,144.74,day_ahead
2025-02-01 07:00:00+00:00,153.46,day_ahead
2025-02-01 08:00:00+00:00,142.44,day_ahead
2025-02-01 09:00:00+00:00,128.4,day_ahead
2025-02-01 10:00:00+00:00,120.08,day_ahead
2025-02-01 11:00:00+00:00,110.29,day_ahead
2025-02-01 12:00:00+00:00,103.4,day_ahead
2025-02-01 13:00:00+00:00,113.7,day_ahead
2025-02-01 14:00:00+00:00,126.73,day_ahead
2025-02-01 15:00:00+00:00,149.46,day_ahead
2025-02-01 16:00:00+00:00,163.39,day_ahead
2025-02-01 17:00:00+00:00,165.77,day_ahead
2025-02-01 18:00:00+00:00,162.98,day_ahead
2025-02-01 19:00:00+00:00,156.6,day_ahead
2025-02-01 20:00:00+00:00,145.24,day_ahead
2025-02-01 21:00:00+00:00,141.73,day_ahead
2025-02-01 22:00:00+00:00,131.74,day_ahead
2025-02-01 23:00:00+00:00,133.26,day_ahead
2025-02-02 00:00:00+00:00,126.91,day_ahead
2025-02-02 01:00:00+00:00,122.99,day_ahead
2025-02-02 02:00:00+00:00,120.66,day_ahead
2025-02-02 03:00:00+00:00,122.34,day_ahead
2025-02-02 04:00:00+00:00,123.41,day_ahead
2025-02-02 05:00:00+00:00,128.09,day_ahead
2025-02-02 06:00:00+00:00,135.9,day_ahead
2025-02-02 07:00:00+00:00,137.3,day_ahead
2025-02-02 08:00:00+00:00,137.7,day_ahead
2025-02-02 09:00:00+00:00,130.04,day_ahead
2025-02-02 10:00:00+00:00,129.33,day_ahead
2025-02-02 11:00:00+00:00,122.24,day_ahead
2025-02-02 12:00:00+00:00,111.88,day_ahead
2025-02-02 13:00:00+00:00,115.36,day_ahead
2025-02-02 14:00:00+00:00,124.01,day_ahead
2025-02-02 15:00:00+00:00,143.94,day_ahead
2025-02-02 16:00:00+00:00,159.44,day_ahead
2025-02-02 17:00:00+00:00,171.2,day_ahead
2025-02-02 18:00:00+00:00,173.95,day_ahead
2025-02-02 19:00:00+00:00,165.5,day_ahead
2025-02-02 20:00:00+00:00,155.77,day_ahead
2025-02-02 21:00:00+00:00,148.44,day_ahead
2025-02-02 22:00:00+00:00,133.24,day_ahead
2025-02-02 23:00:00+00:00,129.54,day_ahead
2025-02-03 00:00:00+00:00,126.63,day_ahead
2025-02-03 01:00:00+00:00,124.72,day_ahead
2025-02-03 02:00:00+00:00,120.04,day_ahead
2025-02-03 03:00:00+00:00,123.24,day_ahead
2025-02-03 04:00:00+00:00,127.77,day_ahead
2025-02-03 05:00:00+00:00,159.18,day_ahead
2025-02-03 06:00:00+00:00,207.88,day_ahead
2025-02-03 07:00:00+00:00,243.23,day_ahead
2025-02-03 08:00:00+00:00,178.04,day_ahead
2025-02-03 09:00:00+00:00,149.95,day_ahead
2025-02-03 10:00:00+00:00,125.02,day_ahead
2025-02-03 11:00:00+00:00,117.27,day_ahead
2025-02-03 12:00:00+00:00,114.93,day_ahead
2025-02-03 13:00:00+00:00,120.0,day_ahead
2025-02-03 14:00:00+00:00,127.1,day_ahead
2025-02-03 15:00:00+00:00,160.0,day_ahead
2025-02-03 16:00:00+00:00,204.71,day_ahead
2025-02-03 17:00:00+00:00,200.73,day_ahead
2025-02-03 18:00:00+00:00,201.1,day_ahead
2025-02-03 19:00:00+00:00,167.74,day_ahead
2025-02-03 20:00:00+00:00,153.0,day_ahead
2025-02-03 21:00:00+00:00,139.5,day_ahead
2025-02-03 22:00:00+00:00,135.81,day_ahead
2025-02-03 23:00:00+00:00,132.4,day_ahead
2025-02-04 00:00:00+00:00,125.54,day_ahead
2025-02-04 01:00:00+00:00,123.18,day_ahead
2025-02-04 02:00:00+00:00,123.99,day_ahead
2025-02-04 03:00:00+00:00,123.25,day_ahead
2025-02-04 04:00:00+00:00,127.63,day_ahead
2025-02-04 05:00:00+00:00,154.79,day_ahead
2025-02-04 06:00:00+00:00,149.5,day_ahead
2025-02-04 07:00:00+00:00,211.99,day_ahead
2025-02-04 08:00:00+00:00,163.31,day_ahead
2025-02-04 09:00:00+00:00,136.53,day_ahead
2025-02-04 10:00:00+00:00,125.0,day_ahead
2025-02-04 11:00:00+00:00,109.45,day_ahead
2025-02-04 12:00:00+00:00,113.06,day_ahead
2025-02-04 13:00:00+00:00,120.09,day_ahead
2025-02-04 14:00:00+00:00,119.15,day_ahead
2025-02-04 15:00:00+00:00,117.0,day_ahead
2025-02-04 16:00:00+00:00,149.6,day_ahead
2025-02-04 17:00:00+00:00,175.0,day_ahead
2025-02-04 18:00:00+00:00,140.0,day_ahead
2025-02-04 19:00:00+00:00,132.54,day_ahead
2025-02-04 20:00:00+00:00,131.96,day_ahead
2025-02-04 21:00:00+00:00,115.0,day_ahead
2025-02-04 22:00:00+00:00,94.9,day_ahead
2025-02-04 23:00:00+00:00,94.84,day_ahead
2025-02-05 00:00:00+00:00,98.84,day_ahead
2025-02-05 01:00:00+00:00,101.45,day_ahead
2025-02-05 02:00:00+00:00,99.9,day_ahead
2025-02-05 03:00:00+00:00,112.8,day_ahead
2025-02-05 04:00:00+00:00,121.71,day_ahead
2025-02-05 05:00:00+00:00,139.8,day_ahead
2025-02-05 06:00:00+00:00,161.7,day_ahead
2025-02-05 07:00:00+00:00,180.81,day_ahead
2025-02-05 08:00:00+00:00,159.33,day_ahead
2025-02-05 09:00:00+00:00,119.54,day_ahead
2025-02-05 10:00:00+00:00,100.95,day_ahead
2025-02-05 11:00:00+00:00,100.0,day_ahead
2025-02-05 12:00:00+00:00,111.85,day_ahead
2025-02-05 13:00:00+00:00,128.85,day_ahead
2025-02-05 14:00:00+00:00,144.12,day_ahead
2025-02-05 15:00:00+00:00,159.08,day_ahead
2025-02-05 16:00:00+00:00,176.77,day_ahead
2025-02-05 17:00:00+00:00,189.9,day_ahead
2025-02-05 18:00:00+00:00,189.63,day_ahead
2025-02-05 19:00:00+00:00,170.0,day_ahead
2025-02-05 20:00:00+00:00,155.42,day_ahead
2025-02-05 21:00:00+00:00,143.7,day_ahead
2025-02-05 22:00:00+00:00,128.57,day_ahead
2025-02-05 23:00:00+00:00,133.67,day_ahead
2025-02-06 00:00:00+00:00,126.84,day_ahead
2025-02-06 01:00:00+00:00,125.0,day_ahead
2025-02-06 03:00:00+00:00,125.01,day_ahead
2025-02-06 04:00:00+00:00,120.09,day_ahead
2025-02-06 05:00:00+00:00,135.25,day_ahead
2025-02-06 06:00:00+00:00,180.09,day_ahead
2025-02-06 07:00:00+00:00,216.65,day_ahead
2025-02-06 08:00:00+00:00,178.62,day_ahead
2025-02-06 09:00:00+00:00,156.3,day_ahead
2025-02-06 10:00:00+00:00,122.0,day_ahead
2025-02-06 11:00:00+00:00,111.2,day_ahead
2025-02-06 12:00:00+00:00,99.9,day_ahead
2025-02-06 13:00:00+00:00,119.29,day_ahead
2025-02-06 14:00:00+00:00,117.79,day_ahead
2025-02-06 15:00:00+00:00,127.0,day_ahead
2025-02-06 16:00:00+00:00,167.43,day_ahead
2025-02-06 17:00:00+00:00,170.48,day_ahead
2025-02-06 18:00:00+00:00,162.95,day_ahead
2025-02-06 19:00:00+00:00,140.38,day_ahead
2025-02-06 20:00:00+00:00,129.75,day_ahead
2025-02-06 21:00:00+00:00,132.9,day_ahead
2025-02-06 22:00:00+00:00,121.95,day_ahead
2025-02-06 23:00:00+00:00,126.05,day_ahead
2025-02-07 00:00:00+00:00,112.7,day_ahead
2025-02-07 01:00:00+00:00,108.82,day_ahead
2025-02-07 02:00:00+00:00,105.0,day_ahead
2025-02-07 03:00:00+00:00,104.67,day_ahead
2025-02-07 04:00:00+00:00,105.31,day_ahead
2025-02-07 05:00:00+00:00,113.29,day_ahead
2025-02-07 06:00:00+00:00,141.93,day_ahead
2025-02-07 07:00:00+00:00,164.2,day_ahead
2025-02-07 08:00:00+00:00,150.35,day_ahead
2025-02-07 09:00:00+00:00,127.0,day_ahead
2025-02-07 10:00:00+00:00,91.63,day_ahead
2025-02-07 11:00:00+00:00,85.1,day_ahead
2025-02-07 12:00:00+00:00,89.19,day_ahead
2025-02-07 13:00:00+00:00,89.55,day_ahead
2025-02-07 14:00:00+00:00,102.1,day_ahead
2025-02-07 15:00:00+00:00,126.99,day_ahead
2025-02-07 16:00:00+00:00,143.0,day_ahead
2025-02-07 17:00:00+00:00,149.36,day_ahead
2025-02-07 18:00:00+00:00,134.0,day_ahead
2025-02-07 19:00:00+00:00,113.82,day_ahead
2025-02-07 20:00:00+00:00,95.0,day_ahead
2025-02-07 21:00:00+00:00,83.0,day_ahead
2025-02-07 22:00:00+00:00,89.5,day_ahead
2025-02-07 23:00:00+00:00,78.4,day_ahead
2025-02-08 00:00:00+00:00,72.5,day_ahead
2025-02-08 01:00:00+00:00,89.9,day_ahead
2025-02-08 02:00:00+00:00,90.0,day_ahead
2025-02-08 03:00:00+00:00,89.69,day_ahead
2025-02-08 04:00:00+00:00,90.99,day_ahead
2025-02-08 05:00:00+00:00,90.82,day_ahead
2025-02-08 06:00:00+00:00,96.0,day_ahead
2025-02-08 07:00:00+00:00,123.0,day_ahead
2025-02-08 08:00:00+00:00,133.35,day_ahead
2025-02-08 09:00:00+00:00,125.0,day_ahead
2025-02-08 10:00:00+00:00,111.7,day_ahead
2025-02-08 11:00:00+00:00,120.32,day_ahead
2025-02-08 12:00:00+00:00,149.9,day_ahead
2025-02-08 13:00:00+00:00,125.0,day_ahead
2025-02-08 14:00:00+00:00,118.0,day_ahead
2025-02-08 15:00:00+00:00,141.0,day_ahead
2025-02-08 16:00:00+00:00,150.19,day_ahead
2025-02-08 17:00:00+00:00,160.49,day_ahead
2025-02-08 18:00:00+00:00,165.36,day_ahead
2025-02-08 19:00:00+00:00,162.0,day_ahead
2025-02-08 20:00:00+00:00,149.0,day_ahead
2025-02-08 21:00:00+00:00,147.38,day_ahead
2025-02-08 22:00:00+00:00,142.3,day_ahead
2025-02-08 23:00:00+00:00,135.0,day_ahead
2025-02-09 00:00:00+00:00,135.7,day_ahead
2025-02-09 01:00:00+00:00,134.3,day_ahead
2025-02-09 02:00:00+00:00,119.3,day_ahead
2025-02-09 03:00:00+00:00,117.0,day_ahead
2025-02-09 06:00:00+00:00,133.43,day_ahead
2025-02-09 07:00:00+00:00,136.77,day_ahead
2025-02-09 08:00:00+00:00,124.87,day_ahead
2025-02-09 09:00:00+00:00,117.0,day_ahead
2025-02-09 10:00:00+00:00,104.3,day_ahead
2025-02-09 11:00:00+00:00,100.0,day_ahead
2025-02-09 12:00:00+00:00,96.86,day_ahead
2025-02-09 13:00:00+00:00,109.9,day_ahead
2025-02-09 14:00:00+00:00,120.4,day_ahead
2025-02-09 15:00:00+00:00,142.11,day_ahead
2025-02-09 16:00:00+00:00,148.79,day_ahead
2025-02-09 17:00:00+00:00,162.17,day_ahead
2025-02-09 18:00:00+00:00,132.0,day_ahead
2025-02-09 19:00:00+00:00,144.57,day_ahead
2025-02-09 20:00:00+00:00,142.95,day_ahead
2025-02-09 21:00:00+00:00,143.0,day_ahead
2025-02-09 22:00:00+00:00,119.08,day_ahead
2025-02-09 23:00:00+00:00,107.5,day_ahead
2025-02-10 00:00:00+00:00,86.32,day_ahead
2025-02-10 01:00:00+00:00,85.0,day_ahead
2025-02-10 02:00:00+00:00,89.3,day_ahead
2025-02-10 03:00:00+00:00,88.26,day_ahead
2025-02-10 04:00:00+00:00,96.94,day_ahead
2025-02-10 05:00:00+00:00,145.5,day_ahead
2025-02-10 06:00:00+00:00,154.0,day_ahead
2025-02-10 07:00:00+00:00,181.36,day_ahead
2025-02-10 08:00:00+00:00,163.18,day_ahead
2025-02-10 09:00:00+00:00,130.0,day_ahead
2025-02-10 10:00:00+00:00,120.27,day_ahead
2025-02-10 11:00:00+00:00,114.44,day_ahead
2025-02-10 12:00:00+00:00,115.02,day_ahead
2025-02-10 13:00:00+00:00,130.0,day_ahead
2025-02-10 14:00:00+00:00,128.54,day_ahead
2025-02-10 15:00:00+00:00,135.0,day_ahead
2025-02-10 16:00:00+00:00,140.9,day_ahead
2025-02-10 17:00:00+00:00,150.0,day_ahead
2025-02-10 18:00:00+00:00,120.48,day_ahead
2025-02-10 19:00:00+00:00,100.0,day_ahead
2025-02-10 20:00:00+00:00,95.17,day_ahead
2025-02-10 21:00:00+00:00,92.1,day_ahead
2025-02-10 22:00:00+00:00,90.5,day_ahead
2025-02-10 23:00:00+00:00,63.0,day_ahead
2025-02-11 00:00:00+00:00,65.0,day_ahead
2025-02-11 01:00:00+00:00,74.08,day_ahead
2025-02-11 02:00:00+00:00,77.75,day_ahead
2025-02-11 03:00:00+00:00,77.5,day_ahead
2025-02-11 04:00:00+00:00,91.55,day_ahead
2025-02-11 05:00:00+00:00,116.5,day_ahead
2025-02-11 06:00:00+00:00,143.11,day_ahead
2025-02-11 07:00:00+00:00,159.06,day_ahead
2025-02-11 08:00:00+00:00,163.76,day_ahead
2025-02-11 09:00:00+00:00,152.8,day_ahead
2025-02-11 10:00:00+00:00,140.0,day_ahead
2025-02-11 11:00:00+00:00,137.2,day_ahead
2025-02-11 12:00:00+00:00,132.8,day_ahead
2025-02-11 13:00:00+00:00,135.0,day_ahead
2025-02-11 14:00:00+00:00,143.92,day_ahead
2025-02-11 15:00:00+00:00,144.41,day_ahead
2025-02-11 16:00:00+00:00,160.48,day_ahead
2025-02-11 17:00:00+00:00,177.86,day_ahead
2025-02-11 18:00:00+00:00,167.45,day_ahead
2025-02-11 19:00:00+00:00,144.58,day_ahead
2025-02-11 20:00:00+00:00,140.1,day_ahead
2025-02-11 21:00:00+00:00,150.0,day_ahead
2025-02-11 22:00:00+00:00,136.16,day_ahead
2025-02-11 23:00:00+00:00,130.55,day_ahead
2025-02-12 00:00:00+00:00,128.13,day_ahead
2025-02-12 01:00:00+00:00,126.82,day_ahead
2025-02-12 02:00:00+00:00,126.59,day_ahead
2025-02-12 03:00:00+00:00,128.74,day_ahead
2025-02-12 04:00:00+00:00,131.3,day_ahead
2025-02-12 05:00:00+00:00,150.39,day_ahead
2025-02-12 06:00:00+00:00,163.2,day_ahead
2025-02-12 07:00:00+00:00,180.0,day_ahead
2025-02-12 08:00:00+00:00,174.92,day_ahead
2025-02-12 09:00:00+00:00,161.0,day_ahead
2025-02-12 10:00:00+00:00,136.0,day_ahead
2025-02-12 11:00:00+00:00,134.5,day_ahead
2025-02-12 12:00:00+00:00,142.3,day_ahead
2025-02-12 13:00:00+00:00,149.66,day_ahead
2025-02-12 14:00:00+00:00,159.99,day_ahead
2025-02-12 15:00:00+00:00,172.39,day_ahead
2025-02-12 16:00:00+00:00,183.01,day_ahead
2025-02-12 17:00:00+00:00,197.64,day_ahead
2025-02-12 18:00:00+00:00,192.86,day_ahead
2025-02-12 19:00:00+00:00,174.46,day_ahead
2025-02-12 20:00:00+00:00,156.06,day_ahead
2025-02-12 21:00:00+00:00,150.54,day_ahead
2025-02-12 22:00:00+00:00,142.04,day_ahead
2025-02-12 23:00:00+00:00,138.58,day_ahead
2025-02-13 00:00:00+00:00,135.12,day_ahead
2025-02-13 01:00:00+00:00,139.37,day_ahead
2025-02-13 02:00:00+00:00,133.75,day_ahead
2025-02-13 03:00:00+00:00,135.85,day_ahead
2025-02-13 04:00:00+00:00,135.0,day_ahead
2025-02-13 05:00:00+00:00,148.36,day_ahead
2025-02-13 06:00:00+00:00,188.55,day_ahead
2025-02-13 07:00:00+00:00,219.52,day_ahead
2025-02-13 08:00:00+00:00,214.1,day_ahead
2025-02-13 09:00:00+00:00,197.48,day_ahead
2025-02-13 10:00:00+00:00,180.07,day_ahead
2025-02-13 11:00:00+00:00,166.67,day_ahead
2025-02-13 12:00:00+00:00,164.14,day_ahead
2025-02-13 13:00:00+00:00,162.54,day_ahead
2025-02-13 14:00:00+00:00,164.5,day_ahead
2025-02-13 15:00:00+00:00,174.97,day_ahead
2025-02-13 16:00:00+00:00,205.16,day_ahead
2025-02-13 17:00:00+00:00,204.23,day_ahead
2025-02-13 18:00:00+00:00,196.52,day_ahead
2025-02-13 19:00:00+00:00,177.05,day_ahead
2025-02-13 20:00:00+00:00,162.92,day_ahead
2025-02-13 21:00:00+00:00,153.12,day_ahead
2025-02-13 22:00:00+00:00,138.97,day_ahead
2025-02-13 23:00:00+00:00,137.57,day_ahead
2025-02-14 00:00:00+00:00,132.76,day_ahead
2025-02-14 01:00:00+00:00,127.9,day_ahead
2025-02-14 02:00:00+00:00,125.55,day_ahead
2025-02-14 03:00:00+00:00,127.27,day_ahead
2025-02-14 04:00:00+00:00,137.63,day_ahead
2025-02-14 05:00:00+00:00,157.63,day_ahead
2025-02-14 06:00:00+00:00,216.19,day_ahead
2025-02-14 07:00:00+00:00,253.55,day_ahead
2025-02-14 08:00:00+00:00,209.39,day_ahead
2025-02-14 09:00:00+00:00,178.79,day_ahead
2025-02-14 10:00:00+00:00,160.0,day_ahead
2025-02-14 11:00:00+00:00,149.03,day_ahead
2025-02-14 12:00:00+00:00,145.28,day_ahead
2025-02-14 13:00:00+00:00,150.61,day_ahead
2025-02-14 14:00:00+00:00,167.11,day_ahead
2025-02-14 15:00:00+00:00,190.46,day_ahead
2025-02-14 16:00:00+00:00,275.26,day_ahead
2025-02-14 17:00:00+00:00,275.77,day_ahead
2025-02-14 18:00:00+00:00,221.86,day_ahead
2025-02-14 19:00:00+00:00,183.55,day_ahead
2025-02-14 20:00:00+00:00,163.2,day_ahead
2025-02-14 21:00:00+00:00,153.0,day_ahead
2025-02-14 22:00:00+00:00,140.03,day_ahead
2025-02-14 23:00:00+00:00,132.9,day_ahead
2025-02-15 00:00:00+00:00,128.04,day_ahead
2025-02-15 01:00:00+00:00,118.38,day_ahead
2025-02-15 02:00:00+00:00,115.19,day_ahead
2025-02-15 03:00:00+00:00,115.0,day_ahead
2025-02-15 04:00:00+00:00,117.08,day_ahead
2025-02-15 05:00:00+00:00,129.54,day_ahead
2025-02-15 06:00:00+00:00,145.07,day_ahead
2025-02-15 07:00:00+00:00,148.58,day_ahead
2025-02-15 08:00:00+00:00,136.83,day_ahead
2025-02-15 09:00:00+00:00,124.59,day_ahead
2025-02-15 10:00:00+00:00,118.36,day_ahead
2025-02-15 11:00:00+00:00,112.39,day_ahead
2025-02-15 12:00:00+00:00,110.01,day_ahead
2025-02-15 13:00:00+00:00,114.64,day_ahead
2025-02-15 14:00:00+00:00,124.72,day_ahead
2025-02-15 15:00:00+00:00,140.0,day_ahead
2025-02-15 16:00:00+00:00,158.66,day_ahead
2025-02-15 17:00:00+00:00,170.53,day_ahead
2025-02-15 18:00:00+00:00,163.91,day_ahead
2025-02-15 19:00:00+00:00,147.29,day_ahead
2025-02-15 20:00:00+00:00,128.06,day_ahead
2025-02-15 21:00:00+00:00,131.63,day_ahead
2025-02-15 22:00:00+00:00,124.71,day_ahead
2025-02-15 23:00:00+00:00,134.11,day_ahead
2025-02-16 00:00:00+00:00,128.9,day_ahead
2025-02-16 01:00:00+00:00,123.57,day_ahead
2025-02-16 02:00:00+00:00,119.9,day_ahead
2025-02-16 03:00:00+00:00,119.57,day_ahead
2025-02-16 04:00:00+00:00,120.19,day_ahead
2025-02-16 05:00:00+00:00,120.0,day_ahead
2025-02-16 06:00:00+00:00,127.64,day_ahead
2025-02-16 07:00:00+00:00,129.6,day_ahead
2025-02-16 08:00:00+00:00,130.4,day_ahead
2025-02-16 09:00:00+00:00,124.11,day_ahead
2025-02-16 10:00:00+00:00,117.25,day_ahead
2025-02-16 11:00:00+00:00,121.3,day_ahead
2025-02-16 12:00:00+00:00,108.21,day_ahead
2025-02-16 13:00:00+00:00,109.84,day_ahead
2025-02-16 14:00:00+00:00,124.45,day_ahead
2025-02-16 15:00:00+00:00,132.95,day_ahead
2025-02-16 16:00:00+00:00,149.08,day_ahead
2025-02-16 17:00:00+00:00,165.01,day_ahead
2025-02-16 18:00:00+00:00,160.89,day_ahead
2025-02-16 19:00:00+00:00,153.72,day_ahead
2025-02-16 20:00:00+00:00,139.35,day_ahead
2025-02-16 21:00:00+00:00,137.6,day_ahead
2025-02-16 22:00:00+00:00,131.51,day_ahead
2025-02-16 23:00:00+00:00,128.05,day_ahead
2025-02-17 00:00:00+00:00,121.06,day_ahead
2025-02-17 01:00:00+00:00,120.34,day_ahead
2025-02-17 02:00:00+00:00,123.94,day_ahead
2025-02-17 03:00:00+00:00,126.74,day_ahead
2025-02-17 04:00:00+00:00,129.91,day_ahead
2025-02-17 05:00:00+00:00,149.22,day_ahead
2025-02-17 06:00:00+00:00,204.74,day_ahead
2025-02-17 07:00:00+00:00,209.79,day_ahead
2025-02-17 08:00:00+00:00,171.3,day_ahead
2025-02-17 09:00:00+00:00,139.67,day_ahead
2025-02-17 10:00:00+00:00,117.2,day_ahead
2025-02-17 11:00:00+00:00,109.54,day_ahead
2025-02-17 12:00:00+00:00,106.79,day_ahead
2025-02-17 13:00:00+00:00,111.75,day_ahead
2025-02-17 14:00:00+00:00,130.0,day_ahead
2025-02-17 15:00:00+00:00,155.43,day_ahead
2025-02-17 16:00:00+00:00,213.0,day_ahead
2025-02-17 17:00:00+00:00,262.37,day_ahead
2025-02-17 18:00:00+00:00,215.43,day_ahead
2025-02-17 19:00:00+00:00,177.93,day_ahead
2025-02-17 20:00:00+00:00,155.3,day_ahead
2025-02-17 21:00:00+00:00,139.39,day_ahead
2025-02-17 22:00:00+00:00,129.72,day_ahead
2025-02-17 23:00:00+00:00,133.01,day_ahead
2025-02-18 00:00:00+00:00,125.06,day_ahead
2025-02-18 01:00:00+00:00,123.62,day_ahead
2025-02-18 02:00:00+00:00,116.62,day_ahead
2025-02-18 03:00:00+00:00,115.08,day_ahead
2025-02-18 04:00:00+00:00,121.52,day_ahead
2025-02-18 05:00:00+00:00,139.1,day_ahead
2025-02-18 06:00:00+00:00,179.87,day_ahead
2025-02-18 07:00:00+00:00,193.8,day_ahead
2025-02-18 08:00:00+00:00,143.23,day_ahead
2025-02-18 09:00:00+00:00,124.54,day_ahead
2025-02-18 10:00:00+00:00,110.1,day_ahead
2025-02-18 11:00:00+00:00,94.54,day_ahead
2025-02-18 12:00:00+00:00,90.0,day_ahead
2025-02-18 13:00:00+00:00,98.35,day_ahead
2025-02-18 14:00:00+00:00,110.0,day_ahead
2025-02-18 15:00:00+00:00,126.0,day_ahead
2025-02-18 16:00:00+00:00,172.38,day_ahead
2025-02-18 17:00:00+00:00,173.28,day_ahead
2025-02-18 18:00:00+00:00,155.33,day_ahead
2025-02-18 19:00:00+00:00,141.96,day_ahead
2025-02-18 20:00:00+00:00,130.16,day_ahead
2025-02-18 21:00:00+00:00,121.92,day_ahead
2025-02-18 22:00:00+00:00,114.86,day_ahead
2025-02-18 23:00:00+00:00,104.95,day_ahead
2025-02-19 00:00:00+00:00,99.7,day_ahead
2025-02-19 02:00:00+00:00,97.67,day_ahead
2025-02-19 03:00:00+00:00,94.86,day_ahead
2025-02-19 04:00:00+00:00,98.63,day_ahead
2025-02-19 05:00:00+00:00,115.0,day_ahead
2025-02-19 06:00:00+00:00,149.5,day_ahead
2025-02-19 07:00:00+00:00,166.71,day_ahead
2025-02-19 08:00:00+00:00,123.3,day_ahead
2025-02-19 09:00:00+00:00,95.1,day_ahead
2025-02-19 10:00:00+00:00,73.42,day_ahead
2025-02-19 11:00:00+00:00,75.0,day_ahead
2025-02-19 12:00:00+00:00,78.3,day_ahead
2025-02-19 13:00:00+00:00,80.0,day_ahead
2025-02-19 14:00:00+00:00,90.63,day_ahead
2025-02-19 15:00:00+00:00,113.39,day_ahead
2025-02-19 16:00:00+00:00,132.0,day_ahead
2025-02-19 17:00:00+00:00,145.73,day_ahead
2025-02-19 18:00:00+00:00,146.43,day_ahead
2025-02-19 19:00:00+00:00,122.81,day_ahead
2025-02-19 20:00:00+00:00,115.16,day_ahead
2025-02-19 21:00:00+00:00,120.93,day_ahead
2025-02-19 22:00:00+00:00,100.0,day_ahead
2025-02-19 23:00:00+00:00,87.65,day_ahead
2025-02-20 00:00:00+00:00,86.67,day_ahead
2025-02-20 01:00:00+00:00,85.98,day_ahead
2025-02-20 02:00:00+00:00,84.59,day_ahead
2025-02-20 03:00:00+00:00,82.95,day_ahead
2025-02-20 04:00:00+00:00,83.73,day_ahead
2025-02-20 05:00:00+00:00,90.53,day_ahead
2025-02-20 06:00:00+00:00,111.17,day_ahead
2025-02-20 07:00:00+00:00,130.7,day_ahead
2025-02-20 08:00:00+00:00,127.71,day_ahead
2025-02-20 09:00:00+00:00,103.58,day_ahead
2025-02-20 10:00:00+00:00,87.39,day_ahead
2025-02-20 11:00:00+00:00,87.06,day_ahead
2025-02-20 12:00:00+00:00,84.45,day_ahead
2025-02-20 13:00:00+00:00,84.78,day_ahead
2025-02-20 14:00:00+00:00,89.43,day_ahead
2025-02-20 15:00:00+00:00,96.13,day_ahead
2025-02-20 16:00:00+00:00,110.09,day_ahead
2025-02-20 17:00:00+00:00,116.05,day_ahead
2025-02-20 18:00:00+00:00,125.84,day_ahead
2025-02-20 19:00:00+00:00,102.7,day_ahead
2025-02-20 20:00:00+00:00,92.78,day_ahead
2025-02-20 21:00:00+00:00,93.04,day_ahead
2025-02-20 22:00:00+00:00,84.31,day_ahead
2025-02-20 23:00:00+00:00,74.03,day_ahead
2025-02-21 00:00:00+00:00,70.09,day_ahead
2025-02-21 01:00:00+00:00,74.99,day_ahead
2025-02-21 02:00:00+00:00,76.25,day_ahead
2025-02-21 03:00:00+00:00,74.0,day_ahead
2025-02-21 04:00:00+00:00,72.97,day_ahead
2025-02-21 05:00:00+00:00,96.87,day_ahead
2025-02-21 06:00:00+00:00,140.24,day_ahead
2025-02-21 07:00:00+00:00,135.02,day_ahead
2025-02-21 08:00:00+00:00,112.2,day_ahead
2025-02-21 09:00:00+00:00,92.01,day_ahead
2025-02-21 10:00:00+00:00,76.44,day_ahead
2025-02-21 11:00:00+00:00,65.0,day_ahead
2025-02-21 12:00:00+00:00,63.2,day_ahead
2025-02-21 13:00:00+00:00,69.47,day_ahead
2025-02-21 14:00:00+00:00,75.49,day_ahead
2025-02-21 15:00:00+00:00,93.09,day_ahead
2025-02-21 16:00:00+00:00,98.77,day_ahead
2025-02-21 17:00:00+00:00,101.13,day_ahead
2025-02-21 18:00:00+00:00,85.01,day_ahead
2025-02-21 19:00:00+00:00,82.01,day_ahead
2025-02-21 20:00:00+00:00,71.33,day_ahead
2025-02-21 21:00:00+00:00,70.89,day_ahead
2025-02-21 22:00:00+00:00,66.09,day_ahead
2025-02-21 23:00:00+00:00,53.83,day_ahead
2025-02-22 00:00:00+00:00,49.16,day_ahead
2025-02-22 01:00:00+00:00,47.7,day_ahead
2025-02-22 02:00:00+00:00,41.34,day_ahead
2025-02-22 03:00:00+00:00,39.79,day_ahead
2025-02-22 04:00:00+00:00,50.14,day_ahead
2025-02-22 05:00:00+00:00,53.31,day_ahead
2025-02-22 06:00:00+00:00,64.9,day_ahead
2025-02-22 07:00:00+00:00,70.0,day_ahead
2025-02-22 08:00:00+00:00,80.0,day_ahead
2025-02-22 09:00:00+00:00,82.75,day_ahead
2025-02-22 10:00:00+00:00,85.0,day_ahead
2025-02-22 11:00:00+00:00,90.25,day_ahead
2025-02-22 12:00:00+00:00,66.61,day_ahead
2025-02-22 13:00:00+00:00,67.45,day_ahead
2025-02-22 14:00:00+00:00,81.68,day_ahead
2025-02-22 15:00:00+00:00,97.75,day_ahead
2025-02-22 16:00:00+00:00,131.8,day_ahead
2025-02-22 17:00:00+00:00,146.0,day_ahead
2025-02-22 18:00:00+00:00,153.65,day_ahead
2025-02-22 19:00:00+00:00,147.21,day_ahead
2025-02-22 20:00:00+00:00,116.18,day_ahead
2025-02-22 21:00:00+00:00,122.0,day_ahead
2025-02-22 22:00:00+00:00,119.48,day_ahead
2025-02-22 23:00:00+00:00,106.0,day_ahead
2025-02-23 00:00:00+00:00,92.6,day_ahead
2025-02-23 01:00:00+00:00,87.02,day_ahead
2025-02-23 02:00:00+00:00,83.63,day_ahead
2025-02-23 03:00:00+00:00,84.3,day_ahead
2025-02-23 04:00:00+00:00,85.79,day_ahead
2025-02-23 05:00:00+00:00,86.62,day_ahead
2025-02-23 06:00:00+00:00,103.35,day_ahead
2025-02-23 07:00:00+00:00,106.22,day_ahead
2025-02-23 08:00:00+00:00,93.0,day_ahead
2025-02-23 09:00:00+00:00,76.13,day_ahead
2025-02-23 10:00:00+00:00,60.46,day_ahead
2025-02-23 11:00:00+00:00,49.81,day_ahead
2025-02-23 12:00:00+00:00,33.35,day_ahead
2025-02-23 13:00:00+00:00,30.79,day_ahead
2025-02-23 14:00:00+00:00,43.81,day_ahead
2025-02-23 15:00:00+00:00,75.7,day_ahead
2025-02-23 16:00:00+00:00,135.59,day_ahead
2025-02-23 17:00:00+00:00,143.39,day_ahead
2025-02-23 18:00:00+00:00,117.55,day_ahead
2025-02-23 19:00:00+00:00,95.61,day_ahead
2025-02-23 20:00:00+00:00,77.19,day_ahead
2025-02-23 21:00:00+00:00,67.97,day_ahead
2025-02-23 22:00:00+00:00,60.1,day_ahead
2025-02-23 23:00:00+00:00,10.0,day_ahead
2025-02-24 00:00:00+00:00,11.89,day_ahead
2025-02-24 01:00:00+00:00,12.43,day_ahead
2025-02-24 02:00:00+00:00,7.68,day_ahead
2025-02-24 03:00:00+00:00,3.93,day_ahead
2025-02-24 04:00:00+00:00,7.0,day_ahead
2025-02-24 05:00:00+00:00,52.0,day_ahead
2025-02-24 06:00:00+00:00,89.29,day_ahead
2025-02-24 07:00:00+00:00,110.33,day_ahead
2025-02-24 08:00:00+00:00,95.5,day_ahead
2025-02-24 09:00:00+00:00,81.86,day_ahead
2025-02-24 10:00:00+00:00,85.0,day_ahead
2025-02-24 11:00:00+00:00,83.04,day_ahead
2025-02-24 12:00:00+00:00,84.19,day_ahead
2025-02-24 13:00:00+00:00,87.36,day_ahead
2025-02-24 14:00:00+00:00,93.2,day_ahead
2025-02-24 15:00:00+00:00,103.55,day_ahead
2025-02-24 16:00:00+00:00,114.53,day_ahead
2025-02-24 17:00:00+00:00,140.7,day_ahead
2025-02-24 18:00:00+00:00,150.71,day_ahead
2025-02-24 19:00:00+00:00,130.66,day_ahead
2025-02-24 20:00:00+00:00,113.0,day_ahead
2025-02-24 21:00:00+00:00,111.96,day_ahead
2025-02-24 22:00:00+00:00,106.85,day_ahead
2025-02-24 23:00:00+00:00,90.58,day_ahead
2025-02-25 00:00:00+00:00,89.97,day_ahead
2025-02-25 01:00:00+00:00,92.42,day_ahead
2025-02-25 02:00:00+00:00,92.44,day_ahead
2025-02-25 03:00:00+00:00,94.32,day_ahead
2025-02-25 04:00:00+00:00,103.5,day_ahead
2025-02-25 05:00:00+00:00,140.0,day_ahead
2025-02-25 06:00:00+00:00,159.41,day_ahead
2025-02-25 07:00:00+00:00,166.48,day_ahead
2025-02-25 08:00:00+00:00,149.61,day_ahead
2025-02-25 09:00:00+00:00,134.88,day_ahead
2025-02-25 10:00:00+00:00,121.83,day_ahead
2025-02-25 11:00:00+00:00,118.5,day_ahead
2025-02-25 12:00:00+00:00,117.56,day_ahead
2025-02-25 13:00:00+00:00,124.39,day_ahead
2025-02-25 14:00:00+00:00,134.67,day_ahead
2025-02-25 15:00:00+00:00,157.96,day_ahead
2025-02-25 16:00:00+00:00,194.93,day_ahead
2025-02-25 17:00:00+00:00,215.8,day_ahead
2025-02-25 18:00:00+00:00,179.45,day_ahead
2025-02-25 19:00:00+00:00,154.28,day_ahead
2025-02-25 20:00:00+00:00,138.97,day_ahead
2025-02-25 21:00:00+00:00,126.41,day_ahead
2025-02-25 22:00:00+00:00,112.09,day_ahead
2025-02-25 23:00:00+00:00,119.08,day_ahead
2025-02-26 00:00:00+00:00,113.54,day_ahead
2025-02-26 01:00:00+00:00,112.78,day_ahead
2025-02-26 02:00:00+00:00,110.85,day_ahead
2025-02-26 03:00:00+00:00,111.69,day_ahead
2025-02-26 04:00:00+00:00,113.89,day_ahead
2025-02-26 05:00:00+00:00,128.45,day_ahead
2025-02-26 06:00:00+00:00,156.72,day_ahead
2025-02-26 07:00:00+00:00,168.15,day_ahead
2025-02-26 08:00:00+00:00,154.85,day_ahead
2025-02-26 09:00:00+00:00,133.11,day_ahead
2025-02-26 10:00:00+00:00,100.0,day_ahead
2025-02-26 11:00:00+00:00,85.49,day_ahead
2025-02-26 12:00:00+00:00,80.0,day_ahead
2025-02-26 13:00:00+00:00,86.2,day_ahead
2025-02-26 14:00:00+00:00,115.8,day_ahead
2025-02-26 15:00:00+00:00,109.63,day_ahead
2025-02-26 16:00:00+00:00,145.96,day_ahead
2025-02-26 17:00:00+00:00,159.05,day_ahead
2025-02-26 18:00:00+00:00,152.12,day_ahead
2025-02-26 19:00:00+00:00,141.56,day_ahead
2025-02-26 20:00:00+00:00,118.44,day_ahead
2025-02-26 21:00:00+00:00,120.94,day_ahead
2025-02-26 22:00:00+00:00,112.58,day_ahead
2025-02-26 23:00:00+00:00,101.65,day_ahead
2025-02-27 00:00:00+00:00,103.81,day_ahead
2025-02-27 01:00:00+00:00,101.24,day_ahead
2025-02-27 02:00:00+00:00,99.6,day_ahead
2025-02-27 03:00:00+00:00,100.41,day_ahead
2025-02-27 04:00:00+00:00,105.62,day_ahead
2025-02-27 05:00:00+00:00,115.15,day_ahead
2025-02-27 06:00:00+00:00,151.24,day_ahead
2025-02-27 07:00:00+00:00,159.15,day_ahead
2025-02-27 08:00:00+00:00,140.0,day_ahead
2025-02-27 09:00:00+00:00,126.01,day_ahead
2025-02-27 10:00:00+00:00,108.12,day_ahead
2025-02-27 11:00:00+00:00,99.95,day_ahead
2025-02-27 12:00:00+00:00,97.5,day_ahead
2025-02-27 13:00:00+00:00,99.8,day_ahead
2025-02-27 14:00:00+00:00,100.0,day_ahead
2025-02-27 15:00:00+00:00,116.47,day_ahead
2025-02-27 16:00:00+00:00,144.51,day_ahead
2025-02-27 17:00:00+00:00,168.87,day_ahead
2025-02-27 18:00:00+00:00,146.0,day_ahead
2025-02-27 19:00:00+00:00,129.25,day_ahead
2025-02-27 20:00:00+00:00,104.9,day_ahead
2025-02-27 21:00:00+00:00,104.2,day_ahead
2025-02-27 22:00:00+00:00,105.26,day_ahead
2025-02-27 23:00:00+00:00,97.1,day_ahead
2025-02-28 00:00:00+00:00,110.54,day_ahead
2025-02-28 01:00:00+00:00,109.38,day_ahead
2025-02-28 02:00:00+00:00,106.58,day_ahead
2025-02-28 03:00:00+00:00,110.53,day_ahead
2025-02-28 04:00:00+00:00,111.12,day_ahead
2025-02-28 05:00:00+00:00,116.86,day_ahead
2025-02-28 06:00:00+00:00,148.83,day_ahead
2025-02-28 07:00:00+00:00,160.45,day_ahead
2025-02-28 08:00:00+00:00,141.07,day_ahead
2025-02-28 09:00:00+00:00,123.19,day_ahead
2025-02-28 10:00:00+00:00,110.0,day_ahead
2025-02-28 11:00:00+00:00,96.4,day_ahead
2025-02-28 12:00:00+00:00,91.5,day_ahead
2025-02-28 13:00:00+00:00,92.0,day_ahead
2025-02-28 14:00:00+00:00,101.15,day_ahead
2025-02-28 15:00:00+00:00,124.1,day_ahead
2025-02-28 16:00:00+00:00,147.72,day_ahead
2025-02-28 17:00:00+00:00,156.63,day_ahead
2025-02-28 18:00:00+00:00,158.0,day_ahead
2025-02-28 19:00:00+00:00,142.69,day_ahead
2025-02-28 20:00:00+00:00,131.31,day_ahead
2025-02-28 21:00:00+00:00,125.54,day_ahead
2025-02-28 22:00:00+00:00,117.21,day_ahead
2025-02-28 23:00:00+00:00,126.47,day_ahead
2025-03-01 00:00:00+00:00,119.47,day_ahead
2025-03-01 01:00:00+00:00,116.61,day_ahead
2025-03-01 02:00:00+00:00,109.9,day_ahead
2025-03-01 03:00:00+00:00,108.05,day_ahead
2025-03-01 04:00:00+00:00,111.88,day_ahead
2025-03-01 05:00:00+00:00,117.1,day_ahead
2025-03-01 06:00:00+00:00,133.82,day_ahead
2025-03-01 07:00:00+00:00,136.25,day_ahead
2025-03-01 08:00:00+00:00,133.48,day_ahead
2025-03-01 09:00:00+00:00,119.44,day_ahead
2025-03-01 10:00:00+00:00,106.43,day_ahead
2025-03-01 11:00:00+00:00,98.63,day_ahead
2025-03-01 12:00:00+00:00,91.41,day_ahead
2025-03-01 13:00:00+00:00,89.1,day_ahead
2025-03-01 14:00:00+00:00,96.4,day_ahead
2025-03-01 15:00:00+00:00,113.54,day_ahead
2025-03-01 16:00:00+00:00,134.81,day_ahead
2025-03-01 17:00:00+00:00,152.0,day_ahead
2025-03-01 18:00:00+00:00,146.76,day_ahead
2025-03-01 19:00:00+00:00,133.41,day_ahead
2025-03-01 20:00:00+00:00,125.43,day_ahead
2025-03-01 21:00:00+00:00,122.03,day_ahead
2025-03-01 22:00:00+00:00,119.92,day_ahead
2025-03-01 23:00:00+00:00,123.97,day_ahead
2025-03-02 00:00:00+00:00,107.72,day_ahead
2025-03-02 01:00:00+00:00,99.41,day_ahead
2025-03-02 02:00:00+00:00,93.19,day_ahead
2025-03-02 03:00:00+00:00,94.49,day_ahead
2025-03-02 04:00:00+00:00,94.3,day_ahead
2025-03-02 05:00:00+00:00,96.43,day_ahead
2025-03-02 06:00:00+00:00,103.0,day_ahead
2025-03-02 07:00:00+00:00,103.23,day_ahead
2025-03-02 08:00:00+00:00,89.0,day_ahead
2025-03-02 09:00:00+00:00,68.3,day_ahead
2025-03-02 10:00:00+00:00,49.0,day_ahead
2025-03-02 11:00:00+00:00,27.5,day_ahead
2025-03-02 12:00:00+00:00,-3.0,day_ahead
2025-03-02 13:00:00+00:00,-3.86,day_ahead
2025-03-02 14:00:00+00:00,50.7,day_ahead
2025-03-02 15:00:00+00:00,79.9,day_ahead
2025-03-02 16:00:00+00:00,122.02,day_ahead
2025-03-02 17:00:00+00:00,141.05,day_ahead
2025-03-02 18:00:00+00:00,146.38,day_ahead
2025-03-02 19:00:00+00:00,133.35,day_ahead
2025-03-02 20:00:00+00:00,120.44,day_ahead
2025-03-02 21:00:00+00:00,120.86,day_ahead
2025-03-02 22:00:00+00:00,112.83,day_ahead
2025-03-02 23:00:00+00:00,108.28,day_ahead
2025-03-03 00:00:00+00:00,103.85,day_ahead
2025-03-03 01:00:00+00:00,102.93,day_ahead
2025-03-03 02:00:00+00:00,99.8,day_ahead
2025-03-03 03:00:00+00:00,103.47,day_ahead
2025-03-03 04:00:00+00:00,116.81,day_ahead
2025-03-03 05:00:00+00:00,137.55,day_ahead
2025-03-03 06:00:00+00:00,163.0,day_ahead
2025-03-03 07:00:00+00:00,146.0,day_ahead
2025-03-03 08:00:00+00:00,90.0,day_ahead
2025-03-03 09:00:00+00:00,80.0,day_ahead
2025-03-03 10:00:00+00:00,6.4,day_ahead
2025-03-03 11:00:00+00:00,0.33,day_ahead
2025-03-03 12:00:00+00:00,-1.76,day_ahead
2025-03-03 13:00:00+00:00,60.47,day_ahead
2025-03-03 14:00:00+00:00,83.47,day_ahead
2025-03-03 15:00:00+00:00,106.3,day_ahead
2025-03-03 16:00:00+00:00,142.75,day_ahead
2025-03-03 17:00:00+00:00,180.05,day_ahead
2025-03-03 18:00:00+00:00,175.82,day_ahead
2025-03-03 19:00:00+00:00,150.28,day_ahead
2025-03-03 20:00:00+00:00,127.39,day_ahead
2025-03-03 21:00:00+00:00,125.1,day_ahead
2025-03-03 22:00:00+00:00,122.79,day_ahead
2025-03-03 23:00:00+00:00,121.29,day_ahead
2025-03-04 00:00:00+00:00,109.76,day_ahead
2025-03-04 01:00:00+00:00,103.99,day_ahead
2025-03-04 02:00:00+00:00,104.95,day_ahead
2025-03-04 03:00:00+00:00,100.62,day_ahead
2025-03-04 04:00:00+00:00,110.39,day_ahead
2025-03-04 05:00:00+00:00,138.11,day_ahead
2025-03-04 06:00:00+00:00,169.62,day_ahead
2025-03-04 07:00:00+00:00,141.95,day_ahead
2025-03-04 08:00:00+00:00,122.0,day_ahead
2025-03-04 09:00:00+00:00,89.97,day_ahead
2025-03-04 10:00:00+00:00,30.0,day_ahead
2025-03-04 11:00:00+00:00,-3.0,day_ahead
2025-03-04 12:00:00+00:00,4.04,day_ahead
2025-03-04 13:00:00+00:00,51.78,day_ahead
2025-03-04 14:00:00+00:00,81.52,day_ahead
2025-03-04 15:00:00+00:00,109.0,day_ahead
2025-03-04 16:00:00+00:00,142.58,day_ahead
2025-03-04 17:00:00+00:00,173.93,day_ahead
2025-03-04 18:00:00+00:00,163.95,day_ahead
2025-03-04 19:00:00+00:00,133.4,day_ahead
2025-03-04 20:00:00+00:00,114.85,day_ahead
2025-03-04 21:00:00+00:00,114.29,day_ahead
2025-03-04 22:00:00+00:00,107.29,day_ahead
2025-03-04 23:00:00+00:00,92.0,day_ahead
2025-03-05 00:00:00+00:00,92.9,day_ahead
2025-03-05 01:00:00+00:00,84.6,day_ahead
2025-03-05 02:00:00+00:00,80.32,day_ahead
2025-03-05 03:00:00+00:00,82.23,day_ahead
2025-03-05 04:00:00+00:00,92.37,day_ahead
2025-03-05 05:00:00+00:00,116.08,day_ahead
2025-03-05 06:00:00+00:00,140.49,day_ahead
2025-03-05 07:00:00+00:00,141.52,day_ahead
2025-03-05 08:00:00+00:00,44.23,day_ahead
2025-03-05 09:00:00+00:00,-6.24,day_ahead
2025-03-05 10:00:00+00:00,-11.0,day_ahead
2025-03-05 11:00:00+00:00,-20.35,day_ahead
2025-03-05 12:00:00+00:00,-8.85,day_ahead
2025-03-05 13:00:00+00:00,-2.0,day_ahead
2025-03-05 14:00:00+00:00,48.38,day_ahead
2025-03-05 15:00:00+00:00,86.1,day_ahead
2025-03-05 16:00:00+00:00,127.09,day_ahead
2025-03-05 17:00:00+00:00,143.78,day_ahead
2025-03-05 18:00:00+00:00,146.16,day_ahead
2025-03-05 19:00:00+00:00,122.31,day_ahead
2025-03-05 20:00:00+00:00,107.92,day_ahead
2025-03-05 21:00:00+00:00,108.78,day_ahead
2025-03-05 22:00:00+00:00,97.39,day_ahead
2025-03-05 23:00:00+00:00,84.1,day_ahead
2025-03-06 00:00:00+00:00,84.14,day_ahead
2025-03-06 01:00:00+00:00,84.83,day_ahead
2025-03-06 02:00:00+00:00,84.59,day_ahead
2025-03-06 03:00:00+00:00,90.1,day_ahead
2025-03-06 04:00:00+00:00,93.53,day_ahead
2025-03-06 05:00:00+00:00,132.87,day_ahead
2025-03-06 06:00:00+00:00,147.24,day_ahead
2025-03-06 07:00:00+00:00,108.5,day_ahead
2025-03-06 08:00:00+00:00,78.72,day_ahead
2025-03-06 09:00:00+00:00,50.62,day_ahead
2025-03-06 10:00:00+00:00,1.58,day_ahead
2025-03-06 11:00:00+00:00,-4.47,day_ahead
2025-03-06 12:00:00+00:00,-2.04,day_ahead
2025-03-06 13:00:00+00:00,13.16,day_ahead
2025-03-06 14:00:00+00:00,63.61,day_ahead
2025-03-06 15:00:00+00:00,100.56,day_ahead
2025-03-06 16:00:00+00:00,136.82,day_ahead
2025-03-06 17:00:00+00:00,155.73,day_ahead
2025-03-06 18:00:00+00:00,132.33,day_ahead
2025-03-06 19:00:00+00:00,110.7,day_ahead
2025-03-06 20:00:00+00:00,103.37,day_ahead
2025-03-06 21:00:00+00:00,96.4,day_ahead
2025-03-06 22:00:00+00:00,86.0,day_ahead
2025-03-06 23:00:00+00:00,84.58,day_ahead
2025-03-07 00:00:00+00:00,86.0,day_ahead
2025-03-07 01:00:00+00:00,87.0,day_ahead
2025-03-07 02:00:00+00:00,85.88,day_ahead
2025-03-07 03:00:00+00:00,90.0,day_ahead
2025-03-07 04:00:00+00:00,101.3,day_ahead
2025-03-07 05:00:00+00:00,107.2,day_ahead
2025-03-07 06:00:00+00:00,136.59,day_ahead
2025-03-07 07:00:00+00:00,117.01,day_ahead
2025-03-07 08:00:00+00:00,82.11,day_ahead
2025-03-07 09:00:00+00:00,63.37,day_ahead
2025-03-07 10:00:00+00:00,31.81,day_ahead
2025-03-07 11:00:00+00:00,12.79,day_ahead
2025-03-07 12:00:00+00:00,6.79,day_ahead
2025-03-07 13:00:00+00:00,32.92,day_ahead
2025-03-07 14:00:00+00:00,69.98,day_ahead
2025-03-07 15:00:00+00:00,110.0,day_ahead
2025-03-07 16:00:00+00:00,134.83,day_ahead
2025-03-07 17:00:00+00:00,195.47,day_ahead
2025-03-07 18:00:00+00:00,165.8,day_ahead
2025-03-07 19:00:00+00:00,136.11,day_ahead
2025-03-07 20:00:00+00:00,118.55,day_ahead
2025-03-07 21:00:00+00:00,109.12,day_ahead
2025-03-07 22:00:00+00:00,102.42,day_ahead
2025-03-07 23:00:00+00:00,117.57,day_ahead
2025-03-08 00:00:00+00:00,102.51,day_ahead
2025-03-08 01:00:00+00:00,97.0,day_ahead
2025-03-08 02:00:00+00:00,99.36,day_ahead
2025-03-08 03:00:00+00:00,100.71,day_ahead
2025-03-08 04:00:00+00:00,103.41,day_ahead
2025-03-08 05:00:00+00:00,114.9,day_ahead
2025-03-08 06:00:00+00:00,110.0,day_ahead
2025-03-08 07:00:00+00:00,98.04,day_ahead
2025-03-08 08:00:00+00:00,72.54,day_ahead
2025-03-08 09:00:00+00:00,18.05,day_ahead
2025-03-08 10:00:00+00:00,1.52,day_ahead
2025-03-08 11:00:00+00:00,-3.66,day_ahead
2025-03-08 12:00:00+00:00,-0.51,day_ahead
2025-03-08 13:00:00+00:00,0.07,day_ahead
2025-03-08 14:00:00+00:00,45.36,day_ahead
2025-03-08 15:00:00+00:00,84.59,day_ahead
2025-03-08 16:00:00+00:00,130.42,day_ahead
2025-03-08 17:00:00+00:00,150.9,day_ahead
2025-03-08 18:00:00+00:00,122.35,day_ahead
2025-03-08 19:00:00+00:00,99.06,day_ahead
2025-03-08 20:00:00+00:00,90.18,day_ahead
2025-03-08 21:00:00+00:00,88.06,day_ahead
2025-03-08 22:00:00+00:00,86.48,day_ahead
2025-03-08 23:00:00+00:00,84.97,day_ahead
2025-03-09 00:00:00+00:00,86.8,day_ahead
2025-03-09 01:00:00+00:00,85.7,day_ahead
2025-03-09 02:00:00+00:00,95.86,day_ahead
2025-03-09 03:00:00+00:00,97.72,day_ahead
2025-03-09 04:00:00+00:00,99.85,day_ahead
2025-03-09 05:00:00+00:00,100.0,day_ahead
2025-03-09 06:00:00+00:00,87.34,day_ahead
2025-03-09 07:00:00+00:00,62.21,day_ahead
2025-03-09 08:00:00+00:00,29.27,day_ahead
2025-03-09 09:00:00+00:00,10.1,day_ahead
2025-03-09 10:00:00+00:00,-6.55,day_ahead
2025-03-09 11:00:00+00:00,-12.77,day_ahead
2025-03-09 12:00:00+00:00,-8.06,day_ahead
2025-03-09 13:00:00+00:00,-2.21,day_ahead
2025-03-09 14:00:00+00:00,17.39,day_ahead
2025-03-09 15:00:00+00:00,81.0,day_ahead
2025-03-09 16:00:00+00:00,112.06,day_ahead
2025-03-09 17:00:00+00:00,127.46,day_ahead
2025-03-09 18:00:00+00:00,134.63,day_ahead
2025-03-09 19:00:00+00:00,129.78,day_ahead
2025-03-09 20:00:00+00:00,121.44,day_ahead
2025-03-09 21:00:00+00:00,110.01,day_ahead
2025-03-09 22:00:00+00:00,103.64,day_ahead
2025-03-09 23:00:00+00:00,94.94,day_ahead
2025-03-10 00:00:00+00:00,91.98,day_ahead
2025-03-10 01:00:00+00:00,92.64,day_ahead
2025-03-10 02:00:00+00:00,92.56,day_ahead
2025-03-10 03:00:00+00:00,89.98,day_ahead
2025-03-10 04:00:00+00:00,101.14,day_ahead
2025-03-10 05:00:00+00:00,141.76,day_ahead
2025-03-10 06:00:00+00:00,149.92,day_ahead
2025-03-10 07:00:00+00:00,133.32,day_ahead
2025-03-10 08:00:00+00:00,98.22,day_ahead
2025-03-10 09:00:00+00:00,84.12,day_ahead
2025-03-10 10:00:00+00:00,77.88,day_ahead
2025-03-10 11:00:00+00:00,76.02,day_ahead
2025-03-10 12:00:00+00:00,77.32,day_ahead
2025-03-10 13:00:00+00:00,81.9,day_ahead
2025-03-10 14:00:00+00:00,90.54,day_ahead
2025-03-10 15:00:00+00:00,109.4,day_ahead
2025-03-10 16:00:00+00:00,136.2,day_ahead
2025-03-10 17:00:00+00:00,165.35,day_ahead
2025-03-10 18:00:00+00:00,156.89,day_ahead
2025-03-10 19:00:00+00:00,123.2,day_ahead
2025-03-10 20:00:00+00:00,108.6,day_ahead
2025-03-10 21:00:00+00:00,105.16,day_ahead
2025-03-10 22:00:00+00:00,96.32,day_ahead
2025-03-10 23:00:00+00:00,100.64,day_ahead
2025-03-11 00:00:00+00:00,97.61,day_ahead
2025-03-11 01:00:00+00:00,97.56,day_ahead
2025-03-11 02:00:00+00:00,97.43,day_ahead
2025-03-11 03:00:00+00:00,97.11,day_ahead
2025-03-11 04:00:00+00:00,103.49,day_ahead
2025-03-11 05:00:00+00:00,91.88,day_ahead
2025-03-11 06:00:00+00:00,139.02,day_ahead
2025-03-11 07:00:00+00:00,138.58,day_ahead
2025-03-11 08:00:00+00:00,125.4,day_ahead
2025-03-11 09:00:00+00:00,101.52,day_ahead
2025-03-11 10:00:00+00:00,96.23,day_ahead
2025-03-11 11:00:00+00:00,94.16,day_ahead
2025-03-11 12:00:00+00:00,94.78,day_ahead
2025-03-11 13:00:00+00:00,98.05,day_ahead
2025-03-11 14:00:00+00:00,106.49,day_ahead
2025-03-11 15:00:00+00:00,119.51,day_ahead
2025-03-11 16:00:00+00:00,139.37,day_ahead
2025-03-11 17:00:00+00:00,170.88,day_ahead
2025-03-11 18:00:00+00:00,169.67,day_ahead
2025-03-11 19:00:00+00:00,144.93,day_ahead
2025-03-11 20:00:00+00:00,130.84,day_ahead
2025-03-11 21:00:00+00:00,117.4,day_ahead
2025-03-11 22:00:00+00:00,106.83,day_ahead
2025-03-11 23:00:00+00:00,100.93,day_ahead
2025-03-12 00:00:00+00:00,98.68,day_ahead
2025-03-12 01:00:00+00:00,96.97,day_ahead
2025-03-12 02:00:00+00:00,95.36,day_ahead
2025-03-12 03:00:00+00:00,97.7,day_ahead
2025-03-12 04:00:00+00:00,103.92,day_ahead
2025-03-12 05:00:00+00:00,130.43,day_ahead
2025-03-12 06:00:00+00:00,142.01,day_ahead
2025-03-12 07:00:00+00:00,140.1,day_ahead
2025-03-12 08:00:00+00:00,125.0,day_ahead
2025-03-12 09:00:00+00:00,102.65,day_ahead
2025-03-12 10:00:00+00:00,98.93,day_ahead
2025-03-12 11:00:00+00:00,97.74,day_ahead
2025-03-12 12:00:00+00:00,92.62,day_ahead
2025-03-12 13:00:00+00:00,96.8,day_ahead
2025-03-12 14:00:00+00:00,100.1,day_ahead
2025-03-12 15:00:00+00:00,113.0,day_ahead
2025-03-12 16:00:00+00:00,138.06,day_ahead
2025-03-12 17:00:00+00:00,189.38,day_ahead
2025-03-12 18:00:00+00:00,179.12,day_ahead
2025-03-12 19:00:00+00:00,147.8,day_ahead
2025-03-12 20:00:00+00:00,132.2,day_ahead
2025-03-12 21:00:00+00:00,120.0,day_ahead
2025-03-12 22:00:00+00:00,109.91,day_ahead
2025-03-12 23:00:00+00:00,108.52,day_ahead
2025-03-13 00:00:00+00:00,102.51,day_ahead
2025-03-13 01:00:00+00:00,99.59,day_ahead
2025-03-13 02:00:00+00:00,96.65,day_ahead
2025-03-13 03:00:00+00:00,97.19,day_ahead
2025-03-13 04:00:00+00:00,105.11,day_ahead
2025-03-13 05:00:00+00:00,131.27,day_ahead
2025-03-13 06:00:00+00:00,155.96,day_ahead
2025-03-13 07:00:00+00:00,155.1,day_ahead
2025-03-13 08:00:00+00:00,130.68,day_ahead
2025-03-13 09:00:00+00:00,120.4,day_ahead
2025-03-13 10:00:00+00:00,103.0,day_ahead
2025-03-13 11:00:00+00:00,95.62,day_ahead
2025-03-13 12:00:00+00:00,96.9,day_ahead
2025-03-13 13:00:00+00:00,104.0,day_ahead
2025-03-13 15:00:00+00:00,108.81,day_ahead
2025-03-13 16:00:00+00:00,138.19,day_ahead
2025-03-13 17:00:00+00:00,166.05,day_ahead
2025-03-13 18:00:00+00:00,173.47,day_ahead
2025-03-13 19:00:00+00:00,149.0,day_ahead
2025-03-13 20:00:00+00:00,135.69,day_ahead
2025-03-13 21:00:00+00:00,123.48,day_ahead
2025-03-13 22:00:00+00:00,111.63,day_ahead
2025-03-13 23:00:00+00:00,109.09,day_ahead
2025-03-14 00:00:00+00:00,106.0,day_ahead
2025-03-14 01:00:00+00:00,105.9,day_ahead
2025-03-14 02:00:00+00:00,103.83,day_ahead
2025-03-14 03:00:00+00:00,105.3,day_ahead
2025-03-14 04:00:00+00:00,113.61,day_ahead
2025-03-14 05:00:00+00:00,140.97,day_ahead
2025-03-14 06:00:00+00:00,155.02,day_ahead
2025-03-14 07:00:00+00:00,153.05,day_ahead
2025-03-14 08:00:00+00:00,131.9,day_ahead
2025-03-14 09:00:00+00:00,111.81,day_ahead
2025-03-14 10:00:00+00:00,101.2,day_ahead
2025-03-14 11:00:00+00:00,98.64,day_ahead
2025-03-14 12:00:00+00:00,100.0,day_ahead
2025-03-14 13:00:00+00:00,91.12,day_ahead
2025-03-14 14:00:00+00:00,106.5,day_ahead
2025-03-14 15:00:00+00:00,115.6,day_ahead
2025-03-14 16:00:00+00:00,133.74,day_ahead
2025-03-14 17:00:00+00:00,145.69,day_ahead
2025-03-14 18:00:00+00:00,150.85,day_ahead
2025-03-14 19:00:00+00:00,130.01,day_ahead
2025-03-14 20:00:00+00:00,111.39,day_ahead
2025-03-14 21:00:00+00:00,114.0,day_ahead
2025-03-14 22:00:00+00:00,105.17,day_ahead
2025-03-14 23:00:00+00:00,112.15,day_ahead
2025-03-15 00:00:00+00:00,103.14,day_ahead
2025-03-15 01:00:00+00:00,96.0,day_ahead
2025-03-15 02:00:00+00:00,89.9,day_ahead
2025-03-15 03:00:00+00:00,86.9,day_ahead
2025-03-15 04:00:00+00:00,90.55,day_ahead
2025-03-15 05:00:00+00:00,97.01,day_ahead
2025-03-15 06:00:00+00:00,99.42,day_ahead
2025-03-15 07:00:00+00:00,98.74,day_ahead
2025-03-15 08:00:00+00:00,86.36,day_ahead
2025-03-15 09:00:00+00:00,72.48,day_ahead
2025-03-15 10:00:00+00:00,66.73,day_ahead
2025-03-15 11:00:00+00:00,57.22,day_ahead
2025-03-15 12:00:00+00:00,48.0,day_ahead
2025-03-15 13:00:00+00:00,54.51,day_ahead
2025-03-15 14:00:00+00:00,64.63,day_ahead
2025-03-15 15:00:00+00:00,79.76,day_ahead
2025-03-15 16:00:00+00:00,115.65,day_ahead
2025-03-15 17:00:00+00:00,127.48,day_ahead
2025-03-15 18:00:00+00:00,132.96,day_ahead
2025-03-15 19:00:00+00:00,121.46,day_ahead
2025-03-15 20:00:00+00:00,108.5,day_ahead
2025-03-15 21:00:00+00:00,105.02,day_ahead
2025-03-15 22:00:00+00:00,95.25,day_ahead
2025-03-15 23:00:00+00:00,90.01,day_ahead
2025-03-16 00:00:00+00:00,85.79,day_ahead
2025-03-16 01:00:00+00:00,79.62,day_ahead
2025-03-16 02:00:00+00:00,78.18,day_ahead
2025-03-16 03:00:00+00:00,78.6,day_ahead
2025-03-16 04:00:00+00:00,80.51,day_ahead
2025-03-16 05:00:00+00:00,85.14,day_ahead
2025-03-16 06:00:00+00:00,82.07,day_ahead
2025-03-16 07:00:00+00:00,77.95,day_ahead
2025-03-16 08:00:00+00:00,57.4,day_ahead
2025-03-16 09:00:00+00:00,24.19,day_ahead
2025-03-16 10:00:00+00:00,-0.77,day_ahead
2025-03-16 11:00:00+00:00,-10.01,day_ahead
2025-03-16 12:00:00+00:00,-3.16,day_ahead
2025-03-16 13:00:00+00:00,0.7,day_ahead
2025-03-16 14:00:00+00:00,31.0,day_ahead
2025-03-16 15:00:00+00:00,70.2,day_ahead
2025-03-16 16:00:00+00:00,111.7,day_ahead
2025-03-16 17:00:00+00:00,127.27,day_ahead
2025-03-16 18:00:00+00:00,140.0,day_ahead
2025-03-16 19:00:00+00:00,118.0,day_ahead
2025-03-16 20:00:00+00:00,99.9,day_ahead
2025-03-16 21:00:00+00:00,92.0,day_ahead
2025-03-16 22:00:00+00:00,80.7,day_ahead
2025-03-16 23:00:00+00:00,104.6,day_ahead
2025-03-17 00:00:00+00:00,106.8,day_ahead
2025-03-17 01:00:00+00:00,96.74,day_ahead
2025-03-17 02:00:00+00:00,80.91,day_ahead
2025-03-17 03:00:00+00:00,85.85,day_ahead
2025-03-17 04:00:00+00:00,103.3,day_ahead
2025-03-17 05:00:00+00:00,135.18,day_ahead
2025-03-17 06:00:00+00:00,152.87,day_ahead
2025-03-17 07:00:00+00:00,126.56,day_ahead
2025-03-17 08:00:00+00:00,87.12,day_ahead
2025-03-17 09:00:00+00:00,54.21,day_ahead
2025-03-17 10:00:00+00:00,30.0,day_ahead
2025-03-17 11:00:00+00:00,-2.0,day_ahead
2025-03-17 13:00:00+00:00,50.0,day_ahead
2025-03-17 14:00:00+00:00,67.12,day_ahead
2025-03-17 15:00:00+00:00,93.92,day_ahead
2025-03-17 16:00:00+00:00,127.87,day_ahead
2025-03-17 17:00:00+00:00,156.65,day_ahead
2025-03-17 18:00:00+00:00,170.0,day_ahead
2025-03-17 19:00:00+00:00,141.5,day_ahead
2025-03-17 20:00:00+00:00,113.53,day_ahead
2025-03-17 21:00:00+00:00,106.45,day_ahead
2025-03-17 22:00:00+00:00,93.5,day_ahead
2025-03-17 23:00:00+00:00,92.2,day_ahead
2025-03-18 00:00:00+00:00,89.99,day_ahead
2025-03-18 01:00:00+00:00,91.4,day_ahead
2025-03-18 02:00:00+00:00,87.23,day_ahead
2025-03-18 03:00:00+00:00,91.24,day_ahead
2025-03-18 04:00:00+00:00,103.73,day_ahead
2025-03-18 05:00:00+00:00,132.52,day_ahead
2025-03-18 06:00:00+00:00,136.68,day_ahead
2025-03-18 07:00:00+00:00,106.01,day_ahead
2025-03-18 08:00:00+00:00,71.53,day_ahead
2025-03-18 09:00:00+00:00,21.23,day_ahead
2025-03-18 10:00:00+00:00,-5.13,day_ahead
2025-03-18 11:00:00+00:00,-11.68,day_ahead
2025-03-18 12:00:00+00:00,-2.61,day_ahead
2025-03-18 13:00:00+00:00,5.29,day_ahead
2025-03-18 14:00:00+00:00,43.23,day_ahead
2025-03-18 15:00:00+00:00,82.71,day_ahead
2025-03-18 16:00:00+00:00,124.28,day_ahead
2025-03-18 17:00:00+00:00,149.97,day_ahead
2025-03-18 18:00:00+00:00,159.73,day_ahead
2025-03-18 19:00:00+00:00,141.49,day_ahead
2025-03-18 20:00:00+00:00,117.67,day_ahead
2025-03-18 21:00:00+00:00,107.37,day_ahead
2025-03-18 22:00:00+00:00,100.42,day_ahead
2025-03-18 23:00:00+00:00,98.68,day_ahead
2025-03-19 00:00:00+00:00,94.37,day_ahead
2025-03-19 01:00:00+00:00,94.9,day_ahead
2025-03-19 02:00:00+00:00,96.1,day_ahead
2025-03-19 03:00:00+00:00,99.68,day_ahead
2025-03-19 04:00:00+00:00,109.87,day_ahead
2025-03-19 05:00:00+00:00,145.37,day_ahead
2025-03-19 06:00:00+00:00,146.21,day_ahead
2025-03-19 07:00:00+00:00,108.14,day_ahead
2025-03-19 08:00:00+00:00,75.95,day_ahead
2025-03-19 09:00:00+00:00,25.87,day_ahead
2025-03-19 10:00:00+00:00,0.03,day_ahead
2025-03-19 11:00:00+00:00,-0.64,day_ahead
2025-03-19 12:00:00+00:00,-0.18,day_ahead
2025-03-19 13:00:00+00:00,1.11,day_ahead
2025-03-19 14:00:00+00:00,59.82,day_ahead
2025-03-19 15:00:00+00:00,99.29,day_ahead
2025-03-19 16:00:00+00:00,136.97,day_ahead
2025-03-19 17:00:00+00:00,225.81,day_ahead
2025-03-19 18:00:00+00:00,209.83,day_ahead
2025-03-19 19:00:00+00:00,164.4,day_ahead
2025-03-19 20:00:00+00:00,129.46,day_ahead
2025-03-19 21:00:00+00:00,117.39,day_ahead
2025-03-19 22:00:00+00:00,106.44,day_ahead
2025-03-19 23:00:00+00:00,108.74,day_ahead
2025-03-20 00:00:00+00:00,95.11,day_ahead
2025-03-20 01:00:00+00:00,93.69,day_ahead
2025-03-20 02:00:00+00:00,93.0,day_ahead
2025-03-20 03:00:00+00:00,91.37,day_ahead
2025-03-20 04:00:00+00:00,109.0,day_ahead
2025-03-20 05:00:00+00:00,132.24,day_ahead
2025-03-20 06:00:00+00:00,135.15,day_ahead
2025-03-20 07:00:00+00:00,99.06,day_ahead
2025-03-20 08:00:00+00:00,75.0,day_ahead
2025-03-20 09:00:00+00:00,34.97,day_ahead
2025-03-20 10:00:00+00:00,3.42,day_ahead
2025-03-20 11:00:00+00:00,0.43,day_ahead
2025-03-20 12:00:00+00:00,0.65,day_ahead
2025-03-20 13:00:00+00:00,14.56,day_ahead
2025-03-20 14:00:00+00:00,68.25,day_ahead
2025-03-20 15:00:00+00:00,104.8,day_ahead
2025-03-20 16:00:00+00:00,138.13,day_ahead
2025-03-20 17:00:00+00:00,246.89,day_ahead
2025-03-20 18:00:00+00:00,230.35,day_ahead
2025-03-20 19:00:00+00:00,153.39,day_ahead
2025-03-20 20:00:00+00:00,126.07,day_ahead
2025-03-20 21:00:00+00:00,110.71,day_ahead
2025-03-20 22:00:00+00:00,106.64,day_ahead
2025-03-20 23:00:00+00:00,108.01,day_ahead
2025-03-21 00:00:00+00:00,100.1,day_ahead
2025-03-21 01:00:00+00:00,97.5,day_ahead
2025-03-21 02:00:00+00:00,93.38,day_ahead
2025-03-21 03:00:00+00:00,90.28,day_ahead
2025-03-21 04:00:00+00:00,104.49,day_ahead
2025-03-21 05:00:00+00:00,125.65,day_ahead
2025-03-21 06:00:00+00:00,132.12,day_ahead
2025-03-21 07:00:00+00:00,99.21,day_ahead
2025-03-21 08:00:00+00:00,68.8,day_ahead
2025-03-21 09:00:00+00:00,40.49,day_ahead
2025-03-21 10:00:00+00:00,6.4,day_ahead
2025-03-21 11:00:00+00:00,-2.0,day_ahead
2025-03-21 14:00:00+00:00,-1.59,day_ahead
2025-03-21 15:00:00+00:00,42.93,day_ahead
2025-03-21 16:00:00+00:00,89.73,day_ahead
2025-03-21 17:00:00+00:00,111.5,day_ahead
2025-03-21 18:00:00+00:00,82.0,day_ahead
2025-03-21 19:00:00+00:00,68.42,day_ahead
2025-03-21 20:00:00+00:00,45.69,day_ahead
2025-03-21 21:00:00+00:00,29.23,day_ahead
2025-03-21 22:00:00+00:00,21.08,day_ahead
2025-03-21 23:00:00+00:00,26.93,day_ahead
2025-03-22 00:00:00+00:00,13.87,day_ahead
2025-03-22 01:00:00+00:00,10.71,day_ahead
2025-03-22 02:00:00+00:00,8.4,day_ahead
2025-03-22 03:00:00+00:00,11.17,day_ahead
2025-03-22 04:00:00+00:00,13.53,day_ahead
2025-03-22 05:00:00+00:00,13.07,day_ahead
2025-03-22 06:00:00+00:00,19.88,day_ahead
2025-03-22 07:00:00+00:00,3.11,day_ahead
2025-03-22 08:00:00+00:00,0.0,day_ahead
2025-03-22 09:00:00+00:00,-2.0,day_ahead
2025-03-22 10:00:00+00:00,-6.0,day_ahead
2025-03-22 11:00:00+00:00,-16.84,day_ahead
2025-03-22 12:00:00+00:00,-12.0,day_ahead
2025-03-22 13:00:00+00:00,-6.79,day_ahead
2025-03-22 14:00:00+00:00,-1.51,day_ahead
2025-03-22 15:00:00+00:00,40.0,day_ahead
2025-03-22 16:00:00+00:00,126.75,day_ahead
2025-03-22 17:00:00+00:00,154.0,day_ahead
2025-03-22 18:00:00+00:00,156.0,day_ahead
2025-03-22 19:00:00+00:00,108.3,day_ahead
2025-03-22 20:00:00+00:00,99.9,day_ahead
2025-03-22 21:00:00+00:00,100.1,day_ahead
2025-03-22 22:00:00+00:00,98.0,day_ahead
2025-03-22 23:00:00+00:00,91.0,day_ahead
2025-03-23 00:00:00+00:00,80.0,day_ahead
2025-03-23 01:00:00+00:00,90.0,day_ahead
2025-03-23 02:00:00+00:00,92.81,day_ahead
2025-03-23 03:00:00+00:00,92.79,day_ahead
2025-03-23 04:00:00+00:00,90.0,day_ahead
2025-03-23 05:00:00+00:00,94.0,day_ahead
2025-03-23 06:00:00+00:00,101.91,day_ahead
2025-03-23 07:00:00+00:00,79.73,day_ahead
2025-03-23 08:00:00+00:00,23.14,day_ahead
2025-03-23 09:00:00+00:00,13.78,day_ahead
2025-03-23 10:00:00+00:00,9.6,day_ahead
2025-03-23 11:00:00+00:00,13.49,day_ahead
2025-03-23 12:00:00+00:00,5.01,day_ahead
2025-03-23 13:00:00+00:00,11.46,day_ahead
2025-03-23 14:00:00+00:00,41.77,day_ahead
2025-03-23 15:00:00+00:00,93.52,day_ahead
2025-03-23 16:00:00+00:00,117.08,day_ahead
2025-03-23 17:00:00+00:00,140.0,day_ahead
2025-03-23 18:00:00+00:00,140.96,day_ahead
2025-03-23 19:00:00+00:00,139.7,day_ahead
2025-03-23 20:00:00+00:00,128.12,day_ahead
2025-03-23 21:00:00+00:00,123.52,day_ahead
2025-03-23 22:00:00+00:00,114.24,day_ahead
2025-03-23 23:00:00+00:00,108.5,day_ahead
2025-03-24 00:00:00+00:00,102.81,day_ahead
2025-03-24 01:00:00+00:00,99.11,day_ahead
2025-03-24 02:00:00+00:00,96.3,day_ahead
2025-03-24 03:00:00+00:00,98.64,day_ahead
2025-03-24 04:00:00+00:00,114.9,day_ahead
2025-03-24 05:00:00+00:00,137.41,day_ahead
2025-03-24 06:00:00+00:00,161.62,day_ahead
2025-03-24 07:00:00+00:00,159.09,day_ahead
2025-03-24 08:00:00+00:00,132.84,day_ahead
2025-03-24 09:00:00+00:00,110.25,day_ahead
2025-03-24 10:00:00+00:00,101.16,day_ahead
2025-03-24 11:00:00+00:00,94.43,day_ahead
2025-03-24 12:00:00+00:00,91.5,day_ahead
2025-03-24 13:00:00+00:00,92.91,day_ahead
2025-03-24 14:00:00+00:00,99.59,day_ahead
2025-03-24 15:00:00+00:00,119.91,day_ahead
2025-03-24 16:00:00+00:00,146.43,day_ahead
2025-03-24 17:00:00+00:00,200.61,day_ahead
2025-03-24 18:00:00+00:00,190.85,day_ahead
2025-03-24 19:00:00+00:00,161.3,day_ahead
2025-03-24 20:00:00+00:00,135.78,day_ahead
2025-03-24 21:00:00+00:00,122.96,day_ahead
2025-03-24 22:00:00+00:00,113.3,day_ahead
2025-03-24 23:00:00+00:00,100.62,day_ahead
2025-03-25 00:00:00+00:00,99.0,day_ahead
2025-03-25 01:00:00+00:00,97.15,day_ahead
2025-03-25 02:00:00+00:00,96.4,day_ahead
2025-03-25 03:00:00+00:00,95.64,day_ahead
2025-03-25 04:00:00+00:00,101.6,day_ahead
2025-03-25 05:00:00+00:00,127.85,day_ahead
2025-03-25 06:00:00+00:00,139.1,day_ahead
2025-03-25 07:00:00+00:00,130.06,day_ahead
2025-03-25 08:00:00+00:00,106.04,day_ahead
2025-03-25 09:00:00+00:00,90.65,day_ahead
2025-03-25 10:00:00+00:00,78.19,day_ahead
2025-03-25 11:00:00+00:00,68.61,day_ahead
2025-03-25 12:00:00+00:00,68.29,day_ahead
2025-03-25 13:00:00+00:00,77.43,day_ahead
2025-03-25 14:00:00+00:00,88.82,day_ahead
2025-03-25 15:00:00+00:00,101.89,day_ahead
2025-03-25 16:00:00+00:00,130.98,day_ahead
2025-03-25 17:00:00+00:00,154.56,day_ahead
2025-03-25 18:00:00+00:00,165.4,day_ahead
2025-03-25 19:00:00+00:00,148.6,day_ahead
2025-03-25 20:00:00+00:00,122.5,day_ahead
2025-03-25 21:00:00+00:00,113.45,day_ahead
2025-03-25 22:00:00+00:00,102.05,day_ahead
2025-03-25 23:00:00+00:00,101.02,day_ahead
2025-03-26 00:00:00+00:00,97.95,day_ahead
2025-03-26 01:00:00+00:00,97.34,day_ahead
2025-03-26 02:00:00+00:00,97.39,day_ahead
2025-03-26 03:00:00+00:00,95.72,day_ahead
2025-03-26 04:00:00+00:00,96.97,day_ahead
2025-03-26 05:00:00+00:00,124.47,day_ahead
2025-03-26 06:00:00+00:00,139.46,day_ahead
2025-03-26 07:00:00+00:00,136.44,day_ahead
2025-03-26 08:00:00+00:00,111.03,day_ahead
2025-03-26 09:00:00+00:00,98.99,day_ahead
2025-03-26 10:00:00+00:00,95.13,day_ahead
2025-03-26 11:00:00+00:00,94.17,day_ahead
2025-03-26 12:00:00+00:00,83.57,day_ahead
2025-03-26 13:00:00+00:00,88.0,day_ahead
2025-03-26 14:00:00+00:00,91.17,day_ahead
2025-03-26 15:00:00+00:00,99.05,day_ahead
2025-03-26 16:00:00+00:00,129.63,day_ahead
2025-03-26 17:00:00+00:00,157.32,day_ahead
2025-03-26 18:00:00+00:00,167.56,day_ahead
2025-03-26 19:00:00+00:00,150.0,day_ahead
2025-03-26 20:00:00+00:00,126.33,day_ahead
2025-03-26 21:00:00+00:00,117.48,day_ahead
2025-03-26 22:00:00+00:00,106.89,day_ahead
2025-03-26 23:00:00+00:00,103.91,day_ahead
2025-03-27 00:00:00+00:00,97.39,day_ahead
2025-03-27 01:00:00+00:00,96.61,day_ahead
2025-03-27 02:00:00+00:00,95.84,day_ahead
2025-03-27 03:00:00+00:00,92.16,day_ahead
2025-03-27 04:00:00+00:00,102.01,day_ahead
2025-03-27 05:00:00+00:00,125.05,day_ahead
2025-03-27 06:00:00+00:00,137.79,day_ahead
2025-03-27 07:00:00+00:00,123.5,day_ahead
2025-03-27 08:00:00+00:00,89.92,day_ahead
2025-03-27 09:00:00+00:00,70.78,day_ahead
2025-03-27 10:00:00+00:00,44.9,day_ahead
2025-03-27 11:00:00+00:00,12.0,day_ahead
2025-03-27 12:00:00+00:00,4.12,day_ahead
2025-03-27 13:00:00+00:00,29.03,day_ahead
2025-03-27 14:00:00+00:00,68.8,day_ahead
2025-03-27 15:00:00+00:00,87.08,day_ahead
2025-03-27 16:00:00+00:00,116.62,day_ahead
2025-03-27 17:00:00+00:00,151.07,day_ahead
2025-03-27 18:00:00+00:00,167.44,day_ahead
2025-03-27 19:00:00+00:00,140.71,day_ahead
2025-03-27 20:00:00+00:00,122.74,day_ahead
2025-03-27 21:00:00+00:00,111.6,day_ahead
2025-03-27 22:00:00+00:00,99.58,day_ahead
2025-03-27 23:00:00+00:00,85.21,day_ahead
2025-03-28 00:00:00+00:00,79.05,day_ahead
2025-03-28 01:00:00+00:00,78.99,day_ahead
2025-03-28 02:00:00+00:00,77.89,day_ahead
2025-03-28 03:00:00+00:00,78.47,day_ahead
2025-03-28 04:00:00+00:00,92.34,day_ahead
2025-03-28 05:00:00+00:00,122.8,day_ahead
2025-03-28 06:00:00+00:00,122.2,day_ahead
2025-03-28 07:00:00+00:00,102.08,day_ahead
2025-03-28 08:00:00+00:00,71.6,day_ahead
2025-03-28 09:00:00+00:00,20.47,day_ahead
2025-03-28 10:00:00+00:00,-2.0,day_ahead
2025-03-28 12:00:00+00:00,-0.03,day_ahead
2025-03-28 13:00:00+00:00,13.43,day_ahead
2025-03-28 14:00:00+00:00,66.41,day_ahead
2025-03-28 15:00:00+00:00,99.85,day_ahead
2025-03-28 16:00:00+00:00,120.84,day_ahead
2025-03-28 17:00:00+00:00,153.59,day_ahead
2025-03-28 18:00:00+00:00,158.28,day_ahead
2025-03-28 19:00:00+00:00,143.18,day_ahead
2025-03-28 20:00:00+00:00,118.6,day_ahead
2025-03-28 21:00:00+00:00,112.5,day_ahead
2025-03-28 22:00:00+00:00,107.34,day_ahead
2025-03-28 23:00:00+00:00,104.32,day_ahead
2025-03-29 00:00:00+00:00,96.17,day_ahead
2025-03-29 01:00:00+00:00,89.1,day_ahead
2025-03-29 02:00:00+00:00,88.04,day_ahead
2025-03-29 03:00:00+00:00,89.27,day_ahead
2025-03-29 04:00:00+00:00,87.07,day_ahead
2025-03-29 05:00:00+00:00,91.0,day_ahead
2025-03-29 06:00:00+00:00,92.93,day_ahead
2025-03-29 07:00:00+00:00,85.67,day_ahead
2025-03-29 08:00:00+00:00,70.62,day_ahead
2025-03-29 09:00:00+00:00,59.25,day_ahead
2025-03-29 10:00:00+00:00,59.46,day_ahead
2025-03-29 11:00:00+00:00,59.92,day_ahead
2025-03-29 12:00:00+00:00,0.88,day_ahead
2025-03-29 13:00:00+00:00,2.34,day_ahead
2025-03-29 14:00:00+00:00,23.64,day_ahead
2025-03-29 15:00:00+00:00,58.0,day_ahead
2025-03-29 16:00:00+00:00,90.49,day_ahead
2025-03-29 17:00:00+00:00,136.7,day_ahead
2025-03-29 18:00:00+00:00,143.96,day_ahead
2025-03-29 19:00:00+00:00,114.77,day_ahead
2025-03-29 20:00:00+00:00,93.81,day_ahead
2025-03-29 21:00:00+00:00,76.65,day_ahead
2025-03-29 22:00:00+00:00,61.95,day_ahead
2025-03-29 23:00:00+00:00,17.5,day_ahead
2025-03-30 00:00:00+00:00,12.2,day_ahead
2025-03-30 01:00:00+00:00,2.31,day_ahead
2025-03-30 02:00:00+00:00,1.2,day_ahead
2025-03-30 03:00:00+00:00,0.09,day_ahead
2025-03-30 04:00:00+00:00,0.0,day_ahead
2025-03-30 05:00:00+00:00,-0.03,day_ahead
2025-03-30 06:00:00+00:00,-0.01,day_ahead
2025-03-30 07:00:00+00:00,-0.04,day_ahead
2025-03-30 08:00:00+00:00,-3.47,day_ahead
2025-03-30 09:00:00+00:00,-15.0,day_ahead
2025-03-30 10:00:00+00:00,-33.0,day_ahead
2025-03-30 13:00:00+00:00,-15.34,day_ahead
2025-03-30 14:00:00+00:00,-4.01,day_ahead
2025-03-30 15:00:00+00:00,0.07,day_ahead
2025-03-30 16:00:00+00:00,14.41,day_ahead
2025-03-30 17:00:00+00:00,60.83,day_ahead
2025-03-30 18:00:00+00:00,62.7,day_ahead
2025-03-30 19:00:00+00:00,65.0,day_ahead
2025-03-30 20:00:00+00:00,61.71,day_ahead
2025-03-30 21:00:00+00:00,56.44,day_ahead
2025-03-30 22:00:00+00:00,65.41,day_ahead
2025-03-30 23:00:00+00:00,63.25,day_ahead
2025-03-31 00:00:00+00:00,64.41,day_ahead
2025-03-31 01:00:00+00:00,67.22,day_ahead
2025-03-31 02:00:00+00:00,68.97,day_ahead
2025-03-31 03:00:00+00:00,88.0,day_ahead
2025-03-31 04:00:00+00:00,104.9,day_ahead
2025-03-31 05:00:00+00:00,142.67,day_ahead
2025-03-31 06:00:00+00:00,174.16,day_ahead
2025-03-31 07:00:00+00:00,118.63,day_ahead
2025-03-31 08:00:00+00:00,99.35,day_ahead
2025-03-31 09:00:00+00:00,74.76,day_ahead
2025-03-31 10:00:00+00:00,25.0,day_ahead
2025-03-31 11:00:00+00:00,-3.0,day_ahead
2025-03-31 13:00:00+00:00,49.9,day_ahead
2025-03-31 14:00:00+00:00,63.31,day_ahead
2025-03-31 15:00:00+00:00,87.27,day_ahead
2025-03-31 16:00:00+00:00,116.65,day_ahead
2025-03-31 17:00:00+00:00,166.5,day_ahead
2025-03-31 18:00:00+00:00,168.67,day_ahead
2025-03-31 19:00:00+00:00,129.71,day_ahead
2025-03-31 20:00:00+00:00,112.54,day_ahead
2025-03-31 21:00:00+00:00,101.3,day_ahead
2025-03-31 22:00:00+00:00,100.36,day_ahead
2025-03-31 23:00:00+00:00,93.07,day_ahead
2025-04-01 00:00:00+00:00,90.84,day_ahead
2025-04-01 01:00:00+00:00,90.5,day_ahead
2025-04-01 02:00:00+00:00,88.71,day_ahead
2025-04-01 03:00:00+00:00,97.55,day_ahead
2025-04-01 04:00:00+00:00,121.83,day_ahead
2025-04-01 05:00:00+00:00,175.74,day_ahead
2025-04-01 06:00:00+00:00,159.37,day_ahead
2025-04-01 07:00:00+00:00,106.42,day_ahead
2025-04-01 08:00:00+00:00,77.5,day_ahead
2025-04-01 09:00:00+00:00,52.72,day_ahead
2025-04-01 10:00:00+00:00,10.0,day_ahead
2025-04-01 11:00:00+00:00,-20.0,day_ahead
2025-04-01 12:00:00+00:00,-30.0,day_ahead
2025-04-01 13:00:00+00:00,-3.0,day_ahead
2025-04-01 14:00:00+00:00,41.1,day_ahead
2025-04-01 15:00:00+00:00,68.67,day_ahead
2025-04-01 16:00:00+00:00,105.78,day_ahead
2025-04-01 17:00:00+00:00,139.72,day_ahead
2025-04-01 18:00:00+00:00,131.18,day_ahead
2025-04-01 19:00:00+00:00,104.26,day_ahead
2025-04-01 20:00:00+00:00,92.67,day_ahead
2025-04-01 21:00:00+00:00,77.65,day_ahead
2025-04-01 22:00:00+00:00,65.63,day_ahead
2025-04-01 23:00:00+00:00,63.04,day_ahead
2025-04-02 00:00:00+00:00,62.75,day_ahead
2025-04-02 01:00:00+00:00,63.52,day_ahead
2025-04-02 02:00:00+00:00,64.13,day_ahead
2025-04-02 03:00:00+00:00,77.41,day_ahead
2025-04-02 04:00:00+00:00,107.62,day_ahead
2025-04-02 05:00:00+00:00,145.0,day_ahead
2025-04-02 06:00:00+00:00,122.96,day_ahead
2025-04-02 07:00:00+00:00,79.7,day_ahead
2025-04-02 08:00:00+00:00,41.35,day_ahead
2025-04-02 09:00:00+00:00,-9.9,day_ahead
2025-04-02 10:00:00+00:00,-30.0,day_ahead
2025-04-02 11:00:00+00:00,-50.0,day_ahead
2025-04-02 12:00:00+00:00,-54.0,day_ahead
2025-04-02 13:00:00+00:00,-48.01,day_ahead
2025-04-02 14:00:00+00:00,-25.37,day_ahead
2025-04-02 15:00:00+00:00,-0.01,day_ahead
2025-04-02 16:00:00+00:00,76.58,day_ahead
2025-04-02 17:00:00+00:00,114.0,day_ahead
2025-04-02 19:00:00+00:00,96.07,day_ahead
2025-04-02 20:00:00+00:00,82.63,day_ahead
2025-04-02 21:00:00+00:00,71.43,day_ahead
2025-04-02 22:00:00+00:00,62.83,day_ahead
2025-04-02 23:00:00+00:00,59.2,day_ahead
2025-04-03 00:00:00+00:00,58.7,day_ahead
2025-04-03 01:00:00+00:00,59.49,day_ahead
2025-04-03 02:00:00+00:00,61.36,day_ahead
2025-04-03 03:00:00+00:00,75.0,day_ahead
2025-04-03 04:00:00+00:00,118.9,day_ahead
2025-04-03 05:00:00+00:00,153.81,day_ahead
2025-04-03 06:00:00+00:00,133.3,day_ahead
2025-04-03 07:00:00+00:00,79.11,day_ahead
2025-04-03 08:00:00+00:00,37.37,day_ahead
2025-04-03 09:00:00+00:00,-0.16,day_ahead
2025-04-03 10:00:00+00:00,-2.0,day_ahead
2025-04-03 11:00:00+00:00,-14.6,day_ahead
2025-04-03 12:00:00+00:00,-9.82,day_ahead
2025-04-03 13:00:00+00:00,-1.59,day_ahead
2025-04-03 14:00:00+00:00,0.08,day_ahead
2025-04-03 15:00:00+00:00,68.83,day_ahead
2025-04-03 16:00:00+00:00,130.36,day_ahead
2025-04-03 17:00:00+00:00,160.91,day_ahead
2025-04-03 18:00:00+00:00,153.31,day_ahead
2025-04-03 19:00:00+00:00,131.47,day_ahead
2025-04-03 20:00:00+00:00,111.37,day_ahead
2025-04-03 21:00:00+00:00,102.68,day_ahead
2025-04-03 22:00:00+00:00,104.97,day_ahead
2025-04-03 23:00:00+00:00,98.88,day_ahead
2025-04-04 00:00:00+00:00,98.87,day_ahead
2025-04-04 01:00:00+00:00,98.95,day_ahead
2025-04-04 02:00:00+00:00,100.3,day_ahead
2025-04-04 03:00:00+00:00,105.37,day_ahead
2025-04-04 04:00:00+00:00,135.16,day_ahead
2025-04-04 05:00:00+00:00,166.83,day_ahead
2025-04-04 06:00:00+00:00,136.73,day_ahead
2025-04-04 07:00:00+00:00,94.48,day_ahead
2025-04-04 08:00:00+00:00,60.91,day_ahead
2025-04-04 09:00:00+00:00,7.82,day_ahead
2025-04-04 10:00:00+00:00,0.0,day_ahead
2025-04-04 11:00:00+00:00,-2.27,day_ahead
2025-04-04 12:00:00+00:00,-2.14,day_ahead
2025-04-04 13:00:00+00:00,-0.11,day_ahead
2025-04-04 14:00:00+00:00,24.78,day_ahead
2025-04-04 15:00:00+00:00,70.73,day_ahead
2025-04-04 16:00:00+00:00,111.03,day_ahead
2025-04-04 17:00:00+00:00,132.99,day_ahead
2025-04-04 18:00:00+00:00,140.06,day_ahead
2025-04-04 19:00:00+00:00,109.0,day_ahead
2025-04-04 20:00:00+00:00,98.1,day_ahead
2025-04-04 21:00:00+00:00,91.06,day_ahead
2025-04-04 22:00:00+00:00,98.8,day_ahead
2025-04-04 23:00:00+00:00,94.27,day_ahead
2025-04-05 00:00:00+00:00,92.43,day_ahead
2025-04-05 01:00:00+00:00,92.15,day_ahead
2025-04-05 02:00:00+00:00,90.38,day_ahead
2025-04-05 03:00:00+00:00,89.31,day_ahead
2025-04-05 04:00:00+00:00,92.49,day_ahead
2025-04-05 05:00:00+00:00,98.6,day_ahead
2025-04-05 06:00:00+00:00,93.75,day_ahead
2025-04-05 07:00:00+00:00,55.85,day_ahead
2025-04-05 08:00:00+00:00,0.66,day_ahead
2025-04-05 09:00:00+00:00,-2.0,day_ahead
2025-04-05 10:00:00+00:00,-60.0,day_ahead
2025-04-05 11:00:00+00:00,-54.71,day_ahead
2025-04-05 12:00:00+00:00,-52.88,day_ahead
2025-04-05 13:00:00+00:00,-29.9,day_ahead
2025-04-05 14:00:00+00:00,-4.23,day_ahead
2025-04-05 15:00:00+00:00,0.27,day_ahead
2025-04-05 16:00:00+00:00,64.51,day_ahead
2025-04-05 17:00:00+00:00,98.3,day_ahead
2025-04-05 18:00:00+00:00,100.0,day_ahead
2025-04-05 19:00:00+00:00,84.36,day_ahead
2025-04-05 20:00:00+00:00,78.99,day_ahead
2025-04-05 21:00:00+00:00,68.75,day_ahead
2025-04-05 22:00:00+00:00,70.45,day_ahead
2025-04-05 23:00:00+00:00,61.0,day_ahead
2025-04-06 00:00:00+00:00,60.22,day_ahead
2025-04-06 01:00:00+00:00,64.53,day_ahead
2025-04-06 02:00:00+00:00,65.91,day_ahead
2025-04-06 03:00:00+00:00,72.78,day_ahead
2025-04-06 04:00:00+00:00,73.39,day_ahead
2025-04-06 05:00:00+00:00,75.0,day_ahead
2025-04-06 06:00:00+00:00,40.52,day_ahead
2025-04-06 07:00:00+00:00,0.1,day_ahead
2025-04-06 08:00:00+00:00,-2.0,day_ahead
2025-04-06 09:00:00+00:00,-27.54,day_ahead
2025-04-06 10:00:00+00:00,-60.0,day_ahead
2025-04-06 11:00:00+00:00,-106.24,day_ahead
2025-04-06 12:00:00+00:00,-114.54,day_ahead
2025-04-06 13:00:00+00:00,-69.88,day_ahead
2025-04-06 14:00:00+00:00,-18.94,day_ahead
2025-04-06 15:00:00+00:00,1.62,day_ahead
2025-04-06 16:00:00+00:00,96.58,day_ahead
2025-04-06 17:00:00+00:00,120.25,day_ahead
2025-04-06 18:00:00+00:00,128.01,day_ahead
2025-04-06 19:00:00+00:00,117.15,day_ahead
2025-04-06 20:00:00+00:00,108.19,day_ahead
2025-04-06 21:00:00+00:00,97.38,day_ahead
2025-04-06 22:00:00+00:00,83.64,day_ahead
2025-04-06 23:00:00+00:00,81.66,day_ahead
2025-04-07 00:00:00+00:00,78.69,day_ahead
2025-04-07 01:00:00+00:00,79.97,day_ahead
2025-04-07 02:00:00+00:00,82.8,day_ahead
2025-04-07 03:00:00+00:00,93.45,day_ahead
2025-04-07 04:00:00+00:00,124.04,day_ahead
2025-04-07 05:00:00+00:00,179.14,day_ahead
2025-04-07 06:00:00+00:00,144.61,day_ahead
2025-04-07 07:00:00+00:00,105.1,day_ahead
2025-04-07 08:00:00+00:00,79.03,day_ahead
2025-04-07 09:00:00+00:00,60.85,day_ahead
2025-04-07 10:00:00+00:00,11.8,day_ahead
2025-04-07 11:00:00+00:00,2.19,day_ahead
2025-04-07 12:00:00+00:00,2.2,day_ahead
2025-04-07 13:00:00+00:00,54.53,day_ahead
2025-04-07 14:00:00+00:00,62.61,day_ahead
2025-04-07 15:00:00+00:00,92.54,day_ahead
2025-04-07 16:00:00+00:00,115.74,day_ahead
2025-04-07 17:00:00+00:00,151.0,day_ahead
2025-04-07 18:00:00+00:00,152.26,day_ahead
2025-04-07 19:00:00+00:00,137.97,day_ahead
2025-04-07 20:00:00+00:00,107.5,day_ahead
2025-04-07 21:00:00+00:00,104.45,day_ahead
2025-04-07 22:00:00+00:00,81.78,day_ahead
2025-04-07 23:00:00+00:00,84.14,day_ahead
2025-04-08 00:00:00+00:00,80.42,day_ahead
2025-04-08 01:00:00+00:00,79.53,day_ahead
2025-04-08 02:00:00+00:00,84.11,day_ahead
2025-04-08 03:00:00+00:00,91.6,day_ahead
2025-04-08 04:00:00+00:00,132.0,day_ahead
2025-04-08 05:00:00+00:00,165.3,day_ahead
2025-04-08 06:00:00+00:00,136.77,day_ahead
2025-04-08 07:00:00+00:00,91.26,day_ahead
2025-04-08 08:00:00+00:00,72.12,day_ahead
2025-04-08 09:00:00+00:00,52.78,day_ahead
2025-04-08 10:00:00+00:00,18.36,day_ahead
2025-04-08 11:00:00+00:00,14.12,day_ahead
2025-04-08 12:00:00+00:00,22.67,day_ahead
2025-04-08 13:00:00+00:00,45.94,day_ahead
2025-04-08 14:00:00+00:00,63.05,day_ahead
2025-04-08 15:00:00+00:00,81.55,day_ahead
2025-04-08 16:00:00+00:00,109.01,day_ahead
2025-04-08 17:00:00+00:00,135.71,day_ahead
2025-04-08 18:00:00+00:00,167.37,day_ahead
2025-04-08 19:00:00+00:00,137.58,day_ahead
2025-04-08 20:00:00+00:00,115.35,day_ahead
2025-04-08 21:00:00+00:00,97.2,day_ahead
2025-04-08 22:00:00+00:00,95.0,day_ahead
2025-04-08 23:00:00+00:00,85.0,day_ahead
2025-04-09 00:00:00+00:00,85.6,day_ahead
2025-04-09 01:00:00+00:00,84.15,day_ahead
2025-04-09 02:00:00+00:00,86.45,day_ahead
2025-04-09 03:00:00+00:00,95.64,day_ahead
2025-04-09 04:00:00+00:00,123.4,day_ahead
2025-04-09 05:00:00+00:00,153.41,day_ahead
2025-04-09 06:00:00+00:00,128.06,day_ahead
2025-04-09 07:00:00+00:00,95.0,day_ahead
2025-04-09 08:00:00+00:00,77.39,day_ahead
2025-04-09 09:00:00+00:00,50.59,day_ahead
2025-04-09 10:00:00+00:00,11.3,day_ahead
2025-04-09 11:00:00+00:00,0.0,day_ahead
2025-04-09 12:00:00+00:00,-1.59,day_ahead
2025-04-09 13:00:00+00:00,15.0,day_ahead
2025-04-09 14:00:00+00:00,45.79,day_ahead
2025-04-09 15:00:00+00:00,70.92,day_ahead
2025-04-09 16:00:00+00:00,93.51,day_ahead
2025-04-09 17:00:00+00:00,118.89,day_ahead
2025-04-09 18:00:00+00:00,129.19,day_ahead
2025-04-09 19:00:00+00:00,104.17,day_ahead
2025-04-09 20:00:00+00:00,94.8,day_ahead
2025-04-09 21:00:00+00:00,89.51,day_ahead
2025-04-09 22:00:00+00:00,85.0,day_ahead
2025-04-09 23:00:00+00:00,83.95,day_ahead
2025-04-10 01:00:00+00:00,82.64,day_ahead
2025-04-10 02:00:00+00:00,82.24,day_ahead
2025-04-10 03:00:00+00:00,87.82,day_ahead
2025-04-10 04:00:00+00:00,115.69,day_ahead
2025-04-10 05:00:00+00:00,149.04,day_ahead
2025-04-10 06:00:00+00:00,130.59,day_ahead
2025-04-10 07:00:00+00:00,99.43,day_ahead
2025-04-10 08:00:00+00:00,85.71,day_ahead
2025-04-10 09:00:00+00:00,62.59,day_ahead
2025-04-10 10:00:00+00:00,27.02,day_ahead
2025-04-10 11:00:00+00:00,1.67,day_ahead
2025-04-10 12:00:00+00:00,0.06,day_ahead
2025-04-10 13:00:00+00:00,1.0,day_ahead
2025-04-10 14:00:00+00:00,44.83,day_ahead
2025-04-10 15:00:00+00:00,64.89,day_ahead
2025-04-10 16:00:00+00:00,92.13,day_ahead
2025-04-10 17:00:00+00:00,132.0,day_ahead
2025-04-10 18:00:00+00:00,132.31,day_ahead
2025-04-10 19:00:00+00:00,94.7,day_ahead
2025-04-10 20:00:00+00:00,88.45,day_ahead
2025-04-10 21:00:00+00:00,87.13,day_ahead
2025-04-10 22:00:00+00:00,96.0,day_ahead
2025-04-10 23:00:00+00:00,85.1,day_ahead
2025-04-11 00:00:00+00:00,89.0,day_ahead
2025-04-11 01:00:00+00:00,75.3,day_ahead
2025-04-11 02:00:00+00:00,75.0,day_ahead
2025-04-11 03:00:00+00:00,85.1,day_ahead
2025-04-11 04:00:00+00:00,91.92,day_ahead
2025-04-11 05:00:00+00:00,116.08,day_ahead
2025-04-11 06:00:00+00:00,131.18,day_ahead
2025-04-11 07:00:00+00:00,112.0,day_ahead
2025-04-11 08:00:00+00:00,20.05,day_ahead
2025-04-11 09:00:00+00:00,-2.0,day_ahead
2025-04-11 10:00:00+00:00,-5.74,day_ahead
2025-04-11 11:00:00+00:00,-8.82,day_ahead
2025-04-11 12:00:00+00:00,-5.09,day_ahead
2025-04-11 13:00:00+00:00,-0.1,day_ahead
2025-04-11 14:00:00+00:00,-0.48,day_ahead
2025-04-11 15:00:00+00:00,63.44,day_ahead
2025-04-11 16:00:00+00:00,102.7,day_ahead
2025-04-11 17:00:00+00:00,127.3,day_ahead
2025-04-11 18:00:00+00:00,147.45,day_ahead
2025-04-11 19:00:00+00:00,125.0,day_ahead
2025-04-11 20:00:00+00:00,112.71,day_ahead
2025-04-11 21:00:00+00:00,100.64,day_ahead
2025-04-11 22:00:00+00:00,101.93,day_ahead
2025-04-11 23:00:00+00:00,98.43,day_ahead
2025-04-12 00:00:00+00:00,95.38,day_ahead
2025-04-12 01:00:00+00:00,89.09,day_ahead
2025-04-12 02:00:00+00:00,89.13,day_ahead
2025-04-12 03:00:00+00:00,89.11,day_ahead
2025-04-12 04:00:00+00:00,93.51,day_ahead
2025-04-12 05:00:00+00:00,90.13,day_ahead
2025-04-12 06:00:00+00:00,90.29,day_ahead
2025-04-12 07:00:00+00:00,62.04,day_ahead
2025-04-12 08:00:00+00:00,20.19,day_ahead
2025-04-12 09:00:00+00:00,0.0,day_ahead
2025-04-12 10:00:00+00:00,-18.55,day_ahead
2025-04-12 11:00:00+00:00,-51.54,day_ahead
2025-04-12 12:00:00+00:00,-63.79,day_ahead
2025-04-12 13:00:00+00:00,-31.31,day_ahead
2025-04-12 14:00:00+00:00,-0.06,day_ahead
2025-04-12 15:00:00+00:00,53.34,day_ahead
2025-04-12 16:00:00+00:00,98.85,day_ahead
2025-04-12 17:00:00+00:00,134.2,day_ahead
2025-04-12 18:00:00+00:00,117.46,day_ahead
2025-04-12 19:00:00+00:00,89.24,day_ahead
2025-04-12 20:00:00+00:00,82.0,day_ahead
2025-04-12 21:00:00+00:00,69.9,day_ahead
2025-04-12 22:00:00+00:00,63.99,day_ahead
2025-04-12 23:00:00+00:00,56.0,day_ahead
2025-04-13 00:00:00+00:00,42.36,day_ahead
2025-04-13 01:00:00+00:00,29.5,day_ahead
2025-04-13 02:00:00+00:00,34.9,day_ahead
2025-04-13 04:00:00+00:00,32.25,day_ahead
2025-04-13 05:00:00+00:00,27.75,day_ahead
2025-04-13 06:00:00+00:00,34.5,day_ahead
2025-04-13 07:00:00+00:00,8.43,day_ahead
2025-04-13 08:00:00+00:00,0.0,day_ahead
2025-04-13 09:00:00+00:00,-0.02,day_ahead
2025-04-13 10:00:00+00:00,-2.0,day_ahead
2025-04-13 11:00:00+00:00,-18.84,day_ahead
2025-04-13 12:00:00+00:00,-25.38,day_ahead
2025-04-13 13:00:00+00:00,-9.93,day_ahead
2025-04-13 14:00:00+00:00,-0.01,day_ahead
2025-04-13 15:00:00+00:00,16.35,day_ahead
2025-04-13 16:00:00+00:00,90.02,day_ahead
2025-04-13 17:00:00+00:00,109.57,day_ahead
2025-04-13 18:00:00+00:00,112.74,day_ahead
2025-04-13 19:00:00+00:00,106.96,day_ahead
2025-04-13 20:00:00+00:00,97.65,day_ahead
2025-04-13 21:00:00+00:00,90.0,day_ahead
2025-04-13 22:00:00+00:00,81.61,day_ahead
2025-04-13 23:00:00+00:00,77.99,day_ahead
2025-04-14 00:00:00+00:00,77.51,day_ahead
2025-04-14 01:00:00+00:00,77.55,day_ahead
2025-04-14 02:00:00+00:00,79.25,day_ahead
2025-04-14 03:00:00+00:00,88.68,day_ahead
2025-04-14 04:00:00+00:00,114.59,day_ahead
2025-04-14 05:00:00+00:00,150.52,day_ahead
2025-04-14 06:00:00+00:00,143.7,day_ahead
2025-04-14 07:00:00+00:00,100.06,day_ahead
2025-04-14 08:00:00+00:00,85.1,day_ahead
2025-04-14 09:00:00+00:00,70.0,day_ahead
2025-04-14 10:00:00+00:00,60.84,day_ahead
2025-04-14 11:00:00+00:00,56.56,day_ahead
2025-04-14 12:00:00+00:00,56.52,day_ahead
2025-04-14 13:00:00+00:00,66.44,day_ahead
2025-04-14 14:00:00+00:00,76.56,day_ahead
2025-04-14 15:00:00+00:00,88.88,day_ahead
2025-04-14 16:00:00+00:00,108.3,day_ahead
2025-04-14 17:00:00+00:00,180.0,day_ahead
2025-04-14 18:00:00+00:00,148.66,day_ahead
2025-04-14 19:00:00+00:00,97.81,day_ahead
2025-04-14 20:00:00+00:00,77.69,day_ahead
2025-04-14 21:00:00+00:00,76.0,day_ahead
2025-04-14 22:00:00+00:00,78.9,day_ahead
2025-04-14 23:00:00+00:00,74.0,day_ahead
2025-04-15 00:00:00+00:00,69.9,day_ahead
2025-04-15 01:00:00+00:00,70.0,day_ahead
2025-04-15 02:00:00+00:00,66.3,day_ahead
2025-04-15 03:00:00+00:00,65.0,day_ahead
2025-04-15 04:00:00+00:00,77.38,day_ahead
2025-04-15 05:00:00+00:00,92.6,day_ahead
2025-04-15 06:00:00+00:00,97.0,day_ahead
2025-04-15 07:00:00+00:00,67.97,day_ahead
2025-04-15 08:00:00+00:00,48.93,day_ahead
2025-04-15 09:00:00+00:00,2.92,day_ahead
2025-04-15 10:00:00+00:00,1.57,day_ahead
2025-04-15 11:00:00+00:00,0.0,day_ahead
2025-04-15 12:00:00+00:00,2.71,day_ahead
2025-04-15 13:00:00+00:00,44.86,day_ahead
2025-04-15 14:00:00+00:00,78.0,day_ahead
2025-04-15 15:00:00+00:00,92.0,day_ahead
2025-04-15 16:00:00+00:00,100.37,day_ahead
2025-04-15 17:00:00+00:00,125.88,day_ahead
2025-04-15 18:00:00+00:00,133.17,day_ahead
2025-04-15 19:00:00+00:00,105.96,day_ahead
2025-04-15 20:00:00+00:00,96.52,day_ahead
2025-04-15 21:00:00+00:00,88.82,day_ahead
2025-04-15 22:00:00+00:00,85.4,day_ahead
2025-04-15 23:00:00+00:00,78.48,day_ahead
2025-04-16 00:00:00+00:00,78.3,day_ahead
2025-04-16 01:00:00+00:00,70.57,day_ahead
2025-04-16 02:00:00+00:00,69.97,day_ahead
2025-04-16 03:00:00+00:00,78.96,day_ahead
2025-04-16 04:00:00+00:00,101.5,day_ahead
2025-04-16 05:00:00+00:00,124.47,day_ahead
2025-04-16 06:00:00+00:00,109.94,day_ahead
2025-04-16 07:00:00+00:00,93.35,day_ahead
2025-04-16 08:00:00+00:00,77.98,day_ahead
2025-04-16 09:00:00+00:00,61.7,day_ahead
2025-04-16 10:00:00+00:00,33.47,day_ahead
2025-04-16 11:00:00+00:00,21.34,day_ahead
2025-04-16 12:00:00+00:00,25.09,day_ahead
2025-04-16 13:00:00+00:00,55.0,day_ahead
2025-04-16 14:00:00+00:00,68.0,day_ahead
2025-04-16 15:00:00+00:00,89.0,day_ahead
2025-04-16 16:00:00+00:00,114.87,day_ahead
2025-04-16 17:00:00+00:00,146.0,day_ahead
2025-04-16 18:00:00+00:00,136.92,day_ahead
2025-04-16 19:00:00+00:00,119.82,day_ahead
2025-04-16 20:00:00+00:00,109.26,day_ahead
2025-04-16 21:00:00+00:00,98.59,day_ahead
2025-04-16 22:00:00+00:00,88.99,day_ahead
2025-04-16 23:00:00+00:00,83.99,day_ahead
2025-04-17 00:00:00+00:00,81.67,day_ahead
2025-04-17 01:00:00+00:00,80.07,day_ahead
2025-04-17 02:00:00+00:00,81.28,day_ahead
2025-04-17 03:00:00+00:00,87.43,day_ahead
2025-04-17 04:00:00+00:00,105.06,day_ahead
2025-04-17 05:00:00+00:00,122.33,day_ahead
2025-04-17 06:00:00+00:00,130.9,day_ahead
2025-04-17 07:00:00+00:00,120.1,day_ahead
2025-04-17 08:00:00+00:00,105.69,day_ahead
2025-04-17 09:00:00+00:00,83.13,day_ahead
2025-04-17 10:00:00+00:00,80.04,day_ahead
2025-04-17 11:00:00+00:00,79.36,day_ahead
2025-04-17 12:00:00+00:00,78.1,day_ahead
2025-04-17 13:00:00+00:00,77.65,day_ahead
2025-04-17 14:00:00+00:00,87.0,day_ahead
2025-04-17 15:00:00+00:00,94.55,day_ahead
2025-04-17 16:00:00+00:00,110.76,day_ahead
2025-04-17 17:00:00+00:00,125.97,day_ahead
2025-04-17 18:00:00+00:00,120.37,day_ahead
2025-04-17 19:00:00+00:00,117.8,day_ahead
2025-04-17 20:00:00+00:00,98.9,day_ahead
2025-04-17 21:00:00+00:00,96.27,day_ahead
2025-04-17 22:00:00+00:00,99.41,day_ahead
2025-04-17 23:00:00+00:00,88.0,day_ahead
2025-04-18 01:00:00+00:00,84.0,day_ahead
2025-04-18 02:00:00+00:00,79.68,day_ahead
2025-04-18 03:00:00+00:00,74.9,day_ahead
2025-04-18 04:00:00+00:00,80.0,day_ahead
2025-04-18 05:00:00+00:00,96.7,day_ahead
2025-04-18 06:00:00+00:00,108.0,day_ahead
2025-04-18 07:00:00+00:00,102.59,day_ahead
2025-04-18 08:00:00+00:00,92.88,day_ahead
2025-04-18 09:00:00+00:00,77.99,day_ahead
2025-04-18 10:00:00+00:00,69.93,day_ahead
2025-04-18 11:00:00+00:00,55.48,day_ahead
2025-04-18 12:00:00+00:00,52.98,day_ahead
2025-04-18 13:00:00+00:00,55.02,day_ahead
2025-04-18 14:00:00+00:00,65.81,day_ahead
2025-04-18 15:00:00+00:00,83.35,day_ahead
2025-04-18 16:00:00+00:00,99.24,day_ahead
2025-04-18 17:00:00+00:00,118.93,day_ahead
2025-04-18 18:00:00+00:00,121.59,day_ahead
2025-04-18 19:00:00+00:00,111.76,day_ahead
2025-04-18 20:00:00+00:00,99.55,day_ahead
2025-04-18 21:00:00+00:00,90.0,day_ahead
2025-04-18 22:00:00+00:00,81.45,day_ahead
2025-04-18 23:00:00+00:00,74.38,day_ahead
2025-04-19 00:00:00+00:00,78.6,day_ahead
2025-04-19 01:00:00+00:00,76.21,day_ahead
2025-04-19 02:00:00+00:00,78.92,day_ahead
2025-04-19 03:00:00+00:00,83.05,day_ahead
2025-04-19 04:00:00+00:00,88.35,day_ahead
2025-04-19 05:00:00+00:00,84.93,day_ahead
2025-04-19 06:00:00+00:00,78.39,day_ahead
2025-04-19 07:00:00+00:00,70.56,day_ahead
2025-04-19 08:00:00+00:00,28.51,day_ahead
2025-04-19 09:00:00+00:00,4.54,day_ahead
2025-04-19 10:00:00+00:00,0.0,day_ahead
2025-04-19 11:00:00+00:00,-5.64,day_ahead
2025-04-19 12:00:00+00:00,-11.77,day_ahead
2025-04-19 13:00:00+00:00,-1.6,day_ahead
2025-04-19 14:00:00+00:00,0.2,day_ahead
2025-04-19 15:00:00+00:00,56.15,day_ahead
2025-04-19 16:00:00+00:00,92.91,day_ahead
2025-04-19 17:00:00+00:00,113.98,day_ahead
2025-04-19 18:00:00+00:00,126.68,day_ahead
2025-04-19 19:00:00+00:00,119.9,day_ahead
2025-04-19 20:00:00+00:00,103.9,day_ahead
2025-04-19 21:00:00+00:00,94.41,day_ahead
2025-04-19 22:00:00+00:00,98.0,day_ahead
2025-04-19 23:00:00+00:00,90.75,day_ahead
2025-04-20 00:00:00+00:00,103.34,day_ahead
2025-04-20 01:00:00+00:00,96.0,day_ahead
2025-04-20 02:00:00+00:00,100.3,day_ahead
2025-04-20 03:00:00+00:00,123.79,day_ahead
2025-04-20 04:00:00+00:00,123.46,day_ahead
2025-04-20 05:00:00+00:00,105.99,day_ahead
2025-04-20 06:00:00+00:00,93.18,day_ahead
2025-04-20 07:00:00+00:00,19.5,day_ahead
2025-04-20 08:00:00+00:00,-0.02,day_ahead
2025-04-20 09:00:00+00:00,-9.08,day_ahead
2025-04-20 10:00:00+00:00,-30.0,day_ahead
2025-04-20 11:00:00+00:00,-57.9,day_ahead
2025-04-20 12:00:00+00:00,-27.4,day_ahead
2025-04-20 13:00:00+00:00,-5.15,day_ahead
2025-04-20 14:00:00+00:00,0.0,day_ahead
2025-04-20 15:00:00+00:00,81.36,day_ahead
2025-04-20 16:00:00+00:00,106.81,day_ahead
2025-04-20 17:00:00+00:00,126.92,day_ahead
2025-04-20 18:00:00+00:00,144.95,day_ahead
2025-04-20 19:00:00+00:00,145.99,day_ahead
2025-04-20 20:00:00+00:00,122.49,day_ahead
2025-04-20 21:00:00+00:00,110.01,day_ahead
2025-04-20 22:00:00+00:00,110.63,day_ahead
2025-04-20 23:00:00+00:00,95.43,day_ahead
2025-04-21 00:00:00+00:00,98.62,day_ahead
2025-04-21 01:00:00+00:00,100.0,day_ahead
2025-04-21 02:00:00+00:00,97.98,day_ahead
2025-04-21 03:00:00+00:00,100.0,day_ahead
2025-04-21 04:00:00+00:00,100.65,day_ahead
2025-04-21 05:00:00+00:00,94.65,day_ahead
2025-04-21 06:00:00+00:00,91.3,day_ahead
2025-04-21 07:00:00+00:00,92.71,day_ahead
2025-04-21 08:00:00+00:00,68.08,day_ahead
2025-04-21 09:00:00+00:00,40.0,day_ahead
2025-04-21 10:00:00+00:00,15.52,day_ahead
2025-04-21 11:00:00+00:00,8.91,day_ahead
2025-04-21 12:00:00+00:00,8.36,day_ahead
2025-04-21 13:00:00+00:00,10.37,day_ahead
2025-04-21 14:00:00+00:00,56.36,day_ahead
2025-04-21 15:00:00+00:00,100.17,day_ahead
2025-04-21 16:00:00+00:00,104.37,day_ahead
2025-04-21 17:00:00+00:00,123.11,day_ahead
2025-04-21 18:00:00+00:00,140.0,day_ahead
2025-04-21 19:00:00+00:00,132.1,day_ahead
2025-04-21 20:00:00+00:00,122.77,day_ahead
2025-04-21 21:00:00+00:00,107.13,day_ahead
2025-04-21 22:00:00+00:00,95.67,day_ahead
2025-04-21 23:00:00+00:00,88.4,day_ahead
2025-04-22 00:00:00+00:00,86.98,day_ahead
2025-04-22 01:00:00+00:00,84.62,day_ahead
2025-04-22 02:00:00+00:00,83.89,day_ahead
2025-04-22 03:00:00+00:00,95.09,day_ahead
2025-04-22 04:00:00+00:00,117.4,day_ahead
2025-04-22 05:00:00+00:00,146.14,day_ahead
2025-04-22 06:00:00+00:00,147.0,day_ahead
2025-04-22 07:00:00+00:00,112.52,day_ahead
2025-04-22 08:00:00+00:00,98.32,day_ahead
2025-04-22 09:00:00+00:00,90.81,day_ahead
2025-04-22 10:00:00+00:00,81.42,day_ahead
2025-04-22 11:00:00+00:00,69.76,day_ahead
2025-04-22 12:00:00+00:00,70.34,day_ahead
2025-04-22 13:00:00+00:00,78.45,day_ahead
2025-04-22 14:00:00+00:00,82.0,day_ahead
2025-04-22 15:00:00+00:00,96.3,day_ahead
2025-04-22 16:00:00+00:00,114.9,day_ahead
2025-04-22 17:00:00+00:00,178.72,day_ahead
2025-04-22 18:00:00+00:00,253.35,day_ahead
2025-04-22 19:00:00+00:00,157.73,day_ahead
2025-04-22 20:00:00+00:00,121.0,day_ahead
2025-04-22 21:00:00+00:00,107.49,day_ahead
2025-04-22 22:00:00+00:00,101.72,day_ahead
2025-04-22 23:00:00+00:00,94.18,day_ahead
2025-04-23 00:00:00+00:00,91.72,day_ahead
2025-04-23 01:00:00+00:00,90.32,day_ahead
2025-04-23 02:00:00+00:00,93.91,day_ahead
2025-04-23 03:00:00+00:00,99.8,day_ahead
2025-04-23 04:00:00+00:00,131.81,day_ahead
2025-04-23 05:00:00+00:00,150.1,day_ahead
2025-04-23 06:00:00+00:00,130.74,day_ahead
2025-04-23 07:00:00+00:00,103.41,day_ahead
2025-04-23 08:00:00+00:00,92.0,day_ahead
2025-04-23 09:00:00+00:00,94.39,day_ahead
2025-04-23 10:00:00+00:00,81.04,day_ahead
2025-04-23 11:00:00+00:00,83.23,day_ahead
2025-04-23 12:00:00+00:00,85.07,day_ahead
2025-04-23 13:00:00+00:00,91.3,day_ahead
2025-04-23 14:00:00+00:00,94.0,day_ahead
2025-04-23 15:00:00+00:00,102.88,day_ahead
2025-04-23 16:00:00+00:00,121.9,day_ahead
2025-04-23 17:00:00+00:00,147.99,day_ahead
2025-04-23 18:00:00+00:00,144.53,day_ahead
2025-04-23 19:00:00+00:00,124.56,day_ahead
2025-04-23 20:00:00+00:00,107.77,day_ahead
2025-04-23 21:00:00+00:00,94.4,day_ahead
2025-04-23 22:00:00+00:00,92.4,day_ahead
2025-04-23 23:00:00+00:00,86.89,day_ahead
2025-04-24 00:00:00+00:00,85.06,day_ahead
2025-04-24 01:00:00+00:00,84.54,day_ahead
2025-04-24 02:00:00+00:00,81.66,day_ahead
2025-04-24 03:00:00+00:00,87.89,day_ahead
2025-04-24 04:00:00+00:00,100.0,day_ahead
2025-04-24 05:00:00+00:00,114.07,day_ahead
2025-04-24 06:00:00+00:00,117.46,day_ahead
2025-04-24 07:00:00+00:00,109.09,day_ahead
2025-04-24 08:00:00+00:00,96.67,day_ahead
2025-04-24 09:00:00+00:00,93.55,day_ahead
2025-04-24 10:00:00+00:00,81.51,day_ahead
2025-04-24 11:00:00+00:00,78.72,day_ahead
2025-04-24 12:00:00+00:00,77.05,day_ahead
2025-04-24 13:00:00+00:00,76.57,day_ahead
2025-04-24 14:00:00+00:00,80.2,day_ahead
2025-04-24 15:00:00+00:00,89.96,day_ahead
2025-04-24 16:00:00+00:00,98.17,day_ahead
2025-04-24 17:00:00+00:00,110.9,day_ahead
2025-04-24 18:00:00+00:00,119.4,day_ahead
2025-04-24 19:00:00+00:00,114.48,day_ahead
2025-04-24 20:00:00+00:00,106.53,day_ahead
2025-04-24 21:00:00+00:00,93.1,day_ahead
2025-04-24 22:00:00+00:00,88.63,day_ahead
2025-04-24 23:00:00+00:00,80.55,day_ahead
2025-04-25 00:00:00+00:00,80.56,day_ahead
2025-04-25 01:00:00+00:00,80.45,day_ahead
2025-04-25 02:00:00+00:00,82.31,day_ahead
2025-04-25 03:00:00+00:00,91.61,day_ahead
2025-04-25 04:00:00+00:00,102.94,day_ahead
2025-04-25 05:00:00+00:00,113.39,day_ahead
2025-04-25 06:00:00+00:00,113.05,day_ahead
2025-04-25 07:00:00+00:00,99.41,day_ahead
2025-04-25 08:00:00+00:00,93.33,day_ahead
2025-04-25 09:00:00+00:00,81.65,day_ahead
2025-04-25 10:00:00+00:00,64.99,day_ahead
2025-04-25 11:00:00+00:00,45.98,day_ahead
2025-04-25 12:00:00+00:00,37.75,day_ahead
2025-04-25 13:00:00+00:00,52.76,day_ahead
2025-04-25 14:00:00+00:00,64.9,day_ahead
2025-04-25 15:00:00+00:00,82.0,day_ahead
2025-04-25 16:00:00+00:00,96.7,day_ahead
2025-04-25 17:00:00+00:00,114.95,day_ahead
2025-04-25 18:00:00+00:00,125.99,day_ahead
2025-04-25 19:00:00+00:00,109.63,day_ahead
2025-04-25 20:00:00+00:00,100.37,day_ahead
2025-04-25 21:00:00+00:00,92.09,day_ahead
2025-04-25 22:00:00+00:00,95.77,day_ahead
2025-04-25 23:00:00+00:00,87.77,day_ahead
2025-04-26 00:00:00+00:00,85.55,day_ahead
2025-04-26 01:00:00+00:00,84.78,day_ahead
2025-04-26 02:00:00+00:00,84.07,day_ahead
2025-04-26 03:00:00+00:00,86.59,day_ahead
2025-04-26 04:00:00+00:00,90.75,day_ahead
2025-04-26 05:00:00+00:00,88.59,day_ahead
2025-04-26 06:00:00+00:00,86.21,day_ahead
2025-04-26 07:00:00+00:00,34.45,day_ahead
2025-04-26 08:00:00+00:00,2.55,day_ahead
2025-04-26 09:00:00+00:00,-0.01,day_ahead
2025-04-26 10:00:00+00:00,-13.37,day_ahead
2025-04-26 11:00:00+00:00,-26.2,day_ahead
2025-04-26 12:00:00+00:00,-16.79,day_ahead
2025-04-26 13:00:00+00:00,-2.16,day_ahead
2025-04-26 14:00:00+00:00,-0.02,day_ahead
2025-04-26 15:00:00+00:00,30.99,day_ahead
2025-04-26 16:00:00+00:00,78.86,day_ahead
2025-04-26 17:00:00+00:00,99.95,day_ahead
2025-04-26 18:00:00+00:00,114.88,day_ahead
2025-04-26 19:00:00+00:00,105.59,day_ahead
2025-04-26 20:00:00+00:00,100.0,day_ahead
2025-04-26 21:00:00+00:00,101.54,day_ahead
2025-04-26 22:00:00+00:00,111.82,day_ahead
2025-04-26 23:00:00+00:00,95.6,day_ahead
2025-04-27 03:00:00+00:00,85.0,day_ahead
2025-04-27 04:00:00+00:00,79.77,day_ahead
2025-04-27 05:00:00+00:00,69.9,day_ahead
2025-04-27 06:00:00+00:00,39.9,day_ahead
2025-04-27 07:00:00+00:00,0.04,day_ahead
2025-04-27 08:00:00+00:00,-3.0,day_ahead
2025-04-27 09:00:00+00:00,-54.0,day_ahead
2025-04-27 10:00:00+00:00,-147.22,day_ahead
2025-04-27 11:00:00+00:00,-189.9,day_ahead
2025-04-27 12:00:00+00:00,-150.0,day_ahead
2025-04-27 13:00:00+00:00,-49.98,day_ahead
2025-04-27 14:00:00+00:00,-5.17,day_ahead
2025-04-27 15:00:00+00:00,18.35,day_ahead
2025-04-27 16:00:00+00:00,89.73,day_ahead
2025-04-27 17:00:00+00:00,111.39,day_ahead
2025-04-27 18:00:00+00:00,126.0,day_ahead
2025-04-27 19:00:00+00:00,110.0,day_ahead
2025-04-27 20:00:00+00:00,99.0,day_ahead
2025-04-27 21:00:00+00:00,93.56,day_ahead
2025-04-27 22:00:00+00:00,91.1,day_ahead
2025-04-27 23:00:00+00:00,85.1,day_ahead
2025-04-28 00:00:00+00:00,83.1,day_ahead
2025-04-28 01:00:00+00:00,84.29,day_ahead
2025-04-28 02:00:00+00:00,90.82,day_ahead
2025-04-28 03:00:00+00:00,97.09,day_ahead
2025-04-28 04:00:00+00:00,140.0,day_ahead
2025-04-28 05:00:00+00:00,131.09,day_ahead
2025-04-28 06:00:00+00:00,96.79,day_ahead
2025-04-28 07:00:00+00:00,67.37,day_ahead
2025-04-28 08:00:00+00:00,10.0,day_ahead
2025-04-28 09:00:00+00:00,-0.01,day_ahead
2025-04-28 10:00:00+00:00,-6.81,day_ahead
2025-04-28 11:00:00+00:00,-5.9,day_ahead
2025-04-28 12:00:00+00:00,-6.18,day_ahead
2025-04-28 13:00:00+00:00,-1.54,day_ahead
2025-04-28 14:00:00+00:00,1.74,day_ahead
2025-04-28 15:00:00+00:00,68.67,day_ahead
2025-04-28 16:00:00+00:00,95.0,day_ahead
2025-04-28 17:00:00+00:00,139.75,day_ahead
2025-04-28 18:00:00+00:00,192.44,day_ahead
2025-04-28 19:00:00+00:00,128.83,day_ahead
2025-04-28 20:00:00+00:00,106.0,day_ahead
2025-04-28 21:00:00+00:00,96.16,day_ahead
2025-04-28 22:00:00+00:00,89.47,day_ahead
2025-04-28 23:00:00+00:00,85.08,day_ahead
2025-04-29 00:00:00+00:00,80.31,day_ahead
2025-04-29 01:00:00+00:00,77.64,day_ahead
2025-04-29 02:00:00+00:00,76.77,day_ahead
2025-04-29 03:00:00+00:00,85.18,day_ahead
2025-04-29 04:00:00+00:00,106.24,day_ahead
2025-04-29 05:00:00+00:00,112.47,day_ahead
2025-04-29 06:00:00+00:00,99.98,day_ahead
2025-04-29 07:00:00+00:00,78.0,day_ahead
2025-04-29 08:00:00+00:00,8.9,day_ahead
2025-04-29 09:00:00+00:00,0.0,day_ahead
2025-04-29 10:00:00+00:00,-0.76,day_ahead
2025-04-29 11:00:00+00:00,-1.9,day_ahead
2025-04-29 12:00:00+00:00,-1.67,day_ahead
2025-04-29 13:00:00+00:00,-0.01,day_ahead
2025-04-29 14:00:00+00:00,12.87,day_ahead
2025-04-29 15:00:00+00:00,73.8,day_ahead
2025-04-29 16:00:00+00:00,97.33,day_ahead
2025-04-29 17:00:00+00:00,125.0,day_ahead
2025-04-29 18:00:00+00:00,157.86,day_ahead
2025-04-29 19:00:00+00:00,129.11,day_ahead
2025-04-29 20:00:00+00:00,106.53,day_ahead
2025-04-29 21:00:00+00:00,96.5,day_ahead
2025-04-29 22:00:00+00:00,95.0,day_ahead
2025-04-29 23:00:00+00:00,89.91,day_ahead
2025-04-30 00:00:00+00:00,85.49,day_ahead
2025-04-30 01:00:00+00:00,86.77,day_ahead
2025-04-30 02:00:00+00:00,88.68,day_ahead
2025-04-30 03:00:00+00:00,93.78,day_ahead
2025-04-30 04:00:00+00:00,115.27,day_ahead
2025-04-30 05:00:00+00:00,120.3,day_ahead
2025-04-30 06:00:00+00:00,99.9,day_ahead
2025-04-30 07:00:00+00:00,87.81,day_ahead
2025-04-30 08:00:00+00:00,7.08,day_ahead
2025-04-30 09:00:00+00:00,0.0,day_ahead
2025-04-30 10:00:00+00:00,-1.0,day_ahead
2025-04-30 11:00:00+00:00,-6.21,day_ahead
2025-04-30 12:00:00+00:00,-3.0,day_ahead
2025-04-30 13:00:00+00:00,-0.02,day_ahead
2025-04-30 14:00:00+00:00,17.27,day_ahead
2025-04-30 15:00:00+00:00,76.18,day_ahead
2025-04-30 16:00:00+00:00,99.0,day_ahead
2025-04-30 17:00:00+00:00,125.4,day_ahead
2025-04-30 18:00:00+00:00,176.43,day_ahead
2025-04-30 19:00:00+00:00,128.0,day_ahead
2025-04-30 20:00:00+00:00,108.01,day_ahead
2025-04-30 21:00:00+00:00,97.53,day_ahead
2025-04-30 22:00:00+00:00,92.95,day_ahead
2025-04-30 23:00:00+00:00,87.45,day_ahead
2025-05-01 00:00:00+00:00,85.93,day_ahead
2025-05-01 01:00:00+00:00,86.64,day_ahead
2025-05-01 02:00:00+00:00,85.9,day_ahead
2025-05-01 03:00:00+00:00,80.7,day_ahead
2025-05-01 04:00:00+00:00,87.25,day_ahead
2025-05-01 05:00:00+00:00,87.41,day_ahead
2025-05-01 06:00:00+00:00,85.18,day_ahead
2025-05-01 07:00:00+00:00,0.0,day_ahead
2025-05-01 08:00:00+00:00,-3.0,day_ahead
2025-05-01 09:00:00+00:00,-40.1,day_ahead
2025-05-01 10:00:00+00:00,-108.07,day_ahead
2025-05-01 11:00:00+00:00,-142.42,day_ahead
2025-05-01 12:00:00+00:00,-118.1,day_ahead
2025-05-01 13:00:00+00:00,-49.99,day_ahead
2025-05-01 14:00:00+00:00,-5.17,day_ahead
2025-05-01 15:00:00+00:00,46.24,day_ahead
2025-05-01 16:00:00+00:00,96.17,day_ahead
2025-05-01 17:00:00+00:00,129.87,day_ahead
2025-05-01 18:00:00+00:00,165.08,day_ahead
2025-05-01 19:00:00+00:00,126.7,day_ahead
2025-05-01 20:00:00+00:00,104.86,day_ahead
2025-05-01 21:00:00+00:00,90.89,day_ahead
2025-05-01 22:00:00+00:00,96.0,day_ahead
2025-05-01 23:00:00+00:00,92.2,day_ahead
2025-05-02 00:00:00+00:00,82.0,day_ahead
2025-05-02 01:00:00+00:00,71.54,day_ahead
2025-05-02 02:00:00+00:00,68.68,day_ahead
2025-05-02 03:00:00+00:00,70.0,day_ahead
2025-05-02 04:00:00+00:00,88.4,day_ahead
2025-05-02 05:00:00+00:00,102.9,day_ahead
2025-05-02 06:00:00+00:00,93.75,day_ahead
2025-05-02 07:00:00+00:00,76.39,day_ahead
2025-05-02 08:00:00+00:00,0.85,day_ahead
2025-05-02 09:00:00+00:00,-0.01,day_ahead
2025-05-02 10:00:00+00:00,-0.8,day_ahead
2025-05-02 11:00:00+00:00,-3.0,day_ahead
2025-05-02 12:00:00+00:00,-4.0,day_ahead
2025-05-02 13:00:00+00:00,-0.08,day_ahead
2025-05-02 14:00:00+00:00,0.3,day_ahead
2025-05-02 15:00:00+00:00,61.44,day_ahead
2025-05-02 16:00:00+00:00,95.18,day_ahead
2025-05-02 17:00:00+00:00,107.98,day_ahead
2025-05-02 18:00:00+00:00,140.35,day_ahead
2025-05-02 19:00:00+00:00,117.73,day_ahead
2025-05-02 20:00:00+00:00,103.26,day_ahead
2025-05-02 21:00:00+00:00,92.8,day_ahead
2025-05-02 22:00:00+00:00,93.74,day_ahead
2025-05-02 23:00:00+00:00,89.0,day_ahead
2025-05-03 00:00:00+00:00,88.72,day_ahead
2025-05-03 01:00:00+00:00,92.45,day_ahead
2025-05-03 02:00:00+00:00,95.44,day_ahead
2025-05-03 03:00:00+00:00,97.2,day_ahead
2025-05-03 04:00:00+00:00,101.64,day_ahead
2025-05-03 05:00:00+00:00,97.36,day_ahead
2025-05-03 06:00:00+00:00,85.86,day_ahead
2025-05-03 07:00:00+00:00,13.53,day_ahead
2025-05-03 08:00:00+00:00,0.01,day_ahead
2025-05-03 09:00:00+00:00,-0.01,day_ahead
2025-05-03 10:00:00+00:00,-1.16,day_ahead
2025-05-03 11:00:00+00:00,-3.04,day_ahead
2025-05-03 12:00:00+00:00,-2.69,day_ahead
2025-05-03 13:00:00+00:00,-0.03,day_ahead
2025-05-03 14:00:00+00:00,0.0,day_ahead
2025-05-03 15:00:00+00:00,26.91,day_ahead
2025-05-03 16:00:00+00:00,60.1,day_ahead
2025-05-03 17:00:00+00:00,74.22,day_ahead
2025-05-03 18:00:00+00:00,86.28,day_ahead
2025-05-03 19:00:00+00:00,85.37,day_ahead
2025-05-03 20:00:00+00:00,92.95,day_ahead
2025-05-03 21:00:00+00:00,86.0,day_ahead
2025-05-03 22:00:00+00:00,59.95,day_ahead
2025-05-03 23:00:00+00:00,44.9,day_ahead
2025-05-04 00:00:00+00:00,33.4,day_ahead
2025-05-04 01:00:00+00:00,21.61,day_ahead
2025-05-04 02:00:00+00:00,20.02,day_ahead
2025-05-04 03:00:00+00:00,15.58,day_ahead
2025-05-04 04:00:00+00:00,13.62,day_ahead
2025-05-04 05:00:00+00:00,7.83,day_ahead
2025-05-04 06:00:00+00:00,2.93,day_ahead
2025-05-04 07:00:00+00:00,0.0,day_ahead
2025-05-04 08:00:00+00:00,-0.01,day_ahead
2025-05-04 10:00:00+00:00,-0.02,day_ahead
2025-05-04 11:00:00+00:00,-2.0,day_ahead
2025-05-04 12:00:00+00:00,-5.01,day_ahead
2025-05-04 13:00:00+00:00,-1.59,day_ahead
2025-05-04 14:00:00+00:00,-0.01,day_ahead
2025-05-04 15:00:00+00:00,8.94,day_ahead
2025-05-04 16:00:00+00:00,73.24,day_ahead
2025-05-04 17:00:00+00:00,90.0,day_ahead
2025-05-04 18:00:00+00:00,104.97,day_ahead
2025-05-04 19:00:00+00:00,118.2,day_ahead
2025-05-04 20:00:00+00:00,104.79,day_ahead
2025-05-04 21:00:00+00:00,84.36,day_ahead
2025-05-04 22:00:00+00:00,83.55,day_ahead
2025-05-04 23:00:00+00:00,70.71,day_ahead
2025-05-05 00:00:00+00:00,81.6,day_ahead
2025-05-05 01:00:00+00:00,85.61,day_ahead
2025-05-05 02:00:00+00:00,82.0,day_ahead
2025-05-05 03:00:00+00:00,89.8,day_ahead
2025-05-05 04:00:00+00:00,117.14,day_ahead
2025-05-05 05:00:00+00:00,116.95,day_ahead
2025-05-05 06:00:00+00:00,99.5,day_ahead
2025-05-05 07:00:00+00:00,80.93,day_ahead
2025-05-05 08:00:00+00:00,70.13,day_ahead
2025-05-05 09:00:00+00:00,53.87,day_ahead
2025-05-05 10:00:00+00:00,4.9,day_ahead
2025-05-05 11:00:00+00:00,-2.0,day_ahead
2025-05-05 13:00:00+00:00,-1.6,day_ahead
2025-05-05 14:00:00+00:00,1.0,day_ahead
2025-05-05 15:00:00+00:00,76.56,day_ahead
2025-05-05 16:00:00+00:00,86.53,day_ahead
2025-05-05 17:00:00+00:00,111.55,day_ahead
2025-05-05 18:00:00+00:00,100.0,day_ahead
2025-05-05 19:00:00+00:00,119.0,day_ahead
2025-05-05 20:00:00+00:00,103.13,day_ahead
2025-05-05 21:00:00+00:00,89.43,day_ahead
2025-05-05 22:00:00+00:00,82.46,day_ahead
2025-05-05 23:00:00+00:00,81.41,day_ahead
2025-05-06 00:00:00+00:00,86.0,day_ahead
2025-05-06 01:00:00+00:00,84.86,day_ahead
2025-05-06 02:00:00+00:00,82.19,day_ahead
2025-05-06 03:00:00+00:00,91.66,day_ahead
2025-05-06 04:00:00+00:00,110.2,day_ahead
2025-05-06 05:00:00+00:00,125.38,day_ahead
2025-05-06 06:00:00+00:00,106.75,day_ahead
2025-05-06 07:00:00+00:00,92.0,day_ahead
2025-05-06 08:00:00+00:00,66.0,day_ahead
2025-05-06 09:00:00+00:00,52.13,day_ahead
2025-05-06 10:00:00+00:00,37.34,day_ahead
2025-05-06 11:00:00+00:00,32.16,day_ahead
2025-05-06 12:00:00+00:00,38.77,day_ahead
2025-05-06 13:00:00+00:00,56.24,day_ahead
2025-05-06 14:00:00+00:00,63.82,day_ahead
2025-05-06 15:00:00+00:00,78.58,day_ahead
2025-05-06 16:00:00+00:00,93.34,day_ahead
2025-05-06 17:00:00+00:00,123.55,day_ahead
2025-05-06 18:00:00+00:00,167.69,day_ahead
2025-05-06 19:00:00+00:00,140.1,day_ahead
2025-05-06 20:00:00+00:00,122.8,day_ahead
2025-05-06 21:00:00+00:00,102.04,day_ahead
2025-05-06 22:00:00+00:00,88.2,day_ahead
2025-05-06 23:00:00+00:00,82.64,day_ahead
2025-05-07 00:00:00+00:00,81.78,day_ahead
2025-05-07 01:00:00+00:00,85.33,day_ahead
2025-05-07 02:00:00+00:00,97.27,day_ahead
2025-05-07 03:00:00+00:00,112.5,day_ahead
2025-05-07 04:00:00+00:00,137.52,day_ahead
2025-05-07 05:00:00+00:00,143.95,day_ahead
2025-05-07 06:00:00+00:00,130.16,day_ahead
2025-05-07 07:00:00+00:00,96.86,day_ahead
2025-05-07 08:00:00+00:00,78.61,day_ahead
2025-05-07 09:00:00+00:00,66.36,day_ahead
2025-05-07 10:00:00+00:00,57.2,day_ahead
2025-05-07 11:00:00+00:00,56.38,day_ahead
2025-05-07 12:00:00+00:00,59.9,day_ahead
2025-05-07 13:00:00+00:00,66.84,day_ahead
2025-05-07 14:00:00+00:00,72.96,day_ahead
2025-05-07 15:00:00+00:00,84.7,day_ahead
2025-05-07 16:00:00+00:00,99.92,day_ahead
2025-05-07 17:00:00+00:00,119.57,day_ahead
2025-05-07 18:00:00+00:00,151.0,day_ahead
2025-05-07 19:00:00+00:00,127.04,day_ahead
2025-05-07 20:00:00+00:00,105.59,day_ahead
2025-05-07 21:00:00+00:00,93.11,day_ahead
2025-05-07 22:00:00+00:00,91.59,day_ahead
2025-05-07 23:00:00+00:00,87.59,day_ahead
2025-05-08 00:00:00+00:00,87.4,day_ahead
2025-05-08 01:00:00+00:00,88.32,day_ahead
2025-05-08 02:00:00+00:00,96.09,day_ahead
2025-05-08 03:00:00+00:00,108.87,day_ahead
2025-05-08 04:00:00+00:00,124.06,day_ahead
2025-05-08 05:00:00+00:00,138.93,day_ahead
2025-05-08 06:00:00+00:00,128.39,day_ahead
2025-05-08 07:00:00+00:00,96.29,day_ahead
2025-05-08 08:00:00+00:00,81.95,day_ahead
2025-05-08 09:00:00+00:00,62.99,day_ahead
2025-05-08 10:00:00+00:00,54.05,day_ahead
2025-05-08 11:00:00+00:00,50.0,day_ahead
2025-05-08 12:00:00+00:00,56.0,day_ahead
2025-05-08 13:00:00+00:00,65.97,day_ahead
2025-05-08 14:00:00+00:00,75.55,day_ahead
2025-05-08 15:00:00+00:00,81.26,day_ahead
2025-05-08 16:00:00+00:00,96.76,day_ahead
2025-05-08 17:00:00+00:00,127.2,day_ahead
2025-05-08 18:00:00+00:00,185.69,day_ahead
2025-05-08 19:00:00+00:00,147.87,day_ahead
2025-05-08 20:00:00+00:00,110.72,day_ahead
2025-05-08 21:00:00+00:00,102.39,day_ahead
2025-05-08 22:00:00+00:00,103.65,day_ahead
2025-05-08 23:00:00+00:00,90.88,day_ahead
2025-05-09 00:00:00+00:00,88.33,day_ahead
2025-05-09 01:00:00+00:00,89.66,day_ahead
2025-05-09 02:00:00+00:00,99.0,day_ahead
2025-05-09 03:00:00+00:00,109.07,day_ahead
2025-05-09 04:00:00+00:00,141.0,day_ahead
2025-05-09 05:00:00+00:00,137.88,day_ahead
2025-05-09 06:00:00+00:00,107.22,day_ahead
2025-05-09 07:00:00+00:00,77.53,day_ahead
2025-05-09 08:00:00+00:00,46.18,day_ahead
2025-05-09 09:00:00+00:00,0.1,day_ahead
2025-05-09 10:00:00+00:00,-0.54,day_ahead
2025-05-09 11:00:00+00:00,-0.03,day_ahead
2025-05-09 12:00:00+00:00,-0.01,day_ahead
2025-05-09 13:00:00+00:00,-0.2,day_ahead
2025-05-09 14:00:00+00:00,46.01,day_ahead
2025-05-09 15:00:00+00:00,70.04,day_ahead
2025-05-09 16:00:00+00:00,93.25,day_ahead
2025-05-09 17:00:00+00:00,119.69,day_ahead
2025-05-09 18:00:00+00:00,152.56,day_ahead
2025-05-09 19:00:00+00:00,138.83,day_ahead
2025-05-09 20:00:00+00:00,112.99,day_ahead
2025-05-09 21:00:00+00:00,98.06,day_ahead
2025-05-09 22:00:00+00:00,116.0,day_ahead
2025-05-09 23:00:00+00:00,96.92,day_ahead
2025-05-10 00:00:00+00:00,92.87,day_ahead
2025-05-10 01:00:00+00:00,95.7,day_ahead
2025-05-10 02:00:00+00:00,101.48,day_ahead
2025-05-10 03:00:00+00:00,100.47,day_ahead
2025-05-10 04:00:00+00:00,97.82,day_ahead
2025-05-10 05:00:00+00:00,96.48,day_ahead
2025-05-10 06:00:00+00:00,74.99,day_ahead
2025-05-10 07:00:00+00:00,8.29,day_ahead
2025-05-10 08:00:00+00:00,-0.07,day_ahead
2025-05-10 09:00:00+00:00,-22.91,day_ahead
2025-05-10 10:00:00+00:00,-70.0,day_ahead
2025-05-10 11:00:00+00:00,-127.1,day_ahead
2025-05-10 12:00:00+00:00,-110.61,day_ahead
2025-05-10 13:00:00+00:00,-49.5,day_ahead
2025-05-10 14:00:00+00:00,-5.91,day_ahead
2025-05-10 15:00:00+00:00,20.17,day_ahead
2025-05-10 16:00:00+00:00,84.0,day_ahead
2025-05-10 17:00:00+00:00,113.2,day_ahead
2025-05-10 18:00:00+00:00,145.14,day_ahead
2025-05-10 19:00:00+00:00,131.24,day_ahead
2025-05-10 20:00:00+00:00,102.4,day_ahead
2025-05-10 21:00:00+00:00,89.56,day_ahead
2025-05-10 22:00:00+00:00,97.8,day_ahead
2025-05-10 23:00:00+00:00,89.92,day_ahead
2025-05-11 00:00:00+00:00,90.06,day_ahead
2025-05-11 01:00:00+00:00,89.72,day_ahead
2025-05-11 02:00:00+00:00,89.49,day_ahead
2025-05-11 03:00:00+00:00,89.46,day_ahead
2025-05-11 04:00:00+00:00,82.34,day_ahead
2025-05-11 05:00:00+00:00,62.22,day_ahead
2025-05-11 06:00:00+00:00,4.96,day_ahead
2025-05-11 07:00:00+00:00,-0.1,day_ahead
2025-05-11 08:00:00+00:00,-12.01,day_ahead
2025-05-11 09:00:00+00:00,-67.42,day_ahead
2025-05-11 10:00:00+00:00,-319.12,day_ahead
2025-05-11 11:00:00+00:00,-350.0,day_ahead
2025-05-11 12:00:00+00:00,-299.93,day_ahead
2025-05-11 13:00:00+00:00,-109.96,day_ahead
2025-05-11 14:00:00+00:00,-18.45,day_ahead
2025-05-11 15:00:00+00:00,-0.12,day_ahead
2025-05-11 16:00:00+00:00,77.01,day_ahead
2025-05-11 17:00:00+00:00,111.95,day_ahead
2025-05-11 18:00:00+00:00,124.86,day_ahead
2025-05-11 19:00:00+00:00,115.3,day_ahead
2025-05-11 20:00:00+00:00,98.45,day_ahead
2025-05-11 21:00:00+00:00,84.68,day_ahead
2025-05-11 22:00:00+00:00,81.7,day_ahead
2025-05-11 23:00:00+00:00,77.25,day_ahead
2025-05-12 00:00:00+00:00,77.02,day_ahead
2025-05-12 01:00:00+00:00,77.44,day_ahead
2025-05-12 02:00:00+00:00,80.33,day_ahead
2025-05-12 03:00:00+00:00,91.15,day_ahead
2025-05-12 04:00:00+00:00,123.15,day_ahead
2025-05-12 05:00:00+00:00,127.71,day_ahead
2025-05-12 06:00:00+00:00,106.21,day_ahead
2025-05-12 07:00:00+00:00,62.26,day_ahead
2025-05-12 08:00:00+00:00,-2.0,day_ahead
2025-05-12 09:00:00+00:00,-6.02,day_ahead
2025-05-12 10:00:00+00:00,-44.18,day_ahead
2025-05-12 11:00:00+00:00,-56.96,day_ahead
2025-05-12 12:00:00+00:00,-48.23,day_ahead
2025-05-12 13:00:00+00:00,-10.89,day_ahead
2025-05-12 14:00:00+00:00,-3.72,day_ahead
2025-05-12 15:00:00+00:00,64.47,day_ahead
2025-05-12 16:00:00+00:00,95.57,day_ahead
2025-05-12 17:00:00+00:00,130.01,day_ahead
2025-05-12 18:00:00+00:00,169.42,day_ahead
2025-05-12 19:00:00+00:00,117.58,day_ahead
2025-05-12 20:00:00+00:00,101.14,day_ahead
2025-05-12 21:00:00+00:00,90.44,day_ahead
2025-05-12 22:00:00+00:00,87.18,day_ahead
2025-05-12 23:00:00+00:00,85.0,day_ahead
2025-05-13 00:00:00+00:00,85.03,day_ahead
2025-05-13 01:00:00+00:00,91.12,day_ahead
2025-05-13 02:00:00+00:00,93.62,day_ahead
2025-05-13 03:00:00+00:00,97.93,day_ahead
2025-05-13 04:00:00+00:00,130.31,day_ahead
2025-05-13 05:00:00+00:00,126.43,day_ahead
2025-05-13 06:00:00+00:00,101.9,day_ahead
2025-05-13 07:00:00+00:00,75.51,day_ahead
2025-05-13 08:00:00+00:00,16.0,day_ahead
2025-05-13 09:00:00+00:00,-1.08,day_ahead
2025-05-13 10:00:00+00:00,-9.9,day_ahead
2025-05-13 11:00:00+00:00,-21.62,day_ahead
2025-05-13 12:00:00+00:00,-7.33,day_ahead
2025-05-13 13:00:00+00:00,-4.16,day_ahead
2025-05-13 14:00:00+00:00,0.1,day_ahead
2025-05-13 15:00:00+00:00,69.25,day_ahead
2025-05-13 16:00:00+00:00,97.0,day_ahead
2025-05-13 17:00:00+00:00,124.57,day_ahead
2025-05-13 18:00:00+00:00,212.92,day_ahead
2025-05-13 19:00:00+00:00,148.37,day_ahead
2025-05-13 20:00:00+00:00,112.23,day_ahead
2025-05-13 21:00:00+00:00,99.21,day_ahead
2025-05-13 22:00:00+00:00,97.48,day_ahead
2025-05-13 23:00:00+00:00,89.86,day_ahead
2025-05-14 00:00:00+00:00,87.78,day_ahead
2025-05-14 01:00:00+00:00,88.5,day_ahead
2025-05-14 02:00:00+00:00,94.52,day_ahead
2025-05-14 03:00:00+00:00,102.22,day_ahead
2025-05-14 04:00:00+00:00,128.58,day_ahead
2025-05-14 05:00:00+00:00,122.43,day_ahead
2025-05-14 06:00:00+00:00,101.62,day_ahead
2025-05-14 07:00:00+00:00,68.17,day_ahead
2025-05-14 08:00:00+00:00,0.1,day_ahead
2025-05-14 09:00:00+00:00,-2.63,day_ahead
2025-05-14 10:00:00+00:00,-27.77,day_ahead
2025-05-14 11:00:00+00:00,-42.87,day_ahead
2025-05-14 12:00:00+00:00,-46.0,day_ahead
2025-05-14 13:00:00+00:00,-17.75,day_ahead
2025-05-14 14:00:00+00:00,-2.0,day_ahead
2025-05-14 15:00:00+00:00,28.79,day_ahead
2025-05-14 16:00:00+00:00,84.56,day_ahead
2025-05-14 17:00:00+00:00,106.71,day_ahead
2025-05-14 18:00:00+00:00,162.71,day_ahead
2025-05-14 19:00:00+00:00,133.11,day_ahead
2025-05-14 20:00:00+00:00,108.56,day_ahead
2025-05-14 21:00:00+00:00,95.3,day_ahead
2025-05-14 22:00:00+00:00,97.02,day_ahead
2025-05-14 23:00:00+00:00,88.0,day_ahead
2025-05-15 00:00:00+00:00,82.24,day_ahead
2025-05-15 01:00:00+00:00,81.67,day_ahead
2025-05-15 02:00:00+00:00,85.01,day_ahead
2025-05-15 03:00:00+00:00,94.83,day_ahead
2025-05-15 04:00:00+00:00,119.9,day_ahead
2025-05-15 05:00:00+00:00,127.85,day_ahead
2025-05-15 06:00:00+00:00,112.74,day_ahead
2025-05-15 07:00:00+00:00,94.1,day_ahead
2025-05-15 08:00:00+00:00,8.86,day_ahead
2025-05-15 09:00:00+00:00,-0.08,day_ahead
2025-05-15 10:00:00+00:00,-9.09,day_ahead
2025-05-15 11:00:00+00:00,-30.12,day_ahead
2025-05-15 12:00:00+00:00,-30.0,day_ahead
2025-05-15 13:00:00+00:00,-18.6,day_ahead
2025-05-15 14:00:00+00:00,-2.0,day_ahead
2025-05-15 15:00:00+00:00,0.0,day_ahead
2025-05-15 16:00:00+00:00,68.91,day_ahead
2025-05-15 17:00:00+00:00,99.27,day_ahead
2025-05-15 18:00:00+00:00,130.74,day_ahead
2025-05-15 19:00:00+00:00,125.13,day_ahead
2025-05-15 20:00:00+00:00,114.35,day_ahead
2025-05-15 21:00:00+00:00,100.21,day_ahead
2025-05-15 22:00:00+00:00,94.5,day_ahead
2025-05-15 23:00:00+00:00,88.47,day_ahead
2025-05-16 00:00:00+00:00,84.91,day_ahead
2025-05-16 01:00:00+00:00,85.0,day_ahead
2025-05-16 02:00:00+00:00,88.76,day_ahead
2025-05-16 03:00:00+00:00,105.4,day_ahead
2025-05-16 04:00:00+00:00,118.42,day_ahead
2025-05-16 05:00:00+00:00,121.17,day_ahead
2025-05-16 06:00:00+00:00,111.28,day_ahead
2025-05-16 07:00:00+00:00,70.1,day_ahead
2025-05-16 08:00:00+00:00,8.17,day_ahead
2025-05-16 09:00:00+00:00,-0.78,day_ahead
2025-05-16 10:00:00+00:00,-3.51,day_ahead
2025-05-16 11:00:00+00:00,-9.9,day_ahead
2025-05-16 12:00:00+00:00,-20.0,day_ahead
2025-05-16 13:00:00+00:00,-14.91,day_ahead
2025-05-16 14:00:00+00:00,-3.0,day_ahead
2025-05-16 15:00:00+00:00,61.4,day_ahead
2025-05-16 16:00:00+00:00,88.51,day_ahead
2025-05-16 17:00:00+00:00,101.52,day_ahead
2025-05-16 18:00:00+00:00,153.45,day_ahead
2025-05-16 19:00:00+00:00,149.05,day_ahead
2025-05-16 20:00:00+00:00,117.9,day_ahead
2025-05-16 21:00:00+00:00,104.55,day_ahead
2025-05-16 22:00:00+00:00,92.5,day_ahead
2025-05-16 23:00:00+00:00,94.94,day_ahead
2025-05-17 00:00:00+00:00,92.17,day_ahead
2025-05-17 01:00:00+00:00,90.0,day_ahead
2025-05-17 02:00:00+00:00,89.9,day_ahead
2025-05-17 03:00:00+00:00,90.0,day_ahead
2025-05-17 04:00:00+00:00,91.56,day_ahead
2025-05-17 05:00:00+00:00,91.67,day_ahead
2025-05-17 06:00:00+00:00,55.69,day_ahead
2025-05-17 07:00:00+00:00,0.73,day_ahead
2025-05-17 08:00:00+00:00,-0.06,day_ahead
2025-05-17 09:00:00+00:00,-4.26,day_ahead
2025-05-17 10:00:00+00:00,-4.9,day_ahead
2025-05-17 11:00:00+00:00,-10.02,day_ahead
2025-05-17 12:00:00+00:00,-11.26,day_ahead
2025-05-17 13:00:00+00:00,-5.79,day_ahead
2025-05-17 14:00:00+00:00,-1.09,day_ahead
2025-05-17 15:00:00+00:00,4.5,day_ahead
2025-05-17 16:00:00+00:00,68.32,day_ahead
2025-05-17 17:00:00+00:00,98.32,day_ahead
2025-05-17 18:00:00+00:00,113.96,day_ahead
2025-05-17 19:00:00+00:00,137.63,day_ahead
2025-05-17 20:00:00+00:00,132.0,day_ahead
2025-05-17 21:00:00+00:00,101.38,day_ahead
2025-05-17 22:00:00+00:00,106.73,day_ahead
2025-05-17 23:00:00+00:00,101.49,day_ahead
2025-05-18 00:00:00+00:00,98.57,day_ahead
2025-05-18 01:00:00+00:00,97.4,day_ahead
2025-05-18 02:00:00+00:00,98.41,day_ahead
2025-05-18 03:00:00+00:00,97.8,day_ahead
2025-05-18 04:00:00+00:00,91.95,day_ahead
2025-05-18 05:00:00+00:00,87.48,day_ahead
2025-05-18 06:00:00+00:00,85.56,day_ahead
2025-05-18 07:00:00+00:00,16.02,day_ahead
2025-05-18 08:00:00+00:00,0.02,day_ahead
2025-05-18 09:00:00+00:00,-0.2,day_ahead
2025-05-18 10:00:00+00:00,-2.0,day_ahead
2025-05-18 11:00:00+00:00,-7.37,day_ahead
2025-05-18 12:00:00+00:00,-15.0,day_ahead
2025-05-18 13:00:00+00:00,-8.97,day_ahead
2025-05-18 14:00:00+00:00,-0.2,day_ahead
2025-05-18 15:00:00+00:00,9.63,day_ahead
2025-05-18 16:00:00+00:00,85.65,day_ahead
2025-05-18 17:00:00+00:00,97.52,day_ahead
2025-05-18 18:00:00+00:00,117.79,day_ahead
2025-05-18 19:00:00+00:00,128.0,day_ahead
2025-05-18 20:00:00+00:00,115.4,day_ahead
2025-05-18 21:00:00+00:00,100.0,day_ahead
2025-05-18 22:00:00+00:00,110.48,day_ahead
2025-05-18 23:00:00+00:00,99.03,day_ahead
2025-05-19 00:00:00+00:00,93.37,day_ahead
2025-05-19 01:00:00+00:00,90.1,day_ahead
2025-05-19 02:00:00+00:00,90.75,day_ahead
2025-05-19 03:00:00+00:00,102.4,day_ahead
2025-05-19 04:00:00+00:00,128.0,day_ahead
2025-05-19 05:00:00+00:00,137.53,day_ahead
2025-05-19 06:00:00+00:00,115.74,day_ahead
2025-05-19 07:00:00+00:00,90.39,day_ahead
2025-05-19 08:00:00+00:00,64.33,day_ahead
2025-05-19 09:00:00+00:00,27.57,day_ahead
2025-05-19 10:00:00+00:00,12.77,day_ahead
2025-05-19 11:00:00+00:00,5.0,day_ahead
2025-05-19 12:00:00+00:00,8.0,day_ahead
2025-05-19 13:00:00+00:00,25.94,day_ahead
2025-05-19 14:00:00+00:00,66.04,day_ahead
2025-05-19 15:00:00+00:00,88.99,day_ahead
2025-05-19 16:00:00+00:00,106.16,day_ahead
2025-05-19 17:00:00+00:00,134.88,day_ahead
2025-05-19 18:00:00+00:00,193.35,day_ahead
2025-05-19 19:00:00+00:00,150.0,day_ahead
2025-05-19 20:00:00+00:00,117.09,day_ahead
2025-05-19 21:00:00+00:00,103.1,day_ahead
2025-05-19 22:00:00+00:00,109.03,day_ahead
2025-05-19 23:00:00+00:00,102.12,day_ahead
2025-05-20 00:00:00+00:00,97.41,day_ahead
2025-05-20 01:00:00+00:00,97.1,day_ahead
2025-05-20 02:00:00+00:00,96.62,day_ahead
2025-05-20 03:00:00+00:00,107.9,day_ahead
2025-05-20 04:00:00+00:00,139.27,day_ahead
2025-05-20 05:00:00+00:00,126.0,day_ahead
2025-05-20 06:00:00+00:00,108.2,day_ahead
2025-05-20 07:00:00+00:00,90.51,day_ahead
2025-05-20 08:00:00+00:00,57.07,day_ahead
2025-05-20 09:00:00+00:00,15.95,day_ahead
2025-05-20 10:00:00+00:00,0.0,day_ahead
2025-05-20 11:00:00+00:00,-0.29,day_ahead
2025-05-20 12:00:00+00:00,-0.52,day_ahead
2025-05-20 13:00:00+00:00,6.0,day_ahead
2025-05-20 14:00:00+00:00,57.52,day_ahead
2025-05-20 15:00:00+00:00,87.16,day_ahead
2025-05-20 16:00:00+00:00,101.19,day_ahead
2025-05-20 17:00:00+00:00,128.48,day_ahead
2025-05-20 18:00:00+00:00,171.83,day_ahead
2025-05-20 19:00:00+00:00,137.05,day_ahead
2025-05-20 20:00:00+00:00,111.76,day_ahead
2025-05-20 21:00:00+00:00,98.82,day_ahead
2025-05-20 22:00:00+00:00,107.93,day_ahead
2025-05-20 23:00:00+00:00,102.33,day_ahead
2025-05-21 00:00:00+00:00,97.9,day_ahead
2025-05-21 01:00:00+00:00,94.9,day_ahead
2025-05-21 02:00:00+00:00,93.7,day_ahead
2025-05-21 03:00:00+00:00,95.0,day_ahead
2025-05-21 04:00:00+00:00,105.54,day_ahead
2025-05-21 05:00:00+00:00,113.0,day_ahead
2025-05-21 06:00:00+00:00,107.82,day_ahead
2025-05-21 07:00:00+00:00,84.82,day_ahead
2025-05-21 08:00:00+00:00,42.22,day_ahead
2025-05-21 09:00:00+00:00,0.15,day_ahead
2025-05-21 10:00:00+00:00,-2.0,day_ahead
2025-05-21 11:00:00+00:00,-6.0,day_ahead
2025-05-21 12:00:00+00:00,-6.04,day_ahead
2025-05-21 13:00:00+00:00,-3.4,day_ahead
2025-05-21 14:00:00+00:00,0.0,day_ahead
2025-05-21 15:00:00+00:00,49.08,day_ahead
2025-05-21 16:00:00+00:00,86.32,day_ahead
2025-05-21 17:00:00+00:00,100.1,day_ahead
2025-05-21 18:00:00+00:00,114.35,day_ahead
2025-05-21 19:00:00+00:00,130.0,day_ahead
2025-05-21 20:00:00+00:00,122.27,day_ahead
2025-05-21 21:00:00+00:00,114.9,day_ahead
2025-05-21 22:00:00+00:00,116.7,day_ahead
2025-05-21 23:00:00+00:00,108.15,day_ahead
2025-05-22 00:00:00+00:00,115.0,day_ahead
2025-05-22 01:00:00+00:00,99.2,day_ahead
2025-05-22 02:00:00+00:00,83.34,day_ahead
2025-05-22 03:00:00+00:00,90.0,day_ahead
2025-05-22 04:00:00+00:00,100.0,day_ahead
2025-05-22 05:00:00+00:00,106.01,day_ahead
2025-05-22 06:00:00+00:00,98.16,day_ahead
2025-05-22 07:00:00+00:00,54.54,day_ahead
2025-05-22 08:00:00+00:00,-2.0,day_ahead
2025-05-22 09:00:00+00:00,-3.0,day_ahead
2025-05-22 10:00:00+00:00,-7.01,day_ahead
2025-05-22 11:00:00+00:00,-14.0,day_ahead
2025-05-22 12:00:00+00:00,-17.5,day_ahead
2025-05-22 13:00:00+00:00,-10.9,day_ahead
2025-05-22 14:00:00+00:00,-2.99,day_ahead
2025-05-22 15:00:00+00:00,-0.75,day_ahead
2025-05-22 16:00:00+00:00,45.66,day_ahead
2025-05-22 17:00:00+00:00,97.32,day_ahead
2025-05-22 18:00:00+00:00,115.72,day_ahead
2025-05-22 19:00:00+00:00,127.25,day_ahead
2025-05-22 20:00:00+00:00,124.2,day_ahead
2025-05-22 21:00:00+00:00,108.52,day_ahead
2025-05-22 22:00:00+00:00,90.15,day_ahead
2025-05-22 23:00:00+00:00,93.16,day_ahead
2025-05-23 00:00:00+00:00,87.12,day_ahead
2025-05-23 01:00:00+00:00,86.53,day_ahead
2025-05-23 02:00:00+00:00,83.0,day_ahead
2025-05-23 03:00:00+00:00,95.89,day_ahead
2025-05-23 04:00:00+00:00,115.49,day_ahead
2025-05-23 05:00:00+00:00,120.91,day_ahead
2025-05-23 06:00:00+00:00,103.48,day_ahead
2025-05-23 07:00:00+00:00,76.79,day_ahead
2025-05-23 08:00:00+00:00,61.96,day_ahead
2025-05-23 09:00:00+00:00,47.45,day_ahead
2025-05-23 10:00:00+00:00,13.03,day_ahead
2025-05-23 11:00:00+00:00,-0.01,day_ahead
2025-05-23 12:00:00+00:00,-0.86,day_ahead
2025-05-23 13:00:00+00:00,-1.05,day_ahead
2025-05-23 14:00:00+00:00,20.86,day_ahead
2025-05-23 15:00:00+00:00,62.86,day_ahead
2025-05-23 16:00:00+00:00,87.7,day_ahead
2025-05-23 17:00:00+00:00,107.6,day_ahead
2025-05-23 18:00:00+00:00,119.8,day_ahead
2025-05-23 19:00:00+00:00,131.5,day_ahead
2025-05-23 20:00:00+00:00,123.43,day_ahead
2025-05-23 21:00:00+00:00,102.87,day_ahead
2025-05-23 22:00:00+00:00,97.6,day_ahead
2025-05-23 23:00:00+00:00,94.76,day_ahead
2025-05-24 00:00:00+00:00,88.74,day_ahead
2025-05-24 01:00:00+00:00,82.6,day_ahead
2025-05-24 02:00:00+00:00,76.43,day_ahead
2025-05-24 03:00:00+00:00,71.79,day_ahead
2025-05-24 04:00:00+00:00,71.7,day_ahead
2025-05-24 05:00:00+00:00,69.18,day_ahead
2025-05-24 06:00:00+00:00,53.45,day_ahead
2025-05-24 07:00:00+00:00,12.26,day_ahead
2025-05-24 08:00:00+00:00,-0.01,day_ahead
2025-05-24 09:00:00+00:00,-0.09,day_ahead
2025-05-24 10:00:00+00:00,-0.12,day_ahead
2025-05-24 11:00:00+00:00,-0.16,day_ahead
2025-05-24 12:00:00+00:00,0.23,day_ahead
2025-05-24 13:00:00+00:00,5.97,day_ahead
2025-05-24 14:00:00+00:00,20.0,day_ahead
2025-05-24 15:00:00+00:00,66.0,day_ahead
2025-05-24 16:00:00+00:00,88.0,day_ahead
2025-05-24 17:00:00+00:00,106.42,day_ahead
2025-05-24 18:00:00+00:00,104.35,day_ahead
2025-05-24 19:00:00+00:00,102.22,day_ahead
2025-05-24 20:00:00+00:00,89.09,day_ahead
2025-05-24 21:00:00+00:00,73.22,day_ahead
2025-05-24 22:00:00+00:00,20.21,day_ahead
2025-05-24 23:00:00+00:00,20.84,day_ahead
2025-05-25 00:00:00+00:00,14.1,day_ahead
2025-05-25 01:00:00+00:00,8.38,day_ahead
2025-05-25 02:00:00+00:00,3.9,day_ahead
2025-05-25 03:00:00+00:00,2.04,day_ahead
2025-05-25 04:00:00+00:00,0.99,day_ahead
2025-05-25 05:00:00+00:00,1.03,day_ahead
2025-05-25 06:00:00+00:00,0.03,day_ahead
2025-05-25 07:00:00+00:00,-0.16,day_ahead
2025-05-25 08:00:00+00:00,-2.0,day_ahead
2025-05-25 09:00:00+00:00,-9.13,day_ahead
2025-05-25 10:00:00+00:00,-17.09,day_ahead
2025-05-25 11:00:00+00:00,-30.0,day_ahead
2025-05-25 12:00:00+00:00,-31.8,day_ahead
2025-05-25 13:00:00+00:00,-25.75,day_ahead
2025-05-25 14:00:00+00:00,-11.97,day_ahead
2025-05-25 15:00:00+00:00,-0.07,day_ahead
2025-05-25 16:00:00+00:00,9.29,day_ahead
2025-05-25 17:00:00+00:00,82.96,day_ahead
2025-05-25 18:00:00+00:00,100.0,day_ahead
2025-05-25 19:00:00+00:00,115.0,day_ahead
2025-05-25 20:00:00+00:00,102.23,day_ahead
2025-05-25 21:00:00+00:00,92.92,day_ahead
2025-05-25 22:00:00+00:00,82.97,day_ahead
2025-05-25 23:00:00+00:00,74.74,day_ahead
2025-05-26 00:00:00+00:00,65.1,day_ahead
2025-05-26 01:00:00+00:00,63.5,day_ahead
2025-05-26 02:00:00+00:00,67.98,day_ahead
2025-05-26 03:00:00+00:00,76.0,day_ahead
2025-05-26 04:00:00+00:00,104.47,day_ahead
2025-05-26 05:00:00+00:00,134.18,day_ahead
2025-05-26 06:00:00+00:00,113.22,day_ahead
2025-05-26 07:00:00+00:00,76.59,day_ahead
2025-05-26 08:00:00+00:00,2.2,day_ahead
2025-05-26 09:00:00+00:00,-0.81,day_ahead
2025-05-26 10:00:00+00:00,-3.0,day_ahead
2025-05-26 12:00:00+00:00,-2.14,day_ahead
2025-05-26 13:00:00+00:00,-3.0,day_ahead
2025-05-26 14:00:00+00:00,-2.0,day_ahead
2025-05-26 15:00:00+00:00,15.1,day_ahead
2025-05-26 16:00:00+00:00,86.0,day_ahead
2025-05-26 17:00:00+00:00,106.05,day_ahead
2025-05-26 18:00:00+00:00,150.0,day_ahead
2025-05-26 19:00:00+00:00,148.07,day_ahead
2025-05-26 20:00:00+00:00,112.0,day_ahead
2025-05-26 21:00:00+00:00,90.68,day_ahead
2025-05-26 22:00:00+00:00,76.77,day_ahead
2025-05-26 23:00:00+00:00,65.69,day_ahead
2025-05-27 00:00:00+00:00,44.9,day_ahead
2025-05-27 01:00:00+00:00,20.0,day_ahead
2025-05-27 02:00:00+00:00,16.4,day_ahead
2025-05-27 03:00:00+00:00,45.5,day_ahead
2025-05-27 04:00:00+00:00,51.4,day_ahead
2025-05-27 05:00:00+00:00,65.23,day_ahead
2025-05-27 06:00:00+00:00,65.77,day_ahead
2025-05-27 07:00:00+00:00,50.17,day_ahead
2025-05-27 08:00:00+00:00,4.26,day_ahead
2025-05-27 09:00:00+00:00,2.94,day_ahead
2025-05-27 10:00:00+00:00,0.02,day_ahead
2025-05-27 11:00:00+00:00,-0.08,day_ahead
2025-05-27 12:00:00+00:00,-0.19,day_ahead
2025-05-27 13:00:00+00:00,2.19,day_ahead
2025-05-27 14:00:00+00:00,49.15,day_ahead
2025-05-27 15:00:00+00:00,99.18,day_ahead
2025-05-27 16:00:00+00:00,107.5,day_ahead
2025-05-27 17:00:00+00:00,119.1,day_ahead
2025-05-27 18:00:00+00:00,141.14,day_ahead
2025-05-27 19:00:00+00:00,111.8,day_ahead
2025-05-27 20:00:00+00:00,100.59,day_ahead
2025-05-27 21:00:00+00:00,82.16,day_ahead
2025-05-27 22:00:00+00:00,70.28,day_ahead
2025-05-27 23:00:00+00:00,61.54,day_ahead
2025-05-28 00:00:00+00:00,60.25,day_ahead
2025-05-28 01:00:00+00:00,53.54,day_ahead
2025-05-28 02:00:00+00:00,57.39,day_ahead
2025-05-28 03:00:00+00:00,65.21,day_ahead
2025-05-28 04:00:00+00:00,85.97,day_ahead
2025-05-28 05:00:00+00:00,102.72,day_ahead
2025-05-28 06:00:00+00:00,128.0,day_ahead
2025-05-28 07:00:00+00:00,100.0,day_ahead
2025-05-28 08:00:00+00:00,69.78,day_ahead
2025-05-28 09:00:00+00:00,61.23,day_ahead
2025-05-28 10:00:00+00:00,56.19,day_ahead
2025-05-28 11:00:00+00:00,49.74,day_ahead
2025-05-28 12:00:00+00:00,45.71,day_ahead
2025-05-28 13:00:00+00:00,36.73,day_ahead
2025-05-28 14:00:00+00:00,57.9,day_ahead
2025-05-28 15:00:00+00:00,74.14,day_ahead
2025-05-28 16:00:00+00:00,94.99,day_ahead
2025-05-28 17:00:00+00:00,117.36,day_ahead
2025-05-28 18:00:00+00:00,127.56,day_ahead
2025-05-28 19:00:00+00:00,166.83,day_ahead
2025-05-28 20:00:00+00:00,138.86,day_ahead
2025-05-28 21:00:00+00:00,104.9,day_ahead
2025-05-28 22:00:00+00:00,112.24,day_ahead
2025-05-28 23:00:00+00:00,108.8,day_ahead
2025-05-29 00:00:00+00:00,102.1,day_ahead
2025-05-29 01:00:00+00:00,101.64,day_ahead
2025-05-29 02:00:00+00:00,102.51,day_ahead
2025-05-29 03:00:00+00:00,99.8,day_ahead
2025-05-29 04:00:00+00:00,98.18,day_ahead
2025-05-29 05:00:00+00:00,93.82,day_ahead
2025-05-29 06:00:00+00:00,90.17,day_ahead
2025-05-29 07:00:00+00:00,73.45,day_ahead
2025-05-29 08:00:00+00:00,28.13,day_ahead
2025-05-29 09:00:00+00:00,2.33,day_ahead
2025-05-29 10:00:00+00:00,0.0,day_ahead
2025-05-29 11:00:00+00:00,-2.0,day_ahead
2025-05-29 13:00:00+00:00,-2.76,day_ahead
2025-05-29 14:00:00+00:00,-1.59,day_ahead
2025-05-29 15:00:00+00:00,20.0,day_ahead
2025-05-29 16:00:00+00:00,59.62,day_ahead
2025-05-29 17:00:00+00:00,73.51,day_ahead
2025-05-29 18:00:00+00:00,75.2,day_ahead
2025-05-29 19:00:00+00:00,73.4,day_ahead
2025-05-29 20:00:00+00:00,76.3,day_ahead
2025-05-29 21:00:00+00:00,57.0,day_ahead
2025-05-29 22:00:00+00:00,44.9,day_ahead
2025-05-29 23:00:00+00:00,27.46,day_ahead
2025-05-30 00:00:00+00:00,33.48,day_ahead
2025-05-30 01:00:00+00:00,33.95,day_ahead
2025-05-30 02:00:00+00:00,37.39,day_ahead
2025-05-30 03:00:00+00:00,55.08,day_ahead
2025-05-30 04:00:00+00:00,67.73,day_ahead
2025-05-30 05:00:00+00:00,68.38,day_ahead
2025-05-30 06:00:00+00:00,53.01,day_ahead
2025-05-30 07:00:00+00:00,29.13,day_ahead
2025-05-30 08:00:00+00:00,1.83,day_ahead
2025-05-30 09:00:00+00:00,-0.05,day_ahead
2025-05-30 10:00:00+00:00,-0.71,day_ahead
2025-05-30 11:00:00+00:00,-2.82,day_ahead
2025-05-30 12:00:00+00:00,-3.19,day_ahead
2025-05-30 13:00:00+00:00,-1.72,day_ahead
2025-05-30 14:00:00+00:00,-0.03,day_ahead
2025-05-30 15:00:00+00:00,7.0,day_ahead
2025-05-30 16:00:00+00:00,70.04,day_ahead
2025-05-30 17:00:00+00:00,110.0,day_ahead
2025-05-30 18:00:00+00:00,135.27,day_ahead
2025-05-30 19:00:00+00:00,150.18,day_ahead
2025-05-30 20:00:00+00:00,130.19,day_ahead
2025-05-30 21:00:00+00:00,108.15,day_ahead
2025-05-30 22:00:00+00:00,107.0,day_ahead
2025-05-30 23:00:00+00:00,97.7,day_ahead
2025-05-31 00:00:00+00:00,94.81,day_ahead
2025-05-31 01:00:00+00:00,93.63,day_ahead
2025-05-31 02:00:00+00:00,94.13,day_ahead
2025-05-31 03:00:00+00:00,92.58,day_ahead
2025-05-31 04:00:00+00:00,94.79,day_ahead
2025-05-31 05:00:00+00:00,85.8,day_ahead
2025-05-31 06:00:00+00:00,53.81,day_ahead
2025-05-31 07:00:00+00:00,1.0,day_ahead
2025-05-31 08:00:00+00:00,-0.02,day_ahead
2025-05-31 09:00:00+00:00,-1.0,day_ahead
2025-05-31 10:00:00+00:00,-3.07,day_ahead
2025-05-31 11:00:00+00:00,-13.17,day_ahead
2025-05-31 12:00:00+00:00,-7.75,day_ahead
2025-05-31 13:00:00+00:00,-3.0,day_ahead
2025-05-31 14:00:00+00:00,-0.05,day_ahead
2025-05-31 15:00:00+00:00,36.5,day_ahead
2025-05-31 16:00:00+00:00,88.85,day_ahead
2025-05-31 17:00:00+00:00,131.41,day_ahead
2025-05-31 18:00:00+00:00,192.35,day_ahead
2025-05-31 19:00:00+00:00,192.37,day_ahead
2025-05-31 20:00:00+00:00,135.76,day_ahead
2025-05-31 21:00:00+00:00,99.79,day_ahead
2025-05-31 22:00:00+00:00,98.4,day_ahead
2025-05-31 23:00:00+00:00,85.22,day_ahead
2025-06-01 00:00:00+00:00,86.56,day_ahead
2025-06-01 01:00:00+00:00,80.6,day_ahead
2025-06-01 02:00:00+00:00,78.53,day_ahead
2025-06-01 03:00:00+00:00,70.66,day_ahead
2025-06-01 04:00:00+00:00,37.45,day_ahead
2025-06-01 05:00:00+00:00,13.0,day_ahead
2025-06-01 06:00:00+00:00,2.4,day_ahead
2025-06-01 07:00:00+00:00,-0.01,day_ahead
2025-06-01 08:00:00+00:00,-0.6,day_ahead
2025-06-01 09:00:00+00:00,-2.11,day_ahead
2025-06-01 10:00:00+00:00,-5.48,day_ahead
2025-06-01 11:00:00+00:00,-12.93,day_ahead
2025-06-01 12:00:00+00:00,-20.41,day_ahead
2025-06-01 13:00:00+00:00,-15.61,day_ahead
2025-06-01 14:00:00+00:00,-6.0,day_ahead
2025-06-01 15:00:00+00:00,-0.91,day_ahead
2025-06-01 16:00:00+00:00,17.0,day_ahead
2025-06-01 17:00:00+00:00,71.81,day_ahead
2025-06-01 18:00:00+00:00,89.66,day_ahead
2025-06-01 19:00:00+00:00,114.9,day_ahead
2025-06-01 20:00:00+00:00,101.98,day_ahead
2025-06-01 21:00:00+00:00,83.54,day_ahead
2025-06-01 22:00:00+00:00,75.3,day_ahead
2025-06-01 23:00:00+00:00,70.0,day_ahead
2025-06-02 00:00:00+00:00,71.65,day_ahead
2025-06-02 01:00:00+00:00,73.71,day_ahead
2025-06-02 02:00:00+00:00,76.6,day_ahead
2025-06-02 03:00:00+00:00,82.57,day_ahead
2025-06-02 04:00:00+00:00,105.1,day_ahead
2025-06-02 05:00:00+00:00,123.86,day_ahead
2025-06-02 06:00:00+00:00,105.4,day_ahead
2025-06-02 07:00:00+00:00,82.56,day_ahead
2025-06-02 08:00:00+00:00,54.19,day_ahead
2025-06-02 09:00:00+00:00,33.21,day_ahead
2025-06-02 10:00:00+00:00,20.0,day_ahead
2025-06-02 11:00:00+00:00,12.78,day_ahead
2025-06-02 12:00:00+00:00,11.0,day_ahead
2025-06-02 13:00:00+00:00,19.75,day_ahead
2025-06-02 14:00:00+00:00,48.31,day_ahead
2025-06-02 15:00:00+00:00,71.98,day_ahead
2025-06-02 16:00:00+00:00,86.78,day_ahead
2025-06-02 17:00:00+00:00,109.66,day_ahead
2025-06-02 18:00:00+00:00,189.36,day_ahead
2025-06-02 19:00:00+00:00,239.26,day_ahead
2025-06-02 20:00:00+00:00,143.11,day_ahead
2025-06-02 21:00:00+00:00,106.36,day_ahead
2025-06-02 22:00:00+00:00,100.73,day_ahead
2025-06-02 23:00:00+00:00,96.0,day_ahead
2025-06-03 00:00:00+00:00,94.03,day_ahead
2025-06-03 01:00:00+00:00,85.44,day_ahead
2025-06-03 02:00:00+00:00,81.58,day_ahead
2025-06-03 03:00:00+00:00,91.83,day_ahead
2025-06-03 04:00:00+00:00,112.33,day_ahead
2025-06-03 05:00:00+00:00,101.21,day_ahead
2025-06-03 06:00:00+00:00,77.4,day_ahead
2025-06-03 07:00:00+00:00,32.2,day_ahead
2025-06-03 08:00:00+00:00,0.0,day_ahead
2025-06-03 09:00:00+00:00,-2.0,day_ahead
2025-06-03 11:00:00+00:00,-3.0,day_ahead
2025-06-03 12:00:00+00:00,-10.0,day_ahead
2025-06-03 13:00:00+00:00,-5.0,day_ahead
2025-06-03 14:00:00+00:00,-2.0,day_ahead
2025-06-03 15:00:00+00:00,0.1,day_ahead
2025-06-03 16:00:00+00:00,69.9,day_ahead
2025-06-03 17:00:00+00:00,94.91,day_ahead
2025-06-03 18:00:00+00:00,123.79,day_ahead
2025-06-03 19:00:00+00:00,105.61,day_ahead
2025-06-03 20:00:00+00:00,103.98,day_ahead
2025-06-03 21:00:00+00:00,93.37,day_ahead
2025-06-03 22:00:00+00:00,71.27,day_ahead
2025-06-03 23:00:00+00:00,62.77,day_ahead
2025-06-04 00:00:00+00:00,60.93,day_ahead
2025-06-04 01:00:00+00:00,61.32,day_ahead
2025-06-04 02:00:00+00:00,64.11,day_ahead
2025-06-04 03:00:00+00:00,75.17,day_ahead
2025-06-04 04:00:00+00:00,108.32,day_ahead
2025-06-04 05:00:00+00:00,115.78,day_ahead
2025-06-04 06:00:00+00:00,112.4,day_ahead
2025-06-04 07:00:00+00:00,102.95,day_ahead
2025-06-04 08:00:00+00:00,70.68,day_ahead
2025-06-04 09:00:00+00:00,45.0,day_ahead
2025-06-04 10:00:00+00:00,19.96,day_ahead
2025-06-04 11:00:00+00:00,9.69,day_ahead
2025-06-04 12:00:00+00:00,16.0,day_ahead
2025-06-04 13:00:00+00:00,34.61,day_ahead
2025-06-04 14:00:00+00:00,46.91,day_ahead
2025-06-04 15:00:00+00:00,73.1,day_ahead
2025-06-04 16:00:00+00:00,95.0,day_ahead
2025-06-04 17:00:00+00:00,108.0,day_ahead
2025-06-04 18:00:00+00:00,137.57,day_ahead
2025-06-04 19:00:00+00:00,136.0,day_ahead
2025-06-04 20:00:00+00:00,117.89,day_ahead
2025-06-04 21:00:00+00:00,100.52,day_ahead
2025-06-04 22:00:00+00:00,95.82,day_ahead
2025-06-04 23:00:00+00:00,85.97,day_ahead
2025-06-05 00:00:00+00:00,80.48,day_ahead
2025-06-05 01:00:00+00:00,79.79,day_ahead
2025-06-05 02:00:00+00:00,80.57,day_ahead
2025-06-05 03:00:00+00:00,81.0,day_ahead
2025-06-05 04:00:00+00:00,113.78,day_ahead
2025-06-05 05:00:00+00:00,116.85,day_ahead
2025-06-05 06:00:00+00:00,112.78,day_ahead
2025-06-05 07:00:00+00:00,92.2,day_ahead
2025-06-05 08:00:00+00:00,65.01,day_ahead
2025-06-05 09:00:00+00:00,45.03,day_ahead
2025-06-05 10:00:00+00:00,21.15,day_ahead
2025-06-05 11:00:00+00:00,11.03,day_ahead
2025-06-05 12:00:00+00:00,7.6,day_ahead
2025-06-05 13:00:00+00:00,19.87,day_ahead
2025-06-05 14:00:00+00:00,57.5,day_ahead
2025-06-05 15:00:00+00:00,72.98,day_ahead
2025-06-05 16:00:00+00:00,94.44,day_ahead
2025-06-05 17:00:00+00:00,107.13,day_ahead
2025-06-05 18:00:00+00:00,126.2,day_ahead
2025-06-05 19:00:00+00:00,120.37,day_ahead
2025-06-05 20:00:00+00:00,103.39,day_ahead
2025-06-05 21:00:00+00:00,81.9,day_ahead
2025-06-05 22:00:00+00:00,70.21,day_ahead
2025-06-05 23:00:00+00:00,58.35,day_ahead
2025-06-06 00:00:00+00:00,59.9,day_ahead
2025-06-06 01:00:00+00:00,55.27,day_ahead
2025-06-06 02:00:00+00:00,48.14,day_ahead
2025-06-06 03:00:00+00:00,54.48,day_ahead
2025-06-06 04:00:00+00:00,64.19,day_ahead
2025-06-06 05:00:00+00:00,68.97,day_ahead
2025-06-06 06:00:00+00:00,56.56,day_ahead
2025-06-06 07:00:00+00:00,4.07,day_ahead
2025-06-06 08:00:00+00:00,-0.01,day_ahead
2025-06-06 09:00:00+00:00,-0.2,day_ahead
2025-06-06 10:00:00+00:00,-2.0,day_ahead
2025-06-06 11:00:00+00:00,-3.94,day_ahead
2025-06-06 12:00:00+00:00,-4.2,day_ahead
2025-06-06 13:00:00+00:00,-3.69,day_ahead
2025-06-06 14:00:00+00:00,-0.03,day_ahead
2025-06-06 15:00:00+00:00,1.0,day_ahead
2025-06-06 16:00:00+00:00,46.29,day_ahead
2025-06-06 17:00:00+00:00,82.76,day_ahead
2025-06-06 18:00:00+00:00,111.05,day_ahead
2025-06-06 19:00:00+00:00,129.29,day_ahead
2025-06-06 20:00:00+00:00,127.72,day_ahead
2025-06-06 21:00:00+00:00,103.41,day_ahead
2025-06-06 22:00:00+00:00,100.46,day_ahead
2025-06-06 23:00:00+00:00,94.6,day_ahead
2025-06-07 00:00:00+00:00,87.66,day_ahead
2025-06-07 01:00:00+00:00,94.0,day_ahead
2025-06-07 02:00:00+00:00,94.75,day_ahead
2025-06-07 03:00:00+00:00,94.49,day_ahead
2025-06-07 04:00:00+00:00,95.0,day_ahead
2025-06-07 05:00:00+00:00,98.69,day_ahead
2025-06-07 06:00:00+00:00,90.41,day_ahead
2025-06-07 07:00:00+00:00,75.25,day_ahead
2025-06-07 08:00:00+00:00,34.05,day_ahead
2025-06-07 09:00:00+00:00,9.44,day_ahead
2025-06-07 10:00:00+00:00,1.19,day_ahead
2025-06-07 11:00:00+00:00,-0.01,day_ahead
2025-06-07 12:00:00+00:00,-0.02,day_ahead
2025-06-07 14:00:00+00:00,-0.61,day_ahead
2025-06-07 15:00:00+00:00,23.24,day_ahead
2025-06-07 16:00:00+00:00,65.04,day_ahead
2025-06-07 17:00:00+00:00,82.0,day_ahead
2025-06-07 18:00:00+00:00,126.53,day_ahead
2025-06-07 19:00:00+00:00,128.0,day_ahead
2025-06-07 20:00:00+00:00,111.56,day_ahead
2025-06-07 21:00:00+00:00,82.0,day_ahead
2025-06-07 22:00:00+00:00,95.02,day_ahead
2025-06-07 23:00:00+00:00,81.82,day_ahead
2025-06-08 00:00:00+00:00,73.87,day_ahead
2025-06-08 01:00:00+00:00,63.39,day_ahead
2025-06-08 02:00:00+00:00,57.17,day_ahead
2025-06-08 03:00:00+00:00,47.32,day_ahead
2025-06-08 04:00:00+00:00,33.07,day_ahead
2025-06-08 05:00:00+00:00,3.09,day_ahead
2025-06-08 06:00:00+00:00,0.0,day_ahead
2025-06-08 07:00:00+00:00,-0.5,day_ahead
2025-06-08 08:00:00+00:00,-2.0,day_ahead
2025-06-08 09:00:00+00:00,-8.1,day_ahead
2025-06-08 10:00:00+00:00,-19.85,day_ahead
2025-06-08 11:00:00+00:00,-39.92,day_ahead
2025-06-08 12:00:00+00:00,-52.83,day_ahead
2025-06-08 13:00:00+00:00,-52.99,day_ahead
2025-06-08 14:00:00+00:00,-35.97,day_ahead
2025-06-08 15:00:00+00:00,-14.06,day_ahead
2025-06-08 16:00:00+00:00,0.01,day_ahead
2025-06-08 17:00:00+00:00,39.99,day_ahead
2025-06-08 18:00:00+00:00,82.7,day_ahead
2025-06-08 19:00:00+00:00,94.68,day_ahead
2025-06-08 20:00:00+00:00,130.13,day_ahead
2025-06-08 21:00:00+00:00,113.4,day_ahead
2025-06-08 22:00:00+00:00,110.91,day_ahead
2025-06-08 23:00:00+00:00,86.0,day_ahead
2025-06-09 00:00:00+00:00,65.0,day_ahead
2025-06-09 01:00:00+00:00,60.9,day_ahead
2025-06-09 02:00:00+00:00,69.9,day_ahead
2025-06-09 03:00:00+00:00,70.0,day_ahead
2025-06-09 04:00:00+00:00,59.82,day_ahead
2025-06-09 05:00:00+00:00,54.78,day_ahead
2025-06-09 06:00:00+00:00,5.13,day_ahead
2025-06-09 07:00:00+00:00,0.0,day_ahead
2025-06-09 08:00:00+00:00,-0.97,day_ahead
2025-06-09 09:00:00+00:00,-3.4,day_ahead
2025-06-09 10:00:00+00:00,-9.03,day_ahead
2025-06-09 11:00:00+00:00,-18.45,day_ahead
2025-06-09 12:00:00+00:00,-15.66,day_ahead
2025-06-09 13:00:00+00:00,-4.16,day_ahead
2025-06-09 14:00:00+00:00,-0.85,day_ahead
2025-06-09 15:00:00+00:00,2.16,day_ahead
2025-06-09 16:00:00+00:00,65.85,day_ahead
2025-06-09 17:00:00+00:00,111.28,day_ahead
2025-06-09 18:00:00+00:00,134.27,day_ahead
2025-06-09 19:00:00+00:00,146.69,day_ahead
2025-06-09 20:00:00+00:00,130.0,day_ahead
2025-06-09 21:00:00+00:00,96.12,day_ahead
2025-06-09 22:00:00+00:00,82.96,day_ahead
2025-06-09 23:00:00+00:00,74.7,day_ahead
2025-06-10 00:00:00+00:00,67.8,day_ahead
2025-06-10 01:00:00+00:00,57.71,day_ahead
2025-06-10 02:00:00+00:00,51.92,day_ahead
2025-06-10 03:00:00+00:00,56.04,day_ahead
2025-06-10 04:00:00+00:00,67.71,day_ahead
2025-06-10 05:00:00+00:00,80.22,day_ahead
2025-06-10 06:00:00+00:00,80.0,day_ahead
2025-06-10 07:00:00+00:00,65.09,day_ahead
2025-06-10 08:00:00+00:00,21.25,day_ahead
2025-06-10 09:00:00+00:00,13.8,day_ahead
2025-06-10 10:00:00+00:00,0.1,day_ahead
2025-06-10 11:00:00+00:00,5.05,day_ahead
2025-06-10 12:00:00+00:00,5.0,day_ahead
2025-06-10 13:00:00+00:00,0.99,day_ahead
2025-06-10 14:00:00+00:00,10.0,day_ahead
2025-06-10 15:00:00+00:00,59.66,day_ahead
2025-06-10 16:00:00+00:00,87.18,day_ahead
2025-06-10 17:00:00+00:00,102.43,day_ahead
2025-06-10 18:00:00+00:00,113.33,day_ahead
2025-06-10 19:00:00+00:00,123.3,day_ahead
2025-06-10 20:00:00+00:00,113.37,day_ahead
2025-06-10 21:00:00+00:00,104.95,day_ahead
2025-06-10 22:00:00+00:00,114.31,day_ahead
2025-06-10 23:00:00+00:00,92.0,day_ahead
2025-06-11 00:00:00+00:00,83.75,day_ahead
2025-06-11 01:00:00+00:00,95.0,day_ahead
2025-06-11 02:00:00+00:00,86.0,day_ahead
2025-06-11 03:00:00+00:00,90.0,day_ahead
2025-06-11 04:00:00+00:00,112.19,day_ahead
2025-06-11 05:00:00+00:00,120.2,day_ahead
2025-06-11 06:00:00+00:00,100.0,day_ahead
2025-06-11 07:00:00+00:00,85.39,day_ahead
2025-06-11 08:00:00+00:00,31.91,day_ahead
2025-06-11 09:00:00+00:00,1.2,day_ahead
2025-06-11 10:00:00+00:00,-0.2,day_ahead
2025-06-11 11:00:00+00:00,-0.64,day_ahead
2025-06-11 12:00:00+00:00,-3.0,day_ahead
2025-06-11 13:00:00+00:00,-1.59,day_ahead
2025-06-11 14:00:00+00:00,2.0,day_ahead
2025-06-11 15:00:00+00:00,64.04,day_ahead
2025-06-11 16:00:00+00:00,99.7,day_ahead
2025-06-11 17:00:00+00:00,130.32,day_ahead
2025-06-11 18:00:00+00:00,208.38,day_ahead
2025-06-11 19:00:00+00:00,180.0,day_ahead
2025-06-11 20:00:00+00:00,119.34,day_ahead
2025-06-11 21:00:00+00:00,96.68,day_ahead
2025-06-11 22:00:00+00:00,92.97,day_ahead
2025-06-11 23:00:00+00:00,87.06,day_ahead
2025-06-12 00:00:00+00:00,80.0,day_ahead
2025-06-12 02:00:00+00:00,82.37,day_ahead
2025-06-12 03:00:00+00:00,87.36,day_ahead
2025-06-12 04:00:00+00:00,105.73,day_ahead
2025-06-12 05:00:00+00:00,98.72,day_ahead
2025-06-12 06:00:00+00:00,78.93,day_ahead
2025-06-12 07:00:00+00:00,36.09,day_ahead
2025-06-12 08:00:00+00:00,0.0,day_ahead
2025-06-12 09:00:00+00:00,-2.0,day_ahead
2025-06-12 10:00:00+00:00,-17.66,day_ahead
2025-06-12 11:00:00+00:00,-30.96,day_ahead
2025-06-12 12:00:00+00:00,-31.29,day_ahead
2025-06-12 13:00:00+00:00,-14.0,day_ahead
2025-06-12 14:00:00+00:00,-2.78,day_ahead
2025-06-12 15:00:00+00:00,14.9,day_ahead
2025-06-12 16:00:00+00:00,79.96,day_ahead
2025-06-12 17:00:00+00:00,112.39,day_ahead
2025-06-12 18:00:00+00:00,132.0,day_ahead
2025-06-12 19:00:00+00:00,113.33,day_ahead
2025-06-12 20:00:00+00:00,105.94,day_ahead
2025-06-12 21:00:00+00:00,94.9,day_ahead
2025-06-12 22:00:00+00:00,87.71,day_ahead
2025-06-12 23:00:00+00:00,87.0,day_ahead
2025-06-13 00:00:00+00:00,89.9,day_ahead
2025-06-13 01:00:00+00:00,91.0,day_ahead
2025-06-13 02:00:00+00:00,97.54,day_ahead
2025-06-13 03:00:00+00:00,100.0,day_ahead
2025-06-13 04:00:00+00:00,109.25,day_ahead
2025-06-13 05:00:00+00:00,121.6,day_ahead
2025-06-13 06:00:00+00:00,115.0,day_ahead
2025-06-13 07:00:00+00:00,80.0,day_ahead
2025-06-13 08:00:00+00:00,23.0,day_ahead
2025-06-13 09:00:00+00:00,0.69,day_ahead
2025-06-13 10:00:00+00:00,-0.08,day_ahead
2025-06-13 11:00:00+00:00,-0.29,day_ahead
2025-06-13 12:00:00+00:00,-1.45,day_ahead
2025-06-13 13:00:00+00:00,-1.38,day_ahead
2025-06-13 14:00:00+00:00,1.03,day_ahead
2025-06-13 15:00:00+00:00,68.9,day_ahead
2025-06-13 16:00:00+00:00,95.0,day_ahead
2025-06-13 17:00:00+00:00,122.39,day_ahead
2025-06-13 18:00:00+00:00,123.0,day_ahead
2025-06-13 19:00:00+00:00,121.0,day_ahead
2025-06-13 20:00:00+00:00,108.6,day_ahead
2025-06-13 21:00:00+00:00,93.9,day_ahead
2025-06-13 22:00:00+00:00,96.0,day_ahead
2025-06-13 23:00:00+00:00,78.5,day_ahead
2025-06-14 00:00:00+00:00,91.1,day_ahead
2025-06-14 01:00:00+00:00,83.21,day_ahead
2025-06-14 02:00:00+00:00,96.0,day_ahead
2025-06-14 03:00:00+00:00,97.5,day_ahead
2025-06-14 04:00:00+00:00,84.0,day_ahead
2025-06-14 05:00:00+00:00,85.89,day_ahead
2025-06-14 06:00:00+00:00,24.0,day_ahead
2025-06-14 07:00:00+00:00,0.0,day_ahead
2025-06-14 08:00:00+00:00,-0.81,day_ahead
2025-06-14 09:00:00+00:00,-4.99,day_ahead
2025-06-14 10:00:00+00:00,-14.56,day_ahead
2025-06-14 11:00:00+00:00,-19.5,day_ahead
2025-06-14 12:00:00+00:00,-24.37,day_ahead
2025-06-14 13:00:00+00:00,-6.7,day_ahead
2025-06-14 14:00:00+00:00,-0.37,day_ahead
2025-06-14 15:00:00+00:00,8.86,day_ahead
2025-06-14 16:00:00+00:00,72.39,day_ahead
2025-06-14 17:00:00+00:00,112.82,day_ahead
2025-06-14 18:00:00+00:00,121.77,day_ahead
2025-06-14 19:00:00+00:00,126.8,day_ahead
2025-06-14 20:00:00+00:00,120.1,day_ahead
2025-06-14 21:00:00+00:00,111.21,day_ahead
2025-06-14 22:00:00+00:00,97.1,day_ahead
2025-06-14 23:00:00+00:00,99.4,day_ahead
2025-06-15 00:00:00+00:00,95.1,day_ahead
2025-06-15 01:00:00+00:00,94.86,day_ahead
2025-06-15 02:00:00+00:00,94.35,day_ahead
2025-06-15 03:00:00+00:00,94.38,day_ahead
2025-06-15 04:00:00+00:00,89.1,day_ahead
2025-06-15 05:00:00+00:00,73.0,day_ahead
2025-06-15 06:00:00+00:00,53.86,day_ahead
2025-06-15 07:00:00+00:00,5.55,day_ahead
2025-06-15 08:00:00+00:00,0.0,day_ahead
2025-06-15 09:00:00+00:00,-0.02,day_ahead
2025-06-15 10:00:00+00:00,-1.24,day_ahead
2025-06-15 11:00:00+00:00,-5.63,day_ahead
2025-06-15 12:00:00+00:00,-5.0,day_ahead
2025-06-15 13:00:00+00:00,-2.0,day_ahead
2025-06-15 14:00:00+00:00,-0.01,day_ahead
2025-06-15 15:00:00+00:00,45.02,day_ahead
2025-06-15 16:00:00+00:00,86.67,day_ahead
2025-06-15 17:00:00+00:00,101.48,day_ahead
2025-06-15 18:00:00+00:00,125.0,day_ahead
2025-06-15 19:00:00+00:00,140.32,day_ahead
2025-06-15 20:00:00+00:00,135.62,day_ahead
2025-06-15 21:00:00+00:00,106.54,day_ahead
2025-06-15 22:00:00+00:00,117.1,day_ahead
2025-06-15 23:00:00+00:00,97.79,day_ahead
2025-06-16 00:00:00+00:00,97.57,day_ahead
2025-06-16 01:00:00+00:00,84.0,day_ahead
2025-06-16 02:00:00+00:00,83.21,day_ahead
2025-06-16 03:00:00+00:00,99.04,day_ahead
2025-06-16 04:00:00+00:00,115.57,day_ahead
2025-06-16 05:00:00+00:00,125.0,day_ahead
2025-06-16 06:00:00+00:00,119.24,day_ahead
2025-06-16 07:00:00+00:00,95.04,day_ahead
2025-06-16 08:00:00+00:00,57.11,day_ahead
2025-06-16 09:00:00+00:00,13.83,day_ahead
2025-06-16 10:00:00+00:00,2.11,day_ahead
2025-06-16 11:00:00+00:00,0.79,day_ahead
2025-06-16 12:00:00+00:00,0.7,day_ahead
2025-06-16 13:00:00+00:00,1.15,day_ahead
2025-06-16 14:00:00+00:00,13.61,day_ahead
2025-06-16 15:00:00+00:00,69.08,day_ahead
2025-06-16 16:00:00+00:00,98.7,day_ahead
2025-06-16 17:00:00+00:00,117.93,day_ahead
2025-06-16 18:00:00+00:00,186.1,day_ahead
2025-06-16 19:00:00+00:00,190.0,day_ahead
2025-06-16 20:00:00+00:00,133.67,day_ahead
2025-06-16 21:00:00+00:00,112.0,day_ahead
2025-06-16 22:00:00+00:00,106.0,day_ahead
2025-06-16 23:00:00+00:00,101.77,day_ahead
2025-06-17 00:00:00+00:00,97.12,day_ahead
2025-06-17 01:00:00+00:00,95.82,day_ahead
2025-06-17 02:00:00+00:00,97.33,day_ahead
2025-06-17 03:00:00+00:00,103.83,day_ahead
2025-06-17 04:00:00+00:00,120.9,day_ahead
2025-06-17 05:00:00+00:00,108.45,day_ahead
2025-06-17 06:00:00+00:00,101.0,day_ahead
2025-06-17 07:00:00+00:00,86.52,day_ahead
2025-06-17 08:00:00+00:00,4.38,day_ahead
2025-06-17 09:00:00+00:00,-0.36,day_ahead
2025-06-17 10:00:00+00:00,-0.55,day_ahead
2025-06-17 11:00:00+00:00,-2.43,day_ahead
2025-06-17 12:00:00+00:00,-2.74,day_ahead
2025-06-17 13:00:00+00:00,-1.63,day_ahead
2025-06-17 14:00:00+00:00,10.0,day_ahead
2025-06-17 15:00:00+00:00,80.1,day_ahead
2025-06-17 16:00:00+00:00,105.0,day_ahead
2025-06-17 17:00:00+00:00,128.0,day_ahead
2025-06-17 18:00:00+00:00,237.6,day_ahead
2025-06-17 19:00:00+00:00,235.69,day_ahead
2025-06-17 20:00:00+00:00,140.39,day_ahead
2025-06-17 21:00:00+00:00,116.58,day_ahead
2025-06-17 22:00:00+00:00,113.0,day_ahead
2025-06-17 23:00:00+00:00,107.08,day_ahead
2025-06-18 00:00:00+00:00,101.61,day_ahead
2025-06-18 01:00:00+00:00,96.34,day_ahead
2025-06-18 02:00:00+00:00,97.33,day_ahead
2025-06-18 03:00:00+00:00,104.43,day_ahead
2025-06-18 04:00:00+00:00,113.15,day_ahead
2025-06-18 05:00:00+00:00,115.62,day_ahead
2025-06-18 06:00:00+00:00,115.3,day_ahead
2025-06-18 07:00:00+00:00,89.64,day_ahead
2025-06-18 08:00:00+00:00,21.78,day_ahead
2025-06-18 09:00:00+00:00,1.17,day_ahead
2025-06-18 10:00:00+00:00,-0.13,day_ahead
2025-06-18 11:00:00+00:00,-0.48,day_ahead
2025-06-18 12:00:00+00:00,-1.04,day_ahead
2025-06-18 13:00:00+00:00,-0.3,day_ahead
2025-06-18 14:00:00+00:00,2.22,day_ahead
2025-06-18 15:00:00+00:00,73.12,day_ahead
2025-06-18 16:00:00+00:00,105.38,day_ahead
2025-06-18 17:00:00+00:00,116.89,day_ahead
2025-06-18 18:00:00+00:00,141.39,day_ahead
2025-06-18 19:00:00+00:00,175.32,day_ahead
2025-06-18 20:00:00+00:00,136.07,day_ahead
2025-06-18 21:00:00+00:00,120.0,day_ahead
2025-06-18 22:00:00+00:00,111.79,day_ahead
2025-06-18 23:00:00+00:00,109.08,day_ahead
2025-06-19 00:00:00+00:00,107.4,day_ahead
2025-06-19 01:00:00+00:00,104.27,day_ahead
2025-06-19 02:00:00+00:00,104.23,day_ahead
2025-06-19 03:00:00+00:00,107.6,day_ahead
2025-06-19 04:00:00+00:00,104.9,day_ahead
2025-06-19 05:00:00+00:00,100.47,day_ahead
2025-06-19 06:00:00+00:00,89.56,day_ahead
2025-06-19 07:00:00+00:00,9.75,day_ahead
2025-06-19 08:00:00+00:00,-0.58,day_ahead
2025-06-19 09:00:00+00:00,-9.02,day_ahead
2025-06-19 10:00:00+00:00,-6.02,day_ahead
2025-06-19 11:00:00+00:00,-6.07,day_ahead
2025-06-19 12:00:00+00:00,-5.09,day_ahead
2025-06-19 13:00:00+00:00,-7.84,day_ahead
2025-06-19 14:00:00+00:00,-3.12,day_ahead
2025-06-19 15:00:00+00:00,6.59,day_ahead
2025-06-19 16:00:00+00:00,84.41,day_ahead
2025-06-19 17:00:00+00:00,118.78,day_ahead
2025-06-19 18:00:00+00:00,141.56,day_ahead
2025-06-19 19:00:00+00:00,146.97,day_ahead
2025-06-19 20:00:00+00:00,130.8,day_ahead
2025-06-19 21:00:00+00:00,110.0,day_ahead
2025-06-19 22:00:00+00:00,109.01,day_ahead
2025-06-19 23:00:00+00:00,104.57,day_ahead
2025-06-20 00:00:00+00:00,100.56,day_ahead
2025-06-20 01:00:00+00:00,104.0,day_ahead
2025-06-20 02:00:00+00:00,99.48,day_ahead
2025-06-20 03:00:00+00:00,109.04,day_ahead
2025-06-20 04:00:00+00:00,120.9,day_ahead
2025-06-20 05:00:00+00:00,118.66,day_ahead
2025-06-20 06:00:00+00:00,111.0,day_ahead
2025-06-20 07:00:00+00:00,81.69,day_ahead
2025-06-20 08:00:00+00:00,21.44,day_ahead
2025-06-20 09:00:00+00:00,5.99,day_ahead
2025-06-20 10:00:00+00:00,1.88,day_ahead
2025-06-20 11:00:00+00:00,-0.51,day_ahead
2025-06-20 12:00:00+00:00,-0.08,day_ahead
2025-06-20 13:00:00+00:00,0.78,day_ahead
2025-06-20 14:00:00+00:00,29.61,day_ahead
2025-06-20 15:00:00+00:00,87.73,day_ahead
2025-06-20 16:00:00+00:00,111.23,day_ahead
2025-06-20 17:00:00+00:00,135.4,day_ahead
2025-06-20 18:00:00+00:00,194.78,day_ahead
2025-06-20 19:00:00+00:00,178.63,day_ahead
2025-06-20 20:00:00+00:00,137.05,day_ahead
2025-06-20 21:00:00+00:00,121.38,day_ahead
2025-06-20 22:00:00+00:00,118.52,day_ahead
2025-06-20 23:00:00+00:00,110.48,day_ahead
2025-06-21 00:00:00+00:00,108.15,day_ahead
2025-06-21 01:00:00+00:00,106.3,day_ahead
2025-06-21 02:00:00+00:00,110.0,day_ahead
2025-06-21 03:00:00+00:00,104.94,day_ahead
2025-06-21 04:00:00+00:00,100.75,day_ahead
2025-06-21 05:00:00+00:00,90.74,day_ahead
2025-06-21 06:00:00+00:00,75.93,day_ahead
2025-06-21 07:00:00+00:00,23.4,day_ahead
2025-06-21 08:00:00+00:00,0.49,day_ahead
2025-06-21 09:00:00+00:00,-2.01,day_ahead
2025-06-21 10:00:00+00:00,-12.4,day_ahead
2025-06-21 11:00:00+00:00,-26.06,day_ahead
2025-06-21 12:00:00+00:00,-27.78,day_ahead
2025-06-21 13:00:00+00:00,-3.0,day_ahead
2025-06-21 14:00:00+00:00,0.09,day_ahead
2025-06-21 15:00:00+00:00,60.2,day_ahead
2025-06-21 16:00:00+00:00,100.89,day_ahead
2025-06-21 17:00:00+00:00,127.9,day_ahead
2025-06-21 18:00:00+00:00,156.74,day_ahead
2025-06-21 19:00:00+00:00,165.85,day_ahead
2025-06-21 20:00:00+00:00,141.04,day_ahead
2025-06-21 21:00:00+00:00,119.32,day_ahead
2025-06-21 22:00:00+00:00,106.9,day_ahead
2025-06-21 23:00:00+00:00,101.07,day_ahead
2025-06-22 00:00:00+00:00,99.0,day_ahead
2025-06-22 01:00:00+00:00,90.58,day_ahead
2025-06-22 02:00:00+00:00,87.82,day_ahead
2025-06-22 03:00:00+00:00,80.08,day_ahead
2025-06-22 04:00:00+00:00,67.56,day_ahead
2025-06-22 05:00:00+00:00,26.44,day_ahead
2025-06-22 06:00:00+00:00,0.0,day_ahead
2025-06-22 07:00:00+00:00,-0.09,day_ahead
2025-06-22 08:00:00+00:00,-11.11,day_ahead
2025-06-22 09:00:00+00:00,-18.72,day_ahead
2025-06-22 10:00:00+00:00,-6.0,day_ahead
2025-06-22 11:00:00+00:00,-6.05,day_ahead
2025-06-22 12:00:00+00:00,-9.73,day_ahead
2025-06-22 13:00:00+00:00,-6.78,day_ahead
2025-06-22 14:00:00+00:00,-7.56,day_ahead
2025-06-22 15:00:00+00:00,-0.1,day_ahead
2025-06-22 16:00:00+00:00,59.38,day_ahead
2025-06-22 17:00:00+00:00,102.8,day_ahead
2025-06-22 18:00:00+00:00,121.77,day_ahead
2025-06-22 19:00:00+00:00,131.98,day_ahead
2025-06-22 20:00:00+00:00,124.25,day_ahead
2025-06-22 21:00:00+00:00,101.63,day_ahead
2025-06-22 22:00:00+00:00,66.02,day_ahead
2025-06-22 23:00:00+00:00,58.02,day_ahead
2025-06-23 00:00:00+00:00,56.77,day_ahead
2025-06-23 01:00:00+00:00,56.81,day_ahead
2025-06-23 02:00:00+00:00,63.6,day_ahead
2025-06-23 03:00:00+00:00,73.78,day_ahead
2025-06-23 04:00:00+00:00,80.74,day_ahead
2025-06-23 05:00:00+00:00,83.63,day_ahead
2025-06-23 06:00:00+00:00,73.2,day_ahead
2025-06-23 07:00:00+00:00,18.64,day_ahead
2025-06-23 08:00:00+00:00,0.51,day_ahead
2025-06-23 09:00:00+00:00,-4.48,day_ahead
2025-06-23 10:00:00+00:00,-9.9,day_ahead
2025-06-23 11:00:00+00:00,-20.35,day_ahead
2025-06-23 12:00:00+00:00,-30.0,day_ahead
2025-06-23 13:00:00+00:00,-32.69,day_ahead
2025-06-23 14:00:00+00:00,-23.0,day_ahead
2025-06-23 15:00:00+00:00,-9.9,day_ahead
2025-06-23 16:00:00+00:00,3.79,day_ahead
2025-06-23 17:00:00+00:00,55.07,day_ahead
2025-06-23 18:00:00+00:00,100.0,day_ahead
2025-06-23 19:00:00+00:00,111.0,day_ahead
2025-06-23 20:00:00+00:00,127.0,day_ahead
2025-06-23 21:00:00+00:00,103.87,day_ahead
2025-06-23 22:00:00+00:00,82.84,day_ahead
2025-06-23 23:00:00+00:00,71.67,day_ahead
2025-06-24 00:00:00+00:00,65.08,day_ahead
2025-06-24 01:00:00+00:00,70.0,day_ahead
2025-06-24 02:00:00+00:00,66.52,day_ahead
2025-06-24 03:00:00+00:00,70.43,day_ahead
2025-06-24 04:00:00+00:00,93.47,day_ahead
2025-06-24 05:00:00+00:00,89.9,day_ahead
2025-06-24 06:00:00+00:00,86.86,day_ahead
2025-06-24 07:00:00+00:00,59.2,day_ahead
2025-06-24 08:00:00+00:00,0.0,day_ahead
2025-06-24 09:00:00+00:00,-0.4,day_ahead
2025-06-24 10:00:00+00:00,-2.0,day_ahead
2025-06-24 11:00:00+00:00,-2.68,day_ahead
2025-06-24 12:00:00+00:00,-2.02,day_ahead
2025-06-24 13:00:00+00:00,-2.0,day_ahead
2025-06-24 14:00:00+00:00,-0.39,day_ahead
2025-06-24 15:00:00+00:00,6.72,day_ahead
2025-06-24 16:00:00+00:00,64.39,day_ahead
2025-06-24 17:00:00+00:00,99.11,day_ahead
2025-06-24 18:00:00+00:00,124.85,day_ahead
2025-06-24 19:00:00+00:00,123.49,day_ahead
2025-06-24 20:00:00+00:00,118.97,day_ahead
2025-06-24 21:00:00+00:00,99.19,day_ahead
2025-06-24 22:00:00+00:00,85.6,day_ahead
2025-06-24 23:00:00+00:00,80.2,day_ahead
2025-06-25 01:00:00+00:00,82.9,day_ahead
2025-06-25 02:00:00+00:00,88.0,day_ahead
2025-06-25 03:00:00+00:00,97.0,day_ahead
2025-06-25 04:00:00+00:00,109.1,day_ahead
2025-06-25 05:00:00+00:00,122.6,day_ahead
2025-06-25 06:00:00+00:00,136.0,day_ahead
2025-06-25 07:00:00+00:00,124.3,day_ahead
2025-06-25 08:00:00+00:00,125.0,day_ahead
2025-06-25 09:00:00+00:00,69.55,day_ahead
2025-06-25 10:00:00+00:00,25.1,day_ahead
2025-06-25 11:00:00+00:00,4.27,day_ahead
2025-06-25 12:00:00+00:00,4.59,day_ahead
2025-06-25 13:00:00+00:00,8.88,day_ahead
2025-06-25 14:00:00+00:00,25.27,day_ahead
2025-06-25 15:00:00+00:00,85.07,day_ahead
2025-06-25 16:00:00+00:00,106.29,day_ahead
2025-06-25 17:00:00+00:00,134.82,day_ahead
2025-06-25 18:00:00+00:00,200.0,day_ahead
2025-06-25 19:00:00+00:00,247.02,day_ahead
2025-06-25 20:00:00+00:00,173.62,day_ahead
2025-06-25 21:00:00+00:00,123.78,day_ahead
2025-06-25 22:00:00+00:00,119.95,day_ahead
2025-06-25 23:00:00+00:00,106.37,day_ahead
2025-06-26 00:00:00+00:00,101.31,day_ahead
2025-06-26 01:00:00+00:00,95.18,day_ahead
2025-06-26 02:00:00+00:00,95.62,day_ahead
2025-06-26 03:00:00+00:00,99.43,day_ahead
2025-06-26 04:00:00+00:00,116.12,day_ahead
2025-06-26 05:00:00+00:00,120.19,day_ahead
2025-06-26 06:00:00+00:00,106.79,day_ahead
2025-06-26 07:00:00+00:00,95.7,day_ahead
2025-06-26 08:00:00+00:00,93.03,day_ahead
2025-06-26 09:00:00+00:00,77.89,day_ahead
2025-06-26 10:00:00+00:00,69.8,day_ahead
2025-06-26 11:00:00+00:00,57.38,day_ahead
2025-06-26 12:00:00+00:00,49.16,day_ahead
2025-06-26 13:00:00+00:00,46.73,day_ahead
2025-06-26 14:00:00+00:00,50.0,day_ahead
2025-06-26 15:00:00+00:00,69.66,day_ahead
2025-06-26 16:00:00+00:00,87.74,day_ahead
2025-06-26 17:00:00+00:00,99.0,day_ahead
2025-06-26 18:00:00+00:00,106.86,day_ahead
2025-06-26 19:00:00+00:00,105.16,day_ahead
2025-06-26 20:00:00+00:00,109.9,day_ahead
2025-06-26 21:00:00+00:00,98.0,day_ahead
2025-06-26 22:00:00+00:00,85.41,day_ahead
2025-06-26 23:00:00+00:00,89.24,day_ahead
2025-06-27 00:00:00+00:00,96.05,day_ahead
2025-06-27 01:00:00+00:00,90.1,day_ahead
2025-06-27 02:00:00+00:00,83.19,day_ahead
2025-06-27 03:00:00+00:00,89.24,day_ahead
2025-06-27 04:00:00+00:00,105.54,day_ahead
2025-06-27 05:00:00+00:00,113.2,day_ahead
2025-06-27 06:00:00+00:00,107.7,day_ahead
2025-06-27 07:00:00+00:00,98.42,day_ahead
2025-06-27 08:00:00+00:00,81.25,day_ahead
2025-06-27 09:00:00+00:00,67.45,day_ahead
2025-06-27 10:00:00+00:00,54.55,day_ahead
2025-06-27 11:00:00+00:00,28.3,day_ahead
2025-06-27 12:00:00+00:00,5.3,day_ahead
2025-06-27 13:00:00+00:00,11.55,day_ahead
2025-06-27 14:00:00+00:00,30.0,day_ahead
2025-06-27 15:00:00+00:00,70.68,day_ahead
2025-06-27 16:00:00+00:00,91.63,day_ahead
2025-06-27 17:00:00+00:00,107.67,day_ahead
2025-06-27 18:00:00+00:00,124.48,day_ahead
2025-06-27 19:00:00+00:00,135.05,day_ahead
2025-06-27 20:00:00+00:00,121.86,day_ahead
2025-06-27 21:00:00+00:00,107.62,day_ahead
2025-06-27 22:00:00+00:00,94.83,day_ahead
2025-06-27 23:00:00+00:00,88.24,day_ahead
2025-06-28 00:00:00+00:00,79.98,day_ahead
2025-06-28 01:00:00+00:00,71.51,day_ahead
2025-06-28 02:00:00+00:00,68.0,day_ahead
2025-06-28 03:00:00+00:00,71.68,day_ahead
2025-06-28 04:00:00+00:00,68.72,day_ahead
2025-06-28 05:00:00+00:00,57.35,day_ahead
2025-06-28 06:00:00+00:00,27.8,day_ahead
2025-06-28 07:00:00+00:00,2.34,day_ahead
2025-06-28 08:00:00+00:00,0.01,day_ahead
2025-06-28 09:00:00+00:00,-0.03,day_ahead
2025-06-28 10:00:00+00:00,-0.57,day_ahead
2025-06-28 11:00:00+00:00,-2.0,day_ahead
2025-06-28 12:00:00+00:00,-2.77,day_ahead
2025-06-28 13:00:00+00:00,-1.5,day_ahead
2025-06-28 14:00:00+00:00,-0.5,day_ahead
2025-06-28 15:00:00+00:00,2.73,day_ahead
2025-06-28 16:00:00+00:00,61.73,day_ahead
2025-06-28 17:00:00+00:00,94.83,day_ahead
2025-06-28 18:00:00+00:00,109.0,day_ahead
2025-06-28 19:00:00+00:00,122.4,day_ahead
2025-06-28 20:00:00+00:00,119.67,day_ahead
2025-06-28 21:00:00+00:00,103.5,day_ahead
2025-06-28 22:00:00+00:00,95.07,day_ahead
2025-06-28 23:00:00+00:00,89.42,day_ahead
2025-06-29 00:00:00+00:00,89.66,day_ahead
2025-06-29 01:00:00+00:00,86.82,day_ahead
2025-06-29 02:00:00+00:00,85.5,day_ahead
2025-06-29 03:00:00+00:00,85.3,day_ahead
2025-06-29 04:00:00+00:00,86.46,day_ahead
2025-06-29 05:00:00+00:00,75.13,day_ahead
2025-06-29 06:00:00+00:00,47.57,day_ahead
2025-06-29 07:00:00+00:00,5.34,day_ahead
2025-06-29 08:00:00+00:00,0.0,day_ahead
2025-06-29 09:00:00+00:00,-0.26,day_ahead
2025-06-29 10:00:00+00:00,-8.39,day_ahead
2025-06-29 11:00:00+00:00,-25.0,day_ahead
2025-06-29 12:00:00+00:00,-29.55,day_ahead
2025-06-29 13:00:00+00:00,-9.9,day_ahead
2025-06-29 14:00:00+00:00,-1.5,day_ahead
2025-06-29 15:00:00+00:00,7.99,day_ahead
2025-06-29 16:00:00+00:00,78.0,day_ahead
2025-06-29 17:00:00+00:00,102.14,day_ahead
2025-06-29 18:00:00+00:00,111.98,day_ahead
2025-06-29 19:00:00+00:00,118.07,day_ahead
2025-06-29 20:00:00+00:00,113.73,day_ahead
2025-06-29 21:00:00+00:00,101.0,day_ahead
2025-06-29 22:00:00+00:00,98.73,day_ahead
2025-06-29 23:00:00+00:00,89.03,day_ahead
2025-06-30 00:00:00+00:00,85.03,day_ahead
2025-06-30 01:00:00+00:00,84.13,day_ahead
2025-06-30 02:00:00+00:00,86.11,day_ahead
2025-06-30 03:00:00+00:00,96.0,day_ahead
2025-06-30 04:00:00+00:00,114.9,day_ahead
2025-06-30 05:00:00+00:00,111.7,day_ahead
2025-06-30 06:00:00+00:00,108.17,day_ahead
2025-06-30 07:00:00+00:00,91.94,day_ahead
2025-06-30 08:00:00+00:00,77.41,day_ahead
2025-06-30 09:00:00+00:00,49.86,day_ahead
2025-06-30 10:00:00+00:00,4.77,day_ahead
2025-06-30 11:00:00+00:00,-2.0,day_ahead
2025-06-30 12:00:00+00:00,0.1,day_ahead
2025-06-30 13:00:00+00:00,61.2,day_ahead
2025-06-30 14:00:00+00:00,80.5,day_ahead
2025-06-30 15:00:00+00:00,91.77,day_ahead
2025-06-30 16:00:00+00:00,110.01,day_ahead
2025-06-30 17:00:00+00:00,178.94,day_ahead
2025-06-30 18:00:00+00:00,289.45,day_ahead
2025-06-30 19:00:00+00:00,236.0,day_ahead
2025-06-30 20:00:00+00:00,157.0,day_ahead
2025-06-30 21:00:00+00:00,122.65,day_ahead
2025-06-30 22:00:00+00:00,111.28,day_ahead
2025-06-30 23:00:00+00:00,95.39,day_ahead
2025-07-01 00:00:00+00:00,89.1,day_ahead
2025-07-01 01:00:00+00:00,88.06,day_ahead
2025-07-01 02:00:00+00:00,90.01,day_ahead
2025-07-01 03:00:00+00:00,96.62,day_ahead
2025-07-01 04:00:00+00:00,114.97,day_ahead
2025-07-01 05:00:00+00:00,120.1,day_ahead
2025-07-01 06:00:00+00:00,114.28,day_ahead
2025-07-01 07:00:00+00:00,91.7,day_ahead
2025-07-01 08:00:00+00:00,90.11,day_ahead
2025-07-01 09:00:00+00:00,73.79,day_ahead
2025-07-01 10:00:00+00:00,40.3,day_ahead
2025-07-01 11:00:00+00:00,42.47,day_ahead
2025-07-01 12:00:00+00:00,47.54,day_ahead
2025-07-01 13:00:00+00:00,78.15,day_ahead
2025-07-01 14:00:00+00:00,90.8,day_ahead
2025-07-01 15:00:00+00:00,102.25,day_ahead
2025-07-01 16:00:00+00:00,152.44,day_ahead
2025-07-01 17:00:00+00:00,320.0,day_ahead
2025-07-01 18:00:00+00:00,517.57,day_ahead
2025-07-01 19:00:00+00:00,470.16,day_ahead
2025-07-01 20:00:00+00:00,278.18,day_ahead
2025-07-01 21:00:00+00:00,161.35,day_ahead
2025-07-01 22:00:00+00:00,119.29,day_ahead
2025-07-01 23:00:00+00:00,102.7,day_ahead
2025-07-02 00:00:00+00:00,92.54,day_ahead
2025-07-02 01:00:00+00:00,92.08,day_ahead
2025-07-02 02:00:00+00:00,95.77,day_ahead
2025-07-02 03:00:00+00:00,104.86,day_ahead
2025-07-02 04:00:00+00:00,123.69,day_ahead
2025-07-02 05:00:00+00:00,112.0,day_ahead
2025-07-02 06:00:00+00:00,104.52,day_ahead
2025-07-02 07:00:00+00:00,92.49,day_ahead
2025-07-02 08:00:00+00:00,81.06,day_ahead
2025-07-02 09:00:00+00:00,72.78,day_ahead
2025-07-02 10:00:00+00:00,25.0,day_ahead
2025-07-02 11:00:00+00:00,32.59,day_ahead
2025-07-02 12:00:00+00:00,46.58,day_ahead
2025-07-02 13:00:00+00:00,71.51,day_ahead
2025-07-02 14:00:00+00:00,79.61,day_ahead
2025-07-02 15:00:00+00:00,91.14,day_ahead
2025-07-02 16:00:00+00:00,131.9,day_ahead
2025-07-02 17:00:00+00:00,231.19,day_ahead
2025-07-02 18:00:00+00:00,316.12,day_ahead
2025-07-02 19:00:00+00:00,213.59,day_ahead
2025-07-02 20:00:00+00:00,140.8,day_ahead
2025-07-02 21:00:00+00:00,108.59,day_ahead
2025-07-02 22:00:00+00:00,83.92,day_ahead
2025-07-02 23:00:00+00:00,80.91,day_ahead
2025-07-03 00:00:00+00:00,79.0,day_ahead
2025-07-03 01:00:00+00:00,78.93,day_ahead
2025-07-03 02:00:00+00:00,80.88,day_ahead
2025-07-03 03:00:00+00:00,86.45,day_ahead
2025-07-03 04:00:00+00:00,106.96,day_ahead
2025-07-03 05:00:00+00:00,112.0,day_ahead
2025-07-03 06:00:00+00:00,104.9,day_ahead
2025-07-03 07:00:00+00:00,90.45,day_ahead
2025-07-03 08:00:00+00:00,75.06,day_ahead
2025-07-03 09:00:00+00:00,57.35,day_ahead
2025-07-03 10:00:00+00:00,42.16,day_ahead
2025-07-03 11:00:00+00:00,34.12,day_ahead
2025-07-03 12:00:00+00:00,7.21,day_ahead
2025-07-03 13:00:00+00:00,16.38,day_ahead
2025-07-03 14:00:00+00:00,55.68,day_ahead
2025-07-03 15:00:00+00:00,80.99,day_ahead
2025-07-03 16:00:00+00:00,95.74,day_ahead
2025-07-03 17:00:00+00:00,108.71,day_ahead
2025-07-03 18:00:00+00:00,154.16,day_ahead
2025-07-03 19:00:00+00:00,179.22,day_ahead
2025-07-03 20:00:00+00:00,146.43,day_ahead
2025-07-03 21:00:00+00:00,130.0,day_ahead
2025-07-03 22:00:00+00:00,110.0,day_ahead
2025-07-03 23:00:00+00:00,103.46,day_ahead
2025-07-04 00:00:00+00:00,99.98,day_ahead
2025-07-04 01:00:00+00:00,96.38,day_ahead
2025-07-04 02:00:00+00:00,99.92,day_ahead
2025-07-04 03:00:00+00:00,104.07,day_ahead
2025-07-04 04:00:00+00:00,107.22,day_ahead
2025-07-04 05:00:00+00:00,111.29,day_ahead
2025-07-04 06:00:00+00:00,100.0,day_ahead
2025-07-04 07:00:00+00:00,91.15,day_ahead
2025-07-04 08:00:00+00:00,70.01,day_ahead
2025-07-04 09:00:00+00:00,2.0,day_ahead
2025-07-04 10:00:00+00:00,-0.05,day_ahead
2025-07-04 11:00:00+00:00,-1.56,day_ahead
2025-07-04 12:00:00+00:00,-1.37,day_ahead
2025-07-04 13:00:00+00:00,-0.61,day_ahead
2025-07-04 14:00:00+00:00,2.33,day_ahead
2025-07-04 15:00:00+00:00,61.43,day_ahead
2025-07-04 16:00:00+00:00,89.07,day_ahead
2025-07-04 17:00:00+00:00,97.51,day_ahead
2025-07-04 18:00:00+00:00,127.67,day_ahead
2025-07-04 19:00:00+00:00,145.02,day_ahead
2025-07-04 20:00:00+00:00,122.96,day_ahead
2025-07-04 21:00:00+00:00,103.0,day_ahead
2025-07-04 22:00:00+00:00,95.38,day_ahead
2025-07-04 23:00:00+00:00,88.36,day_ahead
2025-07-05 00:00:00+00:00,90.28,day_ahead
2025-07-05 01:00:00+00:00,87.91,day_ahead
2025-07-05 02:00:00+00:00,89.26,day_ahead
2025-07-05 03:00:00+00:00,78.8,day_ahead
2025-07-05 04:00:00+00:00,79.4,day_ahead
2025-07-05 05:00:00+00:00,43.31,day_ahead
2025-07-05 06:00:00+00:00,17.86,day_ahead
2025-07-05 07:00:00+00:00,3.34,day_ahead
2025-07-05 08:00:00+00:00,0.0,day_ahead
2025-07-05 09:00:00+00:00,-0.04,day_ahead
2025-07-05 10:00:00+00:00,-0.49,day_ahead
2025-07-05 11:00:00+00:00,-2.0,day_ahead
2025-07-05 12:00:00+00:00,-1.49,day_ahead
2025-07-05 13:00:00+00:00,-0.9,day_ahead
2025-07-05 14:00:00+00:00,-2.0,day_ahead
2025-07-05 15:00:00+00:00,0.0,day_ahead
2025-07-05 16:00:00+00:00,41.43,day_ahead
2025-07-05 17:00:00+00:00,84.93,day_ahead
2025-07-05 18:00:00+00:00,109.81,day_ahead
2025-07-05 19:00:00+00:00,116.0,day_ahead
2025-07-05 21:00:00+00:00,107.23,day_ahead
2025-07-05 22:00:00+00:00,94.27,day_ahead
2025-07-05 23:00:00+00:00,87.71,day_ahead
2025-07-06 00:00:00+00:00,82.98,day_ahead
2025-07-06 01:00:00+00:00,80.2,day_ahead
2025-07-06 02:00:00+00:00,80.88,day_ahead
2025-07-06 03:00:00+00:00,85.93,day_ahead
2025-07-06 04:00:00+00:00,84.73,day_ahead
2025-07-06 05:00:00+00:00,83.96,day_ahead
2025-07-06 06:00:00+00:00,75.63,day_ahead
2025-07-06 07:00:00+00:00,54.81,day_ahead
2025-07-06 08:00:00+00:00,27.65,day_ahead
2025-07-06 09:00:00+00:00,20.0,day_ahead
2025-07-06 10:00:00+00:00,20.1,day_ahead
2025-07-06 11:00:00+00:00,32.02,day_ahead
2025-07-06 12:00:00+00:00,17.0,day_ahead
2025-07-06 13:00:00+00:00,58.02,day_ahead
2025-07-06 14:00:00+00:00,80.0,day_ahead
2025-07-06 15:00:00+00:00,107.02,day_ahead
2025-07-06 16:00:00+00:00,112.31,day_ahead
2025-07-06 17:00:00+00:00,124.3,day_ahead
2025-07-06 18:00:00+00:00,135.41,day_ahead
2025-07-06 19:00:00+00:00,139.41,day_ahead
2025-07-06 20:00:00+00:00,128.1,day_ahead
2025-07-06 21:00:00+00:00,115.33,day_ahead
2025-07-06 22:00:00+00:00,125.88,day_ahead
2025-07-06 23:00:00+00:00,114.37,day_ahead
2025-07-07 00:00:00+00:00,108.06,day_ahead
2025-07-07 01:00:00+00:00,101.0,day_ahead
2025-07-07 03:00:00+00:00,100.9,day_ahead
2025-07-07 04:00:00+00:00,119.75,day_ahead
2025-07-07 05:00:00+00:00,123.58,day_ahead
2025-07-07 06:00:00+00:00,142.81,day_ahead
2025-07-07 07:00:00+00:00,123.29,day_ahead
2025-07-07 08:00:00+00:00,98.34,day_ahead
2025-07-07 09:00:00+00:00,92.37,day_ahead
2025-07-07 10:00:00+00:00,78.72,day_ahead
2025-07-07 11:00:00+00:00,60.78,day_ahead
2025-07-07 12:00:00+00:00,29.09,day_ahead
2025-07-07 13:00:00+00:00,6.16,day_ahead
2025-07-07 14:00:00+00:00,11.0,day_ahead
2025-07-07 15:00:00+00:00,60.31,day_ahead
2025-07-07 16:00:00+00:00,77.98,day_ahead
2025-07-07 17:00:00+00:00,89.35,day_ahead
2025-07-07 18:00:00+00:00,100.2,day_ahead
2025-07-07 19:00:00+00:00,116.67,day_ahead
2025-07-07 20:00:00+00:00,118.74,day_ahead
2025-07-07 21:00:00+00:00,100.0,day_ahead
2025-07-07 22:00:00+00:00,107.82,day_ahead
2025-07-07 23:00:00+00:00,96.77,day_ahead
2025-07-08 00:00:00+00:00,81.49,day_ahead
2025-07-08 01:00:00+00:00,85.0,day_ahead
2025-07-08 02:00:00+00:00,85.88,day_ahead
2025-07-08 03:00:00+00:00,91.14,day_ahead
2025-07-08 04:00:00+00:00,107.99,day_ahead
2025-07-08 05:00:00+00:00,118.65,day_ahead
2025-07-08 06:00:00+00:00,117.76,day_ahead
2025-07-08 07:00:00+00:00,98.83,day_ahead
2025-07-08 08:00:00+00:00,77.01,day_ahead
2025-07-08 09:00:00+00:00,68.95,day_ahead
2025-07-08 10:00:00+00:00,55.16,day_ahead
2025-07-08 11:00:00+00:00,48.35,day_ahead
2025-07-08 12:00:00+00:00,46.05,day_ahead
2025-07-08 13:00:00+00:00,47.58,day_ahead
2025-07-08 14:00:00+00:00,60.32,day_ahead
2025-07-08 15:00:00+00:00,84.35,day_ahead
2025-07-08 16:00:00+00:00,87.41,day_ahead
2025-07-08 17:00:00+00:00,107.0,day_ahead
2025-07-08 18:00:00+00:00,126.49,day_ahead
2025-07-08 19:00:00+00:00,127.5,day_ahead
2025-07-08 20:00:00+00:00,118.12,day_ahead
2025-07-08 21:00:00+00:00,102.19,day_ahead
2025-07-08 22:00:00+00:00,99.51,day_ahead
2025-07-08 23:00:00+00:00,91.29,day_ahead
2025-07-09 00:00:00+00:00,88.57,day_ahead
2025-07-09 01:00:00+00:00,90.42,day_ahead
2025-07-09 02:00:00+00:00,91.56,day_ahead
2025-07-09 03:00:00+00:00,100.0,day_ahead
2025-07-09 04:00:00+00:00,113.66,day_ahead
2025-07-09 05:00:00+00:00,116.46,day_ahead
2025-07-09 06:00:00+00:00,119.37,day_ahead
2025-07-09 07:00:00+00:00,99.01,day_ahead
2025-07-09 08:00:00+00:00,90.97,day_ahead
2025-07-09 09:00:00+00:00,83.91,day_ahead
2025-07-09 10:00:00+00:00,69.9,day_ahead
2025-07-09 11:00:00+00:00,42.46,day_ahead
2025-07-09 12:00:00+00:00,36.0,day_ahead
2025-07-09 13:00:00+00:00,41.54,day_ahead
2025-07-09 14:00:00+00:00,76.83,day_ahead
2025-07-09 15:00:00+00:00,91.49,day_ahead
2025-07-09 16:00:00+00:00,103.7,day_ahead
2025-07-09 17:00:00+00:00,117.72,day_ahead
2025-07-09 18:00:00+00:00,140.6,day_ahead
2025-07-09 19:00:00+00:00,146.61,day_ahead
2025-07-09 20:00:00+00:00,122.0,day_ahead
2025-07-09 21:00:00+00:00,106.06,day_ahead
2025-07-09 22:00:00+00:00,100.91,day_ahead
2025-07-09 23:00:00+00:00,95.73,day_ahead
2025-07-10 00:00:00+00:00,89.1,day_ahead
2025-07-10 01:00:00+00:00,86.45,day_ahead
2025-07-10 02:00:00+00:00,87.97,day_ahead
2025-07-10 03:00:00+00:00,98.24,day_ahead
2025-07-10 04:00:00+00:00,108.11,day_ahead
2025-07-10 05:00:00+00:00,107.54,day_ahead
2025-07-10 06:00:00+00:00,107.23,day_ahead
2025-07-10 07:00:00+00:00,93.7,day_ahead
2025-07-10 08:00:00+00:00,87.77,day_ahead
2025-07-10 09:00:00+00:00,69.54,day_ahead
2025-07-10 10:00:00+00:00,45.39,day_ahead
2025-07-10 11:00:00+00:00,40.07,day_ahead
2025-07-10 12:00:00+00:00,39.9,day_ahead
2025-07-10 13:00:00+00:00,56.88,day_ahead
2025-07-10 14:00:00+00:00,76.8,day_ahead
2025-07-10 15:00:00+00:00,89.96,day_ahead
2025-07-10 16:00:00+00:00,100.2,day_ahead
2025-07-10 17:00:00+00:00,115.88,day_ahead
2025-07-10 18:00:00+00:00,137.2,day_ahead
2025-07-10 19:00:00+00:00,135.96,day_ahead
2025-07-10 20:00:00+00:00,121.83,day_ahead
2025-07-10 21:00:00+00:00,108.87,day_ahead
2025-07-10 22:00:00+00:00,108.81,day_ahead
2025-07-10 23:00:00+00:00,103.38,day_ahead
2025-07-11 00:00:00+00:00,99.28,day_ahead
2025-07-11 01:00:00+00:00,93.64,day_ahead
2025-07-11 02:00:00+00:00,94.16,day_ahead
2025-07-11 03:00:00+00:00,100.59,day_ahead
2025-07-11 04:00:00+00:00,109.99,day_ahead
2025-07-11 05:00:00+00:00,109.9,day_ahead
2025-07-11 06:00:00+00:00,112.43,day_ahead
2025-07-11 07:00:00+00:00,98.0,day_ahead
2025-07-11 08:00:00+00:00,90.14,day_ahead
2025-07-11 09:00:00+00:00,80.2,day_ahead
2025-07-11 10:00:00+00:00,75.43,day_ahead
2025-07-11 11:00:00+00:00,48.02,day_ahead
2025-07-11 12:00:00+00:00,32.04,day_ahead
2025-07-11 13:00:00+00:00,38.1,day_ahead
2025-07-11 14:00:00+00:00,63.97,day_ahead
2025-07-11 15:00:00+00:00,89.56,day_ahead
2025-07-11 16:00:00+00:00,90.76,day_ahead
2025-07-11 17:00:00+00:00,106.8,day_ahead
2025-07-11 18:00:00+00:00,125.55,day_ahead
2025-07-11 19:00:00+00:00,127.69,day_ahead
2025-07-11 20:00:00+00:00,116.28,day_ahead
2025-07-11 21:00:00+00:00,106.29,day_ahead
2025-07-11 22:00:00+00:00,114.79,day_ahead
2025-07-11 23:00:00+00:00,107.65,day_ahead
2025-07-12 00:00:00+00:00,107.89,day_ahead
2025-07-12 01:00:00+00:00,101.12,day_ahead
2025-07-12 02:00:00+00:00,97.43,day_ahead
2025-07-12 03:00:00+00:00,93.75,day_ahead
2025-07-12 04:00:00+00:00,88.46,day_ahead
2025-07-12 05:00:00+00:00,91.43,day_ahead
2025-07-12 06:00:00+00:00,93.69,day_ahead
2025-07-12 07:00:00+00:00,59.85,day_ahead
2025-07-12 08:00:00+00:00,18.19,day_ahead
2025-07-12 09:00:00+00:00,3.0,day_ahead
2025-07-12 10:00:00+00:00,0.22,day_ahead
2025-07-12 11:00:00+00:00,0.0,day_ahead
2025-07-12 13:00:00+00:00,0.22,day_ahead
2025-07-12 14:00:00+00:00,16.77,day_ahead
2025-07-12 15:00:00+00:00,71.27,day_ahead
2025-07-12 16:00:00+00:00,102.0,day_ahead
2025-07-12 17:00:00+00:00,106.85,day_ahead
2025-07-12 18:00:00+00:00,120.0,day_ahead
2025-07-12 19:00:00+00:00,128.52,day_ahead
2025-07-12 20:00:00+00:00,126.14,day_ahead
2025-07-12 21:00:00+00:00,117.56,day_ahead
2025-07-12 22:00:00+00:00,118.35,day_ahead
2025-07-12 23:00:00+00:00,112.92,day_ahead
2025-07-13 00:00:00+00:00,114.53,day_ahead
2025-07-13 01:00:00+00:00,111.49,day_ahead
2025-07-13 02:00:00+00:00,110.37,day_ahead
2025-07-13 03:00:00+00:00,106.41,day_ahead
2025-07-13 04:00:00+00:00,99.9,day_ahead
2025-07-13 05:00:00+00:00,97.47,day_ahead
2025-07-13 06:00:00+00:00,92.27,day_ahead
2025-07-13 07:00:00+00:00,60.0,day_ahead
2025-07-13 08:00:00+00:00,4.28,day_ahead
2025-07-13 09:00:00+00:00,0.05,day_ahead
2025-07-13 10:00:00+00:00,0.0,day_ahead
2025-07-13 14:00:00+00:00,2.59,day_ahead
2025-07-13 15:00:00+00:00,85.06,day_ahead
2025-07-13 16:00:00+00:00,101.65,day_ahead
2025-07-13 17:00:00+00:00,115.62,day_ahead
2025-07-13 18:00:00+00:00,120.21,day_ahead
2025-07-13 19:00:00+00:00,128.02,day_ahead
2025-07-13 20:00:00+00:00,126.94,day_ahead
2025-07-13 21:00:00+00:00,115.41,day_ahead
2025-07-13 22:00:00+00:00,117.1,day_ahead
2025-07-13 23:00:00+00:00,104.01,day_ahead
2025-07-14 00:00:00+00:00,98.17,day_ahead
2025-07-14 01:00:00+00:00,94.94,day_ahead
2025-07-14 02:00:00+00:00,99.11,day_ahead
2025-07-14 03:00:00+00:00,107.18,day_ahead
2025-07-14 04:00:00+00:00,119.15,day_ahead
2025-07-14 05:00:00+00:00,124.0,day_ahead
2025-07-14 06:00:00+00:00,112.21,day_ahead
2025-07-14 07:00:00+00:00,99.69,day_ahead
2025-07-14 08:00:00+00:00,94.58,day_ahead
2025-07-14 09:00:00+00:00,84.02,day_ahead
2025-07-14 10:00:00+00:00,68.0,day_ahead
2025-07-14 11:00:00+00:00,61.21,day_ahead
2025-07-14 12:00:00+00:00,54.22,day_ahead
2025-07-14 13:00:00+00:00,51.1,day_ahead
2025-07-14 14:00:00+00:00,66.0,day_ahead
2025-07-14 15:00:00+00:00,80.89,day_ahead
2025-07-14 16:00:00+00:00,96.1,day_ahead
2025-07-14 17:00:00+00:00,98.0,day_ahead
2025-07-14 18:00:00+00:00,116.13,day_ahead
2025-07-14 19:00:00+00:00,138.76,day_ahead
2025-07-14 20:00:00+00:00,125.12,day_ahead
2025-07-14 21:00:00+00:00,111.17,day_ahead
2025-07-14 22:00:00+00:00,99.9,day_ahead
2025-07-14 23:00:00+00:00,96.79,day_ahead
2025-07-15 00:00:00+00:00,90.24,day_ahead
2025-07-15 01:00:00+00:00,86.45,day_ahead
2025-07-15 02:00:00+00:00,85.1,day_ahead
2025-07-15 03:00:00+00:00,91.07,day_ahead
2025-07-15 04:00:00+00:00,103.52,day_ahead
2025-07-15 05:00:00+00:00,110.0,day_ahead
2025-07-15 06:00:00+00:00,105.55,day_ahead
2025-07-15 07:00:00+00:00,88.67,day_ahead
2025-07-15 08:00:00+00:00,71.53,day_ahead
2025-07-15 09:00:00+00:00,61.47,day_ahead
2025-07-15 10:00:00+00:00,17.0,day_ahead
2025-07-15 11:00:00+00:00,7.22,day_ahead
2025-07-15 12:00:00+00:00,13.15,day_ahead
2025-07-15 13:00:00+00:00,31.22,day_ahead
2025-07-15 14:00:00+00:00,58.14,day_ahead
2025-07-15 15:00:00+00:00,80.28,day_ahead
2025-07-15 16:00:00+00:00,96.91,day_ahead
2025-07-15 17:00:00+00:00,106.45,day_ahead
2025-07-15 18:00:00+00:00,119.66,day_ahead
2025-07-15 19:00:00+00:00,119.9,day_ahead
2025-07-15 20:00:00+00:00,115.71,day_ahead
2025-07-15 21:00:00+00:00,98.7,day_ahead
2025-07-15 22:00:00+00:00,95.83,day_ahead
2025-07-15 23:00:00+00:00,91.04,day_ahead
2025-07-16 00:00:00+00:00,84.0,day_ahead
2025-07-16 01:00:00+00:00,80.43,day_ahead
2025-07-16 02:00:00+00:00,80.96,day_ahead
2025-07-16 03:00:00+00:00,86.65,day_ahead
2025-07-16 04:00:00+00:00,101.12,day_ahead
2025-07-16 05:00:00+00:00,109.08,day_ahead
2025-07-16 06:00:00+00:00,109.09,day_ahead
2025-07-16 07:00:00+00:00,99.9,day_ahead
2025-07-16 08:00:00+00:00,82.65,day_ahead
2025-07-16 09:00:00+00:00,75.64,day_ahead
2025-07-16 10:00:00+00:00,78.01,day_ahead
2025-07-16 11:00:00+00:00,72.43,day_ahead
2025-07-16 12:00:00+00:00,62.85,day_ahead
2025-07-16 13:00:00+00:00,63.25,day_ahead
2025-07-16 14:00:00+00:00,73.51,day_ahead
2025-07-16 15:00:00+00:00,84.43,day_ahead
2025-07-16 16:00:00+00:00,98.65,day_ahead
2025-07-16 17:00:00+00:00,109.68,day_ahead
2025-07-16 18:00:00+00:00,120.8,day_ahead
2025-07-16 19:00:00+00:00,132.7,day_ahead
2025-07-16 20:00:00+00:00,121.28,day_ahead
2025-07-16 21:00:00+00:00,110.75,day_ahead
2025-07-16 22:00:00+00:00,103.91,day_ahead
2025-07-16 23:00:00+00:00,98.42,day_ahead
2025-07-17 00:00:00+00:00,90.04,day_ahead
2025-07-17 01:00:00+00:00,85.2,day_ahead
2025-07-17 02:00:00+00:00,86.49,day_ahead
2025-07-17 03:00:00+00:00,89.24,day_ahead
2025-07-17 04:00:00+00:00,104.36,day_ahead
2025-07-17 05:00:00+00:00,109.94,day_ahead
2025-07-17 06:00:00+00:00,105.92,day_ahead
2025-07-17 07:00:00+00:00,93.1,day_ahead
2025-07-17 08:00:00+00:00,85.0,day_ahead
2025-07-17 09:00:00+00:00,77.07,day_ahead
2025-07-17 10:00:00+00:00,70.17,day_ahead
2025-07-17 11:00:00+00:00,55.48,day_ahead
2025-07-17 12:00:00+00:00,50.23,day_ahead
2025-07-17 13:00:00+00:00,66.29,day_ahead
2025-07-17 14:00:00+00:00,75.29,day_ahead
2025-07-17 15:00:00+00:00,82.93,day_ahead
2025-07-17 16:00:00+00:00,96.59,day_ahead
2025-07-17 17:00:00+00:00,111.17,day_ahead
2025-07-17 18:00:00+00:00,122.01,day_ahead
2025-07-17 19:00:00+00:00,133.12,day_ahead
2025-07-17 20:00:00+00:00,125.07,day_ahead
2025-07-17 21:00:00+00:00,114.18,day_ahead
2025-07-17 22:00:00+00:00,107.74,day_ahead
2025-07-17 23:00:00+00:00,98.62,day_ahead
2025-07-18 00:00:00+00:00,95.72,day_ahead
2025-07-18 01:00:00+00:00,95.3,day_ahead
2025-07-18 02:00:00+00:00,97.06,day_ahead
2025-07-18 03:00:00+00:00,106.47,day_ahead
2025-07-18 04:00:00+00:00,112.66,day_ahead
2025-07-18 05:00:00+00:00,113.6,day_ahead
2025-07-18 06:00:00+00:00,109.39,day_ahead
2025-07-18 07:00:00+00:00,99.21,day_ahead
2025-07-18 08:00:00+00:00,85.63,day_ahead
2025-07-18 09:00:00+00:00,82.08,day_ahead
2025-07-18 10:00:00+00:00,80.0,day_ahead
2025-07-18 11:00:00+00:00,73.02,day_ahead
2025-07-18 12:00:00+00:00,71.2,day_ahead
2025-07-18 13:00:00+00:00,72.68,day_ahead
2025-07-18 14:00:00+00:00,80.55,day_ahead
2025-07-18 15:00:00+00:00,84.68,day_ahead
2025-07-18 16:00:00+00:00,99.78,day_ahead
2025-07-18 17:00:00+00:00,120.28,day_ahead
2025-07-18 18:00:00+00:00,146.55,day_ahead
2025-07-18 19:00:00+00:00,147.0,day_ahead
2025-07-18 20:00:00+00:00,126.88,day_ahead
2025-07-18 21:00:00+00:00,113.93,day_ahead
2025-07-18 22:00:00+00:00,107.6,day_ahead
2025-07-18 23:00:00+00:00,105.35,day_ahead
2025-07-19 00:00:00+00:00,102.66,day_ahead
2025-07-19 01:00:00+00:00,101.63,day_ahead
2025-07-19 02:00:00+00:00,98.38,day_ahead
2025-07-19 03:00:00+00:00,93.69,day_ahead
2025-07-19 04:00:00+00:00,96.29,day_ahead
2025-07-19 05:00:00+00:00,87.91,day_ahead
2025-07-19 06:00:00+00:00,82.52,day_ahead
2025-07-19 07:00:00+00:00,56.0,day_ahead
2025-07-19 08:00:00+00:00,10.0,day_ahead
2025-07-19 09:00:00+00:00,0.65,day_ahead
2025-07-19 10:00:00+00:00,0.0,day_ahead
2025-07-19 11:00:00+00:00,-0.01,day_ahead
2025-07-19 12:00:00+00:00,0.0,day_ahead
2025-07-19 13:00:00+00:00,2.19,day_ahead
2025-07-19 14:00:00+00:00,31.84,day_ahead
2025-07-19 15:00:00+00:00,86.98,day_ahead
2025-07-19 16:00:00+00:00,98.4,day_ahead
2025-07-19 17:00:00+00:00,115.82,day_ahead
2025-07-19 18:00:00+00:00,121.26,day_ahead
2025-07-19 19:00:00+00:00,112.15,day_ahead
2025-07-19 20:00:00+00:00,106.27,day_ahead
2025-07-19 21:00:00+00:00,99.38,day_ahead
2025-07-19 22:00:00+00:00,83.76,day_ahead
2025-07-19 23:00:00+00:00,88.94,day_ahead
2025-07-20 00:00:00+00:00,98.53,day_ahead
2025-07-20 01:00:00+00:00,94.18,day_ahead
2025-07-20 02:00:00+00:00,101.7,day_ahead
2025-07-20 03:00:00+00:00,98.44,day_ahead
2025-07-20 04:00:00+00:00,97.2,day_ahead
2025-07-20 05:00:00+00:00,88.44,day_ahead
2025-07-20 06:00:00+00:00,88.2,day_ahead
2025-07-20 07:00:00+00:00,62.86,day_ahead
2025-07-20 08:00:00+00:00,14.47,day_ahead
2025-07-20 09:00:00+00:00,3.3,day_ahead
2025-07-20 10:00:00+00:00,0.0,day_ahead
2025-07-20 11:00:00+00:00,-0.01,day_ahead
2025-07-20 12:00:00+00:00,0.0,day_ahead
2025-07-20 13:00:00+00:00,14.63,day_ahead
2025-07-20 14:00:00+00:00,69.33,day_ahead
2025-07-20 15:00:00+00:00,85.96,day_ahead
2025-07-20 16:00:00+00:00,107.03,day_ahead
2025-07-20 17:00:00+00:00,112.0,day_ahead
2025-07-20 18:00:00+00:00,116.0,day_ahead
2025-07-20 19:00:00+00:00,124.9,day_ahead
2025-07-20 20:00:00+00:00,120.88,day_ahead
2025-07-20 21:00:00+00:00,109.05,day_ahead
2025-07-20 22:00:00+00:00,92.0,day_ahead
2025-07-20 23:00:00+00:00,85.71,day_ahead
2025-07-21 00:00:00+00:00,87.71,day_ahead
2025-07-21 01:00:00+00:00,87.2,day_ahead
2025-07-21 02:00:00+00:00,84.12,day_ahead
2025-07-21 03:00:00+00:00,92.86,day_ahead
2025-07-21 04:00:00+00:00,103.88,day_ahead
2025-07-21 05:00:00+00:00,100.1,day_ahead
2025-07-21 06:00:00+00:00,95.29,day_ahead
2025-07-21 07:00:00+00:00,90.85,day_ahead
2025-07-21 08:00:00+00:00,69.95,day_ahead
2025-07-21 09:00:00+00:00,67.06,day_ahead
2025-07-21 10:00:00+00:00,74.01,day_ahead
2025-07-21 11:00:00+00:00,74.96,day_ahead
2025-07-21 12:00:00+00:00,78.62,day_ahead
2025-07-21 13:00:00+00:00,77.7,day_ahead
2025-07-21 14:00:00+00:00,83.1,day_ahead
2025-07-21 15:00:00+00:00,96.87,day_ahead
2025-07-21 16:00:00+00:00,103.44,day_ahead
2025-07-21 17:00:00+00:00,129.29,day_ahead
2025-07-21 18:00:00+00:00,135.43,day_ahead
2025-07-21 19:00:00+00:00,129.63,day_ahead
2025-07-21 20:00:00+00:00,111.07,day_ahead
2025-07-21 21:00:00+00:00,100.04,day_ahead
2025-07-21 22:00:00+00:00,94.74,day_ahead
2025-07-21 23:00:00+00:00,87.2,day_ahead
2025-07-22 00:00:00+00:00,85.48,day_ahead
2025-07-22 01:00:00+00:00,82.0,day_ahead
2025-07-22 02:00:00+00:00,81.0,day_ahead
2025-07-22 03:00:00+00:00,86.71,day_ahead
2025-07-22 04:00:00+00:00,105.69,day_ahead
2025-07-22 05:00:00+00:00,106.4,day_ahead
2025-07-22 06:00:00+00:00,106.3,day_ahead
2025-07-22 07:00:00+00:00,88.9,day_ahead
2025-07-22 08:00:00+00:00,78.32,day_ahead
2025-07-22 09:00:00+00:00,63.37,day_ahead
2025-07-22 10:00:00+00:00,38.26,day_ahead
2025-07-22 11:00:00+00:00,10.71,day_ahead
2025-07-22 12:00:00+00:00,0.45,day_ahead
2025-07-22 13:00:00+00:00,4.54,day_ahead
2025-07-22 14:00:00+00:00,36.99,day_ahead
2025-07-22 15:00:00+00:00,75.79,day_ahead
2025-07-22 16:00:00+00:00,87.55,day_ahead
2025-07-22 17:00:00+00:00,107.81,day_ahead
2025-07-22 18:00:00+00:00,113.33,day_ahead
2025-07-22 19:00:00+00:00,113.62,day_ahead
2025-07-22 20:00:00+00:00,108.63,day_ahead
2025-07-22 21:00:00+00:00,103.11,day_ahead
2025-07-22 22:00:00+00:00,87.96,day_ahead
2025-07-22 23:00:00+00:00,80.16,day_ahead
2025-07-23 00:00:00+00:00,78.66,day_ahead
2025-07-23 01:00:00+00:00,76.7,day_ahead
2025-07-23 02:00:00+00:00,78.0,day_ahead
2025-07-23 03:00:00+00:00,79.8,day_ahead
2025-07-23 04:00:00+00:00,91.82,day_ahead
2025-07-23 05:00:00+00:00,99.89,day_ahead
2025-07-23 06:00:00+00:00,96.5,day_ahead
2025-07-23 07:00:00+00:00,86.53,day_ahead
2025-07-23 08:00:00+00:00,85.07,day_ahead
2025-07-23 09:00:00+00:00,81.7,day_ahead
2025-07-23 10:00:00+00:00,71.47,day_ahead
2025-07-23 11:00:00+00:00,52.81,day_ahead
2025-07-23 12:00:00+00:00,54.0,day_ahead
2025-07-23 13:00:00+00:00,53.73,day_ahead
2025-07-23 14:00:00+00:00,68.82,day_ahead
2025-07-23 15:00:00+00:00,79.5,day_ahead
2025-07-23 16:00:00+00:00,88.56,day_ahead
2025-07-23 17:00:00+00:00,106.76,day_ahead
2025-07-23 18:00:00+00:00,114.7,day_ahead
2025-07-23 19:00:00+00:00,120.0,day_ahead
2025-07-23 20:00:00+00:00,110.72,day_ahead
2025-07-23 21:00:00+00:00,103.06,day_ahead
2025-07-23 22:00:00+00:00,97.5,day_ahead
2025-07-23 23:00:00+00:00,92.97,day_ahead
2025-07-24 00:00:00+00:00,88.06,day_ahead
2025-07-24 01:00:00+00:00,87.01,day_ahead
2025-07-24 02:00:00+00:00,89.83,day_ahead
2025-07-24 03:00:00+00:00,99.9,day_ahead
2025-07-24 04:00:00+00:00,109.22,day_ahead
2025-07-24 05:00:00+00:00,91.48,day_ahead
2025-07-24 06:00:00+00:00,94.9,day_ahead
2025-07-24 07:00:00+00:00,95.47,day_ahead
2025-07-24 08:00:00+00:00,86.58,day_ahead
2025-07-24 09:00:00+00:00,81.72,day_ahead
2025-07-24 10:00:00+00:00,80.6,day_ahead
2025-07-24 11:00:00+00:00,74.0,day_ahead
2025-07-24 12:00:00+00:00,74.42,day_ahead
2025-07-24 13:00:00+00:00,77.93,day_ahead
2025-07-24 14:00:00+00:00,83.81,day_ahead
2025-07-24 15:00:00+00:00,93.66,day_ahead
2025-07-24 16:00:00+00:00,104.0,day_ahead
2025-07-24 17:00:00+00:00,110.07,day_ahead
2025-07-24 18:00:00+00:00,147.56,day_ahead
2025-07-24 19:00:00+00:00,135.61,day_ahead
2025-07-24 20:00:00+00:00,117.4,day_ahead
2025-07-24 21:00:00+00:00,108.6,day_ahead
2025-07-24 22:00:00+00:00,109.21,day_ahead
2025-07-24 23:00:00+00:00,102.9,day_ahead
2025-07-25 00:00:00+00:00,94.9,day_ahead
2025-07-25 01:00:00+00:00,88.93,day_ahead
2025-07-25 02:00:00+00:00,91.71,day_ahead
2025-07-25 03:00:00+00:00,94.22,day_ahead
2025-07-25 04:00:00+00:00,106.1,day_ahead
2025-07-25 05:00:00+00:00,108.0,day_ahead
2025-07-25 06:00:00+00:00,110.11,day_ahead
2025-07-25 07:00:00+00:00,96.79,day_ahead
2025-07-25 08:00:00+00:00,90.1,day_ahead
2025-07-25 09:00:00+00:00,83.65,day_ahead
2025-07-25 10:00:00+00:00,81.35,day_ahead
2025-07-25 11:00:00+00:00,72.68,day_ahead
2025-07-25 12:00:00+00:00,68.32,day_ahead
2025-07-25 13:00:00+00:00,74.54,day_ahead
2025-07-25 14:00:00+00:00,76.92,day_ahead
2025-07-25 15:00:00+00:00,81.52,day_ahead
2025-07-25 16:00:00+00:00,88.85,day_ahead
2025-07-25 17:00:00+00:00,104.11,day_ahead
2025-07-25 18:00:00+00:00,117.44,day_ahead
2025-07-25 19:00:00+00:00,120.7,day_ahead
2025-07-25 20:00:00+00:00,114.0,day_ahead
2025-07-25 21:00:00+00:00,109.54,day_ahead
2025-07-25 22:00:00+00:00,109.17,day_ahead
2025-07-25 23:00:00+00:00,99.27,day_ahead
2025-07-26 00:00:00+00:00,93.73,day_ahead
2025-07-26 01:00:00+00:00,91.6,day_ahead
2025-07-26 02:00:00+00:00,90.08,day_ahead
2025-07-26 03:00:00+00:00,89.36,day_ahead
2025-07-26 04:00:00+00:00,92.39,day_ahead
2025-07-26 05:00:00+00:00,90.91,day_ahead
2025-07-26 06:00:00+00:00,84.68,day_ahead
2025-07-26 07:00:00+00:00,79.16,day_ahead
2025-07-26 08:00:00+00:00,71.41,day_ahead
2025-07-26 09:00:00+00:00,66.22,day_ahead
2025-07-26 10:00:00+00:00,59.22,day_ahead
2025-07-26 11:00:00+00:00,44.58,day_ahead
2025-07-26 12:00:00+00:00,44.02,day_ahead
2025-07-26 13:00:00+00:00,60.14,day_ahead
2025-07-26 14:00:00+00:00,66.37,day_ahead
2025-07-26 15:00:00+00:00,76.21,day_ahead
2025-07-26 16:00:00+00:00,89.44,day_ahead
2025-07-26 17:00:00+00:00,110.78,day_ahead
2025-07-26 18:00:00+00:00,121.95,day_ahead
2025-07-26 19:00:00+00:00,128.23,day_ahead
2025-07-26 20:00:00+00:00,119.76,day_ahead
2025-07-26 21:00:00+00:00,110.4,day_ahead
2025-07-26 22:00:00+00:00,106.28,day_ahead
2025-07-26 23:00:00+00:00,102.12,day_ahead
2025-07-27 00:00:00+00:00,99.9,day_ahead
2025-07-27 01:00:00+00:00,92.07,day_ahead
2025-07-27 02:00:00+00:00,91.99,day_ahead
2025-07-27 03:00:00+00:00,89.88,day_ahead
2025-07-27 04:00:00+00:00,88.79,day_ahead
2025-07-27 05:00:00+00:00,86.2,day_ahead
2025-07-27 06:00:00+00:00,86.45,day_ahead
2025-07-27 07:00:00+00:00,85.64,day_ahead
2025-07-27 08:00:00+00:00,71.98,day_ahead
2025-07-27 09:00:00+00:00,68.0,day_ahead
2025-07-27 10:00:00+00:00,44.94,day_ahead
2025-07-27 11:00:00+00:00,15.04,day_ahead
2025-07-27 12:00:00+00:00,8.85,day_ahead
2025-07-27 13:00:00+00:00,17.3,day_ahead
2025-07-27 14:00:00+00:00,48.1,day_ahead
2025-07-27 15:00:00+00:00,80.0,day_ahead
2025-07-27 16:00:00+00:00,92.68,day_ahead
2025-07-27 17:00:00+00:00,104.67,day_ahead
2025-07-27 18:00:00+00:00,109.9,day_ahead
2025-07-27 19:00:00+00:00,114.71,day_ahead
2025-07-27 20:00:00+00:00,107.33,day_ahead
2025-07-27 21:00:00+00:00,104.27,day_ahead
2025-07-27 22:00:00+00:00,100.0,day_ahead
2025-07-27 23:00:00+00:00,88.77,day_ahead
2025-07-28 00:00:00+00:00,83.73,day_ahead
2025-07-28 01:00:00+00:00,77.39,day_ahead
2025-07-28 02:00:00+00:00,76.0,day_ahead
2025-07-28 03:00:00+00:00,84.34,day_ahead
2025-07-28 04:00:00+00:00,98.62,day_ahead
2025-07-28 05:00:00+00:00,108.91,day_ahead
2025-07-28 06:00:00+00:00,112.0,day_ahead
2025-07-28 07:00:00+00:00,92.97,day_ahead
2025-07-28 08:00:00+00:00,85.34,day_ahead
2025-07-28 09:00:00+00:00,79.41,day_ahead
2025-07-28 10:00:00+00:00,71.49,day_ahead
2025-07-28 11:00:00+00:00,67.24,day_ahead
2025-07-28 12:00:00+00:00,58.0,day_ahead
2025-07-28 13:00:00+00:00,62.84,day_ahead
2025-07-28 14:00:00+00:00,66.03,day_ahead
2025-07-28 15:00:00+00:00,77.31,day_ahead
2025-07-28 16:00:00+00:00,89.33,day_ahead
2025-07-28 17:00:00+00:00,99.9,day_ahead
2025-07-28 18:00:00+00:00,120.0,day_ahead
2025-07-28 19:00:00+00:00,119.9,day_ahead
2025-07-28 20:00:00+00:00,107.55,day_ahead
2025-07-28 21:00:00+00:00,90.0,day_ahead
2025-07-28 22:00:00+00:00,85.21,day_ahead
2025-07-28 23:00:00+00:00,80.48,day_ahead
2025-07-29 00:00:00+00:00,79.36,day_ahead
2025-07-29 01:00:00+00:00,78.22,day_ahead
2025-07-29 02:00:00+00:00,79.29,day_ahead
2025-07-29 03:00:00+00:00,88.36,day_ahead
2025-07-29 04:00:00+00:00,100.6,day_ahead
2025-07-29 05:00:00+00:00,110.0,day_ahead
2025-07-29 06:00:00+00:00,103.2,day_ahead
2025-07-29 07:00:00+00:00,76.72,day_ahead
2025-07-29 08:00:00+00:00,61.66,day_ahead
2025-07-29 09:00:00+00:00,50.59,day_ahead
2025-07-29 10:00:00+00:00,25.7,day_ahead
2025-07-29 11:00:00+00:00,4.32,day_ahead
2025-07-29 12:00:00+00:00,1.49,day_ahead
2025-07-29 13:00:00+00:00,6.74,day_ahead
2025-07-29 14:00:00+00:00,42.5,day_ahead
2025-07-29 15:00:00+00:00,76.0,day_ahead
2025-07-29 16:00:00+00:00,91.4,day_ahead
2025-07-29 17:00:00+00:00,111.18,day_ahead
2025-07-29 18:00:00+00:00,134.86,day_ahead
2025-07-29 19:00:00+00:00,129.9,day_ahead
2025-07-29 20:00:00+00:00,113.12,day_ahead
2025-07-29 21:00:00+00:00,104.59,day_ahead
2025-07-29 22:00:00+00:00,92.16,day_ahead
2025-07-29 23:00:00+00:00,87.99,day_ahead
2025-07-30 00:00:00+00:00,86.0,day_ahead
2025-07-30 01:00:00+00:00,77.18,day_ahead
2025-07-30 02:00:00+00:00,78.25,day_ahead
2025-07-30 03:00:00+00:00,87.65,day_ahead
2025-07-30 04:00:00+00:00,96.46,day_ahead
2025-07-30 05:00:00+00:00,95.05,day_ahead
2025-07-30 06:00:00+00:00,98.31,day_ahead
2025-07-30 07:00:00+00:00,82.55,day_ahead
2025-07-30 08:00:00+00:00,63.29,day_ahead
2025-07-30 09:00:00+00:00,40.37,day_ahead
2025-07-30 10:00:00+00:00,24.79,day_ahead
2025-07-30 11:00:00+00:00,17.69,day_ahead
2025-07-30 12:00:00+00:00,10.7,day_ahead
2025-07-30 13:00:00+00:00,27.4,day_ahead
2025-07-30 14:00:00+00:00,41.31,day_ahead
2025-07-30 15:00:00+00:00,69.19,day_ahead
2025-07-30 16:00:00+00:00,87.18,day_ahead
2025-07-30 17:00:00+00:00,105.0,day_ahead
2025-07-30 18:00:00+00:00,115.55,day_ahead
2025-07-30 19:00:00+00:00,111.06,day_ahead
2025-07-30 20:00:00+00:00,104.15,day_ahead
2025-07-30 21:00:00+00:00,93.03,day_ahead
2025-07-30 22:00:00+00:00,89.47,day_ahead
2025-07-30 23:00:00+00:00,83.48,day_ahead
2025-07-31 00:00:00+00:00,79.95,day_ahead
2025-07-31 01:00:00+00:00,79.52,day_ahead
2025-07-31 02:00:00+00:00,78.51,day_ahead
2025-07-31 03:00:00+00:00,83.24,day_ahead
2025-07-31 04:00:00+00:00,100.75,day_ahead
2025-07-31 05:00:00+00:00,100.51,day_ahead
2025-07-31 06:00:00+00:00,94.29,day_ahead
2025-07-31 07:00:00+00:00,93.9,day_ahead
2025-07-31 08:00:00+00:00,74.17,day_ahead
2025-07-31 09:00:00+00:00,65.84,day_ahead
2025-07-31 10:00:00+00:00,58.0,day_ahead
2025-07-31 11:00:00+00:00,43.55,day_ahead
2025-07-31 12:00:00+00:00,33.4,day_ahead
2025-07-31 13:00:00+00:00,50.58,day_ahead
2025-07-31 14:00:00+00:00,68.3,day_ahead
2025-07-31 15:00:00+00:00,84.56,day_ahead
2025-07-31 16:00:00+00:00,96.82,day_ahead
2025-07-31 17:00:00+00:00,116.17,day_ahead
2025-07-31 18:00:00+00:00,131.93,day_ahead
2025-07-31 19:00:00+00:00,126.71,day_ahead
2025-07-31 20:00:00+00:00,114.77,day_ahead
2025-07-31 21:00:00+00:00,103.41,day_ahead
2025-07-31 22:00:00+00:00,105.47,day_ahead
2025-07-31 23:00:00+00:00,98.54,day_ahead
2025-08-01 00:00:00+00:00,92.15,day_ahead
2025-08-01 01:00:00+00:00,89.01,day_ahead
2025-08-01 02:00:00+00:00,90.67,day_ahead
2025-08-01 03:00:00+00:00,97.56,day_ahead
2025-08-01 04:00:00+00:00,104.3,day_ahead
2025-08-01 05:00:00+00:00,108.0,day_ahead
2025-08-01 06:00:00+00:00,106.64,day_ahead
2025-08-01 07:00:00+00:00,103.67,day_ahead
2025-08-01 08:00:00+00:00,97.95,day_ahead
2025-08-01 09:00:00+00:00,84.1,day_ahead
2025-08-01 10:00:00+00:00,69.76,day_ahead
2025-08-01 11:00:00+00:00,55.76,day_ahead
2025-08-01 12:00:00+00:00,44.25,day_ahead
2025-08-01 13:00:00+00:00,43.21,day_ahead
2025-08-01 14:00:00+00:00,62.23,day_ahead
2025-08-01 15:00:00+00:00,76.58,day_ahead
2025-08-01 16:00:00+00:00,90.1,day_ahead
2025-08-01 17:00:00+00:00,109.51,day_ahead
2025-08-01 18:00:00+00:00,118.13,day_ahead
2025-08-01 19:00:00+00:00,117.51,day_ahead
2025-08-01 20:00:00+00:00,110.72,day_ahead
2025-08-01 21:00:00+00:00,102.73,day_ahead
2025-08-01 22:00:00+00:00,104.06,day_ahead
2025-08-01 23:00:00+00:00,98.54,day_ahead
2025-08-02 00:00:00+00:00,94.88,day_ahead
2025-08-02 01:00:00+00:00,87.94,day_ahead
2025-08-02 02:00:00+00:00,87.03,day_ahead
2025-08-02 03:00:00+00:00,86.4,day_ahead
2025-08-02 04:00:00+00:00,86.96,day_ahead
2025-08-02 05:00:00+00:00,80.78,day_ahead
2025-08-02 06:00:00+00:00,75.51,day_ahead
2025-08-02 07:00:00+00:00,59.76,day_ahead
2025-08-02 08:00:00+00:00,28.59,day_ahead
2025-08-02 09:00:00+00:00,5.68,day_ahead
2025-08-02 10:00:00+00:00,2.95,day_ahead
2025-08-02 11:00:00+00:00,0.0,day_ahead
2025-08-02 14:00:00+00:00,4.44,day_ahead
2025-08-02 15:00:00+00:00,52.46,day_ahead
2025-08-02 16:00:00+00:00,83.08,day_ahead
2025-08-02 17:00:00+00:00,108.91,day_ahead
2025-08-02 18:00:00+00:00,116.15,day_ahead
2025-08-02 19:00:00+00:00,110.0,day_ahead
2025-08-02 20:00:00+00:00,105.22,day_ahead
2025-08-02 21:00:00+00:00,97.58,day_ahead
2025-08-02 22:00:00+00:00,85.82,day_ahead
2025-08-02 23:00:00+00:00,77.52,day_ahead
2025-08-03 00:00:00+00:00,73.53,day_ahead
2025-08-03 01:00:00+00:00,65.97,day_ahead
2025-08-03 02:00:00+00:00,62.72,day_ahead
2025-08-03 03:00:00+00:00,59.98,day_ahead
2025-08-03 04:00:00+00:00,46.8,day_ahead
2025-08-03 05:00:00+00:00,32.0,day_ahead
2025-08-03 06:00:00+00:00,6.16,day_ahead
2025-08-03 07:00:00+00:00,0.0,day_ahead
2025-08-03 08:00:00+00:00,-1.01,day_ahead
2025-08-03 09:00:00+00:00,-2.1,day_ahead
2025-08-03 10:00:00+00:00,-3.0,day_ahead
2025-08-03 11:00:00+00:00,-9.9,day_ahead
2025-08-03 12:00:00+00:00,-10.08,day_ahead
2025-08-03 13:00:00+00:00,-4.98,day_ahead
2025-08-03 14:00:00+00:00,-1.5,day_ahead
2025-08-03 15:00:00+00:00,3.16,day_ahead
2025-08-03 16:00:00+00:00,66.2,day_ahead
2025-08-03 17:00:00+00:00,93.06,day_ahead
2025-08-03 18:00:00+00:00,100.86,day_ahead
2025-08-03 19:00:00+00:00,96.07,day_ahead
2025-08-03 20:00:00+00:00,97.34,day_ahead
2025-08-03 21:00:00+00:00,85.09,day_ahead
2025-08-03 22:00:00+00:00,81.05,day_ahead
2025-08-03 23:00:00+00:00,70.07,day_ahead
2025-08-04 00:00:00+00:00,69.97,day_ahead
2025-08-04 01:00:00+00:00,74.22,day_ahead
2025-08-04 02:00:00+00:00,75.69,day_ahead
2025-08-04 03:00:00+00:00,85.45,day_ahead
2025-08-04 04:00:00+00:00,98.08,day_ahead
2025-08-04 05:00:00+00:00,106.76,day_ahead
2025-08-04 06:00:00+00:00,105.06,day_ahead
2025-08-04 07:00:00+00:00,100.92,day_ahead
2025-08-04 08:00:00+00:00,78.36,day_ahead
2025-08-04 09:00:00+00:00,49.54,day_ahead
2025-08-04 10:00:00+00:00,13.41,day_ahead
2025-08-04 11:00:00+00:00,4.05,day_ahead
2025-08-04 12:00:00+00:00,0.65,day_ahead
2025-08-04 13:00:00+00:00,0.02,day_ahead
2025-08-04 14:00:00+00:00,11.19,day_ahead
2025-08-04 15:00:00+00:00,38.28,day_ahead
2025-08-04 16:00:00+00:00,65.08,day_ahead
2025-08-04 17:00:00+00:00,83.64,day_ahead
2025-08-04 18:00:00+00:00,80.56,day_ahead
2025-08-04 19:00:00+00:00,73.79,day_ahead
2025-08-04 20:00:00+00:00,67.05,day_ahead
2025-08-04 21:00:00+00:00,48.59,day_ahead
2025-08-04 22:00:00+00:00,20.0,day_ahead
2025-08-04 23:00:00+00:00,13.15,day_ahead
2025-08-05 00:00:00+00:00,13.62,day_ahead
2025-08-05 01:00:00+00:00,20.46,day_ahead
2025-08-05 02:00:00+00:00,46.56,day_ahead
2025-08-05 03:00:00+00:00,67.84,day_ahead
2025-08-05 04:00:00+00:00,82.81,day_ahead
2025-08-05 05:00:00+00:00,82.72,day_ahead
2025-08-05 06:00:00+00:00,63.04,day_ahead
2025-08-05 07:00:00+00:00,3.51,day_ahead
2025-08-05 08:00:00+00:00,-1.5,day_ahead
2025-08-05 09:00:00+00:00,-6.0,day_ahead
2025-08-05 10:00:00+00:00,-12.22,day_ahead
2025-08-05 11:00:00+00:00,-29.09,day_ahead
2025-08-05 12:00:00+00:00,-21.97,day_ahead
2025-08-05 13:00:00+00:00,-12.66,day_ahead
2025-08-05 14:00:00+00:00,-11.2,day_ahead
2025-08-05 15:00:00+00:00,-1.73,day_ahead
2025-08-05 16:00:00+00:00,0.87,day_ahead
2025-08-05 17:00:00+00:00,71.04,day_ahead
2025-08-05 18:00:00+00:00,89.24,day_ahead
2025-08-05 19:00:00+00:00,104.27,day_ahead
2025-08-05 20:00:00+00:00,97.25,day_ahead
2025-08-05 21:00:00+00:00,84.0,day_ahead
2025-08-05 22:00:00+00:00,81.0,day_ahead
2025-08-05 23:00:00+00:00,58.07,day_ahead
2025-08-06 00:00:00+00:00,58.36,day_ahead
2025-08-06 01:00:00+00:00,58.43,day_ahead
2025-08-06 02:00:00+00:00,58.65,day_ahead
2025-08-06 03:00:00+00:00,93.41,day_ahead
2025-08-06 04:00:00+00:00,109.9,day_ahead
2025-08-06 05:00:00+00:00,105.9,day_ahead
2025-08-06 06:00:00+00:00,93.46,day_ahead
2025-08-06 07:00:00+00:00,32.03,day_ahead
2025-08-06 08:00:00+00:00,-0.01,day_ahead
2025-08-06 09:00:00+00:00,-2.0,day_ahead
2025-08-06 10:00:00+00:00,-6.83,day_ahead
2025-08-06 11:00:00+00:00,-11.0,day_ahead
2025-08-06 12:00:00+00:00,-6.0,day_ahead
2025-08-06 13:00:00+00:00,-3.08,day_ahead
2025-08-06 14:00:00+00:00,2.13,day_ahead
2025-08-06 15:00:00+00:00,52.12,day_ahead
2025-08-06 16:00:00+00:00,97.37,day_ahead
2025-08-06 17:00:00+00:00,112.91,day_ahead
2025-08-06 18:00:00+00:00,165.36,day_ahead
2025-08-06 19:00:00+00:00,158.21,day_ahead
2025-08-06 20:00:00+00:00,110.0,day_ahead
2025-08-06 21:00:00+00:00,101.6,day_ahead
2025-08-06 22:00:00+00:00,97.58,day_ahead
2025-08-06 23:00:00+00:00,94.0,day_ahead
2025-08-07 00:00:00+00:00,88.13,day_ahead
2025-08-07 01:00:00+00:00,83.38,day_ahead
2025-08-07 02:00:00+00:00,82.07,day_ahead
2025-08-07 03:00:00+00:00,84.87,day_ahead
2025-08-07 04:00:00+00:00,99.45,day_ahead
2025-08-07 05:00:00+00:00,101.92,day_ahead
2025-08-07 06:00:00+00:00,94.67,day_ahead
2025-08-07 07:00:00+00:00,74.53,day_ahead
2025-08-07 08:00:00+00:00,22.22,day_ahead
2025-08-07 09:00:00+00:00,0.0,day_ahead
2025-08-07 10:00:00+00:00,-0.1,day_ahead
2025-08-07 11:00:00+00:00,-1.89,day_ahead
2025-08-07 12:00:00+00:00,-0.21,day_ahead
2025-08-07 13:00:00+00:00,-0.01,day_ahead
2025-08-07 14:00:00+00:00,2.05,day_ahead
2025-08-07 15:00:00+00:00,64.08,day_ahead
2025-08-07 16:00:00+00:00,91.58,day_ahead
2025-08-07 17:00:00+00:00,106.0,day_ahead
2025-08-07 18:00:00+00:00,112.34,day_ahead
2025-08-07 19:00:00+00:00,126.34,day_ahead
2025-08-07 20:00:00+00:00,110.0,day_ahead
2025-08-07 21:00:00+00:00,101.28,day_ahead
2025-08-07 22:00:00+00:00,91.0,day_ahead
2025-08-07 23:00:00+00:00,87.92,day_ahead
2025-08-08 00:00:00+00:00,84.64,day_ahead
2025-08-08 01:00:00+00:00,81.0,day_ahead
2025-08-08 02:00:00+00:00,80.88,day_ahead
2025-08-08 03:00:00+00:00,89.55,day_ahead
2025-08-08 04:00:00+00:00,100.43,day_ahead
2025-08-08 05:00:00+00:00,103.05,day_ahead
2025-08-08 06:00:00+00:00,108.11,day_ahead
2025-08-08 07:00:00+00:00,89.9,day_ahead
2025-08-08 08:00:00+00:00,66.0,day_ahead
2025-08-08 09:00:00+00:00,8.39,day_ahead
2025-08-08 10:00:00+00:00,0.0,day_ahead
2025-08-08 11:00:00+00:00,-0.01,day_ahead
2025-08-08 12:00:00+00:00,-0.02,day_ahead
2025-08-08 13:00:00+00:00,-0.01,day_ahead
2025-08-08 14:00:00+00:00,10.49,day_ahead
2025-08-08 15:00:00+00:00,70.1,day_ahead
2025-08-08 16:00:00+00:00,101.44,day_ahead
2025-08-08 17:00:00+00:00,113.56,day_ahead
2025-08-08 18:00:00+00:00,144.62,day_ahead
2025-08-08 19:00:00+00:00,151.51,day_ahead
2025-08-08 20:00:00+00:00,121.59,day_ahead
2025-08-08 21:00:00+00:00,108.46,day_ahead
2025-08-08 22:00:00+00:00,101.08,day_ahead
2025-08-08 23:00:00+00:00,97.98,day_ahead
2025-08-09 00:00:00+00:00,96.16,day_ahead
2025-08-09 01:00:00+00:00,92.93,day_ahead
2025-08-09 02:00:00+00:00,92.05,day_ahead
2025-08-09 03:00:00+00:00,92.63,day_ahead
2025-08-09 04:00:00+00:00,96.1,day_ahead
2025-08-09 05:00:00+00:00,90.06,day_ahead
2025-08-09 06:00:00+00:00,69.75,day_ahead
2025-08-09 07:00:00+00:00,15.34,day_ahead
2025-08-09 08:00:00+00:00,-0.02,day_ahead
2025-08-09 09:00:00+00:00,-1.0,day_ahead
2025-08-09 10:00:00+00:00,-6.0,day_ahead
2025-08-09 11:00:00+00:00,-20.0,day_ahead
2025-08-09 12:00:00+00:00,-20.14,day_ahead
2025-08-09 13:00:00+00:00,-4.29,day_ahead
2025-08-09 14:00:00+00:00,-0.05,day_ahead
2025-08-09 15:00:00+00:00,3.55,day_ahead
2025-08-09 16:00:00+00:00,81.0,day_ahead
2025-08-09 17:00:00+00:00,101.43,day_ahead
2025-08-09 18:00:00+00:00,123.36,day_ahead
2025-08-09 19:00:00+00:00,116.41,day_ahead
2025-08-09 20:00:00+00:00,106.23,day_ahead
2025-08-09 21:00:00+00:00,96.63,day_ahead
2025-08-09 22:00:00+00:00,85.87,day_ahead
2025-08-09 23:00:00+00:00,85.69,day_ahead
2025-08-10 00:00:00+00:00,86.97,day_ahead
2025-08-10 01:00:00+00:00,82.39,day_ahead
2025-08-10 02:00:00+00:00,86.0,day_ahead
2025-08-10 03:00:00+00:00,89.51,day_ahead
2025-08-10 04:00:00+00:00,88.11,day_ahead
2025-08-10 05:00:00+00:00,78.55,day_ahead
2025-08-10 06:00:00+00:00,28.8,day_ahead
2025-08-10 07:00:00+00:00,-0.01,day_ahead
2025-08-10 08:00:00+00:00,-2.64,day_ahead
2025-08-10 09:00:00+00:00,-15.6,day_ahead
2025-08-10 10:00:00+00:00,-55.67,day_ahead
2025-08-10 11:00:00+00:00,-64.79,day_ahead
2025-08-10 12:00:00+00:00,-51.02,day_ahead
2025-08-10 13:00:00+00:00,-20.57,day_ahead
2025-08-10 14:00:00+00:00,-1.2,day_ahead
2025-08-10 15:00:00+00:00,2.13,day_ahead
2025-08-10 16:00:00+00:00,77.79,day_ahead
2025-08-10 17:00:00+00:00,105.49,day_ahead
2025-08-10 18:00:00+00:00,121.51,day_ahead
2025-08-10 19:00:00+00:00,122.45,day_ahead
2025-08-10 20:00:00+00:00,106.43,day_ahead
2025-08-10 21:00:00+00:00,99.45,day_ahead
2025-08-10 22:00:00+00:00,96.0,day_ahead
2025-08-10 23:00:00+00:00,90.58,day_ahead
2025-08-11 00:00:00+00:00,86.0,day_ahead
2025-08-11 01:00:00+00:00,85.02,day_ahead
2025-08-11 02:00:00+00:00,89.44,day_ahead
2025-08-11 03:00:00+00:00,97.24,day_ahead
2025-08-11 04:00:00+00:00,128.95,day_ahead
2025-08-11 05:00:00+00:00,132.65,day_ahead
2025-08-11 06:00:00+00:00,106.19,day_ahead
2025-08-11 07:00:00+00:00,91.13,day_ahead
2025-08-11 08:00:00+00:00,49.62,day_ahead
2025-08-11 09:00:00+00:00,2.54,day_ahead
2025-08-11 10:00:00+00:00,0.0,day_ahead
2025-08-11 13:00:00+00:00,9.0,day_ahead
2025-08-11 14:00:00+00:00,54.55,day_ahead
2025-08-11 15:00:00+00:00,88.65,day_ahead
2025-08-11 16:00:00+00:00,106.26,day_ahead
2025-08-11 17:00:00+00:00,149.82,day_ahead
2025-08-11 18:00:00+00:00,185.0,day_ahead
2025-08-11 19:00:00+00:00,138.86,day_ahead
2025-08-11 20:00:00+00:00,108.87,day_ahead
2025-08-11 21:00:00+00:00,96.0,day_ahead
2025-08-11 22:00:00+00:00,93.0,day_ahead
2025-08-11 23:00:00+00:00,89.67,day_ahead
2025-08-12 00:00:00+00:00,85.41,day_ahead
2025-08-12 01:00:00+00:00,84.09,day_ahead
2025-08-12 02:00:00+00:00,83.48,day_ahead
2025-08-12 03:00:00+00:00,88.87,day_ahead
2025-08-12 04:00:00+00:00,101.51,day_ahead
2025-08-12 05:00:00+00:00,101.96,day_ahead
2025-08-12 06:00:00+00:00,98.64,day_ahead
2025-08-12 07:00:00+00:00,92.74,day_ahead
2025-08-12 08:00:00+00:00,79.35,day_ahead
2025-08-12 09:00:00+00:00,40.0,day_ahead
2025-08-12 10:00:00+00:00,8.38,day_ahead
2025-08-12 11:00:00+00:00,3.0,day_ahead
2025-08-12 12:00:00+00:00,5.15,day_ahead
2025-08-12 13:00:00+00:00,35.05,day_ahead
2025-08-12 14:00:00+00:00,71.89,day_ahead
2025-08-12 15:00:00+00:00,95.0,day_ahead
2025-08-12 16:00:00+00:00,101.03,day_ahead
2025-08-12 17:00:00+00:00,149.44,day_ahead
2025-08-12 18:00:00+00:00,155.65,day_ahead
2025-08-12 19:00:00+00:00,140.35,day_ahead
2025-08-12 20:00:00+00:00,114.07,day_ahead
2025-08-12 21:00:00+00:00,94.0,day_ahead
2025-08-12 22:00:00+00:00,91.76,day_ahead
2025-08-12 23:00:00+00:00,90.0,day_ahead
2025-08-13 00:00:00+00:00,86.89,day_ahead
2025-08-13 01:00:00+00:00,84.71,day_ahead
2025-08-13 02:00:00+00:00,87.07,day_ahead
2025-08-13 03:00:00+00:00,93.24,day_ahead
2025-08-13 04:00:00+00:00,108.01,day_ahead
2025-08-13 05:00:00+00:00,106.99,day_ahead
2025-08-13 06:00:00+00:00,105.95,day_ahead
2025-08-13 07:00:00+00:00,92.8,day_ahead
2025-08-13 08:00:00+00:00,87.77,day_ahead
2025-08-13 09:00:00+00:00,67.97,day_ahead
2025-08-13 10:00:00+00:00,44.52,day_ahead
2025-08-13 11:00:00+00:00,29.18,day_ahead
2025-08-13 12:00:00+00:00,40.37,day_ahead
2025-08-13 13:00:00+00:00,70.9,day_ahead
2025-08-13 14:00:00+00:00,84.3,day_ahead
2025-08-13 15:00:00+00:00,96.64,day_ahead
2025-08-13 16:00:00+00:00,115.31,day_ahead
2025-08-13 17:00:00+00:00,186.98,day_ahead
2025-08-13 18:00:00+00:00,226.46,day_ahead
2025-08-13 19:00:00+00:00,154.69,day_ahead
2025-08-13 20:00:00+00:00,123.21,day_ahead
2025-08-13 21:00:00+00:00,106.27,day_ahead
2025-08-13 22:00:00+00:00,98.1,day_ahead
2025-08-13 23:00:00+00:00,92.0,day_ahead
2025-08-14 00:00:00+00:00,88.45,day_ahead
2025-08-14 01:00:00+00:00,87.34,day_ahead
2025-08-14 02:00:00+00:00,87.84,day_ahead
2025-08-14 03:00:00+00:00,95.08,day_ahead
2025-08-14 04:00:00+00:00,104.94,day_ahead
2025-08-14 05:00:00+00:00,107.53,day_ahead
2025-08-14 06:00:00+00:00,99.47,day_ahead
2025-08-14 07:00:00+00:00,91.06,day_ahead
2025-08-14 08:00:00+00:00,81.22,day_ahead
2025-08-14 09:00:00+00:00,67.41,day_ahead
2025-08-14 10:00:00+00:00,53.87,day_ahead
2025-08-14 11:00:00+00:00,40.99,day_ahead
2025-08-14 12:00:00+00:00,54.9,day_ahead
2025-08-14 13:00:00+00:00,69.43,day_ahead
2025-08-14 14:00:00+00:00,78.99,day_ahead
2025-08-14 15:00:00+00:00,95.79,day_ahead
2025-08-14 16:00:00+00:00,114.1,day_ahead
2025-08-14 17:00:00+00:00,220.27,day_ahead
2025-08-14 18:00:00+00:00,275.26,day_ahead
2025-08-14 19:00:00+00:00,157.56,day_ahead
2025-08-14 20:00:00+00:00,120.72,day_ahead
2025-08-14 21:00:00+00:00,105.95,day_ahead
2025-08-14 22:00:00+00:00,98.42,day_ahead
2025-08-14 23:00:00+00:00,96.46,day_ahead
2025-08-15 00:00:00+00:00,93.82,day_ahead
2025-08-15 01:00:00+00:00,90.42,day_ahead
2025-08-15 02:00:00+00:00,92.86,day_ahead
2025-08-15 03:00:00+00:00,94.91,day_ahead
2025-08-15 04:00:00+00:00,98.99,day_ahead
2025-08-15 05:00:00+00:00,98.09,day_ahead
2025-08-15 06:00:00+00:00,99.81,day_ahead
2025-08-15 07:00:00+00:00,87.82,day_ahead
2025-08-15 08:00:00+00:00,43.9,day_ahead
2025-08-15 09:00:00+00:00,3.0,day_ahead
2025-08-15 10:00:00+00:00,0.08,day_ahead
2025-08-15 11:00:00+00:00,0.0,day_ahead
2025-08-15 13:00:00+00:00,1.72,day_ahead
2025-08-15 14:00:00+00:00,26.83,day_ahead
2025-08-15 15:00:00+00:00,73.06,day_ahead
2025-08-15 16:00:00+00:00,99.53,day_ahead
2025-08-15 17:00:00+00:00,116.08,day_ahead
2025-08-15 18:00:00+00:00,125.63,day_ahead
2025-08-15 19:00:00+00:00,112.73,day_ahead
2025-08-15 20:00:00+00:00,106.33,day_ahead
2025-08-15 21:00:00+00:00,96.28,day_ahead
2025-08-15 22:00:00+00:00,99.02,day_ahead
2025-08-15 23:00:00+00:00,93.33,day_ahead
2025-08-16 00:00:00+00:00,90.74,day_ahead
2025-08-16 01:00:00+00:00,85.03,day_ahead
2025-08-16 02:00:00+00:00,82.73,day_ahead
2025-08-16 03:00:00+00:00,87.09,day_ahead
2025-08-16 04:00:00+00:00,90.68,day_ahead
2025-08-16 05:00:00+00:00,88.0,day_ahead
2025-08-16 06:00:00+00:00,84.75,day_ahead
2025-08-16 07:00:00+00:00,80.0,day_ahead
2025-08-16 08:00:00+00:00,30.0,day_ahead
2025-08-16 09:00:00+00:00,3.8,day_ahead
2025-08-16 10:00:00+00:00,0.17,day_ahead
2025-08-16 11:00:00+00:00,-0.01,day_ahead
2025-08-16 14:00:00+00:00,0.91,day_ahead
2025-08-16 15:00:00+00:00,16.36,day_ahead
2025-08-16 16:00:00+00:00,70.2,day_ahead
2025-08-16 17:00:00+00:00,95.0,day_ahead
2025-08-16 18:00:00+00:00,105.94,day_ahead
2025-08-16 19:00:00+00:00,101.98,day_ahead
2025-08-16 20:00:00+00:00,95.04,day_ahead
2025-08-16 21:00:00+00:00,89.96,day_ahead
2025-08-16 22:00:00+00:00,94.4,day_ahead
2025-08-16 23:00:00+00:00,88.65,day_ahead
2025-08-17 00:00:00+00:00,88.0,day_ahead
2025-08-17 01:00:00+00:00,86.63,day_ahead
2025-08-17 02:00:00+00:00,90.0,day_ahead
2025-08-17 03:00:00+00:00,92.0,day_ahead
2025-08-17 04:00:00+00:00,89.57,day_ahead
2025-08-17 05:00:00+00:00,84.56,day_ahead
2025-08-17 06:00:00+00:00,81.93,day_ahead
2025-08-17 07:00:00+00:00,48.04,day_ahead
2025-08-17 08:00:00+00:00,9.86,day_ahead
2025-08-17 09:00:00+00:00,4.38,day_ahead
2025-08-17 10:00:00+00:00,3.0,day_ahead
2025-08-17 11:00:00+00:00,2.02,day_ahead
2025-08-17 12:00:00+00:00,2.68,day_ahead
2025-08-17 13:00:00+00:00,0.65,day_ahead
2025-08-17 14:00:00+00:00,12.42,day_ahead
2025-08-17 15:00:00+00:00,77.75,day_ahead
2025-08-17 16:00:00+00:00,93.6,day_ahead
2025-08-17 17:00:00+00:00,110.0,day_ahead
2025-08-17 18:00:00+00:00,110.66,day_ahead
2025-08-17 19:00:00+00:00,110.15,day_ahead
2025-08-17 20:00:00+00:00,105.09,day_ahead
2025-08-17 21:00:00+00:00,102.54,day_ahead
2025-08-17 22:00:00+00:00,91.99,day_ahead
2025-08-17 23:00:00+00:00,87.13,day_ahead
2025-08-18 00:00:00+00:00,83.07,day_ahead
2025-08-18 01:00:00+00:00,81.63,day_ahead
2025-08-18 02:00:00+00:00,88.44,day_ahead
2025-08-18 03:00:00+00:00,92.32,day_ahead
2025-08-18 04:00:00+00:00,113.0,day_ahead
2025-08-18 05:00:00+00:00,130.13,day_ahead
2025-08-18 06:00:00+00:00,108.82,day_ahead
2025-08-18 07:00:00+00:00,89.89,day_ahead
2025-08-18 08:00:00+00:00,78.8,day_ahead
2025-08-18 09:00:00+00:00,45.93,day_ahead
2025-08-18 10:00:00+00:00,20.04,day_ahead
2025-08-18 11:00:00+00:00,14.23,day_ahead
2025-08-18 12:00:00+00:00,18.34,day_ahead
2025-08-18 13:00:00+00:00,54.56,day_ahead
2025-08-18 14:00:00+00:00,71.06,day_ahead
2025-08-18 15:00:00+00:00,89.38,day_ahead
2025-08-18 16:00:00+00:00,95.7,day_ahead
2025-08-18 17:00:00+00:00,128.2,day_ahead
2025-08-18 18:00:00+00:00,190.15,day_ahead
2025-08-18 19:00:00+00:00,124.67,day_ahead
2025-08-18 20:00:00+00:00,104.9,day_ahead
2025-08-18 21:00:00+00:00,91.1,day_ahead
2025-08-18 22:00:00+00:00,98.91,day_ahead
2025-08-18 23:00:00+00:00,90.0,day_ahead
2025-08-19 00:00:00+00:00,84.55,day_ahead
2025-08-19 01:00:00+00:00,81.94,day_ahead
2025-08-19 02:00:00+00:00,83.4,day_ahead
2025-08-19 03:00:00+00:00,94.57,day_ahead
2025-08-19 04:00:00+00:00,104.51,day_ahead
2025-08-19 05:00:00+00:00,108.86,day_ahead
2025-08-19 06:00:00+00:00,98.05,day_ahead
2025-08-19 07:00:00+00:00,88.57,day_ahead
2025-08-19 08:00:00+00:00,69.64,day_ahead
2025-08-19 09:00:00+00:00,43.23,day_ahead
2025-08-19 10:00:00+00:00,22.85,day_ahead
2025-08-19 11:00:00+00:00,3.0,day_ahead
2025-08-19 12:00:00+00:00,0.5,day_ahead
2025-08-19 13:00:00+00:00,14.7,day_ahead
2025-08-19 14:00:00+00:00,59.05,day_ahead
2025-08-19 15:00:00+00:00,87.77,day_ahead
2025-08-19 16:00:00+00:00,92.41,day_ahead
2025-08-19 17:00:00+00:00,110.1,day_ahead
2025-08-19 18:00:00+00:00,124.62,day_ahead
2025-08-19 19:00:00+00:00,109.25,day_ahead
2025-08-19 20:00:00+00:00,103.67,day_ahead
2025-08-19 21:00:00+00:00,95.06,day_ahead
2025-08-19 22:00:00+00:00,94.14,day_ahead
2025-08-19 23:00:00+00:00,88.23,day_ahead
2025-08-20 00:00:00+00:00,82.89,day_ahead
2025-08-20 01:00:00+00:00,80.67,day_ahead
2025-08-20 02:00:00+00:00,79.37,day_ahead
2025-08-20 03:00:00+00:00,88.36,day_ahead
2025-08-20 04:00:00+00:00,101.36,day_ahead
2025-08-20 05:00:00+00:00,104.46,day_ahead
2025-08-20 06:00:00+00:00,105.69,day_ahead
2025-08-20 07:00:00+00:00,91.0,day_ahead
2025-08-20 08:00:00+00:00,83.89,day_ahead
2025-08-20 09:00:00+00:00,67.97,day_ahead
2025-08-20 10:00:00+00:00,49.06,day_ahead
2025-08-20 11:00:00+00:00,35.0,day_ahead
2025-08-20 12:00:00+00:00,40.09,day_ahead
2025-08-20 13:00:00+00:00,64.52,day_ahead
2025-08-20 14:00:00+00:00,73.51,day_ahead
2025-08-20 15:00:00+00:00,93.02,day_ahead
2025-08-20 16:00:00+00:00,95.1,day_ahead
2025-08-20 17:00:00+00:00,102.33,day_ahead
2025-08-20 18:00:00+00:00,129.9,day_ahead
2025-08-20 19:00:00+00:00,115.0,day_ahead
2025-08-20 20:00:00+00:00,103.44,day_ahead
2025-08-20 21:00:00+00:00,96.12,day_ahead
2025-08-20 22:00:00+00:00,94.5,day_ahead
2025-08-20 23:00:00+00:00,88.86,day_ahead
2025-08-21 00:00:00+00:00,87.52,day_ahead
2025-08-21 01:00:00+00:00,90.88,day_ahead
2025-08-21 02:00:00+00:00,92.37,day_ahead
2025-08-21 03:00:00+00:00,97.96,day_ahead
2025-08-21 04:00:00+00:00,105.9,day_ahead
2025-08-21 05:00:00+00:00,111.0,day_ahead
2025-08-21 06:00:00+00:00,106.91,day_ahead
2025-08-21 07:00:00+00:00,89.34,day_ahead
2025-08-21 08:00:00+00:00,75.2,day_ahead
2025-08-21 09:00:00+00:00,66.48,day_ahead
2025-08-21 10:00:00+00:00,57.69,day_ahead
2025-08-21 11:00:00+00:00,42.9,day_ahead
2025-08-21 12:00:00+00:00,37.0,day_ahead
2025-08-21 13:00:00+00:00,48.2,day_ahead
2025-08-21 14:00:00+00:00,60.1,day_ahead
2025-08-21 15:00:00+00:00,81.55,day_ahead
2025-08-21 16:00:00+00:00,94.0,day_ahead
2025-08-21 17:00:00+00:00,100.56,day_ahead
2025-08-21 18:00:00+00:00,116.56,day_ahead
2025-08-21 19:00:00+00:00,114.48,day_ahead
2025-08-21 20:00:00+00:00,111.0,day_ahead
2025-08-21 21:00:00+00:00,100.91,day_ahead
2025-08-21 22:00:00+00:00,91.99,day_ahead
2025-08-21 23:00:00+00:00,85.59,day_ahead
2025-08-22 00:00:00+00:00,82.13,day_ahead
2025-08-22 01:00:00+00:00,81.69,day_ahead
2025-08-22 02:00:00+00:00,82.88,day_ahead
2025-08-22 03:00:00+00:00,87.76,day_ahead
2025-08-22 04:00:00+00:00,105.91,day_ahead
2025-08-22 05:00:00+00:00,110.0,day_ahead
2025-08-22 06:00:00+00:00,105.69,day_ahead
2025-08-22 07:00:00+00:00,93.96,day_ahead
2025-08-22 08:00:00+00:00,85.63,day_ahead
2025-08-22 09:00:00+00:00,82.5,day_ahead
2025-08-22 10:00:00+00:00,68.0,day_ahead
2025-08-22 11:00:00+00:00,48.0,day_ahead
2025-08-22 12:00:00+00:00,33.55,day_ahead
2025-08-22 13:00:00+00:00,33.13,day_ahead
2025-08-22 14:00:00+00:00,60.0,day_ahead
2025-08-22 15:00:00+00:00,79.9,day_ahead
2025-08-22 16:00:00+00:00,98.1,day_ahead
2025-08-22 17:00:00+00:00,109.24,day_ahead
2025-08-22 18:00:00+00:00,114.2,day_ahead
2025-08-22 19:00:00+00:00,108.04,day_ahead
2025-08-22 20:00:00+00:00,103.3,day_ahead
2025-08-22 21:00:00+00:00,94.37,day_ahead
2025-08-22 22:00:00+00:00,95.33,day_ahead
2025-08-22 23:00:00+00:00,89.32,day_ahead
2025-08-23 00:00:00+00:00,89.08,day_ahead
2025-08-23 01:00:00+00:00,86.57,day_ahead
2025-08-23 02:00:00+00:00,87.41,day_ahead
2025-08-23 03:00:00+00:00,86.87,day_ahead
2025-08-23 04:00:00+00:00,87.11,day_ahead
2025-08-23 05:00:00+00:00,86.84,day_ahead
2025-08-23 06:00:00+00:00,86.55,day_ahead
2025-08-23 07:00:00+00:00,70.1,day_ahead
2025-08-23 08:00:00+00:00,23.66,day_ahead
2025-08-23 09:00:00+00:00,4.01,day_ahead
2025-08-23 10:00:00+00:00,3.0,day_ahead
2025-08-23 11:00:00+00:00,2.01,day_ahead
2025-08-23 12:00:00+00:00,1.83,day_ahead
2025-08-23 13:00:00+00:00,3.52,day_ahead
2025-08-23 14:00:00+00:00,12.1,day_ahead
2025-08-23 15:00:00+00:00,72.0,day_ahead
2025-08-23 16:00:00+00:00,98.23,day_ahead
2025-08-23 17:00:00+00:00,113.12,day_ahead
2025-08-23 18:00:00+00:00,124.01,day_ahead
2025-08-23 19:00:00+00:00,121.0,day_ahead
2025-08-23 20:00:00+00:00,111.16,day_ahead
2025-08-23 21:00:00+00:00,105.29,day_ahead
2025-08-23 22:00:00+00:00,100.5,day_ahead
2025-08-23 23:00:00+00:00,95.15,day_ahead
2025-08-24 00:00:00+00:00,95.33,day_ahead
2025-08-24 01:00:00+00:00,93.22,day_ahead
2025-08-24 02:00:00+00:00,92.48,day_ahead
2025-08-24 03:00:00+00:00,91.72,day_ahead
2025-08-24 04:00:00+00:00,90.0,day_ahead
2025-08-24 05:00:00+00:00,85.42,day_ahead
2025-08-24 06:00:00+00:00,86.71,day_ahead
2025-08-24 07:00:00+00:00,5.11,day_ahead
2025-08-24 08:00:00+00:00,-0.01,day_ahead
2025-08-24 09:00:00+00:00,-0.07,day_ahead
2025-08-24 10:00:00+00:00,-1.98,day_ahead
2025-08-24 11:00:00+00:00,-7.45,day_ahead
2025-08-24 12:00:00+00:00,-7.4,day_ahead
2025-08-24 13:00:00+00:00,-0.1,day_ahead
2025-08-24 14:00:00+00:00,0.0,day_ahead
2025-08-24 15:00:00+00:00,56.76,day_ahead
2025-08-24 16:00:00+00:00,96.35,day_ahead
2025-08-24 17:00:00+00:00,112.48,day_ahead
2025-08-24 18:00:00+00:00,117.57,day_ahead
2025-08-24 19:00:00+00:00,114.32,day_ahead
2025-08-24 20:00:00+00:00,107.5,day_ahead
2025-08-24 21:00:00+00:00,100.52,day_ahead
2025-08-24 22:00:00+00:00,95.28,day_ahead
2025-08-24 23:00:00+00:00,87.03,day_ahead
2025-08-25 00:00:00+00:00,85.44,day_ahead
2025-08-25 01:00:00+00:00,84.83,day_ahead
2025-08-25 02:00:00+00:00,83.55,day_ahead
2025-08-25 03:00:00+00:00,100.12,day_ahead
2025-08-25 04:00:00+00:00,115.38,day_ahead
2025-08-25 05:00:00+00:00,125.0,day_ahead
2025-08-25 06:00:00+00:00,110.04,day_ahead
2025-08-25 07:00:00+00:00,91.97,day_ahead
2025-08-25 08:00:00+00:00,72.98,day_ahead
2025-08-25 09:00:00+00:00,35.02,day_ahead
2025-08-25 10:00:00+00:00,10.0,day_ahead
2025-08-25 11:00:00+00:00,5.93,day_ahead
2025-08-25 12:00:00+00:00,6.78,day_ahead
2025-08-25 13:00:00+00:00,25.2,day_ahead
2025-08-25 14:00:00+00:00,56.39,day_ahead
2025-08-25 15:00:00+00:00,84.9,day_ahead
2025-08-25 16:00:00+00:00,107.69,day_ahead
2025-08-25 17:00:00+00:00,144.85,day_ahead
2025-08-25 18:00:00+00:00,189.87,day_ahead
2025-08-25 19:00:00+00:00,136.07,day_ahead
2025-08-25 20:00:00+00:00,115.04,day_ahead
2025-08-25 21:00:00+00:00,105.15,day_ahead
2025-08-25 22:00:00+00:00,104.56,day_ahead
2025-08-25 23:00:00+00:00,96.93,day_ahead
2025-08-26 00:00:00+00:00,86.0,day_ahead
2025-08-26 01:00:00+00:00,80.62,day_ahead
2025-08-26 02:00:00+00:00,82.58,day_ahead
2025-08-26 03:00:00+00:00,94.25,day_ahead
2025-08-26 04:00:00+00:00,92.0,day_ahead
2025-08-26 05:00:00+00:00,106.2,day_ahead
2025-08-26 06:00:00+00:00,104.62,day_ahead
2025-08-26 07:00:00+00:00,90.0,day_ahead
2025-08-26 08:00:00+00:00,77.8,day_ahead
2025-08-26 09:00:00+00:00,61.35,day_ahead
2025-08-26 10:00:00+00:00,41.75,day_ahead
2025-08-26 11:00:00+00:00,26.28,day_ahead
2025-08-26 12:00:00+00:00,38.05,day_ahead
2025-08-26 13:00:00+00:00,70.1,day_ahead
2025-08-26 14:00:00+00:00,83.82,day_ahead
2025-08-26 15:00:00+00:00,98.44,day_ahead
2025-08-26 16:00:00+00:00,116.03,day_ahead
2025-08-26 17:00:00+00:00,152.52,day_ahead
2025-08-26 18:00:00+00:00,170.01,day_ahead
2025-08-26 19:00:00+00:00,123.3,day_ahead
2025-08-26 20:00:00+00:00,109.47,day_ahead
2025-08-26 21:00:00+00:00,97.67,day_ahead
2025-08-26 22:00:00+00:00,95.4,day_ahead
2025-08-26 23:00:00+00:00,89.98,day_ahead
2025-08-27 00:00:00+00:00,86.52,day_ahead
2025-08-27 01:00:00+00:00,83.8,day_ahead
2025-08-27 02:00:00+00:00,84.49,day_ahead
2025-08-27 03:00:00+00:00,91.23,day_ahead
2025-08-27 04:00:00+00:00,99.9,day_ahead
2025-08-27 05:00:00+00:00,108.17,day_ahead
2025-08-27 06:00:00+00:00,113.64,day_ahead
2025-08-27 07:00:00+00:00,101.63,day_ahead
2025-08-27 08:00:00+00:00,85.45,day_ahead
2025-08-27 09:00:00+00:00,79.01,day_ahead
2025-08-27 10:00:00+00:00,64.16,day_ahead
2025-08-27 11:00:00+00:00,50.42,day_ahead
2025-08-27 12:00:00+00:00,50.89,day_ahead
2025-08-27 13:00:00+00:00,74.09,day_ahead
2025-08-27 14:00:00+00:00,81.32,day_ahead
2025-08-27 15:00:00+00:00,100.93,day_ahead
2025-08-27 16:00:00+00:00,122.72,day_ahead
2025-08-27 17:00:00+00:00,184.98,day_ahead
2025-08-27 18:00:00+00:00,197.16,day_ahead
2025-08-27 19:00:00+00:00,121.26,day_ahead
2025-08-27 20:00:00+00:00,113.63,day_ahead
2025-08-27 21:00:00+00:00,103.57,day_ahead
2025-08-27 22:00:00+00:00,97.15,day_ahead
2025-08-27 23:00:00+00:00,91.62,day_ahead
2025-08-28 00:00:00+00:00,87.58,day_ahead
2025-08-28 01:00:00+00:00,84.77,day_ahead
2025-08-28 02:00:00+00:00,86.72,day_ahead
2025-08-28 03:00:00+00:00,95.49,day_ahead
2025-08-28 04:00:00+00:00,112.32,day_ahead
2025-08-28 05:00:00+00:00,128.9,day_ahead
2025-08-28 06:00:00+00:00,135.03,day_ahead
2025-08-28 07:00:00+00:00,119.39,day_ahead
2025-08-28 08:00:00+00:00,103.63,day_ahead
2025-08-28 09:00:00+00:00,96.12,day_ahead
2025-08-28 10:00:00+00:00,88.19,day_ahead
2025-08-28 11:00:00+00:00,86.12,day_ahead
2025-08-28 12:00:00+00:00,84.87,day_ahead
2025-08-28 13:00:00+00:00,85.27,day_ahead
2025-08-28 14:00:00+00:00,81.75,day_ahead
2025-08-28 15:00:00+00:00,98.99,day_ahead
2025-08-28 16:00:00+00:00,98.3,day_ahead
2025-08-28 17:00:00+00:00,117.27,day_ahead
2025-08-28 18:00:00+00:00,124.0,day_ahead
2025-08-28 19:00:00+00:00,108.0,day_ahead
2025-08-28 20:00:00+00:00,101.4,day_ahead
2025-08-28 21:00:00+00:00,80.62,day_ahead
2025-08-28 22:00:00+00:00,84.59,day_ahead
2025-08-28 23:00:00+00:00,77.33,day_ahead
2025-08-29 00:00:00+00:00,77.12,day_ahead
2025-08-29 01:00:00+00:00,70.73,day_ahead
2025-08-29 02:00:00+00:00,70.42,day_ahead
2025-08-29 03:00:00+00:00,78.11,day_ahead
2025-08-29 04:00:00+00:00,98.32,day_ahead
2025-08-29 05:00:00+00:00,104.8,day_ahead
2025-08-29 06:00:00+00:00,105.08,day_ahead
2025-08-29 07:00:00+00:00,96.36,day_ahead
2025-08-29 08:00:00+00:00,70.41,day_ahead
2025-08-29 09:00:00+00:00,64.32,day_ahead
2025-08-29 10:00:00+00:00,56.47,day_ahead
2025-08-29 11:00:00+00:00,45.21,day_ahead
2025-08-29 12:00:00+00:00,50.0,day_ahead
2025-08-29 13:00:00+00:00,73.0,day_ahead
2025-08-29 14:00:00+00:00,71.54,day_ahead
2025-08-29 15:00:00+00:00,89.23,day_ahead
2025-08-29 16:00:00+00:00,109.3,day_ahead
2025-08-29 17:00:00+00:00,123.0,day_ahead
2025-08-29 18:00:00+00:00,113.33,day_ahead
2025-08-29 19:00:00+00:00,106.06,day_ahead
2025-08-29 20:00:00+00:00,95.55,day_ahead
2025-08-29 21:00:00+00:00,86.22,day_ahead
2025-08-29 22:00:00+00:00,88.29,day_ahead
2025-08-29 23:00:00+00:00,80.63,day_ahead
2025-08-30 00:00:00+00:00,79.1,day_ahead
2025-08-30 01:00:00+00:00,81.51,day_ahead
2025-08-30 02:00:00+00:00,75.77,day_ahead
2025-08-30 03:00:00+00:00,76.98,day_ahead
2025-08-30 04:00:00+00:00,92.72,day_ahead
2025-08-30 05:00:00+00:00,94.17,day_ahead
2025-08-30 06:00:00+00:00,87.97,day_ahead
2025-08-30 07:00:00+00:00,71.55,day_ahead
2025-08-30 08:00:00+00:00,32.99,day_ahead
2025-08-30 09:00:00+00:00,5.23,day_ahead
2025-08-30 10:00:00+00:00,0.0,day_ahead
2025-08-30 11:00:00+00:00,-0.01,day_ahead
2025-08-30 13:00:00+00:00,-0.5,day_ahead
2025-08-30 14:00:00+00:00,7.57,day_ahead
2025-08-30 15:00:00+00:00,68.86,day_ahead
2025-08-30 16:00:00+00:00,89.82,day_ahead
2025-08-30 17:00:00+00:00,105.52,day_ahead
2025-08-30 18:00:00+00:00,125.4,day_ahead
2025-08-30 19:00:00+00:00,104.98,day_ahead
2025-08-30 20:00:00+00:00,96.08,day_ahead
2025-08-30 21:00:00+00:00,86.38,day_ahead
2025-08-30 22:00:00+00:00,83.6,day_ahead
2025-08-30 23:00:00+00:00,72.91,day_ahead
2025-08-31 00:00:00+00:00,64.7,day_ahead
2025-08-31 01:00:00+00:00,60.33,day_ahead
2025-08-31 02:00:00+00:00,58.49,day_ahead
2025-08-31 03:00:00+00:00,54.87,day_ahead
2025-08-31 04:00:00+00:00,56.06,day_ahead
2025-08-31 05:00:00+00:00,54.28,day_ahead
2025-08-31 06:00:00+00:00,22.27,day_ahead
2025-08-31 07:00:00+00:00,5.22,day_ahead
2025-08-31 08:00:00+00:00,0.13,day_ahead
2025-08-31 09:00:00+00:00,0.09,day_ahead
2025-08-31 10:00:00+00:00,0.03,day_ahead
2025-08-31 11:00:00+00:00,-0.81,day_ahead
2025-08-31 12:00:00+00:00,-0.57,day_ahead
2025-08-31 13:00:00+00:00,0.0,day_ahead
2025-08-31 14:00:00+00:00,21.98,day_ahead
2025-08-31 15:00:00+00:00,68.2,day_ahead
2025-08-31 16:00:00+00:00,103.75,day_ahead
2025-08-31 17:00:00+00:00,129.18,day_ahead
2025-08-31 18:00:00+00:00,126.37,day_ahead
2025-08-31 19:00:00+00:00,110.84,day_ahead
2025-08-31 20:00:00+00:00,100.86,day_ahead
2025-08-31 21:00:00+00:00,88.26,day_ahead
2025-08-31 22:00:00+00:00,76.11,day_ahead
2025-08-31 23:00:00+00:00,80.08,day_ahead
2025-09-01 00:00:00+00:00,77.84,day_ahead
2025-09-01 01:00:00+00:00,69.75,day_ahead
2025-09-01 02:00:00+00:00,70.32,day_ahead
2025-09-01 03:00:00+00:00,81.88,day_ahead
2025-09-01 04:00:00+00:00,110.29,day_ahead
2025-09-01 05:00:00+00:00,121.08,day_ahead
2025-09-01 06:00:00+00:00,112.64,day_ahead
2025-09-01 07:00:00+00:00,90.66,day_ahead
2025-09-01 08:00:00+00:00,72.78,day_ahead
2025-09-01 09:00:00+00:00,58.46,day_ahead
2025-09-01 10:00:00+00:00,34.69,day_ahead
2025-09-01 11:00:00+00:00,21.14,day_ahead
2025-09-01 12:00:00+00:00,19.7,day_ahead
2025-09-01 13:00:00+00:00,35.0,day_ahead
2025-09-01 14:00:00+00:00,62.5,day_ahead
2025-09-01 15:00:00+00:00,95.08,day_ahead
2025-09-01 16:00:00+00:00,94.9,day_ahead
2025-09-01 17:00:00+00:00,165.41,day_ahead
2025-09-01 18:00:00+00:00,176.37,day_ahead
2025-09-01 19:00:00+00:00,115.57,day_ahead
2025-09-01 20:00:00+00:00,98.4,day_ahead
2025-09-01 21:00:00+00:00,84.25,day_ahead
2025-09-01 22:00:00+00:00,86.0,day_ahead
2025-09-01 23:00:00+00:00,80.92,day_ahead
2025-09-02 00:00:00+00:00,83.68,day_ahead
2025-09-02 01:00:00+00:00,80.9,day_ahead
2025-09-02 02:00:00+00:00,83.3,day_ahead
2025-09-02 03:00:00+00:00,94.01,day_ahead
2025-09-02 04:00:00+00:00,88.66,day_ahead
2025-09-02 05:00:00+00:00,113.66,day_ahead
2025-09-02 06:00:00+00:00,97.45,day_ahead
2025-09-02 07:00:00+00:00,90.0,day_ahead
2025-09-02 08:00:00+00:00,88.15,day_ahead
2025-09-02 09:00:00+00:00,72.52,day_ahead
2025-09-02 10:00:00+00:00,67.53,day_ahead
2025-09-02 11:00:00+00:00,65.82,day_ahead
2025-09-02 12:00:00+00:00,64.8,day_ahead
2025-09-02 13:00:00+00:00,70.97,day_ahead
2025-09-02 14:00:00+00:00,81.48,day_ahead
2025-09-02 15:00:00+00:00,98.48,day_ahead
2025-09-02 16:00:00+00:00,123.23,day_ahead
2025-09-02 17:00:00+00:00,151.0,day_ahead
2025-09-02 18:00:00+00:00,126.4,day_ahead
2025-09-02 19:00:00+00:00,98.81,day_ahead
2025-09-02 20:00:00+00:00,90.0,day_ahead
2025-09-02 21:00:00+00:00,85.86,day_ahead
2025-09-02 22:00:00+00:00,86.94,day_ahead
2025-09-02 23:00:00+00:00,82.6,day_ahead
2025-09-03 00:00:00+00:00,76.46,day_ahead
2025-09-03 01:00:00+00:00,72.31,day_ahead
2025-09-03 02:00:00+00:00,71.0,day_ahead
2025-09-03 03:00:00+00:00,76.62,day_ahead
2025-09-03 04:00:00+00:00,96.33,day_ahead
2025-09-03 05:00:00+00:00,102.0,day_ahead
2025-09-03 06:00:00+00:00,104.9,day_ahead
2025-09-03 07:00:00+00:00,81.54,day_ahead
2025-09-03 08:00:00+00:00,28.93,day_ahead
2025-09-03 09:00:00+00:00,0.03,day_ahead
2025-09-03 10:00:00+00:00,-0.1,day_ahead
2025-09-03 12:00:00+00:00,-0.13,day_ahead
2025-09-03 13:00:00+00:00,0.0,day_ahead
2025-09-03 14:00:00+00:00,3.89,day_ahead
2025-09-03 15:00:00+00:00,58.29,day_ahead
2025-09-03 16:00:00+00:00,96.9,day_ahead
2025-09-03 17:00:00+00:00,107.78,day_ahead
2025-09-03 18:00:00+00:00,100.1,day_ahead
2025-09-03 19:00:00+00:00,91.78,day_ahead
2025-09-03 20:00:00+00:00,80.0,day_ahead
2025-09-03 21:00:00+00:00,54.3,day_ahead
2025-09-03 22:00:00+00:00,21.65,day_ahead
2025-09-03 23:00:00+00:00,15.04,day_ahead
2025-09-04 00:00:00+00:00,14.92,day_ahead
2025-09-04 01:00:00+00:00,21.99,day_ahead
2025-09-04 02:00:00+00:00,48.0,day_ahead
2025-09-04 03:00:00+00:00,68.0,day_ahead
2025-09-04 04:00:00+00:00,97.47,day_ahead
2025-09-04 05:00:00+00:00,109.24,day_ahead
2025-09-04 06:00:00+00:00,101.09,day_ahead
2025-09-04 07:00:00+00:00,74.72,day_ahead
2025-09-04 08:00:00+00:00,38.5,day_ahead
2025-09-04 09:00:00+00:00,5.79,day_ahead
2025-09-04 10:00:00+00:00,3.2,day_ahead
2025-09-04 12:00:00+00:00,32.66,day_ahead
2025-09-04 13:00:00+00:00,62.28,day_ahead
2025-09-04 14:00:00+00:00,81.29,day_ahead
2025-09-04 15:00:00+00:00,101.88,day_ahead
2025-09-04 16:00:00+00:00,104.9,day_ahead
2025-09-04 17:00:00+00:00,151.18,day_ahead
2025-09-04 18:00:00+00:00,198.0,day_ahead
2025-09-04 19:00:00+00:00,118.43,day_ahead
2025-09-04 20:00:00+00:00,105.0,day_ahead
2025-09-04 21:00:00+00:00,92.0,day_ahead
2025-09-04 22:00:00+00:00,77.8,day_ahead
2025-09-04 23:00:00+00:00,81.78,day_ahead
2025-09-05 00:00:00+00:00,79.97,day_ahead
2025-09-05 01:00:00+00:00,80.7,day_ahead
2025-09-05 02:00:00+00:00,81.67,day_ahead
2025-09-05 03:00:00+00:00,89.7,day_ahead
2025-09-05 04:00:00+00:00,106.0,day_ahead
2025-09-05 05:00:00+00:00,118.91,day_ahead
2025-09-05 06:00:00+00:00,113.47,day_ahead
2025-09-05 07:00:00+00:00,97.59,day_ahead
2025-09-05 08:00:00+00:00,81.12,day_ahead
2025-09-05 09:00:00+00:00,74.31,day_ahead
2025-09-05 10:00:00+00:00,70.29,day_ahead
2025-09-05 11:00:00+00:00,65.23,day_ahead
2025-09-05 12:00:00+00:00,61.83,day_ahead
2025-09-05 13:00:00+00:00,69.68,day_ahead
2025-09-05 14:00:00+00:00,77.05,day_ahead
2025-09-05 15:00:00+00:00,82.11,day_ahead
2025-09-05 16:00:00+00:00,106.11,day_ahead
2025-09-05 17:00:00+00:00,150.0,day_ahead
2025-09-05 18:00:00+00:00,147.02,day_ahead
2025-09-05 19:00:00+00:00,116.33,day_ahead
2025-09-05 20:00:00+00:00,106.81,day_ahead
2025-09-05 21:00:00+00:00,99.94,day_ahead
2025-09-05 22:00:00+00:00,97.07,day_ahead
2025-09-05 23:00:00+00:00,93.56,day_ahead
2025-09-06 00:00:00+00:00,89.95,day_ahead
2025-09-06 01:00:00+00:00,85.83,day_ahead
2025-09-06 02:00:00+00:00,84.32,day_ahead
2025-09-06 03:00:00+00:00,86.04,day_ahead
2025-09-06 04:00:00+00:00,97.87,day_ahead
2025-09-06 05:00:00+00:00,100.59,day_ahead
2025-09-06 06:00:00+00:00,88.4,day_ahead
2025-09-06 07:00:00+00:00,68.89,day_ahead
2025-09-06 08:00:00+00:00,9.75,day_ahead
2025-09-06 09:00:00+00:00,0.0,day_ahead
2025-09-06 10:00:00+00:00,-0.02,day_ahead
2025-09-06 11:00:00+00:00,-0.86,day_ahead
2025-09-06 12:00:00+00:00,-0.99,day_ahead
2025-09-06 13:00:00+00:00,-0.01,day_ahead
2025-09-06 14:00:00+00:00,34.44,day_ahead
2025-09-06 15:00:00+00:00,73.59,day_ahead
2025-09-06 16:00:00+00:00,108.81,day_ahead
2025-09-06 17:00:00+00:00,147.29,day_ahead
2025-09-06 18:00:00+00:00,130.42,day_ahead
2025-09-06 19:00:00+00:00,101.57,day_ahead
2025-09-06 20:00:00+00:00,90.1,day_ahead
2025-09-06 21:00:00+00:00,76.32,day_ahead
2025-09-06 22:00:00+00:00,79.73,day_ahead
2025-09-06 23:00:00+00:00,74.87,day_ahead
2025-09-07 00:00:00+00:00,72.64,day_ahead
2025-09-07 01:00:00+00:00,75.0,day_ahead
2025-09-07 02:00:00+00:00,74.55,day_ahead
2025-09-07 03:00:00+00:00,74.35,day_ahead
2025-09-07 04:00:00+00:00,72.95,day_ahead
2025-09-07 05:00:00+00:00,50.1,day_ahead
2025-09-07 06:00:00+00:00,0.0,day_ahead
2025-09-07 07:00:00+00:00,-0.09,day_ahead
2025-09-07 08:00:00+00:00,-4.0,day_ahead
2025-09-07 09:00:00+00:00,-20.09,day_ahead
2025-09-07 10:00:00+00:00,-40.02,day_ahead
2025-09-07 11:00:00+00:00,-53.4,day_ahead
2025-09-07 12:00:00+00:00,-63.4,day_ahead
2025-09-07 13:00:00+00:00,-23.0,day_ahead
2025-09-07 14:00:00+00:00,-2.46,day_ahead
2025-09-07 15:00:00+00:00,3.0,day_ahead
2025-09-07 16:00:00+00:00,91.25,day_ahead
2025-09-07 17:00:00+00:00,108.11,day_ahead
2025-09-07 18:00:00+00:00,97.81,day_ahead
2025-09-07 19:00:00+00:00,87.36,day_ahead
2025-09-07 20:00:00+00:00,86.02,day_ahead
2025-09-07 21:00:00+00:00,86.47,day_ahead
2025-09-07 22:00:00+00:00,77.88,day_ahead
2025-09-07 23:00:00+00:00,82.32,day_ahead
2025-09-08 00:00:00+00:00,86.88,day_ahead
2025-09-08 01:00:00+00:00,90.0,day_ahead
2025-09-08 02:00:00+00:00,84.0,day_ahead
2025-09-08 03:00:00+00:00,89.67,day_ahead
2025-09-08 04:00:00+00:00,107.91,day_ahead
2025-09-08 05:00:00+00:00,132.69,day_ahead
2025-09-08 06:00:00+00:00,124.67,day_ahead
2025-09-08 07:00:00+00:00,101.85,day_ahead
2025-09-08 08:00:00+00:00,85.83,day_ahead
2025-09-08 09:00:00+00:00,74.51,day_ahead
2025-09-08 10:00:00+00:00,63.62,day_ahead
2025-09-08 11:00:00+00:00,58.02,day_ahead
2025-09-08 12:00:00+00:00,65.61,day_ahead
2025-09-08 13:00:00+00:00,72.16,day_ahead
2025-09-08 14:00:00+00:00,92.5,day_ahead
2025-09-08 15:00:00+00:00,121.86,day_ahead
2025-09-08 16:00:00+00:00,186.96,day_ahead
2025-09-08 17:00:00+00:00,383.23,day_ahead
2025-09-08 18:00:00+00:00,289.22,day_ahead
2025-09-08 19:00:00+00:00,152.0,day_ahead
2025-09-08 20:00:00+00:00,121.8,day_ahead
2025-09-08 21:00:00+00:00,110.62,day_ahead
2025-09-08 22:00:00+00:00,109.19,day_ahead
2025-09-08 23:00:00+00:00,107.24,day_ahead
2025-09-09 00:00:00+00:00,105.33,day_ahead
2025-09-09 01:00:00+00:00,103.85,day_ahead
2025-09-09 02:00:00+00:00,105.18,day_ahead
2025-09-09 03:00:00+00:00,112.47,day_ahead
2025-09-09 04:00:00+00:00,166.81,day_ahead
2025-09-09 05:00:00+00:00,276.33,day_ahead
2025-09-09 06:00:00+00:00,196.98,day_ahead
2025-09-09 07:00:00+00:00,129.91,day_ahead
2025-09-09 08:00:00+00:00,98.52,day_ahead
2025-09-09 09:00:00+00:00,89.99,day_ahead
2025-09-09 10:00:00+00:00,78.78,day_ahead
2025-09-09 11:00:00+00:00,76.73,day_ahead
2025-09-09 12:00:00+00:00,76.75,day_ahead
2025-09-09 13:00:00+00:00,82.58,day_ahead
2025-09-09 14:00:00+00:00,91.89,day_ahead
2025-09-09 15:00:00+00:00,118.73,day_ahead
2025-09-09 16:00:00+00:00,180.16,day_ahead
2025-09-09 17:00:00+00:00,367.07,day_ahead
2025-09-09 18:00:00+00:00,212.58,day_ahead
2025-09-09 19:00:00+00:00,130.85,day_ahead
2025-09-09 20:00:00+00:00,113.71,day_ahead
2025-09-09 21:00:00+00:00,106.0,day_ahead
2025-09-09 22:00:00+00:00,100.72,day_ahead
2025-09-09 23:00:00+00:00,101.16,day_ahead
2025-09-10 00:00:00+00:00,98.48,day_ahead
2025-09-10 01:00:00+00:00,99.17,day_ahead
2025-09-10 02:00:00+00:00,100.14,day_ahead
2025-09-10 03:00:00+00:00,107.64,day_ahead
2025-09-10 04:00:00+00:00,129.69,day_ahead
2025-09-10 05:00:00+00:00,217.64,day_ahead
2025-09-10 06:00:00+00:00,167.76,day_ahead
2025-09-10 07:00:00+00:00,125.0,day_ahead
2025-09-10 08:00:00+00:00,95.47,day_ahead
2025-09-10 09:00:00+00:00,89.87,day_ahead
2025-09-10 10:00:00+00:00,78.12,day_ahead
2025-09-10 11:00:00+00:00,75.93,day_ahead
2025-09-10 12:00:00+00:00,74.6,day_ahead
2025-09-10 13:00:00+00:00,79.16,day_ahead
2025-09-10 14:00:00+00:00,91.7,day_ahead
2025-09-10 15:00:00+00:00,121.11,day_ahead
2025-09-10 16:00:00+00:00,152.6,day_ahead
2025-09-10 17:00:00+00:00,232.41,day_ahead
2025-09-10 18:00:00+00:00,156.92,day_ahead
2025-09-10 19:00:00+00:00,105.48,day_ahead
2025-09-10 20:00:00+00:00,91.78,day_ahead
2025-09-10 21:00:00+00:00,78.2,day_ahead
2025-09-10 22:00:00+00:00,79.11,day_ahead
2025-09-10 23:00:00+00:00,75.96,day_ahead
2025-09-11 00:00:00+00:00,68.36,day_ahead
2025-09-11 01:00:00+00:00,62.14,day_ahead
2025-09-11 02:00:00+00:00,62.03,day_ahead
2025-09-11 03:00:00+00:00,70.17,day_ahead
2025-09-11 04:00:00+00:00,102.59,day_ahead
2025-09-11 05:00:00+00:00,109.9,day_ahead
2025-09-11 06:00:00+00:00,118.2,day_ahead
2025-09-11 07:00:00+00:00,90.0,day_ahead
2025-09-11 08:00:00+00:00,63.4,day_ahead
2025-09-11 09:00:00+00:00,3.86,day_ahead
2025-09-11 10:00:00+00:00,-0.19,day_ahead
2025-09-11 11:00:00+00:00,-0.07,day_ahead
2025-09-11 12:00:00+00:00,-0.74,day_ahead
2025-09-11 13:00:00+00:00,-0.01,day_ahead
2025-09-11 14:00:00+00:00,3.0,day_ahead
2025-09-11 15:00:00+00:00,68.0,day_ahead
2025-09-11 16:00:00+00:00,109.37,day_ahead
2025-09-11 17:00:00+00:00,125.76,day_ahead
2025-09-11 18:00:00+00:00,121.75,day_ahead
2025-09-11 19:00:00+00:00,103.19,day_ahead
2025-09-11 20:00:00+00:00,81.2,day_ahead
2025-09-11 21:00:00+00:00,59.98,day_ahead
2025-09-11 22:00:00+00:00,24.2,day_ahead
2025-09-11 23:00:00+00:00,25.24,day_ahead
2025-09-12 00:00:00+00:00,15.19,day_ahead
2025-09-12 01:00:00+00:00,11.13,day_ahead
2025-09-12 02:00:00+00:00,22.0,day_ahead
2025-09-12 03:00:00+00:00,41.82,day_ahead
2025-09-12 04:00:00+00:00,79.88,day_ahead
2025-09-12 05:00:00+00:00,90.3,day_ahead
2025-09-12 06:00:00+00:00,93.28,day_ahead
2025-09-12 07:00:00+00:00,44.42,day_ahead
2025-09-12 08:00:00+00:00,-0.01,day_ahead
2025-09-12 09:00:00+00:00,-2.0,day_ahead
2025-09-12 10:00:00+00:00,-4.79,day_ahead
2025-09-12 11:00:00+00:00,-8.27,day_ahead
2025-09-12 12:00:00+00:00,-6.19,day_ahead
2025-09-12 13:00:00+00:00,-4.0,day_ahead
2025-09-12 14:00:00+00:00,-0.01,day_ahead
2025-09-12 15:00:00+00:00,51.63,day_ahead
2025-09-12 16:00:00+00:00,99.48,day_ahead
2025-09-12 17:00:00+00:00,140.78,day_ahead
2025-09-12 18:00:00+00:00,139.45,day_ahead
2025-09-12 19:00:00+00:00,102.99,day_ahead
2025-09-12 20:00:00+00:00,94.85,day_ahead
2025-09-12 21:00:00+00:00,86.16,day_ahead
2025-09-12 22:00:00+00:00,75.06,day_ahead
2025-09-12 23:00:00+00:00,64.06,day_ahead
2025-09-13 00:00:00+00:00,64.24,day_ahead
2025-09-13 01:00:00+00:00,63.86,day_ahead
2025-09-13 02:00:00+00:00,60.83,day_ahead
2025-09-13 03:00:00+00:00,63.68,day_ahead
2025-09-13 04:00:00+00:00,65.04,day_ahead
2025-09-13 05:00:00+00:00,64.87,day_ahead
2025-09-13 06:00:00+00:00,63.79,day_ahead
2025-09-13 07:00:00+00:00,47.95,day_ahead
2025-09-13 08:00:00+00:00,13.67,day_ahead
2025-09-13 09:00:00+00:00,2.37,day_ahead
2025-09-13 10:00:00+00:00,0.0,day_ahead
2025-09-13 11:00:00+00:00,-0.01,day_ahead
2025-09-13 14:00:00+00:00,2.33,day_ahead
2025-09-13 15:00:00+00:00,65.35,day_ahead
2025-09-13 16:00:00+00:00,97.51,day_ahead
2025-09-13 17:00:00+00:00,107.79,day_ahead
2025-09-13 18:00:00+00:00,111.99,day_ahead
2025-09-13 19:00:00+00:00,103.28,day_ahead
2025-09-13 20:00:00+00:00,90.16,day_ahead
2025-09-13 21:00:00+00:00,81.84,day_ahead
2025-09-13 22:00:00+00:00,81.49,day_ahead
2025-09-13 23:00:00+00:00,68.65,day_ahead
2025-09-14 00:00:00+00:00,74.82,day_ahead
2025-09-14 01:00:00+00:00,79.73,day_ahead
2025-09-14 02:00:00+00:00,86.29,day_ahead
2025-09-14 03:00:00+00:00,85.5,day_ahead
2025-09-14 04:00:00+00:00,92.0,day_ahead
2025-09-14 05:00:00+00:00,96.89,day_ahead
2025-09-14 06:00:00+00:00,99.03,day_ahead
2025-09-14 07:00:00+00:00,76.13,day_ahead
2025-09-14 08:00:00+00:00,54.05,day_ahead
2025-09-14 09:00:00+00:00,17.53,day_ahead
2025-09-14 10:00:00+00:00,6.51,day_ahead
2025-09-14 11:00:00+00:00,0.0,day_ahead
2025-09-14 12:00:00+00:00,-0.01,day_ahead
2025-09-14 13:00:00+00:00,0.0,day_ahead
2025-09-14 14:00:00+00:00,17.43,day_ahead
2025-09-14 15:00:00+00:00,88.41,day_ahead
2025-09-14 16:00:00+00:00,115.89,day_ahead
2025-09-14 17:00:00+00:00,134.25,day_ahead
2025-09-14 18:00:00+00:00,104.05,day_ahead
2025-09-14 19:00:00+00:00,85.29,day_ahead
2025-09-14 20:00:00+00:00,68.42,day_ahead
2025-09-14 21:00:00+00:00,14.27,day_ahead
2025-09-14 22:00:00+00:00,15.62,day_ahead
2025-09-14 23:00:00+00:00,1.63,day_ahead
2025-09-15 00:00:00+00:00,-0.81,day_ahead
2025-09-15 01:00:00+00:00,-1.5,day_ahead
2025-09-15 02:00:00+00:00,-2.04,day_ahead
2025-09-15 03:00:00+00:00,-0.99,day_ahead
2025-09-15 04:00:00+00:00,19.69,day_ahead
2025-09-15 05:00:00+00:00,50.0,day_ahead
2025-09-15 06:00:00+00:00,38.75,day_ahead
2025-09-15 07:00:00+00:00,0.9,day_ahead
2025-09-15 08:00:00+00:00,-0.29,day_ahead
2025-09-15 09:00:00+00:00,-2.44,day_ahead
2025-09-15 10:00:00+00:00,-6.0,day_ahead
2025-09-15 11:00:00+00:00,-10.65,day_ahead
2025-09-15 12:00:00+00:00,-6.0,day_ahead
2025-09-15 13:00:00+00:00,-6.9,day_ahead
2025-09-15 14:00:00+00:00,-3.02,day_ahead
2025-09-15 15:00:00+00:00,0.97,day_ahead
2025-09-15 16:00:00+00:00,15.0,day_ahead
2025-09-15 17:00:00+00:00,55.45,day_ahead
2025-09-15 18:00:00+00:00,50.0,day_ahead
2025-09-15 19:00:00+00:00,5.48,day_ahead
2025-09-15 20:00:00+00:00,2.91,day_ahead
2025-09-15 21:00:00+00:00,0.06,day_ahead
2025-09-15 22:00:00+00:00,-0.01,day_ahead
2025-09-15 23:00:00+00:00,-0.09,day_ahead
2025-09-16 00:00:00+00:00,-0.23,day_ahead
2025-09-16 01:00:00+00:00,-1.05,day_ahead
2025-09-16 02:00:00+00:00,-1.33,day_ahead
2025-09-16 03:00:00+00:00,-0.01,day_ahead
2025-09-16 04:00:00+00:00,2.33,day_ahead
2025-09-16 05:00:00+00:00,18.78,day_ahead
2025-09-16 06:00:00+00:00,24.0,day_ahead
2025-09-16 07:00:00+00:00,10.0,day_ahead
2025-09-16 08:00:00+00:00,-0.01,day_ahead
2025-09-16 09:00:00+00:00,-1.2,day_ahead
2025-09-16 10:00:00+00:00,-2.04,day_ahead
2025-09-16 11:00:00+00:00,-2.03,day_ahead
2025-09-16 12:00:00+00:00,-0.01,day_ahead
2025-09-16 13:00:00+00:00,-1.5,day_ahead
2025-09-16 14:00:00+00:00,-1.49,day_ahead
2025-09-16 15:00:00+00:00,6.47,day_ahead
2025-09-16 16:00:00+00:00,74.03,day_ahead
2025-09-16 17:00:00+00:00,121.21,day_ahead
2025-09-16 18:00:00+00:00,120.79,day_ahead
2025-09-16 19:00:00+00:00,98.78,day_ahead
2025-09-16 20:00:00+00:00,90.1,day_ahead
2025-09-16 21:00:00+00:00,92.06,day_ahead
2025-09-16 22:00:00+00:00,74.78,day_ahead
2025-09-16 23:00:00+00:00,66.86,day_ahead
2025-09-17 00:00:00+00:00,52.14,day_ahead
2025-09-17 01:00:00+00:00,53.0,day_ahead
2025-09-17 02:00:00+00:00,69.4,day_ahead
2025-09-17 03:00:00+00:00,81.26,day_ahead
2025-09-17 04:00:00+00:00,97.8,day_ahead
2025-09-17 05:00:00+00:00,118.75,day_ahead
2025-09-17 06:00:00+00:00,112.96,day_ahead
2025-09-17 07:00:00+00:00,99.88,day_ahead
2025-09-17 08:00:00+00:00,94.9,day_ahead
2025-09-17 09:00:00+00:00,100.0,day_ahead
2025-09-17 10:00:00+00:00,71.0,day_ahead
2025-09-17 11:00:00+00:00,40.1,day_ahead
2025-09-17 12:00:00+00:00,25.0,day_ahead
2025-09-17 13:00:00+00:00,59.3,day_ahead
2025-09-17 14:00:00+00:00,71.4,day_ahead
2025-09-17 15:00:00+00:00,101.71,day_ahead
2025-09-17 16:00:00+00:00,117.75,day_ahead
2025-09-17 17:00:00+00:00,116.21,day_ahead
2025-09-17 18:00:00+00:00,110.79,day_ahead
2025-09-17 19:00:00+00:00,90.82,day_ahead
2025-09-17 20:00:00+00:00,86.5,day_ahead
2025-09-17 21:00:00+00:00,71.43,day_ahead
2025-09-17 22:00:00+00:00,49.69,day_ahead
2025-09-17 23:00:00+00:00,45.19,day_ahead
2025-09-18 00:00:00+00:00,36.88,day_ahead
2025-09-18 01:00:00+00:00,34.77,day_ahead
2025-09-18 02:00:00+00:00,43.68,day_ahead
2025-09-18 03:00:00+00:00,67.41,day_ahead
2025-09-18 04:00:00+00:00,96.15,day_ahead
2025-09-18 05:00:00+00:00,115.13,day_ahead
2025-09-18 06:00:00+00:00,110.46,day_ahead
2025-09-18 07:00:00+00:00,89.49,day_ahead
2025-09-18 08:00:00+00:00,63.86,day_ahead
2025-09-18 09:00:00+00:00,5.88,day_ahead
2025-09-18 10:00:00+00:00,0.2,day_ahead
2025-09-18 11:00:00+00:00,0.0,day_ahead
2025-09-18 13:00:00+00:00,0.52,day_ahead
2025-09-18 14:00:00+00:00,15.04,day_ahead
2025-09-18 15:00:00+00:00,80.84,day_ahead
2025-09-18 16:00:00+00:00,111.12,day_ahead
2025-09-18 17:00:00+00:00,125.76,day_ahead
2025-09-18 18:00:00+00:00,127.6,day_ahead
2025-09-18 19:00:00+00:00,110.0,day_ahead
2025-09-18 20:00:00+00:00,98.36,day_ahead
2025-09-18 21:00:00+00:00,88.2,day_ahead
2025-09-18 22:00:00+00:00,74.09,day_ahead
2025-09-18 23:00:00+00:00,74.9,day_ahead
2025-09-19 00:00:00+00:00,80.0,day_ahead
2025-09-19 01:00:00+00:00,77.97,day_ahead
2025-09-19 02:00:00+00:00,78.93,day_ahead
2025-09-19 03:00:00+00:00,93.39,day_ahead
2025-09-19 04:00:00+00:00,119.99,day_ahead
2025-09-19 05:00:00+00:00,149.43,day_ahead
2025-09-19 06:00:00+00:00,120.77,day_ahead
2025-09-19 07:00:00+00:00,106.96,day_ahead
2025-09-19 08:00:00+00:00,51.61,day_ahead
2025-09-19 09:00:00+00:00,13.02,day_ahead
2025-09-19 10:00:00+00:00,0.99,day_ahead
2025-09-19 11:00:00+00:00,0.0,day_ahead
2025-09-19 13:00:00+00:00,11.97,day_ahead
2025-09-19 14:00:00+00:00,68.86,day_ahead
2025-09-19 15:00:00+00:00,113.37,day_ahead
2025-09-19 16:00:00+00:00,230.3,day_ahead
2025-09-19 17:00:00+00:00,373.71,day_ahead
2025-09-19 18:00:00+00:00,163.36,day_ahead
2025-09-19 19:00:00+00:00,110.05,day_ahead
2025-09-19 20:00:00+00:00,85.6,day_ahead
2025-09-19 21:00:00+00:00,79.02,day_ahead
2025-09-19 22:00:00+00:00,77.91,day_ahead
2025-09-20 00:00:00+00:00,74.99,day_ahead
2025-09-20 01:00:00+00:00,74.8,day_ahead
2025-09-20 02:00:00+00:00,74.79,day_ahead
2025-09-20 03:00:00+00:00,80.21,day_ahead
2025-09-20 04:00:00+00:00,88.51,day_ahead
2025-09-20 05:00:00+00:00,86.97,day_ahead
2025-09-20 06:00:00+00:00,75.29,day_ahead
2025-09-20 07:00:00+00:00,24.94,day_ahead
2025-09-20 08:00:00+00:00,2.98,day_ahead
2025-09-20 09:00:00+00:00,2.0,day_ahead
2025-09-20 10:00:00+00:00,-1.49,day_ahead
2025-09-20 11:00:00+00:00,-0.05,day_ahead
2025-09-20 12:00:00+00:00,-1.49,day_ahead
2025-09-20 13:00:00+00:00,3.0,day_ahead
2025-09-20 14:00:00+00:00,50.36,day_ahead
2025-09-20 15:00:00+00:00,81.44,day_ahead
2025-09-20 16:00:00+00:00,113.91,day_ahead
2025-09-20 17:00:00+00:00,125.74,day_ahead
2025-09-20 18:00:00+00:00,94.32,day_ahead
2025-09-20 19:00:00+00:00,79.79,day_ahead
2025-09-20 20:00:00+00:00,70.06,day_ahead
2025-09-20 21:00:00+00:00,43.66,day_ahead
2025-09-20 22:00:00+00:00,8.42,day_ahead
2025-09-20 23:00:00+00:00,3.81,day_ahead
2025-09-21 00:00:00+00:00,3.49,day_ahead
2025-09-21 01:00:00+00:00,1.7,day_ahead
2025-09-21 02:00:00+00:00,2.11,day_ahead
2025-09-21 03:00:00+00:00,3.42,day_ahead
2025-09-21 04:00:00+00:00,4.41,day_ahead
2025-09-21 05:00:00+00:00,5.23,day_ahead
2025-09-21 06:00:00+00:00,3.25,day_ahead
2025-09-21 07:00:00+00:00,1.86,day_ahead
2025-09-21 08:00:00+00:00,0.0,day_ahead
2025-09-21 09:00:00+00:00,-0.01,day_ahead
2025-09-21 11:00:00+00:00,2.27,day_ahead
2025-09-21 12:00:00+00:00,5.98,day_ahead
2025-09-21 13:00:00+00:00,0.89,day_ahead
2025-09-21 14:00:00+00:00,9.49,day_ahead
2025-09-21 15:00:00+00:00,90.09,day_ahead
2025-09-21 16:00:00+00:00,110.0,day_ahead
2025-09-21 17:00:00+00:00,116.09,day_ahead
2025-09-21 18:00:00+00:00,115.99,day_ahead
2025-09-21 19:00:00+00:00,101.81,day_ahead
2025-09-21 20:00:00+00:00,90.28,day_ahead
2025-09-21 21:00:00+00:00,87.26,day_ahead
2025-09-21 22:00:00+00:00,86.0,day_ahead
2025-09-21 23:00:00+00:00,79.16,day_ahead
2025-09-22 00:00:00+00:00,72.65,day_ahead
2025-09-22 01:00:00+00:00,71.5,day_ahead
2025-09-22 02:00:00+00:00,73.53,day_ahead
2025-09-22 03:00:00+00:00,81.97,day_ahead
2025-09-22 04:00:00+00:00,105.46,day_ahead
2025-09-22 05:00:00+00:00,130.0,day_ahead
2025-09-22 07:00:00+00:00,99.57,day_ahead
2025-09-22 08:00:00+00:00,78.45,day_ahead
2025-09-22 09:00:00+00:00,67.65,day_ahead
2025-09-22 10:00:00+00:00,64.07,day_ahead
2025-09-22 11:00:00+00:00,50.3,day_ahead
2025-09-22 12:00:00+00:00,61.68,day_ahead
2025-09-22 13:00:00+00:00,68.25,day_ahead
2025-09-22 14:00:00+00:00,72.93,day_ahead
2025-09-22 15:00:00+00:00,88.12,day_ahead
2025-09-22 16:00:00+00:00,119.45,day_ahead
2025-09-22 17:00:00+00:00,158.42,day_ahead
2025-09-22 18:00:00+00:00,134.43,day_ahead
2025-09-22 19:00:00+00:00,111.83,day_ahead
2025-09-22 20:00:00+00:00,104.64,day_ahead
2025-09-22 21:00:00+00:00,93.62,day_ahead
2025-09-22 22:00:00+00:00,90.41,day_ahead
2025-09-22 23:00:00+00:00,90.0,day_ahead
2025-09-23 00:00:00+00:00,91.35,day_ahead
2025-09-23 01:00:00+00:00,91.39,day_ahead
2025-09-23 02:00:00+00:00,91.55,day_ahead
2025-09-23 03:00:00+00:00,94.76,day_ahead
2025-09-23 04:00:00+00:00,127.54,day_ahead
2025-09-23 05:00:00+00:00,172.36,day_ahead
2025-09-23 06:00:00+00:00,170.33,day_ahead
2025-09-23 07:00:00+00:00,131.0,day_ahead
2025-09-23 08:00:00+00:00,102.35,day_ahead
2025-09-23 09:00:00+00:00,77.08,day_ahead
2025-09-23 10:00:00+00:00,69.21,day_ahead
2025-09-23 11:00:00+00:00,64.85,day_ahead
2025-09-23 12:00:00+00:00,64.9,day_ahead
2025-09-23 13:00:00+00:00,74.54,day_ahead
2025-09-23 14:00:00+00:00,85.76,day_ahead
2025-09-23 15:00:00+00:00,102.9,day_ahead
2025-09-23 16:00:00+00:00,136.83,day_ahead
2025-09-23 17:00:00+00:00,156.69,day_ahead
2025-09-23 18:00:00+00:00,117.4,day_ahead
2025-09-23 19:00:00+00:00,96.97,day_ahead
2025-09-23 20:00:00+00:00,83.59,day_ahead
2025-09-23 21:00:00+00:00,82.74,day_ahead
2025-09-23 22:00:00+00:00,82.08,day_ahead
2025-09-23 23:00:00+00:00,80.32,day_ahead
2025-09-24 00:00:00+00:00,80.1,day_ahead
2025-09-24 02:00:00+00:00,77.68,day_ahead
2025-09-24 03:00:00+00:00,74.99,day_ahead
2025-09-24 04:00:00+00:00,93.74,day_ahead
2025-09-24 05:00:00+00:00,109.13,day_ahead
2025-09-24 06:00:00+00:00,120.45,day_ahead
2025-09-24 07:00:00+00:00,100.75,day_ahead
2025-09-24 08:00:00+00:00,76.27,day_ahead
2025-09-24 09:00:00+00:00,63.02,day_ahead
2025-09-24 10:00:00+00:00,17.64,day_ahead
2025-09-24 11:00:00+00:00,0.0,day_ahead
2025-09-24 12:00:00+00:00,-0.01,day_ahead
2025-09-24 13:00:00+00:00,11.87,day_ahead
2025-09-24 14:00:00+00:00,58.03,day_ahead
2025-09-24 15:00:00+00:00,85.18,day_ahead
2025-09-24 16:00:00+00:00,110.0,day_ahead
2025-09-24 17:00:00+00:00,114.09,day_ahead
2025-09-24 18:00:00+00:00,116.91,day_ahead
2025-09-24 19:00:00+00:00,91.82,day_ahead
2025-09-24 20:00:00+00:00,85.65,day_ahead
2025-09-24 21:00:00+00:00,69.77,day_ahead
2025-09-24 22:00:00+00:00,72.8,day_ahead
2025-09-24 23:00:00+00:00,67.88,day_ahead
2025-09-25 00:00:00+00:00,70.41,day_ahead
2025-09-25 01:00:00+00:00,73.19,day_ahead
2025-09-25 02:00:00+00:00,74.76,day_ahead
2025-09-25 03:00:00+00:00,75.58,day_ahead
2025-09-25 04:00:00+00:00,97.95,day_ahead
2025-09-25 05:00:00+00:00,111.25,day_ahead
2025-09-25 06:00:00+00:00,124.88,day_ahead
2025-09-25 07:00:00+00:00,104.02,day_ahead
2025-09-25 08:00:00+00:00,76.63,day_ahead
2025-09-25 09:00:00+00:00,10.0,day_ahead
2025-09-25 10:00:00+00:00,-2.04,day_ahead
2025-09-25 11:00:00+00:00,10.0,day_ahead
2025-09-25 12:00:00+00:00,15.42,day_ahead
2025-09-25 13:00:00+00:00,40.96,day_ahead
2025-09-25 14:00:00+00:00,68.07,day_ahead
2025-09-25 15:00:00+00:00,84.83,day_ahead
2025-09-25 16:00:00+00:00,114.05,day_ahead
2025-09-25 17:00:00+00:00,120.93,day_ahead
2025-09-25 18:00:00+00:00,124.28,day_ahead
2025-09-25 19:00:00+00:00,107.12,day_ahead
2025-09-25 20:00:00+00:00,97.51,day_ahead
2025-09-25 21:00:00+00:00,81.09,day_ahead
2025-09-25 22:00:00+00:00,78.48,day_ahead
2025-09-25 23:00:00+00:00,74.58,day_ahead
2025-09-26 00:00:00+00:00,73.18,day_ahead
2025-09-26 02:00:00+00:00,74.15,day_ahead
2025-09-26 03:00:00+00:00,80.52,day_ahead
2025-09-26 04:00:00+00:00,102.01,day_ahead
2025-09-26 05:00:00+00:00,117.1,day_ahead
2025-09-26 06:00:00+00:00,123.56,day_ahead
2025-09-26 07:00:00+00:00,111.45,day_ahead
2025-09-26 08:00:00+00:00,89.9,day_ahead
2025-09-26 09:00:00+00:00,85.28,day_ahead
2025-09-26 10:00:00+00:00,79.25,day_ahead
2025-09-26 11:00:00+00:00,73.59,day_ahead
2025-09-26 12:00:00+00:00,74.71,day_ahead
2025-09-26 13:00:00+00:00,84.13,day_ahead
2025-09-26 14:00:00+00:00,93.84,day_ahead
2025-09-26 15:00:00+00:00,103.62,day_ahead
2025-09-26 16:00:00+00:00,120.56,day_ahead
2025-09-26 17:00:00+00:00,132.79,day_ahead
2025-09-26 18:00:00+00:00,119.61,day_ahead
2025-09-26 19:00:00+00:00,106.21,day_ahead
2025-09-26 20:00:00+00:00,96.9,day_ahead
2025-09-26 21:00:00+00:00,89.9,day_ahead
2025-09-26 22:00:00+00:00,84.8,day_ahead
2025-09-26 23:00:00+00:00,83.26,day_ahead
2025-09-27 00:00:00+00:00,80.0,day_ahead
2025-09-27 02:00:00+00:00,78.11,day_ahead
2025-09-27 03:00:00+00:00,81.62,day_ahead
2025-09-27 04:00:00+00:00,88.01,day_ahead
2025-09-27 05:00:00+00:00,100.99,day_ahead
2025-09-27 06:00:00+00:00,106.54,day_ahead
2025-09-27 07:00:00+00:00,94.44,day_ahead
2025-09-27 08:00:00+00:00,87.05,day_ahead
2025-09-27 09:00:00+00:00,65.67,day_ahead
2025-09-27 10:00:00+00:00,52.59,day_ahead
2025-09-27 11:00:00+00:00,32.4,day_ahead
2025-09-27 12:00:00+00:00,42.26,day_ahead
2025-09-27 13:00:00+00:00,67.1,day_ahead
2025-09-27 14:00:00+00:00,79.28,day_ahead
2025-09-27 15:00:00+00:00,102.8,day_ahead
2025-09-27 16:00:00+00:00,130.0,day_ahead
2025-09-27 17:00:00+00:00,145.92,day_ahead
2025-09-27 18:00:00+00:00,119.15,day_ahead
2025-09-27 19:00:00+00:00,109.74,day_ahead
2025-09-27 20:00:00+00:00,104.64,day_ahead
2025-09-27 21:00:00+00:00,96.52,day_ahead
2025-09-27 22:00:00+00:00,91.67,day_ahead
2025-09-27 23:00:00+00:00,89.29,day_ahead
2025-09-28 00:00:00+00:00,89.62,day_ahead
2025-09-28 01:00:00+00:00,91.47,day_ahead
2025-09-28 02:00:00+00:00,90.6,day_ahead
2025-09-28 03:00:00+00:00,92.28,day_ahead
2025-09-28 04:00:00+00:00,100.91,day_ahead
2025-09-28 05:00:00+00:00,99.48,day_ahead
2025-09-28 06:00:00+00:00,93.93,day_ahead
2025-09-28 07:00:00+00:00,89.9,day_ahead
2025-09-28 08:00:00+00:00,74.12,day_ahead
2025-09-28 09:00:00+00:00,36.15,day_ahead
2025-09-28 10:00:00+00:00,17.11,day_ahead
2025-09-28 11:00:00+00:00,8.53,day_ahead
2025-09-28 12:00:00+00:00,13.0,day_ahead
2025-09-28 13:00:00+00:00,54.04,day_ahead
2025-09-28 14:00:00+00:00,75.68,day_ahead
2025-09-28 15:00:00+00:00,94.66,day_ahead
2025-09-28 16:00:00+00:00,128.07,day_ahead
2025-09-28 17:00:00+00:00,139.0,day_ahead
2025-09-28 18:00:00+00:00,125.93,day_ahead
2025-09-28 19:00:00+00:00,113.51,day_ahead
2025-09-28 20:00:00+00:00,98.17,day_ahead
2025-09-28 21:00:00+00:00,89.79,day_ahead
2025-09-28 22:00:00+00:00,84.93,day_ahead
2025-09-28 23:00:00+00:00,82.33,day_ahead
2025-09-29 00:00:00+00:00,80.96,day_ahead
2025-09-29 01:00:00+00:00,80.65,day_ahead
2025-09-29 02:00:00+00:00,82.78,day_ahead
2025-09-29 03:00:00+00:00,92.0,day_ahead
2025-09-29 04:00:00+00:00,117.89,day_ahead
2025-09-29 05:00:00+00:00,193.51,day_ahead
2025-09-29 06:00:00+00:00,160.43,day_ahead
2025-09-29 07:00:00+00:00,121.08,day_ahead
2025-09-29 08:00:00+00:00,86.18,day_ahead
2025-09-29 09:00:00+00:00,78.84,day_ahead
2025-09-29 10:00:00+00:00,73.26,day_ahead
2025-09-29 11:00:00+00:00,70.75,day_ahead
2025-09-29 12:00:00+00:00,74.57,day_ahead
2025-09-29 13:00:00+00:00,79.23,day_ahead
2025-09-29 14:00:00+00:00,88.0,day_ahead
2025-09-29 15:00:00+00:00,125.0,day_ahead
2025-09-29 16:00:00+00:00,263.0,day_ahead
2025-09-29 17:00:00+00:00,353.65,day_ahead
2025-09-29 18:00:00+00:00,164.24,day_ahead
2025-09-29 19:00:00+00:00,117.61,day_ahead
2025-09-29 20:00:00+00:00,103.8,day_ahead
2025-09-29 21:00:00+00:00,92.74,day_ahead
2025-09-29 22:00:00+00:00,95.37,day_ahead
2025-09-29 23:00:00+00:00,91.36,day_ahead
2025-09-30 00:00:00+00:00,92.57,day_ahead
2025-09-30 01:00:00+00:00,87.18,day_ahead
2025-09-30 02:00:00+00:00,89.01,day_ahead
2025-09-30 03:00:00+00:00,96.6,day_ahead
2025-09-30 04:00:00+00:00,127.38,day_ahead
2025-09-30 05:00:00+00:00,216.06,day_ahead
2025-09-30 06:00:00+00:00,192.51,day_ahead
2025-09-30 07:00:00+00:00,135.82,day_ahead
2025-09-30 08:00:00+00:00,107.44,day_ahead
2025-09-30 09:00:00+00:00,87.57,day_ahead
2025-09-30 10:00:00+00:00,79.22,day_ahead
2025-09-30 11:00:00+00:00,77.13,day_ahead
2025-09-30 12:00:00+00:00,76.15,day_ahead
2025-09-30 13:00:00+00:00,86.0,day_ahead
2025-09-30 14:00:00+00:00,92.4,day_ahead
2025-09-30 15:00:00+00:00,124.02,day_ahead
2025-09-30 16:00:00+00:00,254.96,day_ahead
2025-09-30 17:00:00+00:00,312.0,day_ahead
2025-09-30 18:00:00+00:00,139.56,day_ahead
2025-09-30 19:00:00+00:00,110.0,day_ahead
2025-09-30 20:00:00+00:00,98.0,day_ahead
2025-09-30 21:00:00+00:00,90.0,day_ahead
2025-09-30 22:00:00+00:00,102.55,day_ahead
2025-09-30 22:15:00+00:00,92.17,day_ahead
2025-09-30 22:30:00+00:00,82.69,day_ahead
2025-09-30 22:45:00+00:00,81.86,day_ahead
2025-09-30 23:00:00+00:00,89.54,day_ahead
2025-09-30 23:15:00+00:00,84.93,day_ahead
2025-09-30 23:30:00+00:00,83.56,day_ahead
2025-09-30 23:45:00+00:00,81.69,day_ahead
2025-10-01 00:00:00+00:00,81.87,day_ahead
2025-10-01 00:15:00+00:00,81.51,day_ahead
2025-10-01 00:30:00+00:00,77.42,day_ahead
2025-10-01 00:45:00+00:00,76.45,day_ahead
2025-10-01 01:00:00+00:00,79.32,day_ahead
2025-10-01 01:15:00+00:00,79.24,day_ahead
2025-10-01 01:30:00+00:00,80.05,day_ahead
2025-10-01 01:45:00+00:00,79.52,day_ahead
2025-10-01 02:00:00+00:00,79.94,day_ahead
2025-10-01 02:15:00+00:00,85.02,day_ahead
2025-10-01 02:30:00+00:00,83.89,day_ahead
2025-10-01 02:45:00+00:00,75.83,day_ahead
2025-10-01 03:00:00+00:00,75.01,day_ahead
2025-10-01 03:15:00+00:00,80.88,day_ahead
2025-10-01 03:30:00+00:00,88.18,day_ahead
2025-10-01 03:45:00+00:00,97.34,day_ahead
2025-10-01 04:00:00+00:00,87.65,day_ahead
2025-10-01 04:15:00+00:00,107.93,day_ahead
2025-10-01 04:30:00+00:00,123.95,day_ahead
2025-10-01 04:45:00+00:00,143.66,day_ahead
2025-10-01 05:00:00+00:00,150.66,day_ahead
2025-10-01 05:15:00+00:00,171.48,day_ahead
2025-10-01 05:30:00+00:00,172.01,day_ahead
2025-10-01 05:45:00+00:00,163.35,day_ahead
2025-10-01 06:00:00+00:00,198.33,day_ahead
2025-10-01 06:15:00+00:00,142.86,day_ahead
2025-10-01 06:30:00+00:00,117.23,day_ahead
2025-10-01 06:45:00+00:00,95.25,day_ahead
2025-10-01 07:00:00+00:00,139.01,day_ahead
2025-10-01 07:15:00+00:00,105.01,day_ahead
2025-10-01 07:30:00+00:00,93.48,day_ahead
2025-10-01 07:45:00+00:00,79.96,day_ahead
2025-10-01 08:00:00+00:00,102.82,day_ahead
2025-10-01 08:15:00+00:00,89.23,day_ahead
2025-10-01 08:30:00+00:00,78.16,day_ahead
2025-10-01 08:45:00+00:00,63.7,day_ahead
2025-10-01 09:00:00+00:00,79.97,day_ahead
2025-10-01 09:15:00+00:00,68.06,day_ahead
2025-10-01 09:30:00+00:00,61.13,day_ahead
2025-10-01 09:45:00+00:00,56.19,day_ahead
2025-10-01 10:00:00+00:00,61.69,day_ahead
2025-10-01 10:15:00+00:00,57.42,day_ahead
2025-10-01 10:30:00+00:00,57.86,day_ahead
2025-10-01 10:45:00+00:00,57.42,day_ahead
2025-10-01 11:00:00+00:00,57.09,day_ahead
2025-10-01 11:15:00+00:00,58.78,day_ahead
2025-10-01 11:30:00+00:00,60.07,day_ahead
2025-10-01 11:45:00+00:00,61.14,day_ahead
2025-10-01 12:00:00+00:00,54.35,day_ahead
2025-10-01 12:15:00+00:00,60.62,day_ahead
2025-10-01 12:30:00+00:00,64.4,day_ahead
2025-10-01 12:45:00+00:00,71.9,day_ahead
2025-10-01 13:00:00+00:00,57.55,day_ahead
2025-10-01 13:15:00+00:00,66.28,day_ahead
2025-10-01 13:30:00+00:00,77.91,day_ahead
2025-10-01 13:45:00+00:00,88.62,day_ahead
2025-10-01 14:00:00+00:00,55.07,day_ahead
2025-10-01 14:15:00+00:00,80.77,day_ahead
2025-10-01 14:30:00+00:00,95.16,day_ahead
2025-10-01 14:45:00+00:00,109.0,day_ahead
2025-10-01 15:00:00+00:00,76.45,day_ahead
2025-10-01 15:15:00+00:00,106.42,day_ahead
2025-10-01 15:30:00+00:00,139.35,day_ahead
2025-10-01 15:45:00+00:00,190.18,day_ahead
2025-10-01 16:00:00+00:00,141.68,day_ahead
2025-10-01 16:15:00+00:00,192.84,day_ahead
2025-10-01 16:30:00+00:00,285.0,day_ahead
2025-10-01 16:45:00+00:00,381.0,day_ahead
2025-10-01 17:00:00+00:00,408.5,day_ahead
2025-10-01 17:15:00+00:00,376.39,day_ahead
2025-10-01 17:30:00+00:00,321.94,day_ahead
2025-10-01 17:45:00+00:00,253.14,day_ahead
2025-10-01 18:00:00+00:00,217.5,day_ahead
2025-10-01 18:15:00+00:00,154.56,day_ahead
2025-10-01 18:30:00+00:00,123.11,day_ahead
2025-10-01 18:45:00+00:00,104.83,day_ahead
2025-10-01 19:00:00+00:00,125.76,day_ahead
2025-10-01 19:15:00+00:00,115.82,day_ahead
2025-10-01 19:30:00+00:00,97.54,day_ahead
2025-10-01 19:45:00+00:00,87.96,day_ahead
2025-10-01 20:00:00+00:00,106.69,day_ahead
2025-10-01 20:15:00+00:00,98.76,day_ahead
2025-10-01 20:30:00+00:00,95.32,day_ahead
2025-10-01 20:45:00+00:00,88.02,day_ahead
2025-10-01 21:00:00+00:00,93.53,day_ahead
2025-10-01 21:15:00+00:00,88.75,day_ahead
2025-10-01 21:30:00+00:00,90.62,day_ahead
2025-10-01 21:45:00+00:00,82.6,day_ahead
2025-10-01 22:00:00+00:00,99.17,day_ahead
2025-10-01 22:15:00+00:00,88.52,day_ahead
2025-10-01 22:30:00+00:00,82.45,day_ahead
2025-10-01 22:45:00+00:00,79.71,day_ahead
2025-10-01 23:00:00+00:00,91.19,day_ahead
2025-10-01 23:15:00+00:00,85.75,day_ahead
2025-10-01 23:30:00+00:00,81.41,day_ahead
2025-10-01 23:45:00+00:00,80.93,day_ahead
2025-10-02 00:00:00+00:00,85.44,day_ahead
2025-10-02 00:15:00+00:00,80.36,day_ahead
2025-10-02 00:30:00+00:00,80.19,day_ahead
2025-10-02 00:45:00+00:00,79.4,day_ahead
2025-10-02 01:00:00+00:00,82.24,day_ahead
2025-10-02 01:15:00+00:00,79.77,day_ahead
2025-10-02 01:45:00+00:00,76.55,day_ahead
2025-10-02 02:00:00+00:00,79.39,day_ahead
2025-10-02 02:15:00+00:00,81.45,day_ahead
2025-10-02 02:30:00+00:00,85.08,day_ahead
2025-10-02 02:45:00+00:00,85.82,day_ahead
2025-10-02 03:00:00+00:00,79.4,day_ahead
2025-10-02 03:15:00+00:00,85.57,day_ahead
2025-10-02 03:30:00+00:00,92.72,day_ahead
2025-10-02 03:45:00+00:00,107.83,day_ahead
2025-10-02 04:00:00+00:00,86.23,day_ahead
2025-10-02 04:15:00+00:00,109.51,day_ahead
2025-10-02 04:30:00+00:00,119.71,day_ahead
2025-10-02 04:45:00+00:00,151.57,day_ahead
2025-10-02 05:00:00+00:00,116.73,day_ahead
2025-10-02 05:15:00+00:00,158.78,day_ahead
2025-10-02 05:30:00+00:00,167.22,day_ahead
2025-10-02 05:45:00+00:00,155.99,day_ahead
2025-10-02 06:00:00+00:00,174.65,day_ahead
2025-10-02 06:15:00+00:00,149.66,day_ahead
2025-10-02 06:30:00+00:00,115.25,day_ahead
2025-10-02 06:45:00+00:00,89.29,day_ahead
2025-10-02 07:00:00+00:00,122.86,day_ahead
2025-10-02 07:15:00+00:00,111.58,day_ahead
2025-10-02 07:30:00+00:00,92.03,day_ahead
2025-10-02 07:45:00+00:00,71.77,day_ahead
2025-10-02 08:00:00+00:00,99.8,day_ahead
2025-10-02 08:15:00+00:00,96.03,day_ahead
2025-10-02 08:30:00+00:00,83.19,day_ahead
2025-10-02 08:45:00+00:00,73.96,day_ahead
2025-10-02 09:00:00+00:00,95.71,day_ahead
2025-10-02 09:15:00+00:00,83.31,day_ahead
2025-10-02 09:30:00+00:00,72.08,day_ahead
2025-10-02 09:45:00+00:00,65.99,day_ahead
2025-10-02 10:00:00+00:00,70.25,day_ahead
2025-10-02 10:15:00+00:00,64.35,day_ahead
2025-10-02 10:30:00+00:00,64.44,day_ahead
2025-10-02 10:45:00+00:00,60.33,day_ahead
2025-10-02 11:00:00+00:00,54.55,day_ahead
2025-10-02 11:15:00+00:00,56.73,day_ahead
2025-10-02 11:30:00+00:00,57.66,day_ahead
2025-10-02 11:45:00+00:00,55.48,day_ahead
2025-10-02 12:00:00+00:00,54.88,day_ahead
2025-10-02 12:15:00+00:00,58.92,day_ahead
2025-10-02 12:30:00+00:00,66.16,day_ahead
2025-10-02 12:45:00+00:00,72.98,day_ahead
2025-10-02 13:00:00+00:00,55.32,day_ahead
2025-10-02 13:15:00+00:00,66.49,day_ahead
2025-10-02 13:30:00+00:00,76.71,day_ahead
2025-10-02 13:45:00+00:00,87.48,day_ahead
2025-10-02 14:00:00+00:00,64.33,day_ahead
2025-10-02 14:15:00+00:00,75.77,day_ahead
2025-10-02 14:30:00+00:00,88.53,day_ahead
2025-10-02 14:45:00+00:00,102.58,day_ahead
2025-10-02 15:00:00+00:00,69.8,day_ahead
2025-10-02 15:15:00+00:00,81.14,day_ahead
2025-10-02 15:30:00+00:00,106.99,day_ahead
2025-10-02 15:45:00+00:00,169.37,day_ahead
2025-10-02 16:00:00+00:00,105.4,day_ahead
2025-10-02 16:15:00+00:00,128.83,day_ahead
2025-10-02 16:30:00+00:00,168.31,day_ahead
2025-10-02 16:45:00+00:00,219.43,day_ahead
2025-10-02 17:00:00+00:00,198.48,day_ahead
2025-10-02 17:15:00+00:00,183.32,day_ahead
2025-10-02 17:30:00+00:00,152.96,day_ahead
2025-10-02 17:45:00+00:00,122.82,day_ahead
2025-10-02 18:00:00+00:00,135.96,day_ahead
2025-10-02 18:15:00+00:00,108.69,day_ahead
2025-10-02 18:30:00+00:00,95.05,day_ahead
2025-10-02 18:45:00+00:00,80.4,day_ahead
2025-10-02 19:00:00+00:00,98.42,day_ahead
2025-10-02 19:15:00+00:00,86.09,day_ahead
2025-10-02 19:30:00+00:00,78.59,day_ahead
2025-10-02 19:45:00+00:00,75.57,day_ahead
2025-10-02 20:00:00+00:00,95.96,day_ahead
2025-10-02 20:15:00+00:00,89.94,day_ahead
2025-10-02 20:30:00+00:00,90.61,day_ahead
2025-10-02 20:45:00+00:00,75.23,day_ahead
2025-10-02 21:00:00+00:00,90.81,day_ahead
2025-10-02 21:15:00+00:00,79.51,day_ahead
2025-10-02 21:30:00+00:00,68.89,day_ahead
2025-10-02 21:45:00+00:00,50.08,day_ahead
2025-10-02 22:00:00+00:00,89.65,day_ahead
2025-10-02 22:15:00+00:00,79.56,day_ahead
2025-10-02 22:30:00+00:00,71.18,day_ahead
2025-10-02 22:45:00+00:00,62.27,day_ahead
2025-10-02 23:00:00+00:00,79.31,day_ahead
2025-10-02 23:15:00+00:00,72.79,day_ahead
2025-10-02 23:30:00+00:00,65.87,day_ahead
2025-10-02 23:45:00+00:00,56.58,day_ahead
2025-10-03 00:00:00+00:00,71.33,day_ahead
2025-10-03 00:15:00+00:00,62.8,day_ahead
2025-10-03 00:30:00+00:00,58.34,day_ahead
2025-10-03 00:45:00+00:00,57.12,day_ahead
2025-10-03 01:00:00+00:00,56.44,day_ahead
2025-10-03 01:15:00+00:00,69.49,day_ahead
2025-10-03 01:30:00+00:00,69.95,day_ahead
2025-10-03 01:45:00+00:00,67.31,day_ahead
2025-10-03 02:00:00+00:00,63.44,day_ahead
2025-10-03 02:15:00+00:00,64.54,day_ahead
2025-10-03 02:30:00+00:00,70.49,day_ahead
2025-10-03 02:45:00+00:00,72.08,day_ahead
2025-10-03 03:00:00+00:00,58.28,day_ahead
2025-10-03 03:15:00+00:00,65.1,day_ahead
2025-10-03 03:30:00+00:00,74.39,day_ahead
2025-10-03 03:45:00+00:00,72.85,day_ahead
2025-10-03 04:00:00+00:00,77.16,day_ahead
2025-10-03 04:15:00+00:00,80.16,day_ahead
2025-10-03 04:30:00+00:00,97.38,day_ahead
2025-10-03 04:45:00+00:00,84.72,day_ahead
2025-10-03 05:00:00+00:00,90.43,day_ahead
2025-10-03 05:15:00+00:00,99.5,day_ahead
2025-10-03 05:30:00+00:00,95.1,day_ahead
2025-10-03 05:45:00+00:00,102.16,day_ahead
2025-10-03 06:00:00+00:00,123.3,day_ahead
2025-10-03 06:15:00+00:00,114.24,day_ahead
2025-10-03 06:30:00+00:00,103.14,day_ahead
2025-10-03 06:45:00+00:00,74.75,day_ahead
2025-10-03 07:00:00+00:00,136.71,day_ahead
2025-10-03 07:15:00+00:00,119.99,day_ahead
2025-10-03 07:30:00+00:00,91.34,day_ahead
2025-10-03 07:45:00+00:00,67.93,day_ahead
2025-10-03 08:00:00+00:00,125.99,day_ahead
2025-10-03 08:15:00+00:00,108.21,day_ahead
2025-10-03 08:30:00+00:00,90.1,day_ahead
2025-10-03 08:45:00+00:00,75.3,day_ahead
2025-10-03 09:00:00+00:00,103.82,day_ahead
2025-10-03 09:15:00+00:00,92.14,day_ahead
2025-10-03 09:30:00+00:00,73.94,day_ahead
2025-10-03 09:45:00+00:00,70.1,day_ahead
2025-10-03 10:00:00+00:00,84.63,day_ahead
2025-10-03 10:15:00+00:00,84.29,day_ahead
2025-10-03 10:30:00+00:00,76.38,day_ahead
2025-10-03 10:45:00+00:00,67.95,day_ahead
2025-10-03 11:00:00+00:00,74.88,day_ahead
2025-10-03 11:15:00+00:00,71.44,day_ahead
2025-10-03 11:30:00+00:00,70.85,day_ahead
2025-10-03 11:45:00+00:00,67.21,day_ahead
2025-10-03 12:00:00+00:00,65.0,day_ahead
2025-10-03 12:15:00+00:00,50.86,day_ahead
2025-10-03 12:30:00+00:00,42.68,day_ahead
2025-10-03 12:45:00+00:00,40.95,day_ahead
2025-10-03 13:00:00+00:00,33.2,day_ahead
2025-10-03 13:15:00+00:00,41.52,day_ahead
2025-10-03 13:30:00+00:00,61.7,day_ahead
2025-10-03 13:45:00+00:00,73.97,day_ahead
2025-10-03 14:00:00+00:00,38.3,day_ahead
2025-10-03 14:15:00+00:00,48.74,day_ahead
2025-10-03 14:30:00+00:00,74.28,day_ahead
2025-10-03 14:45:00+00:00,91.0,day_ahead
2025-10-03 15:00:00+00:00,48.72,day_ahead
2025-10-03 15:15:00+00:00,74.72,day_ahead
2025-10-03 15:30:00+00:00,95.38,day_ahead
2025-10-03 15:45:00+00:00,120.78,day_ahead
2025-10-03 16:00:00+00:00,100.0,day_ahead
2025-10-03 16:15:00+00:00,105.96,day_ahead
2025-10-03 16:30:00+00:00,117.6,day_ahead
2025-10-03 16:45:00+00:00,116.45,day_ahead
2025-10-03 17:00:00+00:00,110.46,day_ahead
2025-10-03 17:15:00+00:00,102.88,day_ahead
2025-10-03 17:30:00+00:00,93.9,day_ahead
2025-10-03 17:45:00+00:00,91.95,day_ahead
2025-10-03 18:00:00+00:00,102.85,day_ahead
2025-10-03 18:15:00+00:00,74.61,day_ahead
2025-10-03 18:30:00+00:00,56.01,day_ahead
2025-10-03 18:45:00+00:00,47.44,day_ahead
2025-10-03 19:00:00+00:00,70.12,day_ahead
2025-10-03 19:15:00+00:00,43.52,day_ahead
2025-10-03 19:30:00+00:00,35.92,day_ahead
2025-10-03 19:45:00+00:00,16.21,day_ahead
2025-10-03 20:00:00+00:00,35.07,day_ahead
2025-10-03 20:15:00+00:00,20.04,day_ahead
2025-10-03 20:30:00+00:00,20.51,day_ahead
2025-10-03 20:45:00+00:00,17.12,day_ahead
2025-10-03 21:00:00+00:00,22.29,day_ahead
2025-10-03 21:15:00+00:00,7.28,day_ahead
2025-10-03 21:30:00+00:00,7.49,day_ahead
2025-10-03 21:45:00+00:00,1.97,day_ahead
2025-10-03 22:00:00+00:00,2.93,day_ahead
2025-10-03 22:15:00+00:00,0.1,day_ahead
2025-10-03 22:30:00+00:00,-1.89,day_ahead
2025-10-03 22:45:00+00:00,-2.04,day_ahead
2025-10-03 23:00:00+00:00,-2.35,day_ahead
2025-10-03 23:15:00+00:00,-2.08,day_ahead
2025-10-03 23:30:00+00:00,-2.72,day_ahead
2025-10-03 23:45:00+00:00,-4.01,day_ahead
2025-10-04 00:00:00+00:00,-3.55,day_ahead
2025-10-04 00:15:00+00:00,-4.07,day_ahead
2025-10-04 00:30:00+00:00,-4.08,day_ahead
2025-10-04 00:45:00+00:00,-4.09,day_ahead
2025-10-04 01:00:00+00:00,-4.08,day_ahead
2025-10-04 01:15:00+00:00,-4.09,day_ahead
2025-10-04 01:30:00+00:00,-4.64,day_ahead
2025-10-04 01:45:00+00:00,-4.68,day_ahead
2025-10-04 02:00:00+00:00,-4.03,day_ahead
2025-10-04 02:15:00+00:00,-4.04,day_ahead
2025-10-04 03:00:00+00:00,-4.65,day_ahead
2025-10-04 03:15:00+00:00,-4.1,day_ahead
2025-10-04 03:30:00+00:00,-4.08,day_ahead
2025-10-04 03:45:00+00:00,-4.1,day_ahead
2025-10-04 04:00:00+00:00,-3.29,day_ahead
2025-10-04 04:15:00+00:00,-4.03,day_ahead
2025-10-04 04:30:00+00:00,-4.05,day_ahead
2025-10-04 04:45:00+00:00,-4.0,day_ahead
2025-10-04 05:00:00+00:00,-3.12,day_ahead
2025-10-04 05:15:00+00:00,-2.08,day_ahead
2025-10-04 05:30:00+00:00,-2.0,day_ahead
2025-10-04 05:45:00+00:00,-1.68,day_ahead
2025-10-04 06:00:00+00:00,-2.71,day_ahead
2025-10-04 06:15:00+00:00,-0.09,day_ahead
2025-10-04 06:30:00+00:00,-0.08,day_ahead
2025-10-04 06:45:00+00:00,-0.33,day_ahead
2025-10-04 07:00:00+00:00,0.55,day_ahead
2025-10-04 07:15:00+00:00,2.79,day_ahead
2025-10-04 07:30:00+00:00,3.79,day_ahead
2025-10-04 07:45:00+00:00,0.77,day_ahead
2025-10-04 08:00:00+00:00,3.65,day_ahead
2025-10-04 08:15:00+00:00,0.61,day_ahead
2025-10-04 08:30:00+00:00,0.5,day_ahead
2025-10-04 08:45:00+00:00,-0.06,day_ahead
2025-10-04 09:00:00+00:00,0.09,day_ahead
2025-10-04 09:15:00+00:00,-0.16,day_ahead
2025-10-04 09:30:00+00:00,-0.05,day_ahead
2025-10-04 09:45:00+00:00,-0.03,day_ahead
2025-10-04 10:00:00+00:00,-0.12,day_ahead
2025-10-04 10:15:00+00:00,-0.04,day_ahead
2025-10-04 10:30:00+00:00,-0.02,day_ahead
2025-10-04 10:45:00+00:00,-0.1,day_ahead
2025-10-04 11:00:00+00:00,-0.3,day_ahead
2025-10-04 11:15:00+00:00,-0.29,day_ahead
2025-10-04 11:30:00+00:00,-0.33,day_ahead
2025-10-04 11:45:00+00:00,-0.63,day_ahead
2025-10-04 12:00:00+00:00,-1.6,day_ahead
2025-10-04 12:15:00+00:00,-2.13,day_ahead
2025-10-04 12:30:00+00:00,-4.04,day_ahead
2025-10-04 12:45:00+00:00,-8.79,day_ahead
2025-10-04 13:00:00+00:00,-2.34,day_ahead
2025-10-04 13:15:00+00:00,-6.5,day_ahead
2025-10-04 13:30:00+00:00,-4.73,day_ahead
2025-10-04 13:45:00+00:00,-4.87,day_ahead
2025-10-04 14:00:00+00:00,-1.76,day_ahead
2025-10-04 14:15:00+00:00,-3.08,day_ahead
2025-10-04 14:30:00+00:00,-2.07,day_ahead
2025-10-04 14:45:00+00:00,-2.04,day_ahead
2025-10-04 15:00:00+00:00,-1.08,day_ahead
2025-10-04 15:15:00+00:00,-0.01,day_ahead
2025-10-04 15:30:00+00:00,0.02,day_ahead
2025-10-04 15:45:00+00:00,0.91,day_ahead
2025-10-04 16:00:00+00:00,-0.03,day_ahead
2025-10-04 16:15:00+00:00,0.06,day_ahead
2025-10-04 16:30:00+00:00,2.2,day_ahead
2025-10-04 16:45:00+00:00,2.6,day_ahead
2025-10-04 17:00:00+00:00,4.39,day_ahead
2025-10-04 17:15:00+00:00,5.73,day_ahead
2025-10-04 17:30:00+00:00,6.96,day_ahead
2025-10-04 17:45:00+00:00,6.17,day_ahead
2025-10-04 18:00:00+00:00,1.57,day_ahead
2025-10-04 18:15:00+00:00,2.09,day_ahead
2025-10-04 18:30:00+00:00,2.0,day_ahead
2025-10-04 18:45:00+00:00,1.66,day_ahead
2025-10-04 19:00:00+00:00,0.1,day_ahead
2025-10-04 19:15:00+00:00,0.16,day_ahead
2025-10-04 19:30:00+00:00,0.0,day_ahead
2025-10-04 19:45:00+00:00,-0.3,day_ahead
2025-10-04 20:00:00+00:00,-0.05,day_ahead
2025-10-04 20:15:00+00:00,0.0,day_ahead
2025-10-04 20:30:00+00:00,0.07,day_ahead
2025-10-04 20:45:00+00:00,-0.06,day_ahead
2025-10-04 21:00:00+00:00,-0.01,day_ahead
2025-10-04 21:15:00+00:00,-0.03,day_ahead
2025-10-04 21:30:00+00:00,-0.08,day_ahead
2025-10-04 21:45:00+00:00,-1.96,day_ahead
2025-10-04 22:00:00+00:00,-0.01,day_ahead
2025-10-04 22:15:00+00:00,-0.07,day_ahead
2025-10-04 22:30:00+00:00,-1.45,day_ahead
2025-10-04 22:45:00+00:00,-1.1,day_ahead
2025-10-04 23:00:00+00:00,-1.05,day_ahead
2025-10-04 23:15:00+00:00,-1.98,day_ahead
2025-10-04 23:30:00+00:00,-1.46,day_ahead
2025-10-04 23:45:00+00:00,-1.01,day_ahead
2025-10-05 00:00:00+00:00,-4.06,day_ahead
2025-10-05 00:15:00+00:00,-4.07,day_ahead
2025-10-05 00:30:00+00:00,-4.06,day_ahead
2025-10-05 01:00:00+00:00,-4.08,day_ahead
2025-10-05 01:15:00+00:00,-4.07,day_ahead
2025-10-05 01:30:00+00:00,-4.06,day_ahead
2025-10-05 01:45:00+00:00,-4.09,day_ahead
2025-10-05 02:00:00+00:00,-4.68,day_ahead
2025-10-05 02:15:00+00:00,-4.88,day_ahead
2025-10-05 02:30:00+00:00,-4.91,day_ahead
2025-10-05 02:45:00+00:00,-4.88,day_ahead
2025-10-05 03:00:00+00:00,-4.09,day_ahead
2025-10-05 03:30:00+00:00,-4.01,day_ahead
2025-10-05 04:00:00+00:00,-4.06,day_ahead
2025-10-05 04:15:00+00:00,-4.05,day_ahead
2025-10-05 04:30:00+00:00,-3.8,day_ahead
2025-10-05 04:45:00+00:00,-3.08,day_ahead
2025-10-05 05:00:00+00:00,-2.02,day_ahead
2025-10-05 05:15:00+00:00,-1.78,day_ahead
2025-10-05 05:30:00+00:00,-1.42,day_ahead
2025-10-05 05:45:00+00:00,-0.78,day_ahead
2025-10-05 06:00:00+00:00,-0.1,day_ahead
2025-10-05 06:15:00+00:00,-0.09,day_ahead
2025-10-05 06:30:00+00:00,-0.05,day_ahead
2025-10-05 06:45:00+00:00,-0.11,day_ahead
2025-10-05 07:00:00+00:00,0.03,day_ahead
2025-10-05 07:15:00+00:00,-0.06,day_ahead
2025-10-05 07:30:00+00:00,-1.95,day_ahead
2025-10-05 07:45:00+00:00,-3.37,day_ahead
2025-10-05 08:00:00+00:00,-1.76,day_ahead
2025-10-05 08:15:00+00:00,-4.01,day_ahead
2025-10-05 08:30:00+00:00,-4.06,day_ahead
2025-10-05 08:45:00+00:00,-4.88,day_ahead
2025-10-05 09:00:00+00:00,-2.02,day_ahead
2025-10-05 09:30:00+00:00,-2.01,day_ahead
2025-10-05 09:45:00+00:00,-2.02,day_ahead
2025-10-05 10:00:00+00:00,-4.04,day_ahead
2025-10-05 10:15:00+00:00,-3.17,day_ahead
2025-10-05 10:30:00+00:00,-3.13,day_ahead
2025-10-05 10:45:00+00:00,-3.63,day_ahead
2025-10-05 11:00:00+00:00,-3.2,day_ahead
2025-10-05 11:15:00+00:00,-3.38,day_ahead
2025-10-05 11:30:00+00:00,-3.02,day_ahead
2025-10-05 11:45:00+00:00,-3.33,day_ahead
2025-10-05 12:00:00+00:00,-3.02,day_ahead
2025-10-05 12:15:00+00:00,-2.94,day_ahead
2025-10-05 12:30:00+00:00,-2.92,day_ahead
2025-10-05 12:45:00+00:00,-2.54,day_ahead
2025-10-05 13:00:00+00:00,-2.43,day_ahead
2025-10-05 13:15:00+00:00,-2.13,day_ahead
2025-10-05 13:30:00+00:00,-2.02,day_ahead
2025-10-05 13:45:00+00:00,-3.02,day_ahead
2025-10-05 14:00:00+00:00,-1.59,day_ahead
2025-10-05 14:15:00+00:00,-1.02,day_ahead
2025-10-05 14:30:00+00:00,-0.1,day_ahead
2025-10-05 14:45:00+00:00,-0.04,day_ahead
2025-10-05 15:00:00+00:00,-2.88,day_ahead
2025-10-05 15:15:00+00:00,0.07,day_ahead
2025-10-05 15:30:00+00:00,1.76,day_ahead
2025-10-05 15:45:00+00:00,9.61,day_ahead
2025-10-05 16:00:00+00:00,5.37,day_ahead
2025-10-05 16:15:00+00:00,11.37,day_ahead
2025-10-05 16:30:00+00:00,20.87,day_ahead
2025-10-05 16:45:00+00:00,30.56,day_ahead
2025-10-05 17:00:00+00:00,23.22,day_ahead
2025-10-05 17:15:00+00:00,32.04,day_ahead
2025-10-05 17:30:00+00:00,48.01,day_ahead
2025-10-05 17:45:00+00:00,56.73,day_ahead
2025-10-05 18:00:00+00:00,70.1,day_ahead
2025-10-05 18:15:00+00:00,62.24,day_ahead
2025-10-05 18:30:00+00:00,45.1,day_ahead
2025-10-05 18:45:00+00:00,22.53,day_ahead
2025-10-05 19:00:00+00:00,77.95,day_ahead
2025-10-05 19:15:00+00:00,50.1,day_ahead
2025-10-05 19:30:00+00:00,32.91,day_ahead
2025-10-05 19:45:00+00:00,30.1,day_ahead
2025-10-05 20:00:00+00:00,52.42,day_ahead
2025-10-05 20:15:00+00:00,32.09,day_ahead
2025-10-05 20:30:00+00:00,50.1,day_ahead
2025-10-05 20:45:00+00:00,24.99,day_ahead
2025-10-05 21:00:00+00:00,55.71,day_ahead
2025-10-05 21:15:00+00:00,30.23,day_ahead
2025-10-05 21:30:00+00:00,20.0,day_ahead
2025-10-05 21:45:00+00:00,3.58,day_ahead
2025-10-05 22:00:00+00:00,30.84,day_ahead
2025-10-05 22:15:00+00:00,24.53,day_ahead
2025-10-05 22:30:00+00:00,15.34,day_ahead
2025-10-05 22:45:00+00:00,13.29,day_ahead
2025-10-05 23:00:00+00:00,14.32,day_ahead
2025-10-05 23:15:00+00:00,11.05,day_ahead
2025-10-05 23:30:00+00:00,10.3,day_ahead
2025-10-05 23:45:00+00:00,8.09,day_ahead
2025-10-06 00:00:00+00:00,7.62,day_ahead
2025-10-06 00:15:00+00:00,9.51,day_ahead
2025-10-06 00:30:00+00:00,11.05,day_ahead
2025-10-06 00:45:00+00:00,10.55,day_ahead
2025-10-06 01:00:00+00:00,11.08,day_ahead
2025-10-06 01:15:00+00:00,10.87,day_ahead
2025-10-06 01:30:00+00:00,11.03,day_ahead
2025-10-06 01:45:00+00:00,11.01,day_ahead
2025-10-06 02:00:00+00:00,10.86,day_ahead
2025-10-06 02:15:00+00:00,18.03,day_ahead
2025-10-06 02:30:00+00:00,17.85,day_ahead
2025-10-06 02:45:00+00:00,20.0,day_ahead
2025-10-06 03:00:00+00:00,7.81,day_ahead
2025-10-06 03:15:00+00:00,9.9,day_ahead
2025-10-06 03:30:00+00:00,22.8,day_ahead
2025-10-06 03:45:00+00:00,49.58,day_ahead
2025-10-06 04:00:00+00:00,18.71,day_ahead
2025-10-06 04:15:00+00:00,76.86,day_ahead
2025-10-06 04:30:00+00:00,80.55,day_ahead
2025-10-06 04:45:00+00:00,102.61,day_ahead
2025-10-06 05:00:00+00:00,93.12,day_ahead
2025-10-06 05:15:00+00:00,107.66,day_ahead
2025-10-06 05:30:00+00:00,110.75,day_ahead
2025-10-06 05:45:00+00:00,117.23,day_ahead
2025-10-06 06:00:00+00:00,127.72,day_ahead
2025-10-06 06:15:00+00:00,128.54,day_ahead
2025-10-06 06:30:00+00:00,121.33,day_ahead
2025-10-06 06:45:00+00:00,112.18,day_ahead
2025-10-06 07:00:00+00:00,135.96,day_ahead
2025-10-06 07:15:00+00:00,121.97,day_ahead
2025-10-06 07:30:00+00:00,116.44,day_ahead
2025-10-06 07:45:00+00:00,104.24,day_ahead
2025-10-06 08:00:00+00:00,114.52,day_ahead
2025-10-06 08:15:00+00:00,101.23,day_ahead
2025-10-06 08:30:00+00:00,90.34,day_ahead
2025-10-06 08:45:00+00:00,82.96,day_ahead
2025-10-06 09:00:00+00:00,92.71,day_ahead
2025-10-06 09:15:00+00:00,86.93,day_ahead
2025-10-06 09:30:00+00:00,81.04,day_ahead
2025-10-06 09:45:00+00:00,78.19,day_ahead
2025-10-06 10:00:00+00:00,82.58,day_ahead
2025-10-06 10:15:00+00:00,80.66,day_ahead
2025-10-06 10:30:00+00:00,82.1,day_ahead
2025-10-06 10:45:00+00:00,85.97,day_ahead
2025-10-06 11:00:00+00:00,81.67,day_ahead
2025-10-06 11:15:00+00:00,88.05,day_ahead
2025-10-06 11:30:00+00:00,83.88,day_ahead
2025-10-06 11:45:00+00:00,82.4,day_ahead
2025-10-06 12:00:00+00:00,76.55,day_ahead
2025-10-06 12:15:00+00:00,83.42,day_ahead
2025-10-06 12:30:00+00:00,90.88,day_ahead
2025-10-06 12:45:00+00:00,89.15,day_ahead
2025-10-06 13:00:00+00:00,80.65,day_ahead
2025-10-06 13:15:00+00:00,83.47,day_ahead
2025-10-06 13:30:00+00:00,86.55,day_ahead
2025-10-06 13:45:00+00:00,91.83,day_ahead
2025-10-06 14:00:00+00:00,78.38,day_ahead
2025-10-06 14:15:00+00:00,88.9,day_ahead
2025-10-06 14:30:00+00:00,99.93,day_ahead
2025-10-06 14:45:00+00:00,115.2,day_ahead
2025-10-06 15:00:00+00:00,86.24,day_ahead
2025-10-06 15:15:00+00:00,106.7,day_ahead
2025-10-06 15:30:00+00:00,114.97,day_ahead
2025-10-06 15:45:00+00:00,142.56,day_ahead
2025-10-06 16:00:00+00:00,103.73,day_ahead
2025-10-06 16:15:00+00:00,114.28,day_ahead
2025-10-06 16:30:00+00:00,142.96,day_ahead
2025-10-06 16:45:00+00:00,182.0,day_ahead
2025-10-06 17:00:00+00:00,161.31,day_ahead
2025-10-06 17:15:00+00:00,169.59,day_ahead
2025-10-06 17:30:00+00:00,167.48,day_ahead
2025-10-06 17:45:00+00:00,159.99,day_ahead
2025-10-06 18:00:00+00:00,157.34,day_ahead
2025-10-06 18:15:00+00:00,131.58,day_ahead
2025-10-06 18:30:00+00:00,126.11,day_ahead
2025-10-06 18:45:00+00:00,120.89,day_ahead
2025-10-06 19:00:00+00:00,127.99,day_ahead
2025-10-06 19:15:00+00:00,122.2,day_ahead
2025-10-06 19:30:00+00:00,112.81,day_ahead
2025-10-06 19:45:00+00:00,111.41,day_ahead
2025-10-06 20:00:00+00:00,127.63,day_ahead
2025-10-06 20:15:00+00:00,111.72,day_ahead
2025-10-06 20:30:00+00:00,115.2,day_ahead
2025-10-06 20:45:00+00:00,109.62,day_ahead
2025-10-06 21:00:00+00:00,112.33,day_ahead
2025-10-06 21:15:00+00:00,102.58,day_ahead
2025-10-06 21:30:00+00:00,103.05,day_ahead
2025-10-06 21:45:00+00:00,98.46,day_ahead
2025-10-06 22:00:00+00:00,105.51,day_ahead
2025-10-06 22:15:00+00:00,102.6,day_ahead
2025-10-06 22:30:00+00:00,95.6,day_ahead
2025-10-06 22:45:00+00:00,88.46,day_ahead
2025-10-06 23:00:00+00:00,100.0,day_ahead
2025-10-06 23:15:00+00:00,93.6,day_ahead
2025-10-06 23:30:00+00:00,92.68,day_ahead
2025-10-06 23:45:00+00:00,85.44,day_ahead
2025-10-07 00:00:00+00:00,89.98,day_ahead
2025-10-07 00:15:00+00:00,85.6,day_ahead
2025-10-07 00:30:00+00:00,87.71,day_ahead
2025-10-07 00:45:00+00:00,85.24,day_ahead
2025-10-07 01:00:00+00:00,88.04,day_ahead
2025-10-07 01:15:00+00:00,86.19,day_ahead
2025-10-07 01:30:00+00:00,87.09,day_ahead
2025-10-07 01:45:00+00:00,86.59,day_ahead
2025-10-07 02:00:00+00:00,84.01,day_ahead
2025-10-07 02:15:00+00:00,85.21,day_ahead
2025-10-07 02:30:00+00:00,91.61,day_ahead
2025-10-07 02:45:00+00:00,95.46,day_ahead
2025-10-07 03:00:00+00:00,84.54,day_ahead
2025-10-07 03:15:00+00:00,90.89,day_ahead
2025-10-07 03:30:00+00:00,97.13,day_ahead
2025-10-07 03:45:00+00:00,106.53,day_ahead
2025-10-07 04:00:00+00:00,105.89,day_ahead
2025-10-07 04:15:00+00:00,118.3,day_ahead
2025-10-07 04:30:00+00:00,121.91,day_ahead
2025-10-07 04:45:00+00:00,139.43,day_ahead
2025-10-07 05:00:00+00:00,138.6,day_ahead
2025-10-07 05:15:00+00:00,190.2,day_ahead
2025-10-07 05:30:00+00:00,241.65,day_ahead
2025-10-07 05:45:00+00:00,248.89,day_ahead
2025-10-07 06:00:00+00:00,271.11,day_ahead
2025-10-07 06:15:00+00:00,257.14,day_ahead
2025-10-07 06:30:00+00:00,251.51,day_ahead
2025-10-07 06:45:00+00:00,251.58,day_ahead
2025-10-07 07:00:00+00:00,277.01,day_ahead
2025-10-07 07:15:00+00:00,232.55,day_ahead
2025-10-07 07:30:00+00:00,159.97,day_ahead
2025-10-07 07:45:00+00:00,130.47,day_ahead
2025-10-07 08:00:00+00:00,192.36,day_ahead
2025-10-07 08:15:00+00:00,157.78,day_ahead
2025-10-07 08:30:00+00:00,131.03,day_ahead
2025-10-07 08:45:00+00:00,113.31,day_ahead
2025-10-07 09:00:00+00:00,138.91,day_ahead
2025-10-07 09:15:00+00:00,123.06,day_ahead
2025-10-07 09:30:00+00:00,106.84,day_ahead
2025-10-07 09:45:00+00:00,99.56,day_ahead
2025-10-07 10:00:00+00:00,112.45,day_ahead
2025-10-07 10:15:00+00:00,99.75,day_ahead
2025-10-07 10:30:00+00:00,96.56,day_ahead
2025-10-07 10:45:00+00:00,95.52,day_ahead
2025-10-07 11:00:00+00:00,101.12,day_ahead
2025-10-07 11:15:00+00:00,95.43,day_ahead
2025-10-07 11:30:00+00:00,94.06,day_ahead
2025-10-07 11:45:00+00:00,91.46,day_ahead
2025-10-07 12:00:00+00:00,92.22,day_ahead
2025-10-07 12:15:00+00:00,93.39,day_ahead
2025-10-07 12:30:00+00:00,94.53,day_ahead
2025-10-07 12:45:00+00:00,96.44,day_ahead
2025-10-07 13:00:00+00:00,90.5,day_ahead
2025-10-07 13:15:00+00:00,94.73,day_ahead
2025-10-07 13:30:00+00:00,104.28,day_ahead
2025-10-07 13:45:00+00:00,116.09,day_ahead
2025-10-07 14:00:00+00:00,93.53,day_ahead
2025-10-07 14:15:00+00:00,99.88,day_ahead
2025-10-07 14:30:00+00:00,115.3,day_ahead
2025-10-07 14:45:00+00:00,132.97,day_ahead
2025-10-07 15:00:00+00:00,107.81,day_ahead
2025-10-07 15:15:00+00:00,120.95,day_ahead
2025-10-07 15:30:00+00:00,146.01,day_ahead
2025-10-07 15:45:00+00:00,193.61,day_ahead
2025-10-07 16:00:00+00:00,143.57,day_ahead
2025-10-07 16:15:00+00:00,150.1,day_ahead
2025-10-07 16:30:00+00:00,211.7,day_ahead
2025-10-07 16:45:00+00:00,272.86,day_ahead
2025-10-07 17:00:00+00:00,242.63,day_ahead
2025-10-07 17:15:00+00:00,212.78,day_ahead
2025-10-07 17:30:00+00:00,194.02,day_ahead
2025-10-07 17:45:00+00:00,180.81,day_ahead
2025-10-07 18:00:00+00:00,178.09,day_ahead
2025-10-07 18:15:00+00:00,158.89,day_ahead
2025-10-07 18:30:00+00:00,131.01,day_ahead
2025-10-07 18:45:00+00:00,117.0,day_ahead
2025-10-07 19:00:00+00:00,147.22,day_ahead
2025-10-07 19:15:00+00:00,129.01,day_ahead
2025-10-07 19:30:00+00:00,112.79,day_ahead
2025-10-07 19:45:00+00:00,103.95,day_ahead
2025-10-07 20:00:00+00:00,116.35,day_ahead
2025-10-07 20:15:00+00:00,111.87,day_ahead
2025-10-07 20:30:00+00:00,106.1,day_ahead
2025-10-07 20:45:00+00:00,95.37,day_ahead
2025-10-07 21:00:00+00:00,107.82,day_ahead
2025-10-07 21:15:00+00:00,98.43,day_ahead
2025-10-07 21:30:00+00:00,93.57,day_ahead
2025-10-07 21:45:00+00:00,90.11,day_ahead
2025-10-07 22:00:00+00:00,101.74,day_ahead
2025-10-07 22:15:00+00:00,91.4,day_ahead
2025-10-07 22:30:00+00:00,91.47,day_ahead
2025-10-07 22:45:00+00:00,89.2,day_ahead
2025-10-07 23:00:00+00:00,91.85,day_ahead
2025-10-07 23:15:00+00:00,89.07,day_ahead
2025-10-07 23:30:00+00:00,87.33,day_ahead
2025-10-07 23:45:00+00:00,85.5,day_ahead
2025-10-08 00:00:00+00:00,89.21,day_ahead
2025-10-08 00:15:00+00:00,88.14,day_ahead
2025-10-08 00:30:00+00:00,86.99,day_ahead
2025-10-08 00:45:00+00:00,85.9,day_ahead
2025-10-08 01:00:00+00:00,86.71,day_ahead
2025-10-08 01:15:00+00:00,84.17,day_ahead
2025-10-08 01:30:00+00:00,86.98,day_ahead
2025-10-08 01:45:00+00:00,86.17,day_ahead
2025-10-08 02:00:00+00:00,85.66,day_ahead
2025-10-08 02:15:00+00:00,84.48,day_ahead
2025-10-08 02:30:00+00:00,87.11,day_ahead
2025-10-08 02:45:00+00:00,91.67,day_ahead
2025-10-08 03:00:00+00:00,86.98,day_ahead
2025-10-08 03:15:00+00:00,93.28,day_ahead
2025-10-08 03:30:00+00:00,92.51,day_ahead
2025-10-08 03:45:00+00:00,102.9,day_ahead
2025-10-08 04:00:00+00:00,92.99,day_ahead
2025-10-08 04:15:00+00:00,108.63,day_ahead
2025-10-08 04:30:00+00:00,120.42,day_ahead
2025-10-08 04:45:00+00:00,134.53,day_ahead
2025-10-08 05:00:00+00:00,127.56,day_ahead
2025-10-08 05:15:00+00:00,148.39,day_ahead
2025-10-08 05:30:00+00:00,165.45,day_ahead
2025-10-08 05:45:00+00:00,168.83,day_ahead
2025-10-08 06:00:00+00:00,203.62,day_ahead
2025-10-08 06:15:00+00:00,175.34,day_ahead
2025-10-08 06:30:00+00:00,151.24,day_ahead
2025-10-08 06:45:00+00:00,135.38,day_ahead
2025-10-08 07:00:00+00:00,176.35,day_ahead
2025-10-08 07:15:00+00:00,142.45,day_ahead
2025-10-08 07:30:00+00:00,119.67,day_ahead
2025-10-08 07:45:00+00:00,106.06,day_ahead
2025-10-08 08:00:00+00:00,139.21,day_ahead
2025-10-08 08:15:00+00:00,119.74,day_ahead
2025-10-08 08:30:00+00:00,106.31,day_ahead
2025-10-08 08:45:00+00:00,99.46,day_ahead
2025-10-08 09:00:00+00:00,120.14,day_ahead
2025-10-08 09:15:00+00:00,101.96,day_ahead
2025-10-08 09:30:00+00:00,94.05,day_ahead
2025-10-08 09:45:00+00:00,85.06,day_ahead
2025-10-08 10:00:00+00:00,92.65,day_ahead
2025-10-08 10:15:00+00:00,88.73,day_ahead
2025-10-08 10:30:00+00:00,86.6,day_ahead
2025-10-08 10:45:00+00:00,86.05,day_ahead
2025-10-08 11:00:00+00:00,88.93,day_ahead
2025-10-08 11:15:00+00:00,87.74,day_ahead
2025-10-08 11:30:00+00:00,86.06,day_ahead
2025-10-08 11:45:00+00:00,84.38,day_ahead
2025-10-08 12:00:00+00:00,82.93,day_ahead
2025-10-08 12:15:00+00:00,84.88,day_ahead
2025-10-08 12:30:00+00:00,86.66,day_ahead
2025-10-08 12:45:00+00:00,94.46,day_ahead
2025-10-08 13:00:00+00:00,84.27,day_ahead
2025-10-08 13:15:00+00:00,88.51,day_ahead
2025-10-08 13:30:00+00:00,95.9,day_ahead
2025-10-08 13:45:00+00:00,108.61,day_ahead
2025-10-08 14:00:00+00:00,86.02,day_ahead
2025-10-08 14:15:00+00:00,94.17,day_ahead
2025-10-08 14:30:00+00:00,118.25,day_ahead
2025-10-08 14:45:00+00:00,139.62,day_ahead
2025-10-08 15:00:00+00:00,96.65,day_ahead
2025-10-08 15:15:00+00:00,117.95,day_ahead
2025-10-08 15:30:00+00:00,148.81,day_ahead
2025-10-08 15:45:00+00:00,203.12,day_ahead
2025-10-08 16:00:00+00:00,129.74,day_ahead
2025-10-08 16:15:00+00:00,142.25,day_ahead
2025-10-08 16:30:00+00:00,195.41,day_ahead
2025-10-08 16:45:00+00:00,241.07,day_ahead
2025-10-08 17:00:00+00:00,223.55,day_ahead
2025-10-08 17:15:00+00:00,199.54,day_ahead
2025-10-08 17:30:00+00:00,180.46,day_ahead
2025-10-08 17:45:00+00:00,175.0,day_ahead
2025-10-08 18:00:00+00:00,169.2,day_ahead
2025-10-08 18:15:00+00:00,149.99,day_ahead
2025-10-08 18:30:00+00:00,128.21,day_ahead
2025-10-08 18:45:00+00:00,118.39,day_ahead
2025-10-08 19:00:00+00:00,128.02,day_ahead
2025-10-08 19:15:00+00:00,116.99,day_ahead
2025-10-08 19:30:00+00:00,106.9,day_ahead
2025-10-08 19:45:00+00:00,102.34,day_ahead
2025-10-08 20:00:00+00:00,110.69,day_ahead
2025-10-08 20:15:00+00:00,109.91,day_ahead
2025-10-08 20:30:00+00:00,106.28,day_ahead
2025-10-08 20:45:00+00:00,97.93,day_ahead
2025-10-08 21:00:00+00:00,101.68,day_ahead
2025-10-08 21:15:00+00:00,99.79,day_ahead
2025-10-08 21:30:00+00:00,95.48,day_ahead
2025-10-08 21:45:00+00:00,90.0,day_ahead
2025-10-08 22:00:00+00:00,107.75,day_ahead
2025-10-08 22:15:00+00:00,100.01,day_ahead
2025-10-08 22:30:00+00:00,90.45,day_ahead
2025-10-08 22:45:00+00:00,87.41,day_ahead
2025-10-08 23:00:00+00:00,91.03,day_ahead
2025-10-08 23:15:00+00:00,91.01,day_ahead
2025-10-08 23:30:00+00:00,90.41,day_ahead
2025-10-08 23:45:00+00:00,90.11,day_ahead
2025-10-09 00:00:00+00:00,94.03,day_ahead
2025-10-09 00:15:00+00:00,90.42,day_ahead
2025-10-09 00:30:00+00:00,90.22,day_ahead
2025-10-09 00:45:00+00:00,89.22,day_ahead
2025-10-09 01:00:00+00:00,90.08,day_ahead
2025-10-09 01:15:00+00:00,86.31,day_ahead
2025-10-09 01:30:00+00:00,86.22,day_ahead
2025-10-09 01:45:00+00:00,85.52,day_ahead
2025-10-09 02:00:00+00:00,82.94,day_ahead
2025-10-09 02:15:00+00:00,84.65,day_ahead
2025-10-09 02:30:00+00:00,86.8,day_ahead
2025-10-09 02:45:00+00:00,95.06,day_ahead
2025-10-09 03:00:00+00:00,83.16,day_ahead
2025-10-09 03:15:00+00:00,87.55,day_ahead
2025-10-09 03:30:00+00:00,98.88,day_ahead
2025-10-09 03:45:00+00:00,114.41,day_ahead
2025-10-09 04:00:00+00:00,98.39,day_ahead
2025-10-09 04:15:00+00:00,115.36,day_ahead
2025-10-09 04:30:00+00:00,126.04,day_ahead
2025-10-09 04:45:00+00:00,138.91,day_ahead
2025-10-09 05:00:00+00:00,122.92,day_ahead
2025-10-09 05:15:00+00:00,142.54,day_ahead
2025-10-09 05:30:00+00:00,151.77,day_ahead
2025-10-09 05:45:00+00:00,148.47,day_ahead
2025-10-09 06:00:00+00:00,168.79,day_ahead
2025-10-09 06:15:00+00:00,150.73,day_ahead
2025-10-09 06:30:00+00:00,141.19,day_ahead
2025-10-09 06:45:00+00:00,129.51,day_ahead
2025-10-09 07:00:00+00:00,166.31,day_ahead
2025-10-09 07:15:00+00:00,129.77,day_ahead
2025-10-09 07:30:00+00:00,119.27,day_ahead
2025-10-09 07:45:00+00:00,101.26,day_ahead
2025-10-09 08:00:00+00:00,127.63,day_ahead
2025-10-09 08:15:00+00:00,108.8,day_ahead
2025-10-09 08:30:00+00:00,99.85,day_ahead
2025-10-09 08:45:00+00:00,88.39,day_ahead
2025-10-09 09:00:00+00:00,106.52,day_ahead
2025-10-09 09:15:00+00:00,98.84,day_ahead
2025-10-09 09:30:00+00:00,90.1,day_ahead
2025-10-09 09:45:00+00:00,83.7,day_ahead
2025-10-09 10:00:00+00:00,100.33,day_ahead
2025-10-09 10:15:00+00:00,90.96,day_ahead
2025-10-09 10:30:00+00:00,85.07,day_ahead
2025-10-09 10:45:00+00:00,77.42,day_ahead
2025-10-09 11:00:00+00:00,84.83,day_ahead
2025-10-09 11:15:00+00:00,83.08,day_ahead
2025-10-09 11:30:00+00:00,76.0,day_ahead
2025-10-09 11:45:00+00:00,65.74,day_ahead
2025-10-09 12:00:00+00:00,77.77,day_ahead
2025-10-09 12:15:00+00:00,78.22,day_ahead
2025-10-09 12:30:00+00:00,75.17,day_ahead
2025-10-09 12:45:00+00:00,78.09,day_ahead
2025-10-09 13:00:00+00:00,75.18,day_ahead
2025-10-09 13:15:00+00:00,81.86,day_ahead
2025-10-09 13:30:00+00:00,89.22,day_ahead
2025-10-09 13:45:00+00:00,102.35,day_ahead
2025-10-09 14:00:00+00:00,79.69,day_ahead
2025-10-09 14:15:00+00:00,79.6,day_ahead
2025-10-09 14:30:00+00:00,92.11,day_ahead
2025-10-09 14:45:00+00:00,100.31,day_ahead
2025-10-09 15:00:00+00:00,76.86,day_ahead
2025-10-09 15:15:00+00:00,103.67,day_ahead
2025-10-09 15:30:00+00:00,106.5,day_ahead
2025-10-09 15:45:00+00:00,127.43,day_ahead
2025-10-09 16:00:00+00:00,109.33,day_ahead
2025-10-09 16:15:00+00:00,117.3,day_ahead
2025-10-09 16:30:00+00:00,126.54,day_ahead
2025-10-09 16:45:00+00:00,125.26,day_ahead
2025-10-09 17:00:00+00:00,125.67,day_ahead
2025-10-09 17:15:00+00:00,127.03,day_ahead
2025-10-09 17:30:00+00:00,123.17,day_ahead
2025-10-09 17:45:00+00:00,118.29,day_ahead
2025-10-09 18:00:00+00:00,119.85,day_ahead
2025-10-09 18:15:00+00:00,115.01,day_ahead
2025-10-09 18:30:00+00:00,110.47,day_ahead
2025-10-09 18:45:00+00:00,105.17,day_ahead
2025-10-09 19:00:00+00:00,106.76,day_ahead
2025-10-09 19:15:00+00:00,101.2,day_ahead
2025-10-09 19:30:00+00:00,96.16,day_ahead
2025-10-09 19:45:00+00:00,87.85,day_ahead
2025-10-09 20:00:00+00:00,111.49,day_ahead
2025-10-09 20:15:00+00:00,95.62,day_ahead
2025-10-09 20:30:00+00:00,91.57,day_ahead
2025-10-09 20:45:00+00:00,88.31,day_ahead
2025-10-09 21:00:00+00:00,100.1,day_ahead
2025-10-09 21:15:00+00:00,103.77,day_ahead
2025-10-09 21:30:00+00:00,89.02,day_ahead
2025-10-09 21:45:00+00:00,79.37,day_ahead
2025-10-09 22:00:00+00:00,101.88,day_ahead
2025-10-09 22:15:00+00:00,90.78,day_ahead
2025-10-09 22:30:00+00:00,86.49,day_ahead
2025-10-09 22:45:00+00:00,80.84,day_ahead
2025-10-09 23:00:00+00:00,90.86,day_ahead
2025-10-09 23:15:00+00:00,84.4,day_ahead
2025-10-09 23:30:00+00:00,83.51,day_ahead
2025-10-09 23:45:00+00:00,81.19,day_ahead
2025-10-10 00:00:00+00:00,83.19,day_ahead
2025-10-10 00:15:00+00:00,80.0,day_ahead
2025-10-10 00:30:00+00:00,78.91,day_ahead
2025-10-10 00:45:00+00:00,78.26,day_ahead
2025-10-10 01:00:00+00:00,79.45,day_ahead
2025-10-10 01:15:00+00:00,78.18,day_ahead
2025-10-10 01:30:00+00:00,76.81,day_ahead
2025-10-10 01:45:00+00:00,77.27,day_ahead
2025-10-10 02:00:00+00:00,76.53,day_ahead
2025-10-10 02:15:00+00:00,77.6,day_ahead
2025-10-10 02:30:00+00:00,75.66,day_ahead
2025-10-10 02:45:00+00:00,80.53,day_ahead
2025-10-10 03:00:00+00:00,75.89,day_ahead
2025-10-10 03:15:00+00:00,80.87,day_ahead
2025-10-10 03:30:00+00:00,84.47,day_ahead
2025-10-10 03:45:00+00:00,98.83,day_ahead
2025-10-10 04:00:00+00:00,84.12,day_ahead
2025-10-10 04:15:00+00:00,94.17,day_ahead
2025-10-10 04:30:00+00:00,98.11,day_ahead
2025-10-10 04:45:00+00:00,119.26,day_ahead
2025-10-10 05:00:00+00:00,94.52,day_ahead
2025-10-10 05:15:00+00:00,111.79,day_ahead
2025-10-10 05:30:00+00:00,123.3,day_ahead
2025-10-10 05:45:00+00:00,134.17,day_ahead
2025-10-10 06:00:00+00:00,151.63,day_ahead
2025-10-10 06:15:00+00:00,132.73,day_ahead
2025-10-10 06:30:00+00:00,109.4,day_ahead
2025-10-10 06:45:00+00:00,96.01,day_ahead
2025-10-10 07:00:00+00:00,143.83,day_ahead
2025-10-10 07:15:00+00:00,110.24,day_ahead
2025-10-10 07:30:00+00:00,96.73,day_ahead
2025-10-10 07:45:00+00:00,78.35,day_ahead
2025-10-10 08:00:00+00:00,119.77,day_ahead
2025-10-10 08:15:00+00:00,92.42,day_ahead
2025-10-10 08:30:00+00:00,84.55,day_ahead
2025-10-10 08:45:00+00:00,71.31,day_ahead
2025-10-10 09:00:00+00:00,96.26,day_ahead
2025-10-10 09:15:00+00:00,81.55,day_ahead
2025-10-10 09:30:00+00:00,78.23,day_ahead
2025-10-10 09:45:00+00:00,73.29,day_ahead
2025-10-10 10:00:00+00:00,87.86,day_ahead
2025-10-10 10:15:00+00:00,78.65,day_ahead
2025-10-10 10:30:00+00:00,74.03,day_ahead
2025-10-10 10:45:00+00:00,67.74,day_ahead
2025-10-10 11:00:00+00:00,73.24,day_ahead
2025-10-10 11:15:00+00:00,73.1,day_ahead
2025-10-10 11:30:00+00:00,73.23,day_ahead
2025-10-10 11:45:00+00:00,73.24,day_ahead
2025-10-10 12:00:00+00:00,68.16,day_ahead
2025-10-10 12:15:00+00:00,78.29,day_ahead
2025-10-10 12:30:00+00:00,94.98,day_ahead
2025-10-10 12:45:00+00:00,107.05,day_ahead
2025-10-10 13:00:00+00:00,69.35,day_ahead
2025-10-10 13:15:00+00:00,78.69,day_ahead
2025-10-10 13:30:00+00:00,85.6,day_ahead
2025-10-10 13:45:00+00:00,94.9,day_ahead
2025-10-10 14:00:00+00:00,70.62,day_ahead
2025-10-10 14:15:00+00:00,84.19,day_ahead
2025-10-10 14:30:00+00:00,92.74,day_ahead
2025-10-10 14:45:00+00:00,112.06,day_ahead
2025-10-10 15:00:00+00:00,91.74,day_ahead
2025-10-10 15:15:00+00:00,106.54,day_ahead
2025-10-10 15:30:00+00:00,117.9,day_ahead
2025-10-10 15:45:00+00:00,134.34,day_ahead
2025-10-10 16:00:00+00:00,103.08,day_ahead
2025-10-10 16:15:00+00:00,114.09,day_ahead
2025-10-10 16:30:00+00:00,118.76,day_ahead
2025-10-10 16:45:00+00:00,132.95,day_ahead
2025-10-10 17:00:00+00:00,122.19,day_ahead
2025-10-10 17:15:00+00:00,122.28,day_ahead
2025-10-10 17:30:00+00:00,123.63,day_ahead
2025-10-10 17:45:00+00:00,120.92,day_ahead
2025-10-10 18:00:00+00:00,130.94,day_ahead
2025-10-10 18:15:00+00:00,119.37,day_ahead
2025-10-10 18:30:00+00:00,110.07,day_ahead
2025-10-10 18:45:00+00:00,100.22,day_ahead
2025-10-10 19:00:00+00:00,115.07,day_ahead
2025-10-10 19:15:00+00:00,109.31,day_ahead
2025-10-10 19:30:00+00:00,99.33,day_ahead
2025-10-10 19:45:00+00:00,85.77,day_ahead
2025-10-10 20:00:00+00:00,102.58,day_ahead
2025-10-10 20:15:00+00:00,100.8,day_ahead
2025-10-10 20:30:00+00:00,98.11,day_ahead
2025-10-10 20:45:00+00:00,86.27,day_ahead
2025-10-10 21:00:00+00:00,94.81,day_ahead
2025-10-10 21:15:00+00:00,93.1,day_ahead
2025-10-10 21:30:00+00:00,96.68,day_ahead
2025-10-10 21:45:00+00:00,89.29,day_ahead
2025-10-10 22:00:00+00:00,126.03,day_ahead
2025-10-10 22:15:00+00:00,102.36,day_ahead
2025-10-10 22:30:00+00:00,88.08,day_ahead
2025-10-10 22:45:00+00:00,85.93,day_ahead
2025-10-10 23:00:00+00:00,95.51,day_ahead
2025-10-10 23:15:00+00:00,89.52,day_ahead
2025-10-10 23:30:00+00:00,87.4,day_ahead
2025-10-10 23:45:00+00:00,87.17,day_ahead
2025-10-11 00:00:00+00:00,90.1,day_ahead
2025-10-11 00:15:00+00:00,88.63,day_ahead
2025-10-11 00:30:00+00:00,90.1,day_ahead
2025-10-11 00:45:00+00:00,86.59,day_ahead
2025-10-11 01:00:00+00:00,84.74,day_ahead
2025-10-11 01:15:00+00:00,83.32,day_ahead
2025-10-11 01:30:00+00:00,80.03,day_ahead
2025-10-11 01:45:00+00:00,80.0,day_ahead
2025-10-11 02:00:00+00:00,81.83,day_ahead
2025-10-11 02:15:00+00:00,80.68,day_ahead
2025-10-11 02:30:00+00:00,84.3,day_ahead
2025-10-11 02:45:00+00:00,83.74,day_ahead
2025-10-11 03:00:00+00:00,81.21,day_ahead
2025-10-11 03:15:00+00:00,82.6,day_ahead
2025-10-11 03:30:00+00:00,84.18,day_ahead
2025-10-11 03:45:00+00:00,85.29,day_ahead
2025-10-11 04:00:00+00:00,87.87,day_ahead
2025-10-11 04:15:00+00:00,88.97,day_ahead
2025-10-11 04:30:00+00:00,91.2,day_ahead
2025-10-11 04:45:00+00:00,93.02,day_ahead
2025-10-11 05:00:00+00:00,96.71,day_ahead
2025-10-11 05:15:00+00:00,95.06,day_ahead
2025-10-11 05:30:00+00:00,97.62,day_ahead
2025-10-11 06:00:00+00:00,103.96,day_ahead
2025-10-11 06:15:00+00:00,103.47,day_ahead
2025-10-11 06:30:00+00:00,101.37,day_ahead
2025-10-11 06:45:00+00:00,97.2,day_ahead
2025-10-11 07:00:00+00:00,158.38,day_ahead
2025-10-11 07:15:00+00:00,128.25,day_ahead
2025-10-11 07:30:00+00:00,102.17,day_ahead
2025-10-11 07:45:00+00:00,76.4,day_ahead
2025-10-11 08:00:00+00:00,167.47,day_ahead
2025-10-11 08:15:00+00:00,111.86,day_ahead
2025-10-11 08:30:00+00:00,78.7,day_ahead
2025-10-11 08:45:00+00:00,68.35,day_ahead
2025-10-11 09:00:00+00:00,134.0,day_ahead
2025-10-11 09:15:00+00:00,89.48,day_ahead
2025-10-11 09:30:00+00:00,72.87,day_ahead
2025-10-11 09:45:00+00:00,60.55,day_ahead
2025-10-11 10:00:00+00:00,103.71,day_ahead
2025-10-11 10:15:00+00:00,80.0,day_ahead
2025-10-11 10:30:00+00:00,80.1,day_ahead
2025-10-11 10:45:00+00:00,78.28,day_ahead
2025-10-11 11:00:00+00:00,68.05,day_ahead
2025-10-11 11:15:00+00:00,60.68,day_ahead
2025-10-11 11:30:00+00:00,59.84,day_ahead
2025-10-11 11:45:00+00:00,61.83,day_ahead
2025-10-11 12:00:00+00:00,62.84,day_ahead
2025-10-11 12:15:00+00:00,72.38,day_ahead
2025-10-11 12:30:00+00:00,81.09,day_ahead
2025-10-11 12:45:00+00:00,92.89,day_ahead
2025-10-11 13:00:00+00:00,64.44,day_ahead
2025-10-11 13:15:00+00:00,75.12,day_ahead
2025-10-11 13:30:00+00:00,87.86,day_ahead
2025-10-11 13:45:00+00:00,99.78,day_ahead
2025-10-11 14:00:00+00:00,62.84,day_ahead
2025-10-11 14:15:00+00:00,75.71,day_ahead
2025-10-11 14:30:00+00:00,119.69,day_ahead
2025-10-11 14:45:00+00:00,125.77,day_ahead
2025-10-11 15:00:00+00:00,75.92,day_ahead
2025-10-11 15:15:00+00:00,91.14,day_ahead
2025-10-11 15:30:00+00:00,118.07,day_ahead
2025-10-11 15:45:00+00:00,137.41,day_ahead
2025-10-11 16:00:00+00:00,102.94,day_ahead
2025-10-11 16:15:00+00:00,117.06,day_ahead
2025-10-11 16:30:00+00:00,125.49,day_ahead
2025-10-11 16:45:00+00:00,138.17,day_ahead
2025-10-11 17:00:00+00:00,127.16,day_ahead
2025-10-11 17:15:00+00:00,135.31,day_ahead
2025-10-11 17:30:00+00:00,126.72,day_ahead
2025-10-11 17:45:00+00:00,119.57,day_ahead
2025-10-11 18:00:00+00:00,141.46,day_ahead
2025-10-11 18:15:00+00:00,126.13,day_ahead
2025-10-11 18:30:00+00:00,108.27,day_ahead
2025-10-11 18:45:00+00:00,99.72,day_ahead
2025-10-11 19:00:00+00:00,122.25,day_ahead
2025-10-11 19:15:00+00:00,111.5,day_ahead
2025-10-11 19:30:00+00:00,109.2,day_ahead
2025-10-11 19:45:00+00:00,93.07,day_ahead
2025-10-11 20:00:00+00:00,115.27,day_ahead
2025-10-11 20:15:00+00:00,105.92,day_ahead
2025-10-11 20:30:00+00:00,101.57,day_ahead
2025-10-11 20:45:00+00:00,93.16,day_ahead
2025-10-11 21:00:00+00:00,104.03,day_ahead
2025-10-11 21:15:00+00:00,94.99,day_ahead
2025-10-11 21:30:00+00:00,93.18,day_ahead
2025-10-11 21:45:00+00:00,87.1,day_ahead
2025-10-11 22:00:00+00:00,108.39,day_ahead
2025-10-11 22:15:00+00:00,105.82,day_ahead
2025-10-11 22:30:00+00:00,85.67,day_ahead
2025-10-11 22:45:00+00:00,82.36,day_ahead
2025-10-11 23:00:00+00:00,111.83,day_ahead
2025-10-11 23:15:00+00:00,94.96,day_ahead
2025-10-11 23:30:00+00:00,84.26,day_ahead
2025-10-11 23:45:00+00:00,80.72,day_ahead
2025-10-12 00:00:00+00:00,95.95,day_ahead
2025-10-12 00:15:00+00:00,85.1,day_ahead
2025-10-12 00:30:00+00:00,81.51,day_ahead
2025-10-12 00:45:00+00:00,80.58,day_ahead
2025-10-12 01:00:00+00:00,86.97,day_ahead
2025-10-12 01:15:00+00:00,81.6,day_ahead
2025-10-12 01:30:00+00:00,79.03,day_ahead
2025-10-12 01:45:00+00:00,74.2,day_ahead
2025-10-12 02:00:00+00:00,78.26,day_ahead
2025-10-12 02:15:00+00:00,77.17,day_ahead
2025-10-12 02:30:00+00:00,87.48,day_ahead
2025-10-12 02:45:00+00:00,85.94,day_ahead
2025-10-12 03:00:00+00:00,77.82,day_ahead
2025-10-12 03:15:00+00:00,78.54,day_ahead
2025-10-12 03:30:00+00:00,87.82,day_ahead
2025-10-12 03:45:00+00:00,83.82,day_ahead
2025-10-12 04:00:00+00:00,82.89,day_ahead
2025-10-12 04:15:00+00:00,86.15,day_ahead
2025-10-12 04:30:00+00:00,88.01,day_ahead
2025-10-12 04:45:00+00:00,87.26,day_ahead
2025-10-12 05:00:00+00:00,94.0,day_ahead
2025-10-12 05:15:00+00:00,85.64,day_ahead
2025-10-12 05:30:00+00:00,85.24,day_ahead
2025-10-12 05:45:00+00:00,86.36,day_ahead
2025-10-12 06:00:00+00:00,101.27,day_ahead
2025-10-12 06:15:00+00:00,88.12,day_ahead
2025-10-12 06:30:00+00:00,86.09,day_ahead
2025-10-12 06:45:00+00:00,76.87,day_ahead
2025-10-12 07:00:00+00:00,124.04,day_ahead
2025-10-12 07:15:00+00:00,101.17,day_ahead
2025-10-12 07:30:00+00:00,76.94,day_ahead
2025-10-12 07:45:00+00:00,73.0,day_ahead
2025-10-12 08:00:00+00:00,124.82,day_ahead
2025-10-12 08:15:00+00:00,105.42,day_ahead
2025-10-12 08:30:00+00:00,76.11,day_ahead
2025-10-12 08:45:00+00:00,73.25,day_ahead
2025-10-12 09:00:00+00:00,80.0,day_ahead
2025-10-12 09:15:00+00:00,75.1,day_ahead
2025-10-12 09:30:00+00:00,74.58,day_ahead
2025-10-12 09:45:00+00:00,81.78,day_ahead
2025-10-12 10:00:00+00:00,76.14,day_ahead
2025-10-12 10:15:00+00:00,73.2,day_ahead
2025-10-12 10:30:00+00:00,68.16,day_ahead
2025-10-12 10:45:00+00:00,70.1,day_ahead
2025-10-12 11:00:00+00:00,61.61,day_ahead
2025-10-12 11:15:00+00:00,61.11,day_ahead
2025-10-12 11:30:00+00:00,61.24,day_ahead
2025-10-12 11:45:00+00:00,54.63,day_ahead
2025-10-12 12:00:00+00:00,73.21,day_ahead
2025-10-12 12:15:00+00:00,67.3,day_ahead
2025-10-12 12:30:00+00:00,67.02,day_ahead
2025-10-12 12:45:00+00:00,73.69,day_ahead
2025-10-12 13:00:00+00:00,74.4,day_ahead
2025-10-12 13:15:00+00:00,72.52,day_ahead
2025-10-12 13:30:00+00:00,84.93,day_ahead
2025-10-12 13:45:00+00:00,92.28,day_ahead
2025-10-12 14:00:00+00:00,72.76,day_ahead
2025-10-12 14:15:00+00:00,83.74,day_ahead
2025-10-12 14:30:00+00:00,92.94,day_ahead
2025-10-12 14:45:00+00:00,102.57,day_ahead
2025-10-12 15:00:00+00:00,75.13,day_ahead
2025-10-12 15:15:00+00:00,89.39,day_ahead
2025-10-12 15:30:00+00:00,101.42,day_ahead
2025-10-12 15:45:00+00:00,109.83,day_ahead
2025-10-12 16:00:00+00:00,90.84,day_ahead
2025-10-12 16:15:00+00:00,101.1,day_ahead
2025-10-12 16:30:00+00:00,110.56,day_ahead
2025-10-12 16:45:00+00:00,118.36,day_ahead
2025-10-12 17:00:00+00:00,114.06,day_ahead
2025-10-12 17:15:00+00:00,115.09,day_ahead
2025-10-12 17:30:00+00:00,120.44,day_ahead
2025-10-12 17:45:00+00:00,115.63,day_ahead
2025-10-12 18:00:00+00:00,119.25,day_ahead
2025-10-12 18:15:00+00:00,118.95,day_ahead
2025-10-12 18:30:00+00:00,112.64,day_ahead
2025-10-12 18:45:00+00:00,110.43,day_ahead
2025-10-12 19:00:00+00:00,114.94,day_ahead
2025-10-12 19:15:00+00:00,114.35,day_ahead
2025-10-12 19:30:00+00:00,106.62,day_ahead
2025-10-12 19:45:00+00:00,100.95,day_ahead
2025-10-12 20:00:00+00:00,110.66,day_ahead
2025-10-12 20:15:00+00:00,104.7,day_ahead
2025-10-12 20:30:00+00:00,103.03,day_ahead
2025-10-12 20:45:00+00:00,96.98,day_ahead
2025-10-12 21:00:00+00:00,101.29,day_ahead
2025-10-12 21:15:00+00:00,90.41,day_ahead
2025-10-12 21:30:00+00:00,89.56,day_ahead
2025-10-12 21:45:00+00:00,83.98,day_ahead
2025-10-12 22:00:00+00:00,100.08,day_ahead
2025-10-12 22:15:00+00:00,90.64,day_ahead
2025-10-12 22:30:00+00:00,87.03,day_ahead
2025-10-12 22:45:00+00:00,80.57,day_ahead
2025-10-12 23:00:00+00:00,88.88,day_ahead
2025-10-12 23:15:00+00:00,83.0,day_ahead
2025-10-12 23:30:00+00:00,87.04,day_ahead
2025-10-12 23:45:00+00:00,84.38,day_ahead
2025-10-13 00:00:00+00:00,91.47,day_ahead
2025-10-13 00:15:00+00:00,87.5,day_ahead
2025-10-13 00:30:00+00:00,83.67,day_ahead
2025-10-13 00:45:00+00:00,79.65,day_ahead
2025-10-13 01:00:00+00:00,82.43,day_ahead
2025-10-13 01:15:00+00:00,80.92,day_ahead
2025-10-13 01:30:00+00:00,77.11,day_ahead
2025-10-13 01:45:00+00:00,75.19,day_ahead
2025-10-13 02:00:00+00:00,81.34,day_ahead
2025-10-13 02:15:00+00:00,75.41,day_ahead
2025-10-13 02:30:00+00:00,82.2,day_ahead
2025-10-13 02:45:00+00:00,87.09,day_ahead
2025-10-13 03:00:00+00:00,78.56,day_ahead
2025-10-13 03:15:00+00:00,81.91,day_ahead
2025-10-13 03:30:00+00:00,89.24,day_ahead
2025-10-13 03:45:00+00:00,104.33,day_ahead
2025-10-13 04:00:00+00:00,83.45,day_ahead
2025-10-13 04:15:00+00:00,83.47,day_ahead
2025-10-13 04:30:00+00:00,130.77,day_ahead
2025-10-13 04:45:00+00:00,170.31,day_ahead
2025-10-13 05:00:00+00:00,83.4,day_ahead
2025-10-13 05:15:00+00:00,158.04,day_ahead
2025-10-13 05:30:00+00:00,178.39,day_ahead
2025-10-13 05:45:00+00:00,166.57,day_ahead
2025-10-13 06:00:00+00:00,209.07,day_ahead
2025-10-13 06:15:00+00:00,197.15,day_ahead
2025-10-13 06:30:00+00:00,167.02,day_ahead
2025-10-13 06:45:00+00:00,134.57,day_ahead
2025-10-13 07:00:00+00:00,197.63,day_ahead
2025-10-13 07:15:00+00:00,150.79,day_ahead
2025-10-13 07:30:00+00:00,131.48,day_ahead
2025-10-13 07:45:00+00:00,104.92,day_ahead
2025-10-13 08:00:00+00:00,136.64,day_ahead
2025-10-13 08:15:00+00:00,127.53,day_ahead
2025-10-13 08:30:00+00:00,115.41,day_ahead
2025-10-13 08:45:00+00:00,106.13,day_ahead
2025-10-13 09:00:00+00:00,122.87,day_ahead
2025-10-13 09:15:00+00:00,108.07,day_ahead
2025-10-13 09:30:00+00:00,99.82,day_ahead
2025-10-13 09:45:00+00:00,94.94,day_ahead
2025-10-13 10:00:00+00:00,100.19,day_ahead
2025-10-13 10:15:00+00:00,93.01,day_ahead
2025-10-13 10:30:00+00:00,90.12,day_ahead
2025-10-13 10:45:00+00:00,86.78,day_ahead
2025-10-13 11:00:00+00:00,91.8,day_ahead
2025-10-13 11:15:00+00:00,88.89,day_ahead
2025-10-13 11:30:00+00:00,81.62,day_ahead
2025-10-13 11:45:00+00:00,79.16,day_ahead
2025-10-13 12:00:00+00:00,79.48,day_ahead
2025-10-13 12:15:00+00:00,82.83,day_ahead
2025-10-13 12:30:00+00:00,85.81,day_ahead
2025-10-13 12:45:00+00:00,91.83,day_ahead
2025-10-13 13:00:00+00:00,78.83,day_ahead
2025-10-13 13:15:00+00:00,87.17,day_ahead
2025-10-13 13:30:00+00:00,94.35,day_ahead
2025-10-13 13:45:00+00:00,109.42,day_ahead
2025-10-13 14:00:00+00:00,78.81,day_ahead
2025-10-13 14:15:00+00:00,96.07,day_ahead
2025-10-13 14:30:00+00:00,112.78,day_ahead
2025-10-13 14:45:00+00:00,137.21,day_ahead
2025-10-13 15:00:00+00:00,100.37,day_ahead
2025-10-13 15:15:00+00:00,122.05,day_ahead
2025-10-13 15:30:00+00:00,181.4,day_ahead
2025-10-13 15:45:00+00:00,259.4,day_ahead
2025-10-13 16:00:00+00:00,178.02,day_ahead
2025-10-13 16:15:00+00:00,235.79,day_ahead
2025-10-13 16:30:00+00:00,321.13,day_ahead
2025-10-13 16:45:00+00:00,366.71,day_ahead
2025-10-13 17:00:00+00:00,353.5,day_ahead
2025-10-13 17:15:00+00:00,309.56,day_ahead
2025-10-13 17:30:00+00:00,250.04,day_ahead
2025-10-13 17:45:00+00:00,205.12,day_ahead
2025-10-13 18:00:00+00:00,252.05,day_ahead
2025-10-13 18:15:00+00:00,186.01,day_ahead
2025-10-13 18:30:00+00:00,135.61,day_ahead
2025-10-13 18:45:00+00:00,124.03,day_ahead
2025-10-13 19:00:00+00:00,164.68,day_ahead
2025-10-13 19:15:00+00:00,133.67,day_ahead
2025-10-13 19:30:00+00:00,113.68,day_ahead
2025-10-13 19:45:00+00:00,109.81,day_ahead
2025-10-13 20:00:00+00:00,123.66,day_ahead
2025-10-13 20:15:00+00:00,119.89,day_ahead
2025-10-13 20:30:00+00:00,117.3,day_ahead
2025-10-13 20:45:00+00:00,107.15,day_ahead
2025-10-13 21:00:00+00:00,118.56,day_ahead
2025-10-13 21:15:00+00:00,104.68,day_ahead
2025-10-13 21:30:00+00:00,104.8,day_ahead
2025-10-13 21:45:00+00:00,97.69,day_ahead
2025-10-13 22:00:00+00:00,114.93,day_ahead
2025-10-13 22:15:00+00:00,116.53,day_ahead
2025-10-13 22:30:00+00:00,101.94,day_ahead
2025-10-13 22:45:00+00:00,95.2,day_ahead
2025-10-13 23:00:00+00:00,107.04,day_ahead
2025-10-13 23:15:00+00:00,103.4,day_ahead
2025-10-13 23:30:00+00:00,100.5,day_ahead
2025-10-13 23:45:00+00:00,90.93,day_ahead
2025-10-14 00:00:00+00:00,104.85,day_ahead
2025-10-14 00:15:00+00:00,98.39,day_ahead
2025-10-14 00:30:00+00:00,94.32,day_ahead
2025-10-14 00:45:00+00:00,88.68,day_ahead
2025-10-14 01:00:00+00:00,98.8,day_ahead
2025-10-14 01:15:00+00:00,95.17,day_ahead
2025-10-14 01:30:00+00:00,92.31,day_ahead
2025-10-14 01:45:00+00:00,91.52,day_ahead
2025-10-14 02:00:00+00:00,94.07,day_ahead
2025-10-14 02:15:00+00:00,94.33,day_ahead
2025-10-14 02:30:00+00:00,92.6,day_ahead
2025-10-14 02:45:00+00:00,97.5,day_ahead
2025-10-14 03:00:00+00:00,92.02,day_ahead
2025-10-14 03:15:00+00:00,95.99,day_ahead
2025-10-14 03:30:00+00:00,97.83,day_ahead
2025-10-14 03:45:00+00:00,98.95,day_ahead
2025-10-14 04:00:00+00:00,86.93,day_ahead
2025-10-14 04:15:00+00:00,106.42,day_ahead
2025-10-14 04:30:00+00:00,136.4,day_ahead
2025-10-14 04:45:00+00:00,126.94,day_ahead
2025-10-14 05:00:00+00:00,126.04,day_ahead
2025-10-14 05:15:00+00:00,135.93,day_ahead
2025-10-14 05:30:00+00:00,172.0,day_ahead
2025-10-14 05:45:00+00:00,179.35,day_ahead
2025-10-14 06:00:00+00:00,220.06,day_ahead
2025-10-14 06:15:00+00:00,214.47,day_ahead
2025-10-14 06:30:00+00:00,163.15,day_ahead
2025-10-14 06:45:00+00:00,136.3,day_ahead
2025-10-14 07:00:00+00:00,204.41,day_ahead
2025-10-14 07:15:00+00:00,147.22,day_ahead
2025-10-14 07:30:00+00:00,129.52,day_ahead
2025-10-14 07:45:00+00:00,118.05,day_ahead
2025-10-14 08:00:00+00:00,171.35,day_ahead
2025-10-14 08:15:00+00:00,128.94,day_ahead
2025-10-14 08:30:00+00:00,113.78,day_ahead
2025-10-14 08:45:00+00:00,106.36,day_ahead
2025-10-14 09:00:00+00:00,129.37,day_ahead
2025-10-14 09:15:00+00:00,115.26,day_ahead
2025-10-14 09:30:00+00:00,110.82,day_ahead
2025-10-14 09:45:00+00:00,103.07,day_ahead
2025-10-14 10:00:00+00:00,107.51,day_ahead
2025-10-14 10:15:00+00:00,106.48,day_ahead
2025-10-14 10:30:00+00:00,102.33,day_ahead
2025-10-14 10:45:00+00:00,94.35,day_ahead
2025-10-14 11:00:00+00:00,99.29,day_ahead
2025-10-14 11:15:00+00:00,97.27,day_ahead
2025-10-14 11:30:00+00:00,97.32,day_ahead
2025-10-14 11:45:00+00:00,94.85,day_ahead
2025-10-14 12:00:00+00:00,82.36,day_ahead
2025-10-14 12:15:00+00:00,94.85,day_ahead
2025-10-14 12:30:00+00:00,100.78,day_ahead
2025-10-14 12:45:00+00:00,114.42,day_ahead
2025-10-14 13:00:00+00:00,94.39,day_ahead
2025-10-14 13:15:00+00:00,104.39,day_ahead
2025-10-14 13:30:00+00:00,108.92,day_ahead
2025-10-14 13:45:00+00:00,141.99,day_ahead
2025-10-14 14:00:00+00:00,84.25,day_ahead
2025-10-14 14:15:00+00:00,106.99,day_ahead
2025-10-14 14:30:00+00:00,139.46,day_ahead
2025-10-14 14:45:00+00:00,195.34,day_ahead
2025-10-14 15:00:00+00:00,107.27,day_ahead
2025-10-14 15:15:00+00:00,135.11,day_ahead
2025-10-14 15:30:00+00:00,214.15,day_ahead
2025-10-14 15:45:00+00:00,290.0,day_ahead
2025-10-14 16:00:00+00:00,236.71,day_ahead
2025-10-14 16:15:00+00:00,268.65,day_ahead
2025-10-14 16:30:00+00:00,375.25,day_ahead
2025-10-14 16:45:00+00:00,435.48,day_ahead
2025-10-14 17:00:00+00:00,437.97,day_ahead
2025-10-14 17:15:00+00:00,407.74,day_ahead
2025-10-14 17:30:00+00:00,352.42,day_ahead
2025-10-14 17:45:00+00:00,288.78,day_ahead
2025-10-14 18:00:00+00:00,307.01,day_ahead
2025-10-14 18:15:00+00:00,227.44,day_ahead
2025-10-14 18:30:00+00:00,168.74,day_ahead
2025-10-14 18:45:00+00:00,135.79,day_ahead
2025-10-14 19:00:00+00:00,193.3,day_ahead
2025-10-14 19:15:00+00:00,154.27,day_ahead
2025-10-14 19:30:00+00:00,144.98,day_ahead
2025-10-14 19:45:00+00:00,124.51,day_ahead
2025-10-14 20:00:00+00:00,141.96,day_ahead
2025-10-14 20:15:00+00:00,130.56,day_ahead
2025-10-14 20:30:00+00:00,123.06,day_ahead
2025-10-14 20:45:00+00:00,116.94,day_ahead
2025-10-14 21:00:00+00:00,120.0,day_ahead
2025-10-14 21:15:00+00:00,115.52,day_ahead
2025-10-14 21:30:00+00:00,109.59,day_ahead
2025-10-14 21:45:00+00:00,108.84,day_ahead
2025-10-14 22:00:00+00:00,111.96,day_ahead
2025-10-14 22:15:00+00:00,115.73,day_ahead
2025-10-14 22:30:00+00:00,107.21,day_ahead
2025-10-14 22:45:00+00:00,105.1,day_ahead
2025-10-14 23:00:00+00:00,109.61,day_ahead
2025-10-14 23:15:00+00:00,105.64,day_ahead
2025-10-14 23:30:00+00:00,105.02,day_ahead
2025-10-14 23:45:00+00:00,99.3,day_ahead
2025-10-15 00:00:00+00:00,104.68,day_ahead
2025-10-15 00:15:00+00:00,99.75,day_ahead
2025-10-15 00:30:00+00:00,98.87,day_ahead
2025-10-15 00:45:00+00:00,100.85,day_ahead
2025-10-15 01:00:00+00:00,100.33,day_ahead
2025-10-15 01:15:00+00:00,99.56,day_ahead
2025-10-15 01:30:00+00:00,92.16,day_ahead
2025-10-15 01:45:00+00:00,93.65,day_ahead
2025-10-15 02:00:00+00:00,92.69,day_ahead
2025-10-15 02:15:00+00:00,96.51,day_ahead
2025-10-15 02:30:00+00:00,98.53,day_ahead
2025-10-15 02:45:00+00:00,103.13,day_ahead
2025-10-15 03:00:00+00:00,100.89,day_ahead
2025-10-15 03:15:00+00:00,105.22,day_ahead
2025-10-15 03:30:00+00:00,108.94,day_ahead
2025-10-15 03:45:00+00:00,104.55,day_ahead
2025-10-15 04:00:00+00:00,79.18,day_ahead
2025-10-15 04:15:00+00:00,96.81,day_ahead
2025-10-15 04:30:00+00:00,125.65,day_ahead
2025-10-15 04:45:00+00:00,164.0,day_ahead
2025-10-15 05:00:00+00:00,81.42,day_ahead
2025-10-15 05:15:00+00:00,106.01,day_ahead
2025-10-15 05:30:00+00:00,214.94,day_ahead
2025-10-15 05:45:00+00:00,238.65,day_ahead
2025-10-15 06:00:00+00:00,293.38,day_ahead
2025-10-15 06:15:00+00:00,261.97,day_ahead
2025-10-15 06:30:00+00:00,226.84,day_ahead
2025-10-15 06:45:00+00:00,190.76,day_ahead
2025-10-15 07:00:00+00:00,238.27,day_ahead
2025-10-15 07:15:00+00:00,187.51,day_ahead
2025-10-15 07:30:00+00:00,138.92,day_ahead
2025-10-15 07:45:00+00:00,123.89,day_ahead
2025-10-15 08:00:00+00:00,179.08,day_ahead
2025-10-15 08:15:00+00:00,135.9,day_ahead
2025-10-15 08:30:00+00:00,127.52,day_ahead
2025-10-15 08:45:00+00:00,109.39,day_ahead
2025-10-15 09:00:00+00:00,136.41,day_ahead
2025-10-15 09:15:00+00:00,123.02,day_ahead
2025-10-15 09:30:00+00:00,111.4,day_ahead
2025-10-15 09:45:00+00:00,105.75,day_ahead
2025-10-15 10:00:00+00:00,120.01,day_ahead
2025-10-15 10:15:00+00:00,115.64,day_ahead
2025-10-15 10:30:00+00:00,108.03,day_ahead
2025-10-15 10:45:00+00:00,102.97,day_ahead
2025-10-15 11:00:00+00:00,110.3,day_ahead
2025-10-15 11:15:00+00:00,108.3,day_ahead
2025-10-15 11:30:00+00:00,102.63,day_ahead
2025-10-15 11:45:00+00:00,96.58,day_ahead
2025-10-15 12:00:00+00:00,99.82,day_ahead
2025-10-15 12:15:00+00:00,101.12,day_ahead
2025-10-15 12:30:00+00:00,101.21,day_ahead
2025-10-15 12:45:00+00:00,110.1,day_ahead
2025-10-15 13:00:00+00:00,92.74,day_ahead
2025-10-15 13:15:00+00:00,100.1,day_ahead
2025-10-15 13:30:00+00:00,113.31,day_ahead
2025-10-15 13:45:00+00:00,139.23,day_ahead
2025-10-15 14:00:00+00:00,94.72,day_ahead
2025-10-15 14:15:00+00:00,111.2,day_ahead
2025-10-15 14:30:00+00:00,136.13,day_ahead
2025-10-15 14:45:00+00:00,157.29,day_ahead
2025-10-15 15:00:00+00:00,102.25,day_ahead
2025-10-15 15:15:00+00:00,123.9,day_ahead
2025-10-15 15:30:00+00:00,170.37,day_ahead
2025-10-15 15:45:00+00:00,239.49,day_ahead
2025-10-15 16:00:00+00:00,149.79,day_ahead
2025-10-15 16:15:00+00:00,178.92,day_ahead
2025-10-15 16:30:00+00:00,229.87,day_ahead
2025-10-15 16:45:00+00:00,272.6,day_ahead
2025-10-15 17:00:00+00:00,270.66,day_ahead
2025-10-15 17:15:00+00:00,230.19,day_ahead
2025-10-15 17:30:00+00:00,181.67,day_ahead
2025-10-15 17:45:00+00:00,160.81,day_ahead
2025-10-15 18:00:00+00:00,204.71,day_ahead
2025-10-15 18:15:00+00:00,154.52,day_ahead
2025-10-15 18:30:00+00:00,122.62,day_ahead
2025-10-15 18:45:00+00:00,112.22,day_ahead
2025-10-15 19:00:00+00:00,144.35,day_ahead
2025-10-15 19:15:00+00:00,125.3,day_ahead
2025-10-15 19:30:00+00:00,115.53,day_ahead
2025-10-15 19:45:00+00:00,94.42,day_ahead
2025-10-15 20:00:00+00:00,113.42,day_ahead
2025-10-15 20:15:00+00:00,98.18,day_ahead
2025-10-15 20:30:00+00:00,95.35,day_ahead
2025-10-15 20:45:00+00:00,81.46,day_ahead
2025-10-15 21:00:00+00:00,94.42,day_ahead
2025-10-15 21:15:00+00:00,87.25,day_ahead
2025-10-15 21:30:00+00:00,87.1,day_ahead
2025-10-15 21:45:00+00:00,81.79,day_ahead
2025-10-15 22:00:00+00:00,83.59,day_ahead
2025-10-15 22:15:00+00:00,91.47,day_ahead
2025-10-15 22:30:00+00:00,87.42,day_ahead
2025-10-15 22:45:00+00:00,81.84,day_ahead
2025-10-15 23:00:00+00:00,86.33,day_ahead
2025-10-15 23:15:00+00:00,83.43,day_ahead
2025-10-15 23:30:00+00:00,82.65,day_ahead
2025-10-15 23:45:00+00:00,78.08,day_ahead
2025-10-16 00:00:00+00:00,87.44,day_ahead
2025-10-16 00:15:00+00:00,87.26,day_ahead
2025-10-16 00:30:00+00:00,83.38,day_ahead
2025-10-16 00:45:00+00:00,80.0,day_ahead
2025-10-16 01:00:00+00:00,85.66,day_ahead
2025-10-16 01:15:00+00:00,81.91,day_ahead
2025-10-16 01:30:00+00:00,80.54,day_ahead
2025-10-16 01:45:00+00:00,72.82,day_ahead
2025-10-16 02:00:00+00:00,77.26,day_ahead
2025-10-16 02:15:00+00:00,76.73,day_ahead
2025-10-16 02:30:00+00:00,80.0,day_ahead
2025-10-16 02:45:00+00:00,81.6,day_ahead
2025-10-16 03:00:00+00:00,75.94,day_ahead
2025-10-16 03:15:00+00:00,78.0,day_ahead
2025-10-16 03:30:00+00:00,80.0,day_ahead
2025-10-16 03:45:00+00:00,84.75,day_ahead
2025-10-16 04:00:00+00:00,67.09,day_ahead
2025-10-16 04:15:00+00:00,82.2,day_ahead
2025-10-16 04:30:00+00:00,93.49,day_ahead
2025-10-16 04:45:00+00:00,105.53,day_ahead
2025-10-16 05:00:00+00:00,93.04,day_ahead
2025-10-16 05:15:00+00:00,105.1,day_ahead
2025-10-16 05:30:00+00:00,106.66,day_ahead
2025-10-16 05:45:00+00:00,105.97,day_ahead
2025-10-16 06:00:00+00:00,140.14,day_ahead
2025-10-16 06:15:00+00:00,142.36,day_ahead
2025-10-16 06:30:00+00:00,132.19,day_ahead
2025-10-16 06:45:00+00:00,103.45,day_ahead
2025-10-16 07:00:00+00:00,147.5,day_ahead
2025-10-16 07:15:00+00:00,131.58,day_ahead
2025-10-16 07:30:00+00:00,106.38,day_ahead
2025-10-16 07:45:00+00:00,86.34,day_ahead
2025-10-16 08:00:00+00:00,116.84,day_ahead
2025-10-16 08:15:00+00:00,92.48,day_ahead
2025-10-16 08:30:00+00:00,79.47,day_ahead
2025-10-16 08:45:00+00:00,76.01,day_ahead
2025-10-16 09:00:00+00:00,99.44,day_ahead
2025-10-16 09:15:00+00:00,86.19,day_ahead
2025-10-16 09:30:00+00:00,82.72,day_ahead
2025-10-16 09:45:00+00:00,75.33,day_ahead
2025-10-16 10:00:00+00:00,86.15,day_ahead
2025-10-16 10:15:00+00:00,76.42,day_ahead
2025-10-16 10:30:00+00:00,80.0,day_ahead
2025-10-16 10:45:00+00:00,72.56,day_ahead
2025-10-16 11:00:00+00:00,82.82,day_ahead
2025-10-16 11:15:00+00:00,80.23,day_ahead
2025-10-16 11:30:00+00:00,75.86,day_ahead
2025-10-16 11:45:00+00:00,76.31,day_ahead
2025-10-16 12:00:00+00:00,76.24,day_ahead
2025-10-16 12:15:00+00:00,77.29,day_ahead
2025-10-16 12:30:00+00:00,77.36,day_ahead
2025-10-16 12:45:00+00:00,90.47,day_ahead
2025-10-16 13:00:00+00:00,69.57,day_ahead
2025-10-16 13:15:00+00:00,79.35,day_ahead
2025-10-16 13:30:00+00:00,79.46,day_ahead
2025-10-16 13:45:00+00:00,88.56,day_ahead
2025-10-16 14:00:00+00:00,67.08,day_ahead
2025-10-16 14:15:00+00:00,79.35,day_ahead
2025-10-16 14:30:00+00:00,89.07,day_ahead
2025-10-16 14:45:00+00:00,110.77,day_ahead
2025-10-16 15:00:00+00:00,75.93,day_ahead
2025-10-16 15:15:00+00:00,109.89,day_ahead
2025-10-16 15:30:00+00:00,126.46,day_ahead
2025-10-16 15:45:00+00:00,149.19,day_ahead
2025-10-16 16:00:00+00:00,107.33,day_ahead
2025-10-16 16:15:00+00:00,126.1,day_ahead
2025-10-16 16:30:00+00:00,134.6,day_ahead
2025-10-16 16:45:00+00:00,145.7,day_ahead
2025-10-16 17:00:00+00:00,137.89,day_ahead
2025-10-16 17:15:00+00:00,144.81,day_ahead
2025-10-16 17:30:00+00:00,145.22,day_ahead
2025-10-16 17:45:00+00:00,136.4,day_ahead
2025-10-16 18:00:00+00:00,145.55,day_ahead
2025-10-16 18:15:00+00:00,124.22,day_ahead
2025-10-16 18:30:00+00:00,125.34,day_ahead
2025-10-16 18:45:00+00:00,103.51,day_ahead
2025-10-16 19:00:00+00:00,123.85,day_ahead
2025-10-16 19:15:00+00:00,103.56,day_ahead
2025-10-16 19:30:00+00:00,89.78,day_ahead
2025-10-16 19:45:00+00:00,86.45,day_ahead
2025-10-16 20:00:00+00:00,87.79,day_ahead
2025-10-16 20:15:00+00:00,98.54,day_ahead
2025-10-16 20:30:00+00:00,105.6,day_ahead
2025-10-16 20:45:00+00:00,96.12,day_ahead
2025-10-16 21:00:00+00:00,100.1,day_ahead
2025-10-16 21:15:00+00:00,94.18,day_ahead
2025-10-16 21:30:00+00:00,93.19,day_ahead
2025-10-16 21:45:00+00:00,83.22,day_ahead
2025-10-16 22:00:00+00:00,91.4,day_ahead
2025-10-16 22:15:00+00:00,88.11,day_ahead
2025-10-16 22:30:00+00:00,87.03,day_ahead
2025-10-16 22:45:00+00:00,84.97,day_ahead
2025-10-16 23:00:00+00:00,86.0,day_ahead
2025-10-16 23:15:00+00:00,84.2,day_ahead
2025-10-16 23:30:00+00:00,86.51,day_ahead
2025-10-16 23:45:00+00:00,86.8,day_ahead
2025-10-17 00:00:00+00:00,91.05,day_ahead
2025-10-17 00:15:00+00:00,86.26,day_ahead
2025-10-17 00:30:00+00:00,85.66,day_ahead
2025-10-17 00:45:00+00:00,86.39,day_ahead
2025-10-17 01:00:00+00:00,87.86,day_ahead
2025-10-17 01:15:00+00:00,86.82,day_ahead
2025-10-17 01:30:00+00:00,88.22,day_ahead
2025-10-17 01:45:00+00:00,85.65,day_ahead
2025-10-17 02:00:00+00:00,85.29,day_ahead
2025-10-17 02:15:00+00:00,84.18,day_ahead
2025-10-17 02:30:00+00:00,88.12,day_ahead
2025-10-17 02:45:00+00:00,94.14,day_ahead
2025-10-17 03:00:00+00:00,88.21,day_ahead
2025-10-17 03:15:00+00:00,88.91,day_ahead
2025-10-17 03:30:00+00:00,95.49,day_ahead
2025-10-17 03:45:00+00:00,96.03,day_ahead
2025-10-17 04:00:00+00:00,83.13,day_ahead
2025-10-17 04:15:00+00:00,89.84,day_ahead
2025-10-17 04:30:00+00:00,109.44,day_ahead
2025-10-17 04:45:00+00:00,119.4,day_ahead
2025-10-17 05:00:00+00:00,114.17,day_ahead
2025-10-17 05:15:00+00:00,116.64,day_ahead
2025-10-17 05:30:00+00:00,133.77,day_ahead
2025-10-17 05:45:00+00:00,146.88,day_ahead
2025-10-17 06:00:00+00:00,158.02,day_ahead
2025-10-17 06:15:00+00:00,159.99,day_ahead
2025-10-17 06:30:00+00:00,140.79,day_ahead
2025-10-17 06:45:00+00:00,118.02,day_ahead
2025-10-17 07:00:00+00:00,161.02,day_ahead
2025-10-17 07:15:00+00:00,133.0,day_ahead
2025-10-17 07:30:00+00:00,120.0,day_ahead
2025-10-17 07:45:00+00:00,102.06,day_ahead
2025-10-17 08:00:00+00:00,124.91,day_ahead
2025-10-17 08:15:00+00:00,120.37,day_ahead
2025-10-17 08:30:00+00:00,108.66,day_ahead
2025-10-17 08:45:00+00:00,102.34,day_ahead
2025-10-17 09:00:00+00:00,111.66,day_ahead
2025-10-17 09:15:00+00:00,99.72,day_ahead
2025-10-17 09:30:00+00:00,89.94,day_ahead
2025-10-17 09:45:00+00:00,84.29,day_ahead
2025-10-17 10:00:00+00:00,90.67,day_ahead
2025-10-17 10:15:00+00:00,85.31,day_ahead
2025-10-17 10:30:00+00:00,84.15,day_ahead
2025-10-17 10:45:00+00:00,79.86,day_ahead
2025-10-17 11:00:00+00:00,84.31,day_ahead
2025-10-17 11:15:00+00:00,80.23,day_ahead
2025-10-17 11:30:00+00:00,78.51,day_ahead
2025-10-17 11:45:00+00:00,75.82,day_ahead
2025-10-17 12:00:00+00:00,75.97,day_ahead
2025-10-17 12:15:00+00:00,78.38,day_ahead
2025-10-17 12:30:00+00:00,80.23,day_ahead
2025-10-17 12:45:00+00:00,81.0,day_ahead
2025-10-17 13:00:00+00:00,73.87,day_ahead
2025-10-17 13:15:00+00:00,78.84,day_ahead
2025-10-17 13:30:00+00:00,83.28,day_ahead
2025-10-17 13:45:00+00:00,85.28,day_ahead
2025-10-17 14:00:00+00:00,75.85,day_ahead
2025-10-17 14:15:00+00:00,82.97,day_ahead
2025-10-17 14:30:00+00:00,90.59,day_ahead
2025-10-17 14:45:00+00:00,109.64,day_ahead
2025-10-17 15:00:00+00:00,87.76,day_ahead
2025-10-17 15:15:00+00:00,106.38,day_ahead
2025-10-17 15:30:00+00:00,121.52,day_ahead
2025-10-17 15:45:00+00:00,146.58,day_ahead
2025-10-17 16:00:00+00:00,123.2,day_ahead
2025-10-17 16:15:00+00:00,128.08,day_ahead
2025-10-17 16:30:00+00:00,126.57,day_ahead
2025-10-17 16:45:00+00:00,137.35,day_ahead
2025-10-17 17:00:00+00:00,129.52,day_ahead
2025-10-17 17:15:00+00:00,131.09,day_ahead
2025-10-17 17:30:00+00:00,137.09,day_ahead
2025-10-17 17:45:00+00:00,129.52,day_ahead
2025-10-17 18:00:00+00:00,132.0,day_ahead
2025-10-17 18:15:00+00:00,112.46,day_ahead
2025-10-17 18:30:00+00:00,119.4,day_ahead
2025-10-17 18:45:00+00:00,105.53,day_ahead
2025-10-17 19:00:00+00:00,115.7,day_ahead
2025-10-17 19:15:00+00:00,100.84,day_ahead
2025-10-17 19:30:00+00:00,101.45,day_ahead
2025-10-17 19:45:00+00:00,98.51,day_ahead
2025-10-17 20:00:00+00:00,108.46,day_ahead
2025-10-17 20:15:00+00:00,102.81,day_ahead
2025-10-17 20:30:00+00:00,102.13,day_ahead
2025-10-17 20:45:00+00:00,95.91,day_ahead
2025-10-17 21:00:00+00:00,105.46,day_ahead
2025-10-17 21:15:00+00:00,95.29,day_ahead
2025-10-17 21:30:00+00:00,87.77,day_ahead
2025-10-17 21:45:00+00:00,81.47,day_ahead
2025-10-17 22:00:00+00:00,93.53,day_ahead
2025-10-17 22:15:00+00:00,103.71,day_ahead
2025-10-17 22:30:00+00:00,93.31,day_ahead
2025-10-17 22:45:00+00:00,87.81,day_ahead
2025-10-17 23:00:00+00:00,96.84,day_ahead
2025-10-17 23:15:00+00:00,90.25,day_ahead
2025-10-17 23:30:00+00:00,87.24,day_ahead
2025-10-17 23:45:00+00:00,86.72,day_ahead
2025-10-18 00:00:00+00:00,97.36,day_ahead
2025-10-18 00:15:00+00:00,90.12,day_ahead
2025-10-18 00:30:00+00:00,86.95,day_ahead
2025-10-18 00:45:00+00:00,85.46,day_ahead
2025-10-18 01:00:00+00:00,86.44,day_ahead
2025-10-18 01:15:00+00:00,86.26,day_ahead
2025-10-18 01:30:00+00:00,87.61,day_ahead
2025-10-18 01:45:00+00:00,88.92,day_ahead
2025-10-18 02:00:00+00:00,83.62,day_ahead
2025-10-18 02:15:00+00:00,84.3,day_ahead
2025-10-18 02:30:00+00:00,86.37,day_ahead
2025-10-18 02:45:00+00:00,88.89,day_ahead
2025-10-18 03:00:00+00:00,81.28,day_ahead
2025-10-18 03:15:00+00:00,83.2,day_ahead
2025-10-18 03:30:00+00:00,91.16,day_ahead
2025-10-18 03:45:00+00:00,90.82,day_ahead
2025-10-18 04:00:00+00:00,78.44,day_ahead
2025-10-18 04:15:00+00:00,83.71,day_ahead
2025-10-18 04:30:00+00:00,93.4,day_ahead
2025-10-18 04:45:00+00:00,104.29,day_ahead
2025-10-18 05:00:00+00:00,93.19,day_ahead
2025-10-18 05:15:00+00:00,108.74,day_ahead
2025-10-18 05:30:00+00:00,112.69,day_ahead
2025-10-18 05:45:00+00:00,116.27,day_ahead
2025-10-18 06:00:00+00:00,121.19,day_ahead
2025-10-18 06:15:00+00:00,117.37,day_ahead
2025-10-18 06:30:00+00:00,116.82,day_ahead
2025-10-18 06:45:00+00:00,102.26,day_ahead
2025-10-18 07:00:00+00:00,123.75,day_ahead
2025-10-18 07:15:00+00:00,115.32,day_ahead
2025-10-18 07:30:00+00:00,92.87,day_ahead
2025-10-18 07:45:00+00:00,75.45,day_ahead
2025-10-18 08:00:00+00:00,113.43,day_ahead
2025-10-18 08:15:00+00:00,89.76,day_ahead
2025-10-18 08:30:00+00:00,79.56,day_ahead
2025-10-18 08:45:00+00:00,72.1,day_ahead
2025-10-18 09:00:00+00:00,85.47,day_ahead
2025-10-18 09:15:00+00:00,75.93,day_ahead
2025-10-18 09:30:00+00:00,70.38,day_ahead
2025-10-18 09:45:00+00:00,62.21,day_ahead
2025-10-18 10:00:00+00:00,73.46,day_ahead
2025-10-18 10:15:00+00:00,67.4,day_ahead
2025-10-18 10:30:00+00:00,69.35,day_ahead
2025-10-18 10:45:00+00:00,60.88,day_ahead
2025-10-18 11:00:00+00:00,62.45,day_ahead
2025-10-18 11:15:00+00:00,57.62,day_ahead
2025-10-18 11:30:00+00:00,59.7,day_ahead
2025-10-18 11:45:00+00:00,60.24,day_ahead
2025-10-18 12:00:00+00:00,54.84,day_ahead
2025-10-18 12:15:00+00:00,61.15,day_ahead
2025-10-18 12:30:00+00:00,64.14,day_ahead
2025-10-18 12:45:00+00:00,72.83,day_ahead
2025-10-18 13:00:00+00:00,58.7,day_ahead
2025-10-18 13:15:00+00:00,67.48,day_ahead
2025-10-18 13:30:00+00:00,75.06,day_ahead
2025-10-18 13:45:00+00:00,88.06,day_ahead
2025-10-18 14:00:00+00:00,54.32,day_ahead
2025-10-18 14:15:00+00:00,72.98,day_ahead
2025-10-18 14:30:00+00:00,91.02,day_ahead
2025-10-18 14:45:00+00:00,117.79,day_ahead
2025-10-18 15:00:00+00:00,74.76,day_ahead
2025-10-18 15:15:00+00:00,103.3,day_ahead
2025-10-18 15:30:00+00:00,114.8,day_ahead
2025-10-18 15:45:00+00:00,152.38,day_ahead
2025-10-18 16:00:00+00:00,114.14,day_ahead
2025-10-18 16:15:00+00:00,124.99,day_ahead
2025-10-18 16:30:00+00:00,134.55,day_ahead
2025-10-18 16:45:00+00:00,135.09,day_ahead
2025-10-18 17:00:00+00:00,134.87,day_ahead
2025-10-18 17:15:00+00:00,125.85,day_ahead
2025-10-18 17:30:00+00:00,118.52,day_ahead
2025-10-18 17:45:00+00:00,116.01,day_ahead
2025-10-18 18:00:00+00:00,131.92,day_ahead
2025-10-18 18:15:00+00:00,113.92,day_ahead
2025-10-18 18:30:00+00:00,104.07,day_ahead
2025-10-18 18:45:00+00:00,95.68,day_ahead
2025-10-18 19:00:00+00:00,99.16,day_ahead
2025-10-18 19:15:00+00:00,97.02,day_ahead
2025-10-18 19:30:00+00:00,89.14,day_ahead
2025-10-18 19:45:00+00:00,85.07,day_ahead
2025-10-18 20:00:00+00:00,103.96,day_ahead
2025-10-18 20:15:00+00:00,95.67,day_ahead
2025-10-18 20:30:00+00:00,96.81,day_ahead
2025-10-18 20:45:00+00:00,85.34,day_ahead
2025-10-18 21:00:00+00:00,105.75,day_ahead
2025-10-18 21:15:00+00:00,96.35,day_ahead
2025-10-18 21:30:00+00:00,89.31,day_ahead
2025-10-18 21:45:00+00:00,85.89,day_ahead
2025-10-18 22:00:00+00:00,102.02,day_ahead
2025-10-18 22:15:00+00:00,92.0,day_ahead
2025-10-18 22:30:00+00:00,86.57,day_ahead
2025-10-18 22:45:00+00:00,83.26,day_ahead
2025-10-18 23:00:00+00:00,92.44,day_ahead
2025-10-18 23:15:00+00:00,86.89,day_ahead
2025-10-18 23:30:00+00:00,82.26,day_ahead
2025-10-18 23:45:00+00:00,77.48,day_ahead
2025-10-19 00:00:00+00:00,84.06,day_ahead
2025-10-19 00:15:00+00:00,77.79,day_ahead
2025-10-19 00:30:00+00:00,76.23,day_ahead
2025-10-19 00:45:00+00:00,72.43,day_ahead
2025-10-19 01:00:00+00:00,76.24,day_ahead
2025-10-19 01:15:00+00:00,72.15,day_ahead
2025-10-19 01:30:00+00:00,72.57,day_ahead
2025-10-19 01:45:00+00:00,74.1,day_ahead
2025-10-19 02:00:00+00:00,74.24,day_ahead
2025-10-19 02:15:00+00:00,72.89,day_ahead
2025-10-19 02:30:00+00:00,74.3,day_ahead
2025-10-19 02:45:00+00:00,73.25,day_ahead
2025-10-19 03:00:00+00:00,72.28,day_ahead
2025-10-19 03:15:00+00:00,70.34,day_ahead
2025-10-19 03:30:00+00:00,73.97,day_ahead
2025-10-19 03:45:00+00:00,72.9,day_ahead
2025-10-19 04:00:00+00:00,73.26,day_ahead
2025-10-19 04:15:00+00:00,73.11,day_ahead
2025-10-19 04:30:00+00:00,75.2,day_ahead
2025-10-19 04:45:00+00:00,79.0,day_ahead
2025-10-19 05:00:00+00:00,75.32,day_ahead
2025-10-19 05:15:00+00:00,76.43,day_ahead
2025-10-19 05:30:00+00:00,73.58,day_ahead
2025-10-19 05:45:00+00:00,74.6,day_ahead
2025-10-19 06:00:00+00:00,86.46,day_ahead
2025-10-19 06:15:00+00:00,83.88,day_ahead
2025-10-19 06:30:00+00:00,72.65,day_ahead
2025-10-19 06:45:00+00:00,64.84,day_ahead
2025-10-19 07:00:00+00:00,85.95,day_ahead
2025-10-19 07:15:00+00:00,73.54,day_ahead
2025-10-19 07:30:00+00:00,66.29,day_ahead
2025-10-19 07:45:00+00:00,53.41,day_ahead
2025-10-19 08:00:00+00:00,70.32,day_ahead
2025-10-19 08:15:00+00:00,65.79,day_ahead
2025-10-19 08:30:00+00:00,58.17,day_ahead
2025-10-19 08:45:00+00:00,49.1,day_ahead
2025-10-19 09:00:00+00:00,67.1,day_ahead
2025-10-19 09:15:00+00:00,54.99,day_ahead
2025-10-19 09:30:00+00:00,53.63,day_ahead
2025-10-19 09:45:00+00:00,36.44,day_ahead
2025-10-19 10:00:00+00:00,49.5,day_ahead
2025-10-19 10:15:00+00:00,39.41,day_ahead
2025-10-19 10:30:00+00:00,28.0,day_ahead
2025-10-19 10:45:00+00:00,15.86,day_ahead
2025-10-19 11:00:00+00:00,24.08,day_ahead
2025-10-19 11:15:00+00:00,19.29,day_ahead
2025-10-19 11:30:00+00:00,16.89,day_ahead
2025-10-19 11:45:00+00:00,14.99,day_ahead
2025-10-19 12:00:00+00:00,10.86,day_ahead
2025-10-19 12:15:00+00:00,20.75,day_ahead
2025-10-19 12:30:00+00:00,39.05,day_ahead
2025-10-19 12:45:00+00:00,58.65,day_ahead
2025-10-19 13:00:00+00:00,34.56,day_ahead
2025-10-19 13:15:00+00:00,67.04,day_ahead
2025-10-19 13:30:00+00:00,73.1,day_ahead
2025-10-19 13:45:00+00:00,85.04,day_ahead
2025-10-19 14:00:00+00:00,50.68,day_ahead
2025-10-19 14:15:00+00:00,70.01,day_ahead
2025-10-19 14:30:00+00:00,84.99,day_ahead
2025-10-19 14:45:00+00:00,101.02,day_ahead
2025-10-19 15:00:00+00:00,73.38,day_ahead
2025-10-19 15:15:00+00:00,83.3,day_ahead
2025-10-19 15:30:00+00:00,104.1,day_ahead
2025-10-19 15:45:00+00:00,164.16,day_ahead
2025-10-19 16:00:00+00:00,104.74,day_ahead
2025-10-19 16:15:00+00:00,102.68,day_ahead
2025-10-19 16:30:00+00:00,90.6,day_ahead
2025-10-19 16:45:00+00:00,89.98,day_ahead
2025-10-19 17:00:00+00:00,125.01,day_ahead
2025-10-19 17:15:00+00:00,86.95,day_ahead
2025-10-19 17:30:00+00:00,83.44,day_ahead
2025-10-19 17:45:00+00:00,72.59,day_ahead
2025-10-19 18:00:00+00:00,86.91,day_ahead
2025-10-19 18:15:00+00:00,73.36,day_ahead
2025-10-19 18:30:00+00:00,75.14,day_ahead
2025-10-19 18:45:00+00:00,69.67,day_ahead
2025-10-19 19:00:00+00:00,85.59,day_ahead
2025-10-19 19:15:00+00:00,71.19,day_ahead
2025-10-19 19:30:00+00:00,66.06,day_ahead
2025-10-19 19:45:00+00:00,56.71,day_ahead
2025-10-19 20:00:00+00:00,84.84,day_ahead
2025-10-19 20:15:00+00:00,69.73,day_ahead
2025-10-19 20:30:00+00:00,66.37,day_ahead
2025-10-19 20:45:00+00:00,56.9,day_ahead
2025-10-19 21:00:00+00:00,64.28,day_ahead
2025-10-19 21:15:00+00:00,55.12,day_ahead
2025-10-19 21:30:00+00:00,51.52,day_ahead
2025-10-19 21:45:00+00:00,51.33,day_ahead
2025-10-19 22:00:00+00:00,72.58,day_ahead
2025-10-19 22:15:00+00:00,65.62,day_ahead
2025-10-19 22:30:00+00:00,59.42,day_ahead
2025-10-19 22:45:00+00:00,49.39,day_ahead
2025-10-19 23:00:00+00:00,59.38,day_ahead
2025-10-19 23:15:00+00:00,56.21,day_ahead
2025-10-19 23:30:00+00:00,51.54,day_ahead
2025-10-19 23:45:00+00:00,50.5,day_ahead
2025-10-20 00:00:00+00:00,57.66,day_ahead
2025-10-20 00:15:00+00:00,53.16,day_ahead
2025-10-20 00:30:00+00:00,52.09,day_ahead
2025-10-20 00:45:00+00:00,50.59,day_ahead
2025-10-20 01:00:00+00:00,53.3,day_ahead
2025-10-20 01:15:00+00:00,51.59,day_ahead
2025-10-20 01:30:00+00:00,50.71,day_ahead
2025-10-20 01:45:00+00:00,52.71,day_ahead
2025-10-20 02:00:00+00:00,47.44,day_ahead
2025-10-20 02:15:00+00:00,50.22,day_ahead
2025-10-20 02:30:00+00:00,51.4,day_ahead
2025-10-20 02:45:00+00:00,59.74,day_ahead
2025-10-20 03:00:00+00:00,49.76,day_ahead
2025-10-20 03:15:00+00:00,64.31,day_ahead
2025-10-20 03:30:00+00:00,69.59,day_ahead
2025-10-20 03:45:00+00:00,72.27,day_ahead
2025-10-20 04:00:00+00:00,52.77,day_ahead
2025-10-20 04:15:00+00:00,80.52,day_ahead
2025-10-20 04:30:00+00:00,84.94,day_ahead
2025-10-20 04:45:00+00:00,77.29,day_ahead
2025-10-20 05:00:00+00:00,75.88,day_ahead
2025-10-20 05:15:00+00:00,82.58,day_ahead
2025-10-20 05:30:00+00:00,91.93,day_ahead
2025-10-20 05:45:00+00:00,103.67,day_ahead
2025-10-20 06:00:00+00:00,138.82,day_ahead
2025-10-20 06:15:00+00:00,129.59,day_ahead
2025-10-20 06:30:00+00:00,112.31,day_ahead
2025-10-20 06:45:00+00:00,95.22,day_ahead
2025-10-20 07:00:00+00:00,188.45,day_ahead
2025-10-20 07:15:00+00:00,125.26,day_ahead
2025-10-20 07:30:00+00:00,89.07,day_ahead
2025-10-20 07:45:00+00:00,73.37,day_ahead
2025-10-20 08:00:00+00:00,167.42,day_ahead
2025-10-20 08:15:00+00:00,92.1,day_ahead
2025-10-20 08:30:00+00:00,70.1,day_ahead
2025-10-20 08:45:00+00:00,62.38,day_ahead
2025-10-20 09:00:00+00:00,80.33,day_ahead
2025-10-20 09:15:00+00:00,72.12,day_ahead
2025-10-20 09:30:00+00:00,62.27,day_ahead
2025-10-20 09:45:00+00:00,60.9,day_ahead
2025-10-20 10:00:00+00:00,61.9,day_ahead
2025-10-20 10:15:00+00:00,57.28,day_ahead
2025-10-20 10:30:00+00:00,54.46,day_ahead
2025-10-20 10:45:00+00:00,57.34,day_ahead
2025-10-20 11:00:00+00:00,59.13,day_ahead
2025-10-20 11:15:00+00:00,60.55,day_ahead
2025-10-20 11:30:00+00:00,59.95,day_ahead
2025-10-20 11:45:00+00:00,61.48,day_ahead
2025-10-20 12:00:00+00:00,57.04,day_ahead
2025-10-20 12:15:00+00:00,62.01,day_ahead
2025-10-20 12:30:00+00:00,65.11,day_ahead
2025-10-20 12:45:00+00:00,78.05,day_ahead
2025-10-20 13:00:00+00:00,64.46,day_ahead
2025-10-20 13:15:00+00:00,73.6,day_ahead
2025-10-20 13:30:00+00:00,92.24,day_ahead
2025-10-20 13:45:00+00:00,104.72,day_ahead
2025-10-20 14:00:00+00:00,73.36,day_ahead
2025-10-20 14:15:00+00:00,88.96,day_ahead
2025-10-20 14:30:00+00:00,110.1,day_ahead
2025-10-20 14:45:00+00:00,132.92,day_ahead
2025-10-20 15:00:00+00:00,90.72,day_ahead
2025-10-20 15:15:00+00:00,108.53,day_ahead
2025-10-20 15:30:00+00:00,116.7,day_ahead
2025-10-20 15:45:00+00:00,126.06,day_ahead
2025-10-20 16:00:00+00:00,116.86,day_ahead
2025-10-20 16:15:00+00:00,119.44,day_ahead
2025-10-20 16:30:00+00:00,121.05,day_ahead
2025-10-20 16:45:00+00:00,108.88,day_ahead
2025-10-20 17:00:00+00:00,120.33,day_ahead
2025-10-20 17:15:00+00:00,104.75,day_ahead
2025-10-20 17:30:00+00:00,95.75,day_ahead
2025-10-20 17:45:00+00:00,86.59,day_ahead
2025-10-20 18:00:00+00:00,103.15,day_ahead
2025-10-20 18:15:00+00:00,80.39,day_ahead
2025-10-20 18:30:00+00:00,70.1,day_ahead
2025-10-20 18:45:00+00:00,67.22,day_ahead
2025-10-20 19:00:00+00:00,91.55,day_ahead
2025-10-20 19:15:00+00:00,86.92,day_ahead
2025-10-20 19:30:00+00:00,69.32,day_ahead
2025-10-20 19:45:00+00:00,54.34,day_ahead
2025-10-20 20:00:00+00:00,78.18,day_ahead
2025-10-20 20:15:00+00:00,64.57,day_ahead
2025-10-20 20:30:00+00:00,60.56,day_ahead
2025-10-20 20:45:00+00:00,50.18,day_ahead
2025-10-20 21:00:00+00:00,53.35,day_ahead
2025-10-20 21:15:00+00:00,56.81,day_ahead
2025-10-20 21:30:00+00:00,54.2,day_ahead
2025-10-20 21:45:00+00:00,39.64,day_ahead
2025-10-20 22:00:00+00:00,68.24,day_ahead
2025-10-20 22:15:00+00:00,54.7,day_ahead
2025-10-20 22:30:00+00:00,44.8,day_ahead
2025-10-20 22:45:00+00:00,37.62,day_ahead
2025-10-20 23:00:00+00:00,49.22,day_ahead
2025-10-20 23:15:00+00:00,42.08,day_ahead
2025-10-20 23:30:00+00:00,37.0,day_ahead
2025-10-20 23:45:00+00:00,23.07,day_ahead
2025-10-21 00:00:00+00:00,39.38,day_ahead
2025-10-21 00:15:00+00:00,28.23,day_ahead
2025-10-21 00:30:00+00:00,24.81,day_ahead
2025-10-21 00:45:00+00:00,15.0,day_ahead
2025-10-21 01:00:00+00:00,25.22,day_ahead
2025-10-21 01:15:00+00:00,17.52,day_ahead
2025-10-21 01:30:00+00:00,12.89,day_ahead
2025-10-21 01:45:00+00:00,12.37,day_ahead
2025-10-21 02:00:00+00:00,15.77,day_ahead
2025-10-21 02:15:00+00:00,16.49,day_ahead
2025-10-21 02:30:00+00:00,25.04,day_ahead
2025-10-21 02:45:00+00:00,25.23,day_ahead
2025-10-21 03:00:00+00:00,21.04,day_ahead
2025-10-21 03:15:00+00:00,38.03,day_ahead
2025-10-21 03:30:00+00:00,41.58,day_ahead
2025-10-21 03:45:00+00:00,54.49,day_ahead
2025-10-21 04:00:00+00:00,36.41,day_ahead
2025-10-21 04:15:00+00:00,68.19,day_ahead
2025-10-21 04:30:00+00:00,82.91,day_ahead
2025-10-21 04:45:00+00:00,83.1,day_ahead
2025-10-21 05:00:00+00:00,62.31,day_ahead
2025-10-21 05:15:00+00:00,83.79,day_ahead
2025-10-21 05:30:00+00:00,91.85,day_ahead
2025-10-21 05:45:00+00:00,83.76,day_ahead
2025-10-21 06:00:00+00:00,85.56,day_ahead
2025-10-21 06:15:00+00:00,91.4,day_ahead
2025-10-21 06:30:00+00:00,100.03,day_ahead
2025-10-21 06:45:00+00:00,95.41,day_ahead
2025-10-21 07:00:00+00:00,105.22,day_ahead
2025-10-21 07:15:00+00:00,88.78,day_ahead
2025-10-21 07:30:00+00:00,84.59,day_ahead
2025-10-21 07:45:00+00:00,69.41,day_ahead
2025-10-21 08:00:00+00:00,92.0,day_ahead
2025-10-21 08:15:00+00:00,84.06,day_ahead
2025-10-21 08:30:00+00:00,66.35,day_ahead
2025-10-21 08:45:00+00:00,54.67,day_ahead
2025-10-21 09:00:00+00:00,85.0,day_ahead
2025-10-21 09:15:00+00:00,72.91,day_ahead
2025-10-21 09:30:00+00:00,58.4,day_ahead
2025-10-21 09:45:00+00:00,44.14,day_ahead
2025-10-21 10:00:00+00:00,57.65,day_ahead
2025-10-21 10:15:00+00:00,52.32,day_ahead
2025-10-21 10:30:00+00:00,49.83,day_ahead
2025-10-21 10:45:00+00:00,30.02,day_ahead
2025-10-21 11:00:00+00:00,44.22,day_ahead
2025-10-21 11:15:00+00:00,35.42,day_ahead
2025-10-21 11:30:00+00:00,23.32,day_ahead
2025-10-21 11:45:00+00:00,18.73,day_ahead
2025-10-21 12:00:00+00:00,15.11,day_ahead
2025-10-21 12:15:00+00:00,26.61,day_ahead
2025-10-21 12:30:00+00:00,34.15,day_ahead
2025-10-21 12:45:00+00:00,51.52,day_ahead
2025-10-21 13:00:00+00:00,19.13,day_ahead
2025-10-21 13:15:00+00:00,44.4,day_ahead
2025-10-21 13:30:00+00:00,71.62,day_ahead
2025-10-21 13:45:00+00:00,87.41,day_ahead
2025-10-21 14:00:00+00:00,35.44,day_ahead
2025-10-21 14:15:00+00:00,53.42,day_ahead
2025-10-21 14:30:00+00:00,83.3,day_ahead
2025-10-21 14:45:00+00:00,98.95,day_ahead
2025-10-21 15:00:00+00:00,49.34,day_ahead
2025-10-21 15:15:00+00:00,87.45,day_ahead
2025-10-21 15:30:00+00:00,115.31,day_ahead
2025-10-21 15:45:00+00:00,135.3,day_ahead
2025-10-21 16:00:00+00:00,86.63,day_ahead
2025-10-21 16:15:00+00:00,110.62,day_ahead
2025-10-21 16:30:00+00:00,137.94,day_ahead
2025-10-21 16:45:00+00:00,142.43,day_ahead
2025-10-21 17:00:00+00:00,123.59,day_ahead
2025-10-21 17:15:00+00:00,129.36,day_ahead
2025-10-21 17:30:00+00:00,112.73,day_ahead
2025-10-21 17:45:00+00:00,100.96,day_ahead
2025-10-21 18:00:00+00:00,114.91,day_ahead
2025-10-21 18:15:00+00:00,102.69,day_ahead
2025-10-21 18:30:00+00:00,94.91,day_ahead
2025-10-21 18:45:00+00:00,87.5,day_ahead
2025-10-21 19:00:00+00:00,88.25,day_ahead
2025-10-21 19:15:00+00:00,78.76,day_ahead
2025-10-21 19:30:00+00:00,85.1,day_ahead
2025-10-21 19:45:00+00:00,69.27,day_ahead
2025-10-21 20:00:00+00:00,91.03,day_ahead
2025-10-21 20:15:00+00:00,80.51,day_ahead
2025-10-21 20:30:00+00:00,78.4,day_ahead
2025-10-21 20:45:00+00:00,71.11,day_ahead
2025-10-21 21:00:00+00:00,81.94,day_ahead
2025-10-21 21:15:00+00:00,75.79,day_ahead
2025-10-21 21:30:00+00:00,73.34,day_ahead
2025-10-21 21:45:00+00:00,61.74,day_ahead
2025-10-21 22:00:00+00:00,83.19,day_ahead
2025-10-21 22:15:00+00:00,82.26,day_ahead
2025-10-21 22:30:00+00:00,75.42,day_ahead
2025-10-21 22:45:00+00:00,72.83,day_ahead
2025-10-21 23:00:00+00:00,77.97,day_ahead
2025-10-21 23:15:00+00:00,77.21,day_ahead
2025-10-21 23:30:00+00:00,77.07,day_ahead
2025-10-21 23:45:00+00:00,74.22,day_ahead
2025-10-22 00:00:00+00:00,73.15,day_ahead
2025-10-22 00:15:00+00:00,72.88,day_ahead
2025-10-22 00:30:00+00:00,75.69,day_ahead
2025-10-22 00:45:00+00:00,76.8,day_ahead
2025-10-22 01:00:00+00:00,79.51,day_ahead
2025-10-22 01:15:00+00:00,78.47,day_ahead
2025-10-22 01:30:00+00:00,78.43,day_ahead
2025-10-22 01:45:00+00:00,75.46,day_ahead
2025-10-22 02:00:00+00:00,76.36,day_ahead
2025-10-22 02:15:00+00:00,78.12,day_ahead
2025-10-22 02:30:00+00:00,82.03,day_ahead
2025-10-22 02:45:00+00:00,82.78,day_ahead
2025-10-22 03:00:00+00:00,72.75,day_ahead
2025-10-22 03:15:00+00:00,77.59,day_ahead
2025-10-22 03:30:00+00:00,88.47,day_ahead
2025-10-22 03:45:00+00:00,87.35,day_ahead
2025-10-22 04:00:00+00:00,86.18,day_ahead
2025-10-22 04:15:00+00:00,87.71,day_ahead
2025-10-22 04:30:00+00:00,88.21,day_ahead
2025-10-22 04:45:00+00:00,91.08,day_ahead
2025-10-22 05:00:00+00:00,92.91,day_ahead
2025-10-22 05:15:00+00:00,98.68,day_ahead
2025-10-22 05:30:00+00:00,96.93,day_ahead
2025-10-22 05:45:00+00:00,85.62,day_ahead
2025-10-22 06:00:00+00:00,91.75,day_ahead
2025-10-22 06:15:00+00:00,120.41,day_ahead
2025-10-22 06:30:00+00:00,124.7,day_ahead
2025-10-22 06:45:00+00:00,107.71,day_ahead
2025-10-22 07:00:00+00:00,148.0,day_ahead
2025-10-22 07:15:00+00:00,137.38,day_ahead
2025-10-22 07:30:00+00:00,115.64,day_ahead
2025-10-22 07:45:00+00:00,97.16,day_ahead
2025-10-22 08:00:00+00:00,130.54,day_ahead
2025-10-22 08:15:00+00:00,97.3,day_ahead
2025-10-22 08:30:00+00:00,86.86,day_ahead
2025-10-22 08:45:00+00:00,85.73,day_ahead
2025-10-22 09:00:00+00:00,89.66,day_ahead
2025-10-22 09:15:00+00:00,85.84,day_ahead
2025-10-22 09:30:00+00:00,78.77,day_ahead
2025-10-22 09:45:00+00:00,73.92,day_ahead
2025-10-22 10:00:00+00:00,86.15,day_ahead
2025-10-22 10:15:00+00:00,77.74,day_ahead
2025-10-22 10:30:00+00:00,76.55,day_ahead
2025-10-22 10:45:00+00:00,73.99,day_ahead
2025-10-22 11:00:00+00:00,85.02,day_ahead
2025-10-22 11:15:00+00:00,76.79,day_ahead
2025-10-22 11:30:00+00:00,77.31,day_ahead
2025-10-22 11:45:00+00:00,75.13,day_ahead
2025-10-22 12:00:00+00:00,77.74,day_ahead
2025-10-22 12:15:00+00:00,83.36,day_ahead
2025-10-22 12:30:00+00:00,81.57,day_ahead
2025-10-22 12:45:00+00:00,93.72,day_ahead
2025-10-22 13:00:00+00:00,82.56,day_ahead
2025-10-22 13:15:00+00:00,91.83,day_ahead
2025-10-22 13:30:00+00:00,113.84,day_ahead
2025-10-22 13:45:00+00:00,129.97,day_ahead
2025-10-22 14:00:00+00:00,77.77,day_ahead
2025-10-22 14:15:00+00:00,101.46,day_ahead
2025-10-22 14:30:00+00:00,130.78,day_ahead
2025-10-22 14:45:00+00:00,184.73,day_ahead
2025-10-22 15:00:00+00:00,121.85,day_ahead
2025-10-22 15:15:00+00:00,147.52,day_ahead
2025-10-22 15:30:00+00:00,201.32,day_ahead
2025-10-22 15:45:00+00:00,258.92,day_ahead
2025-10-22 16:00:00+00:00,207.96,day_ahead
2025-10-22 16:15:00+00:00,253.13,day_ahead
2025-10-22 16:30:00+00:00,338.04,day_ahead
2025-10-22 16:45:00+00:00,353.26,day_ahead
2025-10-22 17:00:00+00:00,330.32,day_ahead
2025-10-22 17:15:00+00:00,305.02,day_ahead
2025-10-22 17:30:00+00:00,257.88,day_ahead
2025-10-22 17:45:00+00:00,219.0,day_ahead
2025-10-22 18:00:00+00:00,237.02,day_ahead
2025-10-22 18:15:00+00:00,178.93,day_ahead
2025-10-22 18:30:00+00:00,139.6,day_ahead
2025-10-22 18:45:00+00:00,126.72,day_ahead
2025-10-22 19:00:00+00:00,157.24,day_ahead
2025-10-22 19:15:00+00:00,125.61,day_ahead
2025-10-22 19:30:00+00:00,106.55,day_ahead
2025-10-22 19:45:00+00:00,91.58,day_ahead
2025-10-22 20:00:00+00:00,124.8,day_ahead
2025-10-22 20:15:00+00:00,111.79,day_ahead
2025-10-22 20:30:00+00:00,100.93,day_ahead
2025-10-22 20:45:00+00:00,93.28,day_ahead
2025-10-22 21:00:00+00:00,101.98,day_ahead
2025-10-22 21:15:00+00:00,97.05,day_ahead
2025-10-22 21:30:00+00:00,93.46,day_ahead
2025-10-22 21:45:00+00:00,84.68,day_ahead
2025-10-22 22:00:00+00:00,96.45,day_ahead
2025-10-22 22:15:00+00:00,97.24,day_ahead
2025-10-22 22:30:00+00:00,86.24,day_ahead
2025-10-22 22:45:00+00:00,77.16,day_ahead
2025-10-22 23:00:00+00:00,88.32,day_ahead
2025-10-22 23:15:00+00:00,86.19,day_ahead
2025-10-22 23:30:00+00:00,78.11,day_ahead
2025-10-22 23:45:00+00:00,74.91,day_ahead
2025-10-23 00:00:00+00:00,88.98,day_ahead
2025-10-23 00:15:00+00:00,81.9,day_ahead
2025-10-23 00:30:00+00:00,74.48,day_ahead
2025-10-23 00:45:00+00:00,71.7,day_ahead
2025-10-23 01:00:00+00:00,77.82,day_ahead
2025-10-23 01:15:00+00:00,72.77,day_ahead
2025-10-23 01:30:00+00:00,61.41,day_ahead
2025-10-23 01:45:00+00:00,52.86,day_ahead
2025-10-23 02:00:00+00:00,73.27,day_ahead
2025-10-23 02:15:00+00:00,66.32,day_ahead
2025-10-23 02:30:00+00:00,62.55,day_ahead
2025-10-23 02:45:00+00:00,59.53,day_ahead
2025-10-23 03:00:00+00:00,58.43,day_ahead
2025-10-23 03:15:00+00:00,58.99,day_ahead
2025-10-23 03:30:00+00:00,60.1,day_ahead
2025-10-23 03:45:00+00:00,63.65,day_ahead
2025-10-23 04:00:00+00:00,64.54,day_ahead
2025-10-23 04:15:00+00:00,74.02,day_ahead
2025-10-23 04:30:00+00:00,72.08,day_ahead
2025-10-23 04:45:00+00:00,78.36,day_ahead
2025-10-23 05:00:00+00:00,78.97,day_ahead
2025-10-23 05:15:00+00:00,84.38,day_ahead
2025-10-23 05:30:00+00:00,86.89,day_ahead
2025-10-23 05:45:00+00:00,89.76,day_ahead
2025-10-23 06:00:00+00:00,108.19,day_ahead
2025-10-23 06:15:00+00:00,110.67,day_ahead
2025-10-23 06:30:00+00:00,95.94,day_ahead
2025-10-23 06:45:00+00:00,114.36,day_ahead
2025-10-23 07:00:00+00:00,138.67,day_ahead
2025-10-23 07:15:00+00:00,95.7,day_ahead
2025-10-23 07:30:00+00:00,82.98,day_ahead
2025-10-23 07:45:00+00:00,69.58,day_ahead
2025-10-23 08:00:00+00:00,96.46,day_ahead
2025-10-23 08:15:00+00:00,84.9,day_ahead
2025-10-23 08:30:00+00:00,72.65,day_ahead
2025-10-23 08:45:00+00:00,65.92,day_ahead
2025-10-23 09:00:00+00:00,73.08,day_ahead
2025-10-23 09:15:00+00:00,68.65,day_ahead
2025-10-23 09:30:00+00:00,64.15,day_ahead
2025-10-23 09:45:00+00:00,62.51,day_ahead
2025-10-23 10:00:00+00:00,63.84,day_ahead
2025-10-23 10:15:00+00:00,62.01,day_ahead
2025-10-23 10:30:00+00:00,61.99,day_ahead
2025-10-23 10:45:00+00:00,57.21,day_ahead
2025-10-23 11:00:00+00:00,65.93,day_ahead
2025-10-23 11:15:00+00:00,63.99,day_ahead
2025-10-23 11:30:00+00:00,63.56,day_ahead
2025-10-23 11:45:00+00:00,62.94,day_ahead
2025-10-23 12:00:00+00:00,58.78,day_ahead
2025-10-23 12:15:00+00:00,63.02,day_ahead
2025-10-23 12:30:00+00:00,65.7,day_ahead
2025-10-23 12:45:00+00:00,68.28,day_ahead
2025-10-23 13:00:00+00:00,64.56,day_ahead
2025-10-23 13:15:00+00:00,68.74,day_ahead
2025-10-23 13:30:00+00:00,80.7,day_ahead
2025-10-23 13:45:00+00:00,123.0,day_ahead
2025-10-23 14:00:00+00:00,70.79,day_ahead
2025-10-23 14:15:00+00:00,75.76,day_ahead
2025-10-23 14:30:00+00:00,89.42,day_ahead
2025-10-23 14:45:00+00:00,121.79,day_ahead
2025-10-23 15:00:00+00:00,75.1,day_ahead
2025-10-23 15:15:00+00:00,86.0,day_ahead
2025-10-23 15:30:00+00:00,107.24,day_ahead
2025-10-23 15:45:00+00:00,174.94,day_ahead
2025-10-23 16:00:00+00:00,109.11,day_ahead
2025-10-23 16:30:00+00:00,115.13,day_ahead
2025-10-23 16:45:00+00:00,136.51,day_ahead
2025-10-23 17:00:00+00:00,135.19,day_ahead
2025-10-23 17:15:00+00:00,133.36,day_ahead
2025-10-23 17:30:00+00:00,108.97,day_ahead
2025-10-23 18:00:00+00:00,154.15,day_ahead
2025-10-23 18:15:00+00:00,89.49,day_ahead
2025-10-23 18:30:00+00:00,86.85,day_ahead
2025-10-23 18:45:00+00:00,77.51,day_ahead
2025-10-23 19:00:00+00:00,92.91,day_ahead
2025-10-23 19:15:00+00:00,90.1,day_ahead
2025-10-23 19:30:00+00:00,91.25,day_ahead
2025-10-23 19:45:00+00:00,80.51,day_ahead
2025-10-23 20:00:00+00:00,103.01,day_ahead
2025-10-23 20:15:00+00:00,84.53,day_ahead
2025-10-23 20:30:00+00:00,80.0,day_ahead
2025-10-23 20:45:00+00:00,80.1,day_ahead
2025-10-23 21:00:00+00:00,68.34,day_ahead
2025-10-23 21:15:00+00:00,61.36,day_ahead
2025-10-23 21:30:00+00:00,58.83,day_ahead
2025-10-23 21:45:00+00:00,51.78,day_ahead
2025-10-23 22:00:00+00:00,15.2,day_ahead
2025-10-23 22:15:00+00:00,19.4,day_ahead
2025-10-23 22:30:00+00:00,12.93,day_ahead
2025-10-23 22:45:00+00:00,9.05,day_ahead
2025-10-23 23:00:00+00:00,10.06,day_ahead
2025-10-23 23:15:00+00:00,6.76,day_ahead
2025-10-23 23:30:00+00:00,6.41,day_ahead
2025-10-23 23:45:00+00:00,4.38,day_ahead
2025-10-24 00:00:00+00:00,7.17,day_ahead
2025-10-24 00:15:00+00:00,3.93,day_ahead
2025-10-24 00:30:00+00:00,3.03,day_ahead
2025-10-24 00:45:00+00:00,2.41,day_ahead
2025-10-24 01:00:00+00:00,3.8,day_ahead
2025-10-24 01:15:00+00:00,0.1,day_ahead
2025-10-24 02:00:00+00:00,2.5,day_ahead
2025-10-24 02:15:00+00:00,1.34,day_ahead
2025-10-24 02:30:00+00:00,2.27,day_ahead
2025-10-24 02:45:00+00:00,2.52,day_ahead
2025-10-24 03:00:00+00:00,3.88,day_ahead
2025-10-24 03:15:00+00:00,4.41,day_ahead
2025-10-24 03:30:00+00:00,7.0,day_ahead
2025-10-24 03:45:00+00:00,11.88,day_ahead
2025-10-24 04:00:00+00:00,7.31,day_ahead
2025-10-24 04:15:00+00:00,17.08,day_ahead
2025-10-24 04:30:00+00:00,28.18,day_ahead
2025-10-24 04:45:00+00:00,40.54,day_ahead
2025-10-24 05:00:00+00:00,50.6,day_ahead
2025-10-24 05:15:00+00:00,58.24,day_ahead
2025-10-24 05:30:00+00:00,73.21,day_ahead
2025-10-24 05:45:00+00:00,79.63,day_ahead
2025-10-24 06:00:00+00:00,88.39,day_ahead
2025-10-24 06:15:00+00:00,91.69,day_ahead
2025-10-24 06:30:00+00:00,90.1,day_ahead
2025-10-24 06:45:00+00:00,85.2,day_ahead
2025-10-24 07:00:00+00:00,93.52,day_ahead
2025-10-24 07:15:00+00:00,84.49,day_ahead
2025-10-24 07:30:00+00:00,75.42,day_ahead
2025-10-24 07:45:00+00:00,66.17,day_ahead
2025-10-24 08:00:00+00:00,79.0,day_ahead
2025-10-24 08:15:00+00:00,66.31,day_ahead
2025-10-24 08:30:00+00:00,54.1,day_ahead
2025-10-24 08:45:00+00:00,41.52,day_ahead
2025-10-24 09:00:00+00:00,56.88,day_ahead
2025-10-24 09:15:00+00:00,46.13,day_ahead
2025-10-24 09:30:00+00:00,27.79,day_ahead
2025-10-24 09:45:00+00:00,23.36,day_ahead
2025-10-24 10:00:00+00:00,39.39,day_ahead
2025-10-24 10:15:00+00:00,17.68,day_ahead
2025-10-24 10:30:00+00:00,8.51,day_ahead
2025-10-24 10:45:00+00:00,2.92,day_ahead
2025-10-24 11:00:00+00:00,2.93,day_ahead
2025-10-24 11:15:00+00:00,1.9,day_ahead
2025-10-24 11:30:00+00:00,-0.04,day_ahead
2025-10-24 11:45:00+00:00,-0.36,day_ahead
2025-10-24 12:00:00+00:00,0.39,day_ahead
2025-10-24 12:15:00+00:00,0.35,day_ahead
2025-10-24 12:30:00+00:00,-0.01,day_ahead
2025-10-24 12:45:00+00:00,4.74,day_ahead
2025-10-24 13:00:00+00:00,0.01,day_ahead
2025-10-24 13:15:00+00:00,13.11,day_ahead
2025-10-24 13:30:00+00:00,24.64,day_ahead
2025-10-24 13:45:00+00:00,34.01,day_ahead
2025-10-24 14:00:00+00:00,10.41,day_ahead
2025-10-24 14:15:00+00:00,31.82,day_ahead
2025-10-24 14:30:00+00:00,50.22,day_ahead
2025-10-24 14:45:00+00:00,67.36,day_ahead
2025-10-24 15:00:00+00:00,49.82,day_ahead
2025-10-24 15:15:00+00:00,62.25,day_ahead
2025-10-24 15:30:00+00:00,71.24,day_ahead
2025-10-24 15:45:00+00:00,100.1,day_ahead
2025-10-24 16:00:00+00:00,73.93,day_ahead
2025-10-24 16:15:00+00:00,86.01,day_ahead
2025-10-24 16:30:00+00:00,90.77,day_ahead
2025-10-24 16:45:00+00:00,109.28,day_ahead
2025-10-24 17:00:00+00:00,100.32,day_ahead
2025-10-24 17:15:00+00:00,84.22,day_ahead
2025-10-24 17:30:00+00:00,79.56,day_ahead
2025-10-24 17:45:00+00:00,75.5,day_ahead
2025-10-24 18:00:00+00:00,78.97,day_ahead
2025-10-24 18:15:00+00:00,66.4,day_ahead
2025-10-24 18:30:00+00:00,52.53,day_ahead
2025-10-24 18:45:00+00:00,50.1,day_ahead
2025-10-24 19:00:00+00:00,63.81,day_ahead
2025-10-24 19:15:00+00:00,51.5,day_ahead
2025-10-24 19:30:00+00:00,36.69,day_ahead
2025-10-24 19:45:00+00:00,28.0,day_ahead
2025-10-24 20:00:00+00:00,36.41,day_ahead
2025-10-24 20:15:00+00:00,28.45,day_ahead
2025-10-24 20:30:00+00:00,30.82,day_ahead
2025-10-24 20:45:00+00:00,20.0,day_ahead
2025-10-24 21:00:00+00:00,23.2,day_ahead
2025-10-24 21:15:00+00:00,7.52,day_ahead
2025-10-24 21:30:00+00:00,5.27,day_ahead
2025-10-24 21:45:00+00:00,4.01,day_ahead
2025-10-24 22:00:00+00:00,3.26,day_ahead
2025-10-24 22:15:00+00:00,4.21,day_ahead
2025-10-24 22:30:00+00:00,2.73,day_ahead
2025-10-24 22:45:00+00:00,1.83,day_ahead
2025-10-24 23:00:00+00:00,0.89,day_ahead
2025-10-24 23:15:00+00:00,0.71,day_ahead
2025-10-24 23:30:00+00:00,-0.46,day_ahead
2025-10-24 23:45:00+00:00,-1.18,day_ahead
2025-10-25 00:00:00+00:00,2.28,day_ahead
2025-10-25 00:15:00+00:00,0.1,day_ahead
2025-10-25 00:30:00+00:00,-1.17,day_ahead
2025-10-25 00:45:00+00:00,-1.26,day_ahead
2025-10-25 01:00:00+00:00,0.0,day_ahead
2025-10-25 01:30:00+00:00,-0.01,day_ahead
2025-10-25 01:45:00+00:00,-0.8,day_ahead
2025-10-25 02:00:00+00:00,-0.29,day_ahead
2025-10-25 02:15:00+00:00,-0.77,day_ahead
2025-10-25 02:30:00+00:00,-0.72,day_ahead
2025-10-25 02:45:00+00:00,-0.26,day_ahead
2025-10-25 03:00:00+00:00,-1.1,day_ahead
2025-10-25 03:15:00+00:00,-0.66,day_ahead
2025-10-25 03:30:00+00:00,-0.14,day_ahead
2025-10-25 03:45:00+00:00,-0.1,day_ahead
2025-10-25 04:00:00+00:00,-0.56,day_ahead
2025-10-25 04:15:00+00:00,-0.86,day_ahead
2025-10-25 04:30:00+00:00,0.21,day_ahead
2025-10-25 04:45:00+00:00,1.17,day_ahead
2025-10-25 05:00:00+00:00,2.02,day_ahead
2025-10-25 05:15:00+00:00,2.18,day_ahead
2025-10-25 05:30:00+00:00,1.07,day_ahead
2025-10-25 05:45:00+00:00,0.53,day_ahead
2025-10-25 06:00:00+00:00,3.92,day_ahead
2025-10-25 06:15:00+00:00,3.91,day_ahead
2025-10-25 06:30:00+00:00,4.91,day_ahead
2025-10-25 06:45:00+00:00,5.71,day_ahead
2025-10-25 07:00:00+00:00,9.1,day_ahead
2025-10-25 07:15:00+00:00,8.83,day_ahead
2025-10-25 07:45:00+00:00,8.8,day_ahead
2025-10-25 08:00:00+00:00,8.86,day_ahead
2025-10-25 08:15:00+00:00,8.81,day_ahead
2025-10-25 08:30:00+00:00,8.13,day_ahead
2025-10-25 08:45:00+00:00,6.39,day_ahead
2025-10-25 09:00:00+00:00,8.61,day_ahead
2025-10-25 09:15:00+00:00,4.51,day_ahead
2025-10-25 09:30:00+00:00,5.98,day_ahead
2025-10-25 09:45:00+00:00,5.76,day_ahead
2025-10-25 10:00:00+00:00,5.36,day_ahead
2025-10-25 10:15:00+00:00,6.02,day_ahead
2025-10-25 10:30:00+00:00,7.57,day_ahead
2025-10-25 10:45:00+00:00,6.1,day_ahead
2025-10-25 11:00:00+00:00,5.47,day_ahead
2025-10-25 11:15:00+00:00,4.8,day_ahead
2025-10-25 11:30:00+00:00,4.3,day_ahead
2025-10-25 11:45:00+00:00,5.0,day_ahead
2025-10-25 12:00:00+00:00,1.64,day_ahead
2025-10-25 12:15:00+00:00,2.92,day_ahead
2025-10-25 12:30:00+00:00,5.24,day_ahead
2025-10-25 12:45:00+00:00,7.04,day_ahead
2025-10-25 13:00:00+00:00,1.93,day_ahead
2025-10-25 13:15:00+00:00,5.08,day_ahead
2025-10-25 13:30:00+00:00,5.33,day_ahead
2025-10-25 13:45:00+00:00,4.7,day_ahead
2025-10-25 14:00:00+00:00,4.27,day_ahead
2025-10-25 14:15:00+00:00,5.51,day_ahead
2025-10-25 14:30:00+00:00,5.14,day_ahead
2025-10-25 14:45:00+00:00,9.46,day_ahead
2025-10-25 15:00:00+00:00,12.32,day_ahead
2025-10-25 15:15:00+00:00,27.36,day_ahead
2025-10-25 15:30:00+00:00,33.95,day_ahead
2025-10-25 15:45:00+00:00,76.3,day_ahead
2025-10-25 16:00:00+00:00,52.0,day_ahead
2025-10-25 16:15:00+00:00,55.73,day_ahead
2025-10-25 16:30:00+00:00,64.27,day_ahead
2025-10-25 16:45:00+00:00,80.0,day_ahead
2025-10-25 17:00:00+00:00,78.29,day_ahead
2025-10-25 17:15:00+00:00,79.11,day_ahead
2025-10-25 17:30:00+00:00,70.1,day_ahead
2025-10-25 17:45:00+00:00,60.1,day_ahead
2025-10-25 18:00:00+00:00,77.2,day_ahead
2025-10-25 18:15:00+00:00,60.1,day_ahead
2025-10-25 18:30:00+00:00,46.55,day_ahead
2025-10-25 18:45:00+00:00,34.95,day_ahead
2025-10-25 19:00:00+00:00,51.97,day_ahead
2025-10-25 19:15:00+00:00,47.26,day_ahead
2025-10-25 19:30:00+00:00,40.1,day_ahead
2025-10-25 19:45:00+00:00,33.07,day_ahead
2025-10-25 20:00:00+00:00,32.96,day_ahead
2025-10-25 20:15:00+00:00,30.13,day_ahead
2025-10-25 20:30:00+00:00,31.31,day_ahead
2025-10-25 20:45:00+00:00,29.07,day_ahead
2025-10-25 21:00:00+00:00,20.0,day_ahead
2025-10-25 21:15:00+00:00,8.72,day_ahead
2025-10-25 21:30:00+00:00,7.47,day_ahead
2025-10-25 21:45:00+00:00,4.57,day_ahead
2025-10-25 22:00:00+00:00,36.37,day_ahead
2025-10-25 22:15:00+00:00,14.57,day_ahead
2025-10-25 22:30:00+00:00,4.62,day_ahead
2025-10-25 22:45:00+00:00,4.43,day_ahead
2025-10-25 23:00:00+00:00,4.24,day_ahead
2025-10-25 23:15:00+00:00,3.98,day_ahead
2025-10-25 23:30:00+00:00,3.75,day_ahead
2025-10-25 23:45:00+00:00,3.27,day_ahead
2025-10-26 00:00:00+00:00,3.99,day_ahead
2025-10-26 00:15:00+00:00,3.33,day_ahead
2025-10-26 00:30:00+00:00,3.04,day_ahead
2025-10-26 00:45:00+00:00,2.4,day_ahead
2025-10-26 01:00:00+00:00,2.89,day_ahead
2025-10-26 01:15:00+00:00,2.5,day_ahead
2025-10-26 01:30:00+00:00,2.14,day_ahead
2025-10-26 01:45:00+00:00,0.64,day_ahead
2025-10-26 02:00:00+00:00,1.23,day_ahead
2025-10-26 02:15:00+00:00,0.1,day_ahead
2025-10-26 02:30:00+00:00,0.2,day_ahead
2025-10-26 02:45:00+00:00,0.14,day_ahead
2025-10-26 03:00:00+00:00,0.23,day_ahead
2025-10-26 03:15:00+00:00,0.13,day_ahead
2025-10-26 03:30:00+00:00,0.1,day_ahead
2025-10-26 03:45:00+00:00,0.01,day_ahead
2025-10-26 04:00:00+00:00,0.12,day_ahead
2025-10-26 04:15:00+00:00,0.1,day_ahead
2025-10-26 05:00:00+00:00,0.04,day_ahead
2025-10-26 05:15:00+00:00,0.07,day_ahead
2025-10-26 05:30:00+00:00,0.34,day_ahead
2025-10-26 05:45:00+00:00,0.15,day_ahead
2025-10-26 06:00:00+00:00,2.38,day_ahead
2025-10-26 06:15:00+00:00,2.3,day_ahead
2025-10-26 06:30:00+00:00,2.38,day_ahead
2025-10-26 06:45:00+00:00,2.51,day_ahead
2025-10-26 07:00:00+00:00,4.3,day_ahead
2025-10-26 07:15:00+00:00,4.42,day_ahead
2025-10-26 07:30:00+00:00,4.44,day_ahead
2025-10-26 07:45:00+00:00,4.17,day_ahead
2025-10-26 08:00:00+00:00,4.56,day_ahead
2025-10-26 08:15:00+00:00,4.05,day_ahead
2025-10-26 08:30:00+00:00,3.7,day_ahead
2025-10-26 08:45:00+00:00,3.3,day_ahead
2025-10-26 09:00:00+00:00,2.97,day_ahead
2025-10-26 09:15:00+00:00,1.0,day_ahead
2025-10-26 09:30:00+00:00,0.94,day_ahead
2025-10-26 09:45:00+00:00,1.81,day_ahead
2025-10-26 10:00:00+00:00,0.54,day_ahead
2025-10-26 10:15:00+00:00,0.43,day_ahead
2025-10-26 10:30:00+00:00,0.24,day_ahead
2025-10-26 10:45:00+00:00,0.11,day_ahead
2025-10-26 11:00:00+00:00,0.39,day_ahead
2025-10-26 11:15:00+00:00,0.32,day_ahead
2025-10-26 11:30:00+00:00,0.33,day_ahead
2025-10-26 12:00:00+00:00,0.25,day_ahead
2025-10-26 12:15:00+00:00,0.3,day_ahead
2025-10-26 12:30:00+00:00,-0.17,day_ahead
2025-10-26 12:45:00+00:00,-0.1,day_ahead
2025-10-26 13:00:00+00:00,-0.06,day_ahead
2025-10-26 13:15:00+00:00,-1.03,day_ahead
2025-10-26 13:30:00+00:00,-1.04,day_ahead
2025-10-26 13:45:00+00:00,2.09,day_ahead
2025-10-26 14:00:00+00:00,-0.73,day_ahead
2025-10-26 14:15:00+00:00,0.31,day_ahead
2025-10-26 14:30:00+00:00,1.09,day_ahead
2025-10-26 14:45:00+00:00,12.33,day_ahead
2025-10-26 15:00:00+00:00,9.99,day_ahead
2025-10-26 15:15:00+00:00,20.01,day_ahead
2025-10-26 15:30:00+00:00,34.54,day_ahead
2025-10-26 15:45:00+00:00,47.33,day_ahead
2025-10-26 16:00:00+00:00,33.18,day_ahead
2025-10-26 16:15:00+00:00,44.29,day_ahead
2025-10-26 16:30:00+00:00,56.63,day_ahead
2025-10-26 16:45:00+00:00,85.14,day_ahead
2025-10-26 17:00:00+00:00,70.1,day_ahead
2025-10-26 17:15:00+00:00,95.03,day_ahead
2025-10-26 17:30:00+00:00,103.57,day_ahead
2025-10-26 17:45:00+00:00,89.68,day_ahead
2025-10-26 18:00:00+00:00,104.07,day_ahead
2025-10-26 18:15:00+00:00,71.81,day_ahead
2025-10-26 18:30:00+00:00,70.1,day_ahead
2025-10-26 18:45:00+00:00,54.15,day_ahead
2025-10-26 19:00:00+00:00,61.05,day_ahead
2025-10-26 19:15:00+00:00,47.96,day_ahead
2025-10-26 19:30:00+00:00,42.72,day_ahead
2025-10-26 19:45:00+00:00,37.12,day_ahead
2025-10-26 20:00:00+00:00,54.93,day_ahead
2025-10-26 20:15:00+00:00,50.04,day_ahead
2025-10-26 20:30:00+00:00,34.63,day_ahead
2025-10-26 20:45:00+00:00,20.0,day_ahead
2025-10-26 21:00:00+00:00,22.79,day_ahead
2025-10-26 21:15:00+00:00,19.59,day_ahead
2025-10-26 21:30:00+00:00,24.46,day_ahead
2025-10-26 21:45:00+00:00,12.76,day_ahead
2025-10-26 22:00:00+00:00,7.07,day_ahead
2025-10-26 22:15:00+00:00,9.13,day_ahead
2025-10-26 22:30:00+00:00,5.84,day_ahead
2025-10-26 22:45:00+00:00,3.7,day_ahead
2025-10-26 23:00:00+00:00,2.83,day_ahead
2025-10-26 23:15:00+00:00,1.77,day_ahead
2025-10-26 23:30:00+00:00,-0.35,day_ahead
2025-10-26 23:45:00+00:00,-0.38,day_ahead
2025-10-27 00:00:00+00:00,2.85,day_ahead
2025-10-27 00:15:00+00:00,0.29,day_ahead
2025-10-27 00:30:00+00:00,0.24,day_ahead
2025-10-27 00:45:00+00:00,0.26,day_ahead
2025-10-27 01:00:00+00:00,1.1,day_ahead
2025-10-27 01:15:00+00:00,1.43,day_ahead
2025-10-27 01:30:00+00:00,-0.57,day_ahead
2025-10-27 01:45:00+00:00,-2.0,day_ahead
2025-10-27 02:00:00+00:00,-0.37,day_ahead
2025-10-27 02:15:00+00:00,-0.43,day_ahead
2025-10-27 02:30:00+00:00,-0.45,day_ahead
2025-10-27 03:00:00+00:00,-0.48,day_ahead
2025-10-27 03:15:00+00:00,-1.49,day_ahead
2025-10-27 03:30:00+00:00,-0.6,day_ahead
2025-10-27 03:45:00+00:00,-0.7,day_ahead
2025-10-27 04:00:00+00:00,3.67,day_ahead
2025-10-27 04:15:00+00:00,0.61,day_ahead
2025-10-27 04:30:00+00:00,5.49,day_ahead
2025-10-27 04:45:00+00:00,17.47,day_ahead
2025-10-27 05:00:00+00:00,11.65,day_ahead
2025-10-27 05:15:00+00:00,30.58,day_ahead
2025-10-27 05:30:00+00:00,61.34,day_ahead
2025-10-27 05:45:00+00:00,91.79,day_ahead
2025-10-27 06:00:00+00:00,70.63,day_ahead
2025-10-27 06:15:00+00:00,85.5,day_ahead
2025-10-27 06:30:00+00:00,84.49,day_ahead
2025-10-27 06:45:00+00:00,83.22,day_ahead
2025-10-27 07:00:00+00:00,94.68,day_ahead
2025-10-27 07:15:00+00:00,94.39,day_ahead
2025-10-27 07:30:00+00:00,97.14,day_ahead
2025-10-27 07:45:00+00:00,90.29,day_ahead
2025-10-27 08:00:00+00:00,102.27,day_ahead
2025-10-27 08:15:00+00:00,100.38,day_ahead
2025-10-27 08:30:00+00:00,96.08,day_ahead
2025-10-27 08:45:00+00:00,80.79,day_ahead
2025-10-27 09:00:00+00:00,98.84,day_ahead
2025-10-27 09:15:00+00:00,91.77,day_ahead
2025-10-27 09:30:00+00:00,85.35,day_ahead
2025-10-27 09:45:00+00:00,78.46,day_ahead
2025-10-27 10:00:00+00:00,88.68,day_ahead
2025-10-27 10:15:00+00:00,86.4,day_ahead
2025-10-27 10:30:00+00:00,82.05,day_ahead
2025-10-27 10:45:00+00:00,78.27,day_ahead
2025-10-27 11:00:00+00:00,79.65,day_ahead
2025-10-27 11:15:00+00:00,70.72,day_ahead
2025-10-27 11:30:00+00:00,71.61,day_ahead
2025-10-27 11:45:00+00:00,71.2,day_ahead
2025-10-27 12:00:00+00:00,71.71,day_ahead
2025-10-27 12:15:00+00:00,70.85,day_ahead
2025-10-27 12:30:00+00:00,69.23,day_ahead
2025-10-27 12:45:00+00:00,68.21,day_ahead
2025-10-27 13:00:00+00:00,67.65,day_ahead
2025-10-27 13:15:00+00:00,67.69,day_ahead
2025-10-27 13:30:00+00:00,71.67,day_ahead
2025-10-27 13:45:00+00:00,78.99,day_ahead
2025-10-27 14:00:00+00:00,66.61,day_ahead
2025-10-27 14:15:00+00:00,68.18,day_ahead
2025-10-27 14:30:00+00:00,81.59,day_ahead
2025-10-27 14:45:00+00:00,93.52,day_ahead
2025-10-27 15:00:00+00:00,81.47,day_ahead
2025-10-27 15:15:00+00:00,90.05,day_ahead
2025-10-27 15:30:00+00:00,100.1,day_ahead
2025-10-27 15:45:00+00:00,129.11,day_ahead
2025-10-27 16:00:00+00:00,93.71,day_ahead
2025-10-27 16:15:00+00:00,103.71,day_ahead
2025-10-27 16:30:00+00:00,116.28,day_ahead
2025-10-27 16:45:00+00:00,125.58,day_ahead
2025-10-27 17:00:00+00:00,115.24,day_ahead
2025-10-27 17:15:00+00:00,120.57,day_ahead
2025-10-27 17:30:00+00:00,136.89,day_ahead
2025-10-27 17:45:00+00:00,136.28,day_ahead
2025-10-27 18:00:00+00:00,137.16,day_ahead
2025-10-27 18:15:00+00:00,124.95,day_ahead
2025-10-27 18:30:00+00:00,112.32,day_ahead
2025-10-27 18:45:00+00:00,104.33,day_ahead
2025-10-27 19:00:00+00:00,106.94,day_ahead
2025-10-27 19:15:00+00:00,108.95,day_ahead
2025-10-27 19:30:00+00:00,92.98,day_ahead
2025-10-27 19:45:00+00:00,75.46,day_ahead
2025-10-27 20:00:00+00:00,116.2,day_ahead
2025-10-27 20:15:00+00:00,88.27,day_ahead
2025-10-27 20:30:00+00:00,76.97,day_ahead
2025-10-27 20:45:00+00:00,78.57,day_ahead
2025-10-27 21:00:00+00:00,113.0,day_ahead
2025-10-27 21:15:00+00:00,86.16,day_ahead
2025-10-27 21:30:00+00:00,85.38,day_ahead
2025-10-27 21:45:00+00:00,73.11,day_ahead
2025-10-27 22:00:00+00:00,80.1,day_ahead
2025-10-27 22:15:00+00:00,76.03,day_ahead
2025-10-27 22:30:00+00:00,80.0,day_ahead
2025-10-27 23:00:00+00:00,77.0,day_ahead
2025-10-27 23:15:00+00:00,55.1,day_ahead
2025-10-27 23:30:00+00:00,51.82,day_ahead
2025-10-27 23:45:00+00:00,42.6,day_ahead
2025-10-28 00:00:00+00:00,42.59,day_ahead
2025-10-28 00:15:00+00:00,29.0,day_ahead
2025-10-28 00:30:00+00:00,26.18,day_ahead
2025-10-28 00:45:00+00:00,19.75,day_ahead
2025-10-28 01:00:00+00:00,25.0,day_ahead
2025-10-28 01:15:00+00:00,18.31,day_ahead
2025-10-28 01:30:00+00:00,17.68,day_ahead
2025-10-28 01:45:00+00:00,16.23,day_ahead
2025-10-28 02:00:00+00:00,12.6,day_ahead
2025-10-28 02:15:00+00:00,9.7,day_ahead
2025-10-28 02:30:00+00:00,8.4,day_ahead
2025-10-28 02:45:00+00:00,8.85,day_ahead
2025-10-28 03:00:00+00:00,4.38,day_ahead
2025-10-28 03:15:00+00:00,5.68,day_ahead
2025-10-28 03:30:00+00:00,11.45,day_ahead
2025-10-28 03:45:00+00:00,19.11,day_ahead
2025-10-28 04:00:00+00:00,12.9,day_ahead
2025-10-28 04:15:00+00:00,14.65,day_ahead
2025-10-28 04:30:00+00:00,37.85,day_ahead
2025-10-28 04:45:00+00:00,50.09,day_ahead
2025-10-28 05:00:00+00:00,22.72,day_ahead
2025-10-28 05:15:00+00:00,54.32,day_ahead
2025-10-28 05:30:00+00:00,72.22,day_ahead
2025-10-28 05:45:00+00:00,79.43,day_ahead
2025-10-28 06:00:00+00:00,79.32,day_ahead
2025-10-28 06:15:00+00:00,78.15,day_ahead
2025-10-28 06:30:00+00:00,75.17,day_ahead
2025-10-28 06:45:00+00:00,69.06,day_ahead
2025-10-28 07:00:00+00:00,98.46,day_ahead
2025-10-28 07:15:00+00:00,88.11,day_ahead
2025-10-28 07:30:00+00:00,83.08,day_ahead
2025-10-28 07:45:00+00:00,76.38,day_ahead
2025-10-28 08:00:00+00:00,98.48,day_ahead
2025-10-28 08:15:00+00:00,87.7,day_ahead
2025-10-28 08:30:00+00:00,82.04,day_ahead
2025-10-28 08:45:00+00:00,72.63,day_ahead
2025-10-28 09:00:00+00:00,88.79,day_ahead
2025-10-28 09:15:00+00:00,76.26,day_ahead
2025-10-28 09:30:00+00:00,73.16,day_ahead
2025-10-28 09:45:00+00:00,66.52,day_ahead
2025-10-28 10:00:00+00:00,74.14,day_ahead
2025-10-28 10:15:00+00:00,70.37,day_ahead
2025-10-28 10:30:00+00:00,67.8,day_ahead
2025-10-28 10:45:00+00:00,65.22,day_ahead
2025-10-28 11:00:00+00:00,67.49,day_ahead
2025-10-28 11:15:00+00:00,60.24,day_ahead
2025-10-28 11:30:00+00:00,61.57,day_ahead
2025-10-28 11:45:00+00:00,57.38,day_ahead
2025-10-28 12:00:00+00:00,59.7,day_ahead
2025-10-28 12:15:00+00:00,57.03,day_ahead
2025-10-28 12:30:00+00:00,50.91,day_ahead
2025-10-28 12:45:00+00:00,53.07,day_ahead
2025-10-28 13:00:00+00:00,47.19,day_ahead
2025-10-28 13:15:00+00:00,55.75,day_ahead
2025-10-28 13:30:00+00:00,62.52,day_ahead
2025-10-28 13:45:00+00:00,67.63,day_ahead
2025-10-28 14:00:00+00:00,42.83,day_ahead
2025-10-28 14:15:00+00:00,75.0,day_ahead
2025-10-28 14:30:00+00:00,80.0,day_ahead
2025-10-28 14:45:00+00:00,81.68,day_ahead
2025-10-28 15:00:00+00:00,68.12,day_ahead
2025-10-28 15:15:00+00:00,84.21,day_ahead
2025-10-28 15:30:00+00:00,79.43,day_ahead
2025-10-28 15:45:00+00:00,112.8,day_ahead
2025-10-28 16:00:00+00:00,79.94,day_ahead
2025-10-28 16:15:00+00:00,89.48,day_ahead
2025-10-28 16:30:00+00:00,105.5,day_ahead
2025-10-28 16:45:00+00:00,136.84,day_ahead
2025-10-28 17:00:00+00:00,108.82,day_ahead
2025-10-28 17:30:00+00:00,118.55,day_ahead
2025-10-28 17:45:00+00:00,150.53,day_ahead
2025-10-28 18:00:00+00:00,143.91,day_ahead
2025-10-28 18:15:00+00:00,108.95,day_ahead
2025-10-28 18:30:00+00:00,105.49,day_ahead
2025-10-28 18:45:00+00:00,101.25,day_ahead
2025-10-28 19:00:00+00:00,100.3,day_ahead
2025-10-28 19:15:00+00:00,92.97,day_ahead
2025-10-28 19:30:00+00:00,87.91,day_ahead
2025-10-28 19:45:00+00:00,86.35,day_ahead
2025-10-28 20:00:00+00:00,89.24,day_ahead
2025-10-28 20:15:00+00:00,85.88,day_ahead
2025-10-28 20:30:00+00:00,81.29,day_ahead
2025-10-28 20:45:00+00:00,75.39,day_ahead
2025-10-28 21:00:00+00:00,86.33,day_ahead
2025-10-28 21:15:00+00:00,79.4,day_ahead
2025-10-28 21:30:00+00:00,86.28,day_ahead
2025-10-28 21:45:00+00:00,84.09,day_ahead
2025-10-28 22:00:00+00:00,78.11,day_ahead
2025-10-28 22:15:00+00:00,73.49,day_ahead
2025-10-28 22:30:00+00:00,74.75,day_ahead
2025-10-28 22:45:00+00:00,67.18,day_ahead
2025-10-28 23:00:00+00:00,65.91,day_ahead
2025-10-28 23:15:00+00:00,64.26,day_ahead
2025-10-28 23:30:00+00:00,59.61,day_ahead
2025-10-28 23:45:00+00:00,54.82,day_ahead
2025-10-29 00:00:00+00:00,58.74,day_ahead
2025-10-29 00:15:00+00:00,56.79,day_ahead
2025-10-29 00:30:00+00:00,56.36,day_ahead
2025-10-29 00:45:00+00:00,54.91,day_ahead
2025-10-29 01:00:00+00:00,56.41,day_ahead
2025-10-29 01:15:00+00:00,55.91,day_ahead
2025-10-29 01:30:00+00:00,56.44,day_ahead
2025-10-29 01:45:00+00:00,56.01,day_ahead
2025-10-29 02:00:00+00:00,57.42,day_ahead
2025-10-29 02:15:00+00:00,57.67,day_ahead
2025-10-29 02:30:00+00:00,56.18,day_ahead
2025-10-29 02:45:00+00:00,51.96,day_ahead
2025-10-29 03:00:00+00:00,48.2,day_ahead
2025-10-29 03:15:00+00:00,50.59,day_ahead
2025-10-29 03:30:00+00:00,53.92,day_ahead
2025-10-29 03:45:00+00:00,57.67,day_ahead
2025-10-29 04:00:00+00:00,50.72,day_ahead
2025-10-29 04:15:00+00:00,56.93,day_ahead
2025-10-29 04:30:00+00:00,68.0,day_ahead
2025-10-29 04:45:00+00:00,77.98,day_ahead
2025-10-29 05:00:00+00:00,63.15,day_ahead
2025-10-29 05:15:00+00:00,86.34,day_ahead
2025-10-29 05:30:00+00:00,97.55,day_ahead
2025-10-29 05:45:00+00:00,125.73,day_ahead
2025-10-29 06:00:00+00:00,103.28,day_ahead
2025-10-29 06:15:00+00:00,110.33,day_ahead
2025-10-29 06:30:00+00:00,110.41,day_ahead
2025-10-29 06:45:00+00:00,103.96,day_ahead
2025-10-29 07:00:00+00:00,119.81,day_ahead
2025-10-29 07:15:00+00:00,108.57,day_ahead
2025-10-29 07:30:00+00:00,97.15,day_ahead
2025-10-29 07:45:00+00:00,75.0,day_ahead
2025-10-29 08:00:00+00:00,111.5,day_ahead
2025-10-29 08:15:00+00:00,91.25,day_ahead
2025-10-29 08:30:00+00:00,83.24,day_ahead
2025-10-29 08:45:00+00:00,76.77,day_ahead
2025-10-29 09:00:00+00:00,95.0,day_ahead
2025-10-29 09:15:00+00:00,83.02,day_ahead
2025-10-29 09:45:00+00:00,78.4,day_ahead
2025-10-29 10:00:00+00:00,97.18,day_ahead
2025-10-29 10:15:00+00:00,80.99,day_ahead
2025-10-29 10:30:00+00:00,79.58,day_ahead
2025-10-29 10:45:00+00:00,78.29,day_ahead
2025-10-29 11:00:00+00:00,92.29,day_ahead
2025-10-29 11:15:00+00:00,87.94,day_ahead
2025-10-29 11:30:00+00:00,83.22,day_ahead
2025-10-29 11:45:00+00:00,95.96,day_ahead
2025-10-29 12:00:00+00:00,76.62,day_ahead
2025-10-29 12:15:00+00:00,79.89,day_ahead
2025-10-29 12:30:00+00:00,75.64,day_ahead
2025-10-29 12:45:00+00:00,87.86,day_ahead
2025-10-29 13:00:00+00:00,60.03,day_ahead
2025-10-29 13:15:00+00:00,80.0,day_ahead
2025-10-29 13:30:00+00:00,100.2,day_ahead
2025-10-29 13:45:00+00:00,113.77,day_ahead
2025-10-29 14:00:00+00:00,94.89,day_ahead
2025-10-29 14:15:00+00:00,106.1,day_ahead
2025-10-29 14:30:00+00:00,122.36,day_ahead
2025-10-29 14:45:00+00:00,134.06,day_ahead
2025-10-29 15:00:00+00:00,112.99,day_ahead
2025-10-29 15:15:00+00:00,118.67,day_ahead
2025-10-29 15:30:00+00:00,120.1,day_ahead
2025-10-29 15:45:00+00:00,134.64,day_ahead
2025-10-29 16:00:00+00:00,123.94,day_ahead
2025-10-29 16:15:00+00:00,120.5,day_ahead
2025-10-29 16:30:00+00:00,130.3,day_ahead
2025-10-29 16:45:00+00:00,130.21,day_ahead
2025-10-29 17:00:00+00:00,123.28,day_ahead
2025-10-29 17:15:00+00:00,125.12,day_ahead
2025-10-29 17:30:00+00:00,132.92,day_ahead
2025-10-29 17:45:00+00:00,135.59,day_ahead
2025-10-29 18:00:00+00:00,129.0,day_ahead
2025-10-29 18:15:00+00:00,116.1,day_ahead
2025-10-29 18:30:00+00:00,112.66,day_ahead
2025-10-29 18:45:00+00:00,100.35,day_ahead
2025-10-29 19:00:00+00:00,109.68,day_ahead
2025-10-29 19:15:00+00:00,103.67,day_ahead
2025-10-29 19:30:00+00:00,99.29,day_ahead
2025-10-29 19:45:00+00:00,98.26,day_ahead
2025-10-29 20:00:00+00:00,102.2,day_ahead
2025-10-29 20:15:00+00:00,100.82,day_ahead
2025-10-29 20:30:00+00:00,95.14,day_ahead
2025-10-29 20:45:00+00:00,82.46,day_ahead
2025-10-29 21:00:00+00:00,100.86,day_ahead
2025-10-29 21:15:00+00:00,101.93,day_ahead
2025-10-29 21:30:00+00:00,87.72,day_ahead
2025-10-29 21:45:00+00:00,80.19,day_ahead
2025-10-29 22:00:00+00:00,93.62,day_ahead
2025-10-29 22:15:00+00:00,84.87,day_ahead
2025-10-29 22:30:00+00:00,84.53,day_ahead
2025-10-29 22:45:00+00:00,79.24,day_ahead
2025-10-29 23:00:00+00:00,82.46,day_ahead
2025-10-29 23:15:00+00:00,71.65,day_ahead
2025-10-29 23:30:00+00:00,64.73,day_ahead
2025-10-29 23:45:00+00:00,57.87,day_ahead
2025-10-30 00:00:00+00:00,73.24,day_ahead
2025-10-30 00:15:00+00:00,62.47,day_ahead
2025-10-30 00:30:00+00:00,63.49,day_ahead
2025-10-30 00:45:00+00:00,59.49,day_ahead
2025-10-30 01:00:00+00:00,63.45,day_ahead
2025-10-30 01:15:00+00:00,59.91,day_ahead
2025-10-30 01:30:00+00:00,61.23,day_ahead
2025-10-30 01:45:00+00:00,56.96,day_ahead
2025-10-30 02:00:00+00:00,61.99,day_ahead
2025-10-30 02:15:00+00:00,58.37,day_ahead
2025-10-30 02:30:00+00:00,54.75,day_ahead
2025-10-30 02:45:00+00:00,46.54,day_ahead
2025-10-30 03:00:00+00:00,55.58,day_ahead
2025-10-30 03:15:00+00:00,50.69,day_ahead
2025-10-30 03:30:00+00:00,52.64,day_ahead
2025-10-30 03:45:00+00:00,55.03,day_ahead
2025-10-30 04:00:00+00:00,52.89,day_ahead
2025-10-30 04:15:00+00:00,58.9,day_ahead
2025-10-30 04:30:00+00:00,60.02,day_ahead
2025-10-30 04:45:00+00:00,64.1,day_ahead
2025-10-30 05:00:00+00:00,58.57,day_ahead
2025-10-30 05:15:00+00:00,66.5,day_ahead
2025-10-30 05:30:00+00:00,72.19,day_ahead
2025-10-30 05:45:00+00:00,76.23,day_ahead
2025-10-30 06:00:00+00:00,70.49,day_ahead
2025-10-30 06:15:00+00:00,83.13,day_ahead
2025-10-30 06:30:00+00:00,90.54,day_ahead
2025-10-30 06:45:00+00:00,87.23,day_ahead
2025-10-30 07:00:00+00:00,132.58,day_ahead
2025-10-30 07:15:00+00:00,92.29,day_ahead
2025-10-30 07:30:00+00:00,90.1,day_ahead
2025-10-30 07:45:00+00:00,67.75,day_ahead
2025-10-30 08:00:00+00:00,109.62,day_ahead
2025-10-30 08:15:00+00:00,75.33,day_ahead
2025-10-30 08:30:00+00:00,60.1,day_ahead
2025-10-30 08:45:00+00:00,45.75,day_ahead
2025-10-30 09:00:00+00:00,77.57,day_ahead
2025-10-30 09:15:00+00:00,62.7,day_ahead
2025-10-30 09:30:00+00:00,39.95,day_ahead
2025-10-30 09:45:00+00:00,56.67,day_ahead
2025-10-30 10:00:00+00:00,53.11,day_ahead
2025-10-30 10:15:00+00:00,52.47,day_ahead
2025-10-30 10:30:00+00:00,51.31,day_ahead
2025-10-30 10:45:00+00:00,48.3,day_ahead
2025-10-30 11:00:00+00:00,48.1,day_ahead
2025-10-30 11:15:00+00:00,44.11,day_ahead
2025-10-30 11:30:00+00:00,43.16,day_ahead
2025-10-30 11:45:00+00:00,42.2,day_ahead
2025-10-30 12:00:00+00:00,43.1,day_ahead
2025-10-30 12:15:00+00:00,45.52,day_ahead
2025-10-30 12:30:00+00:00,40.67,day_ahead
2025-10-30 12:45:00+00:00,77.02,day_ahead
2025-10-30 13:00:00+00:00,37.28,day_ahead
2025-10-30 13:15:00+00:00,30.7,day_ahead
2025-10-30 13:30:00+00:00,80.97,day_ahead
2025-10-30 13:45:00+00:00,171.05,day_ahead
2025-10-30 14:00:00+00:00,22.72,day_ahead
2025-10-30 14:15:00+00:00,72.78,day_ahead
2025-10-30 14:30:00+00:00,129.0,day_ahead
2025-10-30 14:45:00+00:00,166.31,day_ahead
2025-10-30 15:00:00+00:00,45.65,day_ahead
2025-10-30 15:15:00+00:00,77.1,day_ahead
2025-10-30 15:30:00+00:00,122.69,day_ahead
2025-10-30 15:45:00+00:00,206.22,day_ahead
2025-10-30 16:00:00+00:00,103.38,day_ahead
2025-10-30 16:15:00+00:00,111.58,day_ahead
2025-10-30 16:30:00+00:00,120.9,day_ahead
2025-10-30 16:45:00+00:00,130.73,day_ahead
2025-10-30 17:00:00+00:00,115.89,day_ahead
2025-10-30 17:15:00+00:00,117.19,day_ahead
2025-10-30 17:30:00+00:00,119.13,day_ahead
2025-10-30 17:45:00+00:00,119.34,day_ahead
2025-10-30 18:00:00+00:00,121.32,day_ahead
2025-10-30 18:15:00+00:00,118.89,day_ahead
2025-10-30 18:30:00+00:00,113.39,day_ahead
2025-10-30 18:45:00+00:00,102.36,day_ahead
2025-10-30 19:00:00+00:00,118.19,day_ahead
2025-10-30 19:15:00+00:00,100.09,day_ahead
2025-10-30 19:30:00+00:00,102.27,day_ahead
2025-10-30 19:45:00+00:00,85.43,day_ahead
2025-10-30 20:00:00+00:00,102.32,day_ahead
2025-10-30 20:15:00+00:00,95.83,day_ahead
2025-10-30 20:30:00+00:00,89.04,day_ahead
2025-10-30 20:45:00+00:00,74.99,day_ahead
2025-10-30 21:00:00+00:00,96.19,day_ahead
2025-10-30 21:15:00+00:00,90.63,day_ahead
2025-10-30 21:30:00+00:00,94.5,day_ahead
2025-10-30 21:45:00+00:00,80.24,day_ahead
2025-10-30 22:00:00+00:00,94.67,day_ahead
2025-10-30 22:15:00+00:00,80.43,day_ahead
2025-10-30 22:30:00+00:00,71.91,day_ahead
2025-10-30 22:45:00+00:00,57.0,day_ahead
2025-10-30 23:00:00+00:00,92.09,day_ahead
2025-10-30 23:15:00+00:00,79.11,day_ahead
2025-10-30 23:30:00+00:00,71.17,day_ahead
2025-10-30 23:45:00+00:00,66.04,day_ahead
2025-10-31 00:00:00+00:00,77.21,day_ahead
2025-10-31 00:15:00+00:00,71.98,day_ahead
2025-10-31 00:30:00+00:00,65.31,day_ahead
2025-10-31 00:45:00+00:00,60.46,day_ahead
2025-10-31 01:00:00+00:00,71.71,day_ahead
2025-10-31 01:15:00+00:00,65.03,day_ahead
2025-10-31 01:30:00+00:00,64.58,day_ahead
2025-10-31 01:45:00+00:00,63.59,day_ahead
2025-10-31 02:00:00+00:00,63.08,day_ahead
2025-10-31 02:15:00+00:00,64.41,day_ahead
2025-10-31 02:30:00+00:00,68.28,day_ahead
2025-10-31 02:45:00+00:00,69.63,day_ahead
2025-10-31 03:00:00+00:00,63.1,day_ahead
2025-10-31 03:15:00+00:00,65.55,day_ahead
2025-10-31 03:30:00+00:00,75.78,day_ahead
2025-10-31 03:45:00+00:00,73.98,day_ahead
2025-10-31 04:00:00+00:00,72.55,day_ahead
2025-10-31 04:15:00+00:00,74.36,day_ahead
2025-10-31 04:30:00+00:00,85.6,day_ahead
2025-10-31 04:45:00+00:00,87.48,day_ahead
2025-10-31 05:00:00+00:00,90.64,day_ahead
2025-10-31 05:15:00+00:00,107.18,day_ahead
2025-10-31 05:30:00+00:00,115.13,day_ahead
2025-10-31 05:45:00+00:00,113.22,day_ahead
2025-10-31 06:00:00+00:00,115.51,day_ahead
2025-10-31 06:15:00+00:00,115.33,day_ahead
2025-10-31 06:30:00+00:00,104.33,day_ahead
2025-10-31 06:45:00+00:00,92.02,day_ahead
2025-10-31 07:00:00+00:00,121.24,day_ahead
2025-10-31 07:15:00+00:00,105.19,day_ahead
2025-10-31 07:30:00+00:00,87.95,day_ahead
2025-10-31 07:45:00+00:00,76.2,day_ahead
2025-10-31 08:00:00+00:00,96.77,day_ahead
2025-10-31 08:15:00+00:00,81.81,day_ahead
2025-10-31 08:30:00+00:00,80.1,day_ahead
2025-10-31 08:45:00+00:00,66.23,day_ahead
2025-10-31 09:00:00+00:00,87.25,day_ahead
2025-10-31 09:15:00+00:00,77.75,day_ahead
2025-10-31 09:30:00+00:00,72.39,day_ahead
2025-10-31 09:45:00+00:00,70.08,day_ahead
2025-10-31 10:00:00+00:00,74.17,day_ahead
2025-10-31 10:15:00+00:00,70.34,day_ahead
2025-10-31 10:30:00+00:00,70.09,day_ahead
2025-10-31 10:45:00+00:00,70.01,day_ahead
2025-10-31 11:00:00+00:00,69.4,day_ahead
2025-10-31 11:15:00+00:00,70.76,day_ahead
2025-10-31 11:30:00+00:00,72.65,day_ahead
2025-10-31 11:45:00+00:00,77.48,day_ahead
2025-10-31 12:00:00+00:00,69.28,day_ahead
2025-10-31 12:15:00+00:00,70.31,day_ahead
2025-10-31 12:30:00+00:00,74.51,day_ahead
2025-10-31 12:45:00+00:00,83.94,day_ahead
2025-10-31 13:00:00+00:00,69.4,day_ahead
2025-10-31 13:15:00+00:00,86.49,day_ahead
2025-10-31 13:30:00+00:00,100.0,day_ahead
2025-10-31 13:45:00+00:00,113.96,day_ahead
2025-10-31 14:00:00+00:00,94.52,day_ahead
2025-10-31 14:15:00+00:00,109.18,day_ahead
2025-10-31 14:30:00+00:00,122.88,day_ahead
2025-10-31 14:45:00+00:00,124.39,day_ahead
2025-10-31 15:00:00+00:00,115.95,day_ahead
2025-10-31 15:15:00+00:00,117.2,day_ahead
2025-10-31 15:30:00+00:00,117.43,day_ahead
2025-10-31 15:45:00+00:00,114.6,day_ahead
2025-10-31 16:00:00+00:00,120.1,day_ahead
2025-10-31 16:15:00+00:00,113.54,day_ahead
2025-10-31 16:30:00+00:00,112.27,day_ahead
2025-10-31 16:45:00+00:00,95.49,day_ahead
2025-10-31 17:00:00+00:00,116.14,day_ahead
2025-10-31 17:15:00+00:00,102.95,day_ahead
2025-10-31 17:30:00+00:00,94.1,day_ahead
2025-10-31 17:45:00+00:00,82.06,day_ahead
2025-10-31 18:00:00+00:00,90.1,day_ahead
2025-10-31 18:15:00+00:00,76.43,day_ahead
2025-10-31 18:30:00+00:00,87.0,day_ahead
2025-10-31 18:45:00+00:00,78.54,day_ahead
2025-10-31 19:00:00+00:00,87.61,day_ahead
2025-10-31 19:15:00+00:00,82.42,day_ahead
2025-10-31 19:30:00+00:00,72.63,day_ahead
2025-10-31 19:45:00+00:00,64.18,day_ahead
2025-10-31 20:00:00+00:00,86.37,day_ahead
2025-10-31 20:15:00+00:00,80.99,day_ahead
2025-10-31 20:30:00+00:00,73.31,day_ahead
2025-10-31 20:45:00+00:00,65.79,day_ahead
2025-10-31 21:00:00+00:00,81.82,day_ahead
2025-10-31 21:15:00+00:00,74.0,day_ahead
2025-10-31 21:30:00+00:00,72.57,day_ahead
2025-10-31 21:45:00+00:00,63.72,day_ahead
2025-10-31 22:00:00+00:00,84.11,day_ahead
2025-10-31 22:15:00+00:00,63.83,day_ahead
2025-10-31 22:30:00+00:00,49.97,day_ahead
2025-10-31 22:45:00+00:00,36.1,day_ahead
2025-10-31 23:00:00+00:00,59.51,day_ahead
2025-10-31 23:15:00+00:00,50.26,day_ahead
2025-10-31 23:30:00+00:00,47.66,day_ahead
2025-10-31 23:45:00+00:00,43.74,day_ahead
2025-11-01 00:00:00+00:00,46.58,day_ahead
2025-11-01 00:15:00+00:00,38.66,day_ahead
2025-11-01 00:30:00+00:00,26.75,day_ahead
2025-11-01 00:45:00+00:00,18.35,day_ahead
2025-11-01 01:00:00+00:00,22.61,day_ahead
2025-11-01 01:15:00+00:00,18.0,day_ahead
2025-11-01 01:30:00+00:00,27.2,day_ahead
2025-11-01 01:45:00+00:00,20.0,day_ahead
2025-11-01 02:00:00+00:00,26.9,day_ahead
2025-11-01 02:15:00+00:00,18.56,day_ahead
2025-11-01 02:30:00+00:00,15.03,day_ahead
2025-11-01 02:45:00+00:00,12.66,day_ahead
2025-11-01 03:00:00+00:00,17.09,day_ahead
2025-11-01 03:15:00+00:00,15.98,day_ahead
2025-11-01 03:30:00+00:00,14.2,day_ahead
2025-11-01 03:45:00+00:00,11.85,day_ahead
2025-11-01 04:00:00+00:00,7.58,day_ahead
2025-11-01 04:15:00+00:00,10.13,day_ahead
2025-11-01 04:30:00+00:00,5.66,day_ahead
2025-11-01 04:45:00+00:00,5.7,day_ahead
2025-11-01 05:00:00+00:00,10.33,day_ahead
2025-11-01 05:15:00+00:00,7.17,day_ahead
2025-11-01 05:30:00+00:00,7.81,day_ahead
2025-11-01 05:45:00+00:00,6.73,day_ahead
2025-11-01 06:00:00+00:00,13.5,day_ahead
2025-11-01 06:15:00+00:00,11.12,day_ahead
2025-11-01 06:30:00+00:00,12.99,day_ahead
2025-11-01 06:45:00+00:00,18.99,day_ahead
2025-11-01 07:00:00+00:00,41.14,day_ahead
2025-11-01 07:15:00+00:00,34.19,day_ahead
2025-11-01 07:30:00+00:00,20.34,day_ahead
2025-11-01 07:45:00+00:00,14.4,day_ahead
2025-11-01 08:00:00+00:00,43.65,day_ahead
2025-11-01 08:15:00+00:00,28.52,day_ahead
2025-11-01 08:30:00+00:00,19.59,day_ahead
2025-11-01 08:45:00+00:00,13.04,day_ahead
2025-11-01 09:00:00+00:00,23.72,day_ahead
2025-11-01 09:15:00+00:00,18.08,day_ahead
2025-11-01 09:30:00+00:00,16.4,day_ahead
2025-11-01 09:45:00+00:00,15.0,day_ahead
2025-11-01 10:15:00+00:00,15.06,day_ahead
2025-11-01 10:30:00+00:00,15.0,day_ahead
2025-11-01 10:45:00+00:00,17.97,day_ahead
2025-11-01 11:00:00+00:00,14.85,day_ahead
2025-11-01 11:15:00+00:00,18.0,day_ahead
2025-11-01 11:30:00+00:00,24.78,day_ahead
2025-11-01 11:45:00+00:00,26.43,day_ahead
2025-11-01 12:00:00+00:00,20.25,day_ahead
2025-11-01 12:15:00+00:00,25.49,day_ahead
2025-11-01 12:30:00+00:00,39.01,day_ahead
2025-11-01 12:45:00+00:00,39.78,day_ahead
2025-11-01 13:00:00+00:00,40.13,day_ahead
2025-11-01 13:15:00+00:00,50.0,day_ahead
2025-11-01 13:30:00+00:00,51.02,day_ahead
2025-11-01 13:45:00+00:00,52.48,day_ahead
2025-11-01 14:00:00+00:00,44.11,day_ahead
2025-11-01 14:15:00+00:00,52.95,day_ahead
2025-11-01 14:30:00+00:00,59.08,day_ahead
2025-11-01 14:45:00+00:00,64.6,day_ahead
2025-11-01 15:00:00+00:00,57.76,day_ahead
2025-11-01 15:15:00+00:00,69.08,day_ahead
2025-11-01 15:30:00+00:00,78.04,day_ahead
2025-11-01 15:45:00+00:00,81.03,day_ahead
2025-11-01 16:00:00+00:00,77.81,day_ahead
2025-11-01 16:15:00+00:00,82.99,day_ahead
2025-11-01 16:30:00+00:00,87.19,day_ahead
2025-11-01 16:45:00+00:00,87.48,day_ahead
2025-11-01 17:00:00+00:00,86.04,day_ahead
2025-11-01 17:15:00+00:00,89.44,day_ahead
2025-11-01 17:30:00+00:00,90.95,day_ahead
2025-11-01 17:45:00+00:00,86.11,day_ahead
2025-11-01 18:00:00+00:00,85.42,day_ahead
2025-11-01 18:15:00+00:00,88.2,day_ahead
2025-11-01 18:30:00+00:00,84.38,day_ahead
2025-11-01 18:45:00+00:00,80.64,day_ahead
2025-11-01 19:00:00+00:00,83.92,day_ahead
2025-11-01 19:15:00+00:00,85.34,day_ahead
2025-11-01 19:30:00+00:00,78.59,day_ahead
2025-11-01 19:45:00+00:00,69.03,day_ahead
2025-11-01 20:00:00+00:00,79.0,day_ahead
2025-11-01 20:15:00+00:00,77.3,day_ahead
2025-11-01 20:30:00+00:00,73.07,day_ahead
2025-11-01 20:45:00+00:00,70.96,day_ahead
2025-11-01 21:00:00+00:00,77.45,day_ahead
2025-11-01 21:15:00+00:00,80.0,day_ahead
2025-11-01 21:30:00+00:00,80.52,day_ahead
2025-11-01 21:45:00+00:00,71.23,day_ahead
2025-11-01 22:00:00+00:00,80.59,day_ahead
2025-11-01 22:15:00+00:00,75.15,day_ahead
2025-11-01 22:30:00+00:00,70.12,day_ahead
2025-11-01 22:45:00+00:00,65.43,day_ahead
2025-11-01 23:00:00+00:00,52.12,day_ahead
2025-11-01 23:15:00+00:00,61.9,day_ahead
2025-11-01 23:30:00+00:00,56.67,day_ahead
2025-11-01 23:45:00+00:00,55.08,day_ahead
2025-11-02 00:00:00+00:00,56.58,day_ahead
2025-11-02 00:15:00+00:00,53.66,day_ahead
2025-11-02 00:30:00+00:00,53.07,day_ahead
2025-11-02 00:45:00+00:00,51.98,day_ahead
2025-11-02 01:00:00+00:00,55.2,day_ahead
2025-11-02 01:15:00+00:00,53.12,day_ahead
2025-11-02 01:30:00+00:00,53.51,day_ahead
2025-11-02 01:45:00+00:00,52.42,day_ahead
2025-11-02 02:00:00+00:00,55.28,day_ahead
2025-11-02 02:15:00+00:00,54.09,day_ahead
2025-11-02 02:30:00+00:00,56.11,day_ahead
2025-11-02 02:45:00+00:00,53.73,day_ahead
2025-11-02 03:00:00+00:00,54.46,day_ahead
2025-11-02 03:15:00+00:00,55.88,day_ahead
2025-11-02 03:30:00+00:00,56.92,day_ahead
2025-11-02 03:45:00+00:00,64.51,day_ahead
2025-11-02 04:00:00+00:00,58.6,day_ahead
2025-11-02 04:15:00+00:00,64.24,day_ahead
2025-11-02 04:30:00+00:00,55.94,day_ahead
2025-11-02 04:45:00+00:00,60.61,day_ahead
2025-11-02 05:00:00+00:00,54.83,day_ahead
2025-11-02 05:15:00+00:00,60.95,day_ahead
2025-11-02 05:30:00+00:00,64.37,day_ahead
2025-11-02 05:45:00+00:00,67.86,day_ahead
2025-11-02 06:00:00+00:00,67.57,day_ahead
2025-11-02 06:15:00+00:00,64.43,day_ahead
2025-11-02 06:30:00+00:00,64.7,day_ahead
2025-11-02 06:45:00+00:00,64.8,day_ahead
2025-11-02 07:00:00+00:00,73.97,day_ahead
2025-11-02 07:15:00+00:00,70.79,day_ahead
2025-11-02 07:30:00+00:00,63.9,day_ahead
2025-11-02 07:45:00+00:00,63.02,day_ahead
2025-11-02 08:00:00+00:00,78.97,day_ahead
2025-11-02 08:15:00+00:00,66.7,day_ahead
2025-11-02 08:30:00+00:00,65.31,day_ahead
2025-11-02 08:45:00+00:00,58.61,day_ahead
2025-11-02 09:00:00+00:00,72.61,day_ahead
2025-11-02 09:15:00+00:00,66.62,day_ahead
2025-11-02 09:30:00+00:00,62.95,day_ahead
2025-11-02 09:45:00+00:00,60.21,day_ahead
2025-11-02 10:00:00+00:00,66.0,day_ahead
2025-11-02 10:15:00+00:00,64.8,day_ahead
2025-11-02 10:30:00+00:00,63.99,day_ahead
2025-11-02 10:45:00+00:00,63.54,day_ahead
2025-11-02 11:00:00+00:00,63.99,day_ahead
2025-11-02 11:15:00+00:00,63.75,day_ahead
2025-11-02 11:30:00+00:00,65.45,day_ahead
2025-11-02 11:45:00+00:00,69.5,day_ahead
2025-11-02 12:00:00+00:00,65.22,day_ahead
2025-11-02 12:15:00+00:00,66.0,day_ahead
2025-11-02 12:30:00+00:00,70.21,day_ahead
2025-11-02 12:45:00+00:00,74.16,day_ahead
2025-11-02 13:00:00+00:00,67.78,day_ahead
2025-11-02 13:15:00+00:00,72.01,day_ahead
2025-11-02 13:30:00+00:00,79.02,day_ahead
2025-11-02 13:45:00+00:00,84.6,day_ahead
2025-11-02 14:00:00+00:00,78.0,day_ahead
2025-11-02 14:15:00+00:00,87.48,day_ahead
2025-11-02 14:30:00+00:00,92.82,day_ahead
2025-11-02 14:45:00+00:00,106.91,day_ahead
2025-11-02 15:00:00+00:00,85.62,day_ahead
2025-11-02 15:15:00+00:00,93.82,day_ahead
2025-11-02 15:30:00+00:00,100.54,day_ahead
2025-11-02 15:45:00+00:00,113.92,day_ahead
2025-11-02 16:00:00+00:00,100.99,day_ahead
2025-11-02 16:15:00+00:00,113.87,day_ahead
2025-11-02 16:30:00+00:00,125.51,day_ahead
2025-11-02 16:45:00+00:00,129.74,day_ahead
2025-11-02 17:00:00+00:00,127.74,day_ahead
2025-11-02 17:15:00+00:00,127.34,day_ahead
2025-11-02 17:30:00+00:00,120.98,day_ahead
2025-11-02 17:45:00+00:00,112.92,day_ahead
2025-11-02 18:00:00+00:00,119.2,day_ahead
2025-11-02 18:15:00+00:00,115.37,day_ahead
2025-11-02 18:30:00+00:00,100.72,day_ahead
2025-11-02 18:45:00+00:00,87.13,day_ahead
2025-11-02 19:00:00+00:00,98.49,day_ahead
2025-11-02 19:15:00+00:00,101.0,day_ahead
2025-11-02 19:30:00+00:00,85.06,day_ahead
2025-11-02 19:45:00+00:00,76.49,day_ahead
2025-11-02 20:00:00+00:00,90.63,day_ahead
2025-11-02 20:15:00+00:00,83.5,day_ahead
2025-11-02 20:30:00+00:00,83.58,day_ahead
2025-11-02 20:45:00+00:00,82.29,day_ahead
2025-11-02 21:00:00+00:00,85.68,day_ahead
2025-11-02 21:15:00+00:00,85.97,day_ahead
2025-11-02 21:30:00+00:00,88.51,day_ahead
2025-11-02 21:45:00+00:00,77.98,day_ahead
2025-11-02 22:00:00+00:00,92.46,day_ahead
2025-11-02 22:15:00+00:00,76.94,day_ahead
2025-11-02 22:30:00+00:00,78.55,day_ahead
2025-11-02 22:45:00+00:00,64.91,day_ahead
2025-11-02 23:00:00+00:00,83.49,day_ahead
2025-11-02 23:15:00+00:00,81.78,day_ahead
2025-11-02 23:30:00+00:00,79.63,day_ahead
2025-11-02 23:45:00+00:00,67.63,day_ahead
2025-11-03 00:00:00+00:00,80.0,day_ahead
2025-11-03 00:15:00+00:00,76.72,day_ahead
2025-11-03 00:30:00+00:00,70.51,day_ahead
2025-11-03 00:45:00+00:00,67.65,day_ahead
2025-11-03 01:00:00+00:00,80.77,day_ahead
2025-11-03 01:15:00+00:00,69.99,day_ahead
2025-11-03 01:30:00+00:00,66.99,day_ahead
2025-11-03 01:45:00+00:00,61.52,day_ahead
2025-11-03 02:00:00+00:00,67.56,day_ahead
2025-11-03 02:15:00+00:00,65.37,day_ahead
2025-11-03 02:30:00+00:00,65.96,day_ahead
2025-11-03 02:45:00+00:00,66.68,day_ahead
2025-11-03 03:00:00+00:00,67.0,day_ahead
2025-11-03 03:15:00+00:00,65.84,day_ahead
2025-11-03 03:30:00+00:00,68.38,day_ahead
2025-11-03 03:45:00+00:00,69.11,day_ahead
2025-11-03 04:00:00+00:00,65.93,day_ahead
2025-11-03 04:15:00+00:00,69.15,day_ahead
2025-11-03 04:30:00+00:00,73.56,day_ahead
2025-11-03 04:45:00+00:00,67.8,day_ahead
2025-11-03 05:00:00+00:00,66.45,day_ahead
2025-11-03 05:15:00+00:00,83.15,day_ahead
2025-11-03 05:30:00+00:00,102.26,day_ahead
2025-11-03 05:45:00+00:00,101.29,day_ahead
2025-11-03 06:00:00+00:00,108.49,day_ahead
2025-11-03 06:15:00+00:00,113.38,day_ahead
2025-11-03 06:30:00+00:00,113.58,day_ahead
2025-11-03 06:45:00+00:00,107.42,day_ahead
2025-11-03 07:00:00+00:00,139.73,day_ahead
2025-11-03 07:15:00+00:00,110.51,day_ahead
2025-11-03 07:30:00+00:00,89.73,day_ahead
2025-11-03 07:45:00+00:00,79.1,day_ahead
2025-11-03 08:00:00+00:00,103.0,day_ahead
2025-11-03 08:15:00+00:00,90.41,day_ahead
2025-11-03 08:30:00+00:00,78.95,day_ahead
2025-11-03 08:45:00+00:00,65.11,day_ahead
2025-11-03 09:00:00+00:00,88.98,day_ahead
2025-11-03 09:15:00+00:00,73.05,day_ahead
2025-11-03 09:30:00+00:00,68.59,day_ahead
2025-11-03 09:45:00+00:00,64.47,day_ahead
2025-11-03 10:00:00+00:00,71.05,day_ahead
2025-11-03 10:15:00+00:00,67.79,day_ahead
2025-11-03 10:30:00+00:00,66.0,day_ahead
2025-11-03 10:45:00+00:00,66.73,day_ahead
2025-11-03 11:00:00+00:00,63.87,day_ahead
2025-11-03 11:15:00+00:00,62.29,day_ahead
2025-11-03 11:30:00+00:00,62.21,day_ahead
2025-11-03 11:45:00+00:00,62.3,day_ahead
2025-11-03 12:00:00+00:00,64.98,day_ahead
2025-11-03 12:15:00+00:00,66.21,day_ahead
2025-11-03 12:30:00+00:00,67.67,day_ahead
2025-11-03 12:45:00+00:00,66.77,day_ahead
2025-11-03 13:00:00+00:00,60.13,day_ahead
2025-11-03 13:15:00+00:00,62.52,day_ahead
2025-11-03 13:30:00+00:00,69.24,day_ahead
2025-11-03 13:45:00+00:00,85.88,day_ahead
2025-11-03 14:00:00+00:00,62.2,day_ahead
2025-11-03 14:15:00+00:00,78.28,day_ahead
2025-11-03 14:30:00+00:00,80.0,day_ahead
2025-11-03 14:45:00+00:00,88.77,day_ahead
2025-11-03 15:00:00+00:00,80.71,day_ahead
2025-11-03 15:15:00+00:00,88.21,day_ahead
2025-11-03 15:45:00+00:00,102.87,day_ahead
2025-11-03 16:00:00+00:00,91.83,day_ahead
2025-11-03 16:15:00+00:00,94.74,day_ahead
2025-11-03 16:30:00+00:00,90.86,day_ahead
2025-11-03 16:45:00+00:00,94.58,day_ahead
2025-11-03 17:00:00+00:00,93.77,day_ahead
2025-11-03 17:15:00+00:00,90.29,day_ahead
2025-11-03 17:30:00+00:00,92.87,day_ahead
2025-11-03 17:45:00+00:00,91.72,day_ahead
2025-11-03 18:00:00+00:00,93.64,day_ahead
2025-11-03 18:15:00+00:00,88.87,day_ahead
2025-11-03 18:30:00+00:00,83.61,day_ahead
2025-11-03 18:45:00+00:00,68.01,day_ahead
2025-11-03 19:00:00+00:00,92.68,day_ahead
2025-11-03 19:15:00+00:00,72.78,day_ahead
2025-11-03 19:30:00+00:00,69.53,day_ahead
2025-11-03 19:45:00+00:00,58.96,day_ahead
2025-11-03 20:00:00+00:00,66.1,day_ahead
2025-11-03 20:15:00+00:00,58.1,day_ahead
2025-11-03 20:30:00+00:00,64.61,day_ahead
2025-11-03 20:45:00+00:00,54.14,day_ahead
2025-11-03 21:00:00+00:00,63.88,day_ahead
2025-11-03 21:15:00+00:00,55.3,day_ahead
2025-11-03 21:30:00+00:00,48.93,day_ahead
2025-11-03 21:45:00+00:00,43.16,day_ahead
2025-11-03 22:00:00+00:00,52.99,day_ahead
2025-11-03 22:15:00+00:00,27.59,day_ahead
2025-11-03 22:30:00+00:00,29.71,day_ahead
2025-11-03 22:45:00+00:00,8.98,day_ahead
2025-11-03 23:00:00+00:00,32.44,day_ahead
2025-11-03 23:15:00+00:00,14.8,day_ahead
2025-11-03 23:30:00+00:00,8.96,day_ahead
2025-11-03 23:45:00+00:00,5.75,day_ahead
2025-11-04 00:00:00+00:00,10.45,day_ahead
2025-11-04 00:15:00+00:00,7.19,day_ahead
2025-11-04 00:30:00+00:00,8.76,day_ahead
2025-11-04 00:45:00+00:00,6.47,day_ahead
2025-11-04 01:00:00+00:00,7.74,day_ahead
2025-11-04 01:15:00+00:00,5.58,day_ahead
2025-11-04 01:30:00+00:00,6.55,day_ahead
2025-11-04 01:45:00+00:00,5.67,day_ahead
2025-11-04 02:00:00+00:00,5.12,day_ahead
2025-11-04 02:15:00+00:00,5.82,day_ahead
2025-11-04 02:30:00+00:00,5.76,day_ahead
2025-11-04 02:45:00+00:00,6.7,day_ahead
2025-11-04 03:00:00+00:00,7.12,day_ahead
2025-11-04 03:15:00+00:00,5.97,day_ahead
2025-11-04 03:30:00+00:00,21.25,day_ahead
2025-11-04 03:45:00+00:00,20.92,day_ahead
2025-11-04 04:00:00+00:00,11.72,day_ahead
2025-11-04 04:15:00+00:00,39.51,day_ahead
2025-11-04 04:30:00+00:00,42.57,day_ahead
2025-11-04 04:45:00+00:00,75.94,day_ahead
2025-11-04 05:00:00+00:00,32.23,day_ahead
2025-11-04 05:15:00+00:00,70.75,day_ahead
2025-11-04 05:30:00+00:00,83.44,day_ahead
2025-11-04 05:45:00+00:00,98.13,day_ahead
2025-11-04 06:00:00+00:00,98.81,day_ahead
2025-11-04 06:15:00+00:00,116.85,day_ahead
2025-11-04 06:30:00+00:00,112.16,day_ahead
2025-11-04 06:45:00+00:00,98.81,day_ahead
2025-11-04 07:00:00+00:00,125.4,day_ahead
2025-11-04 07:15:00+00:00,116.13,day_ahead
2025-11-04 07:30:00+00:00,99.11,day_ahead
2025-11-04 07:45:00+00:00,77.71,day_ahead
2025-11-04 08:00:00+00:00,108.2,day_ahead
2025-11-04 08:15:00+00:00,87.9,day_ahead
2025-11-04 08:30:00+00:00,77.52,day_ahead
2025-11-04 08:45:00+00:00,62.4,day_ahead
2025-11-04 09:00:00+00:00,136.03,day_ahead
2025-11-04 09:15:00+00:00,93.47,day_ahead
2025-11-04 09:30:00+00:00,77.0,day_ahead
2025-11-04 09:45:00+00:00,70.1,day_ahead
2025-11-04 10:00:00+00:00,90.02,day_ahead
2025-11-04 10:15:00+00:00,83.07,day_ahead
2025-11-04 10:30:00+00:00,71.98,day_ahead
2025-11-04 10:45:00+00:00,66.61,day_ahead
2025-11-04 11:00:00+00:00,69.31,day_ahead
2025-11-04 11:15:00+00:00,67.54,day_ahead
2025-11-04 11:45:00+00:00,76.23,day_ahead
2025-11-04 12:00:00+00:00,60.38,day_ahead
2025-11-04 12:15:00+00:00,69.29,day_ahead
2025-11-04 12:30:00+00:00,76.55,day_ahead
2025-11-04 12:45:00+00:00,92.46,day_ahead
2025-11-04 13:00:00+00:00,52.89,day_ahead
2025-11-04 13:15:00+00:00,70.41,day_ahead
2025-11-04 13:30:00+00:00,81.9,day_ahead
2025-11-04 13:45:00+00:00,101.64,day_ahead
2025-11-04 14:00:00+00:00,69.69,day_ahead
2025-11-04 14:15:00+00:00,82.51,day_ahead
2025-11-04 14:30:00+00:00,94.3,day_ahead
2025-11-04 14:45:00+00:00,136.26,day_ahead
2025-11-04 15:00:00+00:00,78.71,day_ahead
2025-11-04 15:15:00+00:00,97.89,day_ahead
2025-11-04 15:30:00+00:00,114.79,day_ahead
2025-11-04 15:45:00+00:00,145.12,day_ahead
2025-11-04 16:00:00+00:00,107.69,day_ahead
2025-11-04 16:15:00+00:00,108.87,day_ahead
2025-11-04 16:30:00+00:00,109.13,day_ahead
2025-11-04 16:45:00+00:00,108.04,day_ahead
2025-11-04 17:00:00+00:00,127.98,day_ahead
2025-11-04 17:15:00+00:00,113.55,day_ahead
2025-11-04 17:30:00+00:00,102.89,day_ahead
2025-11-04 17:45:00+00:00,87.86,day_ahead
2025-11-04 18:00:00+00:00,121.65,day_ahead
2025-11-04 18:15:00+00:00,99.45,day_ahead
2025-11-04 18:30:00+00:00,88.08,day_ahead
2025-11-04 18:45:00+00:00,73.3,day_ahead
2025-11-04 19:00:00+00:00,99.84,day_ahead
2025-11-04 19:15:00+00:00,89.86,day_ahead
2025-11-04 19:30:00+00:00,77.46,day_ahead
2025-11-04 19:45:00+00:00,79.24,day_ahead
2025-11-04 20:00:00+00:00,95.85,day_ahead
2025-11-04 20:15:00+00:00,80.1,day_ahead
2025-11-04 20:30:00+00:00,76.62,day_ahead
2025-11-04 20:45:00+00:00,66.63,day_ahead
2025-11-04 21:00:00+00:00,79.63,day_ahead
2025-11-04 21:15:00+00:00,78.86,day_ahead
2025-11-04 21:30:00+00:00,80.1,day_ahead
2025-11-04 21:45:00+00:00,72.91,day_ahead
2025-11-04 22:00:00+00:00,73.77,day_ahead
2025-11-04 22:15:00+00:00,67.51,day_ahead
2025-11-04 22:30:00+00:00,73.04,day_ahead
2025-11-04 22:45:00+00:00,61.37,day_ahead
2025-11-04 23:00:00+00:00,71.79,day_ahead
2025-11-04 23:15:00+00:00,67.35,day_ahead
2025-11-04 23:30:00+00:00,69.12,day_ahead
2025-11-04 23:45:00+00:00,67.11,day_ahead
2025-11-05 00:00:00+00:00,68.52,day_ahead
2025-11-05 00:15:00+00:00,66.4,day_ahead
2025-11-05 00:30:00+00:00,66.96,day_ahead
2025-11-05 00:45:00+00:00,65.85,day_ahead
2025-11-05 01:00:00+00:00,63.3,day_ahead
2025-11-05 01:15:00+00:00,65.12,day_ahead
2025-11-05 01:30:00+00:00,66.83,day_ahead
2025-11-05 01:45:00+00:00,68.71,day_ahead
2025-11-05 02:00:00+00:00,65.14,day_ahead
2025-11-05 02:15:00+00:00,64.61,day_ahead
2025-11-05 02:30:00+00:00,68.92,day_ahead
2025-11-05 02:45:00+00:00,65.56,day_ahead
2025-11-05 03:00:00+00:00,61.91,day_ahead
2025-11-05 03:15:00+00:00,62.14,day_ahead
2025-11-05 03:30:00+00:00,66.91,day_ahead
2025-11-05 03:45:00+00:00,69.45,day_ahead
2025-11-05 04:00:00+00:00,62.56,day_ahead
2025-11-05 04:15:00+00:00,71.72,day_ahead
2025-11-05 04:30:00+00:00,78.62,day_ahead
2025-11-05 04:45:00+00:00,80.36,day_ahead
2025-11-05 05:00:00+00:00,70.99,day_ahead
2025-11-05 05:15:00+00:00,73.58,day_ahead
2025-11-05 05:30:00+00:00,76.45,day_ahead
2025-11-05 05:45:00+00:00,89.71,day_ahead
2025-11-05 06:00:00+00:00,94.82,day_ahead
2025-11-05 06:15:00+00:00,111.83,day_ahead
2025-11-05 06:30:00+00:00,108.24,day_ahead
2025-11-05 06:45:00+00:00,94.16,day_ahead
2025-11-05 07:00:00+00:00,125.54,day_ahead
2025-11-05 07:15:00+00:00,102.74,day_ahead
2025-11-05 07:30:00+00:00,96.29,day_ahead
2025-11-05 07:45:00+00:00,75.1,day_ahead
2025-11-05 08:00:00+00:00,136.64,day_ahead
2025-11-05 08:15:00+00:00,101.78,day_ahead
2025-11-05 08:30:00+00:00,88.49,day_ahead
2025-11-05 08:45:00+00:00,75.89,day_ahead
2025-11-05 09:00:00+00:00,88.81,day_ahead
2025-11-05 09:15:00+00:00,76.77,day_ahead
2025-11-05 09:30:00+00:00,70.1,day_ahead
2025-11-05 09:45:00+00:00,63.92,day_ahead
2025-11-05 10:00:00+00:00,68.35,day_ahead
2025-11-05 10:15:00+00:00,59.99,day_ahead
2025-11-05 10:30:00+00:00,61.03,day_ahead
2025-11-05 10:45:00+00:00,65.7,day_ahead
2025-11-05 11:00:00+00:00,50.89,day_ahead
2025-11-05 11:15:00+00:00,61.08,day_ahead
2025-11-05 11:30:00+00:00,63.41,day_ahead
2025-11-05 11:45:00+00:00,66.66,day_ahead
2025-11-05 12:00:00+00:00,56.87,day_ahead
2025-11-05 12:15:00+00:00,63.3,day_ahead
2025-11-05 12:30:00+00:00,72.02,day_ahead
2025-11-05 12:45:00+00:00,81.86,day_ahead
2025-11-05 13:00:00+00:00,63.57,day_ahead
2025-11-05 13:15:00+00:00,80.05,day_ahead
2025-11-05 13:30:00+00:00,89.94,day_ahead
2025-11-05 13:45:00+00:00,103.28,day_ahead
2025-11-05 14:00:00+00:00,70.67,day_ahead
2025-11-05 14:15:00+00:00,96.36,day_ahead
2025-11-05 14:30:00+00:00,109.4,day_ahead
2025-11-05 14:45:00+00:00,125.44,day_ahead
2025-11-05 15:00:00+00:00,103.23,day_ahead
2025-11-05 15:15:00+00:00,111.3,day_ahead
2025-11-05 15:30:00+00:00,122.5,day_ahead
2025-11-05 15:45:00+00:00,138.11,day_ahead
2025-11-05 16:00:00+00:00,127.03,day_ahead
2025-11-05 16:15:00+00:00,129.98,day_ahead
2025-11-05 16:30:00+00:00,129.02,day_ahead
2025-11-05 16:45:00+00:00,117.67,day_ahead
2025-11-05 17:00:00+00:00,124.44,day_ahead
2025-11-05 17:15:00+00:00,114.67,day_ahead
2025-11-05 17:30:00+00:00,106.02,day_ahead
2025-11-05 17:45:00+00:00,99.03,day_ahead
2025-11-05 18:00:00+00:00,115.1,day_ahead
2025-11-05 18:15:00+00:00,105.07,day_ahead
2025-11-05 18:30:00+00:00,99.38,day_ahead
2025-11-05 18:45:00+00:00,88.21,day_ahead
2025-11-05 19:00:00+00:00,99.27,day_ahead
2025-11-05 19:15:00+00:00,91.95,day_ahead
2025-11-05 19:30:00+00:00,91.15,day_ahead
2025-11-05 19:45:00+00:00,86.79,day_ahead
2025-11-05 20:00:00+00:00,95.95,day_ahead
2025-11-05 20:15:00+00:00,89.65,day_ahead
2025-11-05 20:30:00+00:00,83.1,day_ahead
2025-11-05 20:45:00+00:00,69.21,day_ahead
2025-11-05 21:00:00+00:00,90.0,day_ahead
2025-11-05 21:15:00+00:00,78.23,day_ahead
2025-11-05 21:30:00+00:00,77.3,day_ahead
2025-11-05 21:45:00+00:00,69.99,day_ahead
2025-11-05 22:00:00+00:00,81.32,day_ahead
2025-11-05 22:15:00+00:00,81.38,day_ahead
2025-11-05 22:30:00+00:00,80.02,day_ahead
2025-11-05 22:45:00+00:00,69.44,day_ahead
2025-11-05 23:00:00+00:00,84.42,day_ahead
2025-11-05 23:15:00+00:00,81.31,day_ahead
2025-11-05 23:30:00+00:00,81.66,day_ahead
2025-11-05 23:45:00+00:00,78.92,day_ahead
2025-11-06 00:00:00+00:00,81.46,day_ahead
2025-11-06 00:15:00+00:00,78.95,day_ahead
2025-11-06 00:30:00+00:00,77.83,day_ahead
2025-11-06 00:45:00+00:00,75.89,day_ahead
2025-11-06 01:00:00+00:00,80.1,day_ahead
2025-11-06 01:15:00+00:00,78.34,day_ahead
2025-11-06 01:30:00+00:00,78.46,day_ahead
2025-11-06 01:45:00+00:00,78.47,day_ahead
2025-11-06 02:00:00+00:00,78.14,day_ahead
2025-11-06 02:15:00+00:00,77.5,day_ahead
2025-11-06 02:30:00+00:00,75.33,day_ahead
2025-11-06 02:45:00+00:00,76.06,day_ahead
2025-11-06 03:00:00+00:00,77.6,day_ahead
2025-11-06 03:15:00+00:00,77.03,day_ahead
2025-11-06 03:30:00+00:00,76.9,day_ahead
2025-11-06 03:45:00+00:00,78.73,day_ahead
2025-11-06 04:00:00+00:00,73.55,day_ahead
2025-11-06 04:15:00+00:00,75.34,day_ahead
2025-11-06 04:30:00+00:00,81.55,day_ahead
2025-11-06 04:45:00+00:00,85.68,day_ahead
2025-11-06 05:00:00+00:00,82.53,day_ahead
2025-11-06 05:15:00+00:00,99.82,day_ahead
2025-11-06 05:30:00+00:00,109.19,day_ahead
2025-11-06 05:45:00+00:00,129.54,day_ahead
2025-11-06 06:00:00+00:00,114.95,day_ahead
2025-11-06 06:15:00+00:00,121.62,day_ahead
2025-11-06 06:30:00+00:00,120.58,day_ahead
2025-11-06 06:45:00+00:00,110.86,day_ahead
2025-11-06 07:00:00+00:00,128.05,day_ahead
2025-11-06 07:15:00+00:00,120.81,day_ahead
2025-11-06 07:30:00+00:00,103.52,day_ahead
2025-11-06 07:45:00+00:00,90.7,day_ahead
2025-11-06 08:00:00+00:00,110.73,day_ahead
2025-11-06 08:15:00+00:00,100.6,day_ahead
2025-11-06 08:30:00+00:00,86.29,day_ahead
2025-11-06 08:45:00+00:00,75.23,day_ahead
2025-11-06 09:00:00+00:00,94.8,day_ahead
2025-11-06 09:15:00+00:00,87.55,day_ahead
2025-11-06 09:30:00+00:00,80.34,day_ahead
2025-11-06 09:45:00+00:00,77.94,day_ahead
2025-11-06 10:00:00+00:00,86.9,day_ahead
2025-11-06 10:15:00+00:00,84.97,day_ahead
2025-11-06 10:30:00+00:00,82.93,day_ahead
2025-11-06 10:45:00+00:00,80.0,day_ahead
2025-11-06 11:00:00+00:00,81.13,day_ahead
2025-11-06 11:15:00+00:00,78.76,day_ahead
2025-11-06 11:30:00+00:00,86.56,day_ahead
2025-11-06 11:45:00+00:00,85.49,day_ahead
2025-11-06 12:00:00+00:00,78.42,day_ahead
2025-11-06 12:15:00+00:00,81.32,day_ahead
2025-11-06 12:30:00+00:00,83.47,day_ahead
2025-11-06 12:45:00+00:00,89.81,day_ahead
2025-11-06 13:00:00+00:00,78.26,day_ahead
2025-11-06 13:15:00+00:00,92.35,day_ahead
2025-11-06 13:30:00+00:00,94.22,day_ahead
2025-11-06 13:45:00+00:00,112.61,day_ahead
2025-11-06 14:00:00+00:00,92.64,day_ahead
2025-11-06 14:15:00+00:00,101.91,day_ahead
2025-11-06 14:30:00+00:00,123.4,day_ahead
2025-11-06 14:45:00+00:00,163.67,day_ahead
2025-11-06 15:00:00+00:00,123.1,day_ahead
2025-11-06 15:15:00+00:00,141.95,day_ahead
2025-11-06 15:30:00+00:00,163.56,day_ahead
2025-11-06 15:45:00+00:00,179.98,day_ahead
2025-11-06 16:00:00+00:00,171.9,day_ahead
2025-11-06 16:15:00+00:00,169.2,day_ahead
2025-11-06 16:30:00+00:00,156.44,day_ahead
2025-11-06 16:45:00+00:00,142.23,day_ahead
2025-11-06 17:00:00+00:00,153.24,day_ahead
2025-11-06 17:15:00+00:00,140.55,day_ahead
2025-11-06 17:30:00+00:00,135.18,day_ahead
2025-11-06 17:45:00+00:00,127.3,day_ahead
2025-11-06 18:00:00+00:00,138.42,day_ahead
2025-11-06 18:15:00+00:00,129.24,day_ahead
2025-11-06 18:30:00+00:00,119.3,day_ahead
2025-11-06 18:45:00+00:00,118.86,day_ahead
2025-11-06 19:00:00+00:00,122.6,day_ahead
2025-11-06 19:15:00+00:00,119.21,day_ahead
2025-11-06 19:30:00+00:00,111.18,day_ahead
2025-11-06 19:45:00+00:00,104.03,day_ahead
2025-11-06 20:00:00+00:00,107.73,day_ahead
2025-11-06 20:15:00+00:00,102.15,day_ahead
2025-11-06 20:30:00+00:00,100.33,day_ahead
2025-11-06 20:45:00+00:00,89.11,day_ahead
2025-11-06 21:00:00+00:00,98.56,day_ahead
2025-11-06 21:15:00+00:00,92.69,day_ahead
2025-11-06 21:30:00+00:00,99.25,day_ahead
2025-11-06 21:45:00+00:00,93.65,day_ahead
2025-11-06 22:00:00+00:00,98.72,day_ahead
2025-11-06 22:15:00+00:00,93.29,day_ahead
2025-11-06 22:30:00+00:00,85.87,day_ahead
2025-11-06 22:45:00+00:00,77.34,day_ahead
2025-11-06 23:00:00+00:00,86.65,day_ahead
2025-11-06 23:15:00+00:00,83.97,day_ahead
2025-11-06 23:30:00+00:00,87.0,day_ahead
2025-11-06 23:45:00+00:00,82.51,day_ahead
2025-11-07 00:00:00+00:00,84.32,day_ahead
2025-11-07 00:15:00+00:00,82.44,day_ahead
2025-11-07 00:30:00+00:00,82.23,day_ahead
2025-11-07 00:45:00+00:00,81.2,day_ahead
2025-11-07 01:00:00+00:00,84.41,day_ahead
2025-11-07 01:15:00+00:00,82.39,day_ahead
2025-11-07 01:30:00+00:00,83.08,day_ahead
2025-11-07 01:45:00+00:00,81.5,day_ahead
2025-11-07 02:00:00+00:00,81.61,day_ahead
2025-11-07 02:15:00+00:00,80.65,day_ahead
2025-11-07 02:30:00+00:00,79.88,day_ahead
2025-11-07 02:45:00+00:00,80.38,day_ahead
2025-11-07 03:00:00+00:00,78.15,day_ahead
2025-11-07 03:15:00+00:00,79.82,day_ahead
2025-11-07 03:30:00+00:00,82.3,day_ahead
2025-11-07 03:45:00+00:00,82.87,day_ahead
2025-11-07 04:00:00+00:00,77.45,day_ahead
2025-11-07 04:15:00+00:00,82.27,day_ahead
2025-11-07 04:30:00+00:00,89.35,day_ahead
2025-11-07 04:45:00+00:00,94.93,day_ahead
2025-11-07 05:00:00+00:00,85.42,day_ahead
2025-11-07 05:15:00+00:00,96.22,day_ahead
2025-11-07 05:30:00+00:00,106.0,day_ahead
2025-11-07 05:45:00+00:00,134.04,day_ahead
2025-11-07 06:00:00+00:00,110.16,day_ahead
2025-11-07 06:15:00+00:00,126.15,day_ahead
2025-11-07 06:45:00+00:00,130.36,day_ahead
2025-11-07 07:00:00+00:00,145.88,day_ahead
2025-11-07 07:15:00+00:00,133.41,day_ahead
2025-11-07 07:30:00+00:00,112.18,day_ahead
2025-11-07 07:45:00+00:00,91.85,day_ahead
2025-11-07 08:00:00+00:00,119.69,day_ahead
2025-11-07 08:15:00+00:00,110.48,day_ahead
2025-11-07 08:30:00+00:00,94.16,day_ahead
2025-11-07 08:45:00+00:00,84.88,day_ahead
2025-11-07 09:00:00+00:00,96.77,day_ahead
2025-11-07 09:15:00+00:00,89.83,day_ahead
2025-11-07 09:30:00+00:00,84.17,day_ahead
2025-11-07 09:45:00+00:00,81.16,day_ahead
2025-11-07 10:00:00+00:00,86.71,day_ahead
2025-11-07 10:15:00+00:00,84.06,day_ahead
2025-11-07 10:30:00+00:00,84.19,day_ahead
2025-11-07 10:45:00+00:00,81.85,day_ahead
2025-11-07 11:00:00+00:00,82.92,day_ahead
2025-11-07 11:15:00+00:00,82.33,day_ahead
2025-11-07 11:30:00+00:00,83.35,day_ahead
2025-11-07 11:45:00+00:00,84.12,day_ahead
2025-11-07 12:00:00+00:00,81.83,day_ahead
2025-11-07 12:15:00+00:00,83.82,day_ahead
2025-11-07 12:30:00+00:00,86.06,day_ahead
2025-11-07 12:45:00+00:00,88.39,day_ahead
2025-11-07 13:00:00+00:00,75.3,day_ahead
2025-11-07 13:15:00+00:00,91.34,day_ahead
2025-11-07 13:30:00+00:00,98.23,day_ahead
2025-11-07 13:45:00+00:00,114.94,day_ahead
2025-11-07 14:00:00+00:00,85.73,day_ahead
2025-11-07 14:15:00+00:00,103.47,day_ahead
2025-11-07 14:30:00+00:00,120.28,day_ahead
2025-11-07 14:45:00+00:00,157.35,day_ahead
2025-11-07 15:00:00+00:00,117.0,day_ahead
2025-11-07 15:15:00+00:00,131.04,day_ahead
2025-11-07 15:30:00+00:00,151.72,day_ahead
2025-11-07 15:45:00+00:00,195.13,day_ahead
2025-11-07 16:00:00+00:00,158.07,day_ahead
2025-11-07 16:15:00+00:00,169.94,day_ahead
2025-11-07 16:30:00+00:00,167.27,day_ahead
2025-11-07 16:45:00+00:00,164.88,day_ahead
2025-11-07 17:00:00+00:00,146.08,day_ahead
2025-11-07 17:15:00+00:00,135.42,day_ahead
2025-11-07 17:30:00+00:00,137.66,day_ahead
2025-11-07 17:45:00+00:00,138.76,day_ahead
2025-11-07 18:00:00+00:00,138.6,day_ahead
2025-11-07 18:15:00+00:00,132.2,day_ahead
2025-11-07 18:30:00+00:00,120.82,day_ahead
2025-11-07 18:45:00+00:00,119.63,day_ahead
2025-11-07 19:00:00+00:00,127.54,day_ahead
2025-11-07 19:15:00+00:00,115.1,day_ahead
2025-11-07 19:30:00+00:00,109.94,day_ahead
2025-11-07 19:45:00+00:00,103.82,day_ahead
2025-11-07 20:00:00+00:00,112.87,day_ahead
2025-11-07 20:15:00+00:00,105.19,day_ahead
2025-11-07 20:30:00+00:00,99.67,day_ahead
2025-11-07 20:45:00+00:00,92.53,day_ahead
2025-11-07 21:00:00+00:00,103.44,day_ahead
2025-11-07 21:15:00+00:00,101.7,day_ahead
2025-11-07 21:30:00+00:00,93.59,day_ahead
2025-11-07 21:45:00+00:00,86.15,day_ahead
2025-11-07 22:00:00+00:00,97.88,day_ahead
2025-11-07 22:15:00+00:00,92.15,day_ahead
2025-11-07 22:30:00+00:00,86.24,day_ahead
2025-11-07 22:45:00+00:00,80.67,day_ahead
2025-11-07 23:00:00+00:00,98.93,day_ahead
2025-11-07 23:15:00+00:00,96.95,day_ahead
2025-11-07 23:30:00+00:00,86.02,day_ahead
2025-11-07 23:45:00+00:00,86.07,day_ahead
2025-11-08 00:00:00+00:00,94.96,day_ahead
2025-11-08 00:15:00+00:00,90.25,day_ahead
2025-11-08 00:30:00+00:00,89.25,day_ahead
2025-11-08 00:45:00+00:00,87.12,day_ahead
2025-11-08 01:00:00+00:00,89.5,day_ahead
2025-11-08 01:15:00+00:00,87.09,day_ahead
2025-11-08 01:30:00+00:00,87.57,day_ahead
2025-11-08 01:45:00+00:00,86.56,day_ahead
2025-11-08 02:00:00+00:00,88.26,day_ahead
2025-11-08 02:15:00+00:00,87.68,day_ahead
2025-11-08 02:30:00+00:00,86.73,day_ahead
2025-11-08 02:45:00+00:00,84.56,day_ahead
2025-11-08 03:00:00+00:00,85.88,day_ahead
2025-11-08 03:15:00+00:00,86.93,day_ahead
2025-11-08 03:30:00+00:00,87.12,day_ahead
2025-11-08 03:45:00+00:00,86.39,day_ahead
2025-11-08 04:00:00+00:00,85.9,day_ahead
2025-11-08 04:15:00+00:00,85.72,day_ahead
2025-11-08 04:30:00+00:00,86.6,day_ahead
2025-11-08 04:45:00+00:00,87.81,day_ahead
2025-11-08 05:00:00+00:00,82.14,day_ahead
2025-11-08 05:15:00+00:00,85.52,day_ahead
2025-11-08 05:30:00+00:00,93.69,day_ahead
2025-11-08 05:45:00+00:00,96.98,day_ahead
2025-11-08 06:00:00+00:00,93.74,day_ahead
2025-11-08 06:15:00+00:00,96.13,day_ahead
2025-11-08 06:30:00+00:00,99.86,day_ahead
2025-11-08 06:45:00+00:00,98.86,day_ahead
2025-11-08 07:00:00+00:00,103.18,day_ahead
2025-11-08 07:15:00+00:00,100.71,day_ahead
2025-11-08 07:30:00+00:00,94.84,day_ahead
2025-11-08 07:45:00+00:00,90.12,day_ahead
2025-11-08 08:00:00+00:00,103.67,day_ahead
2025-11-08 08:15:00+00:00,96.85,day_ahead
2025-11-08 08:30:00+00:00,96.33,day_ahead
2025-11-08 08:45:00+00:00,90.1,day_ahead
2025-11-08 09:00:00+00:00,104.49,day_ahead
2025-11-08 09:15:00+00:00,97.46,day_ahead
2025-11-08 09:30:00+00:00,92.68,day_ahead
2025-11-08 09:45:00+00:00,86.72,day_ahead
2025-11-08 10:00:00+00:00,91.92,day_ahead
2025-11-08 10:15:00+00:00,91.36,day_ahead
2025-11-08 10:30:00+00:00,86.72,day_ahead
2025-11-08 10:45:00+00:00,90.54,day_ahead
2025-11-08 11:00:00+00:00,90.67,day_ahead
2025-11-08 11:15:00+00:00,89.45,day_ahead
2025-11-08 11:30:00+00:00,88.71,day_ahead
2025-11-08 11:45:00+00:00,86.87,day_ahead
2025-11-08 12:00:00+00:00,87.76,day_ahead
2025-11-08 12:15:00+00:00,86.05,day_ahead
2025-11-08 12:30:00+00:00,88.57,day_ahead
2025-11-08 12:45:00+00:00,90.81,day_ahead
2025-11-08 13:00:00+00:00,82.3,day_ahead
2025-11-08 13:15:00+00:00,88.73,day_ahead
2025-11-08 13:30:00+00:00,93.14,day_ahead
2025-11-08 13:45:00+00:00,106.03,day_ahead
2025-11-08 14:00:00+00:00,86.76,day_ahead
2025-11-08 14:15:00+00:00,98.66,day_ahead
2025-11-08 14:30:00+00:00,114.59,day_ahead
2025-11-08 14:45:00+00:00,125.37,day_ahead
2025-11-08 15:00:00+00:00,98.67,day_ahead
2025-11-08 15:15:00+00:00,107.8,day_ahead
2025-11-08 15:30:00+00:00,113.43,day_ahead
2025-11-08 15:45:00+00:00,132.17,day_ahead
2025-11-08 16:00:00+00:00,112.9,day_ahead
2025-11-08 16:15:00+00:00,126.4,day_ahead
2025-11-08 16:30:00+00:00,129.26,day_ahead
2025-11-08 16:45:00+00:00,132.95,day_ahead
2025-11-08 17:00:00+00:00,132.77,day_ahead
2025-11-08 17:15:00+00:00,129.74,day_ahead
2025-11-08 17:30:00+00:00,131.03,day_ahead
2025-11-08 17:45:00+00:00,130.66,day_ahead
2025-11-08 18:00:00+00:00,130.41,day_ahead
2025-11-08 18:15:00+00:00,128.2,day_ahead
2025-11-08 18:30:00+00:00,125.99,day_ahead
2025-11-08 18:45:00+00:00,122.55,day_ahead
2025-11-08 19:00:00+00:00,126.64,day_ahead
2025-11-08 19:15:00+00:00,120.49,day_ahead
2025-11-08 19:30:00+00:00,116.61,day_ahead
2025-11-08 19:45:00+00:00,107.27,day_ahead
2025-11-08 20:00:00+00:00,116.89,day_ahead
2025-11-08 20:15:00+00:00,114.15,day_ahead
2025-11-08 20:30:00+00:00,103.58,day_ahead
2025-11-08 20:45:00+00:00,97.49,day_ahead
2025-11-08 21:00:00+00:00,105.46,day_ahead
2025-11-08 21:15:00+00:00,102.77,day_ahead
2025-11-08 21:30:00+00:00,100.87,day_ahead
2025-11-08 21:45:00+00:00,96.93,day_ahead
2025-11-08 22:00:00+00:00,100.41,day_ahead
2025-11-08 22:15:00+00:00,95.95,day_ahead
2025-11-08 22:30:00+00:00,91.73,day_ahead
2025-11-08 22:45:00+00:00,85.89,day_ahead
2025-11-08 23:00:00+00:00,96.2,day_ahead
2025-11-08 23:15:00+00:00,89.34,day_ahead
2025-11-08 23:30:00+00:00,92.38,day_ahead
2025-11-08 23:45:00+00:00,90.14,day_ahead
2025-11-09 00:00:00+00:00,94.91,day_ahead
2025-11-09 00:15:00+00:00,90.0,day_ahead
2025-11-09 00:30:00+00:00,87.39,day_ahead
2025-11-09 00:45:00+00:00,85.62,day_ahead
2025-11-09 01:00:00+00:00,89.64,day_ahead
2025-11-09 01:15:00+00:00,87.69,day_ahead
2025-11-09 01:30:00+00:00,86.09,day_ahead
2025-11-09 01:45:00+00:00,84.66,day_ahead
2025-11-09 02:00:00+00:00,85.64,day_ahead
2025-11-09 02:15:00+00:00,84.67,day_ahead
2025-11-09 02:30:00+00:00,84.34,day_ahead
2025-11-09 02:45:00+00:00,85.59,day_ahead
2025-11-09 03:00:00+00:00,84.78,day_ahead
2025-11-09 03:15:00+00:00,84.92,day_ahead
2025-11-09 03:30:00+00:00,85.22,day_ahead
2025-11-09 03:45:00+00:00,87.2,day_ahead
2025-11-09 04:00:00+00:00,86.29,day_ahead
2025-11-09 04:15:00+00:00,85.78,day_ahead
2025-11-09 04:30:00+00:00,87.17,day_ahead
2025-11-09 04:45:00+00:00,84.97,day_ahead
2025-11-09 05:00:00+00:00,85.48,day_ahead
2025-11-09 05:15:00+00:00,84.65,day_ahead
2025-11-09 05:30:00+00:00,86.92,day_ahead
2025-11-09 05:45:00+00:00,86.9,day_ahead
2025-11-09 06:00:00+00:00,86.65,day_ahead
2025-11-09 06:15:00+00:00,83.04,day_ahead
2025-11-09 06:30:00+00:00,86.97,day_ahead
2025-11-09 06:45:00+00:00,88.75,day_ahead
2025-11-09 07:00:00+00:00,92.12,day_ahead
2025-11-09 07:15:00+00:00,96.25,day_ahead
2025-11-09 07:30:00+00:00,94.22,day_ahead
2025-11-09 07:45:00+00:00,90.58,day_ahead
2025-11-09 08:00:00+00:00,96.88,day_ahead
2025-11-09 08:15:00+00:00,91.6,day_ahead
2025-11-09 08:30:00+00:00,90.33,day_ahead
2025-11-09 08:45:00+00:00,85.24,day_ahead
2025-11-09 09:00:00+00:00,94.27,day_ahead
2025-11-09 09:15:00+00:00,87.88,day_ahead
2025-11-09 09:30:00+00:00,89.76,day_ahead
2025-11-09 09:45:00+00:00,85.19,day_ahead
2025-11-09 10:00:00+00:00,93.58,day_ahead
2025-11-09 10:15:00+00:00,90.15,day_ahead
2025-11-09 10:30:00+00:00,87.67,day_ahead
2025-11-09 10:45:00+00:00,85.7,day_ahead
2025-11-09 11:00:00+00:00,90.64,day_ahead
2025-11-09 11:15:00+00:00,88.3,day_ahead
2025-11-09 11:30:00+00:00,91.64,day_ahead
2025-11-09 11:45:00+00:00,90.3,day_ahead
2025-11-09 12:00:00+00:00,92.51,day_ahead
2025-11-09 12:15:00+00:00,90.06,day_ahead
2025-11-09 12:30:00+00:00,81.53,day_ahead
2025-11-09 12:45:00+00:00,81.08,day_ahead
2025-11-09 13:00:00+00:00,80.91,day_ahead
2025-11-09 13:15:00+00:00,80.79,day_ahead
2025-11-09 13:30:00+00:00,85.31,day_ahead
2025-11-09 13:45:00+00:00,95.44,day_ahead
2025-11-09 14:00:00+00:00,80.51,day_ahead
2025-11-09 14:15:00+00:00,90.45,day_ahead
2025-11-09 14:30:00+00:00,91.04,day_ahead
2025-11-09 14:45:00+00:00,98.11,day_ahead
2025-11-09 15:00:00+00:00,92.74,day_ahead
2025-11-09 15:15:00+00:00,101.91,day_ahead
2025-11-09 15:30:00+00:00,105.94,day_ahead
2025-11-09 15:45:00+00:00,110.82,day_ahead
2025-11-09 16:00:00+00:00,107.97,day_ahead
2025-11-09 16:15:00+00:00,118.29,day_ahead
2025-11-09 16:30:00+00:00,124.59,day_ahead
2025-11-09 16:45:00+00:00,128.2,day_ahead
2025-11-09 17:00:00+00:00,120.17,day_ahead
2025-11-09 17:15:00+00:00,122.77,day_ahead
2025-11-09 17:30:00+00:00,123.11,day_ahead
2025-11-09 17:45:00+00:00,122.11,day_ahead
2025-11-09 18:00:00+00:00,120.25,day_ahead
2025-11-09 18:15:00+00:00,119.7,day_ahead
2025-11-09 18:30:00+00:00,113.59,day_ahead
2025-11-09 18:45:00+00:00,111.62,day_ahead
2025-11-09 19:00:00+00:00,114.74,day_ahead
2025-11-09 19:15:00+00:00,112.01,day_ahead
2025-11-09 19:30:00+00:00,98.81,day_ahead
2025-11-09 19:45:00+00:00,85.38,day_ahead
2025-11-09 20:00:00+00:00,99.37,day_ahead
2025-11-09 20:15:00+00:00,85.92,day_ahead
2025-11-09 20:30:00+00:00,92.42,day_ahead
2025-11-09 20:45:00+00:00,85.9,day_ahead
2025-11-09 21:00:00+00:00,99.3,day_ahead
2025-11-09 21:15:00+00:00,92.11,day_ahead
2025-11-09 21:30:00+00:00,88.78,day_ahead
2025-11-09 21:45:00+00:00,81.89,day_ahead
2025-11-09 22:00:00+00:00,91.63,day_ahead
2025-11-09 22:15:00+00:00,85.74,day_ahead
2025-11-09 22:30:00+00:00,87.64,day_ahead
2025-11-09 22:45:00+00:00,82.5,day_ahead
2025-11-09 23:00:00+00:00,87.68,day_ahead
2025-11-09 23:15:00+00:00,87.02,day_ahead
2025-11-09 23:30:00+00:00,76.94,day_ahead
2025-11-09 23:45:00+00:00,74.37,day_ahead
2025-11-10 00:00:00+00:00,82.14,day_ahead
2025-11-10 00:15:00+00:00,79.63,day_ahead
2025-11-10 00:30:00+00:00,76.45,day_ahead
2025-11-10 00:45:00+00:00,75.82,day_ahead
2025-11-10 01:00:00+00:00,83.95,day_ahead
2025-11-10 01:15:00+00:00,79.06,day_ahead
2025-11-10 01:30:00+00:00,78.92,day_ahead
2025-11-10 01:45:00+00:00,75.61,day_ahead
2025-11-10 02:00:00+00:00,78.06,day_ahead
2025-11-10 02:15:00+00:00,76.78,day_ahead
2025-11-10 02:30:00+00:00,77.79,day_ahead
2025-11-10 02:45:00+00:00,75.94,day_ahead
2025-11-10 03:00:00+00:00,75.15,day_ahead
2025-11-10 03:15:00+00:00,75.33,day_ahead
2025-11-10 03:30:00+00:00,76.91,day_ahead
2025-11-10 03:45:00+00:00,81.2,day_ahead
2025-11-10 04:00:00+00:00,75.31,day_ahead
2025-11-10 04:15:00+00:00,77.78,day_ahead
2025-11-10 04:30:00+00:00,84.52,day_ahead
2025-11-10 04:45:00+00:00,90.43,day_ahead
2025-11-10 05:00:00+00:00,71.86,day_ahead
2025-11-10 05:15:00+00:00,81.62,day_ahead
2025-11-10 05:30:00+00:00,102.42,day_ahead
2025-11-10 05:45:00+00:00,132.72,day_ahead
2025-11-10 06:00:00+00:00,87.85,day_ahead
2025-11-10 06:15:00+00:00,120.59,day_ahead
2025-11-10 06:30:00+00:00,133.19,day_ahead
2025-11-10 06:45:00+00:00,141.04,day_ahead
2025-11-10 07:00:00+00:00,151.89,day_ahead
2025-11-10 07:15:00+00:00,134.91,day_ahead
2025-11-10 07:30:00+00:00,134.87,day_ahead
2025-11-10 07:45:00+00:00,113.16,day_ahead
2025-11-10 08:00:00+00:00,156.02,day_ahead
2025-11-10 08:15:00+00:00,127.66,day_ahead
2025-11-10 08:30:00+00:00,110.89,day_ahead
2025-11-10 08:45:00+00:00,100.94,day_ahead
2025-11-10 09:00:00+00:00,128.27,day_ahead
2025-11-10 09:15:00+00:00,99.8,day_ahead
2025-11-10 09:30:00+00:00,88.23,day_ahead
2025-11-10 09:45:00+00:00,67.71,day_ahead
2025-11-10 10:00:00+00:00,109.21,day_ahead
2025-11-10 10:15:00+00:00,89.64,day_ahead
2025-11-10 10:30:00+00:00,84.01,day_ahead
2025-11-10 10:45:00+00:00,73.14,day_ahead
2025-11-10 11:00:00+00:00,99.96,day_ahead
2025-11-10 11:15:00+00:00,88.07,day_ahead
2025-11-10 11:30:00+00:00,86.83,day_ahead
2025-11-10 11:45:00+00:00,89.83,day_ahead
2025-11-10 12:00:00+00:00,82.56,day_ahead
2025-11-10 12:15:00+00:00,87.1,day_ahead
2025-11-10 12:30:00+00:00,94.4,day_ahead
2025-11-10 12:45:00+00:00,100.62,day_ahead
2025-11-10 13:00:00+00:00,81.32,day_ahead
2025-11-10 13:15:00+00:00,93.38,day_ahead
2025-11-10 13:30:00+00:00,107.53,day_ahead
2025-11-10 13:45:00+00:00,123.18,day_ahead
2025-11-10 14:00:00+00:00,95.32,day_ahead
2025-11-10 14:15:00+00:00,103.85,day_ahead
2025-11-10 14:30:00+00:00,119.82,day_ahead
2025-11-10 14:45:00+00:00,148.49,day_ahead
2025-11-10 15:00:00+00:00,116.19,day_ahead
2025-11-10 15:15:00+00:00,121.47,day_ahead
2025-11-10 15:30:00+00:00,125.62,day_ahead
2025-11-10 15:45:00+00:00,138.97,day_ahead
2025-11-10 16:00:00+00:00,135.33,day_ahead
2025-11-10 16:15:00+00:00,133.75,day_ahead
2025-11-10 16:30:00+00:00,128.37,day_ahead
2025-11-10 16:45:00+00:00,122.54,day_ahead
2025-11-10 17:00:00+00:00,140.97,day_ahead
2025-11-10 17:15:00+00:00,122.51,day_ahead
2025-11-10 17:30:00+00:00,100.74,day_ahead
2025-11-10 17:45:00+00:00,94.58,day_ahead
2025-11-10 18:00:00+00:00,123.81,day_ahead
2025-11-10 18:15:00+00:00,99.27,day_ahead
2025-11-10 18:30:00+00:00,89.11,day_ahead
2025-11-10 18:45:00+00:00,88.17,day_ahead
2025-11-10 19:00:00+00:00,89.7,day_ahead
2025-11-10 19:15:00+00:00,94.14,day_ahead
2025-11-10 19:30:00+00:00,85.17,day_ahead
2025-11-10 19:45:00+00:00,83.8,day_ahead
2025-11-10 20:00:00+00:00,90.06,day_ahead
2025-11-10 20:15:00+00:00,85.13,day_ahead
2025-11-10 20:30:00+00:00,83.23,day_ahead
2025-11-10 20:45:00+00:00,81.9,day_ahead
2025-11-10 21:00:00+00:00,88.27,day_ahead
2025-11-10 21:15:00+00:00,85.24,day_ahead
2025-11-10 21:30:00+00:00,80.79,day_ahead
2025-11-10 21:45:00+00:00,79.52,day_ahead
2025-11-10 22:00:00+00:00,86.01,day_ahead
2025-11-10 22:15:00+00:00,78.82,day_ahead
2025-11-10 22:30:00+00:00,77.38,day_ahead
2025-11-10 22:45:00+00:00,69.14,day_ahead
2025-11-10 23:00:00+00:00,88.42,day_ahead
2025-11-10 23:15:00+00:00,82.01,day_ahead
2025-11-10 23:30:00+00:00,68.87,day_ahead
2025-11-10 23:45:00+00:00,66.84,day_ahead
2025-11-11 00:00:00+00:00,84.09,day_ahead
2025-11-11 00:15:00+00:00,72.6,day_ahead
2025-11-11 00:30:00+00:00,71.16,day_ahead
2025-11-11 00:45:00+00:00,63.45,day_ahead
2025-11-11 01:00:00+00:00,72.13,day_ahead
2025-11-11 01:15:00+00:00,69.67,day_ahead
2025-11-11 01:30:00+00:00,68.74,day_ahead
2025-11-11 01:45:00+00:00,66.86,day_ahead
2025-11-11 02:00:00+00:00,66.68,day_ahead
2025-11-11 02:15:00+00:00,69.35,day_ahead
2025-11-11 02:30:00+00:00,68.4,day_ahead
2025-11-11 02:45:00+00:00,65.83,day_ahead
2025-11-11 03:00:00+00:00,65.85,day_ahead
2025-11-11 03:15:00+00:00,65.98,day_ahead
2025-11-11 03:30:00+00:00,67.01,day_ahead
2025-11-11 03:45:00+00:00,70.04,day_ahead
2025-11-11 04:00:00+00:00,63.07,day_ahead
2025-11-11 04:15:00+00:00,66.8,day_ahead
2025-11-11 04:30:00+00:00,68.01,day_ahead
2025-11-11 04:45:00+00:00,74.33,day_ahead
2025-11-11 05:00:00+00:00,66.61,day_ahead
2025-11-11 05:15:00+00:00,68.57,day_ahead
2025-11-11 05:30:00+00:00,78.44,day_ahead
2025-11-11 05:45:00+00:00,91.07,day_ahead
2025-11-11 06:00:00+00:00,85.59,day_ahead
2025-11-11 06:15:00+00:00,90.29,day_ahead
2025-11-11 06:30:00+00:00,96.32,day_ahead
2025-11-11 06:45:00+00:00,94.24,day_ahead
2025-11-11 07:00:00+00:00,106.69,day_ahead
2025-11-11 07:15:00+00:00,100.86,day_ahead
2025-11-11 07:30:00+00:00,100.17,day_ahead
2025-11-11 07:45:00+00:00,92.28,day_ahead
2025-11-11 08:00:00+00:00,107.84,day_ahead
2025-11-11 08:15:00+00:00,95.21,day_ahead
2025-11-11 08:30:00+00:00,96.41,day_ahead
2025-11-11 08:45:00+00:00,84.54,day_ahead
2025-11-11 09:00:00+00:00,103.76,day_ahead
2025-11-11 09:15:00+00:00,87.87,day_ahead
2025-11-11 09:30:00+00:00,83.85,day_ahead
2025-11-11 09:45:00+00:00,76.83,day_ahead
2025-11-11 10:00:00+00:00,88.8,day_ahead
2025-11-11 10:15:00+00:00,83.75,day_ahead
2025-11-11 10:30:00+00:00,81.03,day_ahead
2025-11-11 10:45:00+00:00,76.82,day_ahead
2025-11-11 11:00:00+00:00,74.37,day_ahead
2025-11-11 11:15:00+00:00,72.91,day_ahead
2025-11-11 11:30:00+00:00,74.99,day_ahead
2025-11-11 11:45:00+00:00,80.16,day_ahead
2025-11-11 12:00:00+00:00,72.86,day_ahead
2025-11-11 12:15:00+00:00,75.22,day_ahead
2025-11-11 12:30:00+00:00,77.95,day_ahead
2025-11-11 12:45:00+00:00,84.52,day_ahead
2025-11-11 13:00:00+00:00,73.92,day_ahead
2025-11-11 13:15:00+00:00,79.8,day_ahead
2025-11-11 13:30:00+00:00,88.82,day_ahead
2025-11-11 13:45:00+00:00,101.29,day_ahead
2025-11-11 14:00:00+00:00,83.22,day_ahead
2025-11-11 14:15:00+00:00,99.03,day_ahead
2025-11-11 14:30:00+00:00,115.76,day_ahead
2025-11-11 14:45:00+00:00,123.98,day_ahead
2025-11-11 15:00:00+00:00,110.5,day_ahead
2025-11-11 15:15:00+00:00,122.22,day_ahead
2025-11-11 15:30:00+00:00,130.24,day_ahead
2025-11-11 15:45:00+00:00,133.6,day_ahead
2025-11-11 16:00:00+00:00,129.77,day_ahead
2025-11-11 16:15:00+00:00,132.33,day_ahead
2025-11-11 16:30:00+00:00,127.76,day_ahead
2025-11-11 16:45:00+00:00,121.22,day_ahead
2025-11-11 17:00:00+00:00,122.45,day_ahead
2025-11-11 17:15:00+00:00,111.85,day_ahead
2025-11-11 17:30:00+00:00,96.17,day_ahead
2025-11-11 17:45:00+00:00,85.75,day_ahead
2025-11-11 18:00:00+00:00,100.1,day_ahead
2025-11-11 18:15:00+00:00,84.06,day_ahead
2025-11-11 18:30:00+00:00,91.49,day_ahead
2025-11-11 18:45:00+00:00,88.27,day_ahead
2025-11-11 19:00:00+00:00,94.71,day_ahead
2025-11-11 19:15:00+00:00,89.59,day_ahead
2025-11-11 19:30:00+00:00,84.47,day_ahead
2025-11-11 19:45:00+00:00,73.72,day_ahead
2025-11-11 20:00:00+00:00,93.21,day_ahead
2025-11-11 20:15:00+00:00,84.13,day_ahead
2025-11-11 20:30:00+00:00,81.8,day_ahead
2025-11-11 20:45:00+00:00,74.08,day_ahead
2025-11-11 21:00:00+00:00,98.86,day_ahead
2025-11-11 21:15:00+00:00,81.58,day_ahead
2025-11-11 21:30:00+00:00,77.24,day_ahead
2025-11-11 21:45:00+00:00,62.31,day_ahead
2025-11-11 22:00:00+00:00,78.14,day_ahead
2025-11-11 22:15:00+00:00,68.63,day_ahead
2025-11-11 22:30:00+00:00,66.31,day_ahead
2025-11-11 22:45:00+00:00,49.67,day_ahead
2025-11-11 23:00:00+00:00,83.98,day_ahead
2025-11-11 23:15:00+00:00,69.26,day_ahead
2025-11-11 23:30:00+00:00,60.89,day_ahead
2025-11-11 23:45:00+00:00,54.66,day_ahead
2025-11-12 00:00:00+00:00,65.89,day_ahead
2025-11-12 00:15:00+00:00,60.38,day_ahead
2025-11-12 00:30:00+00:00,55.37,day_ahead
2025-11-12 00:45:00+00:00,52.32,day_ahead
2025-11-12 01:00:00+00:00,58.01,day_ahead
2025-11-12 01:15:00+00:00,56.44,day_ahead
2025-11-12 01:30:00+00:00,54.19,day_ahead
2025-11-12 01:45:00+00:00,51.13,day_ahead
2025-11-12 02:00:00+00:00,55.27,day_ahead
2025-11-12 02:15:00+00:00,52.69,day_ahead
2025-11-12 02:30:00+00:00,50.73,day_ahead
2025-11-12 02:45:00+00:00,49.95,day_ahead
2025-11-12 03:00:00+00:00,47.04,day_ahead
2025-11-12 03:15:00+00:00,46.02,day_ahead
2025-11-12 03:30:00+00:00,46.44,day_ahead
2025-11-12 03:45:00+00:00,46.85,day_ahead
2025-11-12 04:00:00+00:00,47.41,day_ahead
2025-11-12 04:15:00+00:00,47.94,day_ahead
2025-11-12 04:30:00+00:00,58.98,day_ahead
2025-11-12 04:45:00+00:00,57.71,day_ahead
2025-11-12 05:00:00+00:00,41.03,day_ahead
2025-11-12 05:15:00+00:00,55.41,day_ahead
2025-11-12 05:30:00+00:00,61.66,day_ahead
2025-11-12 05:45:00+00:00,81.88,day_ahead
2025-11-12 06:00:00+00:00,99.8,day_ahead
2025-11-12 06:15:00+00:00,103.12,day_ahead
2025-11-12 06:30:00+00:00,104.94,day_ahead
2025-11-12 06:45:00+00:00,99.47,day_ahead
2025-11-12 07:00:00+00:00,125.75,day_ahead
2025-11-12 07:15:00+00:00,103.17,day_ahead
2025-11-12 07:30:00+00:00,96.71,day_ahead
2025-11-12 07:45:00+00:00,55.0,day_ahead
2025-11-12 08:00:00+00:00,116.95,day_ahead
2025-11-12 08:15:00+00:00,83.19,day_ahead
2025-11-12 08:30:00+00:00,71.36,day_ahead
2025-11-12 08:45:00+00:00,50.88,day_ahead
2025-11-12 09:00:00+00:00,91.91,day_ahead
2025-11-12 09:15:00+00:00,72.2,day_ahead
2025-11-12 09:30:00+00:00,63.04,day_ahead
2025-11-12 09:45:00+00:00,48.53,day_ahead
2025-11-12 10:00:00+00:00,63.81,day_ahead
2025-11-12 10:15:00+00:00,51.0,day_ahead
2025-11-12 10:30:00+00:00,48.79,day_ahead
2025-11-12 10:45:00+00:00,48.03,day_ahead
2025-11-12 11:00:00+00:00,47.16,day_ahead
2025-11-12 11:15:00+00:00,47.94,day_ahead
2025-11-12 11:30:00+00:00,52.44,day_ahead
2025-11-12 11:45:00+00:00,62.85,day_ahead
2025-11-12 12:00:00+00:00,47.8,day_ahead
2025-11-12 12:15:00+00:00,57.63,day_ahead
2025-11-12 12:30:00+00:00,73.82,day_ahead
2025-11-12 12:45:00+00:00,82.02,day_ahead
2025-11-12 13:00:00+00:00,61.48,day_ahead
2025-11-12 13:15:00+00:00,57.24,day_ahead
2025-11-12 13:30:00+00:00,80.0,day_ahead
2025-11-12 13:45:00+00:00,122.98,day_ahead
2025-11-12 14:00:00+00:00,65.85,day_ahead
2025-11-12 14:15:00+00:00,89.7,day_ahead
2025-11-12 14:30:00+00:00,112.55,day_ahead
2025-11-12 14:45:00+00:00,131.73,day_ahead
2025-11-12 15:00:00+00:00,88.95,day_ahead
2025-11-12 15:15:00+00:00,102.39,day_ahead
2025-11-12 15:30:00+00:00,105.03,day_ahead
2025-11-12 15:45:00+00:00,114.36,day_ahead
2025-11-12 16:00:00+00:00,107.69,day_ahead
2025-11-12 16:15:00+00:00,108.98,day_ahead
2025-11-12 16:30:00+00:00,110.01,day_ahead
2025-11-12 16:45:00+00:00,100.81,day_ahead
2025-11-12 17:00:00+00:00,106.22,day_ahead
2025-11-12 17:15:00+00:00,103.85,day_ahead
2025-11-12 17:30:00+00:00,94.05,day_ahead
2025-11-12 17:45:00+00:00,92.01,day_ahead
2025-11-12 18:00:00+00:00,95.17,day_ahead
2025-11-12 18:15:00+00:00,85.1,day_ahead
2025-11-12 18:30:00+00:00,82.29,day_ahead
2025-11-12 18:45:00+00:00,75.24,day_ahead
2025-11-12 19:00:00+00:00,84.81,day_ahead
2025-11-12 19:15:00+00:00,81.52,day_ahead
2025-11-12 19:30:00+00:00,82.25,day_ahead
2025-11-12 19:45:00+00:00,68.22,day_ahead
2025-11-12 20:00:00+00:00,94.67,day_ahead
2025-11-12 20:15:00+00:00,75.64,day_ahead
2025-11-12 20:30:00+00:00,57.62,day_ahead
2025-11-12 20:45:00+00:00,46.17,day_ahead
2025-11-12 21:00:00+00:00,93.71,day_ahead
2025-11-12 21:15:00+00:00,72.25,day_ahead
2025-11-12 21:30:00+00:00,59.68,day_ahead
2025-11-12 21:45:00+00:00,51.99,day_ahead
2025-11-12 22:00:00+00:00,65.58,day_ahead
2025-11-12 22:15:00+00:00,60.85,day_ahead
2025-11-12 22:30:00+00:00,51.44,day_ahead
2025-11-12 22:45:00+00:00,38.25,day_ahead
2025-11-12 23:00:00+00:00,40.85,day_ahead
2025-11-12 23:15:00+00:00,33.22,day_ahead
2025-11-12 23:30:00+00:00,28.47,day_ahead
2025-11-12 23:45:00+00:00,17.05,day_ahead
2025-11-13 00:00:00+00:00,23.5,day_ahead
2025-11-13 00:15:00+00:00,17.13,day_ahead
2025-11-13 00:30:00+00:00,15.31,day_ahead
2025-11-13 00:45:00+00:00,12.28,day_ahead
2025-11-13 01:00:00+00:00,11.66,day_ahead
2025-11-13 01:15:00+00:00,11.14,day_ahead
2025-11-13 01:30:00+00:00,6.32,day_ahead
2025-11-13 01:45:00+00:00,5.28,day_ahead
2025-11-13 02:00:00+00:00,5.77,day_ahead
2025-11-13 02:15:00+00:00,5.08,day_ahead
2025-11-13 02:30:00+00:00,5.09,day_ahead
2025-11-13 02:45:00+00:00,3.6,day_ahead
2025-11-13 03:00:00+00:00,3.25,day_ahead
2025-11-13 03:15:00+00:00,2.53,day_ahead
2025-11-13 03:30:00+00:00,3.97,day_ahead
2025-11-13 03:45:00+00:00,6.9,day_ahead
2025-11-13 04:00:00+00:00,5.95,day_ahead
2025-11-13 04:15:00+00:00,12.56,day_ahead
2025-11-13 04:30:00+00:00,28.54,day_ahead
2025-11-13 04:45:00+00:00,43.48,day_ahead
2025-11-13 05:00:00+00:00,27.52,day_ahead
2025-11-13 05:15:00+00:00,46.71,day_ahead
2025-11-13 05:30:00+00:00,50.63,day_ahead
2025-11-13 05:45:00+00:00,53.41,day_ahead
2025-11-13 06:15:00+00:00,77.88,day_ahead
2025-11-13 06:30:00+00:00,78.39,day_ahead
2025-11-13 06:45:00+00:00,80.07,day_ahead
2025-11-13 07:00:00+00:00,85.32,day_ahead
2025-11-13 07:15:00+00:00,81.95,day_ahead
2025-11-13 07:30:00+00:00,98.02,day_ahead
2025-11-13 07:45:00+00:00,81.95,day_ahead
2025-11-13 08:00:00+00:00,138.0,day_ahead
2025-11-13 08:15:00+00:00,99.01,day_ahead
2025-11-13 08:30:00+00:00,80.72,day_ahead
2025-11-13 08:45:00+00:00,72.07,day_ahead
2025-11-13 09:00:00+00:00,112.8,day_ahead
2025-11-13 09:15:00+00:00,84.4,day_ahead
2025-11-13 09:30:00+00:00,74.53,day_ahead
2025-11-13 09:45:00+00:00,72.55,day_ahead
2025-11-13 10:00:00+00:00,75.84,day_ahead
2025-11-13 10:15:00+00:00,75.1,day_ahead
2025-11-13 10:30:00+00:00,85.24,day_ahead
2025-11-13 10:45:00+00:00,100.1,day_ahead
2025-11-13 11:00:00+00:00,72.35,day_ahead
2025-11-13 11:15:00+00:00,75.02,day_ahead
2025-11-13 11:30:00+00:00,94.0,day_ahead
2025-11-13 11:45:00+00:00,110.46,day_ahead
2025-11-13 12:00:00+00:00,72.4,day_ahead
2025-11-13 12:15:00+00:00,82.7,day_ahead
2025-11-13 12:30:00+00:00,105.1,day_ahead
2025-11-13 12:45:00+00:00,135.8,day_ahead
2025-11-13 13:00:00+00:00,79.62,day_ahead
2025-11-13 13:15:00+00:00,92.52,day_ahead
2025-11-13 13:30:00+00:00,101.6,day_ahead
2025-11-13 13:45:00+00:00,106.27,day_ahead
2025-11-13 14:00:00+00:00,72.36,day_ahead
2025-11-13 14:15:00+00:00,81.64,day_ahead
2025-11-13 14:30:00+00:00,107.67,day_ahead
2025-11-13 14:45:00+00:00,135.15,day_ahead
2025-11-13 15:00:00+00:00,67.59,day_ahead
2025-11-13 15:15:00+00:00,104.73,day_ahead
2025-11-13 15:30:00+00:00,115.58,day_ahead
2025-11-13 15:45:00+00:00,191.3,day_ahead
2025-11-13 16:00:00+00:00,104.85,day_ahead
2025-11-13 16:15:00+00:00,117.59,day_ahead
2025-11-13 16:30:00+00:00,123.02,day_ahead
2025-11-13 16:45:00+00:00,130.67,day_ahead
2025-11-13 17:00:00+00:00,115.96,day_ahead
2025-11-13 17:15:00+00:00,118.5,day_ahead
2025-11-13 17:30:00+00:00,124.33,day_ahead
2025-11-13 17:45:00+00:00,129.06,day_ahead
2025-11-13 18:00:00+00:00,122.41,day_ahead
2025-11-13 18:15:00+00:00,120.79,day_ahead
2025-11-13 18:30:00+00:00,120.24,day_ahead
2025-11-13 18:45:00+00:00,116.56,day_ahead
2025-11-13 19:00:00+00:00,110.65,day_ahead
2025-11-13 19:15:00+00:00,97.81,day_ahead
2025-11-13 19:30:00+00:00,94.01,day_ahead
2025-11-13 19:45:00+00:00,104.91,day_ahead
2025-11-13 20:00:00+00:00,119.15,day_ahead
2025-11-13 20:15:00+00:00,112.93,day_ahead
2025-11-13 20:30:00+00:00,100.33,day_ahead
2025-11-13 20:45:00+00:00,88.21,day_ahead
2025-11-13 21:00:00+00:00,114.63,day_ahead
2025-11-13 21:15:00+00:00,102.49,day_ahead
2025-11-13 21:30:00+00:00,93.15,day_ahead
2025-11-13 21:45:00+00:00,87.38,day_ahead
2025-11-13 22:00:00+00:00,105.1,day_ahead
2025-11-13 22:15:00+00:00,98.06,day_ahead
2025-11-13 22:30:00+00:00,89.2,day_ahead
2025-11-13 22:45:00+00:00,75.49,day_ahead
2025-11-13 23:00:00+00:00,87.78,day_ahead
2025-11-13 23:15:00+00:00,85.18,day_ahead
2025-11-13 23:30:00+00:00,89.61,day_ahead
2025-11-13 23:45:00+00:00,88.35,day_ahead
2025-11-14 00:00:00+00:00,86.75,day_ahead
2025-11-14 00:15:00+00:00,82.04,day_ahead
2025-11-14 00:30:00+00:00,87.71,day_ahead
2025-11-14 00:45:00+00:00,84.81,day_ahead
2025-11-14 01:00:00+00:00,86.64,day_ahead
2025-11-14 01:15:00+00:00,85.31,day_ahead
2025-11-14 01:30:00+00:00,84.66,day_ahead
2025-11-14 01:45:00+00:00,76.01,day_ahead
2025-11-14 02:00:00+00:00,79.96,day_ahead
2025-11-14 02:15:00+00:00,78.75,day_ahead
2025-11-14 02:30:00+00:00,79.02,day_ahead
2025-11-14 02:45:00+00:00,82.45,day_ahead
2025-11-14 03:00:00+00:00,76.72,day_ahead
2025-11-14 03:15:00+00:00,77.86,day_ahead
2025-11-14 03:30:00+00:00,80.5,day_ahead
2025-11-14 03:45:00+00:00,83.6,day_ahead
2025-11-14 04:00:00+00:00,82.87,day_ahead
2025-11-14 04:15:00+00:00,80.06,day_ahead
2025-11-14 04:30:00+00:00,75.02,day_ahead
2025-11-14 04:45:00+00:00,79.07,day_ahead
2025-11-14 05:00:00+00:00,84.36,day_ahead
2025-11-14 05:15:00+00:00,97.89,day_ahead
2025-11-14 05:30:00+00:00,93.53,day_ahead
2025-11-14 05:45:00+00:00,111.98,day_ahead
2025-11-14 06:00:00+00:00,113.94,day_ahead
2025-11-14 06:15:00+00:00,119.73,day_ahead
2025-11-14 06:30:00+00:00,122.66,day_ahead
2025-11-14 06:45:00+00:00,124.26,day_ahead
2025-11-14 07:00:00+00:00,135.9,day_ahead
2025-11-14 07:15:00+00:00,125.95,day_ahead
2025-11-14 07:30:00+00:00,118.17,day_ahead
2025-11-14 07:45:00+00:00,106.39,day_ahead
2025-11-14 08:00:00+00:00,120.82,day_ahead
2025-11-14 08:15:00+00:00,109.19,day_ahead
2025-11-14 08:30:00+00:00,105.2,day_ahead
2025-11-14 08:45:00+00:00,94.38,day_ahead
2025-11-14 09:00:00+00:00,109.81,day_ahead
2025-11-14 09:15:00+00:00,101.48,day_ahead
2025-11-14 09:30:00+00:00,92.81,day_ahead
2025-11-14 09:45:00+00:00,90.77,day_ahead
2025-11-14 10:00:00+00:00,97.87,day_ahead
2025-11-14 10:15:00+00:00,94.6,day_ahead
2025-11-14 10:30:00+00:00,92.99,day_ahead
2025-11-14 10:45:00+00:00,90.41,day_ahead
2025-11-14 11:00:00+00:00,91.38,day_ahead
2025-11-14 11:15:00+00:00,89.7,day_ahead
2025-11-14 11:30:00+00:00,89.41,day_ahead
2025-11-14 11:45:00+00:00,92.13,day_ahead
2025-11-14 12:00:00+00:00,91.02,day_ahead
2025-11-14 12:15:00+00:00,90.48,day_ahead
2025-11-14 12:30:00+00:00,93.85,day_ahead
2025-11-14 12:45:00+00:00,99.94,day_ahead
2025-11-14 13:00:00+00:00,92.16,day_ahead
2025-11-14 13:15:00+00:00,98.92,day_ahead
2025-11-14 13:30:00+00:00,92.37,day_ahead
2025-11-14 13:45:00+00:00,102.81,day_ahead
2025-11-14 14:00:00+00:00,98.76,day_ahead
2025-11-14 14:15:00+00:00,96.96,day_ahead
2025-11-14 14:30:00+00:00,105.89,day_ahead
2025-11-14 14:45:00+00:00,112.08,day_ahead
2025-11-14 15:00:00+00:00,102.65,day_ahead
2025-11-14 15:15:00+00:00,109.7,day_ahead
2025-11-14 15:30:00+00:00,98.81,day_ahead
2025-11-14 15:45:00+00:00,107.81,day_ahead
2025-11-14 16:00:00+00:00,114.65,day_ahead
2025-11-14 16:15:00+00:00,115.41,day_ahead
2025-11-14 16:30:00+00:00,116.57,day_ahead
2025-11-14 16:45:00+00:00,112.61,day_ahead
2025-11-14 17:00:00+00:00,96.08,day_ahead
2025-11-14 17:15:00+00:00,89.32,day_ahead
2025-11-14 17:30:00+00:00,85.0,day_ahead
2025-11-14 17:45:00+00:00,89.2,day_ahead
2025-11-14 18:00:00+00:00,91.62,day_ahead
2025-11-14 18:15:00+00:00,81.21,day_ahead
2025-11-14 18:30:00+00:00,82.48,day_ahead
2025-11-14 18:45:00+00:00,88.88,day_ahead
2025-11-14 19:00:00+00:00,91.38,day_ahead
2025-11-14 19:15:00+00:00,87.03,day_ahead
2025-11-14 19:30:00+00:00,85.8,day_ahead
2025-11-14 19:45:00+00:00,85.31,day_ahead
2025-11-14 20:00:00+00:00,89.32,day_ahead
2025-11-14 20:15:00+00:00,76.17,day_ahead
2025-11-14 20:30:00+00:00,80.22,day_ahead
2025-11-14 20:45:00+00:00,76.71,day_ahead
2025-11-14 21:00:00+00:00,90.78,day_ahead
2025-11-14 21:15:00+00:00,89.9,day_ahead
2025-11-14 21:30:00+00:00,90.1,day_ahead
2025-11-14 21:45:00+00:00,76.15,day_ahead
2025-11-14 22:00:00+00:00,90.83,day_ahead
2025-11-14 22:15:00+00:00,77.26,day_ahead
2025-11-14 22:30:00+00:00,65.24,day_ahead
2025-11-14 22:45:00+00:00,52.4,day_ahead
2025-11-14 23:00:00+00:00,77.4,day_ahead
2025-11-14 23:15:00+00:00,70.36,day_ahead
2025-11-14 23:30:00+00:00,69.14,day_ahead
2025-11-14 23:45:00+00:00,57.1,day_ahead
2025-11-15 00:00:00+00:00,73.92,day_ahead
2025-11-15 00:15:00+00:00,71.67,day_ahead
2025-11-15 00:30:00+00:00,66.88,day_ahead
2025-11-15 00:45:00+00:00,62.1,day_ahead
2025-11-15 01:00:00+00:00,70.11,day_ahead
2025-11-15 01:15:00+00:00,61.42,day_ahead
2025-11-15 01:30:00+00:00,61.22,day_ahead
2025-11-15 01:45:00+00:00,59.45,day_ahead
2025-11-15 02:00:00+00:00,66.09,day_ahead
2025-11-15 02:15:00+00:00,60.19,day_ahead
2025-11-15 02:30:00+00:00,64.93,day_ahead
2025-11-15 02:45:00+00:00,63.4,day_ahead
2025-11-15 03:00:00+00:00,60.28,day_ahead
2025-11-15 03:15:00+00:00,60.23,day_ahead
2025-11-15 03:30:00+00:00,60.02,day_ahead
2025-11-15 03:45:00+00:00,60.35,day_ahead
2025-11-15 04:00:00+00:00,58.79,day_ahead
2025-11-15 04:15:00+00:00,58.73,day_ahead
2025-11-15 04:30:00+00:00,60.07,day_ahead
2025-11-15 04:45:00+00:00,69.27,day_ahead
2025-11-15 05:00:00+00:00,46.79,day_ahead
2025-11-15 05:15:00+00:00,57.01,day_ahead
2025-11-15 05:30:00+00:00,60.56,day_ahead
2025-11-15 05:45:00+00:00,69.98,day_ahead
2025-11-15 06:00:00+00:00,66.9,day_ahead
2025-11-15 06:15:00+00:00,67.66,day_ahead
2025-11-15 06:30:00+00:00,69.34,day_ahead
2025-11-15 06:45:00+00:00,71.16,day_ahead
2025-11-15 07:00:00+00:00,74.37,day_ahead
2025-11-15 07:15:00+00:00,76.04,day_ahead
2025-11-15 07:30:00+00:00,80.0,day_ahead
2025-11-15 07:45:00+00:00,91.02,day_ahead
2025-11-15 08:00:00+00:00,86.36,day_ahead
2025-11-15 08:15:00+00:00,86.94,day_ahead
2025-11-15 08:30:00+00:00,81.4,day_ahead
2025-11-15 08:45:00+00:00,79.99,day_ahead
2025-11-15 09:00:00+00:00,93.53,day_ahead
2025-11-15 09:15:00+00:00,87.9,day_ahead
2025-11-15 09:30:00+00:00,82.46,day_ahead
2025-11-15 09:45:00+00:00,83.72,day_ahead
2025-11-15 10:00:00+00:00,88.93,day_ahead
2025-11-15 10:15:00+00:00,84.16,day_ahead
2025-11-15 10:30:00+00:00,88.91,day_ahead
2025-11-15 10:45:00+00:00,89.22,day_ahead
2025-11-15 11:00:00+00:00,84.3,day_ahead
2025-11-15 11:15:00+00:00,83.52,day_ahead
2025-11-15 11:30:00+00:00,86.83,day_ahead
2025-11-15 11:45:00+00:00,89.05,day_ahead
2025-11-15 12:00:00+00:00,83.59,day_ahead
2025-11-15 12:15:00+00:00,83.77,day_ahead
2025-11-15 12:30:00+00:00,89.31,day_ahead
2025-11-15 12:45:00+00:00,89.45,day_ahead
2025-11-15 13:00:00+00:00,84.07,day_ahead
2025-11-15 13:15:00+00:00,83.36,day_ahead
2025-11-15 13:30:00+00:00,86.99,day_ahead
2025-11-15 13:45:00+00:00,98.89,day_ahead
2025-11-15 14:00:00+00:00,86.94,day_ahead
2025-11-15 14:15:00+00:00,96.46,day_ahead
2025-11-15 14:30:00+00:00,84.22,day_ahead
2025-11-15 14:45:00+00:00,100.73,day_ahead
2025-11-15 15:00:00+00:00,84.29,day_ahead
2025-11-15 15:15:00+00:00,87.01,day_ahead
2025-11-15 15:30:00+00:00,98.91,day_ahead
2025-11-15 15:45:00+00:00,109.39,day_ahead
2025-11-15 16:00:00+00:00,94.99,day_ahead
2025-11-15 16:15:00+00:00,102.24,day_ahead
2025-11-15 16:30:00+00:00,113.02,day_ahead
2025-11-15 16:45:00+00:00,112.47,day_ahead
2025-11-15 17:00:00+00:00,114.05,day_ahead
2025-11-15 17:15:00+00:00,116.7,day_ahead
2025-11-15 17:30:00+00:00,112.98,day_ahead
2025-11-15 17:45:00+00:00,107.3,day_ahead
2025-11-15 18:00:00+00:00,109.05,day_ahead
2025-11-15 18:15:00+00:00,102.35,day_ahead
2025-11-15 18:30:00+00:00,107.76,day_ahead
2025-11-15 18:45:00+00:00,101.32,day_ahead
2025-11-15 19:00:00+00:00,100.93,day_ahead
2025-11-15 19:15:00+00:00,100.1,day_ahead
2025-11-15 19:30:00+00:00,91.7,day_ahead
2025-11-15 19:45:00+00:00,85.04,day_ahead
2025-11-15 20:00:00+00:00,96.45,day_ahead
2025-11-15 20:15:00+00:00,94.58,day_ahead
2025-11-15 20:30:00+00:00,93.43,day_ahead
2025-11-15 20:45:00+00:00,89.04,day_ahead
2025-11-15 21:00:00+00:00,98.79,day_ahead
2025-11-15 21:15:00+00:00,92.82,day_ahead
2025-11-15 21:30:00+00:00,90.32,day_ahead
2025-11-15 21:45:00+00:00,85.95,day_ahead
2025-11-15 22:00:00+00:00,96.06,day_ahead
2025-11-15 22:15:00+00:00,90.92,day_ahead
2025-11-15 22:30:00+00:00,89.48,day_ahead
2025-11-15 22:45:00+00:00,79.53,day_ahead
2025-11-15 23:00:00+00:00,89.16,day_ahead
2025-11-15 23:15:00+00:00,85.58,day_ahead
2025-11-15 23:30:00+00:00,86.8,day_ahead
2025-11-15 23:45:00+00:00,86.87,day_ahead
2025-11-16 00:00:00+00:00,87.63,day_ahead
2025-11-16 00:15:00+00:00,82.01,day_ahead
2025-11-16 00:30:00+00:00,86.16,day_ahead
2025-11-16 00:45:00+00:00,83.03,day_ahead
2025-11-16 01:00:00+00:00,83.5,day_ahead
2025-11-16 01:15:00+00:00,78.62,day_ahead
2025-11-16 01:30:00+00:00,84.91,day_ahead
2025-11-16 01:45:00+00:00,84.74,day_ahead
2025-11-16 02:00:00+00:00,90.64,day_ahead
2025-11-16 02:15:00+00:00,86.73,day_ahead
2025-11-16 02:30:00+00:00,85.76,day_ahead
2025-11-16 02:45:00+00:00,80.1,day_ahead
2025-11-16 03:15:00+00:00,77.91,day_ahead
2025-11-16 03:30:00+00:00,76.97,day_ahead
2025-11-16 03:45:00+00:00,76.68,day_ahead
2025-11-16 04:00:00+00:00,86.15,day_ahead
2025-11-16 04:15:00+00:00,79.82,day_ahead
2025-11-16 04:30:00+00:00,78.72,day_ahead
2025-11-16 04:45:00+00:00,77.1,day_ahead
2025-11-16 05:00:00+00:00,73.01,day_ahead
2025-11-16 05:15:00+00:00,77.52,day_ahead
2025-11-16 05:30:00+00:00,77.04,day_ahead
2025-11-16 05:45:00+00:00,76.38,day_ahead
2025-11-16 06:00:00+00:00,77.5,day_ahead
2025-11-16 06:15:00+00:00,87.59,day_ahead
2025-11-16 06:30:00+00:00,79.08,day_ahead
2025-11-16 06:45:00+00:00,86.21,day_ahead
2025-11-16 07:00:00+00:00,87.17,day_ahead
2025-11-16 07:15:00+00:00,87.06,day_ahead
2025-11-16 07:30:00+00:00,87.73,day_ahead
2025-11-16 07:45:00+00:00,84.13,day_ahead
2025-11-16 08:00:00+00:00,89.7,day_ahead
2025-11-16 08:15:00+00:00,88.61,day_ahead
2025-11-16 08:30:00+00:00,86.79,day_ahead
2025-11-16 08:45:00+00:00,87.95,day_ahead
2025-11-16 09:00:00+00:00,88.57,day_ahead
2025-11-16 09:15:00+00:00,87.3,day_ahead
2025-11-16 09:30:00+00:00,83.83,day_ahead
2025-11-16 09:45:00+00:00,86.81,day_ahead
2025-11-16 10:00:00+00:00,88.86,day_ahead
2025-11-16 10:15:00+00:00,91.32,day_ahead
2025-11-16 10:30:00+00:00,89.93,day_ahead
2025-11-16 10:45:00+00:00,89.88,day_ahead
2025-11-16 11:00:00+00:00,96.19,day_ahead
2025-11-16 11:15:00+00:00,92.7,day_ahead
2025-11-16 11:30:00+00:00,96.53,day_ahead
2025-11-16 11:45:00+00:00,94.72,day_ahead
2025-11-16 12:00:00+00:00,95.17,day_ahead
2025-11-16 12:15:00+00:00,92.73,day_ahead
2025-11-16 12:30:00+00:00,90.16,day_ahead
2025-11-16 12:45:00+00:00,91.85,day_ahead
2025-11-16 13:00:00+00:00,86.9,day_ahead
2025-11-16 13:15:00+00:00,95.6,day_ahead
2025-11-16 13:30:00+00:00,98.32,day_ahead
2025-11-16 13:45:00+00:00,101.45,day_ahead
2025-11-16 14:00:00+00:00,92.29,day_ahead
2025-11-16 14:15:00+00:00,94.2,day_ahead
2025-11-16 14:30:00+00:00,101.03,day_ahead
2025-11-16 14:45:00+00:00,110.43,day_ahead
2025-11-16 15:00:00+00:00,100.35,day_ahead
2025-11-16 15:15:00+00:00,105.62,day_ahead
2025-11-16 15:30:00+00:00,108.96,day_ahead
2025-11-16 15:45:00+00:00,119.04,day_ahead
2025-11-16 16:00:00+00:00,110.93,day_ahead
2025-11-16 16:15:00+00:00,117.31,day_ahead
2025-11-16 16:30:00+00:00,121.44,day_ahead
2025-11-16 16:45:00+00:00,122.81,day_ahead
2025-11-16 17:00:00+00:00,118.83,day_ahead
2025-11-16 17:15:00+00:00,117.2,day_ahead
2025-11-16 17:30:00+00:00,117.43,day_ahead
2025-11-16 17:45:00+00:00,116.16,day_ahead
2025-11-16 18:00:00+00:00,114.41,day_ahead
2025-11-16 18:15:00+00:00,111.69,day_ahead
2025-11-16 18:30:00+00:00,111.19,day_ahead
2025-11-16 18:45:00+00:00,102.32,day_ahead
2025-11-16 19:00:00+00:00,106.73,day_ahead
2025-11-16 19:15:00+00:00,96.36,day_ahead
2025-11-16 19:30:00+00:00,88.53,day_ahead
2025-11-16 19:45:00+00:00,84.11,day_ahead
2025-11-16 20:00:00+00:00,87.36,day_ahead
2025-11-16 20:15:00+00:00,84.12,day_ahead
2025-11-16 20:30:00+00:00,86.63,day_ahead
2025-11-16 20:45:00+00:00,80.0,day_ahead
2025-11-16 21:00:00+00:00,92.02,day_ahead
2025-11-16 21:15:00+00:00,90.22,day_ahead
2025-11-16 21:30:00+00:00,88.12,day_ahead
2025-11-16 21:45:00+00:00,87.78,day_ahead
2025-11-16 22:00:00+00:00,95.08,day_ahead
2025-11-16 22:15:00+00:00,82.65,day_ahead
2025-11-16 22:30:00+00:00,81.0,day_ahead
2025-11-16 22:45:00+00:00,70.86,day_ahead
2025-11-16 23:00:00+00:00,87.9,day_ahead
2025-11-16 23:15:00+00:00,82.57,day_ahead
2025-11-16 23:30:00+00:00,82.78,day_ahead
2025-11-16 23:45:00+00:00,76.29,day_ahead
2025-11-17 00:00:00+00:00,83.29,day_ahead
2025-11-17 00:15:00+00:00,77.84,day_ahead
2025-11-17 00:30:00+00:00,75.93,day_ahead
2025-11-17 00:45:00+00:00,69.11,day_ahead
2025-11-17 01:00:00+00:00,75.66,day_ahead
2025-11-17 01:15:00+00:00,71.63,day_ahead
2025-11-17 01:30:00+00:00,67.97,day_ahead
2025-11-17 01:45:00+00:00,64.55,day_ahead
2025-11-17 02:00:00+00:00,60.38,day_ahead
2025-11-17 02:15:00+00:00,58.64,day_ahead
2025-11-17 02:30:00+00:00,58.49,day_ahead
2025-11-17 02:45:00+00:00,58.4,day_ahead
2025-11-17 03:00:00+00:00,58.5,day_ahead
2025-11-17 03:15:00+00:00,58.43,day_ahead
2025-11-17 03:30:00+00:00,58.39,day_ahead
2025-11-17 03:45:00+00:00,57.8,day_ahead
2025-11-17 04:00:00+00:00,61.33,day_ahead
2025-11-17 04:15:00+00:00,61.91,day_ahead
2025-11-17 04:30:00+00:00,62.79,day_ahead
2025-11-17 04:45:00+00:00,66.79,day_ahead
2025-11-17 05:00:00+00:00,71.8,day_ahead
2025-11-17 05:15:00+00:00,72.87,day_ahead
2025-11-17 05:30:00+00:00,74.57,day_ahead
2025-11-17 05:45:00+00:00,75.32,day_ahead
2025-11-17 06:00:00+00:00,84.5,day_ahead
2025-11-17 06:15:00+00:00,90.0,day_ahead
2025-11-17 06:30:00+00:00,97.34,day_ahead
2025-11-17 06:45:00+00:00,100.17,day_ahead
2025-11-17 07:00:00+00:00,104.08,day_ahead
2025-11-17 07:15:00+00:00,106.3,day_ahead
2025-11-17 07:30:00+00:00,105.83,day_ahead
2025-11-17 07:45:00+00:00,103.8,day_ahead
2025-11-17 08:00:00+00:00,112.47,day_ahead
2025-11-17 08:15:00+00:00,99.01,day_ahead
2025-11-17 08:30:00+00:00,94.17,day_ahead
2025-11-17 08:45:00+00:00,84.64,day_ahead
2025-11-17 09:00:00+00:00,109.34,day_ahead
2025-11-17 09:15:00+00:00,91.5,day_ahead
2025-11-17 09:30:00+00:00,77.01,day_ahead
2025-11-17 09:45:00+00:00,61.74,day_ahead
2025-11-17 10:00:00+00:00,78.35,day_ahead
2025-11-17 10:15:00+00:00,73.1,day_ahead
2025-11-17 10:30:00+00:00,70.86,day_ahead
2025-11-17 10:45:00+00:00,62.9,day_ahead
2025-11-17 11:00:00+00:00,76.77,day_ahead
2025-11-17 11:15:00+00:00,72.69,day_ahead
2025-11-17 11:30:00+00:00,72.27,day_ahead
2025-11-17 11:45:00+00:00,70.44,day_ahead
2025-11-17 12:00:00+00:00,69.39,day_ahead
2025-11-17 12:15:00+00:00,71.58,day_ahead
2025-11-17 12:30:00+00:00,73.09,day_ahead
2025-11-17 12:45:00+00:00,78.84,day_ahead
2025-11-17 13:00:00+00:00,79.21,day_ahead
2025-11-17 13:15:00+00:00,79.79,day_ahead
2025-11-17 13:30:00+00:00,79.3,day_ahead
2025-11-17 13:45:00+00:00,84.05,day_ahead
2025-11-17 14:00:00+00:00,78.61,day_ahead
2025-11-17 14:15:00+00:00,83.05,day_ahead
2025-11-17 14:30:00+00:00,89.03,day_ahead
2025-11-17 14:45:00+00:00,93.42,day_ahead
2025-11-17 15:00:00+00:00,70.98,day_ahead
2025-11-17 15:15:00+00:00,84.1,day_ahead
2025-11-17 15:30:00+00:00,87.64,day_ahead
2025-11-17 15:45:00+00:00,101.01,day_ahead
2025-11-17 16:00:00+00:00,107.21,day_ahead
2025-11-17 16:15:00+00:00,113.85,day_ahead
2025-11-17 16:30:00+00:00,115.09,day_ahead
2025-11-17 16:45:00+00:00,115.84,day_ahead
2025-11-17 17:00:00+00:00,117.64,day_ahead
2025-11-17 17:15:00+00:00,114.32,day_ahead
2025-11-17 17:30:00+00:00,115.85,day_ahead
2025-11-17 17:45:00+00:00,116.1,day_ahead
2025-11-17 18:00:00+00:00,114.59,day_ahead
2025-11-17 18:15:00+00:00,112.22,day_ahead
2025-11-17 18:30:00+00:00,108.72,day_ahead
2025-11-17 18:45:00+00:00,107.04,day_ahead
2025-11-17 19:00:00+00:00,107.98,day_ahead
2025-11-17 19:15:00+00:00,107.06,day_ahead
2025-11-17 19:30:00+00:00,103.92,day_ahead
2025-11-17 19:45:00+00:00,86.43,day_ahead
2025-11-17 20:00:00+00:00,95.13,day_ahead
2025-11-17 20:15:00+00:00,88.57,day_ahead
2025-11-17 20:30:00+00:00,84.64,day_ahead
2025-11-17 20:45:00+00:00,80.1,day_ahead
2025-11-17 21:00:00+00:00,82.23,day_ahead
2025-11-17 21:15:00+00:00,84.64,day_ahead
2025-11-17 21:30:00+00:00,88.41,day_ahead
2025-11-17 21:45:00+00:00,84.72,day_ahead
2025-11-17 22:00:00+00:00,90.06,day_ahead
2025-11-17 22:15:00+00:00,83.65,day_ahead
2025-11-17 22:30:00+00:00,78.39,day_ahead
2025-11-17 22:45:00+00:00,72.0,day_ahead
2025-11-17 23:00:00+00:00,89.07,day_ahead
2025-11-17 23:15:00+00:00,83.52,day_ahead
2025-11-17 23:30:00+00:00,85.14,day_ahead
2025-11-17 23:45:00+00:00,80.63,day_ahead
2025-11-18 00:00:00+00:00,86.66,day_ahead
2025-11-18 00:15:00+00:00,82.76,day_ahead
2025-11-18 00:30:00+00:00,81.22,day_ahead
2025-11-18 00:45:00+00:00,78.4,day_ahead
2025-11-18 01:00:00+00:00,80.26,day_ahead
2025-11-18 01:15:00+00:00,78.14,day_ahead
2025-11-18 01:30:00+00:00,77.9,day_ahead
2025-11-18 01:45:00+00:00,75.87,day_ahead
2025-11-18 02:00:00+00:00,78.21,day_ahead
2025-11-18 02:15:00+00:00,77.69,day_ahead
2025-11-18 02:30:00+00:00,77.62,day_ahead
2025-11-18 02:45:00+00:00,77.35,day_ahead
2025-11-18 03:00:00+00:00,75.6,day_ahead
2025-11-18 03:15:00+00:00,77.38,day_ahead
2025-11-18 03:30:00+00:00,80.1,day_ahead
2025-11-18 03:45:00+00:00,82.93,day_ahead
2025-11-18 04:00:00+00:00,75.6,day_ahead
2025-11-18 04:15:00+00:00,80.58,day_ahead
2025-11-18 04:30:00+00:00,83.43,day_ahead
2025-11-18 04:45:00+00:00,85.85,day_ahead
2025-11-18 05:00:00+00:00,86.3,day_ahead
2025-11-18 05:15:00+00:00,93.89,day_ahead
2025-11-18 05:30:00+00:00,91.55,day_ahead
2025-11-18 05:45:00+00:00,84.96,day_ahead
2025-11-18 06:00:00+00:00,96.02,day_ahead
2025-11-18 06:15:00+00:00,92.95,day_ahead
2025-11-18 06:30:00+00:00,101.32,day_ahead
2025-11-18 06:45:00+00:00,107.55,day_ahead
2025-11-18 07:00:00+00:00,124.92,day_ahead
2025-11-18 07:15:00+00:00,117.81,day_ahead
2025-11-18 07:30:00+00:00,116.5,day_ahead
2025-11-18 07:45:00+00:00,102.75,day_ahead
2025-11-18 08:00:00+00:00,133.83,day_ahead
2025-11-18 08:15:00+00:00,108.5,day_ahead
2025-11-18 08:30:00+00:00,92.73,day_ahead
2025-11-18 08:45:00+00:00,86.35,day_ahead
2025-11-18 09:00:00+00:00,98.03,day_ahead
2025-11-18 09:15:00+00:00,89.18,day_ahead
2025-11-18 09:30:00+00:00,88.2,day_ahead
2025-11-18 09:45:00+00:00,86.99,day_ahead
2025-11-18 10:00:00+00:00,84.29,day_ahead
2025-11-18 10:15:00+00:00,85.21,day_ahead
2025-11-18 10:45:00+00:00,86.14,day_ahead
2025-11-18 11:00:00+00:00,87.1,day_ahead
2025-11-18 11:15:00+00:00,84.08,day_ahead
2025-11-18 11:30:00+00:00,87.69,day_ahead
2025-11-18 11:45:00+00:00,84.18,day_ahead
2025-11-18 12:00:00+00:00,87.77,day_ahead
2025-11-18 12:15:00+00:00,86.96,day_ahead
2025-11-18 12:30:00+00:00,86.22,day_ahead
2025-11-18 12:45:00+00:00,86.74,day_ahead
2025-11-18 13:00:00+00:00,85.28,day_ahead
2025-11-18 13:15:00+00:00,90.16,day_ahead
2025-11-18 13:30:00+00:00,95.98,day_ahead
2025-11-18 13:45:00+00:00,102.01,day_ahead
2025-11-18 14:00:00+00:00,100.2,day_ahead
2025-11-18 14:15:00+00:00,112.77,day_ahead
2025-11-18 14:30:00+00:00,122.66,day_ahead
2025-11-18 14:45:00+00:00,129.65,day_ahead
2025-11-18 15:00:00+00:00,115.61,day_ahead
2025-11-18 15:15:00+00:00,131.15,day_ahead
2025-11-18 15:30:00+00:00,138.16,day_ahead
2025-11-18 15:45:00+00:00,155.99,day_ahead
2025-11-18 16:00:00+00:00,138.12,day_ahead
2025-11-18 16:15:00+00:00,147.96,day_ahead
2025-11-18 16:30:00+00:00,147.23,day_ahead
2025-11-18 16:45:00+00:00,146.3,day_ahead
2025-11-18 17:00:00+00:00,146.88,day_ahead
2025-11-18 17:15:00+00:00,142.3,day_ahead
2025-11-18 17:30:00+00:00,139.26,day_ahead
2025-11-18 17:45:00+00:00,139.66,day_ahead
2025-11-18 18:00:00+00:00,134.54,day_ahead
2025-11-18 18:15:00+00:00,132.68,day_ahead
2025-11-18 18:30:00+00:00,130.88,day_ahead
2025-11-18 18:45:00+00:00,126.21,day_ahead
2025-11-18 19:00:00+00:00,120.79,day_ahead
2025-11-18 19:15:00+00:00,102.21,day_ahead
2025-11-18 19:30:00+00:00,103.11,day_ahead
2025-11-18 19:45:00+00:00,97.29,day_ahead
2025-11-18 20:00:00+00:00,99.93,day_ahead
2025-11-18 20:15:00+00:00,91.63,day_ahead
2025-11-18 20:30:00+00:00,94.56,day_ahead
2025-11-18 20:45:00+00:00,89.07,day_ahead
2025-11-18 21:00:00+00:00,102.12,day_ahead
2025-11-18 21:15:00+00:00,96.04,day_ahead
2025-11-18 21:30:00+00:00,100.03,day_ahead
2025-11-18 21:45:00+00:00,91.32,day_ahead
2025-11-18 22:00:00+00:00,97.35,day_ahead
2025-11-18 22:15:00+00:00,89.12,day_ahead
2025-11-18 22:30:00+00:00,88.85,day_ahead
2025-11-18 22:45:00+00:00,84.53,day_ahead
2025-11-18 23:00:00+00:00,91.46,day_ahead
2025-11-18 23:15:00+00:00,86.64,day_ahead
2025-11-18 23:30:00+00:00,86.12,day_ahead
2025-11-18 23:45:00+00:00,81.58,day_ahead
2025-11-19 00:00:00+00:00,86.85,day_ahead
2025-11-19 00:15:00+00:00,84.7,day_ahead
2025-11-19 00:30:00+00:00,87.12,day_ahead
2025-11-19 00:45:00+00:00,84.65,day_ahead
2025-11-19 01:00:00+00:00,85.77,day_ahead
2025-11-19 01:15:00+00:00,82.22,day_ahead
2025-11-19 01:30:00+00:00,82.76,day_ahead
2025-11-19 01:45:00+00:00,79.32,day_ahead
2025-11-19 02:00:00+00:00,81.65,day_ahead
2025-11-19 02:15:00+00:00,79.87,day_ahead
2025-11-19 02:30:00+00:00,79.43,day_ahead
2025-11-19 02:45:00+00:00,78.21,day_ahead
2025-11-19 03:00:00+00:00,80.49,day_ahead
2025-11-19 03:15:00+00:00,80.71,day_ahead
2025-11-19 03:30:00+00:00,81.85,day_ahead
2025-11-19 03:45:00+00:00,81.26,day_ahead
2025-11-19 04:00:00+00:00,82.68,day_ahead
2025-11-19 04:15:00+00:00,85.22,day_ahead
2025-11-19 04:30:00+00:00,86.04,day_ahead
2025-11-19 04:45:00+00:00,84.11,day_ahead
2025-11-19 05:00:00+00:00,87.38,day_ahead
2025-11-19 05:15:00+00:00,95.36,day_ahead
2025-11-19 05:30:00+00:00,93.34,day_ahead
2025-11-19 05:45:00+00:00,102.6,day_ahead
2025-11-19 06:00:00+00:00,116.45,day_ahead
2025-11-19 06:15:00+00:00,120.47,day_ahead
2025-11-19 06:30:00+00:00,124.21,day_ahead
2025-11-19 06:45:00+00:00,127.15,day_ahead
2025-11-19 07:00:00+00:00,153.29,day_ahead
2025-11-19 07:15:00+00:00,138.9,day_ahead
2025-11-19 07:30:00+00:00,130.29,day_ahead
2025-11-19 07:45:00+00:00,113.74,day_ahead
2025-11-19 08:00:00+00:00,127.19,day_ahead
2025-11-19 08:15:00+00:00,116.46,day_ahead
2025-11-19 08:30:00+00:00,112.08,day_ahead
2025-11-19 08:45:00+00:00,96.53,day_ahead
2025-11-19 09:00:00+00:00,109.45,day_ahead
2025-11-19 09:15:00+00:00,96.57,day_ahead
2025-11-19 09:30:00+00:00,93.0,day_ahead
2025-11-19 09:45:00+00:00,87.75,day_ahead
2025-11-19 10:00:00+00:00,93.56,day_ahead
2025-11-19 10:15:00+00:00,89.5,day_ahead
2025-11-19 10:30:00+00:00,87.02,day_ahead
2025-11-19 10:45:00+00:00,87.29,day_ahead
2025-11-19 11:00:00+00:00,87.69,day_ahead
2025-11-19 11:15:00+00:00,86.39,day_ahead
2025-11-19 11:30:00+00:00,87.46,day_ahead
2025-11-19 11:45:00+00:00,86.11,day_ahead
2025-11-19 12:00:00+00:00,84.57,day_ahead
2025-11-19 12:15:00+00:00,86.07,day_ahead
2025-11-19 12:30:00+00:00,90.41,day_ahead
2025-11-19 12:45:00+00:00,96.89,day_ahead
2025-11-19 13:00:00+00:00,83.57,day_ahead
2025-11-19 13:15:00+00:00,95.0,day_ahead
2025-11-19 13:30:00+00:00,102.49,day_ahead
2025-11-19 13:45:00+00:00,112.41,day_ahead
2025-11-19 14:00:00+00:00,98.48,day_ahead
2025-11-19 14:15:00+00:00,111.7,day_ahead
2025-11-19 14:30:00+00:00,109.68,day_ahead
2025-11-19 14:45:00+00:00,119.97,day_ahead
2025-11-19 15:00:00+00:00,92.2,day_ahead
2025-11-19 15:15:00+00:00,113.17,day_ahead
2025-11-19 15:30:00+00:00,114.11,day_ahead
2025-11-19 15:45:00+00:00,115.1,day_ahead
2025-11-19 16:00:00+00:00,109.2,day_ahead
2025-11-19 16:15:00+00:00,122.1,day_ahead
2025-11-19 16:30:00+00:00,122.81,day_ahead
2025-11-19 16:45:00+00:00,124.2,day_ahead
2025-11-19 17:00:00+00:00,114.8,day_ahead
2025-11-19 17:15:00+00:00,116.75,day_ahead
2025-11-19 17:30:00+00:00,120.33,day_ahead
2025-11-19 17:45:00+00:00,120.44,day_ahead
2025-11-19 18:00:00+00:00,118.78,day_ahead
2025-11-19 18:15:00+00:00,115.66,day_ahead
2025-11-19 18:30:00+00:00,117.94,day_ahead
2025-11-19 18:45:00+00:00,120.58,day_ahead
2025-11-19 19:00:00+00:00,118.99,day_ahead
2025-11-19 19:15:00+00:00,107.24,day_ahead
2025-11-19 19:30:00+00:00,100.15,day_ahead
2025-11-19 19:45:00+00:00,92.03,day_ahead
2025-11-19 20:00:00+00:00,100.67,day_ahead
2025-11-19 20:15:00+00:00,100.5,day_ahead
2025-11-19 20:30:00+00:00,97.88,day_ahead
2025-11-19 20:45:00+00:00,91.09,day_ahead
2025-11-19 21:00:00+00:00,97.08,day_ahead
2025-11-19 21:15:00+00:00,97.9,day_ahead
2025-11-19 21:30:00+00:00,101.47,day_ahead
2025-11-19 21:45:00+00:00,95.61,day_ahead
2025-11-19 22:00:00+00:00,95.75,day_ahead
2025-11-19 22:15:00+00:00,93.48,day_ahead
2025-11-19 22:30:00+00:00,90.19,day_ahead
2025-11-19 22:45:00+00:00,88.12,day_ahead
