Timeinterval Start Loc;Timeinterval End Loc;Isp;Currency Unit Name;Price Measurement Unit Name;Incident Reserve Up;Incident Reserve Down;Price Dispatch Up;Price Dispatch Down;Price Shortage;Price Surplus;Regulation State;Regulating Condition
2024-11-01T00:00;2024-11-01T00:15;1;EUR;MWh;NO;NO;98.61;82.1;98.61;78.31;2;UP_AND_DOWN
2024-11-01T00:15;2024-11-01T00:30;2;EUR;MWh;NO;NO;;82.1;82.1;82.1;-1;DOWN
2024-11-01T00:30;2024-11-01T00:45;3;EUR;MWh;NO;NO;;19.18;19.18;19.18;-1;DOWN
2024-11-01T00:45;2024-11-01T01:00;4;EUR;MWh;NO;NO;;38.69;38.69;38.69;-1;DOWN
2024-11-01T01:00;2024-11-01T01:15;5;EUR;MWh;NO;NO;126.1;80;126.1;78.31;2;UP_AND_DOWN
2024-11-01T01:15;2024-11-01T01:30;6;EUR;MWh;NO;NO;;80;80;80;-1;DOWN
2024-11-01T01:30;2024-11-01T01:45;7;EUR;MWh;NO;NO;;57.17;57.17;57.17;-1;DOWN
2024-11-01T01:45;2024-11-01T02:00;8;EUR;MWh;NO;NO;;53.24;53.24;53.24;-1;DOWN
2024-11-01T02:00;2024-11-01T02:15;9;EUR;MWh;NO;NO;118.38;61.6;118.38;61.6;2;UP_AND_DOWN
2024-11-01T02:15;2024-11-01T02:30;10;EUR;MWh;NO;NO;99.05;;99.05;99.05;1;UP
2024-11-01T02:30;2024-11-01T02:45;11;EUR;MWh;NO;NO;98.61;;98.61;98.61;1;UP
2024-11-01T02:45;2024-11-01T03:00;12;EUR;MWh;NO;NO;;80;80;80;-1;DOWN
2024-11-01T03:00;2024-11-01T03:15;13;EUR;MWh;NO;NO;;82;82;82;-1;DOWN
2024-11-01T03:15;2024-11-01T03:30;14;EUR;MWh;NO;NO;;;78.31;78.31;0;STABLE
2024-11-01T03:30;2024-11-01T03:45;15;EUR;MWh;NO;NO;;;77.65;77.65;0;STABLE
2024-11-01T03:45;2024-11-01T04:00;16;EUR;MWh;NO;NO;90.3;80;90.3;77.65;2;UP_AND_DOWN
2024-11-01T04:00;2024-11-01T04:15;17;EUR;MWh;NO;NO;90.3;42.69;42.69;42.69;-1;DOWN
2024-11-01T04:15;2024-11-01T04:30;18;EUR;MWh;NO;NO;;60.79;60.79;60.79;-1;DOWN
2024-11-01T04:30;2024-11-01T04:45;19;EUR;MWh;NO;NO;;80.72;80.72;80.72;-1;DOWN
2024-11-01T04:45;2024-11-01T05:00;20;EUR;MWh;NO;NO;;82;82;82;-1;DOWN
2024-11-01T05:00;2024-11-01T05:15;21;EUR;MWh;NO;NO;;82;82;82;-1;DOWN
2024-11-01T05:15;2024-11-01T05:30;22;EUR;MWh;NO;NO;83.61;;83.61;83.61;1;UP
2024-11-01T05:30;2024-11-01T05:45;23;EUR;MWh;NO;NO;68.61;;68.61;68.61;1;UP
2024-11-01T05:45;2024-11-01T06:00;24;EUR;MWh;NO;NO;68.61;;68.61;68.61;1;UP
2024-11-01T06:00;2024-11-01T06:15;25;EUR;MWh;NO;NO;;69.59;69.59;69.59;-1;DOWN
2024-11-01T06:15;2024-11-01T06:30;26;EUR;MWh;NO;NO;;62.4;62.4;62.4;-1;DOWN
2024-11-01T06:30;2024-11-01T06:45;27;EUR;MWh;NO;NO;;73.78;73.78;73.78;-1;DOWN
2024-11-01T06:45;2024-11-01T07:00;28;EUR;MWh;NO;NO;;65.9;65.9;65.9;-1;DOWN
2024-11-01T07:00;2024-11-01T07:15;29;EUR;MWh;NO;NO;;-27.34;-27.34;-27.34;-1;DOWN
2024-11-01T07:15;2024-11-01T07:30;30;EUR;MWh;NO;NO;;68.11;68.11;68.11;-1;DOWN
2024-11-01T07:30;2024-11-01T07:45;31;EUR;MWh;NO;NO;;82;82;82;-1;DOWN
2024-11-01T07:45;2024-11-01T08:00;32;EUR;MWh;NO;NO;94.38;;94.38;94.38;1;UP
2024-11-01T08:00;2024-11-01T08:15;33;EUR;MWh;NO;NO;83.61;82;83.61;78.17;2;UP_AND_DOWN
2024-11-01T08:15;2024-11-01T08:30;34;EUR;MWh;NO;NO;98.61;86.23;98.61;78.17;2;UP_AND_DOWN
2024-11-01T08:30;2024-11-01T08:45;35;EUR;MWh;NO;NO;103.38;87.73;103.38;78.17;2;UP_AND_DOWN
2024-11-01T08:45;2024-11-01T09:00;36;EUR;MWh;NO;NO;125.6;87.73;125.6;125.6;1;UP
2024-11-01T09:00;2024-11-01T09:15;37;EUR;MWh;NO;NO;173.86;;173.86;173.86;1;UP
2024-11-01T09:15;2024-11-01T09:30;38;EUR;MWh;NO;NO;130;;130;130;1;UP
2024-11-01T09:30;2024-11-01T09:45;39;EUR;MWh;NO;NO;134.42;;134.42;134.42;1;UP
2024-11-01T09:45;2024-11-01T10:00;40;EUR;MWh;NO;NO;130;;130;130;1;UP
2024-11-01T10:00;2024-11-01T10:15;41;EUR;MWh;NO;NO;108.96;;108.96;108.96;1;UP
2024-11-01T10:15;2024-11-01T10:30;42;EUR;MWh;NO;NO;98.61;;98.61;98.61;1;UP
2024-11-01T10:30;2024-11-01T10:45;43;EUR;MWh;NO;NO;112.3;;112.3;112.3;1;UP
2024-11-01T10:45;2024-11-01T11:00;44;EUR;MWh;NO;NO;130;;130;130;1;UP
2024-11-01T11:00;2024-11-01T11:15;45;EUR;MWh;NO;NO;115.86;;115.86;115.86;1;UP
2024-11-01T11:15;2024-11-01T11:30;46;EUR;MWh;NO;NO;118.5;;118.5;118.5;1;UP
2024-11-01T11:30;2024-11-01T11:45;47;EUR;MWh;NO;NO;118.5;81.95;81.95;81.95;-1;DOWN
2024-11-01T11:45;2024-11-01T12:00;48;EUR;MWh;NO;NO;;66.34;66.34;66.34;-1;DOWN
2024-11-01T12:00;2024-11-01T12:15;49;EUR;MWh;NO;NO;662.03;-65.37;662.03;-65.37;2;UP_AND_DOWN
2024-11-01T12:15;2024-11-01T12:30;50;EUR;MWh;NO;NO;110.9;-30;110.9;-30;2;UP_AND_DOWN
2024-11-01T12:30;2024-11-01T12:45;51;EUR;MWh;NO;NO;;53.27;53.27;53.27;-1;DOWN
2024-11-01T12:45;2024-11-01T13:00;52;EUR;MWh;NO;NO;;75.87;75.87;75.87;-1;DOWN
2024-11-01T13:00;2024-11-01T13:15;53;EUR;MWh;NO;NO;128;82;128;77.65;2;UP_AND_DOWN
2024-11-01T13:15;2024-11-01T13:30;54;EUR;MWh;NO;NO;95.49;;95.49;95.49;1;UP
2024-11-01T13:30;2024-11-01T13:45;55;EUR;MWh;NO;NO;95.49;90.28;95.49;79.45;2;UP_AND_DOWN
2024-11-01T13:45;2024-11-01T14:00;56;EUR;MWh;NO;NO;120.6;;120.6;120.6;1;UP
2024-11-01T14:00;2024-11-01T14:15;57;EUR;MWh;NO;NO;108.92;;108.92;108.92;1;UP
2024-11-01T14:15;2024-11-01T14:30;58;EUR;MWh;NO;NO;122.42;;122.42;122.42;1;UP
2024-11-01T14:30;2024-11-01T14:45;59;EUR;MWh;NO;NO;130;;130;130;1;UP
2024-11-01T14:45;2024-11-01T15:00;60;EUR;MWh;NO;NO;130;;130;130;1;UP
2024-11-01T15:00;2024-11-01T15:15;61;EUR;MWh;NO;NO;130;86.23;130;79.52;2;UP_AND_DOWN
2024-11-01T15:15;2024-11-01T15:30;62;EUR;MWh;NO;NO;130;;130;130;1;UP
2024-11-01T15:30;2024-11-01T15:45;63;EUR;MWh;NO;NO;130;;130;130;1;UP
2024-11-01T15:45;2024-11-01T16:00;64;EUR;MWh;NO;NO;130;;130;130;1;UP
2024-11-01T16:00;2024-11-01T16:15;65;EUR;MWh;NO;NO;130;82;82;82;-1;DOWN
2024-11-01T16:15;2024-11-01T16:30;66;EUR;MWh;NO;NO;127;78;127;78;2;UP_AND_DOWN
2024-11-01T16:30;2024-11-01T16:45;67;EUR;MWh;NO;NO;130;83.23;130;80.11;2;UP_AND_DOWN
2024-11-01T16:45;2024-11-01T17:00;68;EUR;MWh;NO;NO;128;;128;128;1;UP
2024-11-01T17:00;2024-11-01T17:15;69;EUR;MWh;NO;NO;68.61;83.23;80.11;80.11;2;UP_AND_DOWN
2024-11-01T17:15;2024-11-01T17:30;70;EUR;MWh;NO;NO;135.31;;135.31;135.31;1;UP
2024-11-01T17:30;2024-11-01T17:45;71;EUR;MWh;NO;NO;233.31;;233.31;233.31;1;UP
2024-11-01T17:45;2024-11-01T18:00;72;EUR;MWh;NO;NO;160.31;;160.31;160.31;1;UP
2024-11-01T18:00;2024-11-01T18:15;73;EUR;MWh;NO;NO;138.1;;138.1;138.1;1;UP
2024-11-01T18:15;2024-11-01T18:30;74;EUR;MWh;NO;NO;138.1;;138.1;138.1;1;UP
2024-11-01T18:30;2024-11-01T18:45;75;EUR;MWh;NO;NO;135.25;;135.25;135.25;1;UP
2024-11-01T18:45;2024-11-01T19:00;76;EUR;MWh;NO;NO;130;;130;130;1;UP
2024-11-01T19:00;2024-11-01T19:15;77;EUR;MWh;NO;NO;112.5;83;83;83;-1;DOWN
2024-11-01T19:15;2024-11-01T19:30;78;EUR;MWh;NO;NO;;47.94;47.94;47.94;-1;DOWN
2024-11-01T19:30;2024-11-01T19:45;79;EUR;MWh;NO;NO;;39.96;39.96;39.96;-1;DOWN
2024-11-01T19:45;2024-11-01T20:00;80;EUR;MWh;NO;NO;;65.23;65.23;65.23;-1;DOWN
2024-11-01T20:00;2024-11-01T20:15;81;EUR;MWh;NO;NO;;62.24;62.24;62.24;-1;DOWN
2024-11-01T20:15;2024-11-01T20:30;82;EUR;MWh;NO;NO;131;63.74;131;63.74;2;UP_AND_DOWN
2024-11-01T20:30;2024-11-01T20:45;83;EUR;MWh;NO;NO;143;63.74;143;143;1;UP
2024-11-01T20:45;2024-11-01T21:00;84;EUR;MWh;NO;NO;143;;80.04;80.04;0;STABLE
2024-11-01T21:00;2024-11-01T21:15;85;EUR;MWh;NO;NO;98.61;86.69;98.61;78.31;2;UP_AND_DOWN
2024-11-01T21:15;2024-11-01T21:30;86;EUR;MWh;NO;NO;102.78;;102.78;102.78;1;UP
2024-11-01T21:30;2024-11-01T21:45;87;EUR;MWh;NO;NO;110.25;;110.25;110.25;1;UP
2024-11-01T21:45;2024-11-01T22:00;88;EUR;MWh;NO;NO;89.78;;89.78;89.78;1;UP
2024-11-01T22:00;2024-11-01T22:15;89;EUR;MWh;NO;NO;137.9;;137.9;137.9;1;UP
2024-11-01T22:15;2024-11-01T22:30;90;EUR;MWh;NO;NO;100.7;;100.7;100.7;1;UP
2024-11-01T22:30;2024-11-01T22:45;91;EUR;MWh;NO;NO;68.61;;68.61;68.61;1;UP
2024-11-01T22:45;2024-11-01T23:00;92;EUR;MWh;NO;NO;98.37;81;98.37;78.31;2;UP_AND_DOWN
2024-11-01T23:00;2024-11-01T23:15;93;EUR;MWh;NO;NO;137.9;82.7;137.9;78.31;2;UP_AND_DOWN
2024-11-01T23:15;2024-11-01T23:30;94;EUR;MWh;NO;NO;135.14;;135.14;135.14;1;UP
2024-11-01T23:30;2024-11-01T23:45;95;EUR;MWh;NO;NO;137.9;;137.9;137.9;1;UP
2024-11-01T23:45;2024-11-02T00:00;96;EUR;MWh;NO;NO;91.69;82.48;82.48;82.48;-1;DOWN
2024-11-02T00:00;2024-11-02T00:15;1;EUR;MWh;NO;NO;;77.8;77.8;77.8;-1;DOWN
2024-11-02T00:15;2024-11-02T00:30;2;EUR;MWh;NO;NO;96.78;82;96.78;70.81;2;UP_AND_DOWN
2024-11-02T00:30;2024-11-02T00:45;3;EUR;MWh;NO;NO;90.39;;90.39;90.39;1;UP
2024-11-02T00:45;2024-11-02T01:00;4;EUR;MWh;NO;NO;90.87;;90.87;90.87;1;UP
2024-11-02T01:00;2024-11-02T01:15;5;EUR;MWh;NO;NO;91.97;;91.97;91.97;1;UP
2024-11-02T01:15;2024-11-02T01:30;6;EUR;MWh;NO;NO;91.97;67.94;67.94;67.94;-1;DOWN
2024-11-02T01:30;2024-11-02T01:45;7;EUR;MWh;NO;NO;;64.18;64.18;64.18;-1;DOWN
2024-11-02T01:45;2024-11-02T02:00;8;EUR;MWh;NO;NO;;34.18;34.18;34.18;-1;DOWN
2024-11-02T02:00;2024-11-02T02:15;9;EUR;MWh;NO;NO;;32.34;32.34;32.34;-1;DOWN
2024-11-02T02:15;2024-11-02T02:30;10;EUR;MWh;NO;NO;;49.7;49.7;49.7;-1;DOWN
2024-11-02T02:30;2024-11-02T02:45;11;EUR;MWh;NO;NO;;11.69;11.69;11.69;-1;DOWN
2024-11-02T02:45;2024-11-02T03:00;12;EUR;MWh;NO;NO;;29.64;29.64;29.64;-1;DOWN
2024-11-02T03:00;2024-11-02T03:15;13;EUR;MWh;NO;NO;115.13;56.79;115.13;56.79;2;UP_AND_DOWN
2024-11-02T03:15;2024-11-02T03:30;14;EUR;MWh;NO;NO;96.69;;96.69;96.69;1;UP
2024-11-02T03:30;2024-11-02T03:45;15;EUR;MWh;NO;NO;92.69;78.57;92.69;68.93;2;UP_AND_DOWN
2024-11-02T03:45;2024-11-02T04:00;16;EUR;MWh;NO;NO;;69.25;69.25;69.25;-1;DOWN
2024-11-02T04:00;2024-11-02T04:15;17;EUR;MWh;NO;NO;100.61;78.4;100.61;68.95;2;UP_AND_DOWN
2024-11-02T04:15;2024-11-02T04:30;18;EUR;MWh;NO;NO;92.69;83.69;92.69;69.16;2;UP_AND_DOWN
2024-11-02T04:30;2024-11-02T04:45;19;EUR;MWh;NO;NO;109.97;;109.97;109.97;1;UP
2024-11-02T04:45;2024-11-02T05:00;20;EUR;MWh;NO;NO;121.26;;121.26;121.26;1;UP
2024-11-02T05:00;2024-11-02T05:15;21;EUR;MWh;NO;NO;92.69;79.18;92.69;68.86;2;UP_AND_DOWN
2024-11-02T05:15;2024-11-02T05:30;22;EUR;MWh;NO;NO;;83.69;83.69;83.69;-1;DOWN
2024-11-02T05:30;2024-11-02T05:45;23;EUR;MWh;NO;NO;92.69;83.69;92.69;92.69;1;UP
2024-11-02T05:45;2024-11-02T06:00;24;EUR;MWh;NO;NO;94.69;;94.69;94.69;1;UP
2024-11-02T06:00;2024-11-02T06:15;25;EUR;MWh;NO;NO;151.3;55;151.3;55;2;UP_AND_DOWN
2024-11-02T06:15;2024-11-02T06:30;26;EUR;MWh;NO;NO;152;;152;152;1;UP
2024-11-02T06:30;2024-11-02T06:45;27;EUR;MWh;NO;NO;100.82;88;100.82;70.81;2;UP_AND_DOWN
2024-11-02T06:45;2024-11-02T07:00;28;EUR;MWh;NO;NO;102.69;46.97;102.69;46.97;2;UP_AND_DOWN
2024-11-02T07:00;2024-11-02T07:15;29;EUR;MWh;NO;NO;;19.18;19.18;19.18;-1;DOWN
2024-11-02T07:15;2024-11-02T07:30;30;EUR;MWh;NO;NO;;45.32;45.32;45.32;-1;DOWN
2024-11-02T07:30;2024-11-02T07:45;31;EUR;MWh;NO;NO;;53.24;53.24;53.24;-1;DOWN
2024-11-02T07:45;2024-11-02T08:00;32;EUR;MWh;NO;NO;;24.82;24.82;24.82;-1;DOWN
2024-11-02T08:00;2024-11-02T08:15;33;EUR;MWh;NO;NO;;30.25;30.25;30.25;-1;DOWN
2024-11-02T08:15;2024-11-02T08:30;34;EUR;MWh;NO;NO;;53.49;53.49;53.49;-1;DOWN
2024-11-02T08:30;2024-11-02T08:45;35;EUR;MWh;NO;NO;;39.69;39.69;39.69;-1;DOWN
2024-11-02T08:45;2024-11-02T09:00;36;EUR;MWh;NO;NO;;24.82;24.82;24.82;-1;DOWN
2024-11-02T09:00;2024-11-02T09:15;37;EUR;MWh;NO;NO;90.05;36.55;90.05;36.55;2;UP_AND_DOWN
2024-11-02T09:15;2024-11-02T09:30;38;EUR;MWh;NO;NO;;39.69;39.69;39.69;-1;DOWN
2024-11-02T09:30;2024-11-02T09:45;39;EUR;MWh;NO;NO;;34.18;34.18;34.18;-1;DOWN
2024-11-02T09:45;2024-11-02T10:00;40;EUR;MWh;NO;NO;;-1;-1;-1;-1;DOWN
2024-11-02T10:00;2024-11-02T10:15;41;EUR;MWh;NO;NO;53.61;8.69;8.69;8.69;-1;DOWN
2024-11-02T10:15;2024-11-02T10:30;42;EUR;MWh;NO;NO;;27.69;27.69;27.69;-1;DOWN
2024-11-02T10:30;2024-11-02T10:45;43;EUR;MWh;NO;NO;;15.81;15.81;15.81;-1;DOWN
2024-11-02T10:45;2024-11-02T11:00;44;EUR;MWh;NO;NO;;72.47;72.47;72.47;-1;DOWN
2024-11-02T11:00;2024-11-02T11:15;45;EUR;MWh;NO;NO;88.4;75.96;88.4;68.65;2;UP_AND_DOWN
2024-11-02T11:15;2024-11-02T11:30;46;EUR;MWh;NO;NO;68.61;;68.61;68.61;1;UP
2024-11-02T11:30;2024-11-02T11:45;47;EUR;MWh;NO;NO;105.3;;105.3;105.3;1;UP
2024-11-02T11:45;2024-11-02T12:00;48;EUR;MWh;NO;NO;152.69;;152.69;152.69;1;UP
2024-11-02T12:00;2024-11-02T12:15;49;EUR;MWh;NO;NO;114.81;;114.81;114.81;1;UP
2024-11-02T12:15;2024-11-02T12:30;50;EUR;MWh;NO;NO;137.04;;137.04;137.04;1;UP
2024-11-02T12:30;2024-11-02T12:45;51;EUR;MWh;NO;NO;130;;130;130;1;UP
2024-11-02T12:45;2024-11-02T13:00;52;EUR;MWh;NO;NO;130;;130;130;1;UP
2024-11-02T13:00;2024-11-02T13:15;53;EUR;MWh;NO;NO;90.69;81.85;90.69;68.65;2;UP_AND_DOWN
2024-11-02T13:15;2024-11-02T13:30;54;EUR;MWh;NO;NO;53.61;;53.61;53.61;1;UP
2024-11-02T13:30;2024-11-02T13:45;55;EUR;MWh;NO;NO;68.61;;68.61;68.61;1;UP
2024-11-02T13:45;2024-11-02T14:00;56;EUR;MWh;NO;NO;92.69;;92.69;92.69;1;UP
2024-11-02T14:00;2024-11-02T14:15;57;EUR;MWh;NO;NO;92.69;79.6;79.6;79.6;-1;DOWN
2024-11-02T14:15;2024-11-02T14:30;58;EUR;MWh;NO;NO;102.69;;102.69;102.69;1;UP
2024-11-02T14:30;2024-11-02T14:45;59;EUR;MWh;NO;NO;159.75;;159.75;159.75;1;UP
2024-11-02T14:45;2024-11-02T15:00;60;EUR;MWh;NO;NO;130;;130;130;1;UP
2024-11-02T15:00;2024-11-02T15:15;61;EUR;MWh;NO;NO;80.92;58.82;80.92;58.82;2;UP_AND_DOWN
2024-11-02T15:15;2024-11-02T15:30;62;EUR;MWh;NO;NO;106.12;58.82;106.12;106.12;1;UP
2024-11-02T15:30;2024-11-02T15:45;63;EUR;MWh;NO;NO;152.1;;152.1;152.1;1;UP
2024-11-02T15:45;2024-11-02T16:00;64;EUR;MWh;NO;NO;160.3;;160.3;160.3;1;UP
2024-11-02T16:00;2024-11-02T16:15;65;EUR;MWh;NO;NO;99.75;81.69;99.75;71.41;2;UP_AND_DOWN
2024-11-02T16:15;2024-11-02T16:30;66;EUR;MWh;NO;NO;159.75;;159.75;159.75;1;UP
2024-11-02T16:30;2024-11-02T16:45;67;EUR;MWh;NO;NO;180.69;92;180.69;72.81;2;UP_AND_DOWN
2024-11-02T16:45;2024-11-02T17:00;68;EUR;MWh;NO;NO;184.75;;184.75;184.75;1;UP
2024-11-02T17:00;2024-11-02T17:15;69;EUR;MWh;NO;NO;128;75.78;128;75.78;2;UP_AND_DOWN
2024-11-02T17:15;2024-11-02T17:30;70;EUR;MWh;NO;NO;185.2;75.78;185.2;185.2;1;UP
2024-11-02T17:30;2024-11-02T17:45;71;EUR;MWh;NO;NO;183.2;;183.2;183.2;1;UP
2024-11-02T17:45;2024-11-02T18:00;72;EUR;MWh;NO;NO;137.76;;137.76;137.76;1;UP
2024-11-02T18:00;2024-11-02T18:15;73;EUR;MWh;NO;NO;135.15;;135.15;135.15;1;UP
2024-11-02T18:15;2024-11-02T18:30;74;EUR;MWh;NO;NO;133.15;;133.15;133.15;1;UP
2024-11-02T18:30;2024-11-02T18:45;75;EUR;MWh;NO;NO;133.15;80;80;80;-1;DOWN
2024-11-02T18:45;2024-11-02T19:00;76;EUR;MWh;NO;NO;;75.78;75.78;75.78;-1;DOWN
2024-11-02T19:00;2024-11-02T19:15;77;EUR;MWh;NO;NO;;82;82;82;-1;DOWN
2024-11-02T19:15;2024-11-02T19:30;78;EUR;MWh;NO;NO;53.61;82;82;82;-1;DOWN
2024-11-02T19:30;2024-11-02T19:45;79;EUR;MWh;NO;NO;;79;79;79;-1;DOWN
2024-11-02T19:45;2024-11-02T20:00;80;EUR;MWh;NO;NO;;79.3;79.3;79.3;-1;DOWN
2024-11-02T20:00;2024-11-02T20:15;81;EUR;MWh;NO;NO;155.37;85.53;155.37;75.31;2;UP_AND_DOWN
2024-11-02T20:15;2024-11-02T20:30;82;EUR;MWh;NO;NO;94.82;88;94.82;76.21;2;UP_AND_DOWN
2024-11-02T20:30;2024-11-02T20:45;83;EUR;MWh;NO;NO;;82;82;82;-1;DOWN
2024-11-02T20:45;2024-11-02T21:00;84;EUR;MWh;NO;NO;;82;82;82;-1;DOWN
2024-11-02T21:00;2024-11-02T21:15;85;EUR;MWh;NO;NO;130.8;82;130.8;130.8;1;UP
2024-11-02T21:15;2024-11-02T21:30;86;EUR;MWh;NO;NO;91.95;83.69;91.95;73.17;2;UP_AND_DOWN
2024-11-02T21:30;2024-11-02T21:45;87;EUR;MWh;NO;NO;132.26;;132.26;132.26;1;UP
2024-11-02T21:45;2024-11-02T22:00;88;EUR;MWh;NO;NO;111;79.5;111;73.17;2;UP_AND_DOWN
2024-11-02T22:00;2024-11-02T22:15;89;EUR;MWh;NO;NO;97.09;82;97.09;73.17;2;UP_AND_DOWN
2024-11-02T22:15;2024-11-02T22:30;90;EUR;MWh;NO;NO;95.05;;95.05;95.05;1;UP
2024-11-02T22:30;2024-11-02T22:45;91;EUR;MWh;NO;NO;110.05;;110.05;110.05;1;UP
2024-11-02T22:45;2024-11-02T23:00;92;EUR;MWh;NO;NO;123.62;;123.62;123.62;1;UP
2024-11-02T23:00;2024-11-02T23:15;93;EUR;MWh;NO;NO;108.5;;108.5;108.5;1;UP
2024-11-02T23:15;2024-11-02T23:30;94;EUR;MWh;NO;NO;111;88;111;70.81;2;UP_AND_DOWN
2024-11-02T23:30;2024-11-02T23:45;95;EUR;MWh;NO;NO;99.49;88;99.49;70.81;2;UP_AND_DOWN
2024-11-02T23:45;2024-11-03T00:00;96;EUR;MWh;NO;NO;163.45;;163.45;163.45;1;UP
2024-11-03T00:00;2024-11-03T00:15;1;EUR;MWh;NO;NO;59.03;34.29;73.77;34.29;2;UP_AND_DOWN
2024-11-03T00:15;2024-11-03T00:30;2;EUR;MWh;NO;NO;96.69;;96.69;96.69;1;UP
2024-11-03T00:30;2024-11-03T00:45;3;EUR;MWh;NO;NO;108.7;;108.7;108.7;1;UP
2024-11-03T00:45;2024-11-03T01:00;4;EUR;MWh;NO;NO;59.03;;59.03;59.03;1;UP
2024-11-03T01:00;2024-11-03T01:15;5;EUR;MWh;NO;NO;109.28;;109.28;109.28;1;UP
2024-11-03T01:15;2024-11-03T01:30;6;EUR;MWh;NO;NO;100.06;;100.06;100.06;1;UP
2024-11-03T01:30;2024-11-03T01:45;7;EUR;MWh;NO;NO;108.6;;108.6;108.6;1;UP
2024-11-03T01:45;2024-11-03T02:00;8;EUR;MWh;NO;NO;99.09;;99.09;99.09;1;UP
2024-11-03T02:00;2024-11-03T02:15;9;EUR;MWh;NO;NO;135.6;;135.6;135.6;1;UP
2024-11-03T02:15;2024-11-03T02:30;10;EUR;MWh;NO;NO;108.6;;108.6;108.6;1;UP
2024-11-03T02:30;2024-11-03T02:45;11;EUR;MWh;NO;NO;108.5;;108.5;108.5;1;UP
2024-11-03T02:45;2024-11-03T03:00;12;EUR;MWh;NO;NO;90.69;;90.69;90.69;1;UP
2024-11-03T03:00;2024-11-03T03:15;13;EUR;MWh;NO;NO;95.16;;95.16;95.16;1;UP
2024-11-03T03:15;2024-11-03T03:30;14;EUR;MWh;NO;NO;94.69;;94.69;94.69;1;UP
2024-11-03T03:30;2024-11-03T03:45;15;EUR;MWh;NO;NO;89.28;;89.28;89.28;1;UP
2024-11-03T03:45;2024-11-03T04:00;16;EUR;MWh;NO;NO;90.69;;90.69;90.69;1;UP
2024-11-03T04:00;2024-11-03T04:15;17;EUR;MWh;NO;NO;90.69;;90.69;90.69;1;UP
2024-11-03T04:15;2024-11-03T04:30;18;EUR;MWh;NO;NO;94.82;;94.82;94.82;1;UP
2024-11-03T04:30;2024-11-03T04:45;19;EUR;MWh;NO;NO;100.82;;100.82;100.82;1;UP
2024-11-03T04:45;2024-11-03T05:00;20;EUR;MWh;NO;NO;100.82;83.69;83.69;83.69;-1;DOWN
2024-11-03T05:00;2024-11-03T05:15;21;EUR;MWh;NO;NO;;80.17;80.17;80.17;-1;DOWN
2024-11-03T05:15;2024-11-03T05:30;22;EUR;MWh;NO;NO;59.03;;59.03;59.03;1;UP
2024-11-03T05:30;2024-11-03T05:45;23;EUR;MWh;NO;NO;93.77;;93.77;93.77;1;UP
2024-11-03T05:45;2024-11-03T06:00;24;EUR;MWh;NO;NO;100.82;75.17;100.82;73.18;2;UP_AND_DOWN
2024-11-03T06:00;2024-11-03T06:15;25;EUR;MWh;NO;NO;109.69;70;109.69;70;2;UP_AND_DOWN
2024-11-03T06:15;2024-11-03T06:30;26;EUR;MWh;NO;NO;108.8;88.3;108.8;73.67;2;UP_AND_DOWN
2024-11-03T06:30;2024-11-03T06:45;27;EUR;MWh;NO;NO;;;73.67;73.67;0;STABLE
2024-11-03T06:45;2024-11-03T07:00;28;EUR;MWh;NO;NO;;;73.68;73.68;0;STABLE
2024-11-03T07:00;2024-11-03T07:15;29;EUR;MWh;NO;NO;130;;130;130;1;UP
2024-11-03T07:15;2024-11-03T07:30;30;EUR;MWh;NO;NO;130;;130;130;1;UP
2024-11-03T07:30;2024-11-03T07:45;31;EUR;MWh;NO;NO;130;;130;130;1;UP
2024-11-03T07:45;2024-11-03T08:00;32;EUR;MWh;NO;NO;130;;130;130;1;UP
2024-11-03T08:00;2024-11-03T08:15;33;EUR;MWh;NO;NO;137.7;;137.7;137.7;1;UP
2024-11-03T08:15;2024-11-03T08:30;34;EUR;MWh;NO;NO;96.97;64.9;64.9;64.9;-1;DOWN
2024-11-03T08:30;2024-11-03T08:45;35;EUR;MWh;NO;NO;;54.61;54.61;54.61;-1;DOWN
2024-11-03T08:45;2024-11-03T09:00;36;EUR;MWh;NO;NO;;40.08;40.08;40.08;-1;DOWN
2024-11-03T09:00;2024-11-03T09:15;37;EUR;MWh;NO;NO;108.5;56.13;108.5;56.13;2;UP_AND_DOWN
2024-11-03T09:15;2024-11-03T09:30;38;EUR;MWh;NO;NO;108.5;36.13;36.13;36.13;-1;DOWN
2024-11-03T09:30;2024-11-03T09:45;39;EUR;MWh;NO;NO;;36.13;36.13;36.13;-1;DOWN
2024-11-03T09:45;2024-11-03T10:00;40;EUR;MWh;NO;NO;;9.13;9.13;9.13;-1;DOWN
2024-11-03T10:00;2024-11-03T10:15;41;EUR;MWh;NO;NO;100;12.69;100;12.69;2;UP_AND_DOWN
2024-11-03T10:15;2024-11-03T10:30;42;EUR;MWh;NO;NO;110.75;;110.75;110.75;1;UP
2024-11-03T10:30;2024-11-03T10:45;43;EUR;MWh;NO;NO;103.42;;103.42;103.42;1;UP
2024-11-03T10:45;2024-11-03T11:00;44;EUR;MWh;NO;NO;92.69;;92.69;92.69;1;UP
2024-11-03T11:00;2024-11-03T11:15;45;EUR;MWh;NO;NO;133.3;;133.3;133.3;1;UP
2024-11-03T11:15;2024-11-03T11:30;46;EUR;MWh;NO;NO;133.3;;72.06;72.06;0;STABLE
2024-11-03T11:30;2024-11-03T11:45;47;EUR;MWh;NO;NO;95.78;;95.78;95.78;1;UP
2024-11-03T11:45;2024-11-03T12:00;48;EUR;MWh;NO;NO;94.69;;94.69;94.69;1;UP
2024-11-03T12:00;2024-11-03T12:15;49;EUR;MWh;NO;NO;90.06;;90.06;90.06;1;UP
2024-11-03T12:15;2024-11-03T12:30;50;EUR;MWh;NO;NO;90.69;;90.69;90.69;1;UP
2024-11-03T12:30;2024-11-03T12:45;51;EUR;MWh;NO;NO;59.03;85.08;72.06;72.06;2;UP_AND_DOWN
2024-11-03T12:45;2024-11-03T13:00;52;EUR;MWh;NO;NO;102.69;;102.69;102.69;1;UP
2024-11-03T13:00;2024-11-03T13:15;53;EUR;MWh;NO;NO;102.69;70.08;70.08;70.08;-1;DOWN
2024-11-03T13:15;2024-11-03T13:30;54;EUR;MWh;NO;NO;;45.32;45.32;45.32;-1;DOWN
2024-11-03T13:30;2024-11-03T13:45;55;EUR;MWh;NO;NO;;75.32;75.32;75.32;-1;DOWN
2024-11-03T13:45;2024-11-03T14:00;56;EUR;MWh;NO;NO;109.69;;109.69;109.69;1;UP
2024-11-03T14:00;2024-11-03T14:15;57;EUR;MWh;NO;NO;94.12;-30;94.12;-30;2;UP_AND_DOWN
2024-11-03T14:15;2024-11-03T14:30;58;EUR;MWh;NO;NO;89.1;70.33;89.1;70.33;2;UP_AND_DOWN
2024-11-03T14:30;2024-11-03T14:45;59;EUR;MWh;NO;NO;128.5;;128.5;128.5;1;UP
2024-11-03T14:45;2024-11-03T15:00;60;EUR;MWh;NO;NO;128.4;;128.4;128.4;1;UP
2024-11-03T15:00;2024-11-03T15:15;61;EUR;MWh;NO;NO;95.95;70.95;95.95;70.95;2;UP_AND_DOWN
2024-11-03T15:15;2024-11-03T15:30;62;EUR;MWh;NO;NO;150;;150;150;1;UP
2024-11-03T15:30;2024-11-03T15:45;63;EUR;MWh;NO;NO;135.95;;135.95;135.95;1;UP
2024-11-03T15:45;2024-11-03T16:00;64;EUR;MWh;NO;NO;150;;150;150;1;UP
2024-11-03T16:00;2024-11-03T16:15;65;EUR;MWh;NO;NO;108.2;78.2;108.2;73.77;2;UP_AND_DOWN
2024-11-03T16:15;2024-11-03T16:30;66;EUR;MWh;NO;NO;148;;148;148;1;UP
2024-11-03T16:30;2024-11-03T16:45;67;EUR;MWh;NO;NO;150;;150;150;1;UP
2024-11-03T16:45;2024-11-03T17:00;68;EUR;MWh;NO;NO;150;;150;150;1;UP
2024-11-03T17:00;2024-11-03T17:15;69;EUR;MWh;NO;NO;150;;150;150;1;UP
2024-11-03T17:15;2024-11-03T17:30;70;EUR;MWh;NO;NO;173.69;;173.69;173.69;1;UP
2024-11-03T17:30;2024-11-03T17:45;71;EUR;MWh;NO;NO;155;;155;155;1;UP
2024-11-03T17:45;2024-11-03T18:00;72;EUR;MWh;NO;NO;152.4;;152.4;152.4;1;UP
2024-11-03T18:00;2024-11-03T18:15;73;EUR;MWh;NO;NO;152.69;;152.69;152.69;1;UP
2024-11-03T18:15;2024-11-03T18:30;74;EUR;MWh;NO;NO;150;;150;150;1;UP
2024-11-03T18:30;2024-11-03T18:45;75;EUR;MWh;NO;NO;150;78.8;78.8;78.8;-1;DOWN
2024-11-03T18:45;2024-11-03T19:00;76;EUR;MWh;NO;NO;99.96;82.69;99.96;73.69;2;UP_AND_DOWN
2024-11-03T19:00;2024-11-03T19:15;77;EUR;MWh;NO;NO;176.69;84.65;176.69;72.06;2;UP_AND_DOWN
2024-11-03T19:15;2024-11-03T19:30;78;EUR;MWh;NO;NO;145;;145;145;1;UP
2024-11-03T19:30;2024-11-03T19:45;79;EUR;MWh;NO;NO;99.04;;99.04;99.04;1;UP
2024-11-03T19:45;2024-11-03T20:00;80;EUR;MWh;NO;NO;145;;145;145;1;UP
2024-11-03T20:00;2024-11-03T20:15;81;EUR;MWh;NO;NO;90.69;75.23;90.69;72.06;2;UP_AND_DOWN
2024-11-03T20:15;2024-11-03T20:30;82;EUR;MWh;NO;NO;108.7;81.7;108.7;73.69;2;UP_AND_DOWN
2024-11-03T20:30;2024-11-03T20:45;83;EUR;MWh;NO;NO;85.07;81.68;85.07;73.68;2;UP_AND_DOWN
2024-11-03T20:45;2024-11-03T21:00;84;EUR;MWh;NO;NO;108.6;82.01;108.6;72.06;2;UP_AND_DOWN
2024-11-03T21:00;2024-11-03T21:15;85;EUR;MWh;NO;NO;145;;145;145;1;UP
2024-11-03T21:15;2024-11-03T21:30;86;EUR;MWh;NO;NO;145;;145;145;1;UP
2024-11-03T21:30;2024-11-03T21:45;87;EUR;MWh;NO;NO;145;;145;145;1;UP
2024-11-03T21:45;2024-11-03T22:00;88;EUR;MWh;NO;NO;135.7;;135.7;135.7;1;UP
2024-11-03T22:00;2024-11-03T22:15;89;EUR;MWh;NO;NO;135.7;;135.7;135.7;1;UP
2024-11-03T22:15;2024-11-03T22:30;90;EUR;MWh;NO;NO;113.19;;113.19;113.19;1;UP
2024-11-03T22:30;2024-11-03T22:45;91;EUR;MWh;NO;NO;108.5;;108.5;108.5;1;UP
2024-11-03T22:45;2024-11-03T23:00;92;EUR;MWh;NO;NO;100.7;81.5;100.7;73.67;2;UP_AND_DOWN
2024-11-03T23:00;2024-11-03T23:15;93;EUR;MWh;NO;NO;108.5;76.06;108.5;73.69;2;UP_AND_DOWN
2024-11-03T23:15;2024-11-03T23:30;94;EUR;MWh;NO;NO;180.69;83.28;180.69;73.77;2;UP_AND_DOWN
2024-11-03T23:30;2024-11-03T23:45;95;EUR;MWh;NO;NO;108.5;80.27;108.5;73.77;2;UP_AND_DOWN
2024-11-03T23:45;2024-11-04T00:00;96;EUR;MWh;NO;NO;108.5;78.5;78.5;78.5;-1;DOWN
2024-11-04T00:00;2024-11-04T00:15;1;EUR;MWh;NO;NO;108.6;69.69;108.6;69.69;2;UP_AND_DOWN
2024-11-04T00:15;2024-11-04T00:30;2;EUR;MWh;NO;NO;108.6;;108.6;108.6;1;UP
2024-11-04T00:30;2024-11-04T00:45;3;EUR;MWh;NO;NO;145;;145;145;1;UP
2024-11-04T00:45;2024-11-04T01:00;4;EUR;MWh;NO;NO;88.89;;88.89;88.89;1;UP
2024-11-04T01:00;2024-11-04T01:15;5;EUR;MWh;NO;NO;106.92;59.55;106.92;59.55;2;UP_AND_DOWN
2024-11-04T01:15;2024-11-04T01:30;6;EUR;MWh;NO;NO;59.03;63.19;72.06;63.19;2;UP_AND_DOWN
2024-11-04T01:30;2024-11-04T01:45;7;EUR;MWh;NO;NO;145;70.08;145;70.08;2;UP_AND_DOWN
2024-11-04T01:45;2024-11-04T02:00;8;EUR;MWh;NO;NO;145;;145;145;1;UP
2024-11-04T02:00;2024-11-04T02:15;9;EUR;MWh;NO;NO;145;69.55;145;69.55;2;UP_AND_DOWN
2024-11-04T02:15;2024-11-04T02:30;10;EUR;MWh;NO;NO;145;69.55;145;145;1;UP
2024-11-04T02:30;2024-11-04T02:45;11;EUR;MWh;NO;NO;114.55;;114.55;114.55;1;UP
2024-11-04T02:45;2024-11-04T03:00;12;EUR;MWh;NO;NO;106.5;;106.5;106.5;1;UP
2024-11-04T03:00;2024-11-04T03:15;13;EUR;MWh;NO;NO;108.5;;108.5;108.5;1;UP
2024-11-04T03:15;2024-11-04T03:30;14;EUR;MWh;NO;NO;95.01;;95.01;95.01;1;UP
2024-11-04T03:30;2024-11-04T03:45;15;EUR;MWh;NO;NO;;76.3;76.3;76.3;-1;DOWN
2024-11-04T03:45;2024-11-04T04:00;16;EUR;MWh;NO;NO;;70.08;70.08;70.08;-1;DOWN
2024-11-04T04:00;2024-11-04T04:15;17;EUR;MWh;NO;NO;59.03;66.62;73.36;66.62;2;UP_AND_DOWN
2024-11-04T04:15;2024-11-04T04:30;18;EUR;MWh;NO;NO;59.03;;59.03;59.03;1;UP
2024-11-04T04:30;2024-11-04T04:45;19;EUR;MWh;NO;NO;108.5;;108.5;108.5;1;UP
2024-11-04T04:45;2024-11-04T05:00;20;EUR;MWh;NO;NO;106.5;;106.5;106.5;1;UP
2024-11-04T05:00;2024-11-04T05:15;21;EUR;MWh;NO;NO;82.41;;82.41;82.41;1;UP
2024-11-04T05:15;2024-11-04T05:30;22;EUR;MWh;NO;NO;59.03;71;88.96;71;2;UP_AND_DOWN
2024-11-04T05:30;2024-11-04T05:45;23;EUR;MWh;NO;NO;108.4;77.37;108.4;77.37;2;UP_AND_DOWN
2024-11-04T05:45;2024-11-04T06:00;24;EUR;MWh;NO;NO;108.4;118.88;108.4;108.4;1;UP
2024-11-04T06:00;2024-11-04T06:15;25;EUR;MWh;NO;NO;108.4;71.75;108.4;71.75;2;UP_AND_DOWN
2024-11-04T06:15;2024-11-04T06:30;26;EUR;MWh;NO;NO;89.3;;89.3;89.3;1;UP
2024-11-04T06:30;2024-11-04T06:45;27;EUR;MWh;NO;NO;186.75;;186.75;186.75;1;UP
2024-11-04T06:45;2024-11-04T07:00;28;EUR;MWh;NO;NO;215.47;;215.47;215.47;1;UP
2024-11-04T07:00;2024-11-04T07:15;29;EUR;MWh;NO;NO;137.9;;137.9;137.9;1;UP
2024-11-04T07:15;2024-11-04T07:30;30;EUR;MWh;NO;NO;165.15;;165.15;165.15;1;UP
2024-11-04T07:30;2024-11-04T07:45;31;EUR;MWh;NO;NO;161.75;;161.75;161.75;1;UP
2024-11-04T07:45;2024-11-04T08:00;32;EUR;MWh;NO;NO;154.4;;154.4;154.4;1;UP
2024-11-04T08:00;2024-11-04T08:15;33;EUR;MWh;NO;NO;145;96.71;145;145;1;UP
2024-11-04T08:15;2024-11-04T08:30;34;EUR;MWh;NO;NO;;96.71;96.71;96.71;-1;DOWN
2024-11-04T08:30;2024-11-04T08:45;35;EUR;MWh;NO;NO;59.03;75.25;77.87;75.25;2;UP_AND_DOWN
2024-11-04T08:45;2024-11-04T09:00;36;EUR;MWh;NO;NO;;81.69;81.69;81.69;-1;DOWN
2024-11-04T09:00;2024-11-04T09:15;37;EUR;MWh;NO;NO;251.82;;251.82;251.82;1;UP
2024-11-04T09:15;2024-11-04T09:30;38;EUR;MWh;NO;NO;301.28;;301.28;301.28;1;UP
2024-11-04T09:30;2024-11-04T09:45;39;EUR;MWh;NO;NO;110.3;85.08;110.3;73.63;2;UP_AND_DOWN
2024-11-04T09:45;2024-11-04T10:00;40;EUR;MWh;NO;NO;;61.75;61.75;61.75;-1;DOWN
2024-11-04T10:00;2024-11-04T10:15;41;EUR;MWh;NO;NO;1859.03;60.26;1859.03;60.26;2;UP_AND_DOWN
2024-11-04T10:15;2024-11-04T10:30;42;EUR;MWh;NO;NO;137.32;;137.32;137.32;1;UP
2024-11-04T10:30;2024-11-04T10:45;43;EUR;MWh;NO;NO;109.9;53.69;109.9;53.69;2;UP_AND_DOWN
2024-11-04T10:45;2024-11-04T11:00;44;EUR;MWh;NO;NO;59.03;47.52;72.06;47.52;2;UP_AND_DOWN
2024-11-04T11:00;2024-11-04T11:15;45;EUR;MWh;NO;NO;117.9;70.08;117.9;70.08;2;UP_AND_DOWN
2024-11-04T11:15;2024-11-04T11:30;46;EUR;MWh;NO;NO;108;72.26;108;72.06;2;UP_AND_DOWN
2024-11-04T11:30;2024-11-04T11:45;47;EUR;MWh;NO;NO;;70.69;70.69;70.69;-1;DOWN
2024-11-04T11:45;2024-11-04T12:00;48;EUR;MWh;NO;NO;;63.51;63.51;63.51;-1;DOWN
2024-11-04T12:00;2024-11-04T12:15;49;EUR;MWh;NO;NO;;61.69;61.69;61.69;-1;DOWN
2024-11-04T12:15;2024-11-04T12:30;50;EUR;MWh;NO;NO;;67.47;67.47;67.47;-1;DOWN
2024-11-04T12:30;2024-11-04T12:45;51;EUR;MWh;NO;NO;;75.16;75.16;75.16;-1;DOWN
2024-11-04T12:45;2024-11-04T13:00;52;EUR;MWh;NO;NO;;70.69;70.69;70.69;-1;DOWN
2024-11-04T13:00;2024-11-04T13:15;53;EUR;MWh;NO;NO;;67.47;67.47;67.47;-1;DOWN
2024-11-04T13:15;2024-11-04T13:30;54;EUR;MWh;NO;NO;59.03;77;72.06;72.06;2;UP_AND_DOWN
2024-11-04T13:30;2024-11-04T13:45;55;EUR;MWh;NO;NO;106.4;;106.4;106.4;1;UP
2024-11-04T13:45;2024-11-04T14:00;56;EUR;MWh;NO;NO;106.4;;106.4;106.4;1;UP
2024-11-04T14:00;2024-11-04T14:15;57;EUR;MWh;NO;NO;106.4;82.01;82.01;82.01;-1;DOWN
2024-11-04T14:15;2024-11-04T14:30;58;EUR;MWh;NO;NO;133.01;82.69;133.01;72.06;2;UP_AND_DOWN
2024-11-04T14:30;2024-11-04T14:45;59;EUR;MWh;NO;NO;187.01;;187.01;187.01;1;UP
2024-11-04T14:45;2024-11-04T15:00;60;EUR;MWh;NO;NO;153.1;;153.1;153.1;1;UP
2024-11-04T15:00;2024-11-04T15:15;61;EUR;MWh;NO;NO;108.2;62.58;108.2;62.58;2;UP_AND_DOWN
2024-11-04T15:15;2024-11-04T15:30;62;EUR;MWh;NO;NO;141;62.58;141;141;1;UP
2024-11-04T15:30;2024-11-04T15:45;63;EUR;MWh;NO;NO;216.3;;216.3;216.3;1;UP
2024-11-04T15:45;2024-11-04T16:00;64;EUR;MWh;NO;NO;187.58;;187.58;187.58;1;UP
2024-11-04T16:00;2024-11-04T16:15;65;EUR;MWh;NO;NO;162.01;70.67;162.01;70.67;2;UP_AND_DOWN
2024-11-04T16:15;2024-11-04T16:30;66;EUR;MWh;NO;NO;114.33;79.69;137.47;79.69;2;UP_AND_DOWN
2024-11-04T16:30;2024-11-04T16:45;67;EUR;MWh;NO;NO;276.02;;276.02;276.02;1;UP
2024-11-04T16:45;2024-11-04T17:00;68;EUR;MWh;NO;NO;141;;141;141;1;UP
2024-11-04T17:00;2024-11-04T17:15;69;EUR;MWh;NO;NO;59.03;85.08;73.74;73.74;2;UP_AND_DOWN
2024-11-04T17:15;2024-11-04T17:30;70;EUR;MWh;NO;NO;141;88.51;141;141;1;UP
2024-11-04T17:30;2024-11-04T17:45;71;EUR;MWh;NO;NO;141;;141;141;1;UP
2024-11-04T17:45;2024-11-04T18:00;72;EUR;MWh;NO;NO;110;;110;110;1;UP
2024-11-04T18:00;2024-11-04T18:15;73;EUR;MWh;NO;NO;97.48;;97.48;97.48;1;UP
2024-11-04T18:15;2024-11-04T18:30;74;EUR;MWh;NO;NO;141;;141;141;1;UP
2024-11-04T18:30;2024-11-04T18:45;75;EUR;MWh;NO;NO;141;;73.77;73.77;0;STABLE
2024-11-04T18:45;2024-11-04T19:00;76;EUR;MWh;NO;NO;;80.28;80.28;80.28;-1;DOWN
2024-11-04T19:00;2024-11-04T19:15;77;EUR;MWh;NO;NO;945.03;88.51;945.03;73.77;2;UP_AND_DOWN
2024-11-04T19:15;2024-11-04T19:30;78;EUR;MWh;NO;NO;151.62;81.9;151.62;73.77;2;UP_AND_DOWN
2024-11-04T19:30;2024-11-04T19:45;79;EUR;MWh;NO;NO;139;81.9;139;73.75;2;UP_AND_DOWN
2024-11-04T19:45;2024-11-04T20:00;80;EUR;MWh;NO;NO;116.9;85.08;116.9;73.73;2;UP_AND_DOWN
2024-11-04T20:00;2024-11-04T20:15;81;EUR;MWh;NO;NO;137;;137;137;1;UP
2024-11-04T20:15;2024-11-04T20:30;82;EUR;MWh;NO;NO;137;;137;137;1;UP
2024-11-04T20:30;2024-11-04T20:45;83;EUR;MWh;NO;NO;155.3;88.43;155.3;155.3;1;UP
2024-11-04T20:45;2024-11-04T21:00;84;EUR;MWh;NO;NO;155.3;87.01;87.01;87.01;-1;DOWN
2024-11-04T21:00;2024-11-04T21:15;85;EUR;MWh;NO;NO;141;85.08;141;72.79;2;UP_AND_DOWN
2024-11-04T21:15;2024-11-04T21:30;86;EUR;MWh;NO;NO;137.2;82.12;137.2;72.79;2;UP_AND_DOWN
2024-11-04T21:30;2024-11-04T21:45;87;EUR;MWh;NO;NO;137.2;80.3;80.3;80.3;-1;DOWN
2024-11-04T21:45;2024-11-04T22:00;88;EUR;MWh;NO;NO;;80.3;80.3;80.3;-1;DOWN
2024-11-04T22:00;2024-11-04T22:15;89;EUR;MWh;NO;NO;;72.37;72.37;72.37;-1;DOWN
2024-11-04T22:15;2024-11-04T22:30;90;EUR;MWh;NO;NO;;74.69;74.69;74.69;-1;DOWN
2024-11-04T22:30;2024-11-04T22:45;91;EUR;MWh;NO;NO;;67.37;67.37;67.37;-1;DOWN
2024-11-04T22:45;2024-11-04T23:00;92;EUR;MWh;NO;NO;;74.55;74.55;74.55;-1;DOWN
2024-11-04T23:00;2024-11-04T23:15;93;EUR;MWh;NO;NO;;81.69;81.69;81.69;-1;DOWN
2024-11-04T23:15;2024-11-04T23:30;94;EUR;MWh;NO;NO;;70.67;70.67;70.67;-1;DOWN
2024-11-04T23:30;2024-11-04T23:45;95;EUR;MWh;NO;NO;;72.37;72.37;72.37;-1;DOWN
2024-11-04T23:45;2024-11-05T00:00;96;EUR;MWh;NO;NO;;57.35;57.35;57.35;-1;DOWN
2024-11-05T00:00;2024-11-05T00:15;1;EUR;MWh;NO;NO;;56.78;56.78;56.78;-1;DOWN
2024-11-05T00:15;2024-11-05T00:30;2;EUR;MWh;NO;NO;;69.39;69.39;69.39;-1;DOWN
2024-11-05T00:30;2024-11-05T00:45;3;EUR;MWh;NO;NO;;67.39;67.39;67.39;-1;DOWN
2024-11-05T00:45;2024-11-05T01:00;4;EUR;MWh;NO;NO;;67.39;67.39;67.39;-1;DOWN
2024-11-05T01:00;2024-11-05T01:15;5;EUR;MWh;NO;NO;;67.57;67.57;67.57;-1;DOWN
2024-11-05T01:15;2024-11-05T01:30;6;EUR;MWh;NO;NO;;65.57;65.57;65.57;-1;DOWN
2024-11-05T01:30;2024-11-05T01:45;7;EUR;MWh;NO;NO;;70.08;70.08;70.08;-1;DOWN
2024-11-05T01:45;2024-11-05T02:00;8;EUR;MWh;NO;NO;;67.57;67.57;67.57;-1;DOWN
2024-11-05T02:00;2024-11-05T02:15;9;EUR;MWh;NO;NO;;65.49;65.49;65.49;-1;DOWN
2024-11-05T02:15;2024-11-05T02:30;10;EUR;MWh;NO;NO;;70.84;70.84;70.84;-1;DOWN
2024-11-05T02:30;2024-11-05T02:45;11;EUR;MWh;NO;NO;;79.69;79.69;79.69;-1;DOWN
2024-11-05T02:45;2024-11-05T03:00;12;EUR;MWh;NO;NO;102.12;79.69;102.12;79.05;2;UP_AND_DOWN
2024-11-05T03:00;2024-11-05T03:15;13;EUR;MWh;NO;NO;;65.48;65.48;65.48;-1;DOWN
2024-11-05T03:15;2024-11-05T03:30;14;EUR;MWh;NO;NO;;79.31;79.31;79.31;-1;DOWN
2024-11-05T03:30;2024-11-05T03:45;15;EUR;MWh;NO;NO;;79.4;79.4;79.4;-1;DOWN
2024-11-05T03:45;2024-11-05T04:00;16;EUR;MWh;NO;NO;;79.4;79.4;79.4;-1;DOWN
2024-11-05T04:00;2024-11-05T04:15;17;EUR;MWh;NO;NO;;74.08;74.08;74.08;-1;DOWN
2024-11-05T04:15;2024-11-05T04:30;18;EUR;MWh;NO;NO;;85.08;85.08;85.08;-1;DOWN
2024-11-05T04:30;2024-11-05T04:45;19;EUR;MWh;NO;NO;117.28;79.3;117.28;79.3;2;UP_AND_DOWN
2024-11-05T04:45;2024-11-05T05:00;20;EUR;MWh;NO;NO;116.69;85.08;85.08;85.08;-1;DOWN
2024-11-05T05:00;2024-11-05T05:15;21;EUR;MWh;NO;NO;116.69;79.9;116.69;79.9;2;UP_AND_DOWN
2024-11-05T05:15;2024-11-05T05:30;22;EUR;MWh;NO;NO;141;79.9;141;141;1;UP
2024-11-05T05:30;2024-11-05T05:45;23;EUR;MWh;NO;NO;141;;141;141;1;UP
2024-11-05T05:45;2024-11-05T06:00;24;EUR;MWh;NO;NO;109.62;77.81;77.81;77.81;-1;DOWN
2024-11-05T06:00;2024-11-05T06:15;25;EUR;MWh;NO;NO;;70.08;70.08;70.08;-1;DOWN
2024-11-05T06:15;2024-11-05T06:30;26;EUR;MWh;NO;NO;;78.69;78.69;78.69;-1;DOWN
2024-11-05T06:30;2024-11-05T06:45;27;EUR;MWh;NO;NO;118.69;79.7;118.69;79.7;2;UP_AND_DOWN
2024-11-05T06:45;2024-11-05T07:00;28;EUR;MWh;NO;NO;137;79.7;137;137;1;UP
2024-11-05T07:00;2024-11-05T07:15;29;EUR;MWh;NO;NO;137;39.51;137;39.51;2;UP_AND_DOWN
2024-11-05T07:15;2024-11-05T07:30;30;EUR;MWh;NO;NO;141;79.7;141;79.7;2;UP_AND_DOWN
2024-11-05T07:30;2024-11-05T07:45;31;EUR;MWh;NO;NO;137.1;79.7;137.1;79.7;2;UP_AND_DOWN
2024-11-05T07:45;2024-11-05T08:00;32;EUR;MWh;NO;NO;139;79.6;139;139;1;UP
2024-11-05T08:00;2024-11-05T08:15;33;EUR;MWh;NO;NO;146.29;79.6;146.29;146.29;1;UP
2024-11-05T08:15;2024-11-05T08:30;34;EUR;MWh;NO;NO;134.9;79.8;134.9;134.9;1;UP
2024-11-05T08:30;2024-11-05T08:45;35;EUR;MWh;NO;NO;133.3;79.3;133.3;133.3;1;UP
2024-11-05T08:45;2024-11-05T09:00;36;EUR;MWh;NO;NO;133.1;79.4;133.1;133.1;1;UP
2024-11-05T09:00;2024-11-05T09:15;37;EUR;MWh;NO;NO;174.41;79.5;174.41;79.5;2;UP_AND_DOWN
2024-11-05T09:15;2024-11-05T09:30;38;EUR;MWh;NO;NO;174.41;78.75;78.75;78.75;-1;DOWN
2024-11-05T09:30;2024-11-05T09:45;39;EUR;MWh;NO;NO;132.8;79.6;132.8;132.8;1;UP
2024-11-05T09:45;2024-11-05T10:00;40;EUR;MWh;NO;NO;;79.6;79.6;79.6;-1;DOWN
2024-11-05T10:00;2024-11-05T10:15;41;EUR;MWh;NO;NO;200;79.6;200;200;1;UP
2024-11-05T10:15;2024-11-05T10:30;42;EUR;MWh;NO;NO;141;79.7;141;141;1;UP
2024-11-05T10:30;2024-11-05T10:45;43;EUR;MWh;NO;NO;118.69;79.8;79.8;79.8;-1;DOWN
2024-11-05T10:45;2024-11-05T11:00;44;EUR;MWh;NO;NO;;79.2;79.2;79.2;-1;DOWN
2024-11-05T11:00;2024-11-05T11:15;45;EUR;MWh;NO;NO;146.89;76.69;146.89;76.69;2;UP_AND_DOWN
2024-11-05T11:15;2024-11-05T11:30;46;EUR;MWh;NO;NO;112.69;79.3;112.69;79.3;2;UP_AND_DOWN
2024-11-05T11:30;2024-11-05T11:45;47;EUR;MWh;NO;NO;112.69;78.8;112.69;78.8;2;UP_AND_DOWN
2024-11-05T11:45;2024-11-05T12:00;48;EUR;MWh;NO;NO;;78;78;78;-1;DOWN
2024-11-05T12:00;2024-11-05T12:15;49;EUR;MWh;NO;NO;153.5;77.7;153.5;77.7;2;UP_AND_DOWN
2024-11-05T12:15;2024-11-05T12:30;50;EUR;MWh;NO;NO;153.5;77.4;77.4;77.4;-1;DOWN
2024-11-05T12:30;2024-11-05T12:45;51;EUR;MWh;NO;NO;;77.2;77.2;77.2;-1;DOWN
2024-11-05T12:45;2024-11-05T13:00;52;EUR;MWh;NO;NO;93.69;77.3;93.69;77.3;2;UP_AND_DOWN
2024-11-05T13:00;2024-11-05T13:15;53;EUR;MWh;NO;NO;;77;77;77;-1;DOWN
2024-11-05T13:15;2024-11-05T13:30;54;EUR;MWh;NO;NO;141;77.1;141;77.1;2;UP_AND_DOWN
2024-11-05T13:30;2024-11-05T13:45;55;EUR;MWh;NO;NO;142.69;76.9;142.69;142.69;1;UP
2024-11-05T13:45;2024-11-05T14:00;56;EUR;MWh;NO;NO;148.8;76.7;76.7;76.7;-1;DOWN
2024-11-05T14:00;2024-11-05T14:15;57;EUR;MWh;NO;NO;;76.6;76.6;76.6;-1;DOWN
2024-11-05T14:15;2024-11-05T14:30;58;EUR;MWh;NO;NO;141;76.6;141;76.6;2;UP_AND_DOWN
2024-11-05T14:30;2024-11-05T14:45;59;EUR;MWh;NO;NO;171.69;76.6;171.69;171.69;1;UP
2024-11-05T14:45;2024-11-05T15:00;60;EUR;MWh;NO;NO;156.69;76.6;156.69;156.69;1;UP
2024-11-05T15:00;2024-11-05T15:15;61;EUR;MWh;NO;NO;131;67.08;131;67.08;2;UP_AND_DOWN
2024-11-05T15:15;2024-11-05T15:30;62;EUR;MWh;NO;NO;652.03;76.6;652.03;652.03;1;UP
2024-11-05T15:30;2024-11-05T15:45;63;EUR;MWh;NO;NO;200;76.6;200;200;1;UP
2024-11-05T15:45;2024-11-05T16:00;64;EUR;MWh;NO;NO;200;76.6;200;200;1;UP
2024-11-05T16:00;2024-11-05T16:15;65;EUR;MWh;NO;NO;158.69;76.7;158.69;158.69;1;UP
2024-11-05T16:15;2024-11-05T16:30;66;EUR;MWh;NO;NO;200;76.9;200;76.9;2;UP_AND_DOWN
2024-11-05T16:30;2024-11-05T16:45;67;EUR;MWh;NO;NO;660.03;77.1;660.03;660.03;1;UP
2024-11-05T16:45;2024-11-05T17:00;68;EUR;MWh;NO;NO;534.45;77;534.45;534.45;1;UP
2024-11-05T17:00;2024-11-05T17:15;69;EUR;MWh;NO;NO;464.82;77;464.82;464.82;1;UP
2024-11-05T17:15;2024-11-05T17:30;70;EUR;MWh;NO;NO;198;77.3;198;198;1;UP
2024-11-05T17:30;2024-11-05T17:45;71;EUR;MWh;NO;NO;200;77.5;200;200;1;UP
2024-11-05T17:45;2024-11-05T18:00;72;EUR;MWh;NO;NO;198;77.4;198;198;1;UP
2024-11-05T18:00;2024-11-05T18:15;73;EUR;MWh;NO;NO;654.03;77.7;654.03;654.03;1;UP
2024-11-05T18:15;2024-11-05T18:30;74;EUR;MWh;NO;NO;654.03;78;654.03;654.03;1;UP
2024-11-05T18:30;2024-11-05T18:45;75;EUR;MWh;NO;NO;305.12;78;305.12;305.12;1;UP
2024-11-05T18:45;2024-11-05T19:00;76;EUR;MWh;NO;NO;179.69;78.8;179.69;179.69;1;UP
2024-11-05T19:00;2024-11-05T19:15;77;EUR;MWh;NO;NO;162.69;79.3;162.69;162.69;1;UP
2024-11-05T19:15;2024-11-05T19:30;78;EUR;MWh;NO;NO;179.69;79.3;179.69;179.69;1;UP
2024-11-05T19:30;2024-11-05T19:45;79;EUR;MWh;NO;NO;164.74;79.3;164.74;164.74;1;UP
2024-11-05T19:45;2024-11-05T20:00;80;EUR;MWh;NO;NO;154.1;79.3;154.1;77.7;2;UP_AND_DOWN
2024-11-05T20:00;2024-11-05T20:15;81;EUR;MWh;NO;NO;600;79.3;600;77.7;2;UP_AND_DOWN
2024-11-05T20:15;2024-11-05T20:30;82;EUR;MWh;NO;NO;177.69;79.3;177.69;177.69;1;UP
2024-11-05T20:30;2024-11-05T20:45;83;EUR;MWh;NO;NO;184.69;79.3;184.69;184.69;1;UP
2024-11-05T20:45;2024-11-05T21:00;84;EUR;MWh;NO;NO;177.69;79.3;177.69;177.69;1;UP
2024-11-05T21:00;2024-11-05T21:15;85;EUR;MWh;NO;NO;598;79.3;598;598;1;UP
2024-11-05T21:15;2024-11-05T21:30;86;EUR;MWh;NO;NO;174.99;79.3;174.99;174.99;1;UP
2024-11-05T21:30;2024-11-05T21:45;87;EUR;MWh;NO;NO;163.43;79.3;163.43;163.43;1;UP
2024-11-05T21:45;2024-11-05T22:00;88;EUR;MWh;NO;NO;163.43;79.3;79.3;79.3;-1;DOWN
2024-11-05T22:00;2024-11-05T22:15;89;EUR;MWh;NO;NO;124.6;79.3;124.6;77.8;2;UP_AND_DOWN
2024-11-05T22:15;2024-11-05T22:30;90;EUR;MWh;NO;NO;141;79.2;141;141;1;UP
2024-11-05T22:30;2024-11-05T22:45;91;EUR;MWh;NO;NO;136.3;79.8;79.8;79.8;-1;DOWN
2024-11-05T22:45;2024-11-05T23:00;92;EUR;MWh;NO;NO;132.4;79.8;132.4;78.7;2;UP_AND_DOWN
2024-11-05T23:00;2024-11-05T23:15;93;EUR;MWh;NO;NO;164.69;79.8;164.69;164.69;1;UP
2024-11-05T23:15;2024-11-05T23:30;94;EUR;MWh;NO;NO;136.5;79.8;136.5;136.5;1;UP
2024-11-05T23:30;2024-11-05T23:45;95;EUR;MWh;NO;NO;114.87;79.7;114.87;78.75;2;UP_AND_DOWN
2024-11-05T23:45;2024-11-06T00:00;96;EUR;MWh;NO;NO;;79.7;79.7;79.7;-1;DOWN
2024-11-06T00:00;2024-11-06T00:15;1;EUR;MWh;NO;NO;200;87.14;200;70.35;2;UP_AND_DOWN
2024-11-06T00:15;2024-11-06T00:30;2;EUR;MWh;NO;NO;156.6;82.4;156.6;70.35;2;UP_AND_DOWN
2024-11-06T00:30;2024-11-06T00:45;3;EUR;MWh;NO;NO;141.49;82.4;141.49;70.35;2;UP_AND_DOWN
2024-11-06T00:45;2024-11-06T01:00;4;EUR;MWh;NO;NO;152.53;;152.53;152.53;1;UP
2024-11-06T01:00;2024-11-06T01:15;5;EUR;MWh;NO;NO;112.4;;112.4;112.4;1;UP
2024-11-06T01:15;2024-11-06T01:30;6;EUR;MWh;NO;NO;141;82.4;141;70.35;2;UP_AND_DOWN
2024-11-06T01:30;2024-11-06T01:45;7;EUR;MWh;NO;NO;139.32;82.5;139.32;70.35;2;UP_AND_DOWN
2024-11-06T01:45;2024-11-06T02:00;8;EUR;MWh;NO;NO;112.76;82.5;112.76;70.35;2;UP_AND_DOWN
2024-11-06T02:00;2024-11-06T02:15;9;EUR;MWh;NO;NO;112.5;;112.5;112.5;1;UP
2024-11-06T02:15;2024-11-06T02:30;10;EUR;MWh;NO;NO;137.9;84.69;137.9;70.35;2;UP_AND_DOWN
2024-11-06T02:30;2024-11-06T02:45;11;EUR;MWh;NO;NO;137.9;81.85;137.9;69.93;2;UP_AND_DOWN
2024-11-06T02:45;2024-11-06T03:00;12;EUR;MWh;NO;NO;112.5;77.44;77.44;77.44;-1;DOWN
2024-11-06T03:00;2024-11-06T03:15;13;EUR;MWh;NO;NO;112.5;81.85;112.5;81.85;2;UP_AND_DOWN
2024-11-06T03:15;2024-11-06T03:30;14;EUR;MWh;NO;NO;112.5;;112.5;112.5;1;UP
2024-11-06T03:30;2024-11-06T03:45;15;EUR;MWh;NO;NO;110.5;85.08;110.5;85.08;2;UP_AND_DOWN
2024-11-06T03:45;2024-11-06T04:00;16;EUR;MWh;NO;NO;;82.5;82.5;82.5;-1;DOWN
2024-11-06T04:00;2024-11-06T04:15;17;EUR;MWh;NO;NO;117.42;77.03;117.42;77.03;2;UP_AND_DOWN
2024-11-06T04:15;2024-11-06T04:30;18;EUR;MWh;NO;NO;112.5;;112.5;112.5;1;UP
2024-11-06T04:30;2024-11-06T04:45;19;EUR;MWh;NO;NO;112.5;;112.5;112.5;1;UP
2024-11-06T04:45;2024-11-06T05:00;20;EUR;MWh;NO;NO;124.17;82.5;124.17;82.5;2;UP_AND_DOWN
2024-11-06T05:00;2024-11-06T05:15;21;EUR;MWh;NO;NO;124.17;64.82;64.82;64.82;-1;DOWN
2024-11-06T05:15;2024-11-06T05:30;22;EUR;MWh;NO;NO;;75.69;75.69;75.69;-1;DOWN
2024-11-06T05:30;2024-11-06T05:45;23;EUR;MWh;NO;NO;112.5;75.69;112.5;112.5;1;UP
2024-11-06T05:45;2024-11-06T06:00;24;EUR;MWh;NO;NO;109.38;189.7;109.38;109.38;1;UP
2024-11-06T06:00;2024-11-06T06:15;25;EUR;MWh;NO;NO;97.84;70.08;150.34;70.08;2;UP_AND_DOWN
2024-11-06T06:15;2024-11-06T06:30;26;EUR;MWh;NO;NO;112.5;;112.5;112.5;1;UP
2024-11-06T06:30;2024-11-06T06:45;27;EUR;MWh;NO;NO;200;;200;200;1;UP
2024-11-06T06:45;2024-11-06T07:00;28;EUR;MWh;NO;NO;241.89;;241.89;241.89;1;UP
2024-11-06T07:00;2024-11-06T07:15;29;EUR;MWh;NO;NO;112.5;78.82;112.5;78.82;2;UP_AND_DOWN
2024-11-06T07:15;2024-11-06T07:30;30;EUR;MWh;NO;NO;200;78.82;200;200;1;UP
2024-11-06T07:30;2024-11-06T07:45;31;EUR;MWh;NO;NO;233.62;;233.62;233.62;1;UP
2024-11-06T07:45;2024-11-06T08:00;32;EUR;MWh;NO;NO;262.21;;262.21;262.21;1;UP
2024-11-06T08:00;2024-11-06T08:15;33;EUR;MWh;NO;NO;114.36;;114.36;114.36;1;UP
2024-11-06T08:15;2024-11-06T08:30;34;EUR;MWh;NO;NO;114.36;;114.36;114.36;1;UP
2024-11-06T08:30;2024-11-06T08:45;35;EUR;MWh;NO;NO;137.8;;137.8;137.8;1;UP
2024-11-06T08:45;2024-11-06T09:00;36;EUR;MWh;NO;NO;141;;141;141;1;UP
2024-11-06T09:00;2024-11-06T09:15;37;EUR;MWh;NO;NO;262.32;;262.32;262.32;1;UP
2024-11-06T09:15;2024-11-06T09:30;38;EUR;MWh;NO;NO;214.57;;214.57;214.57;1;UP
2024-11-06T09:30;2024-11-06T09:45;39;EUR;MWh;NO;NO;214.57;;214.57;214.57;1;UP
2024-11-06T09:45;2024-11-06T10:00;40;EUR;MWh;NO;NO;205.65;;205.65;205.65;1;UP
2024-11-06T10:00;2024-11-06T10:15;41;EUR;MWh;NO;NO;220.68;;220.68;220.68;1;UP
2024-11-06T10:15;2024-11-06T10:30;42;EUR;MWh;NO;NO;220.68;;220.68;220.68;1;UP
2024-11-06T10:30;2024-11-06T10:45;43;EUR;MWh;NO;NO;377.89;;377.89;377.89;1;UP
2024-11-06T10:45;2024-11-06T11:00;44;EUR;MWh;NO;NO;446.21;;446.21;446.21;1;UP
2024-11-06T11:00;2024-11-06T11:15;45;EUR;MWh;NO;NO;446.45;;446.45;446.45;1;UP
2024-11-06T11:15;2024-11-06T11:30;46;EUR;MWh;NO;NO;317.22;;317.22;317.22;1;UP
2024-11-06T11:30;2024-11-06T11:45;47;EUR;MWh;NO;NO;376.13;;376.13;376.13;1;UP
2024-11-06T11:45;2024-11-06T12:00;48;EUR;MWh;NO;NO;248;;248;248;1;UP
2024-11-06T12:00;2024-11-06T12:15;49;EUR;MWh;NO;NO;133;;133;133;1;UP
2024-11-06T12:15;2024-11-06T12:30;50;EUR;MWh;NO;NO;133;;133;133;1;UP
2024-11-06T12:30;2024-11-06T12:45;51;EUR;MWh;NO;NO;200;;200;200;1;UP
2024-11-06T12:45;2024-11-06T13:00;52;EUR;MWh;NO;NO;158.8;;158.8;158.8;1;UP
2024-11-06T13:00;2024-11-06T13:15;53;EUR;MWh;NO;NO;331.06;;331.06;331.06;1;UP
2024-11-06T13:15;2024-11-06T13:30;54;EUR;MWh;NO;NO;662.03;;662.03;662.03;1;UP
2024-11-06T13:30;2024-11-06T13:45;55;EUR;MWh;NO;NO;347.56;;347.56;347.56;1;UP
2024-11-06T13:45;2024-11-06T14:00;56;EUR;MWh;NO;NO;396.98;;396.98;396.98;1;UP
2024-11-06T14:00;2024-11-06T14:15;57;EUR;MWh;NO;NO;281.98;;281.98;281.98;1;UP
2024-11-06T14:15;2024-11-06T14:30;58;EUR;MWh;NO;NO;258.25;;258.25;258.25;1;UP
2024-11-06T14:30;2024-11-06T14:45;59;EUR;MWh;NO;NO;258.25;;258.25;258.25;1;UP
2024-11-06T14:45;2024-11-06T15:00;60;EUR;MWh;NO;NO;258.25;;258.25;258.25;1;UP
2024-11-06T15:00;2024-11-06T15:15;61;EUR;MWh;NO;NO;125.4;;125.4;125.4;1;UP
2024-11-06T15:15;2024-11-06T15:30;62;EUR;MWh;NO;NO;400.86;;400.86;400.86;1;UP
2024-11-06T15:30;2024-11-06T15:45;63;EUR;MWh;NO;NO;250;;250;250;1;UP
2024-11-06T15:45;2024-11-06T16:00;64;EUR;MWh;NO;NO;250;;250;250;1;UP
2024-11-06T16:00;2024-11-06T16:15;65;EUR;MWh;NO;NO;200;;200;200;1;UP
2024-11-06T16:15;2024-11-06T16:30;66;EUR;MWh;NO;NO;281.87;;281.87;281.87;1;UP
2024-11-06T16:30;2024-11-06T16:45;67;EUR;MWh;NO;NO;501.04;;501.04;501.04;1;UP
2024-11-06T16:45;2024-11-06T17:00;68;EUR;MWh;NO;NO;502.83;;502.83;502.83;1;UP
2024-11-06T17:00;2024-11-06T17:15;69;EUR;MWh;NO;NO;471.45;;471.45;471.45;1;UP
2024-11-06T17:15;2024-11-06T17:30;70;EUR;MWh;NO;NO;662.03;;662.03;662.03;1;UP
2024-11-06T17:30;2024-11-06T17:45;71;EUR;MWh;NO;NO;662.03;;662.03;662.03;1;UP
2024-11-06T17:45;2024-11-06T18:00;72;EUR;MWh;NO;NO;469.45;;469.45;469.45;1;UP
2024-11-06T18:00;2024-11-06T18:15;73;EUR;MWh;NO;NO;337.16;;337.16;337.16;1;UP
2024-11-06T18:15;2024-11-06T18:30;74;EUR;MWh;NO;NO;230.84;;230.84;230.84;1;UP
2024-11-06T18:30;2024-11-06T18:45;75;EUR;MWh;NO;NO;137;;137;137;1;UP
2024-11-06T18:45;2024-11-06T19:00;76;EUR;MWh;NO;NO;110.9;;110.9;110.9;1;UP
2024-11-06T19:00;2024-11-06T19:15;77;EUR;MWh;NO;NO;136.63;;136.63;136.63;1;UP
2024-11-06T19:15;2024-11-06T19:30;78;EUR;MWh;NO;NO;117.22;112.67;117.22;117.22;1;UP
2024-11-06T19:30;2024-11-06T19:45;79;EUR;MWh;NO;NO;;83.82;83.82;83.82;-1;DOWN
2024-11-06T19:45;2024-11-06T20:00;80;EUR;MWh;NO;NO;;82.4;82.4;82.4;-1;DOWN
2024-11-06T20:00;2024-11-06T20:15;81;EUR;MWh;NO;NO;196.64;84.69;196.64;75.67;2;UP_AND_DOWN
2024-11-06T20:15;2024-11-06T20:30;82;EUR;MWh;NO;NO;127.49;84.9;127.49;75.67;2;UP_AND_DOWN
2024-11-06T20:30;2024-11-06T20:45;83;EUR;MWh;NO;NO;54;83.18;75.67;75.67;2;UP_AND_DOWN
2024-11-06T20:45;2024-11-06T21:00;84;EUR;MWh;NO;NO;112.3;82.3;112.3;75.67;2;UP_AND_DOWN
2024-11-06T21:00;2024-11-06T21:15;85;EUR;MWh;NO;NO;625.37;88.18;625.37;71.09;2;UP_AND_DOWN
2024-11-06T21:15;2024-11-06T21:30;86;EUR;MWh;NO;NO;196.64;;196.64;196.64;1;UP
2024-11-06T21:30;2024-11-06T21:45;87;EUR;MWh;NO;NO;141;88.18;141;71.09;2;UP_AND_DOWN
2024-11-06T21:45;2024-11-06T22:00;88;EUR;MWh;NO;NO;141;85.69;141;71.09;2;UP_AND_DOWN
2024-11-06T22:00;2024-11-06T22:15;89;EUR;MWh;NO;NO;157.46;85.08;157.46;71.09;2;UP_AND_DOWN
2024-11-06T22:15;2024-11-06T22:30;90;EUR;MWh;NO;NO;400.5;;400.5;400.5;1;UP
2024-11-06T22:30;2024-11-06T22:45;91;EUR;MWh;NO;NO;112.2;85.08;112.2;112.2;1;UP
2024-11-06T22:45;2024-11-06T23:00;92;EUR;MWh;NO;NO;106.13;82.2;106.13;71.09;2;UP_AND_DOWN
2024-11-06T23:00;2024-11-06T23:15;93;EUR;MWh;NO;NO;130.79;88.15;130.79;71.08;2;UP_AND_DOWN
2024-11-06T23:15;2024-11-06T23:30;94;EUR;MWh;NO;NO;135.6;;135.6;135.6;1;UP
2024-11-06T23:30;2024-11-06T23:45;95;EUR;MWh;NO;NO;112.61;78.62;112.61;71.08;2;UP_AND_DOWN
2024-11-06T23:45;2024-11-07T00:00;96;EUR;MWh;NO;NO;;78.15;78.15;78.15;-1;DOWN
2024-11-07T00:00;2024-11-07T00:15;1;EUR;MWh;NO;NO;188.91;86.91;188.91;70.46;2;UP_AND_DOWN
2024-11-07T00:15;2024-11-07T00:30;2;EUR;MWh;NO;NO;139.5;;139.5;139.5;1;UP
2024-11-07T00:30;2024-11-07T00:45;3;EUR;MWh;NO;NO;109;85.08;109;70.46;2;UP_AND_DOWN
2024-11-07T00:45;2024-11-07T01:00;4;EUR;MWh;NO;NO;54;;54;54;1;UP
2024-11-07T01:00;2024-11-07T01:15;5;EUR;MWh;NO;NO;160.8;;160.8;160.8;1;UP
2024-11-07T01:15;2024-11-07T01:30;6;EUR;MWh;NO;NO;121;85.08;121;70.66;2;UP_AND_DOWN
2024-11-07T01:30;2024-11-07T01:45;7;EUR;MWh;NO;NO;86;91.69;86;73.85;2;UP_AND_DOWN
2024-11-07T01:45;2024-11-07T02:00;8;EUR;MWh;NO;NO;85.94;84;85.94;73.85;2;UP_AND_DOWN
2024-11-07T02:00;2024-11-07T02:15;9;EUR;MWh;NO;NO;124.51;90.69;124.51;73.85;2;UP_AND_DOWN
2024-11-07T02:15;2024-11-07T02:30;10;EUR;MWh;NO;NO;124.51;93.69;93.69;93.69;-1;DOWN
2024-11-07T02:30;2024-11-07T02:45;11;EUR;MWh;NO;NO;110;93.69;110;110;1;UP
2024-11-07T02:45;2024-11-07T03:00;12;EUR;MWh;NO;NO;;;73.85;73.85;0;STABLE
2024-11-07T03:00;2024-11-07T03:15;13;EUR;MWh;NO;NO;139;92.69;139;92.69;2;UP_AND_DOWN
2024-11-07T03:15;2024-11-07T03:30;14;EUR;MWh;NO;NO;137.7;92.69;137.7;137.7;1;UP
2024-11-07T03:30;2024-11-07T03:45;15;EUR;MWh;NO;NO;;91.69;91.69;91.69;-1;DOWN
2024-11-07T03:45;2024-11-07T04:00;16;EUR;MWh;NO;NO;;92.69;92.69;92.69;-1;DOWN
2024-11-07T04:00;2024-11-07T04:15;17;EUR;MWh;NO;NO;;83.9;83.9;83.9;-1;DOWN
2024-11-07T04:15;2024-11-07T04:30;18;EUR;MWh;NO;NO;91.99;83.9;91.99;91.99;1;UP
2024-11-07T04:30;2024-11-07T04:45;19;EUR;MWh;NO;NO;113.9;;113.9;113.9;1;UP
2024-11-07T04:45;2024-11-07T05:00;20;EUR;MWh;NO;NO;135.9;83.9;135.9;83.9;2;UP_AND_DOWN
2024-11-07T05:00;2024-11-07T05:15;21;EUR;MWh;NO;NO;135.9;85.08;85.08;85.08;-1;DOWN
2024-11-07T05:15;2024-11-07T05:30;22;EUR;MWh;NO;NO;111.9;;111.9;111.9;1;UP
2024-11-07T05:30;2024-11-07T05:45;23;EUR;MWh;NO;NO;139.47;;139.47;139.47;1;UP
2024-11-07T05:45;2024-11-07T06:00;24;EUR;MWh;NO;NO;121.99;;121.99;121.99;1;UP
2024-11-07T06:00;2024-11-07T06:15;25;EUR;MWh;NO;NO;121.99;59.97;59.97;59.97;-1;DOWN
2024-11-07T06:15;2024-11-07T06:30;26;EUR;MWh;NO;NO;;70.08;70.08;70.08;-1;DOWN
2024-11-07T06:30;2024-11-07T06:45;27;EUR;MWh;NO;NO;87.62;;87.62;87.62;1;UP
2024-11-07T06:45;2024-11-07T07:00;28;EUR;MWh;NO;NO;113.9;74.47;113.9;74.47;2;UP_AND_DOWN
2024-11-07T07:00;2024-11-07T07:15;29;EUR;MWh;NO;NO;139.9;76.46;139.9;76.46;2;UP_AND_DOWN
2024-11-07T07:15;2024-11-07T07:30;30;EUR;MWh;NO;NO;139.9;;139.9;139.9;1;UP
2024-11-07T07:30;2024-11-07T07:45;31;EUR;MWh;NO;NO;167.32;;167.32;167.32;1;UP
2024-11-07T07:45;2024-11-07T08:00;32;EUR;MWh;NO;NO;160.6;;160.6;160.6;1;UP
2024-11-07T08:00;2024-11-07T08:15;33;EUR;MWh;NO;NO;119.41;;119.41;119.41;1;UP
2024-11-07T08:15;2024-11-07T08:30;34;EUR;MWh;NO;NO;130.09;;130.09;130.09;1;UP
2024-11-07T08:30;2024-11-07T08:45;35;EUR;MWh;NO;NO;253.99;;253.99;253.99;1;UP
2024-11-07T08:45;2024-11-07T09:00;36;EUR;MWh;NO;NO;215.52;;215.52;215.52;1;UP
2024-11-07T09:00;2024-11-07T09:15;37;EUR;MWh;NO;NO;279.86;;279.86;279.86;1;UP
2024-11-07T09:15;2024-11-07T09:30;38;EUR;MWh;NO;NO;340.52;;340.52;340.52;1;UP
2024-11-07T09:30;2024-11-07T09:45;39;EUR;MWh;NO;NO;289.86;;289.86;289.86;1;UP
2024-11-07T09:45;2024-11-07T10:00;40;EUR;MWh;NO;NO;200;;200;200;1;UP
2024-11-07T10:00;2024-11-07T10:15;41;EUR;MWh;NO;NO;290.16;;290.16;290.16;1;UP
2024-11-07T10:15;2024-11-07T10:30;42;EUR;MWh;NO;NO;200;;200;200;1;UP
2024-11-07T10:30;2024-11-07T10:45;43;EUR;MWh;NO;NO;188.93;;188.93;188.93;1;UP
2024-11-07T10:45;2024-11-07T11:00;44;EUR;MWh;NO;NO;160.6;;160.6;160.6;1;UP
2024-11-07T11:00;2024-11-07T11:15;45;EUR;MWh;NO;NO;198;;198;198;1;UP
2024-11-07T11:15;2024-11-07T11:30;46;EUR;MWh;NO;NO;190.52;;190.52;190.52;1;UP
2024-11-07T11:30;2024-11-07T11:45;47;EUR;MWh;NO;NO;200;;200;200;1;UP
2024-11-07T11:45;2024-11-07T12:00;48;EUR;MWh;NO;NO;156.5;;156.5;156.5;1;UP
2024-11-07T12:00;2024-11-07T12:15;49;EUR;MWh;NO;NO;255.93;;255.93;255.93;1;UP
2024-11-07T12:15;2024-11-07T12:30;50;EUR;MWh;NO;NO;240.52;;240.52;240.52;1;UP
2024-11-07T12:30;2024-11-07T12:45;51;EUR;MWh;NO;NO;413.87;;413.87;413.87;1;UP
2024-11-07T12:45;2024-11-07T13:00;52;EUR;MWh;NO;NO;286.55;;286.55;286.55;1;UP
2024-11-07T13:00;2024-11-07T13:15;53;EUR;MWh;NO;NO;331.56;;331.56;331.56;1;UP
2024-11-07T13:15;2024-11-07T13:30;54;EUR;MWh;NO;NO;304.23;;304.23;304.23;1;UP
2024-11-07T13:30;2024-11-07T13:45;55;EUR;MWh;NO;NO;240.6;;240.6;240.6;1;UP
2024-11-07T13:45;2024-11-07T14:00;56;EUR;MWh;NO;NO;241.71;;241.71;241.71;1;UP
2024-11-07T14:00;2024-11-07T14:15;57;EUR;MWh;NO;NO;156.5;;156.5;156.5;1;UP
2024-11-07T14:15;2024-11-07T14:30;58;EUR;MWh;NO;NO;183.6;;183.6;183.6;1;UP
2024-11-07T14:30;2024-11-07T14:45;59;EUR;MWh;NO;NO;184.6;;184.6;184.6;1;UP
2024-11-07T14:45;2024-11-07T15:00;60;EUR;MWh;NO;NO;138.1;;138.1;138.1;1;UP
2024-11-07T15:00;2024-11-07T15:15;61;EUR;MWh;NO;NO;141;;141;141;1;UP
2024-11-07T15:15;2024-11-07T15:30;62;EUR;MWh;NO;NO;231.71;;231.71;231.71;1;UP
2024-11-07T15:30;2024-11-07T15:45;63;EUR;MWh;NO;NO;174.52;;174.52;174.52;1;UP
2024-11-07T15:45;2024-11-07T16:00;64;EUR;MWh;NO;NO;200;;200;200;1;UP
2024-11-07T16:00;2024-11-07T16:15;65;EUR;MWh;NO;NO;136.1;;136.1;136.1;1;UP
2024-11-07T16:15;2024-11-07T16:30;66;EUR;MWh;NO;NO;136.1;;136.1;136.1;1;UP
2024-11-07T16:30;2024-11-07T16:45;67;EUR;MWh;NO;NO;113.8;;113.8;113.8;1;UP
2024-11-07T16:45;2024-11-07T17:00;68;EUR;MWh;NO;NO;140.3;;140.3;140.3;1;UP
2024-11-07T17:00;2024-11-07T17:15;69;EUR;MWh;NO;NO;211.71;;211.71;211.71;1;UP
2024-11-07T17:15;2024-11-07T17:30;70;EUR;MWh;NO;NO;261.71;;261.71;261.71;1;UP
2024-11-07T17:30;2024-11-07T17:45;71;EUR;MWh;NO;NO;231.71;;231.71;231.71;1;UP
2024-11-07T17:45;2024-11-07T18:00;72;EUR;MWh;NO;NO;227.71;;227.71;227.71;1;UP
2024-11-07T18:00;2024-11-07T18:15;73;EUR;MWh;NO;NO;341.71;;341.71;341.71;1;UP
2024-11-07T18:15;2024-11-07T18:30;74;EUR;MWh;NO;NO;201.71;;201.71;201.71;1;UP
2024-11-07T18:30;2024-11-07T18:45;75;EUR;MWh;NO;NO;112.3;;112.3;112.3;1;UP
2024-11-07T18:45;2024-11-07T19:00;76;EUR;MWh;NO;NO;191.71;;191.71;191.71;1;UP
2024-11-07T19:00;2024-11-07T19:15;77;EUR;MWh;NO;NO;366.63;;366.63;366.63;1;UP
2024-11-07T19:15;2024-11-07T19:30;78;EUR;MWh;NO;NO;259.63;;259.63;259.63;1;UP
2024-11-07T19:30;2024-11-07T19:45;79;EUR;MWh;NO;NO;188.47;;188.47;188.47;1;UP
2024-11-07T19:45;2024-11-07T20:00;80;EUR;MWh;NO;NO;188.47;;188.47;188.47;1;UP
2024-11-07T20:00;2024-11-07T20:15;81;EUR;MWh;NO;NO;188.46;;188.46;188.46;1;UP
2024-11-07T20:15;2024-11-07T20:30;82;EUR;MWh;NO;NO;140.09;;140.09;140.09;1;UP
2024-11-07T20:30;2024-11-07T20:45;83;EUR;MWh;NO;NO;141;;141;141;1;UP
2024-11-07T20:45;2024-11-07T21:00;84;EUR;MWh;NO;NO;114.2;;114.2;114.2;1;UP
2024-11-07T21:00;2024-11-07T21:15;85;EUR;MWh;NO;NO;166.46;;166.46;166.46;1;UP
2024-11-07T21:15;2024-11-07T21:30;86;EUR;MWh;NO;NO;139.45;85.08;139.45;71.85;2;UP_AND_DOWN
2024-11-07T21:30;2024-11-07T21:45;87;EUR;MWh;NO;NO;;85.08;85.08;85.08;-1;DOWN
2024-11-07T21:45;2024-11-07T22:00;88;EUR;MWh;NO;NO;;84.2;84.2;84.2;-1;DOWN
2024-11-07T22:00;2024-11-07T22:15;89;EUR;MWh;NO;NO;142.3;84.2;142.3;142.3;1;UP
2024-11-07T22:15;2024-11-07T22:30;90;EUR;MWh;NO;NO;99.09;;99.09;99.09;1;UP
2024-11-07T22:30;2024-11-07T22:45;91;EUR;MWh;NO;NO;130.33;;130.33;130.33;1;UP
2024-11-07T22:45;2024-11-07T23:00;92;EUR;MWh;NO;NO;;86.41;86.41;86.41;-1;DOWN
2024-11-07T23:00;2024-11-07T23:15;93;EUR;MWh;NO;NO;166.03;88.69;166.03;71.85;2;UP_AND_DOWN
2024-11-07T23:15;2024-11-07T23:30;94;EUR;MWh;NO;NO;136.92;;136.92;136.92;1;UP
2024-11-07T23:30;2024-11-07T23:45;95;EUR;MWh;NO;NO;139;84;139;71.85;2;UP_AND_DOWN
2024-11-07T23:45;2024-11-08T00:00;96;EUR;MWh;NO;NO;;83.69;83.69;83.69;-1;DOWN
2024-11-08T00:00;2024-11-08T00:15;1;EUR;MWh;NO;NO;92.38;78.69;92.38;78.69;2;UP_AND_DOWN
2024-11-08T00:15;2024-11-08T00:30;2;EUR;MWh;NO;NO;89.15;;89.15;89.15;1;UP
2024-11-08T00:30;2024-11-08T00:45;3;EUR;MWh;NO;NO;;;79.56;79.56;0;STABLE
2024-11-08T00:45;2024-11-08T01:00;4;EUR;MWh;NO;NO;92.92;;92.92;92.92;1;UP
2024-11-08T01:00;2024-11-08T01:15;5;EUR;MWh;NO;NO;158.46;;158.46;158.46;1;UP
2024-11-08T01:15;2024-11-08T01:30;6;EUR;MWh;NO;NO;113.4;;113.4;113.4;1;UP
2024-11-08T01:30;2024-11-08T01:45;7;EUR;MWh;NO;NO;102.56;;102.56;102.56;1;UP
2024-11-08T01:45;2024-11-08T02:00;8;EUR;MWh;NO;NO;102.56;;81.11;81.11;0;STABLE
2024-11-08T02:00;2024-11-08T02:15;9;EUR;MWh;NO;NO;110.53;;110.53;110.53;1;UP
2024-11-08T02:15;2024-11-08T02:30;10;EUR;MWh;NO;NO;113.07;;113.07;113.07;1;UP
2024-11-08T02:30;2024-11-08T02:45;11;EUR;MWh;NO;NO;93.07;;93.07;93.07;1;UP
2024-11-08T02:45;2024-11-08T03:00;12;EUR;MWh;NO;NO;106.69;;106.69;106.69;1;UP
2024-11-08T03:00;2024-11-08T03:15;13;EUR;MWh;NO;NO;113.8;;113.8;113.8;1;UP
2024-11-08T03:15;2024-11-08T03:30;14;EUR;MWh;NO;NO;98.5;;98.5;98.5;1;UP
2024-11-08T03:30;2024-11-08T03:45;15;EUR;MWh;NO;NO;100.69;;100.69;100.69;1;UP
2024-11-08T03:45;2024-11-08T04:00;16;EUR;MWh;NO;NO;90.44;;90.44;90.44;1;UP
2024-11-08T04:00;2024-11-08T04:15;17;EUR;MWh;NO;NO;98.08;;98.08;98.08;1;UP
2024-11-08T04:15;2024-11-08T04:30;18;EUR;MWh;NO;NO;113.6;;113.6;113.6;1;UP
2024-11-08T04:30;2024-11-08T04:45;19;EUR;MWh;NO;NO;113.6;;113.6;113.6;1;UP
2024-11-08T04:45;2024-11-08T05:00;20;EUR;MWh;NO;NO;113.6;;113.6;113.6;1;UP
2024-11-08T05:00;2024-11-08T05:15;21;EUR;MWh;NO;NO;98.89;88;98.89;81.02;2;UP_AND_DOWN
2024-11-08T05:15;2024-11-08T05:30;22;EUR;MWh;NO;NO;106.25;;106.25;106.25;1;UP
2024-11-08T05:30;2024-11-08T05:45;23;EUR;MWh;NO;NO;106.52;;106.52;106.52;1;UP
2024-11-08T05:45;2024-11-08T06:00;24;EUR;MWh;NO;NO;102.69;;102.69;102.69;1;UP
2024-11-08T06:00;2024-11-08T06:15;25;EUR;MWh;NO;NO;100.94;76.38;100.94;76.38;2;UP_AND_DOWN
2024-11-08T06:15;2024-11-08T06:30;26;EUR;MWh;NO;NO;109.69;;109.69;109.69;1;UP
2024-11-08T06:30;2024-11-08T06:45;27;EUR;MWh;NO;NO;144.6;;144.6;144.6;1;UP
2024-11-08T06:45;2024-11-08T07:00;28;EUR;MWh;NO;NO;150;;150;150;1;UP
2024-11-08T07:00;2024-11-08T07:15;29;EUR;MWh;NO;NO;140.47;90.82;140.47;140.47;1;UP
2024-11-08T07:15;2024-11-08T07:30;30;EUR;MWh;NO;NO;150;;150;150;1;UP
2024-11-08T07:30;2024-11-08T07:45;31;EUR;MWh;NO;NO;150;;150;150;1;UP
2024-11-08T07:45;2024-11-08T08:00;32;EUR;MWh;NO;NO;216.29;;216.29;216.29;1;UP
2024-11-08T08:00;2024-11-08T08:15;33;EUR;MWh;NO;NO;121.8;;121.8;121.8;1;UP
2024-11-08T08:15;2024-11-08T08:30;34;EUR;MWh;NO;NO;358.24;;358.24;358.24;1;UP
2024-11-08T08:30;2024-11-08T08:45;35;EUR;MWh;NO;NO;266;;266;266;1;UP
2024-11-08T08:45;2024-11-08T09:00;36;EUR;MWh;NO;NO;238.47;;238.47;238.47;1;UP
2024-11-08T09:00;2024-11-08T09:15;37;EUR;MWh;NO;NO;1859.03;;1859.03;1859.03;1;UP
2024-11-08T09:15;2024-11-08T09:30;38;EUR;MWh;NO;NO;1859.03;;1859.03;1859.03;1;UP
2024-11-08T09:30;2024-11-08T09:45;39;EUR;MWh;NO;NO;242.51;;242.51;242.51;1;UP
2024-11-08T09:45;2024-11-08T10:00;40;EUR;MWh;NO;NO;1859.03;;1859.03;1859.03;1;UP
2024-11-08T10:00;2024-11-08T10:15;41;EUR;MWh;YES;;2044.93;;2044.93;2044.93;1;UP
2024-11-08T10:15;2024-11-08T10:30;42;EUR;MWh;YES;;2044.93;;2044.93;2044.93;1;UP
2024-11-08T10:30;2024-11-08T10:45;43;EUR;MWh;YES;;2044.93;;2044.93;2044.93;1;UP
2024-11-08T10:45;2024-11-08T11:00;44;EUR;MWh;YES;;2044.93;;2044.93;2044.93;1;UP
2024-11-08T11:00;2024-11-08T11:15;45;EUR;MWh;YES;;2044.93;;2044.93;2044.93;1;UP
2024-11-08T11:15;2024-11-08T11:30;46;EUR;MWh;YES;;2748.9;;2748.9;2748.9;1;UP
2024-11-08T11:30;2024-11-08T11:45;47;EUR;MWh;YES;;2748.9;;2748.9;2748.9;1;UP
2024-11-08T11:45;2024-11-08T12:00;48;EUR;MWh;YES;;2748.9;;2748.9;2748.9;1;UP
2024-11-08T12:00;2024-11-08T12:15;49;EUR;MWh;YES;;2044.93;;2044.93;2044.93;1;UP
2024-11-08T12:15;2024-11-08T12:30;50;EUR;MWh;YES;;2044.93;;2044.93;2044.93;1;UP
2024-11-08T12:30;2024-11-08T12:45;51;EUR;MWh;YES;;536.82;;536.82;536.82;1;UP
2024-11-08T12:45;2024-11-08T13:00;52;EUR;MWh;YES;;376.22;;376.22;376.22;1;UP
2024-11-08T13:00;2024-11-08T13:15;53;EUR;MWh;YES;;651.88;;651.88;651.88;1;UP
2024-11-08T13:15;2024-11-08T13:30;54;EUR;MWh;YES;;306.81;;306.81;306.81;1;UP
2024-11-08T13:30;2024-11-08T13:45;55;EUR;MWh;YES;;306.81;;306.81;306.81;1;UP
2024-11-08T13:45;2024-11-08T14:00;56;EUR;MWh;YES;;306.81;;306.81;306.81;1;UP
2024-11-08T14:00;2024-11-08T14:15;57;EUR;MWh;YES;;312.18;84.52;312.18;84.52;2;UP_AND_DOWN
2024-11-08T14:15;2024-11-08T14:30;58;EUR;MWh;NO;NO;133.69;;133.69;133.69;1;UP
2024-11-08T14:30;2024-11-08T14:45;59;EUR;MWh;NO;NO;137.6;;137.6;137.6;1;UP
2024-11-08T14:45;2024-11-08T15:00;60;EUR;MWh;NO;NO;135.11;;135.11;135.11;1;UP
2024-11-08T15:00;2024-11-08T15:15;61;EUR;MWh;NO;NO;135.11;;84.59;84.59;0;STABLE
2024-11-08T15:15;2024-11-08T15:30;62;EUR;MWh;NO;NO;102.92;;102.92;102.92;1;UP
2024-11-08T15:30;2024-11-08T15:45;63;EUR;MWh;NO;NO;188.34;;188.34;188.34;1;UP
2024-11-08T15:45;2024-11-08T16:00;64;EUR;MWh;NO;NO;125.12;;125.12;125.12;1;UP
2024-11-08T16:00;2024-11-08T16:15;65;EUR;MWh;NO;NO;139.7;;139.7;139.7;1;UP
2024-11-08T16:15;2024-11-08T16:30;66;EUR;MWh;NO;NO;137.8;;137.8;137.8;1;UP
2024-11-08T16:30;2024-11-08T16:45;67;EUR;MWh;NO;NO;110.68;;110.68;110.68;1;UP
2024-11-08T16:45;2024-11-08T17:00;68;EUR;MWh;NO;NO;115.12;;115.12;115.12;1;UP
2024-11-08T17:00;2024-11-08T17:15;69;EUR;MWh;NO;NO;106.91;95.15;106.91;84.59;2;UP_AND_DOWN
2024-11-08T17:15;2024-11-08T17:30;70;EUR;MWh;NO;NO;126.91;;126.91;126.91;1;UP
2024-11-08T17:30;2024-11-08T17:45;71;EUR;MWh;NO;NO;121.75;90.65;121.75;90.65;2;UP_AND_DOWN
2024-11-08T17:45;2024-11-08T18:00;72;EUR;MWh;NO;NO;;85.08;85.08;85.08;-1;DOWN
2024-11-08T18:00;2024-11-08T18:15;73;EUR;MWh;NO;NO;93.69;85.08;93.69;93.69;1;UP
2024-11-08T18:15;2024-11-08T18:30;74;EUR;MWh;NO;NO;93.69;;93.69;93.69;1;UP
2024-11-08T18:30;2024-11-08T18:45;75;EUR;MWh;NO;NO;93.69;;93.69;93.69;1;UP
2024-11-08T18:45;2024-11-08T19:00;76;EUR;MWh;NO;NO;95.69;;95.69;95.69;1;UP
2024-11-08T19:00;2024-11-08T19:15;77;EUR;MWh;NO;NO;176.86;;176.86;176.86;1;UP
2024-11-08T19:15;2024-11-08T19:30;78;EUR;MWh;NO;NO;124.95;;124.95;124.95;1;UP
2024-11-08T19:30;2024-11-08T19:45;79;EUR;MWh;NO;NO;136.86;;136.86;136.86;1;UP
2024-11-08T19:45;2024-11-08T20:00;80;EUR;MWh;NO;NO;126.95;;126.95;126.95;1;UP
2024-11-08T20:00;2024-11-08T20:15;81;EUR;MWh;NO;NO;158.93;;158.93;158.93;1;UP
2024-11-08T20:15;2024-11-08T20:30;82;EUR;MWh;NO;NO;167.68;;167.68;167.68;1;UP
2024-11-08T20:30;2024-11-08T20:45;83;EUR;MWh;NO;NO;116.55;;116.55;116.55;1;UP
2024-11-08T20:45;2024-11-08T21:00;84;EUR;MWh;NO;NO;95.69;;95.69;95.69;1;UP
2024-11-08T21:00;2024-11-08T21:15;85;EUR;MWh;NO;NO;150;;150;150;1;UP
2024-11-08T21:15;2024-11-08T21:30;86;EUR;MWh;NO;NO;139.6;;139.6;139.6;1;UP
2024-11-08T21:30;2024-11-08T21:45;87;EUR;MWh;NO;NO;141.6;;141.6;141.6;1;UP
2024-11-08T21:45;2024-11-08T22:00;88;EUR;MWh;NO;NO;133;;133;133;1;UP
2024-11-08T22:00;2024-11-08T22:15;89;EUR;MWh;NO;NO;107.38;;107.38;107.38;1;UP
2024-11-08T22:15;2024-11-08T22:30;90;EUR;MWh;NO;NO;101.69;;101.69;101.69;1;UP
2024-11-08T22:30;2024-11-08T22:45;91;EUR;MWh;NO;NO;114.69;92.34;114.69;84.52;2;UP_AND_DOWN
2024-11-08T22:45;2024-11-08T23:00;92;EUR;MWh;NO;NO;;95.12;95.12;95.12;-1;DOWN
2024-11-08T23:00;2024-11-08T23:15;93;EUR;MWh;NO;NO;113.8;93.4;113.8;83.72;2;UP_AND_DOWN
2024-11-08T23:15;2024-11-08T23:30;94;EUR;MWh;NO;NO;93.69;93.46;93.46;93.46;-1;DOWN
2024-11-08T23:30;2024-11-08T23:45;95;EUR;MWh;NO;NO;137.2;93.26;137.2;83.65;2;UP_AND_DOWN
2024-11-08T23:45;2024-11-09T00:00;96;EUR;MWh;NO;NO;102.92;77.2;102.92;77.2;2;UP_AND_DOWN
2024-11-09T00:00;2024-11-09T00:15;1;EUR;MWh;NO;NO;115.2;86.34;115.2;81.95;2;UP_AND_DOWN
2024-11-09T00:15;2024-11-09T00:30;2;EUR;MWh;NO;NO;138.69;;138.69;138.69;1;UP
2024-11-09T00:30;2024-11-09T00:45;3;EUR;MWh;NO;NO;160;;160;160;1;UP
2024-11-09T00:45;2024-11-09T01:00;4;EUR;MWh;NO;NO;133;;133;133;1;UP
2024-11-09T01:00;2024-11-09T01:15;5;EUR;MWh;NO;NO;98.62;88;98.62;81.86;2;UP_AND_DOWN
2024-11-09T01:15;2024-11-09T01:30;6;EUR;MWh;NO;NO;115.2;;115.2;115.2;1;UP
2024-11-09T01:30;2024-11-09T01:45;7;EUR;MWh;NO;NO;115.2;;115.2;115.2;1;UP
2024-11-09T01:45;2024-11-09T02:00;8;EUR;MWh;NO;NO;98.62;;98.62;98.62;1;UP
2024-11-09T02:00;2024-11-09T02:15;9;EUR;MWh;NO;NO;144;;144;144;1;UP
2024-11-09T02:15;2024-11-09T02:30;10;EUR;MWh;NO;NO;115.2;;115.2;115.2;1;UP
2024-11-09T02:30;2024-11-09T02:45;11;EUR;MWh;NO;NO;102.51;;102.51;102.51;1;UP
2024-11-09T02:45;2024-11-09T03:00;12;EUR;MWh;NO;NO;104.4;;104.4;104.4;1;UP
2024-11-09T03:00;2024-11-09T03:15;13;EUR;MWh;NO;NO;115.2;;115.2;115.2;1;UP
2024-11-09T03:15;2024-11-09T03:30;14;EUR;MWh;NO;NO;108.93;;108.93;108.93;1;UP
2024-11-09T03:30;2024-11-09T03:45;15;EUR;MWh;NO;NO;108.55;;108.55;108.55;1;UP
2024-11-09T03:45;2024-11-09T04:00;16;EUR;MWh;NO;NO;102.16;;102.16;102.16;1;UP
2024-11-09T04:00;2024-11-09T04:15;17;EUR;MWh;NO;NO;107.5;;107.5;107.5;1;UP
2024-11-09T04:15;2024-11-09T04:30;18;EUR;MWh;NO;NO;107.69;;107.69;107.69;1;UP
2024-11-09T04:30;2024-11-09T04:45;19;EUR;MWh;NO;NO;104.62;;104.62;104.62;1;UP
2024-11-09T04:45;2024-11-09T05:00;20;EUR;MWh;NO;NO;101.53;;101.53;101.53;1;UP
2024-11-09T05:00;2024-11-09T05:15;21;EUR;MWh;NO;NO;115.2;89.69;115.2;81.86;2;UP_AND_DOWN
2024-11-09T05:15;2024-11-09T05:30;22;EUR;MWh;NO;NO;115.2;;115.2;115.2;1;UP
2024-11-09T05:30;2024-11-09T05:45;23;EUR;MWh;NO;NO;104.62;;104.62;104.62;1;UP
2024-11-09T05:45;2024-11-09T06:00;24;EUR;MWh;NO;NO;101.69;;101.69;101.69;1;UP
2024-11-09T06:00;2024-11-09T06:15;25;EUR;MWh;NO;NO;74.03;80.69;81.86;80.69;2;UP_AND_DOWN
2024-11-09T06:15;2024-11-09T06:30;26;EUR;MWh;NO;NO;102.51;99;102.51;86.52;2;UP_AND_DOWN
2024-11-09T06:30;2024-11-09T06:45;27;EUR;MWh;NO;NO;115.1;;115.1;115.1;1;UP
2024-11-09T06:45;2024-11-09T07:00;28;EUR;MWh;NO;NO;106.91;;106.91;106.91;1;UP
2024-11-09T07:00;2024-11-09T07:15;29;EUR;MWh;NO;NO;138.69;;138.69;138.69;1;UP
2024-11-09T07:15;2024-11-09T07:30;30;EUR;MWh;NO;NO;138.69;;138.69;138.69;1;UP
2024-11-09T07:30;2024-11-09T07:45;31;EUR;MWh;NO;NO;115.2;;115.2;115.2;1;UP
2024-11-09T07:45;2024-11-09T08:00;32;EUR;MWh;NO;NO;109.01;;109.01;109.01;1;UP
2024-11-09T08:00;2024-11-09T08:15;33;EUR;MWh;NO;NO;106.91;;106.91;106.91;1;UP
2024-11-09T08:15;2024-11-09T08:30;34;EUR;MWh;NO;NO;107.84;;107.84;107.84;1;UP
2024-11-09T08:30;2024-11-09T08:45;35;EUR;MWh;NO;NO;109;;109;109;1;UP
2024-11-09T08:45;2024-11-09T09:00;36;EUR;MWh;NO;NO;119.5;;119.5;119.5;1;UP
2024-11-09T09:00;2024-11-09T09:15;37;EUR;MWh;NO;NO;115.2;;115.2;115.2;1;UP
2024-11-09T09:15;2024-11-09T09:30;38;EUR;MWh;NO;NO;115.2;;115.2;115.2;1;UP
2024-11-09T09:30;2024-11-09T09:45;39;EUR;MWh;NO;NO;132.38;;132.38;132.38;1;UP
2024-11-09T09:45;2024-11-09T10:00;40;EUR;MWh;NO;NO;115.3;;115.3;115.3;1;UP
2024-11-09T10:00;2024-11-09T10:15;41;EUR;MWh;NO;NO;122;;122;122;1;UP
2024-11-09T10:15;2024-11-09T10:30;42;EUR;MWh;NO;NO;122;;122;122;1;UP
2024-11-09T10:30;2024-11-09T10:45;43;EUR;MWh;NO;NO;143.4;;143.4;143.4;1;UP
2024-11-09T10:45;2024-11-09T11:00;44;EUR;MWh;NO;NO;143.4;;143.4;143.4;1;UP
2024-11-09T11:00;2024-11-09T11:15;45;EUR;MWh;NO;NO;115.4;;115.4;115.4;1;UP
2024-11-09T11:15;2024-11-09T11:30;46;EUR;MWh;NO;NO;115.4;;115.4;115.4;1;UP
2024-11-09T11:30;2024-11-09T11:45;47;EUR;MWh;NO;NO;120.77;;120.77;120.77;1;UP
2024-11-09T11:45;2024-11-09T12:00;48;EUR;MWh;NO;NO;115.5;;115.5;115.5;1;UP
2024-11-09T12:00;2024-11-09T12:15;49;EUR;MWh;NO;NO;109.23;;109.23;109.23;1;UP
2024-11-09T12:15;2024-11-09T12:30;50;EUR;MWh;NO;NO;162.4;;162.4;162.4;1;UP
2024-11-09T12:30;2024-11-09T12:45;51;EUR;MWh;NO;NO;126.24;;126.24;126.24;1;UP
2024-11-09T12:45;2024-11-09T13:00;52;EUR;MWh;NO;NO;141.1;;141.1;141.1;1;UP
2024-11-09T13:00;2024-11-09T13:15;53;EUR;MWh;NO;NO;106.91;;106.91;106.91;1;UP
2024-11-09T13:15;2024-11-09T13:30;54;EUR;MWh;NO;NO;162.6;;162.6;162.6;1;UP
2024-11-09T13:30;2024-11-09T13:45;55;EUR;MWh;NO;NO;120.77;;120.77;120.77;1;UP
2024-11-09T13:45;2024-11-09T14:00;56;EUR;MWh;NO;NO;133;;133;133;1;UP
2024-11-09T14:00;2024-11-09T14:15;57;EUR;MWh;NO;NO;115.1;;115.1;115.1;1;UP
2024-11-09T14:15;2024-11-09T14:30;58;EUR;MWh;NO;NO;115.1;;115.1;115.1;1;UP
2024-11-09T14:30;2024-11-09T14:45;59;EUR;MWh;NO;NO;98.69;97.92;98.69;86.52;2;UP_AND_DOWN
2024-11-09T14:45;2024-11-09T15:00;60;EUR;MWh;NO;NO;106.91;86.69;106.91;86.52;2;UP_AND_DOWN
2024-11-09T15:00;2024-11-09T15:15;61;EUR;MWh;NO;NO;106.32;;106.32;106.32;1;UP
2024-11-09T15:15;2024-11-09T15:30;62;EUR;MWh;NO;NO;105.84;;105.84;105.84;1;UP
2024-11-09T15:30;2024-11-09T15:45;63;EUR;MWh;NO;NO;115;;115;115;1;UP
2024-11-09T15:45;2024-11-09T16:00;64;EUR;MWh;NO;NO;117.69;;117.69;117.69;1;UP
2024-11-09T16:00;2024-11-09T16:15;65;EUR;MWh;NO;NO;180.69;;180.69;180.69;1;UP
2024-11-09T16:15;2024-11-09T16:30;66;EUR;MWh;NO;NO;146;;146;146;1;UP
2024-11-09T16:30;2024-11-09T16:45;67;EUR;MWh;NO;NO;126.24;;126.24;126.24;1;UP
2024-11-09T16:45;2024-11-09T17:00;68;EUR;MWh;NO;NO;115;;115;115;1;UP
2024-11-09T17:00;2024-11-09T17:15;69;EUR;MWh;NO;NO;113.69;;113.69;113.69;1;UP
2024-11-09T17:15;2024-11-09T17:30;70;EUR;MWh;NO;NO;115.5;;115.5;115.5;1;UP
2024-11-09T17:30;2024-11-09T17:45;71;EUR;MWh;NO;NO;105.69;;105.69;105.69;1;UP
2024-11-09T17:45;2024-11-09T18:00;72;EUR;MWh;NO;NO;104.69;;104.69;104.69;1;UP
2024-11-09T18:00;2024-11-09T18:15;73;EUR;MWh;NO;NO;107.69;;107.69;107.69;1;UP
2024-11-09T18:15;2024-11-09T18:30;74;EUR;MWh;NO;NO;113.4;;113.4;113.4;1;UP
2024-11-09T18:30;2024-11-09T18:45;75;EUR;MWh;NO;NO;93.91;98.68;93.91;86.52;2;UP_AND_DOWN
2024-11-09T18:45;2024-11-09T19:00;76;EUR;MWh;NO;NO;;95.87;95.87;95.87;-1;DOWN
2024-11-09T19:00;2024-11-09T19:15;77;EUR;MWh;NO;NO;100.91;89.69;100.91;86.52;2;UP_AND_DOWN
2024-11-09T19:15;2024-11-09T19:30;78;EUR;MWh;NO;NO;102.92;;102.92;102.92;1;UP
2024-11-09T19:30;2024-11-09T19:45;79;EUR;MWh;NO;NO;102.92;85.08;85.08;85.08;-1;DOWN
2024-11-09T19:45;2024-11-09T20:00;80;EUR;MWh;NO;NO;;80.91;80.91;80.91;-1;DOWN
2024-11-09T20:00;2024-11-09T20:15;81;EUR;MWh;NO;NO;113.32;98.68;113.32;86.52;2;UP_AND_DOWN
2024-11-09T20:15;2024-11-09T20:30;82;EUR;MWh;NO;NO;143.4;;143.4;143.4;1;UP
2024-11-09T20:30;2024-11-09T20:45;83;EUR;MWh;NO;NO;133;;133;133;1;UP
2024-11-09T20:45;2024-11-09T21:00;84;EUR;MWh;NO;NO;110.63;;110.63;110.63;1;UP
2024-11-09T21:00;2024-11-09T21:15;85;EUR;MWh;NO;NO;143.4;;143.4;143.4;1;UP
2024-11-09T21:15;2024-11-09T21:30;86;EUR;MWh;NO;NO;143.4;;143.4;143.4;1;UP
2024-11-09T21:30;2024-11-09T21:45;87;EUR;MWh;NO;NO;115.4;;115.4;115.4;1;UP
2024-11-09T21:45;2024-11-09T22:00;88;EUR;MWh;NO;NO;74.03;100.85;87.44;87.44;2;UP_AND_DOWN
2024-11-09T22:00;2024-11-09T22:15;89;EUR;MWh;NO;NO;115.4;98.68;115.4;86.52;2;UP_AND_DOWN
2024-11-09T22:15;2024-11-09T22:30;90;EUR;MWh;NO;NO;101.83;88.69;101.83;86.52;2;UP_AND_DOWN
2024-11-09T22:30;2024-11-09T22:45;91;EUR;MWh;NO;NO;98.69;95.36;98.69;86.52;2;UP_AND_DOWN
2024-11-09T22:45;2024-11-09T23:00;92;EUR;MWh;NO;NO;115.4;;115.4;115.4;1;UP
2024-11-09T23:00;2024-11-09T23:15;93;EUR;MWh;NO;NO;115.4;;115.4;115.4;1;UP
2024-11-09T23:15;2024-11-09T23:30;94;EUR;MWh;NO;NO;133;;133;133;1;UP
2024-11-09T23:30;2024-11-09T23:45;95;EUR;MWh;NO;NO;146.46;;146.46;146.46;1;UP
2024-11-09T23:45;2024-11-10T00:00;96;EUR;MWh;NO;NO;106.91;;106.91;106.91;1;UP
2024-11-10T00:00;2024-11-10T00:15;1;EUR;MWh;NO;NO;105.36;;105.36;105.36;1;UP
2024-11-10T00:15;2024-11-10T00:30;2;EUR;MWh;NO;NO;118.6;;118.6;118.6;1;UP
2024-11-10T00:30;2024-11-10T00:45;3;EUR;MWh;NO;NO;116.4;89.69;116.4;77.96;2;UP_AND_DOWN
2024-11-10T00:45;2024-11-10T01:00;4;EUR;MWh;NO;NO;;89.69;89.69;89.69;-1;DOWN
2024-11-10T01:00;2024-11-10T01:15;5;EUR;MWh;NO;NO;101.37;89.3;101.37;75.17;2;UP_AND_DOWN
2024-11-10T01:15;2024-11-10T01:30;6;EUR;MWh;NO;NO;104.46;;104.46;104.46;1;UP
2024-11-10T01:30;2024-11-10T01:45;7;EUR;MWh;NO;NO;107.37;;107.37;107.37;1;UP
2024-11-10T01:45;2024-11-10T02:00;8;EUR;MWh;NO;NO;;89.69;89.69;89.69;-1;DOWN
2024-11-10T02:00;2024-11-10T02:15;9;EUR;MWh;NO;NO;108.98;96.12;108.98;79.02;2;UP_AND_DOWN
2024-11-10T02:15;2024-11-10T02:30;10;EUR;MWh;NO;NO;108.98;89.18;89.18;89.18;-1;DOWN
2024-11-10T02:30;2024-11-10T02:45;11;EUR;MWh;NO;NO;;94.41;94.41;94.41;-1;DOWN
2024-11-10T02:45;2024-11-10T03:00;12;EUR;MWh;NO;NO;;94.76;94.76;94.76;-1;DOWN
2024-11-10T03:00;2024-11-10T03:15;13;EUR;MWh;NO;NO;107.37;87.69;107.37;79.02;2;UP_AND_DOWN
2024-11-10T03:15;2024-11-10T03:30;14;EUR;MWh;NO;NO;101.37;95.76;101.37;79.02;2;UP_AND_DOWN
2024-11-10T03:30;2024-11-10T03:45;15;EUR;MWh;NO;NO;103.94;;103.94;103.94;1;UP
2024-11-10T03:45;2024-11-10T04:00;16;EUR;MWh;NO;NO;116.5;;116.5;116.5;1;UP
2024-11-10T04:00;2024-11-10T04:15;17;EUR;MWh;NO;NO;108.04;;108.04;108.04;1;UP
2024-11-10T04:15;2024-11-10T04:30;18;EUR;MWh;NO;NO;;85.08;85.08;85.08;-1;DOWN
2024-11-10T04:30;2024-11-10T04:45;19;EUR;MWh;NO;NO;;85.08;85.08;85.08;-1;DOWN
2024-11-10T04:45;2024-11-10T05:00;20;EUR;MWh;NO;NO;;95.72;95.72;95.72;-1;DOWN
2024-11-10T05:00;2024-11-10T05:15;21;EUR;MWh;NO;NO;94.37;;94.37;94.37;1;UP
2024-11-10T05:15;2024-11-10T05:30;22;EUR;MWh;NO;NO;107.37;;107.37;107.37;1;UP
2024-11-10T05:30;2024-11-10T05:45;23;EUR;MWh;NO;NO;107.37;;107.37;107.37;1;UP
2024-11-10T05:45;2024-11-10T06:00;24;EUR;MWh;NO;NO;116.5;;116.5;116.5;1;UP
2024-11-10T06:00;2024-11-10T06:15;25;EUR;MWh;NO;NO;101.95;69.73;101.95;69.73;2;UP_AND_DOWN
2024-11-10T06:15;2024-11-10T06:30;26;EUR;MWh;NO;NO;;92.34;92.34;92.34;-1;DOWN
2024-11-10T06:30;2024-11-10T06:45;27;EUR;MWh;NO;NO;;79.58;79.58;79.58;-1;DOWN
2024-11-10T06:45;2024-11-10T07:00;28;EUR;MWh;NO;NO;;84.4;84.4;84.4;-1;DOWN
2024-11-10T07:00;2024-11-10T07:15;29;EUR;MWh;NO;NO;59.03;71.95;74.36;71.95;2;UP_AND_DOWN
2024-11-10T07:15;2024-11-10T07:30;30;EUR;MWh;NO;NO;103.94;94.45;103.94;79.13;2;UP_AND_DOWN
2024-11-10T07:30;2024-11-10T07:45;31;EUR;MWh;NO;NO;103.9;;103.9;103.9;1;UP
2024-11-10T07:45;2024-11-10T08:00;32;EUR;MWh;NO;NO;101.95;;101.95;101.95;1;UP
2024-11-10T08:00;2024-11-10T08:15;33;EUR;MWh;NO;NO;104.32;;104.32;104.32;1;UP
2024-11-10T08:15;2024-11-10T08:30;34;EUR;MWh;NO;NO;104.28;;104.28;104.28;1;UP
2024-11-10T08:30;2024-11-10T08:45;35;EUR;MWh;NO;NO;101.33;;101.33;101.33;1;UP
2024-11-10T08:45;2024-11-10T09:00;36;EUR;MWh;NO;NO;98.93;;98.93;98.93;1;UP
2024-11-10T09:00;2024-11-10T09:15;37;EUR;MWh;NO;NO;98.93;87.69;87.69;87.69;-1;DOWN
2024-11-10T09:15;2024-11-10T09:30;38;EUR;MWh;NO;NO;;96.01;96.01;96.01;-1;DOWN
2024-11-10T09:30;2024-11-10T09:45;39;EUR;MWh;NO;NO;;96.51;96.51;96.51;-1;DOWN
2024-11-10T09:45;2024-11-10T10:00;40;EUR;MWh;NO;NO;102.92;102.85;102.92;102.92;1;UP
2024-11-10T10:00;2024-11-10T10:15;41;EUR;MWh;NO;NO;102.92;86.1;86.1;86.1;-1;DOWN
2024-11-10T10:15;2024-11-10T10:30;42;EUR;MWh;NO;NO;;96.75;96.75;96.75;-1;DOWN
2024-11-10T10:30;2024-11-10T10:45;43;EUR;MWh;NO;NO;;88.69;88.69;88.69;-1;DOWN
2024-11-10T10:45;2024-11-10T11:00;44;EUR;MWh;NO;NO;;95.67;95.67;95.67;-1;DOWN
2024-11-10T11:00;2024-11-10T11:15;45;EUR;MWh;NO;NO;120;;120;120;1;UP
2024-11-10T11:15;2024-11-10T11:30;46;EUR;MWh;NO;NO;118.68;;118.68;118.68;1;UP
2024-11-10T11:30;2024-11-10T11:45;47;EUR;MWh;NO;NO;108.97;;108.97;108.97;1;UP
2024-11-10T11:45;2024-11-10T12:00;48;EUR;MWh;NO;NO;110.45;;110.45;110.45;1;UP
2024-11-10T12:00;2024-11-10T12:15;49;EUR;MWh;NO;NO;118.68;;118.68;118.68;1;UP
2024-11-10T12:15;2024-11-10T12:30;50;EUR;MWh;NO;NO;120;;120;120;1;UP
2024-11-10T12:30;2024-11-10T12:45;51;EUR;MWh;NO;NO;137.8;;137.8;137.8;1;UP
2024-11-10T12:45;2024-11-10T13:00;52;EUR;MWh;NO;NO;137.8;;137.8;137.8;1;UP
2024-11-10T13:00;2024-11-10T13:15;53;EUR;MWh;NO;NO;120;;120;120;1;UP
2024-11-10T13:15;2024-11-10T13:30;54;EUR;MWh;NO;NO;120;;120;120;1;UP
2024-11-10T13:30;2024-11-10T13:45;55;EUR;MWh;NO;NO;110.25;;110.25;110.25;1;UP
2024-11-10T13:45;2024-11-10T14:00;56;EUR;MWh;NO;NO;101.95;;101.95;101.95;1;UP
2024-11-10T14:00;2024-11-10T14:15;57;EUR;MWh;NO;NO;101.95;47.69;47.69;47.69;-1;DOWN
2024-11-10T14:15;2024-11-10T14:30;58;EUR;MWh;NO;NO;107.02;85.69;107.02;79.02;2;UP_AND_DOWN
2024-11-10T14:30;2024-11-10T14:45;59;EUR;MWh;NO;NO;107.02;70.39;70.39;70.39;-1;DOWN
2024-11-10T14:45;2024-11-10T15:00;60;EUR;MWh;NO;NO;;69.33;69.33;69.33;-1;DOWN
2024-11-10T15:00;2024-11-10T15:15;61;EUR;MWh;NO;NO;;83.93;83.93;83.93;-1;DOWN
2024-11-10T15:15;2024-11-10T15:30;62;EUR;MWh;NO;NO;;65.95;65.95;65.95;-1;DOWN
2024-11-10T15:30;2024-11-10T15:45;63;EUR;MWh;NO;NO;;86.69;86.69;86.69;-1;DOWN
2024-11-10T15:45;2024-11-10T16:00;64;EUR;MWh;NO;NO;120;98.68;120;78.86;2;UP_AND_DOWN
2024-11-10T16:00;2024-11-10T16:15;65;EUR;MWh;NO;NO;230.77;30;230.77;30;2;UP_AND_DOWN
2024-11-10T16:15;2024-11-10T16:30;66;EUR;MWh;NO;NO;108.98;71.95;108.98;71.95;2;UP_AND_DOWN
2024-11-10T16:30;2024-11-10T16:45;67;EUR;MWh;NO;NO;116.2;85.08;116.2;78.82;2;UP_AND_DOWN
2024-11-10T16:45;2024-11-10T17:00;68;EUR;MWh;NO;NO;116.1;;116.1;116.1;1;UP
2024-11-10T17:00;2024-11-10T17:15;69;EUR;MWh;NO;NO;120;93.33;120;77.97;2;UP_AND_DOWN
2024-11-10T17:15;2024-11-10T17:30;70;EUR;MWh;NO;NO;120;;120;120;1;UP
2024-11-10T17:30;2024-11-10T17:45;71;EUR;MWh;NO;NO;120;;120;120;1;UP
2024-11-10T17:45;2024-11-10T18:00;72;EUR;MWh;NO;NO;130.52;;130.52;130.52;1;UP
2024-11-10T18:00;2024-11-10T18:15;73;EUR;MWh;NO;NO;176.67;;176.67;176.67;1;UP
2024-11-10T18:15;2024-11-10T18:30;74;EUR;MWh;NO;NO;114.1;;114.1;114.1;1;UP
2024-11-10T18:30;2024-11-10T18:45;75;EUR;MWh;NO;NO;108.45;;108.45;108.45;1;UP
2024-11-10T18:45;2024-11-10T19:00;76;EUR;MWh;NO;NO;101.33;87.69;101.33;78.86;2;UP_AND_DOWN
2024-11-10T19:00;2024-11-10T19:15;77;EUR;MWh;NO;NO;;86;86;86;-1;DOWN
2024-11-10T19:15;2024-11-10T19:30;78;EUR;MWh;NO;NO;;85.7;85.7;85.7;-1;DOWN
2024-11-10T19:30;2024-11-10T19:45;79;EUR;MWh;NO;NO;;86;86;86;-1;DOWN
2024-11-10T19:45;2024-11-10T20:00;80;EUR;MWh;NO;NO;;76.69;76.69;76.69;-1;DOWN
2024-11-10T20:00;2024-11-10T20:15;81;EUR;MWh;NO;NO;116;79.45;116;78.85;2;UP_AND_DOWN
2024-11-10T20:15;2024-11-10T20:30;82;EUR;MWh;NO;NO;;85.7;85.7;85.7;-1;DOWN
2024-11-10T20:30;2024-11-10T20:45;83;EUR;MWh;NO;NO;;89.69;89.69;89.69;-1;DOWN
2024-11-10T20:45;2024-11-10T21:00;84;EUR;MWh;NO;NO;59.03;88;77.95;77.95;2;UP_AND_DOWN
2024-11-10T21:00;2024-11-10T21:15;85;EUR;MWh;NO;NO;110.35;88;110.35;78.86;2;UP_AND_DOWN
2024-11-10T21:15;2024-11-10T21:30;86;EUR;MWh;NO;NO;111.54;;111.54;111.54;1;UP
2024-11-10T21:30;2024-11-10T21:45;87;EUR;MWh;NO;NO;108.97;;108.97;108.97;1;UP
2024-11-10T21:45;2024-11-10T22:00;88;EUR;MWh;NO;NO;102.92;85.72;102.92;78.76;2;UP_AND_DOWN
2024-11-10T22:00;2024-11-10T22:15;89;EUR;MWh;NO;NO;102.92;75.43;75.43;75.43;-1;DOWN
2024-11-10T22:15;2024-11-10T22:30;90;EUR;MWh;NO;NO;;71.95;71.95;71.95;-1;DOWN
2024-11-10T22:30;2024-11-10T22:45;91;EUR;MWh;NO;NO;;71.95;71.95;71.95;-1;DOWN
2024-11-10T22:45;2024-11-10T23:00;92;EUR;MWh;NO;NO;116.5;75.43;116.5;75.43;2;UP_AND_DOWN
2024-11-10T23:00;2024-11-10T23:15;93;EUR;MWh;NO;NO;116.5;36.69;36.69;36.69;-1;DOWN
2024-11-10T23:15;2024-11-10T23:30;94;EUR;MWh;NO;NO;;75.43;75.43;75.43;-1;DOWN
2024-11-10T23:30;2024-11-10T23:45;95;EUR;MWh;NO;NO;;73.06;73.06;73.06;-1;DOWN
2024-11-10T23:45;2024-11-11T00:00;96;EUR;MWh;NO;NO;;44.69;44.69;44.69;-1;DOWN
2024-11-11T00:00;2024-11-11T00:15;1;EUR;MWh;NO;NO;;-270.77;-270.77;-270.77;-1;DOWN
2024-11-11T00:15;2024-11-11T00:30;2;EUR;MWh;NO;NO;;75.43;75.43;75.43;-1;DOWN
2024-11-11T00:30;2024-11-11T00:45;3;EUR;MWh;NO;NO;92.61;55.76;92.61;55.76;2;UP_AND_DOWN
2024-11-11T00:45;2024-11-11T01:00;4;EUR;MWh;NO;NO;;30;30;30;-1;DOWN
2024-11-11T01:00;2024-11-11T01:15;5;EUR;MWh;NO;NO;101.71;30;101.71;30;2;UP_AND_DOWN
2024-11-11T01:15;2024-11-11T01:30;6;EUR;MWh;NO;NO;;73.1;73.1;73.1;-1;DOWN
2024-11-11T01:30;2024-11-11T01:45;7;EUR;MWh;NO;NO;;66.05;66.05;66.05;-1;DOWN
2024-11-11T01:45;2024-11-11T02:00;8;EUR;MWh;NO;NO;;30;30;30;-1;DOWN
2024-11-11T02:00;2024-11-11T02:15;9;EUR;MWh;NO;NO;1819.03;71.95;1819.03;71.95;2;UP_AND_DOWN
2024-11-11T02:15;2024-11-11T02:30;10;EUR;MWh;NO;NO;119.11;;119.11;119.11;1;UP
2024-11-11T02:30;2024-11-11T02:45;11;EUR;MWh;NO;NO;115.48;;115.48;115.48;1;UP
2024-11-11T02:45;2024-11-11T03:00;12;EUR;MWh;NO;NO;107.95;;107.95;107.95;1;UP
2024-11-11T03:00;2024-11-11T03:15;13;EUR;MWh;NO;NO;124.03;;124.03;124.03;1;UP
2024-11-11T03:15;2024-11-11T03:30;14;EUR;MWh;NO;NO;143;;143;143;1;UP
2024-11-11T03:30;2024-11-11T03:45;15;EUR;MWh;NO;NO;182.99;;182.99;182.99;1;UP
2024-11-11T03:45;2024-11-11T04:00;16;EUR;MWh;NO;NO;163.8;;163.8;163.8;1;UP
2024-11-11T04:00;2024-11-11T04:15;17;EUR;MWh;NO;NO;120;;120;120;1;UP
2024-11-11T04:15;2024-11-11T04:30;18;EUR;MWh;NO;NO;119.11;89.15;119.11;119.11;1;UP
2024-11-11T04:30;2024-11-11T04:45;19;EUR;MWh;NO;NO;119.11;53.69;53.69;53.69;-1;DOWN
2024-11-11T04:45;2024-11-11T05:00;20;EUR;MWh;NO;NO;93.7;-21.49;93.7;-21.49;2;UP_AND_DOWN
2024-11-11T05:00;2024-11-11T05:15;21;EUR;MWh;NO;NO;;64.69;64.69;64.69;-1;DOWN
2024-11-11T05:15;2024-11-11T05:30;22;EUR;MWh;NO;NO;;68.69;68.69;68.69;-1;DOWN
2024-11-11T05:30;2024-11-11T05:45;23;EUR;MWh;NO;NO;;53.69;53.69;53.69;-1;DOWN
2024-11-11T05:45;2024-11-11T06:00;24;EUR;MWh;NO;NO;107.65;55.81;107.65;55.81;2;UP_AND_DOWN
2024-11-11T06:00;2024-11-11T06:15;25;EUR;MWh;NO;NO;377.7;55.81;377.7;377.7;1;UP
2024-11-11T06:15;2024-11-11T06:30;26;EUR;MWh;NO;NO;120;88.64;120;87.6;2;UP_AND_DOWN
2024-11-11T06:30;2024-11-11T06:45;27;EUR;MWh;NO;NO;712.03;;712.03;712.03;1;UP
2024-11-11T06:45;2024-11-11T07:00;28;EUR;MWh;NO;NO;137.8;;137.8;137.8;1;UP
2024-11-11T07:00;2024-11-11T07:15;29;EUR;MWh;NO;NO;196;88.71;196;87.61;2;UP_AND_DOWN
2024-11-11T07:15;2024-11-11T07:30;30;EUR;MWh;NO;NO;138.1;;138.1;138.1;1;UP
2024-11-11T07:30;2024-11-11T07:45;31;EUR;MWh;NO;NO;200;;200;200;1;UP
2024-11-11T07:45;2024-11-11T08:00;32;EUR;MWh;NO;NO;120;;120;120;1;UP
2024-11-11T08:00;2024-11-11T08:15;33;EUR;MWh;NO;NO;138.1;;138.1;138.1;1;UP
2024-11-11T08:15;2024-11-11T08:30;34;EUR;MWh;NO;NO;133.73;;133.73;133.73;1;UP
2024-11-11T08:30;2024-11-11T08:45;35;EUR;MWh;NO;NO;169.74;;169.74;169.74;1;UP
2024-11-11T08:45;2024-11-11T09:00;36;EUR;MWh;NO;NO;142.1;90.32;142.1;90.32;2;UP_AND_DOWN
2024-11-11T09:00;2024-11-11T09:15;37;EUR;MWh;NO;NO;119.11;32.69;119.11;32.69;2;UP_AND_DOWN
2024-11-11T09:15;2024-11-11T09:30;38;EUR;MWh;NO;NO;;3.69;3.69;3.69;-1;DOWN
2024-11-11T09:30;2024-11-11T09:45;39;EUR;MWh;NO;NO;;-80.01;-80.01;-80.01;-1;DOWN
2024-11-11T09:45;2024-11-11T10:00;40;EUR;MWh;NO;NO;139.9;-200;139.9;-200;2;UP_AND_DOWN
2024-11-11T10:00;2024-11-11T10:15;41;EUR;MWh;NO;NO;139.8;32.12;139.8;32.12;2;UP_AND_DOWN
2024-11-11T10:15;2024-11-11T10:30;42;EUR;MWh;NO;NO;119.11;57.12;119.11;57.12;2;UP_AND_DOWN
2024-11-11T10:30;2024-11-11T10:45;43;EUR;MWh;NO;NO;;4.69;4.69;4.69;-1;DOWN
2024-11-11T10:45;2024-11-11T11:00;44;EUR;MWh;NO;NO;;66.69;66.69;66.69;-1;DOWN
2024-11-11T11:00;2024-11-11T11:15;45;EUR;MWh;NO;NO;124.48;68.61;124.48;68.61;2;UP_AND_DOWN
2024-11-11T11:15;2024-11-11T11:30;46;EUR;MWh;NO;NO;137.8;;137.8;137.8;1;UP
2024-11-11T11:30;2024-11-11T11:45;47;EUR;MWh;NO;NO;108.12;78.69;108.12;78.69;2;UP_AND_DOWN
2024-11-11T11:45;2024-11-11T12:00;48;EUR;MWh;NO;NO;100.7;79.69;100.7;79.69;2;UP_AND_DOWN
2024-11-11T12:00;2024-11-11T12:15;49;EUR;MWh;NO;NO;;-26.29;-26.29;-26.29;-1;DOWN
2024-11-11T12:15;2024-11-11T12:30;50;EUR;MWh;NO;NO;;-26.29;-26.29;-26.29;-1;DOWN
2024-11-11T12:30;2024-11-11T12:45;51;EUR;MWh;NO;NO;147.63;-70.16;147.63;-70.16;2;UP_AND_DOWN
2024-11-11T12:45;2024-11-11T13:00;52;EUR;MWh;NO;NO;164.8;-80.01;164.8;-80.01;2;UP_AND_DOWN
2024-11-11T13:00;2024-11-11T13:15;53;EUR;MWh;NO;NO;147.01;-63.54;147.01;-63.54;2;UP_AND_DOWN
2024-11-11T13:15;2024-11-11T13:30;54;EUR;MWh;NO;NO;200;81.47;200;81.47;2;UP_AND_DOWN
2024-11-11T13:30;2024-11-11T13:45;55;EUR;MWh;NO;NO;128;;128;128;1;UP
2024-11-11T13:45;2024-11-11T14:00;56;EUR;MWh;NO;NO;116.8;81.47;116.8;81.47;2;UP_AND_DOWN
2024-11-11T14:00;2024-11-11T14:15;57;EUR;MWh;NO;NO;;-42.48;-42.48;-42.48;-1;DOWN
2024-11-11T14:15;2024-11-11T14:30;58;EUR;MWh;NO;NO;;70.2;70.2;70.2;-1;DOWN
2024-11-11T14:30;2024-11-11T14:45;59;EUR;MWh;NO;NO;116.7;70.2;116.7;116.7;1;UP
2024-11-11T14:45;2024-11-11T15:00;60;EUR;MWh;NO;NO;114.19;76.2;76.2;76.2;-1;DOWN
2024-11-11T15:00;2024-11-11T15:15;61;EUR;MWh;NO;NO;114.19;69.28;69.28;69.28;-1;DOWN
2024-11-11T15:15;2024-11-11T15:30;62;EUR;MWh;NO;NO;;69.28;93.64;93.64;0;STABLE
2024-11-11T15:30;2024-11-11T15:45;63;EUR;MWh;NO;NO;142.5;;142.5;142.5;1;UP
2024-11-11T15:45;2024-11-11T16:00;64;EUR;MWh;NO;NO;1205.85;;1205.85;1205.85;1;UP
2024-11-11T16:00;2024-11-11T16:15;65;EUR;MWh;NO;NO;712.03;97.7;712.03;97.35;2;UP_AND_DOWN
2024-11-11T16:15;2024-11-11T16:30;66;EUR;MWh;NO;NO;1000;;1000;1000;1;UP
2024-11-11T16:30;2024-11-11T16:45;67;EUR;MWh;NO;NO;1000;;1000;1000;1;UP
2024-11-11T16:45;2024-11-11T17:00;68;EUR;MWh;NO;NO;164.8;;164.8;164.8;1;UP
2024-11-11T17:00;2024-11-11T17:15;69;EUR;MWh;NO;NO;160;32.69;160;32.69;2;UP_AND_DOWN
2024-11-11T17:15;2024-11-11T17:30;70;EUR;MWh;NO;NO;107.52;97.7;107.52;90;2;UP_AND_DOWN
2024-11-11T17:30;2024-11-11T17:45;71;EUR;MWh;NO;NO;79.03;91.71;90;90;2;UP_AND_DOWN
2024-11-11T17:45;2024-11-11T18:00;72;EUR;MWh;NO;NO;;82.82;82.82;82.82;-1;DOWN
2024-11-11T18:00;2024-11-11T18:15;73;EUR;MWh;NO;NO;;76.69;76.69;76.69;-1;DOWN
2024-11-11T18:15;2024-11-11T18:30;74;EUR;MWh;NO;NO;;30;30;30;-1;DOWN
2024-11-11T18:30;2024-11-11T18:45;75;EUR;MWh;NO;NO;;39.69;39.69;39.69;-1;DOWN
2024-11-11T18:45;2024-11-11T19:00;76;EUR;MWh;NO;NO;;71.67;71.67;71.67;-1;DOWN
2024-11-11T19:00;2024-11-11T19:15;77;EUR;MWh;NO;NO;;30;30;30;-1;DOWN
2024-11-11T19:15;2024-11-11T19:30;78;EUR;MWh;NO;NO;116.6;;116.6;0;2;UP_AND_DOWN
2024-11-11T19:30;2024-11-11T19:45;79;EUR;MWh;NO;NO;84.03;86.6;84.03;77.84;2;UP_AND_DOWN
2024-11-11T19:45;2024-11-11T20:00;80;EUR;MWh;NO;NO;56;88.7;77.84;77.84;2;UP_AND_DOWN
2024-11-11T20:00;2024-11-11T20:15;81;EUR;MWh;NO;NO;174;88.7;174;174;1;UP
2024-11-11T20:15;2024-11-11T20:30;82;EUR;MWh;NO;NO;140;;140;140;1;UP
2024-11-11T20:30;2024-11-11T20:45;83;EUR;MWh;NO;NO;140;;140;140;1;UP
2024-11-11T20:45;2024-11-11T21:00;84;EUR;MWh;NO;NO;116.5;;116.5;116.5;1;UP
2024-11-11T21:00;2024-11-11T21:15;85;EUR;MWh;NO;NO;108.12;82.68;108.12;77.85;2;UP_AND_DOWN
2024-11-11T21:15;2024-11-11T21:30;86;EUR;MWh;NO;NO;117.86;86.58;117.86;77.85;2;UP_AND_DOWN
2024-11-11T21:30;2024-11-11T21:45;87;EUR;MWh;NO;NO;126.35;;126.35;126.35;1;UP
2024-11-11T21:45;2024-11-11T22:00;88;EUR;MWh;NO;NO;95.85;83.2;95.85;77.85;2;UP_AND_DOWN
2024-11-11T22:00;2024-11-11T22:15;89;EUR;MWh;NO;NO;;71.3;71.3;71.3;-1;DOWN
2024-11-11T22:15;2024-11-11T22:30;90;EUR;MWh;NO;NO;93.77;81.36;93.77;77.85;2;UP_AND_DOWN
2024-11-11T22:30;2024-11-11T22:45;91;EUR;MWh;NO;NO;96.7;;96.7;96.7;1;UP
2024-11-11T22:45;2024-11-11T23:00;92;EUR;MWh;NO;NO;114.06;;114.06;114.06;1;UP
2024-11-11T23:00;2024-11-11T23:15;93;EUR;MWh;NO;NO;1819.03;;1819.03;1819.03;1;UP
2024-11-11T23:15;2024-11-11T23:30;94;EUR;MWh;NO;NO;116.5;;116.5;116.5;1;UP
2024-11-11T23:30;2024-11-11T23:45;95;EUR;MWh;NO;NO;95.12;;95.12;95.12;1;UP
2024-11-11T23:45;2024-11-12T00:00;96;EUR;MWh;NO;NO;101.2;;101.2;101.2;1;UP
2024-11-12T00:00;2024-11-12T00:15;1;EUR;MWh;NO;NO;141.9;;141.9;141.9;1;UP
2024-11-12T00:15;2024-11-12T00:30;2;EUR;MWh;NO;NO;143.82;;143.82;143.82;1;UP
2024-11-12T00:30;2024-11-12T00:45;3;EUR;MWh;NO;NO;144;;144;144;1;UP
2024-11-12T00:45;2024-11-12T01:00;4;EUR;MWh;NO;NO;127.74;;127.74;127.74;1;UP
2024-11-12T01:00;2024-11-12T01:15;5;EUR;MWh;NO;NO;133.41;;133.41;133.41;1;UP
2024-11-12T01:15;2024-11-12T01:30;6;EUR;MWh;NO;NO;121.37;;121.37;121.37;1;UP
2024-11-12T01:30;2024-11-12T01:45;7;EUR;MWh;NO;NO;130.52;;130.52;130.52;1;UP
2024-11-12T01:45;2024-11-12T02:00;8;EUR;MWh;NO;NO;140;;140;140;1;UP
2024-11-12T02:00;2024-11-12T02:15;9;EUR;MWh;NO;NO;99.24;;99.24;99.24;1;UP
2024-11-12T02:15;2024-11-12T02:30;10;EUR;MWh;NO;NO;;90.69;90.69;90.69;-1;DOWN
2024-11-12T02:30;2024-11-12T02:45;11;EUR;MWh;NO;NO;117.6;;117.6;117.6;1;UP
2024-11-12T02:45;2024-11-12T03:00;12;EUR;MWh;NO;NO;98.51;;98.51;98.51;1;UP
2024-11-12T03:00;2024-11-12T03:15;13;EUR;MWh;NO;NO;103.22;75.59;103.22;75.59;2;UP_AND_DOWN
2024-11-12T03:15;2024-11-12T03:30;14;EUR;MWh;NO;NO;107.01;85.08;107.01;85.08;2;UP_AND_DOWN
2024-11-12T03:30;2024-11-12T03:45;15;EUR;MWh;NO;NO;120.07;85.08;120.07;120.07;1;UP
2024-11-12T03:45;2024-11-12T04:00;16;EUR;MWh;NO;NO;120.07;82.4;82.4;82.4;-1;DOWN
2024-11-12T04:00;2024-11-12T04:15;17;EUR;MWh;NO;NO;;72.12;72.12;72.12;-1;DOWN
2024-11-12T04:15;2024-11-12T04:30;18;EUR;MWh;NO;NO;;70.08;70.08;70.08;-1;DOWN
2024-11-12T04:30;2024-11-12T04:45;19;EUR;MWh;NO;NO;;70.13;70.13;70.13;-1;DOWN
2024-11-12T04:45;2024-11-12T05:00;20;EUR;MWh;NO;NO;;72.12;72.12;72.12;-1;DOWN
2024-11-12T05:00;2024-11-12T05:15;21;EUR;MWh;NO;NO;;46.32;46.32;46.32;-1;DOWN
2024-11-12T05:15;2024-11-12T05:30;22;EUR;MWh;NO;NO;102.5;22.69;102.5;22.69;2;UP_AND_DOWN
2024-11-12T05:30;2024-11-12T05:45;23;EUR;MWh;NO;NO;102.5;76.53;76.53;76.53;-1;DOWN
2024-11-12T05:45;2024-11-12T06:00;24;EUR;MWh;NO;NO;;45.36;45.36;45.36;-1;DOWN
2024-11-12T06:00;2024-11-12T06:15;25;EUR;MWh;NO;NO;;59.38;59.38;59.38;-1;DOWN
2024-11-12T06:15;2024-11-12T06:30;26;EUR;MWh;NO;NO;117.6;81.83;117.6;81.83;2;UP_AND_DOWN
2024-11-12T06:30;2024-11-12T06:45;27;EUR;MWh;NO;NO;233.38;81.83;233.38;233.38;1;UP
2024-11-12T06:45;2024-11-12T07:00;28;EUR;MWh;NO;NO;146.51;81.5;146.51;146.51;1;UP
2024-11-12T07:00;2024-11-12T07:15;29;EUR;MWh;NO;NO;144.5;-66.38;144.5;-66.38;2;UP_AND_DOWN
2024-11-12T07:15;2024-11-12T07:30;30;EUR;MWh;NO;NO;127.44;85.08;127.44;85.08;2;UP_AND_DOWN
2024-11-12T07:30;2024-11-12T07:45;31;EUR;MWh;NO;NO;138;;138;138;1;UP
2024-11-12T07:45;2024-11-12T08:00;32;EUR;MWh;NO;NO;98.51;48.82;98.51;48.82;2;UP_AND_DOWN
2024-11-12T08:00;2024-11-12T08:15;33;EUR;MWh;NO;NO;;17.69;17.69;17.69;-1;DOWN
2024-11-12T08:15;2024-11-12T08:30;34;EUR;MWh;NO;NO;;71.39;71.39;71.39;-1;DOWN
2024-11-12T08:30;2024-11-12T08:45;35;EUR;MWh;NO;NO;185.65;83.82;185.65;83.82;2;UP_AND_DOWN
2024-11-12T08:45;2024-11-12T09:00;36;EUR;MWh;NO;NO;706.03;70.08;706.03;70.08;2;UP_AND_DOWN
2024-11-12T09:00;2024-11-12T09:15;37;EUR;MWh;NO;NO;134;82.58;134;82.58;2;UP_AND_DOWN
2024-11-12T09:15;2024-11-12T09:30;38;EUR;MWh;NO;NO;120;94.19;120;94.19;2;UP_AND_DOWN
2024-11-12T09:30;2024-11-12T09:45;39;EUR;MWh;NO;NO;117.8;82.58;117.8;82.58;2;UP_AND_DOWN
2024-11-12T09:45;2024-11-12T10:00;40;EUR;MWh;NO;NO;;74.38;74.38;74.38;-1;DOWN
2024-11-12T10:00;2024-11-12T10:15;41;EUR;MWh;NO;NO;138;74.38;138;138;1;UP
2024-11-12T10:15;2024-11-12T10:30;42;EUR;MWh;NO;NO;196;92.69;196;92.69;2;UP_AND_DOWN
2024-11-12T10:30;2024-11-12T10:45;43;EUR;MWh;NO;NO;196;85.08;85.08;85.08;-1;DOWN
2024-11-12T10:45;2024-11-12T11:00;44;EUR;MWh;NO;NO;;70.08;70.08;70.08;-1;DOWN
2024-11-12T11:00;2024-11-12T11:15;45;EUR;MWh;NO;NO;;22.69;22.69;22.69;-1;DOWN
2024-11-12T11:15;2024-11-12T11:30;46;EUR;MWh;NO;NO;;-40.36;-40.36;-40.36;-1;DOWN
2024-11-12T11:30;2024-11-12T11:45;47;EUR;MWh;NO;NO;;.3;.3;.3;-1;DOWN
2024-11-12T11:45;2024-11-12T12:00;48;EUR;MWh;NO;NO;;30;30;30;-1;DOWN
2024-11-12T12:00;2024-11-12T12:15;49;EUR;MWh;NO;NO;270;85.3;270;85.3;2;UP_AND_DOWN
2024-11-12T12:15;2024-11-12T12:30;50;EUR;MWh;NO;NO;143.8;;143.8;143.8;1;UP
2024-11-12T12:30;2024-11-12T12:45;51;EUR;MWh;NO;NO;257.86;90.69;257.86;90.69;2;UP_AND_DOWN
2024-11-12T12:45;2024-11-12T13:00;52;EUR;MWh;NO;NO;150;90.69;150;150;1;UP
2024-11-12T13:00;2024-11-12T13:15;53;EUR;MWh;NO;NO;207.86;;207.86;207.86;1;UP
2024-11-12T13:15;2024-11-12T13:30;54;EUR;MWh;NO;NO;232.86;;232.86;232.86;1;UP
2024-11-12T13:30;2024-11-12T13:45;55;EUR;MWh;NO;NO;150;;150;150;1;UP
2024-11-12T13:45;2024-11-12T14:00;56;EUR;MWh;NO;NO;150;88;150;150;1;UP
2024-11-12T14:00;2024-11-12T14:15;57;EUR;MWh;NO;NO;150;43.2;43.2;43.2;-1;DOWN
2024-11-12T14:15;2024-11-12T14:30;58;EUR;MWh;NO;NO;;94.44;94.44;94.44;-1;DOWN
2024-11-12T14:30;2024-11-12T14:45;59;EUR;MWh;NO;NO;;71.13;71.13;71.13;-1;DOWN
2024-11-12T14:45;2024-11-12T15:00;60;EUR;MWh;NO;NO;107.57;70.08;107.57;70.08;2;UP_AND_DOWN
2024-11-12T15:00;2024-11-12T15:15;61;EUR;MWh;NO;NO;;-56.2;-56.2;-56.2;-1;DOWN
2024-11-12T15:15;2024-11-12T15:30;62;EUR;MWh;NO;NO;;70.08;70.08;70.08;-1;DOWN
2024-11-12T15:30;2024-11-12T15:45;63;EUR;MWh;NO;NO;;80.13;80.13;80.13;-1;DOWN
2024-11-12T15:45;2024-11-12T16:00;64;EUR;MWh;NO;NO;115.9;91.69;115.9;91.69;2;UP_AND_DOWN
2024-11-12T16:00;2024-11-12T16:15;65;EUR;MWh;NO;NO;112;87.75;112;87.75;2;UP_AND_DOWN
2024-11-12T16:15;2024-11-12T16:30;66;EUR;MWh;NO;NO;118.21;96.33;118.21;96.33;2;UP_AND_DOWN
2024-11-12T16:30;2024-11-12T16:45;67;EUR;MWh;NO;NO;118.53;;118.53;118.53;1;UP
2024-11-12T16:45;2024-11-12T17:00;68;EUR;MWh;NO;NO;190;;190;190;1;UP
2024-11-12T17:00;2024-11-12T17:15;69;EUR;MWh;NO;NO;199.58;;199.58;199.58;1;UP
2024-11-12T17:15;2024-11-12T17:30;70;EUR;MWh;NO;NO;232.86;;232.86;232.86;1;UP
2024-11-12T17:30;2024-11-12T17:45;71;EUR;MWh;NO;NO;117.6;100.44;117.6;78.22;2;UP_AND_DOWN
2024-11-12T17:45;2024-11-12T18:00;72;EUR;MWh;NO;NO;;100.52;100.52;100.52;-1;DOWN
2024-11-12T18:00;2024-11-12T18:15;73;EUR;MWh;NO;NO;118.1;99;118.1;78.22;2;UP_AND_DOWN
2024-11-12T18:15;2024-11-12T18:30;74;EUR;MWh;NO;NO;118.07;;118.07;118.07;1;UP
2024-11-12T18:30;2024-11-12T18:45;75;EUR;MWh;NO;NO;116.23;;116.23;116.23;1;UP
2024-11-12T18:45;2024-11-12T19:00;76;EUR;MWh;NO;NO;123.97;100.48;123.97;78.24;2;UP_AND_DOWN
2024-11-12T19:00;2024-11-12T19:15;77;EUR;MWh;NO;NO;163.64;99;163.64;77.5;2;UP_AND_DOWN
2024-11-12T19:15;2024-11-12T19:30;78;EUR;MWh;NO;NO;137.4;;137.4;137.4;1;UP
2024-11-12T19:30;2024-11-12T19:45;79;EUR;MWh;NO;NO;111.95;99;99;99;-1;DOWN
2024-11-12T19:45;2024-11-12T20:00;80;EUR;MWh;NO;NO;117.44;99;117.44;77.5;2;UP_AND_DOWN
2024-11-12T20:00;2024-11-12T20:15;81;EUR;MWh;NO;NO;199.86;;199.86;199.86;1;UP
2024-11-12T20:15;2024-11-12T20:30;82;EUR;MWh;NO;NO;166;97;166;76.5;2;UP_AND_DOWN
2024-11-12T20:30;2024-11-12T20:45;83;EUR;MWh;NO;NO;165.9;;165.9;165.9;1;UP
2024-11-12T20:45;2024-11-12T21:00;84;EUR;MWh;NO;NO;147;;147;147;1;UP
2024-11-12T21:00;2024-11-12T21:15;85;EUR;MWh;NO;NO;118;;118;118;1;UP
2024-11-12T21:15;2024-11-12T21:30;86;EUR;MWh;NO;NO;150;;150;150;1;UP
2024-11-12T21:30;2024-11-12T21:45;87;EUR;MWh;NO;NO;118;88.48;118;76.5;2;UP_AND_DOWN
2024-11-12T21:45;2024-11-12T22:00;88;EUR;MWh;NO;NO;;88;88;88;-1;DOWN
2024-11-12T22:00;2024-11-12T22:15;89;EUR;MWh;NO;NO;;90.9;90.9;90.9;-1;DOWN
2024-11-12T22:15;2024-11-12T22:30;90;EUR;MWh;NO;NO;;89.69;89.69;89.69;-1;DOWN
2024-11-12T22:30;2024-11-12T22:45;91;EUR;MWh;NO;NO;;88.76;88.76;88.76;-1;DOWN
2024-11-12T22:45;2024-11-12T23:00;92;EUR;MWh;NO;NO;;92.47;92.47;92.47;-1;DOWN
2024-11-12T23:00;2024-11-12T23:15;93;EUR;MWh;NO;NO;117.9;89.09;117.9;89.09;2;UP_AND_DOWN
2024-11-12T23:15;2024-11-12T23:30;94;EUR;MWh;NO;NO;;90.69;90.69;90.69;-1;DOWN
2024-11-12T23:30;2024-11-12T23:45;95;EUR;MWh;NO;NO;;81.38;81.38;81.38;-1;DOWN
2024-11-12T23:45;2024-11-13T00:00;96;EUR;MWh;NO;NO;;71.83;71.83;71.83;-1;DOWN
2024-11-13T00:00;2024-11-13T00:15;1;EUR;MWh;NO;NO;156.4;84.38;156.4;84.38;2;UP_AND_DOWN
2024-11-13T00:15;2024-11-13T00:30;2;EUR;MWh;NO;NO;125.88;;125.88;125.88;1;UP
2024-11-13T00:30;2024-11-13T00:45;3;EUR;MWh;NO;NO;150;92.1;150;87.91;2;UP_AND_DOWN
2024-11-13T00:45;2024-11-13T01:00;4;EUR;MWh;NO;NO;;92.1;92.1;92.1;-1;DOWN
2024-11-13T01:00;2024-11-13T01:15;5;EUR;MWh;NO;NO;;92.1;92.1;92.1;-1;DOWN
2024-11-13T01:15;2024-11-13T01:30;6;EUR;MWh;NO;NO;;88.36;88.36;88.36;-1;DOWN
2024-11-13T01:30;2024-11-13T01:45;7;EUR;MWh;NO;NO;;88.69;88.69;88.69;-1;DOWN
2024-11-13T01:45;2024-11-13T02:00;8;EUR;MWh;NO;NO;;84.38;84.38;84.38;-1;DOWN
2024-11-13T02:00;2024-11-13T02:15;9;EUR;MWh;NO;NO;;82.69;82.69;82.69;-1;DOWN
2024-11-13T02:15;2024-11-13T02:30;10;EUR;MWh;NO;NO;;89.47;89.47;89.47;-1;DOWN
2024-11-13T02:30;2024-11-13T02:45;11;EUR;MWh;NO;NO;;89.47;89.47;89.47;-1;DOWN
2024-11-13T02:45;2024-11-13T03:00;12;EUR;MWh;NO;NO;;81.38;81.38;81.38;-1;DOWN
2024-11-13T03:00;2024-11-13T03:15;13;EUR;MWh;NO;NO;116.61;88.69;116.61;88.69;2;UP_AND_DOWN
2024-11-13T03:15;2024-11-13T03:30;14;EUR;MWh;NO;NO;97.62;;97.62;97.62;1;UP
2024-11-13T03:30;2024-11-13T03:45;15;EUR;MWh;NO;NO;104.52;;104.52;104.52;1;UP
2024-11-13T03:45;2024-11-13T04:00;16;EUR;MWh;NO;NO;122;;122;122;1;UP
2024-11-13T04:00;2024-11-13T04:15;17;EUR;MWh;NO;NO;122;92;92;92;-1;DOWN
2024-11-13T04:15;2024-11-13T04:30;18;EUR;MWh;NO;NO;;92;92;92;-1;DOWN
2024-11-13T04:30;2024-11-13T04:45;19;EUR;MWh;NO;NO;109.52;92;109.52;87.91;2;UP_AND_DOWN
2024-11-13T04:45;2024-11-13T05:00;20;EUR;MWh;NO;NO;148;;148;148;1;UP
2024-11-13T05:00;2024-11-13T05:15;21;EUR;MWh;NO;NO;81.03;92;87.91;87.91;2;UP_AND_DOWN
2024-11-13T05:15;2024-11-13T05:30;22;EUR;MWh;NO;NO;;92;92;92;-1;DOWN
2024-11-13T05:30;2024-11-13T05:45;23;EUR;MWh;NO;NO;169.4;;169.4;169.4;1;UP
2024-11-13T05:45;2024-11-13T06:00;24;EUR;MWh;NO;NO;148;91.9;148;148;1;UP
2024-11-13T06:00;2024-11-13T06:15;25;EUR;MWh;NO;NO;180;91.9;180;87.91;2;UP_AND_DOWN
2024-11-13T06:15;2024-11-13T06:30;26;EUR;MWh;NO;NO;189.78;91.9;189.78;87.91;2;UP_AND_DOWN
2024-11-13T06:30;2024-11-13T06:45;27;EUR;MWh;NO;NO;200;;200;200;1;UP
2024-11-13T06:45;2024-11-13T07:00;28;EUR;MWh;NO;NO;200;;200;200;1;UP
2024-11-13T07:00;2024-11-13T07:15;29;EUR;MWh;NO;NO;144.77;91.9;144.77;91.9;2;UP_AND_DOWN
2024-11-13T07:15;2024-11-13T07:30;30;EUR;MWh;NO;NO;196;91.9;196;196;1;UP
2024-11-13T07:30;2024-11-13T07:45;31;EUR;MWh;NO;NO;171.3;;171.3;171.3;1;UP
2024-11-13T07:45;2024-11-13T08:00;32;EUR;MWh;NO;NO;140;;140;140;1;UP
2024-11-13T08:00;2024-11-13T08:15;33;EUR;MWh;NO;NO;123.11;91.9;123.11;91.9;2;UP_AND_DOWN
2024-11-13T08:15;2024-11-13T08:30;34;EUR;MWh;NO;NO;;100.78;100.78;100.78;-1;DOWN
2024-11-13T08:30;2024-11-13T08:45;35;EUR;MWh;NO;NO;126.48;122.8;126.48;111.27;2;UP_AND_DOWN
2024-11-13T08:45;2024-11-13T09:00;36;EUR;MWh;NO;NO;130.71;;130.71;130.71;1;UP
2024-11-13T09:00;2024-11-13T09:15;37;EUR;MWh;NO;NO;146;;146;146;1;UP
2024-11-13T09:15;2024-11-13T09:30;38;EUR;MWh;NO;NO;;;111.37;111.37;0;STABLE
2024-11-13T09:30;2024-11-13T09:45;39;EUR;MWh;NO;NO;;;111.47;111.47;0;STABLE
2024-11-13T09:45;2024-11-13T10:00;40;EUR;MWh;NO;NO;127.91;;127.91;127.91;1;UP
2024-11-13T10:00;2024-11-13T10:15;41;EUR;MWh;NO;NO;225.09;;225.09;225.09;1;UP
2024-11-13T10:15;2024-11-13T10:30;42;EUR;MWh;NO;NO;295.88;;295.88;295.88;1;UP
2024-11-13T10:30;2024-11-13T10:45;43;EUR;MWh;NO;NO;200;;200;200;1;UP
2024-11-13T10:45;2024-11-13T11:00;44;EUR;MWh;NO;NO;164.09;;164.09;164.09;1;UP
2024-11-13T11:00;2024-11-13T11:15;45;EUR;MWh;NO;NO;200;;200;200;1;UP
2024-11-13T11:15;2024-11-13T11:30;46;EUR;MWh;NO;NO;163;119.9;163;111.57;2;UP_AND_DOWN
2024-11-13T11:30;2024-11-13T11:45;47;EUR;MWh;NO;NO;136.57;;136.57;136.57;1;UP
2024-11-13T11:45;2024-11-13T12:00;48;EUR;MWh;NO;NO;107.62;91.69;91.69;91.69;-1;DOWN
2024-11-13T12:00;2024-11-13T12:15;49;EUR;MWh;NO;NO;138.57;91.2;138.57;91.2;2;UP_AND_DOWN
2024-11-13T12:15;2024-11-13T12:30;50;EUR;MWh;NO;NO;163;100.95;163;99.37;2;UP_AND_DOWN
2024-11-13T12:30;2024-11-13T12:45;51;EUR;MWh;NO;NO;163;91.3;91.3;91.3;-1;DOWN
2024-11-13T12:45;2024-11-13T13:00;52;EUR;MWh;NO;NO;;92;92;92;-1;DOWN
2024-11-13T13:00;2024-11-13T13:15;53;EUR;MWh;NO;NO;;92;92;92;-1;DOWN
2024-11-13T13:15;2024-11-13T13:30;54;EUR;MWh;NO;NO;;94.67;94.67;94.67;-1;DOWN
2024-11-13T13:30;2024-11-13T13:45;55;EUR;MWh;NO;NO;;89.64;89.64;89.64;-1;DOWN
2024-11-13T13:45;2024-11-13T14:00;56;EUR;MWh;NO;NO;;92.1;92.1;92.1;-1;DOWN
2024-11-13T14:00;2024-11-13T14:15;57;EUR;MWh;NO;NO;;92.1;92.1;92.1;-1;DOWN
2024-11-13T14:15;2024-11-13T14:30;58;EUR;MWh;NO;NO;;95.64;95.64;95.64;-1;DOWN
2024-11-13T14:30;2024-11-13T14:45;59;EUR;MWh;NO;NO;97.13;;97.13;97.13;1;UP
2024-11-13T14:45;2024-11-13T15:00;60;EUR;MWh;NO;NO;170;;170;170;1;UP
2024-11-13T15:00;2024-11-13T15:15;61;EUR;MWh;NO;NO;;75.08;75.08;75.08;-1;DOWN
2024-11-13T15:15;2024-11-13T15:30;62;EUR;MWh;NO;NO;143.32;94.17;143.32;143.32;1;UP
2024-11-13T15:30;2024-11-13T15:45;63;EUR;MWh;NO;NO;134.26;;134.26;134.26;1;UP
2024-11-13T15:45;2024-11-13T16:00;64;EUR;MWh;NO;NO;119.51;;119.51;119.51;1;UP
2024-11-13T16:00;2024-11-13T16:15;65;EUR;MWh;NO;NO;81.03;92.1;111.92;92.1;2;UP_AND_DOWN
2024-11-13T16:15;2024-11-13T16:30;66;EUR;MWh;NO;NO;;142.7;142.7;142.7;-1;DOWN
2024-11-13T16:30;2024-11-13T16:45;67;EUR;MWh;NO;NO;149.17;;149.17;149.17;1;UP
2024-11-13T16:45;2024-11-13T17:00;68;EUR;MWh;NO;NO;151.7;;151.7;151.7;1;UP
2024-11-13T17:00;2024-11-13T17:15;69;EUR;MWh;NO;NO;209.32;;209.32;209.32;1;UP
2024-11-13T17:15;2024-11-13T17:30;70;EUR;MWh;NO;NO;170;;170;170;1;UP
2024-11-13T17:30;2024-11-13T17:45;71;EUR;MWh;NO;NO;170;88.69;88.69;88.69;-1;DOWN
2024-11-13T17:45;2024-11-13T18:00;72;EUR;MWh;NO;NO;81.03;65.63;65.63;65.63;-1;DOWN
2024-11-13T18:00;2024-11-13T18:15;73;EUR;MWh;NO;NO;272.22;102;272.22;100.3;2;UP_AND_DOWN
2024-11-13T18:15;2024-11-13T18:30;74;EUR;MWh;NO;NO;180.37;102;180.37;100.3;2;UP_AND_DOWN
2024-11-13T18:30;2024-11-13T18:45;75;EUR;MWh;NO;NO;149.22;102;149.22;100.3;2;UP_AND_DOWN
2024-11-13T18:45;2024-11-13T19:00;76;EUR;MWh;NO;NO;;100.95;100.95;100.95;-1;DOWN
2024-11-13T19:00;2024-11-13T19:15;77;EUR;MWh;NO;NO;203.32;100.9;203.32;94;2;UP_AND_DOWN
2024-11-13T19:15;2024-11-13T19:30;78;EUR;MWh;NO;NO;177.84;;177.84;177.84;1;UP
2024-11-13T19:30;2024-11-13T19:45;79;EUR;MWh;NO;NO;177.84;100.95;100.95;100.95;-1;DOWN
2024-11-13T19:45;2024-11-13T20:00;80;EUR;MWh;NO;NO;;100.95;100.95;100.95;-1;DOWN
2024-11-13T20:00;2024-11-13T20:15;81;EUR;MWh;NO;NO;150;102;150;80;2;UP_AND_DOWN
2024-11-13T20:15;2024-11-13T20:30;82;EUR;MWh;NO;NO;168;102;168;80;2;UP_AND_DOWN
2024-11-13T20:30;2024-11-13T20:45;83;EUR;MWh;NO;NO;190;102;190;80;2;UP_AND_DOWN
2024-11-13T20:45;2024-11-13T21:00;84;EUR;MWh;NO;NO;145.3;97.35;145.3;80;2;UP_AND_DOWN
2024-11-13T21:00;2024-11-13T21:15;85;EUR;MWh;NO;NO;134.27;102;134.27;80;2;UP_AND_DOWN
2024-11-13T21:15;2024-11-13T21:30;86;EUR;MWh;NO;NO;149.3;94.27;149.3;80;2;UP_AND_DOWN
2024-11-13T21:30;2024-11-13T21:45;87;EUR;MWh;NO;NO;;102;102;102;-1;DOWN
2024-11-13T21:45;2024-11-13T22:00;88;EUR;MWh;NO;NO;112.17;102;112.17;112.17;1;UP
2024-11-13T22:00;2024-11-13T22:15;89;EUR;MWh;NO;NO;58;94.45;80;80;2;UP_AND_DOWN
2024-11-13T22:15;2024-11-13T22:30;90;EUR;MWh;NO;NO;149.3;102;149.3;149.3;1;UP
2024-11-13T22:30;2024-11-13T22:45;91;EUR;MWh;NO;NO;108.87;102;108.87;80;2;UP_AND_DOWN
2024-11-13T22:45;2024-11-13T23:00;92;EUR;MWh;NO;NO;108.87;102;108.87;80;2;UP_AND_DOWN
2024-11-13T23:00;2024-11-13T23:15;93;EUR;MWh;NO;NO;103.92;102;103.92;91.52;2;UP_AND_DOWN
2024-11-13T23:15;2024-11-13T23:30;94;EUR;MWh;NO;NO;149.3;84.11;149.3;84.11;2;UP_AND_DOWN
2024-11-13T23:30;2024-11-13T23:45;95;EUR;MWh;NO;NO;;91.69;91.69;91.69;-1;DOWN
2024-11-13T23:45;2024-11-14T00:00;96;EUR;MWh;NO;NO;;89.69;89.69;89.69;-1;DOWN
2024-11-14T00:00;2024-11-14T00:15;1;EUR;MWh;NO;NO;112.38;81.13;112.38;112.38;1;UP
2024-11-14T00:15;2024-11-14T00:30;2;EUR;MWh;NO;NO;153.39;;153.39;153.39;1;UP
2024-11-14T00:30;2024-11-14T00:45;3;EUR;MWh;NO;NO;154.3;;154.3;154.3;1;UP
2024-11-14T00:45;2024-11-14T01:00;4;EUR;MWh;NO;NO;152.4;;152.4;152.4;1;UP
2024-11-14T01:00;2024-11-14T01:15;5;EUR;MWh;NO;NO;140.93;;140.93;140.93;1;UP
2024-11-14T01:15;2024-11-14T01:30;6;EUR;MWh;NO;NO;126.9;;126.9;126.9;1;UP
2024-11-14T01:30;2024-11-14T01:45;7;EUR;MWh;NO;NO;122.33;;122.33;122.33;1;UP
2024-11-14T01:45;2024-11-14T02:00;8;EUR;MWh;NO;NO;122.33;92;122.33;122.33;1;UP
2024-11-14T02:00;2024-11-14T02:15;9;EUR;MWh;NO;NO;122.33;72.43;72.43;72.43;-1;DOWN
2024-11-14T02:15;2024-11-14T02:30;10;EUR;MWh;NO;NO;;69.61;69.61;69.61;-1;DOWN
2024-11-14T02:30;2024-11-14T02:45;11;EUR;MWh;NO;NO;93.04;72.49;93.04;63.68;2;UP_AND_DOWN
2024-11-14T02:45;2024-11-14T03:00;12;EUR;MWh;NO;NO;;54.61;54.61;54.61;-1;DOWN
2024-11-14T03:00;2024-11-14T03:15;13;EUR;MWh;NO;NO;;54.61;62.24;62.24;0;STABLE
2024-11-14T03:15;2024-11-14T03:30;14;EUR;MWh;NO;NO;;31.94;31.94;31.94;-1;DOWN
2024-11-14T03:30;2024-11-14T03:45;15;EUR;MWh;NO;NO;;45.69;45.69;45.69;-1;DOWN
2024-11-14T03:45;2024-11-14T04:00;16;EUR;MWh;NO;NO;;51.69;51.69;51.69;-1;DOWN
2024-11-14T04:00;2024-11-14T04:15;17;EUR;MWh;NO;NO;175.3;71.7;175.3;62.24;2;UP_AND_DOWN
2024-11-14T04:15;2024-11-14T04:30;18;EUR;MWh;NO;NO;110.74;86.68;110.74;62.24;2;UP_AND_DOWN
2024-11-14T04:30;2024-11-14T04:45;19;EUR;MWh;NO;NO;107.12;88.69;107.12;62.24;2;UP_AND_DOWN
2024-11-14T04:45;2024-11-14T05:00;20;EUR;MWh;NO;NO;35.35;72.53;62.24;62.24;2;UP_AND_DOWN
2024-11-14T05:00;2024-11-14T05:15;21;EUR;MWh;NO;NO;35.35;30;30;30;-1;DOWN
2024-11-14T05:15;2024-11-14T05:30;22;EUR;MWh;NO;NO;;38.98;38.98;38.98;-1;DOWN
2024-11-14T05:30;2024-11-14T05:45;23;EUR;MWh;NO;NO;105.36;47.69;105.36;47.69;2;UP_AND_DOWN
2024-11-14T05:45;2024-11-14T06:00;24;EUR;MWh;NO;NO;105.86;-26.25;105.86;-26.25;2;UP_AND_DOWN
2024-11-14T06:00;2024-11-14T06:15;25;EUR;MWh;NO;NO;74.03;38.69;38.69;38.69;-1;DOWN
2024-11-14T06:15;2024-11-14T06:30;26;EUR;MWh;NO;NO;105.43;85.67;105.43;82.87;2;UP_AND_DOWN
2024-11-14T06:30;2024-11-14T06:45;27;EUR;MWh;NO;NO;74.03;84.09;84.09;84.09;-1;DOWN
2024-11-14T06:45;2024-11-14T07:00;28;EUR;MWh;NO;NO;104.01;87.69;104.01;82.87;2;UP_AND_DOWN
2024-11-14T07:00;2024-11-14T07:15;29;EUR;MWh;NO;NO;;46.69;46.69;46.69;-1;DOWN
2024-11-14T07:15;2024-11-14T07:30;30;EUR;MWh;NO;NO;;75.82;75.82;75.82;-1;DOWN
2024-11-14T07:30;2024-11-14T07:45;31;EUR;MWh;NO;NO;;75.94;75.94;75.94;-1;DOWN
2024-11-14T07:45;2024-11-14T08:00;32;EUR;MWh;NO;NO;;92;92;92;-1;DOWN
2024-11-14T08:00;2024-11-14T08:15;33;EUR;MWh;NO;NO;;91.9;91.9;91.9;-1;DOWN
2024-11-14T08:15;2024-11-14T08:30;34;EUR;MWh;NO;NO;;91.9;91.9;91.9;-1;DOWN
2024-11-14T08:30;2024-11-14T08:45;35;EUR;MWh;NO;NO;109.01;;109.01;109.01;1;UP
2024-11-14T08:45;2024-11-14T09:00;36;EUR;MWh;NO;NO;114.38;;114.38;114.38;1;UP
2024-11-14T09:00;2024-11-14T09:15;37;EUR;MWh;NO;NO;98.85;;98.85;98.85;1;UP
2024-11-14T09:15;2024-11-14T09:30;38;EUR;MWh;NO;NO;118.67;;118.67;118.67;1;UP
2024-11-14T09:30;2024-11-14T09:45;39;EUR;MWh;NO;NO;118.67;96.64;96.64;96.64;-1;DOWN
2024-11-14T09:45;2024-11-14T10:00;40;EUR;MWh;NO;NO;;110;110;110;-1;DOWN
2024-11-14T10:00;2024-11-14T10:15;41;EUR;MWh;NO;NO;121.15;;121.15;121.15;1;UP
2024-11-14T10:15;2024-11-14T10:30;42;EUR;MWh;NO;NO;122.38;;122.38;122.38;1;UP
2024-11-14T10:30;2024-11-14T10:45;43;EUR;MWh;NO;NO;148;;148;148;1;UP
2024-11-14T10:45;2024-11-14T11:00;44;EUR;MWh;NO;NO;127.73;95.18;127.73;92.02;2;UP_AND_DOWN
2024-11-14T11:00;2024-11-14T11:15;45;EUR;MWh;NO;NO;117.38;110;117.38;92.02;2;UP_AND_DOWN
2024-11-14T11:15;2024-11-14T11:30;46;EUR;MWh;NO;NO;146;;146;146;1;UP
2024-11-14T11:30;2024-11-14T11:45;47;EUR;MWh;NO;NO;118.98;;118.98;118.98;1;UP
2024-11-14T11:45;2024-11-14T12:00;48;EUR;MWh;NO;NO;148;;148;148;1;UP
2024-11-14T12:00;2024-11-14T12:15;49;EUR;MWh;NO;NO;151.7;101.7;151.7;87.87;2;UP_AND_DOWN
2024-11-14T12:15;2024-11-14T12:30;50;EUR;MWh;NO;NO;116.16;101.7;116.16;87.87;2;UP_AND_DOWN
2024-11-14T12:30;2024-11-14T12:45;51;EUR;MWh;NO;NO;106.16;101.8;106.16;87.92;2;UP_AND_DOWN
2024-11-14T12:45;2024-11-14T13:00;52;EUR;MWh;NO;NO;132.38;;132.38;132.38;1;UP
2024-11-14T13:00;2024-11-14T13:15;53;EUR;MWh;NO;NO;124.16;;124.16;124.16;1;UP
2024-11-14T13:15;2024-11-14T13:30;54;EUR;MWh;NO;NO;114.64;;114.64;114.64;1;UP
2024-11-14T13:30;2024-11-14T13:45;55;EUR;MWh;NO;NO;117.01;101.8;117.01;87.92;2;UP_AND_DOWN
2024-11-14T13:45;2024-11-14T14:00;56;EUR;MWh;NO;NO;;101.8;101.8;101.8;-1;DOWN
2024-11-14T14:00;2024-11-14T14:15;57;EUR;MWh;NO;NO;134.72;89.69;134.72;89.69;2;UP_AND_DOWN
2024-11-14T14:15;2024-11-14T14:30;58;EUR;MWh;NO;NO;116.73;;116.73;116.73;1;UP
2024-11-14T14:30;2024-11-14T14:45;59;EUR;MWh;NO;NO;121.73;;121.73;121.73;1;UP
2024-11-14T14:45;2024-11-14T15:00;60;EUR;MWh;NO;NO;100.49;;100.49;100.49;1;UP
2024-11-14T15:00;2024-11-14T15:15;61;EUR;MWh;NO;NO;121.16;;121.16;121.16;1;UP
2024-11-14T15:15;2024-11-14T15:30;62;EUR;MWh;NO;NO;152.05;;152.05;152.05;1;UP
2024-11-14T15:30;2024-11-14T15:45;63;EUR;MWh;NO;NO;175.4;;175.4;175.4;1;UP
2024-11-14T15:45;2024-11-14T16:00;64;EUR;MWh;NO;NO;148;;148;148;1;UP
2024-11-14T16:00;2024-11-14T16:15;65;EUR;MWh;NO;NO;116.16;86.67;116.16;86.67;2;UP_AND_DOWN
2024-11-14T16:15;2024-11-14T16:30;66;EUR;MWh;NO;NO;121.16;85.08;121.16;85.08;2;UP_AND_DOWN
2024-11-14T16:30;2024-11-14T16:45;67;EUR;MWh;NO;NO;299.66;;299.66;299.66;1;UP
2024-11-14T16:45;2024-11-14T17:00;68;EUR;MWh;NO;NO;210;90.69;210;90.69;2;UP_AND_DOWN
2024-11-14T17:00;2024-11-14T17:15;69;EUR;MWh;NO;NO;625.09;99.24;625.09;99.24;2;UP_AND_DOWN
2024-11-14T17:15;2024-11-14T17:30;70;EUR;MWh;NO;NO;625.09;73.91;73.91;73.91;-1;DOWN
2024-11-14T17:30;2024-11-14T17:45;71;EUR;MWh;NO;NO;;64;64;64;-1;DOWN
2024-11-14T17:45;2024-11-14T18:00;72;EUR;MWh;NO;NO;;90.19;90.19;90.19;-1;DOWN
2024-11-14T18:00;2024-11-14T18:15;73;EUR;MWh;NO;NO;120.23;77.57;120.23;77.57;2;UP_AND_DOWN
2024-11-14T18:15;2024-11-14T18:30;74;EUR;MWh;NO;NO;146;101.8;146;101.77;2;UP_AND_DOWN
2024-11-14T18:30;2024-11-14T18:45;75;EUR;MWh;NO;NO;143.65;;143.65;143.65;1;UP
2024-11-14T18:45;2024-11-14T19:00;76;EUR;MWh;NO;NO;146;;146;146;1;UP
2024-11-14T19:00;2024-11-14T19:15;77;EUR;MWh;NO;NO;625.02;;625.02;625.02;1;UP
2024-11-14T19:15;2024-11-14T19:30;78;EUR;MWh;NO;NO;166;101.8;166;101.77;2;UP_AND_DOWN
2024-11-14T19:30;2024-11-14T19:45;79;EUR;MWh;NO;NO;148;101.8;148;101.77;2;UP_AND_DOWN
2024-11-14T19:45;2024-11-14T20:00;80;EUR;MWh;NO;NO;132.12;129.6;132.12;132.12;1;UP
2024-11-14T20:00;2024-11-14T20:15;81;EUR;MWh;NO;NO;146;101.8;146;87.92;2;UP_AND_DOWN
2024-11-14T20:15;2024-11-14T20:30;82;EUR;MWh;NO;NO;148;;148;148;1;UP
2024-11-14T20:30;2024-11-14T20:45;83;EUR;MWh;NO;NO;150;;150;150;1;UP
2024-11-14T20:45;2024-11-14T21:00;84;EUR;MWh;NO;NO;154.7;;154.7;154.7;1;UP
2024-11-14T21:00;2024-11-14T21:15;85;EUR;MWh;NO;NO;115.07;;115.07;115.07;1;UP
2024-11-14T21:15;2024-11-14T21:30;86;EUR;MWh;NO;NO;166;101.7;166;166;1;UP
2024-11-14T21:30;2024-11-14T21:45;87;EUR;MWh;NO;NO;106;101.7;106;87.87;2;UP_AND_DOWN
2024-11-14T21:45;2024-11-14T22:00;88;EUR;MWh;NO;NO;114.62;;114.62;114.62;1;UP
2024-11-14T22:00;2024-11-14T22:15;89;EUR;MWh;NO;NO;333;;333;333;1;UP
2024-11-14T22:15;2024-11-14T22:30;90;EUR;MWh;NO;NO;358.51;;358.51;358.51;1;UP
2024-11-14T22:30;2024-11-14T22:45;91;EUR;MWh;NO;NO;177.82;;177.82;177.82;1;UP
2024-11-14T22:45;2024-11-14T23:00;92;EUR;MWh;NO;NO;177.82;101.7;101.7;101.7;-1;DOWN
2024-11-14T23:00;2024-11-14T23:15;93;EUR;MWh;NO;NO;126.7;99.96;126.7;87.87;2;UP_AND_DOWN
2024-11-14T23:15;2024-11-14T23:30;94;EUR;MWh;NO;NO;114;;114;114;1;UP
2024-11-14T23:30;2024-11-14T23:45;95;EUR;MWh;NO;NO;150;;150;150;1;UP
2024-11-14T23:45;2024-11-15T00:00;96;EUR;MWh;NO;NO;175.5;;175.5;175.5;1;UP
2024-11-15T00:00;2024-11-15T00:15;1;EUR;MWh;NO;NO;117.12;95.04;117.12;90.86;2;UP_AND_DOWN
2024-11-15T00:15;2024-11-15T00:30;2;EUR;MWh;NO;NO;103.97;;103.97;103.97;1;UP
2024-11-15T00:30;2024-11-15T00:45;3;EUR;MWh;NO;NO;148;;148;148;1;UP
2024-11-15T00:45;2024-11-15T01:00;4;EUR;MWh;NO;NO;153.8;;153.8;153.8;1;UP
2024-11-15T01:00;2024-11-15T01:15;5;EUR;MWh;NO;NO;150.04;;150.04;150.04;1;UP
2024-11-15T01:15;2024-11-15T01:30;6;EUR;MWh;NO;NO;150.04;;150.04;150.04;1;UP
2024-11-15T01:30;2024-11-15T01:45;7;EUR;MWh;NO;NO;126.1;;126.1;126.1;1;UP
2024-11-15T01:45;2024-11-15T02:00;8;EUR;MWh;NO;NO;300.04;;300.04;300.04;1;UP
2024-11-15T02:00;2024-11-15T02:15;9;EUR;MWh;NO;NO;175.04;;175.04;175.04;1;UP
2024-11-15T02:15;2024-11-15T02:30;10;EUR;MWh;NO;NO;126.1;;126.1;126.1;1;UP
2024-11-15T02:30;2024-11-15T02:45;11;EUR;MWh;NO;NO;120.87;;120.87;120.87;1;UP
2024-11-15T02:45;2024-11-15T03:00;12;EUR;MWh;NO;NO;110.04;100.69;110.04;110.04;1;UP
2024-11-15T03:00;2024-11-15T03:15;13;EUR;MWh;NO;NO;;97.69;97.69;97.69;-1;DOWN
2024-11-15T03:15;2024-11-15T03:30;14;EUR;MWh;NO;NO;;93.56;93.56;93.56;-1;DOWN
2024-11-15T03:30;2024-11-15T03:45;15;EUR;MWh;NO;NO;;91.39;91.39;91.39;-1;DOWN
2024-11-15T03:45;2024-11-15T04:00;16;EUR;MWh;NO;NO;;80.93;80.93;80.93;-1;DOWN
2024-11-15T04:00;2024-11-15T04:15;17;EUR;MWh;NO;NO;118.97;78.38;118.97;78.38;2;UP_AND_DOWN
2024-11-15T04:15;2024-11-15T04:30;18;EUR;MWh;NO;NO;110.04;;110.04;110.04;1;UP
2024-11-15T04:30;2024-11-15T04:45;19;EUR;MWh;NO;NO;154;;154;154;1;UP
2024-11-15T04:45;2024-11-15T05:00;20;EUR;MWh;NO;NO;200;;200;200;1;UP
2024-11-15T05:00;2024-11-15T05:15;21;EUR;MWh;NO;NO;150.12;;150.12;150.12;1;UP
2024-11-15T05:15;2024-11-15T05:30;22;EUR;MWh;NO;NO;163.3;;163.3;163.3;1;UP
2024-11-15T05:30;2024-11-15T05:45;23;EUR;MWh;NO;NO;165.53;;165.53;165.53;1;UP
2024-11-15T05:45;2024-11-15T06:00;24;EUR;MWh;NO;NO;175.12;91.36;175.12;175.12;1;UP
2024-11-15T06:00;2024-11-15T06:15;25;EUR;MWh;NO;NO;200;64.01;200;64.01;2;UP_AND_DOWN
2024-11-15T06:15;2024-11-15T06:30;26;EUR;MWh;NO;NO;148;;148;148;1;UP
2024-11-15T06:30;2024-11-15T06:45;27;EUR;MWh;NO;NO;148;;148;148;1;UP
2024-11-15T06:45;2024-11-15T07:00;28;EUR;MWh;NO;NO;148;;148;148;1;UP
2024-11-15T07:00;2024-11-15T07:15;29;EUR;MWh;NO;NO;81.03;79.37;91.27;79.37;2;UP_AND_DOWN
2024-11-15T07:15;2024-11-15T07:30;30;EUR;MWh;NO;NO;110.04;94.37;110.04;91.27;2;UP_AND_DOWN
2024-11-15T07:30;2024-11-15T07:45;31;EUR;MWh;NO;NO;156.1;;156.1;156.1;1;UP
2024-11-15T07:45;2024-11-15T08:00;32;EUR;MWh;NO;NO;148;;148;148;1;UP
2024-11-15T08:00;2024-11-15T08:15;33;EUR;MWh;NO;NO;126.5;;126.5;126.5;1;UP
2024-11-15T08:15;2024-11-15T08:30;34;EUR;MWh;NO;NO;156.1;;156.1;156.1;1;UP
2024-11-15T08:30;2024-11-15T08:45;35;EUR;MWh;NO;NO;154.2;;154.2;154.2;1;UP
2024-11-15T08:45;2024-11-15T09:00;36;EUR;MWh;NO;NO;151.22;;151.22;151.22;1;UP
2024-11-15T09:00;2024-11-15T09:15;37;EUR;MWh;NO;NO;176;;176;176;1;UP
2024-11-15T09:15;2024-11-15T09:30;38;EUR;MWh;NO;NO;148;;148;148;1;UP
2024-11-15T09:30;2024-11-15T09:45;39;EUR;MWh;NO;NO;153.9;;153.9;153.9;1;UP
2024-11-15T09:45;2024-11-15T10:00;40;EUR;MWh;NO;NO;126.1;87.71;126.1;87.71;2;UP_AND_DOWN
2024-11-15T10:00;2024-11-15T10:15;41;EUR;MWh;NO;NO;116.42;97.69;116.42;92.51;2;UP_AND_DOWN
2024-11-15T10:15;2024-11-15T10:30;42;EUR;MWh;NO;NO;;96.43;96.43;96.43;-1;DOWN
2024-11-15T10:30;2024-11-15T10:45;43;EUR;MWh;NO;NO;;90.54;90.54;90.54;-1;DOWN
2024-11-15T10:45;2024-11-15T11:00;44;EUR;MWh;NO;NO;;90.54;90.54;90.54;-1;DOWN
2024-11-15T11:00;2024-11-15T11:15;45;EUR;MWh;NO;NO;148;99.48;148;93.77;2;UP_AND_DOWN
2024-11-15T11:15;2024-11-15T11:30;46;EUR;MWh;NO;NO;148;;148;148;1;UP
2024-11-15T11:30;2024-11-15T11:45;47;EUR;MWh;NO;NO;148;;148;148;1;UP
2024-11-15T11:45;2024-11-15T12:00;48;EUR;MWh;NO;NO;151.56;;151.56;151.56;1;UP
2024-11-15T12:00;2024-11-15T12:15;49;EUR;MWh;NO;NO;176.32;;176.32;176.32;1;UP
2024-11-15T12:15;2024-11-15T12:30;50;EUR;MWh;NO;NO;176.33;;176.33;176.33;1;UP
2024-11-15T12:30;2024-11-15T12:45;51;EUR;MWh;NO;NO;156.1;;156.1;156.1;1;UP
2024-11-15T12:45;2024-11-15T13:00;52;EUR;MWh;NO;NO;158;;158;158;1;UP
2024-11-15T13:00;2024-11-15T13:15;53;EUR;MWh;NO;NO;141.5;;141.5;141.5;1;UP
2024-11-15T13:15;2024-11-15T13:30;54;EUR;MWh;NO;NO;170.3;;170.3;170.3;1;UP
2024-11-15T13:30;2024-11-15T13:45;55;EUR;MWh;NO;NO;151.4;;151.4;151.4;1;UP
2024-11-15T13:45;2024-11-15T14:00;56;EUR;MWh;NO;NO;131.4;102.02;131.4;93.72;2;UP_AND_DOWN
2024-11-15T14:00;2024-11-15T14:15;57;EUR;MWh;NO;NO;;83.26;83.26;83.26;-1;DOWN
2024-11-15T14:15;2024-11-15T14:30;58;EUR;MWh;NO;NO;176.39;;176.39;176.39;1;UP
2024-11-15T14:30;2024-11-15T14:45;59;EUR;MWh;NO;NO;177;;177;177;1;UP
2024-11-15T14:45;2024-11-15T15:00;60;EUR;MWh;NO;NO;174.39;;174.39;174.39;1;UP
2024-11-15T15:00;2024-11-15T15:15;61;EUR;MWh;NO;NO;130.9;105.9;130.9;94.47;2;UP_AND_DOWN
2024-11-15T15:15;2024-11-15T15:30;62;EUR;MWh;NO;NO;156.1;;156.1;156.1;1;UP
2024-11-15T15:30;2024-11-15T15:45;63;EUR;MWh;NO;NO;148;;148;148;1;UP
2024-11-15T15:45;2024-11-15T16:00;64;EUR;MWh;NO;NO;157.6;;157.6;157.6;1;UP
2024-11-15T16:00;2024-11-15T16:15;65;EUR;MWh;NO;NO;81.03;99.69;105.37;99.69;2;UP_AND_DOWN
2024-11-15T16:15;2024-11-15T16:30;66;EUR;MWh;NO;NO;111.38;;111.38;111.38;1;UP
2024-11-15T16:30;2024-11-15T16:45;67;EUR;MWh;NO;NO;106.56;;106.56;106.56;1;UP
2024-11-15T16:45;2024-11-15T17:00;68;EUR;MWh;NO;NO;131.7;;131.7;131.7;1;UP
2024-11-15T17:00;2024-11-15T17:15;69;EUR;MWh;NO;NO;131.5;;131.5;131.5;1;UP
2024-11-15T17:15;2024-11-15T17:30;70;EUR;MWh;NO;NO;132.2;;132.2;132.2;1;UP
2024-11-15T17:30;2024-11-15T17:45;71;EUR;MWh;NO;NO;58;94.56;83.1;83.1;2;UP_AND_DOWN
2024-11-15T17:45;2024-11-15T18:00;72;EUR;MWh;NO;NO;130.9;99.69;130.9;81.95;2;UP_AND_DOWN
2024-11-15T18:00;2024-11-15T18:15;73;EUR;MWh;NO;NO;;93.84;93.84;93.84;-1;DOWN
2024-11-15T18:15;2024-11-15T18:30;74;EUR;MWh;NO;NO;;93.58;93.58;93.58;-1;DOWN
2024-11-15T18:30;2024-11-15T18:45;75;EUR;MWh;NO;NO;;80.5;80.5;80.5;-1;DOWN
2024-11-15T18:45;2024-11-15T19:00;76;EUR;MWh;NO;NO;;64;64;64;-1;DOWN
2024-11-15T19:00;2024-11-15T19:15;77;EUR;MWh;NO;NO;;75.08;75.08;75.08;-1;DOWN
2024-11-15T19:15;2024-11-15T19:30;78;EUR;MWh;NO;NO;106.56;92.21;106.56;81.65;2;UP_AND_DOWN
2024-11-15T19:30;2024-11-15T19:45;79;EUR;MWh;NO;NO;;87.71;87.71;87.71;-1;DOWN
2024-11-15T19:45;2024-11-15T20:00;80;EUR;MWh;NO;NO;;87.71;87.71;87.71;-1;DOWN
2024-11-15T20:00;2024-11-15T20:15;81;EUR;MWh;NO;NO;130.8;80.1;130.8;80.1;2;UP_AND_DOWN
2024-11-15T20:15;2024-11-15T20:30;82;EUR;MWh;NO;NO;;75.08;75.08;75.08;-1;DOWN
2024-11-15T20:30;2024-11-15T20:45;83;EUR;MWh;NO;NO;;74.5;74.5;74.5;-1;DOWN
2024-11-15T20:45;2024-11-15T21:00;84;EUR;MWh;NO;NO;;67.64;67.64;67.64;-1;DOWN
2024-11-15T21:00;2024-11-15T21:15;85;EUR;MWh;NO;NO;145.2;80.65;145.2;79.35;2;UP_AND_DOWN
2024-11-15T21:15;2024-11-15T21:30;86;EUR;MWh;NO;NO;148;;148;148;1;UP
2024-11-15T21:30;2024-11-15T21:45;87;EUR;MWh;NO;NO;147.8;;147.8;147.8;1;UP
2024-11-15T21:45;2024-11-15T22:00;88;EUR;MWh;NO;NO;128;91.29;128;79.35;2;UP_AND_DOWN
2024-11-15T22:00;2024-11-15T22:15;89;EUR;MWh;NO;NO;58;90.59;79.35;79.35;2;UP_AND_DOWN
2024-11-15T22:15;2024-11-15T22:30;90;EUR;MWh;NO;NO;128;100.73;128;79.37;2;UP_AND_DOWN
2024-11-15T22:30;2024-11-15T22:45;91;EUR;MWh;NO;NO;;76.26;76.26;76.26;-1;DOWN
2024-11-15T22:45;2024-11-15T23:00;92;EUR;MWh;NO;NO;;74.4;74.4;74.4;-1;DOWN
2024-11-15T23:00;2024-11-15T23:15;93;EUR;MWh;NO;NO;;65.48;65.48;65.48;-1;DOWN
2024-11-15T23:15;2024-11-15T23:30;94;EUR;MWh;NO;NO;;76.26;76.26;76.26;-1;DOWN
2024-11-15T23:30;2024-11-15T23:45;95;EUR;MWh;NO;NO;;64;64;64;-1;DOWN
2024-11-15T23:45;2024-11-16T00:00;96;EUR;MWh;NO;NO;;22.45;22.45;22.45;-1;DOWN
2024-11-16T00:00;2024-11-16T00:15;1;EUR;MWh;NO;NO;175.52;-38;175.52;-38;2;UP_AND_DOWN
2024-11-16T00:15;2024-11-16T00:30;2;EUR;MWh;NO;NO;113.69;;113.69;113.69;1;UP
2024-11-16T00:30;2024-11-16T00:45;3;EUR;MWh;NO;NO;;100.69;87.36;87.36;0;STABLE
2024-11-16T00:45;2024-11-16T01:00;4;EUR;MWh;NO;NO;;40.08;40.08;40.08;-1;DOWN
2024-11-16T01:00;2024-11-16T01:15;5;EUR;MWh;NO;NO;108.57;75;108.57;75;2;UP_AND_DOWN
2024-11-16T01:15;2024-11-16T01:30;6;EUR;MWh;NO;NO;108.57;40.08;40.08;40.08;-1;DOWN
2024-11-16T01:30;2024-11-16T01:45;7;EUR;MWh;NO;NO;;36.69;36.69;36.69;-1;DOWN
2024-11-16T01:45;2024-11-16T02:00;8;EUR;MWh;NO;NO;;-5.13;-5.13;-5.13;-1;DOWN
2024-11-16T02:00;2024-11-16T02:15;9;EUR;MWh;NO;NO;100.48;25.08;100.48;25.08;2;UP_AND_DOWN
2024-11-16T02:15;2024-11-16T02:30;10;EUR;MWh;NO;NO;;-2.09;-2.09;-2.09;-1;DOWN
2024-11-16T02:30;2024-11-16T02:45;11;EUR;MWh;NO;NO;;-4.17;-4.17;-4.17;-1;DOWN
2024-11-16T02:45;2024-11-16T03:00;12;EUR;MWh;NO;NO;;64;64;64;-1;DOWN
2024-11-16T03:00;2024-11-16T03:15;13;EUR;MWh;NO;NO;133;75.69;133;133;1;UP
2024-11-16T03:15;2024-11-16T03:30;14;EUR;MWh;NO;NO;131.7;;131.7;131.7;1;UP
2024-11-16T03:30;2024-11-16T03:45;15;EUR;MWh;NO;NO;126.71;55.08;126.71;55.08;2;UP_AND_DOWN
2024-11-16T03:45;2024-11-16T04:00;16;EUR;MWh;NO;NO;;64;64;64;-1;DOWN
2024-11-16T04:00;2024-11-16T04:15;17;EUR;MWh;NO;NO;;-7.85;-7.85;-7.85;-1;DOWN
2024-11-16T04:15;2024-11-16T04:30;18;EUR;MWh;NO;NO;;-7.81;-7.81;-7.81;-1;DOWN
2024-11-16T04:30;2024-11-16T04:45;19;EUR;MWh;NO;NO;;-7.92;-7.92;-7.92;-1;DOWN
2024-11-16T04:45;2024-11-16T05:00;20;EUR;MWh;NO;NO;;-14.39;-14.39;-14.39;-1;DOWN
2024-11-16T05:00;2024-11-16T05:15;21;EUR;MWh;NO;NO;;55.08;55.08;55.08;-1;DOWN
2024-11-16T05:15;2024-11-16T05:30;22;EUR;MWh;NO;NO;;55.08;55.08;55.08;-1;DOWN
2024-11-16T05:30;2024-11-16T05:45;23;EUR;MWh;NO;NO;;77.48;77.48;77.48;-1;DOWN
2024-11-16T05:45;2024-11-16T06:00;24;EUR;MWh;NO;NO;;-6.54;-6.54;-6.54;-1;DOWN
2024-11-16T06:00;2024-11-16T06:15;25;EUR;MWh;NO;NO;;-15.58;-15.58;-15.58;-1;DOWN
2024-11-16T06:15;2024-11-16T06:30;26;EUR;MWh;NO;NO;;-3.83;-3.83;-3.83;-1;DOWN
2024-11-16T06:30;2024-11-16T06:45;27;EUR;MWh;NO;NO;;-7.69;-7.69;-7.69;-1;DOWN
2024-11-16T06:45;2024-11-16T07:00;28;EUR;MWh;NO;NO;;25.69;25.69;25.69;-1;DOWN
2024-11-16T07:00;2024-11-16T07:15;29;EUR;MWh;NO;NO;127.94;-3.85;127.94;-3.85;2;UP_AND_DOWN
2024-11-16T07:15;2024-11-16T07:30;30;EUR;MWh;NO;NO;111.88;28.69;111.88;28.69;2;UP_AND_DOWN
2024-11-16T07:30;2024-11-16T07:45;31;EUR;MWh;NO;NO;;30;30;30;-1;DOWN
2024-11-16T07:45;2024-11-16T08:00;32;EUR;MWh;NO;NO;;70.08;70.08;70.08;-1;DOWN
2024-11-16T08:00;2024-11-16T08:15;33;EUR;MWh;NO;NO;144.69;-12.79;144.69;-12.79;2;UP_AND_DOWN
2024-11-16T08:15;2024-11-16T08:30;34;EUR;MWh;NO;NO;130.6;85.08;130.6;85.08;2;UP_AND_DOWN
2024-11-16T08:30;2024-11-16T08:45;35;EUR;MWh;NO;NO;110;104.28;110;89.16;2;UP_AND_DOWN
2024-11-16T08:45;2024-11-16T09:00;36;EUR;MWh;NO;NO;112.43;;112.43;112.43;1;UP
2024-11-16T09:00;2024-11-16T09:15;37;EUR;MWh;NO;NO;112.43;71.68;71.68;71.68;-1;DOWN
2024-11-16T09:15;2024-11-16T09:30;38;EUR;MWh;NO;NO;;85.08;85.08;85.08;-1;DOWN
2024-11-16T09:30;2024-11-16T09:45;39;EUR;MWh;NO;NO;;84.68;84.68;84.68;-1;DOWN
2024-11-16T09:45;2024-11-16T10:00;40;EUR;MWh;NO;NO;110;84.68;110;110;1;UP
2024-11-16T10:00;2024-11-16T10:15;41;EUR;MWh;NO;NO;131.6;;131.6;131.6;1;UP
2024-11-16T10:15;2024-11-16T10:30;42;EUR;MWh;NO;NO;130.4;;130.4;130.4;1;UP
2024-11-16T10:30;2024-11-16T10:45;43;EUR;MWh;NO;NO;125.1;;125.1;125.1;1;UP
2024-11-16T10:45;2024-11-16T11:00;44;EUR;MWh;NO;NO;126.2;;126.2;126.2;1;UP
2024-11-16T11:00;2024-11-16T11:15;45;EUR;MWh;NO;NO;110;75;75;75;-1;DOWN
2024-11-16T11:15;2024-11-16T11:30;46;EUR;MWh;NO;NO;;86.69;86.69;86.69;-1;DOWN
2024-11-16T11:30;2024-11-16T11:45;47;EUR;MWh;NO;NO;;92.74;92.74;92.74;-1;DOWN
2024-11-16T11:45;2024-11-16T12:00;48;EUR;MWh;NO;NO;;74.61;74.61;74.61;-1;DOWN
2024-11-16T12:00;2024-11-16T12:15;49;EUR;MWh;NO;NO;117.4;100.69;117.4;87.36;2;UP_AND_DOWN
2024-11-16T12:15;2024-11-16T12:30;50;EUR;MWh;NO;NO;110;75.77;75.77;75.77;-1;DOWN
2024-11-16T12:30;2024-11-16T12:45;51;EUR;MWh;NO;NO;;44.69;44.69;44.69;-1;DOWN
2024-11-16T12:45;2024-11-16T13:00;52;EUR;MWh;NO;NO;;55.08;55.08;55.08;-1;DOWN
2024-11-16T13:00;2024-11-16T13:15;53;EUR;MWh;NO;NO;112.92;;112.92;0;2;UP_AND_DOWN
2024-11-16T13:15;2024-11-16T13:30;54;EUR;MWh;NO;NO;110;75;110;75;2;UP_AND_DOWN
2024-11-16T13:30;2024-11-16T13:45;55;EUR;MWh;NO;NO;110;84.68;110;84.68;2;UP_AND_DOWN
2024-11-16T13:45;2024-11-16T14:00;56;EUR;MWh;NO;NO;110;;110;110;1;UP
2024-11-16T14:00;2024-11-16T14:15;57;EUR;MWh;NO;NO;110;70.08;70.08;70.08;-1;DOWN
2024-11-16T14:15;2024-11-16T14:30;58;EUR;MWh;NO;NO;110;62.68;110;62.68;2;UP_AND_DOWN
2024-11-16T14:30;2024-11-16T14:45;59;EUR;MWh;NO;NO;108.11;;108.11;108.11;1;UP
2024-11-16T14:45;2024-11-16T15:00;60;EUR;MWh;NO;NO;110;;110;110;1;UP
2024-11-16T15:00;2024-11-16T15:15;61;EUR;MWh;NO;NO;74.03;70.08;87.36;70.08;2;UP_AND_DOWN
2024-11-16T15:15;2024-11-16T15:30;62;EUR;MWh;NO;NO;107.68;;107.68;107.68;1;UP
2024-11-16T15:30;2024-11-16T15:45;63;EUR;MWh;NO;NO;107.68;70.08;70.08;70.08;-1;DOWN
2024-11-16T15:45;2024-11-16T16:00;64;EUR;MWh;NO;NO;;4;4;4;-1;DOWN
2024-11-16T16:00;2024-11-16T16:15;65;EUR;MWh;NO;NO;110;-17.33;-17.33;-17.33;-1;DOWN
2024-11-16T16:15;2024-11-16T16:30;66;EUR;MWh;NO;NO;110;40.08;110;40.08;2;UP_AND_DOWN
2024-11-16T16:30;2024-11-16T16:45;67;EUR;MWh;NO;NO;110;20;110;20;2;UP_AND_DOWN
2024-11-16T16:45;2024-11-16T17:00;68;EUR;MWh;NO;NO;110;-4.18;110;-4.18;2;UP_AND_DOWN
2024-11-16T17:00;2024-11-16T17:15;69;EUR;MWh;NO;NO;;80.13;80.13;80.13;-1;DOWN
2024-11-16T17:15;2024-11-16T17:30;70;EUR;MWh;NO;NO;;70.08;70.08;70.08;-1;DOWN
2024-11-16T17:30;2024-11-16T17:45;71;EUR;MWh;NO;NO;;75;75;75;-1;DOWN
2024-11-16T17:45;2024-11-16T18:00;72;EUR;MWh;NO;NO;;75;75;75;-1;DOWN
2024-11-16T18:00;2024-11-16T18:15;73;EUR;MWh;NO;NO;125.4;77.68;125.4;77.68;2;UP_AND_DOWN
2024-11-16T18:15;2024-11-16T18:30;74;EUR;MWh;NO;NO;110;55.08;55.08;55.08;-1;DOWN
2024-11-16T18:30;2024-11-16T18:45;75;EUR;MWh;NO;NO;;55.08;55.08;55.08;-1;DOWN
2024-11-16T18:45;2024-11-16T19:00;76;EUR;MWh;NO;NO;;20;20;20;-1;DOWN
2024-11-16T19:00;2024-11-16T19:15;77;EUR;MWh;NO;NO;106.28;25.69;106.28;25.69;2;UP_AND_DOWN
2024-11-16T19:15;2024-11-16T19:30;78;EUR;MWh;NO;NO;;;0;0;-1;DOWN
2024-11-16T19:30;2024-11-16T19:45;79;EUR;MWh;NO;NO;100.68;;100.68;0;2;UP_AND_DOWN
2024-11-16T19:45;2024-11-16T20:00;80;EUR;MWh;NO;NO;106.18;-50;-50;-50;-1;DOWN
2024-11-16T20:00;2024-11-16T20:15;81;EUR;MWh;NO;NO;110;77.16;110;77.16;2;UP_AND_DOWN
2024-11-16T20:15;2024-11-16T20:30;82;EUR;MWh;NO;NO;;28.69;28.69;28.69;-1;DOWN
2024-11-16T20:30;2024-11-16T20:45;83;EUR;MWh;NO;NO;110;44.69;110;44.69;2;UP_AND_DOWN
2024-11-16T20:45;2024-11-16T21:00;84;EUR;MWh;NO;NO;289.3;86.69;289.3;86.69;2;UP_AND_DOWN
2024-11-16T21:00;2024-11-16T21:15;85;EUR;MWh;NO;NO;139.3;;139.3;139.3;1;UP
2024-11-16T21:15;2024-11-16T21:30;86;EUR;MWh;NO;NO;150;;150;150;1;UP
2024-11-16T21:30;2024-11-16T21:45;87;EUR;MWh;NO;NO;235;;235;235;1;UP
2024-11-16T21:45;2024-11-16T22:00;88;EUR;MWh;NO;NO;430.65;;430.65;430.65;1;UP
2024-11-16T22:00;2024-11-16T22:15;89;EUR;MWh;NO;NO;235;;235;235;1;UP
2024-11-16T22:15;2024-11-16T22:30;90;EUR;MWh;NO;NO;151.4;;151.4;151.4;1;UP
2024-11-16T22:30;2024-11-16T22:45;91;EUR;MWh;NO;NO;172.62;;172.62;172.62;1;UP
2024-11-16T22:45;2024-11-16T23:00;92;EUR;MWh;NO;NO;151.4;;151.4;151.4;1;UP
2024-11-16T23:00;2024-11-16T23:15;93;EUR;MWh;NO;NO;113.68;40.08;113.68;40.08;2;UP_AND_DOWN
2024-11-16T23:15;2024-11-16T23:30;94;EUR;MWh;NO;NO;110;;110;110;1;UP
2024-11-16T23:30;2024-11-16T23:45;95;EUR;MWh;NO;NO;112.92;;112.92;112.92;1;UP
2024-11-16T23:45;2024-11-17T00:00;96;EUR;MWh;NO;NO;110;-30;110;-30;2;UP_AND_DOWN
2024-11-17T00:00;2024-11-17T00:15;1;EUR;MWh;NO;NO;112.8;-137.92;112.8;-137.92;2;UP_AND_DOWN
2024-11-17T00:15;2024-11-17T00:30;2;EUR;MWh;NO;NO;162.9;-15.58;162.9;162.9;1;UP
2024-11-17T00:30;2024-11-17T00:45;3;EUR;MWh;NO;NO;111.99;-15.58;111.99;-15.58;2;UP_AND_DOWN
2024-11-17T00:45;2024-11-17T01:00;4;EUR;MWh;NO;NO;110;-15.58;110;-15.58;2;UP_AND_DOWN
2024-11-17T01:00;2024-11-17T01:15;5;EUR;MWh;NO;NO;118.25;-53;118.25;-53;2;UP_AND_DOWN
2024-11-17T01:15;2024-11-17T01:30;6;EUR;MWh;NO;NO;;-54.2;-54.2;-54.2;-1;DOWN
2024-11-17T01:30;2024-11-17T01:45;7;EUR;MWh;NO;NO;110;-43;110;-43;2;UP_AND_DOWN
2024-11-17T01:45;2024-11-17T02:00;8;EUR;MWh;NO;NO;110;-96;-96;-96;-1;DOWN
2024-11-17T02:00;2024-11-17T02:15;9;EUR;MWh;NO;NO;;-70;-70;-70;-1;DOWN
2024-11-17T02:15;2024-11-17T02:30;10;EUR;MWh;NO;NO;;-100;-100;-100;-1;DOWN
2024-11-17T02:30;2024-11-17T02:45;11;EUR;MWh;NO;NO;;-43;-43;-43;-1;DOWN
2024-11-17T02:45;2024-11-17T03:00;12;EUR;MWh;NO;NO;;-96;-96;-96;-1;DOWN
2024-11-17T03:00;2024-11-17T03:15;13;EUR;MWh;NO;NO;162.8;-25;162.8;-25;2;UP_AND_DOWN
2024-11-17T03:15;2024-11-17T03:30;14;EUR;MWh;NO;NO;162.8;-25;-25;-25;-1;DOWN
2024-11-17T03:30;2024-11-17T03:45;15;EUR;MWh;NO;NO;132.31;-15.58;132.31;-15.58;2;UP_AND_DOWN
2024-11-17T03:45;2024-11-17T04:00;16;EUR;MWh;NO;NO;108.44;-15.58;108.44;-15.58;2;UP_AND_DOWN
2024-11-17T04:00;2024-11-17T04:15;17;EUR;MWh;NO;NO;114.2;-15.58;114.2;-15.58;2;UP_AND_DOWN
2024-11-17T04:15;2024-11-17T04:30;18;EUR;MWh;NO;NO;110;-38.5;110;-38.5;2;UP_AND_DOWN
2024-11-17T04:30;2024-11-17T04:45;19;EUR;MWh;NO;NO;;-54.2;-54.2;-54.2;-1;DOWN
2024-11-17T04:45;2024-11-17T05:00;20;EUR;MWh;NO;NO;;-15.58;-15.58;-15.58;-1;DOWN
2024-11-17T05:00;2024-11-17T05:15;21;EUR;MWh;NO;NO;;-15.58;-15.58;-15.58;-1;DOWN
2024-11-17T05:15;2024-11-17T05:30;22;EUR;MWh;NO;NO;;-15.58;-15.58;-15.58;-1;DOWN
2024-11-17T05:30;2024-11-17T05:45;23;EUR;MWh;NO;NO;107.86;-15.58;107.86;-15.58;2;UP_AND_DOWN
2024-11-17T05:45;2024-11-17T06:00;24;EUR;MWh;NO;NO;107.86;-15.58;-15.58;-15.58;-1;DOWN
2024-11-17T06:00;2024-11-17T06:15;25;EUR;MWh;NO;NO;;-15.58;-15.58;-15.58;-1;DOWN
2024-11-17T06:15;2024-11-17T06:30;26;EUR;MWh;NO;NO;110;-15.58;110;110;1;UP
2024-11-17T06:30;2024-11-17T06:45;27;EUR;MWh;NO;NO;74.03;-25;-25;-25;-1;DOWN
2024-11-17T06:45;2024-11-17T07:00;28;EUR;MWh;NO;NO;114.3;-15.58;114.3;-15.58;2;UP_AND_DOWN
2024-11-17T07:00;2024-11-17T07:15;29;EUR;MWh;NO;NO;136;-15.58;136;-15.58;2;UP_AND_DOWN
2024-11-17T07:15;2024-11-17T07:30;30;EUR;MWh;NO;NO;114.6;-56.2;-56.2;-56.2;-1;DOWN
2024-11-17T07:30;2024-11-17T07:45;31;EUR;MWh;NO;NO;110;-15.58;110;-15.58;2;UP_AND_DOWN
2024-11-17T07:45;2024-11-17T08:00;32;EUR;MWh;NO;NO;162.6;-15.58;162.6;-15.58;2;UP_AND_DOWN
2024-11-17T08:00;2024-11-17T08:15;33;EUR;MWh;NO;NO;200;-15.58;200;200;1;UP
2024-11-17T08:15;2024-11-17T08:30;34;EUR;MWh;NO;NO;162.6;-15.58;162.6;162.6;1;UP
2024-11-17T08:30;2024-11-17T08:45;35;EUR;MWh;NO;NO;115;-15.58;115;115;1;UP
2024-11-17T08:45;2024-11-17T09:00;36;EUR;MWh;NO;NO;74.03;-15.58;82.02;-15.58;2;UP_AND_DOWN
2024-11-17T09:00;2024-11-17T09:15;37;EUR;MWh;NO;NO;115;-15.58;115;-15.58;2;UP_AND_DOWN
2024-11-17T09:15;2024-11-17T09:30;38;EUR;MWh;NO;NO;116.69;-15.58;116.69;-15.58;2;UP_AND_DOWN
2024-11-17T09:30;2024-11-17T09:45;39;EUR;MWh;NO;NO;110;-43;110;-43;2;UP_AND_DOWN
2024-11-17T09:45;2024-11-17T10:00;40;EUR;MWh;NO;NO;200;-31;200;-31;2;UP_AND_DOWN
2024-11-17T10:00;2024-11-17T10:15;41;EUR;MWh;NO;NO;136;-15.58;136;136;1;UP
2024-11-17T10:15;2024-11-17T10:30;42;EUR;MWh;NO;NO;136;-33.88;-33.88;-33.88;-1;DOWN
2024-11-17T10:30;2024-11-17T10:45;43;EUR;MWh;NO;NO;;-33.49;-33.49;-33.49;-1;DOWN
2024-11-17T10:45;2024-11-17T11:00;44;EUR;MWh;NO;NO;105.43;-15.58;105.43;-15.58;2;UP_AND_DOWN
2024-11-17T11:00;2024-11-17T11:15;45;EUR;MWh;NO;NO;;-29;-29;-29;-1;DOWN
2024-11-17T11:15;2024-11-17T11:30;46;EUR;MWh;NO;NO;;-50;-50;-50;-1;DOWN
2024-11-17T11:30;2024-11-17T11:45;47;EUR;MWh;NO;NO;114.3;-80;114.3;-80;2;UP_AND_DOWN
2024-11-17T11:45;2024-11-17T12:00;48;EUR;MWh;NO;NO;200;-249.01;200;-249.01;2;UP_AND_DOWN
2024-11-17T12:00;2024-11-17T12:15;49;EUR;MWh;NO;NO;136.2;-274.13;136.2;-274.13;2;UP_AND_DOWN
2024-11-17T12:15;2024-11-17T12:30;50;EUR;MWh;NO;NO;;-34.08;-34.08;-34.08;-1;DOWN
2024-11-17T12:30;2024-11-17T12:45;51;EUR;MWh;NO;NO;;-36;-36;-36;-1;DOWN
2024-11-17T12:45;2024-11-17T13:00;52;EUR;MWh;NO;NO;74.03;-60;-60;-60;-1;DOWN
2024-11-17T13:00;2024-11-17T13:15;53;EUR;MWh;NO;NO;162.8;-50;162.8;-50;2;UP_AND_DOWN
2024-11-17T13:15;2024-11-17T13:30;54;EUR;MWh;NO;NO;136.05;-26.28;136.05;-26.28;2;UP_AND_DOWN
2024-11-17T13:30;2024-11-17T13:45;55;EUR;MWh;NO;NO;131.63;-40;131.63;-40;2;UP_AND_DOWN
2024-11-17T13:45;2024-11-17T14:00;56;EUR;MWh;NO;NO;114.4;-15.58;114.4;114.4;1;UP
2024-11-17T14:00;2024-11-17T14:15;57;EUR;MWh;NO;NO;133.22;-35;133.22;-35;2;UP_AND_DOWN
2024-11-17T14:15;2024-11-17T14:30;58;EUR;MWh;NO;NO;111;-35;111;-35;2;UP_AND_DOWN
2024-11-17T14:30;2024-11-17T14:45;59;EUR;MWh;NO;NO;140;-15.58;140;140;1;UP
2024-11-17T14:45;2024-11-17T15:00;60;EUR;MWh;NO;NO;1850.03;-72;1850.03;-72;2;UP_AND_DOWN
2024-11-17T15:00;2024-11-17T15:15;61;EUR;MWh;NO;NO;115.4;-80;115.4;-80;2;UP_AND_DOWN
2024-11-17T15:15;2024-11-17T15:30;62;EUR;MWh;NO;NO;692.41;-90;692.41;-90;2;UP_AND_DOWN
2024-11-17T15:30;2024-11-17T15:45;63;EUR;MWh;NO;NO;200;-15.58;200;200;1;UP
2024-11-17T15:45;2024-11-17T16:00;64;EUR;MWh;NO;NO;162.5;-15.58;162.5;162.5;1;UP
2024-11-17T16:00;2024-11-17T16:15;65;EUR;MWh;NO;NO;140;-35;140;-35;2;UP_AND_DOWN
2024-11-17T16:15;2024-11-17T16:30;66;EUR;MWh;NO;NO;;-15.58;-15.58;-15.58;-1;DOWN
2024-11-17T16:30;2024-11-17T16:45;67;EUR;MWh;NO;NO;140;-45;140;-45;2;UP_AND_DOWN
2024-11-17T16:45;2024-11-17T17:00;68;EUR;MWh;NO;NO;116.8;-55;116.8;-55;2;UP_AND_DOWN
2024-11-17T17:00;2024-11-17T17:15;69;EUR;MWh;NO;NO;;-45;-45;-45;-1;DOWN
2024-11-17T17:15;2024-11-17T17:30;70;EUR;MWh;NO;NO;116.05;-15.58;116.05;-15.58;2;UP_AND_DOWN
2024-11-17T17:30;2024-11-17T17:45;71;EUR;MWh;NO;NO;140;-15.58;140;140;1;UP
2024-11-17T17:45;2024-11-17T18:00;72;EUR;MWh;NO;NO;135.5;-15.58;135.5;135.5;1;UP
2024-11-17T18:00;2024-11-17T18:15;73;EUR;MWh;NO;NO;;-15.58;-15.58;-15.58;-1;DOWN
2024-11-17T18:15;2024-11-17T18:30;74;EUR;MWh;NO;NO;135.5;-15.58;135.5;135.5;1;UP
2024-11-17T18:30;2024-11-17T18:45;75;EUR;MWh;NO;NO;140;-15.58;140;-15.58;2;UP_AND_DOWN
2024-11-17T18:45;2024-11-17T19:00;76;EUR;MWh;NO;NO;175.19;-23.6;175.19;-23.6;2;UP_AND_DOWN
2024-11-17T19:00;2024-11-17T19:15;77;EUR;MWh;NO;NO;900;-15.58;900;900;1;UP
2024-11-17T19:15;2024-11-17T19:30;78;EUR;MWh;NO;NO;1850.03;-15.58;1850.03;1850.03;1;UP
2024-11-17T19:30;2024-11-17T19:45;79;EUR;MWh;NO;NO;140;-15.58;140;140;1;UP
2024-11-17T19:45;2024-11-17T20:00;80;EUR;MWh;NO;NO;140;-15.58;140;140;1;UP
2024-11-17T20:00;2024-11-17T20:15;81;EUR;MWh;NO;NO;135.6;-15.58;135.6;135.6;1;UP
2024-11-17T20:15;2024-11-17T20:30;82;EUR;MWh;NO;NO;692.41;-15.58;692.41;692.41;1;UP
2024-11-17T20:30;2024-11-17T20:45;83;EUR;MWh;NO;NO;551.48;-15.58;551.48;551.48;1;UP
2024-11-17T20:45;2024-11-17T21:00;84;EUR;MWh;NO;NO;551.48;-15.58;-15.58;-15.58;-1;DOWN
2024-11-17T21:00;2024-11-17T21:15;85;EUR;MWh;NO;NO;1850.03;-23.08;1850.03;-23.08;2;UP_AND_DOWN
2024-11-17T21:15;2024-11-17T21:30;86;EUR;MWh;NO;NO;215;-15.58;215;215;1;UP
2024-11-17T21:30;2024-11-17T21:45;87;EUR;MWh;NO;NO;900;-15.58;900;-15.58;2;UP_AND_DOWN
2024-11-17T21:45;2024-11-17T22:00;88;EUR;MWh;NO;NO;1850.03;-15.58;1850.03;1850.03;1;UP
2024-11-17T22:00;2024-11-17T22:15;89;EUR;MWh;NO;NO;1850.03;-15.58;1850.03;1850.03;1;UP
2024-11-17T22:15;2024-11-17T22:30;90;EUR;MWh;NO;NO;2035.03;-15.58;2035.03;2035.03;1;UP
2024-11-17T22:30;2024-11-17T22:45;91;EUR;MWh;NO;NO;2035.03;-15.58;2035.03;2035.03;1;UP
2024-11-17T22:45;2024-11-17T23:00;92;EUR;MWh;NO;NO;2035.03;-15.58;2035.03;2035.03;1;UP
2024-11-17T23:00;2024-11-17T23:15;93;EUR;MWh;NO;NO;2035.03;-15.58;2035.03;2035.03;1;UP
2024-11-17T23:15;2024-11-17T23:30;94;EUR;MWh;NO;NO;761.65;-15.58;-15.58;-15.58;-1;DOWN
2024-11-17T23:30;2024-11-17T23:45;95;EUR;MWh;NO;NO;310;-15.58;310;-15.58;2;UP_AND_DOWN
2024-11-17T23:45;2024-11-18T00:00;96;EUR;MWh;NO;NO;310;-62.38;310;-62.38;2;UP_AND_DOWN
2024-11-18T00:00;2024-11-18T00:15;1;EUR;MWh;NO;NO;410;-512.4;410;-512.4;2;UP_AND_DOWN
2024-11-18T00:15;2024-11-18T00:30;2;EUR;MWh;NO;NO;136.5;-100;136.5;-100;2;UP_AND_DOWN
2024-11-18T00:30;2024-11-18T00:45;3;EUR;MWh;NO;NO;;-22.51;-22.51;-22.51;-1;DOWN
2024-11-18T00:45;2024-11-18T01:00;4;EUR;MWh;NO;NO;;25.08;25.08;25.08;-1;DOWN
2024-11-18T01:00;2024-11-18T01:15;5;EUR;MWh;NO;NO;136.6;55.08;136.6;55.08;2;UP_AND_DOWN
2024-11-18T01:15;2024-11-18T01:30;6;EUR;MWh;NO;NO;105.18;-52.2;105.18;-52.2;2;UP_AND_DOWN
2024-11-18T01:30;2024-11-18T01:45;7;EUR;MWh;NO;NO;;-168.03;-168.03;-168.03;-1;DOWN
2024-11-18T01:45;2024-11-18T02:00;8;EUR;MWh;NO;NO;;-242.71;-242.71;-242.71;-1;DOWN
2024-11-18T02:00;2024-11-18T02:15;9;EUR;MWh;NO;NO;;55.08;55.08;55.08;-1;DOWN
2024-11-18T02:15;2024-11-18T02:30;10;EUR;MWh;NO;NO;;-50.2;-50.2;-50.2;-1;DOWN
2024-11-18T02:30;2024-11-18T02:45;11;EUR;MWh;NO;NO;;40.08;40.08;40.08;-1;DOWN
2024-11-18T02:45;2024-11-18T03:00;12;EUR;MWh;NO;NO;;-50.2;-50.2;-50.2;-1;DOWN
2024-11-18T03:00;2024-11-18T03:15;13;EUR;MWh;NO;NO;160.4;-56.2;160.4;-56.2;2;UP_AND_DOWN
2024-11-18T03:15;2024-11-18T03:30;14;EUR;MWh;NO;NO;128.87;63.6;128.87;63.6;2;UP_AND_DOWN
2024-11-18T03:30;2024-11-18T03:45;15;EUR;MWh;NO;NO;;-36.6;-36.6;-36.6;-1;DOWN
2024-11-18T03:45;2024-11-18T04:00;16;EUR;MWh;NO;NO;;-33.2;-33.2;-33.2;-1;DOWN
2024-11-18T04:00;2024-11-18T04:15;17;EUR;MWh;NO;NO;;63.5;63.5;63.5;-1;DOWN
2024-11-18T04:15;2024-11-18T04:30;18;EUR;MWh;NO;NO;;63.6;63.6;63.6;-1;DOWN
2024-11-18T04:30;2024-11-18T04:45;19;EUR;MWh;NO;NO;162.4;85.08;162.4;85.08;2;UP_AND_DOWN
2024-11-18T04:45;2024-11-18T05:00;20;EUR;MWh;NO;NO;162.4;;162.4;162.4;1;UP
2024-11-18T05:00;2024-11-18T05:15;21;EUR;MWh;NO;NO;148.16;;148.16;148.16;1;UP
2024-11-18T05:15;2024-11-18T05:30;22;EUR;MWh;NO;NO;140;85.13;140;85.13;2;UP_AND_DOWN
2024-11-18T05:30;2024-11-18T05:45;23;EUR;MWh;NO;NO;;;104;104;0;STABLE
2024-11-18T05:45;2024-11-18T06:00;24;EUR;MWh;NO;NO;;-77.52;-77.52;-77.52;-1;DOWN
2024-11-18T06:00;2024-11-18T06:15;25;EUR;MWh;NO;NO;136.2;-235.21;136.2;-235.21;2;UP_AND_DOWN
2024-11-18T06:15;2024-11-18T06:30;26;EUR;MWh;NO;NO;120;88;120;88;2;UP_AND_DOWN
2024-11-18T06:30;2024-11-18T06:45;27;EUR;MWh;NO;NO;;70.08;70.08;70.08;-1;DOWN
2024-11-18T06:45;2024-11-18T07:00;28;EUR;MWh;NO;NO;116;84.36;116;116;1;UP
2024-11-18T07:00;2024-11-18T07:15;29;EUR;MWh;NO;NO;122.31;-71.4;122.31;-71.4;2;UP_AND_DOWN
2024-11-18T07:15;2024-11-18T07:30;30;EUR;MWh;NO;NO;122.31;66.5;66.5;66.5;-1;DOWN
2024-11-18T07:30;2024-11-18T07:45;31;EUR;MWh;NO;NO;136.7;;136.7;136.7;1;UP
2024-11-18T07:45;2024-11-18T08:00;32;EUR;MWh;NO;NO;160.6;;160.6;160.6;1;UP
2024-11-18T08:00;2024-11-18T08:15;33;EUR;MWh;NO;NO;199;;199;199;1;UP
2024-11-18T08:15;2024-11-18T08:30;34;EUR;MWh;NO;NO;162.7;;162.7;162.7;1;UP
2024-11-18T08:30;2024-11-18T08:45;35;EUR;MWh;NO;NO;496.86;;496.86;496.86;1;UP
2024-11-18T08:45;2024-11-18T09:00;36;EUR;MWh;NO;NO;200;;200;200;1;UP
2024-11-18T09:00;2024-11-18T09:15;37;EUR;MWh;NO;NO;510;75.78;510;75.78;2;UP_AND_DOWN
2024-11-18T09:15;2024-11-18T09:30;38;EUR;MWh;NO;NO;190;75.78;190;75.78;2;UP_AND_DOWN
2024-11-18T09:30;2024-11-18T09:45;39;EUR;MWh;NO;NO;115;50;50;50;-1;DOWN
2024-11-18T09:45;2024-11-18T10:00;40;EUR;MWh;NO;NO;;;0;0;-1;DOWN
2024-11-18T10:00;2024-11-18T10:15;41;EUR;MWh;NO;NO;138.5;;138.5;0;2;UP_AND_DOWN
2024-11-18T10:15;2024-11-18T10:30;42;EUR;MWh;NO;NO;;-52.43;-52.43;-52.43;-1;DOWN
2024-11-18T10:30;2024-11-18T10:45;43;EUR;MWh;NO;NO;;-100;-100;-100;-1;DOWN
2024-11-18T10:45;2024-11-18T11:00;44;EUR;MWh;NO;NO;113;-100;113;-100;2;UP_AND_DOWN
2024-11-18T11:00;2024-11-18T11:15;45;EUR;MWh;NO;NO;;57.33;57.33;57.33;-1;DOWN
2024-11-18T11:15;2024-11-18T11:30;46;EUR;MWh;NO;NO;;40.08;40.08;40.08;-1;DOWN
2024-11-18T11:30;2024-11-18T11:45;47;EUR;MWh;NO;NO;;55.08;55.08;55.08;-1;DOWN
2024-11-18T11:45;2024-11-18T12:00;48;EUR;MWh;NO;NO;;62.3;62.3;62.3;-1;DOWN
2024-11-18T12:00;2024-11-18T12:15;49;EUR;MWh;NO;NO;;62.85;62.85;62.85;-1;DOWN
2024-11-18T12:15;2024-11-18T12:30;50;EUR;MWh;NO;NO;138.8;85;138.8;85;2;UP_AND_DOWN
2024-11-18T12:30;2024-11-18T12:45;51;EUR;MWh;NO;NO;210;80.59;210;80.59;2;UP_AND_DOWN
2024-11-18T12:45;2024-11-18T13:00;52;EUR;MWh;NO;NO;128.5;100;128.5;100;2;UP_AND_DOWN
2024-11-18T13:00;2024-11-18T13:15;53;EUR;MWh;NO;NO;132.8;-168.09;132.8;-168.09;2;UP_AND_DOWN
2024-11-18T13:15;2024-11-18T13:30;54;EUR;MWh;NO;NO;138.8;-168.09;138.8;138.8;1;UP
2024-11-18T13:30;2024-11-18T13:45;55;EUR;MWh;NO;NO;185;;185;185;1;UP
2024-11-18T13:45;2024-11-18T14:00;56;EUR;MWh;NO;NO;610;;610;610;1;UP
2024-11-18T14:00;2024-11-18T14:15;57;EUR;MWh;NO;NO;310;-193.28;310;-193.28;2;UP_AND_DOWN
2024-11-18T14:15;2024-11-18T14:30;58;EUR;MWh;NO;NO;200;-25.31;200;-25.31;2;UP_AND_DOWN
2024-11-18T14:30;2024-11-18T14:45;59;EUR;MWh;NO;NO;1290.24;-78.99;1290.24;-78.99;2;UP_AND_DOWN
2024-11-18T14:45;2024-11-18T15:00;60;EUR;MWh;NO;NO;164.2;83.1;164.2;83.1;2;UP_AND_DOWN
2024-11-18T15:00;2024-11-18T15:15;61;EUR;MWh;NO;NO;164.2;40.08;40.08;40.08;-1;DOWN
2024-11-18T15:15;2024-11-18T15:30;62;EUR;MWh;NO;NO;;62.3;62.3;62.3;-1;DOWN
2024-11-18T15:30;2024-11-18T15:45;63;EUR;MWh;NO;NO;;83.1;83.1;83.1;-1;DOWN
2024-11-18T15:45;2024-11-18T16:00;64;EUR;MWh;NO;NO;;62;62;62;-1;DOWN
2024-11-18T16:00;2024-11-18T16:15;65;EUR;MWh;NO;NO;;-60.61;-60.61;-60.61;-1;DOWN
2024-11-18T16:15;2024-11-18T16:30;66;EUR;MWh;NO;NO;;40.08;40.08;40.08;-1;DOWN
2024-11-18T16:30;2024-11-18T16:45;67;EUR;MWh;NO;NO;;65.2;65.2;65.2;-1;DOWN
2024-11-18T16:45;2024-11-18T17:00;68;EUR;MWh;NO;NO;138.4;92.69;138.4;92.69;2;UP_AND_DOWN
2024-11-18T17:00;2024-11-18T17:15;69;EUR;MWh;NO;NO;137.2;85;137.2;83;2;UP_AND_DOWN
2024-11-18T17:15;2024-11-18T17:30;70;EUR;MWh;NO;NO;163.2;91.76;163.2;83;2;UP_AND_DOWN
2024-11-18T17:30;2024-11-18T17:45;71;EUR;MWh;NO;NO;;85.69;85.69;85.69;-1;DOWN
2024-11-18T17:45;2024-11-18T18:00;72;EUR;MWh;NO;NO;;76;76;76;-1;DOWN
2024-11-18T18:00;2024-11-18T18:15;73;EUR;MWh;NO;NO;;76;76;76;-1;DOWN
2024-11-18T18:15;2024-11-18T18:30;74;EUR;MWh;NO;NO;110;85.08;110;83;2;UP_AND_DOWN
2024-11-18T18:30;2024-11-18T18:45;75;EUR;MWh;NO;NO;;80.69;80.69;80.69;-1;DOWN
2024-11-18T18:45;2024-11-18T19:00;76;EUR;MWh;NO;NO;;88.69;88.69;88.69;-1;DOWN
2024-11-18T19:00;2024-11-18T19:15;77;EUR;MWh;NO;NO;120;93.91;120;83;2;UP_AND_DOWN
2024-11-18T19:15;2024-11-18T19:30;78;EUR;MWh;NO;NO;176.78;94.69;176.78;176.78;1;UP
2024-11-18T19:30;2024-11-18T19:45;79;EUR;MWh;NO;NO;120;64;120;64;2;UP_AND_DOWN
2024-11-18T19:45;2024-11-18T20:00;80;EUR;MWh;NO;NO;;55.08;55.08;55.08;-1;DOWN
2024-11-18T20:00;2024-11-18T20:15;81;EUR;MWh;NO;NO;110;64.2;110;64.2;2;UP_AND_DOWN
2024-11-18T20:15;2024-11-18T20:30;82;EUR;MWh;NO;NO;163;83.69;163;83;2;UP_AND_DOWN
2024-11-18T20:30;2024-11-18T20:45;83;EUR;MWh;NO;NO;;92.07;92.07;92.07;-1;DOWN
2024-11-18T20:45;2024-11-18T21:00;84;EUR;MWh;NO;NO;;84.54;84.54;84.54;-1;DOWN
2024-11-18T21:00;2024-11-18T21:15;85;EUR;MWh;NO;NO;136.9;94.69;136.9;83;2;UP_AND_DOWN
2024-11-18T21:15;2024-11-18T21:30;86;EUR;MWh;NO;NO;136.9;83.94;136.9;83;2;UP_AND_DOWN
2024-11-18T21:30;2024-11-18T21:45;87;EUR;MWh;NO;NO;;82.87;82.87;82.87;-1;DOWN
2024-11-18T21:45;2024-11-18T22:00;88;EUR;MWh;NO;NO;128.77;88.55;128.77;83;2;UP_AND_DOWN
2024-11-18T22:00;2024-11-18T22:15;89;EUR;MWh;NO;NO;;69.6;69.6;69.6;-1;DOWN
2024-11-18T22:15;2024-11-18T22:30;90;EUR;MWh;NO;NO;;63.8;63.8;63.8;-1;DOWN
2024-11-18T22:30;2024-11-18T22:45;91;EUR;MWh;NO;NO;;63;63;63;-1;DOWN
2024-11-18T22:45;2024-11-18T23:00;92;EUR;MWh;NO;NO;;63;63;63;-1;DOWN
2024-11-18T23:00;2024-11-18T23:15;93;EUR;MWh;NO;NO;210;56;210;56;2;UP_AND_DOWN
2024-11-18T23:15;2024-11-18T23:30;94;EUR;MWh;NO;NO;137;;137;137;1;UP
2024-11-18T23:30;2024-11-18T23:45;95;EUR;MWh;NO;NO;154.95;;154.95;154.95;1;UP
2024-11-18T23:45;2024-11-19T00:00;96;EUR;MWh;NO;NO;126.96;63;126.96;63;2;UP_AND_DOWN
2024-11-19T00:00;2024-11-19T00:15;1;EUR;MWh;NO;NO;143.3;66.6;143.3;66.6;2;UP_AND_DOWN
2024-11-19T00:15;2024-11-19T00:30;2;EUR;MWh;NO;NO;130.96;;130.96;130.96;1;UP
2024-11-19T00:30;2024-11-19T00:45;3;EUR;MWh;NO;NO;74.03;64.9;85;64.9;2;UP_AND_DOWN
2024-11-19T00:45;2024-11-19T01:00;4;EUR;MWh;NO;NO;;40.96;40.96;40.96;-1;DOWN
2024-11-19T01:00;2024-11-19T01:15;5;EUR;MWh;NO;NO;112.31;11;112.31;11;2;UP_AND_DOWN
2024-11-19T01:15;2024-11-19T01:30;6;EUR;MWh;NO;NO;;40.96;40.96;40.96;-1;DOWN
2024-11-19T01:30;2024-11-19T01:45;7;EUR;MWh;NO;NO;;.96;.96;.96;-1;DOWN
2024-11-19T01:45;2024-11-19T02:00;8;EUR;MWh;NO;NO;;20.96;20.96;20.96;-1;DOWN
2024-11-19T02:00;2024-11-19T02:15;9;EUR;MWh;NO;NO;167.6;62.4;167.6;62.4;2;UP_AND_DOWN
2024-11-19T02:15;2024-11-19T02:30;10;EUR;MWh;NO;NO;142;;142;142;1;UP
2024-11-19T02:30;2024-11-19T02:45;11;EUR;MWh;NO;NO;144;;144;144;1;UP
2024-11-19T02:45;2024-11-19T03:00;12;EUR;MWh;NO;NO;131.05;;131.05;131.05;1;UP
2024-11-19T03:00;2024-11-19T03:15;13;EUR;MWh;NO;NO;145;;145;145;1;UP
2024-11-19T03:15;2024-11-19T03:30;14;EUR;MWh;NO;NO;111;;111;111;1;UP
2024-11-19T03:30;2024-11-19T03:45;15;EUR;MWh;NO;NO;;49.8;49.8;49.8;-1;DOWN
2024-11-19T03:45;2024-11-19T04:00;16;EUR;MWh;NO;NO;;55.08;55.08;55.08;-1;DOWN
2024-11-19T04:00;2024-11-19T04:15;17;EUR;MWh;NO;NO;100.72;86.69;100.72;84.12;2;UP_AND_DOWN
2024-11-19T04:15;2024-11-19T04:30;18;EUR;MWh;NO;NO;126.28;94.21;94.21;94.21;-1;DOWN
2024-11-19T04:30;2024-11-19T04:45;19;EUR;MWh;NO;NO;;66.7;66.7;66.7;-1;DOWN
2024-11-19T04:45;2024-11-19T05:00;20;EUR;MWh;NO;NO;;46.95;46.95;46.95;-1;DOWN
2024-11-19T05:00;2024-11-19T05:15;21;EUR;MWh;NO;NO;;55.08;55.08;55.08;-1;DOWN
2024-11-19T05:15;2024-11-19T05:30;22;EUR;MWh;NO;NO;;55.08;55.08;55.08;-1;DOWN
2024-11-19T05:30;2024-11-19T05:45;23;EUR;MWh;NO;NO;;52.66;52.66;52.66;-1;DOWN
2024-11-19T05:45;2024-11-19T06:00;24;EUR;MWh;NO;NO;;-281.95;-281.95;-281.95;-1;DOWN
2024-11-19T06:00;2024-11-19T06:15;25;EUR;MWh;NO;NO;111.72;55;55;55;-1;DOWN
2024-11-19T06:15;2024-11-19T06:30;26;EUR;MWh;NO;NO;111;-146.25;111;-146.25;2;UP_AND_DOWN
2024-11-19T06:30;2024-11-19T06:45;27;EUR;MWh;NO;NO;;61.8;61.8;61.8;-1;DOWN
2024-11-19T06:45;2024-11-19T07:00;28;EUR;MWh;NO;NO;;68.2;68.2;68.2;-1;DOWN
2024-11-19T07:00;2024-11-19T07:15;29;EUR;MWh;NO;NO;200;-359.79;200;-359.79;2;UP_AND_DOWN
2024-11-19T07:15;2024-11-19T07:30;30;EUR;MWh;NO;NO;144.53;60.8;144.53;60.8;2;UP_AND_DOWN
2024-11-19T07:30;2024-11-19T07:45;31;EUR;MWh;NO;NO;;98.09;98.09;98.09;-1;DOWN
2024-11-19T07:45;2024-11-19T08:00;32;EUR;MWh;NO;NO;123.78;98.09;123.78;89.52;2;UP_AND_DOWN
2024-11-19T08:00;2024-11-19T08:15;33;EUR;MWh;NO;NO;;50;50;50;-1;DOWN
2024-11-19T08:15;2024-11-19T08:30;34;EUR;MWh;NO;NO;;60;60;60;-1;DOWN
2024-11-19T08:30;2024-11-19T08:45;35;EUR;MWh;NO;NO;;61.3;61.3;61.3;-1;DOWN
2024-11-19T08:45;2024-11-19T09:00;36;EUR;MWh;NO;NO;;86.69;86.69;86.69;-1;DOWN
2024-11-19T09:00;2024-11-19T09:15;37;EUR;MWh;NO;NO;;95;95;95;-1;DOWN
2024-11-19T09:15;2024-11-19T09:30;38;EUR;MWh;NO;NO;112.92;;112.92;112.92;1;UP
2024-11-19T09:30;2024-11-19T09:45;39;EUR;MWh;NO;NO;171.2;105;171.2;89.52;2;UP_AND_DOWN
2024-11-19T09:45;2024-11-19T10:00;40;EUR;MWh;NO;NO;200;100;200;89.52;2;UP_AND_DOWN
2024-11-19T10:00;2024-11-19T10:15;41;EUR;MWh;NO;NO;1819.03;70.08;1819.03;70.08;2;UP_AND_DOWN
2024-11-19T10:15;2024-11-19T10:30;42;EUR;MWh;NO;NO;133.28;86.69;133.28;86.69;2;UP_AND_DOWN
2024-11-19T10:30;2024-11-19T10:45;43;EUR;MWh;NO;NO;146.3;;146.3;146.3;1;UP
2024-11-19T10:45;2024-11-19T11:00;44;EUR;MWh;NO;NO;74.03;105.47;105.47;105.47;-1;DOWN
2024-11-19T11:00;2024-11-19T11:15;45;EUR;MWh;NO;NO;;91.8;91.8;91.8;-1;DOWN
2024-11-19T11:15;2024-11-19T11:30;46;EUR;MWh;NO;NO;;91.98;91.98;91.98;-1;DOWN
2024-11-19T11:30;2024-11-19T11:45;47;EUR;MWh;NO;NO;;98.09;98.09;98.09;-1;DOWN
2024-11-19T11:45;2024-11-19T12:00;48;EUR;MWh;NO;NO;;91.8;91.8;91.8;-1;DOWN
2024-11-19T12:00;2024-11-19T12:15;49;EUR;MWh;NO;NO;;91.8;91.8;91.8;-1;DOWN
2024-11-19T12:15;2024-11-19T12:30;50;EUR;MWh;NO;NO;140;;140;140;1;UP
2024-11-19T12:30;2024-11-19T12:45;51;EUR;MWh;NO;NO;190;;190;190;1;UP
2024-11-19T12:45;2024-11-19T13:00;52;EUR;MWh;NO;NO;146.2;;146.2;146.2;1;UP
2024-11-19T13:00;2024-11-19T13:15;53;EUR;MWh;NO;NO;223.05;;223.05;223.05;1;UP
2024-11-19T13:15;2024-11-19T13:30;54;EUR;MWh;NO;NO;140;;140;140;1;UP
2024-11-19T13:30;2024-11-19T13:45;55;EUR;MWh;NO;NO;138;;138;138;1;UP
2024-11-19T13:45;2024-11-19T14:00;56;EUR;MWh;NO;NO;;89.98;89.98;89.98;-1;DOWN
2024-11-19T14:00;2024-11-19T14:15;57;EUR;MWh;NO;NO;145.9;91.8;145.9;89.52;2;UP_AND_DOWN
2024-11-19T14:15;2024-11-19T14:30;58;EUR;MWh;NO;NO;74.03;;74.03;74.03;1;UP
2024-11-19T14:30;2024-11-19T14:45;59;EUR;MWh;NO;NO;;90.69;90.69;90.69;-1;DOWN
2024-11-19T14:45;2024-11-19T15:00;60;EUR;MWh;NO;NO;;-28.46;-28.46;-28.46;-1;DOWN
2024-11-19T15:00;2024-11-19T15:15;61;EUR;MWh;NO;NO;127.28;-295.88;127.28;-295.88;2;UP_AND_DOWN
2024-11-19T15:15;2024-11-19T15:30;62;EUR;MWh;NO;NO;;76.69;76.69;76.69;-1;DOWN
2024-11-19T15:30;2024-11-19T15:45;63;EUR;MWh;NO;NO;120;20;20;20;-1;DOWN
2024-11-19T15:45;2024-11-19T16:00;64;EUR;MWh;NO;NO;100;81.69;100;81.69;2;UP_AND_DOWN
2024-11-19T16:00;2024-11-19T16:15;65;EUR;MWh;NO;NO;;63.7;63.7;63.7;-1;DOWN
2024-11-19T16:15;2024-11-19T16:30;66;EUR;MWh;NO;NO;;85;85;85;-1;DOWN
2024-11-19T16:30;2024-11-19T16:45;67;EUR;MWh;NO;NO;;98.09;98.09;98.09;-1;DOWN
2024-11-19T16:45;2024-11-19T17:00;68;EUR;MWh;NO;NO;;85;85;85;-1;DOWN
2024-11-19T17:00;2024-11-19T17:15;69;EUR;MWh;NO;NO;170.9;-96.35;170.9;-96.35;2;UP_AND_DOWN
2024-11-19T17:15;2024-11-19T17:30;70;EUR;MWh;NO;NO;208;81.73;208;81.73;2;UP_AND_DOWN
2024-11-19T17:30;2024-11-19T17:45;71;EUR;MWh;NO;NO;;95.28;95.28;95.28;-1;DOWN
2024-11-19T17:45;2024-11-19T18:00;72;EUR;MWh;NO;NO;;95;95;95;-1;DOWN
2024-11-19T18:00;2024-11-19T18:15;73;EUR;MWh;NO;NO;171;105;171;83.5;2;UP_AND_DOWN
2024-11-19T18:15;2024-11-19T18:30;74;EUR;MWh;NO;NO;169;;169;169;1;UP
2024-11-19T18:30;2024-11-19T18:45;75;EUR;MWh;NO;NO;169;;169;169;1;UP
2024-11-19T18:45;2024-11-19T19:00;76;EUR;MWh;NO;NO;146.1;;146.1;146.1;1;UP
2024-11-19T19:00;2024-11-19T19:15;77;EUR;MWh;NO;NO;199;;199;199;1;UP
2024-11-19T19:15;2024-11-19T19:30;78;EUR;MWh;NO;NO;187.11;;187.11;187.11;1;UP
2024-11-19T19:30;2024-11-19T19:45;79;EUR;MWh;NO;NO;169.1;98.02;169.1;169.1;1;UP
2024-11-19T19:45;2024-11-19T20:00;80;EUR;MWh;NO;NO;169.1;85;85;85;-1;DOWN
2024-11-19T20:00;2024-11-19T20:15;81;EUR;MWh;NO;NO;;55;55;55;-1;DOWN
2024-11-19T20:15;2024-11-19T20:30;82;EUR;MWh;NO;NO;;55;55;55;-1;DOWN
2024-11-19T20:30;2024-11-19T20:45;83;EUR;MWh;NO;NO;74.03;55;74.03;74.03;1;UP
2024-11-19T20:45;2024-11-19T21:00;84;EUR;MWh;NO;NO;144.4;88.84;144.4;83.5;2;UP_AND_DOWN
2024-11-19T21:00;2024-11-19T21:15;85;EUR;MWh;NO;NO;;63.6;63.6;63.6;-1;DOWN
2024-11-19T21:15;2024-11-19T21:30;86;EUR;MWh;NO;NO;131.89;;131.89;131.89;1;UP
2024-11-19T21:30;2024-11-19T21:45;87;EUR;MWh;NO;NO;120;;120;120;1;UP
2024-11-19T21:45;2024-11-19T22:00;88;EUR;MWh;NO;NO;;30;30;30;-1;DOWN
2024-11-19T22:00;2024-11-19T22:15;89;EUR;MWh;NO;NO;133.28;45;133.28;45;2;UP_AND_DOWN
2024-11-19T22:15;2024-11-19T22:30;90;EUR;MWh;NO;NO;100.77;;100.77;100.77;1;UP
2024-11-19T22:30;2024-11-19T22:45;91;EUR;MWh;NO;NO;;70.08;70.08;70.08;-1;DOWN
2024-11-19T22:45;2024-11-19T23:00;92;EUR;MWh;NO;NO;;94.23;94.23;94.23;-1;DOWN
2024-11-19T23:00;2024-11-19T23:15;93;EUR;MWh;NO;NO;129.28;70;129.28;70;2;UP_AND_DOWN
2024-11-19T23:15;2024-11-19T23:30;94;EUR;MWh;NO;NO;118;30;118;30;2;UP_AND_DOWN
2024-11-19T23:30;2024-11-19T23:45;95;EUR;MWh;NO;NO;;30;30;30;-1;DOWN
2024-11-19T23:45;2024-11-20T00:00;96;EUR;MWh;NO;NO;;75.19;75.19;75.19;-1;DOWN
2024-11-20T00:00;2024-11-20T00:15;1;EUR;MWh;NO;NO;;55;55;55;-1;DOWN
2024-11-20T00:15;2024-11-20T00:30;2;EUR;MWh;NO;NO;;69.61;69.61;69.61;-1;DOWN
2024-11-20T00:30;2024-11-20T00:45;3;EUR;MWh;NO;NO;;55;55;55;-1;DOWN
2024-11-20T00:45;2024-11-20T01:00;4;EUR;MWh;NO;NO;;55.08;55.08;55.08;-1;DOWN
2024-11-20T01:00;2024-11-20T01:15;5;EUR;MWh;NO;NO;155.1;86.69;155.1;43.35;2;UP_AND_DOWN
2024-11-20T01:15;2024-11-20T01:30;6;EUR;MWh;NO;NO;155;;155;155;1;UP
2024-11-20T01:30;2024-11-20T01:45;7;EUR;MWh;NO;NO;185;;185;185;1;UP
2024-11-20T01:45;2024-11-20T02:00;8;EUR;MWh;NO;NO;131.2;;131.2;131.2;1;UP
2024-11-20T02:00;2024-11-20T02:15;9;EUR;MWh;NO;NO;150.76;;150.76;150.76;1;UP
2024-11-20T02:15;2024-11-20T02:30;10;EUR;MWh;NO;NO;150.76;27.08;27.08;27.08;-1;DOWN
2024-11-20T02:30;2024-11-20T02:45;11;EUR;MWh;NO;NO;;7;7;7;-1;DOWN
2024-11-20T02:45;2024-11-20T03:00;12;EUR;MWh;NO;NO;;25.08;25.08;25.08;-1;DOWN
2024-11-20T03:00;2024-11-20T03:15;13;EUR;MWh;NO;NO;140;40.08;140;140;1;UP
2024-11-20T03:15;2024-11-20T03:30;14;EUR;MWh;NO;NO;154.4;;154.4;154.4;1;UP
2024-11-20T03:30;2024-11-20T03:45;15;EUR;MWh;NO;NO;168.79;;168.79;168.79;1;UP
2024-11-20T03:45;2024-11-20T04:00;16;EUR;MWh;NO;NO;168.79;25.08;25.08;25.08;-1;DOWN
2024-11-20T04:00;2024-11-20T04:15;17;EUR;MWh;NO;NO;129.3;25.08;129.3;129.3;1;UP
2024-11-20T04:15;2024-11-20T04:30;18;EUR;MWh;NO;NO;129.3;;129.3;129.3;1;UP
2024-11-20T04:30;2024-11-20T04:45;19;EUR;MWh;NO;NO;132.5;105;132.5;52.5;2;UP_AND_DOWN
2024-11-20T04:45;2024-11-20T05:00;20;EUR;MWh;NO;NO;143.4;;143.4;143.4;1;UP
2024-11-20T05:00;2024-11-20T05:15;21;EUR;MWh;NO;NO;1333.19;-299.89;1333.19;-299.89;2;UP_AND_DOWN
2024-11-20T05:15;2024-11-20T05:30;22;EUR;MWh;NO;NO;1859.03;-319.92;1859.03;-319.92;2;UP_AND_DOWN
2024-11-20T05:30;2024-11-20T05:45;23;EUR;MWh;NO;NO;170;;170;170;1;UP
2024-11-20T05:45;2024-11-20T06:00;24;EUR;MWh;NO;NO;210;;210;210;1;UP
2024-11-20T06:00;2024-11-20T06:15;25;EUR;MWh;NO;NO;1859.03;;1859.03;1859.03;1;UP
2024-11-20T06:15;2024-11-20T06:30;26;EUR;MWh;NO;NO;197;;197;197;1;UP
2024-11-20T06:30;2024-11-20T06:45;27;EUR;MWh;NO;NO;169.94;;169.94;169.94;1;UP
2024-11-20T06:45;2024-11-20T07:00;28;EUR;MWh;NO;NO;141.5;55;141.5;51.35;2;UP_AND_DOWN
2024-11-20T07:00;2024-11-20T07:15;29;EUR;MWh;NO;NO;173.75;55;173.75;173.75;1;UP
2024-11-20T07:15;2024-11-20T07:30;30;EUR;MWh;NO;NO;1859.03;;1859.03;1859.03;1;UP
2024-11-20T07:30;2024-11-20T07:45;31;EUR;MWh;NO;NO;260;;260;260;1;UP
2024-11-20T07:45;2024-11-20T08:00;32;EUR;MWh;NO;NO;170;;170;170;1;UP
2024-11-20T08:00;2024-11-20T08:15;33;EUR;MWh;NO;NO;125.66;-63.83;125.66;-63.83;2;UP_AND_DOWN
2024-11-20T08:15;2024-11-20T08:30;34;EUR;MWh;NO;NO;;83.89;83.89;83.89;-1;DOWN
2024-11-20T08:30;2024-11-20T08:45;35;EUR;MWh;NO;NO;;70.08;70.08;70.08;-1;DOWN
2024-11-20T08:45;2024-11-20T09:00;36;EUR;MWh;NO;NO;120.9;98.1;120.9;52.5;2;UP_AND_DOWN
2024-11-20T09:00;2024-11-20T09:15;37;EUR;MWh;NO;NO;120.9;91.56;91.56;91.56;-1;DOWN
2024-11-20T09:15;2024-11-20T09:30;38;EUR;MWh;NO;NO;144.1;98;144.1;52.5;2;UP_AND_DOWN
2024-11-20T09:30;2024-11-20T09:45;39;EUR;MWh;NO;NO;170;55.08;170;52.5;2;UP_AND_DOWN
2024-11-20T09:45;2024-11-20T10:00;40;EUR;MWh;NO;NO;;91.56;91.56;91.56;-1;DOWN
2024-11-20T10:00;2024-11-20T10:15;41;EUR;MWh;NO;NO;1859.03;95.88;1859.03;52.5;2;UP_AND_DOWN
2024-11-20T10:15;2024-11-20T10:30;42;EUR;MWh;NO;NO;1859.03;;1859.03;1859.03;1;UP
2024-11-20T10:30;2024-11-20T10:45;43;EUR;MWh;NO;NO;1859.03;;1859.03;1859.03;1;UP
2024-11-20T10:45;2024-11-20T11:00;44;EUR;MWh;NO;NO;1859.03;;1859.03;1859.03;1;UP
2024-11-20T11:00;2024-11-20T11:15;45;EUR;MWh;NO;NO;169.6;;169.6;169.6;1;UP
2024-11-20T11:15;2024-11-20T11:30;46;EUR;MWh;NO;NO;358;;358;358;1;UP
2024-11-20T11:30;2024-11-20T11:45;47;EUR;MWh;NO;NO;1857.03;;1857.03;1857.03;1;UP
2024-11-20T11:45;2024-11-20T12:00;48;EUR;MWh;NO;NO;170;90;170;52.5;2;UP_AND_DOWN
2024-11-20T12:00;2024-11-20T12:15;49;EUR;MWh;NO;NO;133.8;100;133.8;52.5;2;UP_AND_DOWN
2024-11-20T12:15;2024-11-20T12:30;50;EUR;MWh;NO;NO;150;;150;150;1;UP
2024-11-20T12:30;2024-11-20T12:45;51;EUR;MWh;NO;NO;150;95;95;95;-1;DOWN
2024-11-20T12:45;2024-11-20T13:00;52;EUR;MWh;NO;NO;;90;90;90;-1;DOWN
2024-11-20T13:00;2024-11-20T13:15;53;EUR;MWh;NO;NO;124.98;101.69;124.98;52.5;2;UP_AND_DOWN
2024-11-20T13:15;2024-11-20T13:30;54;EUR;MWh;NO;NO;113.5;90;113.5;52.5;2;UP_AND_DOWN
2024-11-20T13:30;2024-11-20T13:45;55;EUR;MWh;NO;NO;;100;100;100;-1;DOWN
2024-11-20T13:45;2024-11-20T14:00;56;EUR;MWh;NO;NO;;55.08;55.08;55.08;-1;DOWN
2024-11-20T14:00;2024-11-20T14:15;57;EUR;MWh;NO;NO;;53.69;53.69;53.69;-1;DOWN
2024-11-20T14:15;2024-11-20T14:30;58;EUR;MWh;NO;NO;;83.69;83.69;83.69;-1;DOWN
2024-11-20T14:30;2024-11-20T14:45;59;EUR;MWh;NO;NO;;69.17;69.17;69.17;-1;DOWN
2024-11-20T14:45;2024-11-20T15:00;60;EUR;MWh;NO;NO;103.73;73.69;73.69;73.69;-1;DOWN
2024-11-20T15:00;2024-11-20T15:15;61;EUR;MWh;NO;NO;103.3;53.69;103.3;52.5;2;UP_AND_DOWN
2024-11-20T15:15;2024-11-20T15:30;62;EUR;MWh;NO;NO;131.9;58.69;131.9;52.5;2;UP_AND_DOWN
2024-11-20T15:30;2024-11-20T15:45;63;EUR;MWh;NO;NO;131.44;105;131.44;52.5;2;UP_AND_DOWN
2024-11-20T15:45;2024-11-20T16:00;64;EUR;MWh;NO;NO;106.13;55.08;106.13;52.5;2;UP_AND_DOWN
2024-11-20T16:00;2024-11-20T16:15;65;EUR;MWh;NO;NO;133.9;-306.83;133.9;-306.83;2;UP_AND_DOWN
2024-11-20T16:15;2024-11-20T16:30;66;EUR;MWh;NO;NO;133;-154.82;-154.82;-154.82;-1;DOWN
2024-11-20T16:30;2024-11-20T16:45;67;EUR;MWh;NO;NO;143.3;-512.8;143.3;-512.8;2;UP_AND_DOWN
2024-11-20T16:45;2024-11-20T17:00;68;EUR;MWh;NO;NO;114.56;85.23;114.56;52.5;2;UP_AND_DOWN
2024-11-20T17:00;2024-11-20T17:15;69;EUR;MWh;NO;NO;;55.08;55.08;55.08;-1;DOWN
2024-11-20T17:15;2024-11-20T17:30;70;EUR;MWh;NO;NO;711.41;-514.4;711.41;-514.4;2;UP_AND_DOWN
2024-11-20T17:30;2024-11-20T17:45;71;EUR;MWh;NO;NO;145.1;-514.4;145.1;-514.4;2;UP_AND_DOWN
2024-11-20T17:45;2024-11-20T18:00;72;EUR;MWh;NO;NO;;43.69;43.69;43.69;-1;DOWN
2024-11-20T18:00;2024-11-20T18:15;73;EUR;MWh;NO;NO;133.4;85.08;133.4;52.5;2;UP_AND_DOWN
2024-11-20T18:15;2024-11-20T18:30;74;EUR;MWh;NO;NO;144.9;92.69;144.9;144.9;1;UP
2024-11-20T18:30;2024-11-20T18:45;75;EUR;MWh;NO;NO;141.75;87.48;141.75;52.5;2;UP_AND_DOWN
2024-11-20T18:45;2024-11-20T19:00;76;EUR;MWh;NO;NO;;93.71;93.71;93.71;-1;DOWN
2024-11-20T19:00;2024-11-20T19:15;77;EUR;MWh;NO;NO;143;;143;143;1;UP
2024-11-20T19:15;2024-11-20T19:30;78;EUR;MWh;NO;NO;133.5;;133.5;133.5;1;UP
2024-11-20T19:30;2024-11-20T19:45;79;EUR;MWh;NO;NO;145;;145;145;1;UP
2024-11-20T19:45;2024-11-20T20:00;80;EUR;MWh;NO;NO;200;;200;200;1;UP
2024-11-20T20:00;2024-11-20T20:15;81;EUR;MWh;NO;NO;170;;170;170;1;UP
2024-11-20T20:15;2024-11-20T20:30;82;EUR;MWh;NO;NO;176.34;;176.34;176.34;1;UP
2024-11-20T20:30;2024-11-20T20:45;83;EUR;MWh;NO;NO;185;;185;185;1;UP
2024-11-20T20:45;2024-11-20T21:00;84;EUR;MWh;NO;NO;135;;135;135;1;UP
2024-11-20T21:00;2024-11-20T21:15;85;EUR;MWh;NO;NO;131.4;;131.4;131.4;1;UP
2024-11-20T21:15;2024-11-20T21:30;86;EUR;MWh;NO;NO;144.1;;144.1;144.1;1;UP
2024-11-20T21:30;2024-11-20T21:45;87;EUR;MWh;NO;NO;133.4;105;133.4;52.5;2;UP_AND_DOWN
2024-11-20T21:45;2024-11-20T22:00;88;EUR;MWh;NO;NO;;;0;0;1;UP
2024-11-20T22:00;2024-11-20T22:15;89;EUR;MWh;NO;NO;124.25;;124.25;124.25;1;UP
2024-11-20T22:15;2024-11-20T22:30;90;EUR;MWh;NO;NO;144.1;;144.1;144.1;1;UP
2024-11-20T22:30;2024-11-20T22:45;91;EUR;MWh;NO;NO;170;;170;170;1;UP
2024-11-20T22:45;2024-11-20T23:00;92;EUR;MWh;NO;NO;141.94;;141.94;141.94;1;UP
2024-11-20T23:00;2024-11-20T23:15;93;EUR;MWh;NO;NO;125;105;125;125;1;UP
2024-11-20T23:15;2024-11-20T23:30;94;EUR;MWh;NO;NO;125;22;22;22;-1;DOWN
2024-11-20T23:30;2024-11-20T23:45;95;EUR;MWh;NO;NO;125;22;125;22;2;UP_AND_DOWN
2024-11-20T23:45;2024-11-21T00:00;96;EUR;MWh;NO;NO;;-67.2;-67.2;-67.2;-1;DOWN
2024-11-21T00:00;2024-11-21T00:15;1;EUR;MWh;NO;NO;111.24;70.08;111.24;111.24;1;UP
2024-11-21T00:15;2024-11-21T00:30;2;EUR;MWh;NO;NO;111.24;;111.24;111.24;1;UP
2024-11-21T00:30;2024-11-21T00:45;3;EUR;MWh;NO;NO;99.23;;99.23;99.23;1;UP
2024-11-21T00:45;2024-11-21T01:00;4;EUR;MWh;NO;NO;129.8;;129.8;129.8;1;UP
2024-11-21T01:00;2024-11-21T01:15;5;EUR;MWh;NO;NO;129.7;;129.7;129.7;1;UP
2024-11-21T01:15;2024-11-21T01:30;6;EUR;MWh;NO;NO;116.24;57.08;57.08;57.08;-1;DOWN
2024-11-21T01:30;2024-11-21T01:45;7;EUR;MWh;NO;NO;104.37;70;104.37;70;2;UP_AND_DOWN
2024-11-21T01:45;2024-11-21T02:00;8;EUR;MWh;NO;NO;116.24;85.23;116.24;74.58;2;UP_AND_DOWN
2024-11-21T02:00;2024-11-21T02:15;9;EUR;MWh;NO;NO;123.26;;123.26;123.26;1;UP
2024-11-21T02:15;2024-11-21T02:30;10;EUR;MWh;NO;NO;121.24;;121.24;121.24;1;UP
2024-11-21T02:30;2024-11-21T02:45;11;EUR;MWh;NO;NO;131;77;131;76.94;2;UP_AND_DOWN
2024-11-21T02:45;2024-11-21T03:00;12;EUR;MWh;NO;NO;;25.08;25.08;25.08;-1;DOWN
2024-11-21T03:00;2024-11-21T03:15;13;EUR;MWh;NO;NO;99.24;28.27;99.24;28.27;2;UP_AND_DOWN
2024-11-21T03:15;2024-11-21T03:30;14;EUR;MWh;NO;NO;;86.47;86.47;86.47;-1;DOWN
2024-11-21T03:30;2024-11-21T03:45;15;EUR;MWh;NO;NO;;60;60;60;-1;DOWN
2024-11-21T03:45;2024-11-21T04:00;16;EUR;MWh;NO;NO;116.24;;116.24;116.24;1;UP
2024-11-21T04:00;2024-11-21T04:15;17;EUR;MWh;NO;NO;116.24;40.08;40.08;40.08;-1;DOWN
2024-11-21T04:15;2024-11-21T04:30;18;EUR;MWh;NO;NO;116.24;19.23;116.24;19.23;2;UP_AND_DOWN
2024-11-21T04:30;2024-11-21T04:45;19;EUR;MWh;NO;NO;166.4;;166.4;166.4;1;UP
2024-11-21T04:45;2024-11-21T05:00;20;EUR;MWh;NO;NO;169.42;;169.42;169.42;1;UP
2024-11-21T05:00;2024-11-21T05:15;21;EUR;MWh;NO;NO;123.81;70;123.81;70;2;UP_AND_DOWN
2024-11-21T05:15;2024-11-21T05:30;22;EUR;MWh;NO;NO;;57.08;57.08;57.08;-1;DOWN
2024-11-21T05:30;2024-11-21T05:45;23;EUR;MWh;NO;NO;;57.08;57.08;57.08;-1;DOWN
2024-11-21T05:45;2024-11-21T06:00;24;EUR;MWh;NO;NO;;-95.15;-95.15;-95.15;-1;DOWN
2024-11-21T06:00;2024-11-21T06:15;25;EUR;MWh;NO;NO;;-45;-45;-45;-1;DOWN
2024-11-21T06:15;2024-11-21T06:30;26;EUR;MWh;NO;NO;108.17;-72;-72;-72;-1;DOWN
2024-11-21T06:30;2024-11-21T06:45;27;EUR;MWh;NO;NO;129.6;-96;129.6;-96;2;UP_AND_DOWN
2024-11-21T06:45;2024-11-21T07:00;28;EUR;MWh;NO;NO;;-55;-55;-55;-1;DOWN
2024-11-21T07:00;2024-11-21T07:15;29;EUR;MWh;NO;NO;133;83.67;133;72.92;2;UP_AND_DOWN
2024-11-21T07:15;2024-11-21T07:30;30;EUR;MWh;NO;NO;121.24;72.08;121.24;69.8;2;UP_AND_DOWN
2024-11-21T07:30;2024-11-21T07:45;31;EUR;MWh;NO;NO;129.6;90.08;129.6;69.8;2;UP_AND_DOWN
2024-11-21T07:45;2024-11-21T08:00;32;EUR;MWh;NO;NO;129.6;;129.6;129.6;1;UP
2024-11-21T08:00;2024-11-21T08:15;33;EUR;MWh;NO;NO;129.6;59.69;59.69;59.69;-1;DOWN
2024-11-21T08:15;2024-11-21T08:30;34;EUR;MWh;NO;NO;;69.69;69.69;69.69;-1;DOWN
2024-11-21T08:30;2024-11-21T08:45;35;EUR;MWh;NO;NO;;79.69;79.69;79.69;-1;DOWN
2024-11-21T08:45;2024-11-21T09:00;36;EUR;MWh;NO;NO;;92.69;92.69;92.69;-1;DOWN
2024-11-21T09:00;2024-11-21T09:15;37;EUR;MWh;NO;NO;129.7;94.14;129.7;74.6;2;UP_AND_DOWN
2024-11-21T09:15;2024-11-21T09:30;38;EUR;MWh;NO;NO;1304.84;;1304.84;1304.84;1;UP
2024-11-21T09:30;2024-11-21T09:45;39;EUR;MWh;NO;NO;1859.03;74.98;1859.03;74.6;2;UP_AND_DOWN
2024-11-21T09:45;2024-11-21T10:00;40;EUR;MWh;NO;NO;158.42;96.19;158.42;89.11;2;UP_AND_DOWN
2024-11-21T10:00;2024-11-21T10:15;41;EUR;MWh;NO;NO;1859.03;42.44;1859.03;42.44;2;UP_AND_DOWN
2024-11-21T10:15;2024-11-21T10:30;42;EUR;MWh;NO;NO;1859.03;42.44;1859.03;42.44;2;UP_AND_DOWN
2024-11-21T10:30;2024-11-21T10:45;43;EUR;MWh;NO;NO;698.61;76.44;76.44;76.44;-1;DOWN
2024-11-21T10:45;2024-11-21T11:00;44;EUR;MWh;NO;NO;167.7;94.14;167.7;89.11;2;UP_AND_DOWN
2024-11-21T11:00;2024-11-21T11:15;45;EUR;MWh;NO;NO;131.1;97.25;131.1;131.1;1;UP
2024-11-21T11:15;2024-11-21T11:30;46;EUR;MWh;NO;NO;133;92.44;133;89.11;2;UP_AND_DOWN
2024-11-21T11:30;2024-11-21T11:45;47;EUR;MWh;NO;NO;167.6;;167.6;167.6;1;UP
2024-11-21T11:45;2024-11-21T12:00;48;EUR;MWh;NO;NO;167.5;;167.5;167.5;1;UP
2024-11-21T12:00;2024-11-21T12:15;49;EUR;MWh;NO;NO;133;;133;133;1;UP
2024-11-21T12:15;2024-11-21T12:30;50;EUR;MWh;NO;NO;200;;200;200;1;UP
2024-11-21T12:30;2024-11-21T12:45;51;EUR;MWh;NO;NO;200;;200;200;1;UP
2024-11-21T12:45;2024-11-21T13:00;52;EUR;MWh;NO;NO;167.4;;167.4;167.4;1;UP
2024-11-21T13:00;2024-11-21T13:15;53;EUR;MWh;NO;NO;200;82.44;200;75.4;2;UP_AND_DOWN
2024-11-21T13:15;2024-11-21T13:30;54;EUR;MWh;NO;NO;199;;199;199;1;UP
2024-11-21T13:30;2024-11-21T13:45;55;EUR;MWh;NO;NO;167.3;;167.3;167.3;1;UP
2024-11-21T13:45;2024-11-21T14:00;56;EUR;MWh;NO;NO;175.96;;175.96;175.96;1;UP
2024-11-21T14:00;2024-11-21T14:15;57;EUR;MWh;NO;NO;131.5;;131.5;131.5;1;UP
2024-11-21T14:15;2024-11-21T14:30;58;EUR;MWh;NO;NO;150;;150;150;1;UP
2024-11-21T14:30;2024-11-21T14:45;59;EUR;MWh;NO;NO;157.48;;157.48;157.48;1;UP
2024-11-21T14:45;2024-11-21T15:00;60;EUR;MWh;NO;NO;167.5;;167.5;167.5;1;UP
2024-11-21T15:00;2024-11-21T15:15;61;EUR;MWh;NO;NO;114.48;83.64;114.48;78;2;UP_AND_DOWN
2024-11-21T15:15;2024-11-21T15:30;62;EUR;MWh;NO;NO;167.6;98.64;167.6;78;2;UP_AND_DOWN
2024-11-21T15:30;2024-11-21T15:45;63;EUR;MWh;NO;NO;200;;200;200;1;UP
2024-11-21T15:45;2024-11-21T16:00;64;EUR;MWh;NO;NO;131;;131;131;1;UP
2024-11-21T16:00;2024-11-21T16:15;65;EUR;MWh;NO;NO;130.48;95.9;130.48;92.52;2;UP_AND_DOWN
2024-11-21T16:15;2024-11-21T16:30;66;EUR;MWh;NO;NO;142.85;95.9;142.85;142.85;1;UP
2024-11-21T16:30;2024-11-21T16:45;67;EUR;MWh;NO;NO;127.06;103.21;127.06;92.52;2;UP_AND_DOWN
2024-11-21T16:45;2024-11-21T17:00;68;EUR;MWh;NO;NO;;88.21;88.21;88.21;-1;DOWN
2024-11-21T17:00;2024-11-21T17:15;69;EUR;MWh;NO;NO;;;0;0;-1;DOWN
2024-11-21T17:15;2024-11-21T17:30;70;EUR;MWh;NO;NO;74.03;97.14;92.52;92.52;2;UP_AND_DOWN
2024-11-21T17:30;2024-11-21T17:45;71;EUR;MWh;NO;NO;74.03;94.14;92.52;92.52;2;UP_AND_DOWN
2024-11-21T17:45;2024-11-21T18:00;72;EUR;MWh;NO;NO;;83.64;83.64;83.64;-1;DOWN
2024-11-21T18:00;2024-11-21T18:15;73;EUR;MWh;NO;NO;129.4;78.55;129.4;78;2;UP_AND_DOWN
2024-11-21T18:15;2024-11-21T18:30;74;EUR;MWh;NO;NO;234.91;;234.91;234.91;1;UP
2024-11-21T18:30;2024-11-21T18:45;75;EUR;MWh;NO;NO;129.4;;129.4;129.4;1;UP
2024-11-21T18:45;2024-11-21T19:00;76;EUR;MWh;NO;NO;121.95;;121.95;121.95;1;UP
2024-11-21T19:00;2024-11-21T19:15;77;EUR;MWh;NO;NO;121.95;103.21;103.21;103.21;-1;DOWN
2024-11-21T19:15;2024-11-21T19:30;78;EUR;MWh;NO;NO;129.4;97.14;129.4;90.12;2;UP_AND_DOWN
2024-11-21T19:30;2024-11-21T19:45;79;EUR;MWh;NO;NO;131;98.64;131;131;1;UP
2024-11-21T19:45;2024-11-21T20:00;80;EUR;MWh;NO;NO;74.03;97.14;90.12;90.12;2;UP_AND_DOWN
2024-11-21T20:00;2024-11-21T20:15;81;EUR;MWh;NO;NO;234.91;;234.91;234.91;1;UP
2024-11-21T20:15;2024-11-21T20:30;82;EUR;MWh;NO;NO;188;;188;188;1;UP
2024-11-21T20:30;2024-11-21T20:45;83;EUR;MWh;NO;NO;174.26;;174.26;174.26;1;UP
2024-11-21T20:45;2024-11-21T21:00;84;EUR;MWh;NO;NO;184.91;;184.91;184.91;1;UP
2024-11-21T21:00;2024-11-21T21:15;85;EUR;MWh;NO;NO;182.3;;182.3;182.3;1;UP
2024-11-21T21:15;2024-11-21T21:30;86;EUR;MWh;NO;NO;182.4;;182.4;182.4;1;UP
2024-11-21T21:30;2024-11-21T21:45;87;EUR;MWh;NO;NO;166.5;;166.5;166.5;1;UP
2024-11-21T21:45;2024-11-21T22:00;88;EUR;MWh;NO;NO;131;98.64;131;90.12;2;UP_AND_DOWN
2024-11-21T22:00;2024-11-21T22:15;89;EUR;MWh;NO;NO;180.1;85.7;180.1;85.7;2;UP_AND_DOWN
2024-11-21T22:15;2024-11-21T22:30;90;EUR;MWh;NO;NO;180.1;89.5;89.5;89.5;-1;DOWN
2024-11-21T22:30;2024-11-21T22:45;91;EUR;MWh;NO;NO;138.2;89.5;138.2;138.2;1;UP
2024-11-21T22:45;2024-11-21T23:00;92;EUR;MWh;NO;NO;130.7;;130.7;130.7;1;UP
2024-11-21T23:00;2024-11-21T23:15;93;EUR;MWh;NO;NO;135;95.65;135;84.84;2;UP_AND_DOWN
2024-11-21T23:15;2024-11-21T23:30;94;EUR;MWh;NO;NO;;80.65;80.65;80.65;-1;DOWN
2024-11-21T23:30;2024-11-21T23:45;95;EUR;MWh;NO;NO;;55;55;55;-1;DOWN
2024-11-21T23:45;2024-11-22T00:00;96;EUR;MWh;NO;NO;;80.65;80.65;80.65;-1;DOWN
2024-11-22T00:00;2024-11-22T00:15;1;EUR;MWh;NO;NO;74.03;55.08;80.25;55.08;2;UP_AND_DOWN
2024-11-22T00:15;2024-11-22T00:30;2;EUR;MWh;NO;NO;;54.03;54.03;54.03;-1;DOWN
2024-11-22T00:30;2024-11-22T00:45;3;EUR;MWh;NO;NO;;44.83;44.83;44.83;-1;DOWN
2024-11-22T00:45;2024-11-22T01:00;4;EUR;MWh;NO;NO;142;48.83;142;48.83;2;UP_AND_DOWN
2024-11-22T01:00;2024-11-22T01:15;5;EUR;MWh;NO;NO;1859.03;86.47;1859.03;1859.03;1;UP
2024-11-22T01:15;2024-11-22T01:30;6;EUR;MWh;NO;NO;698.61;;698.61;698.61;1;UP
2024-11-22T01:30;2024-11-22T01:45;7;EUR;MWh;NO;NO;170.4;;170.4;170.4;1;UP
2024-11-22T01:45;2024-11-22T02:00;8;EUR;MWh;NO;NO;110.4;79.03;110.4;79.03;2;UP_AND_DOWN
2024-11-22T02:00;2024-11-22T02:15;9;EUR;MWh;NO;NO;;70.08;70.08;70.08;-1;DOWN
2024-11-22T02:15;2024-11-22T02:30;10;EUR;MWh;NO;NO;;74.08;74.08;74.08;-1;DOWN
2024-11-22T02:30;2024-11-22T02:45;11;EUR;MWh;NO;NO;;70.91;70.91;70.91;-1;DOWN
2024-11-22T02:45;2024-11-22T03:00;12;EUR;MWh;NO;NO;;74.68;74.68;74.68;-1;DOWN
2024-11-22T03:00;2024-11-22T03:15;13;EUR;MWh;NO;NO;182.3;72.08;182.3;182.3;1;UP
2024-11-22T03:15;2024-11-22T03:30;14;EUR;MWh;NO;NO;200;;200;200;1;UP
2024-11-22T03:30;2024-11-22T03:45;15;EUR;MWh;NO;NO;177;;177;177;1;UP
2024-11-22T03:45;2024-11-22T04:00;16;EUR;MWh;NO;NO;157.5;74.08;74.08;74.08;-1;DOWN
2024-11-22T04:00;2024-11-22T04:15;17;EUR;MWh;NO;NO;;85.08;85.08;85.08;-1;DOWN
2024-11-22T04:15;2024-11-22T04:30;18;EUR;MWh;NO;NO;;86.04;86.04;86.04;-1;DOWN
2024-11-22T04:30;2024-11-22T04:45;19;EUR;MWh;NO;NO;;67.53;67.53;67.53;-1;DOWN
2024-11-22T04:45;2024-11-22T05:00;20;EUR;MWh;NO;NO;102.29;35.83;102.29;35.83;2;UP_AND_DOWN
2024-11-22T05:00;2024-11-22T05:15;21;EUR;MWh;NO;NO;;25.08;25.08;25.08;-1;DOWN
2024-11-22T05:15;2024-11-22T05:30;22;EUR;MWh;NO;NO;;59.08;59.08;59.08;-1;DOWN
2024-11-22T05:30;2024-11-22T05:45;23;EUR;MWh;NO;NO;131;74.08;131;74.08;2;UP_AND_DOWN
2024-11-22T05:45;2024-11-22T06:00;24;EUR;MWh;NO;NO;131;;131;131;1;UP
2024-11-22T06:00;2024-11-22T06:15;25;EUR;MWh;NO;NO;129.3;40.08;129.3;40.08;2;UP_AND_DOWN
2024-11-22T06:15;2024-11-22T06:30;26;EUR;MWh;NO;NO;129.3;44.54;44.54;44.54;-1;DOWN
2024-11-22T06:30;2024-11-22T06:45;27;EUR;MWh;NO;NO;159.4;27.66;159.4;27.66;2;UP_AND_DOWN
2024-11-22T06:45;2024-11-22T07:00;28;EUR;MWh;NO;NO;131;27.66;131;131;1;UP
2024-11-22T07:00;2024-11-22T07:15;29;EUR;MWh;NO;NO;;54.41;54.41;54.41;-1;DOWN
2024-11-22T07:15;2024-11-22T07:30;30;EUR;MWh;NO;NO;;72.08;72.08;72.08;-1;DOWN
2024-11-22T07:30;2024-11-22T07:45;31;EUR;MWh;NO;NO;;72.08;70.75;70.75;0;STABLE
2024-11-22T07:45;2024-11-22T08:00;32;EUR;MWh;NO;NO;129;;129;129;1;UP
2024-11-22T08:00;2024-11-22T08:15;33;EUR;MWh;NO;NO;;3.69;3.69;3.69;-1;DOWN
2024-11-22T08:15;2024-11-22T08:30;34;EUR;MWh;NO;NO;;44.69;44.69;44.69;-1;DOWN
2024-11-22T08:30;2024-11-22T08:45;35;EUR;MWh;NO;NO;129.6;45.02;129.6;45.02;2;UP_AND_DOWN
2024-11-22T08:45;2024-11-22T09:00;36;EUR;MWh;NO;NO;200;70.08;200;70.08;2;UP_AND_DOWN
2024-11-22T09:00;2024-11-22T09:15;37;EUR;MWh;NO;NO;131;;131;131;1;UP
2024-11-22T09:15;2024-11-22T09:30;38;EUR;MWh;NO;NO;135;86.72;135;86.72;2;UP_AND_DOWN
2024-11-22T09:30;2024-11-22T09:45;39;EUR;MWh;NO;NO;135;85.02;85.02;85.02;-1;DOWN
2024-11-22T09:45;2024-11-22T10:00;40;EUR;MWh;NO;NO;74.03;79.02;79.02;79.02;-1;DOWN
2024-11-22T10:00;2024-11-22T10:15;41;EUR;MWh;NO;NO;;93.25;93.25;93.25;-1;DOWN
2024-11-22T10:15;2024-11-22T10:30;42;EUR;MWh;NO;NO;;54.69;54.69;54.69;-1;DOWN
2024-11-22T10:30;2024-11-22T10:45;43;EUR;MWh;NO;NO;129;54.69;129;54.69;2;UP_AND_DOWN
2024-11-22T10:45;2024-11-22T11:00;44;EUR;MWh;NO;NO;;39.69;39.69;39.69;-1;DOWN
2024-11-22T11:00;2024-11-22T11:15;45;EUR;MWh;NO;NO;115.02;50.98;115.02;50.98;2;UP_AND_DOWN
2024-11-22T11:15;2024-11-22T11:30;46;EUR;MWh;NO;NO;74.03;79.02;79.02;79.02;-1;DOWN
2024-11-22T11:30;2024-11-22T11:45;47;EUR;MWh;NO;NO;124.92;85.02;124.92;85.02;2;UP_AND_DOWN
2024-11-22T11:45;2024-11-22T12:00;48;EUR;MWh;NO;NO;;79.02;79.02;79.02;-1;DOWN
2024-11-22T12:00;2024-11-22T12:15;49;EUR;MWh;NO;NO;;80.64;80.64;80.64;-1;DOWN
2024-11-22T12:15;2024-11-22T12:30;50;EUR;MWh;NO;NO;;92.98;92.98;92.98;-1;DOWN
2024-11-22T12:30;2024-11-22T12:45;51;EUR;MWh;NO;NO;;93.98;93.98;93.98;-1;DOWN
2024-11-22T12:45;2024-11-22T13:00;52;EUR;MWh;NO;NO;115.02;96.98;115.02;24.4;2;UP_AND_DOWN
2024-11-22T13:00;2024-11-22T13:15;53;EUR;MWh;NO;NO;129.8;;129.8;129.8;1;UP
2024-11-22T13:15;2024-11-22T13:30;54;EUR;MWh;NO;NO;156.4;;156.4;156.4;1;UP
2024-11-22T13:30;2024-11-22T13:45;55;EUR;MWh;NO;NO;134.98;97.45;134.98;134.98;1;UP
2024-11-22T13:45;2024-11-22T14:00;56;EUR;MWh;NO;NO;105.02;74.98;105.02;74.98;2;UP_AND_DOWN
2024-11-22T14:00;2024-11-22T14:15;57;EUR;MWh;NO;NO;105.02;39.98;39.98;39.98;-1;DOWN
2024-11-22T14:15;2024-11-22T14:30;58;EUR;MWh;NO;NO;;50.98;50.98;50.98;-1;DOWN
2024-11-22T14:30;2024-11-22T14:45;59;EUR;MWh;NO;NO;;97.52;97.52;97.52;-1;DOWN
2024-11-22T14:45;2024-11-22T15:00;60;EUR;MWh;NO;NO;;97.52;97.52;97.52;-1;DOWN
2024-11-22T15:00;2024-11-22T15:15;61;EUR;MWh;NO;NO;;90.64;90.64;90.64;-1;DOWN
2024-11-22T15:15;2024-11-22T15:30;62;EUR;MWh;NO;NO;;85.38;85.38;85.38;-1;DOWN
2024-11-22T15:30;2024-11-22T15:45;63;EUR;MWh;NO;NO;;79.02;79.02;79.02;-1;DOWN
2024-11-22T15:45;2024-11-22T16:00;64;EUR;MWh;NO;NO;;85.02;85.02;85.02;-1;DOWN
2024-11-22T16:00;2024-11-22T16:15;65;EUR;MWh;NO;NO;;80.64;80.64;80.64;-1;DOWN
2024-11-22T16:15;2024-11-22T16:30;66;EUR;MWh;NO;NO;;80.64;87.73;87.73;0;STABLE
2024-11-22T16:30;2024-11-22T16:45;67;EUR;MWh;NO;NO;;8.69;8.69;8.69;-1;DOWN
2024-11-22T16:45;2024-11-22T17:00;68;EUR;MWh;NO;NO;;70.08;70.08;70.08;-1;DOWN
2024-11-22T17:00;2024-11-22T17:15;69;EUR;MWh;NO;NO;;70.08;70.08;70.08;-1;DOWN
2024-11-22T17:15;2024-11-22T17:30;70;EUR;MWh;NO;NO;;92.72;92.72;92.72;-1;DOWN
2024-11-22T17:30;2024-11-22T17:45;71;EUR;MWh;NO;NO;;88.95;88.95;88.95;-1;DOWN
2024-11-22T17:45;2024-11-22T18:00;72;EUR;MWh;NO;NO;125;;125;125;1;UP
2024-11-22T18:00;2024-11-22T18:15;73;EUR;MWh;NO;NO;132.2;59.69;132.2;59.69;2;UP_AND_DOWN
2024-11-22T18:15;2024-11-22T18:30;74;EUR;MWh;NO;NO;;66;66;66;-1;DOWN
2024-11-22T18:30;2024-11-22T18:45;75;EUR;MWh;NO;NO;;79.41;79.41;79.41;-1;DOWN
2024-11-22T18:45;2024-11-22T19:00;76;EUR;MWh;NO;NO;;70.66;70.66;70.66;-1;DOWN
2024-11-22T19:00;2024-11-22T19:15;77;EUR;MWh;NO;NO;;40.54;40.54;40.54;-1;DOWN
2024-11-22T19:15;2024-11-22T19:30;78;EUR;MWh;NO;NO;166;95.95;166;166;1;UP
2024-11-22T19:30;2024-11-22T19:45;79;EUR;MWh;NO;NO;200;;200;200;1;UP
2024-11-22T19:45;2024-11-22T20:00;80;EUR;MWh;NO;NO;698.61;;698.61;698.61;1;UP
2024-11-22T20:00;2024-11-22T20:15;81;EUR;MWh;NO;NO;168;97.22;168;73.36;2;UP_AND_DOWN
2024-11-22T20:15;2024-11-22T20:30;82;EUR;MWh;NO;NO;132.3;97.22;132.3;78;2;UP_AND_DOWN
2024-11-22T20:30;2024-11-22T20:45;83;EUR;MWh;NO;NO;;67;67;67;-1;DOWN
2024-11-22T20:45;2024-11-22T21:00;84;EUR;MWh;NO;NO;;40.54;40.54;40.54;-1;DOWN
2024-11-22T21:00;2024-11-22T21:15;85;EUR;MWh;NO;NO;;11;11;11;-1;DOWN
2024-11-22T21:15;2024-11-22T21:30;86;EUR;MWh;NO;NO;;57.08;57.08;57.08;-1;DOWN
2024-11-22T21:30;2024-11-22T21:45;87;EUR;MWh;NO;NO;;47.54;47.54;47.54;-1;DOWN
2024-11-22T21:45;2024-11-22T22:00;88;EUR;MWh;NO;NO;;30.02;30.02;30.02;-1;DOWN
2024-11-22T22:00;2024-11-22T22:15;89;EUR;MWh;NO;NO;74.03;33;33;33;-1;DOWN
2024-11-22T22:15;2024-11-22T22:30;90;EUR;MWh;NO;NO;;11;11;11;-1;DOWN
2024-11-22T22:30;2024-11-22T22:45;91;EUR;MWh;NO;NO;;-89.4;-89.4;-89.4;-1;DOWN
2024-11-22T22:45;2024-11-22T23:00;92;EUR;MWh;NO;NO;;-1500;-1500;-1500;-1;DOWN
2024-11-22T23:00;2024-11-22T23:15;93;EUR;MWh;NO;NO;1859.03;-228.12;1859.03;-228.12;2;UP_AND_DOWN
2024-11-22T23:15;2024-11-22T23:30;94;EUR;MWh;NO;NO;;11;11;11;-1;DOWN
2024-11-22T23:30;2024-11-22T23:45;95;EUR;MWh;NO;NO;;11;11;11;-1;DOWN
2024-11-22T23:45;2024-11-23T00:00;96;EUR;MWh;NO;NO;153.58;-7.6;153.58;-7.6;2;UP_AND_DOWN
2024-11-23T00:00;2024-11-23T00:15;1;EUR;MWh;NO;NO;1850;-7.6;1850;1850;1;UP
2024-11-23T00:15;2024-11-23T00:30;2;EUR;MWh;NO;NO;144;;144;144;1;UP
2024-11-23T00:30;2024-11-23T00:45;3;EUR;MWh;NO;NO;200.69;;200.69;200.69;1;UP
2024-11-23T00:45;2024-11-23T01:00;4;EUR;MWh;NO;NO;144;;144;144;1;UP
2024-11-23T01:00;2024-11-23T01:15;5;EUR;MWh;NO;NO;1850;;1850;1850;1;UP
2024-11-23T01:15;2024-11-23T01:30;6;EUR;MWh;NO;NO;555.65;;555.65;555.65;1;UP
2024-11-23T01:30;2024-11-23T01:45;7;EUR;MWh;NO;NO;135.9;;135.9;135.9;1;UP
2024-11-23T01:45;2024-11-23T02:00;8;EUR;MWh;NO;NO;113.69;;113.69;113.69;1;UP
2024-11-23T02:00;2024-11-23T02:15;9;EUR;MWh;NO;NO;190.5;-13.03;190.5;-13.03;2;UP_AND_DOWN
2024-11-23T02:15;2024-11-23T02:30;10;EUR;MWh;NO;NO;135;-31.62;135;-31.62;2;UP_AND_DOWN
2024-11-23T02:30;2024-11-23T02:45;11;EUR;MWh;NO;NO;;30;30;30;-1;DOWN
2024-11-23T02:45;2024-11-23T03:00;12;EUR;MWh;NO;NO;124.26;30;124.26;124.26;1;UP
2024-11-23T03:00;2024-11-23T03:15;13;EUR;MWh;NO;NO;135.7;;135.7;135.7;1;UP
2024-11-23T03:15;2024-11-23T03:30;14;EUR;MWh;NO;NO;113.69;30;113.69;30;2;UP_AND_DOWN
2024-11-23T03:30;2024-11-23T03:45;15;EUR;MWh;NO;NO;115.09;20.08;115.09;20.08;2;UP_AND_DOWN
2024-11-23T03:45;2024-11-23T04:00;16;EUR;MWh;NO;NO;173.4;-53;173.4;-53;2;UP_AND_DOWN
2024-11-23T04:00;2024-11-23T04:15;17;EUR;MWh;NO;NO;1850;-130;1850;-130;2;UP_AND_DOWN
2024-11-23T04:15;2024-11-23T04:30;18;EUR;MWh;NO;NO;424.83;-232.47;424.83;-232.47;2;UP_AND_DOWN
2024-11-23T04:30;2024-11-23T04:45;19;EUR;MWh;NO;NO;122.27;55.08;122.27;55.08;2;UP_AND_DOWN
2024-11-23T04:45;2024-11-23T05:00;20;EUR;MWh;NO;NO;125.69;70.08;125.69;70.08;2;UP_AND_DOWN
2024-11-23T05:00;2024-11-23T05:15;21;EUR;MWh;NO;NO;111.85;30;111.85;30;2;UP_AND_DOWN
2024-11-23T05:15;2024-11-23T05:30;22;EUR;MWh;NO;NO;;70.08;70.08;70.08;-1;DOWN
2024-11-23T05:30;2024-11-23T05:45;23;EUR;MWh;NO;NO;;55.08;55.08;55.08;-1;DOWN
2024-11-23T05:45;2024-11-23T06:00;24;EUR;MWh;NO;NO;144;81.69;144;80.37;2;UP_AND_DOWN
2024-11-23T06:00;2024-11-23T06:15;25;EUR;MWh;NO;NO;125.69;70.08;125.69;70.08;2;UP_AND_DOWN
2024-11-23T06:15;2024-11-23T06:30;26;EUR;MWh;NO;NO;135.5;;135.5;135.5;1;UP
2024-11-23T06:30;2024-11-23T06:45;27;EUR;MWh;NO;NO;109.84;-10.34;109.84;-10.34;2;UP_AND_DOWN
2024-11-23T06:45;2024-11-23T07:00;28;EUR;MWh;NO;NO;117.08;43.72;117.08;43.72;2;UP_AND_DOWN
2024-11-23T07:00;2024-11-23T07:15;29;EUR;MWh;NO;NO;144;39.72;144;39.72;2;UP_AND_DOWN
2024-11-23T07:15;2024-11-23T07:30;30;EUR;MWh;NO;NO;113.69;;113.69;113.69;1;UP
2024-11-23T07:30;2024-11-23T07:45;31;EUR;MWh;NO;NO;118.66;;118.66;118.66;1;UP
2024-11-23T07:45;2024-11-23T08:00;32;EUR;MWh;NO;NO;108.22;;108.22;108.22;1;UP
2024-11-23T08:00;2024-11-23T08:15;33;EUR;MWh;NO;NO;117.18;91.7;117.18;80.37;2;UP_AND_DOWN
2024-11-23T08:15;2024-11-23T08:30;34;EUR;MWh;NO;NO;128.83;;128.83;128.83;1;UP
2024-11-23T08:30;2024-11-23T08:45;35;EUR;MWh;NO;NO;117.63;;117.63;117.63;1;UP
2024-11-23T08:45;2024-11-23T09:00;36;EUR;MWh;NO;NO;119.98;33.15;119.98;33.15;2;UP_AND_DOWN
2024-11-23T09:00;2024-11-23T09:15;37;EUR;MWh;NO;NO;;-20.57;-20.57;-20.57;-1;DOWN
2024-11-23T09:15;2024-11-23T09:30;38;EUR;MWh;NO;NO;;20.08;20.08;20.08;-1;DOWN
2024-11-23T09:30;2024-11-23T09:45;39;EUR;MWh;NO;NO;;-11.19;-11.19;-11.19;-1;DOWN
2024-11-23T09:45;2024-11-23T10:00;40;EUR;MWh;NO;NO;;-100;-100;-100;-1;DOWN
2024-11-23T10:00;2024-11-23T10:15;41;EUR;MWh;NO;NO;111.34;-129.5;111.34;-129.5;2;UP_AND_DOWN
2024-11-23T10:15;2024-11-23T10:30;42;EUR;MWh;NO;NO;;20.08;20.08;20.08;-1;DOWN
2024-11-23T10:30;2024-11-23T10:45;43;EUR;MWh;NO;NO;;28.72;28.72;28.72;-1;DOWN
2024-11-23T10:45;2024-11-23T11:00;44;EUR;MWh;NO;NO;;20.08;20.08;20.08;-1;DOWN
2024-11-23T11:00;2024-11-23T11:15;45;EUR;MWh;NO;NO;135.8;;135.8;135.8;1;UP
2024-11-23T11:15;2024-11-23T11:30;46;EUR;MWh;NO;NO;97.65;91.7;97.65;97.65;1;UP
2024-11-23T11:30;2024-11-23T11:45;47;EUR;MWh;NO;NO;;55.08;55.08;55.08;-1;DOWN
2024-11-23T11:45;2024-11-23T12:00;48;EUR;MWh;NO;NO;;25.98;25.98;25.98;-1;DOWN
2024-11-23T12:00;2024-11-23T12:15;49;EUR;MWh;NO;NO;136;65.08;136;65.08;2;UP_AND_DOWN
2024-11-23T12:15;2024-11-23T12:30;50;EUR;MWh;NO;NO;136;11;11;11;-1;DOWN
2024-11-23T12:30;2024-11-23T12:45;51;EUR;MWh;NO;NO;;-11.19;-11.19;-11.19;-1;DOWN
2024-11-23T12:45;2024-11-23T13:00;52;EUR;MWh;NO;NO;;-24.69;-24.69;-24.69;-1;DOWN
2024-11-23T13:00;2024-11-23T13:15;53;EUR;MWh;NO;NO;;11;11;11;-1;DOWN
2024-11-23T13:15;2024-11-23T13:30;54;EUR;MWh;NO;NO;;37.72;37.72;37.72;-1;DOWN
2024-11-23T13:30;2024-11-23T13:45;55;EUR;MWh;NO;NO;125;43.72;125;43.72;2;UP_AND_DOWN
2024-11-23T13:45;2024-11-23T14:00;56;EUR;MWh;NO;NO;117.11;70.08;117.11;70.08;2;UP_AND_DOWN
2024-11-23T14:00;2024-11-23T14:15;57;EUR;MWh;NO;NO;191.5;20.08;191.5;20.08;2;UP_AND_DOWN
2024-11-23T14:15;2024-11-23T14:30;58;EUR;MWh;NO;NO;113.59;11;113.59;11;2;UP_AND_DOWN
2024-11-23T14:30;2024-11-23T14:45;59;EUR;MWh;NO;NO;122.23;;122.23;122.23;1;UP
2024-11-23T14:45;2024-11-23T15:00;60;EUR;MWh;NO;NO;116.36;;116.36;116.36;1;UP
2024-11-23T15:00;2024-11-23T15:15;61;EUR;MWh;NO;NO;69.03;-18.79;78.5;-18.79;2;UP_AND_DOWN
2024-11-23T15:15;2024-11-23T15:30;62;EUR;MWh;NO;NO;115;37.72;115;37.72;2;UP_AND_DOWN
2024-11-23T15:30;2024-11-23T15:45;63;EUR;MWh;NO;NO;106.98;;106.98;106.98;1;UP
2024-11-23T15:45;2024-11-23T16:00;64;EUR;MWh;NO;NO;109.98;-3.69;109.98;-3.69;2;UP_AND_DOWN
2024-11-23T16:00;2024-11-23T16:15;65;EUR;MWh;NO;NO;69.03;-20.57;-20.57;-20.57;-1;DOWN
2024-11-23T16:15;2024-11-23T16:30;66;EUR;MWh;NO;NO;69.03;;80.37;80.37;0;STABLE
2024-11-23T16:30;2024-11-23T16:45;67;EUR;MWh;NO;NO;69.03;;69.03;69.03;1;UP
2024-11-23T16:45;2024-11-23T17:00;68;EUR;MWh;NO;NO;120.13;;120.13;120.13;1;UP
2024-11-23T17:00;2024-11-23T17:15;69;EUR;MWh;NO;NO;105;-3.69;105;-3.69;2;UP_AND_DOWN
2024-11-23T17:15;2024-11-23T17:30;70;EUR;MWh;NO;NO;69.03;43.72;80.37;43.72;2;UP_AND_DOWN
2024-11-23T17:30;2024-11-23T17:45;71;EUR;MWh;NO;NO;;33;33;33;-1;DOWN
2024-11-23T17:45;2024-11-23T18:00;72;EUR;MWh;NO;NO;;28.72;28.72;28.72;-1;DOWN
2024-11-23T18:00;2024-11-23T18:15;73;EUR;MWh;NO;NO;105;28.72;105;28.72;2;UP_AND_DOWN
2024-11-23T18:15;2024-11-23T18:30;74;EUR;MWh;NO;NO;69.03;-20.57;79.88;-20.57;2;UP_AND_DOWN
2024-11-23T18:30;2024-11-23T18:45;75;EUR;MWh;NO;NO;105;-4.94;105;-4.94;2;UP_AND_DOWN
2024-11-23T18:45;2024-11-23T19:00;76;EUR;MWh;NO;NO;111;-18.44;111;-18.44;2;UP_AND_DOWN
2024-11-23T19:00;2024-11-23T19:15;77;EUR;MWh;NO;NO;157.4;-51;157.4;-51;2;UP_AND_DOWN
2024-11-23T19:15;2024-11-23T19:30;78;EUR;MWh;NO;NO;133.2;-51;133.2;-51;2;UP_AND_DOWN
2024-11-23T19:30;2024-11-23T19:45;79;EUR;MWh;NO;NO;111;-38.5;111;-38.5;2;UP_AND_DOWN
2024-11-23T19:45;2024-11-23T20:00;80;EUR;MWh;NO;NO;69.03;15.17;79.37;15.17;2;UP_AND_DOWN
2024-11-23T20:00;2024-11-23T20:15;81;EUR;MWh;NO;NO;105;-17.75;105;-17.75;2;UP_AND_DOWN
2024-11-23T20:15;2024-11-23T20:30;82;EUR;MWh;NO;NO;;-31;-31;-31;-1;DOWN
2024-11-23T20:30;2024-11-23T20:45;83;EUR;MWh;NO;NO;112.98;-112.25;112.98;-112.25;2;UP_AND_DOWN
2024-11-23T20:45;2024-11-23T21:00;84;EUR;MWh;NO;NO;111;-23.5;111;-23.5;2;UP_AND_DOWN
2024-11-23T21:00;2024-11-23T21:15;85;EUR;MWh;NO;NO;133.5;-23.5;133.5;133.5;1;UP
2024-11-23T21:15;2024-11-23T21:30;86;EUR;MWh;NO;NO;114.68;-47;114.68;-47;2;UP_AND_DOWN
2024-11-23T21:30;2024-11-23T21:45;87;EUR;MWh;NO;NO;133.6;-96;133.6;-96;2;UP_AND_DOWN
2024-11-23T21:45;2024-11-23T22:00;88;EUR;MWh;NO;NO;133.6;-38.25;133.6;-38.25;2;UP_AND_DOWN
2024-11-23T22:00;2024-11-23T22:15;89;EUR;MWh;NO;NO;119.98;70.08;119.98;57.49;2;UP_AND_DOWN
2024-11-23T22:15;2024-11-23T22:30;90;EUR;MWh;NO;NO;107.63;;107.63;107.63;1;UP
2024-11-23T22:30;2024-11-23T22:45;91;EUR;MWh;NO;NO;;-51;-51;-51;-1;DOWN
2024-11-23T22:45;2024-11-23T23:00;92;EUR;MWh;NO;NO;;-6.1;-6.1;-6.1;-1;DOWN
2024-11-23T23:00;2024-11-23T23:15;93;EUR;MWh;NO;NO;;-3.79;-3.79;-3.79;-1;DOWN
2024-11-23T23:15;2024-11-23T23:30;94;EUR;MWh;NO;NO;133.2;-64.9;133.2;-64.9;2;UP_AND_DOWN
2024-11-23T23:30;2024-11-23T23:45;95;EUR;MWh;NO;NO;69.03;-172.32;77.01;-172.32;2;UP_AND_DOWN
2024-11-23T23:45;2024-11-24T00:00;96;EUR;MWh;NO;NO;133;-42.69;133;-42.69;2;UP_AND_DOWN
2024-11-24T00:00;2024-11-24T00:15;1;EUR;MWh;NO;NO;147.2;63.32;147.2;56.18;2;UP_AND_DOWN
2024-11-24T00:15;2024-11-24T00:30;2;EUR;MWh;NO;NO;108.66;-35;108.66;-35;2;UP_AND_DOWN
2024-11-24T00:30;2024-11-24T00:45;3;EUR;MWh;NO;NO;131;-35;131;-35;2;UP_AND_DOWN
2024-11-24T00:45;2024-11-24T01:00;4;EUR;MWh;NO;NO;64.03;;64.03;64.03;1;UP
2024-11-24T01:00;2024-11-24T01:15;5;EUR;MWh;NO;NO;112.88;;112.88;112.88;1;UP
2024-11-24T01:15;2024-11-24T01:30;6;EUR;MWh;NO;NO;129.4;-40;129.4;-40;2;UP_AND_DOWN
2024-11-24T01:30;2024-11-24T01:45;7;EUR;MWh;NO;NO;93.69;-16;93.69;-16;2;UP_AND_DOWN
2024-11-24T01:45;2024-11-24T02:00;8;EUR;MWh;NO;NO;122.68;-50;122.68;-50;2;UP_AND_DOWN
2024-11-24T02:00;2024-11-24T02:15;9;EUR;MWh;NO;NO;155;-39.75;155;-39.75;2;UP_AND_DOWN
2024-11-24T02:15;2024-11-24T02:30;10;EUR;MWh;NO;NO;155;25.08;25.08;25.08;-1;DOWN
2024-11-24T02:30;2024-11-24T02:45;11;EUR;MWh;NO;NO;;-10;-10;-10;-1;DOWN
2024-11-24T02:45;2024-11-24T03:00;12;EUR;MWh;NO;NO;;-37.76;-37.76;-37.76;-1;DOWN
2024-11-24T03:00;2024-11-24T03:15;13;EUR;MWh;NO;NO;79.03;-22;79.03;-22;2;UP_AND_DOWN
2024-11-24T03:15;2024-11-24T03:30;14;EUR;MWh;NO;NO;;-14.63;-14.63;-14.63;-1;DOWN
2024-11-24T03:30;2024-11-24T03:45;15;EUR;MWh;NO;NO;;25.08;25.08;25.08;-1;DOWN
2024-11-24T03:45;2024-11-24T04:00;16;EUR;MWh;NO;NO;;-27;-27;-27;-1;DOWN
2024-11-24T04:00;2024-11-24T04:15;17;EUR;MWh;NO;NO;;-1;-1;-1;-1;DOWN
2024-11-24T04:15;2024-11-24T04:30;18;EUR;MWh;NO;NO;;-17;-17;-17;-1;DOWN
2024-11-24T04:30;2024-11-24T04:45;19;EUR;MWh;NO;NO;;-10;-10;-10;-1;DOWN
2024-11-24T04:45;2024-11-24T05:00;20;EUR;MWh;NO;NO;79.03;-17;79.03;-17;2;UP_AND_DOWN
2024-11-24T05:00;2024-11-24T05:15;21;EUR;MWh;NO;NO;105;;105;105;1;UP
2024-11-24T05:15;2024-11-24T05:30;22;EUR;MWh;NO;NO;89.61;-19.16;89.61;-19.16;2;UP_AND_DOWN
2024-11-24T05:30;2024-11-24T05:45;23;EUR;MWh;NO;NO;49.03;;49.03;49.03;1;UP
2024-11-24T05:45;2024-11-24T06:00;24;EUR;MWh;NO;NO;;-22;-22;-22;-1;DOWN
2024-11-24T06:00;2024-11-24T06:15;25;EUR;MWh;NO;NO;84.84;-20;84.84;-20;2;UP_AND_DOWN
2024-11-24T06:15;2024-11-24T06:30;26;EUR;MWh;NO;NO;64.06;-20;70.37;-20;2;UP_AND_DOWN
2024-11-24T06:30;2024-11-24T06:45;27;EUR;MWh;NO;NO;49.03;-20;-20;-20;-1;DOWN
2024-11-24T06:45;2024-11-24T07:00;28;EUR;MWh;NO;NO;64.03;-22;70.37;-22;2;UP_AND_DOWN
2024-11-24T07:00;2024-11-24T07:15;29;EUR;MWh;NO;NO;;-45;-45;-45;-1;DOWN
2024-11-24T07:15;2024-11-24T07:30;30;EUR;MWh;NO;NO;;-30;-30;-30;-1;DOWN
2024-11-24T07:30;2024-11-24T07:45;31;EUR;MWh;NO;NO;;25.08;25.08;25.08;-1;DOWN
2024-11-24T07:45;2024-11-24T08:00;32;EUR;MWh;NO;NO;;-34;-34;-34;-1;DOWN
2024-11-24T08:00;2024-11-24T08:15;33;EUR;MWh;NO;NO;;-32;-32;-32;-1;DOWN
2024-11-24T08:15;2024-11-24T08:30;34;EUR;MWh;NO;NO;;-22;-22;-22;-1;DOWN
2024-11-24T08:30;2024-11-24T08:45;35;EUR;MWh;NO;NO;;-22;-22;-22;-1;DOWN
2024-11-24T08:45;2024-11-24T09:00;36;EUR;MWh;NO;NO;49.03;-22;49.03;49.03;1;UP
2024-11-24T09:00;2024-11-24T09:15;37;EUR;MWh;NO;NO;97.31;;97.31;97.31;1;UP
2024-11-24T09:15;2024-11-24T09:30;38;EUR;MWh;NO;NO;89.32;;89.32;89.32;1;UP
2024-11-24T09:30;2024-11-24T09:45;39;EUR;MWh;NO;NO;79.79;-28;79.79;-28;2;UP_AND_DOWN
2024-11-24T09:45;2024-11-24T10:00;40;EUR;MWh;NO;NO;93.69;;93.69;0;2;UP_AND_DOWN
2024-11-24T10:00;2024-11-24T10:15;41;EUR;MWh;NO;NO;109;;109;109;1;UP
2024-11-24T10:15;2024-11-24T10:30;42;EUR;MWh;NO;NO;77.06;;77.06;77.06;1;UP
2024-11-24T10:30;2024-11-24T10:45;43;EUR;MWh;NO;NO;71.06;-68.85;71.06;-68.85;2;UP_AND_DOWN
2024-11-24T10:45;2024-11-24T11:00;44;EUR;MWh;NO;NO;;-51;-51;-51;-1;DOWN
2024-11-24T11:00;2024-11-24T11:15;45;EUR;MWh;NO;NO;;-28;-28;-28;-1;DOWN
2024-11-24T11:15;2024-11-24T11:30;46;EUR;MWh;NO;NO;;-49;-49;-49;-1;DOWN
2024-11-24T11:30;2024-11-24T11:45;47;EUR;MWh;NO;NO;;-25;-25;-25;-1;DOWN
2024-11-24T11:45;2024-11-24T12:00;48;EUR;MWh;NO;NO;;-28;-28;-28;-1;DOWN
2024-11-24T12:00;2024-11-24T12:15;49;EUR;MWh;NO;NO;;-9;-9;-9;-1;DOWN
2024-11-24T12:15;2024-11-24T12:30;50;EUR;MWh;NO;NO;;-12.67;-12.67;-12.67;-1;DOWN
2024-11-24T12:30;2024-11-24T12:45;51;EUR;MWh;NO;NO;;-44;-44;-44;-1;DOWN
2024-11-24T12:45;2024-11-24T13:00;52;EUR;MWh;NO;NO;;-41;-41;-41;-1;DOWN
2024-11-24T13:00;2024-11-24T13:15;53;EUR;MWh;NO;NO;64.03;-55;64.03;-55;2;UP_AND_DOWN
2024-11-24T13:15;2024-11-24T13:30;54;EUR;MWh;NO;NO;76.36;-55;76.36;-55;2;UP_AND_DOWN
2024-11-24T13:30;2024-11-24T13:45;55;EUR;MWh;NO;NO;90;;90;0;2;UP_AND_DOWN
2024-11-24T13:45;2024-11-24T14:00;56;EUR;MWh;NO;NO;77.88;;77.88;77.88;1;UP
2024-11-24T14:00;2024-11-24T14:15;57;EUR;MWh;NO;NO;77.87;;77.87;77.87;1;UP
2024-11-24T14:15;2024-11-24T14:30;58;EUR;MWh;NO;NO;123.13;;123.13;123.13;1;UP
2024-11-24T14:30;2024-11-24T14:45;59;EUR;MWh;NO;NO;94.03;;94.03;94.03;1;UP
2024-11-24T14:45;2024-11-24T15:00;60;EUR;MWh;NO;NO;94.03;;94.03;94.03;1;UP
2024-11-24T15:00;2024-11-24T15:15;61;EUR;MWh;NO;NO;;-55;-55;-55;-1;DOWN
2024-11-24T15:15;2024-11-24T15:30;62;EUR;MWh;NO;NO;49.03;-55;49.03;49.03;1;UP
2024-11-24T15:30;2024-11-24T15:45;63;EUR;MWh;NO;NO;;;49.25;49.25;0;STABLE
2024-11-24T15:45;2024-11-24T16:00;64;EUR;MWh;NO;NO;;;0;0;-1;DOWN
2024-11-24T16:00;2024-11-24T16:15;65;EUR;MWh;NO;NO;200;-148.21;200;-148.21;2;UP_AND_DOWN
2024-11-24T16:15;2024-11-24T16:30;66;EUR;MWh;NO;NO;698.61;-56.65;698.61;-56.65;2;UP_AND_DOWN
2024-11-24T16:30;2024-11-24T16:45;67;EUR;MWh;NO;NO;79.03;-18.12;79.03;-18.12;2;UP_AND_DOWN
2024-11-24T16:45;2024-11-24T17:00;68;EUR;MWh;NO;NO;49.03;;50.49;0;2;UP_AND_DOWN
2024-11-24T17:00;2024-11-24T17:15;69;EUR;MWh;NO;NO;698.61;-42.13;698.61;-42.13;2;UP_AND_DOWN
2024-11-24T17:15;2024-11-24T17:30;70;EUR;MWh;NO;NO;155.23;-51;155.23;-51;2;UP_AND_DOWN
2024-11-24T17:30;2024-11-24T17:45;71;EUR;MWh;NO;NO;125.5;-55;125.5;-55;2;UP_AND_DOWN
2024-11-24T17:45;2024-11-24T18:00;72;EUR;MWh;NO;NO;119.03;;119.03;0;2;UP_AND_DOWN
2024-11-24T18:00;2024-11-24T18:15;73;EUR;MWh;NO;NO;79.03;30;79.03;30;2;UP_AND_DOWN
2024-11-24T18:15;2024-11-24T18:30;74;EUR;MWh;NO;NO;;25.08;25.08;25.08;-1;DOWN
2024-11-24T18:30;2024-11-24T18:45;75;EUR;MWh;NO;NO;;;0;0;-1;DOWN
2024-11-24T18:45;2024-11-24T19:00;76;EUR;MWh;NO;NO;;;0;0;-1;DOWN
2024-11-24T19:00;2024-11-24T19:15;77;EUR;MWh;NO;NO;;-33;-33;-33;-1;DOWN
2024-11-24T19:15;2024-11-24T19:30;78;EUR;MWh;NO;NO;125.6;-23.89;125.6;-23.89;2;UP_AND_DOWN
2024-11-24T19:30;2024-11-24T19:45;79;EUR;MWh;NO;NO;125.6;-33;125.6;-33;2;UP_AND_DOWN
2024-11-24T19:45;2024-11-24T20:00;80;EUR;MWh;NO;NO;;-18.06;-18.06;-18.06;-1;DOWN
2024-11-24T20:00;2024-11-24T20:15;81;EUR;MWh;NO;NO;64.03;;64.03;0;2;UP_AND_DOWN
2024-11-24T20:15;2024-11-24T20:30;82;EUR;MWh;NO;NO;64.03;-1;64.03;-1;2;UP_AND_DOWN
2024-11-24T20:30;2024-11-24T20:45;83;EUR;MWh;NO;NO;90;-26;90;-26;2;UP_AND_DOWN
2024-11-24T20:45;2024-11-24T21:00;84;EUR;MWh;NO;NO;127.34;-57.55;127.34;-57.55;2;UP_AND_DOWN
2024-11-24T21:00;2024-11-24T21:15;85;EUR;MWh;NO;NO;322.54;-40;322.54;-40;2;UP_AND_DOWN
2024-11-24T21:15;2024-11-24T21:30;86;EUR;MWh;NO;NO;322.54;;0;0;-1;DOWN
2024-11-24T21:30;2024-11-24T21:45;87;EUR;MWh;NO;NO;;-22.89;-22.89;-22.89;-1;DOWN
2024-11-24T21:45;2024-11-24T22:00;88;EUR;MWh;NO;NO;;-46.05;-46.05;-46.05;-1;DOWN
2024-11-24T22:00;2024-11-24T22:15;89;EUR;MWh;NO;NO;;-1;-1;-1;-1;DOWN
2024-11-24T22:15;2024-11-24T22:30;90;EUR;MWh;NO;NO;;;0;0;-1;DOWN
2024-11-24T22:30;2024-11-24T22:45;91;EUR;MWh;NO;NO;64.03;-40;64.03;-40;2;UP_AND_DOWN
2024-11-24T22:45;2024-11-24T23:00;92;EUR;MWh;NO;NO;;-55;-55;-55;-1;DOWN
2024-11-24T23:00;2024-11-24T23:15;93;EUR;MWh;NO;NO;;-40;-40;-40;-1;DOWN
2024-11-24T23:15;2024-11-24T23:30;94;EUR;MWh;NO;NO;;-27;-27;-27;-1;DOWN
2024-11-24T23:30;2024-11-24T23:45;95;EUR;MWh;NO;NO;;-44;-44;-44;-1;DOWN
2024-11-24T23:45;2024-11-25T00:00;96;EUR;MWh;NO;NO;;-46.72;-46.72;-46.72;-1;DOWN
2024-11-25T00:00;2024-11-25T00:15;1;EUR;MWh;NO;NO;107.03;-5.9;107.03;-5.9;2;UP_AND_DOWN
2024-11-25T00:15;2024-11-25T00:30;2;EUR;MWh;NO;NO;30;-1;-1;-1;-1;DOWN
2024-11-25T00:30;2024-11-25T00:45;3;EUR;MWh;NO;NO;;-11.11;-11.11;-11.11;-1;DOWN
2024-11-25T00:45;2024-11-25T01:00;4;EUR;MWh;NO;NO;;-40;-40;-40;-1;DOWN
2024-11-25T01:00;2024-11-25T01:15;5;EUR;MWh;NO;NO;103.57;-14.92;103.57;-14.92;2;UP_AND_DOWN
2024-11-25T01:15;2024-11-25T01:30;6;EUR;MWh;NO;NO;;-44;-44;-44;-1;DOWN
2024-11-25T01:30;2024-11-25T01:45;7;EUR;MWh;NO;NO;;-44;-44;-44;-1;DOWN
2024-11-25T01:45;2024-11-25T02:00;8;EUR;MWh;NO;NO;;-51;-51;-51;-1;DOWN
2024-11-25T02:00;2024-11-25T02:15;9;EUR;MWh;NO;NO;101;-59.45;101;-59.45;2;UP_AND_DOWN
2024-11-25T02:15;2024-11-25T02:30;10;EUR;MWh;NO;NO;92.79;-35.9;92.79;-35.9;2;UP_AND_DOWN
2024-11-25T02:30;2024-11-25T02:45;11;EUR;MWh;NO;NO;;-44;-44;-44;-1;DOWN
2024-11-25T02:45;2024-11-25T03:00;12;EUR;MWh;NO;NO;;-44;-44;-44;-1;DOWN
2024-11-25T03:00;2024-11-25T03:15;13;EUR;MWh;NO;NO;;-42;-42;-42;-1;DOWN
2024-11-25T03:15;2024-11-25T03:30;14;EUR;MWh;NO;NO;30;-45;40.85;-45;2;UP_AND_DOWN
2024-11-25T03:30;2024-11-25T03:45;15;EUR;MWh;NO;NO;;-44;-44;-44;-1;DOWN
2024-11-25T03:45;2024-11-25T04:00;16;EUR;MWh;NO;NO;55.03;-24.98;55.03;-24.98;2;UP_AND_DOWN
2024-11-25T04:00;2024-11-25T04:15;17;EUR;MWh;NO;NO;;-55;-55;-55;-1;DOWN
2024-11-25T04:15;2024-11-25T04:30;18;EUR;MWh;NO;NO;;-44;-44;-44;-1;DOWN
2024-11-25T04:30;2024-11-25T04:45;19;EUR;MWh;NO;NO;55.03;-18;55.03;-18;2;UP_AND_DOWN
2024-11-25T04:45;2024-11-25T05:00;20;EUR;MWh;NO;NO;57.03;-28;57.03;-28;2;UP_AND_DOWN
2024-11-25T05:00;2024-11-25T05:15;21;EUR;MWh;NO;NO;;-23.4;-23.4;-23.4;-1;DOWN
2024-11-25T05:15;2024-11-25T05:30;22;EUR;MWh;NO;NO;;-30.31;-30.31;-30.31;-1;DOWN
2024-11-25T05:30;2024-11-25T05:45;23;EUR;MWh;NO;NO;;51.7;51.7;51.7;-1;DOWN
2024-11-25T05:45;2024-11-25T06:00;24;EUR;MWh;NO;NO;109.03;-16.31;109.03;-16.31;2;UP_AND_DOWN
2024-11-25T06:00;2024-11-25T06:15;25;EUR;MWh;NO;NO;88.78;-32.55;-32.55;-32.55;-1;DOWN
2024-11-25T06:15;2024-11-25T06:30;26;EUR;MWh;NO;NO;131;-32.55;131;131;1;UP
2024-11-25T06:30;2024-11-25T06:45;27;EUR;MWh;NO;NO;131;;131;131;1;UP
2024-11-25T06:45;2024-11-25T07:00;28;EUR;MWh;NO;NO;131;;131;131;1;UP
2024-11-25T07:00;2024-11-25T07:15;29;EUR;MWh;NO;NO;131;-180;-180;-180;-1;DOWN
2024-11-25T07:15;2024-11-25T07:30;30;EUR;MWh;NO;NO;131;-70.71;131;-70.71;2;UP_AND_DOWN
2024-11-25T07:30;2024-11-25T07:45;31;EUR;MWh;NO;NO;138.7;-28.59;138.7;-28.59;2;UP_AND_DOWN
2024-11-25T07:45;2024-11-25T08:00;32;EUR;MWh;NO;NO;138.6;;138.6;138.6;1;UP
2024-11-25T08:00;2024-11-25T08:15;33;EUR;MWh;NO;NO;140.44;-44;140.44;-44;2;UP_AND_DOWN
2024-11-25T08:15;2024-11-25T08:30;34;EUR;MWh;NO;NO;131;-14.48;131;-14.48;2;UP_AND_DOWN
2024-11-25T08:30;2024-11-25T08:45;35;EUR;MWh;NO;NO;698.61;;698.61;698.61;1;UP
2024-11-25T08:45;2024-11-25T09:00;36;EUR;MWh;NO;NO;1859.03;;1859.03;1859.03;1;UP
2024-11-25T09:00;2024-11-25T09:15;37;EUR;MWh;NO;NO;1859.03;-16.45;1859.03;-16.45;2;UP_AND_DOWN
2024-11-25T09:15;2024-11-25T09:30;38;EUR;MWh;NO;NO;1859.03;86.67;1859.03;1859.03;1;UP
2024-11-25T09:30;2024-11-25T09:45;39;EUR;MWh;NO;NO;1859.03;-44;1859.03;-44;2;UP_AND_DOWN
2024-11-25T09:45;2024-11-25T10:00;40;EUR;MWh;NO;NO;1859.03;-14.54;1859.03;-14.54;2;UP_AND_DOWN
2024-11-25T10:00;2024-11-25T10:15;41;EUR;MWh;NO;NO;104.05;-56.2;104.05;-56.2;2;UP_AND_DOWN
2024-11-25T10:15;2024-11-25T10:30;42;EUR;MWh;NO;NO;;-51.56;-51.56;-51.56;-1;DOWN
2024-11-25T10:30;2024-11-25T10:45;43;EUR;MWh;NO;NO;;37;37;37;-1;DOWN
2024-11-25T10:45;2024-11-25T11:00;44;EUR;MWh;NO;NO;;-14.32;-14.32;-14.32;-1;DOWN
2024-11-25T11:00;2024-11-25T11:15;45;EUR;MWh;NO;NO;;-31.77;-31.77;-31.77;-1;DOWN
2024-11-25T11:15;2024-11-25T11:30;46;EUR;MWh;NO;NO;;41.05;41.05;41.05;-1;DOWN
2024-11-25T11:30;2024-11-25T11:45;47;EUR;MWh;NO;NO;;32;32;32;-1;DOWN
2024-11-25T11:45;2024-11-25T12:00;48;EUR;MWh;NO;NO;;3.69;3.69;3.69;-1;DOWN
2024-11-25T12:00;2024-11-25T12:15;49;EUR;MWh;NO;NO;;19.78;19.78;19.78;-1;DOWN
2024-11-25T12:15;2024-11-25T12:30;50;EUR;MWh;NO;NO;;39.78;39.78;39.78;-1;DOWN
2024-11-25T12:30;2024-11-25T12:45;51;EUR;MWh;NO;NO;109.03;75.05;109.03;75.05;2;UP_AND_DOWN
2024-11-25T12:45;2024-11-25T13:00;52;EUR;MWh;NO;NO;;54.69;54.69;54.69;-1;DOWN
2024-11-25T13:00;2024-11-25T13:15;53;EUR;MWh;NO;NO;122.83;64.69;122.83;64.69;2;UP_AND_DOWN
2024-11-25T13:15;2024-11-25T13:30;54;EUR;MWh;NO;NO;122.83;68.86;68.86;68.86;-1;DOWN
2024-11-25T13:30;2024-11-25T13:45;55;EUR;MWh;NO;NO;;33;33;33;-1;DOWN
2024-11-25T13:45;2024-11-25T14:00;56;EUR;MWh;NO;NO;;23.86;23.86;23.86;-1;DOWN
2024-11-25T14:00;2024-11-25T14:15;57;EUR;MWh;NO;NO;160.1;59.69;160.1;59.69;2;UP_AND_DOWN
2024-11-25T14:15;2024-11-25T14:30;58;EUR;MWh;NO;NO;94.03;78.86;94.03;76.36;2;UP_AND_DOWN
2024-11-25T14:30;2024-11-25T14:45;59;EUR;MWh;NO;NO;;68.86;68.86;68.86;-1;DOWN
2024-11-25T14:45;2024-11-25T15:00;60;EUR;MWh;NO;NO;;75.05;75.05;75.05;-1;DOWN
2024-11-25T15:00;2024-11-25T15:15;61;EUR;MWh;NO;NO;;74.78;74.78;74.78;-1;DOWN
2024-11-25T15:15;2024-11-25T15:30;62;EUR;MWh;NO;NO;;74.78;74.78;74.78;-1;DOWN
2024-11-25T15:30;2024-11-25T15:45;63;EUR;MWh;NO;NO;;55;55;55;-1;DOWN
2024-11-25T15:45;2024-11-25T16:00;64;EUR;MWh;NO;NO;;38.86;38.86;38.86;-1;DOWN
2024-11-25T16:00;2024-11-25T16:15;65;EUR;MWh;NO;NO;;13.86;13.86;13.86;-1;DOWN
2024-11-25T16:15;2024-11-25T16:30;66;EUR;MWh;NO;NO;;34.69;34.69;34.69;-1;DOWN
2024-11-25T16:30;2024-11-25T16:45;67;EUR;MWh;NO;NO;;19.78;19.78;19.78;-1;DOWN
2024-11-25T16:45;2024-11-25T17:00;68;EUR;MWh;NO;NO;;44.78;44.78;44.78;-1;DOWN
2024-11-25T17:00;2024-11-25T17:15;69;EUR;MWh;NO;NO;63;81.69;81.9;81.69;2;UP_AND_DOWN
2024-11-25T17:15;2024-11-25T17:30;70;EUR;MWh;NO;NO;;78.86;78.86;78.86;-1;DOWN
2024-11-25T17:30;2024-11-25T17:45;71;EUR;MWh;NO;NO;;66.05;66.05;66.05;-1;DOWN
2024-11-25T17:45;2024-11-25T18:00;72;EUR;MWh;NO;NO;;48.86;48.86;48.86;-1;DOWN
2024-11-25T18:00;2024-11-25T18:15;73;EUR;MWh;NO;NO;110;48.86;110;48.86;2;UP_AND_DOWN
2024-11-25T18:15;2024-11-25T18:30;74;EUR;MWh;NO;NO;94.03;81.05;94.03;76.82;2;UP_AND_DOWN
2024-11-25T18:30;2024-11-25T18:45;75;EUR;MWh;NO;NO;;78.86;78.86;78.86;-1;DOWN
2024-11-25T18:45;2024-11-25T19:00;76;EUR;MWh;NO;NO;;81.05;81.05;81.05;-1;DOWN
2024-11-25T19:00;2024-11-25T19:15;77;EUR;MWh;NO;NO;124.8;81.05;124.8;76.92;2;UP_AND_DOWN
2024-11-25T19:15;2024-11-25T19:30;78;EUR;MWh;NO;NO;104.05;;104.05;104.05;1;UP
2024-11-25T19:30;2024-11-25T19:45;79;EUR;MWh;NO;NO;63;79.69;76.82;76.82;2;UP_AND_DOWN
2024-11-25T19:45;2024-11-25T20:00;80;EUR;MWh;NO;NO;63;89.69;76.82;76.82;2;UP_AND_DOWN
2024-11-25T20:00;2024-11-25T20:15;81;EUR;MWh;NO;NO;111.05;;111.05;111.05;1;UP
2024-11-25T20:15;2024-11-25T20:30;82;EUR;MWh;NO;NO;139.5;;139.5;139.5;1;UP
2024-11-25T20:30;2024-11-25T20:45;83;EUR;MWh;NO;NO;124.6;;124.6;124.6;1;UP
2024-11-25T20:45;2024-11-25T21:00;84;EUR;MWh;NO;NO;139.5;;139.5;139.5;1;UP
2024-11-25T21:00;2024-11-25T21:15;85;EUR;MWh;NO;NO;111.05;25.08;111.05;25.08;2;UP_AND_DOWN
2024-11-25T21:15;2024-11-25T21:30;86;EUR;MWh;NO;NO;139.6;77;139.6;68.02;2;UP_AND_DOWN
2024-11-25T21:30;2024-11-25T21:45;87;EUR;MWh;NO;NO;124.34;;124.34;124.34;1;UP
2024-11-25T21:45;2024-11-25T22:00;88;EUR;MWh;NO;NO;110;25.08;110;25.08;2;UP_AND_DOWN
2024-11-25T22:00;2024-11-25T22:15;89;EUR;MWh;NO;NO;120.4;;120.4;120.4;1;UP
2024-11-25T22:15;2024-11-25T22:30;90;EUR;MWh;NO;NO;128.51;;128.51;128.51;1;UP
2024-11-25T22:30;2024-11-25T22:45;91;EUR;MWh;NO;NO;125;;125;125;1;UP
2024-11-25T22:45;2024-11-25T23:00;92;EUR;MWh;NO;NO;107.22;-15.01;107.22;-15.01;2;UP_AND_DOWN
2024-11-25T23:00;2024-11-25T23:15;93;EUR;MWh;NO;NO;125;-3.23;125;-3.23;2;UP_AND_DOWN
2024-11-25T23:15;2024-11-25T23:30;94;EUR;MWh;NO;NO;113.13;-3.23;113.13;-3.23;2;UP_AND_DOWN
2024-11-25T23:30;2024-11-25T23:45;95;EUR;MWh;NO;NO;110;-3.19;110;-3.19;2;UP_AND_DOWN
2024-11-25T23:45;2024-11-26T00:00;96;EUR;MWh;NO;NO;111.05;-12.72;111.05;-12.72;2;UP_AND_DOWN
2024-11-26T00:00;2024-11-26T00:15;1;EUR;MWh;NO;NO;145.1;;145.1;0;2;UP_AND_DOWN
2024-11-26T00:15;2024-11-26T00:30;2;EUR;MWh;NO;NO;124.7;;124.7;124.7;1;UP
2024-11-26T00:30;2024-11-26T00:45;3;EUR;MWh;NO;NO;59.03;;59.03;59.03;1;UP
2024-11-26T00:45;2024-11-26T01:00;4;EUR;MWh;NO;NO;124.7;;124.7;124.7;1;UP
2024-11-26T01:00;2024-11-26T01:15;5;EUR;MWh;NO;NO;124.7;55;55;55;-1;DOWN
2024-11-26T01:15;2024-11-26T01:30;6;EUR;MWh;NO;NO;;15.08;15.08;15.08;-1;DOWN
2024-11-26T01:30;2024-11-26T01:45;7;EUR;MWh;NO;NO;;15.08;15.08;15.08;-1;DOWN
2024-11-26T01:45;2024-11-26T02:00;8;EUR;MWh;NO;NO;59.03;15.08;15.08;15.08;-1;DOWN
2024-11-26T02:00;2024-11-26T02:15;9;EUR;MWh;NO;NO;150;;150;150;1;UP
2024-11-26T02:15;2024-11-26T02:30;10;EUR;MWh;NO;NO;125.2;;125.2;125.2;1;UP
2024-11-26T02:30;2024-11-26T02:45;11;EUR;MWh;NO;NO;74.03;15.08;74.03;15.08;2;UP_AND_DOWN
2024-11-26T02:45;2024-11-26T03:00;12;EUR;MWh;NO;NO;130;33;130;33;2;UP_AND_DOWN
2024-11-26T03:00;2024-11-26T03:15;13;EUR;MWh;NO;NO;150.1;;150.1;150.1;1;UP
2024-11-26T03:15;2024-11-26T03:30;14;EUR;MWh;NO;NO;155.49;;155.49;155.49;1;UP
2024-11-26T03:30;2024-11-26T03:45;15;EUR;MWh;NO;NO;157.7;;157.7;157.7;1;UP
2024-11-26T03:45;2024-11-26T04:00;16;EUR;MWh;NO;NO;150;;150;150;1;UP
2024-11-26T04:00;2024-11-26T04:15;17;EUR;MWh;NO;NO;154.2;;154.2;154.2;1;UP
2024-11-26T04:15;2024-11-26T04:30;18;EUR;MWh;NO;NO;156.6;;156.6;156.6;1;UP
2024-11-26T04:30;2024-11-26T04:45;19;EUR;MWh;NO;NO;138.67;;138.67;138.67;1;UP
2024-11-26T04:45;2024-11-26T05:00;20;EUR;MWh;NO;NO;149.8;;149.8;149.8;1;UP
2024-11-26T05:00;2024-11-26T05:15;21;EUR;MWh;NO;NO;130;;130;130;1;UP
2024-11-26T05:15;2024-11-26T05:30;22;EUR;MWh;NO;NO;152.56;;152.56;152.56;1;UP
2024-11-26T05:30;2024-11-26T05:45;23;EUR;MWh;NO;NO;156.25;;156.25;156.25;1;UP
2024-11-26T05:45;2024-11-26T06:00;24;EUR;MWh;NO;NO;159.52;;159.52;159.52;1;UP
2024-11-26T06:00;2024-11-26T06:15;25;EUR;MWh;NO;NO;149.6;15.08;149.6;15.08;2;UP_AND_DOWN
2024-11-26T06:15;2024-11-26T06:30;26;EUR;MWh;NO;NO;167.1;;167.1;167.1;1;UP
2024-11-26T06:30;2024-11-26T06:45;27;EUR;MWh;NO;NO;166.39;;166.39;166.39;1;UP
2024-11-26T06:45;2024-11-26T07:00;28;EUR;MWh;NO;NO;166.65;;166.65;166.65;1;UP
2024-11-26T07:00;2024-11-26T07:15;29;EUR;MWh;NO;NO;106;-38.25;106;-38.25;2;UP_AND_DOWN
2024-11-26T07:15;2024-11-26T07:30;30;EUR;MWh;NO;NO;118.91;44.73;118.91;44.73;2;UP_AND_DOWN
2024-11-26T07:30;2024-11-26T07:45;31;EUR;MWh;NO;NO;125.3;89.73;125.3;75.88;2;UP_AND_DOWN
2024-11-26T07:45;2024-11-26T08:00;32;EUR;MWh;NO;NO;107.97;15.08;107.97;15.08;2;UP_AND_DOWN
2024-11-26T08:00;2024-11-26T08:15;33;EUR;MWh;NO;NO;160;-166.34;160;-166.34;2;UP_AND_DOWN
2024-11-26T08:15;2024-11-26T08:30;34;EUR;MWh;NO;NO;160;-77.29;-77.29;-77.29;-1;DOWN
2024-11-26T08:30;2024-11-26T08:45;35;EUR;MWh;NO;NO;;-93.71;-93.71;-93.71;-1;DOWN
2024-11-26T08:45;2024-11-26T09:00;36;EUR;MWh;NO;NO;;-112.11;-112.11;-112.11;-1;DOWN
2024-11-26T09:00;2024-11-26T09:15;37;EUR;MWh;NO;NO;160;-127.89;160;-127.89;2;UP_AND_DOWN
2024-11-26T09:15;2024-11-26T09:30;38;EUR;MWh;NO;NO;;-34.77;-34.77;-34.77;-1;DOWN
2024-11-26T09:30;2024-11-26T09:45;39;EUR;MWh;NO;NO;;-163.39;-163.39;-163.39;-1;DOWN
2024-11-26T09:45;2024-11-26T10:00;40;EUR;MWh;NO;NO;;-85.77;-85.77;-85.77;-1;DOWN
2024-11-26T10:00;2024-11-26T10:15;41;EUR;MWh;NO;NO;;-131.97;-131.97;-131.97;-1;DOWN
2024-11-26T10:15;2024-11-26T10:30;42;EUR;MWh;NO;NO;;-130.82;-130.82;-130.82;-1;DOWN
2024-11-26T10:30;2024-11-26T10:45;43;EUR;MWh;NO;NO;100;-512.8;100;-512.8;2;UP_AND_DOWN
2024-11-26T10:45;2024-11-26T11:00;44;EUR;MWh;NO;NO;;-223.64;-223.64;-223.64;-1;DOWN
2024-11-26T11:00;2024-11-26T11:15;45;EUR;MWh;NO;NO;;-33.69;-33.69;-33.69;-1;DOWN
2024-11-26T11:15;2024-11-26T11:30;46;EUR;MWh;NO;NO;;-13.12;-13.12;-13.12;-1;DOWN
2024-11-26T11:30;2024-11-26T11:45;47;EUR;MWh;NO;NO;125.5;-320;125.5;-320;2;UP_AND_DOWN
2024-11-26T11:45;2024-11-26T12:00;48;EUR;MWh;NO;NO;116.55;-561.71;116.55;-561.71;2;UP_AND_DOWN
2024-11-26T12:00;2024-11-26T12:15;49;EUR;MWh;NO;NO;107.97;-462.11;107.97;-462.11;2;UP_AND_DOWN
2024-11-26T12:15;2024-11-26T12:30;50;EUR;MWh;NO;NO;107.97;-14.22;-14.22;-14.22;-1;DOWN
2024-11-26T12:30;2024-11-26T12:45;51;EUR;MWh;NO;NO;;16.14;16.14;16.14;-1;DOWN
2024-11-26T12:45;2024-11-26T13:00;52;EUR;MWh;NO;NO;102.91;-32;102.91;-32;2;UP_AND_DOWN
2024-11-26T13:00;2024-11-26T13:15;53;EUR;MWh;NO;NO;224.11;74.01;224.11;73.81;2;UP_AND_DOWN
2024-11-26T13:15;2024-11-26T13:30;54;EUR;MWh;NO;NO;101.41;-.81;101.41;-.81;2;UP_AND_DOWN
2024-11-26T13:30;2024-11-26T13:45;55;EUR;MWh;NO;NO;104.85;92.36;104.85;78.33;2;UP_AND_DOWN
2024-11-26T13:45;2024-11-26T14:00;56;EUR;MWh;NO;NO;130.89;92.36;130.89;130.89;1;UP
2024-11-26T14:00;2024-11-26T14:15;57;EUR;MWh;NO;NO;119.69;;119.69;119.69;1;UP
2024-11-26T14:15;2024-11-26T14:30;58;EUR;MWh;NO;NO;160;;160;160;1;UP
2024-11-26T14:30;2024-11-26T14:45;59;EUR;MWh;NO;NO;200;;200;200;1;UP
2024-11-26T14:45;2024-11-26T15:00;60;EUR;MWh;NO;NO;211;;211;211;1;UP
2024-11-26T15:00;2024-11-26T15:15;61;EUR;MWh;NO;NO;211;76.33;76.33;76.33;-1;DOWN
2024-11-26T15:15;2024-11-26T15:30;62;EUR;MWh;NO;NO;;26.14;26.14;26.14;-1;DOWN
2024-11-26T15:30;2024-11-26T15:45;63;EUR;MWh;NO;NO;;86.03;86.03;86.03;-1;DOWN
2024-11-26T15:45;2024-11-26T16:00;64;EUR;MWh;NO;NO;;48.31;48.31;48.31;-1;DOWN
2024-11-26T16:00;2024-11-26T16:15;65;EUR;MWh;NO;NO;142.33;-226.79;142.33;-226.79;2;UP_AND_DOWN
2024-11-26T16:15;2024-11-26T16:30;66;EUR;MWh;NO;NO;200;44.73;200;44.73;2;UP_AND_DOWN
2024-11-26T16:30;2024-11-26T16:45;67;EUR;MWh;NO;NO;116.2;50.34;116.2;50.34;2;UP_AND_DOWN
2024-11-26T16:45;2024-11-26T17:00;68;EUR;MWh;NO;NO;142;95.86;142;78;2;UP_AND_DOWN
2024-11-26T17:00;2024-11-26T17:15;69;EUR;MWh;NO;NO;89.03;108.65;89.03;83.84;2;UP_AND_DOWN
2024-11-26T17:15;2024-11-26T17:30;70;EUR;MWh;NO;NO;114.89;108.65;114.89;114.89;1;UP
2024-11-26T17:30;2024-11-26T17:45;71;EUR;MWh;NO;NO;114.89;;114.89;114.89;1;UP
2024-11-26T17:45;2024-11-26T18:00;72;EUR;MWh;NO;NO;136.12;;136.12;136.12;1;UP
2024-11-26T18:00;2024-11-26T18:15;73;EUR;MWh;NO;NO;160;;160;160;1;UP
2024-11-26T18:15;2024-11-26T18:30;74;EUR;MWh;NO;NO;142;;142;142;1;UP
2024-11-26T18:30;2024-11-26T18:45;75;EUR;MWh;NO;NO;114.89;;114.89;114.89;1;UP
2024-11-26T18:45;2024-11-26T19:00;76;EUR;MWh;NO;NO;141.64;;141.64;141.64;1;UP
2024-11-26T19:00;2024-11-26T19:15;77;EUR;MWh;NO;NO;173;;173;173;1;UP
2024-11-26T19:15;2024-11-26T19:30;78;EUR;MWh;NO;NO;142;;142;142;1;UP
2024-11-26T19:30;2024-11-26T19:45;79;EUR;MWh;NO;NO;112.89;108.65;112.89;83.84;2;UP_AND_DOWN
2024-11-26T19:45;2024-11-26T20:00;80;EUR;MWh;NO;NO;109.37;;109.37;109.37;1;UP
2024-11-26T20:00;2024-11-26T20:15;81;EUR;MWh;NO;NO;132.06;;132.06;132.06;1;UP
2024-11-26T20:15;2024-11-26T20:30;82;EUR;MWh;NO;NO;142;;142;142;1;UP
2024-11-26T20:30;2024-11-26T20:45;83;EUR;MWh;NO;NO;114.89;87.7;114.89;75.29;2;UP_AND_DOWN
2024-11-26T20:45;2024-11-26T21:00;84;EUR;MWh;NO;NO;159.89;97.8;159.89;73.02;2;UP_AND_DOWN
2024-11-26T21:00;2024-11-26T21:15;85;EUR;MWh;NO;NO;162.65;100.96;162.65;162.65;1;UP
2024-11-26T21:15;2024-11-26T21:30;86;EUR;MWh;NO;NO;160;;160;160;1;UP
2024-11-26T21:30;2024-11-26T21:45;87;EUR;MWh;NO;NO;170.02;;170.02;170.02;1;UP
2024-11-26T21:45;2024-11-26T22:00;88;EUR;MWh;NO;NO;142;;142;142;1;UP
2024-11-26T22:00;2024-11-26T22:15;89;EUR;MWh;NO;NO;148.71;107.15;148.71;83.84;2;UP_AND_DOWN
2024-11-26T22:15;2024-11-26T22:30;90;EUR;MWh;NO;NO;114.89;78.53;114.89;78.53;2;UP_AND_DOWN
2024-11-26T22:30;2024-11-26T22:45;91;EUR;MWh;NO;NO;;78.53;78.53;78.53;-1;DOWN
2024-11-26T22:45;2024-11-26T23:00;92;EUR;MWh;NO;NO;74.03;108.65;74.03;74.03;1;UP
2024-11-26T23:00;2024-11-26T23:15;93;EUR;MWh;NO;NO;200;;200;200;1;UP
2024-11-26T23:15;2024-11-26T23:30;94;EUR;MWh;NO;NO;160;;160;160;1;UP
2024-11-26T23:30;2024-11-26T23:45;95;EUR;MWh;NO;NO;125;92.03;125;76.83;2;UP_AND_DOWN
2024-11-26T23:45;2024-11-27T00:00;96;EUR;MWh;NO;NO;89.03;75.37;89.03;69.57;2;UP_AND_DOWN
2024-11-27T00:00;2024-11-27T00:15;1;EUR;MWh;NO;NO;110.12;;110.12;110.12;1;UP
2024-11-27T00:15;2024-11-27T00:30;2;EUR;MWh;NO;NO;130;;130;130;1;UP
2024-11-27T00:30;2024-11-27T00:45;3;EUR;MWh;NO;NO;130;53.61;53.61;53.61;-1;DOWN
2024-11-27T00:45;2024-11-27T01:00;4;EUR;MWh;NO;NO;;42.86;42.86;42.86;-1;DOWN
2024-11-27T01:00;2024-11-27T01:15;5;EUR;MWh;NO;NO;74.03;62.86;74.03;62.86;2;UP_AND_DOWN
2024-11-27T01:15;2024-11-27T01:30;6;EUR;MWh;NO;NO;74.03;;74.03;74.03;1;UP
2024-11-27T01:30;2024-11-27T01:45;7;EUR;MWh;NO;NO;129.9;;129.9;129.9;1;UP
2024-11-27T01:45;2024-11-27T02:00;8;EUR;MWh;NO;NO;129.9;;129.9;129.9;1;UP
2024-11-27T02:00;2024-11-27T02:15;9;EUR;MWh;NO;NO;139;;139;139;1;UP
2024-11-27T02:15;2024-11-27T02:30;10;EUR;MWh;NO;NO;147.86;;147.86;147.86;1;UP
2024-11-27T02:30;2024-11-27T02:45;11;EUR;MWh;NO;NO;165;;165;165;1;UP
2024-11-27T02:45;2024-11-27T03:00;12;EUR;MWh;NO;NO;155.58;;155.58;155.58;1;UP
2024-11-27T03:00;2024-11-27T03:15;13;EUR;MWh;NO;NO;129.7;79;129.7;79;2;UP_AND_DOWN
2024-11-27T03:15;2024-11-27T03:30;14;EUR;MWh;NO;NO;129.8;79;129.8;129.8;1;UP
2024-11-27T03:30;2024-11-27T03:45;15;EUR;MWh;NO;NO;118.19;;118.19;118.19;1;UP
2024-11-27T03:45;2024-11-27T04:00;16;EUR;MWh;NO;NO;113.45;;113.45;113.45;1;UP
2024-11-27T04:00;2024-11-27T04:15;17;EUR;MWh;NO;NO;123.89;65.46;123.89;65.46;2;UP_AND_DOWN
2024-11-27T04:15;2024-11-27T04:30;18;EUR;MWh;NO;NO;;76.9;76.9;76.9;-1;DOWN
2024-11-27T04:30;2024-11-27T04:45;19;EUR;MWh;NO;NO;;42.86;42.86;42.86;-1;DOWN
2024-11-27T04:45;2024-11-27T05:00;20;EUR;MWh;NO;NO;;44.86;44.86;44.86;-1;DOWN
2024-11-27T05:00;2024-11-27T05:15;21;EUR;MWh;NO;NO;139;66.37;139;66.37;2;UP_AND_DOWN
2024-11-27T05:15;2024-11-27T05:30;22;EUR;MWh;NO;NO;129.4;;129.4;129.4;1;UP
2024-11-27T05:30;2024-11-27T05:45;23;EUR;MWh;NO;NO;127.4;80;127.4;69.23;2;UP_AND_DOWN
2024-11-27T05:45;2024-11-27T06:00;24;EUR;MWh;NO;NO;;22;22;22;-1;DOWN
2024-11-27T06:00;2024-11-27T06:15;25;EUR;MWh;NO;NO;162.8;99.23;162.8;162.8;1;UP
2024-11-27T06:15;2024-11-27T06:30;26;EUR;MWh;NO;NO;174.1;99.3;174.1;74.01;2;UP_AND_DOWN
2024-11-27T06:30;2024-11-27T06:45;27;EUR;MWh;NO;NO;182.8;99.3;182.8;74.01;2;UP_AND_DOWN
2024-11-27T06:45;2024-11-27T07:00;28;EUR;MWh;NO;NO;162.7;;162.7;162.7;1;UP
2024-11-27T07:00;2024-11-27T07:15;29;EUR;MWh;NO;NO;119.2;93.54;119.2;73.31;2;UP_AND_DOWN
2024-11-27T07:15;2024-11-27T07:30;30;EUR;MWh;NO;NO;;90.89;90.89;90.89;-1;DOWN
2024-11-27T07:30;2024-11-27T07:45;31;EUR;MWh;NO;NO;115.08;99.3;115.08;73.31;2;UP_AND_DOWN
2024-11-27T07:45;2024-11-27T08:00;32;EUR;MWh;NO;NO;115.91;;115.91;115.91;1;UP
2024-11-27T08:00;2024-11-27T08:15;33;EUR;MWh;NO;NO;;91.65;91.65;91.65;-1;DOWN
2024-11-27T08:15;2024-11-27T08:30;34;EUR;MWh;NO;NO;;78.15;78.15;78.15;-1;DOWN
2024-11-27T08:30;2024-11-27T08:45;35;EUR;MWh;NO;NO;;78.15;78.15;78.15;-1;DOWN
2024-11-27T08:45;2024-11-27T09:00;36;EUR;MWh;NO;NO;;82.42;82.42;82.42;-1;DOWN
2024-11-27T09:00;2024-11-27T09:15;37;EUR;MWh;NO;NO;126.48;85.65;126.48;72.83;2;UP_AND_DOWN
2024-11-27T09:15;2024-11-27T09:30;38;EUR;MWh;NO;NO;;83.85;83.85;83.85;-1;DOWN
2024-11-27T09:30;2024-11-27T09:45;39;EUR;MWh;NO;NO;;91.65;91.65;91.65;-1;DOWN
2024-11-27T09:45;2024-11-27T10:00;40;EUR;MWh;NO;NO;;89.69;89.69;89.69;-1;DOWN
2024-11-27T10:00;2024-11-27T10:15;41;EUR;MWh;NO;NO;116.48;79.2;116.48;79.2;2;UP_AND_DOWN
2024-11-27T10:15;2024-11-27T10:30;42;EUR;MWh;NO;NO;124.07;119.1;124.07;96.57;2;UP_AND_DOWN
2024-11-27T10:30;2024-11-27T10:45;43;EUR;MWh;NO;NO;124.07;85.26;124.07;85.26;2;UP_AND_DOWN
2024-11-27T10:45;2024-11-27T11:00;44;EUR;MWh;NO;NO;;85.05;85.05;85.05;-1;DOWN
2024-11-27T11:00;2024-11-27T11:15;45;EUR;MWh;NO;NO;;79;79;79;-1;DOWN
2024-11-27T11:15;2024-11-27T11:30;46;EUR;MWh;NO;NO;;70.08;70.08;70.08;-1;DOWN
2024-11-27T11:30;2024-11-27T11:45;47;EUR;MWh;NO;NO;;45;45;45;-1;DOWN
2024-11-27T11:45;2024-11-27T12:00;48;EUR;MWh;NO;NO;;45;45;45;-1;DOWN
2024-11-27T12:00;2024-11-27T12:15;49;EUR;MWh;NO;NO;117.2;40.08;117.2;40.08;2;UP_AND_DOWN
2024-11-27T12:15;2024-11-27T12:30;50;EUR;MWh;NO;NO;;85.08;85.08;85.08;-1;DOWN
2024-11-27T12:30;2024-11-27T12:45;51;EUR;MWh;NO;NO;;84.92;84.92;84.92;-1;DOWN
2024-11-27T12:45;2024-11-27T13:00;52;EUR;MWh;NO;NO;;47;47;47;-1;DOWN
2024-11-27T13:00;2024-11-27T13:15;53;EUR;MWh;NO;NO;;51.03;51.03;51.03;-1;DOWN
2024-11-27T13:15;2024-11-27T13:30;54;EUR;MWh;NO;NO;130.77;96.2;130.77;87.25;2;UP_AND_DOWN
2024-11-27T13:30;2024-11-27T13:45;55;EUR;MWh;NO;NO;101.73;95.43;101.73;86.53;2;UP_AND_DOWN
2024-11-27T13:45;2024-11-27T14:00;56;EUR;MWh;NO;NO;106.2;96.3;106.2;86.53;2;UP_AND_DOWN
2024-11-27T14:00;2024-11-27T14:15;57;EUR;MWh;NO;NO;;84.13;84.13;84.13;-1;DOWN
2024-11-27T14:15;2024-11-27T14:30;58;EUR;MWh;NO;NO;;92.96;92.96;92.96;-1;DOWN
2024-11-27T14:30;2024-11-27T14:45;59;EUR;MWh;NO;NO;140.9;96.4;140.9;72.83;2;UP_AND_DOWN
2024-11-27T14:45;2024-11-27T15:00;60;EUR;MWh;NO;NO;142.32;;142.32;142.32;1;UP
2024-11-27T15:00;2024-11-27T15:15;61;EUR;MWh;NO;NO;178.3;-21.58;178.3;-21.58;2;UP_AND_DOWN
2024-11-27T15:15;2024-11-27T15:30;62;EUR;MWh;NO;NO;;91.65;91.65;91.65;-1;DOWN
2024-11-27T15:30;2024-11-27T15:45;63;EUR;MWh;NO;NO;;95.6;95.6;95.6;-1;DOWN
2024-11-27T15:45;2024-11-27T16:00;64;EUR;MWh;NO;NO;119.2;90;119.2;72.75;2;UP_AND_DOWN
2024-11-27T16:00;2024-11-27T16:15;65;EUR;MWh;NO;NO;;-69.97;-69.97;-69.97;-1;DOWN
2024-11-27T16:15;2024-11-27T16:30;66;EUR;MWh;NO;NO;;-40.88;-40.88;-40.88;-1;DOWN
2024-11-27T16:30;2024-11-27T16:45;67;EUR;MWh;NO;NO;200;-69.97;200;-69.97;2;UP_AND_DOWN
2024-11-27T16:45;2024-11-27T17:00;68;EUR;MWh;NO;NO;215.03;-45;215.03;-45;2;UP_AND_DOWN
2024-11-27T17:00;2024-11-27T17:15;69;EUR;MWh;NO;NO;126.2;-17.19;126.2;-17.19;2;UP_AND_DOWN
2024-11-27T17:15;2024-11-27T17:30;70;EUR;MWh;NO;NO;155.03;-17.19;155.03;155.03;1;UP
2024-11-27T17:30;2024-11-27T17:45;71;EUR;MWh;NO;NO;126.4;;126.4;126.4;1;UP
2024-11-27T17:45;2024-11-27T18:00;72;EUR;MWh;NO;NO;126.4;;126.4;126.4;1;UP
2024-11-27T18:00;2024-11-27T18:15;73;EUR;MWh;NO;NO;126.3;;126.3;126.3;1;UP
2024-11-27T18:15;2024-11-27T18:30;74;EUR;MWh;NO;NO;126.3;70.08;70.08;70.08;-1;DOWN
2024-11-27T18:30;2024-11-27T18:45;75;EUR;MWh;NO;NO;111.01;80.44;111.01;111.01;1;UP
2024-11-27T18:45;2024-11-27T19:00;76;EUR;MWh;NO;NO;125.03;;125.03;125.03;1;UP
2024-11-27T19:00;2024-11-27T19:15;77;EUR;MWh;NO;NO;147.87;;147.87;147.87;1;UP
2024-11-27T19:15;2024-11-27T19:30;78;EUR;MWh;NO;NO;178.33;;178.33;178.33;1;UP
2024-11-27T19:30;2024-11-27T19:45;79;EUR;MWh;NO;NO;155.47;;155.47;155.47;1;UP
2024-11-27T19:45;2024-11-27T20:00;80;EUR;MWh;NO;NO;147;;147;147;1;UP
2024-11-27T20:00;2024-11-27T20:15;81;EUR;MWh;NO;NO;147;-19.9;147;-19.9;2;UP_AND_DOWN
2024-11-27T20:15;2024-11-27T20:30;82;EUR;MWh;NO;NO;1400;-19.9;1400;1400;1;UP
2024-11-27T20:30;2024-11-27T20:45;83;EUR;MWh;NO;NO;147;;147;147;1;UP
2024-11-27T20:45;2024-11-27T21:00;84;EUR;MWh;NO;NO;113.2;55.08;113.2;55.08;2;UP_AND_DOWN
2024-11-27T21:00;2024-11-27T21:15;85;EUR;MWh;NO;NO;139;-39.23;139;-39.23;2;UP_AND_DOWN
2024-11-27T21:15;2024-11-27T21:30;86;EUR;MWh;NO;NO;110.12;-59.23;110.12;-59.23;2;UP_AND_DOWN
2024-11-27T21:30;2024-11-27T21:45;87;EUR;MWh;NO;NO;;-160.45;-160.45;-160.45;-1;DOWN
2024-11-27T21:45;2024-11-27T22:00;88;EUR;MWh;NO;NO;225.03;-237.89;225.03;-237.89;2;UP_AND_DOWN
2024-11-27T22:00;2024-11-27T22:15;89;EUR;MWh;NO;NO;1859.03;-160.59;1859.03;-160.59;2;UP_AND_DOWN
2024-11-27T22:15;2024-11-27T22:30;90;EUR;MWh;NO;NO;126.4;-160.42;126.4;-160.42;2;UP_AND_DOWN
2024-11-27T22:30;2024-11-27T22:45;91;EUR;MWh;NO;NO;126.4;-237.89;126.4;-237.89;2;UP_AND_DOWN
2024-11-27T22:45;2024-11-27T23:00;92;EUR;MWh;NO;NO;;-9.12;-9.12;-9.12;-1;DOWN
2024-11-27T23:00;2024-11-27T23:15;93;EUR;MWh;NO;NO;119.2;40.08;119.2;40.08;2;UP_AND_DOWN
2024-11-27T23:15;2024-11-27T23:30;94;EUR;MWh;NO;NO;74.03;-39.23;82.81;-39.23;2;UP_AND_DOWN
2024-11-27T23:30;2024-11-27T23:45;95;EUR;MWh;NO;NO;;-30;-30;-30;-1;DOWN
2024-11-27T23:45;2024-11-28T00:00;96;EUR;MWh;NO;NO;111.64;-45.55;111.64;-45.55;2;UP_AND_DOWN
2024-11-28T00:00;2024-11-28T00:15;1;EUR;MWh;NO;NO;113.2;26;113.2;26;2;UP_AND_DOWN
2024-11-28T00:15;2024-11-28T00:30;2;EUR;MWh;NO;NO;112.36;26;112.36;112.36;1;UP
2024-11-28T00:30;2024-11-28T00:45;3;EUR;MWh;NO;NO;126.4;85.08;126.4;73.6;2;UP_AND_DOWN
2024-11-28T00:45;2024-11-28T01:00;4;EUR;MWh;NO;NO;117.56;55.08;117.56;55.08;2;UP_AND_DOWN
2024-11-28T01:00;2024-11-28T01:15;5;EUR;MWh;NO;NO;126.8;40.08;126.8;40.08;2;UP_AND_DOWN
2024-11-28T01:15;2024-11-28T01:30;6;EUR;MWh;NO;NO;115.6;;115.6;115.6;1;UP
2024-11-28T01:30;2024-11-28T01:45;7;EUR;MWh;NO;NO;115.6;;74.2;74.2;0;STABLE
2024-11-28T01:45;2024-11-28T02:00;8;EUR;MWh;NO;NO;;40.08;40.08;40.08;-1;DOWN
2024-11-28T02:00;2024-11-28T02:15;9;EUR;MWh;NO;NO;74.03;85.08;79.83;79.83;2;UP_AND_DOWN
2024-11-28T02:15;2024-11-28T02:30;10;EUR;MWh;NO;NO;74.03;;0;0;-1;DOWN
2024-11-28T02:30;2024-11-28T02:45;11;EUR;MWh;NO;NO;80.53;55.29;80.53;55.29;2;UP_AND_DOWN
2024-11-28T02:45;2024-11-28T03:00;12;EUR;MWh;NO;NO;74.03;;0;0;-1;DOWN
2024-11-28T03:00;2024-11-28T03:15;13;EUR;MWh;NO;NO;92.86;;92.86;0;2;UP_AND_DOWN
2024-11-28T03:15;2024-11-28T03:30;14;EUR;MWh;NO;NO;92.86;;0;0;-1;DOWN
2024-11-28T03:30;2024-11-28T03:45;15;EUR;MWh;NO;NO;;;0;0;-1;DOWN
2024-11-28T03:45;2024-11-28T04:00;16;EUR;MWh;NO;NO;;-10;-10;-10;-1;DOWN
2024-11-28T04:00;2024-11-28T04:15;17;EUR;MWh;NO;NO;;-23.64;-23.64;-23.64;-1;DOWN
2024-11-28T04:15;2024-11-28T04:30;18;EUR;MWh;NO;NO;;;0;0;-1;DOWN
2024-11-28T04:30;2024-11-28T04:45;19;EUR;MWh;NO;NO;;;0;0;-1;DOWN
2024-11-28T04:45;2024-11-28T05:00;20;EUR;MWh;NO;NO;110.37;-26.26;110.37;-26.26;2;UP_AND_DOWN
2024-11-28T05:00;2024-11-28T05:15;21;EUR;MWh;NO;NO;128.2;-26.26;128.2;128.2;1;UP
2024-11-28T05:15;2024-11-28T05:30;22;EUR;MWh;NO;NO;127.9;;127.9;127.9;1;UP
2024-11-28T05:30;2024-11-28T05:45;23;EUR;MWh;NO;NO;127.9;;127.9;127.9;1;UP
2024-11-28T05:45;2024-11-28T06:00;24;EUR;MWh;NO;NO;128;-7.41;128;-7.41;2;UP_AND_DOWN
2024-11-28T06:00;2024-11-28T06:15;25;EUR;MWh;NO;NO;160.2;-105;160.2;-105;2;UP_AND_DOWN
2024-11-28T06:15;2024-11-28T06:30;26;EUR;MWh;NO;NO;128;-100;128;-100;2;UP_AND_DOWN
2024-11-28T06:30;2024-11-28T06:45;27;EUR;MWh;NO;NO;128;11;128;11;2;UP_AND_DOWN
2024-11-28T06:45;2024-11-28T07:00;28;EUR;MWh;NO;NO;128;79.25;128;79.25;2;UP_AND_DOWN
2024-11-28T07:00;2024-11-28T07:15;29;EUR;MWh;NO;NO;128;81.41;128;75.78;2;UP_AND_DOWN
2024-11-28T07:15;2024-11-28T07:30;30;EUR;MWh;NO;NO;181.59;-77.29;181.59;-77.29;2;UP_AND_DOWN
2024-11-28T07:30;2024-11-28T07:45;31;EUR;MWh;NO;NO;1859.03;-293.6;1859.03;-293.6;2;UP_AND_DOWN
2024-11-28T07:45;2024-11-28T08:00;32;EUR;MWh;NO;NO;150.01;78.74;150.01;73.2;2;UP_AND_DOWN
2024-11-28T08:00;2024-11-28T08:15;33;EUR;MWh;NO;NO;128;81.41;128;75.88;2;UP_AND_DOWN
2024-11-28T08:15;2024-11-28T08:30;34;EUR;MWh;NO;NO;;94.77;94.77;94.77;-1;DOWN
2024-11-28T08:30;2024-11-28T08:45;35;EUR;MWh;NO;NO;128;99.41;128;75.84;2;UP_AND_DOWN
2024-11-28T08:45;2024-11-28T09:00;36;EUR;MWh;NO;NO;128.1;94.51;128.1;75.87;2;UP_AND_DOWN
2024-11-28T09:00;2024-11-28T09:15;37;EUR;MWh;NO;NO;108.74;70.08;108.74;70.08;2;UP_AND_DOWN
2024-11-28T09:15;2024-11-28T09:30;38;EUR;MWh;NO;NO;116.59;61.41;116.59;61.41;2;UP_AND_DOWN
2024-11-28T09:30;2024-11-28T09:45;39;EUR;MWh;NO;NO;;40.08;40.08;40.08;-1;DOWN
2024-11-28T09:45;2024-11-28T10:00;40;EUR;MWh;NO;NO;;;0;0;-1;DOWN
2024-11-28T10:00;2024-11-28T10:15;41;EUR;MWh;NO;NO;199.01;-6.69;199.01;-6.69;2;UP_AND_DOWN
2024-11-28T10:15;2024-11-28T10:30;42;EUR;MWh;NO;NO;199.01;11;11;11;-1;DOWN
2024-11-28T10:30;2024-11-28T10:45;43;EUR;MWh;NO;NO;;-18.4;-18.4;-18.4;-1;DOWN
2024-11-28T10:45;2024-11-28T11:00;44;EUR;MWh;NO;NO;;-58.08;-58.08;-58.08;-1;DOWN
2024-11-28T11:00;2024-11-28T11:15;45;EUR;MWh;NO;NO;101.15;-70;101.15;-70;2;UP_AND_DOWN
2024-11-28T11:15;2024-11-28T11:30;46;EUR;MWh;NO;NO;99.65;-82.62;99.65;-82.62;2;UP_AND_DOWN
2024-11-28T11:30;2024-11-28T11:45;47;EUR;MWh;NO;NO;;-35;-35;-35;-1;DOWN
2024-11-28T11:45;2024-11-28T12:00;48;EUR;MWh;NO;NO;;-60;-60;-60;-1;DOWN
2024-11-28T12:00;2024-11-28T12:15;49;EUR;MWh;NO;NO;137.72;-90;137.72;-90;2;UP_AND_DOWN
2024-11-28T12:15;2024-11-28T12:30;50;EUR;MWh;NO;NO;116.13;-57.62;116.13;-57.62;2;UP_AND_DOWN
2024-11-28T12:30;2024-11-28T12:45;51;EUR;MWh;NO;NO;115;-35;115;-35;2;UP_AND_DOWN
2024-11-28T12:45;2024-11-28T13:00;52;EUR;MWh;NO;NO;126;;126;126;1;UP
2024-11-28T13:00;2024-11-28T13:15;53;EUR;MWh;NO;NO;110.69;85.08;85.08;85.08;-1;DOWN
2024-11-28T13:15;2024-11-28T13:30;54;EUR;MWh;NO;NO;;85.08;85.08;85.08;-1;DOWN
2024-11-28T13:30;2024-11-28T13:45;55;EUR;MWh;NO;NO;99.73;;99.73;99.73;1;UP
2024-11-28T13:45;2024-11-28T14:00;56;EUR;MWh;NO;NO;115;;115;115;1;UP
2024-11-28T14:00;2024-11-28T14:15;57;EUR;MWh;NO;NO;99;90.69;99;72.75;2;UP_AND_DOWN
2024-11-28T14:15;2024-11-28T14:30;58;EUR;MWh;NO;NO;;78.74;78.74;78.74;-1;DOWN
2024-11-28T14:30;2024-11-28T14:45;59;EUR;MWh;NO;NO;;78.74;78.74;78.74;-1;DOWN
2024-11-28T14:45;2024-11-28T15:00;60;EUR;MWh;NO;NO;125;89.58;125;75.77;2;UP_AND_DOWN
2024-11-28T15:00;2024-11-28T15:15;61;EUR;MWh;NO;NO;125;1.69;1.69;1.69;-1;DOWN
2024-11-28T15:15;2024-11-28T15:30;62;EUR;MWh;NO;NO;;64.69;64.69;64.69;-1;DOWN
2024-11-28T15:30;2024-11-28T15:45;63;EUR;MWh;NO;NO;;70.08;70.08;70.08;-1;DOWN
2024-11-28T15:45;2024-11-28T16:00;64;EUR;MWh;NO;NO;114.55;90.69;90.69;90.69;-1;DOWN
2024-11-28T16:00;2024-11-28T16:15;65;EUR;MWh;NO;NO;153.93;90.69;153.93;153.93;1;UP
2024-11-28T16:15;2024-11-28T16:30;66;EUR;MWh;NO;NO;186.8;;186.8;186.8;1;UP
2024-11-28T16:30;2024-11-28T16:45;67;EUR;MWh;NO;NO;181.28;;181.28;181.28;1;UP
2024-11-28T16:45;2024-11-28T17:00;68;EUR;MWh;NO;NO;160;;160;160;1;UP
2024-11-28T17:00;2024-11-28T17:15;69;EUR;MWh;NO;NO;160;;160;160;1;UP
2024-11-28T17:15;2024-11-28T17:30;70;EUR;MWh;NO;NO;160;;160;160;1;UP
2024-11-28T17:30;2024-11-28T17:45;71;EUR;MWh;NO;NO;160;;160;160;1;UP
2024-11-28T17:45;2024-11-28T18:00;72;EUR;MWh;NO;NO;136;;136;136;1;UP
2024-11-28T18:00;2024-11-28T18:15;73;EUR;MWh;NO;NO;126;89.74;89.74;89.74;-1;DOWN
2024-11-28T18:15;2024-11-28T18:30;74;EUR;MWh;NO;NO;;84.27;84.27;84.27;-1;DOWN
2024-11-28T18:30;2024-11-28T18:45;75;EUR;MWh;NO;NO;137.72;;137.72;137.72;1;UP
2024-11-28T18:45;2024-11-28T19:00;76;EUR;MWh;NO;NO;143.24;;143.24;143.24;1;UP
2024-11-28T19:00;2024-11-28T19:15;77;EUR;MWh;NO;NO;126;106.57;126;75.79;2;UP_AND_DOWN
2024-11-28T19:15;2024-11-28T19:30;78;EUR;MWh;NO;NO;126;103.67;126;75.79;2;UP_AND_DOWN
2024-11-28T19:30;2024-11-28T19:45;79;EUR;MWh;NO;NO;126;;126;126;1;UP
2024-11-28T19:45;2024-11-28T20:00;80;EUR;MWh;NO;NO;126.1;106.55;126.1;75.78;2;UP_AND_DOWN
2024-11-28T20:00;2024-11-28T20:15;81;EUR;MWh;NO;NO;157.72;106.56;157.72;75.78;2;UP_AND_DOWN
2024-11-28T20:15;2024-11-28T20:30;82;EUR;MWh;NO;NO;126;;126;126;1;UP
2024-11-28T20:30;2024-11-28T20:45;83;EUR;MWh;NO;NO;126.1;;126.1;126.1;1;UP
2024-11-28T20:45;2024-11-28T21:00;84;EUR;MWh;NO;NO;126.1;;126.1;126.1;1;UP
2024-11-28T21:00;2024-11-28T21:15;85;EUR;MWh;NO;NO;126.1;;126.1;126.1;1;UP
2024-11-28T21:15;2024-11-28T21:30;86;EUR;MWh;NO;NO;134.3;;134.3;134.3;1;UP
2024-11-28T21:30;2024-11-28T21:45;87;EUR;MWh;NO;NO;148.12;;148.12;148.12;1;UP
2024-11-28T21:45;2024-11-28T22:00;88;EUR;MWh;NO;NO;61;;61;61;1;UP
2024-11-28T22:00;2024-11-28T22:15;89;EUR;MWh;NO;NO;126.1;;126.1;126.1;1;UP
2024-11-28T22:15;2024-11-28T22:30;90;EUR;MWh;NO;NO;147.8;;147.8;147.8;1;UP
2024-11-28T22:30;2024-11-28T22:45;91;EUR;MWh;NO;NO;129.85;;129.85;129.85;1;UP
2024-11-28T22:45;2024-11-28T23:00;92;EUR;MWh;NO;NO;126.1;103.3;126.1;75.77;2;UP_AND_DOWN
2024-11-28T23:00;2024-11-28T23:15;93;EUR;MWh;NO;NO;160.1;100.49;160.1;75.77;2;UP_AND_DOWN
2024-11-28T23:15;2024-11-28T23:30;94;EUR;MWh;NO;NO;131.65;;131.65;131.65;1;UP
2024-11-28T23:30;2024-11-28T23:45;95;EUR;MWh;NO;NO;131.69;;131.69;131.69;1;UP
2024-11-28T23:45;2024-11-29T00:00;96;EUR;MWh;NO;NO;124;;124;124;1;UP
2024-11-29T00:00;2024-11-29T00:15;1;EUR;MWh;NO;NO;157.4;;157.4;157.4;1;UP
2024-11-29T00:15;2024-11-29T00:30;2;EUR;MWh;NO;NO;135.08;;135.08;135.08;1;UP
2024-11-29T00:30;2024-11-29T00:45;3;EUR;MWh;NO;NO;109.6;;109.6;109.6;1;UP
2024-11-29T00:45;2024-11-29T01:00;4;EUR;MWh;NO;NO;106.36;;106.36;106.36;1;UP
2024-11-29T01:00;2024-11-29T01:15;5;EUR;MWh;NO;NO;157.5;;157.5;157.5;1;UP
2024-11-29T01:15;2024-11-29T01:30;6;EUR;MWh;NO;NO;157.5;;157.5;157.5;1;UP
2024-11-29T01:30;2024-11-29T01:45;7;EUR;MWh;NO;NO;114.74;;114.74;114.74;1;UP
2024-11-29T01:45;2024-11-29T02:00;8;EUR;MWh;NO;NO;109.54;;109.54;109.54;1;UP
2024-11-29T02:00;2024-11-29T02:15;9;EUR;MWh;NO;NO;122.1;85.42;122.1;85.42;2;UP_AND_DOWN
2024-11-29T02:15;2024-11-29T02:30;10;EUR;MWh;NO;NO;122.1;;122.1;122.1;1;UP
2024-11-29T02:30;2024-11-29T02:45;11;EUR;MWh;NO;NO;122;;122;122;1;UP
2024-11-29T02:45;2024-11-29T03:00;12;EUR;MWh;NO;NO;122;95.62;122;122;1;UP
2024-11-29T03:00;2024-11-29T03:15;13;EUR;MWh;NO;NO;;81.05;81.05;81.05;-1;DOWN
2024-11-29T03:15;2024-11-29T03:30;14;EUR;MWh;NO;NO;;96.98;96.98;96.98;-1;DOWN
2024-11-29T03:30;2024-11-29T03:45;15;EUR;MWh;NO;NO;;95.62;95.62;95.62;-1;DOWN
2024-11-29T03:45;2024-11-29T04:00;16;EUR;MWh;NO;NO;;74.98;74.98;74.98;-1;DOWN
2024-11-29T04:00;2024-11-29T04:15;17;EUR;MWh;NO;NO;;87.98;87.98;87.98;-1;DOWN
2024-11-29T04:15;2024-11-29T04:30;18;EUR;MWh;NO;NO;;91.22;91.22;91.22;-1;DOWN
2024-11-29T04:30;2024-11-29T04:45;19;EUR;MWh;NO;NO;;96.98;96.98;96.98;-1;DOWN
2024-11-29T04:45;2024-11-29T05:00;20;EUR;MWh;NO;NO;;80;80;80;-1;DOWN
2024-11-29T05:00;2024-11-29T05:15;21;EUR;MWh;NO;NO;;80;80;80;-1;DOWN
2024-11-29T05:15;2024-11-29T05:30;22;EUR;MWh;NO;NO;;85.08;85.08;85.08;-1;DOWN
2024-11-29T05:30;2024-11-29T05:45;23;EUR;MWh;NO;NO;116.58;80;116.58;80;2;UP_AND_DOWN
2024-11-29T05:45;2024-11-29T06:00;24;EUR;MWh;NO;NO;119.8;80;119.8;80;2;UP_AND_DOWN
2024-11-29T06:00;2024-11-29T06:15;25;EUR;MWh;NO;NO;121.7;60.62;121.7;60.62;2;UP_AND_DOWN
2024-11-29T06:15;2024-11-29T06:30;26;EUR;MWh;NO;NO;121.6;60.62;121.6;121.6;1;UP
2024-11-29T06:30;2024-11-29T06:45;27;EUR;MWh;NO;NO;101.67;;101.67;101.67;1;UP
2024-11-29T06:45;2024-11-29T07:00;28;EUR;MWh;NO;NO;108.67;;108.67;108.67;1;UP
2024-11-29T07:00;2024-11-29T07:15;29;EUR;MWh;NO;NO;108.67;80;80;80;-1;DOWN
2024-11-29T07:15;2024-11-29T07:30;30;EUR;MWh;NO;NO;121.5;80;121.5;121.5;1;UP
2024-11-29T07:30;2024-11-29T07:45;31;EUR;MWh;NO;NO;157.8;;157.8;157.8;1;UP
2024-11-29T07:45;2024-11-29T08:00;32;EUR;MWh;NO;NO;157.8;;157.8;157.8;1;UP
2024-11-29T08:00;2024-11-29T08:15;33;EUR;MWh;NO;NO;123.56;98.62;123.56;71.81;2;UP_AND_DOWN
2024-11-29T08:15;2024-11-29T08:30;34;EUR;MWh;NO;NO;121.6;;121.6;121.6;1;UP
2024-11-29T08:30;2024-11-29T08:45;35;EUR;MWh;NO;NO;121.6;;121.6;121.6;1;UP
2024-11-29T08:45;2024-11-29T09:00;36;EUR;MWh;NO;NO;121.6;89.99;89.99;89.99;-1;DOWN
2024-11-29T09:00;2024-11-29T09:15;37;EUR;MWh;NO;NO;155.8;81.98;155.8;81.98;2;UP_AND_DOWN
2024-11-29T09:15;2024-11-29T09:30;38;EUR;MWh;NO;NO;121.9;58.98;121.9;58.98;2;UP_AND_DOWN
2024-11-29T09:30;2024-11-29T09:45;39;EUR;MWh;NO;NO;;50;50;50;-1;DOWN
2024-11-29T09:45;2024-11-29T10:00;40;EUR;MWh;NO;NO;;38.98;38.98;38.98;-1;DOWN
2024-11-29T10:00;2024-11-29T10:15;41;EUR;MWh;NO;NO;;56.42;56.42;56.42;-1;DOWN
2024-11-29T10:15;2024-11-29T10:30;42;EUR;MWh;NO;NO;;40.08;40.08;40.08;-1;DOWN
2024-11-29T10:30;2024-11-29T10:45;43;EUR;MWh;NO;NO;;30;30;30;-1;DOWN
2024-11-29T10:45;2024-11-29T11:00;44;EUR;MWh;NO;NO;;38.98;38.98;38.98;-1;DOWN
2024-11-29T11:00;2024-11-29T11:15;45;EUR;MWh;NO;NO;;66.98;66.98;66.98;-1;DOWN
2024-11-29T11:15;2024-11-29T11:30;46;EUR;MWh;NO;NO;;90;90;90;-1;DOWN
2024-11-29T11:30;2024-11-29T11:45;47;EUR;MWh;NO;NO;;91.66;91.66;91.66;-1;DOWN
2024-11-29T11:45;2024-11-29T12:00;48;EUR;MWh;NO;NO;;75.5;75.5;75.5;-1;DOWN
2024-11-29T12:00;2024-11-29T12:15;49;EUR;MWh;NO;NO;140;85.08;140;71.81;2;UP_AND_DOWN
2024-11-29T12:15;2024-11-29T12:30;50;EUR;MWh;NO;NO;74.03;85.08;74.03;71.81;2;UP_AND_DOWN
2024-11-29T12:30;2024-11-29T12:45;51;EUR;MWh;NO;NO;;82.98;82.98;82.98;-1;DOWN
2024-11-29T12:45;2024-11-29T13:00;52;EUR;MWh;NO;NO;;72.16;72.16;72.16;-1;DOWN
2024-11-29T13:00;2024-11-29T13:15;53;EUR;MWh;NO;NO;;68.98;68.98;68.98;-1;DOWN
2024-11-29T13:15;2024-11-29T13:30;54;EUR;MWh;NO;NO;;85.08;85.08;85.08;-1;DOWN
2024-11-29T13:30;2024-11-29T13:45;55;EUR;MWh;NO;NO;;81.29;81.29;81.29;-1;DOWN
2024-11-29T13:45;2024-11-29T14:00;56;EUR;MWh;NO;NO;;81.29;81.29;81.29;-1;DOWN
2024-11-29T14:00;2024-11-29T14:15;57;EUR;MWh;NO;NO;;-113.59;-113.59;-113.59;-1;DOWN
2024-11-29T14:15;2024-11-29T14:30;58;EUR;MWh;NO;NO;105;63.67;105;63.67;2;UP_AND_DOWN
2024-11-29T14:30;2024-11-29T14:45;59;EUR;MWh;NO;NO;;83.98;83.98;83.98;-1;DOWN
2024-11-29T14:45;2024-11-29T15:00;60;EUR;MWh;NO;NO;;91.02;91.02;91.02;-1;DOWN
2024-11-29T15:00;2024-11-29T15:15;61;EUR;MWh;NO;NO;;42.98;42.98;42.98;-1;DOWN
2024-11-29T15:15;2024-11-29T15:30;62;EUR;MWh;NO;NO;140;96.97;140;72.49;2;UP_AND_DOWN
2024-11-29T15:30;2024-11-29T15:45;63;EUR;MWh;NO;NO;140;;140;140;1;UP
2024-11-29T15:45;2024-11-29T16:00;64;EUR;MWh;NO;NO;154.8;;154.8;154.8;1;UP
2024-11-29T16:00;2024-11-29T16:15;65;EUR;MWh;NO;NO;154.8;85.08;154.8;85.08;2;UP_AND_DOWN
2024-11-29T16:15;2024-11-29T16:30;66;EUR;MWh;NO;NO;;90.98;90.98;90.98;-1;DOWN
2024-11-29T16:30;2024-11-29T16:45;67;EUR;MWh;NO;NO;;85.67;85.67;85.67;-1;DOWN
2024-11-29T16:45;2024-11-29T17:00;68;EUR;MWh;NO;NO;;72.47;72.47;72.47;-1;DOWN
2024-11-29T17:00;2024-11-29T17:15;69;EUR;MWh;NO;NO;;-55.7;-55.7;-55.7;-1;DOWN
2024-11-29T17:15;2024-11-29T17:30;70;EUR;MWh;NO;NO;;-35.29;-35.29;-35.29;-1;DOWN
2024-11-29T17:30;2024-11-29T17:45;71;EUR;MWh;NO;NO;;40.98;40.98;40.98;-1;DOWN
2024-11-29T17:45;2024-11-29T18:00;72;EUR;MWh;NO;NO;;36.98;36.98;36.98;-1;DOWN
2024-11-29T18:00;2024-11-29T18:15;73;EUR;MWh;NO;NO;;41.97;41.97;41.97;-1;DOWN
2024-11-29T18:15;2024-11-29T18:30;74;EUR;MWh;NO;NO;;41.97;41.97;41.97;-1;DOWN
2024-11-29T18:30;2024-11-29T18:45;75;EUR;MWh;NO;NO;;36.98;36.98;36.98;-1;DOWN
2024-11-29T18:45;2024-11-29T19:00;76;EUR;MWh;NO;NO;;34.98;34.98;34.98;-1;DOWN
2024-11-29T19:00;2024-11-29T19:15;77;EUR;MWh;NO;NO;;66.98;66.98;66.98;-1;DOWN
2024-11-29T19:15;2024-11-29T19:30;78;EUR;MWh;NO;NO;;66.98;66.98;66.98;-1;DOWN
2024-11-29T19:30;2024-11-29T19:45;79;EUR;MWh;NO;NO;;82.12;82.12;82.12;-1;DOWN
2024-11-29T19:45;2024-11-29T20:00;80;EUR;MWh;NO;NO;;81.84;81.84;81.84;-1;DOWN
2024-11-29T20:00;2024-11-29T20:15;81;EUR;MWh;NO;NO;;80;80;80;-1;DOWN
2024-11-29T20:15;2024-11-29T20:30;82;EUR;MWh;NO;NO;62;94.5;80.99;80.99;2;UP_AND_DOWN
2024-11-29T20:30;2024-11-29T20:45;83;EUR;MWh;NO;NO;;85.7;85.7;85.7;-1;DOWN
2024-11-29T20:45;2024-11-29T21:00;84;EUR;MWh;NO;NO;108.67;85.08;108.67;80.99;2;UP_AND_DOWN
2024-11-29T21:00;2024-11-29T21:15;85;EUR;MWh;NO;NO;102.11;78.67;102.11;78.67;2;UP_AND_DOWN
2024-11-29T21:15;2024-11-29T21:30;86;EUR;MWh;NO;NO;;72.67;72.67;72.67;-1;DOWN
2024-11-29T21:30;2024-11-29T21:45;87;EUR;MWh;NO;NO;;70.08;70.08;70.08;-1;DOWN
2024-11-29T21:45;2024-11-29T22:00;88;EUR;MWh;NO;NO;;74.37;74.37;74.37;-1;DOWN
2024-11-29T22:00;2024-11-29T22:15;89;EUR;MWh;NO;NO;;70.08;70.08;70.08;-1;DOWN
2024-11-29T22:15;2024-11-29T22:30;90;EUR;MWh;NO;NO;104.17;80;104.17;80;2;UP_AND_DOWN
2024-11-29T22:30;2024-11-29T22:45;91;EUR;MWh;NO;NO;74.03;103.46;82.73;82.73;2;UP_AND_DOWN
2024-11-29T22:45;2024-11-29T23:00;92;EUR;MWh;NO;NO;;80;80;80;-1;DOWN
2024-11-29T23:00;2024-11-29T23:15;93;EUR;MWh;NO;NO;62;65.3;70.99;65.3;2;UP_AND_DOWN
2024-11-29T23:15;2024-11-29T23:30;94;EUR;MWh;NO;NO;62;85.08;85.08;85.08;-1;DOWN
2024-11-29T23:30;2024-11-29T23:45;95;EUR;MWh;NO;NO;;85.08;85.08;85.08;-1;DOWN
2024-11-29T23:45;2024-11-30T00:00;96;EUR;MWh;NO;NO;;-72.98;-72.98;-72.98;-1;DOWN
2024-11-30T00:00;2024-11-30T00:15;1;EUR;MWh;NO;NO;140;-65.22;140;-65.22;2;UP_AND_DOWN
2024-11-30T00:15;2024-11-30T00:30;2;EUR;MWh;NO;NO;121.7;40.08;121.7;40.08;2;UP_AND_DOWN
2024-11-30T00:30;2024-11-30T00:45;3;EUR;MWh;NO;NO;;29.98;29.98;29.98;-1;DOWN
2024-11-30T00:45;2024-11-30T01:00;4;EUR;MWh;NO;NO;;38.97;38.97;38.97;-1;DOWN
2024-11-30T01:00;2024-11-30T01:15;5;EUR;MWh;NO;NO;126.73;100;126.73;72.5;2;UP_AND_DOWN
2024-11-30T01:15;2024-11-30T01:30;6;EUR;MWh;NO;NO;116.22;;116.22;116.22;1;UP
2024-11-30T01:30;2024-11-30T01:45;7;EUR;MWh;NO;NO;103.98;;103.98;103.98;1;UP
2024-11-30T01:45;2024-11-30T02:00;8;EUR;MWh;NO;NO;74.03;;74.03;74.03;1;UP
2024-11-30T02:00;2024-11-30T02:15;9;EUR;MWh;NO;NO;101.97;72.97;101.97;72.97;2;UP_AND_DOWN
2024-11-30T02:15;2024-11-30T02:30;10;EUR;MWh;NO;NO;112.67;70;112.67;70;2;UP_AND_DOWN
2024-11-30T02:30;2024-11-30T02:45;11;EUR;MWh;NO;NO;;25.08;25.08;25.08;-1;DOWN
2024-11-30T02:45;2024-11-30T03:00;12;EUR;MWh;NO;NO;;37.98;37.98;37.98;-1;DOWN
2024-11-30T03:00;2024-11-30T03:15;13;EUR;MWh;NO;NO;;55.08;55.08;55.08;-1;DOWN
2024-11-30T03:15;2024-11-30T03:30;14;EUR;MWh;NO;NO;;85.08;85.08;85.08;-1;DOWN
2024-11-30T03:30;2024-11-30T03:45;15;EUR;MWh;NO;NO;;63.97;63.97;63.97;-1;DOWN
2024-11-30T03:45;2024-11-30T04:00;16;EUR;MWh;NO;NO;112.62;52.98;112.62;52.98;2;UP_AND_DOWN
2024-11-30T04:00;2024-11-30T04:15;17;EUR;MWh;NO;NO;121.98;;121.98;121.98;1;UP
2024-11-30T04:15;2024-11-30T04:30;18;EUR;MWh;NO;NO;111.98;100;111.98;87.02;2;UP_AND_DOWN
2024-11-30T04:30;2024-11-30T04:45;19;EUR;MWh;NO;NO;;35.98;35.98;35.98;-1;DOWN
2024-11-30T04:45;2024-11-30T05:00;20;EUR;MWh;NO;NO;;29.98;29.98;29.98;-1;DOWN
2024-11-30T05:00;2024-11-30T05:15;21;EUR;MWh;NO;NO;;24.98;24.98;24.98;-1;DOWN
2024-11-30T05:15;2024-11-30T05:30;22;EUR;MWh;NO;NO;;37.98;37.98;37.98;-1;DOWN
2024-11-30T05:30;2024-11-30T05:45;23;EUR;MWh;NO;NO;114.97;70;114.97;68.49;2;UP_AND_DOWN
2024-11-30T05:45;2024-11-30T06:00;24;EUR;MWh;NO;NO;112.54;70;112.54;112.54;1;UP
2024-11-30T06:00;2024-11-30T06:15;25;EUR;MWh;NO;NO;74.03;27.98;87.02;27.98;2;UP_AND_DOWN
2024-11-30T06:15;2024-11-30T06:30;26;EUR;MWh;NO;NO;;37.98;37.98;37.98;-1;DOWN
2024-11-30T06:30;2024-11-30T06:45;27;EUR;MWh;NO;NO;;77.98;77.98;77.98;-1;DOWN
2024-11-30T06:45;2024-11-30T07:00;28;EUR;MWh;NO;NO;121;91.82;121;83.01;2;UP_AND_DOWN
2024-11-30T07:00;2024-11-30T07:15;29;EUR;MWh;NO;NO;121;31.98;31.98;31.98;-1;DOWN
2024-11-30T07:15;2024-11-30T07:30;30;EUR;MWh;NO;NO;115.55;79.55;115.55;69.05;2;UP_AND_DOWN
2024-11-30T07:30;2024-11-30T07:45;31;EUR;MWh;NO;NO;121;;121;121;1;UP
2024-11-30T07:45;2024-11-30T08:00;32;EUR;MWh;NO;NO;121;;121;121;1;UP
2024-11-30T08:00;2024-11-30T08:15;33;EUR;MWh;NO;NO;121;22.98;22.98;22.98;-1;DOWN
2024-11-30T08:15;2024-11-30T08:30;34;EUR;MWh;NO;NO;;70;70;70;-1;DOWN
2024-11-30T08:30;2024-11-30T08:45;35;EUR;MWh;NO;NO;120.75;83.98;120.75;74.31;2;UP_AND_DOWN
2024-11-30T08:45;2024-11-30T09:00;36;EUR;MWh;NO;NO;121;103.61;121;74.31;2;UP_AND_DOWN
2024-11-30T09:00;2024-11-30T09:15;37;EUR;MWh;NO;NO;120.8;101.81;120.8;120.8;1;UP
2024-11-30T09:15;2024-11-30T09:30;38;EUR;MWh;NO;NO;120.8;73.55;73.55;73.55;-1;DOWN
2024-11-30T09:30;2024-11-30T09:45;39;EUR;MWh;NO;NO;;55.98;55.98;55.98;-1;DOWN
2024-11-30T09:45;2024-11-30T10:00;40;EUR;MWh;NO;NO;;35.98;35.98;35.98;-1;DOWN
2024-11-30T10:00;2024-11-30T10:15;41;EUR;MWh;NO;NO;1859.03;55.98;1859.03;55.98;2;UP_AND_DOWN
2024-11-30T10:15;2024-11-30T10:30;42;EUR;MWh;NO;NO;1859.03;24.98;24.98;24.98;-1;DOWN
2024-11-30T10:30;2024-11-30T10:45;43;EUR;MWh;NO;NO;;5.98;5.98;5.98;-1;DOWN
2024-11-30T10:45;2024-11-30T11:00;44;EUR;MWh;NO;NO;;-5.29;-5.29;-5.29;-1;DOWN
2024-11-30T11:00;2024-11-30T11:15;45;EUR;MWh;NO;NO;;33.98;33.98;33.98;-1;DOWN
2024-11-30T11:15;2024-11-30T11:30;46;EUR;MWh;NO;NO;;65.98;65.98;65.98;-1;DOWN
2024-11-30T11:30;2024-11-30T11:45;47;EUR;MWh;NO;NO;;30.45;30.45;30.45;-1;DOWN
2024-11-30T11:45;2024-11-30T12:00;48;EUR;MWh;NO;NO;;-3.83;-3.83;-3.83;-1;DOWN
2024-11-30T12:00;2024-11-30T12:15;49;EUR;MWh;NO;NO;;-3.79;-3.79;-3.79;-1;DOWN
2024-11-30T12:15;2024-11-30T12:30;50;EUR;MWh;NO;NO;;23.98;23.98;23.98;-1;DOWN
2024-11-30T12:30;2024-11-30T12:45;51;EUR;MWh;NO;NO;;40.08;40.08;40.08;-1;DOWN
2024-11-30T12:45;2024-11-30T13:00;52;EUR;MWh;NO;NO;;75.82;75.82;75.82;-1;DOWN
2024-11-30T13:00;2024-11-30T13:15;53;EUR;MWh;NO;NO;100;31.98;31.98;31.98;-1;DOWN
2024-11-30T13:15;2024-11-30T13:30;54;EUR;MWh;NO;NO;119.98;91.82;119.98;69.41;2;UP_AND_DOWN
2024-11-30T13:30;2024-11-30T13:45;55;EUR;MWh;NO;NO;124.63;;124.63;124.63;1;UP
2024-11-30T13:45;2024-11-30T14:00;56;EUR;MWh;NO;NO;128.92;;128.92;128.92;1;UP
2024-11-30T14:00;2024-11-30T14:15;57;EUR;MWh;NO;NO;140;65.82;140;65.82;2;UP_AND_DOWN
2024-11-30T14:15;2024-11-30T14:30;58;EUR;MWh;NO;NO;154.4;90.82;154.4;69.41;2;UP_AND_DOWN
2024-11-30T14:30;2024-11-30T14:45;59;EUR;MWh;NO;NO;161.8;;161.8;161.8;1;UP
2024-11-30T14:45;2024-11-30T15:00;60;EUR;MWh;NO;NO;154.3;94.82;154.3;154.3;1;UP
2024-11-30T15:00;2024-11-30T15:15;61;EUR;MWh;NO;NO;122.1;72.94;122.1;72.23;2;UP_AND_DOWN
2024-11-30T15:15;2024-11-30T15:30;62;EUR;MWh;NO;NO;129.63;;129.63;129.63;1;UP
2024-11-30T15:30;2024-11-30T15:45;63;EUR;MWh;NO;NO;132.75;;132.75;132.75;1;UP
2024-11-30T15:45;2024-11-30T16:00;64;EUR;MWh;NO;NO;154.4;;154.4;154.4;1;UP
2024-11-30T16:00;2024-11-30T16:15;65;EUR;MWh;NO;NO;164.81;70;164.81;70;2;UP_AND_DOWN
2024-11-30T16:15;2024-11-30T16:30;66;EUR;MWh;NO;NO;;90.45;90.45;90.45;-1;DOWN
2024-11-30T16:30;2024-11-30T16:45;67;EUR;MWh;NO;NO;;85.08;85.08;85.08;-1;DOWN
2024-11-30T16:45;2024-11-30T17:00;68;EUR;MWh;NO;NO;120.1;106.89;120.1;120.1;1;UP
2024-11-30T17:00;2024-11-30T17:15;69;EUR;MWh;NO;NO;114.29;70;70;70;-1;DOWN
2024-11-30T17:15;2024-11-30T17:30;70;EUR;MWh;NO;NO;;70;70;70;-1;DOWN
2024-11-30T17:30;2024-11-30T17:45;71;EUR;MWh;NO;NO;;79.55;79.55;79.55;-1;DOWN
2024-11-30T17:45;2024-11-30T18:00;72;EUR;MWh;NO;NO;;79.55;79.55;79.55;-1;DOWN
2024-11-30T18:00;2024-11-30T18:15;73;EUR;MWh;NO;NO;45;91.98;73.35;73.35;2;UP_AND_DOWN
2024-11-30T18:15;2024-11-30T18:30;74;EUR;MWh;NO;NO;;84.45;84.45;84.45;-1;DOWN
2024-11-30T18:30;2024-11-30T18:45;75;EUR;MWh;NO;NO;;64.55;64.55;64.55;-1;DOWN
2024-11-30T18:45;2024-11-30T19:00;76;EUR;MWh;NO;NO;;45.24;45.24;45.24;-1;DOWN
2024-11-30T19:00;2024-11-30T19:15;77;EUR;MWh;NO;NO;161.98;61.36;161.98;61.36;2;UP_AND_DOWN
2024-11-30T19:15;2024-11-30T19:30;78;EUR;MWh;NO;NO;121.98;97.1;121.98;73.35;2;UP_AND_DOWN
2024-11-30T19:30;2024-11-30T19:45;79;EUR;MWh;NO;NO;102.55;85.08;102.55;73.36;2;UP_AND_DOWN
2024-11-30T19:45;2024-11-30T20:00;80;EUR;MWh;NO;NO;74.03;85.08;74.03;73.36;2;UP_AND_DOWN
2024-11-30T20:00;2024-11-30T20:15;81;EUR;MWh;NO;NO;154.6;79.55;154.6;71;2;UP_AND_DOWN
2024-11-30T20:15;2024-11-30T20:30;82;EUR;MWh;NO;NO;122;;122;122;1;UP
2024-11-30T20:30;2024-11-30T20:45;83;EUR;MWh;NO;NO;126.1;97.04;126.1;73.28;2;UP_AND_DOWN
2024-11-30T20:45;2024-11-30T21:00;84;EUR;MWh;NO;NO;140;96.62;140;73.26;2;UP_AND_DOWN
2024-11-30T21:00;2024-11-30T21:15;85;EUR;MWh;NO;NO;147.26;80.02;147.26;73.28;2;UP_AND_DOWN
2024-11-30T21:15;2024-11-30T21:30;86;EUR;MWh;NO;NO;147.26;75.55;147.26;68.84;2;UP_AND_DOWN
2024-11-30T21:30;2024-11-30T21:45;87;EUR;MWh;NO;NO;147.26;;147.26;147.26;1;UP
2024-11-30T21:45;2024-11-30T22:00;88;EUR;MWh;NO;NO;147.26;;147.26;147.26;1;UP
2024-11-30T22:00;2024-11-30T22:15;89;EUR;MWh;NO;NO;117.89;;117.89;117.89;1;UP
2024-11-30T22:15;2024-11-30T22:30;90;EUR;MWh;NO;NO;112.71;;112.71;112.71;1;UP
2024-11-30T22:30;2024-11-30T22:45;91;EUR;MWh;NO;NO;154.9;;154.9;154.9;1;UP
2024-11-30T22:45;2024-11-30T23:00;92;EUR;MWh;NO;NO;154.9;;154.9;154.9;1;UP
2024-11-30T23:00;2024-11-30T23:15;93;EUR;MWh;NO;NO;140;;140;140;1;UP
2024-11-30T23:15;2024-11-30T23:30;94;EUR;MWh;NO;NO;103.98;106.6;106.6;106.6;-1;DOWN
2024-11-30T23:30;2024-11-30T23:45;95;EUR;MWh;NO;NO;74.03;106.77;75.89;75.89;2;UP_AND_DOWN
2024-11-30T23:45;2024-12-01T00:00;96;EUR;MWh;NO;NO;;70;70;70;-1;DOWN
