Timeinterval Start Loc;Timeinterval End Loc;Isp;Currency Unit Name;Price Measurement Unit Name;Incident Reserve Up;Incident Reserve Down;Price Dispatch Up;Price Dispatch Down;Price Shortage;Price Surplus;Regulation State;Regulating Condition
2025-06-01T00:00;2025-06-01T00:15;1;EUR;MWh;NO;NO;165;;165;165;1;UP
2025-06-01T00:15;2025-06-01T00:30;2;EUR;MWh;NO;NO;1672.26;;1672.26;1672.26;1;UP
2025-06-01T00:30;2025-06-01T00:45;3;EUR;MWh;NO;NO;117;;117;117;1;UP
2025-06-01T00:45;2025-06-01T01:00;4;EUR;MWh;NO;NO;78.56;65;78.56;65;2;UP_AND_DOWN
2025-06-01T01:00;2025-06-01T01:15;5;EUR;MWh;NO;NO;78.56;33;78.56;33;2;UP_AND_DOWN
2025-06-01T01:15;2025-06-01T01:30;6;EUR;MWh;NO;NO;;20.7;20.7;20.7;-1;DOWN
2025-06-01T01:30;2025-06-01T01:45;7;EUR;MWh;NO;NO;;33;33;33;-1;DOWN
2025-06-01T01:45;2025-06-01T02:00;8;EUR;MWh;NO;NO;102.81;60.27;102.81;60.27;2;UP_AND_DOWN
2025-06-01T02:00;2025-06-01T02:15;9;EUR;MWh;NO;NO;108.82;;108.82;108.82;1;UP
2025-06-01T02:15;2025-06-01T02:30;10;EUR;MWh;NO;NO;117;;117;117;1;UP
2025-06-01T02:30;2025-06-01T02:45;11;EUR;MWh;NO;NO;117;74.34;74.34;74.34;-1;DOWN
2025-06-01T02:45;2025-06-01T03:00;12;EUR;MWh;NO;NO;117;35.01;35.01;35.01;-1;DOWN
2025-06-01T03:00;2025-06-01T03:15;13;EUR;MWh;NO;NO;108.98;74.17;108.98;69.27;2;UP_AND_DOWN
2025-06-01T03:15;2025-06-01T03:30;14;EUR;MWh;NO;NO;108.98;;108.98;108.98;1;UP
2025-06-01T03:30;2025-06-01T03:45;15;EUR;MWh;NO;NO;76.4;69.57;76.4;69.27;2;UP_AND_DOWN
2025-06-01T03:45;2025-06-01T04:00;16;EUR;MWh;NO;NO;117;69.57;117;117;1;UP
2025-06-01T04:00;2025-06-01T04:15;17;EUR;MWh;NO;NO;117;;117;117;1;UP
2025-06-01T04:15;2025-06-01T04:30;18;EUR;MWh;NO;NO;102;;102;102;1;UP
2025-06-01T04:30;2025-06-01T04:45;19;EUR;MWh;NO;NO;97.79;69.67;97.79;69.27;2;UP_AND_DOWN
2025-06-01T04:45;2025-06-01T05:00;20;EUR;MWh;NO;NO;78.46;10.1;78.46;10.1;2;UP_AND_DOWN
2025-06-01T05:00;2025-06-01T05:15;21;EUR;MWh;NO;NO;88.36;33;88.36;33;2;UP_AND_DOWN
2025-06-01T05:15;2025-06-01T05:30;22;EUR;MWh;NO;NO;88.36;33.1;88.36;33.1;2;UP_AND_DOWN
2025-06-01T05:30;2025-06-01T05:45;23;EUR;MWh;NO;NO;68.36;10;10;10;-1;DOWN
2025-06-01T05:45;2025-06-01T06:00;24;EUR;MWh;NO;NO;100.2;10;100.2;100.2;1;UP
2025-06-01T06:00;2025-06-01T06:15;25;EUR;MWh;NO;NO;103.98;;103.98;103.98;1;UP
2025-06-01T06:15;2025-06-01T06:30;26;EUR;MWh;NO;NO;68.56;10;10;10;-1;DOWN
2025-06-01T06:30;2025-06-01T06:45;27;EUR;MWh;NO;NO;87;69.57;87;68.49;2;UP_AND_DOWN
2025-06-01T06:45;2025-06-01T07:00;28;EUR;MWh;NO;NO;;10;10;10;-1;DOWN
2025-06-01T07:00;2025-06-01T07:15;29;EUR;MWh;NO;NO;93.9;-30;93.9;-30;2;UP_AND_DOWN
2025-06-01T07:15;2025-06-01T07:30;30;EUR;MWh;NO;NO;;-2.91;-2.91;-2.91;-1;DOWN
2025-06-01T07:30;2025-06-01T07:45;31;EUR;MWh;NO;NO;;;0;0;-1;DOWN
2025-06-01T07:45;2025-06-01T08:00;32;EUR;MWh;NO;NO;;10;10;10;-1;DOWN
2025-06-01T08:00;2025-06-01T08:15;33;EUR;MWh;NO;NO;;10;10;10;-1;DOWN
2025-06-01T08:15;2025-06-01T08:30;34;EUR;MWh;NO;NO;;3;3;3;-1;DOWN
2025-06-01T08:30;2025-06-01T08:45;35;EUR;MWh;NO;NO;;10;10;10;-1;DOWN
2025-06-01T08:45;2025-06-01T09:00;36;EUR;MWh;NO;NO;;69.57;69.57;69.57;-1;DOWN
2025-06-01T09:00;2025-06-01T09:15;37;EUR;MWh;NO;NO;110.98;69.67;110.98;47.49;2;UP_AND_DOWN
2025-06-01T09:15;2025-06-01T09:30;38;EUR;MWh;NO;NO;35;52.03;40.49;40.49;2;UP_AND_DOWN
2025-06-01T09:30;2025-06-01T09:45;39;EUR;MWh;NO;NO;24;75.98;40.49;40.49;2;UP_AND_DOWN
2025-06-01T09:45;2025-06-01T10:00;40;EUR;MWh;NO;NO;1;;1;1;1;UP
2025-06-01T10:00;2025-06-01T10:15;41;EUR;MWh;NO;NO;1;-30;40.49;-30;2;UP_AND_DOWN
2025-06-01T10:15;2025-06-01T10:30;42;EUR;MWh;NO;NO;1;10;10;10;-1;DOWN
2025-06-01T10:30;2025-06-01T10:45;43;EUR;MWh;NO;NO;;.3;.3;.3;-1;DOWN
2025-06-01T10:45;2025-06-01T11:00;44;EUR;MWh;NO;NO;1;69.57;69.57;69.57;-1;DOWN
2025-06-01T11:00;2025-06-01T11:15;45;EUR;MWh;NO;NO;78.56;79.8;78.56;40.49;2;UP_AND_DOWN
2025-06-01T11:15;2025-06-01T11:30;46;EUR;MWh;NO;NO;1;27.53;40.49;27.53;2;UP_AND_DOWN
2025-06-01T11:30;2025-06-01T11:45;47;EUR;MWh;NO;NO;1;69.57;69.57;69.57;-1;DOWN
2025-06-01T11:45;2025-06-01T12:00;48;EUR;MWh;NO;NO;1;79.98;40.49;40.49;2;UP_AND_DOWN
2025-06-01T12:00;2025-06-01T12:15;49;EUR;MWh;NO;NO;1;79.98;1;1;1;UP
2025-06-01T12:15;2025-06-01T12:30;50;EUR;MWh;NO;NO;102.5;;102.5;102.5;1;UP
2025-06-01T12:30;2025-06-01T12:45;51;EUR;MWh;NO;NO;100;;100;100;1;UP
2025-06-01T12:45;2025-06-01T13:00;52;EUR;MWh;NO;NO;1;1;40.49;1;2;UP_AND_DOWN
2025-06-01T13:00;2025-06-01T13:15;53;EUR;MWh;NO;NO;;;0;0;-1;DOWN
2025-06-01T13:15;2025-06-01T13:30;54;EUR;MWh;NO;NO;1;-17.66;40.49;-17.66;2;UP_AND_DOWN
2025-06-01T13:30;2025-06-01T13:45;55;EUR;MWh;NO;NO;45;-29.7;45;-29.7;2;UP_AND_DOWN
2025-06-01T13:45;2025-06-01T14:00;56;EUR;MWh;NO;NO;1;-22.12;40.49;-22.12;2;UP_AND_DOWN
2025-06-01T14:00;2025-06-01T14:15;57;EUR;MWh;NO;NO;1;;0;0;-1;DOWN
2025-06-01T14:15;2025-06-01T14:30;58;EUR;MWh;NO;NO;;-30;-30;-30;-1;DOWN
2025-06-01T14:30;2025-06-01T14:45;59;EUR;MWh;NO;NO;;;0;0;-1;DOWN
2025-06-01T14:45;2025-06-01T15:00;60;EUR;MWh;NO;NO;;-30;-30;-30;-1;DOWN
2025-06-01T15:00;2025-06-01T15:15;61;EUR;MWh;NO;NO;;;0;0;-1;DOWN
2025-06-01T15:15;2025-06-01T15:30;62;EUR;MWh;NO;NO;1;10;40.49;10;2;UP_AND_DOWN
2025-06-01T15:30;2025-06-01T15:45;63;EUR;MWh;NO;NO;1;-30;40.49;-30;2;UP_AND_DOWN
2025-06-01T15:45;2025-06-01T16:00;64;EUR;MWh;NO;NO;1;;0;0;-1;DOWN
2025-06-01T16:00;2025-06-01T16:15;65;EUR;MWh;NO;NO;1;;0;0;-1;DOWN
2025-06-01T16:15;2025-06-01T16:30;66;EUR;MWh;NO;NO;1;-30;-30;-30;-1;DOWN
2025-06-01T16:30;2025-06-01T16:45;67;EUR;MWh;NO;NO;1;-36.49;40.49;-36.49;2;UP_AND_DOWN
2025-06-01T16:45;2025-06-01T17:00;68;EUR;MWh;NO;NO;1;-49.9;-49.9;-49.9;-1;DOWN
2025-06-01T17:00;2025-06-01T17:15;69;EUR;MWh;NO;NO;17;-27.49;40.49;-27.49;2;UP_AND_DOWN
2025-06-01T17:15;2025-06-01T17:30;70;EUR;MWh;NO;NO;68.56;-27.49;68.56;-27.49;2;UP_AND_DOWN
2025-06-01T17:30;2025-06-01T17:45;71;EUR;MWh;NO;NO;100.2;;100.2;100.2;1;UP
2025-06-01T17:45;2025-06-01T18:00;72;EUR;MWh;NO;NO;100.87;;100.87;100.87;1;UP
2025-06-01T18:00;2025-06-01T18:15;73;EUR;MWh;NO;NO;117;-60;117;-60;2;UP_AND_DOWN
2025-06-01T18:15;2025-06-01T18:30;74;EUR;MWh;NO;NO;98.8;;98.8;0;2;UP_AND_DOWN
2025-06-01T18:30;2025-06-01T18:45;75;EUR;MWh;NO;NO;100.5;10;100.5;10;2;UP_AND_DOWN
2025-06-01T18:45;2025-06-01T19:00;76;EUR;MWh;NO;NO;88.86;-44;88.86;-44;2;UP_AND_DOWN
2025-06-01T19:00;2025-06-01T19:15;77;EUR;MWh;NO;NO;93.8;-14.99;93.8;-14.99;2;UP_AND_DOWN
2025-06-01T19:15;2025-06-01T19:30;78;EUR;MWh;NO;NO;;-30;-30;-30;-1;DOWN
2025-06-01T19:30;2025-06-01T19:45;79;EUR;MWh;NO;NO;117;;117;0;2;UP_AND_DOWN
2025-06-01T19:45;2025-06-01T20:00;80;EUR;MWh;NO;NO;117;76.18;117;56.49;2;UP_AND_DOWN
2025-06-01T20:00;2025-06-01T20:15;81;EUR;MWh;NO;NO;92.08;;92.08;92.08;1;UP
2025-06-01T20:15;2025-06-01T20:30;82;EUR;MWh;NO;NO;93.81;69.57;93.81;51.31;2;UP_AND_DOWN
2025-06-01T20:30;2025-06-01T20:45;83;EUR;MWh;NO;NO;88.98;69.57;88.98;53.81;2;UP_AND_DOWN
2025-06-01T20:45;2025-06-01T21:00;84;EUR;MWh;NO;NO;58.56;58.08;58.56;50.79;2;UP_AND_DOWN
2025-06-01T21:00;2025-06-01T21:15;85;EUR;MWh;NO;NO;118.98;79.31;118.98;56.21;2;UP_AND_DOWN
2025-06-01T21:15;2025-06-01T21:30;86;EUR;MWh;NO;NO;139.02;;139.02;139.02;1;UP
2025-06-01T21:30;2025-06-01T21:45;87;EUR;MWh;NO;NO;149.2;;149.2;149.2;1;UP
2025-06-01T21:45;2025-06-01T22:00;88;EUR;MWh;NO;NO;200;;200;200;1;UP
2025-06-01T22:00;2025-06-01T22:15;89;EUR;MWh;NO;NO;164.98;;164.98;164.98;1;UP
2025-06-01T22:15;2025-06-01T22:30;90;EUR;MWh;NO;NO;115.88;;115.88;115.88;1;UP
2025-06-01T22:30;2025-06-01T22:45;91;EUR;MWh;NO;NO;115.78;79.7;79.7;79.7;-1;DOWN
2025-06-01T22:45;2025-06-01T23:00;92;EUR;MWh;NO;NO;46;70;70;70;-1;DOWN
2025-06-01T23:00;2025-06-01T23:15;93;EUR;MWh;NO;NO;135;69.67;135;62.9;2;UP_AND_DOWN
2025-06-01T23:15;2025-06-01T23:30;94;EUR;MWh;NO;NO;78.56;69.77;78.56;62.73;2;UP_AND_DOWN
2025-06-01T23:30;2025-06-01T23:45;95;EUR;MWh;NO;NO;100;;100;100;1;UP
2025-06-01T23:45;2025-06-02T00:00;96;EUR;MWh;NO;NO;135;;135;135;1;UP
2025-06-02T00:00;2025-06-02T00:15;1;EUR;MWh;NO;NO;165;;165;165;1;UP
2025-06-02T00:15;2025-06-02T00:30;2;EUR;MWh;NO;NO;122.98;;122.98;122.98;1;UP
2025-06-02T00:30;2025-06-02T00:45;3;EUR;MWh;NO;NO;135;;135;135;1;UP
2025-06-02T00:45;2025-06-02T01:00;4;EUR;MWh;NO;NO;88.98;;88.98;88.98;1;UP
2025-06-02T01:00;2025-06-02T01:15;5;EUR;MWh;NO;NO;81.42;61;61;61;-1;DOWN
2025-06-02T01:15;2025-06-02T01:30;6;EUR;MWh;NO;NO;;58.38;58.38;58.38;-1;DOWN
2025-06-02T01:30;2025-06-02T01:45;7;EUR;MWh;NO;NO;;58.38;58.38;58.38;-1;DOWN
2025-06-02T01:45;2025-06-02T02:00;8;EUR;MWh;NO;NO;;61;61;61;-1;DOWN
2025-06-02T02:00;2025-06-02T02:15;9;EUR;MWh;NO;NO;58.56;60;60;60;-1;DOWN
2025-06-02T02:15;2025-06-02T02:30;10;EUR;MWh;NO;NO;;56;56;56;-1;DOWN
2025-06-02T02:30;2025-06-02T02:45;11;EUR;MWh;NO;NO;;45;45;45;-1;DOWN
2025-06-02T02:45;2025-06-02T03:00;12;EUR;MWh;NO;NO;;53;53;53;-1;DOWN
2025-06-02T03:00;2025-06-02T03:15;13;EUR;MWh;NO;NO;78.56;69.57;78.56;64.28;2;UP_AND_DOWN
2025-06-02T03:15;2025-06-02T03:30;14;EUR;MWh;NO;NO;122.58;;122.58;122.58;1;UP
2025-06-02T03:30;2025-06-02T03:45;15;EUR;MWh;NO;NO;128;;128;128;1;UP
2025-06-02T03:45;2025-06-02T04:00;16;EUR;MWh;NO;NO;105.98;;105.98;105.98;1;UP
2025-06-02T04:00;2025-06-02T04:15;17;EUR;MWh;NO;NO;88.56;;88.56;88.56;1;UP
2025-06-02T04:15;2025-06-02T04:30;18;EUR;MWh;NO;NO;87.4;;87.4;87.4;1;UP
2025-06-02T04:30;2025-06-02T04:45;19;EUR;MWh;NO;NO;95;70;95;95;1;UP
2025-06-02T04:45;2025-06-02T05:00;20;EUR;MWh;NO;NO;87.4;;87.4;87.4;1;UP
2025-06-02T05:00;2025-06-02T05:15;21;EUR;MWh;NO;NO;87.4;;87.4;87.4;1;UP
2025-06-02T05:15;2025-06-02T05:30;22;EUR;MWh;NO;NO;78.56;70;78.56;64.28;2;UP_AND_DOWN
2025-06-02T05:30;2025-06-02T05:45;23;EUR;MWh;NO;NO;122.98;;122.98;122.98;1;UP
2025-06-02T05:45;2025-06-02T06:00;24;EUR;MWh;NO;NO;122.98;;122.98;122.98;1;UP
2025-06-02T06:00;2025-06-02T06:15;25;EUR;MWh;NO;NO;128;70;128;58;2;UP_AND_DOWN
2025-06-02T06:15;2025-06-02T06:30;26;EUR;MWh;NO;NO;128;;128;128;1;UP
2025-06-02T06:30;2025-06-02T06:45;27;EUR;MWh;NO;NO;140;;140;140;1;UP
2025-06-02T06:45;2025-06-02T07:00;28;EUR;MWh;NO;NO;165;;165;165;1;UP
2025-06-02T07:00;2025-06-02T07:15;29;EUR;MWh;NO;NO;165;;165;165;1;UP
2025-06-02T07:15;2025-06-02T07:30;30;EUR;MWh;NO;NO;91.98;70;91.98;91.98;1;UP
2025-06-02T07:30;2025-06-02T07:45;31;EUR;MWh;NO;NO;90.98;;90.98;90.98;1;UP
2025-06-02T07:45;2025-06-02T08:00;32;EUR;MWh;NO;NO;112.98;;112.98;112.98;1;UP
2025-06-02T08:00;2025-06-02T08:15;33;EUR;MWh;NO;NO;58.56;70;58.56;58.56;1;UP
2025-06-02T08:15;2025-06-02T08:30;34;EUR;MWh;NO;NO;;58.48;58.48;58.48;-1;DOWN
2025-06-02T08:30;2025-06-02T08:45;35;EUR;MWh;NO;NO;;30;30;30;-1;DOWN
2025-06-02T08:45;2025-06-02T09:00;36;EUR;MWh;NO;NO;;;0;0;-1;DOWN
2025-06-02T09:00;2025-06-02T09:15;37;EUR;MWh;NO;NO;;-30;-30;-30;-1;DOWN
2025-06-02T09:15;2025-06-02T09:30;38;EUR;MWh;NO;NO;;10;10;10;-1;DOWN
2025-06-02T09:30;2025-06-02T09:45;39;EUR;MWh;NO;NO;;20;20;20;-1;DOWN
2025-06-02T09:45;2025-06-02T10:00;40;EUR;MWh;NO;NO;;50;50;50;-1;DOWN
2025-06-02T10:00;2025-06-02T10:15;41;EUR;MWh;NO;NO;212.5;74;212.5;66.28;2;UP_AND_DOWN
2025-06-02T10:15;2025-06-02T10:30;42;EUR;MWh;NO;NO;128;-49;128;-49;2;UP_AND_DOWN
2025-06-02T10:30;2025-06-02T10:45;43;EUR;MWh;NO;NO;;;0;0;-1;DOWN
2025-06-02T10:45;2025-06-02T11:00;44;EUR;MWh;NO;NO;88.56;-29.9;88.56;-29.9;2;UP_AND_DOWN
2025-06-02T11:00;2025-06-02T11:15;45;EUR;MWh;NO;NO;165;57;165;57;2;UP_AND_DOWN
2025-06-02T11:15;2025-06-02T11:30;46;EUR;MWh;NO;NO;212.6;;212.6;212.6;1;UP
2025-06-02T11:30;2025-06-02T11:45;47;EUR;MWh;NO;NO;165;;165;165;1;UP
2025-06-02T11:45;2025-06-02T12:00;48;EUR;MWh;NO;NO;1672.26;;1672.26;1672.26;1;UP
2025-06-02T12:00;2025-06-02T12:15;49;EUR;MWh;NO;NO;1895;;1895;1895;1;UP
2025-06-02T12:15;2025-06-02T12:30;50;EUR;MWh;NO;NO;212.7;;212.7;212.7;1;UP
2025-06-02T12:30;2025-06-02T12:45;51;EUR;MWh;NO;NO;165;;165;165;1;UP
2025-06-02T12:45;2025-06-02T13:00;52;EUR;MWh;NO;NO;165;;165;165;1;UP
2025-06-02T13:00;2025-06-02T13:15;53;EUR;MWh;NO;NO;300;;300;300;1;UP
2025-06-02T13:15;2025-06-02T13:30;54;EUR;MWh;NO;NO;93.98;;93.98;0;2;UP_AND_DOWN
2025-06-02T13:30;2025-06-02T13:45;55;EUR;MWh;NO;NO;1895;;1895;1895;1;UP
2025-06-02T13:45;2025-06-02T14:00;56;EUR;MWh;NO;NO;143.98;;143.98;143.98;1;UP
2025-06-02T14:00;2025-06-02T14:15;57;EUR;MWh;NO;NO;99.98;;99.98;99.98;1;UP
2025-06-02T14:15;2025-06-02T14:30;58;EUR;MWh;NO;NO;92.98;10;92.98;92.98;1;UP
2025-06-02T14:30;2025-06-02T14:45;59;EUR;MWh;NO;NO;107.98;;107.98;107.98;1;UP
2025-06-02T14:45;2025-06-02T15:00;60;EUR;MWh;NO;NO;88.36;10;10;10;-1;DOWN
2025-06-02T15:00;2025-06-02T15:15;61;EUR;MWh;NO;NO;90.88;-30.1;90.88;-30.1;2;UP_AND_DOWN
2025-06-02T15:15;2025-06-02T15:30;62;EUR;MWh;NO;NO;82.6;;82.6;0;2;UP_AND_DOWN
2025-06-02T15:30;2025-06-02T15:45;63;EUR;MWh;NO;NO;107.98;-50;107.98;-50;2;UP_AND_DOWN
2025-06-02T15:45;2025-06-02T16:00;64;EUR;MWh;NO;NO;102.98;-60;102.98;-60;2;UP_AND_DOWN
2025-06-02T16:00;2025-06-02T16:15;65;EUR;MWh;NO;NO;115.98;-574.74;115.98;-574.74;2;UP_AND_DOWN
2025-06-02T16:15;2025-06-02T16:30;66;EUR;MWh;NO;NO;128;-70;128;-70;2;UP_AND_DOWN
2025-06-02T16:30;2025-06-02T16:45;67;EUR;MWh;NO;NO;128;-30;-30;-30;-1;DOWN
2025-06-02T16:45;2025-06-02T17:00;68;EUR;MWh;NO;NO;127.2;-60;127.2;-60;2;UP_AND_DOWN
2025-06-02T17:00;2025-06-02T17:15;69;EUR;MWh;NO;NO;91.98;10;91.98;91.98;1;UP
2025-06-02T17:15;2025-06-02T17:30;70;EUR;MWh;NO;NO;128;;128;128;1;UP
2025-06-02T17:30;2025-06-02T17:45;71;EUR;MWh;NO;NO;165;;165;165;1;UP
2025-06-02T17:45;2025-06-02T18:00;72;EUR;MWh;NO;NO;95.98;;95.98;95.98;1;UP
2025-06-02T18:00;2025-06-02T18:15;73;EUR;MWh;NO;NO;78.56;100;78.56;73;2;UP_AND_DOWN
2025-06-02T18:15;2025-06-02T18:30;74;EUR;MWh;NO;NO;165;;165;165;1;UP
2025-06-02T18:30;2025-06-02T18:45;75;EUR;MWh;NO;NO;200;;200;200;1;UP
2025-06-02T18:45;2025-06-02T19:00;76;EUR;MWh;NO;NO;98.56;;98.56;98.56;1;UP
2025-06-02T19:00;2025-06-02T19:15;77;EUR;MWh;NO;NO;98.56;79.31;79.31;79.31;-1;DOWN
2025-06-02T19:15;2025-06-02T19:30;78;EUR;MWh;NO;NO;;59.8;59.8;59.8;-1;DOWN
2025-06-02T19:30;2025-06-02T19:45;79;EUR;MWh;NO;NO;;59.8;59.8;59.8;-1;DOWN
2025-06-02T19:45;2025-06-02T20:00;80;EUR;MWh;NO;NO;;82.98;82.98;82.98;-1;DOWN
2025-06-02T20:00;2025-06-02T20:15;81;EUR;MWh;NO;NO;;59.9;59.9;59.9;-1;DOWN
2025-06-02T20:15;2025-06-02T20:30;82;EUR;MWh;NO;NO;78.56;77.88;78.56;78.56;1;UP
2025-06-02T20:30;2025-06-02T20:45;83;EUR;MWh;NO;NO;165;;165;165;1;UP
2025-06-02T20:45;2025-06-02T21:00;84;EUR;MWh;NO;NO;165;;165;165;1;UP
2025-06-02T21:00;2025-06-02T21:15;85;EUR;MWh;NO;NO;106.2;72.89;106.2;72.89;2;UP_AND_DOWN
2025-06-02T21:15;2025-06-02T21:30;86;EUR;MWh;NO;NO;128;84.98;128;84.98;2;UP_AND_DOWN
2025-06-02T21:30;2025-06-02T21:45;87;EUR;MWh;NO;NO;150.87;;150.87;150.87;1;UP
2025-06-02T21:45;2025-06-02T22:00;88;EUR;MWh;NO;NO;106.2;78.11;106.2;78.11;2;UP_AND_DOWN
2025-06-02T22:00;2025-06-02T22:15;89;EUR;MWh;NO;NO;165;78.98;165;78.98;2;UP_AND_DOWN
2025-06-02T22:15;2025-06-02T22:30;90;EUR;MWh;NO;NO;212.6;;212.6;212.6;1;UP
2025-06-02T22:30;2025-06-02T22:45;91;EUR;MWh;NO;NO;150.86;78.98;150.86;78.98;2;UP_AND_DOWN
2025-06-02T22:45;2025-06-02T23:00;92;EUR;MWh;NO;NO;88.56;68.68;88.56;68.68;2;UP_AND_DOWN
2025-06-02T23:00;2025-06-02T23:15;93;EUR;MWh;NO;NO;165;79.4;165;65.99;2;UP_AND_DOWN
2025-06-02T23:15;2025-06-02T23:30;94;EUR;MWh;NO;NO;88.56;;88.56;88.56;1;UP
2025-06-02T23:30;2025-06-02T23:45;95;EUR;MWh;NO;NO;128;66;128;65.99;2;UP_AND_DOWN
2025-06-02T23:45;2025-06-03T00:00;96;EUR;MWh;NO;NO;;63.9;63.9;63.9;-1;DOWN
2025-06-03T00:00;2025-06-03T00:15;1;EUR;MWh;NO;NO;161.26;70.59;161.26;69.39;2;UP_AND_DOWN
2025-06-03T00:15;2025-06-03T00:30;2;EUR;MWh;NO;NO;111.26;;111.26;111.26;1;UP
2025-06-03T00:30;2025-06-03T00:45;3;EUR;MWh;NO;NO;87.49;;87.49;87.49;1;UP
2025-06-03T00:45;2025-06-03T01:00;4;EUR;MWh;NO;NO;87.49;66.98;66.98;66.98;-1;DOWN
2025-06-03T01:00;2025-06-03T01:15;5;EUR;MWh;NO;NO;80.95;66.98;80.95;66.85;2;UP_AND_DOWN
2025-06-03T01:15;2025-06-03T01:30;6;EUR;MWh;NO;NO;95.96;66.98;95.96;95.96;1;UP
2025-06-03T01:30;2025-06-03T01:45;7;EUR;MWh;NO;NO;82.05;74.98;82.05;69.41;2;UP_AND_DOWN
2025-06-03T01:45;2025-06-03T02:00;8;EUR;MWh;NO;NO;95.29;74.98;95.29;69.49;2;UP_AND_DOWN
2025-06-03T02:00;2025-06-03T02:15;9;EUR;MWh;NO;NO;150;74.98;150;150;1;UP
2025-06-03T02:15;2025-06-03T02:30;10;EUR;MWh;NO;NO;150.53;;150.53;150.53;1;UP
2025-06-03T02:30;2025-06-03T02:45;11;EUR;MWh;NO;NO;93.05;74.98;93.05;69.45;2;UP_AND_DOWN
2025-06-03T02:45;2025-06-03T03:00;12;EUR;MWh;NO;NO;93.05;;0;0;-1;DOWN
2025-06-03T03:00;2025-06-03T03:15;13;EUR;MWh;NO;NO;;56.98;56.98;56.98;-1;DOWN
2025-06-03T03:15;2025-06-03T03:30;14;EUR;MWh;NO;NO;;64.57;64.57;64.57;-1;DOWN
2025-06-03T03:30;2025-06-03T03:45;15;EUR;MWh;NO;NO;;10;10;10;-1;DOWN
2025-06-03T03:45;2025-06-03T04:00;16;EUR;MWh;NO;NO;;-4.4;-4.4;-4.4;-1;DOWN
2025-06-03T04:00;2025-06-03T04:15;17;EUR;MWh;NO;NO;;16.98;16.98;16.98;-1;DOWN
2025-06-03T04:15;2025-06-03T04:30;18;EUR;MWh;NO;NO;;80.43;80.43;80.43;-1;DOWN
2025-06-03T04:30;2025-06-03T04:45;19;EUR;MWh;NO;NO;;64.57;64.57;64.57;-1;DOWN
2025-06-03T04:45;2025-06-03T05:00;20;EUR;MWh;NO;NO;;26.98;26.98;26.98;-1;DOWN
2025-06-03T05:00;2025-06-03T05:15;21;EUR;MWh;NO;NO;;36.98;36.98;36.98;-1;DOWN
2025-06-03T05:15;2025-06-03T05:30;22;EUR;MWh;NO;NO;;66.98;66.98;66.98;-1;DOWN
2025-06-03T05:30;2025-06-03T05:45;23;EUR;MWh;NO;NO;;-66.96;-66.96;-66.96;-1;DOWN
2025-06-03T05:45;2025-06-03T06:00;24;EUR;MWh;NO;NO;;-237.6;-237.6;-237.6;-1;DOWN
2025-06-03T06:00;2025-06-03T06:15;25;EUR;MWh;NO;NO;;73.86;73.86;73.86;-1;DOWN
2025-06-03T06:15;2025-06-03T06:30;26;EUR;MWh;NO;NO;;51.98;51.98;51.98;-1;DOWN
2025-06-03T06:30;2025-06-03T06:45;27;EUR;MWh;NO;NO;;17.1;17.1;17.1;-1;DOWN
2025-06-03T06:45;2025-06-03T07:00;28;EUR;MWh;NO;NO;;16.98;16.98;16.98;-1;DOWN
2025-06-03T07:00;2025-06-03T07:15;29;EUR;MWh;NO;NO;;8.19;8.19;8.19;-1;DOWN
2025-06-03T07:15;2025-06-03T07:30;30;EUR;MWh;NO;NO;;36.98;36.98;36.98;-1;DOWN
2025-06-03T07:30;2025-06-03T07:45;31;EUR;MWh;NO;NO;76.05;65.43;76.05;65.43;2;UP_AND_DOWN
2025-06-03T07:45;2025-06-03T08:00;32;EUR;MWh;NO;NO;83;66.98;83;59.22;2;UP_AND_DOWN
2025-06-03T08:00;2025-06-03T08:15;33;EUR;MWh;NO;NO;85.11;66.98;85.11;55;2;UP_AND_DOWN
2025-06-03T08:15;2025-06-03T08:30;34;EUR;MWh;NO;NO;93.04;80;93.04;79.28;2;UP_AND_DOWN
2025-06-03T08:30;2025-06-03T08:45;35;EUR;MWh;NO;NO;104.95;;104.95;104.95;1;UP
2025-06-03T08:45;2025-06-03T09:00;36;EUR;MWh;NO;NO;165;;165;165;1;UP
2025-06-03T09:00;2025-06-03T09:15;37;EUR;MWh;NO;NO;165;;165;165;1;UP
2025-06-03T09:15;2025-06-03T09:30;38;EUR;MWh;NO;NO;100;10;100;10;2;UP_AND_DOWN
2025-06-03T09:30;2025-06-03T09:45;39;EUR;MWh;NO;NO;70;-51.89;75.5;-51.89;2;UP_AND_DOWN
2025-06-03T09:45;2025-06-03T10:00;40;EUR;MWh;NO;NO;;-52;-52;-52;-1;DOWN
2025-06-03T10:00;2025-06-03T10:15;41;EUR;MWh;NO;NO;;-49;-49;-49;-1;DOWN
2025-06-03T10:15;2025-06-03T10:30;42;EUR;MWh;NO;NO;76.08;-52.22;76.08;-52.22;2;UP_AND_DOWN
2025-06-03T10:30;2025-06-03T10:45;43;EUR;MWh;NO;NO;95.2;-30;95.2;-30;2;UP_AND_DOWN
2025-06-03T10:45;2025-06-03T11:00;44;EUR;MWh;NO;NO;92.68;-30;92.68;-30;2;UP_AND_DOWN
2025-06-03T11:00;2025-06-03T11:15;45;EUR;MWh;NO;NO;65.29;-53;65.29;-53;2;UP_AND_DOWN
2025-06-03T11:15;2025-06-03T11:30;46;EUR;MWh;NO;NO;1;-55;47;-55;2;UP_AND_DOWN
2025-06-03T11:30;2025-06-03T11:45;47;EUR;MWh;NO;NO;;-44.9;-44.9;-44.9;-1;DOWN
2025-06-03T11:45;2025-06-03T12:00;48;EUR;MWh;NO;NO;1;-60;-60;-60;-1;DOWN
2025-06-03T12:00;2025-06-03T12:15;49;EUR;MWh;NO;NO;93.95;-60;93.95;93.95;1;UP
2025-06-03T12:15;2025-06-03T12:30;50;EUR;MWh;NO;NO;75.97;24;75.97;24;2;UP_AND_DOWN
2025-06-03T12:30;2025-06-03T12:45;51;EUR;MWh;NO;NO;91.7;;91.7;91.7;1;UP
2025-06-03T12:45;2025-06-03T13:00;52;EUR;MWh;NO;NO;23;-68;35.99;-68;2;UP_AND_DOWN
2025-06-03T13:00;2025-06-03T13:15;53;EUR;MWh;NO;NO;;-62.2;-62.2;-62.2;-1;DOWN
2025-06-03T13:15;2025-06-03T13:30;54;EUR;MWh;NO;NO;1;-55;48.5;-55;2;UP_AND_DOWN
2025-06-03T13:30;2025-06-03T13:45;55;EUR;MWh;NO;NO;;-70;-70;-70;-1;DOWN
2025-06-03T13:45;2025-06-03T14:00;56;EUR;MWh;NO;NO;52.97;-68.2;52.97;-68.2;2;UP_AND_DOWN
2025-06-03T14:00;2025-06-03T14:15;57;EUR;MWh;NO;NO;;-76.73;-76.73;-76.73;-1;DOWN
2025-06-03T14:15;2025-06-03T14:30;58;EUR;MWh;NO;NO;;-50;-50;-50;-1;DOWN
2025-06-03T14:30;2025-06-03T14:45;59;EUR;MWh;NO;NO;;-54;-54;-54;-1;DOWN
2025-06-03T14:45;2025-06-03T15:00;60;EUR;MWh;NO;NO;;-30;-30;-30;-1;DOWN
2025-06-03T15:00;2025-06-03T15:15;61;EUR;MWh;NO;NO;;-27.49;-27.49;-27.49;-1;DOWN
2025-06-03T15:15;2025-06-03T15:30;62;EUR;MWh;NO;NO;;10;10;10;-1;DOWN
2025-06-03T15:30;2025-06-03T15:45;63;EUR;MWh;NO;NO;92.32;-1.45;92.32;-1.45;2;UP_AND_DOWN
2025-06-03T15:45;2025-06-03T16:00;64;EUR;MWh;NO;NO;103.4;;103.4;103.4;1;UP
2025-06-03T16:00;2025-06-03T16:15;65;EUR;MWh;NO;NO;77.44;10.1;77.44;10.1;2;UP_AND_DOWN
2025-06-03T16:15;2025-06-03T16:30;66;EUR;MWh;NO;NO;102.99;-12.65;102.99;-12.65;2;UP_AND_DOWN
2025-06-03T16:30;2025-06-03T16:45;67;EUR;MWh;NO;NO;144.35;10.2;144.35;10.2;2;UP_AND_DOWN
2025-06-03T16:45;2025-06-03T17:00;68;EUR;MWh;NO;NO;153.07;;153.07;153.07;1;UP
2025-06-03T17:00;2025-06-03T17:15;69;EUR;MWh;NO;NO;108.32;-41;108.32;-41;2;UP_AND_DOWN
2025-06-03T17:15;2025-06-03T17:30;70;EUR;MWh;NO;NO;152.08;10;152.08;10;2;UP_AND_DOWN
2025-06-03T17:30;2025-06-03T17:45;71;EUR;MWh;NO;NO;144;-2.43;144;-2.43;2;UP_AND_DOWN
2025-06-03T17:45;2025-06-03T18:00;72;EUR;MWh;NO;NO;152.25;;152.25;152.25;1;UP
2025-06-03T18:00;2025-06-03T18:15;73;EUR;MWh;NO;NO;79.9;46;79.9;46;2;UP_AND_DOWN
2025-06-03T18:15;2025-06-03T18:30;74;EUR;MWh;NO;NO;80;64;80;56.64;2;UP_AND_DOWN
2025-06-03T18:30;2025-06-03T18:45;75;EUR;MWh;NO;NO;95;;95;95;1;UP
2025-06-03T18:45;2025-06-03T19:00;76;EUR;MWh;NO;NO;103.08;10;103.08;10;2;UP_AND_DOWN
2025-06-03T19:00;2025-06-03T19:15;77;EUR;MWh;NO;NO;88.56;;88.56;0;2;UP_AND_DOWN
2025-06-03T19:15;2025-06-03T19:30;78;EUR;MWh;NO;NO;82.4;75.5;82.4;71.5;2;UP_AND_DOWN
2025-06-03T19:30;2025-06-03T19:45;79;EUR;MWh;NO;NO;150;75.5;150;150;1;UP
2025-06-03T19:45;2025-06-03T20:00;80;EUR;MWh;NO;NO;101.14;97;101.14;101.14;1;UP
2025-06-03T20:00;2025-06-03T20:15;81;EUR;MWh;NO;NO;106.14;78.09;106.14;75.78;2;UP_AND_DOWN
2025-06-03T20:15;2025-06-03T20:30;82;EUR;MWh;NO;NO;98.14;65;98.14;65;2;UP_AND_DOWN
2025-06-03T20:30;2025-06-03T20:45;83;EUR;MWh;NO;NO;98.14;80.52;98.14;78.28;2;UP_AND_DOWN
2025-06-03T20:45;2025-06-03T21:00;84;EUR;MWh;NO;NO;159.64;93;159.64;159.64;1;UP
2025-06-03T21:00;2025-06-03T21:15;85;EUR;MWh;NO;NO;94.17;;94.17;94.17;1;UP
2025-06-03T21:15;2025-06-03T21:30;86;EUR;MWh;NO;NO;88.46;54.69;88.46;54.69;2;UP_AND_DOWN
2025-06-03T21:30;2025-06-03T21:45;87;EUR;MWh;NO;NO;78.56;53.27;78.56;53.27;2;UP_AND_DOWN
2025-06-03T21:45;2025-06-03T22:00;88;EUR;MWh;NO;NO;;26.53;26.53;26.53;-1;DOWN
2025-06-03T22:00;2025-06-03T22:15;89;EUR;MWh;NO;NO;120.33;54.69;120.33;54.69;2;UP_AND_DOWN
2025-06-03T22:15;2025-06-03T22:30;90;EUR;MWh;NO;NO;95;;95;0;2;UP_AND_DOWN
2025-06-03T22:30;2025-06-03T22:45;91;EUR;MWh;NO;NO;95;24.46;24.46;24.46;-1;DOWN
2025-06-03T22:45;2025-06-03T23:00;92;EUR;MWh;NO;NO;;30.19;30.19;30.19;-1;DOWN
2025-06-03T23:00;2025-06-03T23:15;93;EUR;MWh;NO;NO;116.3;;116.3;0;2;UP_AND_DOWN
2025-06-03T23:15;2025-06-03T23:30;94;EUR;MWh;NO;NO;86.17;2.28;86.17;2.28;2;UP_AND_DOWN
2025-06-03T23:30;2025-06-03T23:45;95;EUR;MWh;NO;NO;88.46;1.9;88.46;1.9;2;UP_AND_DOWN
2025-06-03T23:45;2025-06-04T00:00;96;EUR;MWh;NO;NO;82.98;;82.98;0;2;UP_AND_DOWN
2025-06-04T00:00;2025-06-04T00:15;1;EUR;MWh;NO;NO;50;-14.02;-14.02;-14.02;-1;DOWN
2025-06-04T00:15;2025-06-04T00:30;2;EUR;MWh;NO;NO;;-3.43;-3.43;-3.43;-1;DOWN
2025-06-04T00:30;2025-06-04T00:45;3;EUR;MWh;NO;NO;108.56;53;108.56;53;2;UP_AND_DOWN
2025-06-04T00:45;2025-06-04T01:00;4;EUR;MWh;NO;NO;96.6;;96.6;96.6;1;UP
2025-06-04T01:00;2025-06-04T01:15;5;EUR;MWh;NO;NO;168.15;;168.15;168.15;1;UP
2025-06-04T01:15;2025-06-04T01:30;6;EUR;MWh;NO;NO;156.79;;156.79;156.79;1;UP
2025-06-04T01:30;2025-06-04T01:45;7;EUR;MWh;NO;NO;158.64;;158.64;158.64;1;UP
2025-06-04T01:45;2025-06-04T02:00;8;EUR;MWh;NO;NO;113.64;;113.64;113.64;1;UP
2025-06-04T02:00;2025-06-04T02:15;9;EUR;MWh;NO;NO;78.56;82;78.56;78.56;1;UP
2025-06-04T02:15;2025-06-04T02:30;10;EUR;MWh;NO;NO;68.56;92;79.28;79.28;2;UP_AND_DOWN
2025-06-04T02:30;2025-06-04T02:45;11;EUR;MWh;NO;NO;123.64;100;123.64;79.28;2;UP_AND_DOWN
2025-06-04T02:45;2025-06-04T03:00;12;EUR;MWh;NO;NO;123.64;;123.64;123.64;1;UP
2025-06-04T03:00;2025-06-04T03:15;13;EUR;MWh;NO;NO;103.64;;103.64;103.64;1;UP
2025-06-04T03:15;2025-06-04T03:30;14;EUR;MWh;NO;NO;98.55;;98.55;98.55;1;UP
2025-06-04T03:30;2025-06-04T03:45;15;EUR;MWh;NO;NO;140;;140;140;1;UP
2025-06-04T03:45;2025-06-04T04:00;16;EUR;MWh;NO;NO;123.64;;123.64;123.64;1;UP
2025-06-04T04:00;2025-06-04T04:15;17;EUR;MWh;NO;NO;90.82;100;90.82;90.82;1;UP
2025-06-04T04:15;2025-06-04T04:30;18;EUR;MWh;NO;NO;79.15;10;79.28;10;2;UP_AND_DOWN
2025-06-04T04:30;2025-06-04T04:45;19;EUR;MWh;NO;NO;96.7;79.57;96.7;79.28;2;UP_AND_DOWN
2025-06-04T04:45;2025-06-04T05:00;20;EUR;MWh;NO;NO;87.7;;87.7;87.7;1;UP
2025-06-04T05:00;2025-06-04T05:15;21;EUR;MWh;NO;NO;78.56;99;78.56;78.56;1;UP
2025-06-04T05:15;2025-06-04T05:30;22;EUR;MWh;NO;NO;58.56;66;77.28;66;2;UP_AND_DOWN
2025-06-04T05:30;2025-06-04T05:45;23;EUR;MWh;NO;NO;95.15;66;95.15;66;2;UP_AND_DOWN
2025-06-04T05:45;2025-06-04T06:00;24;EUR;MWh;NO;NO;99.4;95;99.4;99.4;1;UP
2025-06-04T06:00;2025-06-04T06:15;25;EUR;MWh;NO;NO;58.56;66;77.28;66;2;UP_AND_DOWN
2025-06-04T06:15;2025-06-04T06:30;26;EUR;MWh;NO;NO;99.4;89;99.4;73.78;2;UP_AND_DOWN
2025-06-04T06:30;2025-06-04T06:45;27;EUR;MWh;NO;NO;87.8;86;87.8;87.8;1;UP
2025-06-04T06:45;2025-06-04T07:00;28;EUR;MWh;NO;NO;91;84;91;91;1;UP
2025-06-04T07:00;2025-06-04T07:15;29;EUR;MWh;NO;NO;58.56;63;71.28;63;2;UP_AND_DOWN
2025-06-04T07:15;2025-06-04T07:30;30;EUR;MWh;NO;NO;86;84;86;71.28;2;UP_AND_DOWN
2025-06-04T07:30;2025-06-04T07:45;31;EUR;MWh;NO;NO;90;;90;90;1;UP
2025-06-04T07:45;2025-06-04T08:00;32;EUR;MWh;NO;NO;67;78;69.94;69.94;2;UP_AND_DOWN
2025-06-04T08:00;2025-06-04T08:15;33;EUR;MWh;NO;NO;99.5;81.31;99.5;99.5;1;UP
2025-06-04T08:15;2025-06-04T08:30;34;EUR;MWh;NO;NO;108.56;;108.56;108.56;1;UP
2025-06-04T08:30;2025-06-04T08:45;35;EUR;MWh;NO;NO;152.24;;152.24;152.24;1;UP
2025-06-04T08:45;2025-06-04T09:00;36;EUR;MWh;NO;NO;140;;140;140;1;UP
2025-06-04T09:00;2025-06-04T09:15;37;EUR;MWh;NO;NO;84.15;35;84.15;35;2;UP_AND_DOWN
2025-06-04T09:15;2025-06-04T09:30;38;EUR;MWh;NO;NO;;55.15;55.15;55.15;-1;DOWN
2025-06-04T09:30;2025-06-04T09:45;39;EUR;MWh;NO;NO;140;-30;140;-30;2;UP_AND_DOWN
2025-06-04T09:45;2025-06-04T10:00;40;EUR;MWh;NO;NO;140;-30;-30;-30;-1;DOWN
2025-06-04T10:00;2025-06-04T10:15;41;EUR;MWh;NO;NO;;-24.2;-24.2;-24.2;-1;DOWN
2025-06-04T10:15;2025-06-04T10:30;42;EUR;MWh;NO;NO;76.95;-18.93;77.78;-18.93;2;UP_AND_DOWN
2025-06-04T10:30;2025-06-04T10:45;43;EUR;MWh;NO;NO;95.8;10;95.8;10;2;UP_AND_DOWN
2025-06-04T10:45;2025-06-04T11:00;44;EUR;MWh;NO;NO;68.56;55;69.07;55;2;UP_AND_DOWN
2025-06-04T11:00;2025-06-04T11:15;45;EUR;MWh;NO;NO;97.2;63;97.2;61.75;2;UP_AND_DOWN
2025-06-04T11:15;2025-06-04T11:30;46;EUR;MWh;NO;NO;153.15;;153.15;153.15;1;UP
2025-06-04T11:30;2025-06-04T11:45;47;EUR;MWh;NO;NO;103.15;;103.15;103.15;1;UP
2025-06-04T11:45;2025-06-04T12:00;48;EUR;MWh;NO;NO;96.7;10;96.7;96.7;1;UP
2025-06-04T12:00;2025-06-04T12:15;49;EUR;MWh;NO;NO;175;;175;175;1;UP
2025-06-04T12:15;2025-06-04T12:30;50;EUR;MWh;NO;NO;247.09;;247.09;247.09;1;UP
2025-06-04T12:30;2025-06-04T12:45;51;EUR;MWh;NO;NO;88.5;-27.39;88.5;-27.39;2;UP_AND_DOWN
2025-06-04T12:45;2025-06-04T13:00;52;EUR;MWh;NO;NO;69.9;-13.44;79.23;-13.44;2;UP_AND_DOWN
2025-06-04T13:00;2025-06-04T13:15;53;EUR;MWh;NO;NO;151.89;;151.89;151.89;1;UP
2025-06-04T13:15;2025-06-04T13:30;54;EUR;MWh;NO;NO;88.15;-27.29;-27.29;-27.29;-1;DOWN
2025-06-04T13:30;2025-06-04T13:45;55;EUR;MWh;NO;NO;;-27.39;-27.39;-27.39;-1;DOWN
2025-06-04T13:45;2025-06-04T14:00;56;EUR;MWh;NO;NO;;-30;-30;-30;-1;DOWN
2025-06-04T14:00;2025-06-04T14:15;57;EUR;MWh;NO;NO;68.56;-25;69.07;-25;2;UP_AND_DOWN
2025-06-04T14:15;2025-06-04T14:30;58;EUR;MWh;NO;NO;;-49.9;-49.9;-49.9;-1;DOWN
2025-06-04T14:30;2025-06-04T14:45;59;EUR;MWh;NO;NO;;-75;-75;-75;-1;DOWN
2025-06-04T14:45;2025-06-04T15:00;60;EUR;MWh;NO;NO;;-30;-30;-30;-1;DOWN
2025-06-04T15:00;2025-06-04T15:15;61;EUR;MWh;NO;NO;;-44.9;-44.9;-44.9;-1;DOWN
2025-06-04T15:15;2025-06-04T15:30;62;EUR;MWh;NO;NO;;10;10;10;-1;DOWN
2025-06-04T15:30;2025-06-04T15:45;63;EUR;MWh;NO;NO;;9;9;9;-1;DOWN
2025-06-04T15:45;2025-06-04T16:00;64;EUR;MWh;NO;NO;;-25.59;-25.59;-25.59;-1;DOWN
2025-06-04T16:00;2025-06-04T16:15;65;EUR;MWh;NO;NO;32;9.57;9.57;9.57;-1;DOWN
2025-06-04T16:15;2025-06-04T16:30;66;EUR;MWh;NO;NO;32;10;10;10;-1;DOWN
2025-06-04T16:30;2025-06-04T16:45;67;EUR;MWh;NO;NO;70;-12.66;70;-12.66;2;UP_AND_DOWN
2025-06-04T16:45;2025-06-04T17:00;68;EUR;MWh;NO;NO;140;43.45;140;43.45;2;UP_AND_DOWN
2025-06-04T17:00;2025-06-04T17:15;69;EUR;MWh;NO;NO;150;;150;150;1;UP
2025-06-04T17:15;2025-06-04T17:30;70;EUR;MWh;NO;NO;500.1;;500.1;500.1;1;UP
2025-06-04T17:30;2025-06-04T17:45;71;EUR;MWh;NO;NO;165.15;;165.15;165.15;1;UP
2025-06-04T17:45;2025-06-04T18:00;72;EUR;MWh;NO;NO;139.12;109.42;139.12;139.12;1;UP
2025-06-04T18:00;2025-06-04T18:15;73;EUR;MWh;NO;NO;88.5;72.61;88.5;88.5;1;UP
2025-06-04T18:15;2025-06-04T18:30;74;EUR;MWh;NO;NO;78.56;46;46;46;-1;DOWN
2025-06-04T18:30;2025-06-04T18:45;75;EUR;MWh;NO;NO;111;10;111;10;2;UP_AND_DOWN
2025-06-04T18:45;2025-06-04T19:00;76;EUR;MWh;NO;NO;106;77;106;106;1;UP
2025-06-04T19:00;2025-06-04T19:15;77;EUR;MWh;NO;NO;92.79;80.22;92.79;64.09;2;UP_AND_DOWN
2025-06-04T19:15;2025-06-04T19:30;78;EUR;MWh;NO;NO;;15;15;15;-1;DOWN
2025-06-04T19:30;2025-06-04T19:45;79;EUR;MWh;NO;NO;102;81;102;63.86;2;UP_AND_DOWN
2025-06-04T19:45;2025-06-04T20:00;80;EUR;MWh;NO;NO;93.76;;93.76;93.76;1;UP
2025-06-04T20:00;2025-06-04T20:15;81;EUR;MWh;NO;NO;84.27;77.47;84.27;70.14;2;UP_AND_DOWN
2025-06-04T20:15;2025-06-04T20:30;82;EUR;MWh;NO;NO;;66;66;66;-1;DOWN
2025-06-04T20:30;2025-06-04T20:45;83;EUR;MWh;NO;NO;;72.69;72.69;72.69;-1;DOWN
2025-06-04T20:45;2025-06-04T21:00;84;EUR;MWh;NO;NO;105.9;81.91;105.9;70.24;2;UP_AND_DOWN
2025-06-04T21:00;2025-06-04T21:15;85;EUR;MWh;NO;NO;134.51;79.04;134.51;72.28;2;UP_AND_DOWN
2025-06-04T21:15;2025-06-04T21:30;86;EUR;MWh;NO;NO;134.51;;0;0;-1;DOWN
2025-06-04T21:30;2025-06-04T21:45;87;EUR;MWh;NO;NO;98.76;72.77;98.76;98.76;1;UP
2025-06-04T21:45;2025-06-04T22:00;88;EUR;MWh;NO;NO;120.21;;120.21;120.21;1;UP
2025-06-04T22:00;2025-06-04T22:15;89;EUR;MWh;NO;NO;188.76;;188.76;188.76;1;UP
2025-06-04T22:15;2025-06-04T22:30;90;EUR;MWh;NO;NO;135;72.87;135;72.87;2;UP_AND_DOWN
2025-06-04T22:30;2025-06-04T22:45;91;EUR;MWh;NO;NO;140;76.68;140;76.68;2;UP_AND_DOWN
2025-06-04T22:45;2025-06-04T23:00;92;EUR;MWh;NO;NO;109.15;110;109.15;84.78;2;UP_AND_DOWN
2025-06-04T23:00;2025-06-04T23:15;93;EUR;MWh;NO;NO;140;;140;140;1;UP
2025-06-04T23:15;2025-06-04T23:30;94;EUR;MWh;NO;NO;135;;135;135;1;UP
2025-06-04T23:30;2025-06-04T23:45;95;EUR;MWh;NO;NO;109.31;78.68;109.31;78.68;2;UP_AND_DOWN
2025-06-04T23:45;2025-06-05T00:00;96;EUR;MWh;NO;NO;78.56;73.68;73.68;73.68;-1;DOWN
2025-06-05T00:00;2025-06-05T00:15;1;EUR;MWh;NO;NO;;49.57;49.57;49.57;-1;DOWN
2025-06-05T00:15;2025-06-05T00:30;2;EUR;MWh;NO;NO;94.78;55.66;94.78;55.66;2;UP_AND_DOWN
2025-06-05T00:30;2025-06-05T00:45;3;EUR;MWh;NO;NO;;61.66;61.66;61.66;-1;DOWN
2025-06-05T00:45;2025-06-05T01:00;4;EUR;MWh;NO;NO;;59;59;59;-1;DOWN
2025-06-05T01:00;2025-06-05T01:15;5;EUR;MWh;NO;NO;89.21;39.85;89.21;39.85;2;UP_AND_DOWN
2025-06-05T01:15;2025-06-05T01:30;6;EUR;MWh;NO;NO;94.21;64;94.21;64;2;UP_AND_DOWN
2025-06-05T01:30;2025-06-05T01:45;7;EUR;MWh;NO;NO;94.21;48;48;48;-1;DOWN
2025-06-05T01:45;2025-06-05T02:00;8;EUR;MWh;NO;NO;;22;22;22;-1;DOWN
2025-06-05T02:00;2025-06-05T02:15;9;EUR;MWh;NO;NO;;10;10;10;-1;DOWN
2025-06-05T02:15;2025-06-05T02:30;10;EUR;MWh;NO;NO;74;59.81;74;59.81;2;UP_AND_DOWN
2025-06-05T02:30;2025-06-05T02:45;11;EUR;MWh;NO;NO;103.27;;103.27;103.27;1;UP
2025-06-05T02:45;2025-06-05T03:00;12;EUR;MWh;NO;NO;104.21;;104.21;104.21;1;UP
2025-06-05T03:00;2025-06-05T03:15;13;EUR;MWh;NO;NO;134.6;;134.6;134.6;1;UP
2025-06-05T03:15;2025-06-05T03:30;14;EUR;MWh;NO;NO;134.7;;134.7;134.7;1;UP
2025-06-05T03:30;2025-06-05T03:45;15;EUR;MWh;NO;NO;134.7;;134.7;134.7;1;UP
2025-06-05T03:45;2025-06-05T04:00;16;EUR;MWh;NO;NO;58.56;49;89.28;49;2;UP_AND_DOWN
2025-06-05T04:00;2025-06-05T04:15;17;EUR;MWh;NO;NO;72;61.66;89.28;61.66;2;UP_AND_DOWN
2025-06-05T04:15;2025-06-05T04:30;18;EUR;MWh;NO;NO;;71.1;71.1;71.1;-1;DOWN
2025-06-05T04:30;2025-06-05T04:45;19;EUR;MWh;NO;NO;56;55.66;55.66;55.66;-1;DOWN
2025-06-05T04:45;2025-06-05T05:00;20;EUR;MWh;NO;NO;;28.89;28.89;28.89;-1;DOWN
2025-06-05T05:00;2025-06-05T05:15;21;EUR;MWh;NO;NO;;21.66;21.66;21.66;-1;DOWN
2025-06-05T05:15;2025-06-05T05:30;22;EUR;MWh;NO;NO;;10;10;10;-1;DOWN
2025-06-05T05:30;2025-06-05T05:45;23;EUR;MWh;NO;NO;;10;10;10;-1;DOWN
2025-06-05T05:45;2025-06-05T06:00;24;EUR;MWh;NO;NO;55;55.66;55.66;55.66;-1;DOWN
2025-06-05T06:00;2025-06-05T06:15;25;EUR;MWh;NO;NO;55;63.4;68.62;63.4;2;UP_AND_DOWN
2025-06-05T06:15;2025-06-05T06:30;26;EUR;MWh;NO;NO;68.56;63.4;68.56;68.56;1;UP
2025-06-05T06:30;2025-06-05T06:45;27;EUR;MWh;NO;NO;78.56;;78.56;78.56;1;UP
2025-06-05T06:45;2025-06-05T07:00;28;EUR;MWh;NO;NO;134.5;;134.5;134.5;1;UP
2025-06-05T07:00;2025-06-05T07:15;29;EUR;MWh;NO;NO;154.12;;154.12;154.12;1;UP
2025-06-05T07:15;2025-06-05T07:30;30;EUR;MWh;NO;NO;78.56;;78.56;78.56;1;UP
2025-06-05T07:30;2025-06-05T07:45;31;EUR;MWh;NO;NO;108.56;;108.56;108.56;1;UP
2025-06-05T07:45;2025-06-05T08:00;32;EUR;MWh;NO;NO;132.01;;132.01;132.01;1;UP
2025-06-05T08:00;2025-06-05T08:15;33;EUR;MWh;NO;NO;104.11;17.39;17.39;17.39;-1;DOWN
2025-06-05T08:15;2025-06-05T08:30;34;EUR;MWh;NO;NO;;17.39;17.39;17.39;-1;DOWN
2025-06-05T08:30;2025-06-05T08:45;35;EUR;MWh;NO;NO;;17.39;17.39;17.39;-1;DOWN
2025-06-05T08:45;2025-06-05T09:00;36;EUR;MWh;NO;NO;;17.39;17.39;17.39;-1;DOWN
2025-06-05T09:00;2025-06-05T09:15;37;EUR;MWh;NO;NO;;-108.43;-108.43;-108.43;-1;DOWN
2025-06-05T09:15;2025-06-05T09:30;38;EUR;MWh;NO;NO;;1;1;1;-1;DOWN
2025-06-05T09:30;2025-06-05T09:45;39;EUR;MWh;NO;NO;;-70;-70;-70;-1;DOWN
2025-06-05T09:45;2025-06-05T10:00;40;EUR;MWh;NO;NO;;-41;-41;-41;-1;DOWN
2025-06-05T10:00;2025-06-05T10:15;41;EUR;MWh;NO;NO;;-70;-70;-70;-1;DOWN
2025-06-05T10:15;2025-06-05T10:30;42;EUR;MWh;NO;NO;;-60;-60;-60;-1;DOWN
2025-06-05T10:30;2025-06-05T10:45;43;EUR;MWh;NO;NO;;-106.54;-106.54;-106.54;-1;DOWN
2025-06-05T10:45;2025-06-05T11:00;44;EUR;MWh;NO;NO;;-59.9;-59.9;-59.9;-1;DOWN
2025-06-05T11:00;2025-06-05T11:15;45;EUR;MWh;NO;NO;;-512.78;-512.78;-512.78;-1;DOWN
2025-06-05T11:15;2025-06-05T11:30;46;EUR;MWh;NO;NO;;-29.9;-29.9;-29.9;-1;DOWN
2025-06-05T11:30;2025-06-05T11:45;47;EUR;MWh;NO;NO;;-38.89;-38.89;-38.89;-1;DOWN
2025-06-05T11:45;2025-06-05T12:00;48;EUR;MWh;NO;NO;;-19.86;-19.86;-19.86;-1;DOWN
2025-06-05T12:00;2025-06-05T12:15;49;EUR;MWh;NO;NO;;10;10;10;-1;DOWN
2025-06-05T12:15;2025-06-05T12:30;50;EUR;MWh;NO;NO;;10;10;10;-1;DOWN
2025-06-05T12:30;2025-06-05T12:45;51;EUR;MWh;NO;NO;62.26;9.57;62.26;9.57;2;UP_AND_DOWN
2025-06-05T12:45;2025-06-05T13:00;52;EUR;MWh;NO;NO;52;-25.49;55.8;-25.49;2;UP_AND_DOWN
2025-06-05T13:00;2025-06-05T13:15;53;EUR;MWh;NO;NO;;5;5;5;-1;DOWN
2025-06-05T13:15;2025-06-05T13:30;54;EUR;MWh;NO;NO;;-49;-49;-49;-1;DOWN
2025-06-05T13:30;2025-06-05T13:45;55;EUR;MWh;NO;NO;;-60;-60;-60;-1;DOWN
2025-06-05T13:45;2025-06-05T14:00;56;EUR;MWh;NO;NO;;-17.76;-17.76;-17.76;-1;DOWN
2025-06-05T14:00;2025-06-05T14:15;57;EUR;MWh;NO;NO;;-69.9;-69.9;-69.9;-1;DOWN
2025-06-05T14:15;2025-06-05T14:30;58;EUR;MWh;NO;NO;;-75;-75;-75;-1;DOWN
2025-06-05T14:30;2025-06-05T14:45;59;EUR;MWh;NO;NO;;-72.5;-72.5;-72.5;-1;DOWN
2025-06-05T14:45;2025-06-05T15:00;60;EUR;MWh;NO;NO;;-70;-70;-70;-1;DOWN
2025-06-05T15:00;2025-06-05T15:15;61;EUR;MWh;NO;NO;52;-25.39;-25.39;-25.39;-1;DOWN
2025-06-05T15:15;2025-06-05T15:30;62;EUR;MWh;NO;NO;;-60;-60;-60;-1;DOWN
2025-06-05T15:30;2025-06-05T15:45;63;EUR;MWh;NO;NO;52;-29.8;60.5;-29.8;2;UP_AND_DOWN
2025-06-05T15:45;2025-06-05T16:00;64;EUR;MWh;NO;NO;89.9;-536.66;89.9;-536.66;2;UP_AND_DOWN
2025-06-05T16:00;2025-06-05T16:15;65;EUR;MWh;NO;NO;78.56;-527.83;78.56;-527.83;2;UP_AND_DOWN
2025-06-05T16:15;2025-06-05T16:30;66;EUR;MWh;NO;NO;;-96.67;-96.67;-96.67;-1;DOWN
2025-06-05T16:30;2025-06-05T16:45;67;EUR;MWh;NO;NO;;-27.09;-27.09;-27.09;-1;DOWN
2025-06-05T16:45;2025-06-05T17:00;68;EUR;MWh;NO;NO;;-13.71;-13.71;-13.71;-1;DOWN
2025-06-05T17:00;2025-06-05T17:15;69;EUR;MWh;NO;NO;94.46;-14.19;94.46;-14.19;2;UP_AND_DOWN
2025-06-05T17:15;2025-06-05T17:30;70;EUR;MWh;NO;NO;137.9;10;137.9;10;2;UP_AND_DOWN
2025-06-05T17:30;2025-06-05T17:45;71;EUR;MWh;NO;NO;154.8;;154.8;154.8;1;UP
2025-06-05T17:45;2025-06-05T18:00;72;EUR;MWh;NO;NO;78.56;;78.56;78.56;1;UP
2025-06-05T18:00;2025-06-05T18:15;73;EUR;MWh;NO;NO;58.56;5;92.02;5;2;UP_AND_DOWN
2025-06-05T18:15;2025-06-05T18:30;74;EUR;MWh;NO;NO;;2.8;2.8;2.8;-1;DOWN
2025-06-05T18:30;2025-06-05T18:45;75;EUR;MWh;NO;NO;;2.8;2.8;2.8;-1;DOWN
2025-06-05T18:45;2025-06-05T19:00;76;EUR;MWh;NO;NO;;2.8;2.8;2.8;-1;DOWN
2025-06-05T19:00;2025-06-05T19:15;77;EUR;MWh;NO;NO;150;80.19;150;71.41;2;UP_AND_DOWN
2025-06-05T19:15;2025-06-05T19:30;78;EUR;MWh;NO;NO;180;;180;180;1;UP
2025-06-05T19:30;2025-06-05T19:45;79;EUR;MWh;NO;NO;150;;150;150;1;UP
2025-06-05T19:45;2025-06-05T20:00;80;EUR;MWh;NO;NO;96.49;;96.49;96.49;1;UP
2025-06-05T20:00;2025-06-05T20:15;81;EUR;MWh;NO;NO;93.99;78.29;93.99;71.41;2;UP_AND_DOWN
2025-06-05T20:15;2025-06-05T20:30;82;EUR;MWh;NO;NO;96.09;68;96.09;68;2;UP_AND_DOWN
2025-06-05T20:30;2025-06-05T20:45;83;EUR;MWh;NO;NO;138.1;82.24;138.1;138.1;1;UP
2025-06-05T20:45;2025-06-05T21:00;84;EUR;MWh;NO;NO;140;;140;140;1;UP
2025-06-05T21:00;2025-06-05T21:15;85;EUR;MWh;NO;NO;140;;140;140;1;UP
2025-06-05T21:15;2025-06-05T21:30;86;EUR;MWh;NO;NO;97;78.29;97;78.29;2;UP_AND_DOWN
2025-06-05T21:30;2025-06-05T21:45;87;EUR;MWh;NO;NO;;50.09;50.09;50.09;-1;DOWN
2025-06-05T21:45;2025-06-05T22:00;88;EUR;MWh;NO;NO;84.4;23.5;88.28;23.5;2;UP_AND_DOWN
2025-06-05T22:00;2025-06-05T22:15;89;EUR;MWh;NO;NO;101.59;9.9;101.59;9.9;2;UP_AND_DOWN
2025-06-05T22:15;2025-06-05T22:30;90;EUR;MWh;NO;NO;97.9;48;97.9;48;2;UP_AND_DOWN
2025-06-05T22:30;2025-06-05T22:45;91;EUR;MWh;NO;NO;;44.57;44.57;44.57;-1;DOWN
2025-06-05T22:45;2025-06-05T23:00;92;EUR;MWh;NO;NO;;32.24;32.24;32.24;-1;DOWN
2025-06-05T23:00;2025-06-05T23:15;93;EUR;MWh;NO;NO;;10;10;10;-1;DOWN
2025-06-05T23:15;2025-06-05T23:30;94;EUR;MWh;NO;NO;134.33;47.87;134.33;47.87;2;UP_AND_DOWN
2025-06-05T23:30;2025-06-05T23:45;95;EUR;MWh;NO;NO;137.1;10;137.1;10;2;UP_AND_DOWN
2025-06-05T23:45;2025-06-06T00:00;96;EUR;MWh;NO;NO;150.93;;150.93;150.93;1;UP
2025-06-06T00:00;2025-06-06T00:15;1;EUR;MWh;NO;NO;251;;251;251;1;UP
2025-06-06T00:15;2025-06-06T00:30;2;EUR;MWh;NO;NO;160.79;;160.79;160.79;1;UP
2025-06-06T00:30;2025-06-06T00:45;3;EUR;MWh;NO;NO;122.4;;122.4;122.4;1;UP
2025-06-06T00:45;2025-06-06T01:00;4;EUR;MWh;NO;NO;96.65;;96.65;96.65;1;UP
2025-06-06T01:00;2025-06-06T01:15;5;EUR;MWh;NO;NO;96.65;10;10;10;-1;DOWN
2025-06-06T01:15;2025-06-06T01:30;6;EUR;MWh;NO;NO;68.26;49;87.28;49;2;UP_AND_DOWN
2025-06-06T01:30;2025-06-06T01:45;7;EUR;MWh;NO;NO;;10;10;10;-1;DOWN
2025-06-06T01:45;2025-06-06T02:00;8;EUR;MWh;NO;NO;;-26.19;-26.19;-26.19;-1;DOWN
2025-06-06T02:00;2025-06-06T02:15;9;EUR;MWh;NO;NO;;-24.99;-24.99;-24.99;-1;DOWN
2025-06-06T02:15;2025-06-06T02:30;10;EUR;MWh;NO;NO;;10;10;10;-1;DOWN
2025-06-06T02:30;2025-06-06T02:45;11;EUR;MWh;NO;NO;;10;10;10;-1;DOWN
2025-06-06T02:45;2025-06-06T03:00;12;EUR;MWh;NO;NO;;10;10;10;-1;DOWN
2025-06-06T03:00;2025-06-06T03:15;13;EUR;MWh;NO;NO;68.46;29;29;29;-1;DOWN
2025-06-06T03:15;2025-06-06T03:30;14;EUR;MWh;NO;NO;;10;10;10;-1;DOWN
2025-06-06T03:30;2025-06-06T03:45;15;EUR;MWh;NO;NO;;-27.49;-27.49;-27.49;-1;DOWN
2025-06-06T03:45;2025-06-06T04:00;16;EUR;MWh;NO;NO;;-27.39;-27.39;-27.39;-1;DOWN
2025-06-06T04:00;2025-06-06T04:15;17;EUR;MWh;NO;NO;;-36.5;-36.5;-36.5;-1;DOWN
2025-06-06T04:15;2025-06-06T04:30;18;EUR;MWh;NO;NO;;10;10;10;-1;DOWN
2025-06-06T04:30;2025-06-06T04:45;19;EUR;MWh;NO;NO;;9.57;9.57;9.57;-1;DOWN
2025-06-06T04:45;2025-06-06T05:00;20;EUR;MWh;NO;NO;;-15.11;-15.11;-15.11;-1;DOWN
2025-06-06T05:00;2025-06-06T05:15;21;EUR;MWh;NO;NO;58;-4.57;-4.57;-4.57;-1;DOWN
2025-06-06T05:15;2025-06-06T05:30;22;EUR;MWh;NO;NO;;10;10;10;-1;DOWN
2025-06-06T05:30;2025-06-06T05:45;23;EUR;MWh;NO;NO;;;0;0;-1;DOWN
2025-06-06T05:45;2025-06-06T06:00;24;EUR;MWh;NO;NO;58;44.53;44.53;44.53;-1;DOWN
2025-06-06T06:00;2025-06-06T06:15;25;EUR;MWh;NO;NO;;-21;-21;-21;-1;DOWN
2025-06-06T06:15;2025-06-06T06:30;26;EUR;MWh;NO;NO;;44.53;44.53;44.53;-1;DOWN
2025-06-06T06:30;2025-06-06T06:45;27;EUR;MWh;NO;NO;54;20;20;20;-1;DOWN
2025-06-06T06:45;2025-06-06T07:00;28;EUR;MWh;NO;NO;58;-19.4;58;-19.4;2;UP_AND_DOWN
2025-06-06T07:00;2025-06-06T07:15;29;EUR;MWh;NO;NO;93.68;10;93.68;93.68;1;UP
2025-06-06T07:15;2025-06-06T07:30;30;EUR;MWh;NO;NO;97;-15.6;97;-15.6;2;UP_AND_DOWN
2025-06-06T07:30;2025-06-06T07:45;31;EUR;MWh;NO;NO;58;-41.94;58;-41.94;2;UP_AND_DOWN
2025-06-06T07:45;2025-06-06T08:00;32;EUR;MWh;NO;NO;;-30;-30;-30;-1;DOWN
2025-06-06T08:00;2025-06-06T08:15;33;EUR;MWh;NO;NO;;-28.3;-28.3;-28.3;-1;DOWN
2025-06-06T08:15;2025-06-06T08:30;34;EUR;MWh;NO;NO;82.79;-28.3;82.79;-28.3;2;UP_AND_DOWN
2025-06-06T08:30;2025-06-06T08:45;35;EUR;MWh;NO;NO;;-30;-30;-30;-1;DOWN
2025-06-06T08:45;2025-06-06T09:00;36;EUR;MWh;NO;NO;;-30;-30;-30;-1;DOWN
2025-06-06T09:00;2025-06-06T09:15;37;EUR;MWh;NO;NO;81;-38;81;-38;2;UP_AND_DOWN
2025-06-06T09:15;2025-06-06T09:30;38;EUR;MWh;NO;NO;58;-80;63;-80;2;UP_AND_DOWN
2025-06-06T09:30;2025-06-06T09:45;39;EUR;MWh;NO;NO;81;-101.77;81;-101.77;2;UP_AND_DOWN
2025-06-06T09:45;2025-06-06T10:00;40;EUR;MWh;NO;NO;84.66;-100;84.66;-100;2;UP_AND_DOWN
2025-06-06T10:00;2025-06-06T10:15;41;EUR;MWh;NO;NO;150;-68.15;150;-68.15;2;UP_AND_DOWN
2025-06-06T10:15;2025-06-06T10:30;42;EUR;MWh;NO;NO;85.83;-35.69;85.83;-35.69;2;UP_AND_DOWN
2025-06-06T10:30;2025-06-06T10:45;43;EUR;MWh;NO;NO;;-49.71;-49.71;-49.71;-1;DOWN
2025-06-06T10:45;2025-06-06T11:00;44;EUR;MWh;NO;NO;58.56;-30;58.56;-30;2;UP_AND_DOWN
2025-06-06T11:00;2025-06-06T11:15;45;EUR;MWh;NO;NO;84;-29.42;84;-29.42;2;UP_AND_DOWN
2025-06-06T11:15;2025-06-06T11:30;46;EUR;MWh;NO;NO;1;-30;-30;-30;-1;DOWN
2025-06-06T11:30;2025-06-06T11:45;47;EUR;MWh;NO;NO;30;-30;35.5;-30;2;UP_AND_DOWN
2025-06-06T11:45;2025-06-06T12:00;48;EUR;MWh;NO;NO;70.92;-41.37;70.92;-41.37;2;UP_AND_DOWN
2025-06-06T12:00;2025-06-06T12:15;49;EUR;MWh;NO;NO;68.75;-55;68.75;-55;2;UP_AND_DOWN
2025-06-06T12:15;2025-06-06T12:30;50;EUR;MWh;NO;NO;23;-40;35.5;-40;2;UP_AND_DOWN
2025-06-06T12:30;2025-06-06T12:45;51;EUR;MWh;NO;NO;1;-41.9;-41.9;-41.9;-1;DOWN
2025-06-06T12:45;2025-06-06T13:00;52;EUR;MWh;NO;NO;112.8;-30;112.8;-30;2;UP_AND_DOWN
2025-06-06T13:00;2025-06-06T13:15;53;EUR;MWh;NO;NO;;-60;-60;-60;-1;DOWN
2025-06-06T13:15;2025-06-06T13:30;54;EUR;MWh;NO;NO;;-50;-50;-50;-1;DOWN
2025-06-06T13:30;2025-06-06T13:45;55;EUR;MWh;NO;NO;;-55;-55;-55;-1;DOWN
2025-06-06T13:45;2025-06-06T14:00;56;EUR;MWh;NO;NO;;-60;-60;-60;-1;DOWN
2025-06-06T14:00;2025-06-06T14:15;57;EUR;MWh;NO;NO;;-50.56;-50.56;-50.56;-1;DOWN
2025-06-06T14:15;2025-06-06T14:30;58;EUR;MWh;NO;NO;;-80.68;-80.68;-80.68;-1;DOWN
2025-06-06T14:30;2025-06-06T14:45;59;EUR;MWh;NO;NO;;-30;-30;-30;-1;DOWN
2025-06-06T14:45;2025-06-06T15:00;60;EUR;MWh;NO;NO;;-30;-30;-30;-1;DOWN
2025-06-06T15:00;2025-06-06T15:15;61;EUR;MWh;NO;NO;58.56;-49.33;58.56;-49.33;2;UP_AND_DOWN
2025-06-06T15:15;2025-06-06T15:30;62;EUR;MWh;NO;NO;92.73;-70;92.73;-70;2;UP_AND_DOWN
2025-06-06T15:30;2025-06-06T15:45;63;EUR;MWh;NO;NO;97;-49.04;97;-49.04;2;UP_AND_DOWN
2025-06-06T15:45;2025-06-06T16:00;64;EUR;MWh;NO;NO;95;;95;95;1;UP
2025-06-06T16:00;2025-06-06T16:15;65;EUR;MWh;NO;NO;84;-61.07;84;-61.07;2;UP_AND_DOWN
2025-06-06T16:15;2025-06-06T16:30;66;EUR;MWh;NO;NO;;-65;-65;-65;-1;DOWN
2025-06-06T16:30;2025-06-06T16:45;67;EUR;MWh;NO;NO;91;-18.5;91;-18.5;2;UP_AND_DOWN
2025-06-06T16:45;2025-06-06T17:00;68;EUR;MWh;NO;NO;108.56;10;108.56;108.56;1;UP
2025-06-06T17:00;2025-06-06T17:15;69;EUR;MWh;NO;NO;1895;-49;1895;-49;2;UP_AND_DOWN
2025-06-06T17:15;2025-06-06T17:30;70;EUR;MWh;NO;NO;1895;-30;1895;-30;2;UP_AND_DOWN
2025-06-06T17:30;2025-06-06T17:45;71;EUR;MWh;NO;NO;84;-42.63;84;-42.63;2;UP_AND_DOWN
2025-06-06T17:45;2025-06-06T18:00;72;EUR;MWh;NO;NO;82;10;82;10;2;UP_AND_DOWN
2025-06-06T18:00;2025-06-06T18:15;73;EUR;MWh;NO;NO;78.56;22;78.56;22;2;UP_AND_DOWN
2025-06-06T18:15;2025-06-06T18:30;74;EUR;MWh;NO;NO;68.56;19;68.56;19;2;UP_AND_DOWN
2025-06-06T18:30;2025-06-06T18:45;75;EUR;MWh;NO;NO;140;;140;140;1;UP
2025-06-06T18:45;2025-06-06T19:00;76;EUR;MWh;NO;NO;140;;140;140;1;UP
2025-06-06T19:00;2025-06-06T19:15;77;EUR;MWh;NO;NO;150.59;-29.9;150.59;-29.9;2;UP_AND_DOWN
2025-06-06T19:15;2025-06-06T19:30;78;EUR;MWh;NO;NO;78.56;73.68;78.56;61.61;2;UP_AND_DOWN
2025-06-06T19:30;2025-06-06T19:45;79;EUR;MWh;NO;NO;100.39;10;100.39;10;2;UP_AND_DOWN
2025-06-06T19:45;2025-06-06T20:00;80;EUR;MWh;NO;NO;58.56;37;95;37;2;UP_AND_DOWN
2025-06-06T20:00;2025-06-06T20:15;81;EUR;MWh;NO;NO;;45;45;45;-1;DOWN
2025-06-06T20:15;2025-06-06T20:30;82;EUR;MWh;NO;NO;103.51;76.98;103.51;67;2;UP_AND_DOWN
2025-06-06T20:30;2025-06-06T20:45;83;EUR;MWh;NO;NO;108.2;;108.2;108.2;1;UP
2025-06-06T20:45;2025-06-06T21:00;84;EUR;MWh;NO;NO;135.49;83.31;135.49;135.49;1;UP
2025-06-06T21:00;2025-06-06T21:15;85;EUR;MWh;NO;NO;135.49;63.72;63.72;63.72;-1;DOWN
2025-06-06T21:15;2025-06-06T21:30;86;EUR;MWh;NO;NO;;57.72;57.72;57.72;-1;DOWN
2025-06-06T21:30;2025-06-06T21:45;87;EUR;MWh;NO;NO;;76.15;76.15;76.15;-1;DOWN
2025-06-06T21:45;2025-06-06T22:00;88;EUR;MWh;NO;NO;96.39;83.31;96.39;67;2;UP_AND_DOWN
2025-06-06T22:00;2025-06-06T22:15;89;EUR;MWh;NO;NO;163.1;;163.1;163.1;1;UP
2025-06-06T22:15;2025-06-06T22:30;90;EUR;MWh;NO;NO;150;83;83;83;-1;DOWN
2025-06-06T22:30;2025-06-06T22:45;91;EUR;MWh;NO;NO;78.56;74;78.56;67;2;UP_AND_DOWN
2025-06-06T22:45;2025-06-06T23:00;92;EUR;MWh;NO;NO;;76.25;76.25;76.25;-1;DOWN
2025-06-06T23:00;2025-06-06T23:15;93;EUR;MWh;NO;NO;58.56;78.08;67;67;2;UP_AND_DOWN
2025-06-06T23:15;2025-06-06T23:30;94;EUR;MWh;NO;NO;92.9;63.82;92.9;63.82;2;UP_AND_DOWN
2025-06-06T23:30;2025-06-06T23:45;95;EUR;MWh;NO;NO;;63.72;63.72;63.72;-1;DOWN
2025-06-06T23:45;2025-06-07T00:00;96;EUR;MWh;NO;NO;58.56;68;68;68;-1;DOWN
2025-06-07T00:00;2025-06-07T00:15;1;EUR;MWh;NO;NO;200.46;;200.46;200.46;1;UP
2025-06-07T00:15;2025-06-07T00:30;2;EUR;MWh;NO;NO;115.1;35;115.1;35;2;UP_AND_DOWN
2025-06-07T00:30;2025-06-07T00:45;3;EUR;MWh;NO;NO;;45.17;45.17;45.17;-1;DOWN
2025-06-07T00:45;2025-06-07T01:00;4;EUR;MWh;NO;NO;;40;40;40;-1;DOWN
2025-06-07T01:00;2025-06-07T01:15;5;EUR;MWh;NO;NO;;65.1;65.1;65.1;-1;DOWN
2025-06-07T01:15;2025-06-07T01:30;6;EUR;MWh;NO;NO;97.8;82.85;97.8;70.71;2;UP_AND_DOWN
2025-06-07T01:30;2025-06-07T01:45;7;EUR;MWh;NO;NO;124;;124;124;1;UP
2025-06-07T01:45;2025-06-07T02:00;8;EUR;MWh;NO;NO;140;;140;140;1;UP
2025-06-07T02:00;2025-06-07T02:15;9;EUR;MWh;NO;NO;160;;160;160;1;UP
2025-06-07T02:15;2025-06-07T02:30;10;EUR;MWh;NO;NO;300;;300;300;1;UP
2025-06-07T02:30;2025-06-07T02:45;11;EUR;MWh;NO;NO;1662;;1662;1662;1;UP
2025-06-07T02:45;2025-06-07T03:00;12;EUR;MWh;NO;NO;146.2;;146.2;146.2;1;UP
2025-06-07T03:00;2025-06-07T03:15;13;EUR;MWh;NO;NO;155.28;;155.28;155.28;1;UP
2025-06-07T03:15;2025-06-07T03:30;14;EUR;MWh;NO;NO;125;;125;125;1;UP
2025-06-07T03:30;2025-06-07T03:45;15;EUR;MWh;NO;NO;147.5;;147.5;147.5;1;UP
2025-06-07T03:45;2025-06-07T04:00;16;EUR;MWh;NO;NO;137.8;;137.8;137.8;1;UP
2025-06-07T04:00;2025-06-07T04:15;17;EUR;MWh;NO;NO;100.2;;100.2;100.2;1;UP
2025-06-07T04:15;2025-06-07T04:30;18;EUR;MWh;NO;NO;138.92;;138.92;138.92;1;UP
2025-06-07T04:30;2025-06-07T04:45;19;EUR;MWh;NO;NO;147.5;;147.5;147.5;1;UP
2025-06-07T04:45;2025-06-07T05:00;20;EUR;MWh;NO;NO;108.56;;108.56;108.56;1;UP
2025-06-07T05:00;2025-06-07T05:15;21;EUR;MWh;NO;NO;86.41;;86.41;86.41;1;UP
2025-06-07T05:15;2025-06-07T05:30;22;EUR;MWh;NO;NO;97.51;63.71;97.51;63.71;2;UP_AND_DOWN
2025-06-07T05:30;2025-06-07T05:45;23;EUR;MWh;NO;NO;;85.2;85.2;85.2;-1;DOWN
2025-06-07T05:45;2025-06-07T06:00;24;EUR;MWh;NO;NO;78.56;85.2;78.56;71.88;2;UP_AND_DOWN
2025-06-07T06:00;2025-06-07T06:15;25;EUR;MWh;NO;NO;140.1;;140.1;140.1;1;UP
2025-06-07T06:15;2025-06-07T06:30;26;EUR;MWh;NO;NO;144.5;;144.5;144.5;1;UP
2025-06-07T06:30;2025-06-07T06:45;27;EUR;MWh;NO;NO;160;;160;160;1;UP
2025-06-07T06:45;2025-06-07T07:00;28;EUR;MWh;NO;NO;226;;226;226;1;UP
2025-06-07T07:00;2025-06-07T07:15;29;EUR;MWh;NO;NO;1662;;1662;1662;1;UP
2025-06-07T07:15;2025-06-07T07:30;30;EUR;MWh;NO;NO;118.69;;118.69;118.69;1;UP
2025-06-07T07:30;2025-06-07T07:45;31;EUR;MWh;NO;NO;78.56;49.01;221.97;49.01;2;UP_AND_DOWN
2025-06-07T07:45;2025-06-07T08:00;32;EUR;MWh;NO;NO;;-30;-30;-30;-1;DOWN
2025-06-07T08:00;2025-06-07T08:15;33;EUR;MWh;NO;NO;;-30;-30;-30;-1;DOWN
2025-06-07T08:15;2025-06-07T08:30;34;EUR;MWh;NO;NO;;65;65;65;-1;DOWN
2025-06-07T08:30;2025-06-07T08:45;35;EUR;MWh;NO;NO;;47;47;47;-1;DOWN
2025-06-07T08:45;2025-06-07T09:00;36;EUR;MWh;NO;NO;;-13.52;-13.52;-13.52;-1;DOWN
2025-06-07T09:00;2025-06-07T09:15;37;EUR;MWh;NO;NO;;;0;0;-1;DOWN
2025-06-07T09:15;2025-06-07T09:30;38;EUR;MWh;NO;NO;;-30;-30;-30;-1;DOWN
2025-06-07T09:30;2025-06-07T09:45;39;EUR;MWh;NO;NO;;-29.9;-29.9;-29.9;-1;DOWN
2025-06-07T09:45;2025-06-07T10:00;40;EUR;MWh;NO;NO;;-27.1;-27.1;-27.1;-1;DOWN
2025-06-07T10:00;2025-06-07T10:15;41;EUR;MWh;NO;NO;;-100;-100;-100;-1;DOWN
2025-06-07T10:15;2025-06-07T10:30;42;EUR;MWh;NO;NO;;-49.9;-49.9;-49.9;-1;DOWN
2025-06-07T10:30;2025-06-07T10:45;43;EUR;MWh;NO;NO;;-100;-100;-100;-1;DOWN
2025-06-07T10:45;2025-06-07T11:00;44;EUR;MWh;NO;NO;;-100;-100;-100;-1;DOWN
2025-06-07T11:00;2025-06-07T11:15;45;EUR;MWh;NO;NO;;-112.52;-112.52;-112.52;-1;DOWN
2025-06-07T11:15;2025-06-07T11:30;46;EUR;MWh;NO;NO;;-520.39;-520.39;-520.39;-1;DOWN
2025-06-07T11:30;2025-06-07T11:45;47;EUR;MWh;NO;NO;;-521.62;-521.62;-521.62;-1;DOWN
2025-06-07T11:45;2025-06-07T12:00;48;EUR;MWh;NO;NO;83.05;-514.74;83.05;-514.74;2;UP_AND_DOWN
2025-06-07T12:00;2025-06-07T12:15;49;EUR;MWh;NO;NO;83.05;-70;83.05;-70;2;UP_AND_DOWN
2025-06-07T12:15;2025-06-07T12:30;50;EUR;MWh;NO;NO;35.89;-27.49;49;-27.49;2;UP_AND_DOWN
2025-06-07T12:30;2025-06-07T12:45;51;EUR;MWh;NO;NO;108.56;66;108.56;49;2;UP_AND_DOWN
2025-06-07T12:45;2025-06-07T13:00;52;EUR;MWh;NO;NO;125;10;125;10;2;UP_AND_DOWN
2025-06-07T13:00;2025-06-07T13:15;53;EUR;MWh;NO;NO;160;;160;160;1;UP
2025-06-07T13:15;2025-06-07T13:30;54;EUR;MWh;NO;NO;58.56;-25.29;62.68;-25.29;2;UP_AND_DOWN
2025-06-07T13:30;2025-06-07T13:45;55;EUR;MWh;NO;NO;58.36;-60;-60;-60;-1;DOWN
2025-06-07T13:45;2025-06-07T14:00;56;EUR;MWh;NO;NO;30.1;-66.89;-66.89;-66.89;-1;DOWN
2025-06-07T14:00;2025-06-07T14:15;57;EUR;MWh;NO;NO;;-41;-41;-41;-1;DOWN
2025-06-07T14:15;2025-06-07T14:30;58;EUR;MWh;NO;NO;;-60;-60;-60;-1;DOWN
2025-06-07T14:30;2025-06-07T14:45;59;EUR;MWh;NO;NO;31;-60;-60;-60;-1;DOWN
2025-06-07T14:45;2025-06-07T15:00;60;EUR;MWh;NO;NO;;-27.29;-27.29;-27.29;-1;DOWN
2025-06-07T15:00;2025-06-07T15:15;61;EUR;MWh;NO;NO;;-100;-100;-100;-1;DOWN
2025-06-07T15:15;2025-06-07T15:30;62;EUR;MWh;NO;NO;;-70;-70;-70;-1;DOWN
2025-06-07T15:30;2025-06-07T15:45;63;EUR;MWh;NO;NO;;-70;-70;-70;-1;DOWN
2025-06-07T15:45;2025-06-07T16:00;64;EUR;MWh;NO;NO;;-30;-30;-30;-1;DOWN
2025-06-07T16:00;2025-06-07T16:15;65;EUR;MWh;NO;NO;67.36;-50;67.36;-50;2;UP_AND_DOWN
2025-06-07T16:15;2025-06-07T16:30;66;EUR;MWh;NO;NO;78.56;-30;78.56;-30;2;UP_AND_DOWN
2025-06-07T16:30;2025-06-07T16:45;67;EUR;MWh;NO;NO;78.46;-19.86;78.46;-19.86;2;UP_AND_DOWN
2025-06-07T16:45;2025-06-07T17:00;68;EUR;MWh;NO;NO;;-30;-30;-30;-1;DOWN
2025-06-07T17:00;2025-06-07T17:15;69;EUR;MWh;NO;NO;93.91;-498.1;93.91;-498.1;2;UP_AND_DOWN
2025-06-07T17:15;2025-06-07T17:30;70;EUR;MWh;NO;NO;78.56;43;78.56;78.56;1;UP
2025-06-07T17:30;2025-06-07T17:45;71;EUR;MWh;NO;NO;36;-14.51;-14.51;-14.51;-1;DOWN
2025-06-07T17:45;2025-06-07T18:00;72;EUR;MWh;NO;NO;36;67;36;36;1;UP
2025-06-07T18:00;2025-06-07T18:15;73;EUR;MWh;NO;NO;93.81;;93.81;93.81;1;UP
2025-06-07T18:15;2025-06-07T18:30;74;EUR;MWh;NO;NO;156.4;;156.4;156.4;1;UP
2025-06-07T18:30;2025-06-07T18:45;75;EUR;MWh;NO;NO;149.9;82.85;149.9;149.9;1;UP
2025-06-07T18:45;2025-06-07T19:00;76;EUR;MWh;NO;NO;39;-49;60.83;-49;2;UP_AND_DOWN
2025-06-07T19:00;2025-06-07T19:15;77;EUR;MWh;NO;NO;;10;10;10;-1;DOWN
2025-06-07T19:15;2025-06-07T19:30;78;EUR;MWh;NO;NO;;10;10;10;-1;DOWN
2025-06-07T19:30;2025-06-07T19:45;79;EUR;MWh;NO;NO;58.56;25.1;25.1;25.1;-1;DOWN
2025-06-07T19:45;2025-06-07T20:00;80;EUR;MWh;NO;NO;58;85.9;71.95;71.95;2;UP_AND_DOWN
2025-06-07T20:00;2025-06-07T20:15;81;EUR;MWh;NO;NO;45;43;43;43;-1;DOWN
2025-06-07T20:15;2025-06-07T20:30;82;EUR;MWh;NO;NO;;68;68;68;-1;DOWN
2025-06-07T20:30;2025-06-07T20:45;83;EUR;MWh;NO;NO;;28.5;28.5;28.5;-1;DOWN
2025-06-07T20:45;2025-06-07T21:00;84;EUR;MWh;NO;NO;;63.91;63.91;63.91;-1;DOWN
2025-06-07T21:00;2025-06-07T21:15;85;EUR;MWh;NO;NO;58.56;73.25;73.25;73.25;-1;DOWN
2025-06-07T21:15;2025-06-07T21:30;86;EUR;MWh;NO;NO;74;78.47;78.47;78.47;-1;DOWN
2025-06-07T21:30;2025-06-07T21:45;87;EUR;MWh;NO;NO;157.97;82.87;157.97;72.23;2;UP_AND_DOWN
2025-06-07T21:45;2025-06-07T22:00;88;EUR;MWh;NO;NO;160.45;;160.45;160.45;1;UP
2025-06-07T22:00;2025-06-07T22:15;89;EUR;MWh;NO;NO;393;;393;393;1;UP
2025-06-07T22:15;2025-06-07T22:30;90;EUR;MWh;NO;NO;112.9;77.9;77.9;77.9;-1;DOWN
2025-06-07T22:30;2025-06-07T22:45;91;EUR;MWh;NO;NO;93.91;47;93.91;47;2;UP_AND_DOWN
2025-06-07T22:45;2025-06-07T23:00;92;EUR;MWh;NO;NO;;16.6;16.6;16.6;-1;DOWN
2025-06-07T23:00;2025-06-07T23:15;93;EUR;MWh;NO;NO;111.9;-30;111.9;-30;2;UP_AND_DOWN
2025-06-07T23:15;2025-06-07T23:30;94;EUR;MWh;NO;NO;99.21;73.35;99.21;66.95;2;UP_AND_DOWN
2025-06-07T23:30;2025-06-07T23:45;95;EUR;MWh;NO;NO;;70.25;70.25;70.25;-1;DOWN
2025-06-07T23:45;2025-06-08T00:00;96;EUR;MWh;NO;NO;97.6;82.9;97.6;66.95;2;UP_AND_DOWN
2025-06-08T00:00;2025-06-08T00:15;1;EUR;MWh;NO;NO;99;43.74;99;43.74;2;UP_AND_DOWN
2025-06-08T00:15;2025-06-08T00:30;2;EUR;MWh;NO;NO;;38.68;38.68;38.68;-1;DOWN
2025-06-08T00:30;2025-06-08T00:45;3;EUR;MWh;NO;NO;;-30;-30;-30;-1;DOWN
2025-06-08T00:45;2025-06-08T01:00;4;EUR;MWh;NO;NO;;-60;-60;-60;-1;DOWN
2025-06-08T01:00;2025-06-08T01:15;5;EUR;MWh;NO;NO;;-12.39;-12.39;-12.39;-1;DOWN
2025-06-08T01:15;2025-06-08T01:30;6;EUR;MWh;NO;NO;;-30;-30;-30;-1;DOWN
2025-06-08T01:30;2025-06-08T01:45;7;EUR;MWh;NO;NO;93.71;-30;93.71;-30;2;UP_AND_DOWN
2025-06-08T01:45;2025-06-08T02:00;8;EUR;MWh;NO;NO;96.4;10;96.4;10;2;UP_AND_DOWN
2025-06-08T02:00;2025-06-08T02:15;9;EUR;MWh;NO;NO;93.61;-29.8;93.61;-29.8;2;UP_AND_DOWN
2025-06-08T02:15;2025-06-08T02:30;10;EUR;MWh;NO;NO;;-60;-60;-60;-1;DOWN
2025-06-08T02:30;2025-06-08T02:45;11;EUR;MWh;NO;NO;;-29.6;-29.6;-29.6;-1;DOWN
2025-06-08T02:45;2025-06-08T03:00;12;EUR;MWh;NO;NO;;-499.5;-499.5;-499.5;-1;DOWN
2025-06-08T03:00;2025-06-08T03:15;13;EUR;MWh;NO;NO;;-100.1;-100.1;-100.1;-1;DOWN
2025-06-08T03:15;2025-06-08T03:30;14;EUR;MWh;NO;NO;;-116.95;-116.95;-116.95;-1;DOWN
2025-06-08T03:30;2025-06-08T03:45;15;EUR;MWh;NO;NO;;-117.68;-117.68;-117.68;-1;DOWN
2025-06-08T03:45;2025-06-08T04:00;16;EUR;MWh;NO;NO;;-60;-60;-60;-1;DOWN
2025-06-08T04:00;2025-06-08T04:15;17;EUR;MWh;NO;NO;;-48;-48;-48;-1;DOWN
2025-06-08T04:15;2025-06-08T04:30;18;EUR;MWh;NO;NO;;-98.22;-98.22;-98.22;-1;DOWN
2025-06-08T04:30;2025-06-08T04:45;19;EUR;MWh;NO;NO;;-30;-30;-30;-1;DOWN
2025-06-08T04:45;2025-06-08T05:00;20;EUR;MWh;NO;NO;;-100;-100;-100;-1;DOWN
2025-06-08T05:00;2025-06-08T05:15;21;EUR;MWh;NO;NO;;-499.9;-499.9;-499.9;-1;DOWN
2025-06-08T05:15;2025-06-08T05:30;22;EUR;MWh;NO;NO;;-100;-100;-100;-1;DOWN
2025-06-08T05:30;2025-06-08T05:45;23;EUR;MWh;NO;NO;;-60;-60;-60;-1;DOWN
2025-06-08T05:45;2025-06-08T06:00;24;EUR;MWh;NO;NO;31;-30;-30;-30;-1;DOWN
2025-06-08T06:00;2025-06-08T06:15;25;EUR;MWh;NO;NO;58.66;-30;58.66;-30;2;UP_AND_DOWN
2025-06-08T06:15;2025-06-08T06:30;26;EUR;MWh;NO;NO;;-30;-30;-30;-1;DOWN
2025-06-08T06:30;2025-06-08T06:45;27;EUR;MWh;NO;NO;;10;10;10;-1;DOWN
2025-06-08T06:45;2025-06-08T07:00;28;EUR;MWh;NO;NO;31;10;43.06;10;2;UP_AND_DOWN
2025-06-08T07:00;2025-06-08T07:15;29;EUR;MWh;NO;NO;;-30;-30;-30;-1;DOWN
2025-06-08T07:15;2025-06-08T07:30;30;EUR;MWh;NO;NO;;-47.68;-47.68;-47.68;-1;DOWN
2025-06-08T07:30;2025-06-08T07:45;31;EUR;MWh;NO;NO;;-23.39;-23.39;-23.39;-1;DOWN
2025-06-08T07:45;2025-06-08T08:00;32;EUR;MWh;NO;NO;58.66;55.11;58.66;43.06;2;UP_AND_DOWN
2025-06-08T08:00;2025-06-08T08:15;33;EUR;MWh;NO;NO;31;-29.9;49.5;-29.9;2;UP_AND_DOWN
2025-06-08T08:15;2025-06-08T08:30;34;EUR;MWh;NO;NO;58.56;5;58.56;5;2;UP_AND_DOWN
2025-06-08T08:30;2025-06-08T08:45;35;EUR;MWh;NO;NO;30;5;5;5;-1;DOWN
2025-06-08T08:45;2025-06-08T09:00;36;EUR;MWh;NO;NO;;-70;-70;-70;-1;DOWN
2025-06-08T09:00;2025-06-08T09:15;37;EUR;MWh;NO;NO;123.8;-27.92;123.8;-27.92;2;UP_AND_DOWN
2025-06-08T09:15;2025-06-08T09:30;38;EUR;MWh;NO;NO;87.34;;87.34;87.34;1;UP
2025-06-08T09:30;2025-06-08T09:45;39;EUR;MWh;NO;NO;32;;32;32;1;UP
2025-06-08T09:45;2025-06-08T10:00;40;EUR;MWh;NO;NO;35;;35;35;1;UP
2025-06-08T10:00;2025-06-08T10:15;41;EUR;MWh;NO;NO;68.56;;68.56;68.56;1;UP
2025-06-08T10:15;2025-06-08T10:30;42;EUR;MWh;NO;NO;99.34;10;99.34;10;2;UP_AND_DOWN
2025-06-08T10:30;2025-06-08T10:45;43;EUR;MWh;NO;NO;41;5;41;5;2;UP_AND_DOWN
2025-06-08T10:45;2025-06-08T11:00;44;EUR;MWh;NO;NO;42;-67.76;42;-67.76;2;UP_AND_DOWN
2025-06-08T11:00;2025-06-08T11:15;45;EUR;MWh;NO;NO;58.56;-66.73;58.56;-66.73;2;UP_AND_DOWN
2025-06-08T11:15;2025-06-08T11:30;46;EUR;MWh;NO;NO;91.44;-13.42;91.44;-13.42;2;UP_AND_DOWN
2025-06-08T11:30;2025-06-08T11:45;47;EUR;MWh;NO;NO;;-50;-50;-50;-1;DOWN
2025-06-08T11:45;2025-06-08T12:00;48;EUR;MWh;NO;NO;;-69.09;-69.09;-69.09;-1;DOWN
2025-06-08T12:00;2025-06-08T12:15;49;EUR;MWh;NO;NO;;-60;-60;-60;-1;DOWN
2025-06-08T12:15;2025-06-08T12:30;50;EUR;MWh;NO;NO;;5;5;5;-1;DOWN
2025-06-08T12:30;2025-06-08T12:45;51;EUR;MWh;NO;NO;;10;10;10;-1;DOWN
2025-06-08T12:45;2025-06-08T13:00;52;EUR;MWh;NO;NO;;-50;-50;-50;-1;DOWN
2025-06-08T13:00;2025-06-08T13:15;53;EUR;MWh;NO;NO;;-60;-60;-60;-1;DOWN
2025-06-08T13:15;2025-06-08T13:30;54;EUR;MWh;NO;NO;1;-50;30;-50;2;UP_AND_DOWN
2025-06-08T13:30;2025-06-08T13:45;55;EUR;MWh;NO;NO;;-30;-30;-30;-1;DOWN
2025-06-08T13:45;2025-06-08T14:00;56;EUR;MWh;NO;NO;;-50;-50;-50;-1;DOWN
2025-06-08T14:00;2025-06-08T14:15;57;EUR;MWh;NO;NO;90.07;-11;90.07;-11;2;UP_AND_DOWN
2025-06-08T14:15;2025-06-08T14:30;58;EUR;MWh;NO;NO;1;-50;-50;-50;-1;DOWN
2025-06-08T14:30;2025-06-08T14:45;59;EUR;MWh;NO;NO;;-52;-52;-52;-1;DOWN
2025-06-08T14:45;2025-06-08T15:00;60;EUR;MWh;NO;NO;;-11;-11;-11;-1;DOWN
2025-06-08T15:00;2025-06-08T15:15;61;EUR;MWh;NO;NO;;-30;-30;-30;-1;DOWN
2025-06-08T15:15;2025-06-08T15:30;62;EUR;MWh;NO;NO;;-30;-30;-30;-1;DOWN
2025-06-08T15:30;2025-06-08T15:45;63;EUR;MWh;NO;NO;62.29;9.57;62.29;9.57;2;UP_AND_DOWN
2025-06-08T15:45;2025-06-08T16:00;64;EUR;MWh;NO;NO;32;-11;32;-11;2;UP_AND_DOWN
2025-06-08T16:00;2025-06-08T16:15;65;EUR;MWh;NO;NO;48.49;-27.49;48.49;-27.49;2;UP_AND_DOWN
2025-06-08T16:15;2025-06-08T16:30;66;EUR;MWh;NO;NO;1;-27.49;-27.49;-27.49;-1;DOWN
2025-06-08T16:30;2025-06-08T16:45;67;EUR;MWh;NO;NO;93.24;5;93.24;5;2;UP_AND_DOWN
2025-06-08T16:45;2025-06-08T17:00;68;EUR;MWh;NO;NO;68.46;10;68.46;10;2;UP_AND_DOWN
2025-06-08T17:00;2025-06-08T17:15;69;EUR;MWh;NO;NO;62.3;5;62.3;5;2;UP_AND_DOWN
2025-06-08T17:15;2025-06-08T17:30;70;EUR;MWh;NO;NO;62.96;-50;62.96;-50;2;UP_AND_DOWN
2025-06-08T17:30;2025-06-08T17:45;71;EUR;MWh;NO;NO;62.32;-27.49;62.32;-27.49;2;UP_AND_DOWN
2025-06-08T17:45;2025-06-08T18:00;72;EUR;MWh;NO;NO;98.1;-27.49;98.1;-27.49;2;UP_AND_DOWN
2025-06-08T18:00;2025-06-08T18:15;73;EUR;MWh;NO;NO;98;-50;98;-50;2;UP_AND_DOWN
2025-06-08T18:15;2025-06-08T18:30;74;EUR;MWh;NO;NO;;-49.8;-49.8;-49.8;-1;DOWN
2025-06-08T18:30;2025-06-08T18:45;75;EUR;MWh;NO;NO;;-42;-42;-42;-1;DOWN
2025-06-08T18:45;2025-06-08T19:00;76;EUR;MWh;NO;NO;;10;10;10;-1;DOWN
2025-06-08T19:00;2025-06-08T19:15;77;EUR;MWh;NO;NO;36;-541.53;53;-541.53;2;UP_AND_DOWN
2025-06-08T19:15;2025-06-08T19:30;78;EUR;MWh;NO;NO;;-50;-50;-50;-1;DOWN
2025-06-08T19:30;2025-06-08T19:45;79;EUR;MWh;NO;NO;58.56;-80;58.56;-80;2;UP_AND_DOWN
2025-06-08T19:45;2025-06-08T20:00;80;EUR;MWh;NO;NO;34;;0;0;-1;DOWN
2025-06-08T20:00;2025-06-08T20:15;81;EUR;MWh;NO;NO;48;-2.68;-2.68;-2.68;-1;DOWN
2025-06-08T20:15;2025-06-08T20:30;82;EUR;MWh;NO;NO;48;-2.4;-2.4;-2.4;-1;DOWN
2025-06-08T20:30;2025-06-08T20:45;83;EUR;MWh;NO;NO;48;;57.17;0;2;UP_AND_DOWN
2025-06-08T20:45;2025-06-08T21:00;84;EUR;MWh;NO;NO;48;.1;.1;.1;-1;DOWN
2025-06-08T21:00;2025-06-08T21:15;85;EUR;MWh;NO;NO;;-30;-30;-30;-1;DOWN
2025-06-08T21:15;2025-06-08T21:30;86;EUR;MWh;NO;NO;41;70;70;70;-1;DOWN
2025-06-08T21:30;2025-06-08T21:45;87;EUR;MWh;NO;NO;44;70.34;70.34;70.34;-1;DOWN
2025-06-08T21:45;2025-06-08T22:00;88;EUR;MWh;NO;NO;43;82.47;82.47;82.47;-1;DOWN
2025-06-08T22:00;2025-06-08T22:15;89;EUR;MWh;NO;NO;68.56;55.11;68.56;55.11;2;UP_AND_DOWN
2025-06-08T22:15;2025-06-08T22:30;90;EUR;MWh;NO;NO;;-30;-30;-30;-1;DOWN
2025-06-08T22:30;2025-06-08T22:45;91;EUR;MWh;NO;NO;;10;10;10;-1;DOWN
2025-06-08T22:45;2025-06-08T23:00;92;EUR;MWh;NO;NO;;-14;-14;-14;-1;DOWN
2025-06-08T23:00;2025-06-08T23:15;93;EUR;MWh;NO;NO;;;0;0;-1;DOWN
2025-06-08T23:15;2025-06-08T23:30;94;EUR;MWh;NO;NO;;-30;-30;-30;-1;DOWN
2025-06-08T23:30;2025-06-08T23:45;95;EUR;MWh;NO;NO;;-50;-50;-50;-1;DOWN
2025-06-08T23:45;2025-06-09T00:00;96;EUR;MWh;NO;NO;;-30;-30;-30;-1;DOWN
2025-06-09T00:00;2025-06-09T00:15;1;EUR;MWh;NO;NO;;-13;-13;-13;-1;DOWN
2025-06-09T00:15;2025-06-09T00:30;2;EUR;MWh;NO;NO;45;30;30;30;-1;DOWN
2025-06-09T00:30;2025-06-09T00:45;3;EUR;MWh;NO;NO;;-23.33;-23.33;-23.33;-1;DOWN
2025-06-09T00:45;2025-06-09T01:00;4;EUR;MWh;NO;NO;98;-30;98;-30;2;UP_AND_DOWN
2025-06-09T01:00;2025-06-09T01:15;5;EUR;MWh;NO;NO;150;-30;150;150;1;UP
2025-06-09T01:15;2025-06-09T01:30;6;EUR;MWh;NO;NO;88.36;10;10;10;-1;DOWN
2025-06-09T01:30;2025-06-09T01:45;7;EUR;MWh;NO;NO;88.46;10;88.46;10;2;UP_AND_DOWN
2025-06-09T01:45;2025-06-09T02:00;8;EUR;MWh;NO;NO;126.31;;126.31;126.31;1;UP
2025-06-09T02:00;2025-06-09T02:15;9;EUR;MWh;NO;NO;97;;97;97;1;UP
2025-06-09T02:15;2025-06-09T02:30;10;EUR;MWh;NO;NO;99.04;;99.04;99.04;1;UP
2025-06-09T02:30;2025-06-09T02:45;11;EUR;MWh;NO;NO;99.25;;99.25;99.25;1;UP
2025-06-09T02:45;2025-06-09T03:00;12;EUR;MWh;NO;NO;99.45;;99.45;99.45;1;UP
2025-06-09T03:00;2025-06-09T03:15;13;EUR;MWh;NO;NO;93.25;;93.25;93.25;1;UP
2025-06-09T03:15;2025-06-09T03:30;14;EUR;MWh;NO;NO;63.86;49;63.86;49;2;UP_AND_DOWN
2025-06-09T03:30;2025-06-09T03:45;15;EUR;MWh;NO;NO;68.36;55.11;61.74;61.74;0;STABLE
2025-06-09T03:45;2025-06-09T04:00;16;EUR;MWh;NO;NO;93.45;;93.45;93.45;1;UP
2025-06-09T04:00;2025-06-09T04:15;17;EUR;MWh;NO;NO;68.56;;68.56;68.56;1;UP
2025-06-09T04:15;2025-06-09T04:30;18;EUR;MWh;NO;NO;;;68.28;68.28;0;STABLE
2025-06-09T04:30;2025-06-09T04:45;19;EUR;MWh;NO;NO;68.56;;68.56;68.56;1;UP
2025-06-09T04:45;2025-06-09T05:00;20;EUR;MWh;NO;NO;68.56;50;68.56;50;2;UP_AND_DOWN
2025-06-09T05:00;2025-06-09T05:15;21;EUR;MWh;NO;NO;;48;48;48;-1;DOWN
2025-06-09T05:15;2025-06-09T05:30;22;EUR;MWh;NO;NO;;68;68.28;68.28;0;STABLE
2025-06-09T05:30;2025-06-09T05:45;23;EUR;MWh;NO;NO;;50;68.28;68.28;0;STABLE
2025-06-09T05:45;2025-06-09T06:00;24;EUR;MWh;NO;NO;;50;50;50;-1;DOWN
2025-06-09T06:00;2025-06-09T06:15;25;EUR;MWh;NO;NO;98;49;98;98;1;UP
2025-06-09T06:15;2025-06-09T06:30;26;EUR;MWh;NO;NO;96.8;;96.8;96.8;1;UP
2025-06-09T06:30;2025-06-09T06:45;27;EUR;MWh;NO;NO;96.9;;96.9;96.9;1;UP
2025-06-09T06:45;2025-06-09T07:00;28;EUR;MWh;NO;NO;68.56;;68.56;68.56;1;UP
2025-06-09T07:00;2025-06-09T07:15;29;EUR;MWh;NO;NO;140;;140;140;1;UP
2025-06-09T07:15;2025-06-09T07:30;30;EUR;MWh;NO;NO;88;;88;88;1;UP
2025-06-09T07:30;2025-06-09T07:45;31;EUR;MWh;NO;NO;86.48;;86.48;86.48;1;UP
2025-06-09T07:45;2025-06-09T08:00;32;EUR;MWh;NO;NO;30;;0;0;-1;DOWN
2025-06-09T08:00;2025-06-09T08:15;33;EUR;MWh;NO;NO;;-5;-5;-5;-1;DOWN
2025-06-09T08:15;2025-06-09T08:30;34;EUR;MWh;NO;NO;;-50;-50;-50;-1;DOWN
2025-06-09T08:30;2025-06-09T08:45;35;EUR;MWh;NO;NO;;-30;-30;-30;-1;DOWN
2025-06-09T08:45;2025-06-09T09:00;36;EUR;MWh;NO;NO;;-29.59;-29.59;-29.59;-1;DOWN
2025-06-09T09:00;2025-06-09T09:15;37;EUR;MWh;NO;NO;;10;10;10;-1;DOWN
2025-06-09T09:15;2025-06-09T09:30;38;EUR;MWh;NO;NO;87.4;10;87.4;10;2;UP_AND_DOWN
2025-06-09T09:30;2025-06-09T09:45;39;EUR;MWh;NO;NO;;-70;-70;-70;-1;DOWN
2025-06-09T09:45;2025-06-09T10:00;40;EUR;MWh;NO;NO;;-70;-70;-70;-1;DOWN
2025-06-09T10:00;2025-06-09T10:15;41;EUR;MWh;NO;NO;30;10;50;10;2;UP_AND_DOWN
2025-06-09T10:15;2025-06-09T10:30;42;EUR;MWh;NO;NO;1;40;35.5;35.5;2;UP_AND_DOWN
2025-06-09T10:30;2025-06-09T10:45;43;EUR;MWh;NO;NO;1;;1;1;1;UP
2025-06-09T10:45;2025-06-09T11:00;44;EUR;MWh;NO;NO;45;10;45;10;2;UP_AND_DOWN
2025-06-09T11:00;2025-06-09T11:15;45;EUR;MWh;NO;NO;77.61;10;77.61;10;2;UP_AND_DOWN
2025-06-09T11:15;2025-06-09T11:30;46;EUR;MWh;NO;NO;30;-22;35.5;-22;2;UP_AND_DOWN
2025-06-09T11:30;2025-06-09T11:45;47;EUR;MWh;NO;NO;;10;10;10;-1;DOWN
2025-06-09T11:45;2025-06-09T12:00;48;EUR;MWh;NO;NO;47;10;47;10;2;UP_AND_DOWN
2025-06-09T12:00;2025-06-09T12:15;49;EUR;MWh;NO;NO;113.5;;113.5;113.5;1;UP
2025-06-09T12:15;2025-06-09T12:30;50;EUR;MWh;NO;NO;51;70;51;51;1;UP
2025-06-09T12:30;2025-06-09T12:45;51;EUR;MWh;NO;NO;63.99;;63.99;63.99;1;UP
2025-06-09T12:45;2025-06-09T13:00;52;EUR;MWh;NO;NO;58;;58;58;1;UP
2025-06-09T13:00;2025-06-09T13:15;53;EUR;MWh;NO;NO;94.16;;94.16;94.16;1;UP
2025-06-09T13:15;2025-06-09T13:30;54;EUR;MWh;NO;NO;77.56;;77.56;77.56;1;UP
2025-06-09T13:30;2025-06-09T13:45;55;EUR;MWh;NO;NO;67.01;;67.01;67.01;1;UP
2025-06-09T13:45;2025-06-09T14:00;56;EUR;MWh;NO;NO;62.51;10;62.51;62.51;1;UP
2025-06-09T14:00;2025-06-09T14:15;57;EUR;MWh;NO;NO;1;;1;1;1;UP
2025-06-09T14:15;2025-06-09T14:30;58;EUR;MWh;NO;NO;58;12;58;12;2;UP_AND_DOWN
2025-06-09T14:30;2025-06-09T14:45;59;EUR;MWh;NO;NO;1;-30;-30;-30;-1;DOWN
2025-06-09T14:45;2025-06-09T15:00;60;EUR;MWh;NO;NO;;-29.9;-29.9;-29.9;-1;DOWN
2025-06-09T15:00;2025-06-09T15:15;61;EUR;MWh;NO;NO;1;15.57;15.57;15.57;-1;DOWN
2025-06-09T15:15;2025-06-09T15:30;62;EUR;MWh;NO;NO;1;10;35.5;10;2;UP_AND_DOWN
2025-06-09T15:30;2025-06-09T15:45;63;EUR;MWh;NO;NO;;-25;-25;-25;-1;DOWN
2025-06-09T15:45;2025-06-09T16:00;64;EUR;MWh;NO;NO;49;15.57;49;15.57;2;UP_AND_DOWN
2025-06-09T16:00;2025-06-09T16:15;65;EUR;MWh;NO;NO;86.56;;86.56;86.56;1;UP
2025-06-09T16:15;2025-06-09T16:30;66;EUR;MWh;NO;NO;84.48;70;84.48;84.48;1;UP
2025-06-09T16:30;2025-06-09T16:45;67;EUR;MWh;NO;NO;63.87;-30;63.87;-30;2;UP_AND_DOWN
2025-06-09T16:45;2025-06-09T17:00;68;EUR;MWh;NO;NO;68.36;-58;68.36;-58;2;UP_AND_DOWN
2025-06-09T17:00;2025-06-09T17:15;69;EUR;MWh;NO;NO;82.85;-98.9;82.85;-98.9;2;UP_AND_DOWN
2025-06-09T17:15;2025-06-09T17:30;70;EUR;MWh;NO;NO;97;-41.9;97;-41.9;2;UP_AND_DOWN
2025-06-09T17:30;2025-06-09T17:45;71;EUR;MWh;NO;NO;99.48;10;99.48;10;2;UP_AND_DOWN
2025-06-09T17:45;2025-06-09T18:00;72;EUR;MWh;NO;NO;93.48;-30;93.48;-30;2;UP_AND_DOWN
2025-06-09T18:00;2025-06-09T18:15;73;EUR;MWh;NO;NO;;-49;-49;-49;-1;DOWN
2025-06-09T18:15;2025-06-09T18:30;74;EUR;MWh;NO;NO;97.9;-49;97.9;-49;2;UP_AND_DOWN
2025-06-09T18:30;2025-06-09T18:45;75;EUR;MWh;NO;NO;124.4;-29.9;124.4;-29.9;2;UP_AND_DOWN
2025-06-09T18:45;2025-06-09T19:00;76;EUR;MWh;NO;NO;126.4;;126.4;126.4;1;UP
2025-06-09T19:00;2025-06-09T19:15;77;EUR;MWh;NO;NO;124.3;;124.3;124.3;1;UP
2025-06-09T19:15;2025-06-09T19:30;78;EUR;MWh;NO;NO;124.2;;124.2;124.2;1;UP
2025-06-09T19:30;2025-06-09T19:45;79;EUR;MWh;NO;NO;124.2;;124.2;124.2;1;UP
2025-06-09T19:45;2025-06-09T20:00;80;EUR;MWh;NO;NO;140;;140;140;1;UP
2025-06-09T20:00;2025-06-09T20:15;81;EUR;MWh;NO;NO;99.51;;99.51;99.51;1;UP
2025-06-09T20:15;2025-06-09T20:30;82;EUR;MWh;NO;NO;88.36;79.97;88.36;88.36;1;UP
2025-06-09T20:30;2025-06-09T20:45;83;EUR;MWh;NO;NO;119.27;78.32;119.27;119.27;1;UP
2025-06-09T20:45;2025-06-09T21:00;84;EUR;MWh;NO;NO;145;;145;145;1;UP
2025-06-09T21:00;2025-06-09T21:15;85;EUR;MWh;NO;NO;96.9;70.2;96.9;70.2;2;UP_AND_DOWN
2025-06-09T21:15;2025-06-09T21:30;86;EUR;MWh;NO;NO;115.1;83.37;115.1;76.84;2;UP_AND_DOWN
2025-06-09T21:30;2025-06-09T21:45;87;EUR;MWh;NO;NO;145.3;;145.3;145.3;1;UP
2025-06-09T21:45;2025-06-09T22:00;88;EUR;MWh;NO;NO;115.5;83.37;115.5;76.84;2;UP_AND_DOWN
2025-06-09T22:00;2025-06-09T22:15;89;EUR;MWh;NO;NO;165;;165;165;1;UP
2025-06-09T22:15;2025-06-09T22:30;90;EUR;MWh;NO;NO;165;;165;165;1;UP
2025-06-09T22:30;2025-06-09T22:45;91;EUR;MWh;NO;NO;88.46;70.68;88.46;70.68;2;UP_AND_DOWN
2025-06-09T22:45;2025-06-09T23:00;92;EUR;MWh;NO;NO;;48;48;48;-1;DOWN
2025-06-09T23:00;2025-06-09T23:15;93;EUR;MWh;NO;NO;97.6;50;97.6;50;2;UP_AND_DOWN
2025-06-09T23:15;2025-06-09T23:30;94;EUR;MWh;NO;NO;116;48;116;48;2;UP_AND_DOWN
2025-06-09T23:30;2025-06-09T23:45;95;EUR;MWh;NO;NO;;10;10;10;-1;DOWN
2025-06-09T23:45;2025-06-10T00:00;96;EUR;MWh;NO;NO;;8;8;8;-1;DOWN
2025-06-10T00:00;2025-06-10T00:15;1;EUR;MWh;NO;NO;;-60;-60;-60;-1;DOWN
2025-06-10T00:15;2025-06-10T00:30;2;EUR;MWh;NO;NO;;18.74;18.74;18.74;-1;DOWN
2025-06-10T00:30;2025-06-10T00:45;3;EUR;MWh;NO;NO;;44;44;44;-1;DOWN
2025-06-10T00:45;2025-06-10T01:00;4;EUR;MWh;NO;NO;;10;10;10;-1;DOWN
2025-06-10T01:00;2025-06-10T01:15;5;EUR;MWh;NO;NO;78.56;14.67;78.56;14.67;2;UP_AND_DOWN
2025-06-10T01:15;2025-06-10T01:30;6;EUR;MWh;NO;NO;89;32;89;32;2;UP_AND_DOWN
2025-06-10T01:30;2025-06-10T01:45;7;EUR;MWh;NO;NO;72;10;10;10;-1;DOWN
2025-06-10T01:45;2025-06-10T02:00;8;EUR;MWh;NO;NO;;-13;-13;-13;-1;DOWN
2025-06-10T02:00;2025-06-10T02:15;9;EUR;MWh;NO;NO;;-18.5;-18.5;-18.5;-1;DOWN
2025-06-10T02:15;2025-06-10T02:30;10;EUR;MWh;NO;NO;;-18.5;-18.5;-18.5;-1;DOWN
2025-06-10T02:30;2025-06-10T02:45;11;EUR;MWh;NO;NO;;-13.19;-13.19;-13.19;-1;DOWN
2025-06-10T02:45;2025-06-10T03:00;12;EUR;MWh;NO;NO;;-18.5;-18.5;-18.5;-1;DOWN
2025-06-10T03:00;2025-06-10T03:15;13;EUR;MWh;NO;NO;;-26.69;-26.69;-26.69;-1;DOWN
2025-06-10T03:15;2025-06-10T03:30;14;EUR;MWh;NO;NO;;-2.48;-2.48;-2.48;-1;DOWN
2025-06-10T03:30;2025-06-10T03:45;15;EUR;MWh;NO;NO;;-2.38;-2.38;-2.38;-1;DOWN
2025-06-10T03:45;2025-06-10T04:00;16;EUR;MWh;NO;NO;;-27.2;-27.2;-27.2;-1;DOWN
2025-06-10T04:00;2025-06-10T04:15;17;EUR;MWh;NO;NO;;-29.7;-29.7;-29.7;-1;DOWN
2025-06-10T04:15;2025-06-10T04:30;18;EUR;MWh;NO;NO;;-27.29;-27.29;-27.29;-1;DOWN
2025-06-10T04:30;2025-06-10T04:45;19;EUR;MWh;NO;NO;;10;10;10;-1;DOWN
2025-06-10T04:45;2025-06-10T05:00;20;EUR;MWh;NO;NO;96.1;55.11;96.1;55.11;2;UP_AND_DOWN
2025-06-10T05:00;2025-06-10T05:15;21;EUR;MWh;NO;NO;89.8;75;89.8;53;2;UP_AND_DOWN
2025-06-10T05:15;2025-06-10T05:30;22;EUR;MWh;NO;NO;;10;10;10;-1;DOWN
2025-06-10T05:30;2025-06-10T05:45;23;EUR;MWh;NO;NO;78.56;75;78.56;53;2;UP_AND_DOWN
2025-06-10T05:45;2025-06-10T06:00;24;EUR;MWh;NO;NO;70.4;10;70.4;10;2;UP_AND_DOWN
2025-06-10T06:00;2025-06-10T06:15;25;EUR;MWh;NO;NO;;-18.6;-18.6;-18.6;-1;DOWN
2025-06-10T06:15;2025-06-10T06:30;26;EUR;MWh;NO;NO;;-18.19;-18.19;-18.19;-1;DOWN
2025-06-10T06:30;2025-06-10T06:45;27;EUR;MWh;NO;NO;;-17.99;-17.99;-17.99;-1;DOWN
2025-06-10T06:45;2025-06-10T07:00;28;EUR;MWh;NO;NO;;10;10;10;-1;DOWN
2025-06-10T07:00;2025-06-10T07:15;29;EUR;MWh;NO;NO;100;10;100;10;2;UP_AND_DOWN
2025-06-10T07:15;2025-06-10T07:30;30;EUR;MWh;NO;NO;115.6;;115.6;115.6;1;UP
2025-06-10T07:30;2025-06-10T07:45;31;EUR;MWh;NO;NO;105;;105;105;1;UP
2025-06-10T07:45;2025-06-10T08:00;32;EUR;MWh;NO;NO;115.4;;115.4;115.4;1;UP
2025-06-10T08:00;2025-06-10T08:15;33;EUR;MWh;NO;NO;124.4;;124.4;124.4;1;UP
2025-06-10T08:15;2025-06-10T08:30;34;EUR;MWh;NO;NO;124.4;;124.4;124.4;1;UP
2025-06-10T08:30;2025-06-10T08:45;35;EUR;MWh;NO;NO;98;33;98;33;2;UP_AND_DOWN
2025-06-10T08:45;2025-06-10T09:00;36;EUR;MWh;NO;NO;48;10;10;10;-1;DOWN
2025-06-10T09:00;2025-06-10T09:15;37;EUR;MWh;NO;NO;;10;10;10;-1;DOWN
2025-06-10T09:15;2025-06-10T09:30;38;EUR;MWh;NO;NO;58.56;55.11;58.56;58.56;1;UP
2025-06-10T09:30;2025-06-10T09:45;39;EUR;MWh;NO;NO;48;10;58.5;10;2;UP_AND_DOWN
2025-06-10T09:45;2025-06-10T10:00;40;EUR;MWh;NO;NO;;48;48;48;-1;DOWN
2025-06-10T10:00;2025-06-10T10:15;41;EUR;MWh;NO;NO;;10;10;10;-1;DOWN
2025-06-10T10:15;2025-06-10T10:30;42;EUR;MWh;NO;NO;79;48;79;48;2;UP_AND_DOWN
2025-06-10T10:30;2025-06-10T10:45;43;EUR;MWh;NO;NO;157;;157;157;1;UP
2025-06-10T10:45;2025-06-10T11:00;44;EUR;MWh;NO;NO;75;-27.49;75;-27.49;2;UP_AND_DOWN
2025-06-10T11:00;2025-06-10T11:15;45;EUR;MWh;NO;NO;;-30;-30;-30;-1;DOWN
2025-06-10T11:15;2025-06-10T11:30;46;EUR;MWh;NO;NO;;-27.08;-27.08;-27.08;-1;DOWN
2025-06-10T11:30;2025-06-10T11:45;47;EUR;MWh;NO;NO;87;-29.89;87;-29.89;2;UP_AND_DOWN
2025-06-10T11:45;2025-06-10T12:00;48;EUR;MWh;NO;NO;;-30;-30;-30;-1;DOWN
2025-06-10T12:00;2025-06-10T12:15;49;EUR;MWh;NO;NO;;-14.14;-14.14;-14.14;-1;DOWN
2025-06-10T12:15;2025-06-10T12:30;50;EUR;MWh;NO;NO;;-18.5;-18.5;-18.5;-1;DOWN
2025-06-10T12:30;2025-06-10T12:45;51;EUR;MWh;NO;NO;58;-14.24;-14.24;-14.24;-1;DOWN
2025-06-10T12:45;2025-06-10T13:00;52;EUR;MWh;NO;NO;116.3;88;116.3;69.5;2;UP_AND_DOWN
2025-06-10T13:00;2025-06-10T13:15;53;EUR;MWh;NO;NO;116.3;10;116.3;10;2;UP_AND_DOWN
2025-06-10T13:15;2025-06-10T13:30;54;EUR;MWh;NO;NO;;55.11;55.11;55.11;-1;DOWN
2025-06-10T13:30;2025-06-10T13:45;55;EUR;MWh;NO;NO;;10;10;10;-1;DOWN
2025-06-10T13:45;2025-06-10T14:00;56;EUR;MWh;NO;NO;;-14.24;-14.24;-14.24;-1;DOWN
2025-06-10T14:00;2025-06-10T14:15;57;EUR;MWh;NO;NO;83.23;-27.49;83.23;-27.49;2;UP_AND_DOWN
2025-06-10T14:15;2025-06-10T14:30;58;EUR;MWh;NO;NO;79;-30;79;-30;2;UP_AND_DOWN
2025-06-10T14:30;2025-06-10T14:45;59;EUR;MWh;NO;NO;35;-49;61;-49;2;UP_AND_DOWN
2025-06-10T14:45;2025-06-10T15:00;60;EUR;MWh;NO;NO;87;4.57;87;4.57;2;UP_AND_DOWN
2025-06-10T15:00;2025-06-10T15:15;61;EUR;MWh;NO;NO;79;-27.18;79;-27.18;2;UP_AND_DOWN
2025-06-10T15:15;2025-06-10T15:30;62;EUR;MWh;NO;NO;;-27.19;-27.19;-27.19;-1;DOWN
2025-06-10T15:30;2025-06-10T15:45;63;EUR;MWh;NO;NO;;-57;-57;-57;-1;DOWN
2025-06-10T15:45;2025-06-10T16:00;64;EUR;MWh;NO;NO;;-30;-30;-30;-1;DOWN
2025-06-10T16:00;2025-06-10T16:15;65;EUR;MWh;NO;NO;;-30;-30;-30;-1;DOWN
2025-06-10T16:15;2025-06-10T16:30;66;EUR;MWh;NO;NO;;-27.04;-27.04;-27.04;-1;DOWN
2025-06-10T16:30;2025-06-10T16:45;67;EUR;MWh;NO;NO;;-41;-41;-41;-1;DOWN
2025-06-10T16:45;2025-06-10T17:00;68;EUR;MWh;NO;NO;;-70;-70;-70;-1;DOWN
2025-06-10T17:00;2025-06-10T17:15;69;EUR;MWh;NO;NO;86;-45;86;-45;2;UP_AND_DOWN
2025-06-10T17:15;2025-06-10T17:30;70;EUR;MWh;NO;NO;112.9;-11.24;112.9;-11.24;2;UP_AND_DOWN
2025-06-10T17:30;2025-06-10T17:45;71;EUR;MWh;NO;NO;68.56;-62;68.56;-62;2;UP_AND_DOWN
2025-06-10T17:45;2025-06-10T18:00;72;EUR;MWh;NO;NO;;-300.1;-300.1;-300.1;-1;DOWN
2025-06-10T18:00;2025-06-10T18:15;73;EUR;MWh;NO;NO;;-30;-30;-30;-1;DOWN
2025-06-10T18:15;2025-06-10T18:30;74;EUR;MWh;NO;NO;;-50;-50;-50;-1;DOWN
2025-06-10T18:30;2025-06-10T18:45;75;EUR;MWh;NO;NO;;-27.49;-27.49;-27.49;-1;DOWN
2025-06-10T18:45;2025-06-10T19:00;76;EUR;MWh;NO;NO;;-30;-30;-30;-1;DOWN
2025-06-10T19:00;2025-06-10T19:15;77;EUR;MWh;NO;NO;;-49;-49;-49;-1;DOWN
2025-06-10T19:15;2025-06-10T19:30;78;EUR;MWh;NO;NO;39;55.11;58.25;55.11;2;UP_AND_DOWN
2025-06-10T19:30;2025-06-10T19:45;79;EUR;MWh;NO;NO;;10;10;10;-1;DOWN
2025-06-10T19:45;2025-06-10T20:00;80;EUR;MWh;NO;NO;;4.57;4.57;4.57;-1;DOWN
2025-06-10T20:00;2025-06-10T20:15;81;EUR;MWh;NO;NO;;45.98;45.98;45.98;-1;DOWN
2025-06-10T20:15;2025-06-10T20:30;82;EUR;MWh;NO;NO;;44.49;44.49;44.49;-1;DOWN
2025-06-10T20:30;2025-06-10T20:45;83;EUR;MWh;NO;NO;124.4;44.49;124.4;124.4;1;UP
2025-06-10T20:45;2025-06-10T21:00;84;EUR;MWh;NO;NO;124.4;82.44;124.4;71.77;2;UP_AND_DOWN
2025-06-10T21:00;2025-06-10T21:15;85;EUR;MWh;NO;NO;124.4;33;33;33;-1;DOWN
2025-06-10T21:15;2025-06-10T21:30;86;EUR;MWh;NO;NO;;63.18;63.18;63.18;-1;DOWN
2025-06-10T21:30;2025-06-10T21:45;87;EUR;MWh;NO;NO;;76.98;76.98;76.98;-1;DOWN
2025-06-10T21:45;2025-06-10T22:00;88;EUR;MWh;NO;NO;91.58;84.98;91.58;71.77;2;UP_AND_DOWN
2025-06-10T22:00;2025-06-10T22:15;89;EUR;MWh;NO;NO;116.2;82.25;116.2;116.2;1;UP
2025-06-10T22:15;2025-06-10T22:30;90;EUR;MWh;NO;NO;93.58;68;93.58;68;2;UP_AND_DOWN
2025-06-10T22:30;2025-06-10T22:45;91;EUR;MWh;NO;NO;66;68.1;68.1;68.1;-1;DOWN
2025-06-10T22:45;2025-06-10T23:00;92;EUR;MWh;NO;NO;;66;66;66;-1;DOWN
2025-06-10T23:00;2025-06-10T23:15;93;EUR;MWh;NO;NO;108.58;77;108.58;71.77;2;UP_AND_DOWN
2025-06-10T23:15;2025-06-10T23:30;94;EUR;MWh;NO;NO;58.56;55;55;55;-1;DOWN
2025-06-10T23:30;2025-06-10T23:45;95;EUR;MWh;NO;NO;;48;48;48;-1;DOWN
2025-06-10T23:45;2025-06-11T00:00;96;EUR;MWh;NO;NO;;36;36;36;-1;DOWN
2025-06-11T00:00;2025-06-11T00:15;1;EUR;MWh;NO;NO;155;3.79;155;3.79;2;UP_AND_DOWN
2025-06-11T00:15;2025-06-11T00:30;2;EUR;MWh;NO;NO;107;36;107;36;2;UP_AND_DOWN
2025-06-11T00:30;2025-06-11T00:45;3;EUR;MWh;NO;NO;;36;36;36;-1;DOWN
2025-06-11T00:45;2025-06-11T01:00;4;EUR;MWh;NO;NO;;40;40;40;-1;DOWN
2025-06-11T01:00;2025-06-11T01:15;5;EUR;MWh;NO;NO;;83.98;83.98;83.98;-1;DOWN
2025-06-11T01:15;2025-06-11T01:30;6;EUR;MWh;NO;NO;;70.1;70.1;70.1;-1;DOWN
2025-06-11T01:30;2025-06-11T01:45;7;EUR;MWh;NO;NO;;70.1;70.1;70.1;-1;DOWN
2025-06-11T01:45;2025-06-11T02:00;8;EUR;MWh;NO;NO;;67;67;67;-1;DOWN
2025-06-11T02:00;2025-06-11T02:15;9;EUR;MWh;NO;NO;89.08;81.09;89.08;71.77;2;UP_AND_DOWN
2025-06-11T02:15;2025-06-11T02:30;10;EUR;MWh;NO;NO;58.56;;58.56;58.56;1;UP
2025-06-11T02:30;2025-06-11T02:45;11;EUR;MWh;NO;NO;58.56;;58.56;58.56;1;UP
2025-06-11T02:45;2025-06-11T03:00;12;EUR;MWh;NO;NO;78.56;67.28;78.56;78.56;1;UP
2025-06-11T03:00;2025-06-11T03:15;13;EUR;MWh;NO;NO;92.98;69.54;92.98;69.54;2;UP_AND_DOWN
2025-06-11T03:15;2025-06-11T03:30;14;EUR;MWh;NO;NO;78.56;;78.56;78.56;1;UP
2025-06-11T03:30;2025-06-11T03:45;15;EUR;MWh;NO;NO;98;;98;98;1;UP
2025-06-11T03:45;2025-06-11T04:00;16;EUR;MWh;NO;NO;78.56;56.54;56.54;56.54;-1;DOWN
2025-06-11T04:00;2025-06-11T04:15;17;EUR;MWh;NO;NO;90;69.74;90;69.74;2;UP_AND_DOWN
2025-06-11T04:15;2025-06-11T04:30;18;EUR;MWh;NO;NO;90;;90;90;1;UP
2025-06-11T04:30;2025-06-11T04:45;19;EUR;MWh;NO;NO;68.56;;68.56;68.56;1;UP
2025-06-11T04:45;2025-06-11T05:00;20;EUR;MWh;NO;NO;68.56;70.56;71.77;70.56;2;UP_AND_DOWN
2025-06-11T05:00;2025-06-11T05:15;21;EUR;MWh;NO;NO;;42;42;42;-1;DOWN
2025-06-11T05:15;2025-06-11T05:30;22;EUR;MWh;NO;NO;97;67;97;65.99;2;UP_AND_DOWN
2025-06-11T05:30;2025-06-11T05:45;23;EUR;MWh;NO;NO;155;42;155;42;2;UP_AND_DOWN
2025-06-11T05:45;2025-06-11T06:00;24;EUR;MWh;NO;NO;139.12;;139.12;139.12;1;UP
2025-06-11T06:00;2025-06-11T06:15;25;EUR;MWh;NO;NO;155;67;155;67;2;UP_AND_DOWN
2025-06-11T06:15;2025-06-11T06:30;26;EUR;MWh;NO;NO;155;76.05;155;155;1;UP
2025-06-11T06:30;2025-06-11T06:45;27;EUR;MWh;NO;NO;126.6;72.36;126.6;72.36;2;UP_AND_DOWN
2025-06-11T06:45;2025-06-11T07:00;28;EUR;MWh;NO;NO;114.4;81.36;114.4;78.77;2;UP_AND_DOWN
2025-06-11T07:00;2025-06-11T07:15;29;EUR;MWh;NO;NO;155;81.36;155;155;1;UP
2025-06-11T07:15;2025-06-11T07:30;30;EUR;MWh;NO;NO;123;72.56;123;72.56;2;UP_AND_DOWN
2025-06-11T07:30;2025-06-11T07:45;31;EUR;MWh;NO;NO;114.5;42;114.5;42;2;UP_AND_DOWN
2025-06-11T07:45;2025-06-11T08:00;32;EUR;MWh;NO;NO;;49.57;49.57;49.57;-1;DOWN
2025-06-11T08:00;2025-06-11T08:15;33;EUR;MWh;NO;NO;;37.05;37.05;37.05;-1;DOWN
2025-06-11T08:15;2025-06-11T08:30;34;EUR;MWh;NO;NO;58.56;42;78.77;42;2;UP_AND_DOWN
2025-06-11T08:30;2025-06-11T08:45;35;EUR;MWh;NO;NO;;53.08;53.08;53.08;-1;DOWN
2025-06-11T08:45;2025-06-11T09:00;36;EUR;MWh;NO;NO;95.33;63.08;95.33;63.08;2;UP_AND_DOWN
2025-06-11T09:00;2025-06-11T09:15;37;EUR;MWh;NO;NO;1895;42;1895;42;2;UP_AND_DOWN
2025-06-11T09:15;2025-06-11T09:30;38;EUR;MWh;NO;NO;1895;;1895;1895;1;UP
2025-06-11T09:30;2025-06-11T09:45;39;EUR;MWh;NO;NO;500;;500;500;1;UP
2025-06-11T09:45;2025-06-11T10:00;40;EUR;MWh;NO;NO;114.8;;114.8;114.8;1;UP
2025-06-11T10:00;2025-06-11T10:15;41;EUR;MWh;NO;NO;1895;;1895;1895;1;UP
2025-06-11T10:15;2025-06-11T10:30;42;EUR;MWh;NO;NO;300;;300;300;1;UP
2025-06-11T10:30;2025-06-11T10:45;43;EUR;MWh;NO;NO;154.9;10;10;10;-1;DOWN
2025-06-11T10:45;2025-06-11T11:00;44;EUR;MWh;NO;NO;85;-30;85;-30;2;UP_AND_DOWN
2025-06-11T11:00;2025-06-11T11:15;45;EUR;MWh;NO;NO;123.2;-30;123.2;123.2;1;UP
2025-06-11T11:15;2025-06-11T11:30;46;EUR;MWh;NO;NO;85;-30;85;-30;2;UP_AND_DOWN
2025-06-11T11:30;2025-06-11T11:45;47;EUR;MWh;NO;NO;99.98;87;99.98;58.5;2;UP_AND_DOWN
2025-06-11T11:45;2025-06-11T12:00;48;EUR;MWh;NO;NO;123.4;;123.4;123.4;1;UP
2025-06-11T12:00;2025-06-11T12:15;49;EUR;MWh;NO;NO;300;;300;300;1;UP
2025-06-11T12:15;2025-06-11T12:30;50;EUR;MWh;NO;NO;90;70;70;70;-1;DOWN
2025-06-11T12:30;2025-06-11T12:45;51;EUR;MWh;NO;NO;30;85;60;60;2;UP_AND_DOWN
2025-06-11T12:45;2025-06-11T13:00;52;EUR;MWh;NO;NO;58.56;86;60;60;2;UP_AND_DOWN
2025-06-11T13:00;2025-06-11T13:15;53;EUR;MWh;NO;NO;;68;68;68;-1;DOWN
2025-06-11T13:15;2025-06-11T13:30;54;EUR;MWh;NO;NO;30;70;70;70;-1;DOWN
2025-06-11T13:30;2025-06-11T13:45;55;EUR;MWh;NO;NO;;-49;-49;-49;-1;DOWN
2025-06-11T13:45;2025-06-11T14:00;56;EUR;MWh;NO;NO;;-30.2;-30.2;-30.2;-1;DOWN
2025-06-11T14:00;2025-06-11T14:15;57;EUR;MWh;NO;NO;;33;33;33;-1;DOWN
2025-06-11T14:15;2025-06-11T14:30;58;EUR;MWh;NO;NO;;-18.5;-18.5;-18.5;-1;DOWN
2025-06-11T14:30;2025-06-11T14:45;59;EUR;MWh;NO;NO;;-30;-30;-30;-1;DOWN
2025-06-11T14:45;2025-06-11T15:00;60;EUR;MWh;NO;NO;;-30;-30;-30;-1;DOWN
2025-06-11T15:00;2025-06-11T15:15;61;EUR;MWh;NO;NO;;-41;-41;-41;-1;DOWN
2025-06-11T15:15;2025-06-11T15:30;62;EUR;MWh;NO;NO;;-50;-50;-50;-1;DOWN
2025-06-11T15:30;2025-06-11T15:45;63;EUR;MWh;NO;NO;;-30;-30;-30;-1;DOWN
2025-06-11T15:45;2025-06-11T16:00;64;EUR;MWh;NO;NO;58.56;-30;-30;-30;-1;DOWN
2025-06-11T16:00;2025-06-11T16:15;65;EUR;MWh;NO;NO;82;-49;82;-49;2;UP_AND_DOWN
2025-06-11T16:15;2025-06-11T16:30;66;EUR;MWh;NO;NO;81;-49;81;-49;2;UP_AND_DOWN
2025-06-11T16:30;2025-06-11T16:45;67;EUR;MWh;NO;NO;115.6;-18.5;115.6;-18.5;2;UP_AND_DOWN
2025-06-11T16:45;2025-06-11T17:00;68;EUR;MWh;NO;NO;106.98;;106.98;106.98;1;UP
2025-06-11T17:00;2025-06-11T17:15;69;EUR;MWh;NO;NO;58.56;-49;63.28;-49;2;UP_AND_DOWN
2025-06-11T17:15;2025-06-11T17:30;70;EUR;MWh;NO;NO;58.56;-30;-30;-30;-1;DOWN
2025-06-11T17:30;2025-06-11T17:45;71;EUR;MWh;NO;NO;85;10;85;10;2;UP_AND_DOWN
2025-06-11T17:45;2025-06-11T18:00;72;EUR;MWh;NO;NO;58.56;10;63.28;10;2;UP_AND_DOWN
2025-06-11T18:00;2025-06-11T18:15;73;EUR;MWh;NO;NO;58.56;73.98;71.77;71.77;2;UP_AND_DOWN
2025-06-11T18:15;2025-06-11T18:30;74;EUR;MWh;NO;NO;104.1;-28.9;104.1;-28.9;2;UP_AND_DOWN
2025-06-11T18:30;2025-06-11T18:45;75;EUR;MWh;NO;NO;152.9;;152.9;152.9;1;UP
2025-06-11T18:45;2025-06-11T19:00;76;EUR;MWh;NO;NO;161;;161;161;1;UP
2025-06-11T19:00;2025-06-11T19:15;77;EUR;MWh;NO;NO;104;80.08;104;71.77;2;UP_AND_DOWN
2025-06-11T19:15;2025-06-11T19:30;78;EUR;MWh;NO;NO;153;;153;153;1;UP
2025-06-11T19:30;2025-06-11T19:45;79;EUR;MWh;NO;NO;185.69;;185.69;185.69;1;UP
2025-06-11T19:45;2025-06-11T20:00;80;EUR;MWh;NO;NO;300;;300;300;1;UP
2025-06-11T20:00;2025-06-11T20:15;81;EUR;MWh;NO;NO;161;;161;161;1;UP
2025-06-11T20:15;2025-06-11T20:30;82;EUR;MWh;NO;NO;300;;300;300;1;UP
2025-06-11T20:30;2025-06-11T20:45;83;EUR;MWh;NO;NO;300;;300;300;1;UP
2025-06-11T20:45;2025-06-11T21:00;84;EUR;MWh;NO;NO;750;;750;750;1;UP
2025-06-11T21:00;2025-06-11T21:15;85;EUR;MWh;NO;NO;115.2;;115.2;115.2;1;UP
2025-06-11T21:15;2025-06-11T21:30;86;EUR;MWh;NO;NO;123.5;;123.5;123.5;1;UP
2025-06-11T21:30;2025-06-11T21:45;87;EUR;MWh;NO;NO;106.7;;106.7;106.7;1;UP
2025-06-11T21:45;2025-06-11T22:00;88;EUR;MWh;NO;NO;90.98;;90.98;90.98;1;UP
2025-06-11T22:00;2025-06-11T22:15;89;EUR;MWh;NO;NO;161;78.08;161;78.08;2;UP_AND_DOWN
2025-06-11T22:15;2025-06-11T22:30;90;EUR;MWh;NO;NO;85;22.7;85;22.7;2;UP_AND_DOWN
2025-06-11T22:30;2025-06-11T22:45;91;EUR;MWh;NO;NO;;22.8;22.8;22.8;-1;DOWN
2025-06-11T22:45;2025-06-11T23:00;92;EUR;MWh;NO;NO;;23.98;23.98;23.98;-1;DOWN
2025-06-11T23:00;2025-06-11T23:15;93;EUR;MWh;NO;NO;114.9;10;114.9;10;2;UP_AND_DOWN
2025-06-11T23:15;2025-06-11T23:30;94;EUR;MWh;NO;NO;;22.98;22.98;22.98;-1;DOWN
2025-06-11T23:30;2025-06-11T23:45;95;EUR;MWh;NO;NO;68.56;28.98;28.98;28.98;-1;DOWN
2025-06-11T23:45;2025-06-12T00:00;96;EUR;MWh;NO;NO;;;0;0;-1;DOWN
2025-06-12T00:00;2025-06-12T00:15;1;EUR;MWh;NO;NO;91.12;12;91.12;12;2;UP_AND_DOWN
2025-06-12T00:15;2025-06-12T00:30;2;EUR;MWh;NO;NO;;61.35;61.35;61.35;-1;DOWN
2025-06-12T00:30;2025-06-12T00:45;3;EUR;MWh;NO;NO;;10;10;10;-1;DOWN
2025-06-12T00:45;2025-06-12T01:00;4;EUR;MWh;NO;NO;;9.57;9.57;9.57;-1;DOWN
2025-06-12T01:00;2025-06-12T01:15;5;EUR;MWh;NO;NO;110.9;12.2;110.9;12.2;2;UP_AND_DOWN
2025-06-12T01:15;2025-06-12T01:30;6;EUR;MWh;NO;NO;78.56;49;49;49;-1;DOWN
2025-06-12T01:30;2025-06-12T01:45;7;EUR;MWh;NO;NO;92;66;92;66;2;UP_AND_DOWN
2025-06-12T01:45;2025-06-12T02:00;8;EUR;MWh;NO;NO;;46;46;46;-1;DOWN
2025-06-12T02:00;2025-06-12T02:15;9;EUR;MWh;NO;NO;;44.32;44.32;44.32;-1;DOWN
2025-06-12T02:15;2025-06-12T02:30;10;EUR;MWh;NO;NO;;10;10;10;-1;DOWN
2025-06-12T02:30;2025-06-12T02:45;11;EUR;MWh;NO;NO;;12;12;12;-1;DOWN
2025-06-12T02:45;2025-06-12T03:00;12;EUR;MWh;NO;NO;;10;10;10;-1;DOWN
2025-06-12T03:00;2025-06-12T03:15;13;EUR;MWh;NO;NO;58.56;50;50;50;-1;DOWN
2025-06-12T03:15;2025-06-12T03:30;14;EUR;MWh;NO;NO;95.9;82.08;95.9;70.32;2;UP_AND_DOWN
2025-06-12T03:30;2025-06-12T03:45;15;EUR;MWh;NO;NO;95.8;;95.8;95.8;1;UP
2025-06-12T03:45;2025-06-12T04:00;16;EUR;MWh;NO;NO;121.6;;121.6;121.6;1;UP
2025-06-12T04:00;2025-06-12T04:15;17;EUR;MWh;NO;NO;110.2;;110.2;110.2;1;UP
2025-06-12T04:15;2025-06-12T04:30;18;EUR;MWh;NO;NO;96;;96;96;1;UP
2025-06-12T04:30;2025-06-12T04:45;19;EUR;MWh;NO;NO;110.5;;110.5;110.5;1;UP
2025-06-12T04:45;2025-06-12T05:00;20;EUR;MWh;NO;NO;113.3;;113.3;113.3;1;UP
2025-06-12T05:00;2025-06-12T05:15;21;EUR;MWh;NO;NO;121.6;;121.6;121.6;1;UP
2025-06-12T05:15;2025-06-12T05:30;22;EUR;MWh;NO;NO;113.3;;113.3;113.3;1;UP
2025-06-12T05:30;2025-06-12T05:45;23;EUR;MWh;NO;NO;113.2;;113.2;113.2;1;UP
2025-06-12T05:45;2025-06-12T06:00;24;EUR;MWh;NO;NO;140;;140;140;1;UP
2025-06-12T06:00;2025-06-12T06:15;25;EUR;MWh;NO;NO;500;;500;500;1;UP
2025-06-12T06:15;2025-06-12T06:30;26;EUR;MWh;NO;NO;150;;150;150;1;UP
2025-06-12T06:30;2025-06-12T06:45;27;EUR;MWh;NO;NO;110.3;;110.3;110.3;1;UP
2025-06-12T06:45;2025-06-12T07:00;28;EUR;MWh;NO;NO;96;59.32;59.32;59.32;-1;DOWN
2025-06-12T07:00;2025-06-12T07:15;29;EUR;MWh;NO;NO;;50;50;50;-1;DOWN
2025-06-12T07:15;2025-06-12T07:30;30;EUR;MWh;NO;NO;90;80;90;90;1;UP
2025-06-12T07:30;2025-06-12T07:45;31;EUR;MWh;NO;NO;58.56;76.97;58.56;58.56;1;UP
2025-06-12T07:45;2025-06-12T08:00;32;EUR;MWh;NO;NO;78.56;81.94;78.56;70.3;2;UP_AND_DOWN
2025-06-12T08:00;2025-06-12T08:15;33;EUR;MWh;NO;NO;78.56;82.18;78.56;78.56;1;UP
2025-06-12T08:15;2025-06-12T08:30;34;EUR;MWh;NO;NO;30;55.45;54.23;54.23;2;UP_AND_DOWN
2025-06-12T08:30;2025-06-12T08:45;35;EUR;MWh;NO;NO;;50.45;50.45;50.45;-1;DOWN
2025-06-12T08:45;2025-06-12T09:00;36;EUR;MWh;NO;NO;;-8.8;-8.8;-8.8;-1;DOWN
2025-06-12T09:00;2025-06-12T09:15;37;EUR;MWh;NO;NO;;-9;-9;-9;-1;DOWN
2025-06-12T09:15;2025-06-12T09:30;38;EUR;MWh;NO;NO;;-27.59;-27.59;-27.59;-1;DOWN
2025-06-12T09:30;2025-06-12T09:45;39;EUR;MWh;NO;NO;;-46.9;-46.9;-46.9;-1;DOWN
2025-06-12T09:45;2025-06-12T10:00;40;EUR;MWh;NO;NO;;-47.89;-47.89;-47.89;-1;DOWN
2025-06-12T10:00;2025-06-12T10:15;41;EUR;MWh;NO;NO;;-30;-30;-30;-1;DOWN
2025-06-12T10:15;2025-06-12T10:30;42;EUR;MWh;NO;NO;88.46;-49;88.46;-49;2;UP_AND_DOWN
2025-06-12T10:30;2025-06-12T10:45;43;EUR;MWh;NO;NO;;-49;-49;-49;-1;DOWN
2025-06-12T10:45;2025-06-12T11:00;44;EUR;MWh;NO;NO;;-38.24;-38.24;-38.24;-1;DOWN
2025-06-12T11:00;2025-06-12T11:15;45;EUR;MWh;NO;NO;30;1.3;49;1.3;2;UP_AND_DOWN
2025-06-12T11:15;2025-06-12T11:30;46;EUR;MWh;NO;NO;27;-21.49;35.5;-21.49;2;UP_AND_DOWN
2025-06-12T11:30;2025-06-12T11:45;47;EUR;MWh;NO;NO;30;-3.9;35.5;-3.9;2;UP_AND_DOWN
2025-06-12T11:45;2025-06-12T12:00;48;EUR;MWh;NO;NO;30;-25.49;35.5;-25.49;2;UP_AND_DOWN
2025-06-12T12:00;2025-06-12T12:15;49;EUR;MWh;NO;NO;;-50;-50;-50;-1;DOWN
2025-06-12T12:15;2025-06-12T12:30;50;EUR;MWh;NO;NO;;-30;-30;-30;-1;DOWN
2025-06-12T12:30;2025-06-12T12:45;51;EUR;MWh;NO;NO;;-59;-59;-59;-1;DOWN
2025-06-12T12:45;2025-06-12T13:00;52;EUR;MWh;NO;NO;;-42.48;-42.48;-42.48;-1;DOWN
2025-06-12T13:00;2025-06-12T13:15;53;EUR;MWh;NO;NO;;-75;-75;-75;-1;DOWN
2025-06-12T13:15;2025-06-12T13:30;54;EUR;MWh;NO;NO;;-78;-78;-78;-1;DOWN
2025-06-12T13:30;2025-06-12T13:45;55;EUR;MWh;NO;NO;;-71;-71;-71;-1;DOWN
2025-06-12T13:45;2025-06-12T14:00;56;EUR;MWh;NO;NO;;-73.96;-73.96;-73.96;-1;DOWN
2025-06-12T14:00;2025-06-12T14:15;57;EUR;MWh;NO;NO;;-68;-68;-68;-1;DOWN
2025-06-12T14:15;2025-06-12T14:30;58;EUR;MWh;NO;NO;;-60;-60;-60;-1;DOWN
2025-06-12T14:30;2025-06-12T14:45;59;EUR;MWh;NO;NO;78.56;-83.8;78.56;-83.8;2;UP_AND_DOWN
2025-06-12T14:45;2025-06-12T15:00;60;EUR;MWh;NO;NO;30;-80;33;-80;2;UP_AND_DOWN
2025-06-12T15:00;2025-06-12T15:15;61;EUR;MWh;NO;NO;;-76.7;-76.7;-76.7;-1;DOWN
2025-06-12T15:15;2025-06-12T15:30;62;EUR;MWh;NO;NO;;-30;-30;-30;-1;DOWN
2025-06-12T15:30;2025-06-12T15:45;63;EUR;MWh;NO;NO;;-76.7;-76.7;-76.7;-1;DOWN
2025-06-12T15:45;2025-06-12T16:00;64;EUR;MWh;NO;NO;;-55;-55;-55;-1;DOWN
2025-06-12T16:00;2025-06-12T16:15;65;EUR;MWh;NO;NO;31;-63;-63;-63;-1;DOWN
2025-06-12T16:15;2025-06-12T16:30;66;EUR;MWh;NO;NO;150;-27.19;150;-27.19;2;UP_AND_DOWN
2025-06-12T16:30;2025-06-12T16:45;67;EUR;MWh;NO;NO;148.3;-17.49;148.3;-17.49;2;UP_AND_DOWN
2025-06-12T16:45;2025-06-12T17:00;68;EUR;MWh;NO;NO;31;-25.59;40.29;-25.59;2;UP_AND_DOWN
2025-06-12T17:00;2025-06-12T17:15;69;EUR;MWh;NO;NO;;-105;-105;-105;-1;DOWN
2025-06-12T17:15;2025-06-12T17:30;70;EUR;MWh;NO;NO;;-65.02;-65.02;-65.02;-1;DOWN
2025-06-12T17:30;2025-06-12T17:45;71;EUR;MWh;NO;NO;105.78;-60;105.78;-60;2;UP_AND_DOWN
2025-06-12T17:45;2025-06-12T18:00;72;EUR;MWh;NO;NO;98.2;10;98.2;98.2;1;UP
2025-06-12T18:00;2025-06-12T18:15;73;EUR;MWh;NO;NO;145.83;-80.1;145.83;-80.1;2;UP_AND_DOWN
2025-06-12T18:15;2025-06-12T18:30;74;EUR;MWh;NO;NO;148.1;-8.58;148.1;-8.58;2;UP_AND_DOWN
2025-06-12T18:30;2025-06-12T18:45;75;EUR;MWh;NO;NO;150;10.1;150;10.1;2;UP_AND_DOWN
2025-06-12T18:45;2025-06-12T19:00;76;EUR;MWh;NO;NO;148.3;81.79;148.3;58.55;2;UP_AND_DOWN
2025-06-12T19:00;2025-06-12T19:15;77;EUR;MWh;NO;NO;47;-204.16;-204.16;-204.16;-1;DOWN
2025-06-12T19:15;2025-06-12T19:30;78;EUR;MWh;NO;NO;98.3;81.98;98.3;62.04;2;UP_AND_DOWN
2025-06-12T19:30;2025-06-12T19:45;79;EUR;MWh;NO;NO;112.7;17.31;112.7;17.31;2;UP_AND_DOWN
2025-06-12T19:45;2025-06-12T20:00;80;EUR;MWh;NO;NO;499.9;;499.9;499.9;1;UP
2025-06-12T20:00;2025-06-12T20:15;81;EUR;MWh;NO;NO;152.98;55.67;152.98;55.67;2;UP_AND_DOWN
2025-06-12T20:15;2025-06-12T20:30;82;EUR;MWh;NO;NO;148.4;55.67;148.4;148.4;1;UP
2025-06-12T20:30;2025-06-12T20:45;83;EUR;MWh;NO;NO;152.98;;152.98;152.98;1;UP
2025-06-12T20:45;2025-06-12T21:00;84;EUR;MWh;NO;NO;389;;389;389;1;UP
2025-06-12T21:00;2025-06-12T21:15;85;EUR;MWh;NO;NO;155;;155;155;1;UP
2025-06-12T21:15;2025-06-12T21:30;86;EUR;MWh;NO;NO;150;;150;150;1;UP
2025-06-12T21:30;2025-06-12T21:45;87;EUR;MWh;NO;NO;96.8;;96.8;96.8;1;UP
2025-06-12T21:45;2025-06-12T22:00;88;EUR;MWh;NO;NO;58.56;67.4;66.54;66.54;2;UP_AND_DOWN
2025-06-12T22:00;2025-06-12T22:15;89;EUR;MWh;NO;NO;;49.57;49.57;49.57;-1;DOWN
2025-06-12T22:15;2025-06-12T22:30;90;EUR;MWh;NO;NO;78.56;49.67;78.56;49.67;2;UP_AND_DOWN
2025-06-12T22:30;2025-06-12T22:45;91;EUR;MWh;NO;NO;97.47;68.87;97.47;68.87;2;UP_AND_DOWN
2025-06-12T22:45;2025-06-12T23:00;92;EUR;MWh;NO;NO;114.5;74.18;114.5;72.99;2;UP_AND_DOWN
2025-06-12T23:00;2025-06-12T23:15;93;EUR;MWh;NO;NO;150.1;55.67;150.1;55.67;2;UP_AND_DOWN
2025-06-12T23:15;2025-06-12T23:30;94;EUR;MWh;NO;NO;155;;155;155;1;UP
2025-06-12T23:30;2025-06-12T23:45;95;EUR;MWh;NO;NO;114.4;;114.4;114.4;1;UP
2025-06-12T23:45;2025-06-13T00:00;96;EUR;MWh;NO;NO;114.4;;114.4;114.4;1;UP
2025-06-13T00:00;2025-06-13T00:15;1;EUR;MWh;NO;NO;152.9;;152.9;152.9;1;UP
2025-06-13T00:15;2025-06-13T00:30;2;EUR;MWh;NO;NO;124.5;;124.5;124.5;1;UP
2025-06-13T00:30;2025-06-13T00:45;3;EUR;MWh;NO;NO;140;;140;140;1;UP
2025-06-13T00:45;2025-06-13T01:00;4;EUR;MWh;NO;NO;124.4;;124.4;124.4;1;UP
2025-06-13T01:00;2025-06-13T01:15;5;EUR;MWh;NO;NO;124.3;;124.3;124.3;1;UP
2025-06-13T01:15;2025-06-13T01:30;6;EUR;MWh;NO;NO;95.58;;95.58;95.58;1;UP
2025-06-13T01:30;2025-06-13T01:45;7;EUR;MWh;NO;NO;99;;99;99;1;UP
2025-06-13T01:45;2025-06-13T02:00;8;EUR;MWh;NO;NO;124.1;82.64;124.1;124.1;1;UP
2025-06-13T02:00;2025-06-13T02:15;9;EUR;MWh;NO;NO;124.1;60.08;60.08;60.08;-1;DOWN
2025-06-13T02:15;2025-06-13T02:30;10;EUR;MWh;NO;NO;58.56;68.94;68.94;68.94;-1;DOWN
2025-06-13T02:30;2025-06-13T02:45;11;EUR;MWh;NO;NO;68.56;98.98;78.77;78.77;2;UP_AND_DOWN
2025-06-13T02:45;2025-06-13T03:00;12;EUR;MWh;NO;NO;78.56;73.98;78.77;73.98;2;UP_AND_DOWN
2025-06-13T03:00;2025-06-13T03:15;13;EUR;MWh;NO;NO;;73.98;73.98;73.98;-1;DOWN
2025-06-13T03:15;2025-06-13T03:30;14;EUR;MWh;NO;NO;99;;99;99;1;UP
2025-06-13T03:30;2025-06-13T03:45;15;EUR;MWh;NO;NO;115.5;;115.5;115.5;1;UP
2025-06-13T03:45;2025-06-13T04:00;16;EUR;MWh;NO;NO;115.4;;115.4;115.4;1;UP
2025-06-13T04:00;2025-06-13T04:15;17;EUR;MWh;NO;NO;122;;122;122;1;UP
2025-06-13T04:15;2025-06-13T04:30;18;EUR;MWh;NO;NO;118.07;;118.07;118.07;1;UP
2025-06-13T04:30;2025-06-13T04:45;19;EUR;MWh;NO;NO;108.07;;108.07;108.07;1;UP
2025-06-13T04:45;2025-06-13T05:00;20;EUR;MWh;NO;NO;115.4;;115.4;115.4;1;UP
2025-06-13T05:00;2025-06-13T05:15;21;EUR;MWh;NO;NO;90;;90;90;1;UP
2025-06-13T05:15;2025-06-13T05:30;22;EUR;MWh;NO;NO;68.56;92.38;68.56;68.56;1;UP
2025-06-13T05:30;2025-06-13T05:45;23;EUR;MWh;NO;NO;115.3;;115.3;115.3;1;UP
2025-06-13T05:45;2025-06-13T06:00;24;EUR;MWh;NO;NO;115.3;;115.3;115.3;1;UP
2025-06-13T06:00;2025-06-13T06:15;25;EUR;MWh;NO;NO;150;48.94;150;48.94;2;UP_AND_DOWN
2025-06-13T06:15;2025-06-13T06:30;26;EUR;MWh;NO;NO;121.98;40;121.98;40;2;UP_AND_DOWN
2025-06-13T06:30;2025-06-13T06:45;27;EUR;MWh;NO;NO;58.56;50;50;50;-1;DOWN
2025-06-13T06:45;2025-06-13T07:00;28;EUR;MWh;NO;NO;;68.14;68.14;68.14;-1;DOWN
2025-06-13T07:00;2025-06-13T07:15;29;EUR;MWh;NO;NO;;50;50;50;-1;DOWN
2025-06-13T07:15;2025-06-13T07:30;30;EUR;MWh;NO;NO;88.88;73.98;88.88;73.98;2;UP_AND_DOWN
2025-06-13T07:30;2025-06-13T07:45;31;EUR;MWh;NO;NO;;50;50;50;-1;DOWN
2025-06-13T07:45;2025-06-13T08:00;32;EUR;MWh;NO;NO;93.54;47.98;47.98;47.98;-1;DOWN
2025-06-13T08:00;2025-06-13T08:15;33;EUR;MWh;NO;NO;108.81;105;108.81;81.78;2;UP_AND_DOWN
2025-06-13T08:15;2025-06-13T08:30;34;EUR;MWh;NO;NO;108.81;45.94;45.94;45.94;-1;DOWN
2025-06-13T08:30;2025-06-13T08:45;35;EUR;MWh;NO;NO;77;33;78.77;33;2;UP_AND_DOWN
2025-06-13T08:45;2025-06-13T09:00;36;EUR;MWh;NO;NO;;-30;-30;-30;-1;DOWN
2025-06-13T09:00;2025-06-13T09:15;37;EUR;MWh;NO;NO;126.98;-54.37;126.98;-54.37;2;UP_AND_DOWN
2025-06-13T09:15;2025-06-13T09:30;38;EUR;MWh;NO;NO;126.98;-28.1;-28.1;-28.1;-1;DOWN
2025-06-13T09:30;2025-06-13T09:45;39;EUR;MWh;NO;NO;;-13.52;-13.52;-13.52;-1;DOWN
2025-06-13T09:45;2025-06-13T10:00;40;EUR;MWh;NO;NO;;-30;-30;-30;-1;DOWN
2025-06-13T10:00;2025-06-13T10:15;41;EUR;MWh;NO;NO;77;-18.5;77;-18.5;2;UP_AND_DOWN
2025-06-13T10:15;2025-06-13T10:30;42;EUR;MWh;NO;NO;;-70;-70;-70;-1;DOWN
2025-06-13T10:30;2025-06-13T10:45;43;EUR;MWh;NO;NO;77;-99.8;77;-99.8;2;UP_AND_DOWN
2025-06-13T10:45;2025-06-13T11:00;44;EUR;MWh;NO;NO;77;-97.8;-97.8;-97.8;-1;DOWN
2025-06-13T11:00;2025-06-13T11:15;45;EUR;MWh;NO;NO;;-29.7;-29.7;-29.7;-1;DOWN
2025-06-13T11:15;2025-06-13T11:30;46;EUR;MWh;NO;NO;;-29.6;-29.6;-29.6;-1;DOWN
2025-06-13T11:30;2025-06-13T11:45;47;EUR;MWh;NO;NO;48;-18.5;-18.5;-18.5;-1;DOWN
2025-06-13T11:45;2025-06-13T12:00;48;EUR;MWh;NO;NO;;70;70;70;-1;DOWN
2025-06-13T12:00;2025-06-13T12:15;49;EUR;MWh;NO;NO;68.36;10;68.36;10;2;UP_AND_DOWN
2025-06-13T12:15;2025-06-13T12:30;50;EUR;MWh;NO;NO;;-30;-30;-30;-1;DOWN
2025-06-13T12:30;2025-06-13T12:45;51;EUR;MWh;NO;NO;;-30;-30;-30;-1;DOWN
2025-06-13T12:45;2025-06-13T13:00;52;EUR;MWh;NO;NO;;-100;-100;-100;-1;DOWN
2025-06-13T13:00;2025-06-13T13:15;53;EUR;MWh;NO;NO;;-49.8;-49.8;-49.8;-1;DOWN
2025-06-13T13:15;2025-06-13T13:30;54;EUR;MWh;NO;NO;;-70;-70;-70;-1;DOWN
2025-06-13T13:30;2025-06-13T13:45;55;EUR;MWh;NO;NO;;-49.7;-49.7;-49.7;-1;DOWN
2025-06-13T13:45;2025-06-13T14:00;56;EUR;MWh;NO;NO;;-49.9;-49.9;-49.9;-1;DOWN
2025-06-13T14:00;2025-06-13T14:15;57;EUR;MWh;NO;NO;;-18.5;-18.5;-18.5;-1;DOWN
2025-06-13T14:15;2025-06-13T14:30;58;EUR;MWh;NO;NO;;10;10;10;-1;DOWN
2025-06-13T14:30;2025-06-13T14:45;59;EUR;MWh;NO;NO;55;70;70;70;-1;DOWN
2025-06-13T14:45;2025-06-13T15:00;60;EUR;MWh;NO;NO;46;10;10;10;-1;DOWN
2025-06-13T15:00;2025-06-13T15:15;61;EUR;MWh;NO;NO;33;;0;0;-1;DOWN
2025-06-13T15:15;2025-06-13T15:30;62;EUR;MWh;NO;NO;;-30;-30;-30;-1;DOWN
2025-06-13T15:30;2025-06-13T15:45;63;EUR;MWh;NO;NO;78.56;;78.56;0;2;UP_AND_DOWN
2025-06-13T15:45;2025-06-13T16:00;64;EUR;MWh;NO;NO;84.9;10;84.9;84.9;1;UP
2025-06-13T16:00;2025-06-13T16:15;65;EUR;MWh;NO;NO;84.9;-30.1;-30.1;-30.1;-1;DOWN
2025-06-13T16:15;2025-06-13T16:30;66;EUR;MWh;NO;NO;;-59.8;-59.8;-59.8;-1;DOWN
2025-06-13T16:30;2025-06-13T16:45;67;EUR;MWh;NO;NO;;-41;-41;-41;-1;DOWN
2025-06-13T16:45;2025-06-13T17:00;68;EUR;MWh;NO;NO;;-59.9;-59.9;-59.9;-1;DOWN
2025-06-13T17:00;2025-06-13T17:15;69;EUR;MWh;NO;NO;;-30;-30;-30;-1;DOWN
2025-06-13T17:15;2025-06-13T17:30;70;EUR;MWh;NO;NO;78.56;-30;78.56;-30;2;UP_AND_DOWN
2025-06-13T17:30;2025-06-13T17:45;71;EUR;MWh;NO;NO;77;-30;77;-30;2;UP_AND_DOWN
2025-06-13T17:45;2025-06-13T18:00;72;EUR;MWh;NO;NO;89.76;10.2;89.76;10.2;2;UP_AND_DOWN
2025-06-13T18:00;2025-06-13T18:15;73;EUR;MWh;NO;NO;77;10;77;10;2;UP_AND_DOWN
2025-06-13T18:15;2025-06-13T18:30;74;EUR;MWh;NO;NO;88.46;10.1;88.46;10.1;2;UP_AND_DOWN
2025-06-13T18:30;2025-06-13T18:45;75;EUR;MWh;NO;NO;112.22;11.59;112.22;11.59;2;UP_AND_DOWN
2025-06-13T18:45;2025-06-13T19:00;76;EUR;MWh;NO;NO;112.22;-50;112.22;-50;2;UP_AND_DOWN
2025-06-13T19:00;2025-06-13T19:15;77;EUR;MWh;NO;NO;;42.98;42.98;42.98;-1;DOWN
2025-06-13T19:15;2025-06-13T19:30;78;EUR;MWh;NO;NO;127.7;49.15;127.7;49.15;2;UP_AND_DOWN
2025-06-13T19:30;2025-06-13T19:45;79;EUR;MWh;NO;NO;154.28;;154.28;154.28;1;UP
2025-06-13T19:45;2025-06-13T20:00;80;EUR;MWh;NO;NO;156.2;;156.2;156.2;1;UP
2025-06-13T20:00;2025-06-13T20:15;81;EUR;MWh;NO;NO;85;73.28;85;67.58;2;UP_AND_DOWN
2025-06-13T20:15;2025-06-13T20:30;82;EUR;MWh;NO;NO;99.98;;99.98;99.98;1;UP
2025-06-13T20:30;2025-06-13T20:45;83;EUR;MWh;NO;NO;112.9;;112.9;112.9;1;UP
2025-06-13T20:45;2025-06-13T21:00;84;EUR;MWh;NO;NO;120;;120;120;1;UP
2025-06-13T21:00;2025-06-13T21:15;85;EUR;MWh;NO;NO;107.5;;107.5;107.5;1;UP
2025-06-13T21:15;2025-06-13T21:30;86;EUR;MWh;NO;NO;127;;127;127;1;UP
2025-06-13T21:30;2025-06-13T21:45;87;EUR;MWh;NO;NO;126.9;;126.9;126.9;1;UP
2025-06-13T21:45;2025-06-13T22:00;88;EUR;MWh;NO;NO;126.8;;126.8;126.8;1;UP
2025-06-13T22:00;2025-06-13T22:15;89;EUR;MWh;NO;NO;1895;;1895;1895;1;UP
2025-06-13T22:15;2025-06-13T22:30;90;EUR;MWh;NO;NO;85;61.94;61.94;61.94;-1;DOWN
2025-06-13T22:30;2025-06-13T22:45;91;EUR;MWh;NO;NO;;9.57;9.57;9.57;-1;DOWN
2025-06-13T22:45;2025-06-13T23:00;92;EUR;MWh;NO;NO;;-60;-60;-60;-1;DOWN
2025-06-13T23:00;2025-06-13T23:15;93;EUR;MWh;NO;NO;84.69;-110.73;84.69;-110.73;2;UP_AND_DOWN
2025-06-13T23:15;2025-06-13T23:30;94;EUR;MWh;NO;NO;111;10;111;10;2;UP_AND_DOWN
2025-06-13T23:30;2025-06-13T23:45;95;EUR;MWh;NO;NO;;10;10;10;-1;DOWN
2025-06-13T23:45;2025-06-14T00:00;96;EUR;MWh;NO;NO;;-27.49;-27.49;-27.49;-1;DOWN
2025-06-14T00:00;2025-06-14T00:15;1;EUR;MWh;NO;NO;;;0;0;-1;DOWN
2025-06-14T00:15;2025-06-14T00:30;2;EUR;MWh;NO;NO;;5;5;5;-1;DOWN
2025-06-14T00:30;2025-06-14T00:45;3;EUR;MWh;NO;NO;;4;4;4;-1;DOWN
2025-06-14T00:45;2025-06-14T01:00;4;EUR;MWh;NO;NO;;-15.1;-15.1;-15.1;-1;DOWN
2025-06-14T01:00;2025-06-14T01:15;5;EUR;MWh;NO;NO;;-20;-20;-20;-1;DOWN
2025-06-14T01:15;2025-06-14T01:30;6;EUR;MWh;NO;NO;;-44.9;-44.9;-44.9;-1;DOWN
2025-06-14T01:30;2025-06-14T01:45;7;EUR;MWh;NO;NO;118.7;-27.39;118.7;-27.39;2;UP_AND_DOWN
2025-06-14T01:45;2025-06-14T02:00;8;EUR;MWh;NO;NO;124.39;-10;124.39;-10;2;UP_AND_DOWN
2025-06-14T02:00;2025-06-14T02:15;9;EUR;MWh;NO;NO;;-45.1;-45.1;-45.1;-1;DOWN
2025-06-14T02:15;2025-06-14T02:30;10;EUR;MWh;NO;NO;85;-43.19;85;-43.19;2;UP_AND_DOWN
2025-06-14T02:30;2025-06-14T02:45;11;EUR;MWh;NO;NO;101.54;-43.19;101.54;101.54;1;UP
2025-06-14T02:45;2025-06-14T03:00;12;EUR;MWh;NO;NO;85;5;85;5;2;UP_AND_DOWN
2025-06-14T03:00;2025-06-14T03:15;13;EUR;MWh;NO;NO;118.4;-5.99;118.4;-5.99;2;UP_AND_DOWN
2025-06-14T03:15;2025-06-14T03:30;14;EUR;MWh;NO;NO;102.91;;102.91;102.91;1;UP
2025-06-14T03:30;2025-06-14T03:45;15;EUR;MWh;NO;NO;93.42;16;93.42;16;2;UP_AND_DOWN
2025-06-14T03:45;2025-06-14T04:00;16;EUR;MWh;NO;NO;156.1;;156.1;156.1;1;UP
2025-06-14T04:00;2025-06-14T04:15;17;EUR;MWh;NO;NO;1662;;1662;1662;1;UP
2025-06-14T04:15;2025-06-14T04:30;18;EUR;MWh;NO;NO;1925;;1925;1925;1;UP
2025-06-14T04:30;2025-06-14T04:45;19;EUR;MWh;NO;NO;1925;;1925;1925;1;UP
2025-06-14T04:45;2025-06-14T05:00;20;EUR;MWh;NO;NO;1925;;1925;1925;1;UP
2025-06-14T05:00;2025-06-14T05:15;21;EUR;MWh;YES;;2117.5;;2117.5;2117.5;1;UP
2025-06-14T05:15;2025-06-14T05:30;22;EUR;MWh;YES;;2117.5;;2117.5;2117.5;1;UP
2025-06-14T05:30;2025-06-14T05:45;23;EUR;MWh;YES;;2117.5;;2117.5;2117.5;1;UP
2025-06-14T05:45;2025-06-14T06:00;24;EUR;MWh;YES;;297.5;;297.5;297.5;1;UP
2025-06-14T06:00;2025-06-14T06:15;25;EUR;MWh;YES;;284;-40;284;-40;2;UP_AND_DOWN
2025-06-14T06:15;2025-06-14T06:30;26;EUR;MWh;YES;;284;10;284;10;2;UP_AND_DOWN
2025-06-14T06:30;2025-06-14T06:45;27;EUR;MWh;YES;;284;-5.5;284;-5.5;2;UP_AND_DOWN
2025-06-14T06:45;2025-06-14T07:00;28;EUR;MWh;NO;NO;128.7;-50;128.7;-50;2;UP_AND_DOWN
2025-06-14T07:00;2025-06-14T07:15;29;EUR;MWh;NO;NO;85;-27.59;102.84;-27.59;2;UP_AND_DOWN
2025-06-14T07:15;2025-06-14T07:30;30;EUR;MWh;NO;NO;;-50;-50;-50;-1;DOWN
2025-06-14T07:30;2025-06-14T07:45;31;EUR;MWh;NO;NO;;-45;-45;-45;-1;DOWN
2025-06-14T07:45;2025-06-14T08:00;32;EUR;MWh;NO;NO;125;-4.09;125;-4.09;2;UP_AND_DOWN
2025-06-14T08:00;2025-06-14T08:15;33;EUR;MWh;NO;NO;1925;-4.09;1925;1925;1;UP
2025-06-14T08:15;2025-06-14T08:30;34;EUR;MWh;NO;NO;90;-26;90;-26;2;UP_AND_DOWN
2025-06-14T08:30;2025-06-14T08:45;35;EUR;MWh;NO;NO;90;-28.57;90;-28.57;2;UP_AND_DOWN
2025-06-14T08:45;2025-06-14T09:00;36;EUR;MWh;NO;NO;84.37;-30;-30;-30;-1;DOWN
2025-06-14T09:00;2025-06-14T09:15;37;EUR;MWh;NO;NO;97;-55;97;-55;2;UP_AND_DOWN
2025-06-14T09:15;2025-06-14T09:30;38;EUR;MWh;NO;NO;;-59.9;-59.9;-59.9;-1;DOWN
2025-06-14T09:30;2025-06-14T09:45;39;EUR;MWh;NO;NO;97.45;-85;97.45;-85;2;UP_AND_DOWN
2025-06-14T09:45;2025-06-14T10:00;40;EUR;MWh;NO;NO;50;-85;-85;-85;-1;DOWN
2025-06-14T10:00;2025-06-14T10:15;41;EUR;MWh;NO;NO;65.26;5;67.63;5;2;UP_AND_DOWN
2025-06-14T10:15;2025-06-14T10:30;42;EUR;MWh;NO;NO;89.44;12;89.44;12;2;UP_AND_DOWN
2025-06-14T10:30;2025-06-14T10:45;43;EUR;MWh;NO;NO;30;7.1;54.79;7.1;2;UP_AND_DOWN
2025-06-14T10:45;2025-06-14T11:00;44;EUR;MWh;NO;NO;30;10.1;54.79;10.1;2;UP_AND_DOWN
2025-06-14T11:00;2025-06-14T11:15;45;EUR;MWh;NO;NO;66.47;5;67.63;5;2;UP_AND_DOWN
2025-06-14T11:15;2025-06-14T11:30;46;EUR;MWh;NO;NO;80.67;-50;80.67;-50;2;UP_AND_DOWN
2025-06-14T11:30;2025-06-14T11:45;47;EUR;MWh;NO;NO;139.8;-45;139.8;-45;2;UP_AND_DOWN
2025-06-14T11:45;2025-06-14T12:00;48;EUR;MWh;NO;NO;118.7;-30;-30;-30;-1;DOWN
2025-06-14T12:00;2025-06-14T12:15;49;EUR;MWh;NO;NO;66.36;-30;66.36;66.36;1;UP
2025-06-14T12:15;2025-06-14T12:30;50;EUR;MWh;NO;NO;;-30;-30;-30;-1;DOWN
2025-06-14T12:30;2025-06-14T12:45;51;EUR;MWh;NO;NO;84.37;8.42;84.37;8.42;2;UP_AND_DOWN
2025-06-14T12:45;2025-06-14T13:00;52;EUR;MWh;NO;NO;74.64;-70;-70;-70;-1;DOWN
2025-06-14T13:00;2025-06-14T13:15;53;EUR;MWh;NO;NO;155;-66;155;-66;2;UP_AND_DOWN
2025-06-14T13:15;2025-06-14T13:30;54;EUR;MWh;NO;NO;128.2;;128.2;128.2;1;UP
2025-06-14T13:30;2025-06-14T13:45;55;EUR;MWh;NO;NO;70.09;5;70.09;5;2;UP_AND_DOWN
2025-06-14T13:45;2025-06-14T14:00;56;EUR;MWh;NO;NO;85;;85;85;1;UP
2025-06-14T14:00;2025-06-14T14:15;57;EUR;MWh;NO;NO;85;;85;85;1;UP
2025-06-14T14:15;2025-06-14T14:30;58;EUR;MWh;NO;NO;113;;113;113;1;UP
2025-06-14T14:30;2025-06-14T14:45;59;EUR;MWh;NO;NO;118.5;;118.5;118.5;1;UP
2025-06-14T14:45;2025-06-14T15:00;60;EUR;MWh;NO;NO;55.68;5;5;5;-1;DOWN
2025-06-14T15:00;2025-06-14T15:15;61;EUR;MWh;NO;NO;111.81;79.57;111.81;59.79;2;UP_AND_DOWN
2025-06-14T15:15;2025-06-14T15:30;62;EUR;MWh;NO;NO;111.95;;111.95;111.95;1;UP
2025-06-14T15:30;2025-06-14T15:45;63;EUR;MWh;NO;NO;105.83;;105.83;105.83;1;UP
2025-06-14T15:45;2025-06-14T16:00;64;EUR;MWh;NO;NO;111.86;;111.86;111.86;1;UP
2025-06-14T16:00;2025-06-14T16:15;65;EUR;MWh;NO;NO;112.9;;112.9;112.9;1;UP
2025-06-14T16:15;2025-06-14T16:30;66;EUR;MWh;NO;NO;95;;95;95;1;UP
2025-06-14T16:30;2025-06-14T16:45;67;EUR;MWh;NO;NO;92.54;;92.54;92.54;1;UP
2025-06-14T16:45;2025-06-14T17:00;68;EUR;MWh;NO;NO;104;79.57;104;67.63;2;UP_AND_DOWN
2025-06-14T17:00;2025-06-14T17:15;69;EUR;MWh;NO;NO;102.54;5;102.54;5;2;UP_AND_DOWN
2025-06-14T17:15;2025-06-14T17:30;70;EUR;MWh;NO;NO;118.4;-23.43;118.4;-23.43;2;UP_AND_DOWN
2025-06-14T17:30;2025-06-14T17:45;71;EUR;MWh;NO;NO;98;10;98;10;2;UP_AND_DOWN
2025-06-14T17:45;2025-06-14T18:00;72;EUR;MWh;NO;NO;90.1;10;90.1;10;2;UP_AND_DOWN
2025-06-14T18:00;2025-06-14T18:15;73;EUR;MWh;NO;NO;95;-14.9;95;-14.9;2;UP_AND_DOWN
2025-06-14T18:15;2025-06-14T18:30;74;EUR;MWh;NO;NO;94.8;5;94.8;5;2;UP_AND_DOWN
2025-06-14T18:30;2025-06-14T18:45;75;EUR;MWh;NO;NO;94.8;10;94.8;10;2;UP_AND_DOWN
2025-06-14T18:45;2025-06-14T19:00;76;EUR;MWh;NO;NO;74.37;25.2;74.37;25.2;2;UP_AND_DOWN
2025-06-14T19:00;2025-06-14T19:15;77;EUR;MWh;NO;NO;;5;5;5;-1;DOWN
2025-06-14T19:15;2025-06-14T19:30;78;EUR;MWh;NO;NO;;82.25;82.25;82.25;-1;DOWN
2025-06-14T19:30;2025-06-14T19:45;79;EUR;MWh;NO;NO;55.68;86.75;71.22;71.22;2;UP_AND_DOWN
2025-06-14T19:45;2025-06-14T20:00;80;EUR;MWh;NO;NO;95;;95;95;1;UP
2025-06-14T20:00;2025-06-14T20:15;81;EUR;MWh;NO;NO;137.5;;137.5;137.5;1;UP
2025-06-14T20:15;2025-06-14T20:30;82;EUR;MWh;NO;NO;96.54;;96.54;96.54;1;UP
2025-06-14T20:30;2025-06-14T20:45;83;EUR;MWh;NO;NO;118.6;;118.6;118.6;1;UP
2025-06-14T20:45;2025-06-14T21:00;84;EUR;MWh;NO;NO;155;;155;155;1;UP
2025-06-14T21:00;2025-06-14T21:15;85;EUR;MWh;NO;NO;149.9;;149.9;149.9;1;UP
2025-06-14T21:15;2025-06-14T21:30;86;EUR;MWh;NO;NO;150;;150;150;1;UP
2025-06-14T21:30;2025-06-14T21:45;87;EUR;MWh;NO;NO;155;;155;155;1;UP
2025-06-14T21:45;2025-06-14T22:00;88;EUR;MWh;NO;NO;161.1;;161.1;161.1;1;UP
2025-06-14T22:00;2025-06-14T22:15;89;EUR;MWh;NO;NO;175;;175;175;1;UP
2025-06-14T22:15;2025-06-14T22:30;90;EUR;MWh;NO;NO;300;;300;300;1;UP
2025-06-14T22:30;2025-06-14T22:45;91;EUR;MWh;NO;NO;175;;175;175;1;UP
2025-06-14T22:45;2025-06-14T23:00;92;EUR;MWh;NO;NO;288.78;;288.78;288.78;1;UP
2025-06-14T23:00;2025-06-14T23:15;93;EUR;MWh;NO;NO;155;;155;155;1;UP
2025-06-14T23:15;2025-06-14T23:30;94;EUR;MWh;NO;NO;105;62.71;105;62.71;2;UP_AND_DOWN
2025-06-14T23:30;2025-06-14T23:45;95;EUR;MWh;NO;NO;;64.25;64.25;64.25;-1;DOWN
2025-06-14T23:45;2025-06-15T00:00;96;EUR;MWh;NO;NO;155;86.75;155;71.22;2;UP_AND_DOWN
2025-06-15T00:00;2025-06-15T00:15;1;EUR;MWh;NO;NO;155;;155;155;1;UP
2025-06-15T00:15;2025-06-15T00:30;2;EUR;MWh;NO;NO;102.54;59.24;102.54;59.24;2;UP_AND_DOWN
2025-06-15T00:30;2025-06-15T00:45;3;EUR;MWh;NO;NO;;10;10;10;-1;DOWN
2025-06-15T00:45;2025-06-15T01:00;4;EUR;MWh;NO;NO;;4.9;4.9;4.9;-1;DOWN
2025-06-15T01:00;2025-06-15T01:15;5;EUR;MWh;NO;NO;;6.7;6.7;6.7;-1;DOWN
2025-06-15T01:15;2025-06-15T01:30;6;EUR;MWh;NO;NO;;10;10;10;-1;DOWN
2025-06-15T01:30;2025-06-15T01:45;7;EUR;MWh;NO;NO;121;32.8;121;32.8;2;UP_AND_DOWN
2025-06-15T01:45;2025-06-15T02:00;8;EUR;MWh;NO;NO;96.54;67;96.54;67;2;UP_AND_DOWN
2025-06-15T02:00;2025-06-15T02:15;9;EUR;MWh;NO;NO;;57.7;57.7;57.7;-1;DOWN
2025-06-15T02:15;2025-06-15T02:30;10;EUR;MWh;NO;NO;103.72;62.7;103.72;103.72;1;UP
2025-06-15T02:30;2025-06-15T02:45;11;EUR;MWh;NO;NO;121;;121;121;1;UP
2025-06-15T02:45;2025-06-15T03:00;12;EUR;MWh;NO;NO;118.4;;118.4;118.4;1;UP
2025-06-15T03:00;2025-06-15T03:15;13;EUR;MWh;NO;NO;118.6;;118.6;118.6;1;UP
2025-06-15T03:15;2025-06-15T03:30;14;EUR;MWh;NO;NO;119;;119;119;1;UP
2025-06-15T03:30;2025-06-15T03:45;15;EUR;MWh;NO;NO;114.76;;114.76;114.76;1;UP
2025-06-15T03:45;2025-06-15T04:00;16;EUR;MWh;NO;NO;89.96;32.8;32.8;32.8;-1;DOWN
2025-06-15T04:00;2025-06-15T04:15;17;EUR;MWh;NO;NO;;26.74;26.74;26.74;-1;DOWN
2025-06-15T04:15;2025-06-15T04:30;18;EUR;MWh;NO;NO;;32.7;32.7;32.7;-1;DOWN
2025-06-15T04:30;2025-06-15T04:45;19;EUR;MWh;NO;NO;;10;10;10;-1;DOWN
2025-06-15T04:45;2025-06-15T05:00;20;EUR;MWh;NO;NO;;2.7;2.7;2.7;-1;DOWN
2025-06-15T05:00;2025-06-15T05:15;21;EUR;MWh;NO;NO;;2.7;2.7;2.7;-1;DOWN
2025-06-15T05:15;2025-06-15T05:30;22;EUR;MWh;NO;NO;;2.7;2.7;2.7;-1;DOWN
2025-06-15T05:30;2025-06-15T05:45;23;EUR;MWh;NO;NO;;-30;-30;-30;-1;DOWN
2025-06-15T05:45;2025-06-15T06:00;24;EUR;MWh;NO;NO;56.11;10;68.81;10;2;UP_AND_DOWN
2025-06-15T06:00;2025-06-15T06:15;25;EUR;MWh;NO;NO;119;23;119;23;2;UP_AND_DOWN
2025-06-15T06:15;2025-06-15T06:30;26;EUR;MWh;NO;NO;98;;98;98;1;UP
2025-06-15T06:30;2025-06-15T06:45;27;EUR;MWh;NO;NO;56.11;77.9;56.11;56.11;1;UP
2025-06-15T06:45;2025-06-15T07:00;28;EUR;MWh;NO;NO;89.81;86.94;89.81;71.53;2;UP_AND_DOWN
2025-06-15T07:00;2025-06-15T07:15;29;EUR;MWh;NO;NO;96.71;86.94;96.71;96.71;1;UP
2025-06-15T07:15;2025-06-15T07:30;30;EUR;MWh;NO;NO;102.21;25;102.21;25;2;UP_AND_DOWN
2025-06-15T07:30;2025-06-15T07:45;31;EUR;MWh;NO;NO;119;10;119;119;1;UP
2025-06-15T07:45;2025-06-15T08:00;32;EUR;MWh;NO;NO;56.11;10;56.11;10;2;UP_AND_DOWN
2025-06-15T08:00;2025-06-15T08:15;33;EUR;MWh;NO;NO;118.9;10;118.9;10;2;UP_AND_DOWN
2025-06-15T08:15;2025-06-15T08:30;34;EUR;MWh;NO;NO;99;52.07;99;52.07;2;UP_AND_DOWN
2025-06-15T08:30;2025-06-15T08:45;35;EUR;MWh;NO;NO;56.11;-70;56.11;-70;2;UP_AND_DOWN
2025-06-15T08:45;2025-06-15T09:00;36;EUR;MWh;NO;NO;;-49.81;-49.81;-49.81;-1;DOWN
2025-06-15T09:00;2025-06-15T09:15;37;EUR;MWh;NO;NO;;-49.8;-49.8;-49.8;-1;DOWN
2025-06-15T09:15;2025-06-15T09:30;38;EUR;MWh;NO;NO;;-29.53;-29.53;-29.53;-1;DOWN
2025-06-15T09:30;2025-06-15T09:45;39;EUR;MWh;NO;NO;102.81;12.2;102.81;12.2;2;UP_AND_DOWN
2025-06-15T09:45;2025-06-15T10:00;40;EUR;MWh;NO;NO;133.6;;133.6;133.6;1;UP
2025-06-15T10:00;2025-06-15T10:15;41;EUR;MWh;NO;NO;150;;150;150;1;UP
2025-06-15T10:15;2025-06-15T10:30;42;EUR;MWh;NO;NO;102.21;-30;102.21;-30;2;UP_AND_DOWN
2025-06-15T10:30;2025-06-15T10:45;43;EUR;MWh;NO;NO;56.21;-22.1;56.21;-22.1;2;UP_AND_DOWN
2025-06-15T10:45;2025-06-15T11:00;44;EUR;MWh;NO;NO;;-30;-30;-30;-1;DOWN
2025-06-15T11:00;2025-06-15T11:15;45;EUR;MWh;NO;NO;56.11;-29.5;56.11;-29.5;2;UP_AND_DOWN
2025-06-15T11:15;2025-06-15T11:30;46;EUR;MWh;NO;NO;;-60;-60;-60;-1;DOWN
2025-06-15T11:30;2025-06-15T11:45;47;EUR;MWh;NO;NO;;-30;-30;-30;-1;DOWN
2025-06-15T11:45;2025-06-15T12:00;48;EUR;MWh;NO;NO;83.98;-30;83.98;-30;2;UP_AND_DOWN
2025-06-15T12:00;2025-06-15T12:15;49;EUR;MWh;NO;NO;87.04;-29.9;87.04;-29.9;2;UP_AND_DOWN
2025-06-15T12:15;2025-06-15T12:30;50;EUR;MWh;NO;NO;;-30;-30;-30;-1;DOWN
2025-06-15T12:30;2025-06-15T12:45;51;EUR;MWh;NO;NO;71.56;10;71.56;10;2;UP_AND_DOWN
2025-06-15T12:45;2025-06-15T13:00;52;EUR;MWh;NO;NO;30;-29.8;30;-29.8;2;UP_AND_DOWN
2025-06-15T13:00;2025-06-15T13:15;53;EUR;MWh;NO;NO;67.07;-29.9;67.07;-29.9;2;UP_AND_DOWN
2025-06-15T13:15;2025-06-15T13:30;54;EUR;MWh;NO;NO;85.22;-60;85.22;-60;2;UP_AND_DOWN
2025-06-15T13:30;2025-06-15T13:45;55;EUR;MWh;NO;NO;;-70;-70;-70;-1;DOWN
2025-06-15T13:45;2025-06-15T14:00;56;EUR;MWh;NO;NO;;-70;-70;-70;-1;DOWN
2025-06-15T14:00;2025-06-15T14:15;57;EUR;MWh;NO;NO;;-70;-70;-70;-1;DOWN
2025-06-15T14:15;2025-06-15T14:30;58;EUR;MWh;NO;NO;;-30;-30;-30;-1;DOWN
2025-06-15T14:30;2025-06-15T14:45;59;EUR;MWh;NO;NO;;-30;-30;-30;-1;DOWN
2025-06-15T14:45;2025-06-15T15:00;60;EUR;MWh;NO;NO;1;10;13;10;2;UP_AND_DOWN
2025-06-15T15:00;2025-06-15T15:15;61;EUR;MWh;NO;NO;1;10;10;10;-1;DOWN
2025-06-15T15:15;2025-06-15T15:30;62;EUR;MWh;NO;NO;65.57;10;65.57;10;2;UP_AND_DOWN
2025-06-15T15:30;2025-06-15T15:45;63;EUR;MWh;NO;NO;73.16;-26.89;73.16;-26.89;2;UP_AND_DOWN
2025-06-15T15:45;2025-06-15T16:00;64;EUR;MWh;NO;NO;75.19;9.57;75.19;9.57;2;UP_AND_DOWN
2025-06-15T16:00;2025-06-15T16:15;65;EUR;MWh;NO;NO;56.11;-26.89;56.11;-26.89;2;UP_AND_DOWN
2025-06-15T16:15;2025-06-15T16:30;66;EUR;MWh;NO;NO;;-27.09;-27.09;-27.09;-1;DOWN
2025-06-15T16:30;2025-06-15T16:45;67;EUR;MWh;NO;NO;119;-27.19;119;-27.19;2;UP_AND_DOWN
2025-06-15T16:45;2025-06-15T17:00;68;EUR;MWh;NO;NO;111.81;5;111.81;5;2;UP_AND_DOWN
2025-06-15T17:00;2025-06-15T17:15;69;EUR;MWh;NO;NO;96.61;-1000;96.61;-1000;2;UP_AND_DOWN
2025-06-15T17:15;2025-06-15T17:30;70;EUR;MWh;NO;NO;90;-105;90;-105;2;UP_AND_DOWN
2025-06-15T17:30;2025-06-15T17:45;71;EUR;MWh;NO;NO;56.11;10;71.53;10;2;UP_AND_DOWN
2025-06-15T17:45;2025-06-15T18:00;72;EUR;MWh;NO;NO;;-60;-60;-60;-1;DOWN
2025-06-15T18:00;2025-06-15T18:15;73;EUR;MWh;NO;NO;155;-527.73;155;-527.73;2;UP_AND_DOWN
2025-06-15T18:15;2025-06-15T18:30;74;EUR;MWh;NO;NO;129.86;-79;129.86;-79;2;UP_AND_DOWN
2025-06-15T18:30;2025-06-15T18:45;75;EUR;MWh;NO;NO;;-38.44;-38.44;-38.44;-1;DOWN
2025-06-15T18:45;2025-06-15T19:00;76;EUR;MWh;NO;NO;;10;10;10;-1;DOWN
2025-06-15T19:00;2025-06-15T19:15;77;EUR;MWh;NO;NO;;-30;-30;-30;-1;DOWN
2025-06-15T19:15;2025-06-15T19:30;78;EUR;MWh;NO;NO;;10;10;10;-1;DOWN
2025-06-15T19:30;2025-06-15T19:45;79;EUR;MWh;NO;NO;89.9;57.7;57.7;57.7;-1;DOWN
2025-06-15T19:45;2025-06-15T20:00;80;EUR;MWh;NO;NO;96.81;72;72;72;-1;DOWN
2025-06-15T20:00;2025-06-15T20:15;81;EUR;MWh;NO;NO;;62.7;62.7;62.7;-1;DOWN
2025-06-15T20:15;2025-06-15T20:30;82;EUR;MWh;NO;NO;56.11;82.35;62.99;62.99;2;UP_AND_DOWN
2025-06-15T20:30;2025-06-15T20:45;83;EUR;MWh;NO;NO;87.22;84.98;87.22;67.99;2;UP_AND_DOWN
2025-06-15T20:45;2025-06-15T21:00;84;EUR;MWh;NO;NO;121.2;84.98;121.2;121.2;1;UP
2025-06-15T21:00;2025-06-15T21:15;85;EUR;MWh;NO;NO;102.11;70;102.11;70;2;UP_AND_DOWN
2025-06-15T21:15;2025-06-15T21:30;86;EUR;MWh;NO;NO;56.11;74.18;73.05;73.05;2;UP_AND_DOWN
2025-06-15T21:30;2025-06-15T21:45;87;EUR;MWh;NO;NO;96.81;74.18;96.81;96.81;1;UP
2025-06-15T21:45;2025-06-15T22:00;88;EUR;MWh;NO;NO;98;;98;98;1;UP
2025-06-15T22:00;2025-06-15T22:15;89;EUR;MWh;NO;NO;119;;119;119;1;UP
2025-06-15T22:15;2025-06-15T22:30;90;EUR;MWh;NO;NO;119;;119;119;1;UP
2025-06-15T22:30;2025-06-15T22:45;91;EUR;MWh;NO;NO;121.1;;121.1;121.1;1;UP
2025-06-15T22:45;2025-06-15T23:00;92;EUR;MWh;NO;NO;121;86.55;121;73.05;2;UP_AND_DOWN
2025-06-15T23:00;2025-06-15T23:15;93;EUR;MWh;NO;NO;150;79.08;150;69.99;2;UP_AND_DOWN
2025-06-15T23:15;2025-06-15T23:30;94;EUR;MWh;NO;NO;136.6;80.7;136.6;69.99;2;UP_AND_DOWN
2025-06-15T23:30;2025-06-15T23:45;95;EUR;MWh;NO;NO;;85.08;85.08;85.08;-1;DOWN
2025-06-15T23:45;2025-06-16T00:00;96;EUR;MWh;NO;NO;;77.7;77.7;77.7;-1;DOWN
2025-06-16T00:00;2025-06-16T00:15;1;EUR;MWh;NO;NO;81.54;51.98;81.54;51.98;2;UP_AND_DOWN
2025-06-16T00:15;2025-06-16T00:30;2;EUR;MWh;NO;NO;66.03;81.53;81.53;81.53;-1;DOWN
2025-06-16T00:30;2025-06-16T00:45;3;EUR;MWh;NO;NO;71.54;65.92;71.54;65.92;2;UP_AND_DOWN
2025-06-16T00:45;2025-06-16T01:00;4;EUR;MWh;NO;NO;81.54;56.08;81.54;56.08;2;UP_AND_DOWN
2025-06-16T01:00;2025-06-16T01:15;5;EUR;MWh;NO;NO;110.88;78.49;110.88;68.5;2;UP_AND_DOWN
2025-06-16T01:15;2025-06-16T01:30;6;EUR;MWh;NO;NO;110.78;;110.78;110.78;1;UP
2025-06-16T01:30;2025-06-16T01:45;7;EUR;MWh;NO;NO;108.21;;108.21;108.21;1;UP
2025-06-16T01:45;2025-06-16T02:00;8;EUR;MWh;NO;NO;98.88;;98.88;98.88;1;UP
2025-06-16T02:00;2025-06-16T02:15;9;EUR;MWh;NO;NO;89.9;68.87;89.9;68.5;2;UP_AND_DOWN
2025-06-16T02:15;2025-06-16T02:30;10;EUR;MWh;NO;NO;81.54;70.48;81.54;70.48;2;UP_AND_DOWN
2025-06-16T02:30;2025-06-16T02:45;11;EUR;MWh;NO;NO;92.88;70.49;92.88;70.49;2;UP_AND_DOWN
2025-06-16T02:45;2025-06-16T03:00;12;EUR;MWh;NO;NO;103.88;;103.88;103.88;1;UP
2025-06-16T03:00;2025-06-16T03:15;13;EUR;MWh;NO;NO;92.88;;92.88;92.88;1;UP
2025-06-16T03:15;2025-06-16T03:30;14;EUR;MWh;NO;NO;113.52;;113.52;113.52;1;UP
2025-06-16T03:30;2025-06-16T03:45;15;EUR;MWh;NO;NO;119;;119;119;1;UP
2025-06-16T03:45;2025-06-16T04:00;16;EUR;MWh;NO;NO;117.98;;117.98;117.98;1;UP
2025-06-16T04:00;2025-06-16T04:15;17;EUR;MWh;NO;NO;95.67;;95.67;95.67;1;UP
2025-06-16T04:15;2025-06-16T04:30;18;EUR;MWh;NO;NO;93.98;;93.98;93.98;1;UP
2025-06-16T04:30;2025-06-16T04:45;19;EUR;MWh;NO;NO;93.41;;93.41;93.41;1;UP
2025-06-16T04:45;2025-06-16T05:00;20;EUR;MWh;NO;NO;110.78;;110.78;110.78;1;UP
2025-06-16T05:00;2025-06-16T05:15;21;EUR;MWh;NO;NO;96.98;;96.98;96.98;1;UP
2025-06-16T05:15;2025-06-16T05:30;22;EUR;MWh;NO;NO;87.04;70.69;87.04;68.52;2;UP_AND_DOWN
2025-06-16T05:30;2025-06-16T05:45;23;EUR;MWh;NO;NO;119;;119;119;1;UP
2025-06-16T05:45;2025-06-16T06:00;24;EUR;MWh;NO;NO;119;;119;119;1;UP
2025-06-16T06:00;2025-06-16T06:15;25;EUR;MWh;NO;NO;111;;111;111;1;UP
2025-06-16T06:15;2025-06-16T06:30;26;EUR;MWh;NO;NO;96.98;60.7;60.7;60.7;-1;DOWN
2025-06-16T06:30;2025-06-16T06:45;27;EUR;MWh;NO;NO;;60.7;60.7;60.7;-1;DOWN
2025-06-16T06:45;2025-06-16T07:00;28;EUR;MWh;NO;NO;;64.23;64.23;64.23;-1;DOWN
2025-06-16T07:00;2025-06-16T07:15;29;EUR;MWh;NO;NO;110;25.29;110;25.29;2;UP_AND_DOWN
2025-06-16T07:15;2025-06-16T07:30;30;EUR;MWh;NO;NO;110;;110;110;1;UP
2025-06-16T07:30;2025-06-16T07:45;31;EUR;MWh;NO;NO;110;;110;110;1;UP
2025-06-16T07:45;2025-06-16T08:00;32;EUR;MWh;NO;NO;98;;98;98;1;UP
2025-06-16T08:00;2025-06-16T08:15;33;EUR;MWh;NO;NO;121.5;;121.5;121.5;1;UP
2025-06-16T08:15;2025-06-16T08:30;34;EUR;MWh;NO;NO;166.3;;166.3;166.3;1;UP
2025-06-16T08:30;2025-06-16T08:45;35;EUR;MWh;NO;NO;120;;120;120;1;UP
2025-06-16T08:45;2025-06-16T09:00;36;EUR;MWh;NO;NO;108.41;71.75;108.41;71.13;2;UP_AND_DOWN
2025-06-16T09:00;2025-06-16T09:15;37;EUR;MWh;NO;NO;108.41;22;22;22;-1;DOWN
2025-06-16T09:15;2025-06-16T09:30;38;EUR;MWh;NO;NO;93.98;22;93.98;22;2;UP_AND_DOWN
2025-06-16T09:30;2025-06-16T09:45;39;EUR;MWh;NO;NO;93.98;-11;-11;-11;-1;DOWN
2025-06-16T09:45;2025-06-16T10:00;40;EUR;MWh;NO;NO;94.88;5;94.88;5;2;UP_AND_DOWN
2025-06-16T10:00;2025-06-16T10:15;41;EUR;MWh;NO;NO;120;18;120;18;2;UP_AND_DOWN
2025-06-16T10:15;2025-06-16T10:30;42;EUR;MWh;NO;NO;121.4;;121.4;121.4;1;UP
2025-06-16T10:30;2025-06-16T10:45;43;EUR;MWh;NO;NO;300;;300;300;1;UP
2025-06-16T10:45;2025-06-16T11:00;44;EUR;MWh;NO;NO;500;;500;500;1;UP
2025-06-16T11:00;2025-06-16T11:15;45;EUR;MWh;NO;NO;1662;;1662;1662;1;UP
2025-06-16T11:15;2025-06-16T11:30;46;EUR;MWh;NO;NO;1662;;1662;1662;1;UP
2025-06-16T11:30;2025-06-16T11:45;47;EUR;MWh;NO;NO;101.88;10;101.88;10;2;UP_AND_DOWN
2025-06-16T11:45;2025-06-16T12:00;48;EUR;MWh;NO;NO;;40;40;40;-1;DOWN
2025-06-16T12:00;2025-06-16T12:15;49;EUR;MWh;NO;NO;120;40;120;120;1;UP
2025-06-16T12:15;2025-06-16T12:30;50;EUR;MWh;NO;NO;159.1;;159.1;159.1;1;UP
2025-06-16T12:30;2025-06-16T12:45;51;EUR;MWh;NO;NO;300;;300;300;1;UP
2025-06-16T12:45;2025-06-16T13:00;52;EUR;MWh;NO;NO;159;;159;159;1;UP
2025-06-16T13:00;2025-06-16T13:15;53;EUR;MWh;NO;NO;131.8;;131.8;131.8;1;UP
2025-06-16T13:15;2025-06-16T13:30;54;EUR;MWh;NO;NO;81.54;;81.54;81.54;1;UP
2025-06-16T13:30;2025-06-16T13:45;55;EUR;MWh;NO;NO;55.51;86.94;71.23;71.23;2;UP_AND_DOWN
2025-06-16T13:45;2025-06-16T14:00;56;EUR;MWh;NO;NO;;10;10;10;-1;DOWN
2025-06-16T14:00;2025-06-16T14:15;57;EUR;MWh;NO;NO;;-27.23;-27.23;-27.23;-1;DOWN
2025-06-16T14:15;2025-06-16T14:30;58;EUR;MWh;NO;NO;81.34;22;81.34;22;2;UP_AND_DOWN
2025-06-16T14:30;2025-06-16T14:45;59;EUR;MWh;NO;NO;81.54;-49;81.54;-49;2;UP_AND_DOWN
2025-06-16T14:45;2025-06-16T15:00;60;EUR;MWh;NO;NO;55.51;-70;55.51;-70;2;UP_AND_DOWN
2025-06-16T15:00;2025-06-16T15:15;61;EUR;MWh;NO;NO;;-60;-60;-60;-1;DOWN
2025-06-16T15:15;2025-06-16T15:30;62;EUR;MWh;NO;NO;;-30;-30;-30;-1;DOWN
2025-06-16T15:30;2025-06-16T15:45;63;EUR;MWh;NO;NO;;-70;-70;-70;-1;DOWN
2025-06-16T15:45;2025-06-16T16:00;64;EUR;MWh;NO;NO;;-18.5;-18.5;-18.5;-1;DOWN
2025-06-16T16:00;2025-06-16T16:15;65;EUR;MWh;NO;NO;55;-49;55;-49;2;UP_AND_DOWN
2025-06-16T16:15;2025-06-16T16:30;66;EUR;MWh;NO;NO;;-60;-60;-60;-1;DOWN
2025-06-16T16:30;2025-06-16T16:45;67;EUR;MWh;NO;NO;;-50;-50;-50;-1;DOWN
2025-06-16T16:45;2025-06-16T17:00;68;EUR;MWh;NO;NO;51;-41;-41;-41;-1;DOWN
2025-06-16T17:00;2025-06-16T17:15;69;EUR;MWh;NO;NO;92.68;-30;92.68;-30;2;UP_AND_DOWN
2025-06-16T17:15;2025-06-16T17:30;70;EUR;MWh;NO;NO;150.19;;150.19;150.19;1;UP
2025-06-16T17:30;2025-06-16T17:45;71;EUR;MWh;NO;NO;121.6;;121.6;121.6;1;UP
2025-06-16T17:45;2025-06-16T18:00;72;EUR;MWh;NO;NO;98;;98;98;1;UP
2025-06-16T18:00;2025-06-16T18:15;73;EUR;MWh;NO;NO;71.54;-41.9;71.54;-41.9;2;UP_AND_DOWN
2025-06-16T18:15;2025-06-16T18:30;74;EUR;MWh;NO;NO;81.54;-32.9;81.54;-32.9;2;UP_AND_DOWN
2025-06-16T18:30;2025-06-16T18:45;75;EUR;MWh;NO;NO;120;79.26;120;71.13;2;UP_AND_DOWN
2025-06-16T18:45;2025-06-16T19:00;76;EUR;MWh;NO;NO;160.4;;160.4;160.4;1;UP
2025-06-16T19:00;2025-06-16T19:15;77;EUR;MWh;NO;NO;103.98;65.08;103.98;65.08;2;UP_AND_DOWN
2025-06-16T19:15;2025-06-16T19:30;78;EUR;MWh;NO;NO;106;81.68;106;68.47;2;UP_AND_DOWN
2025-06-16T19:30;2025-06-16T19:45;79;EUR;MWh;NO;NO;120;;120;120;1;UP
2025-06-16T19:45;2025-06-16T20:00;80;EUR;MWh;NO;NO;124.98;;124.98;124.98;1;UP
2025-06-16T20:00;2025-06-16T20:15;81;EUR;MWh;NO;NO;120;;120;120;1;UP
2025-06-16T20:15;2025-06-16T20:30;82;EUR;MWh;NO;NO;160;;160;160;1;UP
2025-06-16T20:30;2025-06-16T20:45;83;EUR;MWh;NO;NO;132.8;;132.8;132.8;1;UP
2025-06-16T20:45;2025-06-16T21:00;84;EUR;MWh;NO;NO;134;;134;134;1;UP
2025-06-16T21:00;2025-06-16T21:15;85;EUR;MWh;NO;NO;134;;134;134;1;UP
2025-06-16T21:15;2025-06-16T21:30;86;EUR;MWh;NO;NO;134;;134;134;1;UP
2025-06-16T21:30;2025-06-16T21:45;87;EUR;MWh;NO;NO;134;;134;134;1;UP
2025-06-16T21:45;2025-06-16T22:00;88;EUR;MWh;NO;NO;160;;160;160;1;UP
2025-06-16T22:00;2025-06-16T22:15;89;EUR;MWh;NO;NO;160;;160;160;1;UP
2025-06-16T22:15;2025-06-16T22:30;90;EUR;MWh;NO;NO;160;;160;160;1;UP
2025-06-16T22:30;2025-06-16T22:45;91;EUR;MWh;NO;NO;120;85.25;120;71.13;2;UP_AND_DOWN
2025-06-16T22:45;2025-06-16T23:00;92;EUR;MWh;NO;NO;;75.53;75.53;75.53;-1;DOWN
2025-06-16T23:00;2025-06-16T23:15;93;EUR;MWh;NO;NO;120;70.3;120;68.3;2;UP_AND_DOWN
2025-06-16T23:15;2025-06-16T23:30;94;EUR;MWh;NO;NO;92.88;72.3;92.88;68.27;2;UP_AND_DOWN
2025-06-16T23:30;2025-06-16T23:45;95;EUR;MWh;NO;NO;106;80;106;68.27;2;UP_AND_DOWN
2025-06-16T23:45;2025-06-17T00:00;96;EUR;MWh;NO;NO;91.88;70;91.88;68.3;2;UP_AND_DOWN
2025-06-17T00:00;2025-06-17T00:15;1;EUR;MWh;NO;NO;105.67;63.88;105.67;63.88;2;UP_AND_DOWN
2025-06-17T00:15;2025-06-17T00:30;2;EUR;MWh;NO;NO;94.6;;94.6;94.6;1;UP
2025-06-17T00:30;2025-06-17T00:45;3;EUR;MWh;NO;NO;120;;120;120;1;UP
2025-06-17T00:45;2025-06-17T01:00;4;EUR;MWh;NO;NO;68.56;;68.56;68.56;1;UP
2025-06-17T01:00;2025-06-17T01:15;5;EUR;MWh;NO;NO;155;;155;155;1;UP
2025-06-17T01:15;2025-06-17T01:30;6;EUR;MWh;NO;NO;137.6;;137.6;137.6;1;UP
2025-06-17T01:30;2025-06-17T01:45;7;EUR;MWh;NO;NO;121.9;;121.9;121.9;1;UP
2025-06-17T01:45;2025-06-17T02:00;8;EUR;MWh;NO;NO;98.08;;98.08;98.08;1;UP
2025-06-17T02:00;2025-06-17T02:15;9;EUR;MWh;NO;NO;130;;130;130;1;UP
2025-06-17T02:15;2025-06-17T02:30;10;EUR;MWh;NO;NO;155;;155;155;1;UP
2025-06-17T02:30;2025-06-17T02:45;11;EUR;MWh;NO;NO;139.6;;139.6;139.6;1;UP
2025-06-17T02:45;2025-06-17T03:00;12;EUR;MWh;NO;NO;112.98;;112.98;112.98;1;UP
2025-06-17T03:00;2025-06-17T03:15;13;EUR;MWh;NO;NO;105.67;;105.67;105.67;1;UP
2025-06-17T03:15;2025-06-17T03:30;14;EUR;MWh;NO;NO;58.56;80.69;78.77;78.77;2;UP_AND_DOWN
2025-06-17T03:30;2025-06-17T03:45;15;EUR;MWh;NO;NO;99;98;99;78.77;2;UP_AND_DOWN
2025-06-17T03:45;2025-06-17T04:00;16;EUR;MWh;NO;NO;105.67;;105.67;105.67;1;UP
2025-06-17T04:00;2025-06-17T04:15;17;EUR;MWh;NO;NO;121.9;;121.9;121.9;1;UP
2025-06-17T04:15;2025-06-17T04:30;18;EUR;MWh;NO;NO;130;;130;130;1;UP
2025-06-17T04:30;2025-06-17T04:45;19;EUR;MWh;NO;NO;140.2;;140.2;140.2;1;UP
2025-06-17T04:45;2025-06-17T05:00;20;EUR;MWh;NO;NO;129.4;;129.4;129.4;1;UP
2025-06-17T05:00;2025-06-17T05:15;21;EUR;MWh;NO;NO;140.3;;140.3;140.3;1;UP
2025-06-17T05:15;2025-06-17T05:30;22;EUR;MWh;NO;NO;130;;130;130;1;UP
2025-06-17T05:30;2025-06-17T05:45;23;EUR;MWh;NO;NO;122.2;;122.2;122.2;1;UP
2025-06-17T05:45;2025-06-17T06:00;24;EUR;MWh;NO;NO;58.56;68.09;78.77;68.09;2;UP_AND_DOWN
2025-06-17T06:00;2025-06-17T06:15;25;EUR;MWh;NO;NO;140;70.6;140;70.6;2;UP_AND_DOWN
2025-06-17T06:15;2025-06-17T06:30;26;EUR;MWh;NO;NO;140.3;75.62;140.3;75.62;2;UP_AND_DOWN
2025-06-17T06:30;2025-06-17T06:45;27;EUR;MWh;NO;NO;;97.98;97.98;97.98;-1;DOWN
2025-06-17T06:45;2025-06-17T07:00;28;EUR;MWh;NO;NO;68.56;97.98;97.98;97.98;-1;DOWN
2025-06-17T07:00;2025-06-17T07:15;29;EUR;MWh;NO;NO;140;;140;140;1;UP
2025-06-17T07:15;2025-06-17T07:30;30;EUR;MWh;NO;NO;155;;155;155;1;UP
2025-06-17T07:30;2025-06-17T07:45;31;EUR;MWh;NO;NO;137.5;69.6;137.5;69.6;2;UP_AND_DOWN
2025-06-17T07:45;2025-06-17T08:00;32;EUR;MWh;NO;NO;137.5;71.61;71.61;71.61;-1;DOWN
2025-06-17T08:00;2025-06-17T08:15;33;EUR;MWh;NO;NO;66.56;90;78.77;78.77;2;UP_AND_DOWN
2025-06-17T08:15;2025-06-17T08:30;34;EUR;MWh;NO;NO;115.8;;115.8;115.8;1;UP
2025-06-17T08:30;2025-06-17T08:45;35;EUR;MWh;NO;NO;68.46;54.08;78.77;54.08;2;UP_AND_DOWN
2025-06-17T08:45;2025-06-17T09:00;36;EUR;MWh;NO;NO;;9.57;9.57;9.57;-1;DOWN
2025-06-17T09:00;2025-06-17T09:15;37;EUR;MWh;NO;NO;97.68;33;97.68;33;2;UP_AND_DOWN
2025-06-17T09:15;2025-06-17T09:30;38;EUR;MWh;NO;NO;;22;22;22;-1;DOWN
2025-06-17T09:30;2025-06-17T09:45;39;EUR;MWh;NO;NO;78.56;9.57;78.56;9.57;2;UP_AND_DOWN
2025-06-17T09:45;2025-06-17T10:00;40;EUR;MWh;NO;NO;;-49;-49;-49;-1;DOWN
2025-06-17T10:00;2025-06-17T10:15;41;EUR;MWh;NO;NO;;-30;-30;-30;-1;DOWN
2025-06-17T10:15;2025-06-17T10:30;42;EUR;MWh;NO;NO;;-70.62;-70.62;-70.62;-1;DOWN
2025-06-17T10:30;2025-06-17T10:45;43;EUR;MWh;NO;NO;;-70;-70;-70;-1;DOWN
2025-06-17T10:45;2025-06-17T11:00;44;EUR;MWh;NO;NO;;-63.78;-63.78;-63.78;-1;DOWN
2025-06-17T11:00;2025-06-17T11:15;45;EUR;MWh;NO;NO;68.56;-30;68.56;-30;2;UP_AND_DOWN
2025-06-17T11:15;2025-06-17T11:30;46;EUR;MWh;NO;NO;;-44.37;-44.37;-44.37;-1;DOWN
2025-06-17T11:30;2025-06-17T11:45;47;EUR;MWh;NO;NO;;-49;-49;-49;-1;DOWN
2025-06-17T11:45;2025-06-17T12:00;48;EUR;MWh;NO;NO;;-49;-49;-49;-1;DOWN
2025-06-17T12:00;2025-06-17T12:15;49;EUR;MWh;NO;NO;;-60;-60;-60;-1;DOWN
2025-06-17T12:15;2025-06-17T12:30;50;EUR;MWh;NO;NO;;-59.9;-59.9;-59.9;-1;DOWN
2025-06-17T12:30;2025-06-17T12:45;51;EUR;MWh;NO;NO;;-49;-49;-49;-1;DOWN
2025-06-17T12:45;2025-06-17T13:00;52;EUR;MWh;NO;NO;;-70;-70;-70;-1;DOWN
2025-06-17T13:00;2025-06-17T13:15;53;EUR;MWh;NO;NO;;-53.07;-53.07;-53.07;-1;DOWN
2025-06-17T13:15;2025-06-17T13:30;54;EUR;MWh;NO;NO;;-49;-49;-49;-1;DOWN
2025-06-17T13:30;2025-06-17T13:45;55;EUR;MWh;NO;NO;96.88;-80;96.88;-80;2;UP_AND_DOWN
2025-06-17T13:45;2025-06-17T14:00;56;EUR;MWh;NO;NO;96.88;-70;-70;-70;-1;DOWN
2025-06-17T14:00;2025-06-17T14:15;57;EUR;MWh;NO;NO;;-42.88;-42.88;-42.88;-1;DOWN
2025-06-17T14:15;2025-06-17T14:30;58;EUR;MWh;NO;NO;155;-248;155;-248;2;UP_AND_DOWN
2025-06-17T14:30;2025-06-17T14:45;59;EUR;MWh;NO;NO;68.56;-50;68.56;-50;2;UP_AND_DOWN
2025-06-17T14:45;2025-06-17T15:00;60;EUR;MWh;NO;NO;65.43;-70;-70;-70;-1;DOWN
2025-06-17T15:00;2025-06-17T15:15;61;EUR;MWh;NO;NO;;-70;-70;-70;-1;DOWN
2025-06-17T15:15;2025-06-17T15:30;62;EUR;MWh;NO;NO;130;-70;130;-70;2;UP_AND_DOWN
2025-06-17T15:30;2025-06-17T15:45;63;EUR;MWh;NO;NO;96.9;-16;96.9;-16;2;UP_AND_DOWN
2025-06-17T15:45;2025-06-17T16:00;64;EUR;MWh;NO;NO;104.88;9.57;104.88;9.57;2;UP_AND_DOWN
2025-06-17T16:00;2025-06-17T16:15;65;EUR;MWh;NO;NO;98;-30;98;-30;2;UP_AND_DOWN
2025-06-17T16:15;2025-06-17T16:30;66;EUR;MWh;NO;NO;144.5;-41;144.5;-41;2;UP_AND_DOWN
2025-06-17T16:30;2025-06-17T16:45;67;EUR;MWh;NO;NO;118.98;10;118.98;118.98;1;UP
2025-06-17T16:45;2025-06-17T17:00;68;EUR;MWh;NO;NO;97;10;97;97;1;UP
2025-06-17T17:00;2025-06-17T17:15;69;EUR;MWh;NO;NO;144.5;;144.5;144.5;1;UP
2025-06-17T17:15;2025-06-17T17:30;70;EUR;MWh;NO;NO;155;;155;155;1;UP
2025-06-17T17:30;2025-06-17T17:45;71;EUR;MWh;NO;NO;150;;150;150;1;UP
2025-06-17T17:45;2025-06-17T18:00;72;EUR;MWh;NO;NO;155;;155;155;1;UP
2025-06-17T18:00;2025-06-17T18:15;73;EUR;MWh;NO;NO;155;10.3;155;10.3;2;UP_AND_DOWN
2025-06-17T18:15;2025-06-17T18:30;74;EUR;MWh;NO;NO;130;45;130;45;2;UP_AND_DOWN
2025-06-17T18:30;2025-06-17T18:45;75;EUR;MWh;NO;NO;132.8;;132.8;132.8;1;UP
2025-06-17T18:45;2025-06-17T19:00;76;EUR;MWh;NO;NO;130;;130;130;1;UP
2025-06-17T19:00;2025-06-17T19:15;77;EUR;MWh;NO;NO;132.7;;132.7;132.7;1;UP
2025-06-17T19:15;2025-06-17T19:30;78;EUR;MWh;NO;NO;132.6;81.08;132.6;74.49;2;UP_AND_DOWN
2025-06-17T19:30;2025-06-17T19:45;79;EUR;MWh;NO;NO;122.1;68;122.1;68;2;UP_AND_DOWN
2025-06-17T19:45;2025-06-17T20:00;80;EUR;MWh;NO;NO;132.4;68;132.4;132.4;1;UP
2025-06-17T20:00;2025-06-17T20:15;81;EUR;MWh;NO;NO;68.56;80.84;78.77;78.77;2;UP_AND_DOWN
2025-06-17T20:15;2025-06-17T20:30;82;EUR;MWh;NO;NO;159.5;109.32;159.5;159.5;1;UP
2025-06-17T20:30;2025-06-17T20:45;83;EUR;MWh;NO;NO;159.8;;159.8;159.8;1;UP
2025-06-17T20:45;2025-06-17T21:00;84;EUR;MWh;NO;NO;101.98;;101.98;101.98;1;UP
2025-06-17T21:00;2025-06-17T21:15;85;EUR;MWh;NO;NO;400;;400;400;1;UP
2025-06-17T21:15;2025-06-17T21:30;86;EUR;MWh;NO;NO;165.98;;165.98;165.98;1;UP
2025-06-17T21:30;2025-06-17T21:45;87;EUR;MWh;NO;NO;161.3;;161.3;161.3;1;UP
2025-06-17T21:45;2025-06-17T22:00;88;EUR;MWh;NO;NO;133.5;;133.5;133.5;1;UP
2025-06-17T22:00;2025-06-17T22:15;89;EUR;MWh;NO;NO;162.98;;162.98;162.98;1;UP
2025-06-17T22:15;2025-06-17T22:30;90;EUR;MWh;NO;NO;162.8;;162.8;162.8;1;UP
2025-06-17T22:30;2025-06-17T22:45;91;EUR;MWh;NO;NO;166.4;;166.4;166.4;1;UP
2025-06-17T22:45;2025-06-17T23:00;92;EUR;MWh;NO;NO;94.98;66.97;94.98;66.97;2;UP_AND_DOWN
2025-06-17T23:00;2025-06-17T23:15;93;EUR;MWh;NO;NO;58.56;63.08;74.49;63.08;2;UP_AND_DOWN
2025-06-17T23:15;2025-06-17T23:30;94;EUR;MWh;NO;NO;102.08;98;102.08;74.49;2;UP_AND_DOWN
2025-06-17T23:30;2025-06-17T23:45;95;EUR;MWh;NO;NO;130;;130;130;1;UP
2025-06-17T23:45;2025-06-18T00:00;96;EUR;MWh;NO;NO;58.56;77;77;77;-1;DOWN
2025-06-18T00:00;2025-06-18T00:15;1;EUR;MWh;NO;NO;150;60.98;150;150;1;UP
2025-06-18T00:15;2025-06-18T00:30;2;EUR;MWh;NO;NO;150;;150;150;1;UP
2025-06-18T00:30;2025-06-18T00:45;3;EUR;MWh;NO;NO;102.81;83.94;102.81;102.81;1;UP
2025-06-18T00:45;2025-06-18T01:00;4;EUR;MWh;NO;NO;102.74;88;102.74;102.74;1;UP
2025-06-18T01:00;2025-06-18T01:15;5;EUR;MWh;NO;NO;99.3;88;99.3;99.3;1;UP
2025-06-18T01:15;2025-06-18T01:30;6;EUR;MWh;NO;NO;62.64;;62.64;62.64;1;UP
2025-06-18T01:30;2025-06-18T01:45;7;EUR;MWh;NO;NO;108.78;78.63;108.78;63.06;2;UP_AND_DOWN
2025-06-18T01:45;2025-06-18T02:00;8;EUR;MWh;NO;NO;;79.2;79.2;79.2;-1;DOWN
2025-06-18T02:00;2025-06-18T02:15;9;EUR;MWh;NO;NO;121.8;71;121.8;62.38;2;UP_AND_DOWN
2025-06-18T02:15;2025-06-18T02:30;10;EUR;MWh;NO;NO;121.8;;121.8;121.8;1;UP
2025-06-18T02:30;2025-06-18T02:45;11;EUR;MWh;NO;NO;99.98;;99.98;99.98;1;UP
2025-06-18T02:45;2025-06-18T03:00;12;EUR;MWh;NO;NO;92.91;;92.91;92.91;1;UP
2025-06-18T03:00;2025-06-18T03:15;13;EUR;MWh;NO;NO;78.52;;78.52;78.52;1;UP
2025-06-18T03:15;2025-06-18T03:30;14;EUR;MWh;NO;NO;62.64;;62.64;62.64;1;UP
2025-06-18T03:30;2025-06-18T03:45;15;EUR;MWh;NO;NO;92.07;77;92.07;60.24;2;UP_AND_DOWN
2025-06-18T03:45;2025-06-18T04:00;16;EUR;MWh;NO;NO;93.47;77;93.47;60.24;2;UP_AND_DOWN
2025-06-18T04:00;2025-06-18T04:15;17;EUR;MWh;NO;NO;122.1;;122.1;122.1;1;UP
2025-06-18T04:15;2025-06-18T04:30;18;EUR;MWh;NO;NO;105.98;;105.98;105.98;1;UP
2025-06-18T04:30;2025-06-18T04:45;19;EUR;MWh;NO;NO;92.15;;92.15;92.15;1;UP
2025-06-18T04:45;2025-06-18T05:00;20;EUR;MWh;NO;NO;94.98;;94.98;94.98;1;UP
2025-06-18T05:00;2025-06-18T05:15;21;EUR;MWh;NO;NO;137.6;;137.6;137.6;1;UP
2025-06-18T05:15;2025-06-18T05:30;22;EUR;MWh;NO;NO;150;;150;150;1;UP
2025-06-18T05:30;2025-06-18T05:45;23;EUR;MWh;NO;NO;150;;150;150;1;UP
2025-06-18T05:45;2025-06-18T06:00;24;EUR;MWh;NO;NO;150;;150;150;1;UP
2025-06-18T06:00;2025-06-18T06:15;25;EUR;MWh;NO;NO;122;73.96;122;60.24;2;UP_AND_DOWN
2025-06-18T06:15;2025-06-18T06:30;26;EUR;MWh;NO;NO;122.1;;122.1;122.1;1;UP
2025-06-18T06:30;2025-06-18T06:45;27;EUR;MWh;NO;NO;150;;150;150;1;UP
2025-06-18T06:45;2025-06-18T07:00;28;EUR;MWh;NO;NO;150;;150;150;1;UP
2025-06-18T07:00;2025-06-18T07:15;29;EUR;MWh;NO;NO;150.98;;150.98;150.98;1;UP
2025-06-18T07:15;2025-06-18T07:30;30;EUR;MWh;NO;NO;167.4;83.94;167.4;73.86;2;UP_AND_DOWN
2025-06-18T07:30;2025-06-18T07:45;31;EUR;MWh;NO;NO;36.76;63.53;63.53;63.53;-1;DOWN
2025-06-18T07:45;2025-06-18T08:00;32;EUR;MWh;NO;NO;;45;45;45;-1;DOWN
2025-06-18T08:00;2025-06-18T08:15;33;EUR;MWh;NO;NO;140;5.57;140;5.57;2;UP_AND_DOWN
2025-06-18T08:15;2025-06-18T08:30;34;EUR;MWh;NO;NO;122.1;38.21;122.1;38.21;2;UP_AND_DOWN
2025-06-18T08:30;2025-06-18T08:45;35;EUR;MWh;NO;NO;;70;70;70;-1;DOWN
2025-06-18T08:45;2025-06-18T09:00;36;EUR;MWh;NO;NO;115.08;-30;115.08;-30;2;UP_AND_DOWN
2025-06-18T09:00;2025-06-18T09:15;37;EUR;MWh;NO;NO;152.98;-60;152.98;-60;2;UP_AND_DOWN
2025-06-18T09:15;2025-06-18T09:30;38;EUR;MWh;NO;NO;150;67.09;150;60.35;2;UP_AND_DOWN
2025-06-18T09:30;2025-06-18T09:45;39;EUR;MWh;NO;NO;122.2;89.16;122.2;62.96;2;UP_AND_DOWN
2025-06-18T09:45;2025-06-18T10:00;40;EUR;MWh;NO;NO;121.9;64.98;121.9;121.9;1;UP
2025-06-18T10:00;2025-06-18T10:15;41;EUR;MWh;NO;NO;128.88;56;128.88;50.87;2;UP_AND_DOWN
2025-06-18T10:15;2025-06-18T10:30;42;EUR;MWh;NO;NO;122.1;;122.1;122.1;1;UP
2025-06-18T10:30;2025-06-18T10:45;43;EUR;MWh;NO;NO;78.52;-60;78.52;-60;2;UP_AND_DOWN
2025-06-18T10:45;2025-06-18T11:00;44;EUR;MWh;NO;NO;;-69.75;-69.75;-69.75;-1;DOWN
2025-06-18T11:00;2025-06-18T11:15;45;EUR;MWh;NO;NO;;-70;-70;-70;-1;DOWN
2025-06-18T11:15;2025-06-18T11:30;46;EUR;MWh;NO;NO;;-49.8;-49.8;-49.8;-1;DOWN
2025-06-18T11:30;2025-06-18T11:45;47;EUR;MWh;NO;NO;50;38;38;38;-1;DOWN
2025-06-18T11:45;2025-06-18T12:00;48;EUR;MWh;NO;NO;87;12;87;87;1;UP
2025-06-18T12:00;2025-06-18T12:15;49;EUR;MWh;NO;NO;73;;73;73;1;UP
2025-06-18T12:15;2025-06-18T12:30;50;EUR;MWh;NO;NO;30;10;30;30;1;UP
2025-06-18T12:30;2025-06-18T12:45;51;EUR;MWh;NO;NO;36.66;10;36.66;36.66;1;UP
2025-06-18T12:45;2025-06-18T13:00;52;EUR;MWh;NO;NO;81.92;;81.92;81.92;1;UP
2025-06-18T13:00;2025-06-18T13:15;53;EUR;MWh;NO;NO;84.52;;84.52;84.52;1;UP
2025-06-18T13:15;2025-06-18T13:30;54;EUR;MWh;NO;NO;62.64;;62.64;62.64;1;UP
2025-06-18T13:30;2025-06-18T13:45;55;EUR;MWh;NO;NO;75.16;10;75.16;75.16;1;UP
2025-06-18T13:45;2025-06-18T14:00;56;EUR;MWh;NO;NO;78.42;;78.42;78.42;1;UP
2025-06-18T14:00;2025-06-18T14:15;57;EUR;MWh;NO;NO;150;;150;150;1;UP
2025-06-18T14:15;2025-06-18T14:30;58;EUR;MWh;NO;NO;36.76;-18.5;56.88;-18.5;2;UP_AND_DOWN
2025-06-18T14:30;2025-06-18T14:45;59;EUR;MWh;NO;NO;78.52;-29;78.52;-29;2;UP_AND_DOWN
2025-06-18T14:45;2025-06-18T15:00;60;EUR;MWh;NO;NO;84.22;-38.8;84.22;-38.8;2;UP_AND_DOWN
2025-06-18T15:00;2025-06-18T15:15;61;EUR;MWh;NO;NO;;-38.9;-38.9;-38.9;-1;DOWN
2025-06-18T15:15;2025-06-18T15:30;62;EUR;MWh;NO;NO;81.92;10;81.92;10;2;UP_AND_DOWN
2025-06-18T15:30;2025-06-18T15:45;63;EUR;MWh;NO;NO;104.92;10;104.92;104.92;1;UP
2025-06-18T15:45;2025-06-18T16:00;64;EUR;MWh;NO;NO;102.64;;102.64;102.64;1;UP
2025-06-18T16:00;2025-06-18T16:15;65;EUR;MWh;NO;NO;51;-30;51;-30;2;UP_AND_DOWN
2025-06-18T16:15;2025-06-18T16:30;66;EUR;MWh;NO;NO;99;10;99;10;2;UP_AND_DOWN
2025-06-18T16:30;2025-06-18T16:45;67;EUR;MWh;NO;NO;122.3;;122.3;122.3;1;UP
2025-06-18T16:45;2025-06-18T17:00;68;EUR;MWh;NO;NO;132.7;;132.7;132.7;1;UP
2025-06-18T17:00;2025-06-18T17:15;69;EUR;MWh;NO;NO;105.02;-49;105.02;-49;2;UP_AND_DOWN
2025-06-18T17:15;2025-06-18T17:30;70;EUR;MWh;NO;NO;36.76;-25;36.76;-25;2;UP_AND_DOWN
2025-06-18T17:30;2025-06-18T17:45;71;EUR;MWh;NO;NO;108.02;33;108.02;33;2;UP_AND_DOWN
2025-06-18T17:45;2025-06-18T18:00;72;EUR;MWh;NO;NO;119;;119;119;1;UP
2025-06-18T18:00;2025-06-18T18:15;73;EUR;MWh;NO;NO;84.52;33.85;84.52;33.85;2;UP_AND_DOWN
2025-06-18T18:15;2025-06-18T18:30;74;EUR;MWh;NO;NO;;3.75;3.75;3.75;-1;DOWN
2025-06-18T18:30;2025-06-18T18:45;75;EUR;MWh;NO;NO;122.2;47;122.2;47;2;UP_AND_DOWN
2025-06-18T18:45;2025-06-18T19:00;76;EUR;MWh;NO;NO;106.17;88.85;106.17;63.06;2;UP_AND_DOWN
2025-06-18T19:00;2025-06-18T19:15;77;EUR;MWh;NO;NO;107;;107;107;1;UP
2025-06-18T19:15;2025-06-18T19:30;78;EUR;MWh;NO;NO;150;;150;150;1;UP
2025-06-18T19:30;2025-06-18T19:45;79;EUR;MWh;NO;NO;150.09;;150.09;150.09;1;UP
2025-06-18T19:45;2025-06-18T20:00;80;EUR;MWh;NO;NO;163.1;;163.1;163.1;1;UP
2025-06-18T20:00;2025-06-18T20:15;81;EUR;MWh;NO;NO;191;;191;191;1;UP
2025-06-18T20:15;2025-06-18T20:30;82;EUR;MWh;NO;NO;222.68;;222.68;222.68;1;UP
2025-06-18T20:30;2025-06-18T20:45;83;EUR;MWh;NO;NO;199.9;;199.9;199.9;1;UP
2025-06-18T20:45;2025-06-18T21:00;84;EUR;MWh;NO;NO;500.2;;500.2;500.2;1;UP
2025-06-18T21:00;2025-06-18T21:15;85;EUR;MWh;NO;NO;400;;400;400;1;UP
2025-06-18T21:15;2025-06-18T21:30;86;EUR;MWh;NO;NO;184.17;;184.17;184.17;1;UP
2025-06-18T21:30;2025-06-18T21:45;87;EUR;MWh;NO;NO;300;;300;300;1;UP
2025-06-18T21:45;2025-06-18T22:00;88;EUR;MWh;NO;NO;155.79;;155.79;155.79;1;UP
2025-06-18T22:00;2025-06-18T22:15;89;EUR;MWh;NO;NO;167.4;;167.4;167.4;1;UP
2025-06-18T22:15;2025-06-18T22:30;90;EUR;MWh;NO;NO;150;;150;150;1;UP
2025-06-18T22:30;2025-06-18T22:45;91;EUR;MWh;NO;NO;149.7;;149.7;149.7;1;UP
2025-06-18T22:45;2025-06-18T23:00;92;EUR;MWh;NO;NO;150;85.29;150;63.23;2;UP_AND_DOWN
2025-06-18T23:00;2025-06-18T23:15;93;EUR;MWh;NO;NO;133;85.29;133;133;1;UP
2025-06-18T23:15;2025-06-18T23:30;94;EUR;MWh;NO;NO;150;;150;150;1;UP
2025-06-18T23:30;2025-06-18T23:45;95;EUR;MWh;NO;NO;137.7;;137.7;137.7;1;UP
2025-06-18T23:45;2025-06-19T00:00;96;EUR;MWh;NO;NO;140;;140;140;1;UP
2025-06-19T00:00;2025-06-19T00:15;1;EUR;MWh;NO;NO;175;;175;175;1;UP
2025-06-19T00:15;2025-06-19T00:30;2;EUR;MWh;NO;NO;150;;150;150;1;UP
2025-06-19T00:30;2025-06-19T00:45;3;EUR;MWh;NO;NO;124;;124;124;1;UP
2025-06-19T00:45;2025-06-19T01:00;4;EUR;MWh;NO;NO;140;;140;140;1;UP
2025-06-19T01:00;2025-06-19T01:15;5;EUR;MWh;NO;NO;175;;175;175;1;UP
2025-06-19T01:15;2025-06-19T01:30;6;EUR;MWh;NO;NO;140;;140;140;1;UP
2025-06-19T01:30;2025-06-19T01:45;7;EUR;MWh;NO;NO;140;;140;140;1;UP
2025-06-19T01:45;2025-06-19T02:00;8;EUR;MWh;NO;NO;87.83;;87.83;87.83;1;UP
2025-06-19T02:00;2025-06-19T02:15;9;EUR;MWh;NO;NO;140.2;;140.2;140.2;1;UP
2025-06-19T02:15;2025-06-19T02:30;10;EUR;MWh;NO;NO;140.2;;140.2;140.2;1;UP
2025-06-19T02:30;2025-06-19T02:45;11;EUR;MWh;NO;NO;140.2;;140.2;140.2;1;UP
2025-06-19T02:45;2025-06-19T03:00;12;EUR;MWh;NO;NO;140;;140;140;1;UP
2025-06-19T03:00;2025-06-19T03:15;13;EUR;MWh;NO;NO;140;;140;140;1;UP
2025-06-19T03:15;2025-06-19T03:30;14;EUR;MWh;NO;NO;124.2;;124.2;124.2;1;UP
2025-06-19T03:30;2025-06-19T03:45;15;EUR;MWh;NO;NO;96.83;;96.83;96.83;1;UP
2025-06-19T03:45;2025-06-19T04:00;16;EUR;MWh;NO;NO;83.18;98;83.18;83.18;1;UP
2025-06-19T04:00;2025-06-19T04:15;17;EUR;MWh;NO;NO;124.5;;124.5;124.5;1;UP
2025-06-19T04:15;2025-06-19T04:30;18;EUR;MWh;NO;NO;38.59;80;68.79;68.79;2;UP_AND_DOWN
2025-06-19T04:30;2025-06-19T04:45;19;EUR;MWh;NO;NO;89.8;79.8;89.8;68.79;2;UP_AND_DOWN
2025-06-19T04:45;2025-06-19T05:00;20;EUR;MWh;NO;NO;124.4;79.8;124.4;124.4;1;UP
2025-06-19T05:00;2025-06-19T05:15;21;EUR;MWh;NO;NO;123.63;;123.63;123.63;1;UP
2025-06-19T05:15;2025-06-19T05:30;22;EUR;MWh;NO;NO;124.3;;124.3;124.3;1;UP
2025-06-19T05:30;2025-06-19T05:45;23;EUR;MWh;NO;NO;95.73;;95.73;95.73;1;UP
2025-06-19T05:45;2025-06-19T06:00;24;EUR;MWh;NO;NO;92.18;;92.18;92.18;1;UP
2025-06-19T06:00;2025-06-19T06:15;25;EUR;MWh;NO;NO;140;;140;140;1;UP
2025-06-19T06:15;2025-06-19T06:30;26;EUR;MWh;NO;NO;125;84.43;84.43;84.43;-1;DOWN
2025-06-19T06:30;2025-06-19T06:45;27;EUR;MWh;NO;NO;92.18;78;92.18;68.79;2;UP_AND_DOWN
2025-06-19T06:45;2025-06-19T07:00;28;EUR;MWh;NO;NO;89.8;85.92;89.8;68.79;2;UP_AND_DOWN
2025-06-19T07:00;2025-06-19T07:15;29;EUR;MWh;NO;NO;108.19;98;108.19;68.79;2;UP_AND_DOWN
2025-06-19T07:15;2025-06-19T07:30;30;EUR;MWh;NO;NO;124.3;;124.3;124.3;1;UP
2025-06-19T07:30;2025-06-19T07:45;31;EUR;MWh;NO;NO;124.3;;124.3;124.3;1;UP
2025-06-19T07:45;2025-06-19T08:00;32;EUR;MWh;NO;NO;140;;140;140;1;UP
2025-06-19T08:00;2025-06-19T08:15;33;EUR;MWh;NO;NO;106.5;;106.5;0;2;UP_AND_DOWN
2025-06-19T08:15;2025-06-19T08:30;34;EUR;MWh;NO;NO;125;10;125;10;2;UP_AND_DOWN
2025-06-19T08:30;2025-06-19T08:45;35;EUR;MWh;NO;NO;124.3;-49;124.3;-49;2;UP_AND_DOWN
2025-06-19T08:45;2025-06-19T09:00;36;EUR;MWh;NO;NO;83.7;-49;83.7;-49;2;UP_AND_DOWN
2025-06-19T09:00;2025-06-19T09:15;37;EUR;MWh;NO;NO;100;-49;100;-49;2;UP_AND_DOWN
2025-06-19T09:15;2025-06-19T09:30;38;EUR;MWh;NO;NO;124.3;-70;124.3;-70;2;UP_AND_DOWN
2025-06-19T09:30;2025-06-19T09:45;39;EUR;MWh;NO;NO;;-70;-70;-70;-1;DOWN
2025-06-19T09:45;2025-06-19T10:00;40;EUR;MWh;NO;NO;;-70;-70;-70;-1;DOWN
2025-06-19T10:00;2025-06-19T10:15;41;EUR;MWh;NO;NO;124.3;-60;124.3;-60;2;UP_AND_DOWN
2025-06-19T10:15;2025-06-19T10:30;42;EUR;MWh;NO;NO;1;-65.39;13.97;-65.39;2;UP_AND_DOWN
2025-06-19T10:30;2025-06-19T10:45;43;EUR;MWh;NO;NO;96.9;-70;96.9;-70;2;UP_AND_DOWN
2025-06-19T10:45;2025-06-19T11:00;44;EUR;MWh;NO;NO;90;-87.23;90;-87.23;2;UP_AND_DOWN
2025-06-19T11:00;2025-06-19T11:15;45;EUR;MWh;NO;NO;97.6;-47.17;97.6;-47.17;2;UP_AND_DOWN
2025-06-19T11:15;2025-06-19T11:30;46;EUR;MWh;NO;NO;1;-30;11;-30;2;UP_AND_DOWN
2025-06-19T11:30;2025-06-19T11:45;47;EUR;MWh;NO;NO;84.96;-60;84.96;-60;2;UP_AND_DOWN
2025-06-19T11:45;2025-06-19T12:00;48;EUR;MWh;NO;NO;96;-18.5;96;-18.5;2;UP_AND_DOWN
2025-06-19T12:00;2025-06-19T12:15;49;EUR;MWh;NO;NO;16;-5;16;-5;2;UP_AND_DOWN
2025-06-19T12:15;2025-06-19T12:30;50;EUR;MWh;NO;NO;30;9.57;30;9.57;2;UP_AND_DOWN
2025-06-19T12:30;2025-06-19T12:45;51;EUR;MWh;NO;NO;117.41;-50;117.41;-50;2;UP_AND_DOWN
2025-06-19T12:45;2025-06-19T13:00;52;EUR;MWh;NO;NO;82.58;9.57;82.58;9.57;2;UP_AND_DOWN
2025-06-19T13:00;2025-06-19T13:15;53;EUR;MWh;NO;NO;17;10;17;17;1;UP
2025-06-19T13:15;2025-06-19T13:30;54;EUR;MWh;NO;NO;18;9.57;18;9.57;2;UP_AND_DOWN
2025-06-19T13:30;2025-06-19T13:45;55;EUR;MWh;NO;NO;34.59;-10;34.59;-10;2;UP_AND_DOWN
2025-06-19T13:45;2025-06-19T14:00;56;EUR;MWh;NO;NO;1;10;10;10;-1;DOWN
2025-06-19T14:00;2025-06-19T14:15;57;EUR;MWh;NO;NO;81.6;9.57;81.6;9.57;2;UP_AND_DOWN
2025-06-19T14:15;2025-06-19T14:30;58;EUR;MWh;NO;NO;1;10;1;1;1;UP
2025-06-19T14:30;2025-06-19T14:45;59;EUR;MWh;NO;NO;1;;1;1;1;UP
2025-06-19T14:45;2025-06-19T15:00;60;EUR;MWh;NO;NO;1;10;1;1;1;UP
2025-06-19T15:00;2025-06-19T15:15;61;EUR;MWh;NO;NO;500;10;500;500;1;UP
2025-06-19T15:15;2025-06-19T15:30;62;EUR;MWh;NO;NO;108.21;-91.13;108.21;-91.13;2;UP_AND_DOWN
2025-06-19T15:30;2025-06-19T15:45;63;EUR;MWh;NO;NO;101.67;;101.67;101.67;1;UP
2025-06-19T15:45;2025-06-19T16:00;64;EUR;MWh;NO;NO;103.67;-30;103.67;-30;2;UP_AND_DOWN
2025-06-19T16:00;2025-06-19T16:15;65;EUR;MWh;NO;NO;92.18;-70;92.18;-70;2;UP_AND_DOWN
2025-06-19T16:15;2025-06-19T16:30;66;EUR;MWh;NO;NO;91;-70;91;-70;2;UP_AND_DOWN
2025-06-19T16:30;2025-06-19T16:45;67;EUR;MWh;NO;NO;95;10;95;10;2;UP_AND_DOWN
2025-06-19T16:45;2025-06-19T17:00;68;EUR;MWh;NO;NO;147.4;;147.4;147.4;1;UP
2025-06-19T17:00;2025-06-19T17:15;69;EUR;MWh;NO;NO;148.28;;148.28;148.28;1;UP
2025-06-19T17:15;2025-06-19T17:30;70;EUR;MWh;NO;NO;124.9;10;124.9;10;2;UP_AND_DOWN
2025-06-19T17:30;2025-06-19T17:45;71;EUR;MWh;NO;NO;152;;152;152;1;UP
2025-06-19T17:45;2025-06-19T18:00;72;EUR;MWh;NO;NO;152;;152;152;1;UP
2025-06-19T18:00;2025-06-19T18:15;73;EUR;MWh;NO;NO;106;-30.1;106;-30.1;2;UP_AND_DOWN
2025-06-19T18:15;2025-06-19T18:30;74;EUR;MWh;NO;NO;147.4;-49;147.4;-49;2;UP_AND_DOWN
2025-06-19T18:30;2025-06-19T18:45;75;EUR;MWh;NO;NO;152;33;152;33;2;UP_AND_DOWN
2025-06-19T18:45;2025-06-19T19:00;76;EUR;MWh;NO;NO;152;;152;152;1;UP
2025-06-19T19:00;2025-06-19T19:15;77;EUR;MWh;NO;NO;113.6;-497.8;113.6;-497.8;2;UP_AND_DOWN
2025-06-19T19:15;2025-06-19T19:30;78;EUR;MWh;NO;NO;124.7;38.16;124.7;124.7;1;UP
2025-06-19T19:30;2025-06-19T19:45;79;EUR;MWh;NO;NO;113.83;53;113.83;53;2;UP_AND_DOWN
2025-06-19T19:45;2025-06-19T20:00;80;EUR;MWh;NO;NO;135.3;53;135.3;135.3;1;UP
2025-06-19T20:00;2025-06-19T20:15;81;EUR;MWh;NO;NO;92.18;52;92.18;52;2;UP_AND_DOWN
2025-06-19T20:15;2025-06-19T20:30;82;EUR;MWh;NO;NO;95.83;98.98;95.83;68.79;2;UP_AND_DOWN
2025-06-19T20:30;2025-06-19T20:45;83;EUR;MWh;NO;NO;135;;135;135;1;UP
2025-06-19T20:45;2025-06-19T21:00;84;EUR;MWh;NO;NO;152;;152;152;1;UP
2025-06-19T21:00;2025-06-19T21:15;85;EUR;MWh;NO;NO;150.1;;150.1;150.1;1;UP
2025-06-19T21:15;2025-06-19T21:30;86;EUR;MWh;NO;NO;151.63;;151.63;151.63;1;UP
2025-06-19T21:30;2025-06-19T21:45;87;EUR;MWh;NO;NO;135.2;;135.2;135.2;1;UP
2025-06-19T21:45;2025-06-19T22:00;88;EUR;MWh;NO;NO;38.59;84.98;68.79;68.79;2;UP_AND_DOWN
2025-06-19T22:00;2025-06-19T22:15;89;EUR;MWh;NO;NO;136.1;86.08;136.1;69.75;2;UP_AND_DOWN
2025-06-19T22:15;2025-06-19T22:30;90;EUR;MWh;NO;NO;140;112;140;140;1;UP
2025-06-19T22:30;2025-06-19T22:45;91;EUR;MWh;NO;NO;83.18;76.46;83.18;68.79;2;UP_AND_DOWN
2025-06-19T22:45;2025-06-19T23:00;92;EUR;MWh;NO;NO;;75.01;75.01;75.01;-1;DOWN
2025-06-19T23:00;2025-06-19T23:15;93;EUR;MWh;NO;NO;152;76.08;152;68.79;2;UP_AND_DOWN
2025-06-19T23:15;2025-06-19T23:30;94;EUR;MWh;NO;NO;152;40.42;40.42;40.42;-1;DOWN
2025-06-19T23:30;2025-06-19T23:45;95;EUR;MWh;NO;NO;;79.08;79.08;79.08;-1;DOWN
2025-06-19T23:45;2025-06-20T00:00;96;EUR;MWh;NO;NO;;70;70;70;-1;DOWN
2025-06-20T00:00;2025-06-20T00:15;1;EUR;MWh;NO;NO;152;93.98;152;77.27;2;UP_AND_DOWN
2025-06-20T00:15;2025-06-20T00:30;2;EUR;MWh;NO;NO;168.7;;168.7;168.7;1;UP
2025-06-20T00:30;2025-06-20T00:45;3;EUR;MWh;NO;NO;143.12;;143.12;143.12;1;UP
2025-06-20T00:45;2025-06-20T01:00;4;EUR;MWh;NO;NO;123.2;;123.2;123.2;1;UP
2025-06-20T01:00;2025-06-20T01:15;5;EUR;MWh;NO;NO;123.2;;123.2;123.2;1;UP
2025-06-20T01:15;2025-06-20T01:30;6;EUR;MWh;NO;NO;123.5;;123.5;123.5;1;UP
2025-06-20T01:30;2025-06-20T01:45;7;EUR;MWh;NO;NO;123.5;;123.5;123.5;1;UP
2025-06-20T01:45;2025-06-20T02:00;8;EUR;MWh;NO;NO;123.5;;123.5;123.5;1;UP
2025-06-20T02:00;2025-06-20T02:15;9;EUR;MWh;NO;NO;137.5;;137.5;137.5;1;UP
2025-06-20T02:15;2025-06-20T02:30;10;EUR;MWh;NO;NO;123.3;;123.3;123.3;1;UP
2025-06-20T02:30;2025-06-20T02:45;11;EUR;MWh;NO;NO;121.89;;121.89;121.89;1;UP
2025-06-20T02:45;2025-06-20T03:00;12;EUR;MWh;NO;NO;123.2;;123.2;123.2;1;UP
2025-06-20T03:00;2025-06-20T03:15;13;EUR;MWh;NO;NO;124.5;81.79;124.5;77.27;2;UP_AND_DOWN
2025-06-20T03:15;2025-06-20T03:30;14;EUR;MWh;NO;NO;;82.98;82.98;82.98;-1;DOWN
2025-06-20T03:30;2025-06-20T03:45;15;EUR;MWh;NO;NO;90.56;77;90.56;77;2;UP_AND_DOWN
2025-06-20T03:45;2025-06-20T04:00;16;EUR;MWh;NO;NO;106.36;81.08;106.36;77.27;2;UP_AND_DOWN
2025-06-20T04:00;2025-06-20T04:15;17;EUR;MWh;NO;NO;;76.08;76.08;76.08;-1;DOWN
2025-06-20T04:15;2025-06-20T04:30;18;EUR;MWh;NO;NO;;76.08;76.08;76.08;-1;DOWN
2025-06-20T04:30;2025-06-20T04:45;19;EUR;MWh;NO;NO;99;96.98;99;77.27;2;UP_AND_DOWN
2025-06-20T04:45;2025-06-20T05:00;20;EUR;MWh;NO;NO;;;77.27;77.27;0;STABLE
2025-06-20T05:00;2025-06-20T05:15;21;EUR;MWh;NO;NO;123.3;98.98;123.3;123.3;1;UP
2025-06-20T05:15;2025-06-20T05:30;22;EUR;MWh;NO;NO;102.19;;102.19;102.19;1;UP
2025-06-20T05:30;2025-06-20T05:45;23;EUR;MWh;NO;NO;102.2;;102.2;102.2;1;UP
2025-06-20T05:45;2025-06-20T06:00;24;EUR;MWh;NO;NO;106.36;;106.36;106.36;1;UP
2025-06-20T06:00;2025-06-20T06:15;25;EUR;MWh;NO;NO;123.6;87.08;123.6;77.27;2;UP_AND_DOWN
2025-06-20T06:15;2025-06-20T06:30;26;EUR;MWh;NO;NO;123.6;77;77;77;-1;DOWN
2025-06-20T06:30;2025-06-20T06:45;27;EUR;MWh;NO;NO;;70;70;70;-1;DOWN
2025-06-20T06:45;2025-06-20T07:00;28;EUR;MWh;NO;NO;;77;77;77;-1;DOWN
2025-06-20T07:00;2025-06-20T07:15;29;EUR;MWh;NO;NO;123.3;87.88;123.3;77.27;2;UP_AND_DOWN
2025-06-20T07:15;2025-06-20T07:30;30;EUR;MWh;NO;NO;108.35;85.25;108.35;77.27;2;UP_AND_DOWN
2025-06-20T07:30;2025-06-20T07:45;31;EUR;MWh;NO;NO;110.04;68;110.04;68;2;UP_AND_DOWN
2025-06-20T07:45;2025-06-20T08:00;32;EUR;MWh;NO;NO;;64;64;64;-1;DOWN
2025-06-20T08:00;2025-06-20T08:15;33;EUR;MWh;NO;NO;83.11;82;83.11;77.27;2;UP_AND_DOWN
2025-06-20T08:15;2025-06-20T08:30;34;EUR;MWh;NO;NO;55.56;70;70;70;-1;DOWN
2025-06-20T08:30;2025-06-20T08:45;35;EUR;MWh;NO;NO;83.11;33.77;33.77;33.77;-1;DOWN
2025-06-20T08:45;2025-06-20T09:00;36;EUR;MWh;NO;NO;;10;10;10;-1;DOWN
2025-06-20T09:00;2025-06-20T09:15;37;EUR;MWh;NO;NO;168.7;77;168.7;71.78;2;UP_AND_DOWN
2025-06-20T09:15;2025-06-20T09:30;38;EUR;MWh;NO;NO;123.4;;123.4;123.4;1;UP
2025-06-20T09:30;2025-06-20T09:45;39;EUR;MWh;NO;NO;99;10;99;10;2;UP_AND_DOWN
2025-06-20T09:45;2025-06-20T10:00;40;EUR;MWh;NO;NO;;10;10;10;-1;DOWN
2025-06-20T10:00;2025-06-20T10:15;41;EUR;MWh;NO;NO;55.46;36;36;36;-1;DOWN
2025-06-20T10:15;2025-06-20T10:30;42;EUR;MWh;NO;NO;;-30;-30;-30;-1;DOWN
2025-06-20T10:30;2025-06-20T10:45;43;EUR;MWh;NO;NO;;-30;-30;-30;-1;DOWN
2025-06-20T10:45;2025-06-20T11:00;44;EUR;MWh;NO;NO;;-30;-30;-30;-1;DOWN
2025-06-20T11:00;2025-06-20T11:15;45;EUR;MWh;NO;NO;;-30;-30;-30;-1;DOWN
2025-06-20T11:15;2025-06-20T11:30;46;EUR;MWh;NO;NO;;-30;-30;-30;-1;DOWN
2025-06-20T11:30;2025-06-20T11:45;47;EUR;MWh;NO;NO;;-30;-30;-30;-1;DOWN
2025-06-20T11:45;2025-06-20T12:00;48;EUR;MWh;NO;NO;;-30;-30;-30;-1;DOWN
2025-06-20T12:00;2025-06-20T12:15;49;EUR;MWh;NO;NO;;-49;-49;-49;-1;DOWN
2025-06-20T12:15;2025-06-20T12:30;50;EUR;MWh;NO;NO;;-29;-29;-29;-1;DOWN
2025-06-20T12:30;2025-06-20T12:45;51;EUR;MWh;NO;NO;;-30;-30;-30;-1;DOWN
2025-06-20T12:45;2025-06-20T13:00;52;EUR;MWh;NO;NO;13;-30;44.5;-30;2;UP_AND_DOWN
2025-06-20T13:00;2025-06-20T13:15;53;EUR;MWh;NO;NO;51;-29;51;-29;2;UP_AND_DOWN
2025-06-20T13:15;2025-06-20T13:30;54;EUR;MWh;NO;NO;50;-18.5;50;-18.5;2;UP_AND_DOWN
2025-06-20T13:30;2025-06-20T13:45;55;EUR;MWh;NO;NO;74.81;10;10;10;-1;DOWN
2025-06-20T13:45;2025-06-20T14:00;56;EUR;MWh;NO;NO;;10;10;10;-1;DOWN
2025-06-20T14:00;2025-06-20T14:15;57;EUR;MWh;NO;NO;62.24;-30;62.24;-30;2;UP_AND_DOWN
2025-06-20T14:15;2025-06-20T14:30;58;EUR;MWh;NO;NO;;-30;-30;-30;-1;DOWN
2025-06-20T14:30;2025-06-20T14:45;59;EUR;MWh;NO;NO;;-30;-30;-30;-1;DOWN
2025-06-20T14:45;2025-06-20T15:00;60;EUR;MWh;NO;NO;;9.57;9.57;9.57;-1;DOWN
2025-06-20T15:00;2025-06-20T15:15;61;EUR;MWh;NO;NO;12;-18.5;44;-18.5;2;UP_AND_DOWN
2025-06-20T15:15;2025-06-20T15:30;62;EUR;MWh;NO;NO;;-18.5;-18.5;-18.5;-1;DOWN
2025-06-20T15:30;2025-06-20T15:45;63;EUR;MWh;NO;NO;90.9;10;90.9;10;2;UP_AND_DOWN
2025-06-20T15:45;2025-06-20T16:00;64;EUR;MWh;NO;NO;96.8;;96.8;96.8;1;UP
2025-06-20T16:00;2025-06-20T16:15;65;EUR;MWh;NO;NO;61;-49;63;-49;2;UP_AND_DOWN
2025-06-20T16:15;2025-06-20T16:30;66;EUR;MWh;NO;NO;62;8;63;8;2;UP_AND_DOWN
2025-06-20T16:30;2025-06-20T16:45;67;EUR;MWh;NO;NO;55.56;9.57;63.5;9.57;2;UP_AND_DOWN
2025-06-20T16:45;2025-06-20T17:00;68;EUR;MWh;NO;NO;;10;10;10;-1;DOWN
2025-06-20T17:00;2025-06-20T17:15;69;EUR;MWh;NO;NO;51;-41;-41;-41;-1;DOWN
2025-06-20T17:15;2025-06-20T17:30;70;EUR;MWh;NO;NO;;-30;-30;-30;-1;DOWN
2025-06-20T17:30;2025-06-20T17:45;71;EUR;MWh;NO;NO;51;-30;-30;-30;-1;DOWN
2025-06-20T17:45;2025-06-20T18:00;72;EUR;MWh;NO;NO;55.56;20;20;20;-1;DOWN
2025-06-20T18:00;2025-06-20T18:15;73;EUR;MWh;NO;NO;;9.57;9.57;9.57;-1;DOWN
2025-06-20T18:15;2025-06-20T18:30;74;EUR;MWh;NO;NO;110.04;10;110.04;10;2;UP_AND_DOWN
2025-06-20T18:30;2025-06-20T18:45;75;EUR;MWh;NO;NO;124;57.92;124;57.92;2;UP_AND_DOWN
2025-06-20T18:45;2025-06-20T19:00;76;EUR;MWh;NO;NO;124;;124;124;1;UP
2025-06-20T19:00;2025-06-20T19:15;77;EUR;MWh;NO;NO;92;84.98;92;77.27;2;UP_AND_DOWN
2025-06-20T19:15;2025-06-20T19:30;78;EUR;MWh;NO;NO;;57.98;57.98;57.98;-1;DOWN
2025-06-20T19:30;2025-06-20T19:45;79;EUR;MWh;NO;NO;123.8;94.98;123.8;123.8;1;UP
2025-06-20T19:45;2025-06-20T20:00;80;EUR;MWh;NO;NO;146.2;;146.2;146.2;1;UP
2025-06-20T20:00;2025-06-20T20:15;81;EUR;MWh;NO;NO;110.14;90.47;110.14;110.14;1;UP
2025-06-20T20:15;2025-06-20T20:30;82;EUR;MWh;NO;NO;120;;120;120;1;UP
2025-06-20T20:30;2025-06-20T20:45;83;EUR;MWh;NO;NO;120;;120;120;1;UP
2025-06-20T20:45;2025-06-20T21:00;84;EUR;MWh;NO;NO;120;;120;120;1;UP
2025-06-20T21:00;2025-06-20T21:15;85;EUR;MWh;NO;NO;120;;120;120;1;UP
2025-06-20T21:15;2025-06-20T21:30;86;EUR;MWh;NO;NO;103.65;;103.65;103.65;1;UP
2025-06-20T21:30;2025-06-20T21:45;87;EUR;MWh;NO;NO;102.29;;102.29;102.29;1;UP
2025-06-20T21:45;2025-06-20T22:00;88;EUR;MWh;NO;NO;105;;105;105;1;UP
2025-06-20T22:00;2025-06-20T22:15;89;EUR;MWh;NO;NO;128.1;;128.1;128.1;1;UP
2025-06-20T22:15;2025-06-20T22:30;90;EUR;MWh;NO;NO;62.34;97.98;62.34;62.34;1;UP
2025-06-20T22:30;2025-06-20T22:45;91;EUR;MWh;NO;NO;51;87;87;87;-1;DOWN
2025-06-20T22:45;2025-06-20T23:00;92;EUR;MWh;NO;NO;;62.98;62.98;62.98;-1;DOWN
2025-06-20T23:00;2025-06-20T23:15;93;EUR;MWh;NO;NO;97;72.98;97;72.98;2;UP_AND_DOWN
2025-06-20T23:15;2025-06-20T23:30;94;EUR;MWh;NO;NO;83.11;84.88;84.88;84.88;-1;DOWN
2025-06-20T23:30;2025-06-20T23:45;95;EUR;MWh;NO;NO;120;82.08;120;77.27;2;UP_AND_DOWN
2025-06-20T23:45;2025-06-21T00:00;96;EUR;MWh;NO;NO;83.11;88.98;83.11;77.27;2;UP_AND_DOWN
2025-06-21T00:00;2025-06-21T00:15;1;EUR;MWh;NO;NO;101.61;84;101.61;73.16;2;UP_AND_DOWN
2025-06-21T00:15;2025-06-21T00:30;2;EUR;MWh;NO;NO;140.7;;140.7;140.7;1;UP
2025-06-21T00:30;2025-06-21T00:45;3;EUR;MWh;NO;NO;101.33;83;101.33;101.33;1;UP
2025-06-21T00:45;2025-06-21T01:00;4;EUR;MWh;NO;NO;61.56;86.68;61.56;61.56;1;UP
2025-06-21T01:00;2025-06-21T01:15;5;EUR;MWh;NO;NO;101.98;;101.98;101.98;1;UP
2025-06-21T01:15;2025-06-21T01:30;6;EUR;MWh;NO;NO;94.02;;94.02;94.02;1;UP
2025-06-21T01:30;2025-06-21T01:45;7;EUR;MWh;NO;NO;;81.53;81.53;81.53;-1;DOWN
2025-06-21T01:45;2025-06-21T02:00;8;EUR;MWh;NO;NO;;76.08;76.08;76.08;-1;DOWN
2025-06-21T02:00;2025-06-21T02:15;9;EUR;MWh;NO;NO;61.56;77.03;77.03;77.03;-1;DOWN
2025-06-21T02:15;2025-06-21T02:30;10;EUR;MWh;NO;NO;;65;65;65;-1;DOWN
2025-06-21T02:30;2025-06-21T02:45;11;EUR;MWh;NO;NO;;65;65;65;-1;DOWN
2025-06-21T02:45;2025-06-21T03:00;12;EUR;MWh;NO;NO;;65;65;65;-1;DOWN
2025-06-21T03:00;2025-06-21T03:15;13;EUR;MWh;NO;NO;;65;65;65;-1;DOWN
2025-06-21T03:15;2025-06-21T03:30;14;EUR;MWh;NO;NO;101.58;;101.58;101.58;1;UP
2025-06-21T03:30;2025-06-21T03:45;15;EUR;MWh;NO;NO;129;;129;129;1;UP
2025-06-21T03:45;2025-06-21T04:00;16;EUR;MWh;NO;NO;123;;123;123;1;UP
2025-06-21T04:00;2025-06-21T04:15;17;EUR;MWh;NO;NO;128.9;;128.9;128.9;1;UP
2025-06-21T04:15;2025-06-21T04:30;18;EUR;MWh;NO;NO;129.2;79.9;129.2;71.8;2;UP_AND_DOWN
2025-06-21T04:30;2025-06-21T04:45;19;EUR;MWh;NO;NO;128.8;;128.8;128.8;1;UP
2025-06-21T04:45;2025-06-21T05:00;20;EUR;MWh;NO;NO;83.56;80;83.56;72.28;2;UP_AND_DOWN
2025-06-21T05:00;2025-06-21T05:15;21;EUR;MWh;NO;NO;137;83;137;72.28;2;UP_AND_DOWN
2025-06-21T05:15;2025-06-21T05:30;22;EUR;MWh;NO;NO;129;83;129;129;1;UP
2025-06-21T05:30;2025-06-21T05:45;23;EUR;MWh;NO;NO;61.56;72;72.78;72;2;UP_AND_DOWN
2025-06-21T05:45;2025-06-21T06:00;24;EUR;MWh;NO;NO;83.56;90.2;83.56;75.88;2;UP_AND_DOWN
2025-06-21T06:00;2025-06-21T06:15;25;EUR;MWh;NO;NO;129;;129;129;1;UP
2025-06-21T06:15;2025-06-21T06:30;26;EUR;MWh;NO;NO;129;;129;129;1;UP
2025-06-21T06:30;2025-06-21T06:45;27;EUR;MWh;NO;NO;78.46;70.46;78.46;70.46;2;UP_AND_DOWN
2025-06-21T06:45;2025-06-21T07:00;28;EUR;MWh;NO;NO;;65.27;65.27;65.27;-1;DOWN
2025-06-21T07:00;2025-06-21T07:15;29;EUR;MWh;NO;NO;129.1;75.02;129.1;75.02;2;UP_AND_DOWN
2025-06-21T07:15;2025-06-21T07:30;30;EUR;MWh;NO;NO;71.56;59.83;75.68;59.83;2;UP_AND_DOWN
2025-06-21T07:30;2025-06-21T07:45;31;EUR;MWh;NO;NO;;;0;0;-1;DOWN
2025-06-21T07:45;2025-06-21T08:00;32;EUR;MWh;NO;NO;;-30;-30;-30;-1;DOWN
2025-06-21T08:00;2025-06-21T08:15;33;EUR;MWh;NO;NO;83.56;;83.56;0;2;UP_AND_DOWN
2025-06-21T08:15;2025-06-21T08:30;34;EUR;MWh;NO;NO;121;75;121;70.78;2;UP_AND_DOWN
2025-06-21T08:30;2025-06-21T08:45;35;EUR;MWh;NO;NO;61.46;10;70.73;10;2;UP_AND_DOWN
2025-06-21T08:45;2025-06-21T09:00;36;EUR;MWh;NO;NO;50;-30;65;-30;2;UP_AND_DOWN
2025-06-21T09:00;2025-06-21T09:15;37;EUR;MWh;NO;NO;71.56;10;71.56;10;2;UP_AND_DOWN
2025-06-21T09:15;2025-06-21T09:30;38;EUR;MWh;NO;NO;14;-70;46.5;-70;2;UP_AND_DOWN
2025-06-21T09:30;2025-06-21T09:45;39;EUR;MWh;NO;NO;;-60;-60;-60;-1;DOWN
2025-06-21T09:45;2025-06-21T10:00;40;EUR;MWh;NO;NO;71.46;-41;71.46;-41;2;UP_AND_DOWN
2025-06-21T10:00;2025-06-21T10:15;41;EUR;MWh;NO;NO;78.56;;78.56;0;2;UP_AND_DOWN
2025-06-21T10:15;2025-06-21T10:30;42;EUR;MWh;NO;NO;13;-30;-30;-30;-1;DOWN
2025-06-21T10:30;2025-06-21T10:45;43;EUR;MWh;NO;NO;4;-30;42;-30;2;UP_AND_DOWN
2025-06-21T10:45;2025-06-21T11:00;44;EUR;MWh;NO;NO;4;-70;-70;-70;-1;DOWN
2025-06-21T11:00;2025-06-21T11:15;45;EUR;MWh;NO;NO;16;-60;-60;-60;-1;DOWN
2025-06-21T11:15;2025-06-21T11:30;46;EUR;MWh;NO;NO;4;-70;-70;-70;-1;DOWN
2025-06-21T11:30;2025-06-21T11:45;47;EUR;MWh;NO;NO;4;-49;-49;-49;-1;DOWN
2025-06-21T11:45;2025-06-21T12:00;48;EUR;MWh;NO;NO;;-70;-70;-70;-1;DOWN
2025-06-21T12:00;2025-06-21T12:15;49;EUR;MWh;NO;NO;4;-60;-60;-60;-1;DOWN
2025-06-21T12:15;2025-06-21T12:30;50;EUR;MWh;NO;NO;4;-70;-70;-70;-1;DOWN
2025-06-21T12:30;2025-06-21T12:45;51;EUR;MWh;NO;NO;;-70;-70;-70;-1;DOWN
2025-06-21T12:45;2025-06-21T13:00;52;EUR;MWh;NO;NO;;-60;-60;-60;-1;DOWN
2025-06-21T13:00;2025-06-21T13:15;53;EUR;MWh;NO;NO;;-80;-80;-80;-1;DOWN
2025-06-21T13:15;2025-06-21T13:30;54;EUR;MWh;NO;NO;;-70;-70;-70;-1;DOWN
2025-06-21T13:30;2025-06-21T13:45;55;EUR;MWh;NO;NO;;-105;-105;-105;-1;DOWN
2025-06-21T13:45;2025-06-21T14:00;56;EUR;MWh;NO;NO;;-80;-80;-80;-1;DOWN
2025-06-21T14:00;2025-06-21T14:15;57;EUR;MWh;NO;NO;;-75;-75;-75;-1;DOWN
2025-06-21T14:15;2025-06-21T14:30;58;EUR;MWh;NO;NO;;-60;-60;-60;-1;DOWN
2025-06-21T14:30;2025-06-21T14:45;59;EUR;MWh;NO;NO;;-60;-60;-60;-1;DOWN
2025-06-21T14:45;2025-06-21T15:00;60;EUR;MWh;NO;NO;;-583.53;-583.53;-583.53;-1;DOWN
2025-06-21T15:00;2025-06-21T15:15;61;EUR;MWh;NO;NO;;-50;-50;-50;-1;DOWN
2025-06-21T15:15;2025-06-21T15:30;62;EUR;MWh;NO;NO;;-60;-60;-60;-1;DOWN
2025-06-21T15:30;2025-06-21T15:45;63;EUR;MWh;NO;NO;;-53.01;-53.01;-53.01;-1;DOWN
2025-06-21T15:45;2025-06-21T16:00;64;EUR;MWh;NO;NO;;-59.9;-59.9;-59.9;-1;DOWN
2025-06-21T16:00;2025-06-21T16:15;65;EUR;MWh;NO;NO;;-70;-70;-70;-1;DOWN
2025-06-21T16:15;2025-06-21T16:30;66;EUR;MWh;NO;NO;;-559.11;-559.11;-559.11;-1;DOWN
2025-06-21T16:30;2025-06-21T16:45;67;EUR;MWh;NO;NO;;-30;-30;-30;-1;DOWN
2025-06-21T16:45;2025-06-21T17:00;68;EUR;MWh;NO;NO;51;10;10;10;-1;DOWN
2025-06-21T17:00;2025-06-21T17:15;69;EUR;MWh;NO;NO;50;-60;62.5;-60;2;UP_AND_DOWN
2025-06-21T17:15;2025-06-21T17:30;70;EUR;MWh;NO;NO;51;-49;63.5;-49;2;UP_AND_DOWN
2025-06-21T17:30;2025-06-21T17:45;71;EUR;MWh;NO;NO;94;-30;94;-30;2;UP_AND_DOWN
2025-06-21T17:45;2025-06-21T18:00;72;EUR;MWh;NO;NO;94;;94;94;1;UP
2025-06-21T18:00;2025-06-21T18:15;73;EUR;MWh;NO;NO;78.56;10;78.56;10;2;UP_AND_DOWN
2025-06-21T18:15;2025-06-21T18:30;74;EUR;MWh;NO;NO;147.51;72.24;147.51;70.04;2;UP_AND_DOWN
2025-06-21T18:30;2025-06-21T18:45;75;EUR;MWh;NO;NO;148;;148;148;1;UP
2025-06-21T18:45;2025-06-21T19:00;76;EUR;MWh;NO;NO;124.32;;124.32;124.32;1;UP
2025-06-21T19:00;2025-06-21T19:15;77;EUR;MWh;NO;NO;61.56;7;75.86;7;2;UP_AND_DOWN
2025-06-21T19:15;2025-06-21T19:30;78;EUR;MWh;NO;NO;;21.07;21.07;21.07;-1;DOWN
2025-06-21T19:30;2025-06-21T19:45;79;EUR;MWh;NO;NO;;77.56;77.56;77.56;-1;DOWN
2025-06-21T19:45;2025-06-21T20:00;80;EUR;MWh;NO;NO;148;150;148;105.78;2;UP_AND_DOWN
2025-06-21T20:00;2025-06-21T20:15;81;EUR;MWh;NO;NO;94;82.58;94;73.36;2;UP_AND_DOWN
2025-06-21T20:15;2025-06-21T20:30;82;EUR;MWh;NO;NO;55;81.29;81.29;81.29;-1;DOWN
2025-06-21T20:30;2025-06-21T20:45;83;EUR;MWh;NO;NO;55;74.09;74.09;74.09;-1;DOWN
2025-06-21T20:45;2025-06-21T21:00;84;EUR;MWh;NO;NO;106.64;79.01;106.64;79.01;2;UP_AND_DOWN
2025-06-21T21:00;2025-06-21T21:15;85;EUR;MWh;NO;NO;55;86.51;86.51;86.51;-1;DOWN
2025-06-21T21:15;2025-06-21T21:30;86;EUR;MWh;NO;NO;;69.41;69.41;69.41;-1;DOWN
2025-06-21T21:30;2025-06-21T21:45;87;EUR;MWh;NO;NO;94;80;94;75.33;2;UP_AND_DOWN
2025-06-21T21:45;2025-06-21T22:00;88;EUR;MWh;NO;NO;150.75;;150.75;150.75;1;UP
2025-06-21T22:00;2025-06-21T22:15;89;EUR;MWh;NO;NO;148.31;;148.31;148.31;1;UP
2025-06-21T22:15;2025-06-21T22:30;90;EUR;MWh;NO;NO;140;;140;140;1;UP
2025-06-21T22:30;2025-06-21T22:45;91;EUR;MWh;NO;NO;148;;148;148;1;UP
2025-06-21T22:45;2025-06-21T23:00;92;EUR;MWh;NO;NO;148;88.11;148;77.5;2;UP_AND_DOWN
2025-06-21T23:00;2025-06-21T23:15;93;EUR;MWh;NO;NO;83.56;88.11;83.56;76.64;2;UP_AND_DOWN
2025-06-21T23:15;2025-06-21T23:30;94;EUR;MWh;NO;NO;93.7;40;93.7;40;2;UP_AND_DOWN
2025-06-21T23:30;2025-06-21T23:45;95;EUR;MWh;NO;NO;;;0;0;-1;DOWN
2025-06-21T23:45;2025-06-22T00:00;96;EUR;MWh;NO;NO;;;0;0;-1;DOWN
2025-06-22T00:00;2025-06-22T00:15;1;EUR;MWh;NO;NO;73.25;30;78.06;30;2;UP_AND_DOWN
2025-06-22T00:15;2025-06-22T00:30;2;EUR;MWh;NO;NO;;71;71;71;-1;DOWN
2025-06-22T00:30;2025-06-22T00:45;3;EUR;MWh;NO;NO;;;0;0;-1;DOWN
2025-06-22T00:45;2025-06-22T01:00;4;EUR;MWh;NO;NO;;;0;0;-1;DOWN
2025-06-22T01:00;2025-06-22T01:15;5;EUR;MWh;NO;NO;113;-30;113;-30;2;UP_AND_DOWN
2025-06-22T01:15;2025-06-22T01:30;6;EUR;MWh;NO;NO;82.25;-21;-21;-21;-1;DOWN
2025-06-22T01:30;2025-06-22T01:45;7;EUR;MWh;NO;NO;;-30;-30;-30;-1;DOWN
2025-06-22T01:45;2025-06-22T02:00;8;EUR;MWh;NO;NO;;;0;0;-1;DOWN
2025-06-22T02:00;2025-06-22T02:15;9;EUR;MWh;NO;NO;;9.57;9.57;9.57;-1;DOWN
2025-06-22T02:15;2025-06-22T02:30;10;EUR;MWh;NO;NO;;32.11;32.11;32.11;-1;DOWN
2025-06-22T02:30;2025-06-22T02:45;11;EUR;MWh;NO;NO;;25.01;25.01;25.01;-1;DOWN
2025-06-22T02:45;2025-06-22T03:00;12;EUR;MWh;NO;NO;;37.5;37.5;37.5;-1;DOWN
2025-06-22T03:00;2025-06-22T03:15;13;EUR;MWh;NO;NO;;17.89;17.89;17.89;-1;DOWN
2025-06-22T03:15;2025-06-22T03:30;14;EUR;MWh;NO;NO;;70.11;70.11;70.11;-1;DOWN
2025-06-22T03:30;2025-06-22T03:45;15;EUR;MWh;NO;NO;;11;11;11;-1;DOWN
2025-06-22T03:45;2025-06-22T04:00;16;EUR;MWh;NO;NO;;19;19;19;-1;DOWN
2025-06-22T04:00;2025-06-22T04:15;17;EUR;MWh;NO;NO;;-50;-50;-50;-1;DOWN
2025-06-22T04:15;2025-06-22T04:30;18;EUR;MWh;NO;NO;;-30;-30;-30;-1;DOWN
2025-06-22T04:30;2025-06-22T04:45;19;EUR;MWh;NO;NO;;-30;-30;-30;-1;DOWN
2025-06-22T04:45;2025-06-22T05:00;20;EUR;MWh;NO;NO;;-57.94;-57.94;-57.94;-1;DOWN
2025-06-22T05:00;2025-06-22T05:15;21;EUR;MWh;NO;NO;;-18.21;-18.21;-18.21;-1;DOWN
2025-06-22T05:15;2025-06-22T05:30;22;EUR;MWh;NO;NO;;10;10;10;-1;DOWN
2025-06-22T05:30;2025-06-22T05:45;23;EUR;MWh;NO;NO;;19;19;19;-1;DOWN
2025-06-22T05:45;2025-06-22T06:00;24;EUR;MWh;NO;NO;73.25;19;73.25;19;2;UP_AND_DOWN
2025-06-22T06:00;2025-06-22T06:15;25;EUR;MWh;NO;NO;137.5;;137.5;137.5;1;UP
2025-06-22T06:15;2025-06-22T06:30;26;EUR;MWh;NO;NO;126.8;;126.8;126.8;1;UP
2025-06-22T06:30;2025-06-22T06:45;27;EUR;MWh;NO;NO;66;10;66;66;1;UP
2025-06-22T06:45;2025-06-22T07:00;28;EUR;MWh;NO;NO;;-43.59;-43.59;-43.59;-1;DOWN
2025-06-22T07:00;2025-06-22T07:15;29;EUR;MWh;NO;NO;;-53.1;-53.1;-53.1;-1;DOWN
2025-06-22T07:15;2025-06-22T07:30;30;EUR;MWh;NO;NO;;-47.9;-47.9;-47.9;-1;DOWN
2025-06-22T07:30;2025-06-22T07:45;31;EUR;MWh;NO;NO;;-40.23;-40.23;-40.23;-1;DOWN
2025-06-22T07:45;2025-06-22T08:00;32;EUR;MWh;NO;NO;;-56.89;-56.89;-56.89;-1;DOWN
2025-06-22T08:00;2025-06-22T08:15;33;EUR;MWh;NO;NO;;-60;-60;-60;-1;DOWN
2025-06-22T08:15;2025-06-22T08:30;34;EUR;MWh;NO;NO;;-50.41;-50.41;-50.41;-1;DOWN
2025-06-22T08:30;2025-06-22T08:45;35;EUR;MWh;NO;NO;;-49;-49;-49;-1;DOWN
2025-06-22T08:45;2025-06-22T09:00;36;EUR;MWh;NO;NO;;-53.57;-53.57;-53.57;-1;DOWN
2025-06-22T09:00;2025-06-22T09:15;37;EUR;MWh;NO;NO;90.6;-49.9;90.6;-49.9;2;UP_AND_DOWN
2025-06-22T09:15;2025-06-22T09:30;38;EUR;MWh;NO;NO;20;-99;20;-99;2;UP_AND_DOWN
2025-06-22T09:30;2025-06-22T09:45;39;EUR;MWh;NO;NO;;-92.24;-92.24;-92.24;-1;DOWN
2025-06-22T09:45;2025-06-22T10:00;40;EUR;MWh;NO;NO;;-60;-60;-60;-1;DOWN
2025-06-22T10:00;2025-06-22T10:15;41;EUR;MWh;NO;NO;24;-34.8;33.5;-34.8;2;UP_AND_DOWN
2025-06-22T10:15;2025-06-22T10:30;42;EUR;MWh;NO;NO;1;-23.29;-23.29;-23.29;-1;DOWN
2025-06-22T10:30;2025-06-22T10:45;43;EUR;MWh;NO;NO;;-49.55;-49.55;-49.55;-1;DOWN
2025-06-22T10:45;2025-06-22T11:00;44;EUR;MWh;NO;NO;;-42;-42;-42;-1;DOWN
2025-06-22T11:00;2025-06-22T11:15;45;EUR;MWh;NO;NO;86.01;-10;86.01;-10;2;UP_AND_DOWN
2025-06-22T11:15;2025-06-22T11:30;46;EUR;MWh;NO;NO;24;71;24;24;1;UP
2025-06-22T11:30;2025-06-22T11:45;47;EUR;MWh;NO;NO;1;;1;1;1;UP
2025-06-22T11:45;2025-06-22T12:00;48;EUR;MWh;NO;NO;80.01;;80.01;80.01;1;UP
2025-06-22T12:00;2025-06-22T12:15;49;EUR;MWh;NO;NO;1925;;1925;1925;1;UP
2025-06-22T12:15;2025-06-22T12:30;50;EUR;MWh;NO;NO;1925;-35.69;1925;-35.69;2;UP_AND_DOWN
2025-06-22T12:30;2025-06-22T12:45;51;EUR;MWh;NO;NO;110.88;-33.74;110.88;-33.74;2;UP_AND_DOWN
2025-06-22T12:45;2025-06-22T13:00;52;EUR;MWh;NO;NO;66.19;-30;66.19;-30;2;UP_AND_DOWN
2025-06-22T13:00;2025-06-22T13:15;53;EUR;MWh;NO;NO;1;-30;36;-30;2;UP_AND_DOWN
2025-06-22T13:15;2025-06-22T13:30;54;EUR;MWh;NO;NO;127.5;71;127.5;40.5;2;UP_AND_DOWN
2025-06-22T13:30;2025-06-22T13:45;55;EUR;MWh;NO;NO;103.35;-30.19;103.35;-30.19;2;UP_AND_DOWN
2025-06-22T13:45;2025-06-22T14:00;56;EUR;MWh;NO;NO;150.2;9.57;150.2;9.57;2;UP_AND_DOWN
2025-06-22T14:00;2025-06-22T14:15;57;EUR;MWh;NO;NO;140;;140;140;1;UP
2025-06-22T14:15;2025-06-22T14:30;58;EUR;MWh;NO;NO;85.32;-10;85.32;-10;2;UP_AND_DOWN
2025-06-22T14:30;2025-06-22T14:45;59;EUR;MWh;NO;NO;;-42;-42;-42;-1;DOWN
2025-06-22T14:45;2025-06-22T15:00;60;EUR;MWh;NO;NO;;-47.24;-47.24;-47.24;-1;DOWN
2025-06-22T15:00;2025-06-22T15:15;61;EUR;MWh;NO;NO;113;-10;113;-10;2;UP_AND_DOWN
2025-06-22T15:15;2025-06-22T15:30;62;EUR;MWh;NO;NO;1;10;39;10;2;UP_AND_DOWN
2025-06-22T15:30;2025-06-22T15:45;63;EUR;MWh;NO;NO;1;-30;-30;-30;-1;DOWN
2025-06-22T15:45;2025-06-22T16:00;64;EUR;MWh;NO;NO;;-72.02;-72.02;-72.02;-1;DOWN
2025-06-22T16:00;2025-06-22T16:15;65;EUR;MWh;NO;NO;;-70;-70;-70;-1;DOWN
2025-06-22T16:15;2025-06-22T16:30;66;EUR;MWh;NO;NO;;-70;-70;-70;-1;DOWN
2025-06-22T16:30;2025-06-22T16:45;67;EUR;MWh;NO;NO;;-47.24;-47.24;-47.24;-1;DOWN
2025-06-22T16:45;2025-06-22T17:00;68;EUR;MWh;NO;NO;;-126.58;-126.58;-126.58;-1;DOWN
2025-06-22T17:00;2025-06-22T17:15;69;EUR;MWh;NO;NO;;-36.74;-36.74;-36.74;-1;DOWN
2025-06-22T17:15;2025-06-22T17:30;70;EUR;MWh;NO;NO;1;-39.24;-39.24;-39.24;-1;DOWN
2025-06-22T17:30;2025-06-22T17:45;71;EUR;MWh;NO;NO;138.09;-30;138.09;-30;2;UP_AND_DOWN
2025-06-22T17:45;2025-06-22T18:00;72;EUR;MWh;NO;NO;125.5;;125.5;125.5;1;UP
2025-06-22T18:00;2025-06-22T18:15;73;EUR;MWh;NO;NO;66.19;-60;70.6;-60;2;UP_AND_DOWN
2025-06-22T18:15;2025-06-22T18:30;74;EUR;MWh;NO;NO;71;9.57;71;9.57;2;UP_AND_DOWN
2025-06-22T18:30;2025-06-22T18:45;75;EUR;MWh;NO;NO;111;;111;111;1;UP
2025-06-22T18:45;2025-06-22T19:00;76;EUR;MWh;NO;NO;127.2;;127.2;127.2;1;UP
2025-06-22T19:00;2025-06-22T19:15;77;EUR;MWh;NO;NO;100;10;100;10;2;UP_AND_DOWN
2025-06-22T19:15;2025-06-22T19:30;78;EUR;MWh;NO;NO;66.19;;66.19;66.19;1;UP
2025-06-22T19:30;2025-06-22T19:45;79;EUR;MWh;NO;NO;97.9;;97.9;97.9;1;UP
2025-06-22T19:45;2025-06-22T20:00;80;EUR;MWh;NO;NO;106.13;;106.13;106.13;1;UP
2025-06-22T20:00;2025-06-22T20:15;81;EUR;MWh;NO;NO;126.9;89.86;126.9;126.9;1;UP
2025-06-22T20:15;2025-06-22T20:30;82;EUR;MWh;NO;NO;100;70.33;100;100;1;UP
2025-06-22T20:30;2025-06-22T20:45;83;EUR;MWh;NO;NO;110.41;;110.41;110.41;1;UP
2025-06-22T20:45;2025-06-22T21:00;84;EUR;MWh;NO;NO;134.8;;134.8;134.8;1;UP
2025-06-22T21:00;2025-06-22T21:15;85;EUR;MWh;NO;NO;100;90.11;100;100;1;UP
2025-06-22T21:15;2025-06-22T21:30;86;EUR;MWh;NO;NO;111.77;;111.77;111.77;1;UP
2025-06-22T21:30;2025-06-22T21:45;87;EUR;MWh;NO;NO;135;;135;135;1;UP
2025-06-22T21:45;2025-06-22T22:00;88;EUR;MWh;NO;NO;138.3;;138.3;138.3;1;UP
2025-06-22T22:00;2025-06-22T22:15;89;EUR;MWh;NO;NO;138.2;;138.2;138.2;1;UP
2025-06-22T22:15;2025-06-22T22:30;90;EUR;MWh;NO;NO;138.2;;138.2;138.2;1;UP
2025-06-22T22:30;2025-06-22T22:45;91;EUR;MWh;NO;NO;138.1;;138.1;138.1;1;UP
2025-06-22T22:45;2025-06-22T23:00;92;EUR;MWh;NO;NO;109.25;32.23;109.25;32.23;2;UP_AND_DOWN
2025-06-22T23:00;2025-06-22T23:15;93;EUR;MWh;NO;NO;99.5;70.13;99.5;70.13;2;UP_AND_DOWN
2025-06-22T23:15;2025-06-22T23:30;94;EUR;MWh;NO;NO;;1;1;1;-1;DOWN
2025-06-22T23:30;2025-06-22T23:45;95;EUR;MWh;NO;NO;;;0;0;-1;DOWN
2025-06-22T23:45;2025-06-23T00:00;96;EUR;MWh;NO;NO;;;0;0;-1;DOWN
2025-06-23T00:00;2025-06-23T00:15;1;EUR;MWh;NO;NO;200;-27.49;200;-27.49;2;UP_AND_DOWN
2025-06-23T00:15;2025-06-23T00:30;2;EUR;MWh;NO;NO;92.04;;92.04;92.04;1;UP
2025-06-23T00:30;2025-06-23T00:45;3;EUR;MWh;NO;NO;123.5;;123.5;123.5;1;UP
2025-06-23T00:45;2025-06-23T01:00;4;EUR;MWh;NO;NO;69.56;90.11;69.56;69.56;1;UP
2025-06-23T01:00;2025-06-23T01:15;5;EUR;MWh;NO;NO;165;;165;165;1;UP
2025-06-23T01:15;2025-06-23T01:30;6;EUR;MWh;NO;NO;134.7;;134.7;134.7;1;UP
2025-06-23T01:30;2025-06-23T01:45;7;EUR;MWh;NO;NO;122;;122;122;1;UP
2025-06-23T01:45;2025-06-23T02:00;8;EUR;MWh;NO;NO;68.56;-13.19;68.56;-13.19;2;UP_AND_DOWN
2025-06-23T02:00;2025-06-23T02:15;9;EUR;MWh;NO;NO;;-19.12;-19.12;-19.12;-1;DOWN
2025-06-23T02:15;2025-06-23T02:30;10;EUR;MWh;NO;NO;;-27.49;-27.49;-27.49;-1;DOWN
2025-06-23T02:30;2025-06-23T02:45;11;EUR;MWh;NO;NO;;-19.22;-19.22;-19.22;-1;DOWN
2025-06-23T02:45;2025-06-23T03:00;12;EUR;MWh;NO;NO;;-4.32;-4.32;-4.32;-1;DOWN
2025-06-23T03:00;2025-06-23T03:15;13;EUR;MWh;NO;NO;;;9.57;9.57;-1;DOWN
2025-06-23T03:15;2025-06-23T03:30;14;EUR;MWh;NO;NO;70;12;12;12;-1;DOWN
2025-06-23T03:30;2025-06-23T03:45;15;EUR;MWh;NO;NO;;70;70;70;-1;DOWN
2025-06-23T03:45;2025-06-23T04:00;16;EUR;MWh;NO;NO;;10;10;10;-1;DOWN
2025-06-23T04:00;2025-06-23T04:15;17;EUR;MWh;NO;NO;;10;10;10;-1;DOWN
2025-06-23T04:15;2025-06-23T04:30;18;EUR;MWh;NO;NO;63.28;10;10;10;-1;DOWN
2025-06-23T04:30;2025-06-23T04:45;19;EUR;MWh;NO;NO;;10;10;10;-1;DOWN
2025-06-23T04:45;2025-06-23T05:00;20;EUR;MWh;NO;NO;119;10;119;10;2;UP_AND_DOWN
2025-06-23T05:00;2025-06-23T05:15;21;EUR;MWh;NO;NO;125.1;;125.1;125.1;1;UP
2025-06-23T05:15;2025-06-23T05:30;22;EUR;MWh;NO;NO;124.1;;124.1;124.1;1;UP
2025-06-23T05:30;2025-06-23T05:45;23;EUR;MWh;NO;NO;97;;97;97;1;UP
2025-06-23T05:45;2025-06-23T06:00;24;EUR;MWh;NO;NO;146.38;;146.38;146.38;1;UP
2025-06-23T06:00;2025-06-23T06:15;25;EUR;MWh;NO;NO;98;;98;98;1;UP
2025-06-23T06:15;2025-06-23T06:30;26;EUR;MWh;NO;NO;54;46;46;46;-1;DOWN
2025-06-23T06:30;2025-06-23T06:45;27;EUR;MWh;NO;NO;;10;10;10;-1;DOWN
2025-06-23T06:45;2025-06-23T07:00;28;EUR;MWh;NO;NO;;-7.79;-7.79;-7.79;-1;DOWN
2025-06-23T07:00;2025-06-23T07:15;29;EUR;MWh;NO;NO;;-28.29;-28.29;-28.29;-1;DOWN
2025-06-23T07:15;2025-06-23T07:30;30;EUR;MWh;NO;NO;54;-5.7;-5.7;-5.7;-1;DOWN
2025-06-23T07:30;2025-06-23T07:45;31;EUR;MWh;NO;NO;;9.57;9.57;9.57;-1;DOWN
2025-06-23T07:45;2025-06-23T08:00;32;EUR;MWh;NO;NO;;-5;-5;-5;-1;DOWN
2025-06-23T08:00;2025-06-23T08:15;33;EUR;MWh;NO;NO;167.9;25;167.9;25;2;UP_AND_DOWN
2025-06-23T08:15;2025-06-23T08:30;34;EUR;MWh;NO;NO;200;;200;200;1;UP
2025-06-23T08:30;2025-06-23T08:45;35;EUR;MWh;NO;NO;134.3;10;134.3;134.3;1;UP
2025-06-23T08:45;2025-06-23T09:00;36;EUR;MWh;NO;NO;77;;77;77;1;UP
2025-06-23T09:00;2025-06-23T09:15;37;EUR;MWh;NO;NO;81.56;-16.75;81.56;-16.75;2;UP_AND_DOWN
2025-06-23T09:15;2025-06-23T09:30;38;EUR;MWh;NO;NO;;-49;-49;-49;-1;DOWN
2025-06-23T09:30;2025-06-23T09:45;39;EUR;MWh;NO;NO;;-60;-60;-60;-1;DOWN
2025-06-23T09:45;2025-06-23T10:00;40;EUR;MWh;NO;NO;;-60;-60;-60;-1;DOWN
2025-06-23T10:00;2025-06-23T10:15;41;EUR;MWh;NO;NO;;-45;-45;-45;-1;DOWN
2025-06-23T10:15;2025-06-23T10:30;42;EUR;MWh;NO;NO;58.56;-37.9;61;-37.9;2;UP_AND_DOWN
2025-06-23T10:30;2025-06-23T10:45;43;EUR;MWh;NO;NO;;-38;-38;-38;-1;DOWN
2025-06-23T10:45;2025-06-23T11:00;44;EUR;MWh;NO;NO;;-49;-49;-49;-1;DOWN
2025-06-23T11:00;2025-06-23T11:15;45;EUR;MWh;NO;NO;;-38;-38;-38;-1;DOWN
2025-06-23T11:15;2025-06-23T11:30;46;EUR;MWh;NO;NO;1;-34.59;38;-34.59;2;UP_AND_DOWN
2025-06-23T11:30;2025-06-23T11:45;47;EUR;MWh;NO;NO;;-32.52;-32.52;-32.52;-1;DOWN
2025-06-23T11:45;2025-06-23T12:00;48;EUR;MWh;NO;NO;1;-36;-36;-36;-1;DOWN
2025-06-23T12:00;2025-06-23T12:15;49;EUR;MWh;NO;NO;;-30;-30;-30;-1;DOWN
2025-06-23T12:15;2025-06-23T12:30;50;EUR;MWh;NO;NO;;-45;-45;-45;-1;DOWN
2025-06-23T12:30;2025-06-23T12:45;51;EUR;MWh;NO;NO;;-55;-55;-55;-1;DOWN
2025-06-23T12:45;2025-06-23T13:00;52;EUR;MWh;NO;NO;;-60;-60;-60;-1;DOWN
2025-06-23T13:00;2025-06-23T13:15;53;EUR;MWh;NO;NO;;-60;-60;-60;-1;DOWN
2025-06-23T13:15;2025-06-23T13:30;54;EUR;MWh;NO;NO;;-27.49;-27.49;-27.49;-1;DOWN
2025-06-23T13:30;2025-06-23T13:45;55;EUR;MWh;NO;NO;;-27.49;-27.49;-27.49;-1;DOWN
2025-06-23T13:45;2025-06-23T14:00;56;EUR;MWh;NO;NO;1;-25;38;-25;2;UP_AND_DOWN
2025-06-23T14:00;2025-06-23T14:15;57;EUR;MWh;NO;NO;1;-30.1;-30.1;-30.1;-1;DOWN
2025-06-23T14:15;2025-06-23T14:30;58;EUR;MWh;NO;NO;81.56;-27.49;81.56;-27.49;2;UP_AND_DOWN
2025-06-23T14:30;2025-06-23T14:45;59;EUR;MWh;NO;NO;93;-60;93;-60;2;UP_AND_DOWN
2025-06-23T14:45;2025-06-23T15:00;60;EUR;MWh;NO;NO;1;-55;38;-55;2;UP_AND_DOWN
2025-06-23T15:00;2025-06-23T15:15;61;EUR;MWh;NO;NO;;-65.1;-65.1;-65.1;-1;DOWN
2025-06-23T15:15;2025-06-23T15:30;62;EUR;MWh;NO;NO;;-45;-45;-45;-1;DOWN
2025-06-23T15:30;2025-06-23T15:45;63;EUR;MWh;NO;NO;;-47.51;-47.51;-47.51;-1;DOWN
2025-06-23T15:45;2025-06-23T16:00;64;EUR;MWh;NO;NO;1;-36;38;-36;2;UP_AND_DOWN
2025-06-23T16:00;2025-06-23T16:15;65;EUR;MWh;NO;NO;1;-45;38;-45;2;UP_AND_DOWN
2025-06-23T16:15;2025-06-23T16:30;66;EUR;MWh;NO;NO;10;-26.98;-26.98;-26.98;-1;DOWN
2025-06-23T16:30;2025-06-23T16:45;67;EUR;MWh;NO;NO;118.9;-45.19;118.9;-45.19;2;UP_AND_DOWN
2025-06-23T16:45;2025-06-23T17:00;68;EUR;MWh;NO;NO;125.8;-75;125.8;-75;2;UP_AND_DOWN
2025-06-23T17:00;2025-06-23T17:15;69;EUR;MWh;NO;NO;384.95;-63.91;384.95;-63.91;2;UP_AND_DOWN
2025-06-23T17:15;2025-06-23T17:30;70;EUR;MWh;NO;NO;282.43;-4.41;282.43;-4.41;2;UP_AND_DOWN
2025-06-23T17:30;2025-06-23T17:45;71;EUR;MWh;NO;NO;192;-60;192;-60;2;UP_AND_DOWN
2025-06-23T17:45;2025-06-23T18:00;72;EUR;MWh;NO;NO;190;-26.88;190;-26.88;2;UP_AND_DOWN
2025-06-23T18:00;2025-06-23T18:15;73;EUR;MWh;NO;NO;166.5;-55;166.5;-55;2;UP_AND_DOWN
2025-06-23T18:15;2025-06-23T18:30;74;EUR;MWh;NO;NO;;-60;-60;-60;-1;DOWN
2025-06-23T18:30;2025-06-23T18:45;75;EUR;MWh;NO;NO;;-30;-30;-30;-1;DOWN
2025-06-23T18:45;2025-06-23T19:00;76;EUR;MWh;NO;NO;70;-18.83;-18.83;-18.83;-1;DOWN
2025-06-23T19:00;2025-06-23T19:15;77;EUR;MWh;NO;NO;81.46;-60;81.46;-60;2;UP_AND_DOWN
2025-06-23T19:15;2025-06-23T19:30;78;EUR;MWh;NO;NO;68.56;-49;78.01;-49;2;UP_AND_DOWN
2025-06-23T19:30;2025-06-23T19:45;79;EUR;MWh;NO;NO;148;-49;148;-49;2;UP_AND_DOWN
2025-06-23T19:45;2025-06-23T20:00;80;EUR;MWh;NO;NO;123.6;9.57;123.6;9.57;2;UP_AND_DOWN
2025-06-23T20:00;2025-06-23T20:15;81;EUR;MWh;NO;NO;96.9;-27.49;96.9;-27.49;2;UP_AND_DOWN
2025-06-23T20:15;2025-06-23T20:30;82;EUR;MWh;NO;NO;96.8;;96.8;96.8;1;UP
2025-06-23T20:30;2025-06-23T20:45;83;EUR;MWh;NO;NO;98;;98;98;1;UP
2025-06-23T20:45;2025-06-23T21:00;84;EUR;MWh;NO;NO;123.8;;123.8;123.8;1;UP
2025-06-23T21:00;2025-06-23T21:15;85;EUR;MWh;NO;NO;81.56;-30;81.56;-30;2;UP_AND_DOWN
2025-06-23T21:15;2025-06-23T21:30;86;EUR;MWh;NO;NO;97.44;10;97.44;10;2;UP_AND_DOWN
2025-06-23T21:30;2025-06-23T21:45;87;EUR;MWh;NO;NO;78.46;90.2;78.46;72.1;2;UP_AND_DOWN
2025-06-23T21:45;2025-06-23T22:00;88;EUR;MWh;NO;NO;81.56;79.66;81.56;81.56;1;UP
2025-06-23T22:00;2025-06-23T22:15;89;EUR;MWh;NO;NO;68.56;37.23;79.38;37.23;2;UP_AND_DOWN
2025-06-23T22:15;2025-06-23T22:30;90;EUR;MWh;NO;NO;81.56;79.66;81.56;78.06;2;UP_AND_DOWN
2025-06-23T22:30;2025-06-23T22:45;91;EUR;MWh;NO;NO;118.9;56;118.9;56;2;UP_AND_DOWN
2025-06-23T22:45;2025-06-23T23:00;92;EUR;MWh;NO;NO;116.9;77.56;116.9;74.23;2;UP_AND_DOWN
2025-06-23T23:00;2025-06-23T23:15;93;EUR;MWh;NO;NO;133.9;77.56;133.9;133.9;1;UP
2025-06-23T23:15;2025-06-23T23:30;94;EUR;MWh;NO;NO;123.2;;123.2;123.2;1;UP
2025-06-23T23:30;2025-06-23T23:45;95;EUR;MWh;NO;NO;122.7;;122.7;122.7;1;UP
2025-06-23T23:45;2025-06-24T00:00;96;EUR;MWh;NO;NO;223;;223;223;1;UP
2025-06-24T00:00;2025-06-24T00:15;1;EUR;MWh;NO;NO;223;58;58;58;-1;DOWN
2025-06-24T00:15;2025-06-24T00:30;2;EUR;MWh;NO;NO;126.7;30;126.7;30;2;UP_AND_DOWN
2025-06-24T00:30;2025-06-24T00:45;3;EUR;MWh;NO;NO;97.59;;97.59;97.59;1;UP
2025-06-24T00:45;2025-06-24T01:00;4;EUR;MWh;NO;NO;92.59;;92.59;92.59;1;UP
2025-06-24T01:00;2025-06-24T01:15;5;EUR;MWh;NO;NO;97.49;;97.49;97.49;1;UP
2025-06-24T01:15;2025-06-24T01:30;6;EUR;MWh;NO;NO;61.56;57;69.37;57;2;UP_AND_DOWN
2025-06-24T01:30;2025-06-24T01:45;7;EUR;MWh;NO;NO;107.59;77.18;107.59;69.37;2;UP_AND_DOWN
2025-06-24T01:45;2025-06-24T02:00;8;EUR;MWh;NO;NO;93.18;57;57;57;-1;DOWN
2025-06-24T02:00;2025-06-24T02:15;9;EUR;MWh;NO;NO;;70.18;70.18;70.18;-1;DOWN
2025-06-24T02:15;2025-06-24T02:30;10;EUR;MWh;NO;NO;;10;10;10;-1;DOWN
2025-06-24T02:30;2025-06-24T02:45;11;EUR;MWh;NO;NO;;57;57;57;-1;DOWN
2025-06-24T02:45;2025-06-24T03:00;12;EUR;MWh;NO;NO;;10;10;10;-1;DOWN
2025-06-24T03:00;2025-06-24T03:15;13;EUR;MWh;NO;NO;;-60;-60;-60;-1;DOWN
2025-06-24T03:15;2025-06-24T03:30;14;EUR;MWh;NO;NO;92.59;9.57;92.59;9.57;2;UP_AND_DOWN
2025-06-24T03:30;2025-06-24T03:45;15;EUR;MWh;NO;NO;;-40.45;-40.45;-40.45;-1;DOWN
2025-06-24T03:45;2025-06-24T04:00;16;EUR;MWh;NO;NO;97.59;9.57;97.59;9.57;2;UP_AND_DOWN
2025-06-24T04:00;2025-06-24T04:15;17;EUR;MWh;NO;NO;66.4;;66.4;0;2;UP_AND_DOWN
2025-06-24T04:15;2025-06-24T04:30;18;EUR;MWh;NO;NO;88.56;;88.56;88.56;1;UP
2025-06-24T04:30;2025-06-24T04:45;19;EUR;MWh;NO;NO;117.69;17;117.69;17;2;UP_AND_DOWN
2025-06-24T04:45;2025-06-24T05:00;20;EUR;MWh;NO;NO;122.48;;122.48;122.48;1;UP
2025-06-24T05:00;2025-06-24T05:15;21;EUR;MWh;NO;NO;89.59;11;89.59;89.59;1;UP
2025-06-24T05:15;2025-06-24T05:30;22;EUR;MWh;NO;NO;107.59;;107.59;107.59;1;UP
2025-06-24T05:30;2025-06-24T05:45;23;EUR;MWh;NO;NO;68.56;9.57;68.56;9.57;2;UP_AND_DOWN
2025-06-24T05:45;2025-06-24T06:00;24;EUR;MWh;NO;NO;;-14.8;-14.8;-14.8;-1;DOWN
2025-06-24T06:00;2025-06-24T06:15;25;EUR;MWh;NO;NO;54;10;10;10;-1;DOWN
2025-06-24T06:15;2025-06-24T06:30;26;EUR;MWh;NO;NO;68;2;2;2;-1;DOWN
2025-06-24T06:30;2025-06-24T06:45;27;EUR;MWh;NO;NO;68.56;38;38;38;-1;DOWN
2025-06-24T06:45;2025-06-24T07:00;28;EUR;MWh;NO;NO;61.56;9.57;61.56;9.57;2;UP_AND_DOWN
2025-06-24T07:00;2025-06-24T07:15;29;EUR;MWh;NO;NO;146;32.01;146;32.01;2;UP_AND_DOWN
2025-06-24T07:15;2025-06-24T07:30;30;EUR;MWh;NO;NO;157.59;;157.59;157.59;1;UP
2025-06-24T07:30;2025-06-24T07:45;31;EUR;MWh;NO;NO;146;;146;146;1;UP
2025-06-24T07:45;2025-06-24T08:00;32;EUR;MWh;NO;NO;125.2;;125.2;125.2;1;UP
2025-06-24T08:00;2025-06-24T08:15;33;EUR;MWh;NO;NO;207.51;;207.51;207.51;1;UP
2025-06-24T08:15;2025-06-24T08:30;34;EUR;MWh;NO;NO;90;-3.3;90;-3.3;2;UP_AND_DOWN
2025-06-24T08:30;2025-06-24T08:45;35;EUR;MWh;NO;NO;;-29.6;-29.6;-29.6;-1;DOWN
2025-06-24T08:45;2025-06-24T09:00;36;EUR;MWh;NO;NO;;-30;-30;-30;-1;DOWN
2025-06-24T09:00;2025-06-24T09:15;37;EUR;MWh;NO;NO;;-14.14;-14.14;-14.14;-1;DOWN
2025-06-24T09:15;2025-06-24T09:30;38;EUR;MWh;NO;NO;;-47.34;-47.34;-47.34;-1;DOWN
2025-06-24T09:30;2025-06-24T09:45;39;EUR;MWh;NO;NO;;-95;-95;-95;-1;DOWN
2025-06-24T09:45;2025-06-24T10:00;40;EUR;MWh;NO;NO;;-95;-95;-95;-1;DOWN
2025-06-24T10:00;2025-06-24T10:15;41;EUR;MWh;NO;NO;;-70;-70;-70;-1;DOWN
2025-06-24T10:15;2025-06-24T10:30;42;EUR;MWh;NO;NO;;-49.8;-49.8;-49.8;-1;DOWN
2025-06-24T10:30;2025-06-24T10:45;43;EUR;MWh;NO;NO;;-78;-78;-78;-1;DOWN
2025-06-24T10:45;2025-06-24T11:00;44;EUR;MWh;NO;NO;;-80.8;-80.8;-80.8;-1;DOWN
2025-06-24T11:00;2025-06-24T11:15;45;EUR;MWh;NO;NO;;-50;-50;-50;-1;DOWN
2025-06-24T11:15;2025-06-24T11:30;46;EUR;MWh;NO;NO;;-60;-60;-60;-1;DOWN
2025-06-24T11:30;2025-06-24T11:45;47;EUR;MWh;NO;NO;;-55;-55;-55;-1;DOWN
2025-06-24T11:45;2025-06-24T12:00;48;EUR;MWh;NO;NO;88.56;-29;88.56;-29;2;UP_AND_DOWN
2025-06-24T12:00;2025-06-24T12:15;49;EUR;MWh;NO;NO;88.56;-55;-55;-55;-1;DOWN
2025-06-24T12:15;2025-06-24T12:30;50;EUR;MWh;NO;NO;;-55;-55;-55;-1;DOWN
2025-06-24T12:30;2025-06-24T12:45;51;EUR;MWh;NO;NO;;-27.49;-27.49;-27.49;-1;DOWN
2025-06-24T12:45;2025-06-24T13:00;52;EUR;MWh;NO;NO;;-3.15;-3.15;-3.15;-1;DOWN
2025-06-24T13:00;2025-06-24T13:15;53;EUR;MWh;NO;NO;100.13;-3.15;100.13;-3.15;2;UP_AND_DOWN
2025-06-24T13:15;2025-06-24T13:30;54;EUR;MWh;NO;NO;108.46;39.79;108.46;20.4;2;UP_AND_DOWN
2025-06-24T13:30;2025-06-24T13:45;55;EUR;MWh;NO;NO;88.56;14.9;88.56;14.9;2;UP_AND_DOWN
2025-06-24T13:45;2025-06-24T14:00;56;EUR;MWh;NO;NO;118;;118;118;1;UP
2025-06-24T14:00;2025-06-24T14:15;57;EUR;MWh;NO;NO;80;31.33;80;80;1;UP
2025-06-24T14:15;2025-06-24T14:30;58;EUR;MWh;NO;NO;55;31.26;55;16.13;2;UP_AND_DOWN
2025-06-24T14:30;2025-06-24T14:45;59;EUR;MWh;NO;NO;118;10;118;10;2;UP_AND_DOWN
2025-06-24T14:45;2025-06-24T15:00;60;EUR;MWh;NO;NO;98;10;98;98;1;UP
2025-06-24T15:00;2025-06-24T15:15;61;EUR;MWh;NO;NO;58;39.89;58;20.45;2;UP_AND_DOWN
2025-06-24T15:15;2025-06-24T15:30;62;EUR;MWh;NO;NO;54;10;54;10;2;UP_AND_DOWN
2025-06-24T15:30;2025-06-24T15:45;63;EUR;MWh;NO;NO;1;-3.15;20.45;-3.15;2;UP_AND_DOWN
2025-06-24T15:45;2025-06-24T16:00;64;EUR;MWh;NO;NO;;-3.15;-3.15;-3.15;-1;DOWN
2025-06-24T16:00;2025-06-24T16:15;65;EUR;MWh;NO;NO;60;-3.15;60;-3.15;2;UP_AND_DOWN
2025-06-24T16:15;2025-06-24T16:30;66;EUR;MWh;NO;NO;;-13.52;-13.52;-13.52;-1;DOWN
2025-06-24T16:30;2025-06-24T16:45;67;EUR;MWh;NO;NO;51;-19.86;51;-19.86;2;UP_AND_DOWN
2025-06-24T16:45;2025-06-24T17:00;68;EUR;MWh;NO;NO;60;56.43;60;33.22;2;UP_AND_DOWN
2025-06-24T17:00;2025-06-24T17:15;69;EUR;MWh;NO;NO;50;-14.14;50;-14.14;2;UP_AND_DOWN
2025-06-24T17:15;2025-06-24T17:30;70;EUR;MWh;NO;NO;;-49.69;-49.69;-49.69;-1;DOWN
2025-06-24T17:30;2025-06-24T17:45;71;EUR;MWh;NO;NO;;-49.79;-49.79;-49.79;-1;DOWN
2025-06-24T17:45;2025-06-24T18:00;72;EUR;MWh;NO;NO;;-30;-30;-30;-1;DOWN
2025-06-24T18:00;2025-06-24T18:15;73;EUR;MWh;NO;NO;;-45;-45;-45;-1;DOWN
2025-06-24T18:15;2025-06-24T18:30;74;EUR;MWh;NO;NO;;-55;-55;-55;-1;DOWN
2025-06-24T18:30;2025-06-24T18:45;75;EUR;MWh;NO;NO;;-100.1;-100.1;-100.1;-1;DOWN
2025-06-24T18:45;2025-06-24T19:00;76;EUR;MWh;NO;NO;;-29.9;-29.9;-29.9;-1;DOWN
2025-06-24T19:00;2025-06-24T19:15;77;EUR;MWh;NO;NO;;-60.1;-60.1;-60.1;-1;DOWN
2025-06-24T19:15;2025-06-24T19:30;78;EUR;MWh;NO;NO;;6.5;6.5;6.5;-1;DOWN
2025-06-24T19:30;2025-06-24T19:45;79;EUR;MWh;NO;NO;114.46;9.56;114.46;9.56;2;UP_AND_DOWN
2025-06-24T19:45;2025-06-24T20:00;80;EUR;MWh;NO;NO;125.3;;125.3;125.3;1;UP
2025-06-24T20:00;2025-06-24T20:15;81;EUR;MWh;NO;NO;100;64.56;100;64.56;2;UP_AND_DOWN
2025-06-24T20:15;2025-06-24T20:30;82;EUR;MWh;NO;NO;154.4;;154.4;154.4;1;UP
2025-06-24T20:30;2025-06-24T20:45;83;EUR;MWh;NO;NO;150;;150;150;1;UP
2025-06-24T20:45;2025-06-24T21:00;84;EUR;MWh;NO;NO;165.8;;165.8;165.8;1;UP
2025-06-24T21:00;2025-06-24T21:15;85;EUR;MWh;NO;NO;100;64.56;100;64.56;2;UP_AND_DOWN
2025-06-24T21:15;2025-06-24T21:30;86;EUR;MWh;NO;NO;123;64.56;123;123;1;UP
2025-06-24T21:30;2025-06-24T21:45;87;EUR;MWh;NO;NO;134.5;;134.5;134.5;1;UP
2025-06-24T21:45;2025-06-24T22:00;88;EUR;MWh;NO;NO;125;74.98;125;125;1;UP
2025-06-24T22:00;2025-06-24T22:15;89;EUR;MWh;NO;NO;125;22.4;22.4;22.4;-1;DOWN
2025-06-24T22:15;2025-06-24T22:30;90;EUR;MWh;NO;NO;100;74;100;65.89;2;UP_AND_DOWN
2025-06-24T22:30;2025-06-24T22:45;91;EUR;MWh;NO;NO;100;69;100;65.89;2;UP_AND_DOWN
2025-06-24T22:45;2025-06-24T23:00;92;EUR;MWh;NO;NO;;67;67;67;-1;DOWN
2025-06-24T23:00;2025-06-24T23:15;93;EUR;MWh;NO;NO;124.8;74.56;124.8;65.89;2;UP_AND_DOWN
2025-06-24T23:15;2025-06-24T23:30;94;EUR;MWh;NO;NO;150;;150;150;1;UP
2025-06-24T23:30;2025-06-24T23:45;95;EUR;MWh;NO;NO;124.8;;124.8;124.8;1;UP
2025-06-24T23:45;2025-06-25T00:00;96;EUR;MWh;NO;NO;106.77;;106.77;106.77;1;UP
2025-06-25T00:00;2025-06-25T00:15;1;EUR;MWh;NO;NO;110.2;73.81;110.2;73.17;2;UP_AND_DOWN
2025-06-25T00:15;2025-06-25T00:30;2;EUR;MWh;NO;NO;133.4;;133.4;133.4;1;UP
2025-06-25T00:30;2025-06-25T00:45;3;EUR;MWh;NO;NO;88.75;;88.75;88.75;1;UP
2025-06-25T00:45;2025-06-25T01:00;4;EUR;MWh;NO;NO;123.8;;123.8;123.8;1;UP
2025-06-25T01:00;2025-06-25T01:15;5;EUR;MWh;NO;NO;145;;145;145;1;UP
2025-06-25T01:15;2025-06-25T01:30;6;EUR;MWh;NO;NO;133.3;;133.3;133.3;1;UP
2025-06-25T01:30;2025-06-25T01:45;7;EUR;MWh;NO;NO;83.24;;83.24;83.24;1;UP
2025-06-25T01:45;2025-06-25T02:00;8;EUR;MWh;NO;NO;;73.97;73.17;73.17;0;STABLE
2025-06-25T02:00;2025-06-25T02:15;9;EUR;MWh;NO;NO;133.3;73.97;133.3;133.3;1;UP
2025-06-25T02:15;2025-06-25T02:30;10;EUR;MWh;NO;NO;123.7;;123.7;123.7;1;UP
2025-06-25T02:30;2025-06-25T02:45;11;EUR;MWh;NO;NO;71.56;67;73.84;67;2;UP_AND_DOWN
2025-06-25T02:45;2025-06-25T03:00;12;EUR;MWh;NO;NO;110.7;65;110.7;65;2;UP_AND_DOWN
2025-06-25T03:00;2025-06-25T03:15;13;EUR;MWh;NO;NO;110.7;56.76;56.76;56.76;-1;DOWN
2025-06-25T03:15;2025-06-25T03:30;14;EUR;MWh;NO;NO;;-8.07;-8.07;-8.07;-1;DOWN
2025-06-25T03:30;2025-06-25T03:45;15;EUR;MWh;NO;NO;83.36;71.76;83.36;71.76;2;UP_AND_DOWN
2025-06-25T03:45;2025-06-25T04:00;16;EUR;MWh;NO;NO;;10;10;10;-1;DOWN
2025-06-25T04:00;2025-06-25T04:15;17;EUR;MWh;NO;NO;;-22.04;-22.04;-22.04;-1;DOWN
2025-06-25T04:15;2025-06-25T04:30;18;EUR;MWh;NO;NO;;-30;-30;-30;-1;DOWN
2025-06-25T04:30;2025-06-25T04:45;19;EUR;MWh;NO;NO;;54;54;54;-1;DOWN
2025-06-25T04:45;2025-06-25T05:00;20;EUR;MWh;NO;NO;;30.87;30.87;30.87;-1;DOWN
2025-06-25T05:00;2025-06-25T05:15;21;EUR;MWh;NO;NO;;-17.12;-17.12;-17.12;-1;DOWN
2025-06-25T05:15;2025-06-25T05:30;22;EUR;MWh;NO;NO;;15.57;15.57;15.57;-1;DOWN
2025-06-25T05:30;2025-06-25T05:45;23;EUR;MWh;NO;NO;;30.87;30.87;30.87;-1;DOWN
2025-06-25T05:45;2025-06-25T06:00;24;EUR;MWh;NO;NO;87;71.86;71.86;71.86;-1;DOWN
2025-06-25T06:00;2025-06-25T06:15;25;EUR;MWh;NO;NO;;20;20;20;-1;DOWN
2025-06-25T06:15;2025-06-25T06:30;26;EUR;MWh;NO;NO;;51.76;51.76;51.76;-1;DOWN
2025-06-25T06:30;2025-06-25T06:45;27;EUR;MWh;NO;NO;;52.98;52.98;52.98;-1;DOWN
2025-06-25T06:45;2025-06-25T07:00;28;EUR;MWh;NO;NO;;74.08;74.08;74.08;-1;DOWN
2025-06-25T07:00;2025-06-25T07:15;29;EUR;MWh;NO;NO;;63.92;63.92;63.92;-1;DOWN
2025-06-25T07:15;2025-06-25T07:30;30;EUR;MWh;NO;NO;;74;74;74;-1;DOWN
2025-06-25T07:30;2025-06-25T07:45;31;EUR;MWh;NO;NO;;35;35;35;-1;DOWN
2025-06-25T07:45;2025-06-25T08:00;32;EUR;MWh;NO;NO;;54;54;54;-1;DOWN
2025-06-25T08:00;2025-06-25T08:15;33;EUR;MWh;NO;NO;;55;55;55;-1;DOWN
2025-06-25T08:15;2025-06-25T08:30;34;EUR;MWh;NO;NO;76;39.98;81.77;39.98;2;UP_AND_DOWN
2025-06-25T08:30;2025-06-25T08:45;35;EUR;MWh;NO;NO;;20.98;20.98;20.98;-1;DOWN
2025-06-25T08:45;2025-06-25T09:00;36;EUR;MWh;NO;NO;;20;20;20;-1;DOWN
2025-06-25T09:00;2025-06-25T09:15;37;EUR;MWh;NO;NO;108.9;69.98;108.9;69.98;2;UP_AND_DOWN
2025-06-25T09:15;2025-06-25T09:30;38;EUR;MWh;NO;NO;155;;155;155;1;UP
2025-06-25T09:30;2025-06-25T09:45;39;EUR;MWh;NO;NO;134.5;;134.5;134.5;1;UP
2025-06-25T09:45;2025-06-25T10:00;40;EUR;MWh;NO;NO;100;;100;100;1;UP
2025-06-25T10:00;2025-06-25T10:15;41;EUR;MWh;NO;NO;155;;155;155;1;UP
2025-06-25T10:15;2025-06-25T10:30;42;EUR;MWh;NO;NO;150;48;150;48;2;UP_AND_DOWN
2025-06-25T10:30;2025-06-25T10:45;43;EUR;MWh;NO;NO;;47.9;47.9;47.9;-1;DOWN
2025-06-25T10:45;2025-06-25T11:00;44;EUR;MWh;NO;NO;;61;61;61;-1;DOWN
2025-06-25T11:00;2025-06-25T11:15;45;EUR;MWh;NO;NO;150;67;150;67;2;UP_AND_DOWN
2025-06-25T11:15;2025-06-25T11:30;46;EUR;MWh;NO;NO;123;66;123;123;1;UP
2025-06-25T11:30;2025-06-25T11:45;47;EUR;MWh;NO;NO;131.28;65;131.28;131.28;1;UP
2025-06-25T11:45;2025-06-25T12:00;48;EUR;MWh;NO;NO;163.4;;163.4;163.4;1;UP
2025-06-25T12:00;2025-06-25T12:15;49;EUR;MWh;NO;NO;99.9;-30;99.9;-30;2;UP_AND_DOWN
2025-06-25T12:15;2025-06-25T12:30;50;EUR;MWh;NO;NO;;10;10;10;-1;DOWN
2025-06-25T12:30;2025-06-25T12:45;51;EUR;MWh;NO;NO;100;-50;100;-50;2;UP_AND_DOWN
2025-06-25T12:45;2025-06-25T13:00;52;EUR;MWh;NO;NO;83.56;-52.98;83.56;-52.98;2;UP_AND_DOWN
2025-06-25T13:00;2025-06-25T13:15;53;EUR;MWh;NO;NO;100;-54.67;100;-54.67;2;UP_AND_DOWN
2025-06-25T13:15;2025-06-25T13:30;54;EUR;MWh;NO;NO;100;20;100;100;1;UP
2025-06-25T13:30;2025-06-25T13:45;55;EUR;MWh;NO;NO;71.56;20;71.56;71.56;1;UP
2025-06-25T13:45;2025-06-25T14:00;56;EUR;MWh;NO;NO;71.56;-57.8;71.56;-57.8;2;UP_AND_DOWN
2025-06-25T14:00;2025-06-25T14:15;57;EUR;MWh;NO;NO;122.3;-57.8;122.3;122.3;1;UP
2025-06-25T14:15;2025-06-25T14:30;58;EUR;MWh;NO;NO;144;;144;144;1;UP
2025-06-25T14:30;2025-06-25T14:45;59;EUR;MWh;NO;NO;107.3;;107.3;107.3;1;UP
2025-06-25T14:45;2025-06-25T15:00;60;EUR;MWh;NO;NO;155;;155;155;1;UP
2025-06-25T15:00;2025-06-25T15:15;61;EUR;MWh;NO;NO;107.3;;107.3;107.3;1;UP
2025-06-25T15:15;2025-06-25T15:30;62;EUR;MWh;NO;NO;107.3;10;10;10;-1;DOWN
2025-06-25T15:30;2025-06-25T15:45;63;EUR;MWh;NO;NO;;-69.9;-69.9;-69.9;-1;DOWN
2025-06-25T15:45;2025-06-25T16:00;64;EUR;MWh;NO;NO;;20;20;20;-1;DOWN
2025-06-25T16:00;2025-06-25T16:15;65;EUR;MWh;NO;NO;;-100;-100;-100;-1;DOWN
2025-06-25T16:15;2025-06-25T16:30;66;EUR;MWh;NO;NO;;-60;-60;-60;-1;DOWN
2025-06-25T16:30;2025-06-25T16:45;67;EUR;MWh;NO;NO;101.28;10;101.28;10;2;UP_AND_DOWN
2025-06-25T16:45;2025-06-25T17:00;68;EUR;MWh;NO;NO;107.3;66.45;107.3;66.45;2;UP_AND_DOWN
2025-06-25T17:00;2025-06-25T17:15;69;EUR;MWh;NO;NO;1662;-1310.43;1662;-1310.43;2;UP_AND_DOWN
2025-06-25T17:15;2025-06-25T17:30;70;EUR;MWh;NO;NO;155;;155;155;1;UP
2025-06-25T17:30;2025-06-25T17:45;71;EUR;MWh;NO;NO;99.5;-29.9;99.5;-29.9;2;UP_AND_DOWN
2025-06-25T17:45;2025-06-25T18:00;72;EUR;MWh;NO;NO;100;61.54;100;61.54;2;UP_AND_DOWN
2025-06-25T18:00;2025-06-25T18:15;73;EUR;MWh;NO;NO;121.2;;121.2;121.2;1;UP
2025-06-25T18:15;2025-06-25T18:30;74;EUR;MWh;NO;NO;162.6;;162.6;162.6;1;UP
2025-06-25T18:30;2025-06-25T18:45;75;EUR;MWh;NO;NO;162.6;26.44;162.6;26.44;2;UP_AND_DOWN
2025-06-25T18:45;2025-06-25T19:00;76;EUR;MWh;NO;NO;156.28;73.28;73.28;73.28;-1;DOWN
2025-06-25T19:00;2025-06-25T19:15;77;EUR;MWh;NO;NO;100;82.75;100;76.49;2;UP_AND_DOWN
2025-06-25T19:15;2025-06-25T19:30;78;EUR;MWh;NO;NO;162.6;81.08;162.6;74.49;2;UP_AND_DOWN
2025-06-25T19:30;2025-06-25T19:45;79;EUR;MWh;NO;NO;303.15;;303.15;303.15;1;UP
2025-06-25T19:45;2025-06-25T20:00;80;EUR;MWh;NO;NO;310.89;;310.89;310.89;1;UP
2025-06-25T20:00;2025-06-25T20:15;81;EUR;MWh;NO;NO;231.28;;231.28;231.28;1;UP
2025-06-25T20:15;2025-06-25T20:30;82;EUR;MWh;NO;NO;300;;300;300;1;UP
2025-06-25T20:30;2025-06-25T20:45;83;EUR;MWh;NO;NO;296.35;;296.35;296.35;1;UP
2025-06-25T20:45;2025-06-25T21:00;84;EUR;MWh;NO;NO;299.36;;299.36;299.36;1;UP
2025-06-25T21:00;2025-06-25T21:15;85;EUR;MWh;NO;NO;625;;625;625;1;UP
2025-06-25T21:15;2025-06-25T21:30;86;EUR;MWh;NO;NO;300;;300;300;1;UP
2025-06-25T21:30;2025-06-25T21:45;87;EUR;MWh;NO;NO;290;;290;290;1;UP
2025-06-25T21:45;2025-06-25T22:00;88;EUR;MWh;NO;NO;197.4;;197.4;197.4;1;UP
2025-06-25T22:00;2025-06-25T22:15;89;EUR;MWh;NO;NO;181.28;;181.28;181.28;1;UP
2025-06-25T22:15;2025-06-25T22:30;90;EUR;MWh;NO;NO;232.78;;232.78;232.78;1;UP
2025-06-25T22:30;2025-06-25T22:45;91;EUR;MWh;NO;NO;231.28;;231.28;231.28;1;UP
2025-06-25T22:45;2025-06-25T23:00;92;EUR;MWh;NO;NO;123.1;99;123.1;123.1;1;UP
2025-06-25T23:00;2025-06-25T23:15;93;EUR;MWh;NO;NO;128.4;;128.4;128.4;1;UP
2025-06-25T23:15;2025-06-25T23:30;94;EUR;MWh;NO;NO;146.22;;146.22;146.22;1;UP
2025-06-25T23:30;2025-06-25T23:45;95;EUR;MWh;NO;NO;68.56;74.53;81.77;74.53;2;UP_AND_DOWN
2025-06-25T23:45;2025-06-26T00:00;96;EUR;MWh;NO;NO;;51.44;51.44;51.44;-1;DOWN
2025-06-26T00:00;2025-06-26T00:15;1;EUR;MWh;NO;NO;160;30;160;30;2;UP_AND_DOWN
2025-06-26T00:15;2025-06-26T00:30;2;EUR;MWh;NO;NO;160;;160;160;1;UP
2025-06-26T00:30;2025-06-26T00:45;3;EUR;MWh;NO;NO;100.74;;100.74;100.74;1;UP
2025-06-26T00:45;2025-06-26T01:00;4;EUR;MWh;NO;NO;113.5;108;113.5;113.5;1;UP
2025-06-26T01:00;2025-06-26T01:15;5;EUR;MWh;NO;NO;113.6;;113.6;113.6;1;UP
2025-06-26T01:15;2025-06-26T01:30;6;EUR;MWh;NO;NO;;108;108;108;-1;DOWN
2025-06-26T01:30;2025-06-26T01:45;7;EUR;MWh;NO;NO;113.6;108;113.6;59;2;UP_AND_DOWN
2025-06-26T01:45;2025-06-26T02:00;8;EUR;MWh;NO;NO;;68.46;68.46;68.46;-1;DOWN
2025-06-26T02:00;2025-06-26T02:15;9;EUR;MWh;NO;NO;113.7;81.98;113.7;59;2;UP_AND_DOWN
2025-06-26T02:15;2025-06-26T02:30;10;EUR;MWh;NO;NO;160;;160;160;1;UP
2025-06-26T02:30;2025-06-26T02:45;11;EUR;MWh;NO;NO;140;;140;140;1;UP
2025-06-26T02:45;2025-06-26T03:00;12;EUR;MWh;NO;NO;160;;160;160;1;UP
2025-06-26T03:00;2025-06-26T03:15;13;EUR;MWh;NO;NO;139;;139;139;1;UP
2025-06-26T03:15;2025-06-26T03:30;14;EUR;MWh;NO;NO;160;;160;160;1;UP
2025-06-26T03:30;2025-06-26T03:45;15;EUR;MWh;NO;NO;1925;;1925;1925;1;UP
2025-06-26T03:45;2025-06-26T04:00;16;EUR;MWh;NO;NO;196;;196;196;1;UP
2025-06-26T04:00;2025-06-26T04:15;17;EUR;MWh;NO;NO;100.74;;100.74;100.74;1;UP
2025-06-26T04:15;2025-06-26T04:30;18;EUR;MWh;NO;NO;134.9;;134.9;134.9;1;UP
2025-06-26T04:30;2025-06-26T04:45;19;EUR;MWh;NO;NO;138.7;;138.7;138.7;1;UP
2025-06-26T04:45;2025-06-26T05:00;20;EUR;MWh;NO;NO;130.98;106;130.98;130.98;1;UP
2025-06-26T05:00;2025-06-26T05:15;21;EUR;MWh;NO;NO;123.3;106;123.3;58;2;UP_AND_DOWN
2025-06-26T05:15;2025-06-26T05:30;22;EUR;MWh;NO;NO;123.3;;123.3;123.3;1;UP
2025-06-26T05:30;2025-06-26T05:45;23;EUR;MWh;NO;NO;10;;10;10;1;UP
2025-06-26T05:45;2025-06-26T06:00;24;EUR;MWh;NO;NO;;97.98;97.98;97.98;-1;DOWN
2025-06-26T06:00;2025-06-26T06:15;25;EUR;MWh;NO;NO;;73.18;73.18;73.18;-1;DOWN
2025-06-26T06:15;2025-06-26T06:30;26;EUR;MWh;NO;NO;;106;106;106;-1;DOWN
2025-06-26T06:30;2025-06-26T06:45;27;EUR;MWh;NO;NO;;105;105;105;-1;DOWN
2025-06-26T06:45;2025-06-26T07:00;28;EUR;MWh;NO;NO;;96.98;96.98;96.98;-1;DOWN
2025-06-26T07:00;2025-06-26T07:15;29;EUR;MWh;NO;NO;134.72;99;134.72;134.72;1;UP
2025-06-26T07:15;2025-06-26T07:30;30;EUR;MWh;NO;NO;95.98;;95.98;95.98;1;UP
2025-06-26T07:30;2025-06-26T07:45;31;EUR;MWh;NO;NO;88.98;;88.98;88.98;1;UP
2025-06-26T07:45;2025-06-26T08:00;32;EUR;MWh;NO;NO;123.6;96;123.6;123.6;1;UP
2025-06-26T08:00;2025-06-26T08:15;33;EUR;MWh;NO;NO;111.78;;111.78;111.78;1;UP
2025-06-26T08:15;2025-06-26T08:30;34;EUR;MWh;NO;NO;75.03;;75.03;75.03;1;UP
2025-06-26T08:30;2025-06-26T08:45;35;EUR;MWh;NO;NO;10;96;10;10;1;UP
2025-06-26T08:45;2025-06-26T09:00;36;EUR;MWh;NO;NO;10;21;21;21;-1;DOWN
2025-06-26T09:00;2025-06-26T09:15;37;EUR;MWh;NO;NO;;-898;-898;-898;-1;DOWN
2025-06-26T09:15;2025-06-26T09:30;38;EUR;MWh;NO;NO;112.3;20.7;112.3;20.7;2;UP_AND_DOWN
2025-06-26T09:30;2025-06-26T09:45;39;EUR;MWh;NO;NO;150;35;150;35;2;UP_AND_DOWN
2025-06-26T09:45;2025-06-26T10:00;40;EUR;MWh;NO;NO;100.74;-58;100.74;-58;2;UP_AND_DOWN
2025-06-26T10:00;2025-06-26T10:15;41;EUR;MWh;NO;NO;114;-60;114;114;1;UP
2025-06-26T10:15;2025-06-26T10:30;42;EUR;MWh;NO;NO;140;;140;140;1;UP
2025-06-26T10:30;2025-06-26T10:45;43;EUR;MWh;NO;NO;124.7;;124.7;124.7;1;UP
2025-06-26T10:45;2025-06-26T11:00;44;EUR;MWh;NO;NO;100.64;;100.64;100.64;1;UP
2025-06-26T11:00;2025-06-26T11:15;45;EUR;MWh;NO;NO;124.6;75.28;124.6;44.89;2;UP_AND_DOWN
2025-06-26T11:15;2025-06-26T11:30;46;EUR;MWh;NO;NO;;15.57;15.57;15.57;-1;DOWN
2025-06-26T11:30;2025-06-26T11:45;47;EUR;MWh;NO;NO;65.77;-14.14;-14.14;-14.14;-1;DOWN
2025-06-26T11:45;2025-06-26T12:00;48;EUR;MWh;NO;NO;;10;10;10;-1;DOWN
2025-06-26T12:00;2025-06-26T12:15;49;EUR;MWh;NO;NO;82.03;-36.26;82.03;-36.26;2;UP_AND_DOWN
2025-06-26T12:15;2025-06-26T12:30;50;EUR;MWh;NO;NO;;-60;-60;-60;-1;DOWN
2025-06-26T12:30;2025-06-26T12:45;51;EUR;MWh;NO;NO;;-27.39;-27.39;-27.39;-1;DOWN
2025-06-26T12:45;2025-06-26T13:00;52;EUR;MWh;NO;NO;;-30;-30;-30;-1;DOWN
2025-06-26T13:00;2025-06-26T13:15;53;EUR;MWh;NO;NO;;-29.9;-29.9;-29.9;-1;DOWN
2025-06-26T13:15;2025-06-26T13:30;54;EUR;MWh;NO;NO;;10;10;10;-1;DOWN
2025-06-26T13:30;2025-06-26T13:45;55;EUR;MWh;NO;NO;10;10;10;10;-1;DOWN
2025-06-26T13:45;2025-06-26T14:00;56;EUR;MWh;NO;NO;1925;10;1925;10;2;UP_AND_DOWN
2025-06-26T14:00;2025-06-26T14:15;57;EUR;MWh;NO;NO;130.98;-13.19;-13.19;-13.19;-1;DOWN
2025-06-26T14:15;2025-06-26T14:30;58;EUR;MWh;NO;NO;97;-18.93;97;-18.93;2;UP_AND_DOWN
2025-06-26T14:30;2025-06-26T14:45;59;EUR;MWh;NO;NO;97;-35.5;-35.5;-35.5;-1;DOWN
2025-06-26T14:45;2025-06-26T15:00;60;EUR;MWh;NO;NO;65.77;-14.98;-14.98;-14.98;-1;DOWN
2025-06-26T15:00;2025-06-26T15:15;61;EUR;MWh;NO;NO;82.03;10;82.03;10;2;UP_AND_DOWN
2025-06-26T15:15;2025-06-26T15:30;62;EUR;MWh;NO;NO;82.03;15.57;82.03;82.03;1;UP
2025-06-26T15:30;2025-06-26T15:45;63;EUR;MWh;NO;NO;139;;139;139;1;UP
2025-06-26T15:45;2025-06-26T16:00;64;EUR;MWh;NO;NO;139;;139;139;1;UP
2025-06-26T16:00;2025-06-26T16:15;65;EUR;MWh;NO;NO;125;;125;125;1;UP
2025-06-26T16:15;2025-06-26T16:30;66;EUR;MWh;NO;NO;102;;102;102;1;UP
2025-06-26T16:30;2025-06-26T16:45;67;EUR;MWh;NO;NO;100;;100;100;1;UP
2025-06-26T16:45;2025-06-26T17:00;68;EUR;MWh;NO;NO;102;42;102;30;2;UP_AND_DOWN
2025-06-26T17:00;2025-06-26T17:15;69;EUR;MWh;NO;NO;125.1;-3.15;125.1;-3.15;2;UP_AND_DOWN
2025-06-26T17:15;2025-06-26T17:30;70;EUR;MWh;NO;NO;125.1;50;125.1;125.1;1;UP
2025-06-26T17:30;2025-06-26T17:45;71;EUR;MWh;NO;NO;150.7;;150.7;150.7;1;UP
2025-06-26T17:45;2025-06-26T18:00;72;EUR;MWh;NO;NO;160;;160;160;1;UP
2025-06-26T18:00;2025-06-26T18:15;73;EUR;MWh;NO;NO;138.54;98.98;138.54;138.54;1;UP
2025-06-26T18:15;2025-06-26T18:30;74;EUR;MWh;NO;NO;140;;140;140;1;UP
2025-06-26T18:30;2025-06-26T18:45;75;EUR;MWh;NO;NO;160;;160;160;1;UP
2025-06-26T18:45;2025-06-26T19:00;76;EUR;MWh;NO;NO;136;;136;136;1;UP
2025-06-26T19:00;2025-06-26T19:15;77;EUR;MWh;NO;NO;151.5;;151.5;151.5;1;UP
2025-06-26T19:15;2025-06-26T19:30;78;EUR;MWh;NO;NO;124.3;7.78;124.3;7.78;2;UP_AND_DOWN
2025-06-26T19:30;2025-06-26T19:45;79;EUR;MWh;NO;NO;;6.4;6.4;6.4;-1;DOWN
2025-06-26T19:45;2025-06-26T20:00;80;EUR;MWh;NO;NO;;52.78;52.78;52.78;-1;DOWN
2025-06-26T20:00;2025-06-26T20:15;81;EUR;MWh;NO;NO;47;57.78;57.78;57.78;-1;DOWN
2025-06-26T20:15;2025-06-26T20:30;82;EUR;MWh;NO;NO;82.03;62.88;82.03;54.49;2;UP_AND_DOWN
2025-06-26T20:30;2025-06-26T20:45;83;EUR;MWh;NO;NO;82.53;72.98;82.53;54.49;2;UP_AND_DOWN
2025-06-26T20:45;2025-06-26T21:00;84;EUR;MWh;NO;NO;;60;60;60;-1;DOWN
2025-06-26T21:00;2025-06-26T21:15;85;EUR;MWh;NO;NO;;60;60;60;-1;DOWN
2025-06-26T21:15;2025-06-26T21:30;86;EUR;MWh;NO;NO;100.74;60;100.74;54.49;2;UP_AND_DOWN
2025-06-26T21:30;2025-06-26T21:45;87;EUR;MWh;NO;NO;100.74;60;100.74;54.49;2;UP_AND_DOWN
2025-06-26T21:45;2025-06-26T22:00;88;EUR;MWh;NO;NO;152.3;;152.3;152.3;1;UP
2025-06-26T22:00;2025-06-26T22:15;89;EUR;MWh;NO;NO;125.98;;125.98;125.98;1;UP
2025-06-26T22:15;2025-06-26T22:30;90;EUR;MWh;NO;NO;152.4;;152.4;152.4;1;UP
2025-06-26T22:30;2025-06-26T22:45;91;EUR;MWh;NO;NO;1925;;1925;1925;1;UP
2025-06-26T22:45;2025-06-26T23:00;92;EUR;MWh;NO;NO;300;;300;300;1;UP
2025-06-26T23:00;2025-06-26T23:15;93;EUR;MWh;NO;NO;160;;160;160;1;UP
2025-06-26T23:15;2025-06-26T23:30;94;EUR;MWh;NO;NO;139;;139;139;1;UP
2025-06-26T23:30;2025-06-26T23:45;95;EUR;MWh;NO;NO;152.6;;152.6;152.6;1;UP
2025-06-26T23:45;2025-06-27T00:00;96;EUR;MWh;NO;NO;139;;139;139;1;UP
2025-06-27T00:00;2025-06-27T00:15;1;EUR;MWh;NO;NO;139;-27.49;-27.49;-27.49;-1;DOWN
2025-06-27T00:15;2025-06-27T00:30;2;EUR;MWh;NO;NO;10;78.2;78.2;78.2;-1;DOWN
2025-06-27T00:30;2025-06-27T00:45;3;EUR;MWh;NO;NO;10;106;106;106;-1;DOWN
2025-06-27T00:45;2025-06-27T01:00;4;EUR;MWh;NO;NO;115.9;104;115.9;57;2;UP_AND_DOWN
2025-06-27T01:00;2025-06-27T01:15;5;EUR;MWh;NO;NO;78.56;101;78.56;55.5;2;UP_AND_DOWN
2025-06-27T01:15;2025-06-27T01:30;6;EUR;MWh;NO;NO;116.3;101;116.3;55.5;2;UP_AND_DOWN
2025-06-27T01:30;2025-06-27T01:45;7;EUR;MWh;NO;NO;88.56;;88.56;88.56;1;UP
2025-06-27T01:45;2025-06-27T02:00;8;EUR;MWh;NO;NO;88.56;;88.56;88.56;1;UP
2025-06-27T02:00;2025-06-27T02:15;9;EUR;MWh;NO;NO;10;58.08;58.08;58.08;-1;DOWN
2025-06-27T02:15;2025-06-27T02:30;10;EUR;MWh;NO;NO;;65.34;65.34;65.34;-1;DOWN
2025-06-27T02:30;2025-06-27T02:45;11;EUR;MWh;NO;NO;;66.38;66.38;66.38;-1;DOWN
2025-06-27T02:45;2025-06-27T03:00;12;EUR;MWh;NO;NO;;55;55;55;-1;DOWN
2025-06-27T03:00;2025-06-27T03:15;13;EUR;MWh;NO;NO;;49.98;49.98;49.98;-1;DOWN
2025-06-27T03:15;2025-06-27T03:30;14;EUR;MWh;NO;NO;58.56;55.34;58.56;46;2;UP_AND_DOWN
2025-06-27T03:30;2025-06-27T03:45;15;EUR;MWh;NO;NO;58.56;56.88;58.56;44.21;2;UP_AND_DOWN
2025-06-27T03:45;2025-06-27T04:00;16;EUR;MWh;NO;NO;;62.48;62.48;62.48;-1;DOWN
2025-06-27T04:00;2025-06-27T04:15;17;EUR;MWh;NO;NO;;55;55;55;-1;DOWN
2025-06-27T04:15;2025-06-27T04:30;18;EUR;MWh;NO;NO;58.56;66.9;58.56;44.31;2;UP_AND_DOWN
2025-06-27T04:30;2025-06-27T04:45;19;EUR;MWh;NO;NO;;50.34;50.34;50.34;-1;DOWN
2025-06-27T04:45;2025-06-27T05:00;20;EUR;MWh;NO;NO;;5.34;5.34;5.34;-1;DOWN
2025-06-27T05:00;2025-06-27T05:15;21;EUR;MWh;NO;NO;91;56.48;91;43.26;2;UP_AND_DOWN
2025-06-27T05:15;2025-06-27T05:30;22;EUR;MWh;NO;NO;10;67.1;67.1;67.1;-1;DOWN
2025-06-27T05:30;2025-06-27T05:45;23;EUR;MWh;NO;NO;68.56;55;68.56;40.17;2;UP_AND_DOWN
2025-06-27T05:45;2025-06-27T06:00;24;EUR;MWh;NO;NO;;-30;-30;-30;-1;DOWN
2025-06-27T06:00;2025-06-27T06:15;25;EUR;MWh;NO;NO;;10;10;10;-1;DOWN
2025-06-27T06:15;2025-06-27T06:30;26;EUR;MWh;NO;NO;;55;55;55;-1;DOWN
2025-06-27T06:30;2025-06-27T06:45;27;EUR;MWh;NO;NO;10;60.34;40.2;40.2;2;UP_AND_DOWN
2025-06-27T06:45;2025-06-27T07:00;28;EUR;MWh;NO;NO;91;;91;91;1;UP
2025-06-27T07:00;2025-06-27T07:15;29;EUR;MWh;NO;NO;91;;91;91;1;UP
2025-06-27T07:15;2025-06-27T07:30;30;EUR;MWh;NO;NO;149.8;;149.8;149.8;1;UP
2025-06-27T07:30;2025-06-27T07:45;31;EUR;MWh;NO;NO;129.1;;129.1;129.1;1;UP
2025-06-27T07:45;2025-06-27T08:00;32;EUR;MWh;NO;NO;97;;97;97;1;UP
2025-06-27T08:00;2025-06-27T08:15;33;EUR;MWh;NO;NO;96.8;;96.8;96.8;1;UP
2025-06-27T08:15;2025-06-27T08:30;34;EUR;MWh;NO;NO;116.2;;116.2;116.2;1;UP
2025-06-27T08:30;2025-06-27T08:45;35;EUR;MWh;NO;NO;116.3;66.9;116.3;44.31;2;UP_AND_DOWN
2025-06-27T08:45;2025-06-27T09:00;36;EUR;MWh;NO;NO;;53;53;53;-1;DOWN
2025-06-27T09:00;2025-06-27T09:15;37;EUR;MWh;NO;NO;;50;50;50;-1;DOWN
2025-06-27T09:15;2025-06-27T09:30;38;EUR;MWh;NO;NO;;68.94;68.94;68.94;-1;DOWN
2025-06-27T09:30;2025-06-27T09:45;39;EUR;MWh;NO;NO;10;36.2;36.2;36.2;-1;DOWN
2025-06-27T09:45;2025-06-27T10:00;40;EUR;MWh;NO;NO;;32;32;32;-1;DOWN
2025-06-27T10:00;2025-06-27T10:15;41;EUR;MWh;NO;NO;65;-30;65;-30;2;UP_AND_DOWN
2025-06-27T10:15;2025-06-27T10:30;42;EUR;MWh;NO;NO;;-52.69;-52.69;-52.69;-1;DOWN
2025-06-27T10:30;2025-06-27T10:45;43;EUR;MWh;NO;NO;;-95.2;-95.2;-95.2;-1;DOWN
2025-06-27T10:45;2025-06-27T11:00;44;EUR;MWh;NO;NO;139;-60;139;-60;2;UP_AND_DOWN
2025-06-27T11:00;2025-06-27T11:15;45;EUR;MWh;NO;NO;126.9;33;126.9;33;2;UP_AND_DOWN
2025-06-27T11:15;2025-06-27T11:30;46;EUR;MWh;NO;NO;98;;98;98;1;UP
2025-06-27T11:30;2025-06-27T11:45;47;EUR;MWh;NO;NO;107.41;;107.41;107.41;1;UP
2025-06-27T11:45;2025-06-27T12:00;48;EUR;MWh;NO;NO;116.2;;116.2;116.2;1;UP
2025-06-27T12:00;2025-06-27T12:15;49;EUR;MWh;YES;;2117.5;;2117.5;2117.5;1;UP
2025-06-27T12:15;2025-06-27T12:30;50;EUR;MWh;YES;;2117.5;;2117.5;2117.5;1;UP
2025-06-27T12:30;2025-06-27T12:45;51;EUR;MWh;NO;NO;85.13;;85.13;85.13;1;UP
2025-06-27T12:45;2025-06-27T13:00;52;EUR;MWh;NO;NO;10;36;44.31;36;2;UP_AND_DOWN
2025-06-27T13:00;2025-06-27T13:15;53;EUR;MWh;NO;NO;116.1;36;116.1;116.1;1;UP
2025-06-27T13:15;2025-06-27T13:30;54;EUR;MWh;NO;NO;116.1;78.51;116.1;44.31;2;UP_AND_DOWN
2025-06-27T13:30;2025-06-27T13:45;55;EUR;MWh;NO;NO;65;57;65;33.5;2;UP_AND_DOWN
2025-06-27T13:45;2025-06-27T14:00;56;EUR;MWh;NO;NO;78.56;49.99;78.56;33.5;2;UP_AND_DOWN
2025-06-27T14:00;2025-06-27T14:15;57;EUR;MWh;NO;NO;68.56;-14.33;68.56;-14.33;2;UP_AND_DOWN
2025-06-27T14:15;2025-06-27T14:30;58;EUR;MWh;NO;NO;65;-31.92;-31.92;-31.92;-1;DOWN
2025-06-27T14:30;2025-06-27T14:45;59;EUR;MWh;NO;NO;10;-13.19;-13.19;-13.19;-1;DOWN
2025-06-27T14:45;2025-06-27T15:00;60;EUR;MWh;NO;NO;116.2;-30;116.2;-30;2;UP_AND_DOWN
2025-06-27T15:00;2025-06-27T15:15;61;EUR;MWh;NO;NO;;-34.91;-34.91;-34.91;-1;DOWN
2025-06-27T15:15;2025-06-27T15:30;62;EUR;MWh;NO;NO;10;-11;-11;-11;-1;DOWN
2025-06-27T15:30;2025-06-27T15:45;63;EUR;MWh;NO;NO;57;10;57;10;2;UP_AND_DOWN
2025-06-27T15:45;2025-06-27T16:00;64;EUR;MWh;NO;NO;57;-30;57;-30;2;UP_AND_DOWN
2025-06-27T16:00;2025-06-27T16:15;65;EUR;MWh;NO;NO;57;10;57;10;2;UP_AND_DOWN
2025-06-27T16:15;2025-06-27T16:30;66;EUR;MWh;NO;NO;;-31.92;-31.92;-31.92;-1;DOWN
2025-06-27T16:30;2025-06-27T16:45;67;EUR;MWh;NO;NO;;-49;-49;-49;-1;DOWN
2025-06-27T16:45;2025-06-27T17:00;68;EUR;MWh;NO;NO;;-55;-55;-55;-1;DOWN
2025-06-27T17:00;2025-06-27T17:15;69;EUR;MWh;NO;NO;100;-87.87;100;-87.87;2;UP_AND_DOWN
2025-06-27T17:15;2025-06-27T17:30;70;EUR;MWh;NO;NO;66;70.44;66;44.31;2;UP_AND_DOWN
2025-06-27T17:30;2025-06-27T17:45;71;EUR;MWh;NO;NO;57;55.44;57;44.21;2;UP_AND_DOWN
2025-06-27T17:45;2025-06-27T18:00;72;EUR;MWh;NO;NO;10;15.67;15.67;15.67;-1;DOWN
2025-06-27T18:00;2025-06-27T18:15;73;EUR;MWh;NO;NO;10;33.24;33.24;33.24;-1;DOWN
2025-06-27T18:15;2025-06-27T18:30;74;EUR;MWh;NO;NO;57;10;57;10;2;UP_AND_DOWN
2025-06-27T18:30;2025-06-27T18:45;75;EUR;MWh;NO;NO;96.9;10;96.9;96.9;1;UP
2025-06-27T18:45;2025-06-27T19:00;76;EUR;MWh;NO;NO;95.03;27.44;95.03;27.44;2;UP_AND_DOWN
2025-06-27T19:00;2025-06-27T19:15;77;EUR;MWh;NO;NO;95.03;15.34;15.34;15.34;-1;DOWN
2025-06-27T19:15;2025-06-27T19:30;78;EUR;MWh;NO;NO;;13.5;13.5;13.5;-1;DOWN
2025-06-27T19:30;2025-06-27T19:45;79;EUR;MWh;NO;NO;;42.88;42.88;42.88;-1;DOWN
2025-06-27T19:45;2025-06-27T20:00;80;EUR;MWh;NO;NO;9;67;49;49;2;UP_AND_DOWN
2025-06-27T20:00;2025-06-27T20:15;81;EUR;MWh;NO;NO;;-30;-30;-30;-1;DOWN
2025-06-27T20:15;2025-06-27T20:30;82;EUR;MWh;NO;NO;9;54.4;43.67;43.67;2;UP_AND_DOWN
2025-06-27T20:30;2025-06-27T20:45;83;EUR;MWh;NO;NO;42;70.18;42;41.99;2;UP_AND_DOWN
2025-06-27T20:45;2025-06-27T21:00;84;EUR;MWh;NO;NO;9;;9;9;1;UP
2025-06-27T21:00;2025-06-27T21:15;85;EUR;MWh;NO;NO;9;;9;9;1;UP
2025-06-27T21:15;2025-06-27T21:30;86;EUR;MWh;NO;NO;78.56;;78.56;78.56;1;UP
2025-06-27T21:30;2025-06-27T21:45;87;EUR;MWh;NO;NO;120.13;;120.13;120.13;1;UP
2025-06-27T21:45;2025-06-27T22:00;88;EUR;MWh;NO;NO;105.13;73.11;105.13;49;2;UP_AND_DOWN
2025-06-27T22:00;2025-06-27T22:15;89;EUR;MWh;NO;NO;153.3;69;153.3;49;2;UP_AND_DOWN
2025-06-27T22:15;2025-06-27T22:30;90;EUR;MWh;NO;NO;85.13;70.34;85.13;49;2;UP_AND_DOWN
2025-06-27T22:30;2025-06-27T22:45;91;EUR;MWh;NO;NO;85.13;66.06;85.13;49;2;UP_AND_DOWN
2025-06-27T22:45;2025-06-27T23:00;92;EUR;MWh;NO;NO;;36.2;36.2;36.2;-1;DOWN
2025-06-27T23:00;2025-06-27T23:15;93;EUR;MWh;NO;NO;9;50.34;49;49;2;UP_AND_DOWN
2025-06-27T23:15;2025-06-27T23:30;94;EUR;MWh;NO;NO;9;59;49;49;2;UP_AND_DOWN
2025-06-27T23:30;2025-06-27T23:45;95;EUR;MWh;NO;NO;;59;59;59;-1;DOWN
2025-06-27T23:45;2025-06-28T00:00;96;EUR;MWh;NO;NO;;68.89;68.89;68.89;-1;DOWN
2025-06-28T00:00;2025-06-28T00:15;1;EUR;MWh;NO;NO;112;77.46;112;43.23;2;UP_AND_DOWN
2025-06-28T00:15;2025-06-28T00:30;2;EUR;MWh;NO;NO;93.54;49;93.54;43.2;2;UP_AND_DOWN
2025-06-28T00:30;2025-06-28T00:45;3;EUR;MWh;NO;NO;9;53.06;43.29;43.29;2;UP_AND_DOWN
2025-06-28T00:45;2025-06-28T01:00;4;EUR;MWh;NO;NO;9;;43;43;0;STABLE
2025-06-28T01:00;2025-06-28T01:15;5;EUR;MWh;NO;NO;94.02;76;94.02;94.02;1;UP
2025-06-28T01:15;2025-06-28T01:30;6;EUR;MWh;NO;NO;93.34;;93.34;93.34;1;UP
2025-06-28T01:30;2025-06-28T01:45;7;EUR;MWh;NO;NO;88.39;61.16;88.39;58.9;2;UP_AND_DOWN
2025-06-28T01:45;2025-06-28T02:00;8;EUR;MWh;NO;NO;40;59.16;58.5;58.5;2;UP_AND_DOWN
2025-06-28T02:00;2025-06-28T02:15;9;EUR;MWh;NO;NO;93.21;;93.21;93.21;1;UP
2025-06-28T02:15;2025-06-28T02:30;10;EUR;MWh;NO;NO;88.96;44;88.96;44;2;UP_AND_DOWN
2025-06-28T02:30;2025-06-28T02:45;11;EUR;MWh;NO;NO;40;11.1;11.1;11.1;-1;DOWN
2025-06-28T02:45;2025-06-28T03:00;12;EUR;MWh;NO;NO;;77.42;77.42;77.42;-1;DOWN
2025-06-28T03:00;2025-06-28T03:15;13;EUR;MWh;NO;NO;95.06;49;95.06;49;2;UP_AND_DOWN
2025-06-28T03:15;2025-06-28T03:30;14;EUR;MWh;NO;NO;89.06;;89.06;89.06;1;UP
2025-06-28T03:30;2025-06-28T03:45;15;EUR;MWh;NO;NO;90;10;90;10;2;UP_AND_DOWN
2025-06-28T03:45;2025-06-28T04:00;16;EUR;MWh;NO;NO;50;48;63.5;48;2;UP_AND_DOWN
2025-06-28T04:00;2025-06-28T04:15;17;EUR;MWh;NO;NO;50;-2.16;63.5;-2.16;2;UP_AND_DOWN
2025-06-28T04:15;2025-06-28T04:30;18;EUR;MWh;NO;NO;50;48;63.5;48;2;UP_AND_DOWN
2025-06-28T04:30;2025-06-28T04:45;19;EUR;MWh;NO;NO;50;48;50;50;1;UP
2025-06-28T04:45;2025-06-28T05:00;20;EUR;MWh;NO;NO;50;46;63.5;46;2;UP_AND_DOWN
2025-06-28T05:00;2025-06-28T05:15;21;EUR;MWh;NO;NO;97;;97;97;1;UP
2025-06-28T05:15;2025-06-28T05:30;22;EUR;MWh;NO;NO;78.56;;78.56;78.56;1;UP
2025-06-28T05:30;2025-06-28T05:45;23;EUR;MWh;NO;NO;89.06;;89.06;89.06;1;UP
2025-06-28T05:45;2025-06-28T06:00;24;EUR;MWh;NO;NO;88.86;;88.86;88.86;1;UP
2025-06-28T06:00;2025-06-28T06:15;25;EUR;MWh;NO;NO;111.7;;111.7;111.7;1;UP
2025-06-28T06:15;2025-06-28T06:30;26;EUR;MWh;NO;NO;111.8;;111.8;111.8;1;UP
2025-06-28T06:30;2025-06-28T06:45;27;EUR;MWh;NO;NO;111.8;46;111.8;111.8;1;UP
2025-06-28T06:45;2025-06-28T07:00;28;EUR;MWh;NO;NO;;-17.59;-17.59;-17.59;-1;DOWN
2025-06-28T07:00;2025-06-28T07:15;29;EUR;MWh;NO;NO;93.11;-9.36;93.11;-9.36;2;UP_AND_DOWN
2025-06-28T07:15;2025-06-28T07:30;30;EUR;MWh;NO;NO;93.85;-27.09;93.85;-27.09;2;UP_AND_DOWN
2025-06-28T07:30;2025-06-28T07:45;31;EUR;MWh;NO;NO;;-27.5;-27.5;-27.5;-1;DOWN
2025-06-28T07:45;2025-06-28T08:00;32;EUR;MWh;NO;NO;;-30;-30;-30;-1;DOWN
2025-06-28T08:00;2025-06-28T08:15;33;EUR;MWh;NO;NO;;-70;-70;-70;-1;DOWN
2025-06-28T08:15;2025-06-28T08:30;34;EUR;MWh;NO;NO;;-60;-60;-60;-1;DOWN
2025-06-28T08:30;2025-06-28T08:45;35;EUR;MWh;NO;NO;;-55;-55;-55;-1;DOWN
2025-06-28T08:45;2025-06-28T09:00;36;EUR;MWh;NO;NO;;-56.2;-56.2;-56.2;-1;DOWN
2025-06-28T09:00;2025-06-28T09:15;37;EUR;MWh;NO;NO;;-81;-81;-81;-1;DOWN
2025-06-28T09:15;2025-06-28T09:30;38;EUR;MWh;NO;NO;;-78.25;-78.25;-78.25;-1;DOWN
2025-06-28T09:30;2025-06-28T09:45;39;EUR;MWh;NO;NO;;-70;-70;-70;-1;DOWN
2025-06-28T09:45;2025-06-28T10:00;40;EUR;MWh;NO;NO;;-49;-49;-49;-1;DOWN
2025-06-28T10:00;2025-06-28T10:15;41;EUR;MWh;NO;NO;;-36;-36;-36;-1;DOWN
2025-06-28T10:15;2025-06-28T10:30;42;EUR;MWh;NO;NO;;-39;-39;-39;-1;DOWN
2025-06-28T10:30;2025-06-28T10:45;43;EUR;MWh;NO;NO;;-32.89;-32.89;-32.89;-1;DOWN
2025-06-28T10:45;2025-06-28T11:00;44;EUR;MWh;NO;NO;;-85;-85;-85;-1;DOWN
2025-06-28T11:00;2025-06-28T11:15;45;EUR;MWh;NO;NO;;-75;-75;-75;-1;DOWN
2025-06-28T11:15;2025-06-28T11:30;46;EUR;MWh;NO;NO;74.88;10;74.88;10;2;UP_AND_DOWN
2025-06-28T11:30;2025-06-28T11:45;47;EUR;MWh;NO;NO;31;-30;33;-30;2;UP_AND_DOWN
2025-06-28T11:45;2025-06-28T12:00;48;EUR;MWh;NO;NO;78.85;-29.57;78.85;-29.57;2;UP_AND_DOWN
2025-06-28T12:00;2025-06-28T12:15;49;EUR;MWh;NO;NO;78.85;-18.5;78.85;-18.5;2;UP_AND_DOWN
2025-06-28T12:15;2025-06-28T12:30;50;EUR;MWh;NO;NO;2;10.1;33.5;10.1;2;UP_AND_DOWN
2025-06-28T12:30;2025-06-28T12:45;51;EUR;MWh;NO;NO;32;-18.5;33;-18.5;2;UP_AND_DOWN
2025-06-28T12:45;2025-06-28T13:00;52;EUR;MWh;NO;NO;33;-68.09;33.5;-68.09;2;UP_AND_DOWN
2025-06-28T13:00;2025-06-28T13:15;53;EUR;MWh;NO;NO;2;-51.69;-51.69;-51.69;-1;DOWN
2025-06-28T13:15;2025-06-28T13:30;54;EUR;MWh;NO;NO;30;-30;-30;-30;-1;DOWN
2025-06-28T13:30;2025-06-28T13:45;55;EUR;MWh;NO;NO;;-19.53;-19.53;-19.53;-1;DOWN
2025-06-28T13:45;2025-06-28T14:00;56;EUR;MWh;NO;NO;;-18.5;-18.5;-18.5;-1;DOWN
2025-06-28T14:00;2025-06-28T14:15;57;EUR;MWh;NO;NO;30;46.75;33.5;33.5;2;UP_AND_DOWN
2025-06-28T14:15;2025-06-28T14:30;58;EUR;MWh;NO;NO;2;-30;33.5;-30;2;UP_AND_DOWN
2025-06-28T14:30;2025-06-28T14:45;59;EUR;MWh;NO;NO;30;-30;33;-30;2;UP_AND_DOWN
2025-06-28T14:45;2025-06-28T15:00;60;EUR;MWh;NO;NO;30;-30;33;-30;2;UP_AND_DOWN
2025-06-28T15:00;2025-06-28T15:15;61;EUR;MWh;NO;NO;31;-27.07;33.5;-27.07;2;UP_AND_DOWN
2025-06-28T15:15;2025-06-28T15:30;62;EUR;MWh;NO;NO;2;10;10;10;-1;DOWN
2025-06-28T15:30;2025-06-28T15:45;63;EUR;MWh;NO;NO;31;-18.5;33;-18.5;2;UP_AND_DOWN
2025-06-28T15:45;2025-06-28T16:00;64;EUR;MWh;NO;NO;2;10;33.5;10;2;UP_AND_DOWN
2025-06-28T16:00;2025-06-28T16:15;65;EUR;MWh;NO;NO;83.85;;83.85;83.85;1;UP
2025-06-28T16:15;2025-06-28T16:30;66;EUR;MWh;NO;NO;31;-35.9;33;-35.9;2;UP_AND_DOWN
2025-06-28T16:30;2025-06-28T16:45;67;EUR;MWh;NO;NO;37;-18.5;37;-18.5;2;UP_AND_DOWN
2025-06-28T16:45;2025-06-28T17:00;68;EUR;MWh;NO;NO;78.56;-14;78.56;-14;2;UP_AND_DOWN
2025-06-28T17:00;2025-06-28T17:15;69;EUR;MWh;NO;NO;58.56;-60;58.56;-60;2;UP_AND_DOWN
2025-06-28T17:15;2025-06-28T17:30;70;EUR;MWh;NO;NO;;-85;-85;-85;-1;DOWN
2025-06-28T17:30;2025-06-28T17:45;71;EUR;MWh;NO;NO;;-75;-75;-75;-1;DOWN
2025-06-28T17:45;2025-06-28T18:00;72;EUR;MWh;NO;NO;;-59.15;-59.15;-59.15;-1;DOWN
2025-06-28T18:00;2025-06-28T18:15;73;EUR;MWh;NO;NO;;-78.31;-78.31;-78.31;-1;DOWN
2025-06-28T18:15;2025-06-28T18:30;74;EUR;MWh;NO;NO;;-36;-36;-36;-1;DOWN
2025-06-28T18:30;2025-06-28T18:45;75;EUR;MWh;NO;NO;;-18.83;-18.83;-18.83;-1;DOWN
2025-06-28T18:45;2025-06-28T19:00;76;EUR;MWh;NO;NO;;-15.83;-15.83;-15.83;-1;DOWN
2025-06-28T19:00;2025-06-28T19:15;77;EUR;MWh;NO;NO;37;3.1;57;3.1;2;UP_AND_DOWN
2025-06-28T19:15;2025-06-28T19:30;78;EUR;MWh;NO;NO;112;3.1;112;112;1;UP
2025-06-28T19:30;2025-06-28T19:45;79;EUR;MWh;NO;NO;145.2;;145.2;145.2;1;UP
2025-06-28T19:45;2025-06-28T20:00;80;EUR;MWh;NO;NO;143.1;;143.1;143.1;1;UP
2025-06-28T20:00;2025-06-28T20:15;81;EUR;MWh;NO;NO;87.65;-6.28;87.65;-6.28;2;UP_AND_DOWN
2025-06-28T20:15;2025-06-28T20:30;82;EUR;MWh;NO;NO;;72.82;72.82;72.82;-1;DOWN
2025-06-28T20:30;2025-06-28T20:45;83;EUR;MWh;NO;NO;94;77.79;94;94;1;UP
2025-06-28T20:45;2025-06-28T21:00;84;EUR;MWh;NO;NO;111.7;68.82;111.7;61.24;2;UP_AND_DOWN
2025-06-28T21:00;2025-06-28T21:15;85;EUR;MWh;NO;NO;111.7;25.1;25.1;25.1;-1;DOWN
2025-06-28T21:15;2025-06-28T21:30;86;EUR;MWh;NO;NO;;69.82;69.82;69.82;-1;DOWN
2025-06-28T21:30;2025-06-28T21:45;87;EUR;MWh;NO;NO;63;68.92;68.92;68.92;-1;DOWN
2025-06-28T21:45;2025-06-28T22:00;88;EUR;MWh;NO;NO;93.91;74.18;93.91;93.91;1;UP
2025-06-28T22:00;2025-06-28T22:15;89;EUR;MWh;NO;NO;121.5;;121.5;121.5;1;UP
2025-06-28T22:15;2025-06-28T22:30;90;EUR;MWh;NO;NO;104.77;;104.77;104.77;1;UP
2025-06-28T22:30;2025-06-28T22:45;91;EUR;MWh;NO;NO;111.7;72.31;111.7;67.78;2;UP_AND_DOWN
2025-06-28T22:45;2025-06-28T23:00;92;EUR;MWh;NO;NO;;63.82;63.82;63.82;-1;DOWN
2025-06-28T23:00;2025-06-28T23:15;93;EUR;MWh;NO;NO;;37.92;37.92;37.92;-1;DOWN
2025-06-28T23:15;2025-06-28T23:30;94;EUR;MWh;NO;NO;;17.95;17.95;17.95;-1;DOWN
2025-06-28T23:30;2025-06-28T23:45;95;EUR;MWh;NO;NO;;23.82;23.82;23.82;-1;DOWN
2025-06-28T23:45;2025-06-29T00:00;96;EUR;MWh;NO;NO;;50;50;50;-1;DOWN
2025-06-29T00:00;2025-06-29T00:15;1;EUR;MWh;NO;NO;111;63.08;111;63.08;2;UP_AND_DOWN
2025-06-29T00:15;2025-06-29T00:30;2;EUR;MWh;NO;NO;;9.57;9.57;9.57;-1;DOWN
2025-06-29T00:30;2025-06-29T00:45;3;EUR;MWh;NO;NO;;5.19;5.19;5.19;-1;DOWN
2025-06-29T00:45;2025-06-29T01:00;4;EUR;MWh;NO;NO;;33.08;33.08;33.08;-1;DOWN
2025-06-29T01:00;2025-06-29T01:15;5;EUR;MWh;NO;NO;110.7;66.18;110.7;66.18;2;UP_AND_DOWN
2025-06-29T01:15;2025-06-29T01:30;6;EUR;MWh;NO;NO;109.32;66.58;109.32;109.32;1;UP
2025-06-29T01:30;2025-06-29T01:45;7;EUR;MWh;NO;NO;68.56;66.18;68.56;66.18;2;UP_AND_DOWN
2025-06-29T01:45;2025-06-29T02:00;8;EUR;MWh;NO;NO;;64.68;64.68;64.68;-1;DOWN
2025-06-29T02:00;2025-06-29T02:15;9;EUR;MWh;NO;NO;;77.4;77.4;77.4;-1;DOWN
2025-06-29T02:15;2025-06-29T02:30;10;EUR;MWh;NO;NO;;72.32;72.32;72.32;-1;DOWN
2025-06-29T02:30;2025-06-29T02:45;11;EUR;MWh;NO;NO;78.56;67.98;67.98;67.98;-1;DOWN
2025-06-29T02:45;2025-06-29T03:00;12;EUR;MWh;NO;NO;;;68.03;68.03;0;STABLE
2025-06-29T03:00;2025-06-29T03:15;13;EUR;MWh;NO;NO;106.62;;106.62;106.62;1;UP
2025-06-29T03:15;2025-06-29T03:30;14;EUR;MWh;NO;NO;88.56;;88.56;88.56;1;UP
2025-06-29T03:30;2025-06-29T03:45;15;EUR;MWh;NO;NO;78.56;77.6;78.56;78.56;1;UP
2025-06-29T03:45;2025-06-29T04:00;16;EUR;MWh;NO;NO;93.21;;93.21;93.21;1;UP
2025-06-29T04:00;2025-06-29T04:15;17;EUR;MWh;NO;NO;121.8;;121.8;121.8;1;UP
2025-06-29T04:15;2025-06-29T04:30;18;EUR;MWh;NO;NO;121.8;;121.8;121.8;1;UP
2025-06-29T04:30;2025-06-29T04:45;19;EUR;MWh;NO;NO;97.9;;97.9;97.9;1;UP
2025-06-29T04:45;2025-06-29T05:00;20;EUR;MWh;NO;NO;100.74;73.1;100.74;68.08;2;UP_AND_DOWN
2025-06-29T05:00;2025-06-29T05:15;21;EUR;MWh;NO;NO;100.74;68.6;68.6;68.6;-1;DOWN
2025-06-29T05:15;2025-06-29T05:30;22;EUR;MWh;NO;NO;;52;52;52;-1;DOWN
2025-06-29T05:30;2025-06-29T05:45;23;EUR;MWh;NO;NO;;66.18;66.18;66.18;-1;DOWN
2025-06-29T05:45;2025-06-29T06:00;24;EUR;MWh;NO;NO;;61;61;61;-1;DOWN
2025-06-29T06:00;2025-06-29T06:15;25;EUR;MWh;NO;NO;;77.38;77.38;77.38;-1;DOWN
2025-06-29T06:15;2025-06-29T06:30;26;EUR;MWh;NO;NO;;58.08;58.08;58.08;-1;DOWN
2025-06-29T06:30;2025-06-29T06:45;27;EUR;MWh;NO;NO;;47;47;47;-1;DOWN
2025-06-29T06:45;2025-06-29T07:00;28;EUR;MWh;NO;NO;;48.08;48.08;48.08;-1;DOWN
2025-06-29T07:00;2025-06-29T07:15;29;EUR;MWh;NO;NO;100.54;53.57;100.54;53.57;2;UP_AND_DOWN
2025-06-29T07:15;2025-06-29T07:30;30;EUR;MWh;NO;NO;78.56;;78.56;78.56;1;UP
2025-06-29T07:30;2025-06-29T07:45;31;EUR;MWh;NO;NO;78.56;;78.56;78.56;1;UP
2025-06-29T07:45;2025-06-29T08:00;32;EUR;MWh;NO;NO;58.56;-49;61.78;-49;2;UP_AND_DOWN
2025-06-29T08:00;2025-06-29T08:15;33;EUR;MWh;NO;NO;68.56;-30;68.56;-30;2;UP_AND_DOWN
2025-06-29T08:15;2025-06-29T08:30;34;EUR;MWh;NO;NO;;-30;-30;-30;-1;DOWN
2025-06-29T08:30;2025-06-29T08:45;35;EUR;MWh;NO;NO;;-44.27;-44.27;-44.27;-1;DOWN
2025-06-29T08:45;2025-06-29T09:00;36;EUR;MWh;NO;NO;;-30;-30;-30;-1;DOWN
2025-06-29T09:00;2025-06-29T09:15;37;EUR;MWh;NO;NO;87;-29;87;-29;2;UP_AND_DOWN
2025-06-29T09:15;2025-06-29T09:30;38;EUR;MWh;NO;NO;87.58;-30;87.58;-30;2;UP_AND_DOWN
2025-06-29T09:30;2025-06-29T09:45;39;EUR;MWh;NO;NO;;-49;-49;-49;-1;DOWN
2025-06-29T09:45;2025-06-29T10:00;40;EUR;MWh;NO;NO;;-30;-30;-30;-1;DOWN
2025-06-29T10:00;2025-06-29T10:15;41;EUR;MWh;NO;NO;58;-37;-37;-37;-1;DOWN
2025-06-29T10:15;2025-06-29T10:30;42;EUR;MWh;NO;NO;;-49;-49;-49;-1;DOWN
2025-06-29T10:30;2025-06-29T10:45;43;EUR;MWh;NO;NO;;-37;-37;-37;-1;DOWN
2025-06-29T10:45;2025-06-29T11:00;44;EUR;MWh;NO;NO;39;-29;49.5;-29;2;UP_AND_DOWN
2025-06-29T11:00;2025-06-29T11:15;45;EUR;MWh;NO;NO;89.06;-898;89.06;-898;2;UP_AND_DOWN
2025-06-29T11:15;2025-06-29T11:30;46;EUR;MWh;NO;NO;68.56;-30;68.56;-30;2;UP_AND_DOWN
2025-06-29T11:30;2025-06-29T11:45;47;EUR;MWh;NO;NO;93.61;-25;93.61;-25;2;UP_AND_DOWN
2025-06-29T11:45;2025-06-29T12:00;48;EUR;MWh;NO;NO;90.45;-100;90.45;-100;2;UP_AND_DOWN
2025-06-29T12:00;2025-06-29T12:15;49;EUR;MWh;NO;NO;30;-75;37.5;-75;2;UP_AND_DOWN
2025-06-29T12:15;2025-06-29T12:30;50;EUR;MWh;NO;NO;2;-17.84;37.5;-17.84;2;UP_AND_DOWN
2025-06-29T12:30;2025-06-29T12:45;51;EUR;MWh;NO;NO;52;-29;52;-29;2;UP_AND_DOWN
2025-06-29T12:45;2025-06-29T13:00;52;EUR;MWh;NO;NO;46;-28.8;-28.8;-28.8;-1;DOWN
2025-06-29T13:00;2025-06-29T13:15;53;EUR;MWh;NO;NO;68.56;-105;68.56;-105;2;UP_AND_DOWN
2025-06-29T13:15;2025-06-29T13:30;54;EUR;MWh;NO;NO;45;-30;45;-30;2;UP_AND_DOWN
2025-06-29T13:30;2025-06-29T13:45;55;EUR;MWh;NO;NO;2;-28.9;37.5;-28.9;2;UP_AND_DOWN
2025-06-29T13:45;2025-06-29T14:00;56;EUR;MWh;NO;NO;2;-30;37.5;-30;2;UP_AND_DOWN
2025-06-29T14:00;2025-06-29T14:15;57;EUR;MWh;NO;NO;1;-60;-60;-60;-1;DOWN
2025-06-29T14:15;2025-06-29T14:30;58;EUR;MWh;NO;NO;2;-30;37.5;-30;2;UP_AND_DOWN
2025-06-29T14:30;2025-06-29T14:45;59;EUR;MWh;NO;NO;3;-60;16;-60;2;UP_AND_DOWN
2025-06-29T14:45;2025-06-29T15:00;60;EUR;MWh;NO;NO;;-70;-70;-70;-1;DOWN
2025-06-29T15:00;2025-06-29T15:15;61;EUR;MWh;NO;NO;;-29;-29;-29;-1;DOWN
2025-06-29T15:15;2025-06-29T15:30;62;EUR;MWh;NO;NO;;-70;-70;-70;-1;DOWN
2025-06-29T15:30;2025-06-29T15:45;63;EUR;MWh;NO;NO;;-30;-30;-30;-1;DOWN
2025-06-29T15:45;2025-06-29T16:00;64;EUR;MWh;NO;NO;;-29;-29;-29;-1;DOWN
2025-06-29T16:00;2025-06-29T16:15;65;EUR;MWh;NO;NO;2;-50;33;-50;2;UP_AND_DOWN
2025-06-29T16:15;2025-06-29T16:30;66;EUR;MWh;NO;NO;;-70;-70;-70;-1;DOWN
2025-06-29T16:30;2025-06-29T16:45;67;EUR;MWh;NO;NO;2;-28.8;-28.8;-28.8;-1;DOWN
2025-06-29T16:45;2025-06-29T17:00;68;EUR;MWh;NO;NO;74.56;-30;74.56;-30;2;UP_AND_DOWN
2025-06-29T17:00;2025-06-29T17:15;69;EUR;MWh;NO;NO;58.56;-1000;58.56;-1000;2;UP_AND_DOWN
2025-06-29T17:15;2025-06-29T17:30;70;EUR;MWh;NO;NO;78.46;-577.85;78.46;-577.85;2;UP_AND_DOWN
2025-06-29T17:30;2025-06-29T17:45;71;EUR;MWh;NO;NO;100.74;10;100.74;100.74;1;UP
2025-06-29T17:45;2025-06-29T18:00;72;EUR;MWh;NO;NO;94.34;-39;94.34;-39;2;UP_AND_DOWN
2025-06-29T18:00;2025-06-29T18:15;73;EUR;MWh;NO;NO;37;64.78;54.04;54.04;0;STABLE
2025-06-29T18:15;2025-06-29T18:30;74;EUR;MWh;NO;NO;150.98;66.38;150.98;150.98;1;UP
2025-06-29T18:30;2025-06-29T18:45;75;EUR;MWh;NO;NO;139;;139;139;1;UP
2025-06-29T18:45;2025-06-29T19:00;76;EUR;MWh;NO;NO;177;50;177;50;2;UP_AND_DOWN
2025-06-29T19:00;2025-06-29T19:15;77;EUR;MWh;NO;NO;78.56;64.68;78.56;57.54;2;UP_AND_DOWN
2025-06-29T19:15;2025-06-29T19:30;78;EUR;MWh;NO;NO;110.9;64.35;110.9;60.5;2;UP_AND_DOWN
2025-06-29T19:30;2025-06-29T19:45;79;EUR;MWh;NO;NO;139;;139;139;1;UP
2025-06-29T19:45;2025-06-29T20:00;80;EUR;MWh;NO;NO;130.7;;130.7;130.7;1;UP
2025-06-29T20:00;2025-06-29T20:15;81;EUR;MWh;NO;NO;78.36;77.31;78.36;78.36;1;UP
2025-06-29T20:15;2025-06-29T20:30;82;EUR;MWh;NO;NO;110.9;77;110.9;110.9;1;UP
2025-06-29T20:30;2025-06-29T20:45;83;EUR;MWh;NO;NO;132.8;;132.8;132.8;1;UP
2025-06-29T20:45;2025-06-29T21:00;84;EUR;MWh;NO;NO;138.9;;138.9;138.9;1;UP
2025-06-29T21:00;2025-06-29T21:15;85;EUR;MWh;NO;NO;120;;120;120;1;UP
2025-06-29T21:15;2025-06-29T21:30;86;EUR;MWh;NO;NO;110.6;;110.6;110.6;1;UP
2025-06-29T21:30;2025-06-29T21:45;87;EUR;MWh;NO;NO;119.8;;119.8;119.8;1;UP
2025-06-29T21:45;2025-06-29T22:00;88;EUR;MWh;NO;NO;119.7;;119.7;119.7;1;UP
2025-06-29T22:00;2025-06-29T22:15;89;EUR;MWh;NO;NO;119;;119;119;1;UP
2025-06-29T22:15;2025-06-29T22:30;90;EUR;MWh;NO;NO;119;;119;119;1;UP
2025-06-29T22:30;2025-06-29T22:45;91;EUR;MWh;NO;NO;145.7;;145.7;145.7;1;UP
2025-06-29T22:45;2025-06-29T23:00;92;EUR;MWh;NO;NO;145.8;77;145.8;145.8;1;UP
2025-06-29T23:00;2025-06-29T23:15;93;EUR;MWh;NO;NO;120.9;;120.9;120.9;1;UP
2025-06-29T23:15;2025-06-29T23:30;94;EUR;MWh;NO;NO;120.9;;120.9;120.9;1;UP
2025-06-29T23:30;2025-06-29T23:45;95;EUR;MWh;NO;NO;119;;119;119;1;UP
2025-06-29T23:45;2025-06-30T00:00;96;EUR;MWh;NO;NO;110.7;;110.7;110.7;1;UP
2025-06-30T00:00;2025-06-30T00:15;1;EUR;MWh;NO;NO;103.55;;103.55;103.55;1;UP
2025-06-30T00:15;2025-06-30T00:30;2;EUR;MWh;NO;NO;97.94;;97.94;97.94;1;UP
2025-06-30T00:30;2025-06-30T00:45;3;EUR;MWh;NO;NO;58.56;72.03;66.77;66.77;0;STABLE
2025-06-30T00:45;2025-06-30T01:00;4;EUR;MWh;NO;NO;;72.13;72.13;72.13;-1;DOWN
2025-06-30T01:00;2025-06-30T01:15;5;EUR;MWh;NO;NO;68.56;77.79;68.56;68.18;2;UP_AND_DOWN
2025-06-30T01:15;2025-06-30T01:30;6;EUR;MWh;NO;NO;;74;74;74;-1;DOWN
2025-06-30T01:30;2025-06-30T01:45;7;EUR;MWh;NO;NO;;70.98;70.98;70.98;-1;DOWN
2025-06-30T01:45;2025-06-30T02:00;8;EUR;MWh;NO;NO;;70.98;70.98;70.98;-1;DOWN
2025-06-30T02:00;2025-06-30T02:15;9;EUR;MWh;NO;NO;123;77.79;123;68.18;2;UP_AND_DOWN
2025-06-30T02:15;2025-06-30T02:30;10;EUR;MWh;NO;NO;133;;133;133;1;UP
2025-06-30T02:30;2025-06-30T02:45;11;EUR;MWh;NO;NO;110.8;;110.8;110.8;1;UP
2025-06-30T02:45;2025-06-30T03:00;12;EUR;MWh;NO;NO;68.56;;68.56;68.56;1;UP
2025-06-30T03:00;2025-06-30T03:15;13;EUR;MWh;NO;NO;123;;123;123;1;UP
2025-06-30T03:15;2025-06-30T03:30;14;EUR;MWh;NO;NO;119.42;;119.42;119.42;1;UP
2025-06-30T03:30;2025-06-30T03:45;15;EUR;MWh;NO;NO;110.7;;110.7;110.7;1;UP
2025-06-30T03:45;2025-06-30T04:00;16;EUR;MWh;NO;NO;110.6;;110.6;110.6;1;UP
2025-06-30T04:00;2025-06-30T04:15;17;EUR;MWh;NO;NO;110.6;74.08;110.6;110.6;1;UP
2025-06-30T04:15;2025-06-30T04:30;18;EUR;MWh;NO;NO;58.56;75.37;66.97;66.97;2;UP_AND_DOWN
2025-06-30T04:30;2025-06-30T04:45;19;EUR;MWh;NO;NO;82.56;75.17;82.56;82.56;1;UP
2025-06-30T04:45;2025-06-30T05:00;20;EUR;MWh;NO;NO;133;;133;133;1;UP
2025-06-30T05:00;2025-06-30T05:15;21;EUR;MWh;NO;NO;123;71.39;123;67.59;2;UP_AND_DOWN
2025-06-30T05:15;2025-06-30T05:30;22;EUR;MWh;NO;NO;102.94;71.39;102.94;102.94;1;UP
2025-06-30T05:30;2025-06-30T05:45;23;EUR;MWh;NO;NO;133;;133;133;1;UP
2025-06-30T05:45;2025-06-30T06:00;24;EUR;MWh;NO;NO;127.94;;127.94;127.94;1;UP
2025-06-30T06:00;2025-06-30T06:15;25;EUR;MWh;NO;NO;133;70.35;133;66.77;2;UP_AND_DOWN
2025-06-30T06:15;2025-06-30T06:30;26;EUR;MWh;NO;NO;133;;133;133;1;UP
2025-06-30T06:30;2025-06-30T06:45;27;EUR;MWh;NO;NO;133;;133;133;1;UP
2025-06-30T06:45;2025-06-30T07:00;28;EUR;MWh;NO;NO;133;;133;133;1;UP
2025-06-30T07:00;2025-06-30T07:15;29;EUR;MWh;NO;NO;139.2;;139.2;139.2;1;UP
2025-06-30T07:15;2025-06-30T07:30;30;EUR;MWh;NO;NO;150;;150;150;1;UP
2025-06-30T07:30;2025-06-30T07:45;31;EUR;MWh;NO;NO;133;;133;133;1;UP
2025-06-30T07:45;2025-06-30T08:00;32;EUR;MWh;NO;NO;133;;133;133;1;UP
2025-06-30T08:00;2025-06-30T08:15;33;EUR;MWh;NO;NO;133;;133;133;1;UP
2025-06-30T08:15;2025-06-30T08:30;34;EUR;MWh;NO;NO;133;50;133;50;2;UP_AND_DOWN
2025-06-30T08:30;2025-06-30T08:45;35;EUR;MWh;NO;NO;110.9;31;110.9;31;2;UP_AND_DOWN
2025-06-30T08:45;2025-06-30T09:00;36;EUR;MWh;NO;NO;102.85;66;102.85;66;2;UP_AND_DOWN
2025-06-30T09:00;2025-06-30T09:15;37;EUR;MWh;NO;NO;108.6;69.32;108.6;66.28;2;UP_AND_DOWN
2025-06-30T09:15;2025-06-30T09:30;38;EUR;MWh;NO;NO;110.6;;110.6;110.6;1;UP
2025-06-30T09:30;2025-06-30T09:45;39;EUR;MWh;NO;NO;110.15;50;110.15;50;2;UP_AND_DOWN
2025-06-30T09:45;2025-06-30T10:00;40;EUR;MWh;NO;NO;58.56;13.88;13.88;13.88;-1;DOWN
2025-06-30T10:00;2025-06-30T10:15;41;EUR;MWh;NO;NO;102.75;80;102.75;69.28;2;UP_AND_DOWN
2025-06-30T10:15;2025-06-30T10:30;42;EUR;MWh;NO;NO;110.8;;110.8;110.8;1;UP
2025-06-30T10:30;2025-06-30T10:45;43;EUR;MWh;NO;NO;68.26;51.57;68.26;51.57;2;UP_AND_DOWN
2025-06-30T10:45;2025-06-30T11:00;44;EUR;MWh;NO;NO;;15.57;15.57;15.57;-1;DOWN
2025-06-30T11:00;2025-06-30T11:15;45;EUR;MWh;NO;NO;;15.57;15.57;15.57;-1;DOWN
2025-06-30T11:15;2025-06-30T11:30;46;EUR;MWh;NO;NO;68.56;70;68.56;59.92;2;UP_AND_DOWN
2025-06-30T11:30;2025-06-30T11:45;47;EUR;MWh;NO;NO;;71;71;71;-1;DOWN
2025-06-30T11:45;2025-06-30T12:00;48;EUR;MWh;NO;NO;;15.57;15.57;15.57;-1;DOWN
2025-06-30T12:00;2025-06-30T12:15;49;EUR;MWh;NO;NO;;-18.5;-18.5;-18.5;-1;DOWN
2025-06-30T12:15;2025-06-30T12:30;50;EUR;MWh;NO;NO;;51.57;51.57;51.57;-1;DOWN
2025-06-30T12:30;2025-06-30T12:45;51;EUR;MWh;NO;NO;;21.6;21.6;21.6;-1;DOWN
2025-06-30T12:45;2025-06-30T13:00;52;EUR;MWh;NO;NO;;15.57;15.57;15.57;-1;DOWN
2025-06-30T13:00;2025-06-30T13:15;53;EUR;MWh;NO;NO;68.56;9.65;68.56;9.65;2;UP_AND_DOWN
2025-06-30T13:15;2025-06-30T13:30;54;EUR;MWh;NO;NO;;-41;-41;-41;-1;DOWN
2025-06-30T13:30;2025-06-30T13:45;55;EUR;MWh;NO;NO;71.4;-49;71.4;-49;2;UP_AND_DOWN
2025-06-30T13:45;2025-06-30T14:00;56;EUR;MWh;NO;NO;;-43;-43;-43;-1;DOWN
2025-06-30T14:00;2025-06-30T14:15;57;EUR;MWh;NO;NO;;-18.5;-18.5;-18.5;-1;DOWN
2025-06-30T14:15;2025-06-30T14:30;58;EUR;MWh;NO;NO;;-18.5;-18.5;-18.5;-1;DOWN
2025-06-30T14:30;2025-06-30T14:45;59;EUR;MWh;NO;NO;;-33.23;-33.23;-33.23;-1;DOWN
2025-06-30T14:45;2025-06-30T15:00;60;EUR;MWh;NO;NO;;51.57;51.57;51.57;-1;DOWN
2025-06-30T15:00;2025-06-30T15:15;61;EUR;MWh;NO;NO;82.28;-49;82.28;-49;2;UP_AND_DOWN
2025-06-30T15:15;2025-06-30T15:30;62;EUR;MWh;NO;NO;82.28;;82.28;82.28;1;UP
2025-06-30T15:30;2025-06-30T15:45;63;EUR;MWh;NO;NO;114.1;51.57;114.1;114.1;1;UP
2025-06-30T15:45;2025-06-30T16:00;64;EUR;MWh;NO;NO;115;;115;115;1;UP
2025-06-30T16:00;2025-06-30T16:15;65;EUR;MWh;NO;NO;58.56;-49;64.28;-49;2;UP_AND_DOWN
2025-06-30T16:15;2025-06-30T16:30;66;EUR;MWh;NO;NO;;-29;-29;-29;-1;DOWN
2025-06-30T16:30;2025-06-30T16:45;67;EUR;MWh;NO;NO;82.28;-30;82.28;-30;2;UP_AND_DOWN
2025-06-30T16:45;2025-06-30T17:00;68;EUR;MWh;NO;NO;82.28;-49;-49;-49;-1;DOWN
2025-06-30T17:00;2025-06-30T17:15;69;EUR;MWh;NO;NO;;-10;-10;-10;-1;DOWN
2025-06-30T17:15;2025-06-30T17:30;70;EUR;MWh;NO;NO;;26.1;26.1;26.1;-1;DOWN
2025-06-30T17:30;2025-06-30T17:45;71;EUR;MWh;NO;NO;111.6;77.49;111.6;68.03;2;UP_AND_DOWN
2025-06-30T17:45;2025-06-30T18:00;72;EUR;MWh;NO;NO;112;70.3;112;112;1;UP
2025-06-30T18:00;2025-06-30T18:15;73;EUR;MWh;NO;NO;98;50;98;50;2;UP_AND_DOWN
2025-06-30T18:15;2025-06-30T18:30;74;EUR;MWh;NO;NO;177;69.15;177;177;1;UP
2025-06-30T18:30;2025-06-30T18:45;75;EUR;MWh;NO;NO;200;60.23;200;60.23;2;UP_AND_DOWN
2025-06-30T18:45;2025-06-30T19:00;76;EUR;MWh;NO;NO;241;;241;241;1;UP
2025-06-30T19:00;2025-06-30T19:15;77;EUR;MWh;NO;NO;241;;241;241;1;UP
2025-06-30T19:15;2025-06-30T19:30;78;EUR;MWh;NO;NO;241;;241;241;1;UP
2025-06-30T19:30;2025-06-30T19:45;79;EUR;MWh;NO;NO;419.94;;419.94;419.94;1;UP
2025-06-30T19:45;2025-06-30T20:00;80;EUR;MWh;NO;NO;1895;;1895;1895;1;UP
2025-06-30T20:00;2025-06-30T20:15;81;EUR;MWh;NO;NO;3990;;3990;3990;1;UP
2025-06-30T20:15;2025-06-30T20:30;82;EUR;MWh;NO;NO;1895;;1895;1895;1;UP
2025-06-30T20:30;2025-06-30T20:45;83;EUR;MWh;NO;NO;1895;;1895;1895;1;UP
2025-06-30T20:45;2025-06-30T21:00;84;EUR;MWh;YES;;2084.5;;2084.5;2084.5;1;UP
2025-06-30T21:00;2025-06-30T21:15;85;EUR;MWh;YES;;2084.5;;2084.5;2084.5;1;UP
2025-06-30T21:15;2025-06-30T21:30;86;EUR;MWh;YES;;1500;;1500;1500;1;UP
2025-06-30T21:30;2025-06-30T21:45;87;EUR;MWh;NO;NO;328;;328;328;1;UP
2025-06-30T21:45;2025-06-30T22:00;88;EUR;MWh;NO;NO;68.56;66.08;92;66.08;2;UP_AND_DOWN
2025-06-30T22:00;2025-06-30T22:15;89;EUR;MWh;NO;NO;154.98;65;154.98;65;2;UP_AND_DOWN
2025-06-30T22:15;2025-06-30T22:30;90;EUR;MWh;NO;NO;177;;177;177;1;UP
2025-06-30T22:30;2025-06-30T22:45;91;EUR;MWh;NO;NO;130.6;55;130.6;55;2;UP_AND_DOWN
2025-06-30T22:45;2025-06-30T23:00;92;EUR;MWh;NO;NO;;50;50;50;-1;DOWN
2025-06-30T23:00;2025-06-30T23:15;93;EUR;MWh;NO;NO;177;68.85;177;68.85;2;UP_AND_DOWN
2025-06-30T23:15;2025-06-30T23:30;94;EUR;MWh;NO;NO;1662;;1662;1662;1;UP
2025-06-30T23:30;2025-06-30T23:45;95;EUR;MWh;NO;NO;111;72.38;111;72.38;2;UP_AND_DOWN
2025-06-30T23:45;2025-07-01T00:00;96;EUR;MWh;NO;NO;;57.75;57.75;57.75;-1;DOWN
