Timeinterval Start Loc;Timeinterval End Loc;Isp;Currency Unit Name;Price Measurement Unit Name;Incident Reserve Up;Incident Reserve Down;Price Dispatch Up;Price Dispatch Down;Price Shortage;Price Surplus;Regulation State;Regulating Condition
2025-07-01T00:00;2025-07-01T00:15;1;EUR;MWh;NO;NO;130.4;64.75;130.4;64.75;2;UP_AND_DOWN
2025-07-01T00:15;2025-07-01T00:30;2;EUR;MWh;NO;NO;144;71.68;144;71.68;2;UP_AND_DOWN
2025-07-01T00:30;2025-07-01T00:45;3;EUR;MWh;NO;NO;78.56;63.36;102.28;63.36;2;UP_AND_DOWN
2025-07-01T00:45;2025-07-01T01:00;4;EUR;MWh;NO;NO;;16.2;16.2;16.2;-1;DOWN
2025-07-01T01:00;2025-07-01T01:15;5;EUR;MWh;NO;NO;;6.98;6.98;6.98;-1;DOWN
2025-07-01T01:15;2025-07-01T01:30;6;EUR;MWh;NO;NO;;58.99;58.99;58.99;-1;DOWN
2025-07-01T01:30;2025-07-01T01:45;7;EUR;MWh;NO;NO;;30.9;30.9;30.9;-1;DOWN
2025-07-01T01:45;2025-07-01T02:00;8;EUR;MWh;NO;NO;;23;23;23;-1;DOWN
2025-07-01T02:00;2025-07-01T02:15;9;EUR;MWh;NO;NO;;40.98;40.98;40.98;-1;DOWN
2025-07-01T02:15;2025-07-01T02:30;10;EUR;MWh;NO;NO;;63.98;63.98;63.98;-1;DOWN
2025-07-01T02:30;2025-07-01T02:45;11;EUR;MWh;NO;NO;;61.98;61.98;61.98;-1;DOWN
2025-07-01T02:45;2025-07-01T03:00;12;EUR;MWh;NO;NO;;68.32;68.32;68.32;-1;DOWN
2025-07-01T03:00;2025-07-01T03:15;13;EUR;MWh;NO;NO;;63.99;63.99;63.99;-1;DOWN
2025-07-01T03:15;2025-07-01T03:30;14;EUR;MWh;NO;NO;;58.99;58.99;58.99;-1;DOWN
2025-07-01T03:30;2025-07-01T03:45;15;EUR;MWh;NO;NO;;58.99;58.99;58.99;-1;DOWN
2025-07-01T03:45;2025-07-01T04:00;16;EUR;MWh;NO;NO;;65;65;65;-1;DOWN
2025-07-01T04:00;2025-07-01T04:15;17;EUR;MWh;NO;NO;;34.98;34.98;34.98;-1;DOWN
2025-07-01T04:15;2025-07-01T04:30;18;EUR;MWh;NO;NO;;65;65;65;-1;DOWN
2025-07-01T04:30;2025-07-01T04:45;19;EUR;MWh;NO;NO;;66;66;66;-1;DOWN
2025-07-01T04:45;2025-07-01T05:00;20;EUR;MWh;NO;NO;;66;66;66;-1;DOWN
2025-07-01T05:00;2025-07-01T05:15;21;EUR;MWh;NO;NO;;65;65;65;-1;DOWN
2025-07-01T05:15;2025-07-01T05:30;22;EUR;MWh;NO;NO;78.56;68.28;78.56;68.28;2;UP_AND_DOWN
2025-07-01T05:30;2025-07-01T05:45;23;EUR;MWh;NO;NO;120.1;;120.1;120.1;1;UP
2025-07-01T05:45;2025-07-01T06:00;24;EUR;MWh;NO;NO;100.74;;100.74;100.74;1;UP
2025-07-01T06:00;2025-07-01T06:15;25;EUR;MWh;NO;NO;82.98;61.98;82.98;61.79;2;UP_AND_DOWN
2025-07-01T06:15;2025-07-01T06:30;26;EUR;MWh;NO;NO;87.98;61.98;87.98;87.98;1;UP
2025-07-01T06:30;2025-07-01T06:45;27;EUR;MWh;NO;NO;91.98;;91.98;91.98;1;UP
2025-07-01T06:45;2025-07-01T07:00;28;EUR;MWh;NO;NO;91.98;67.88;67.88;67.88;-1;DOWN
2025-07-01T07:00;2025-07-01T07:15;29;EUR;MWh;NO;NO;;69.08;69.08;69.08;-1;DOWN
2025-07-01T07:15;2025-07-01T07:30;30;EUR;MWh;NO;NO;119.8;;119.8;119.8;1;UP
2025-07-01T07:30;2025-07-01T07:45;31;EUR;MWh;NO;NO;119.9;;119.9;119.9;1;UP
2025-07-01T07:45;2025-07-01T08:00;32;EUR;MWh;NO;NO;119.9;;61.79;61.79;0;STABLE
2025-07-01T08:00;2025-07-01T08:15;33;EUR;MWh;NO;NO;110.7;;110.7;110.7;1;UP
2025-07-01T08:15;2025-07-01T08:30;34;EUR;MWh;NO;NO;130.4;;130.4;130.4;1;UP
2025-07-01T08:30;2025-07-01T08:45;35;EUR;MWh;NO;NO;130.4;;130.4;130.4;1;UP
2025-07-01T08:45;2025-07-01T09:00;36;EUR;MWh;NO;NO;58.56;69.09;61.79;61.79;2;UP_AND_DOWN
2025-07-01T09:00;2025-07-01T09:15;37;EUR;MWh;NO;NO;68.56;64.5;69.07;64.5;2;UP_AND_DOWN
2025-07-01T09:15;2025-07-01T09:30;38;EUR;MWh;NO;NO;85.88;81;85.88;85.88;1;UP
2025-07-01T09:30;2025-07-01T09:45;39;EUR;MWh;NO;NO;99.28;;99.28;99.28;1;UP
2025-07-01T09:45;2025-07-01T10:00;40;EUR;MWh;NO;NO;;56;56;56;-1;DOWN
2025-07-01T10:00;2025-07-01T10:15;41;EUR;MWh;NO;NO;;-30;-30;-30;-1;DOWN
2025-07-01T10:15;2025-07-01T10:30;42;EUR;MWh;NO;NO;;10;10;10;-1;DOWN
2025-07-01T10:30;2025-07-01T10:45;43;EUR;MWh;NO;NO;;-30;-30;-30;-1;DOWN
2025-07-01T10:45;2025-07-01T11:00;44;EUR;MWh;NO;NO;;;0;0;-1;DOWN
2025-07-01T11:00;2025-07-01T11:15;45;EUR;MWh;NO;NO;112.3;-18.5;112.3;-18.5;2;UP_AND_DOWN
2025-07-01T11:15;2025-07-01T11:30;46;EUR;MWh;NO;NO;122;;122;122;1;UP
2025-07-01T11:30;2025-07-01T11:45;47;EUR;MWh;NO;NO;100.64;;100.64;100.64;1;UP
2025-07-01T11:45;2025-07-01T12:00;48;EUR;MWh;NO;NO;58.56;-30;69.07;-30;2;UP_AND_DOWN
2025-07-01T12:00;2025-07-01T12:15;49;EUR;MWh;NO;NO;;74;66.28;66.28;0;STABLE
2025-07-01T12:15;2025-07-01T12:30;50;EUR;MWh;NO;NO;;-30;-30;-30;-1;DOWN
2025-07-01T12:30;2025-07-01T12:45;51;EUR;MWh;NO;NO;68.56;-39.93;68.56;-39.93;2;UP_AND_DOWN
2025-07-01T12:45;2025-07-01T13:00;52;EUR;MWh;NO;NO;;-40.03;-40.03;-40.03;-1;DOWN
2025-07-01T13:00;2025-07-01T13:15;53;EUR;MWh;NO;NO;78.56;-30.2;78.56;-30.2;2;UP_AND_DOWN
2025-07-01T13:15;2025-07-01T13:30;54;EUR;MWh;NO;NO;;-49;-49;-49;-1;DOWN
2025-07-01T13:30;2025-07-01T13:45;55;EUR;MWh;NO;NO;;-48.8;-48.8;-48.8;-1;DOWN
2025-07-01T13:45;2025-07-01T14:00;56;EUR;MWh;NO;NO;;-30;-30;-30;-1;DOWN
2025-07-01T14:00;2025-07-01T14:15;57;EUR;MWh;NO;NO;82.98;-49;82.98;-49;2;UP_AND_DOWN
2025-07-01T14:15;2025-07-01T14:30;58;EUR;MWh;NO;NO;;-50;-50;-50;-1;DOWN
2025-07-01T14:30;2025-07-01T14:45;59;EUR;MWh;NO;NO;;-33.33;-33.33;-33.33;-1;DOWN
2025-07-01T14:45;2025-07-01T15:00;60;EUR;MWh;NO;NO;;-50;-50;-50;-1;DOWN
2025-07-01T15:00;2025-07-01T15:15;61;EUR;MWh;NO;NO;78.56;65;78.56;61.78;2;UP_AND_DOWN
2025-07-01T15:15;2025-07-01T15:30;62;EUR;MWh;NO;NO;120;;120;120;1;UP
2025-07-01T15:30;2025-07-01T15:45;63;EUR;MWh;NO;NO;109.6;;109.6;109.6;1;UP
2025-07-01T15:45;2025-07-01T16:00;64;EUR;MWh;NO;NO;181;;181;181;1;UP
2025-07-01T16:00;2025-07-01T16:15;65;EUR;MWh;NO;NO;114;;114;0;2;UP_AND_DOWN
2025-07-01T16:15;2025-07-01T16:30;66;EUR;MWh;NO;NO;;10;10;10;-1;DOWN
2025-07-01T16:30;2025-07-01T16:45;67;EUR;MWh;NO;NO;;60;60;60;-1;DOWN
2025-07-01T16:45;2025-07-01T17:00;68;EUR;MWh;NO;NO;;13.72;13.72;13.72;-1;DOWN
2025-07-01T17:00;2025-07-01T17:15;69;EUR;MWh;NO;NO;;-575.13;-575.13;-575.13;-1;DOWN
2025-07-01T17:15;2025-07-01T17:30;70;EUR;MWh;NO;NO;;-30;-30;-30;-1;DOWN
2025-07-01T17:30;2025-07-01T17:45;71;EUR;MWh;NO;NO;84.98;30.59;84.98;30.59;2;UP_AND_DOWN
2025-07-01T17:45;2025-07-01T18:00;72;EUR;MWh;NO;NO;124.3;77.27;124.3;124.3;1;UP
2025-07-01T18:00;2025-07-01T18:15;73;EUR;MWh;NO;NO;85.98;49.51;85.98;49.51;2;UP_AND_DOWN
2025-07-01T18:15;2025-07-01T18:30;74;EUR;MWh;NO;NO;;9.57;9.57;9.57;-1;DOWN
2025-07-01T18:30;2025-07-01T18:45;75;EUR;MWh;NO;NO;;48.98;48.98;48.98;-1;DOWN
2025-07-01T18:45;2025-07-01T19:00;76;EUR;MWh;NO;NO;;75.58;75.58;75.58;-1;DOWN
2025-07-01T19:00;2025-07-01T19:15;77;EUR;MWh;NO;NO;;45.98;45.98;45.98;-1;DOWN
2025-07-01T19:15;2025-07-01T19:30;78;EUR;MWh;NO;NO;177;68.08;177;60.76;2;UP_AND_DOWN
2025-07-01T19:30;2025-07-01T19:45;79;EUR;MWh;NO;NO;181;;181;181;1;UP
2025-07-01T19:45;2025-07-01T20:00;80;EUR;MWh;NO;NO;181;;181;181;1;UP
2025-07-01T20:00;2025-07-01T20:15;81;EUR;MWh;NO;NO;181;;181;181;1;UP
2025-07-01T20:15;2025-07-01T20:30;82;EUR;MWh;NO;NO;417.9;;417.9;417.9;1;UP
2025-07-01T20:30;2025-07-01T20:45;83;EUR;MWh;NO;NO;192;;192;192;1;UP
2025-07-01T20:45;2025-07-01T21:00;84;EUR;MWh;NO;NO;194;;194;194;1;UP
2025-07-01T21:00;2025-07-01T21:15;85;EUR;MWh;NO;NO;108.56;;108.56;108.56;1;UP
2025-07-01T21:15;2025-07-01T21:30;86;EUR;MWh;NO;NO;44;57.32;83.5;57.32;2;UP_AND_DOWN
2025-07-01T21:30;2025-07-01T21:45;87;EUR;MWh;NO;NO;;63.98;63.98;63.98;-1;DOWN
2025-07-01T21:45;2025-07-01T22:00;88;EUR;MWh;NO;NO;;37.51;37.51;37.51;-1;DOWN
2025-07-01T22:00;2025-07-01T22:15;89;EUR;MWh;NO;NO;177;42.4;177;42.4;2;UP_AND_DOWN
2025-07-01T22:15;2025-07-01T22:30;90;EUR;MWh;NO;NO;157.98;;157.98;157.98;1;UP
2025-07-01T22:30;2025-07-01T22:45;91;EUR;MWh;NO;NO;141.4;;141.4;141.4;1;UP
2025-07-01T22:45;2025-07-01T23:00;92;EUR;MWh;NO;NO;97.98;74;74;74;-1;DOWN
2025-07-01T23:00;2025-07-01T23:15;93;EUR;MWh;NO;NO;177;76.87;177;76.87;2;UP_AND_DOWN
2025-07-01T23:15;2025-07-01T23:30;94;EUR;MWh;NO;NO;177;61.62;61.62;61.62;-1;DOWN
2025-07-01T23:30;2025-07-01T23:45;95;EUR;MWh;NO;NO;78.56;62.11;62.11;62.11;-1;DOWN
2025-07-01T23:45;2025-07-02T00:00;96;EUR;MWh;NO;NO;78.56;74.51;74.51;74.51;-1;DOWN
2025-07-02T00:00;2025-07-02T00:15;1;EUR;MWh;NO;NO;133;;133;133;1;UP
2025-07-02T00:15;2025-07-02T00:30;2;EUR;MWh;NO;NO;137.62;;137.62;137.62;1;UP
2025-07-02T00:30;2025-07-02T00:45;3;EUR;MWh;NO;NO;133;;133;133;1;UP
2025-07-02T00:45;2025-07-02T01:00;4;EUR;MWh;NO;NO;78.17;95;79.28;79.28;2;UP_AND_DOWN
2025-07-02T01:00;2025-07-02T01:15;5;EUR;MWh;NO;NO;96.79;96;96.79;79.78;2;UP_AND_DOWN
2025-07-02T01:15;2025-07-02T01:30;6;EUR;MWh;NO;NO;80.4;;80.4;80.4;1;UP
2025-07-02T01:30;2025-07-02T01:45;7;EUR;MWh;NO;NO;80.4;;80.4;80.4;1;UP
2025-07-02T01:45;2025-07-02T02:00;8;EUR;MWh;NO;NO;58.56;;58.56;58.56;1;UP
2025-07-02T02:00;2025-07-02T02:15;9;EUR;MWh;NO;NO;104.99;;104.99;104.99;1;UP
2025-07-02T02:15;2025-07-02T02:30;10;EUR;MWh;NO;NO;96.79;95;96.79;76.78;2;UP_AND_DOWN
2025-07-02T02:30;2025-07-02T02:45;11;EUR;MWh;NO;NO;87.4;76.61;87.4;76.61;2;UP_AND_DOWN
2025-07-02T02:45;2025-07-02T03:00;12;EUR;MWh;NO;NO;;54.79;54.79;54.79;-1;DOWN
2025-07-02T03:00;2025-07-02T03:15;13;EUR;MWh;NO;NO;87.4;55.98;87.4;55.98;2;UP_AND_DOWN
2025-07-02T03:15;2025-07-02T03:30;14;EUR;MWh;NO;NO;82.12;70.91;82.12;70.91;2;UP_AND_DOWN
2025-07-02T03:30;2025-07-02T03:45;15;EUR;MWh;NO;NO;;68.28;68.28;68.28;-1;DOWN
2025-07-02T03:45;2025-07-02T04:00;16;EUR;MWh;NO;NO;;57.4;57.4;57.4;-1;DOWN
2025-07-02T04:00;2025-07-02T04:15;17;EUR;MWh;NO;NO;80.4;68.71;80.4;68.71;2;UP_AND_DOWN
2025-07-02T04:15;2025-07-02T04:30;18;EUR;MWh;NO;NO;80.4;64.4;64.4;64.4;-1;DOWN
2025-07-02T04:30;2025-07-02T04:45;19;EUR;MWh;NO;NO;80.2;61.98;80.2;61.98;2;UP_AND_DOWN
2025-07-02T04:45;2025-07-02T05:00;20;EUR;MWh;NO;NO;88.56;61.98;88.56;88.56;1;UP
2025-07-02T05:00;2025-07-02T05:15;21;EUR;MWh;NO;NO;84.98;76.51;84.98;84.98;1;UP
2025-07-02T05:15;2025-07-02T05:30;22;EUR;MWh;NO;NO;84.98;66.18;66.18;66.18;-1;DOWN
2025-07-02T05:30;2025-07-02T05:45;23;EUR;MWh;NO;NO;;64.25;64.25;64.25;-1;DOWN
2025-07-02T05:45;2025-07-02T06:00;24;EUR;MWh;NO;NO;85.25;67.98;85.25;66.46;2;UP_AND_DOWN
2025-07-02T06:00;2025-07-02T06:15;25;EUR;MWh;NO;NO;140;67.98;140;140;1;UP
2025-07-02T06:15;2025-07-02T06:30;26;EUR;MWh;NO;NO;133;;133;133;1;UP
2025-07-02T06:30;2025-07-02T06:45;27;EUR;MWh;NO;NO;94.98;;94.98;94.98;1;UP
2025-07-02T06:45;2025-07-02T07:00;28;EUR;MWh;NO;NO;82.56;;82.56;82.56;1;UP
2025-07-02T07:00;2025-07-02T07:15;29;EUR;MWh;NO;NO;119.6;;119.6;119.6;1;UP
2025-07-02T07:15;2025-07-02T07:30;30;EUR;MWh;NO;NO;110.2;;110.2;110.2;1;UP
2025-07-02T07:30;2025-07-02T07:45;31;EUR;MWh;NO;NO;97;;97;97;1;UP
2025-07-02T07:45;2025-07-02T08:00;32;EUR;MWh;NO;NO;110.1;;110.1;110.1;1;UP
2025-07-02T08:00;2025-07-02T08:15;33;EUR;MWh;NO;NO;133;;133;133;1;UP
2025-07-02T08:15;2025-07-02T08:30;34;EUR;MWh;NO;NO;177;;177;177;1;UP
2025-07-02T08:30;2025-07-02T08:45;35;EUR;MWh;NO;NO;96.63;;96.63;96.63;1;UP
2025-07-02T08:45;2025-07-02T09:00;36;EUR;MWh;NO;NO;80.04;66.31;66.31;66.31;-1;DOWN
2025-07-02T09:00;2025-07-02T09:15;37;EUR;MWh;NO;NO;80.04;73.47;80.04;80.04;1;UP
2025-07-02T09:15;2025-07-02T09:30;38;EUR;MWh;NO;NO;87.24;;87.24;87.24;1;UP
2025-07-02T09:30;2025-07-02T09:45;39;EUR;MWh;NO;NO;87.04;;87.04;87.04;1;UP
2025-07-02T09:45;2025-07-02T10:00;40;EUR;MWh;NO;NO;77.24;;77.24;77.24;1;UP
2025-07-02T10:00;2025-07-02T10:15;41;EUR;MWh;NO;NO;96.63;;96.63;96.63;1;UP
2025-07-02T10:15;2025-07-02T10:30;42;EUR;MWh;NO;NO;110.9;;110.9;110.9;1;UP
2025-07-02T10:30;2025-07-02T10:45;43;EUR;MWh;NO;NO;80.24;;80.24;80.24;1;UP
2025-07-02T10:45;2025-07-02T11:00;44;EUR;MWh;NO;NO;88.56;;88.56;88.56;1;UP
2025-07-02T11:00;2025-07-02T11:15;45;EUR;MWh;NO;NO;96.63;;96.63;96.63;1;UP
2025-07-02T11:15;2025-07-02T11:30;46;EUR;MWh;NO;NO;111.2;;111.2;111.2;1;UP
2025-07-02T11:30;2025-07-02T11:45;47;EUR;MWh;NO;NO;86.18;;86.18;86.18;1;UP
2025-07-02T11:45;2025-07-02T12:00;48;EUR;MWh;NO;NO;;76.41;67.59;67.59;0;STABLE
2025-07-02T12:00;2025-07-02T12:15;49;EUR;MWh;NO;NO;111.4;;111.4;111.4;1;UP
2025-07-02T12:15;2025-07-02T12:30;50;EUR;MWh;NO;NO;100.74;;100.74;100.74;1;UP
2025-07-02T12:30;2025-07-02T12:45;51;EUR;MWh;NO;NO;96.63;;96.63;96.63;1;UP
2025-07-02T12:45;2025-07-02T13:00;52;EUR;MWh;NO;NO;87.24;-14.99;95.28;-14.99;2;UP_AND_DOWN
2025-07-02T13:00;2025-07-02T13:15;53;EUR;MWh;NO;NO;;-53.11;-53.11;-53.11;-1;DOWN
2025-07-02T13:15;2025-07-02T13:30;54;EUR;MWh;NO;NO;;-41;-41;-41;-1;DOWN
2025-07-02T13:30;2025-07-02T13:45;55;EUR;MWh;NO;NO;;-18.5;-18.5;-18.5;-1;DOWN
2025-07-02T13:45;2025-07-02T14:00;56;EUR;MWh;NO;NO;;-106.54;-106.54;-106.54;-1;DOWN
2025-07-02T14:00;2025-07-02T14:15;57;EUR;MWh;NO;NO;;-577.95;-577.95;-577.95;-1;DOWN
2025-07-02T14:15;2025-07-02T14:30;58;EUR;MWh;NO;NO;;-30;-30;-30;-1;DOWN
2025-07-02T14:30;2025-07-02T14:45;59;EUR;MWh;NO;NO;;-100;-100;-100;-1;DOWN
2025-07-02T14:45;2025-07-02T15:00;60;EUR;MWh;NO;NO;;-578.05;-578.05;-578.05;-1;DOWN
2025-07-02T15:00;2025-07-02T15:15;61;EUR;MWh;NO;NO;;-69.9;-69.9;-69.9;-1;DOWN
2025-07-02T15:15;2025-07-02T15:30;62;EUR;MWh;NO;NO;58.56;-49;67.49;-49;2;UP_AND_DOWN
2025-07-02T15:30;2025-07-02T15:45;63;EUR;MWh;NO;NO;;9.47;9.47;9.47;-1;DOWN
2025-07-02T15:45;2025-07-02T16:00;64;EUR;MWh;NO;NO;;76.31;76.31;76.31;-1;DOWN
2025-07-02T16:00;2025-07-02T16:15;65;EUR;MWh;NO;NO;;64.24;64.24;64.24;-1;DOWN
2025-07-02T16:15;2025-07-02T16:30;66;EUR;MWh;NO;NO;77.24;71.48;71.48;71.48;-1;DOWN
2025-07-02T16:30;2025-07-02T16:45;67;EUR;MWh;NO;NO;1662;65.8;1662;65.8;2;UP_AND_DOWN
2025-07-02T16:45;2025-07-02T17:00;68;EUR;MWh;NO;NO;1662;;1662;1662;1;UP
2025-07-02T17:00;2025-07-02T17:15;69;EUR;MWh;NO;NO;1662;-300.5;-300.5;-300.5;-1;DOWN
2025-07-02T17:15;2025-07-02T17:30;70;EUR;MWh;NO;NO;150;-358.96;150;-358.96;2;UP_AND_DOWN
2025-07-02T17:30;2025-07-02T17:45;71;EUR;MWh;NO;NO;119.7;9.57;119.7;9.57;2;UP_AND_DOWN
2025-07-02T17:45;2025-07-02T18:00;72;EUR;MWh;NO;NO;94.88;45.63;94.88;45.63;2;UP_AND_DOWN
2025-07-02T18:00;2025-07-02T18:15;73;EUR;MWh;NO;NO;94.88;6.98;6.98;6.98;-1;DOWN
2025-07-02T18:15;2025-07-02T18:30;74;EUR;MWh;NO;NO;;-35;-35;-35;-1;DOWN
2025-07-02T18:30;2025-07-02T18:45;75;EUR;MWh;NO;NO;;-30.3;-30.3;-30.3;-1;DOWN
2025-07-02T18:45;2025-07-02T19:00;76;EUR;MWh;NO;NO;;-105;-105;-105;-1;DOWN
2025-07-02T19:00;2025-07-02T19:15;77;EUR;MWh;NO;NO;;-898;-898;-898;-1;DOWN
2025-07-02T19:15;2025-07-02T19:30;78;EUR;MWh;NO;NO;;-30.1;-30.1;-30.1;-1;DOWN
2025-07-02T19:30;2025-07-02T19:45;79;EUR;MWh;NO;NO;;-30.3;-30.3;-30.3;-1;DOWN
2025-07-02T19:45;2025-07-02T20:00;80;EUR;MWh;NO;NO;;42.98;42.98;42.98;-1;DOWN
2025-07-02T20:00;2025-07-02T20:15;81;EUR;MWh;NO;NO;;48.98;48.98;48.98;-1;DOWN
2025-07-02T20:15;2025-07-02T20:30;82;EUR;MWh;NO;NO;;54.63;54.63;54.63;-1;DOWN
2025-07-02T20:30;2025-07-02T20:45;83;EUR;MWh;NO;NO;;64.24;64.24;64.24;-1;DOWN
2025-07-02T20:45;2025-07-02T21:00;84;EUR;MWh;NO;NO;110.3;74.49;110.3;59.69;2;UP_AND_DOWN
2025-07-02T21:00;2025-07-02T21:15;85;EUR;MWh;NO;NO;120.3;;120.3;120.3;1;UP
2025-07-02T21:15;2025-07-02T21:30;86;EUR;MWh;NO;NO;120.98;;120.98;120.98;1;UP
2025-07-02T21:30;2025-07-02T21:45;87;EUR;MWh;NO;NO;98.74;;98.74;98.74;1;UP
2025-07-02T21:45;2025-07-02T22:00;88;EUR;MWh;NO;NO;71;57.24;57.24;57.24;-1;DOWN
2025-07-02T22:00;2025-07-02T22:15;89;EUR;MWh;NO;NO;;63.98;63.98;63.98;-1;DOWN
2025-07-02T22:15;2025-07-02T22:30;90;EUR;MWh;NO;NO;;66.98;66.98;66.98;-1;DOWN
2025-07-02T22:30;2025-07-02T22:45;91;EUR;MWh;NO;NO;82.98;76.61;82.98;59.81;2;UP_AND_DOWN
2025-07-02T22:45;2025-07-02T23:00;92;EUR;MWh;NO;NO;88.8;72.91;88.8;59.81;2;UP_AND_DOWN
2025-07-02T23:00;2025-07-02T23:15;93;EUR;MWh;NO;NO;110;65.1;110;65.1;2;UP_AND_DOWN
2025-07-02T23:15;2025-07-02T23:30;94;EUR;MWh;NO;NO;103.72;;103.72;103.72;1;UP
2025-07-02T23:30;2025-07-02T23:45;95;EUR;MWh;NO;NO;77.24;50;77.24;50;2;UP_AND_DOWN
2025-07-02T23:45;2025-07-03T00:00;96;EUR;MWh;NO;NO;;10;10;10;-1;DOWN
2025-07-03T00:00;2025-07-03T00:15;1;EUR;MWh;NO;NO;58.56;40;40;40;-1;DOWN
2025-07-03T00:15;2025-07-03T00:30;2;EUR;MWh;NO;NO;;73.3;73.3;73.3;-1;DOWN
2025-07-03T00:30;2025-07-03T00:45;3;EUR;MWh;NO;NO;78.56;46.88;78.56;43.48;2;UP_AND_DOWN
2025-07-03T00:45;2025-07-03T01:00;4;EUR;MWh;NO;NO;;-1;-1;-1;-1;DOWN
2025-07-03T01:00;2025-07-03T01:15;5;EUR;MWh;NO;NO;;51.24;51.24;51.24;-1;DOWN
2025-07-03T01:15;2025-07-03T01:30;6;EUR;MWh;NO;NO;;64.43;64.43;64.43;-1;DOWN
2025-07-03T01:30;2025-07-03T01:45;7;EUR;MWh;NO;NO;84.98;68.04;84.98;43.97;2;UP_AND_DOWN
2025-07-03T01:45;2025-07-03T02:00;8;EUR;MWh;NO;NO;102.86;77.78;102.86;43.97;2;UP_AND_DOWN
2025-07-03T02:00;2025-07-03T02:15;9;EUR;MWh;NO;NO;99;;99;99;1;UP
2025-07-03T02:15;2025-07-03T02:30;10;EUR;MWh;NO;NO;100;;100;100;1;UP
2025-07-03T02:30;2025-07-03T02:45;11;EUR;MWh;NO;NO;100;;100;100;1;UP
2025-07-03T02:45;2025-07-03T03:00;12;EUR;MWh;NO;NO;94.96;;94.96;94.96;1;UP
2025-07-03T03:00;2025-07-03T03:15;13;EUR;MWh;NO;NO;85.98;67.94;85.98;43.97;2;UP_AND_DOWN
2025-07-03T03:15;2025-07-03T03:30;14;EUR;MWh;NO;NO;;59.57;59.57;59.57;-1;DOWN
2025-07-03T03:30;2025-07-03T03:45;15;EUR;MWh;NO;NO;;51.24;51.24;51.24;-1;DOWN
2025-07-03T03:45;2025-07-03T04:00;16;EUR;MWh;NO;NO;77.98;65.08;65.08;65.08;-1;DOWN
2025-07-03T04:00;2025-07-03T04:15;17;EUR;MWh;NO;NO;78.56;68.04;78.56;43.97;2;UP_AND_DOWN
2025-07-03T04:15;2025-07-03T04:30;18;EUR;MWh;NO;NO;;68.04;68.04;68.04;-1;DOWN
2025-07-03T04:30;2025-07-03T04:45;19;EUR;MWh;NO;NO;;60;60;60;-1;DOWN
2025-07-03T04:45;2025-07-03T05:00;20;EUR;MWh;NO;NO;;51.24;51.24;51.24;-1;DOWN
2025-07-03T05:00;2025-07-03T05:15;21;EUR;MWh;NO;NO;;24.21;24.21;24.21;-1;DOWN
2025-07-03T05:15;2025-07-03T05:30;22;EUR;MWh;NO;NO;;50.98;50.98;50.98;-1;DOWN
2025-07-03T05:30;2025-07-03T05:45;23;EUR;MWh;NO;NO;;51.24;51.24;51.24;-1;DOWN
2025-07-03T05:45;2025-07-03T06:00;24;EUR;MWh;NO;NO;;59.57;59.57;59.57;-1;DOWN
2025-07-03T06:00;2025-07-03T06:15;25;EUR;MWh;NO;NO;;61.45;61.45;61.45;-1;DOWN
2025-07-03T06:15;2025-07-03T06:30;26;EUR;MWh;NO;NO;;61.45;43.97;43.97;0;STABLE
2025-07-03T06:30;2025-07-03T06:45;27;EUR;MWh;NO;NO;78.08;77.94;78.08;78.08;1;UP
2025-07-03T06:45;2025-07-03T07:00;28;EUR;MWh;NO;NO;;66.08;66.08;66.08;-1;DOWN
2025-07-03T07:00;2025-07-03T07:15;29;EUR;MWh;NO;NO;78.36;68.28;68.28;68.28;-1;DOWN
2025-07-03T07:15;2025-07-03T07:30;30;EUR;MWh;NO;NO;;;43.97;43.97;0;STABLE
2025-07-03T07:30;2025-07-03T07:45;31;EUR;MWh;NO;NO;10;65.87;65.87;65.87;-1;DOWN
2025-07-03T07:45;2025-07-03T08:00;32;EUR;MWh;NO;NO;;60.1;60.1;60.1;-1;DOWN
2025-07-03T08:00;2025-07-03T08:15;33;EUR;MWh;NO;NO;78.56;67.98;78.56;43.92;2;UP_AND_DOWN
2025-07-03T08:15;2025-07-03T08:30;34;EUR;MWh;NO;NO;;10;10;10;-1;DOWN
2025-07-03T08:30;2025-07-03T08:45;35;EUR;MWh;NO;NO;;13.1;13.1;13.1;-1;DOWN
2025-07-03T08:45;2025-07-03T09:00;36;EUR;MWh;NO;NO;;48.98;48.98;48.98;-1;DOWN
2025-07-03T09:00;2025-07-03T09:15;37;EUR;MWh;NO;NO;106;70.1;106;54.49;2;UP_AND_DOWN
2025-07-03T09:15;2025-07-03T09:30;38;EUR;MWh;NO;NO;100.87;;100.87;100.87;1;UP
2025-07-03T09:30;2025-07-03T09:45;39;EUR;MWh;NO;NO;101;33.98;101;33.98;2;UP_AND_DOWN
2025-07-03T09:45;2025-07-03T10:00;40;EUR;MWh;NO;NO;;5;5;5;-1;DOWN
2025-07-03T10:00;2025-07-03T10:15;41;EUR;MWh;NO;NO;;-106.54;-106.54;-106.54;-1;DOWN
2025-07-03T10:15;2025-07-03T10:30;42;EUR;MWh;NO;NO;68.46;18;68.46;18;2;UP_AND_DOWN
2025-07-03T10:30;2025-07-03T10:45;43;EUR;MWh;NO;NO;110.5;42.84;110.5;42.84;2;UP_AND_DOWN
2025-07-03T10:45;2025-07-03T11:00;44;EUR;MWh;NO;NO;82.98;13;82.98;82.98;1;UP
2025-07-03T11:00;2025-07-03T11:15;45;EUR;MWh;NO;NO;88;;88;88;1;UP
2025-07-03T11:15;2025-07-03T11:30;46;EUR;MWh;NO;NO;100;;100;100;1;UP
2025-07-03T11:30;2025-07-03T11:45;47;EUR;MWh;NO;NO;78.56;;78.56;0;2;UP_AND_DOWN
2025-07-03T11:45;2025-07-03T12:00;48;EUR;MWh;NO;NO;78.66;-49;78.66;-49;2;UP_AND_DOWN
2025-07-03T12:00;2025-07-03T12:15;49;EUR;MWh;NO;NO;;-59.9;-59.9;-59.9;-1;DOWN
2025-07-03T12:15;2025-07-03T12:30;50;EUR;MWh;NO;NO;68.26;-49;68.26;-49;2;UP_AND_DOWN
2025-07-03T12:30;2025-07-03T12:45;51;EUR;MWh;NO;NO;95;-30;95;-30;2;UP_AND_DOWN
2025-07-03T12:45;2025-07-03T13:00;52;EUR;MWh;NO;NO;76.36;-10;76.36;-10;2;UP_AND_DOWN
2025-07-03T13:00;2025-07-03T13:15;53;EUR;MWh;NO;NO;76;-18.5;76;-18.5;2;UP_AND_DOWN
2025-07-03T13:15;2025-07-03T13:30;54;EUR;MWh;NO;NO;58.46;;58.46;58.46;1;UP
2025-07-03T13:30;2025-07-03T13:45;55;EUR;MWh;NO;NO;68.46;-30;68.46;-30;2;UP_AND_DOWN
2025-07-03T13:45;2025-07-03T14:00;56;EUR;MWh;NO;NO;68.46;-50;68.46;-50;2;UP_AND_DOWN
2025-07-03T14:00;2025-07-03T14:15;57;EUR;MWh;NO;NO;;-49;-49;-49;-1;DOWN
2025-07-03T14:15;2025-07-03T14:30;58;EUR;MWh;NO;NO;;-52.98;-52.98;-52.98;-1;DOWN
2025-07-03T14:30;2025-07-03T14:45;59;EUR;MWh;NO;NO;;-41;-41;-41;-1;DOWN
2025-07-03T14:45;2025-07-03T15:00;60;EUR;MWh;NO;NO;51;-52.78;51;-52.78;2;UP_AND_DOWN
2025-07-03T15:00;2025-07-03T15:15;61;EUR;MWh;NO;NO;51;-64.58;51;-64.58;2;UP_AND_DOWN
2025-07-03T15:15;2025-07-03T15:30;62;EUR;MWh;NO;NO;;-70;-70;-70;-1;DOWN
2025-07-03T15:30;2025-07-03T15:45;63;EUR;MWh;NO;NO;78.56;-49;78.56;-49;2;UP_AND_DOWN
2025-07-03T15:45;2025-07-03T16:00;64;EUR;MWh;NO;NO;78.46;-35;78.46;-35;2;UP_AND_DOWN
2025-07-03T16:00;2025-07-03T16:15;65;EUR;MWh;NO;NO;51;-60;51;-60;2;UP_AND_DOWN
2025-07-03T16:15;2025-07-03T16:30;66;EUR;MWh;NO;NO;58.56;-59.8;58.56;-59.8;2;UP_AND_DOWN
2025-07-03T16:30;2025-07-03T16:45;67;EUR;MWh;NO;NO;76.36;-49;76.36;-49;2;UP_AND_DOWN
2025-07-03T16:45;2025-07-03T17:00;68;EUR;MWh;NO;NO;76.36;-70;-70;-70;-1;DOWN
2025-07-03T17:00;2025-07-03T17:15;69;EUR;MWh;NO;NO;58.56;-65;58.56;-65;2;UP_AND_DOWN
2025-07-03T17:15;2025-07-03T17:30;70;EUR;MWh;NO;NO;82.78;59.67;82.78;82.78;1;UP
2025-07-03T17:30;2025-07-03T17:45;71;EUR;MWh;NO;NO;85.78;75;85.78;85.78;1;UP
2025-07-03T17:45;2025-07-03T18:00;72;EUR;MWh;NO;NO;82.78;70.1;82.78;43.94;2;UP_AND_DOWN
2025-07-03T18:00;2025-07-03T18:15;73;EUR;MWh;NO;NO;;-49;-49;-49;-1;DOWN
2025-07-03T18:15;2025-07-03T18:30;74;EUR;MWh;NO;NO;;-35;-35;-35;-1;DOWN
2025-07-03T18:30;2025-07-03T18:45;75;EUR;MWh;NO;NO;94.88;17.2;94.88;17.2;2;UP_AND_DOWN
2025-07-03T18:45;2025-07-03T19:00;76;EUR;MWh;NO;NO;78.56;50;78.56;43.84;2;UP_AND_DOWN
2025-07-03T19:00;2025-07-03T19:15;77;EUR;MWh;NO;NO;;62.69;62.69;62.69;-1;DOWN
2025-07-03T19:15;2025-07-03T19:30;78;EUR;MWh;NO;NO;82.78;69.18;82.78;60.75;2;UP_AND_DOWN
2025-07-03T19:30;2025-07-03T19:45;79;EUR;MWh;NO;NO;87.88;70.1;87.88;60.75;2;UP_AND_DOWN
2025-07-03T19:45;2025-07-03T20:00;80;EUR;MWh;NO;NO;97.98;;97.98;97.98;1;UP
2025-07-03T20:00;2025-07-03T20:15;81;EUR;MWh;NO;NO;110.6;;110.6;110.6;1;UP
2025-07-03T20:15;2025-07-03T20:30;82;EUR;MWh;NO;NO;150.1;;150.1;150.1;1;UP
2025-07-03T20:30;2025-07-03T20:45;83;EUR;MWh;NO;NO;150.2;;150.2;150.2;1;UP
2025-07-03T20:45;2025-07-03T21:00;84;EUR;MWh;NO;NO;149.9;;149.9;149.9;1;UP
2025-07-03T21:00;2025-07-03T21:15;85;EUR;MWh;NO;NO;148.78;;148.78;148.78;1;UP
2025-07-03T21:15;2025-07-03T21:30;86;EUR;MWh;NO;NO;122.9;;122.9;122.9;1;UP
2025-07-03T21:30;2025-07-03T21:45;87;EUR;MWh;NO;NO;82.88;;82.88;82.88;1;UP
2025-07-03T21:45;2025-07-03T22:00;88;EUR;MWh;NO;NO;82.88;;82.88;82.88;1;UP
2025-07-03T22:00;2025-07-03T22:15;89;EUR;MWh;NO;NO;110.4;;110.4;110.4;1;UP
2025-07-03T22:15;2025-07-03T22:30;90;EUR;MWh;NO;NO;58.56;75.68;62;62;2;UP_AND_DOWN
2025-07-03T22:30;2025-07-03T22:45;91;EUR;MWh;NO;NO;78.46;77.69;78.46;62;2;UP_AND_DOWN
2025-07-03T22:45;2025-07-03T23:00;92;EUR;MWh;NO;NO;;65.33;65.33;65.33;-1;DOWN
2025-07-03T23:00;2025-07-03T23:15;93;EUR;MWh;NO;NO;;62.43;62.43;62.43;-1;DOWN
2025-07-03T23:15;2025-07-03T23:30;94;EUR;MWh;NO;NO;85.08;114;85.08;81;2;UP_AND_DOWN
2025-07-03T23:30;2025-07-03T23:45;95;EUR;MWh;NO;NO;82.78;110;82.78;79;2;UP_AND_DOWN
2025-07-03T23:45;2025-07-04T00:00;96;EUR;MWh;NO;NO;;71.83;71.83;71.83;-1;DOWN
2025-07-04T00:00;2025-07-04T00:15;1;EUR;MWh;NO;NO;124.4;74.18;124.4;124.4;1;UP
2025-07-04T00:15;2025-07-04T00:30;2;EUR;MWh;NO;NO;124.4;;124.4;124.4;1;UP
2025-07-04T00:30;2025-07-04T00:45;3;EUR;MWh;NO;NO;119;84;119;52;2;UP_AND_DOWN
2025-07-04T00:45;2025-07-04T01:00;4;EUR;MWh;NO;NO;10;77.79;49.5;49.5;0;STABLE
2025-07-04T01:00;2025-07-04T01:15;5;EUR;MWh;NO;NO;110.6;;110.6;110.6;1;UP
2025-07-04T01:15;2025-07-04T01:30;6;EUR;MWh;NO;NO;110.64;;110.64;110.64;1;UP
2025-07-04T01:30;2025-07-04T01:45;7;EUR;MWh;NO;NO;124.5;;124.5;124.5;1;UP
2025-07-04T01:45;2025-07-04T02:00;8;EUR;MWh;NO;NO;110.64;;110.64;110.64;1;UP
2025-07-04T02:00;2025-07-04T02:15;9;EUR;MWh;NO;NO;124.6;;124.6;124.6;1;UP
2025-07-04T02:15;2025-07-04T02:30;10;EUR;MWh;NO;NO;110.5;;110.5;110.5;1;UP
2025-07-04T02:30;2025-07-04T02:45;11;EUR;MWh;NO;NO;110.8;;110.8;110.8;1;UP
2025-07-04T02:45;2025-07-04T03:00;12;EUR;MWh;NO;NO;109.5;;109.5;109.5;1;UP
2025-07-04T03:00;2025-07-04T03:15;13;EUR;MWh;NO;NO;110.7;;110.7;110.7;1;UP
2025-07-04T03:15;2025-07-04T03:30;14;EUR;MWh;NO;NO;110.7;;110.7;110.7;1;UP
2025-07-04T03:30;2025-07-04T03:45;15;EUR;MWh;NO;NO;110.7;;110.7;110.7;1;UP
2025-07-04T03:45;2025-07-04T04:00;16;EUR;MWh;NO;NO;118.5;;118.5;118.5;1;UP
2025-07-04T04:00;2025-07-04T04:15;17;EUR;MWh;NO;NO;110.64;;110.64;110.64;1;UP
2025-07-04T04:15;2025-07-04T04:30;18;EUR;MWh;NO;NO;110.6;;110.6;110.6;1;UP
2025-07-04T04:30;2025-07-04T04:45;19;EUR;MWh;NO;NO;100.64;;100.64;100.64;1;UP
2025-07-04T04:45;2025-07-04T05:00;20;EUR;MWh;NO;NO;100.64;;100.64;100.64;1;UP
2025-07-04T05:00;2025-07-04T05:15;21;EUR;MWh;NO;NO;126.8;;126.8;126.8;1;UP
2025-07-04T05:15;2025-07-04T05:30;22;EUR;MWh;NO;NO;126.8;;126.8;126.8;1;UP
2025-07-04T05:30;2025-07-04T05:45;23;EUR;MWh;NO;NO;126.8;;126.8;126.8;1;UP
2025-07-04T05:45;2025-07-04T06:00;24;EUR;MWh;NO;NO;126.8;;126.8;126.8;1;UP
2025-07-04T06:00;2025-07-04T06:15;25;EUR;MWh;NO;NO;145;;145;145;1;UP
2025-07-04T06:15;2025-07-04T06:30;26;EUR;MWh;NO;NO;140;;140;140;1;UP
2025-07-04T06:30;2025-07-04T06:45;27;EUR;MWh;NO;NO;126.5;;126.5;126.5;1;UP
2025-07-04T06:45;2025-07-04T07:00;28;EUR;MWh;NO;NO;110.8;;110.8;110.8;1;UP
2025-07-04T07:00;2025-07-04T07:15;29;EUR;MWh;NO;NO;130.98;;130.98;130.98;1;UP
2025-07-04T07:15;2025-07-04T07:30;30;EUR;MWh;NO;NO;120.98;;120.98;120.98;1;UP
2025-07-04T07:30;2025-07-04T07:45;31;EUR;MWh;NO;NO;110.7;69.03;110.7;65;2;UP_AND_DOWN
2025-07-04T07:45;2025-07-04T08:00;32;EUR;MWh;NO;NO;;57.6;57.6;57.6;-1;DOWN
2025-07-04T08:00;2025-07-04T08:15;33;EUR;MWh;NO;NO;90;65.98;90;65;2;UP_AND_DOWN
2025-07-04T08:15;2025-07-04T08:30;34;EUR;MWh;NO;NO;110.7;79;110.7;65;2;UP_AND_DOWN
2025-07-04T08:30;2025-07-04T08:45;35;EUR;MWh;NO;NO;58.56;10;61.5;10;2;UP_AND_DOWN
2025-07-04T08:45;2025-07-04T09:00;36;EUR;MWh;NO;NO;;-30;-30;-30;-1;DOWN
2025-07-04T09:00;2025-07-04T09:15;37;EUR;MWh;NO;NO;78.56;68;78.56;57.5;2;UP_AND_DOWN
2025-07-04T09:15;2025-07-04T09:30;38;EUR;MWh;NO;NO;10;95;54;54;0;STABLE
2025-07-04T09:30;2025-07-04T09:45;39;EUR;MWh;NO;NO;;10;10;10;-1;DOWN
2025-07-04T09:45;2025-07-04T10:00;40;EUR;MWh;NO;NO;;-47.9;-47.9;-47.9;-1;DOWN
2025-07-04T10:00;2025-07-04T10:15;41;EUR;MWh;NO;NO;10;10;50;10;2;UP_AND_DOWN
2025-07-04T10:15;2025-07-04T10:30;42;EUR;MWh;NO;NO;;-43.8;-43.8;-43.8;-1;DOWN
2025-07-04T10:30;2025-07-04T10:45;43;EUR;MWh;NO;NO;;-49.9;-49.9;-49.9;-1;DOWN
2025-07-04T10:45;2025-07-04T11:00;44;EUR;MWh;NO;NO;;-39.9;-39.9;-39.9;-1;DOWN
2025-07-04T11:00;2025-07-04T11:15;45;EUR;MWh;NO;NO;;-40;-40;-40;-1;DOWN
2025-07-04T11:15;2025-07-04T11:30;46;EUR;MWh;NO;NO;;-41;-41;-41;-1;DOWN
2025-07-04T11:30;2025-07-04T11:45;47;EUR;MWh;NO;NO;;-49;-49;-49;-1;DOWN
2025-07-04T11:45;2025-07-04T12:00;48;EUR;MWh;NO;NO;58.16;-70;58.16;-70;2;UP_AND_DOWN
2025-07-04T12:00;2025-07-04T12:15;49;EUR;MWh;NO;NO;10;-60;-60;-60;-1;DOWN
2025-07-04T12:15;2025-07-04T12:30;50;EUR;MWh;NO;NO;;-49;-49;-49;-1;DOWN
2025-07-04T12:30;2025-07-04T12:45;51;EUR;MWh;NO;NO;;-49;-49;-49;-1;DOWN
2025-07-04T12:45;2025-07-04T13:00;52;EUR;MWh;NO;NO;;-70;-70;-70;-1;DOWN
2025-07-04T13:00;2025-07-04T13:15;53;EUR;MWh;NO;NO;;-65;-65;-65;-1;DOWN
2025-07-04T13:15;2025-07-04T13:30;54;EUR;MWh;NO;NO;10;-30;-30;-30;-1;DOWN
2025-07-04T13:30;2025-07-04T13:45;55;EUR;MWh;NO;NO;51;10;51;10;2;UP_AND_DOWN
2025-07-04T13:45;2025-07-04T14:00;56;EUR;MWh;NO;NO;10;;10;10;1;UP
2025-07-04T14:00;2025-07-04T14:15;57;EUR;MWh;NO;NO;58.56;-30;58.56;-30;2;UP_AND_DOWN
2025-07-04T14:15;2025-07-04T14:30;58;EUR;MWh;NO;NO;10;-60;34.79;-60;2;UP_AND_DOWN
2025-07-04T14:30;2025-07-04T14:45;59;EUR;MWh;NO;NO;;-30;-30;-30;-1;DOWN
2025-07-04T14:45;2025-07-04T15:00;60;EUR;MWh;NO;NO;;-59.9;-59.9;-59.9;-1;DOWN
2025-07-04T15:00;2025-07-04T15:15;61;EUR;MWh;NO;NO;51;-543.71;51;-543.71;2;UP_AND_DOWN
2025-07-04T15:15;2025-07-04T15:30;62;EUR;MWh;NO;NO;51;-50;-50;-50;-1;DOWN
2025-07-04T15:30;2025-07-04T15:45;63;EUR;MWh;NO;NO;50;-35;-35;-35;-1;DOWN
2025-07-04T15:45;2025-07-04T16:00;64;EUR;MWh;NO;NO;;-30;-30;-30;-1;DOWN
2025-07-04T16:00;2025-07-04T16:15;65;EUR;MWh;NO;NO;58.56;-50;58.56;-50;2;UP_AND_DOWN
2025-07-04T16:15;2025-07-04T16:30;66;EUR;MWh;NO;NO;58.56;-60;58.56;-60;2;UP_AND_DOWN
2025-07-04T16:30;2025-07-04T16:45;67;EUR;MWh;NO;NO;50;-49;50;-49;2;UP_AND_DOWN
2025-07-04T16:45;2025-07-04T17:00;68;EUR;MWh;NO;NO;;-69.9;-69.9;-69.9;-1;DOWN
2025-07-04T17:00;2025-07-04T17:15;69;EUR;MWh;NO;NO;50;-37.9;-37.9;-37.9;-1;DOWN
2025-07-04T17:15;2025-07-04T17:30;70;EUR;MWh;NO;NO;60;10;60;10;2;UP_AND_DOWN
2025-07-04T17:30;2025-07-04T17:45;71;EUR;MWh;NO;NO;50;-30;-30;-30;-1;DOWN
2025-07-04T17:45;2025-07-04T18:00;72;EUR;MWh;NO;NO;51;-26;51;-26;2;UP_AND_DOWN
2025-07-04T18:00;2025-07-04T18:15;73;EUR;MWh;NO;NO;10;-30;-30;-30;-1;DOWN
2025-07-04T18:15;2025-07-04T18:30;74;EUR;MWh;NO;NO;10;-49;-49;-49;-1;DOWN
2025-07-04T18:30;2025-07-04T18:45;75;EUR;MWh;NO;NO;84.88;-412.09;84.88;-412.09;2;UP_AND_DOWN
2025-07-04T18:45;2025-07-04T19:00;76;EUR;MWh;NO;NO;53;-60;53;-60;2;UP_AND_DOWN
2025-07-04T19:00;2025-07-04T19:15;77;EUR;MWh;NO;NO;;-49.9;-49.9;-49.9;-1;DOWN
2025-07-04T19:15;2025-07-04T19:30;78;EUR;MWh;NO;NO;;-30;-30;-30;-1;DOWN
2025-07-04T19:30;2025-07-04T19:45;79;EUR;MWh;NO;NO;;10;10;10;-1;DOWN
2025-07-04T19:45;2025-07-04T20:00;80;EUR;MWh;NO;NO;;66.88;66.88;66.88;-1;DOWN
2025-07-04T20:00;2025-07-04T20:15;81;EUR;MWh;NO;NO;;62.49;62.49;62.49;-1;DOWN
2025-07-04T20:15;2025-07-04T20:30;82;EUR;MWh;NO;NO;51;67.59;60.75;60.75;2;UP_AND_DOWN
2025-07-04T20:30;2025-07-04T20:45;83;EUR;MWh;NO;NO;110.5;;110.5;110.5;1;UP
2025-07-04T20:45;2025-07-04T21:00;84;EUR;MWh;NO;NO;78.56;;78.56;78.56;1;UP
2025-07-04T21:00;2025-07-04T21:15;85;EUR;MWh;NO;NO;68.56;;68.56;68.56;1;UP
2025-07-04T21:15;2025-07-04T21:30;86;EUR;MWh;NO;NO;45;;45;45;1;UP
2025-07-04T21:30;2025-07-04T21:45;87;EUR;MWh;NO;NO;50;44;44;44;-1;DOWN
2025-07-04T21:45;2025-07-04T22:00;88;EUR;MWh;NO;NO;;43.2;43.2;43.2;-1;DOWN
2025-07-04T22:00;2025-07-04T22:15;89;EUR;MWh;NO;NO;44;25.5;25.5;25.5;-1;DOWN
2025-07-04T22:15;2025-07-04T22:30;90;EUR;MWh;NO;NO;44;49.27;68;49.27;2;UP_AND_DOWN
2025-07-04T22:30;2025-07-04T22:45;91;EUR;MWh;NO;NO;;52.94;52.94;52.94;-1;DOWN
2025-07-04T22:45;2025-07-04T23:00;92;EUR;MWh;NO;NO;;25.5;25.5;25.5;-1;DOWN
2025-07-04T23:00;2025-07-04T23:15;93;EUR;MWh;NO;NO;80;23.08;80;23.08;2;UP_AND_DOWN
2025-07-04T23:15;2025-07-04T23:30;94;EUR;MWh;NO;NO;90;67.18;90;61.22;2;UP_AND_DOWN
2025-07-04T23:30;2025-07-04T23:45;95;EUR;MWh;NO;NO;;25;25;25;-1;DOWN
2025-07-04T23:45;2025-07-05T00:00;96;EUR;MWh;NO;NO;;35.98;35.98;35.98;-1;DOWN
2025-07-05T00:00;2025-07-05T00:15;1;EUR;MWh;NO;NO;124.65;32.98;124.65;32.98;2;UP_AND_DOWN
2025-07-05T00:15;2025-07-05T00:30;2;EUR;MWh;NO;NO;114.62;;114.62;114.62;1;UP
2025-07-05T00:30;2025-07-05T00:45;3;EUR;MWh;NO;NO;92.88;75.75;92.88;64.88;2;UP_AND_DOWN
2025-07-05T00:45;2025-07-05T01:00;4;EUR;MWh;NO;NO;;64;64;64;-1;DOWN
2025-07-05T01:00;2025-07-05T01:15;5;EUR;MWh;NO;NO;;45;45;45;-1;DOWN
2025-07-05T01:15;2025-07-05T01:30;6;EUR;MWh;NO;NO;78.46;65;79.28;65;2;UP_AND_DOWN
2025-07-05T01:30;2025-07-05T01:45;7;EUR;MWh;NO;NO;;65;65;65;-1;DOWN
2025-07-05T01:45;2025-07-05T02:00;8;EUR;MWh;NO;NO;78.46;59.61;78.46;59.61;2;UP_AND_DOWN
2025-07-05T02:00;2025-07-05T02:15;9;EUR;MWh;NO;NO;;35;35;35;-1;DOWN
2025-07-05T02:15;2025-07-05T02:30;10;EUR;MWh;NO;NO;58.56;52.48;52.48;52.48;-1;DOWN
2025-07-05T02:30;2025-07-05T02:45;11;EUR;MWh;NO;NO;78.46;48;78.46;48;2;UP_AND_DOWN
2025-07-05T02:45;2025-07-05T03:00;12;EUR;MWh;NO;NO;113.65;;113.65;113.65;1;UP
2025-07-05T03:00;2025-07-05T03:15;13;EUR;MWh;NO;NO;82.98;77.32;82.98;82.98;1;UP
2025-07-05T03:15;2025-07-05T03:30;14;EUR;MWh;NO;NO;68;69.61;68;67.68;2;UP_AND_DOWN
2025-07-05T03:30;2025-07-05T03:45;15;EUR;MWh;NO;NO;;65;65;65;-1;DOWN
2025-07-05T03:45;2025-07-05T04:00;16;EUR;MWh;NO;NO;;10;10;10;-1;DOWN
2025-07-05T04:00;2025-07-05T04:15;17;EUR;MWh;NO;NO;;44.72;44.72;44.72;-1;DOWN
2025-07-05T04:15;2025-07-05T04:30;18;EUR;MWh;NO;NO;;58.48;58.48;58.48;-1;DOWN
2025-07-05T04:30;2025-07-05T04:45;19;EUR;MWh;NO;NO;;44.72;44.72;44.72;-1;DOWN
2025-07-05T04:45;2025-07-05T05:00;20;EUR;MWh;NO;NO;;26.83;26.83;26.83;-1;DOWN
2025-07-05T05:00;2025-07-05T05:15;21;EUR;MWh;NO;NO;;-9.48;-9.48;-9.48;-1;DOWN
2025-07-05T05:15;2025-07-05T05:30;22;EUR;MWh;NO;NO;;18.38;18.38;18.38;-1;DOWN
2025-07-05T05:30;2025-07-05T05:45;23;EUR;MWh;NO;NO;;-9.69;-9.69;-9.69;-1;DOWN
2025-07-05T05:45;2025-07-05T06:00;24;EUR;MWh;NO;NO;;-9.69;-9.69;-9.69;-1;DOWN
2025-07-05T06:00;2025-07-05T06:15;25;EUR;MWh;NO;NO;;-60;-60;-60;-1;DOWN
2025-07-05T06:15;2025-07-05T06:30;26;EUR;MWh;NO;NO;;-50.17;-50.17;-50.17;-1;DOWN
2025-07-05T06:30;2025-07-05T06:45;27;EUR;MWh;NO;NO;;-59.8;-59.8;-59.8;-1;DOWN
2025-07-05T06:45;2025-07-05T07:00;28;EUR;MWh;NO;NO;;-69.35;-69.35;-69.35;-1;DOWN
2025-07-05T07:00;2025-07-05T07:15;29;EUR;MWh;NO;NO;;-60;-60;-60;-1;DOWN
2025-07-05T07:15;2025-07-05T07:30;30;EUR;MWh;NO;NO;;-41.2;-41.2;-41.2;-1;DOWN
2025-07-05T07:30;2025-07-05T07:45;31;EUR;MWh;NO;NO;;-55;-55;-55;-1;DOWN
2025-07-05T07:45;2025-07-05T08:00;32;EUR;MWh;NO;NO;;-41.2;-41.2;-41.2;-1;DOWN
2025-07-05T08:00;2025-07-05T08:15;33;EUR;MWh;NO;NO;41;-19.29;-19.29;-19.29;-1;DOWN
2025-07-05T08:15;2025-07-05T08:30;34;EUR;MWh;NO;NO;44;;54.73;0;2;UP_AND_DOWN
2025-07-05T08:30;2025-07-05T08:45;35;EUR;MWh;NO;NO;;-30;-30;-30;-1;DOWN
2025-07-05T08:45;2025-07-05T09:00;36;EUR;MWh;NO;NO;41;10;10;10;-1;DOWN
2025-07-05T09:00;2025-07-05T09:15;37;EUR;MWh;NO;NO;;-14.14;-14.14;-14.14;-1;DOWN
2025-07-05T09:15;2025-07-05T09:30;38;EUR;MWh;NO;NO;41;-14.14;54.73;-14.14;2;UP_AND_DOWN
2025-07-05T09:30;2025-07-05T09:45;39;EUR;MWh;NO;NO;41;-14.67;49.23;-14.67;2;UP_AND_DOWN
2025-07-05T09:45;2025-07-05T10:00;40;EUR;MWh;NO;NO;41;-30;49.23;-30;2;UP_AND_DOWN
2025-07-05T10:00;2025-07-05T10:15;41;EUR;MWh;NO;NO;;-38.57;-38.57;-38.57;-1;DOWN
2025-07-05T10:15;2025-07-05T10:30;42;EUR;MWh;NO;NO;;-60;-60;-60;-1;DOWN
2025-07-05T10:30;2025-07-05T10:45;43;EUR;MWh;NO;NO;;-75;-75;-75;-1;DOWN
2025-07-05T10:45;2025-07-05T11:00;44;EUR;MWh;NO;NO;;-80.8;-80.8;-80.8;-1;DOWN
2025-07-05T11:00;2025-07-05T11:15;45;EUR;MWh;NO;NO;;-64.11;-64.11;-64.11;-1;DOWN
2025-07-05T11:15;2025-07-05T11:30;46;EUR;MWh;NO;NO;;-62.29;-62.29;-62.29;-1;DOWN
2025-07-05T11:30;2025-07-05T11:45;47;EUR;MWh;NO;NO;;-70;-70;-70;-1;DOWN
2025-07-05T11:45;2025-07-05T12:00;48;EUR;MWh;NO;NO;;-60;-60;-60;-1;DOWN
2025-07-05T12:00;2025-07-05T12:15;49;EUR;MWh;NO;NO;;-65.11;-65.11;-65.11;-1;DOWN
2025-07-05T12:15;2025-07-05T12:30;50;EUR;MWh;NO;NO;;-30;-30;-30;-1;DOWN
2025-07-05T12:30;2025-07-05T12:45;51;EUR;MWh;NO;NO;;-18.5;-18.5;-18.5;-1;DOWN
2025-07-05T12:45;2025-07-05T13:00;52;EUR;MWh;NO;NO;2;-30;-30;-30;-1;DOWN
2025-07-05T13:00;2025-07-05T13:15;53;EUR;MWh;NO;NO;;-30;-30;-30;-1;DOWN
2025-07-05T13:15;2025-07-05T13:30;54;EUR;MWh;NO;NO;2;-27.49;34.73;-27.49;2;UP_AND_DOWN
2025-07-05T13:30;2025-07-05T13:45;55;EUR;MWh;NO;NO;;-18.01;-18.01;-18.01;-1;DOWN
2025-07-05T13:45;2025-07-05T14:00;56;EUR;MWh;NO;NO;;-18.01;-18.01;-18.01;-1;DOWN
2025-07-05T14:00;2025-07-05T14:15;57;EUR;MWh;NO;NO;;-54.8;-54.8;-54.8;-1;DOWN
2025-07-05T14:15;2025-07-05T14:30;58;EUR;MWh;NO;NO;2;-3.4;-3.4;-3.4;-1;DOWN
2025-07-05T14:30;2025-07-05T14:45;59;EUR;MWh;NO;NO;1;-9.45;-9.45;-9.45;-1;DOWN
2025-07-05T14:45;2025-07-05T15:00;60;EUR;MWh;NO;NO;;-30;-30;-30;-1;DOWN
2025-07-05T15:00;2025-07-05T15:15;61;EUR;MWh;NO;NO;;-68.4;-68.4;-68.4;-1;DOWN
2025-07-05T15:15;2025-07-05T15:30;62;EUR;MWh;NO;NO;2;-27.49;-27.49;-27.49;-1;DOWN
2025-07-05T15:30;2025-07-05T15:45;63;EUR;MWh;NO;NO;;-30;-30;-30;-1;DOWN
2025-07-05T15:45;2025-07-05T16:00;64;EUR;MWh;NO;NO;;-54.1;-54.1;-54.1;-1;DOWN
2025-07-05T16:00;2025-07-05T16:15;65;EUR;MWh;NO;NO;2;-67.9;34.73;-67.9;2;UP_AND_DOWN
2025-07-05T16:15;2025-07-05T16:30;66;EUR;MWh;NO;NO;;-28;-28;-28;-1;DOWN
2025-07-05T16:30;2025-07-05T16:45;67;EUR;MWh;NO;NO;;-30;-30;-30;-1;DOWN
2025-07-05T16:45;2025-07-05T17:00;68;EUR;MWh;NO;NO;;-70;-70;-70;-1;DOWN
2025-07-05T17:00;2025-07-05T17:15;69;EUR;MWh;NO;NO;;-64.31;-64.31;-64.31;-1;DOWN
2025-07-05T17:15;2025-07-05T17:30;70;EUR;MWh;NO;NO;74.79;-87.36;74.79;-87.36;2;UP_AND_DOWN
2025-07-05T17:30;2025-07-05T17:45;71;EUR;MWh;NO;NO;75;-80.8;75;-80.8;2;UP_AND_DOWN
2025-07-05T17:45;2025-07-05T18:00;72;EUR;MWh;NO;NO;76.33;-43.5;76.33;-43.5;2;UP_AND_DOWN
2025-07-05T18:00;2025-07-05T18:15;73;EUR;MWh;NO;NO;78.56;-43;78.56;-43;2;UP_AND_DOWN
2025-07-05T18:15;2025-07-05T18:30;74;EUR;MWh;NO;NO;68.36;-29.9;68.36;-29.9;2;UP_AND_DOWN
2025-07-05T18:30;2025-07-05T18:45;75;EUR;MWh;NO;NO;68.56;-42.39;68.56;-42.39;2;UP_AND_DOWN
2025-07-05T18:45;2025-07-05T19:00;76;EUR;MWh;NO;NO;95.97;-43;95.97;-43;2;UP_AND_DOWN
2025-07-05T19:00;2025-07-05T19:15;77;EUR;MWh;NO;NO;100;10;100;10;2;UP_AND_DOWN
2025-07-05T19:15;2025-07-05T19:30;78;EUR;MWh;NO;NO;120.5;-4.8;120.5;-4.8;2;UP_AND_DOWN
2025-07-05T19:30;2025-07-05T19:45;79;EUR;MWh;NO;NO;110.9;64.61;110.9;59.25;2;UP_AND_DOWN
2025-07-05T19:45;2025-07-05T20:00;80;EUR;MWh;NO;NO;79.23;5;79.23;5;2;UP_AND_DOWN
2025-07-05T20:00;2025-07-05T20:15;81;EUR;MWh;NO;NO;49;69.61;69.61;69.61;-1;DOWN
2025-07-05T20:15;2025-07-05T20:30;82;EUR;MWh;NO;NO;78.46;77.42;78.46;60.71;2;UP_AND_DOWN
2025-07-05T20:30;2025-07-05T20:45;83;EUR;MWh;NO;NO;103;;103;103;1;UP
2025-07-05T20:45;2025-07-05T21:00;84;EUR;MWh;NO;NO;106.84;66.03;106.84;60.66;2;UP_AND_DOWN
2025-07-05T21:00;2025-07-05T21:15;85;EUR;MWh;NO;NO;;65.92;65.92;65.92;-1;DOWN
2025-07-05T21:15;2025-07-05T21:30;86;EUR;MWh;NO;NO;;72;72;72;-1;DOWN
2025-07-05T21:30;2025-07-05T21:45;87;EUR;MWh;NO;NO;;49.61;49.61;49.61;-1;DOWN
2025-07-05T21:45;2025-07-05T22:00;88;EUR;MWh;NO;NO;;52.82;52.82;52.82;-1;DOWN
2025-07-05T22:00;2025-07-05T22:15;89;EUR;MWh;NO;NO;58.56;67;60.02;60.02;2;UP_AND_DOWN
2025-07-05T22:15;2025-07-05T22:30;90;EUR;MWh;NO;NO;88.13;59.61;88.13;59.61;2;UP_AND_DOWN
2025-07-05T22:30;2025-07-05T22:45;91;EUR;MWh;NO;NO;;59.61;59.61;59.61;-1;DOWN
2025-07-05T22:45;2025-07-05T23:00;92;EUR;MWh;NO;NO;;24.61;24.61;24.61;-1;DOWN
2025-07-05T23:00;2025-07-05T23:15;93;EUR;MWh;NO;NO;93.65;59.61;93.65;59.61;2;UP_AND_DOWN
2025-07-05T23:15;2025-07-05T23:30;94;EUR;MWh;NO;NO;;52.82;52.82;52.82;-1;DOWN
2025-07-05T23:30;2025-07-05T23:45;95;EUR;MWh;NO;NO;;52.82;52.82;52.82;-1;DOWN
2025-07-05T23:45;2025-07-06T00:00;96;EUR;MWh;NO;NO;;52.82;52.82;52.82;-1;DOWN
2025-07-06T00:00;2025-07-06T00:15;1;EUR;MWh;NO;NO;89.66;50;89.66;50;2;UP_AND_DOWN
2025-07-06T00:15;2025-07-06T00:30;2;EUR;MWh;NO;NO;102.98;;102.98;102.98;1;UP
2025-07-06T00:30;2025-07-06T00:45;3;EUR;MWh;NO;NO;90;;90;90;1;UP
2025-07-06T00:45;2025-07-06T01:00;4;EUR;MWh;NO;NO;61;65.19;69.28;65.19;2;UP_AND_DOWN
2025-07-06T01:00;2025-07-06T01:15;5;EUR;MWh;NO;NO;75;35;75;35;2;UP_AND_DOWN
2025-07-06T01:15;2025-07-06T01:30;6;EUR;MWh;NO;NO;;44.03;44.03;44.03;-1;DOWN
2025-07-06T01:30;2025-07-06T01:45;7;EUR;MWh;NO;NO;;44.03;44.03;44.03;-1;DOWN
2025-07-06T01:45;2025-07-06T02:00;8;EUR;MWh;NO;NO;;43.09;43.09;43.09;-1;DOWN
2025-07-06T02:00;2025-07-06T02:15;9;EUR;MWh;NO;NO;;48;48;48;-1;DOWN
2025-07-06T02:15;2025-07-06T02:30;10;EUR;MWh;NO;NO;58.56;58.09;63.52;58.09;2;UP_AND_DOWN
2025-07-06T02:30;2025-07-06T02:45;11;EUR;MWh;NO;NO;108.46;59.13;108.46;59.13;2;UP_AND_DOWN
2025-07-06T02:45;2025-07-06T03:00;12;EUR;MWh;NO;NO;107.13;;107.13;107.13;1;UP
2025-07-06T03:00;2025-07-06T03:15;13;EUR;MWh;NO;NO;122.7;;122.7;122.7;1;UP
2025-07-06T03:15;2025-07-06T03:30;14;EUR;MWh;NO;NO;130;;130;130;1;UP
2025-07-06T03:30;2025-07-06T03:45;15;EUR;MWh;NO;NO;159.98;;159.98;159.98;1;UP
2025-07-06T03:45;2025-07-06T04:00;16;EUR;MWh;NO;NO;179.32;;179.32;179.32;1;UP
2025-07-06T04:00;2025-07-06T04:15;17;EUR;MWh;NO;NO;110.6;77;77;77;-1;DOWN
2025-07-06T04:15;2025-07-06T04:30;18;EUR;MWh;NO;NO;83.83;90;83.83;83.83;1;UP
2025-07-06T04:30;2025-07-06T04:45;19;EUR;MWh;NO;NO;150.9;;150.9;150.9;1;UP
2025-07-06T04:45;2025-07-06T05:00;20;EUR;MWh;NO;NO;159.98;;159.98;159.98;1;UP
2025-07-06T05:00;2025-07-06T05:15;21;EUR;MWh;NO;NO;150.9;;150.9;150.9;1;UP
2025-07-06T05:15;2025-07-06T05:30;22;EUR;MWh;NO;NO;122.6;;122.6;122.6;1;UP
2025-07-06T05:30;2025-07-06T05:45;23;EUR;MWh;NO;NO;150;;150;150;1;UP
2025-07-06T05:45;2025-07-06T06:00;24;EUR;MWh;NO;NO;150;;150;150;1;UP
2025-07-06T06:00;2025-07-06T06:15;25;EUR;MWh;NO;NO;110.4;;110.4;110.4;1;UP
2025-07-06T06:15;2025-07-06T06:30;26;EUR;MWh;NO;NO;77.42;80;79.28;79.28;2;UP_AND_DOWN
2025-07-06T06:30;2025-07-06T06:45;27;EUR;MWh;NO;NO;;80;80;80;-1;DOWN
2025-07-06T06:45;2025-07-06T07:00;28;EUR;MWh;NO;NO;;-514.04;-514.04;-514.04;-1;DOWN
2025-07-06T07:00;2025-07-06T07:15;29;EUR;MWh;NO;NO;;-50;-50;-50;-1;DOWN
2025-07-06T07:15;2025-07-06T07:30;30;EUR;MWh;NO;NO;110.5;95;110.5;77.78;2;UP_AND_DOWN
2025-07-06T07:30;2025-07-06T07:45;31;EUR;MWh;NO;NO;110.5;72.97;110.5;72.97;2;UP_AND_DOWN
2025-07-06T07:45;2025-07-06T08:00;32;EUR;MWh;NO;NO;;10;10;10;-1;DOWN
2025-07-06T08:00;2025-07-06T08:15;33;EUR;MWh;NO;NO;;10;10;10;-1;DOWN
2025-07-06T08:15;2025-07-06T08:30;34;EUR;MWh;NO;NO;;-14.14;-14.14;-14.14;-1;DOWN
2025-07-06T08:30;2025-07-06T08:45;35;EUR;MWh;NO;NO;;-14.04;-14.04;-14.04;-1;DOWN
2025-07-06T08:45;2025-07-06T09:00;36;EUR;MWh;NO;NO;;-50;-50;-50;-1;DOWN
2025-07-06T09:00;2025-07-06T09:15;37;EUR;MWh;NO;NO;;-30;-30;-30;-1;DOWN
2025-07-06T09:15;2025-07-06T09:30;38;EUR;MWh;NO;NO;;-26.94;-26.94;-26.94;-1;DOWN
2025-07-06T09:30;2025-07-06T09:45;39;EUR;MWh;NO;NO;;-5;-5;-5;-1;DOWN
2025-07-06T09:45;2025-07-06T10:00;40;EUR;MWh;NO;NO;;-5.1;-5.1;-5.1;-1;DOWN
2025-07-06T10:00;2025-07-06T10:15;41;EUR;MWh;NO;NO;;9.57;9.57;9.57;-1;DOWN
2025-07-06T10:15;2025-07-06T10:30;42;EUR;MWh;NO;NO;;34.65;34.65;34.65;-1;DOWN
2025-07-06T10:30;2025-07-06T10:45;43;EUR;MWh;NO;NO;;-30;-30;-30;-1;DOWN
2025-07-06T10:45;2025-07-06T11:00;44;EUR;MWh;NO;NO;;-5.1;-5.1;-5.1;-1;DOWN
2025-07-06T11:00;2025-07-06T11:15;45;EUR;MWh;NO;NO;58.56;50;58.56;50;2;UP_AND_DOWN
2025-07-06T11:15;2025-07-06T11:30;46;EUR;MWh;NO;NO;;52.91;52.91;52.91;-1;DOWN
2025-07-06T11:30;2025-07-06T11:45;47;EUR;MWh;NO;NO;77.42;63.34;77.42;56.8;2;UP_AND_DOWN
2025-07-06T11:45;2025-07-06T12:00;48;EUR;MWh;NO;NO;78.56;;78.56;78.56;1;UP
2025-07-06T12:00;2025-07-06T12:15;49;EUR;MWh;NO;NO;107.81;;107.81;107.81;1;UP
2025-07-06T12:15;2025-07-06T12:30;50;EUR;MWh;NO;NO;120.2;;120.2;120.2;1;UP
2025-07-06T12:30;2025-07-06T12:45;51;EUR;MWh;NO;NO;180;;180;180;1;UP
2025-07-06T12:45;2025-07-06T13:00;52;EUR;MWh;NO;NO;144.4;;144.4;144.4;1;UP
2025-07-06T13:00;2025-07-06T13:15;53;EUR;MWh;NO;NO;161.85;;161.85;161.85;1;UP
2025-07-06T13:15;2025-07-06T13:30;54;EUR;MWh;NO;NO;205;;205;205;1;UP
2025-07-06T13:30;2025-07-06T13:45;55;EUR;MWh;NO;NO;150;;150;150;1;UP
2025-07-06T13:45;2025-07-06T14:00;56;EUR;MWh;NO;NO;110.7;50;110.7;50;2;UP_AND_DOWN
2025-07-06T14:00;2025-07-06T14:15;57;EUR;MWh;NO;NO;110.7;11.67;11.67;11.67;-1;DOWN
2025-07-06T14:15;2025-07-06T14:30;58;EUR;MWh;NO;NO;;43.29;43.29;43.29;-1;DOWN
2025-07-06T14:30;2025-07-06T14:45;59;EUR;MWh;NO;NO;;43.29;43.29;43.29;-1;DOWN
2025-07-06T14:45;2025-07-06T15:00;60;EUR;MWh;NO;NO;;10;10;10;-1;DOWN
2025-07-06T15:00;2025-07-06T15:15;61;EUR;MWh;NO;NO;68.56;-29.9;68.56;-29.9;2;UP_AND_DOWN
2025-07-06T15:15;2025-07-06T15:30;62;EUR;MWh;NO;NO;49;10;10;10;-1;DOWN
2025-07-06T15:30;2025-07-06T15:45;63;EUR;MWh;NO;NO;;10;10;10;-1;DOWN
2025-07-06T15:45;2025-07-06T16:00;64;EUR;MWh;NO;NO;;10;10;10;-1;DOWN
2025-07-06T16:00;2025-07-06T16:15;65;EUR;MWh;NO;NO;;-29.1;-29.1;-29.1;-1;DOWN
2025-07-06T16:15;2025-07-06T16:30;66;EUR;MWh;NO;NO;;-30;-30;-30;-1;DOWN
2025-07-06T16:30;2025-07-06T16:45;67;EUR;MWh;NO;NO;;-49;-49;-49;-1;DOWN
2025-07-06T16:45;2025-07-06T17:00;68;EUR;MWh;NO;NO;;-60;-60;-60;-1;DOWN
2025-07-06T17:00;2025-07-06T17:15;69;EUR;MWh;NO;NO;77.52;69.59;77.52;61.42;2;UP_AND_DOWN
2025-07-06T17:15;2025-07-06T17:30;70;EUR;MWh;NO;NO;110.8;;110.8;110.8;1;UP
2025-07-06T17:30;2025-07-06T17:45;71;EUR;MWh;NO;NO;124.77;;124.77;124.77;1;UP
2025-07-06T17:45;2025-07-06T18:00;72;EUR;MWh;NO;NO;150;;150;150;1;UP
2025-07-06T18:00;2025-07-06T18:15;73;EUR;MWh;NO;NO;150.6;;150.6;150.6;1;UP
2025-07-06T18:15;2025-07-06T18:30;74;EUR;MWh;NO;NO;150;;150;150;1;UP
2025-07-06T18:30;2025-07-06T18:45;75;EUR;MWh;NO;NO;96.9;;96.9;96.9;1;UP
2025-07-06T18:45;2025-07-06T19:00;76;EUR;MWh;NO;NO;82.56;55.53;55.53;55.53;-1;DOWN
2025-07-06T19:00;2025-07-06T19:15;77;EUR;MWh;NO;NO;;64;64;64;-1;DOWN
2025-07-06T19:15;2025-07-06T19:30;78;EUR;MWh;NO;NO;;75.34;75.34;75.34;-1;DOWN
2025-07-06T19:30;2025-07-06T19:45;79;EUR;MWh;NO;NO;58.56;72.73;72.73;72.73;-1;DOWN
2025-07-06T19:45;2025-07-06T20:00;80;EUR;MWh;NO;NO;110.7;;110.7;110.7;1;UP
2025-07-06T20:00;2025-07-06T20:15;81;EUR;MWh;NO;NO;78.56;73.69;78.56;61.42;2;UP_AND_DOWN
2025-07-06T20:15;2025-07-06T20:30;82;EUR;MWh;NO;NO;106.06;72.73;106.06;106.06;1;UP
2025-07-06T20:30;2025-07-06T20:45;83;EUR;MWh;NO;NO;122.5;;122.5;122.5;1;UP
2025-07-06T20:45;2025-07-06T21:00;84;EUR;MWh;NO;NO;150;;150;150;1;UP
2025-07-06T21:00;2025-07-06T21:15;85;EUR;MWh;NO;NO;299.9;;299.9;299.9;1;UP
2025-07-06T21:15;2025-07-06T21:30;86;EUR;MWh;NO;NO;450.1;;450.1;450.1;1;UP
2025-07-06T21:30;2025-07-06T21:45;87;EUR;MWh;NO;NO;500;;500;500;1;UP
2025-07-06T21:45;2025-07-06T22:00;88;EUR;MWh;NO;NO;1965;;1965;1965;1;UP
2025-07-06T22:00;2025-07-06T22:15;89;EUR;MWh;NO;NO;1965;;1965;1965;1;UP
2025-07-06T22:15;2025-07-06T22:30;90;EUR;MWh;NO;NO;1965;;1965;1965;1;UP
2025-07-06T22:30;2025-07-06T22:45;91;EUR;MWh;NO;NO;1965;;1965;1965;1;UP
2025-07-06T22:45;2025-07-06T23:00;92;EUR;MWh;NO;NO;559.98;;559.98;559.98;1;UP
2025-07-06T23:00;2025-07-06T23:15;93;EUR;MWh;NO;NO;1965;;1965;1965;1;UP
2025-07-06T23:15;2025-07-06T23:30;94;EUR;MWh;NO;NO;626.5;;626.5;626.5;1;UP
2025-07-06T23:30;2025-07-06T23:45;95;EUR;MWh;NO;NO;707.92;;707.92;707.92;1;UP
2025-07-06T23:45;2025-07-07T00:00;96;EUR;MWh;NO;NO;140;29.79;140;29.79;2;UP_AND_DOWN
2025-07-07T00:00;2025-07-07T00:15;1;EUR;MWh;NO;NO;140;24.75;24.75;24.75;-1;DOWN
2025-07-07T00:15;2025-07-07T00:30;2;EUR;MWh;NO;NO;;30.8;30.8;30.8;-1;DOWN
2025-07-07T00:30;2025-07-07T00:45;3;EUR;MWh;NO;NO;;45.8;45.8;45.8;-1;DOWN
2025-07-07T00:45;2025-07-07T01:00;4;EUR;MWh;NO;NO;;59.98;59.98;59.98;-1;DOWN
2025-07-07T01:00;2025-07-07T01:15;5;EUR;MWh;NO;NO;;67.08;67.08;67.08;-1;DOWN
2025-07-07T01:15;2025-07-07T01:30;6;EUR;MWh;NO;NO;;57.98;57.98;57.98;-1;DOWN
2025-07-07T01:30;2025-07-07T01:45;7;EUR;MWh;NO;NO;;55;55;55;-1;DOWN
2025-07-07T01:45;2025-07-07T02:00;8;EUR;MWh;NO;NO;;57.98;57.98;57.98;-1;DOWN
2025-07-07T02:00;2025-07-07T02:15;9;EUR;MWh;NO;NO;56;63.98;67;63.98;2;UP_AND_DOWN
2025-07-07T02:15;2025-07-07T02:30;10;EUR;MWh;NO;NO;84.72;70.13;84.72;65.01;2;UP_AND_DOWN
2025-07-07T02:30;2025-07-07T02:45;11;EUR;MWh;NO;NO;84.98;;84.98;84.98;1;UP
2025-07-07T02:45;2025-07-07T03:00;12;EUR;MWh;NO;NO;85.98;75.13;85.98;64.62;2;UP_AND_DOWN
2025-07-07T03:00;2025-07-07T03:15;13;EUR;MWh;NO;NO;98.98;;98.98;98.98;1;UP
2025-07-07T03:15;2025-07-07T03:30;14;EUR;MWh;NO;NO;90;;90;90;1;UP
2025-07-07T03:30;2025-07-07T03:45;15;EUR;MWh;NO;NO;68.56;62;79.28;62;2;UP_AND_DOWN
2025-07-07T03:45;2025-07-07T04:00;16;EUR;MWh;NO;NO;;30.7;30.7;30.7;-1;DOWN
2025-07-07T04:00;2025-07-07T04:15;17;EUR;MWh;NO;NO;;30.7;30.7;30.7;-1;DOWN
2025-07-07T04:15;2025-07-07T04:30;18;EUR;MWh;NO;NO;;68.18;68.18;68.18;-1;DOWN
2025-07-07T04:30;2025-07-07T04:45;19;EUR;MWh;NO;NO;;70.13;70.13;70.13;-1;DOWN
2025-07-07T04:45;2025-07-07T05:00;20;EUR;MWh;NO;NO;;55.58;55.58;55.58;-1;DOWN
2025-07-07T05:00;2025-07-07T05:15;21;EUR;MWh;NO;NO;;50.73;50.73;50.73;-1;DOWN
2025-07-07T05:15;2025-07-07T05:30;22;EUR;MWh;NO;NO;;51.98;51.98;51.98;-1;DOWN
2025-07-07T05:30;2025-07-07T05:45;23;EUR;MWh;NO;NO;;51.98;51.98;51.98;-1;DOWN
2025-07-07T05:45;2025-07-07T06:00;24;EUR;MWh;NO;NO;;45.98;45.98;45.98;-1;DOWN
2025-07-07T06:00;2025-07-07T06:15;25;EUR;MWh;NO;NO;111.59;57.98;111.59;57.98;2;UP_AND_DOWN
2025-07-07T06:15;2025-07-07T06:30;26;EUR;MWh;NO;NO;94.98;;94.98;94.98;1;UP
2025-07-07T06:30;2025-07-07T06:45;27;EUR;MWh;NO;NO;57;;57;57;1;UP
2025-07-07T06:45;2025-07-07T07:00;28;EUR;MWh;NO;NO;58;55;67.59;55;2;UP_AND_DOWN
2025-07-07T07:00;2025-07-07T07:15;29;EUR;MWh;NO;NO;;36;36;36;-1;DOWN
2025-07-07T07:15;2025-07-07T07:30;30;EUR;MWh;NO;NO;;55;55;55;-1;DOWN
2025-07-07T07:30;2025-07-07T07:45;31;EUR;MWh;NO;NO;;30.5;30.5;30.5;-1;DOWN
2025-07-07T07:45;2025-07-07T08:00;32;EUR;MWh;NO;NO;;29.12;29.12;29.12;-1;DOWN
2025-07-07T08:00;2025-07-07T08:15;33;EUR;MWh;NO;NO;;40;40;40;-1;DOWN
2025-07-07T08:15;2025-07-07T08:30;34;EUR;MWh;NO;NO;;36;36;36;-1;DOWN
2025-07-07T08:30;2025-07-07T08:45;35;EUR;MWh;NO;NO;;-5;-5;-5;-1;DOWN
2025-07-07T08:45;2025-07-07T09:00;36;EUR;MWh;NO;NO;;7.74;7.74;7.74;-1;DOWN
2025-07-07T09:00;2025-07-07T09:15;37;EUR;MWh;NO;NO;;56.19;56.19;56.19;-1;DOWN
2025-07-07T09:15;2025-07-07T09:30;38;EUR;MWh;NO;NO;;30.6;30.6;30.6;-1;DOWN
2025-07-07T09:30;2025-07-07T09:45;39;EUR;MWh;NO;NO;;30.6;30.6;30.6;-1;DOWN
2025-07-07T09:45;2025-07-07T10:00;40;EUR;MWh;NO;NO;;10;10;10;-1;DOWN
2025-07-07T10:00;2025-07-07T10:15;41;EUR;MWh;NO;NO;78.56;-70;78.56;-70;2;UP_AND_DOWN
2025-07-07T10:15;2025-07-07T10:30;42;EUR;MWh;NO;NO;;-49;-49;-49;-1;DOWN
2025-07-07T10:30;2025-07-07T10:45;43;EUR;MWh;NO;NO;;5.9;5.9;5.9;-1;DOWN
2025-07-07T10:45;2025-07-07T11:00;44;EUR;MWh;NO;NO;78.22;-49;78.22;-49;2;UP_AND_DOWN
2025-07-07T11:00;2025-07-07T11:15;45;EUR;MWh;NO;NO;84.82;;84.82;84.82;1;UP
2025-07-07T11:15;2025-07-07T11:30;46;EUR;MWh;NO;NO;79.42;;79.42;79.42;1;UP
2025-07-07T11:30;2025-07-07T11:45;47;EUR;MWh;NO;NO;78.56;;78.56;78.56;1;UP
2025-07-07T11:45;2025-07-07T12:00;48;EUR;MWh;NO;NO;70.1;30.6;70.1;30.6;2;UP_AND_DOWN
2025-07-07T12:00;2025-07-07T12:15;49;EUR;MWh;NO;NO;;-30;-30;-30;-1;DOWN
2025-07-07T12:15;2025-07-07T12:30;50;EUR;MWh;NO;NO;;-9.8;-9.8;-9.8;-1;DOWN
2025-07-07T12:30;2025-07-07T12:45;51;EUR;MWh;NO;NO;;10;10;10;-1;DOWN
2025-07-07T12:45;2025-07-07T13:00;52;EUR;MWh;NO;NO;68.66;48;68.66;48;2;UP_AND_DOWN
2025-07-07T13:00;2025-07-07T13:15;53;EUR;MWh;NO;NO;74.32;-18.5;74.32;-18.5;2;UP_AND_DOWN
2025-07-07T13:15;2025-07-07T13:30;54;EUR;MWh;NO;NO;133;;133;133;1;UP
2025-07-07T13:30;2025-07-07T13:45;55;EUR;MWh;NO;NO;110.5;;110.5;110.5;1;UP
2025-07-07T13:45;2025-07-07T14:00;56;EUR;MWh;NO;NO;58.66;32;58.66;58.66;1;UP
2025-07-07T14:00;2025-07-07T14:15;57;EUR;MWh;NO;NO;;10;10;10;-1;DOWN
2025-07-07T14:15;2025-07-07T14:30;58;EUR;MWh;NO;NO;66.7;-55;66.7;-55;2;UP_AND_DOWN
2025-07-07T14:30;2025-07-07T14:45;59;EUR;MWh;NO;NO;84.82;-18.5;84.82;-18.5;2;UP_AND_DOWN
2025-07-07T14:45;2025-07-07T15:00;60;EUR;MWh;NO;NO;77;-24.8;77;-24.8;2;UP_AND_DOWN
2025-07-07T15:00;2025-07-07T15:15;61;EUR;MWh;NO;NO;78.56;-7.1;78.56;-7.1;2;UP_AND_DOWN
2025-07-07T15:15;2025-07-07T15:30;62;EUR;MWh;NO;NO;;-42.8;-42.8;-42.8;-1;DOWN
2025-07-07T15:30;2025-07-07T15:45;63;EUR;MWh;NO;NO;74.32;-45.2;74.32;-45.2;2;UP_AND_DOWN
2025-07-07T15:45;2025-07-07T16:00;64;EUR;MWh;NO;NO;60;-27.49;60;-27.49;2;UP_AND_DOWN
2025-07-07T16:00;2025-07-07T16:15;65;EUR;MWh;NO;NO;72.32;-30;72.32;-30;2;UP_AND_DOWN
2025-07-07T16:15;2025-07-07T16:30;66;EUR;MWh;NO;NO;44;-59.8;44;-59.8;2;UP_AND_DOWN
2025-07-07T16:30;2025-07-07T16:45;67;EUR;MWh;NO;NO;78.56;-30;78.56;-30;2;UP_AND_DOWN
2025-07-07T16:45;2025-07-07T17:00;68;EUR;MWh;NO;NO;77.32;-49;77.32;-49;2;UP_AND_DOWN
2025-07-07T17:00;2025-07-07T17:15;69;EUR;MWh;NO;NO;;-30;-30;-30;-1;DOWN
2025-07-07T17:15;2025-07-07T17:30;70;EUR;MWh;NO;NO;59.8;-14.14;59.8;-14.14;2;UP_AND_DOWN
2025-07-07T17:30;2025-07-07T17:45;71;EUR;MWh;NO;NO;74.32;-21.82;74.32;-21.82;2;UP_AND_DOWN
2025-07-07T17:45;2025-07-07T18:00;72;EUR;MWh;NO;NO;58.56;-12.89;59.5;-12.89;2;UP_AND_DOWN
2025-07-07T18:00;2025-07-07T18:15;73;EUR;MWh;NO;NO;100;10;100;100;1;UP
2025-07-07T18:15;2025-07-07T18:30;74;EUR;MWh;NO;NO;149.9;;149.9;149.9;1;UP
2025-07-07T18:30;2025-07-07T18:45;75;EUR;MWh;NO;NO;130.12;;130.12;130.12;1;UP
2025-07-07T18:45;2025-07-07T19:00;76;EUR;MWh;NO;NO;129;;129;129;1;UP
2025-07-07T19:00;2025-07-07T19:15;77;EUR;MWh;NO;NO;95.08;;95.08;95.08;1;UP
2025-07-07T19:15;2025-07-07T19:30;78;EUR;MWh;NO;NO;88.42;75.37;88.42;88.42;1;UP
2025-07-07T19:30;2025-07-07T19:45;79;EUR;MWh;NO;NO;72.42;67.34;72.42;60.44;2;UP_AND_DOWN
2025-07-07T19:45;2025-07-07T20:00;80;EUR;MWh;NO;NO;84.72;5.57;84.72;5.57;2;UP_AND_DOWN
2025-07-07T20:00;2025-07-07T20:15;81;EUR;MWh;NO;NO;;10;10;10;-1;DOWN
2025-07-07T20:15;2025-07-07T20:30;82;EUR;MWh;NO;NO;78.56;75.62;78.56;60.61;2;UP_AND_DOWN
2025-07-07T20:30;2025-07-07T20:45;83;EUR;MWh;NO;NO;91.18;;91.18;91.18;1;UP
2025-07-07T20:45;2025-07-07T21:00;84;EUR;MWh;NO;NO;97;;97;97;1;UP
2025-07-07T21:00;2025-07-07T21:15;85;EUR;MWh;NO;NO;136.08;58.14;136.08;58.14;2;UP_AND_DOWN
2025-07-07T21:15;2025-07-07T21:30;86;EUR;MWh;NO;NO;;58.14;58.14;58.14;-1;DOWN
2025-07-07T21:30;2025-07-07T21:45;87;EUR;MWh;NO;NO;78.56;58.14;78.56;58.14;2;UP_AND_DOWN
2025-07-07T21:45;2025-07-07T22:00;88;EUR;MWh;NO;NO;97;;97;97;1;UP
2025-07-07T22:00;2025-07-07T22:15;89;EUR;MWh;NO;NO;109.82;;109.82;109.82;1;UP
2025-07-07T22:15;2025-07-07T22:30;90;EUR;MWh;NO;NO;97;;97;97;1;UP
2025-07-07T22:30;2025-07-07T22:45;91;EUR;MWh;NO;NO;102.08;;102.08;102.08;1;UP
2025-07-07T22:45;2025-07-07T23:00;92;EUR;MWh;NO;NO;128.5;52.89;128.5;52.89;2;UP_AND_DOWN
2025-07-07T23:00;2025-07-07T23:15;93;EUR;MWh;NO;NO;44;55;55;55;-1;DOWN
2025-07-07T23:15;2025-07-07T23:30;94;EUR;MWh;NO;NO;;65.24;65.24;65.24;-1;DOWN
2025-07-07T23:30;2025-07-07T23:45;95;EUR;MWh;NO;NO;88.56;74.46;88.56;61.53;2;UP_AND_DOWN
2025-07-07T23:45;2025-07-08T00:00;96;EUR;MWh;NO;NO;58.56;65.82;60.04;60.04;2;UP_AND_DOWN
2025-07-08T00:00;2025-07-08T00:15;1;EUR;MWh;NO;NO;110.5;68.29;110.5;-159.64;2;UP_AND_DOWN
2025-07-08T00:15;2025-07-08T00:30;2;EUR;MWh;NO;NO;92.67;65.31;92.67;-159.64;2;UP_AND_DOWN
2025-07-08T00:30;2025-07-08T00:45;3;EUR;MWh;NO;NO;98.13;66;98.13;-159.64;2;UP_AND_DOWN
2025-07-08T00:45;2025-07-08T01:00;4;EUR;MWh;NO;NO;102.67;80.73;102.67;102.67;1;UP
2025-07-08T01:00;2025-07-08T01:15;5;EUR;MWh;NO;NO;110.9;;110.9;110.9;1;UP
2025-07-08T01:15;2025-07-08T01:30;6;EUR;MWh;NO;NO;92.8;60;92.8;-159.64;2;UP_AND_DOWN
2025-07-08T01:30;2025-07-08T01:45;7;EUR;MWh;NO;NO;;47.48;47.48;47.48;-1;DOWN
2025-07-08T01:45;2025-07-08T02:00;8;EUR;MWh;NO;NO;;31;31;31;-1;DOWN
2025-07-08T02:00;2025-07-08T02:15;9;EUR;MWh;NO;NO;;1.58;1.58;1.58;-1;DOWN
2025-07-08T02:15;2025-07-08T02:30;10;EUR;MWh;NO;NO;;-50.45;-50.45;-50.45;-1;DOWN
2025-07-08T02:30;2025-07-08T02:45;11;EUR;MWh;NO;NO;;-2.77;-2.77;-2.77;-1;DOWN
2025-07-08T02:45;2025-07-08T03:00;12;EUR;MWh;NO;NO;;4.57;4.57;4.57;-1;DOWN
2025-07-08T03:00;2025-07-08T03:15;13;EUR;MWh;NO;NO;83.36;60.31;60.31;60.31;-1;DOWN
2025-07-08T03:15;2025-07-08T03:30;14;EUR;MWh;NO;NO;110.8;78.98;110.8;-159.64;2;UP_AND_DOWN
2025-07-08T03:30;2025-07-08T03:45;15;EUR;MWh;NO;NO;177;;177;177;1;UP
2025-07-08T03:45;2025-07-08T04:00;16;EUR;MWh;NO;NO;715;;715;715;1;UP
2025-07-08T04:00;2025-07-08T04:15;17;EUR;MWh;NO;NO;1965;;1965;1965;1;UP
2025-07-08T04:15;2025-07-08T04:30;18;EUR;MWh;NO;NO;119.95;;119.95;119.95;1;UP
2025-07-08T04:30;2025-07-08T04:45;19;EUR;MWh;NO;NO;83.56;;83.56;83.56;1;UP
2025-07-08T04:45;2025-07-08T05:00;20;EUR;MWh;NO;NO;75.46;55.16;75.46;-159.64;2;UP_AND_DOWN
2025-07-08T05:00;2025-07-08T05:15;21;EUR;MWh;NO;NO;110.5;52;110.5;-159.64;2;UP_AND_DOWN
2025-07-08T05:15;2025-07-08T05:30;22;EUR;MWh;NO;NO;78.56;77.33;77.33;77.33;-1;DOWN
2025-07-08T05:30;2025-07-08T05:45;23;EUR;MWh;NO;NO;78.56;70.41;70.41;70.41;-1;DOWN
2025-07-08T05:45;2025-07-08T06:00;24;EUR;MWh;NO;NO;;46;46;46;-1;DOWN
2025-07-08T06:00;2025-07-08T06:15;25;EUR;MWh;NO;NO;;46;46;46;-1;DOWN
2025-07-08T06:15;2025-07-08T06:30;26;EUR;MWh;NO;NO;;52;52;52;-1;DOWN
2025-07-08T06:30;2025-07-08T06:45;27;EUR;MWh;NO;NO;;-10;-10;-10;-1;DOWN
2025-07-08T06:45;2025-07-08T07:00;28;EUR;MWh;NO;NO;;-60;-60;-60;-1;DOWN
2025-07-08T07:00;2025-07-08T07:15;29;EUR;MWh;NO;NO;;-10;-10;-10;-1;DOWN
2025-07-08T07:15;2025-07-08T07:30;30;EUR;MWh;NO;NO;;49;49;49;-1;DOWN
2025-07-08T07:30;2025-07-08T07:45;31;EUR;MWh;NO;NO;;65.72;65.72;65.72;-1;DOWN
2025-07-08T07:45;2025-07-08T08:00;32;EUR;MWh;NO;NO;140;72.32;140;-160.73;2;UP_AND_DOWN
2025-07-08T08:00;2025-07-08T08:15;33;EUR;MWh;NO;NO;177;;177;177;1;UP
2025-07-08T08:15;2025-07-08T08:30;34;EUR;MWh;NO;NO;110.5;;110.5;110.5;1;UP
2025-07-08T08:30;2025-07-08T08:45;35;EUR;MWh;NO;NO;106;;106;106;1;UP
2025-07-08T08:45;2025-07-08T09:00;36;EUR;MWh;NO;NO;78.56;22;78.56;-160;2;UP_AND_DOWN
2025-07-08T09:00;2025-07-08T09:15;37;EUR;MWh;NO;NO;;4.57;4.57;4.57;-1;DOWN
2025-07-08T09:15;2025-07-08T09:30;38;EUR;MWh;NO;NO;;39;39;39;-1;DOWN
2025-07-08T09:30;2025-07-08T09:45;39;EUR;MWh;NO;NO;;10;10;10;-1;DOWN
2025-07-08T09:45;2025-07-08T10:00;40;EUR;MWh;NO;NO;;-2.88;-2.88;-2.88;-1;DOWN
2025-07-08T10:00;2025-07-08T10:15;41;EUR;MWh;NO;NO;137;54;137;54;2;UP_AND_DOWN
2025-07-08T10:15;2025-07-08T10:30;42;EUR;MWh;NO;NO;88.63;32.3;88.63;32.3;2;UP_AND_DOWN
2025-07-08T10:30;2025-07-08T10:45;43;EUR;MWh;NO;NO;;-10;-10;-10;-1;DOWN
2025-07-08T10:45;2025-07-08T11:00;44;EUR;MWh;NO;NO;;-49;-49;-49;-1;DOWN
2025-07-08T11:00;2025-07-08T11:15;45;EUR;MWh;NO;NO;;-17.39;-17.39;-17.39;-1;DOWN
2025-07-08T11:15;2025-07-08T11:30;46;EUR;MWh;NO;NO;;-30;-30;-30;-1;DOWN
2025-07-08T11:30;2025-07-08T11:45;47;EUR;MWh;NO;NO;;4.67;4.67;4.67;-1;DOWN
2025-07-08T11:45;2025-07-08T12:00;48;EUR;MWh;NO;NO;69.9;;69.9;69.9;1;UP
2025-07-08T12:00;2025-07-08T12:15;49;EUR;MWh;NO;NO;;-29.4;-29.4;-29.4;-1;DOWN
2025-07-08T12:15;2025-07-08T12:30;50;EUR;MWh;NO;NO;80;-17.21;80;-17.21;2;UP_AND_DOWN
2025-07-08T12:30;2025-07-08T12:45;51;EUR;MWh;NO;NO;;-33.69;-33.69;-33.69;-1;DOWN
2025-07-08T12:45;2025-07-08T13:00;52;EUR;MWh;NO;NO;;-30;-30;-30;-1;DOWN
2025-07-08T13:00;2025-07-08T13:15;53;EUR;MWh;NO;NO;;-49;-49;-49;-1;DOWN
2025-07-08T13:15;2025-07-08T13:30;54;EUR;MWh;NO;NO;;-30;-30;-30;-1;DOWN
2025-07-08T13:30;2025-07-08T13:45;55;EUR;MWh;NO;NO;;-30;-30;-30;-1;DOWN
2025-07-08T13:45;2025-07-08T14:00;56;EUR;MWh;NO;NO;;-49;-49;-49;-1;DOWN
2025-07-08T14:00;2025-07-08T14:15;57;EUR;MWh;NO;NO;;-53.56;-53.56;-53.56;-1;DOWN
2025-07-08T14:15;2025-07-08T14:30;58;EUR;MWh;NO;NO;;-30;-30;-30;-1;DOWN
2025-07-08T14:30;2025-07-08T14:45;59;EUR;MWh;NO;NO;;-30;-30;-30;-1;DOWN
2025-07-08T14:45;2025-07-08T15:00;60;EUR;MWh;NO;NO;;-30;-30;-30;-1;DOWN
2025-07-08T15:00;2025-07-08T15:15;61;EUR;MWh;NO;NO;78.46;-30;78.46;-30;2;UP_AND_DOWN
2025-07-08T15:15;2025-07-08T15:30;62;EUR;MWh;NO;NO;70;-60;-60;-60;-1;DOWN
2025-07-08T15:30;2025-07-08T15:45;63;EUR;MWh;NO;NO;96.47;-35.75;96.47;-35.75;2;UP_AND_DOWN
2025-07-08T15:45;2025-07-08T16:00;64;EUR;MWh;NO;NO;97;-30;97;-30;2;UP_AND_DOWN
2025-07-08T16:00;2025-07-08T16:15;65;EUR;MWh;NO;NO;;-50;-50;-50;-1;DOWN
2025-07-08T16:15;2025-07-08T16:30;66;EUR;MWh;NO;NO;73;-57.77;-57.77;-57.77;-1;DOWN
2025-07-08T16:30;2025-07-08T16:45;67;EUR;MWh;NO;NO;100;-49.24;100;-49.24;2;UP_AND_DOWN
2025-07-08T16:45;2025-07-08T17:00;68;EUR;MWh;NO;NO;109.7;-24.59;109.7;-24.59;2;UP_AND_DOWN
2025-07-08T17:00;2025-07-08T17:15;69;EUR;MWh;NO;NO;71;;71;71;1;UP
2025-07-08T17:15;2025-07-08T17:30;70;EUR;MWh;NO;NO;;-7.74;-7.74;-7.74;-1;DOWN
2025-07-08T17:30;2025-07-08T17:45;71;EUR;MWh;NO;NO;;-11;-11;-11;-1;DOWN
2025-07-08T17:45;2025-07-08T18:00;72;EUR;MWh;NO;NO;118.53;76.76;118.53;74.3;2;UP_AND_DOWN
2025-07-08T18:00;2025-07-08T18:15;73;EUR;MWh;NO;NO;98.63;53.49;98.63;53.49;2;UP_AND_DOWN
2025-07-08T18:15;2025-07-08T18:30;74;EUR;MWh;NO;NO;98;-2.9;98;-2.9;2;UP_AND_DOWN
2025-07-08T18:30;2025-07-08T18:45;75;EUR;MWh;NO;NO;88.56;4.67;88.56;4.67;2;UP_AND_DOWN
2025-07-08T18:45;2025-07-08T19:00;76;EUR;MWh;NO;NO;83.63;-30;83.63;-30;2;UP_AND_DOWN
2025-07-08T19:00;2025-07-08T19:15;77;EUR;MWh;NO;NO;;-30.2;-30.2;-30.2;-1;DOWN
2025-07-08T19:15;2025-07-08T19:30;78;EUR;MWh;NO;NO;;49.48;49.48;49.48;-1;DOWN
2025-07-08T19:30;2025-07-08T19:45;79;EUR;MWh;NO;NO;;4.57;4.57;4.57;-1;DOWN
2025-07-08T19:45;2025-07-08T20:00;80;EUR;MWh;NO;NO;;27;27;27;-1;DOWN
2025-07-08T20:00;2025-07-08T20:15;81;EUR;MWh;NO;NO;;25.38;25.38;25.38;-1;DOWN
2025-07-08T20:15;2025-07-08T20:30;82;EUR;MWh;NO;NO;87.67;40.31;87.67;40.31;2;UP_AND_DOWN
2025-07-08T20:30;2025-07-08T20:45;83;EUR;MWh;NO;NO;87.67;72.78;87.67;59.79;2;UP_AND_DOWN
2025-07-08T20:45;2025-07-08T21:00;84;EUR;MWh;NO;NO;85;68.48;85;59.79;2;UP_AND_DOWN
2025-07-08T21:00;2025-07-08T21:15;85;EUR;MWh;NO;NO;85;49;49;49;-1;DOWN
2025-07-08T21:15;2025-07-08T21:30;86;EUR;MWh;NO;NO;83.56;64;83.56;60.88;2;UP_AND_DOWN
2025-07-08T21:30;2025-07-08T21:45;87;EUR;MWh;NO;NO;83.56;68.88;83.56;59.79;2;UP_AND_DOWN
2025-07-08T21:45;2025-07-08T22:00;88;EUR;MWh;NO;NO;;58.22;58.22;58.22;-1;DOWN
2025-07-08T22:00;2025-07-08T22:15;89;EUR;MWh;NO;NO;110.6;58.42;110.6;58.42;2;UP_AND_DOWN
2025-07-08T22:15;2025-07-08T22:30;90;EUR;MWh;NO;NO;100;;100;100;1;UP
2025-07-08T22:30;2025-07-08T22:45;91;EUR;MWh;NO;NO;115.9;;115.9;115.9;1;UP
2025-07-08T22:45;2025-07-08T23:00;92;EUR;MWh;NO;NO;91;64;91;59.79;2;UP_AND_DOWN
2025-07-08T23:00;2025-07-08T23:15;93;EUR;MWh;NO;NO;100;60.47;100;60.47;2;UP_AND_DOWN
2025-07-08T23:15;2025-07-08T23:30;94;EUR;MWh;NO;NO;105;58.42;105;58.42;2;UP_AND_DOWN
2025-07-08T23:30;2025-07-08T23:45;95;EUR;MWh;NO;NO;100;71.73;100;62.37;2;UP_AND_DOWN
2025-07-08T23:45;2025-07-09T00:00;96;EUR;MWh;NO;NO;100;70.51;100;62.37;2;UP_AND_DOWN
2025-07-09T00:00;2025-07-09T00:15;1;EUR;MWh;NO;NO;;95.98;95.98;95.98;-1;DOWN
2025-07-09T00:15;2025-07-09T00:30;2;EUR;MWh;NO;NO;;77;77;77;-1;DOWN
2025-07-09T00:30;2025-07-09T00:45;3;EUR;MWh;NO;NO;;77;77;77;-1;DOWN
2025-07-09T00:45;2025-07-09T01:00;4;EUR;MWh;NO;NO;;63.06;63.06;63.06;-1;DOWN
2025-07-09T01:00;2025-07-09T01:15;5;EUR;MWh;NO;NO;;67.98;67.98;67.98;-1;DOWN
2025-07-09T01:15;2025-07-09T01:30;6;EUR;MWh;NO;NO;;62.96;62.96;62.96;-1;DOWN
2025-07-09T01:30;2025-07-09T01:45;7;EUR;MWh;NO;NO;;65.42;65.42;65.42;-1;DOWN
2025-07-09T01:45;2025-07-09T02:00;8;EUR;MWh;NO;NO;97;74.35;97;62.76;2;UP_AND_DOWN
2025-07-09T02:00;2025-07-09T02:15;9;EUR;MWh;NO;NO;89.39;;89.39;89.39;1;UP
2025-07-09T02:15;2025-07-09T02:30;10;EUR;MWh;NO;NO;106.3;;106.3;106.3;1;UP
2025-07-09T02:30;2025-07-09T02:45;11;EUR;MWh;NO;NO;110;;110;110;1;UP
2025-07-09T02:45;2025-07-09T03:00;12;EUR;MWh;NO;NO;111.7;;111.7;111.7;1;UP
2025-07-09T03:00;2025-07-09T03:15;13;EUR;MWh;NO;NO;110;;110;110;1;UP
2025-07-09T03:15;2025-07-09T03:30;14;EUR;MWh;NO;NO;77.2;;77.2;77.2;1;UP
2025-07-09T03:30;2025-07-09T03:45;15;EUR;MWh;NO;NO;94.39;;94.39;94.39;1;UP
2025-07-09T03:45;2025-07-09T04:00;16;EUR;MWh;NO;NO;84.2;73.38;84.2;84.2;1;UP
2025-07-09T04:00;2025-07-09T04:15;17;EUR;MWh;NO;NO;84.2;66.61;66.61;66.61;-1;DOWN
2025-07-09T04:15;2025-07-09T04:30;18;EUR;MWh;NO;NO;;64.72;64.72;64.72;-1;DOWN
2025-07-09T04:30;2025-07-09T04:45;19;EUR;MWh;NO;NO;83.56;72.22;83.56;72.22;2;UP_AND_DOWN
2025-07-09T04:45;2025-07-09T05:00;20;EUR;MWh;NO;NO;83.56;59.78;83.56;59.78;2;UP_AND_DOWN
2025-07-09T05:00;2025-07-09T05:15;21;EUR;MWh;NO;NO;83.56;51.61;51.61;51.61;-1;DOWN
2025-07-09T05:15;2025-07-09T05:30;22;EUR;MWh;NO;NO;;59.06;59.06;59.06;-1;DOWN
2025-07-09T05:30;2025-07-09T05:45;23;EUR;MWh;NO;NO;;65.52;65.52;65.52;-1;DOWN
2025-07-09T05:45;2025-07-09T06:00;24;EUR;MWh;NO;NO;;58.42;58.42;58.42;-1;DOWN
2025-07-09T06:00;2025-07-09T06:15;25;EUR;MWh;NO;NO;82.2;40;82.2;40;2;UP_AND_DOWN
2025-07-09T06:15;2025-07-09T06:30;26;EUR;MWh;NO;NO;78.56;77.1;78.56;62.76;2;UP_AND_DOWN
2025-07-09T06:30;2025-07-09T06:45;27;EUR;MWh;NO;NO;82.99;;82.99;82.99;1;UP
2025-07-09T06:45;2025-07-09T07:00;28;EUR;MWh;NO;NO;83.56;;83.56;83.56;1;UP
2025-07-09T07:00;2025-07-09T07:15;29;EUR;MWh;NO;NO;58.56;72.94;58.56;58.56;1;UP
2025-07-09T07:15;2025-07-09T07:30;30;EUR;MWh;NO;NO;99.2;;99.2;99.2;1;UP
2025-07-09T07:30;2025-07-09T07:45;31;EUR;MWh;NO;NO;79.53;;79.53;79.53;1;UP
2025-07-09T07:45;2025-07-09T08:00;32;EUR;MWh;NO;NO;;63.06;63.06;63.06;-1;DOWN
2025-07-09T08:00;2025-07-09T08:15;33;EUR;MWh;NO;NO;;45.3;45.3;45.3;-1;DOWN
2025-07-09T08:15;2025-07-09T08:30;34;EUR;MWh;NO;NO;;4.57;4.57;4.57;-1;DOWN
2025-07-09T08:30;2025-07-09T08:45;35;EUR;MWh;NO;NO;;-30;-30;-30;-1;DOWN
2025-07-09T08:45;2025-07-09T09:00;36;EUR;MWh;NO;NO;;-50;-50;-50;-1;DOWN
2025-07-09T09:00;2025-07-09T09:15;37;EUR;MWh;NO;NO;89.82;63;89.82;60.5;2;UP_AND_DOWN
2025-07-09T09:15;2025-07-09T09:30;38;EUR;MWh;NO;NO;89.82;56.87;56.87;56.87;-1;DOWN
2025-07-09T09:30;2025-07-09T09:45;39;EUR;MWh;NO;NO;;51.71;51.71;51.71;-1;DOWN
2025-07-09T09:45;2025-07-09T10:00;40;EUR;MWh;NO;NO;77.53;31.7;77.53;31.7;2;UP_AND_DOWN
2025-07-09T10:00;2025-07-09T10:15;41;EUR;MWh;NO;NO;111.4;31.7;111.4;111.4;1;UP
2025-07-09T10:15;2025-07-09T10:30;42;EUR;MWh;NO;NO;122.7;;122.7;122.7;1;UP
2025-07-09T10:30;2025-07-09T10:45;43;EUR;MWh;NO;NO;122.7;;122.7;122.7;1;UP
2025-07-09T10:45;2025-07-09T11:00;44;EUR;MWh;NO;NO;97;47;47;47;-1;DOWN
2025-07-09T11:00;2025-07-09T11:15;45;EUR;MWh;NO;NO;72.33;-29.05;-29.05;-29.05;-1;DOWN
2025-07-09T11:15;2025-07-09T11:30;46;EUR;MWh;NO;NO;87.63;-29.05;87.63;87.63;1;UP
2025-07-09T11:30;2025-07-09T11:45;47;EUR;MWh;NO;NO;79.33;;79.33;79.33;1;UP
2025-07-09T11:45;2025-07-09T12:00;48;EUR;MWh;NO;NO;79.43;;79.43;79.43;1;UP
2025-07-09T12:00;2025-07-09T12:15;49;EUR;MWh;NO;NO;87.43;;87.43;87.43;1;UP
2025-07-09T12:15;2025-07-09T12:30;50;EUR;MWh;NO;NO;88.56;;88.56;88.56;1;UP
2025-07-09T12:30;2025-07-09T12:45;51;EUR;MWh;NO;NO;87.43;;87.43;87.43;1;UP
2025-07-09T12:45;2025-07-09T13:00;52;EUR;MWh;NO;NO;87.43;10;10;10;-1;DOWN
2025-07-09T13:00;2025-07-09T13:15;53;EUR;MWh;NO;NO;;27;27;27;-1;DOWN
2025-07-09T13:15;2025-07-09T13:30;54;EUR;MWh;NO;NO;;;0;0;-1;DOWN
2025-07-09T13:30;2025-07-09T13:45;55;EUR;MWh;NO;NO;;-30;-30;-30;-1;DOWN
2025-07-09T13:45;2025-07-09T14:00;56;EUR;MWh;NO;NO;;-49;-49;-49;-1;DOWN
2025-07-09T14:00;2025-07-09T14:15;57;EUR;MWh;NO;NO;;-18.5;-18.5;-18.5;-1;DOWN
2025-07-09T14:15;2025-07-09T14:30;58;EUR;MWh;NO;NO;;-30;-30;-30;-1;DOWN
2025-07-09T14:30;2025-07-09T14:45;59;EUR;MWh;NO;NO;;-18.5;-18.5;-18.5;-1;DOWN
2025-07-09T14:45;2025-07-09T15:00;60;EUR;MWh;NO;NO;;-1;-1;-1;-1;DOWN
2025-07-09T15:00;2025-07-09T15:15;61;EUR;MWh;NO;NO;;-41;-41;-41;-1;DOWN
2025-07-09T15:15;2025-07-09T15:30;62;EUR;MWh;NO;NO;;;0;0;-1;DOWN
2025-07-09T15:30;2025-07-09T15:45;63;EUR;MWh;NO;NO;;2;2;2;-1;DOWN
2025-07-09T15:45;2025-07-09T16:00;64;EUR;MWh;NO;NO;;;0;0;-1;DOWN
2025-07-09T16:00;2025-07-09T16:15;65;EUR;MWh;NO;NO;;6.4;6.4;6.4;-1;DOWN
2025-07-09T16:15;2025-07-09T16:30;66;EUR;MWh;NO;NO;;47;47;47;-1;DOWN
2025-07-09T16:30;2025-07-09T16:45;67;EUR;MWh;NO;NO;;29.98;29.98;29.98;-1;DOWN
2025-07-09T16:45;2025-07-09T17:00;68;EUR;MWh;NO;NO;;10;10;10;-1;DOWN
2025-07-09T17:00;2025-07-09T17:15;69;EUR;MWh;NO;NO;77;30;78.77;30;2;UP_AND_DOWN
2025-07-09T17:15;2025-07-09T17:30;70;EUR;MWh;NO;NO;85.51;4.57;85.51;4.57;2;UP_AND_DOWN
2025-07-09T17:30;2025-07-09T17:45;71;EUR;MWh;NO;NO;71;4.57;78.77;4.57;2;UP_AND_DOWN
2025-07-09T17:45;2025-07-09T18:00;72;EUR;MWh;NO;NO;;-49;-49;-49;-1;DOWN
2025-07-09T18:00;2025-07-09T18:15;73;EUR;MWh;NO;NO;;-41;-41;-41;-1;DOWN
2025-07-09T18:15;2025-07-09T18:30;74;EUR;MWh;NO;NO;;10;10;10;-1;DOWN
2025-07-09T18:30;2025-07-09T18:45;75;EUR;MWh;NO;NO;82.33;65;82.33;65;2;UP_AND_DOWN
2025-07-09T18:45;2025-07-09T19:00;76;EUR;MWh;NO;NO;97;;97;97;1;UP
2025-07-09T19:00;2025-07-09T19:15;77;EUR;MWh;NO;NO;80.55;;80.55;80.55;1;UP
2025-07-09T19:15;2025-07-09T19:30;78;EUR;MWh;NO;NO;95.35;;95.35;95.35;1;UP
2025-07-09T19:30;2025-07-09T19:45;79;EUR;MWh;NO;NO;85.35;;85.35;85.35;1;UP
2025-07-09T19:45;2025-07-09T20:00;80;EUR;MWh;NO;NO;140;;140;140;1;UP
2025-07-09T20:00;2025-07-09T20:15;81;EUR;MWh;NO;NO;107.22;75.31;107.22;62.76;2;UP_AND_DOWN
2025-07-09T20:15;2025-07-09T20:30;82;EUR;MWh;NO;NO;107.22;;107.22;107.22;1;UP
2025-07-09T20:30;2025-07-09T20:45;83;EUR;MWh;NO;NO;102.22;;102.22;102.22;1;UP
2025-07-09T20:45;2025-07-09T21:00;84;EUR;MWh;NO;NO;109.35;;109.35;109.35;1;UP
2025-07-09T21:00;2025-07-09T21:15;85;EUR;MWh;NO;NO;88.56;;88.56;88.56;1;UP
2025-07-09T21:15;2025-07-09T21:30;86;EUR;MWh;NO;NO;99.35;;99.35;99.35;1;UP
2025-07-09T21:30;2025-07-09T21:45;87;EUR;MWh;NO;NO;117.22;;117.22;117.22;1;UP
2025-07-09T21:45;2025-07-09T22:00;88;EUR;MWh;NO;NO;127.2;;127.2;127.2;1;UP
2025-07-09T22:00;2025-07-09T22:15;89;EUR;MWh;NO;NO;99.35;;99.35;99.35;1;UP
2025-07-09T22:15;2025-07-09T22:30;90;EUR;MWh;NO;NO;121.35;;121.35;121.35;1;UP
2025-07-09T22:30;2025-07-09T22:45;91;EUR;MWh;NO;NO;125.89;;125.89;125.89;1;UP
2025-07-09T22:45;2025-07-09T23:00;92;EUR;MWh;NO;NO;105.35;59.28;59.28;59.28;-1;DOWN
2025-07-09T23:00;2025-07-09T23:15;93;EUR;MWh;NO;NO;68.56;60;68.56;68.56;1;UP
2025-07-09T23:15;2025-07-09T23:30;94;EUR;MWh;NO;NO;68.56;72.51;68.56;62.76;2;UP_AND_DOWN
2025-07-09T23:30;2025-07-09T23:45;95;EUR;MWh;NO;NO;102.22;70.91;102.22;62.76;2;UP_AND_DOWN
2025-07-09T23:45;2025-07-10T00:00;96;EUR;MWh;NO;NO;;64;64;64;-1;DOWN
2025-07-10T00:00;2025-07-10T00:15;1;EUR;MWh;NO;NO;89.93;63.18;89.93;62;2;UP_AND_DOWN
2025-07-10T00:15;2025-07-10T00:30;2;EUR;MWh;NO;NO;;69.78;69.78;69.78;-1;DOWN
2025-07-10T00:30;2025-07-10T00:45;3;EUR;MWh;NO;NO;88.54;78.03;88.54;62.05;2;UP_AND_DOWN
2025-07-10T00:45;2025-07-10T01:00;4;EUR;MWh;NO;NO;;78.13;78.13;78.13;-1;DOWN
2025-07-10T01:00;2025-07-10T01:15;5;EUR;MWh;NO;NO;113.1;79;113.1;63.91;2;UP_AND_DOWN
2025-07-10T01:15;2025-07-10T01:30;6;EUR;MWh;NO;NO;113.1;;113.1;113.1;1;UP
2025-07-10T01:30;2025-07-10T01:45;7;EUR;MWh;NO;NO;113.4;78.21;113.4;63.91;2;UP_AND_DOWN
2025-07-10T01:45;2025-07-10T02:00;8;EUR;MWh;NO;NO;150;81.01;150;150;1;UP
2025-07-10T02:00;2025-07-10T02:15;9;EUR;MWh;NO;NO;112.59;62.41;62.41;62.41;-1;DOWN
2025-07-10T02:15;2025-07-10T02:30;10;EUR;MWh;NO;NO;;53.28;53.28;53.28;-1;DOWN
2025-07-10T02:30;2025-07-10T02:45;11;EUR;MWh;NO;NO;;59.28;59.28;59.28;-1;DOWN
2025-07-10T02:45;2025-07-10T03:00;12;EUR;MWh;NO;NO;68.56;76.1;76.1;76.1;-1;DOWN
2025-07-10T03:00;2025-07-10T03:15;13;EUR;MWh;NO;NO;113.2;76.2;113.2;70.69;2;UP_AND_DOWN
2025-07-10T03:15;2025-07-10T03:30;14;EUR;MWh;NO;NO;113.2;76.2;113.2;113.2;1;UP
2025-07-10T03:30;2025-07-10T03:45;15;EUR;MWh;NO;NO;113.2;;113.2;113.2;1;UP
2025-07-10T03:45;2025-07-10T04:00;16;EUR;MWh;NO;NO;112.8;77.31;112.8;70.69;2;UP_AND_DOWN
2025-07-10T04:00;2025-07-10T04:15;17;EUR;MWh;NO;NO;113.1;;113.1;113.1;1;UP
2025-07-10T04:15;2025-07-10T04:30;18;EUR;MWh;NO;NO;113.1;;113.1;113.1;1;UP
2025-07-10T04:30;2025-07-10T04:45;19;EUR;MWh;NO;NO;113.1;;113.1;113.1;1;UP
2025-07-10T04:45;2025-07-10T05:00;20;EUR;MWh;NO;NO;120.74;;120.74;120.74;1;UP
2025-07-10T05:00;2025-07-10T05:15;21;EUR;MWh;NO;NO;110.7;;110.7;110.7;1;UP
2025-07-10T05:15;2025-07-10T05:30;22;EUR;MWh;NO;NO;113.3;;113.3;113.3;1;UP
2025-07-10T05:30;2025-07-10T05:45;23;EUR;MWh;NO;NO;113.4;81.01;113.4;63.91;2;UP_AND_DOWN
2025-07-10T05:45;2025-07-10T06:00;24;EUR;MWh;NO;NO;108.44;74.61;74.61;74.61;-1;DOWN
2025-07-10T06:00;2025-07-10T06:15;25;EUR;MWh;NO;NO;113.4;71.1;113.4;63.91;2;UP_AND_DOWN
2025-07-10T06:15;2025-07-10T06:30;26;EUR;MWh;NO;NO;113.1;;113.1;113.1;1;UP
2025-07-10T06:30;2025-07-10T06:45;27;EUR;MWh;NO;NO;129.5;;129.5;129.5;1;UP
2025-07-10T06:45;2025-07-10T07:00;28;EUR;MWh;NO;NO;129.4;;129.4;129.4;1;UP
2025-07-10T07:00;2025-07-10T07:15;29;EUR;MWh;NO;NO;158.1;;158.1;158.1;1;UP
2025-07-10T07:15;2025-07-10T07:30;30;EUR;MWh;NO;NO;150;;150;150;1;UP
2025-07-10T07:30;2025-07-10T07:45;31;EUR;MWh;NO;NO;127.3;;127.3;127.3;1;UP
2025-07-10T07:45;2025-07-10T08:00;32;EUR;MWh;NO;NO;150;;150;150;1;UP
2025-07-10T08:00;2025-07-10T08:15;33;EUR;MWh;NO;NO;141.67;;141.67;141.67;1;UP
2025-07-10T08:15;2025-07-10T08:30;34;EUR;MWh;NO;NO;154.5;;154.5;154.5;1;UP
2025-07-10T08:30;2025-07-10T08:45;35;EUR;MWh;NO;NO;125.8;;125.8;125.8;1;UP
2025-07-10T08:45;2025-07-10T09:00;36;EUR;MWh;NO;NO;99.5;;99.5;99.5;1;UP
2025-07-10T09:00;2025-07-10T09:15;37;EUR;MWh;NO;NO;58.56;;58.56;58.56;1;UP
2025-07-10T09:15;2025-07-10T09:30;38;EUR;MWh;NO;NO;102.13;;102.13;102.13;1;UP
2025-07-10T09:30;2025-07-10T09:45;39;EUR;MWh;NO;NO;113.3;;113.3;113.3;1;UP
2025-07-10T09:45;2025-07-10T10:00;40;EUR;MWh;NO;NO;123.6;;123.6;123.6;1;UP
2025-07-10T10:00;2025-07-10T10:15;41;EUR;MWh;NO;NO;249;;249;249;1;UP
2025-07-10T10:15;2025-07-10T10:30;42;EUR;MWh;NO;NO;149.3;78.44;149.3;68.78;2;UP_AND_DOWN
2025-07-10T10:30;2025-07-10T10:45;43;EUR;MWh;NO;NO;149.1;;149.1;149.1;1;UP
2025-07-10T10:45;2025-07-10T11:00;44;EUR;MWh;NO;NO;140;47;140;47;2;UP_AND_DOWN
2025-07-10T11:00;2025-07-10T11:15;45;EUR;MWh;NO;NO;78.56;71.48;78.56;68.92;2;UP_AND_DOWN
2025-07-10T11:15;2025-07-10T11:30;46;EUR;MWh;NO;NO;150;47;150;47;2;UP_AND_DOWN
2025-07-10T11:30;2025-07-10T11:45;47;EUR;MWh;NO;NO;58.56;10;10;10;-1;DOWN
2025-07-10T11:45;2025-07-10T12:00;48;EUR;MWh;NO;NO;113.1;46;113.1;46;2;UP_AND_DOWN
2025-07-10T12:00;2025-07-10T12:15;49;EUR;MWh;NO;NO;;46;46;46;-1;DOWN
2025-07-10T12:15;2025-07-10T12:30;50;EUR;MWh;NO;NO;;9.57;9.57;9.57;-1;DOWN
2025-07-10T12:30;2025-07-10T12:45;51;EUR;MWh;NO;NO;;10;10;10;-1;DOWN
2025-07-10T12:45;2025-07-10T13:00;52;EUR;MWh;NO;NO;;45;45;45;-1;DOWN
2025-07-10T13:00;2025-07-10T13:15;53;EUR;MWh;NO;NO;113.2;45;113.2;113.2;1;UP
2025-07-10T13:15;2025-07-10T13:30;54;EUR;MWh;NO;NO;153;;153;153;1;UP
2025-07-10T13:30;2025-07-10T13:45;55;EUR;MWh;NO;NO;120.74;;120.74;120.74;1;UP
2025-07-10T13:45;2025-07-10T14:00;56;EUR;MWh;NO;NO;112.84;36;112.84;36;2;UP_AND_DOWN
2025-07-10T14:00;2025-07-10T14:15;57;EUR;MWh;NO;NO;58.56;50;50;50;-1;DOWN
2025-07-10T14:15;2025-07-10T14:30;58;EUR;MWh;NO;NO;68.56;79;68.56;68.56;1;UP
2025-07-10T14:30;2025-07-10T14:45;59;EUR;MWh;NO;NO;58.56;59;59;59;-1;DOWN
2025-07-10T14:45;2025-07-10T15:00;60;EUR;MWh;NO;NO;;36;36;36;-1;DOWN
2025-07-10T15:00;2025-07-10T15:15;61;EUR;MWh;NO;NO;;-30;-30;-30;-1;DOWN
2025-07-10T15:15;2025-07-10T15:30;62;EUR;MWh;NO;NO;;-30;-30;-30;-1;DOWN
2025-07-10T15:30;2025-07-10T15:45;63;EUR;MWh;NO;NO;;16;16;16;-1;DOWN
2025-07-10T15:45;2025-07-10T16:00;64;EUR;MWh;NO;NO;;-30;-30;-30;-1;DOWN
2025-07-10T16:00;2025-07-10T16:15;65;EUR;MWh;NO;NO;;10.1;10.1;10.1;-1;DOWN
2025-07-10T16:15;2025-07-10T16:30;66;EUR;MWh;NO;NO;;76.28;76.28;76.28;-1;DOWN
2025-07-10T16:30;2025-07-10T16:45;67;EUR;MWh;NO;NO;;50.2;50.2;50.2;-1;DOWN
2025-07-10T16:45;2025-07-10T17:00;68;EUR;MWh;NO;NO;78.76;50.1;78.76;78.76;1;UP
2025-07-10T17:00;2025-07-10T17:15;69;EUR;MWh;NO;NO;;29.2;29.2;29.2;-1;DOWN
2025-07-10T17:15;2025-07-10T17:30;70;EUR;MWh;NO;NO;79;31.3;79;31.3;2;UP_AND_DOWN
2025-07-10T17:30;2025-07-10T17:45;71;EUR;MWh;NO;NO;79;-25.9;79;-25.9;2;UP_AND_DOWN
2025-07-10T17:45;2025-07-10T18:00;72;EUR;MWh;NO;NO;79;78.24;79;79;1;UP
2025-07-10T18:00;2025-07-10T18:15;73;EUR;MWh;NO;NO;106.4;;106.4;106.4;1;UP
2025-07-10T18:15;2025-07-10T18:30;74;EUR;MWh;NO;NO;122.5;;122.5;122.5;1;UP
2025-07-10T18:30;2025-07-10T18:45;75;EUR;MWh;NO;NO;113;79;113;113;1;UP
2025-07-10T18:45;2025-07-10T19:00;76;EUR;MWh;NO;NO;113.3;53.68;113.3;53.68;2;UP_AND_DOWN
2025-07-10T19:00;2025-07-10T19:15;77;EUR;MWh;NO;NO;113.2;;113.2;113.2;1;UP
2025-07-10T19:15;2025-07-10T19:30;78;EUR;MWh;NO;NO;113.2;68.34;113.2;63.91;2;UP_AND_DOWN
2025-07-10T19:30;2025-07-10T19:45;79;EUR;MWh;NO;NO;123;78.31;123;123;1;UP
2025-07-10T19:45;2025-07-10T20:00;80;EUR;MWh;NO;NO;150;;150;150;1;UP
2025-07-10T20:00;2025-07-10T20:15;81;EUR;MWh;NO;NO;113.3;;113.3;113.3;1;UP
2025-07-10T20:15;2025-07-10T20:30;82;EUR;MWh;NO;NO;123.6;;123.6;123.6;1;UP
2025-07-10T20:30;2025-07-10T20:45;83;EUR;MWh;NO;NO;150;;150;150;1;UP
2025-07-10T20:45;2025-07-10T21:00;84;EUR;MWh;NO;NO;150.6;;150.6;150.6;1;UP
2025-07-10T21:00;2025-07-10T21:15;85;EUR;MWh;NO;NO;124.6;;124.6;124.6;1;UP
2025-07-10T21:15;2025-07-10T21:30;86;EUR;MWh;NO;NO;140;;140;140;1;UP
2025-07-10T21:30;2025-07-10T21:45;87;EUR;MWh;NO;NO;150;;150;150;1;UP
2025-07-10T21:45;2025-07-10T22:00;88;EUR;MWh;NO;NO;149;;149;149;1;UP
2025-07-10T22:00;2025-07-10T22:15;89;EUR;MWh;NO;NO;120;;120;120;1;UP
2025-07-10T22:15;2025-07-10T22:30;90;EUR;MWh;NO;NO;68.56;;68.56;68.56;1;UP
2025-07-10T22:30;2025-07-10T22:45;91;EUR;MWh;NO;NO;113.3;;113.3;113.3;1;UP
2025-07-10T22:45;2025-07-10T23:00;92;EUR;MWh;NO;NO;58.56;65;63.91;63.91;2;UP_AND_DOWN
2025-07-10T23:00;2025-07-10T23:15;93;EUR;MWh;NO;NO;149;77.31;149;63.91;2;UP_AND_DOWN
2025-07-10T23:15;2025-07-10T23:30;94;EUR;MWh;NO;NO;149;82.81;149;63.91;2;UP_AND_DOWN
2025-07-10T23:30;2025-07-10T23:45;95;EUR;MWh;NO;NO;125.6;75.61;125.6;63.91;2;UP_AND_DOWN
2025-07-10T23:45;2025-07-11T00:00;96;EUR;MWh;NO;NO;150;;150;150;1;UP
2025-07-11T00:00;2025-07-11T00:15;1;EUR;MWh;NO;NO;190;;190;190;1;UP
2025-07-11T00:15;2025-07-11T00:30;2;EUR;MWh;NO;NO;125.36;;125.36;125.36;1;UP
2025-07-11T00:30;2025-07-11T00:45;3;EUR;MWh;NO;NO;125.91;;125.91;125.91;1;UP
2025-07-11T00:45;2025-07-11T01:00;4;EUR;MWh;NO;NO;154.7;;154.7;154.7;1;UP
2025-07-11T01:00;2025-07-11T01:15;5;EUR;MWh;NO;NO;140;;140;140;1;UP
2025-07-11T01:15;2025-07-11T01:30;6;EUR;MWh;NO;NO;120.53;;120.53;120.53;1;UP
2025-07-11T01:30;2025-07-11T01:45;7;EUR;MWh;NO;NO;113;;113;113;1;UP
2025-07-11T01:45;2025-07-11T02:00;8;EUR;MWh;NO;NO;58.56;79.49;58.56;58.56;1;UP
2025-07-11T02:00;2025-07-11T02:15;9;EUR;MWh;NO;NO;113.4;77;113.4;71.78;2;UP_AND_DOWN
2025-07-11T02:15;2025-07-11T02:30;10;EUR;MWh;NO;NO;78.56;77.1;78.56;71.78;2;UP_AND_DOWN
2025-07-11T02:30;2025-07-11T02:45;11;EUR;MWh;NO;NO;113.4;77.1;113.4;71.78;2;UP_AND_DOWN
2025-07-11T02:45;2025-07-11T03:00;12;EUR;MWh;NO;NO;113.3;;113.3;113.3;1;UP
2025-07-11T03:00;2025-07-11T03:15;13;EUR;MWh;NO;NO;114.67;78.18;114.67;71.77;2;UP_AND_DOWN
2025-07-11T03:15;2025-07-11T03:30;14;EUR;MWh;NO;NO;113.3;;113.3;113.3;1;UP
2025-07-11T03:30;2025-07-11T03:45;15;EUR;MWh;NO;NO;58.56;;58.56;58.56;1;UP
2025-07-11T03:45;2025-07-11T04:00;16;EUR;MWh;NO;NO;116.13;;116.13;116.13;1;UP
2025-07-11T04:00;2025-07-11T04:15;17;EUR;MWh;NO;NO;129.3;;129.3;129.3;1;UP
2025-07-11T04:15;2025-07-11T04:30;18;EUR;MWh;NO;NO;127.5;;127.5;127.5;1;UP
2025-07-11T04:30;2025-07-11T04:45;19;EUR;MWh;NO;NO;113.2;;113.2;113.2;1;UP
2025-07-11T04:45;2025-07-11T05:00;20;EUR;MWh;NO;NO;114.67;;114.67;114.67;1;UP
2025-07-11T05:00;2025-07-11T05:15;21;EUR;MWh;NO;NO;129.2;;129.2;129.2;1;UP
2025-07-11T05:15;2025-07-11T05:30;22;EUR;MWh;NO;NO;120.53;;120.53;120.53;1;UP
2025-07-11T05:30;2025-07-11T05:45;23;EUR;MWh;NO;NO;121;;121;121;1;UP
2025-07-11T05:45;2025-07-11T06:00;24;EUR;MWh;NO;NO;128.6;;128.6;128.6;1;UP
2025-07-11T06:00;2025-07-11T06:15;25;EUR;MWh;NO;NO;176.31;;176.31;176.31;1;UP
2025-07-11T06:15;2025-07-11T06:30;26;EUR;MWh;NO;NO;166;;166;166;1;UP
2025-07-11T06:30;2025-07-11T06:45;27;EUR;MWh;NO;NO;127.5;;127.5;127.5;1;UP
2025-07-11T06:45;2025-07-11T07:00;28;EUR;MWh;NO;NO;125;;125;125;1;UP
2025-07-11T07:00;2025-07-11T07:15;29;EUR;MWh;NO;NO;113.21;78.5;113.21;66.88;2;UP_AND_DOWN
2025-07-11T07:15;2025-07-11T07:30;30;EUR;MWh;NO;NO;126.74;78.1;126.74;66.94;2;UP_AND_DOWN
2025-07-11T07:30;2025-07-11T07:45;31;EUR;MWh;NO;NO;104.69;79.87;104.69;67.5;2;UP_AND_DOWN
2025-07-11T07:45;2025-07-11T08:00;32;EUR;MWh;NO;NO;120.74;;120.74;120.74;1;UP
2025-07-11T08:00;2025-07-11T08:15;33;EUR;MWh;NO;NO;125.9;;125.9;125.9;1;UP
2025-07-11T08:15;2025-07-11T08:30;34;EUR;MWh;NO;NO;149;;149;149;1;UP
2025-07-11T08:30;2025-07-11T08:45;35;EUR;MWh;NO;NO;159;;159;159;1;UP
2025-07-11T08:45;2025-07-11T09:00;36;EUR;MWh;NO;NO;125.9;;125.9;125.9;1;UP
2025-07-11T09:00;2025-07-11T09:15;37;EUR;MWh;NO;NO;154.2;;154.2;154.2;1;UP
2025-07-11T09:15;2025-07-11T09:30;38;EUR;MWh;NO;NO;182;;182;182;1;UP
2025-07-11T09:30;2025-07-11T09:45;39;EUR;MWh;NO;NO;136.85;;136.85;136.85;1;UP
2025-07-11T09:45;2025-07-11T10:00;40;EUR;MWh;NO;NO;90.85;70.08;90.85;66;2;UP_AND_DOWN
2025-07-11T10:00;2025-07-11T10:15;41;EUR;MWh;NO;NO;;10;10;10;-1;DOWN
2025-07-11T10:15;2025-07-11T10:30;42;EUR;MWh;NO;NO;;50;50;50;-1;DOWN
2025-07-11T10:30;2025-07-11T10:45;43;EUR;MWh;NO;NO;68.56;10;10;10;-1;DOWN
2025-07-11T10:45;2025-07-11T11:00;44;EUR;MWh;NO;NO;;50;50;50;-1;DOWN
2025-07-11T11:00;2025-07-11T11:15;45;EUR;MWh;NO;NO;111.63;75;111.63;74.28;2;UP_AND_DOWN
2025-07-11T11:15;2025-07-11T11:30;46;EUR;MWh;NO;NO;78.56;37.2;78.56;37.2;2;UP_AND_DOWN
2025-07-11T11:30;2025-07-11T11:45;47;EUR;MWh;NO;NO;93.46;10;93.46;10;2;UP_AND_DOWN
2025-07-11T11:45;2025-07-11T12:00;48;EUR;MWh;NO;NO;113.3;;113.3;113.3;1;UP
2025-07-11T12:00;2025-07-11T12:15;49;EUR;MWh;NO;NO;113.4;;113.4;113.4;1;UP
2025-07-11T12:15;2025-07-11T12:30;50;EUR;MWh;NO;NO;110.73;;110.73;110.73;1;UP
2025-07-11T12:30;2025-07-11T12:45;51;EUR;MWh;NO;NO;108.51;;108.51;108.51;1;UP
2025-07-11T12:45;2025-07-11T13:00;52;EUR;MWh;NO;NO;82.56;38;82.56;38;2;UP_AND_DOWN
2025-07-11T13:00;2025-07-11T13:15;53;EUR;MWh;NO;NO;82.56;39;39;39;-1;DOWN
2025-07-11T13:15;2025-07-11T13:30;54;EUR;MWh;NO;NO;;-28.33;-28.33;-28.33;-1;DOWN
2025-07-11T13:30;2025-07-11T13:45;55;EUR;MWh;NO;NO;106.8;-26.98;106.8;-26.98;2;UP_AND_DOWN
2025-07-11T13:45;2025-07-11T14:00;56;EUR;MWh;NO;NO;86.66;9.57;9.57;9.57;-1;DOWN
2025-07-11T14:00;2025-07-11T14:15;57;EUR;MWh;NO;NO;;-26.98;-26.98;-26.98;-1;DOWN
2025-07-11T14:15;2025-07-11T14:30;58;EUR;MWh;NO;NO;;48.9;48.9;48.9;-1;DOWN
2025-07-11T14:30;2025-07-11T14:45;59;EUR;MWh;NO;NO;;-13.69;-13.69;-13.69;-1;DOWN
2025-07-11T14:45;2025-07-11T15:00;60;EUR;MWh;NO;NO;;-18.5;-18.5;-18.5;-1;DOWN
2025-07-11T15:00;2025-07-11T15:15;61;EUR;MWh;NO;NO;;8;8;8;-1;DOWN
2025-07-11T15:15;2025-07-11T15:30;62;EUR;MWh;NO;NO;;-30;-30;-30;-1;DOWN
2025-07-11T15:30;2025-07-11T15:45;63;EUR;MWh;NO;NO;;-15;-15;-15;-1;DOWN
2025-07-11T15:45;2025-07-11T16:00;64;EUR;MWh;NO;NO;;-18.5;-18.5;-18.5;-1;DOWN
2025-07-11T16:00;2025-07-11T16:15;65;EUR;MWh;NO;NO;;-21;-21;-21;-1;DOWN
2025-07-11T16:15;2025-07-11T16:30;66;EUR;MWh;NO;NO;106.89;10;106.89;10;2;UP_AND_DOWN
2025-07-11T16:30;2025-07-11T16:45;67;EUR;MWh;NO;NO;141;78.2;141;62;2;UP_AND_DOWN
2025-07-11T16:45;2025-07-11T17:00;68;EUR;MWh;NO;NO;140;;140;140;1;UP
2025-07-11T17:00;2025-07-11T17:15;69;EUR;MWh;NO;NO;93.66;9.57;93.66;9.57;2;UP_AND_DOWN
2025-07-11T17:15;2025-07-11T17:30;70;EUR;MWh;NO;NO;;79.8;79.8;79.8;-1;DOWN
2025-07-11T17:30;2025-07-11T17:45;71;EUR;MWh;NO;NO;;29;29;29;-1;DOWN
2025-07-11T17:45;2025-07-11T18:00;72;EUR;MWh;NO;NO;;29;29;29;-1;DOWN
2025-07-11T18:00;2025-07-11T18:15;73;EUR;MWh;NO;NO;;;0;0;-1;DOWN
2025-07-11T18:15;2025-07-11T18:30;74;EUR;MWh;NO;NO;;;0;0;-1;DOWN
2025-07-11T18:30;2025-07-11T18:45;75;EUR;MWh;NO;NO;140;70.98;140;140;1;UP
2025-07-11T18:45;2025-07-11T19:00;76;EUR;MWh;NO;NO;141;;141;141;1;UP
2025-07-11T19:00;2025-07-11T19:15;77;EUR;MWh;NO;NO;106;29;106;29;2;UP_AND_DOWN
2025-07-11T19:15;2025-07-11T19:30;78;EUR;MWh;NO;NO;;52.08;52.08;52.08;-1;DOWN
2025-07-11T19:30;2025-07-11T19:45;79;EUR;MWh;NO;NO;;49;49;49;-1;DOWN
2025-07-11T19:45;2025-07-11T20:00;80;EUR;MWh;NO;NO;106;84.98;106;65;2;UP_AND_DOWN
2025-07-11T20:00;2025-07-11T20:15;81;EUR;MWh;NO;NO;117.6;85;117.6;117.6;1;UP
2025-07-11T20:15;2025-07-11T20:30;82;EUR;MWh;NO;NO;140;;140;140;1;UP
2025-07-11T20:30;2025-07-11T20:45;83;EUR;MWh;NO;NO;141;;141;141;1;UP
2025-07-11T20:45;2025-07-11T21:00;84;EUR;MWh;NO;NO;152;;152;152;1;UP
2025-07-11T21:00;2025-07-11T21:15;85;EUR;MWh;NO;NO;175;;175;175;1;UP
2025-07-11T21:15;2025-07-11T21:30;86;EUR;MWh;NO;NO;132;;132;132;1;UP
2025-07-11T21:30;2025-07-11T21:45;87;EUR;MWh;NO;NO;123.6;;123.6;123.6;1;UP
2025-07-11T21:45;2025-07-11T22:00;88;EUR;MWh;NO;NO;141;;141;141;1;UP
2025-07-11T22:00;2025-07-11T22:15;89;EUR;MWh;NO;NO;141;;141;141;1;UP
2025-07-11T22:15;2025-07-11T22:30;90;EUR;MWh;NO;NO;154.1;;154.1;154.1;1;UP
2025-07-11T22:30;2025-07-11T22:45;91;EUR;MWh;NO;NO;154.1;;154.1;154.1;1;UP
2025-07-11T22:45;2025-07-11T23:00;92;EUR;MWh;NO;NO;141.9;;141.9;141.9;1;UP
2025-07-11T23:00;2025-07-11T23:15;93;EUR;MWh;NO;NO;124.6;;124.6;124.6;1;UP
2025-07-11T23:15;2025-07-11T23:30;94;EUR;MWh;NO;NO;125.5;;125.5;125.5;1;UP
2025-07-11T23:30;2025-07-11T23:45;95;EUR;MWh;NO;NO;125.6;;125.6;125.6;1;UP
2025-07-11T23:45;2025-07-12T00:00;96;EUR;MWh;NO;NO;125.6;76.8;76.8;76.8;-1;DOWN
2025-07-12T00:00;2025-07-12T00:15;1;EUR;MWh;NO;NO;78.56;69;78.56;69;2;UP_AND_DOWN
2025-07-12T00:15;2025-07-12T00:30;2;EUR;MWh;NO;NO;114.1;94;114.1;114.1;1;UP
2025-07-12T00:30;2025-07-12T00:45;3;EUR;MWh;NO;NO;120.74;;120.74;120.74;1;UP
2025-07-12T00:45;2025-07-12T01:00;4;EUR;MWh;NO;NO;112;;112;112;1;UP
2025-07-12T01:00;2025-07-12T01:15;5;EUR;MWh;NO;NO;114;;114;114;1;UP
2025-07-12T01:15;2025-07-12T01:30;6;EUR;MWh;NO;NO;78.56;70;78.56;70;2;UP_AND_DOWN
2025-07-12T01:30;2025-07-12T01:45;7;EUR;MWh;NO;NO;113.9;78.93;113.9;73.78;2;UP_AND_DOWN
2025-07-12T01:45;2025-07-12T02:00;8;EUR;MWh;NO;NO;120.74;;120.74;120.74;1;UP
2025-07-12T02:00;2025-07-12T02:15;9;EUR;MWh;NO;NO;96.98;;96.98;96.98;1;UP
2025-07-12T02:15;2025-07-12T02:30;10;EUR;MWh;NO;NO;120.44;;120.44;120.44;1;UP
2025-07-12T02:30;2025-07-12T02:45;11;EUR;MWh;NO;NO;119;;119;119;1;UP
2025-07-12T02:45;2025-07-12T03:00;12;EUR;MWh;NO;NO;119;;119;119;1;UP
2025-07-12T03:00;2025-07-12T03:15;13;EUR;MWh;NO;NO;114.2;;114.2;114.2;1;UP
2025-07-12T03:15;2025-07-12T03:30;14;EUR;MWh;NO;NO;96.98;;96.98;96.98;1;UP
2025-07-12T03:30;2025-07-12T03:45;15;EUR;MWh;NO;NO;114.9;;114.9;114.9;1;UP
2025-07-12T03:45;2025-07-12T04:00;16;EUR;MWh;NO;NO;114.2;;114.2;114.2;1;UP
2025-07-12T04:00;2025-07-12T04:15;17;EUR;MWh;NO;NO;114.1;;114.1;114.1;1;UP
2025-07-12T04:15;2025-07-12T04:30;18;EUR;MWh;NO;NO;78.56;;78.56;78.56;1;UP
2025-07-12T04:30;2025-07-12T04:45;19;EUR;MWh;NO;NO;58.56;;73.78;73.78;0;STABLE
2025-07-12T04:45;2025-07-12T05:00;20;EUR;MWh;NO;NO;58.56;;58.56;58.56;1;UP
2025-07-12T05:00;2025-07-12T05:15;21;EUR;MWh;NO;NO;114.1;;114.1;114.1;1;UP
2025-07-12T05:15;2025-07-12T05:30;22;EUR;MWh;NO;NO;119;;119;119;1;UP
2025-07-12T05:30;2025-07-12T05:45;23;EUR;MWh;NO;NO;95.98;;95.98;95.98;1;UP
2025-07-12T05:45;2025-07-12T06:00;24;EUR;MWh;NO;NO;90;;90;90;1;UP
2025-07-12T06:00;2025-07-12T06:15;25;EUR;MWh;NO;NO;119;;119;119;1;UP
2025-07-12T06:15;2025-07-12T06:30;26;EUR;MWh;NO;NO;119;;119;119;1;UP
2025-07-12T06:30;2025-07-12T06:45;27;EUR;MWh;NO;NO;119;;119;119;1;UP
2025-07-12T06:45;2025-07-12T07:00;28;EUR;MWh;NO;NO;120.74;;120.74;120.74;1;UP
2025-07-12T07:00;2025-07-12T07:15;29;EUR;MWh;NO;NO;128.3;;128.3;128.3;1;UP
2025-07-12T07:15;2025-07-12T07:30;30;EUR;MWh;NO;NO;140;;140;140;1;UP
2025-07-12T07:30;2025-07-12T07:45;31;EUR;MWh;NO;NO;126.8;;126.8;126.8;1;UP
2025-07-12T07:45;2025-07-12T08:00;32;EUR;MWh;NO;NO;104.68;60.74;104.68;60.74;2;UP_AND_DOWN
2025-07-12T08:00;2025-07-12T08:15;33;EUR;MWh;NO;NO;114.98;71;114.98;67.5;2;UP_AND_DOWN
2025-07-12T08:15;2025-07-12T08:30;34;EUR;MWh;NO;NO;114.03;71;71;71;-1;DOWN
2025-07-12T08:30;2025-07-12T08:45;35;EUR;MWh;NO;NO;58.56;70;70;70;-1;DOWN
2025-07-12T08:45;2025-07-12T09:00;36;EUR;MWh;NO;NO;100;10;100;10;2;UP_AND_DOWN
2025-07-12T09:00;2025-07-12T09:15;37;EUR;MWh;NO;NO;120.74;;120.74;120.74;1;UP
2025-07-12T09:15;2025-07-12T09:30;38;EUR;MWh;NO;NO;99.98;;99.98;99.98;1;UP
2025-07-12T09:30;2025-07-12T09:45;39;EUR;MWh;NO;NO;58.56;64;67.5;64;2;UP_AND_DOWN
2025-07-12T09:45;2025-07-12T10:00;40;EUR;MWh;NO;NO;;-5.9;-5.9;-5.9;-1;DOWN
2025-07-12T10:00;2025-07-12T10:15;41;EUR;MWh;NO;NO;;-30;-30;-30;-1;DOWN
2025-07-12T10:15;2025-07-12T10:30;42;EUR;MWh;NO;NO;;-30;-30;-30;-1;DOWN
2025-07-12T10:30;2025-07-12T10:45;43;EUR;MWh;NO;NO;;-30;-30;-30;-1;DOWN
2025-07-12T10:45;2025-07-12T11:00;44;EUR;MWh;NO;NO;;-56.81;-56.81;-56.81;-1;DOWN
2025-07-12T11:00;2025-07-12T11:15;45;EUR;MWh;NO;NO;;-49;-49;-49;-1;DOWN
2025-07-12T11:15;2025-07-12T11:30;46;EUR;MWh;NO;NO;;-39.8;-39.8;-39.8;-1;DOWN
2025-07-12T11:30;2025-07-12T11:45;47;EUR;MWh;NO;NO;;-49;-49;-49;-1;DOWN
2025-07-12T11:45;2025-07-12T12:00;48;EUR;MWh;NO;NO;;-49;-49;-49;-1;DOWN
2025-07-12T12:00;2025-07-12T12:15;49;EUR;MWh;NO;NO;;-34;-34;-34;-1;DOWN
2025-07-12T12:15;2025-07-12T12:30;50;EUR;MWh;NO;NO;;-30;-30;-30;-1;DOWN
2025-07-12T12:30;2025-07-12T12:45;51;EUR;MWh;NO;NO;;-25.2;-25.2;-25.2;-1;DOWN
2025-07-12T12:45;2025-07-12T13:00;52;EUR;MWh;NO;NO;;-30;-30;-30;-1;DOWN
2025-07-12T13:00;2025-07-12T13:15;53;EUR;MWh;NO;NO;55;-30;-30;-30;-1;DOWN
2025-07-12T13:15;2025-07-12T13:30;54;EUR;MWh;NO;NO;;-49;-49;-49;-1;DOWN
2025-07-12T13:30;2025-07-12T13:45;55;EUR;MWh;NO;NO;;-60;-60;-60;-1;DOWN
2025-07-12T13:45;2025-07-12T14:00;56;EUR;MWh;NO;NO;;-60;-60;-60;-1;DOWN
2025-07-12T14:00;2025-07-12T14:15;57;EUR;MWh;NO;NO;;-50;-50;-50;-1;DOWN
2025-07-12T14:15;2025-07-12T14:30;58;EUR;MWh;NO;NO;;-49;-49;-49;-1;DOWN
2025-07-12T14:30;2025-07-12T14:45;59;EUR;MWh;NO;NO;;-84;-84;-84;-1;DOWN
2025-07-12T14:45;2025-07-12T15:00;60;EUR;MWh;NO;NO;;-49;-49;-49;-1;DOWN
2025-07-12T15:00;2025-07-12T15:15;61;EUR;MWh;NO;NO;;-30;-30;-30;-1;DOWN
2025-07-12T15:15;2025-07-12T15:30;62;EUR;MWh;NO;NO;;-49;-49;-49;-1;DOWN
2025-07-12T15:30;2025-07-12T15:45;63;EUR;MWh;NO;NO;58.56;-49.9;-49.9;-49.9;-1;DOWN
2025-07-12T15:45;2025-07-12T16:00;64;EUR;MWh;NO;NO;84.7;-30;84.7;-30;2;UP_AND_DOWN
2025-07-12T16:00;2025-07-12T16:15;65;EUR;MWh;NO;NO;93;-30;93;-30;2;UP_AND_DOWN
2025-07-12T16:15;2025-07-12T16:30;66;EUR;MWh;NO;NO;100;-30;100;-30;2;UP_AND_DOWN
2025-07-12T16:30;2025-07-12T16:45;67;EUR;MWh;NO;NO;114;;114;114;1;UP
2025-07-12T16:45;2025-07-12T17:00;68;EUR;MWh;NO;NO;97;10;10;10;-1;DOWN
2025-07-12T17:00;2025-07-12T17:15;69;EUR;MWh;NO;NO;97;-554.89;-554.89;-554.89;-1;DOWN
2025-07-12T17:15;2025-07-12T17:30;70;EUR;MWh;NO;NO;96;-27.39;96;-27.39;2;UP_AND_DOWN
2025-07-12T17:30;2025-07-12T17:45;71;EUR;MWh;NO;NO;93.98;;93.98;93.98;1;UP
2025-07-12T17:45;2025-07-12T18:00;72;EUR;MWh;NO;NO;114.4;;114.4;114.4;1;UP
2025-07-12T18:00;2025-07-12T18:15;73;EUR;MWh;NO;NO;91;-27.39;91;-27.39;2;UP_AND_DOWN
2025-07-12T18:15;2025-07-12T18:30;74;EUR;MWh;NO;NO;91;-27.39;91;-27.39;2;UP_AND_DOWN
2025-07-12T18:30;2025-07-12T18:45;75;EUR;MWh;NO;NO;92.98;10;92.98;10;2;UP_AND_DOWN
2025-07-12T18:45;2025-07-12T19:00;76;EUR;MWh;NO;NO;99.98;57.21;99.98;57.21;2;UP_AND_DOWN
2025-07-12T19:00;2025-07-12T19:15;77;EUR;MWh;NO;NO;99.98;3;3;3;-1;DOWN
2025-07-12T19:15;2025-07-12T19:30;78;EUR;MWh;NO;NO;;30.68;30.68;30.68;-1;DOWN
2025-07-12T19:30;2025-07-12T19:45;79;EUR;MWh;NO;NO;101.98;50;101.98;50;2;UP_AND_DOWN
2025-07-12T19:45;2025-07-12T20:00;80;EUR;MWh;NO;NO;91;69;91;67.5;2;UP_AND_DOWN
2025-07-12T20:00;2025-07-12T20:15;81;EUR;MWh;NO;NO;;76.13;76.13;76.13;-1;DOWN
2025-07-12T20:15;2025-07-12T20:30;82;EUR;MWh;NO;NO;114.1;86;114.1;67.5;2;UP_AND_DOWN
2025-07-12T20:30;2025-07-12T20:45;83;EUR;MWh;NO;NO;114.1;;114.1;114.1;1;UP
2025-07-12T20:45;2025-07-12T21:00;84;EUR;MWh;NO;NO;114.3;;114.3;114.3;1;UP
2025-07-12T21:00;2025-07-12T21:15;85;EUR;MWh;NO;NO;124.6;80.83;124.6;67.5;2;UP_AND_DOWN
2025-07-12T21:15;2025-07-12T21:30;86;EUR;MWh;NO;NO;114.2;80.83;114.2;114.2;1;UP
2025-07-12T21:30;2025-07-12T21:45;87;EUR;MWh;NO;NO;122;;122;122;1;UP
2025-07-12T21:45;2025-07-12T22:00;88;EUR;MWh;NO;NO;114.4;;114.4;114.4;1;UP
2025-07-12T22:00;2025-07-12T22:15;89;EUR;MWh;NO;NO;122;;122;122;1;UP
2025-07-12T22:15;2025-07-12T22:30;90;EUR;MWh;NO;NO;114.2;80.67;114.2;67.5;2;UP_AND_DOWN
2025-07-12T22:30;2025-07-12T22:45;91;EUR;MWh;NO;NO;114.2;82;82;82;-1;DOWN
2025-07-12T22:45;2025-07-12T23:00;92;EUR;MWh;NO;NO;;79.27;79.27;79.27;-1;DOWN
2025-07-12T23:00;2025-07-12T23:15;93;EUR;MWh;NO;NO;114;86;114;67.5;2;UP_AND_DOWN
2025-07-12T23:15;2025-07-12T23:30;94;EUR;MWh;NO;NO;97;84;97;97;1;UP
2025-07-12T23:30;2025-07-12T23:45;95;EUR;MWh;NO;NO;91;84;91;66.5;2;UP_AND_DOWN
2025-07-12T23:45;2025-07-13T00:00;96;EUR;MWh;NO;NO;58.56;71.77;71.77;71.77;-1;DOWN
2025-07-13T00:00;2025-07-13T00:15;1;EUR;MWh;NO;NO;108.06;78.63;108.06;72.28;2;UP_AND_DOWN
2025-07-13T00:15;2025-07-13T00:30;2;EUR;MWh;NO;NO;109;84;109;71.78;2;UP_AND_DOWN
2025-07-13T00:30;2025-07-13T00:45;3;EUR;MWh;NO;NO;109.93;84;109.93;109.93;1;UP
2025-07-13T00:45;2025-07-13T01:00;4;EUR;MWh;NO;NO;58.56;84.98;58.56;58.56;1;UP
2025-07-13T01:00;2025-07-13T01:15;5;EUR;MWh;NO;NO;111.8;;111.8;111.8;1;UP
2025-07-13T01:15;2025-07-13T01:30;6;EUR;MWh;NO;NO;111.8;;111.8;111.8;1;UP
2025-07-13T01:30;2025-07-13T01:45;7;EUR;MWh;NO;NO;111.61;;111.61;111.61;1;UP
2025-07-13T01:45;2025-07-13T02:00;8;EUR;MWh;NO;NO;58.56;79;58.56;58.56;1;UP
2025-07-13T02:00;2025-07-13T02:15;9;EUR;MWh;NO;NO;114.7;79;114.7;114.7;1;UP
2025-07-13T02:15;2025-07-13T02:30;10;EUR;MWh;NO;NO;114.19;;114.19;114.19;1;UP
2025-07-13T02:30;2025-07-13T02:45;11;EUR;MWh;NO;NO;119;;119;119;1;UP
2025-07-13T02:45;2025-07-13T03:00;12;EUR;MWh;NO;NO;110.77;;110.77;110.77;1;UP
2025-07-13T03:00;2025-07-13T03:15;13;EUR;MWh;NO;NO;108.9;;108.9;108.9;1;UP
2025-07-13T03:15;2025-07-13T03:30;14;EUR;MWh;NO;NO;119;;119;119;1;UP
2025-07-13T03:30;2025-07-13T03:45;15;EUR;MWh;NO;NO;118.8;;118.8;118.8;1;UP
2025-07-13T03:45;2025-07-13T04:00;16;EUR;MWh;NO;NO;111.7;;111.7;111.7;1;UP
2025-07-13T04:00;2025-07-13T04:15;17;EUR;MWh;NO;NO;109.24;;109.24;109.24;1;UP
2025-07-13T04:15;2025-07-13T04:30;18;EUR;MWh;NO;NO;110.87;;110.87;110.87;1;UP
2025-07-13T04:30;2025-07-13T04:45;19;EUR;MWh;NO;NO;114.9;;114.9;114.9;1;UP
2025-07-13T04:45;2025-07-13T05:00;20;EUR;MWh;NO;NO;112.64;;112.64;112.64;1;UP
2025-07-13T05:00;2025-07-13T05:15;21;EUR;MWh;NO;NO;119;;119;119;1;UP
2025-07-13T05:15;2025-07-13T05:30;22;EUR;MWh;NO;NO;114.9;;114.9;114.9;1;UP
2025-07-13T05:30;2025-07-13T05:45;23;EUR;MWh;NO;NO;68.56;;68.56;68.56;1;UP
2025-07-13T05:45;2025-07-13T06:00;24;EUR;MWh;NO;NO;114.6;;114.6;114.6;1;UP
2025-07-13T06:00;2025-07-13T06:15;25;EUR;MWh;NO;NO;130;;130;130;1;UP
2025-07-13T06:15;2025-07-13T06:30;26;EUR;MWh;NO;NO;119;;119;119;1;UP
2025-07-13T06:30;2025-07-13T06:45;27;EUR;MWh;NO;NO;58.56;;58.56;58.56;1;UP
2025-07-13T06:45;2025-07-13T07:00;28;EUR;MWh;NO;NO;90.54;;90.54;90.54;1;UP
2025-07-13T07:00;2025-07-13T07:15;29;EUR;MWh;NO;NO;114.9;;114.9;114.9;1;UP
2025-07-13T07:15;2025-07-13T07:30;30;EUR;MWh;NO;NO;114.9;;114.9;114.9;1;UP
2025-07-13T07:30;2025-07-13T07:45;31;EUR;MWh;NO;NO;109.5;79;109.5;109.5;1;UP
2025-07-13T07:45;2025-07-13T08:00;32;EUR;MWh;NO;NO;126.1;;126.1;126.1;1;UP
2025-07-13T08:00;2025-07-13T08:15;33;EUR;MWh;NO;NO;177;;177;177;1;UP
2025-07-13T08:15;2025-07-13T08:30;34;EUR;MWh;NO;NO;177;;177;177;1;UP
2025-07-13T08:30;2025-07-13T08:45;35;EUR;MWh;NO;NO;88.56;;88.56;88.56;1;UP
2025-07-13T08:45;2025-07-13T09:00;36;EUR;MWh;NO;NO;;;69.76;69.76;0;STABLE
2025-07-13T09:00;2025-07-13T09:15;37;EUR;MWh;NO;NO;111.7;;111.7;111.7;1;UP
2025-07-13T09:15;2025-07-13T09:30;38;EUR;MWh;NO;NO;108.06;79;108.06;69.28;2;UP_AND_DOWN
2025-07-13T09:30;2025-07-13T09:45;39;EUR;MWh;NO;NO;;10;10;10;-1;DOWN
2025-07-13T09:45;2025-07-13T10:00;40;EUR;MWh;NO;NO;108.79;-3.6;108.79;-3.6;2;UP_AND_DOWN
2025-07-13T10:00;2025-07-13T10:15;41;EUR;MWh;NO;NO;111.91;79;111.91;69.73;2;UP_AND_DOWN
2025-07-13T10:15;2025-07-13T10:30;42;EUR;MWh;NO;NO;109.83;29;109.83;29;2;UP_AND_DOWN
2025-07-13T10:30;2025-07-13T10:45;43;EUR;MWh;NO;NO;;53;53;53;-1;DOWN
2025-07-13T10:45;2025-07-13T11:00;44;EUR;MWh;NO;NO;;-28.33;-28.33;-28.33;-1;DOWN
2025-07-13T11:00;2025-07-13T11:15;45;EUR;MWh;NO;NO;58.56;49.57;49.57;49.57;-1;DOWN
2025-07-13T11:15;2025-07-13T11:30;46;EUR;MWh;NO;NO;124.5;57;124.5;57;2;UP_AND_DOWN
2025-07-13T11:30;2025-07-13T11:45;47;EUR;MWh;NO;NO;;-19;-19;-19;-1;DOWN
2025-07-13T11:45;2025-07-13T12:00;48;EUR;MWh;NO;NO;;-30;-30;-30;-1;DOWN
2025-07-13T12:00;2025-07-13T12:15;49;EUR;MWh;NO;NO;59;-18.5;-18.5;-18.5;-1;DOWN
2025-07-13T12:15;2025-07-13T12:30;50;EUR;MWh;NO;NO;68.56;-19;69.27;-19;2;UP_AND_DOWN
2025-07-13T12:30;2025-07-13T12:45;51;EUR;MWh;NO;NO;;-30;-30;-30;-1;DOWN
2025-07-13T12:45;2025-07-13T13:00;52;EUR;MWh;NO;NO;;-30;-30;-30;-1;DOWN
2025-07-13T13:00;2025-07-13T13:15;53;EUR;MWh;NO;NO;;9.57;9.57;9.57;-1;DOWN
2025-07-13T13:15;2025-07-13T13:30;54;EUR;MWh;NO;NO;;-30;-30;-30;-1;DOWN
2025-07-13T13:30;2025-07-13T13:45;55;EUR;MWh;NO;NO;;-19;-19;-19;-1;DOWN
2025-07-13T13:45;2025-07-13T14:00;56;EUR;MWh;NO;NO;;-30;-30;-30;-1;DOWN
2025-07-13T14:00;2025-07-13T14:15;57;EUR;MWh;NO;NO;;-30;-30;-30;-1;DOWN
2025-07-13T14:15;2025-07-13T14:30;58;EUR;MWh;NO;NO;;-30;-30;-30;-1;DOWN
2025-07-13T14:30;2025-07-13T14:45;59;EUR;MWh;NO;NO;;-30;-30;-30;-1;DOWN
2025-07-13T14:45;2025-07-13T15:00;60;EUR;MWh;NO;NO;;-49;-49;-49;-1;DOWN
2025-07-13T15:00;2025-07-13T15:15;61;EUR;MWh;NO;NO;;-50;-50;-50;-1;DOWN
2025-07-13T15:15;2025-07-13T15:30;62;EUR;MWh;NO;NO;;-60;-60;-60;-1;DOWN
2025-07-13T15:30;2025-07-13T15:45;63;EUR;MWh;NO;NO;;-75;-75;-75;-1;DOWN
2025-07-13T15:45;2025-07-13T16:00;64;EUR;MWh;NO;NO;;-49;-49;-49;-1;DOWN
2025-07-13T16:00;2025-07-13T16:15;65;EUR;MWh;NO;NO;;10;10;10;-1;DOWN
2025-07-13T16:15;2025-07-13T16:30;66;EUR;MWh;NO;NO;;-30;-30;-30;-1;DOWN
2025-07-13T16:30;2025-07-13T16:45;67;EUR;MWh;NO;NO;91;-30;91;-30;2;UP_AND_DOWN
2025-07-13T16:45;2025-07-13T17:00;68;EUR;MWh;NO;NO;107.75;;107.75;107.75;1;UP
2025-07-13T17:00;2025-07-13T17:15;69;EUR;MWh;NO;NO;115.2;;115.2;115.2;1;UP
2025-07-13T17:15;2025-07-13T17:30;70;EUR;MWh;NO;NO;115.2;;115.2;115.2;1;UP
2025-07-13T17:30;2025-07-13T17:45;71;EUR;MWh;NO;NO;130;;130;130;1;UP
2025-07-13T17:45;2025-07-13T18:00;72;EUR;MWh;NO;NO;137.49;;137.49;137.49;1;UP
2025-07-13T18:00;2025-07-13T18:15;73;EUR;MWh;NO;NO;130;;130;130;1;UP
2025-07-13T18:15;2025-07-13T18:30;74;EUR;MWh;NO;NO;133;;133;133;1;UP
2025-07-13T18:30;2025-07-13T18:45;75;EUR;MWh;NO;NO;140;;140;140;1;UP
2025-07-13T18:45;2025-07-13T19:00;76;EUR;MWh;NO;NO;130;;130;130;1;UP
2025-07-13T19:00;2025-07-13T19:15;77;EUR;MWh;NO;NO;104.41;34.9;104.41;34.9;2;UP_AND_DOWN
2025-07-13T19:15;2025-07-13T19:30;78;EUR;MWh;NO;NO;;32.79;32.79;32.79;-1;DOWN
2025-07-13T19:30;2025-07-13T19:45;79;EUR;MWh;NO;NO;130;71;130;71;2;UP_AND_DOWN
2025-07-13T19:45;2025-07-13T20:00;80;EUR;MWh;NO;NO;130;;130;130;1;UP
2025-07-13T20:00;2025-07-13T20:15;81;EUR;MWh;NO;NO;112.74;61;112.74;61;2;UP_AND_DOWN
2025-07-13T20:15;2025-07-13T20:30;82;EUR;MWh;NO;NO;;61;61;61;-1;DOWN
2025-07-13T20:30;2025-07-13T20:45;83;EUR;MWh;NO;NO;;68.35;68.35;68.35;-1;DOWN
2025-07-13T20:45;2025-07-13T21:00;84;EUR;MWh;NO;NO;;76.64;76.64;76.64;-1;DOWN
2025-07-13T21:00;2025-07-13T21:15;85;EUR;MWh;NO;NO;;73.98;73.98;73.98;-1;DOWN
2025-07-13T21:15;2025-07-13T21:30;86;EUR;MWh;NO;NO;;70;70;70;-1;DOWN
2025-07-13T21:30;2025-07-13T21:45;87;EUR;MWh;NO;NO;68.56;74.88;74.88;74.88;-1;DOWN
2025-07-13T21:45;2025-07-13T22:00;88;EUR;MWh;NO;NO;;67.79;67.79;67.79;-1;DOWN
2025-07-13T22:00;2025-07-13T22:15;89;EUR;MWh;NO;NO;97;77.98;97;97;1;UP
2025-07-13T22:15;2025-07-13T22:30;90;EUR;MWh;NO;NO;119;;119;119;1;UP
2025-07-13T22:30;2025-07-13T22:45;91;EUR;MWh;NO;NO;119;;119;119;1;UP
2025-07-13T22:45;2025-07-13T23:00;92;EUR;MWh;NO;NO;58.56;;58.56;58.56;1;UP
2025-07-13T23:00;2025-07-13T23:15;93;EUR;MWh;NO;NO;177;;177;177;1;UP
2025-07-13T23:15;2025-07-13T23:30;94;EUR;MWh;NO;NO;148;;148;148;1;UP
2025-07-13T23:30;2025-07-13T23:45;95;EUR;MWh;NO;NO;130;;130;130;1;UP
2025-07-13T23:45;2025-07-14T00:00;96;EUR;MWh;NO;NO;114.8;65;114.8;65;2;UP_AND_DOWN
2025-07-14T00:00;2025-07-14T00:15;1;EUR;MWh;NO;NO;126.45;69.98;126.45;66;2;UP_AND_DOWN
2025-07-14T00:15;2025-07-14T00:30;2;EUR;MWh;NO;NO;126.2;;126.2;126.2;1;UP
2025-07-14T00:30;2025-07-14T00:45;3;EUR;MWh;NO;NO;68.56;;68.56;68.56;1;UP
2025-07-14T00:45;2025-07-14T01:00;4;EUR;MWh;NO;NO;116.58;;116.58;116.58;1;UP
2025-07-14T01:00;2025-07-14T01:15;5;EUR;MWh;NO;NO;126.1;;126.1;126.1;1;UP
2025-07-14T01:15;2025-07-14T01:30;6;EUR;MWh;NO;NO;109.82;79;109.82;109.82;1;UP
2025-07-14T01:30;2025-07-14T01:45;7;EUR;MWh;NO;NO;;79;79;79;-1;DOWN
2025-07-14T01:45;2025-07-14T02:00;8;EUR;MWh;NO;NO;;79;69.56;69.56;0;STABLE
2025-07-14T02:00;2025-07-14T02:15;9;EUR;MWh;NO;NO;127.4;;127.4;127.4;1;UP
2025-07-14T02:15;2025-07-14T02:30;10;EUR;MWh;NO;NO;114;;114;114;1;UP
2025-07-14T02:30;2025-07-14T02:45;11;EUR;MWh;NO;NO;114.9;;114.9;114.9;1;UP
2025-07-14T02:45;2025-07-14T03:00;12;EUR;MWh;NO;NO;114;;114;114;1;UP
2025-07-14T03:00;2025-07-14T03:15;13;EUR;MWh;NO;NO;114.8;;114.8;114.8;1;UP
2025-07-14T03:15;2025-07-14T03:30;14;EUR;MWh;NO;NO;114.7;;114.7;114.7;1;UP
2025-07-14T03:30;2025-07-14T03:45;15;EUR;MWh;NO;NO;88.66;72.2;72.2;72.2;-1;DOWN
2025-07-14T03:45;2025-07-14T04:00;16;EUR;MWh;NO;NO;78.56;66;78.56;66;2;UP_AND_DOWN
2025-07-14T04:00;2025-07-14T04:15;17;EUR;MWh;NO;NO;;66;66;66;-1;DOWN
2025-07-14T04:15;2025-07-14T04:30;18;EUR;MWh;NO;NO;88.36;80.66;88.36;69.78;2;UP_AND_DOWN
2025-07-14T04:30;2025-07-14T04:45;19;EUR;MWh;NO;NO;58.56;80.56;69.56;69.56;0;STABLE
2025-07-14T04:45;2025-07-14T05:00;20;EUR;MWh;NO;NO;;66;66;66;-1;DOWN
2025-07-14T05:00;2025-07-14T05:15;21;EUR;MWh;NO;NO;;70.83;70.83;70.83;-1;DOWN
2025-07-14T05:15;2025-07-14T05:30;22;EUR;MWh;NO;NO;;70.92;70.92;70.92;-1;DOWN
2025-07-14T05:30;2025-07-14T05:45;23;EUR;MWh;NO;NO;114;72.5;114;69.28;2;UP_AND_DOWN
2025-07-14T05:45;2025-07-14T06:00;24;EUR;MWh;NO;NO;114;;114;114;1;UP
2025-07-14T06:00;2025-07-14T06:15;25;EUR;MWh;NO;NO;115.22;;115.22;115.22;1;UP
2025-07-14T06:15;2025-07-14T06:30;26;EUR;MWh;NO;NO;114.9;;114.9;114.9;1;UP
2025-07-14T06:30;2025-07-14T06:45;27;EUR;MWh;NO;NO;90.2;;90.2;90.2;1;UP
2025-07-14T06:45;2025-07-14T07:00;28;EUR;MWh;NO;NO;58.56;;58.56;58.56;1;UP
2025-07-14T07:00;2025-07-14T07:15;29;EUR;MWh;NO;NO;;68.25;68.25;68.25;-1;DOWN
2025-07-14T07:15;2025-07-14T07:30;30;EUR;MWh;NO;NO;;78.26;78.26;78.26;-1;DOWN
2025-07-14T07:30;2025-07-14T07:45;31;EUR;MWh;NO;NO;;69.98;69.98;69.98;-1;DOWN
2025-07-14T07:45;2025-07-14T08:00;32;EUR;MWh;NO;NO;;59.98;59.98;59.98;-1;DOWN
2025-07-14T08:00;2025-07-14T08:15;33;EUR;MWh;NO;NO;121.04;66.98;121.04;62.18;2;UP_AND_DOWN
2025-07-14T08:15;2025-07-14T08:30;34;EUR;MWh;NO;NO;114;;114;114;1;UP
2025-07-14T08:30;2025-07-14T08:45;35;EUR;MWh;NO;NO;114;;114;114;1;UP
2025-07-14T08:45;2025-07-14T09:00;36;EUR;MWh;NO;NO;95;79.17;95;95;1;UP
2025-07-14T09:00;2025-07-14T09:15;37;EUR;MWh;NO;NO;114;78.36;114;114;1;UP
2025-07-14T09:15;2025-07-14T09:30;38;EUR;MWh;NO;NO;94.5;70.94;94.5;62.18;2;UP_AND_DOWN
2025-07-14T09:30;2025-07-14T09:45;39;EUR;MWh;NO;NO;;60.64;60.64;60.64;-1;DOWN
2025-07-14T09:45;2025-07-14T10:00;40;EUR;MWh;NO;NO;;61;61;61;-1;DOWN
2025-07-14T10:00;2025-07-14T10:15;41;EUR;MWh;NO;NO;;40;40;40;-1;DOWN
2025-07-14T10:15;2025-07-14T10:30;42;EUR;MWh;NO;NO;;61;61;61;-1;DOWN
2025-07-14T10:30;2025-07-14T10:45;43;EUR;MWh;NO;NO;;55.1;55.1;55.1;-1;DOWN
2025-07-14T10:45;2025-07-14T11:00;44;EUR;MWh;NO;NO;58.56;33;64.27;33;2;UP_AND_DOWN
2025-07-14T11:00;2025-07-14T11:15;45;EUR;MWh;NO;NO;100;68.28;100;64.27;2;UP_AND_DOWN
2025-07-14T11:15;2025-07-14T11:30;46;EUR;MWh;NO;NO;115.23;;115.23;115.23;1;UP
2025-07-14T11:30;2025-07-14T11:45;47;EUR;MWh;NO;NO;110;;110;110;1;UP
2025-07-14T11:45;2025-07-14T12:00;48;EUR;MWh;NO;NO;115.4;;115.4;115.4;1;UP
2025-07-14T12:00;2025-07-14T12:15;49;EUR;MWh;NO;NO;116.68;;116.68;116.68;1;UP
2025-07-14T12:15;2025-07-14T12:30;50;EUR;MWh;NO;NO;119.59;;119.59;119.59;1;UP
2025-07-14T12:30;2025-07-14T12:45;51;EUR;MWh;NO;NO;100;;100;100;1;UP
2025-07-14T12:45;2025-07-14T13:00;52;EUR;MWh;NO;NO;115.7;;115.7;115.7;1;UP
2025-07-14T13:00;2025-07-14T13:15;53;EUR;MWh;NO;NO;99.6;55;99.6;55;2;UP_AND_DOWN
2025-07-14T13:15;2025-07-14T13:30;54;EUR;MWh;NO;NO;141;;141;141;1;UP
2025-07-14T13:30;2025-07-14T13:45;55;EUR;MWh;NO;NO;500;;500;500;1;UP
2025-07-14T13:45;2025-07-14T14:00;56;EUR;MWh;NO;NO;135.8;;135.8;135.8;1;UP
2025-07-14T14:00;2025-07-14T14:15;57;EUR;MWh;NO;NO;510;50;510;50;2;UP_AND_DOWN
2025-07-14T14:15;2025-07-14T14:30;58;EUR;MWh;NO;NO;88.36;-19.83;88.36;-19.83;2;UP_AND_DOWN
2025-07-14T14:30;2025-07-14T14:45;59;EUR;MWh;NO;NO;106.27;-4.41;106.27;-4.41;2;UP_AND_DOWN
2025-07-14T14:45;2025-07-14T15:00;60;EUR;MWh;NO;NO;78.56;-20.78;78.56;-20.78;2;UP_AND_DOWN
2025-07-14T15:00;2025-07-14T15:15;61;EUR;MWh;NO;NO;101.57;-25.49;101.57;-25.49;2;UP_AND_DOWN
2025-07-14T15:15;2025-07-14T15:30;62;EUR;MWh;NO;NO;;10;10;10;-1;DOWN
2025-07-14T15:30;2025-07-14T15:45;63;EUR;MWh;NO;NO;;36.19;36.19;36.19;-1;DOWN
2025-07-14T15:45;2025-07-14T16:00;64;EUR;MWh;NO;NO;98.46;73.39;98.46;68.78;2;UP_AND_DOWN
2025-07-14T16:00;2025-07-14T16:15;65;EUR;MWh;NO;NO;135.8;;135.8;135.8;1;UP
2025-07-14T16:15;2025-07-14T16:30;66;EUR;MWh;NO;NO;149.9;;149.9;149.9;1;UP
2025-07-14T16:30;2025-07-14T16:45;67;EUR;MWh;NO;NO;115.4;75;115.4;115.4;1;UP
2025-07-14T16:45;2025-07-14T17:00;68;EUR;MWh;NO;NO;;61.06;61.06;61.06;-1;DOWN
2025-07-14T17:00;2025-07-14T17:15;69;EUR;MWh;NO;NO;;-60;-60;-60;-1;DOWN
2025-07-14T17:15;2025-07-14T17:30;70;EUR;MWh;NO;NO;;-4.22;-4.22;-4.22;-1;DOWN
2025-07-14T17:30;2025-07-14T17:45;71;EUR;MWh;NO;NO;79;-60;79;-60;2;UP_AND_DOWN
2025-07-14T17:45;2025-07-14T18:00;72;EUR;MWh;NO;NO;81.35;-60;81.35;-60;2;UP_AND_DOWN
2025-07-14T18:00;2025-07-14T18:15;73;EUR;MWh;NO;NO;81.35;-149.9;-149.9;-149.9;-1;DOWN
2025-07-14T18:15;2025-07-14T18:30;74;EUR;MWh;NO;NO;77;-30;77;-30;2;UP_AND_DOWN
2025-07-14T18:30;2025-07-14T18:45;75;EUR;MWh;NO;NO;115.2;-30;115.2;-30;2;UP_AND_DOWN
2025-07-14T18:45;2025-07-14T19:00;76;EUR;MWh;NO;NO;115.5;54.64;115.5;54.64;2;UP_AND_DOWN
2025-07-14T19:00;2025-07-14T19:15;77;EUR;MWh;NO;NO;115.5;-1.02;-1.02;-1.02;-1;DOWN
2025-07-14T19:15;2025-07-14T19:30;78;EUR;MWh;NO;NO;71;65.98;71;62.18;2;UP_AND_DOWN
2025-07-14T19:30;2025-07-14T19:45;79;EUR;MWh;NO;NO;81.46;67.21;81.46;62.18;2;UP_AND_DOWN
2025-07-14T19:45;2025-07-14T20:00;80;EUR;MWh;NO;NO;81.16;63.36;81.16;62.18;2;UP_AND_DOWN
2025-07-14T20:00;2025-07-14T20:15;81;EUR;MWh;NO;NO;81.16;53.36;53.36;53.36;-1;DOWN
2025-07-14T20:15;2025-07-14T20:30;82;EUR;MWh;NO;NO;;40;40;40;-1;DOWN
2025-07-14T20:30;2025-07-14T20:45;83;EUR;MWh;NO;NO;;59;59;59;-1;DOWN
2025-07-14T20:45;2025-07-14T21:00;84;EUR;MWh;NO;NO;;48.15;48.15;48.15;-1;DOWN
2025-07-14T21:00;2025-07-14T21:15;85;EUR;MWh;NO;NO;;58.15;58.15;58.15;-1;DOWN
2025-07-14T21:15;2025-07-14T21:30;86;EUR;MWh;NO;NO;;86;66;66;0;STABLE
2025-07-14T21:30;2025-07-14T21:45;87;EUR;MWh;NO;NO;108.26;86;108.26;66;2;UP_AND_DOWN
2025-07-14T21:45;2025-07-14T22:00;88;EUR;MWh;NO;NO;111.7;80.77;111.7;111.7;1;UP
2025-07-14T22:00;2025-07-14T22:15;89;EUR;MWh;NO;NO;113.37;;113.37;113.37;1;UP
2025-07-14T22:15;2025-07-14T22:30;90;EUR;MWh;NO;NO;110.96;;110.96;110.96;1;UP
2025-07-14T22:30;2025-07-14T22:45;91;EUR;MWh;NO;NO;109.93;67.98;109.93;66;2;UP_AND_DOWN
2025-07-14T22:45;2025-07-14T23:00;92;EUR;MWh;NO;NO;;55;55;55;-1;DOWN
2025-07-14T23:00;2025-07-14T23:15;93;EUR;MWh;NO;NO;114;55;114;55;2;UP_AND_DOWN
2025-07-14T23:15;2025-07-14T23:30;94;EUR;MWh;NO;NO;78.56;80.67;78.56;69;2;UP_AND_DOWN
2025-07-14T23:30;2025-07-14T23:45;95;EUR;MWh;NO;NO;;80.86;80.86;80.86;-1;DOWN
2025-07-14T23:45;2025-07-15T00:00;96;EUR;MWh;NO;NO;;40;40;40;-1;DOWN
2025-07-15T00:00;2025-07-15T00:15;1;EUR;MWh;NO;NO;;50;50;50;-1;DOWN
2025-07-15T00:15;2025-07-15T00:30;2;EUR;MWh;NO;NO;92.89;66.71;92.89;66.71;2;UP_AND_DOWN
2025-07-15T00:30;2025-07-15T00:45;3;EUR;MWh;NO;NO;103;72.08;103;72.08;2;UP_AND_DOWN
2025-07-15T00:45;2025-07-15T01:00;4;EUR;MWh;NO;NO;68.56;49;69.07;49;2;UP_AND_DOWN
2025-07-15T01:00;2025-07-15T01:15;5;EUR;MWh;NO;NO;103;60.64;103;60.64;2;UP_AND_DOWN
2025-07-15T01:15;2025-07-15T01:30;6;EUR;MWh;NO;NO;115.1;70.08;115.1;65.78;2;UP_AND_DOWN
2025-07-15T01:30;2025-07-15T01:45;7;EUR;MWh;NO;NO;115.1;70.28;115.1;65.78;2;UP_AND_DOWN
2025-07-15T01:45;2025-07-15T02:00;8;EUR;MWh;NO;NO;115;;115;115;1;UP
2025-07-15T02:00;2025-07-15T02:15;9;EUR;MWh;NO;NO;115;;115;115;1;UP
2025-07-15T02:15;2025-07-15T02:30;10;EUR;MWh;NO;NO;58.56;70.18;65.78;65.78;2;UP_AND_DOWN
2025-07-15T02:30;2025-07-15T02:45;11;EUR;MWh;NO;NO;;71;70.78;70.78;0;STABLE
2025-07-15T02:45;2025-07-15T03:00;12;EUR;MWh;NO;NO;68.56;54.64;73.78;54.64;2;UP_AND_DOWN
2025-07-15T03:00;2025-07-15T03:15;13;EUR;MWh;NO;NO;68.56;73.1;74.28;73.1;2;UP_AND_DOWN
2025-07-15T03:15;2025-07-15T03:30;14;EUR;MWh;NO;NO;;69.08;69.08;69.08;-1;DOWN
2025-07-15T03:30;2025-07-15T03:45;15;EUR;MWh;NO;NO;;69.18;69.18;69.18;-1;DOWN
2025-07-15T03:45;2025-07-15T04:00;16;EUR;MWh;NO;NO;;54.64;54.64;54.64;-1;DOWN
2025-07-15T04:00;2025-07-15T04:15;17;EUR;MWh;NO;NO;;54;54;54;-1;DOWN
2025-07-15T04:15;2025-07-15T04:30;18;EUR;MWh;NO;NO;;70.18;70.18;70.18;-1;DOWN
2025-07-15T04:30;2025-07-15T04:45;19;EUR;MWh;NO;NO;;73.2;73.2;73.2;-1;DOWN
2025-07-15T04:45;2025-07-15T05:00;20;EUR;MWh;NO;NO;114;70.18;114;114;1;UP
2025-07-15T05:00;2025-07-15T05:15;21;EUR;MWh;NO;NO;114;63;63;63;-1;DOWN
2025-07-15T05:15;2025-07-15T05:30;22;EUR;MWh;NO;NO;;69.98;69.98;69.98;-1;DOWN
2025-07-15T05:30;2025-07-15T05:45;23;EUR;MWh;NO;NO;94;70.28;94;65.78;2;UP_AND_DOWN
2025-07-15T05:45;2025-07-15T06:00;24;EUR;MWh;NO;NO;96;70.38;96;96;1;UP
2025-07-15T06:00;2025-07-15T06:15;25;EUR;MWh;NO;NO;115.2;70.38;115.2;115.2;1;UP
2025-07-15T06:15;2025-07-15T06:30;26;EUR;MWh;NO;NO;114.8;;114.8;114.8;1;UP
2025-07-15T06:30;2025-07-15T06:45;27;EUR;MWh;NO;NO;107.89;70.38;107.89;107.89;1;UP
2025-07-15T06:45;2025-07-15T07:00;28;EUR;MWh;NO;NO;113;;113;113;1;UP
2025-07-15T07:00;2025-07-15T07:15;29;EUR;MWh;NO;NO;114;;114;114;1;UP
2025-07-15T07:15;2025-07-15T07:30;30;EUR;MWh;NO;NO;97.89;;97.89;97.89;1;UP
2025-07-15T07:30;2025-07-15T07:45;31;EUR;MWh;NO;NO;58.56;73.2;71;71;0;STABLE
2025-07-15T07:45;2025-07-15T08:00;32;EUR;MWh;NO;NO;97.69;;97.69;97.69;1;UP
2025-07-15T08:00;2025-07-15T08:15;33;EUR;MWh;NO;NO;90.3;;90.3;90.3;1;UP
2025-07-15T08:15;2025-07-15T08:30;34;EUR;MWh;NO;NO;78.56;68;78.56;68;2;UP_AND_DOWN
2025-07-15T08:30;2025-07-15T08:45;35;EUR;MWh;NO;NO;;26.15;26.15;26.15;-1;DOWN
2025-07-15T08:45;2025-07-15T09:00;36;EUR;MWh;NO;NO;;48;48;48;-1;DOWN
2025-07-15T09:00;2025-07-15T09:15;37;EUR;MWh;NO;NO;86.09;55;86.09;55;2;UP_AND_DOWN
2025-07-15T09:15;2025-07-15T09:30;38;EUR;MWh;NO;NO;58.56;38.1;67;38.1;2;UP_AND_DOWN
2025-07-15T09:30;2025-07-15T09:45;39;EUR;MWh;NO;NO;105.59;68;105.59;67;2;UP_AND_DOWN
2025-07-15T09:45;2025-07-15T10:00;40;EUR;MWh;NO;NO;107.79;;107.79;107.79;1;UP
2025-07-15T10:00;2025-07-15T10:15;41;EUR;MWh;NO;NO;104;;104;104;1;UP
2025-07-15T10:15;2025-07-15T10:30;42;EUR;MWh;NO;NO;150;;150;150;1;UP
2025-07-15T10:30;2025-07-15T10:45;43;EUR;MWh;NO;NO;182.89;;182.89;182.89;1;UP
2025-07-15T10:45;2025-07-15T11:00;44;EUR;MWh;NO;NO;115.1;10;115.1;10;2;UP_AND_DOWN
2025-07-15T11:00;2025-07-15T11:15;45;EUR;MWh;NO;NO;115.1;10;10;10;-1;DOWN
2025-07-15T11:15;2025-07-15T11:30;46;EUR;MWh;NO;NO;150;95;150;76.78;2;UP_AND_DOWN
2025-07-15T11:30;2025-07-15T11:45;47;EUR;MWh;NO;NO;124.9;;124.9;124.9;1;UP
2025-07-15T11:45;2025-07-15T12:00;48;EUR;MWh;NO;NO;115;76;115;74.28;2;UP_AND_DOWN
2025-07-15T12:00;2025-07-15T12:15;49;EUR;MWh;NO;NO;;55;55;55;-1;DOWN
2025-07-15T12:15;2025-07-15T12:30;50;EUR;MWh;NO;NO;115.1;77;115.1;72.78;2;UP_AND_DOWN
2025-07-15T12:30;2025-07-15T12:45;51;EUR;MWh;NO;NO;153;;153;153;1;UP
2025-07-15T12:45;2025-07-15T13:00;52;EUR;MWh;NO;NO;131.02;;131.02;131.02;1;UP
2025-07-15T13:00;2025-07-15T13:15;53;EUR;MWh;NO;NO;131;;131;131;1;UP
2025-07-15T13:15;2025-07-15T13:30;54;EUR;MWh;NO;NO;115.2;;115.2;115.2;1;UP
2025-07-15T13:30;2025-07-15T13:45;55;EUR;MWh;NO;NO;127;;127;127;1;UP
2025-07-15T13:45;2025-07-15T14:00;56;EUR;MWh;NO;NO;68.56;-69.9;68.56;-69.9;2;UP_AND_DOWN
2025-07-15T14:00;2025-07-15T14:15;57;EUR;MWh;NO;NO;114.9;-70;114.9;-70;2;UP_AND_DOWN
2025-07-15T14:15;2025-07-15T14:30;58;EUR;MWh;NO;NO;79.1;-60;-60;-60;-1;DOWN
2025-07-15T14:30;2025-07-15T14:45;59;EUR;MWh;NO;NO;;-60;-60;-60;-1;DOWN
2025-07-15T14:45;2025-07-15T15:00;60;EUR;MWh;NO;NO;78.56;-29.9;78.56;-29.9;2;UP_AND_DOWN
2025-07-15T15:00;2025-07-15T15:15;61;EUR;MWh;NO;NO;;-30;-30;-30;-1;DOWN
2025-07-15T15:15;2025-07-15T15:30;62;EUR;MWh;NO;NO;;3;3;3;-1;DOWN
2025-07-15T15:30;2025-07-15T15:45;63;EUR;MWh;NO;NO;;-29.8;-29.8;-29.8;-1;DOWN
2025-07-15T15:45;2025-07-15T16:00;64;EUR;MWh;NO;NO;96.9;10;96.9;10;2;UP_AND_DOWN
2025-07-15T16:00;2025-07-15T16:15;65;EUR;MWh;NO;NO;114;;114;114;1;UP
2025-07-15T16:15;2025-07-15T16:30;66;EUR;MWh;NO;NO;78.56;;78.56;78.56;1;UP
2025-07-15T16:30;2025-07-15T16:45;67;EUR;MWh;NO;NO;58.56;66;66;66;-1;DOWN
2025-07-15T16:45;2025-07-15T17:00;68;EUR;MWh;NO;NO;83.02;-26.8;83.02;-26.8;2;UP_AND_DOWN
2025-07-15T17:00;2025-07-15T17:15;69;EUR;MWh;NO;NO;83.02;-49;-49;-49;-1;DOWN
2025-07-15T17:15;2025-07-15T17:30;70;EUR;MWh;NO;NO;68.56;-8.6;-8.6;-8.6;-1;DOWN
2025-07-15T17:30;2025-07-15T17:45;71;EUR;MWh;NO;NO;;10;10;10;-1;DOWN
2025-07-15T17:45;2025-07-15T18:00;72;EUR;MWh;NO;NO;83.02;72.24;83.02;60.62;2;UP_AND_DOWN
2025-07-15T18:00;2025-07-15T18:15;73;EUR;MWh;NO;NO;68.56;33;68.56;33;2;UP_AND_DOWN
2025-07-15T18:15;2025-07-15T18:30;74;EUR;MWh;NO;NO;;33;33;33;-1;DOWN
2025-07-15T18:30;2025-07-15T18:45;75;EUR;MWh;NO;NO;83.02;4.7;83.02;4.7;2;UP_AND_DOWN
2025-07-15T18:45;2025-07-15T19:00;76;EUR;MWh;NO;NO;81;4.7;81;4.7;2;UP_AND_DOWN
2025-07-15T19:00;2025-07-15T19:15;77;EUR;MWh;NO;NO;;49.57;49.57;49.57;-1;DOWN
2025-07-15T19:15;2025-07-15T19:30;78;EUR;MWh;NO;NO;;56;56;56;-1;DOWN
2025-07-15T19:30;2025-07-15T19:45;79;EUR;MWh;NO;NO;;68.56;68.56;68.56;-1;DOWN
2025-07-15T19:45;2025-07-15T20:00;80;EUR;MWh;NO;NO;81;75.75;81;67;2;UP_AND_DOWN
2025-07-15T20:00;2025-07-15T20:15;81;EUR;MWh;NO;NO;;66;66;66;-1;DOWN
2025-07-15T20:15;2025-07-15T20:30;82;EUR;MWh;NO;NO;90.92;74.44;90.92;67;2;UP_AND_DOWN
2025-07-15T20:30;2025-07-15T20:45;83;EUR;MWh;NO;NO;114;73.62;114;67;2;UP_AND_DOWN
2025-07-15T20:45;2025-07-15T21:00;84;EUR;MWh;NO;NO;114;;114;114;1;UP
2025-07-15T21:00;2025-07-15T21:15;85;EUR;MWh;NO;NO;78.56;80.25;78.56;68;2;UP_AND_DOWN
2025-07-15T21:15;2025-07-15T21:30;86;EUR;MWh;NO;NO;;66;66;66;-1;DOWN
2025-07-15T21:30;2025-07-15T21:45;87;EUR;MWh;NO;NO;;66;66;66;-1;DOWN
2025-07-15T21:45;2025-07-15T22:00;88;EUR;MWh;NO;NO;;72.24;72.24;72.24;-1;DOWN
2025-07-15T22:00;2025-07-15T22:15;89;EUR;MWh;NO;NO;;66;66;66;-1;DOWN
2025-07-15T22:15;2025-07-15T22:30;90;EUR;MWh;NO;NO;78.56;72.24;78.56;67;2;UP_AND_DOWN
2025-07-15T22:30;2025-07-15T22:45;91;EUR;MWh;NO;NO;;56;56;56;-1;DOWN
2025-07-15T22:45;2025-07-15T23:00;92;EUR;MWh;NO;NO;;53.47;53.47;53.47;-1;DOWN
2025-07-15T23:00;2025-07-15T23:15;93;EUR;MWh;NO;NO;;54.5;54.5;54.5;-1;DOWN
2025-07-15T23:15;2025-07-15T23:30;94;EUR;MWh;NO;NO;92;62.1;92;62.1;2;UP_AND_DOWN
2025-07-15T23:30;2025-07-15T23:45;95;EUR;MWh;NO;NO;92;56;92;56;2;UP_AND_DOWN
2025-07-15T23:45;2025-07-16T00:00;96;EUR;MWh;NO;NO;;56;56;56;-1;DOWN
2025-07-16T00:00;2025-07-16T00:15;1;EUR;MWh;NO;NO;114;76.19;114;68.88;2;UP_AND_DOWN
2025-07-16T00:15;2025-07-16T00:30;2;EUR;MWh;NO;NO;90;59.15;59.15;59.15;-1;DOWN
2025-07-16T00:30;2025-07-16T00:45;3;EUR;MWh;NO;NO;;3.9;3.9;3.9;-1;DOWN
2025-07-16T00:45;2025-07-16T01:00;4;EUR;MWh;NO;NO;;10;10;10;-1;DOWN
2025-07-16T01:00;2025-07-16T01:15;5;EUR;MWh;NO;NO;95.15;45;95.15;45;2;UP_AND_DOWN
2025-07-16T01:15;2025-07-16T01:30;6;EUR;MWh;NO;NO;68.56;16.33;16.33;16.33;-1;DOWN
2025-07-16T01:30;2025-07-16T01:45;7;EUR;MWh;NO;NO;;16.08;16.08;16.08;-1;DOWN
2025-07-16T01:45;2025-07-16T02:00;8;EUR;MWh;NO;NO;;16.23;16.23;16.23;-1;DOWN
2025-07-16T02:00;2025-07-16T02:15;9;EUR;MWh;NO;NO;;16.43;16.43;16.43;-1;DOWN
2025-07-16T02:15;2025-07-16T02:30;10;EUR;MWh;NO;NO;;68.56;68.56;68.56;-1;DOWN
2025-07-16T02:30;2025-07-16T02:45;11;EUR;MWh;NO;NO;110;68.56;110;110;1;UP
2025-07-16T02:45;2025-07-16T03:00;12;EUR;MWh;NO;NO;102.88;;102.88;102.88;1;UP
2025-07-16T03:00;2025-07-16T03:15;13;EUR;MWh;NO;NO;114.3;;114.3;114.3;1;UP
2025-07-16T03:15;2025-07-16T03:30;14;EUR;MWh;NO;NO;113.8;;113.8;113.8;1;UP
2025-07-16T03:30;2025-07-16T03:45;15;EUR;MWh;NO;NO;113.6;;113.6;113.6;1;UP
2025-07-16T03:45;2025-07-16T04:00;16;EUR;MWh;NO;NO;113.3;;113.3;113.3;1;UP
2025-07-16T04:00;2025-07-16T04:15;17;EUR;MWh;NO;NO;81;71.96;71.96;71.96;-1;DOWN
2025-07-16T04:15;2025-07-16T04:30;18;EUR;MWh;NO;NO;;77.98;77.98;77.98;-1;DOWN
2025-07-16T04:30;2025-07-16T04:45;19;EUR;MWh;NO;NO;68.56;82.98;76.78;76.78;2;UP_AND_DOWN
2025-07-16T04:45;2025-07-16T05:00;20;EUR;MWh;NO;NO;101.15;;101.15;101.15;1;UP
2025-07-16T05:00;2025-07-16T05:15;21;EUR;MWh;NO;NO;68.56;71.23;74.28;71.23;2;UP_AND_DOWN
2025-07-16T05:15;2025-07-16T05:30;22;EUR;MWh;NO;NO;;79.98;79.98;79.98;-1;DOWN
2025-07-16T05:30;2025-07-16T05:45;23;EUR;MWh;NO;NO;109;83.98;109;71.77;2;UP_AND_DOWN
2025-07-16T05:45;2025-07-16T06:00;24;EUR;MWh;NO;NO;109;77.08;109;67.82;2;UP_AND_DOWN
2025-07-16T06:00;2025-07-16T06:15;25;EUR;MWh;NO;NO;99.63;65;99.63;65;2;UP_AND_DOWN
2025-07-16T06:15;2025-07-16T06:30;26;EUR;MWh;NO;NO;109;;109;109;1;UP
2025-07-16T06:30;2025-07-16T06:45;27;EUR;MWh;NO;NO;114;;114;114;1;UP
2025-07-16T06:45;2025-07-16T07:00;28;EUR;MWh;NO;NO;114;;114;114;1;UP
2025-07-16T07:00;2025-07-16T07:15;29;EUR;MWh;NO;NO;99.63;;99.63;99.63;1;UP
2025-07-16T07:15;2025-07-16T07:30;30;EUR;MWh;NO;NO;108.3;;108.3;108.3;1;UP
2025-07-16T07:30;2025-07-16T07:45;31;EUR;MWh;NO;NO;91.68;;91.68;91.68;1;UP
2025-07-16T07:45;2025-07-16T08:00;32;EUR;MWh;NO;NO;114;;114;114;1;UP
2025-07-16T08:00;2025-07-16T08:15;33;EUR;MWh;NO;NO;114;57.63;114;57.63;2;UP_AND_DOWN
2025-07-16T08:15;2025-07-16T08:30;34;EUR;MWh;NO;NO;;53.43;53.43;53.43;-1;DOWN
2025-07-16T08:30;2025-07-16T08:45;35;EUR;MWh;NO;NO;;53.43;53.43;53.43;-1;DOWN
2025-07-16T08:45;2025-07-16T09:00;36;EUR;MWh;NO;NO;;51.23;51.23;51.23;-1;DOWN
2025-07-16T09:00;2025-07-16T09:15;37;EUR;MWh;NO;NO;91.68;-30;91.68;-30;2;UP_AND_DOWN
2025-07-16T09:15;2025-07-16T09:30;38;EUR;MWh;NO;NO;102.88;78.55;102.88;78.55;2;UP_AND_DOWN
2025-07-16T09:30;2025-07-16T09:45;39;EUR;MWh;NO;NO;97.53;;97.53;97.53;1;UP
2025-07-16T09:45;2025-07-16T10:00;40;EUR;MWh;NO;NO;86.63;10;86.63;10;2;UP_AND_DOWN
2025-07-16T10:00;2025-07-16T10:15;41;EUR;MWh;NO;NO;;9.57;9.57;9.57;-1;DOWN
2025-07-16T10:15;2025-07-16T10:30;42;EUR;MWh;NO;NO;;45;45;45;-1;DOWN
2025-07-16T10:30;2025-07-16T10:45;43;EUR;MWh;NO;NO;;1.98;1.98;1.98;-1;DOWN
2025-07-16T10:45;2025-07-16T11:00;44;EUR;MWh;NO;NO;;-7.1;-7.1;-7.1;-1;DOWN
2025-07-16T11:00;2025-07-16T11:15;45;EUR;MWh;NO;NO;;-7.1;-7.1;-7.1;-1;DOWN
2025-07-16T11:15;2025-07-16T11:30;46;EUR;MWh;NO;NO;;-12;-12;-12;-1;DOWN
2025-07-16T11:30;2025-07-16T11:45;47;EUR;MWh;NO;NO;;9.57;9.57;9.57;-1;DOWN
2025-07-16T11:45;2025-07-16T12:00;48;EUR;MWh;NO;NO;;5;5;5;-1;DOWN
2025-07-16T12:00;2025-07-16T12:15;49;EUR;MWh;NO;NO;106.98;10;106.98;10;2;UP_AND_DOWN
2025-07-16T12:15;2025-07-16T12:30;50;EUR;MWh;NO;NO;88;-16;88;-16;2;UP_AND_DOWN
2025-07-16T12:30;2025-07-16T12:45;51;EUR;MWh;NO;NO;;-23.35;-23.35;-23.35;-1;DOWN
2025-07-16T12:45;2025-07-16T13:00;52;EUR;MWh;NO;NO;;;0;0;-1;DOWN
2025-07-16T13:00;2025-07-16T13:15;53;EUR;MWh;NO;NO;87;-27;87;-27;2;UP_AND_DOWN
2025-07-16T13:15;2025-07-16T13:30;54;EUR;MWh;NO;NO;87;1;87;1;2;UP_AND_DOWN
2025-07-16T13:30;2025-07-16T13:45;55;EUR;MWh;NO;NO;87;-2.57;87;-2.57;2;UP_AND_DOWN
2025-07-16T13:45;2025-07-16T14:00;56;EUR;MWh;NO;NO;112.78;-1;112.78;-1;2;UP_AND_DOWN
2025-07-16T14:00;2025-07-16T14:15;57;EUR;MWh;NO;NO;133.63;;133.63;133.63;1;UP
2025-07-16T14:15;2025-07-16T14:30;58;EUR;MWh;NO;NO;3400;;3400;3400;1;UP
2025-07-16T14:30;2025-07-16T14:45;59;EUR;MWh;NO;NO;512.85;;512.85;512.85;1;UP
2025-07-16T14:45;2025-07-16T15:00;60;EUR;MWh;NO;NO;99.98;10;99.98;10;2;UP_AND_DOWN
2025-07-16T15:00;2025-07-16T15:15;61;EUR;MWh;NO;NO;92.98;36;92.98;36;2;UP_AND_DOWN
2025-07-16T15:15;2025-07-16T15:30;62;EUR;MWh;NO;NO;78.56;33;33;33;-1;DOWN
2025-07-16T15:30;2025-07-16T15:45;63;EUR;MWh;NO;NO;103.98;53.43;103.98;53.43;2;UP_AND_DOWN
2025-07-16T15:45;2025-07-16T16:00;64;EUR;MWh;NO;NO;93.98;9.57;93.98;9.57;2;UP_AND_DOWN
2025-07-16T16:00;2025-07-16T16:15;65;EUR;MWh;NO;NO;93.63;;93.63;0;2;UP_AND_DOWN
2025-07-16T16:15;2025-07-16T16:30;66;EUR;MWh;NO;NO;106.98;69.57;106.98;106.98;1;UP
2025-07-16T16:30;2025-07-16T16:45;67;EUR;MWh;NO;NO;100.98;71.75;100.98;66.5;2;UP_AND_DOWN
2025-07-16T16:45;2025-07-16T17:00;68;EUR;MWh;NO;NO;95.98;-12.99;95.98;-12.99;2;UP_AND_DOWN
2025-07-16T17:00;2025-07-16T17:15;69;EUR;MWh;NO;NO;125.4;9.57;125.4;125.4;1;UP
2025-07-16T17:15;2025-07-16T17:30;70;EUR;MWh;NO;NO;114.3;;114.3;114.3;1;UP
2025-07-16T17:30;2025-07-16T17:45;71;EUR;MWh;NO;NO;96.98;65;65;65;-1;DOWN
2025-07-16T17:45;2025-07-16T18:00;72;EUR;MWh;NO;NO;;13.53;13.53;13.53;-1;DOWN
2025-07-16T18:00;2025-07-16T18:15;73;EUR;MWh;NO;NO;;33;33;33;-1;DOWN
2025-07-16T18:15;2025-07-16T18:30;74;EUR;MWh;NO;NO;86.43;52.98;52.98;52.98;-1;DOWN
2025-07-16T18:30;2025-07-16T18:45;75;EUR;MWh;NO;NO;88.56;68.77;88.56;65;2;UP_AND_DOWN
2025-07-16T18:45;2025-07-16T19:00;76;EUR;MWh;NO;NO;96;;96;96;1;UP
2025-07-16T19:00;2025-07-16T19:15;77;EUR;MWh;NO;NO;96;37;37;37;-1;DOWN
2025-07-16T19:15;2025-07-16T19:30;78;EUR;MWh;NO;NO;96;48.63;96;48.63;2;UP_AND_DOWN
2025-07-16T19:30;2025-07-16T19:45;79;EUR;MWh;NO;NO;104.81;76.69;104.81;65;2;UP_AND_DOWN
2025-07-16T19:45;2025-07-16T20:00;80;EUR;MWh;NO;NO;114;78.83;114;65;2;UP_AND_DOWN
2025-07-16T20:00;2025-07-16T20:15;81;EUR;MWh;NO;NO;114;60.11;60.11;60.11;-1;DOWN
2025-07-16T20:15;2025-07-16T20:30;82;EUR;MWh;NO;NO;114;80.78;114;114;1;UP
2025-07-16T20:30;2025-07-16T20:45;83;EUR;MWh;NO;NO;119.91;;119.91;119.91;1;UP
2025-07-16T20:45;2025-07-16T21:00;84;EUR;MWh;NO;NO;114.2;;114.2;114.2;1;UP
2025-07-16T21:00;2025-07-16T21:15;85;EUR;MWh;NO;NO;114.1;;114.1;114.1;1;UP
2025-07-16T21:15;2025-07-16T21:30;86;EUR;MWh;NO;NO;114.1;60.11;114.1;60.11;2;UP_AND_DOWN
2025-07-16T21:30;2025-07-16T21:45;87;EUR;MWh;NO;NO;;65;65;65;-1;DOWN
2025-07-16T21:45;2025-07-16T22:00;88;EUR;MWh;NO;NO;45;74.89;74.89;74.89;-1;DOWN
2025-07-16T22:00;2025-07-16T22:15;89;EUR;MWh;NO;NO;119.13;78.78;119.13;69.5;2;UP_AND_DOWN
2025-07-16T22:15;2025-07-16T22:30;90;EUR;MWh;NO;NO;98.56;74;98.56;67;2;UP_AND_DOWN
2025-07-16T22:30;2025-07-16T22:45;91;EUR;MWh;NO;NO;98.56;74.14;98.56;65;2;UP_AND_DOWN
2025-07-16T22:45;2025-07-16T23:00;92;EUR;MWh;NO;NO;;67.52;67.52;67.52;-1;DOWN
2025-07-16T23:00;2025-07-16T23:15;93;EUR;MWh;NO;NO;114.1;78.39;114.1;65;2;UP_AND_DOWN
2025-07-16T23:15;2025-07-16T23:30;94;EUR;MWh;NO;NO;83.63;78.63;83.63;65;2;UP_AND_DOWN
2025-07-16T23:30;2025-07-16T23:45;95;EUR;MWh;NO;NO;;67.11;67.11;67.11;-1;DOWN
2025-07-16T23:45;2025-07-17T00:00;96;EUR;MWh;NO;NO;;67.52;67.52;67.52;-1;DOWN
2025-07-17T00:00;2025-07-17T00:15;1;EUR;MWh;NO;NO;;70.04;70.04;70.04;-1;DOWN
2025-07-17T00:15;2025-07-17T00:30;2;EUR;MWh;NO;NO;86.51;;86.51;86.51;1;UP
2025-07-17T00:30;2025-07-17T00:45;3;EUR;MWh;NO;NO;104;;104;104;1;UP
2025-07-17T00:45;2025-07-17T01:00;4;EUR;MWh;NO;NO;86.49;;86.49;86.49;1;UP
2025-07-17T01:00;2025-07-17T01:15;5;EUR;MWh;NO;NO;104;;104;104;1;UP
2025-07-17T01:15;2025-07-17T01:30;6;EUR;MWh;NO;NO;104;;104;104;1;UP
2025-07-17T01:30;2025-07-17T01:45;7;EUR;MWh;NO;NO;105;;105;105;1;UP
2025-07-17T01:45;2025-07-17T02:00;8;EUR;MWh;NO;NO;95.69;;95.69;95.69;1;UP
2025-07-17T02:00;2025-07-17T02:15;9;EUR;MWh;NO;NO;86.59;;86.59;86.59;1;UP
2025-07-17T02:15;2025-07-17T02:30;10;EUR;MWh;NO;NO;55;87;55;55;1;UP
2025-07-17T02:30;2025-07-17T02:45;11;EUR;MWh;NO;NO;;77.21;77.21;77.21;-1;DOWN
2025-07-17T02:45;2025-07-17T03:00;12;EUR;MWh;NO;NO;84.59;87;84.59;84.59;1;UP
2025-07-17T03:00;2025-07-17T03:15;13;EUR;MWh;NO;NO;88.56;;88.56;88.56;1;UP
2025-07-17T03:15;2025-07-17T03:30;14;EUR;MWh;NO;NO;78.56;;78.56;78.56;1;UP
2025-07-17T03:30;2025-07-17T03:45;15;EUR;MWh;NO;NO;;78.8;78.8;78.8;-1;DOWN
2025-07-17T03:45;2025-07-17T04:00;16;EUR;MWh;NO;NO;;75.6;75.6;75.6;-1;DOWN
2025-07-17T04:00;2025-07-17T04:15;17;EUR;MWh;NO;NO;;66.47;66.47;66.47;-1;DOWN
2025-07-17T04:15;2025-07-17T04:30;18;EUR;MWh;NO;NO;;70.1;70.1;70.1;-1;DOWN
2025-07-17T04:30;2025-07-17T04:45;19;EUR;MWh;NO;NO;;79.67;79.67;79.67;-1;DOWN
2025-07-17T04:45;2025-07-17T05:00;20;EUR;MWh;NO;NO;;;66.5;66.5;0;STABLE
2025-07-17T05:00;2025-07-17T05:15;21;EUR;MWh;NO;NO;86.59;79.67;86.59;66.33;2;UP_AND_DOWN
2025-07-17T05:15;2025-07-17T05:30;22;EUR;MWh;NO;NO;86.49;;86.49;86.49;1;UP
2025-07-17T05:30;2025-07-17T05:45;23;EUR;MWh;NO;NO;;;66.33;66.33;0;STABLE
2025-07-17T05:45;2025-07-17T06:00;24;EUR;MWh;NO;NO;;67.35;67.35;67.35;-1;DOWN
2025-07-17T06:00;2025-07-17T06:15;25;EUR;MWh;NO;NO;83.46;67.25;67.25;67.25;-1;DOWN
2025-07-17T06:15;2025-07-17T06:30;26;EUR;MWh;NO;NO;84;67.25;84;84;1;UP
2025-07-17T06:30;2025-07-17T06:45;27;EUR;MWh;NO;NO;60;;60;60;1;UP
2025-07-17T06:45;2025-07-17T07:00;28;EUR;MWh;NO;NO;;;65;65;0;STABLE
2025-07-17T07:00;2025-07-17T07:15;29;EUR;MWh;NO;NO;88.69;;88.69;88.69;1;UP
2025-07-17T07:15;2025-07-17T07:30;30;EUR;MWh;NO;NO;85.49;;85.49;85.49;1;UP
2025-07-17T07:30;2025-07-17T07:45;31;EUR;MWh;NO;NO;84;74.63;84;65;2;UP_AND_DOWN
2025-07-17T07:45;2025-07-17T08:00;32;EUR;MWh;NO;NO;;72.13;72.13;72.13;-1;DOWN
2025-07-17T08:00;2025-07-17T08:15;33;EUR;MWh;NO;NO;83.56;67.05;83.56;65;2;UP_AND_DOWN
2025-07-17T08:15;2025-07-17T08:30;34;EUR;MWh;NO;NO;;70;70;70;-1;DOWN
2025-07-17T08:30;2025-07-17T08:45;35;EUR;MWh;NO;NO;;71.67;71.67;71.67;-1;DOWN
2025-07-17T08:45;2025-07-17T09:00;36;EUR;MWh;NO;NO;100;75;100;65;2;UP_AND_DOWN
2025-07-17T09:00;2025-07-17T09:15;37;EUR;MWh;NO;NO;155.81;;155.81;155.81;1;UP
2025-07-17T09:15;2025-07-17T09:30;38;EUR;MWh;NO;NO;159;;159;159;1;UP
2025-07-17T09:30;2025-07-17T09:45;39;EUR;MWh;NO;NO;125;;125;125;1;UP
2025-07-17T09:45;2025-07-17T10:00;40;EUR;MWh;NO;NO;100.53;;100.53;100.53;1;UP
2025-07-17T10:00;2025-07-17T10:15;41;EUR;MWh;NO;NO;100;;100;100;1;UP
2025-07-17T10:15;2025-07-17T10:30;42;EUR;MWh;NO;NO;100;9.57;9.57;9.57;-1;DOWN
2025-07-17T10:30;2025-07-17T10:45;43;EUR;MWh;NO;NO;;37.16;37.16;37.16;-1;DOWN
2025-07-17T10:45;2025-07-17T11:00;44;EUR;MWh;NO;NO;;9.57;9.57;9.57;-1;DOWN
2025-07-17T11:00;2025-07-17T11:15;45;EUR;MWh;NO;NO;;-18.5;-18.5;-18.5;-1;DOWN
2025-07-17T11:15;2025-07-17T11:30;46;EUR;MWh;NO;NO;;-30;-30;-30;-1;DOWN
2025-07-17T11:30;2025-07-17T11:45;47;EUR;MWh;NO;NO;;-30;-30;-30;-1;DOWN
2025-07-17T11:45;2025-07-17T12:00;48;EUR;MWh;NO;NO;;-13.79;-13.79;-13.79;-1;DOWN
2025-07-17T12:00;2025-07-17T12:15;49;EUR;MWh;NO;NO;;-27.58;-27.58;-27.58;-1;DOWN
2025-07-17T12:15;2025-07-17T12:30;50;EUR;MWh;NO;NO;;-20;-20;-20;-1;DOWN
2025-07-17T12:30;2025-07-17T12:45;51;EUR;MWh;NO;NO;83.56;-36.39;83.56;-36.39;2;UP_AND_DOWN
2025-07-17T12:45;2025-07-17T13:00;52;EUR;MWh;NO;NO;;-49;-49;-49;-1;DOWN
2025-07-17T13:00;2025-07-17T13:15;53;EUR;MWh;NO;NO;;-49;-49;-49;-1;DOWN
2025-07-17T13:15;2025-07-17T13:30;54;EUR;MWh;NO;NO;;-49;-49;-49;-1;DOWN
2025-07-17T13:30;2025-07-17T13:45;55;EUR;MWh;NO;NO;;-28.85;-28.85;-28.85;-1;DOWN
2025-07-17T13:45;2025-07-17T14:00;56;EUR;MWh;NO;NO;;19;19;19;-1;DOWN
2025-07-17T14:00;2025-07-17T14:15;57;EUR;MWh;NO;NO;81.01;19;19;19;-1;DOWN
2025-07-17T14:15;2025-07-17T14:30;58;EUR;MWh;NO;NO;83.8;;83.8;83.8;1;UP
2025-07-17T14:30;2025-07-17T14:45;59;EUR;MWh;NO;NO;83;;83;83;1;UP
2025-07-17T14:45;2025-07-17T15:00;60;EUR;MWh;NO;NO;82.81;;82.81;82.81;1;UP
2025-07-17T15:00;2025-07-17T15:15;61;EUR;MWh;NO;NO;82.01;;82.01;82.01;1;UP
2025-07-17T15:15;2025-07-17T15:30;62;EUR;MWh;NO;NO;83;69.9;83;83;1;UP
2025-07-17T15:30;2025-07-17T15:45;63;EUR;MWh;NO;NO;;62.45;62.45;62.45;-1;DOWN
2025-07-17T15:45;2025-07-17T16:00;64;EUR;MWh;NO;NO;;69.35;69.35;69.35;-1;DOWN
2025-07-17T16:00;2025-07-17T16:15;65;EUR;MWh;NO;NO;87.64;71.65;87.64;63.5;2;UP_AND_DOWN
2025-07-17T16:15;2025-07-17T16:30;66;EUR;MWh;NO;NO;101.8;;101.8;101.8;1;UP
2025-07-17T16:30;2025-07-17T16:45;67;EUR;MWh;NO;NO;100;;100;100;1;UP
2025-07-17T16:45;2025-07-17T17:00;68;EUR;MWh;NO;NO;95.91;;95.91;95.91;1;UP
2025-07-17T17:00;2025-07-17T17:15;69;EUR;MWh;NO;NO;95.91;-18.5;-18.5;-18.5;-1;DOWN
2025-07-17T17:15;2025-07-17T17:30;70;EUR;MWh;NO;NO;83.56;60.61;83.56;83.56;1;UP
2025-07-17T17:30;2025-07-17T17:45;71;EUR;MWh;NO;NO;98.81;;98.81;98.81;1;UP
2025-07-17T17:45;2025-07-17T18:00;72;EUR;MWh;NO;NO;96;;96;96;1;UP
2025-07-17T18:00;2025-07-17T18:15;73;EUR;MWh;NO;NO;88.56;77.63;88.56;77.07;2;UP_AND_DOWN
2025-07-17T18:15;2025-07-17T18:30;74;EUR;MWh;NO;NO;88.56;79.13;88.56;78.94;2;UP_AND_DOWN
2025-07-17T18:30;2025-07-17T18:45;75;EUR;MWh;NO;NO;97;73.9;97;73.9;2;UP_AND_DOWN
2025-07-17T18:45;2025-07-17T19:00;76;EUR;MWh;NO;NO;91.72;;91.72;91.72;1;UP
2025-07-17T19:00;2025-07-17T19:15;77;EUR;MWh;NO;NO;75.76;69.86;75.76;69.86;2;UP_AND_DOWN
2025-07-17T19:15;2025-07-17T19:30;78;EUR;MWh;NO;NO;97;47;97;47;2;UP_AND_DOWN
2025-07-17T19:30;2025-07-17T19:45;79;EUR;MWh;NO;NO;118;;118;118;1;UP
2025-07-17T19:45;2025-07-17T20:00;80;EUR;MWh;NO;NO;110;;110;110;1;UP
2025-07-17T20:00;2025-07-17T20:15;81;EUR;MWh;NO;NO;105;91.47;105;68.24;2;UP_AND_DOWN
2025-07-17T20:15;2025-07-17T20:30;82;EUR;MWh;NO;NO;45;104.41;74.71;74.71;0;STABLE
2025-07-17T20:30;2025-07-17T20:45;83;EUR;MWh;NO;NO;128;;128;128;1;UP
2025-07-17T20:45;2025-07-17T21:00;84;EUR;MWh;NO;NO;107.49;85;107.49;107.49;1;UP
2025-07-17T21:00;2025-07-17T21:15;85;EUR;MWh;NO;NO;107.49;66.7;66.7;66.7;-1;DOWN
2025-07-17T21:15;2025-07-17T21:30;86;EUR;MWh;NO;NO;;68.73;68.73;68.73;-1;DOWN
2025-07-17T21:30;2025-07-17T21:45;87;EUR;MWh;NO;NO;;77.85;77.85;77.85;-1;DOWN
2025-07-17T21:45;2025-07-17T22:00;88;EUR;MWh;NO;NO;;85;85;85;-1;DOWN
2025-07-17T22:00;2025-07-17T22:15;89;EUR;MWh;NO;NO;140;85;140;140;1;UP
2025-07-17T22:15;2025-07-17T22:30;90;EUR;MWh;NO;NO;84.44;;84.44;84.44;1;UP
2025-07-17T22:30;2025-07-17T22:45;91;EUR;MWh;NO;NO;78.56;;78.56;78.56;1;UP
2025-07-17T22:45;2025-07-17T23:00;92;EUR;MWh;NO;NO;84.59;;84.59;84.59;1;UP
2025-07-17T23:00;2025-07-17T23:15;93;EUR;MWh;NO;NO;147.9;;147.9;147.9;1;UP
2025-07-17T23:15;2025-07-17T23:30;94;EUR;MWh;NO;NO;122;;122;122;1;UP
2025-07-17T23:30;2025-07-17T23:45;95;EUR;MWh;NO;NO;88.56;85;88.56;88.56;1;UP
2025-07-17T23:45;2025-07-18T00:00;96;EUR;MWh;NO;NO;87.59;66.05;87.59;65;2;UP_AND_DOWN
2025-07-18T00:00;2025-07-18T00:15;1;EUR;MWh;NO;NO;129;78.18;129;78.18;2;UP_AND_DOWN
2025-07-18T00:15;2025-07-18T00:30;2;EUR;MWh;NO;NO;129;;129;129;1;UP
2025-07-18T00:30;2025-07-18T00:45;3;EUR;MWh;NO;NO;119.6;;119.6;119.6;1;UP
2025-07-18T00:45;2025-07-18T01:00;4;EUR;MWh;NO;NO;111.8;;111.8;111.8;1;UP
2025-07-18T01:00;2025-07-18T01:15;5;EUR;MWh;NO;NO;78.56;85;78.56;78.56;1;UP
2025-07-18T01:15;2025-07-18T01:30;6;EUR;MWh;NO;NO;88.56;;88.56;88.56;1;UP
2025-07-18T01:30;2025-07-18T01:45;7;EUR;MWh;NO;NO;78.56;75.43;75.43;75.43;-1;DOWN
2025-07-18T01:45;2025-07-18T02:00;8;EUR;MWh;NO;NO;;79.13;79.13;79.13;-1;DOWN
2025-07-18T02:00;2025-07-18T02:15;9;EUR;MWh;NO;NO;78.56;78.67;78.67;78.67;-1;DOWN
2025-07-18T02:15;2025-07-18T02:30;10;EUR;MWh;NO;NO;88.56;82;88.56;88.56;1;UP
2025-07-18T02:30;2025-07-18T02:45;11;EUR;MWh;NO;NO;;;81.78;81.78;0;STABLE
2025-07-18T02:45;2025-07-18T03:00;12;EUR;MWh;NO;NO;119.4;65;119.4;65;2;UP_AND_DOWN
2025-07-18T03:00;2025-07-18T03:15;13;EUR;MWh;NO;NO;;57.25;57.25;57.25;-1;DOWN
2025-07-18T03:15;2025-07-18T03:30;14;EUR;MWh;NO;NO;;65;65;65;-1;DOWN
2025-07-18T03:30;2025-07-18T03:45;15;EUR;MWh;NO;NO;88.56;75.05;88.56;75.05;2;UP_AND_DOWN
2025-07-18T03:45;2025-07-18T04:00;16;EUR;MWh;NO;NO;78.56;65;65;65;-1;DOWN
2025-07-18T04:00;2025-07-18T04:15;17;EUR;MWh;NO;NO;86;67.05;86;67.05;2;UP_AND_DOWN
2025-07-18T04:15;2025-07-18T04:30;18;EUR;MWh;NO;NO;88.56;74.58;88.56;74.58;2;UP_AND_DOWN
2025-07-18T04:30;2025-07-18T04:45;19;EUR;MWh;NO;NO;88.7;;88.7;88.7;1;UP
2025-07-18T04:45;2025-07-18T05:00;20;EUR;MWh;NO;NO;88.56;76.89;88.56;76.89;2;UP_AND_DOWN
2025-07-18T05:00;2025-07-18T05:15;21;EUR;MWh;NO;NO;;60.19;60.19;60.19;-1;DOWN
2025-07-18T05:15;2025-07-18T05:30;22;EUR;MWh;NO;NO;88.56;74.1;88.56;66;2;UP_AND_DOWN
2025-07-18T05:30;2025-07-18T05:45;23;EUR;MWh;NO;NO;111.8;;111.8;111.8;1;UP
2025-07-18T05:45;2025-07-18T06:00;24;EUR;MWh;NO;NO;90.7;76.48;90.7;66;2;UP_AND_DOWN
2025-07-18T06:00;2025-07-18T06:15;25;EUR;MWh;NO;NO;96.8;74.48;96.8;96.8;1;UP
2025-07-18T06:15;2025-07-18T06:30;26;EUR;MWh;NO;NO;91.8;;91.8;91.8;1;UP
2025-07-18T06:30;2025-07-18T06:45;27;EUR;MWh;NO;NO;78.56;85;78.56;78.56;1;UP
2025-07-18T06:45;2025-07-18T07:00;28;EUR;MWh;NO;NO;78.56;77.73;78.56;66;2;UP_AND_DOWN
2025-07-18T07:00;2025-07-18T07:15;29;EUR;MWh;NO;NO;91.8;79.89;91.8;66;2;UP_AND_DOWN
2025-07-18T07:15;2025-07-18T07:30;30;EUR;MWh;NO;NO;91.8;;91.8;91.8;1;UP
2025-07-18T07:30;2025-07-18T07:45;31;EUR;MWh;NO;NO;101;;101;101;1;UP
2025-07-18T07:45;2025-07-18T08:00;32;EUR;MWh;NO;NO;88.56;;88.56;88.56;1;UP
2025-07-18T08:00;2025-07-18T08:15;33;EUR;MWh;NO;NO;112;;112;112;1;UP
2025-07-18T08:15;2025-07-18T08:30;34;EUR;MWh;NO;NO;101;76.62;101;66;2;UP_AND_DOWN
2025-07-18T08:30;2025-07-18T08:45;35;EUR;MWh;NO;NO;;71.79;71.79;71.79;-1;DOWN
2025-07-18T08:45;2025-07-18T09:00;36;EUR;MWh;NO;NO;;60.53;60.53;60.53;-1;DOWN
2025-07-18T09:00;2025-07-18T09:15;37;EUR;MWh;NO;NO;;45;45;45;-1;DOWN
2025-07-18T09:15;2025-07-18T09:30;38;EUR;MWh;NO;NO;83.03;79.79;83.03;79.79;2;UP_AND_DOWN
2025-07-18T09:30;2025-07-18T09:45;39;EUR;MWh;NO;NO;;69.57;69.57;69.57;-1;DOWN
2025-07-18T09:45;2025-07-18T10:00;40;EUR;MWh;NO;NO;;57.05;57.05;57.05;-1;DOWN
2025-07-18T10:00;2025-07-18T10:15;41;EUR;MWh;NO;NO;;58.65;58.65;58.65;-1;DOWN
2025-07-18T10:15;2025-07-18T10:30;42;EUR;MWh;NO;NO;81.97;69.57;81.97;69.57;2;UP_AND_DOWN
2025-07-18T10:30;2025-07-18T10:45;43;EUR;MWh;NO;NO;;54.43;54.43;54.43;-1;DOWN
2025-07-18T10:45;2025-07-18T11:00;44;EUR;MWh;NO;NO;;69.57;69.57;69.57;-1;DOWN
2025-07-18T11:00;2025-07-18T11:15;45;EUR;MWh;NO;NO;;10;10;10;-1;DOWN
2025-07-18T11:15;2025-07-18T11:30;46;EUR;MWh;NO;NO;;-30;-30;-30;-1;DOWN
2025-07-18T11:30;2025-07-18T11:45;47;EUR;MWh;NO;NO;;-30;-30;-30;-1;DOWN
2025-07-18T11:45;2025-07-18T12:00;48;EUR;MWh;NO;NO;;-30;-30;-30;-1;DOWN
2025-07-18T12:00;2025-07-18T12:15;49;EUR;MWh;NO;NO;;10;10;10;-1;DOWN
2025-07-18T12:15;2025-07-18T12:30;50;EUR;MWh;NO;NO;;-18.5;-18.5;-18.5;-1;DOWN
2025-07-18T12:30;2025-07-18T12:45;51;EUR;MWh;NO;NO;;26.64;26.64;26.64;-1;DOWN
2025-07-18T12:45;2025-07-18T13:00;52;EUR;MWh;NO;NO;;9.57;9.57;9.57;-1;DOWN
2025-07-18T13:00;2025-07-18T13:15;53;EUR;MWh;NO;NO;93.22;10;93.22;10;2;UP_AND_DOWN
2025-07-18T13:15;2025-07-18T13:30;54;EUR;MWh;NO;NO;79.99;;79.99;79.99;1;UP
2025-07-18T13:30;2025-07-18T13:45;55;EUR;MWh;NO;NO;90.93;67;90.93;67;2;UP_AND_DOWN
2025-07-18T13:45;2025-07-18T14:00;56;EUR;MWh;NO;NO;;9.57;9.57;9.57;-1;DOWN
2025-07-18T14:00;2025-07-18T14:15;57;EUR;MWh;NO;NO;;9.57;9.57;9.57;-1;DOWN
2025-07-18T14:15;2025-07-18T14:30;58;EUR;MWh;NO;NO;;9.57;9.57;9.57;-1;DOWN
2025-07-18T14:30;2025-07-18T14:45;59;EUR;MWh;NO;NO;83.03;51.74;83.03;51.74;2;UP_AND_DOWN
2025-07-18T14:45;2025-07-18T15:00;60;EUR;MWh;NO;NO;106;;106;106;1;UP
2025-07-18T15:00;2025-07-18T15:15;61;EUR;MWh;NO;NO;106.03;;106.03;106.03;1;UP
2025-07-18T15:15;2025-07-18T15:30;62;EUR;MWh;NO;NO;106;;106;106;1;UP
2025-07-18T15:30;2025-07-18T15:45;63;EUR;MWh;NO;NO;106;;106;106;1;UP
2025-07-18T15:45;2025-07-18T16:00;64;EUR;MWh;NO;NO;105;;105;105;1;UP
2025-07-18T16:00;2025-07-18T16:15;65;EUR;MWh;NO;NO;79.12;-60;79.12;-60;2;UP_AND_DOWN
2025-07-18T16:15;2025-07-18T16:30;66;EUR;MWh;NO;NO;;-69.9;-69.9;-69.9;-1;DOWN
2025-07-18T16:30;2025-07-18T16:45;67;EUR;MWh;NO;NO;;51.74;51.74;51.74;-1;DOWN
2025-07-18T16:45;2025-07-18T17:00;68;EUR;MWh;NO;NO;;-29.9;-29.9;-29.9;-1;DOWN
2025-07-18T17:00;2025-07-18T17:15;69;EUR;MWh;NO;NO;;-60;-60;-60;-1;DOWN
2025-07-18T17:15;2025-07-18T17:30;70;EUR;MWh;NO;NO;;10;10;10;-1;DOWN
2025-07-18T17:30;2025-07-18T17:45;71;EUR;MWh;NO;NO;;22.29;22.29;22.29;-1;DOWN
2025-07-18T17:45;2025-07-18T18:00;72;EUR;MWh;NO;NO;;28.69;28.69;28.69;-1;DOWN
2025-07-18T18:00;2025-07-18T18:15;73;EUR;MWh;NO;NO;87;67;87;67;2;UP_AND_DOWN
2025-07-18T18:15;2025-07-18T18:30;74;EUR;MWh;NO;NO;87;60.44;87;60.44;2;UP_AND_DOWN
2025-07-18T18:30;2025-07-18T18:45;75;EUR;MWh;NO;NO;121;60.83;121;60.83;2;UP_AND_DOWN
2025-07-18T18:45;2025-07-18T19:00;76;EUR;MWh;NO;NO;121;;121;121;1;UP
2025-07-18T19:00;2025-07-18T19:15;77;EUR;MWh;NO;NO;100.73;72.53;100.73;66;2;UP_AND_DOWN
2025-07-18T19:15;2025-07-18T19:30;78;EUR;MWh;NO;NO;122.7;;122.7;122.7;1;UP
2025-07-18T19:30;2025-07-18T19:45;79;EUR;MWh;NO;NO;121;;121;121;1;UP
2025-07-18T19:45;2025-07-18T20:00;80;EUR;MWh;NO;NO;150;;150;150;1;UP
2025-07-18T20:00;2025-07-18T20:15;81;EUR;MWh;NO;NO;93.73;65.83;93.73;65.83;2;UP_AND_DOWN
2025-07-18T20:15;2025-07-18T20:30;82;EUR;MWh;NO;NO;;68;68;68;-1;DOWN
2025-07-18T20:30;2025-07-18T20:45;83;EUR;MWh;NO;NO;88.73;76.62;88.73;66;2;UP_AND_DOWN
2025-07-18T20:45;2025-07-18T21:00;84;EUR;MWh;NO;NO;100.9;86;100.9;100.9;1;UP
2025-07-18T21:00;2025-07-18T21:15;85;EUR;MWh;NO;NO;88.56;86;88.56;66;2;UP_AND_DOWN
2025-07-18T21:15;2025-07-18T21:30;86;EUR;MWh;NO;NO;89.17;86;89.17;89.17;1;UP
2025-07-18T21:30;2025-07-18T21:45;87;EUR;MWh;NO;NO;46;75;75;75;-1;DOWN
2025-07-18T21:45;2025-07-18T22:00;88;EUR;MWh;NO;NO;;78.52;78.52;78.52;-1;DOWN
2025-07-18T22:00;2025-07-18T22:15;89;EUR;MWh;NO;NO;121.8;;121.8;121.8;1;UP
2025-07-18T22:15;2025-07-18T22:30;90;EUR;MWh;NO;NO;120.74;71.22;120.74;66;2;UP_AND_DOWN
2025-07-18T22:30;2025-07-18T22:45;91;EUR;MWh;NO;NO;112.9;70.83;112.9;66;2;UP_AND_DOWN
2025-07-18T22:45;2025-07-18T23:00;92;EUR;MWh;NO;NO;88.56;68;88.56;66;2;UP_AND_DOWN
2025-07-18T23:00;2025-07-18T23:15;93;EUR;MWh;NO;NO;150;75.72;150;66;2;UP_AND_DOWN
2025-07-18T23:15;2025-07-18T23:30;94;EUR;MWh;NO;NO;121;73;121;66;2;UP_AND_DOWN
2025-07-18T23:30;2025-07-18T23:45;95;EUR;MWh;NO;NO;113.37;76.62;113.37;66;2;UP_AND_DOWN
2025-07-18T23:45;2025-07-19T00:00;96;EUR;MWh;NO;NO;104;70;104;66;2;UP_AND_DOWN
2025-07-19T00:00;2025-07-19T00:15;1;EUR;MWh;NO;NO;84.78;68.84;84.78;65;2;UP_AND_DOWN
2025-07-19T00:15;2025-07-19T00:30;2;EUR;MWh;NO;NO;79.78;72.97;79.78;65;2;UP_AND_DOWN
2025-07-19T00:30;2025-07-19T00:45;3;EUR;MWh;NO;NO;;70;70;70;-1;DOWN
2025-07-19T00:45;2025-07-19T01:00;4;EUR;MWh;NO;NO;;68;68;68;-1;DOWN
2025-07-19T01:00;2025-07-19T01:15;5;EUR;MWh;NO;NO;;78.59;78.59;78.59;-1;DOWN
2025-07-19T01:15;2025-07-19T01:30;6;EUR;MWh;NO;NO;;74.17;74.17;74.17;-1;DOWN
2025-07-19T01:30;2025-07-19T01:45;7;EUR;MWh;NO;NO;;69;69;69;-1;DOWN
2025-07-19T01:45;2025-07-19T02:00;8;EUR;MWh;NO;NO;;65;65;65;-1;DOWN
2025-07-19T02:00;2025-07-19T02:15;9;EUR;MWh;NO;NO;115;;115;115;1;UP
2025-07-19T02:15;2025-07-19T02:30;10;EUR;MWh;NO;NO;123.6;;123.6;123.6;1;UP
2025-07-19T02:30;2025-07-19T02:45;11;EUR;MWh;NO;NO;123.6;;123.6;123.6;1;UP
2025-07-19T02:45;2025-07-19T03:00;12;EUR;MWh;NO;NO;113.3;78.84;113.3;65;2;UP_AND_DOWN
2025-07-19T03:00;2025-07-19T03:15;13;EUR;MWh;NO;NO;101;77.26;101;65;2;UP_AND_DOWN
2025-07-19T03:15;2025-07-19T03:30;14;EUR;MWh;NO;NO;104.39;77.26;104.39;104.39;1;UP
2025-07-19T03:30;2025-07-19T03:45;15;EUR;MWh;NO;NO;87;78.69;87;65;2;UP_AND_DOWN
2025-07-19T03:45;2025-07-19T04:00;16;EUR;MWh;NO;NO;77.78;77.26;77.26;77.26;-1;DOWN
2025-07-19T04:00;2025-07-19T04:15;17;EUR;MWh;NO;NO;;71.14;71.14;71.14;-1;DOWN
2025-07-19T04:15;2025-07-19T04:30;18;EUR;MWh;NO;NO;;77.47;77.47;77.47;-1;DOWN
2025-07-19T04:30;2025-07-19T04:45;19;EUR;MWh;NO;NO;78.56;75.94;78.56;65;2;UP_AND_DOWN
2025-07-19T04:45;2025-07-19T05:00;20;EUR;MWh;NO;NO;;72.17;72.17;72.17;-1;DOWN
2025-07-19T05:00;2025-07-19T05:15;21;EUR;MWh;NO;NO;113.3;77.67;113.3;113.3;1;UP
2025-07-19T05:15;2025-07-19T05:30;22;EUR;MWh;NO;NO;121;;121;121;1;UP
2025-07-19T05:30;2025-07-19T05:45;23;EUR;MWh;NO;NO;105.78;;105.78;105.78;1;UP
2025-07-19T05:45;2025-07-19T06:00;24;EUR;MWh;NO;NO;108.56;;108.56;108.56;1;UP
2025-07-19T06:00;2025-07-19T06:15;25;EUR;MWh;NO;NO;121;;121;121;1;UP
2025-07-19T06:15;2025-07-19T06:30;26;EUR;MWh;NO;NO;124.3;;124.3;124.3;1;UP
2025-07-19T06:30;2025-07-19T06:45;27;EUR;MWh;NO;NO;117;;117;117;1;UP
2025-07-19T06:45;2025-07-19T07:00;28;EUR;MWh;NO;NO;79.14;49.57;79.14;49.57;2;UP_AND_DOWN
2025-07-19T07:00;2025-07-19T07:15;29;EUR;MWh;NO;NO;113.2;61.23;113.2;61.23;2;UP_AND_DOWN
2025-07-19T07:15;2025-07-19T07:30;30;EUR;MWh;NO;NO;93.04;68;93.04;68;2;UP_AND_DOWN
2025-07-19T07:30;2025-07-19T07:45;31;EUR;MWh;NO;NO;;69;69;69;-1;DOWN
2025-07-19T07:45;2025-07-19T08:00;32;EUR;MWh;NO;NO;;4.57;4.57;4.57;-1;DOWN
2025-07-19T08:00;2025-07-19T08:15;33;EUR;MWh;NO;NO;42.3;-150;-150;-150;-1;DOWN
2025-07-19T08:15;2025-07-19T08:30;34;EUR;MWh;NO;NO;92.26;;92.26;92.26;1;UP
2025-07-19T08:30;2025-07-19T08:45;35;EUR;MWh;NO;NO;;68;68;68;-1;DOWN
2025-07-19T08:45;2025-07-19T09:00;36;EUR;MWh;NO;NO;;5;5;5;-1;DOWN
2025-07-19T09:00;2025-07-19T09:15;37;EUR;MWh;NO;NO;;10;10;10;-1;DOWN
2025-07-19T09:15;2025-07-19T09:30;38;EUR;MWh;NO;NO;121;49.57;121;49.57;2;UP_AND_DOWN
2025-07-19T09:30;2025-07-19T09:45;39;EUR;MWh;NO;NO;99;32;99;32;2;UP_AND_DOWN
2025-07-19T09:45;2025-07-19T10:00;40;EUR;MWh;NO;NO;78.56;28;78.56;28;2;UP_AND_DOWN
2025-07-19T10:00;2025-07-19T10:15;41;EUR;MWh;NO;NO;101;49.57;101;49.57;2;UP_AND_DOWN
2025-07-19T10:15;2025-07-19T10:30;42;EUR;MWh;NO;NO;113.4;;113.4;113.4;1;UP
2025-07-19T10:30;2025-07-19T10:45;43;EUR;MWh;NO;NO;79.26;-25.9;79.26;-25.9;2;UP_AND_DOWN
2025-07-19T10:45;2025-07-19T11:00;44;EUR;MWh;NO;NO;;-18.5;-18.5;-18.5;-1;DOWN
2025-07-19T11:00;2025-07-19T11:15;45;EUR;MWh;NO;NO;;4.57;4.57;4.57;-1;DOWN
2025-07-19T11:15;2025-07-19T11:30;46;EUR;MWh;NO;NO;;-49;-49;-49;-1;DOWN
2025-07-19T11:30;2025-07-19T11:45;47;EUR;MWh;NO;NO;85.26;-24.9;85.26;-24.9;2;UP_AND_DOWN
2025-07-19T11:45;2025-07-19T12:00;48;EUR;MWh;NO;NO;;-3;-3;-3;-1;DOWN
2025-07-19T12:00;2025-07-19T12:15;49;EUR;MWh;NO;NO;94.26;-18.5;94.26;-18.5;2;UP_AND_DOWN
2025-07-19T12:15;2025-07-19T12:30;50;EUR;MWh;NO;NO;68.56;-30;68.56;-30;2;UP_AND_DOWN
2025-07-19T12:30;2025-07-19T12:45;51;EUR;MWh;NO;NO;;-47;-47;-47;-1;DOWN
2025-07-19T12:45;2025-07-19T13:00;52;EUR;MWh;NO;NO;80.26;-49;80.26;-49;2;UP_AND_DOWN
2025-07-19T13:00;2025-07-19T13:15;53;EUR;MWh;NO;NO;;-70;-70;-70;-1;DOWN
2025-07-19T13:15;2025-07-19T13:30;54;EUR;MWh;NO;NO;;-49;-49;-49;-1;DOWN
2025-07-19T13:30;2025-07-19T13:45;55;EUR;MWh;NO;NO;;-70;-70;-70;-1;DOWN
2025-07-19T13:45;2025-07-19T14:00;56;EUR;MWh;NO;NO;;-65;-65;-65;-1;DOWN
2025-07-19T14:00;2025-07-19T14:15;57;EUR;MWh;NO;NO;86;-117.9;86;-117.9;2;UP_AND_DOWN
2025-07-19T14:15;2025-07-19T14:30;58;EUR;MWh;NO;NO;86;-75;-75;-75;-1;DOWN
2025-07-19T14:30;2025-07-19T14:45;59;EUR;MWh;NO;NO;;-60;-60;-60;-1;DOWN
2025-07-19T14:45;2025-07-19T15:00;60;EUR;MWh;NO;NO;;-30;-30;-30;-1;DOWN
2025-07-19T15:00;2025-07-19T15:15;61;EUR;MWh;NO;NO;;-30;-30;-30;-1;DOWN
2025-07-19T15:15;2025-07-19T15:30;62;EUR;MWh;NO;NO;50;-29.9;-29.9;-29.9;-1;DOWN
2025-07-19T15:30;2025-07-19T15:45;63;EUR;MWh;NO;NO;78.56;-25;78.56;-25;2;UP_AND_DOWN
2025-07-19T15:45;2025-07-19T16:00;64;EUR;MWh;NO;NO;78.66;;78.66;78.66;1;UP
2025-07-19T16:00;2025-07-19T16:15;65;EUR;MWh;NO;NO;78.66;;63.19;63.19;0;STABLE
2025-07-19T16:15;2025-07-19T16:30;66;EUR;MWh;NO;NO;97;;97;97;1;UP
2025-07-19T16:30;2025-07-19T16:45;67;EUR;MWh;NO;NO;100;;100;100;1;UP
2025-07-19T16:45;2025-07-19T17:00;68;EUR;MWh;NO;NO;121;;121;121;1;UP
2025-07-19T17:00;2025-07-19T17:15;69;EUR;MWh;NO;NO;130.5;38.95;130.5;38.95;2;UP_AND_DOWN
2025-07-19T17:15;2025-07-19T17:30;70;EUR;MWh;NO;NO;177;;177;177;1;UP
2025-07-19T17:30;2025-07-19T17:45;71;EUR;MWh;NO;NO;177;;177;177;1;UP
2025-07-19T17:45;2025-07-19T18:00;72;EUR;MWh;NO;NO;91.14;;91.14;91.14;1;UP
2025-07-19T18:00;2025-07-19T18:15;73;EUR;MWh;NO;NO;98;-49;98;-49;2;UP_AND_DOWN
2025-07-19T18:15;2025-07-19T18:30;74;EUR;MWh;NO;NO;121;-49;121;121;1;UP
2025-07-19T18:30;2025-07-19T18:45;75;EUR;MWh;NO;NO;113.9;22;113.9;22;2;UP_AND_DOWN
2025-07-19T18:45;2025-07-19T19:00;76;EUR;MWh;NO;NO;113.9;;113.9;113.9;1;UP
2025-07-19T19:00;2025-07-19T19:15;77;EUR;MWh;NO;NO;131.4;-7.33;131.4;-7.33;2;UP_AND_DOWN
2025-07-19T19:15;2025-07-19T19:30;78;EUR;MWh;NO;NO;;.37;.37;.37;-1;DOWN
2025-07-19T19:30;2025-07-19T19:45;79;EUR;MWh;NO;NO;;8.07;8.07;8.07;-1;DOWN
2025-07-19T19:45;2025-07-19T20:00;80;EUR;MWh;NO;NO;;-50;-50;-50;-1;DOWN
2025-07-19T20:00;2025-07-19T20:15;81;EUR;MWh;NO;NO;;-50.1;-50.1;-50.1;-1;DOWN
2025-07-19T20:15;2025-07-19T20:30;82;EUR;MWh;NO;NO;;25;25;25;-1;DOWN
2025-07-19T20:30;2025-07-19T20:45;83;EUR;MWh;NO;NO;;-13.4;-13.4;-13.4;-1;DOWN
2025-07-19T20:45;2025-07-19T21:00;84;EUR;MWh;NO;NO;;46.2;46.2;46.2;-1;DOWN
2025-07-19T21:00;2025-07-19T21:15;85;EUR;MWh;NO;NO;180;52.46;180;52.46;2;UP_AND_DOWN
2025-07-19T21:15;2025-07-19T21:30;86;EUR;MWh;NO;NO;121;;121;121;1;UP
2025-07-19T21:30;2025-07-19T21:45;87;EUR;MWh;NO;NO;150;;150;150;1;UP
2025-07-19T21:45;2025-07-19T22:00;88;EUR;MWh;NO;NO;1965;;1965;1965;1;UP
2025-07-19T22:00;2025-07-19T22:15;89;EUR;MWh;NO;NO;1965;69.13;69.13;69.13;-1;DOWN
2025-07-19T22:15;2025-07-19T22:30;90;EUR;MWh;NO;NO;100;72.97;100;100;1;UP
2025-07-19T22:30;2025-07-19T22:45;91;EUR;MWh;NO;NO;113.6;64.47;113.6;64.47;2;UP_AND_DOWN
2025-07-19T22:45;2025-07-19T23:00;92;EUR;MWh;NO;NO;;22;22;22;-1;DOWN
2025-07-19T23:00;2025-07-19T23:15;93;EUR;MWh;NO;NO;;-14.13;-14.13;-14.13;-1;DOWN
2025-07-19T23:15;2025-07-19T23:30;94;EUR;MWh;NO;NO;;33.3;33.3;33.3;-1;DOWN
2025-07-19T23:30;2025-07-19T23:45;95;EUR;MWh;NO;NO;;4.57;4.57;4.57;-1;DOWN
2025-07-19T23:45;2025-07-20T00:00;96;EUR;MWh;NO;NO;;-30;-30;-30;-1;DOWN
2025-07-20T00:00;2025-07-20T00:15;1;EUR;MWh;NO;NO;;60.95;60.95;60.95;-1;DOWN
2025-07-20T00:15;2025-07-20T00:30;2;EUR;MWh;NO;NO;;60.37;60.37;60.37;-1;DOWN
2025-07-20T00:30;2025-07-20T00:45;3;EUR;MWh;NO;NO;;46.2;46.2;46.2;-1;DOWN
2025-07-20T00:45;2025-07-20T01:00;4;EUR;MWh;NO;NO;;48.85;48.85;48.85;-1;DOWN
2025-07-20T01:00;2025-07-20T01:15;5;EUR;MWh;NO;NO;121;74.2;121;67.91;2;UP_AND_DOWN
2025-07-20T01:15;2025-07-20T01:30;6;EUR;MWh;NO;NO;122.06;;122.06;122.06;1;UP
2025-07-20T01:30;2025-07-20T01:45;7;EUR;MWh;NO;NO;86;;86;86;1;UP
2025-07-20T01:45;2025-07-20T02:00;8;EUR;MWh;NO;NO;68.56;;68.56;68.56;1;UP
2025-07-20T02:00;2025-07-20T02:15;9;EUR;MWh;NO;NO;126;;126;126;1;UP
2025-07-20T02:15;2025-07-20T02:30;10;EUR;MWh;NO;NO;122.06;;122.06;122.06;1;UP
2025-07-20T02:30;2025-07-20T02:45;11;EUR;MWh;NO;NO;121.9;;121.9;121.9;1;UP
2025-07-20T02:45;2025-07-20T03:00;12;EUR;MWh;NO;NO;111.3;;111.3;111.3;1;UP
2025-07-20T03:00;2025-07-20T03:15;13;EUR;MWh;NO;NO;110;;110;110;1;UP
2025-07-20T03:15;2025-07-20T03:30;14;EUR;MWh;NO;NO;97;90;97;97;1;UP
2025-07-20T03:30;2025-07-20T03:45;15;EUR;MWh;NO;NO;121.9;90;121.9;121.9;1;UP
2025-07-20T03:45;2025-07-20T04:00;16;EUR;MWh;NO;NO;121.9;;121.9;121.9;1;UP
2025-07-20T04:00;2025-07-20T04:15;17;EUR;MWh;NO;NO;121;;121;121;1;UP
2025-07-20T04:15;2025-07-20T04:30;18;EUR;MWh;NO;NO;121.9;;121.9;121.9;1;UP
2025-07-20T04:30;2025-07-20T04:45;19;EUR;MWh;NO;NO;119;;119;119;1;UP
2025-07-20T04:45;2025-07-20T05:00;20;EUR;MWh;NO;NO;110.4;;110.4;110.4;1;UP
2025-07-20T05:00;2025-07-20T05:15;21;EUR;MWh;NO;NO;105.7;;105.7;105.7;1;UP
2025-07-20T05:15;2025-07-20T05:30;22;EUR;MWh;NO;NO;111;;111;111;1;UP
2025-07-20T05:30;2025-07-20T05:45;23;EUR;MWh;NO;NO;78.56;80;78.56;75.28;2;UP_AND_DOWN
2025-07-20T05:45;2025-07-20T06:00;24;EUR;MWh;NO;NO;;80;75.28;75.28;0;STABLE
2025-07-20T06:00;2025-07-20T06:15;25;EUR;MWh;NO;NO;111.3;80;111.3;111.3;1;UP
2025-07-20T06:15;2025-07-20T06:30;26;EUR;MWh;NO;NO;121;;121;121;1;UP
2025-07-20T06:30;2025-07-20T06:45;27;EUR;MWh;NO;NO;68.56;68;75.28;68;2;UP_AND_DOWN
2025-07-20T06:45;2025-07-20T07:00;28;EUR;MWh;NO;NO;;53.85;53.85;53.85;-1;DOWN
2025-07-20T07:00;2025-07-20T07:15;29;EUR;MWh;NO;NO;78.56;73.32;78.56;73.32;2;UP_AND_DOWN
2025-07-20T07:15;2025-07-20T07:30;30;EUR;MWh;NO;NO;111;80;111;75.28;2;UP_AND_DOWN
2025-07-20T07:30;2025-07-20T07:45;31;EUR;MWh;NO;NO;;51.41;51.41;51.41;-1;DOWN
2025-07-20T07:45;2025-07-20T08:00;32;EUR;MWh;NO;NO;;32.1;32.1;32.1;-1;DOWN
2025-07-20T08:00;2025-07-20T08:15;33;EUR;MWh;NO;NO;;-59.8;-59.8;-59.8;-1;DOWN
2025-07-20T08:15;2025-07-20T08:30;34;EUR;MWh;NO;NO;;-14.08;-14.08;-14.08;-1;DOWN
2025-07-20T08:30;2025-07-20T08:45;35;EUR;MWh;NO;NO;;-30;-30;-30;-1;DOWN
2025-07-20T08:45;2025-07-20T09:00;36;EUR;MWh;NO;NO;;-70;-70;-70;-1;DOWN
2025-07-20T09:00;2025-07-20T09:15;37;EUR;MWh;NO;NO;;-70;-70;-70;-1;DOWN
2025-07-20T09:15;2025-07-20T09:30;38;EUR;MWh;NO;NO;;-49;-49;-49;-1;DOWN
2025-07-20T09:30;2025-07-20T09:45;39;EUR;MWh;NO;NO;;-182.02;-182.02;-182.02;-1;DOWN
2025-07-20T09:45;2025-07-20T10:00;40;EUR;MWh;NO;NO;;-663.71;-663.71;-663.71;-1;DOWN
2025-07-20T10:00;2025-07-20T10:15;41;EUR;MWh;NO;NO;;-659.57;-659.57;-659.57;-1;DOWN
2025-07-20T10:15;2025-07-20T10:30;42;EUR;MWh;NO;NO;;-1000;-1000;-1000;-1;DOWN
2025-07-20T10:30;2025-07-20T10:45;43;EUR;MWh;NO;NO;;-1310.43;-1310.43;-1310.43;-1;DOWN
2025-07-20T10:45;2025-07-20T11:00;44;EUR;MWh;NO;NO;;-1310.43;-1310.43;-1310.43;-1;DOWN
2025-07-20T11:00;2025-07-20T11:15;45;EUR;MWh;NO;NO;;-1310.43;-1310.43;-1310.43;-1;DOWN
2025-07-20T11:15;2025-07-20T11:30;46;EUR;MWh;NO;NO;;-898;-898;-898;-1;DOWN
2025-07-20T11:30;2025-07-20T11:45;47;EUR;MWh;NO;NO;;-573.61;-573.61;-573.61;-1;DOWN
2025-07-20T11:45;2025-07-20T12:00;48;EUR;MWh;NO;NO;;-1000;-1000;-1000;-1;DOWN
2025-07-20T12:00;2025-07-20T12:15;49;EUR;MWh;NO;NO;;-105;-105;-105;-1;DOWN
2025-07-20T12:15;2025-07-20T12:30;50;EUR;MWh;NO;NO;;-105;-105;-105;-1;DOWN
2025-07-20T12:30;2025-07-20T12:45;51;EUR;MWh;NO;NO;;-533.41;-533.41;-533.41;-1;DOWN
2025-07-20T12:45;2025-07-20T13:00;52;EUR;MWh;NO;NO;;-59.9;-59.9;-59.9;-1;DOWN
2025-07-20T13:00;2025-07-20T13:15;53;EUR;MWh;NO;NO;;-59.9;-59.9;-59.9;-1;DOWN
2025-07-20T13:15;2025-07-20T13:30;54;EUR;MWh;NO;NO;;-30;-30;-30;-1;DOWN
2025-07-20T13:30;2025-07-20T13:45;55;EUR;MWh;NO;NO;83;-30;83;-30;2;UP_AND_DOWN
2025-07-20T13:45;2025-07-20T14:00;56;EUR;MWh;NO;NO;77;-30;77;-30;2;UP_AND_DOWN
2025-07-20T14:00;2025-07-20T14:15;57;EUR;MWh;NO;NO;77;-663.51;-663.51;-663.51;-1;DOWN
2025-07-20T14:15;2025-07-20T14:30;58;EUR;MWh;NO;NO;78.77;-65;78.77;-65;2;UP_AND_DOWN
2025-07-20T14:30;2025-07-20T14:45;59;EUR;MWh;NO;NO;;-70;-70;-70;-1;DOWN
2025-07-20T14:45;2025-07-20T15:00;60;EUR;MWh;NO;NO;;-60;-60;-60;-1;DOWN
2025-07-20T15:00;2025-07-20T15:15;61;EUR;MWh;NO;NO;;-30;-30;-30;-1;DOWN
2025-07-20T15:15;2025-07-20T15:30;62;EUR;MWh;NO;NO;;-1000;-1000;-1000;-1;DOWN
2025-07-20T15:30;2025-07-20T15:45;63;EUR;MWh;NO;NO;;-30;-30;-30;-1;DOWN
2025-07-20T15:45;2025-07-20T16:00;64;EUR;MWh;NO;NO;;-30;-30;-30;-1;DOWN
2025-07-20T16:00;2025-07-20T16:15;65;EUR;MWh;NO;NO;58.56;10;63.71;10;2;UP_AND_DOWN
2025-07-20T16:15;2025-07-20T16:30;66;EUR;MWh;NO;NO;;-41;-41;-41;-1;DOWN
2025-07-20T16:30;2025-07-20T16:45;67;EUR;MWh;NO;NO;83;68;83;63.71;2;UP_AND_DOWN
2025-07-20T16:45;2025-07-20T17:00;68;EUR;MWh;NO;NO;83;;83;83;1;UP
2025-07-20T17:00;2025-07-20T17:15;69;EUR;MWh;NO;NO;58.56;-30;64.12;-30;2;UP_AND_DOWN
2025-07-20T17:15;2025-07-20T17:30;70;EUR;MWh;NO;NO;94.47;-30;94.47;94.47;1;UP
2025-07-20T17:30;2025-07-20T17:45;71;EUR;MWh;NO;NO;133;;133;133;1;UP
2025-07-20T17:45;2025-07-20T18:00;72;EUR;MWh;NO;NO;129.97;;129.97;129.97;1;UP
2025-07-20T18:00;2025-07-20T18:15;73;EUR;MWh;NO;NO;160.47;;160.47;160.47;1;UP
2025-07-20T18:15;2025-07-20T18:30;74;EUR;MWh;NO;NO;177;;177;177;1;UP
2025-07-20T18:30;2025-07-20T18:45;75;EUR;MWh;NO;NO;177;;177;177;1;UP
2025-07-20T18:45;2025-07-20T19:00;76;EUR;MWh;NO;NO;177;;177;177;1;UP
2025-07-20T19:00;2025-07-20T19:15;77;EUR;MWh;NO;NO;116;85;116;116;1;UP
2025-07-20T19:15;2025-07-20T19:30;78;EUR;MWh;NO;NO;111.1;52.63;111.1;52.63;2;UP_AND_DOWN
2025-07-20T19:30;2025-07-20T19:45;79;EUR;MWh;NO;NO;120.1;78.26;120.1;70;2;UP_AND_DOWN
2025-07-20T19:45;2025-07-20T20:00;80;EUR;MWh;NO;NO;120.7;75.22;120.7;70;2;UP_AND_DOWN
2025-07-20T20:00;2025-07-20T20:15;81;EUR;MWh;NO;NO;84.06;75.22;84.06;68.5;2;UP_AND_DOWN
2025-07-20T20:15;2025-07-20T20:30;82;EUR;MWh;NO;NO;;84;84;84;-1;DOWN
2025-07-20T20:30;2025-07-20T20:45;83;EUR;MWh;NO;NO;;75.33;75.33;75.33;-1;DOWN
2025-07-20T20:45;2025-07-20T21:00;84;EUR;MWh;NO;NO;;58.57;58.57;58.57;-1;DOWN
2025-07-20T21:00;2025-07-20T21:15;85;EUR;MWh;NO;NO;;44.27;44.27;44.27;-1;DOWN
2025-07-20T21:15;2025-07-20T21:30;86;EUR;MWh;NO;NO;;50.23;50.23;50.23;-1;DOWN
2025-07-20T21:30;2025-07-20T21:45;87;EUR;MWh;NO;NO;78.56;73.37;78.56;65;2;UP_AND_DOWN
2025-07-20T21:45;2025-07-20T22:00;88;EUR;MWh;NO;NO;111.3;75.27;111.3;65;2;UP_AND_DOWN
2025-07-20T22:00;2025-07-20T22:15;89;EUR;MWh;NO;NO;121.9;;121.9;121.9;1;UP
2025-07-20T22:15;2025-07-20T22:30;90;EUR;MWh;NO;NO;121.9;;121.9;121.9;1;UP
2025-07-20T22:30;2025-07-20T22:45;91;EUR;MWh;NO;NO;121.9;77.46;121.9;65;2;UP_AND_DOWN
2025-07-20T22:45;2025-07-20T23:00;92;EUR;MWh;NO;NO;58.56;78.36;65;65;2;UP_AND_DOWN
2025-07-20T23:00;2025-07-20T23:15;93;EUR;MWh;NO;NO;;70.33;70.33;70.33;-1;DOWN
2025-07-20T23:15;2025-07-20T23:30;94;EUR;MWh;NO;NO;78.56;70.22;78.56;65;2;UP_AND_DOWN
2025-07-20T23:30;2025-07-20T23:45;95;EUR;MWh;NO;NO;78.56;74.37;78.56;65;2;UP_AND_DOWN
2025-07-20T23:45;2025-07-21T00:00;96;EUR;MWh;NO;NO;58.56;74;74;74;-1;DOWN
2025-07-21T00:00;2025-07-21T00:15;1;EUR;MWh;NO;NO;110.9;68.75;110.9;68.75;2;UP_AND_DOWN
2025-07-21T00:15;2025-07-21T00:30;2;EUR;MWh;NO;NO;114;;114;114;1;UP
2025-07-21T00:30;2025-07-21T00:45;3;EUR;MWh;NO;NO;114;;114;114;1;UP
2025-07-21T00:45;2025-07-21T01:00;4;EUR;MWh;NO;NO;79.23;79.08;79.23;79.23;1;UP
2025-07-21T01:00;2025-07-21T01:15;5;EUR;MWh;NO;NO;111.2;;111.2;111.2;1;UP
2025-07-21T01:15;2025-07-21T01:30;6;EUR;MWh;NO;NO;92.6;77.27;92.6;68.71;2;UP_AND_DOWN
2025-07-21T01:30;2025-07-21T01:45;7;EUR;MWh;NO;NO;80.13;77.46;80.13;68.01;2;UP_AND_DOWN
2025-07-21T01:45;2025-07-21T02:00;8;EUR;MWh;NO;NO;97.57;;97.57;97.57;1;UP
2025-07-21T02:00;2025-07-21T02:15;9;EUR;MWh;NO;NO;111.1;;111.1;111.1;1;UP
2025-07-21T02:15;2025-07-21T02:30;10;EUR;MWh;NO;NO;106.09;;106.09;106.09;1;UP
2025-07-21T02:30;2025-07-21T02:45;11;EUR;MWh;NO;NO;58.56;;58.56;58.56;1;UP
2025-07-21T02:45;2025-07-21T03:00;12;EUR;MWh;NO;NO;58.56;74.68;74.68;74.68;-1;DOWN
2025-07-21T03:00;2025-07-21T03:15;13;EUR;MWh;NO;NO;58.56;;58.56;58.56;1;UP
2025-07-21T03:15;2025-07-21T03:30;14;EUR;MWh;NO;NO;93.57;;93.57;93.57;1;UP
2025-07-21T03:30;2025-07-21T03:45;15;EUR;MWh;NO;NO;58.56;72.98;72.98;72.98;-1;DOWN
2025-07-21T03:45;2025-07-21T04:00;16;EUR;MWh;NO;NO;;55.37;55.37;55.37;-1;DOWN
2025-07-21T04:00;2025-07-21T04:15;17;EUR;MWh;NO;NO;;34.44;34.44;34.44;-1;DOWN
2025-07-21T04:15;2025-07-21T04:30;18;EUR;MWh;NO;NO;;43.63;43.63;43.63;-1;DOWN
2025-07-21T04:30;2025-07-21T04:45;19;EUR;MWh;NO;NO;;56.17;56.17;56.17;-1;DOWN
2025-07-21T04:45;2025-07-21T05:00;20;EUR;MWh;NO;NO;81.29;69;81.29;68.82;2;UP_AND_DOWN
2025-07-21T05:00;2025-07-21T05:15;21;EUR;MWh;NO;NO;120.9;;120.9;120.9;1;UP
2025-07-21T05:15;2025-07-21T05:30;22;EUR;MWh;NO;NO;124.6;;124.6;124.6;1;UP
2025-07-21T05:30;2025-07-21T05:45;23;EUR;MWh;NO;NO;121;;121;121;1;UP
2025-07-21T05:45;2025-07-21T06:00;24;EUR;MWh;NO;NO;124.6;;124.6;124.6;1;UP
2025-07-21T06:00;2025-07-21T06:15;25;EUR;MWh;NO;NO;131;;131;131;1;UP
2025-07-21T06:15;2025-07-21T06:30;26;EUR;MWh;NO;NO;135;;135;135;1;UP
2025-07-21T06:30;2025-07-21T06:45;27;EUR;MWh;NO;NO;90;;90;90;1;UP
2025-07-21T06:45;2025-07-21T07:00;28;EUR;MWh;NO;NO;88.58;;88.58;88.58;1;UP
2025-07-21T07:00;2025-07-21T07:15;29;EUR;MWh;NO;NO;82.29;;82.29;82.29;1;UP
2025-07-21T07:15;2025-07-21T07:30;30;EUR;MWh;NO;NO;94.85;;94.85;94.85;1;UP
2025-07-21T07:30;2025-07-21T07:45;31;EUR;MWh;NO;NO;103.29;;103.29;103.29;1;UP
2025-07-21T07:45;2025-07-21T08:00;32;EUR;MWh;NO;NO;111;;111;111;1;UP
2025-07-21T08:00;2025-07-21T08:15;33;EUR;MWh;NO;NO;112.41;;112.41;112.41;1;UP
2025-07-21T08:15;2025-07-21T08:30;34;EUR;MWh;NO;NO;108.29;;108.29;108.29;1;UP
2025-07-21T08:30;2025-07-21T08:45;35;EUR;MWh;NO;NO;58.56;57.98;57.98;57.98;-1;DOWN
2025-07-21T08:45;2025-07-21T09:00;36;EUR;MWh;NO;NO;;-49.83;-49.83;-49.83;-1;DOWN
2025-07-21T09:00;2025-07-21T09:15;37;EUR;MWh;NO;NO;87.88;74;87.88;70;2;UP_AND_DOWN
2025-07-21T09:15;2025-07-21T09:30;38;EUR;MWh;NO;NO;93.33;54.68;93.33;54.68;2;UP_AND_DOWN
2025-07-21T09:30;2025-07-21T09:45;39;EUR;MWh;NO;NO;;20.44;20.44;20.44;-1;DOWN
2025-07-21T09:45;2025-07-21T10:00;40;EUR;MWh;NO;NO;;;0;0;-1;DOWN
2025-07-21T10:00;2025-07-21T10:15;41;EUR;MWh;NO;NO;85.55;-77;85.55;-77;2;UP_AND_DOWN
2025-07-21T10:15;2025-07-21T10:30;42;EUR;MWh;NO;NO;;-30;-30;-30;-1;DOWN
2025-07-21T10:30;2025-07-21T10:45;43;EUR;MWh;NO;NO;80.25;58.58;80.25;58.58;2;UP_AND_DOWN
2025-07-21T10:45;2025-07-21T11:00;44;EUR;MWh;NO;NO;;-18.5;-18.5;-18.5;-1;DOWN
2025-07-21T11:00;2025-07-21T11:15;45;EUR;MWh;NO;NO;;-69.73;-69.73;-69.73;-1;DOWN
2025-07-21T11:15;2025-07-21T11:30;46;EUR;MWh;NO;NO;;-30;-30;-30;-1;DOWN
2025-07-21T11:30;2025-07-21T11:45;47;EUR;MWh;NO;NO;;-27.49;-27.49;-27.49;-1;DOWN
2025-07-21T11:45;2025-07-21T12:00;48;EUR;MWh;NO;NO;77;-41;77;-41;2;UP_AND_DOWN
2025-07-21T12:00;2025-07-21T12:15;49;EUR;MWh;NO;NO;57;-77.33;57;-77.33;2;UP_AND_DOWN
2025-07-21T12:15;2025-07-21T12:30;50;EUR;MWh;NO;NO;;-27.49;-27.49;-27.49;-1;DOWN
2025-07-21T12:30;2025-07-21T12:45;51;EUR;MWh;NO;NO;;-30;-30;-30;-1;DOWN
2025-07-21T12:45;2025-07-21T13:00;52;EUR;MWh;NO;NO;;-50;-50;-50;-1;DOWN
2025-07-21T13:00;2025-07-21T13:15;53;EUR;MWh;NO;NO;;-30;-30;-30;-1;DOWN
2025-07-21T13:15;2025-07-21T13:30;54;EUR;MWh;NO;NO;;-18.04;-18.04;-18.04;-1;DOWN
2025-07-21T13:30;2025-07-21T13:45;55;EUR;MWh;NO;NO;56;-49;-49;-49;-1;DOWN
2025-07-21T13:45;2025-07-21T14:00;56;EUR;MWh;NO;NO;56;-27.39;-27.39;-27.39;-1;DOWN
2025-07-21T14:00;2025-07-21T14:15;57;EUR;MWh;NO;NO;100;-50;100;-50;2;UP_AND_DOWN
2025-07-21T14:15;2025-07-21T14:30;58;EUR;MWh;NO;NO;117.64;;117.64;117.64;1;UP
2025-07-21T14:30;2025-07-21T14:45;59;EUR;MWh;NO;NO;97.12;;97.12;97.12;1;UP
2025-07-21T14:45;2025-07-21T15:00;60;EUR;MWh;NO;NO;111.2;57.62;111.2;57.62;2;UP_AND_DOWN
2025-07-21T15:00;2025-07-21T15:15;61;EUR;MWh;NO;NO;81.3;-30;81.3;-30;2;UP_AND_DOWN
2025-07-21T15:15;2025-07-21T15:30;62;EUR;MWh;NO;NO;77.45;39;77.45;39;2;UP_AND_DOWN
2025-07-21T15:30;2025-07-21T15:45;63;EUR;MWh;NO;NO;;-70;-70;-70;-1;DOWN
2025-07-21T15:45;2025-07-21T16:00;64;EUR;MWh;NO;NO;;-50;-50;-50;-1;DOWN
2025-07-21T16:00;2025-07-21T16:15;65;EUR;MWh;NO;NO;98;-65;98;-65;2;UP_AND_DOWN
2025-07-21T16:15;2025-07-21T16:30;66;EUR;MWh;NO;NO;;60;60;60;-1;DOWN
2025-07-21T16:30;2025-07-21T16:45;67;EUR;MWh;NO;NO;88.93;62.08;88.93;62.08;2;UP_AND_DOWN
2025-07-21T16:45;2025-07-21T17:00;68;EUR;MWh;NO;NO;89.07;;89.07;89.07;1;UP
2025-07-21T17:00;2025-07-21T17:15;69;EUR;MWh;NO;NO;72.33;74.26;72.33;61.88;2;UP_AND_DOWN
2025-07-21T17:15;2025-07-21T17:30;70;EUR;MWh;NO;NO;;55.97;55.97;55.97;-1;DOWN
2025-07-21T17:30;2025-07-21T17:45;71;EUR;MWh;NO;NO;68.56;50;68.56;50;2;UP_AND_DOWN
2025-07-21T17:45;2025-07-21T18:00;72;EUR;MWh;NO;NO;58.56;74;60.55;60.55;2;UP_AND_DOWN
2025-07-21T18:00;2025-07-21T18:15;73;EUR;MWh;NO;NO;80.33;54;80.33;54;2;UP_AND_DOWN
2025-07-21T18:15;2025-07-21T18:30;74;EUR;MWh;NO;NO;88.58;71.17;88.58;71.17;2;UP_AND_DOWN
2025-07-21T18:30;2025-07-21T18:45;75;EUR;MWh;NO;NO;91.68;63.66;91.68;63.66;2;UP_AND_DOWN
2025-07-21T18:45;2025-07-21T19:00;76;EUR;MWh;NO;NO;87.95;;87.95;87.95;1;UP
2025-07-21T19:00;2025-07-21T19:15;77;EUR;MWh;NO;NO;;65.58;65.58;65.58;-1;DOWN
2025-07-21T19:15;2025-07-21T19:30;78;EUR;MWh;NO;NO;58.56;73.42;73.42;73.42;-1;DOWN
2025-07-21T19:30;2025-07-21T19:45;79;EUR;MWh;NO;NO;114.29;;114.29;114.29;1;UP
2025-07-21T19:45;2025-07-21T20:00;80;EUR;MWh;NO;NO;175;;175;175;1;UP
2025-07-21T20:00;2025-07-21T20:15;81;EUR;MWh;NO;NO;175;;175;175;1;UP
2025-07-21T20:15;2025-07-21T20:30;82;EUR;MWh;NO;NO;138.39;;138.39;138.39;1;UP
2025-07-21T20:30;2025-07-21T20:45;83;EUR;MWh;NO;NO;131.85;;131.85;131.85;1;UP
2025-07-21T20:45;2025-07-21T21:00;84;EUR;MWh;NO;NO;122.98;;122.98;122.98;1;UP
2025-07-21T21:00;2025-07-21T21:15;85;EUR;MWh;NO;NO;150;;150;150;1;UP
2025-07-21T21:15;2025-07-21T21:30;86;EUR;MWh;NO;NO;151.4;;151.4;151.4;1;UP
2025-07-21T21:30;2025-07-21T21:45;87;EUR;MWh;NO;NO;140;;140;140;1;UP
2025-07-21T21:45;2025-07-21T22:00;88;EUR;MWh;NO;NO;116.6;55.89;116.6;55.89;2;UP_AND_DOWN
2025-07-21T22:00;2025-07-21T22:15;89;EUR;MWh;NO;NO;103.55;54.89;103.55;54.89;2;UP_AND_DOWN
2025-07-21T22:15;2025-07-21T22:30;90;EUR;MWh;NO;NO;111.1;;111.1;111.1;1;UP
2025-07-21T22:30;2025-07-21T22:45;91;EUR;MWh;NO;NO;140.1;73.61;140.1;140.1;1;UP
2025-07-21T22:45;2025-07-21T23:00;92;EUR;MWh;NO;NO;140.1;57.27;57.27;57.27;-1;DOWN
2025-07-21T23:00;2025-07-21T23:15;93;EUR;MWh;NO;NO;150;58.38;150;58.38;2;UP_AND_DOWN
2025-07-21T23:15;2025-07-21T23:30;94;EUR;MWh;NO;NO;100;64;100;64;2;UP_AND_DOWN
2025-07-21T23:30;2025-07-21T23:45;95;EUR;MWh;NO;NO;100;61.95;100;61.95;2;UP_AND_DOWN
2025-07-21T23:45;2025-07-22T00:00;96;EUR;MWh;NO;NO;94.58;69.8;94.58;66;2;UP_AND_DOWN
2025-07-22T00:00;2025-07-22T00:15;1;EUR;MWh;NO;NO;144;71.79;144;43.5;2;UP_AND_DOWN
2025-07-22T00:15;2025-07-22T00:30;2;EUR;MWh;NO;NO;78.89;71.93;71.93;71.93;-1;DOWN
2025-07-22T00:30;2025-07-22T00:45;3;EUR;MWh;NO;NO;109.1;62;109.1;42;2;UP_AND_DOWN
2025-07-22T00:45;2025-07-22T01:00;4;EUR;MWh;NO;NO;;68.84;68.84;68.84;-1;DOWN
2025-07-22T01:00;2025-07-22T01:15;5;EUR;MWh;NO;NO;107.32;79;107.32;40.42;2;UP_AND_DOWN
2025-07-22T01:15;2025-07-22T01:30;6;EUR;MWh;NO;NO;78.56;78;78.56;78.56;1;UP
2025-07-22T01:30;2025-07-22T01:45;7;EUR;MWh;NO;NO;109.1;;109.1;109.1;1;UP
2025-07-22T01:45;2025-07-22T02:00;8;EUR;MWh;NO;NO;58.56;74.46;58.56;40.42;2;UP_AND_DOWN
2025-07-22T02:00;2025-07-22T02:15;9;EUR;MWh;NO;NO;78.56;80.84;78.56;40.42;2;UP_AND_DOWN
2025-07-22T02:15;2025-07-22T02:30;10;EUR;MWh;NO;NO;;76.77;76.77;76.77;-1;DOWN
2025-07-22T02:30;2025-07-22T02:45;11;EUR;MWh;NO;NO;58.56;;58.56;58.56;1;UP
2025-07-22T02:45;2025-07-22T03:00;12;EUR;MWh;NO;NO;108.5;;108.5;108.5;1;UP
2025-07-22T03:00;2025-07-22T03:15;13;EUR;MWh;NO;NO;90;;90;90;1;UP
2025-07-22T03:15;2025-07-22T03:30;14;EUR;MWh;NO;NO;108.5;;108.5;108.5;1;UP
2025-07-22T03:30;2025-07-22T03:45;15;EUR;MWh;NO;NO;109.1;;109.1;109.1;1;UP
2025-07-22T03:45;2025-07-22T04:00;16;EUR;MWh;NO;NO;116.5;;116.5;116.5;1;UP
2025-07-22T04:00;2025-07-22T04:15;17;EUR;MWh;NO;NO;109.1;;109.1;109.1;1;UP
2025-07-22T04:15;2025-07-22T04:30;18;EUR;MWh;NO;NO;89.3;;89.3;89.3;1;UP
2025-07-22T04:30;2025-07-22T04:45;19;EUR;MWh;NO;NO;109.1;;109.1;109.1;1;UP
2025-07-22T04:45;2025-07-22T05:00;20;EUR;MWh;NO;NO;109.1;;109.1;109.1;1;UP
2025-07-22T05:00;2025-07-22T05:15;21;EUR;MWh;NO;NO;128.41;;128.41;128.41;1;UP
2025-07-22T05:15;2025-07-22T05:30;22;EUR;MWh;NO;NO;133.41;;133.41;133.41;1;UP
2025-07-22T05:30;2025-07-22T05:45;23;EUR;MWh;NO;NO;130.33;;130.33;130.33;1;UP
2025-07-22T05:45;2025-07-22T06:00;24;EUR;MWh;NO;NO;129.93;;129.93;129.93;1;UP
2025-07-22T06:00;2025-07-22T06:15;25;EUR;MWh;NO;NO;145;;145;145;1;UP
2025-07-22T06:15;2025-07-22T06:30;26;EUR;MWh;NO;NO;150;;150;150;1;UP
2025-07-22T06:30;2025-07-22T06:45;27;EUR;MWh;NO;NO;130.2;;130.2;130.2;1;UP
2025-07-22T06:45;2025-07-22T07:00;28;EUR;MWh;NO;NO;130.2;;130.2;130.2;1;UP
2025-07-22T07:00;2025-07-22T07:15;29;EUR;MWh;NO;NO;130.2;;130.2;130.2;1;UP
2025-07-22T07:15;2025-07-22T07:30;30;EUR;MWh;NO;NO;116.5;;116.5;116.5;1;UP
2025-07-22T07:30;2025-07-22T07:45;31;EUR;MWh;NO;NO;124;;124;124;1;UP
2025-07-22T07:45;2025-07-22T08:00;32;EUR;MWh;NO;NO;109.2;;109.2;109.2;1;UP
2025-07-22T08:00;2025-07-22T08:15;33;EUR;MWh;NO;NO;108.4;;108.4;108.4;1;UP
2025-07-22T08:15;2025-07-22T08:30;34;EUR;MWh;NO;NO;109.2;;109.2;109.2;1;UP
2025-07-22T08:30;2025-07-22T08:45;35;EUR;MWh;NO;NO;108.1;;108.1;108.1;1;UP
2025-07-22T08:45;2025-07-22T09:00;36;EUR;MWh;NO;NO;58.56;75.15;75.15;75.15;-1;DOWN
2025-07-22T09:00;2025-07-22T09:15;37;EUR;MWh;NO;NO;117;80.84;117;40.42;2;UP_AND_DOWN
2025-07-22T09:15;2025-07-22T09:30;38;EUR;MWh;NO;NO;117.1;77.34;117.1;38.67;2;UP_AND_DOWN
2025-07-22T09:30;2025-07-22T09:45;39;EUR;MWh;NO;NO;117.1;74;74;74;-1;DOWN
2025-07-22T09:45;2025-07-22T10:00;40;EUR;MWh;NO;NO;;70.54;70.54;70.54;-1;DOWN
2025-07-22T10:00;2025-07-22T10:15;41;EUR;MWh;NO;NO;81.25;50;81.25;37.85;2;UP_AND_DOWN
2025-07-22T10:15;2025-07-22T10:30;42;EUR;MWh;NO;NO;58.56;10;10;10;-1;DOWN
2025-07-22T10:30;2025-07-22T10:45;43;EUR;MWh;NO;NO;;66;66;66;-1;DOWN
2025-07-22T10:45;2025-07-22T11:00;44;EUR;MWh;NO;NO;;10;10;10;-1;DOWN
2025-07-22T11:00;2025-07-22T11:15;45;EUR;MWh;NO;NO;;10;10;10;-1;DOWN
2025-07-22T11:15;2025-07-22T11:30;46;EUR;MWh;NO;NO;;10;10;10;-1;DOWN
2025-07-22T11:30;2025-07-22T11:45;47;EUR;MWh;NO;NO;68.56;10;68.56;10;2;UP_AND_DOWN
2025-07-22T11:45;2025-07-22T12:00;48;EUR;MWh;NO;NO;;-4.97;-4.97;-4.97;-1;DOWN
2025-07-22T12:00;2025-07-22T12:15;49;EUR;MWh;NO;NO;68.56;4.57;68.56;68.56;1;UP
2025-07-22T12:15;2025-07-22T12:30;50;EUR;MWh;NO;NO;106;;106;106;1;UP
2025-07-22T12:30;2025-07-22T12:45;51;EUR;MWh;NO;NO;58.56;;58.56;58.56;1;UP
2025-07-22T12:45;2025-07-22T13:00;52;EUR;MWh;NO;NO;;-36.74;-36.74;-36.74;-1;DOWN
2025-07-22T13:00;2025-07-22T13:15;53;EUR;MWh;NO;NO;58.56;-2.07;-2.07;-2.07;-1;DOWN
2025-07-22T13:15;2025-07-22T13:30;54;EUR;MWh;NO;NO;78.56;-5;78.56;-5;2;UP_AND_DOWN
2025-07-22T13:30;2025-07-22T13:45;55;EUR;MWh;NO;NO;100;-17.9;100;-17.9;2;UP_AND_DOWN
2025-07-22T13:45;2025-07-22T14:00;56;EUR;MWh;NO;NO;78.56;-3;78.56;-3;2;UP_AND_DOWN
2025-07-22T14:00;2025-07-22T14:15;57;EUR;MWh;NO;NO;108;10;108;108;1;UP
2025-07-22T14:15;2025-07-22T14:30;58;EUR;MWh;NO;NO;108;;108;108;1;UP
2025-07-22T14:30;2025-07-22T14:45;59;EUR;MWh;NO;NO;110.1;10;110.1;110.1;1;UP
2025-07-22T14:45;2025-07-22T15:00;60;EUR;MWh;NO;NO;109;-30;109;-30;2;UP_AND_DOWN
2025-07-22T15:00;2025-07-22T15:15;61;EUR;MWh;NO;NO;104.9;5;104.9;5;2;UP_AND_DOWN
2025-07-22T15:15;2025-07-22T15:30;62;EUR;MWh;NO;NO;;-11.31;-11.31;-11.31;-1;DOWN
2025-07-22T15:30;2025-07-22T15:45;63;EUR;MWh;NO;NO;;-2.61;-2.61;-2.61;-1;DOWN
2025-07-22T15:45;2025-07-22T16:00;64;EUR;MWh;NO;NO;78.56;60.63;78.56;60.63;2;UP_AND_DOWN
2025-07-22T16:00;2025-07-22T16:15;65;EUR;MWh;NO;NO;58.56;-30.1;63.1;-30.1;2;UP_AND_DOWN
2025-07-22T16:15;2025-07-22T16:30;66;EUR;MWh;NO;NO;;-30.2;-30.2;-30.2;-1;DOWN
2025-07-22T16:30;2025-07-22T16:45;67;EUR;MWh;NO;NO;78.56;10;78.56;10;2;UP_AND_DOWN
2025-07-22T16:45;2025-07-22T17:00;68;EUR;MWh;NO;NO;110.1;-18.5;110.1;-18.5;2;UP_AND_DOWN
2025-07-22T17:00;2025-07-22T17:15;69;EUR;MWh;NO;NO;97;10;97;10;2;UP_AND_DOWN
2025-07-22T17:15;2025-07-22T17:30;70;EUR;MWh;NO;NO;;;59.85;59.85;0;STABLE
2025-07-22T17:30;2025-07-22T17:45;71;EUR;MWh;NO;NO;;-25.49;-25.49;-25.49;-1;DOWN
2025-07-22T17:45;2025-07-22T18:00;72;EUR;MWh;NO;NO;58.56;68.69;68.69;68.69;-1;DOWN
2025-07-22T18:00;2025-07-22T18:15;73;EUR;MWh;NO;NO;;-13.69;-13.69;-13.69;-1;DOWN
2025-07-22T18:15;2025-07-22T18:30;74;EUR;MWh;NO;NO;;-30;-30;-30;-1;DOWN
2025-07-22T18:30;2025-07-22T18:45;75;EUR;MWh;NO;NO;;-22;-22;-22;-1;DOWN
2025-07-22T18:45;2025-07-22T19:00;76;EUR;MWh;NO;NO;;10;10;10;-1;DOWN
2025-07-22T19:00;2025-07-22T19:15;77;EUR;MWh;NO;NO;58.56;66.24;64;64;2;UP_AND_DOWN
2025-07-22T19:15;2025-07-22T19:30;78;EUR;MWh;NO;NO;44;78.66;78.66;78.66;-1;DOWN
2025-07-22T19:30;2025-07-22T19:45;79;EUR;MWh;NO;NO;78.56;62.15;78.56;62.15;2;UP_AND_DOWN
2025-07-22T19:45;2025-07-22T20:00;80;EUR;MWh;NO;NO;58.56;71.56;64;64;2;UP_AND_DOWN
2025-07-22T20:00;2025-07-22T20:15;81;EUR;MWh;NO;NO;;62.15;62.15;62.15;-1;DOWN
2025-07-22T20:15;2025-07-22T20:30;82;EUR;MWh;NO;NO;106.8;80.84;106.8;64;2;UP_AND_DOWN
2025-07-22T20:30;2025-07-22T20:45;83;EUR;MWh;NO;NO;106.9;;106.9;106.9;1;UP
2025-07-22T20:45;2025-07-22T21:00;84;EUR;MWh;NO;NO;58.56;75.65;64;64;2;UP_AND_DOWN
2025-07-22T21:00;2025-07-22T21:15;85;EUR;MWh;NO;NO;;52.53;52.53;52.53;-1;DOWN
2025-07-22T21:15;2025-07-22T21:30;86;EUR;MWh;NO;NO;;56.64;56.64;56.64;-1;DOWN
2025-07-22T21:30;2025-07-22T21:45;87;EUR;MWh;NO;NO;;73.64;73.64;73.64;-1;DOWN
2025-07-22T21:45;2025-07-22T22:00;88;EUR;MWh;NO;NO;;49.57;49.57;49.57;-1;DOWN
2025-07-22T22:00;2025-07-22T22:15;89;EUR;MWh;NO;NO;58.56;50.66;64;50.66;2;UP_AND_DOWN
2025-07-22T22:15;2025-07-22T22:30;90;EUR;MWh;NO;NO;;14.79;14.79;14.79;-1;DOWN
2025-07-22T22:30;2025-07-22T22:45;91;EUR;MWh;NO;NO;;24.76;24.76;24.76;-1;DOWN
2025-07-22T22:45;2025-07-22T23:00;92;EUR;MWh;NO;NO;;20;20;20;-1;DOWN
2025-07-22T23:00;2025-07-22T23:15;93;EUR;MWh;NO;NO;94.08;18.43;94.08;18.43;2;UP_AND_DOWN
2025-07-22T23:15;2025-07-22T23:30;94;EUR;MWh;NO;NO;77.54;75;75;75;-1;DOWN
2025-07-22T23:30;2025-07-22T23:45;95;EUR;MWh;NO;NO;88.98;84;88.98;76.99;2;UP_AND_DOWN
2025-07-22T23:45;2025-07-23T00:00;96;EUR;MWh;NO;NO;88.5;106.98;88.5;76.99;2;UP_AND_DOWN
2025-07-23T00:00;2025-07-23T00:15;1;EUR;MWh;NO;NO;58.56;63.65;63.65;63.65;-1;DOWN
2025-07-23T00:15;2025-07-23T00:30;2;EUR;MWh;NO;NO;78.56;68.65;78.56;78.56;1;UP
2025-07-23T00:30;2025-07-23T00:45;3;EUR;MWh;NO;NO;58.56;107.98;107.98;107.98;-1;DOWN
2025-07-23T00:45;2025-07-23T01:00;4;EUR;MWh;NO;NO;;57.7;57.7;57.7;-1;DOWN
2025-07-23T01:00;2025-07-23T01:15;5;EUR;MWh;NO;NO;78.56;64.98;78.56;58.99;2;UP_AND_DOWN
2025-07-23T01:15;2025-07-23T01:30;6;EUR;MWh;NO;NO;30.16;74;58.99;58.99;2;UP_AND_DOWN
2025-07-23T01:30;2025-07-23T01:45;7;EUR;MWh;NO;NO;;51.7;51.7;51.7;-1;DOWN
2025-07-23T01:45;2025-07-23T02:00;8;EUR;MWh;NO;NO;;45;45;45;-1;DOWN
2025-07-23T02:00;2025-07-23T02:15;9;EUR;MWh;NO;NO;;51.7;51.7;51.7;-1;DOWN
2025-07-23T02:15;2025-07-23T02:30;10;EUR;MWh;NO;NO;;57.7;57.7;57.7;-1;DOWN
2025-07-23T02:30;2025-07-23T02:45;11;EUR;MWh;NO;NO;;74;74;74;-1;DOWN
2025-07-23T02:45;2025-07-23T03:00;12;EUR;MWh;NO;NO;;100.98;100.98;100.98;-1;DOWN
2025-07-23T03:00;2025-07-23T03:15;13;EUR;MWh;NO;NO;76.2;100.98;76.2;58.99;2;UP_AND_DOWN
2025-07-23T03:15;2025-07-23T03:30;14;EUR;MWh;NO;NO;;95.98;95.98;95.98;-1;DOWN
2025-07-23T03:30;2025-07-23T03:45;15;EUR;MWh;NO;NO;;60;60;60;-1;DOWN
2025-07-23T03:45;2025-07-23T04:00;16;EUR;MWh;NO;NO;;73.98;73.98;73.98;-1;DOWN
2025-07-23T04:00;2025-07-23T04:15;17;EUR;MWh;NO;NO;;91.98;91.98;91.98;-1;DOWN
2025-07-23T04:15;2025-07-23T04:30;18;EUR;MWh;NO;NO;;;58.99;58.99;0;STABLE
2025-07-23T04:30;2025-07-23T04:45;19;EUR;MWh;NO;NO;;;58.99;58.99;0;STABLE
2025-07-23T04:45;2025-07-23T05:00;20;EUR;MWh;NO;NO;87.4;;87.4;87.4;1;UP
2025-07-23T05:00;2025-07-23T05:15;21;EUR;MWh;NO;NO;78.56;60;78.56;58.99;2;UP_AND_DOWN
2025-07-23T05:15;2025-07-23T05:30;22;EUR;MWh;NO;NO;;91.98;91.98;91.98;-1;DOWN
2025-07-23T05:30;2025-07-23T05:45;23;EUR;MWh;NO;NO;100;95.98;100;58.99;2;UP_AND_DOWN
2025-07-23T05:45;2025-07-23T06:00;24;EUR;MWh;NO;NO;106;;106;106;1;UP
2025-07-23T06:00;2025-07-23T06:15;25;EUR;MWh;NO;NO;108;77;108;76.99;2;UP_AND_DOWN
2025-07-23T06:15;2025-07-23T06:30;26;EUR;MWh;NO;NO;106;;106;106;1;UP
2025-07-23T06:30;2025-07-23T06:45;27;EUR;MWh;NO;NO;108.1;;108.1;108.1;1;UP
2025-07-23T06:45;2025-07-23T07:00;28;EUR;MWh;NO;NO;108.9;;108.9;108.9;1;UP
2025-07-23T07:00;2025-07-23T07:15;29;EUR;MWh;NO;NO;108.36;;108.36;108.36;1;UP
2025-07-23T07:15;2025-07-23T07:30;30;EUR;MWh;NO;NO;93.45;;93.45;93.45;1;UP
2025-07-23T07:30;2025-07-23T07:45;31;EUR;MWh;NO;NO;;;76.99;76.99;0;STABLE
2025-07-23T07:45;2025-07-23T08:00;32;EUR;MWh;NO;NO;99;;99;99;1;UP
2025-07-23T08:00;2025-07-23T08:15;33;EUR;MWh;NO;NO;108;;108;108;1;UP
2025-07-23T08:15;2025-07-23T08:30;34;EUR;MWh;NO;NO;120.74;;120.74;120.74;1;UP
2025-07-23T08:30;2025-07-23T08:45;35;EUR;MWh;NO;NO;130.7;;130.7;130.7;1;UP
2025-07-23T08:45;2025-07-23T09:00;36;EUR;MWh;NO;NO;108;;108;108;1;UP
2025-07-23T09:00;2025-07-23T09:15;37;EUR;MWh;NO;NO;130.6;;130.6;130.6;1;UP
2025-07-23T09:15;2025-07-23T09:30;38;EUR;MWh;NO;NO;130.5;;130.5;130.5;1;UP
2025-07-23T09:30;2025-07-23T09:45;39;EUR;MWh;NO;NO;150;;150;150;1;UP
2025-07-23T09:45;2025-07-23T10:00;40;EUR;MWh;NO;NO;108.56;10;10;10;-1;DOWN
2025-07-23T10:00;2025-07-23T10:15;41;EUR;MWh;NO;NO;130.3;62;130.3;62;2;UP_AND_DOWN
2025-07-23T10:15;2025-07-23T10:30;42;EUR;MWh;NO;NO;100;;100;100;1;UP
2025-07-23T10:30;2025-07-23T10:45;43;EUR;MWh;NO;NO;88.56;;88.56;88.56;1;UP
2025-07-23T10:45;2025-07-23T11:00;44;EUR;MWh;NO;NO;83.56;83;83.56;83.56;1;UP
2025-07-23T11:00;2025-07-23T11:15;45;EUR;MWh;NO;NO;108.56;78;108.56;108.56;1;UP
2025-07-23T11:15;2025-07-23T11:30;46;EUR;MWh;NO;NO;118.9;;118.9;118.9;1;UP
2025-07-23T11:30;2025-07-23T11:45;47;EUR;MWh;NO;NO;78.56;;78.28;78.28;0;STABLE
2025-07-23T11:45;2025-07-23T12:00;48;EUR;MWh;NO;NO;88.56;65;88.56;65;2;UP_AND_DOWN
2025-07-23T12:00;2025-07-23T12:15;49;EUR;MWh;NO;NO;100;;100;100;1;UP
2025-07-23T12:15;2025-07-23T12:30;50;EUR;MWh;NO;NO;86;65;86;65;2;UP_AND_DOWN
2025-07-23T12:30;2025-07-23T12:45;51;EUR;MWh;NO;NO;;9.57;9.57;9.57;-1;DOWN
2025-07-23T12:45;2025-07-23T13:00;52;EUR;MWh;NO;NO;;10;10;10;-1;DOWN
2025-07-23T13:00;2025-07-23T13:15;53;EUR;MWh;NO;NO;82.51;78;82.51;78;2;UP_AND_DOWN
2025-07-23T13:15;2025-07-23T13:30;54;EUR;MWh;NO;NO;93.35;73;93.35;93.35;1;UP
2025-07-23T13:30;2025-07-23T13:45;55;EUR;MWh;NO;NO;78.56;60;78.56;78.56;1;UP
2025-07-23T13:45;2025-07-23T14:00;56;EUR;MWh;NO;NO;78.56;;78.56;78.56;1;UP
2025-07-23T14:00;2025-07-23T14:15;57;EUR;MWh;NO;NO;86;77;86;86;1;UP
2025-07-23T14:15;2025-07-23T14:30;58;EUR;MWh;NO;NO;93.45;;93.45;93.45;1;UP
2025-07-23T14:30;2025-07-23T14:45;59;EUR;MWh;NO;NO;85.7;73;85.7;85.7;1;UP
2025-07-23T14:45;2025-07-23T15:00;60;EUR;MWh;NO;NO;78.56;49.76;78.56;49.76;2;UP_AND_DOWN
2025-07-23T15:00;2025-07-23T15:15;61;EUR;MWh;NO;NO;;10;10;10;-1;DOWN
2025-07-23T15:15;2025-07-23T15:30;62;EUR;MWh;NO;NO;;10;10;10;-1;DOWN
2025-07-23T15:30;2025-07-23T15:45;63;EUR;MWh;NO;NO;85.6;52;85.6;52;2;UP_AND_DOWN
2025-07-23T15:45;2025-07-23T16:00;64;EUR;MWh;NO;NO;100;44;100;100;1;UP
2025-07-23T16:00;2025-07-23T16:15;65;EUR;MWh;NO;NO;100;77;100;100;1;UP
2025-07-23T16:15;2025-07-23T16:30;66;EUR;MWh;NO;NO;118.9;;118.9;118.9;1;UP
2025-07-23T16:30;2025-07-23T16:45;67;EUR;MWh;NO;NO;118.6;;118.6;118.6;1;UP
2025-07-23T16:45;2025-07-23T17:00;68;EUR;MWh;NO;NO;120.74;;120.74;120.74;1;UP
2025-07-23T17:00;2025-07-23T17:15;69;EUR;MWh;NO;NO;186;;186;186;1;UP
2025-07-23T17:15;2025-07-23T17:30;70;EUR;MWh;NO;NO;153;;153;153;1;UP
2025-07-23T17:30;2025-07-23T17:45;71;EUR;MWh;NO;NO;144.2;;144.2;144.2;1;UP
2025-07-23T17:45;2025-07-23T18:00;72;EUR;MWh;NO;NO;144.3;;144.3;144.3;1;UP
2025-07-23T18:00;2025-07-23T18:15;73;EUR;MWh;NO;NO;108;76.1;108;108;1;UP
2025-07-23T18:15;2025-07-23T18:30;74;EUR;MWh;NO;NO;;53.2;53.2;53.2;-1;DOWN
2025-07-23T18:30;2025-07-23T18:45;75;EUR;MWh;NO;NO;88.56;44.56;44.56;44.56;-1;DOWN
2025-07-23T18:45;2025-07-23T19:00;76;EUR;MWh;NO;NO;119;;119;119;1;UP
2025-07-23T19:00;2025-07-23T19:15;77;EUR;MWh;NO;NO;84.56;84;84.56;84.56;1;UP
2025-07-23T19:15;2025-07-23T19:30;78;EUR;MWh;NO;NO;78.56;84;78.56;78.56;1;UP
2025-07-23T19:30;2025-07-23T19:45;79;EUR;MWh;NO;NO;133;;133;133;1;UP
2025-07-23T19:45;2025-07-23T20:00;80;EUR;MWh;NO;NO;150;73.49;150;64;2;UP_AND_DOWN
2025-07-23T20:00;2025-07-23T20:15;81;EUR;MWh;NO;NO;150;57.56;57.56;57.56;-1;DOWN
2025-07-23T20:15;2025-07-23T20:30;82;EUR;MWh;NO;NO;100;76.1;100;64;2;UP_AND_DOWN
2025-07-23T20:30;2025-07-23T20:45;83;EUR;MWh;NO;NO;1965;;1965;1965;1;UP
2025-07-23T20:45;2025-07-23T21:00;84;EUR;MWh;YES;;2161.5;;2161.5;2161.5;1;UP
2025-07-23T21:00;2025-07-23T21:15;85;EUR;MWh;YES;;320;71.51;320;66.5;2;UP_AND_DOWN
2025-07-23T21:15;2025-07-23T21:30;86;EUR;MWh;NO;NO;110;71.51;110;110;1;UP
2025-07-23T21:30;2025-07-23T21:45;87;EUR;MWh;NO;NO;130.7;;130.7;130.7;1;UP
2025-07-23T21:45;2025-07-23T22:00;88;EUR;MWh;NO;NO;114.58;71.41;114.58;67;2;UP_AND_DOWN
2025-07-23T22:00;2025-07-23T22:15;89;EUR;MWh;NO;NO;85.5;68.08;85.5;67;2;UP_AND_DOWN
2025-07-23T22:15;2025-07-23T22:30;90;EUR;MWh;NO;NO;85.5;84;85.5;67;2;UP_AND_DOWN
2025-07-23T22:30;2025-07-23T22:45;91;EUR;MWh;NO;NO;120.74;78;120.74;67;2;UP_AND_DOWN
2025-07-23T22:45;2025-07-23T23:00;92;EUR;MWh;NO;NO;81.58;73;81.58;64.5;2;UP_AND_DOWN
2025-07-23T23:00;2025-07-23T23:15;93;EUR;MWh;NO;NO;111;76.1;111;111;1;UP
2025-07-23T23:15;2025-07-23T23:30;94;EUR;MWh;NO;NO;123.36;74.18;123.36;64;2;UP_AND_DOWN
2025-07-23T23:30;2025-07-23T23:45;95;EUR;MWh;NO;NO;87.1;71.31;87.1;64;2;UP_AND_DOWN
2025-07-23T23:45;2025-07-24T00:00;96;EUR;MWh;NO;NO;;51.56;51.56;51.56;-1;DOWN
2025-07-24T00:00;2025-07-24T00:15;1;EUR;MWh;NO;NO;87.14;53.98;87.14;51.25;2;UP_AND_DOWN
2025-07-24T00:15;2025-07-24T00:30;2;EUR;MWh;NO;NO;88.24;;88.24;88.24;1;UP
2025-07-24T00:30;2025-07-24T00:45;3;EUR;MWh;NO;NO;108.32;;108.32;108.32;1;UP
2025-07-24T00:45;2025-07-24T01:00;4;EUR;MWh;NO;NO;100;;100;100;1;UP
2025-07-24T01:00;2025-07-24T01:15;5;EUR;MWh;NO;NO;129.4;;129.4;129.4;1;UP
2025-07-24T01:15;2025-07-24T01:30;6;EUR;MWh;NO;NO;129.5;;129.5;129.5;1;UP
2025-07-24T01:30;2025-07-24T01:45;7;EUR;MWh;NO;NO;90;;90;90;1;UP
2025-07-24T01:45;2025-07-24T02:00;8;EUR;MWh;NO;NO;83.56;;83.56;83.56;1;UP
2025-07-24T02:00;2025-07-24T02:15;9;EUR;MWh;NO;NO;109.9;;109.9;109.9;1;UP
2025-07-24T02:15;2025-07-24T02:30;10;EUR;MWh;NO;NO;110;;110;110;1;UP
2025-07-24T02:30;2025-07-24T02:45;11;EUR;MWh;NO;NO;110.1;;110.1;110.1;1;UP
2025-07-24T02:45;2025-07-24T03:00;12;EUR;MWh;NO;NO;109.7;;109.7;109.7;1;UP
2025-07-24T03:00;2025-07-24T03:15;13;EUR;MWh;NO;NO;37.01;;37.01;37.01;1;UP
2025-07-24T03:15;2025-07-24T03:30;14;EUR;MWh;NO;NO;88.24;;88.24;88.24;1;UP
2025-07-24T03:30;2025-07-24T03:45;15;EUR;MWh;NO;NO;88.56;;88.56;88.56;1;UP
2025-07-24T03:45;2025-07-24T04:00;16;EUR;MWh;NO;NO;37.01;63.88;63.88;63.88;-1;DOWN
2025-07-24T04:00;2025-07-24T04:15;17;EUR;MWh;NO;NO;;56.98;56.98;56.98;-1;DOWN
2025-07-24T04:15;2025-07-24T04:30;18;EUR;MWh;NO;NO;;75.63;75.63;75.63;-1;DOWN
2025-07-24T04:30;2025-07-24T04:45;19;EUR;MWh;NO;NO;122;;122;122;1;UP
2025-07-24T04:45;2025-07-24T05:00;20;EUR;MWh;NO;NO;107.14;;107.14;107.14;1;UP
2025-07-24T05:00;2025-07-24T05:15;21;EUR;MWh;NO;NO;100;;100;100;1;UP
2025-07-24T05:15;2025-07-24T05:30;22;EUR;MWh;NO;NO;113;;113;113;1;UP
2025-07-24T05:30;2025-07-24T05:45;23;EUR;MWh;NO;NO;113;;113;113;1;UP
2025-07-24T05:45;2025-07-24T06:00;24;EUR;MWh;NO;NO;85.5;;85.5;85.5;1;UP
2025-07-24T06:00;2025-07-24T06:15;25;EUR;MWh;NO;NO;114;65.61;114;57.11;2;UP_AND_DOWN
2025-07-24T06:15;2025-07-24T06:30;26;EUR;MWh;NO;NO;100;;100;100;1;UP
2025-07-24T06:30;2025-07-24T06:45;27;EUR;MWh;NO;NO;88.56;;88.56;88.56;1;UP
2025-07-24T06:45;2025-07-24T07:00;28;EUR;MWh;NO;NO;100;;100;100;1;UP
2025-07-24T07:00;2025-07-24T07:15;29;EUR;MWh;NO;NO;123;;123;123;1;UP
2025-07-24T07:15;2025-07-24T07:30;30;EUR;MWh;NO;NO;129.3;;129.3;129.3;1;UP
2025-07-24T07:30;2025-07-24T07:45;31;EUR;MWh;NO;NO;123;;123;123;1;UP
2025-07-24T07:45;2025-07-24T08:00;32;EUR;MWh;NO;NO;129.2;;129.2;129.2;1;UP
2025-07-24T08:00;2025-07-24T08:15;33;EUR;MWh;NO;NO;129.1;;129.1;129.1;1;UP
2025-07-24T08:15;2025-07-24T08:30;34;EUR;MWh;NO;NO;108.56;;108.56;108.56;1;UP
2025-07-24T08:30;2025-07-24T08:45;35;EUR;MWh;NO;NO;126;;126;126;1;UP
2025-07-24T08:45;2025-07-24T09:00;36;EUR;MWh;NO;NO;130.4;;130.4;130.4;1;UP
2025-07-24T09:00;2025-07-24T09:15;37;EUR;MWh;NO;NO;130.3;;130.3;130.3;1;UP
2025-07-24T09:15;2025-07-24T09:30;38;EUR;MWh;NO;NO;132.14;;132.14;132.14;1;UP
2025-07-24T09:30;2025-07-24T09:45;39;EUR;MWh;NO;NO;130.2;;130.2;130.2;1;UP
2025-07-24T09:45;2025-07-24T10:00;40;EUR;MWh;NO;NO;85.6;57.36;57.36;57.36;-1;DOWN
2025-07-24T10:00;2025-07-24T10:15;41;EUR;MWh;NO;NO;86;60;60;60;-1;DOWN
2025-07-24T10:15;2025-07-24T10:30;42;EUR;MWh;NO;NO;83.56;51.36;51.36;51.36;-1;DOWN
2025-07-24T10:30;2025-07-24T10:45;43;EUR;MWh;NO;NO;86.2;63;86.2;46.5;2;UP_AND_DOWN
2025-07-24T10:45;2025-07-24T11:00;44;EUR;MWh;NO;NO;87.4;57.36;87.4;46.5;2;UP_AND_DOWN
2025-07-24T11:00;2025-07-24T11:15;45;EUR;MWh;NO;NO;;53.36;53.36;53.36;-1;DOWN
2025-07-24T11:15;2025-07-24T11:30;46;EUR;MWh;NO;NO;;68.76;68.76;68.76;-1;DOWN
2025-07-24T11:30;2025-07-24T11:45;47;EUR;MWh;NO;NO;;75.39;75.39;75.39;-1;DOWN
2025-07-24T11:45;2025-07-24T12:00;48;EUR;MWh;NO;NO;;;0;0;-1;DOWN
2025-07-24T12:00;2025-07-24T12:15;49;EUR;MWh;NO;NO;;;0;0;-1;DOWN
2025-07-24T12:15;2025-07-24T12:30;50;EUR;MWh;NO;NO;;-30;-30;-30;-1;DOWN
2025-07-24T12:30;2025-07-24T12:45;51;EUR;MWh;NO;NO;;53.39;53.39;53.39;-1;DOWN
2025-07-24T12:45;2025-07-24T13:00;52;EUR;MWh;NO;NO;;9.57;9.57;9.57;-1;DOWN
2025-07-24T13:00;2025-07-24T13:15;53;EUR;MWh;NO;NO;;43.94;43.94;43.94;-1;DOWN
2025-07-24T13:15;2025-07-24T13:30;54;EUR;MWh;NO;NO;80.96;;80.96;80.96;1;UP
2025-07-24T13:30;2025-07-24T13:45;55;EUR;MWh;NO;NO;83.36;;83.36;83.36;1;UP
2025-07-24T13:45;2025-07-24T14:00;56;EUR;MWh;NO;NO;24;68.74;46.5;46.5;2;UP_AND_DOWN
2025-07-24T14:00;2025-07-24T14:15;57;EUR;MWh;NO;NO;93.24;;93.24;93.24;1;UP
2025-07-24T14:15;2025-07-24T14:30;58;EUR;MWh;NO;NO;104;;104;104;1;UP
2025-07-24T14:30;2025-07-24T14:45;59;EUR;MWh;NO;NO;83.56;85;83.56;83.56;1;UP
2025-07-24T14:45;2025-07-24T15:00;60;EUR;MWh;NO;NO;;57.16;57.16;57.16;-1;DOWN
2025-07-24T15:00;2025-07-24T15:15;61;EUR;MWh;NO;NO;;57;57;57;-1;DOWN
2025-07-24T15:15;2025-07-24T15:30;62;EUR;MWh;NO;NO;;30;30;30;-1;DOWN
2025-07-24T15:30;2025-07-24T15:45;63;EUR;MWh;NO;NO;;57.69;57.69;57.69;-1;DOWN
2025-07-24T15:45;2025-07-24T16:00;64;EUR;MWh;NO;NO;;-61.69;-61.69;-61.69;-1;DOWN
2025-07-24T16:00;2025-07-24T16:15;65;EUR;MWh;NO;NO;;9.57;9.57;9.57;-1;DOWN
2025-07-24T16:15;2025-07-24T16:30;66;EUR;MWh;NO;NO;;-60;-60;-60;-1;DOWN
2025-07-24T16:30;2025-07-24T16:45;67;EUR;MWh;NO;NO;;12;12;12;-1;DOWN
2025-07-24T16:45;2025-07-24T17:00;68;EUR;MWh;NO;NO;;-49;-49;-49;-1;DOWN
2025-07-24T17:00;2025-07-24T17:15;69;EUR;MWh;NO;NO;;9.57;9.57;9.57;-1;DOWN
2025-07-24T17:15;2025-07-24T17:30;70;EUR;MWh;NO;NO;;50.86;50.86;50.86;-1;DOWN
2025-07-24T17:30;2025-07-24T17:45;71;EUR;MWh;NO;NO;110;50.86;110;44.53;2;UP_AND_DOWN
2025-07-24T17:45;2025-07-24T18:00;72;EUR;MWh;NO;NO;83.56;53.98;53.98;53.98;-1;DOWN
2025-07-24T18:00;2025-07-24T18:15;73;EUR;MWh;NO;NO;;5.98;5.98;5.98;-1;DOWN
2025-07-24T18:15;2025-07-24T18:30;74;EUR;MWh;NO;NO;;40.39;40.39;40.39;-1;DOWN
2025-07-24T18:30;2025-07-24T18:45;75;EUR;MWh;NO;NO;87.4;50;87.4;50;2;UP_AND_DOWN
2025-07-24T18:45;2025-07-24T19:00;76;EUR;MWh;NO;NO;82;71.04;82;54.5;2;UP_AND_DOWN
2025-07-24T19:00;2025-07-24T19:15;77;EUR;MWh;NO;NO;;57.36;57.36;57.36;-1;DOWN
2025-07-24T19:15;2025-07-24T19:30;78;EUR;MWh;NO;NO;;57.1;57.1;57.1;-1;DOWN
2025-07-24T19:30;2025-07-24T19:45;79;EUR;MWh;NO;NO;86.95;75.73;86.95;57.54;2;UP_AND_DOWN
2025-07-24T19:45;2025-07-24T20:00;80;EUR;MWh;NO;NO;83.3;;83.3;83.3;1;UP
2025-07-24T20:00;2025-07-24T20:15;81;EUR;MWh;NO;NO;100;;100;100;1;UP
2025-07-24T20:15;2025-07-24T20:30;82;EUR;MWh;NO;NO;132.56;;132.56;132.56;1;UP
2025-07-24T20:30;2025-07-24T20:45;83;EUR;MWh;NO;NO;186;;186;186;1;UP
2025-07-24T20:45;2025-07-24T21:00;84;EUR;MWh;NO;NO;130.2;;130.2;130.2;1;UP
2025-07-24T21:00;2025-07-24T21:15;85;EUR;MWh;NO;NO;85.2;83;85.2;85.2;1;UP
2025-07-24T21:15;2025-07-24T21:30;86;EUR;MWh;NO;NO;111.95;;111.95;111.95;1;UP
2025-07-24T21:30;2025-07-24T21:45;87;EUR;MWh;NO;NO;132;;132;132;1;UP
2025-07-24T21:45;2025-07-24T22:00;88;EUR;MWh;NO;NO;97;67.3;97;64;2;UP_AND_DOWN
2025-07-24T22:00;2025-07-24T22:15;89;EUR;MWh;NO;NO;129.8;83;129.8;61.2;2;UP_AND_DOWN
2025-07-24T22:15;2025-07-24T22:30;90;EUR;MWh;NO;NO;87.7;67.4;67.4;67.4;-1;DOWN
2025-07-24T22:30;2025-07-24T22:45;91;EUR;MWh;NO;NO;88.56;75;88.56;61.2;2;UP_AND_DOWN
2025-07-24T22:45;2025-07-24T23:00;92;EUR;MWh;NO;NO;43;;43;43;1;UP
2025-07-24T23:00;2025-07-24T23:15;93;EUR;MWh;NO;NO;150.98;;150.98;150.98;1;UP
2025-07-24T23:15;2025-07-24T23:30;94;EUR;MWh;NO;NO;136;;136;136;1;UP
2025-07-24T23:30;2025-07-24T23:45;95;EUR;MWh;NO;NO;100;;100;100;1;UP
2025-07-24T23:45;2025-07-25T00:00;96;EUR;MWh;NO;NO;101.3;;101.3;101.3;1;UP
2025-07-25T00:00;2025-07-25T00:15;1;EUR;MWh;NO;NO;139;;139;139;1;UP
2025-07-25T00:15;2025-07-25T00:30;2;EUR;MWh;NO;NO;165;;165;165;1;UP
2025-07-25T00:30;2025-07-25T00:45;3;EUR;MWh;NO;NO;133.6;;133.6;133.6;1;UP
2025-07-25T00:45;2025-07-25T01:00;4;EUR;MWh;NO;NO;100;85;100;100;1;UP
2025-07-25T01:00;2025-07-25T01:15;5;EUR;MWh;NO;NO;150;;150;150;1;UP
2025-07-25T01:15;2025-07-25T01:30;6;EUR;MWh;NO;NO;138.98;;138.98;138.98;1;UP
2025-07-25T01:30;2025-07-25T01:45;7;EUR;MWh;NO;NO;109.98;;109.98;109.98;1;UP
2025-07-25T01:45;2025-07-25T02:00;8;EUR;MWh;NO;NO;93.56;68;93.56;66.5;2;UP_AND_DOWN
2025-07-25T02:00;2025-07-25T02:15;9;EUR;MWh;NO;NO;117.68;90;117.68;84.28;2;UP_AND_DOWN
2025-07-25T02:15;2025-07-25T02:30;10;EUR;MWh;NO;NO;115.71;;115.71;115.71;1;UP
2025-07-25T02:30;2025-07-25T02:45;11;EUR;MWh;NO;NO;130.7;;130.7;130.7;1;UP
2025-07-25T02:45;2025-07-25T03:00;12;EUR;MWh;NO;NO;105.98;72.36;105.98;72.36;2;UP_AND_DOWN
2025-07-25T03:00;2025-07-25T03:15;13;EUR;MWh;NO;NO;;75.85;75.85;75.85;-1;DOWN
2025-07-25T03:15;2025-07-25T03:30;14;EUR;MWh;NO;NO;;75.85;75.85;75.85;-1;DOWN
2025-07-25T03:30;2025-07-25T03:45;15;EUR;MWh;NO;NO;100.08;75.85;100.08;100.08;1;UP
2025-07-25T03:45;2025-07-25T04:00;16;EUR;MWh;NO;NO;109;72.16;109;72.16;2;UP_AND_DOWN
2025-07-25T04:00;2025-07-25T04:15;17;EUR;MWh;NO;NO;109;64.08;64.08;64.08;-1;DOWN
2025-07-25T04:15;2025-07-25T04:30;18;EUR;MWh;NO;NO;;52.25;52.25;52.25;-1;DOWN
2025-07-25T04:30;2025-07-25T04:45;19;EUR;MWh;NO;NO;;56.81;56.81;56.81;-1;DOWN
2025-07-25T04:45;2025-07-25T05:00;20;EUR;MWh;NO;NO;93.56;60;93.56;60;2;UP_AND_DOWN
2025-07-25T05:00;2025-07-25T05:15;21;EUR;MWh;NO;NO;108.7;60;108.7;60;2;UP_AND_DOWN
2025-07-25T05:15;2025-07-25T05:30;22;EUR;MWh;NO;NO;108.7;;108.7;108.7;1;UP
2025-07-25T05:30;2025-07-25T05:45;23;EUR;MWh;NO;NO;128.9;;128.9;128.9;1;UP
2025-07-25T05:45;2025-07-25T06:00;24;EUR;MWh;NO;NO;125.08;;125.08;125.08;1;UP
2025-07-25T06:00;2025-07-25T06:15;25;EUR;MWh;NO;NO;108.8;;108.8;108.8;1;UP
2025-07-25T06:15;2025-07-25T06:30;26;EUR;MWh;NO;NO;117.98;;117.98;117.98;1;UP
2025-07-25T06:30;2025-07-25T06:45;27;EUR;MWh;NO;NO;108.9;;108.9;108.9;1;UP
2025-07-25T06:45;2025-07-25T07:00;28;EUR;MWh;NO;NO;128.8;;128.8;128.8;1;UP
2025-07-25T07:00;2025-07-25T07:15;29;EUR;MWh;NO;NO;120.74;;120.74;120.74;1;UP
2025-07-25T07:15;2025-07-25T07:30;30;EUR;MWh;NO;NO;130.08;;130.08;130.08;1;UP
2025-07-25T07:30;2025-07-25T07:45;31;EUR;MWh;NO;NO;113.98;;113.98;113.98;1;UP
2025-07-25T07:45;2025-07-25T08:00;32;EUR;MWh;NO;NO;83.16;88;83.16;83.16;1;UP
2025-07-25T08:00;2025-07-25T08:15;33;EUR;MWh;NO;NO;;75.81;65.5;65.5;0;STABLE
2025-07-25T08:15;2025-07-25T08:30;34;EUR;MWh;NO;NO;110.8;;110.8;110.8;1;UP
2025-07-25T08:30;2025-07-25T08:45;35;EUR;MWh;NO;NO;122;;122;122;1;UP
2025-07-25T08:45;2025-07-25T09:00;36;EUR;MWh;NO;NO;109.7;;109.7;109.7;1;UP
2025-07-25T09:00;2025-07-25T09:15;37;EUR;MWh;NO;NO;110;;110;110;1;UP
2025-07-25T09:15;2025-07-25T09:30;38;EUR;MWh;NO;NO;109.7;75.68;109.7;65.5;2;UP_AND_DOWN
2025-07-25T09:30;2025-07-25T09:45;39;EUR;MWh;NO;NO;109.7;66;66;66;-1;DOWN
2025-07-25T09:45;2025-07-25T10:00;40;EUR;MWh;NO;NO;;66;66;66;-1;DOWN
2025-07-25T10:00;2025-07-25T10:15;41;EUR;MWh;NO;NO;110.4;65.08;110.4;65.08;2;UP_AND_DOWN
2025-07-25T10:15;2025-07-25T10:30;42;EUR;MWh;NO;NO;101.88;75;101.88;75;2;UP_AND_DOWN
2025-07-25T10:30;2025-07-25T10:45;43;EUR;MWh;NO;NO;108.6;75;108.6;108.6;1;UP
2025-07-25T10:45;2025-07-25T11:00;44;EUR;MWh;NO;NO;116.9;66.08;116.9;116.9;1;UP
2025-07-25T11:00;2025-07-25T11:15;45;EUR;MWh;NO;NO;108.1;75.95;108.1;48;2;UP_AND_DOWN
2025-07-25T11:15;2025-07-25T11:30;46;EUR;MWh;NO;NO;122;;122;122;1;UP
2025-07-25T11:30;2025-07-25T11:45;47;EUR;MWh;NO;NO;134.65;;134.65;134.65;1;UP
2025-07-25T11:45;2025-07-25T12:00;48;EUR;MWh;NO;NO;141.9;;141.9;141.9;1;UP
2025-07-25T12:00;2025-07-25T12:15;49;EUR;MWh;NO;NO;117.2;;117.2;117.2;1;UP
2025-07-25T12:15;2025-07-25T12:30;50;EUR;MWh;NO;NO;141.8;;141.8;141.8;1;UP
2025-07-25T12:30;2025-07-25T12:45;51;EUR;MWh;NO;NO;141.9;;141.9;141.9;1;UP
2025-07-25T12:45;2025-07-25T13:00;52;EUR;MWh;NO;NO;131.98;;131.98;131.98;1;UP
2025-07-25T13:00;2025-07-25T13:15;53;EUR;MWh;NO;NO;102.89;;102.89;102.89;1;UP
2025-07-25T13:15;2025-07-25T13:30;54;EUR;MWh;NO;NO;86.72;;86.72;86.72;1;UP
2025-07-25T13:30;2025-07-25T13:45;55;EUR;MWh;NO;NO;88.98;57.43;88.98;48;2;UP_AND_DOWN
2025-07-25T13:45;2025-07-25T14:00;56;EUR;MWh;NO;NO;;41.76;41.76;41.76;-1;DOWN
2025-07-25T14:00;2025-07-25T14:15;57;EUR;MWh;NO;NO;107.5;60.1;107.5;48;2;UP_AND_DOWN
2025-07-25T14:15;2025-07-25T14:30;58;EUR;MWh;NO;NO;96.98;;96.98;96.98;1;UP
2025-07-25T14:30;2025-07-25T14:45;59;EUR;MWh;NO;NO;101.52;;101.52;101.52;1;UP
2025-07-25T14:45;2025-07-25T15:00;60;EUR;MWh;NO;NO;107.4;;107.4;107.4;1;UP
2025-07-25T15:00;2025-07-25T15:15;61;EUR;MWh;NO;NO;108.9;;108.9;108.9;1;UP
2025-07-25T15:15;2025-07-25T15:30;62;EUR;MWh;NO;NO;100;;100;100;1;UP
2025-07-25T15:30;2025-07-25T15:45;63;EUR;MWh;NO;NO;105.2;;105.2;105.2;1;UP
2025-07-25T15:45;2025-07-25T16:00;64;EUR;MWh;NO;NO;99.9;;99.9;99.9;1;UP
2025-07-25T16:00;2025-07-25T16:15;65;EUR;MWh;NO;NO;93.46;;93.46;93.46;1;UP
2025-07-25T16:15;2025-07-25T16:30;66;EUR;MWh;NO;NO;111;;111;111;1;UP
2025-07-25T16:30;2025-07-25T16:45;67;EUR;MWh;NO;NO;141.6;;141.6;141.6;1;UP
2025-07-25T16:45;2025-07-25T17:00;68;EUR;MWh;NO;NO;167;;167;167;1;UP
2025-07-25T17:00;2025-07-25T17:15;69;EUR;MWh;NO;NO;141.8;;141.8;141.8;1;UP
2025-07-25T17:15;2025-07-25T17:30;70;EUR;MWh;NO;NO;141.9;;141.9;141.9;1;UP
2025-07-25T17:30;2025-07-25T17:45;71;EUR;MWh;NO;NO;186;;186;186;1;UP
2025-07-25T17:45;2025-07-25T18:00;72;EUR;MWh;NO;NO;167;;167;167;1;UP
2025-07-25T18:00;2025-07-25T18:15;73;EUR;MWh;NO;NO;107.8;73.39;107.8;65.5;2;UP_AND_DOWN
2025-07-25T18:15;2025-07-25T18:30;74;EUR;MWh;NO;NO;133;;133;133;1;UP
2025-07-25T18:30;2025-07-25T18:45;75;EUR;MWh;NO;NO;150;;150;150;1;UP
2025-07-25T18:45;2025-07-25T19:00;76;EUR;MWh;NO;NO;155.6;;155.6;155.6;1;UP
2025-07-25T19:00;2025-07-25T19:15;77;EUR;MWh;NO;NO;105.6;60;105.6;60;2;UP_AND_DOWN
2025-07-25T19:15;2025-07-25T19:30;78;EUR;MWh;NO;NO;108.1;70;108.1;65.5;2;UP_AND_DOWN
2025-07-25T19:30;2025-07-25T19:45;79;EUR;MWh;NO;NO;108.3;74;108.3;65.5;2;UP_AND_DOWN
2025-07-25T19:45;2025-07-25T20:00;80;EUR;MWh;NO;NO;108.4;;108.4;108.4;1;UP
2025-07-25T20:00;2025-07-25T20:15;81;EUR;MWh;NO;NO;76.6;74;76.6;65.5;2;UP_AND_DOWN
2025-07-25T20:15;2025-07-25T20:30;82;EUR;MWh;NO;NO;108.7;75.66;108.7;65.5;2;UP_AND_DOWN
2025-07-25T20:30;2025-07-25T20:45;83;EUR;MWh;NO;NO;130.6;;130.6;130.6;1;UP
2025-07-25T20:45;2025-07-25T21:00;84;EUR;MWh;NO;NO;140;;140;140;1;UP
2025-07-25T21:00;2025-07-25T21:15;85;EUR;MWh;NO;NO;142.18;;142.18;142.18;1;UP
2025-07-25T21:15;2025-07-25T21:30;86;EUR;MWh;NO;NO;133.8;;133.8;133.8;1;UP
2025-07-25T21:30;2025-07-25T21:45;87;EUR;MWh;NO;NO;136.6;;136.6;136.6;1;UP
2025-07-25T21:45;2025-07-25T22:00;88;EUR;MWh;NO;NO;122;73.06;122;65.5;2;UP_AND_DOWN
2025-07-25T22:00;2025-07-25T22:15;89;EUR;MWh;NO;NO;122.6;88;122.6;65.5;2;UP_AND_DOWN
2025-07-25T22:15;2025-07-25T22:30;90;EUR;MWh;NO;NO;150;;150;150;1;UP
2025-07-25T22:30;2025-07-25T22:45;91;EUR;MWh;NO;NO;135.5;;135.5;135.5;1;UP
2025-07-25T22:45;2025-07-25T23:00;92;EUR;MWh;NO;NO;130.2;74.36;130.2;65.5;2;UP_AND_DOWN
2025-07-25T23:00;2025-07-25T23:15;93;EUR;MWh;NO;NO;140;75;140;65.5;2;UP_AND_DOWN
2025-07-25T23:15;2025-07-25T23:30;94;EUR;MWh;NO;NO;116.3;75;116.3;65.5;2;UP_AND_DOWN
2025-07-25T23:30;2025-07-25T23:45;95;EUR;MWh;NO;NO;43;71.36;71.36;71.36;-1;DOWN
2025-07-25T23:45;2025-07-26T00:00;96;EUR;MWh;NO;NO;43;56.48;56.48;56.48;-1;DOWN
2025-07-26T00:00;2025-07-26T00:15;1;EUR;MWh;NO;NO;81.9;50;81.9;50;2;UP_AND_DOWN
2025-07-26T00:15;2025-07-26T00:30;2;EUR;MWh;NO;NO;80.09;70.9;80.09;64;2;UP_AND_DOWN
2025-07-26T00:30;2025-07-26T00:45;3;EUR;MWh;NO;NO;;67.62;67.62;67.62;-1;DOWN
2025-07-26T00:45;2025-07-26T01:00;4;EUR;MWh;NO;NO;100;70;100;63.5;2;UP_AND_DOWN
2025-07-26T01:00;2025-07-26T01:15;5;EUR;MWh;NO;NO;110.6;;110.6;110.6;1;UP
2025-07-26T01:15;2025-07-26T01:30;6;EUR;MWh;NO;NO;112.3;;112.3;112.3;1;UP
2025-07-26T01:30;2025-07-26T01:45;7;EUR;MWh;NO;NO;83.1;74;83.1;60.5;2;UP_AND_DOWN
2025-07-26T01:45;2025-07-26T02:00;8;EUR;MWh;NO;NO;;70;70;70;-1;DOWN
2025-07-26T02:00;2025-07-26T02:15;9;EUR;MWh;NO;NO;112;;112;112;1;UP
2025-07-26T02:15;2025-07-26T02:30;10;EUR;MWh;NO;NO;114.5;;114.5;114.5;1;UP
2025-07-26T02:30;2025-07-26T02:45;11;EUR;MWh;NO;NO;109;;109;109;1;UP
2025-07-26T02:45;2025-07-26T03:00;12;EUR;MWh;NO;NO;78.56;;78.56;78.56;1;UP
2025-07-26T03:00;2025-07-26T03:15;13;EUR;MWh;NO;NO;111.35;;111.35;111.35;1;UP
2025-07-26T03:15;2025-07-26T03:30;14;EUR;MWh;NO;NO;100;;100;100;1;UP
2025-07-26T03:30;2025-07-26T03:45;15;EUR;MWh;NO;NO;106.7;;106.7;106.7;1;UP
2025-07-26T03:45;2025-07-26T04:00;16;EUR;MWh;NO;NO;111;;111;111;1;UP
2025-07-26T04:00;2025-07-26T04:15;17;EUR;MWh;NO;NO;100.9;;100.9;100.9;1;UP
2025-07-26T04:15;2025-07-26T04:30;18;EUR;MWh;NO;NO;85.1;;85.1;85.1;1;UP
2025-07-26T04:30;2025-07-26T04:45;19;EUR;MWh;NO;NO;88.56;;88.56;88.56;1;UP
2025-07-26T04:45;2025-07-26T05:00;20;EUR;MWh;NO;NO;84;74.1;84;84;1;UP
2025-07-26T05:00;2025-07-26T05:15;21;EUR;MWh;NO;NO;;75.26;75.26;75.26;-1;DOWN
2025-07-26T05:15;2025-07-26T05:30;22;EUR;MWh;NO;NO;;72.6;72.6;72.6;-1;DOWN
2025-07-26T05:30;2025-07-26T05:45;23;EUR;MWh;NO;NO;;70;70;70;-1;DOWN
2025-07-26T05:45;2025-07-26T06:00;24;EUR;MWh;NO;NO;;67.83;67.83;67.83;-1;DOWN
2025-07-26T06:00;2025-07-26T06:15;25;EUR;MWh;NO;NO;108.1;76.07;108.1;67.32;2;UP_AND_DOWN
2025-07-26T06:15;2025-07-26T06:30;26;EUR;MWh;NO;NO;108.9;;108.9;108.9;1;UP
2025-07-26T06:30;2025-07-26T06:45;27;EUR;MWh;NO;NO;78.56;67.64;78.56;67.03;2;UP_AND_DOWN
2025-07-26T06:45;2025-07-26T07:00;28;EUR;MWh;NO;NO;78.56;54.59;54.59;54.59;-1;DOWN
2025-07-26T07:00;2025-07-26T07:15;29;EUR;MWh;NO;NO;116;70;116;66.53;2;UP_AND_DOWN
2025-07-26T07:15;2025-07-26T07:30;30;EUR;MWh;NO;NO;96.96;63;96.96;63;2;UP_AND_DOWN
2025-07-26T07:30;2025-07-26T07:45;31;EUR;MWh;NO;NO;96.96;64;64;64;-1;DOWN
2025-07-26T07:45;2025-07-26T08:00;32;EUR;MWh;NO;NO;;68.31;68.31;68.31;-1;DOWN
2025-07-26T08:00;2025-07-26T08:15;33;EUR;MWh;NO;NO;108.6;76.31;108.6;108.6;1;UP
2025-07-26T08:15;2025-07-26T08:30;34;EUR;MWh;NO;NO;108;;108;108;1;UP
2025-07-26T08:30;2025-07-26T08:45;35;EUR;MWh;NO;NO;68.56;74;68.56;68.28;2;UP_AND_DOWN
2025-07-26T08:45;2025-07-26T09:00;36;EUR;MWh;NO;NO;;50.65;50.65;50.65;-1;DOWN
2025-07-26T09:00;2025-07-26T09:15;37;EUR;MWh;NO;NO;;38;38;38;-1;DOWN
2025-07-26T09:15;2025-07-26T09:30;38;EUR;MWh;NO;NO;;49.57;49.57;49.57;-1;DOWN
2025-07-26T09:30;2025-07-26T09:45;39;EUR;MWh;NO;NO;58.56;54;67.44;54;2;UP_AND_DOWN
2025-07-26T09:45;2025-07-26T10:00;40;EUR;MWh;NO;NO;;43;43;43;-1;DOWN
2025-07-26T10:00;2025-07-26T10:15;41;EUR;MWh;NO;NO;72;-49.8;72;-49.8;2;UP_AND_DOWN
2025-07-26T10:15;2025-07-26T10:30;42;EUR;MWh;NO;NO;;-18.14;-18.14;-18.14;-1;DOWN
2025-07-26T10:30;2025-07-26T10:45;43;EUR;MWh;NO;NO;;-49;-49;-49;-1;DOWN
2025-07-26T10:45;2025-07-26T11:00;44;EUR;MWh;NO;NO;;-60;-60;-60;-1;DOWN
2025-07-26T11:00;2025-07-26T11:15;45;EUR;MWh;NO;NO;;-27;-27;-27;-1;DOWN
2025-07-26T11:15;2025-07-26T11:30;46;EUR;MWh;NO;NO;;66;66;66;-1;DOWN
2025-07-26T11:30;2025-07-26T11:45;47;EUR;MWh;NO;NO;;5;5;5;-1;DOWN
2025-07-26T11:45;2025-07-26T12:00;48;EUR;MWh;NO;NO;;10;10;10;-1;DOWN
2025-07-26T12:00;2025-07-26T12:15;49;EUR;MWh;NO;NO;;10;10;10;-1;DOWN
2025-07-26T12:15;2025-07-26T12:30;50;EUR;MWh;NO;NO;;-18.5;-18.5;-18.5;-1;DOWN
2025-07-26T12:30;2025-07-26T12:45;51;EUR;MWh;NO;NO;;66.26;66.26;66.26;-1;DOWN
2025-07-26T12:45;2025-07-26T13:00;52;EUR;MWh;NO;NO;;-30;-30;-30;-1;DOWN
2025-07-26T13:00;2025-07-26T13:15;53;EUR;MWh;NO;NO;78.46;54.73;78.46;54.73;2;UP_AND_DOWN
2025-07-26T13:15;2025-07-26T13:30;54;EUR;MWh;NO;NO;93.48;;93.48;93.48;1;UP
2025-07-26T13:30;2025-07-26T13:45;55;EUR;MWh;NO;NO;79.58;;79.58;79.58;1;UP
2025-07-26T13:45;2025-07-26T14:00;56;EUR;MWh;NO;NO;65;;65;65;1;UP
2025-07-26T14:00;2025-07-26T14:15;57;EUR;MWh;NO;NO;92.02;;92.02;92.02;1;UP
2025-07-26T14:15;2025-07-26T14:30;58;EUR;MWh;NO;NO;85.58;;85.58;85.58;1;UP
2025-07-26T14:30;2025-07-26T14:45;59;EUR;MWh;NO;NO;85.58;;64.03;64.03;0;STABLE
2025-07-26T14:45;2025-07-26T15:00;60;EUR;MWh;NO;NO;;;64.03;64.03;0;STABLE
2025-07-26T15:00;2025-07-26T15:15;61;EUR;MWh;NO;NO;;23;23;23;-1;DOWN
2025-07-26T15:15;2025-07-26T15:30;62;EUR;MWh;NO;NO;;50.65;50.65;50.65;-1;DOWN
2025-07-26T15:30;2025-07-26T15:45;63;EUR;MWh;NO;NO;96.9;65;96.9;65;2;UP_AND_DOWN
2025-07-26T15:45;2025-07-26T16:00;64;EUR;MWh;NO;NO;189.65;;189.65;189.65;1;UP
2025-07-26T16:00;2025-07-26T16:15;65;EUR;MWh;NO;NO;186;;186;186;1;UP
2025-07-26T16:15;2025-07-26T16:30;66;EUR;MWh;NO;NO;97;;97;97;1;UP
2025-07-26T16:30;2025-07-26T16:45;67;EUR;MWh;NO;NO;149.9;;149.9;149.9;1;UP
2025-07-26T16:45;2025-07-26T17:00;68;EUR;MWh;NO;NO;140;;140;140;1;UP
2025-07-26T17:00;2025-07-26T17:15;69;EUR;MWh;NO;NO;110;;110;110;1;UP
2025-07-26T17:15;2025-07-26T17:30;70;EUR;MWh;NO;NO;110.24;;110.24;110.24;1;UP
2025-07-26T17:30;2025-07-26T17:45;71;EUR;MWh;NO;NO;104.2;76.11;104.2;67.78;2;UP_AND_DOWN
2025-07-26T17:45;2025-07-26T18:00;72;EUR;MWh;NO;NO;;44;44;44;-1;DOWN
2025-07-26T18:00;2025-07-26T18:15;73;EUR;MWh;NO;NO;78.56;55.61;78.56;55.61;2;UP_AND_DOWN
2025-07-26T18:15;2025-07-26T18:30;74;EUR;MWh;NO;NO;96.9;50.65;96.9;50.65;2;UP_AND_DOWN
2025-07-26T18:30;2025-07-26T18:45;75;EUR;MWh;NO;NO;88.02;66;88.02;66;2;UP_AND_DOWN
2025-07-26T18:45;2025-07-26T19:00;76;EUR;MWh;NO;NO;74.48;71.62;74.48;67.34;2;UP_AND_DOWN
2025-07-26T19:00;2025-07-26T19:15;77;EUR;MWh;NO;NO;78.56;-115.5;-115.5;-115.5;-1;DOWN
2025-07-26T19:15;2025-07-26T19:30;78;EUR;MWh;NO;NO;91.86;71.62;91.86;63;2;UP_AND_DOWN
2025-07-26T19:30;2025-07-26T19:45;79;EUR;MWh;NO;NO;78.56;68.63;78.56;63;2;UP_AND_DOWN
2025-07-26T19:45;2025-07-26T20:00;80;EUR;MWh;NO;NO;96;74.62;96;63;2;UP_AND_DOWN
2025-07-26T20:00;2025-07-26T20:15;81;EUR;MWh;NO;NO;105;;105;105;1;UP
2025-07-26T20:15;2025-07-26T20:30;82;EUR;MWh;NO;NO;105;;105;105;1;UP
2025-07-26T20:30;2025-07-26T20:45;83;EUR;MWh;NO;NO;97;;97;97;1;UP
2025-07-26T20:45;2025-07-26T21:00;84;EUR;MWh;NO;NO;88.56;;88.56;88.56;1;UP
2025-07-26T21:00;2025-07-26T21:15;85;EUR;MWh;NO;NO;106;;106;106;1;UP
2025-07-26T21:15;2025-07-26T21:30;86;EUR;MWh;NO;NO;92.36;;92.36;92.36;1;UP
2025-07-26T21:30;2025-07-26T21:45;87;EUR;MWh;NO;NO;88.56;;88.56;88.56;1;UP
2025-07-26T21:45;2025-07-26T22:00;88;EUR;MWh;NO;NO;88.03;83;88.03;88.03;1;UP
2025-07-26T22:00;2025-07-26T22:15;89;EUR;MWh;NO;NO;91.82;76.12;91.82;63;2;UP_AND_DOWN
2025-07-26T22:15;2025-07-26T22:30;90;EUR;MWh;NO;NO;58.56;71.62;63;63;2;UP_AND_DOWN
2025-07-26T22:30;2025-07-26T22:45;91;EUR;MWh;NO;NO;;65.99;65.99;65.99;-1;DOWN
2025-07-26T22:45;2025-07-26T23:00;92;EUR;MWh;NO;NO;;66.59;66.59;66.59;-1;DOWN
2025-07-26T23:00;2025-07-26T23:15;93;EUR;MWh;NO;NO;;64.9;64.9;64.9;-1;DOWN
2025-07-26T23:15;2025-07-26T23:30;94;EUR;MWh;NO;NO;108.3;74.62;108.3;63;2;UP_AND_DOWN
2025-07-26T23:30;2025-07-26T23:45;95;EUR;MWh;NO;NO;78.56;74.72;78.56;63;2;UP_AND_DOWN
2025-07-26T23:45;2025-07-27T00:00;96;EUR;MWh;NO;NO;;71;71;71;-1;DOWN
2025-07-27T00:00;2025-07-27T00:15;1;EUR;MWh;NO;NO;;75.91;75.91;75.91;-1;DOWN
2025-07-27T00:15;2025-07-27T00:30;2;EUR;MWh;NO;NO;80.47;72.65;80.47;63;2;UP_AND_DOWN
2025-07-27T00:30;2025-07-27T00:45;3;EUR;MWh;NO;NO;99;69;99;63;2;UP_AND_DOWN
2025-07-27T00:45;2025-07-27T01:00;4;EUR;MWh;NO;NO;100;63.97;100;63;2;UP_AND_DOWN
2025-07-27T01:00;2025-07-27T01:15;5;EUR;MWh;NO;NO;;62.81;62.81;62.81;-1;DOWN
2025-07-27T01:15;2025-07-27T01:30;6;EUR;MWh;NO;NO;;64.61;64.61;64.61;-1;DOWN
2025-07-27T01:30;2025-07-27T01:45;7;EUR;MWh;NO;NO;;66.61;66.61;66.61;-1;DOWN
2025-07-27T01:45;2025-07-27T02:00;8;EUR;MWh;NO;NO;;59.57;59.57;59.57;-1;DOWN
2025-07-27T02:00;2025-07-27T02:15;9;EUR;MWh;NO;NO;97;66.16;97;63;2;UP_AND_DOWN
2025-07-27T02:15;2025-07-27T02:30;10;EUR;MWh;NO;NO;78.56;66.31;78.56;63;2;UP_AND_DOWN
2025-07-27T02:30;2025-07-27T02:45;11;EUR;MWh;NO;NO;;59.57;59.57;59.57;-1;DOWN
2025-07-27T02:45;2025-07-27T03:00;12;EUR;MWh;NO;NO;78.56;57.69;78.56;57.69;2;UP_AND_DOWN
2025-07-27T03:00;2025-07-27T03:15;13;EUR;MWh;NO;NO;107;57.69;107;107;1;UP
2025-07-27T03:15;2025-07-27T03:30;14;EUR;MWh;NO;NO;93.66;;93.66;93.66;1;UP
2025-07-27T03:30;2025-07-27T03:45;15;EUR;MWh;NO;NO;97;;97;97;1;UP
2025-07-27T03:45;2025-07-27T04:00;16;EUR;MWh;NO;NO;78.56;;78.56;78.56;1;UP
2025-07-27T04:00;2025-07-27T04:15;17;EUR;MWh;NO;NO;78.56;;78.56;78.56;1;UP
2025-07-27T04:15;2025-07-27T04:30;18;EUR;MWh;NO;NO;68.56;76.01;68.56;68.56;1;UP
2025-07-27T04:30;2025-07-27T04:45;19;EUR;MWh;NO;NO;78.56;71.3;71.3;71.3;-1;DOWN
2025-07-27T04:45;2025-07-27T05:00;20;EUR;MWh;NO;NO;;71.4;71.4;71.4;-1;DOWN
2025-07-27T05:00;2025-07-27T05:15;21;EUR;MWh;NO;NO;108;71;108;67.29;2;UP_AND_DOWN
2025-07-27T05:15;2025-07-27T05:30;22;EUR;MWh;NO;NO;107.9;;107.9;107.9;1;UP
2025-07-27T05:30;2025-07-27T05:45;23;EUR;MWh;NO;NO;92.55;;92.55;92.55;1;UP
2025-07-27T05:45;2025-07-27T06:00;24;EUR;MWh;NO;NO;58.56;67;68.04;67;2;UP_AND_DOWN
2025-07-27T06:00;2025-07-27T06:15;25;EUR;MWh;NO;NO;97;71;97;97;1;UP
2025-07-27T06:15;2025-07-27T06:30;26;EUR;MWh;NO;NO;79.55;70.15;79.55;67.1;2;UP_AND_DOWN
2025-07-27T06:30;2025-07-27T06:45;27;EUR;MWh;NO;NO;;51.21;51.21;51.21;-1;DOWN
2025-07-27T06:45;2025-07-27T07:00;28;EUR;MWh;NO;NO;;54.75;54.75;54.75;-1;DOWN
2025-07-27T07:00;2025-07-27T07:15;29;EUR;MWh;NO;NO;;65.74;65.74;65.74;-1;DOWN
2025-07-27T07:15;2025-07-27T07:30;30;EUR;MWh;NO;NO;;51.34;51.34;51.34;-1;DOWN
2025-07-27T07:30;2025-07-27T07:45;31;EUR;MWh;NO;NO;;49;49;49;-1;DOWN
2025-07-27T07:45;2025-07-27T08:00;32;EUR;MWh;NO;NO;;49;49;49;-1;DOWN
2025-07-27T08:00;2025-07-27T08:15;33;EUR;MWh;NO;NO;;10;10;10;-1;DOWN
2025-07-27T08:15;2025-07-27T08:30;34;EUR;MWh;NO;NO;;10;10;10;-1;DOWN
2025-07-27T08:30;2025-07-27T08:45;35;EUR;MWh;NO;NO;;-30;-30;-30;-1;DOWN
2025-07-27T08:45;2025-07-27T09:00;36;EUR;MWh;NO;NO;;10;10;10;-1;DOWN
2025-07-27T09:00;2025-07-27T09:15;37;EUR;MWh;NO;NO;;21;21;21;-1;DOWN
2025-07-27T09:15;2025-07-27T09:30;38;EUR;MWh;NO;NO;;33;33;33;-1;DOWN
2025-07-27T09:30;2025-07-27T09:45;39;EUR;MWh;NO;NO;;10;10;10;-1;DOWN
2025-07-27T09:45;2025-07-27T10:00;40;EUR;MWh;NO;NO;;9.43;9.43;9.43;-1;DOWN
2025-07-27T10:00;2025-07-27T10:15;41;EUR;MWh;NO;NO;;-30;-30;-30;-1;DOWN
2025-07-27T10:15;2025-07-27T10:30;42;EUR;MWh;NO;NO;58.56;-30;-30;-30;-1;DOWN
2025-07-27T10:30;2025-07-27T10:45;43;EUR;MWh;NO;NO;;-30.1;-30.1;-30.1;-1;DOWN
2025-07-27T10:45;2025-07-27T11:00;44;EUR;MWh;NO;NO;;-28.95;-28.95;-28.95;-1;DOWN
2025-07-27T11:00;2025-07-27T11:15;45;EUR;MWh;NO;NO;;-3.02;-3.02;-3.02;-1;DOWN
2025-07-27T11:15;2025-07-27T11:30;46;EUR;MWh;NO;NO;;-7;-7;-7;-1;DOWN
2025-07-27T11:30;2025-07-27T11:45;47;EUR;MWh;NO;NO;;-30;-30;-30;-1;DOWN
2025-07-27T11:45;2025-07-27T12:00;48;EUR;MWh;NO;NO;;-30;-30;-30;-1;DOWN
2025-07-27T12:00;2025-07-27T12:15;49;EUR;MWh;NO;NO;;-18.5;-18.5;-18.5;-1;DOWN
2025-07-27T12:15;2025-07-27T12:30;50;EUR;MWh;NO;NO;;10;10;10;-1;DOWN
2025-07-27T12:30;2025-07-27T12:45;51;EUR;MWh;NO;NO;;10;10;10;-1;DOWN
2025-07-27T12:45;2025-07-27T13:00;52;EUR;MWh;NO;NO;;10;10;10;-1;DOWN
2025-07-27T13:00;2025-07-27T13:15;53;EUR;MWh;NO;NO;78.56;50.71;78.56;50.71;2;UP_AND_DOWN
2025-07-27T13:15;2025-07-27T13:30;54;EUR;MWh;NO;NO;78.99;;78.99;78.99;1;UP
2025-07-27T13:30;2025-07-27T13:45;55;EUR;MWh;NO;NO;;-18.5;-18.5;-18.5;-1;DOWN
2025-07-27T13:45;2025-07-27T14:00;56;EUR;MWh;NO;NO;;-9.9;-9.9;-9.9;-1;DOWN
2025-07-27T14:00;2025-07-27T14:15;57;EUR;MWh;NO;NO;78.56;9.43;78.56;9.43;2;UP_AND_DOWN
2025-07-27T14:15;2025-07-27T14:30;58;EUR;MWh;NO;NO;;10;10;10;-1;DOWN
2025-07-27T14:30;2025-07-27T14:45;59;EUR;MWh;NO;NO;;66.64;66.64;66.64;-1;DOWN
2025-07-27T14:45;2025-07-27T15:00;60;EUR;MWh;NO;NO;;10;10;10;-1;DOWN
2025-07-27T15:00;2025-07-27T15:15;61;EUR;MWh;NO;NO;66;59.57;59.57;59.57;-1;DOWN
2025-07-27T15:15;2025-07-27T15:30;62;EUR;MWh;NO;NO;;;57.42;57.42;0;STABLE
2025-07-27T15:30;2025-07-27T15:45;63;EUR;MWh;NO;NO;78.56;70.83;78.56;78.56;1;UP
2025-07-27T15:45;2025-07-27T16:00;64;EUR;MWh;NO;NO;88;;88;88;1;UP
2025-07-27T16:00;2025-07-27T16:15;65;EUR;MWh;NO;NO;66;;66;66;1;UP
2025-07-27T16:15;2025-07-27T16:30;66;EUR;MWh;NO;NO;140.4;;140.4;140.4;1;UP
2025-07-27T16:30;2025-07-27T16:45;67;EUR;MWh;NO;NO;144;;144;144;1;UP
2025-07-27T16:45;2025-07-27T17:00;68;EUR;MWh;NO;NO;105;;105;105;1;UP
2025-07-27T17:00;2025-07-27T17:15;69;EUR;MWh;NO;NO;107.2;;107.2;107.2;1;UP
2025-07-27T17:15;2025-07-27T17:30;70;EUR;MWh;NO;NO;115.2;;115.2;115.2;1;UP
2025-07-27T17:30;2025-07-27T17:45;71;EUR;MWh;NO;NO;115.2;;115.2;115.2;1;UP
2025-07-27T17:45;2025-07-27T18:00;72;EUR;MWh;NO;NO;115.1;;115.1;115.1;1;UP
2025-07-27T18:00;2025-07-27T18:15;73;EUR;MWh;NO;NO;78.56;65;78.56;78.56;1;UP
2025-07-27T18:15;2025-07-27T18:30;74;EUR;MWh;NO;NO;74.47;70;74.47;74.47;1;UP
2025-07-27T18:30;2025-07-27T18:45;75;EUR;MWh;NO;NO;115.9;;115.9;115.9;1;UP
2025-07-27T18:45;2025-07-27T19:00;76;EUR;MWh;NO;NO;107.6;;107.6;107.6;1;UP
2025-07-27T19:00;2025-07-27T19:15;77;EUR;MWh;NO;NO;107.9;;107.9;107.9;1;UP
2025-07-27T19:15;2025-07-27T19:30;78;EUR;MWh;NO;NO;114.7;;114.7;114.7;1;UP
2025-07-27T19:30;2025-07-27T19:45;79;EUR;MWh;NO;NO;144;;144;144;1;UP
2025-07-27T19:45;2025-07-27T20:00;80;EUR;MWh;NO;NO;133.7;;133.7;133.7;1;UP
2025-07-27T20:00;2025-07-27T20:15;81;EUR;MWh;NO;NO;93.25;96.62;93.25;93.25;1;UP
2025-07-27T20:15;2025-07-27T20:30;82;EUR;MWh;NO;NO;107.5;;107.5;107.5;1;UP
2025-07-27T20:30;2025-07-27T20:45;83;EUR;MWh;NO;NO;107.8;;107.8;107.8;1;UP
2025-07-27T20:45;2025-07-27T21:00;84;EUR;MWh;NO;NO;108.1;;108.1;108.1;1;UP
2025-07-27T21:00;2025-07-27T21:15;85;EUR;MWh;NO;NO;76.47;;76.47;76.47;1;UP
2025-07-27T21:15;2025-07-27T21:30;86;EUR;MWh;NO;NO;43;76.12;43;43;1;UP
2025-07-27T21:30;2025-07-27T21:45;87;EUR;MWh;NO;NO;88.56;;88.56;88.56;1;UP
2025-07-27T21:45;2025-07-27T22:00;88;EUR;MWh;NO;NO;82.47;66.79;82.47;63.69;2;UP_AND_DOWN
2025-07-27T22:00;2025-07-27T22:15;89;EUR;MWh;NO;NO;;55;55;55;-1;DOWN
2025-07-27T22:15;2025-07-27T22:30;90;EUR;MWh;NO;NO;;46.09;46.09;46.09;-1;DOWN
2025-07-27T22:30;2025-07-27T22:45;91;EUR;MWh;NO;NO;;39.91;39.91;39.91;-1;DOWN
2025-07-27T22:45;2025-07-27T23:00;92;EUR;MWh;NO;NO;84.55;64.81;84.55;63;2;UP_AND_DOWN
2025-07-27T23:00;2025-07-27T23:15;93;EUR;MWh;NO;NO;108.4;69.41;108.4;63;2;UP_AND_DOWN
2025-07-27T23:15;2025-07-27T23:30;94;EUR;MWh;NO;NO;91.12;56;91.12;56;2;UP_AND_DOWN
2025-07-27T23:30;2025-07-27T23:45;95;EUR;MWh;NO;NO;78.56;53.41;53.41;53.41;-1;DOWN
2025-07-27T23:45;2025-07-28T00:00;96;EUR;MWh;NO;NO;;43;43;43;-1;DOWN
2025-07-28T00:00;2025-07-28T00:15;1;EUR;MWh;NO;NO;88.56;36.06;88.56;36.06;2;UP_AND_DOWN
2025-07-28T00:15;2025-07-28T00:30;2;EUR;MWh;NO;NO;103;67.63;103;63;2;UP_AND_DOWN
2025-07-28T00:30;2025-07-28T00:45;3;EUR;MWh;NO;NO;;67.19;67.19;67.19;-1;DOWN
2025-07-28T00:45;2025-07-28T01:00;4;EUR;MWh;NO;NO;78.38;77;78.38;78.38;1;UP
2025-07-28T01:00;2025-07-28T01:15;5;EUR;MWh;NO;NO;108.1;77;108.1;67.78;2;UP_AND_DOWN
2025-07-28T01:15;2025-07-28T01:30;6;EUR;MWh;NO;NO;107.8;75;107.8;67.78;2;UP_AND_DOWN
2025-07-28T01:30;2025-07-28T01:45;7;EUR;MWh;NO;NO;107.8;47;47;47;-1;DOWN
2025-07-28T01:45;2025-07-28T02:00;8;EUR;MWh;NO;NO;;38.63;38.63;38.63;-1;DOWN
2025-07-28T02:00;2025-07-28T02:15;9;EUR;MWh;NO;NO;;53;53;53;-1;DOWN
2025-07-28T02:15;2025-07-28T02:30;10;EUR;MWh;NO;NO;;44.84;44.84;44.84;-1;DOWN
2025-07-28T02:30;2025-07-28T02:45;11;EUR;MWh;NO;NO;;22.58;22.58;22.58;-1;DOWN
2025-07-28T02:45;2025-07-28T03:00;12;EUR;MWh;NO;NO;;10;10;10;-1;DOWN
2025-07-28T03:00;2025-07-28T03:15;13;EUR;MWh;NO;NO;;40.98;40.98;40.98;-1;DOWN
2025-07-28T03:15;2025-07-28T03:30;14;EUR;MWh;NO;NO;;44.84;44.84;44.84;-1;DOWN
2025-07-28T03:30;2025-07-28T03:45;15;EUR;MWh;NO;NO;;50.81;50.81;50.81;-1;DOWN
2025-07-28T03:45;2025-07-28T04:00;16;EUR;MWh;NO;NO;;49.57;49.57;49.57;-1;DOWN
2025-07-28T04:00;2025-07-28T04:15;17;EUR;MWh;NO;NO;;56.49;56.49;56.49;-1;DOWN
2025-07-28T04:15;2025-07-28T04:30;18;EUR;MWh;NO;NO;;53.84;53.84;53.84;-1;DOWN
2025-07-28T04:30;2025-07-28T04:45;19;EUR;MWh;NO;NO;;53.84;53.84;53.84;-1;DOWN
2025-07-28T04:45;2025-07-28T05:00;20;EUR;MWh;NO;NO;;50.81;50.81;50.81;-1;DOWN
2025-07-28T05:00;2025-07-28T05:15;21;EUR;MWh;NO;NO;;29.98;29.98;29.98;-1;DOWN
2025-07-28T05:15;2025-07-28T05:30;22;EUR;MWh;NO;NO;;45;45;45;-1;DOWN
2025-07-28T05:30;2025-07-28T05:45;23;EUR;MWh;NO;NO;;50.49;50.49;50.49;-1;DOWN
2025-07-28T05:45;2025-07-28T06:00;24;EUR;MWh;NO;NO;;16.85;16.85;16.85;-1;DOWN
2025-07-28T06:00;2025-07-28T06:15;25;EUR;MWh;NO;NO;108;4.57;108;4.57;2;UP_AND_DOWN
2025-07-28T06:15;2025-07-28T06:30;26;EUR;MWh;NO;NO;108.1;69.28;69.28;69.28;-1;DOWN
2025-07-28T06:30;2025-07-28T06:45;27;EUR;MWh;NO;NO;;60.1;60.1;60.1;-1;DOWN
2025-07-28T06:45;2025-07-28T07:00;28;EUR;MWh;NO;NO;;76.38;76.38;76.38;-1;DOWN
2025-07-28T07:00;2025-07-28T07:15;29;EUR;MWh;NO;NO;;75;75;75;-1;DOWN
2025-07-28T07:15;2025-07-28T07:30;30;EUR;MWh;NO;NO;88.46;76.63;88.46;63;2;UP_AND_DOWN
2025-07-28T07:30;2025-07-28T07:45;31;EUR;MWh;NO;NO;94.7;;94.7;94.7;1;UP
2025-07-28T07:45;2025-07-28T08:00;32;EUR;MWh;NO;NO;88.46;;88.46;88.46;1;UP
2025-07-28T08:00;2025-07-28T08:15;33;EUR;MWh;NO;NO;95.46;;95.46;95.46;1;UP
2025-07-28T08:15;2025-07-28T08:30;34;EUR;MWh;NO;NO;95.46;;95.46;95.46;1;UP
2025-07-28T08:30;2025-07-28T08:45;35;EUR;MWh;NO;NO;95.56;60;95.56;60;2;UP_AND_DOWN
2025-07-28T08:45;2025-07-28T09:00;36;EUR;MWh;NO;NO;92;45;92;45;2;UP_AND_DOWN
2025-07-28T09:00;2025-07-28T09:15;37;EUR;MWh;NO;NO;92;61.12;92;59.82;2;UP_AND_DOWN
2025-07-28T09:15;2025-07-28T09:30;38;EUR;MWh;NO;NO;108.1;34;108.1;34;2;UP_AND_DOWN
2025-07-28T09:30;2025-07-28T09:45;39;EUR;MWh;NO;NO;78.56;22.78;78.56;22.78;2;UP_AND_DOWN
2025-07-28T09:45;2025-07-28T10:00;40;EUR;MWh;NO;NO;;22.78;22.78;22.78;-1;DOWN
2025-07-28T10:00;2025-07-28T10:15;41;EUR;MWh;NO;NO;96.42;-51.71;96.42;-51.71;2;UP_AND_DOWN
2025-07-28T10:15;2025-07-28T10:30;42;EUR;MWh;NO;NO;;-18.5;-18.5;-18.5;-1;DOWN
2025-07-28T10:30;2025-07-28T10:45;43;EUR;MWh;NO;NO;;-14.66;-14.66;-14.66;-1;DOWN
2025-07-28T10:45;2025-07-28T11:00;44;EUR;MWh;NO;NO;;22;22;22;-1;DOWN
2025-07-28T11:00;2025-07-28T11:15;45;EUR;MWh;NO;NO;91;-37.58;-37.58;-37.58;-1;DOWN
2025-07-28T11:15;2025-07-28T11:30;46;EUR;MWh;NO;NO;108.5;-7;108.5;-7;2;UP_AND_DOWN
2025-07-28T11:30;2025-07-28T11:45;47;EUR;MWh;NO;NO;85;-7;-7;-7;-1;DOWN
2025-07-28T11:45;2025-07-28T12:00;48;EUR;MWh;NO;NO;83;49.57;83;49.57;2;UP_AND_DOWN
2025-07-28T12:00;2025-07-28T12:15;49;EUR;MWh;NO;NO;82;11;82;11;2;UP_AND_DOWN
2025-07-28T12:15;2025-07-28T12:30;50;EUR;MWh;NO;NO;;10;10;10;-1;DOWN
2025-07-28T12:30;2025-07-28T12:45;51;EUR;MWh;NO;NO;;49.57;49.57;49.57;-1;DOWN
2025-07-28T12:45;2025-07-28T13:00;52;EUR;MWh;NO;NO;;-27;-27;-27;-1;DOWN
2025-07-28T13:00;2025-07-28T13:15;53;EUR;MWh;NO;NO;83;-30;-30;-30;-1;DOWN
2025-07-28T13:15;2025-07-28T13:30;54;EUR;MWh;NO;NO;83;-41;-41;-41;-1;DOWN
2025-07-28T13:30;2025-07-28T13:45;55;EUR;MWh;NO;NO;;-26;-26;-26;-1;DOWN
2025-07-28T13:45;2025-07-28T14:00;56;EUR;MWh;NO;NO;;50.71;50.71;50.71;-1;DOWN
2025-07-28T14:00;2025-07-28T14:15;57;EUR;MWh;NO;NO;;50.71;50.71;50.71;-1;DOWN
2025-07-28T14:15;2025-07-28T14:30;58;EUR;MWh;NO;NO;;-70;-70;-70;-1;DOWN
2025-07-28T14:30;2025-07-28T14:45;59;EUR;MWh;NO;NO;81;-49;81;-49;2;UP_AND_DOWN
2025-07-28T14:45;2025-07-28T15:00;60;EUR;MWh;NO;NO;;-49;-49;-49;-1;DOWN
2025-07-28T15:00;2025-07-28T15:15;61;EUR;MWh;NO;NO;;-30;-30;-30;-1;DOWN
2025-07-28T15:15;2025-07-28T15:30;62;EUR;MWh;NO;NO;;-25.84;-25.84;-25.84;-1;DOWN
2025-07-28T15:30;2025-07-28T15:45;63;EUR;MWh;NO;NO;;-12.16;-12.16;-12.16;-1;DOWN
2025-07-28T15:45;2025-07-28T16:00;64;EUR;MWh;NO;NO;;-12.16;-12.16;-12.16;-1;DOWN
2025-07-28T16:00;2025-07-28T16:15;65;EUR;MWh;NO;NO;;53;53;53;-1;DOWN
2025-07-28T16:15;2025-07-28T16:30;66;EUR;MWh;NO;NO;;-18.04;-18.04;-18.04;-1;DOWN
2025-07-28T16:30;2025-07-28T16:45;67;EUR;MWh;NO;NO;;-19.8;-19.8;-19.8;-1;DOWN
2025-07-28T16:45;2025-07-28T17:00;68;EUR;MWh;NO;NO;88.36;53;88.36;88.36;1;UP
2025-07-28T17:00;2025-07-28T17:15;69;EUR;MWh;NO;NO;88.36;51;88.36;51;2;UP_AND_DOWN
2025-07-28T17:15;2025-07-28T17:30;70;EUR;MWh;NO;NO;;-18.5;-18.5;-18.5;-1;DOWN
2025-07-28T17:30;2025-07-28T17:45;71;EUR;MWh;NO;NO;;-18.5;-18.5;-18.5;-1;DOWN
2025-07-28T17:45;2025-07-28T18:00;72;EUR;MWh;NO;NO;;1.27;1.27;1.27;-1;DOWN
2025-07-28T18:00;2025-07-28T18:15;73;EUR;MWh;NO;NO;;-41;-41;-41;-1;DOWN
2025-07-28T18:15;2025-07-28T18:30;74;EUR;MWh;NO;NO;;10;10;10;-1;DOWN
2025-07-28T18:30;2025-07-28T18:45;75;EUR;MWh;NO;NO;;8.57;8.57;8.57;-1;DOWN
2025-07-28T18:45;2025-07-28T19:00;76;EUR;MWh;NO;NO;;55.81;55.81;55.81;-1;DOWN
2025-07-28T19:00;2025-07-28T19:15;77;EUR;MWh;NO;NO;;-30;-30;-30;-1;DOWN
2025-07-28T19:15;2025-07-28T19:30;78;EUR;MWh;NO;NO;97.1;23.82;97.1;23.82;2;UP_AND_DOWN
2025-07-28T19:30;2025-07-28T19:45;79;EUR;MWh;NO;NO;102.07;;102.07;102.07;1;UP
2025-07-28T19:45;2025-07-28T20:00;80;EUR;MWh;NO;NO;102.07;;63;63;0;STABLE
2025-07-28T20:00;2025-07-28T20:15;81;EUR;MWh;NO;NO;;10;10;10;-1;DOWN
2025-07-28T20:15;2025-07-28T20:30;82;EUR;MWh;NO;NO;;66.59;66.59;66.59;-1;DOWN
2025-07-28T20:30;2025-07-28T20:45;83;EUR;MWh;NO;NO;;77;77;77;-1;DOWN
2025-07-28T20:45;2025-07-28T21:00;84;EUR;MWh;NO;NO;78.36;83;63;63;0;STABLE
2025-07-28T21:00;2025-07-28T21:15;85;EUR;MWh;NO;NO;43;50.24;50.24;50.24;-1;DOWN
2025-07-28T21:15;2025-07-28T21:30;86;EUR;MWh;NO;NO;43;50.49;50.49;50.49;-1;DOWN
2025-07-28T21:30;2025-07-28T21:45;87;EUR;MWh;NO;NO;43;77;77;77;-1;DOWN
2025-07-28T21:45;2025-07-28T22:00;88;EUR;MWh;NO;NO;;50.49;50.49;50.49;-1;DOWN
2025-07-28T22:00;2025-07-28T22:15;89;EUR;MWh;NO;NO;108.1;50.49;108.1;50.49;2;UP_AND_DOWN
2025-07-28T22:15;2025-07-28T22:30;90;EUR;MWh;NO;NO;78.46;70.08;78.46;63;2;UP_AND_DOWN
2025-07-28T22:30;2025-07-28T22:45;91;EUR;MWh;NO;NO;;43.67;43.67;43.67;-1;DOWN
2025-07-28T22:45;2025-07-28T23:00;92;EUR;MWh;NO;NO;;5.48;5.48;5.48;-1;DOWN
2025-07-28T23:00;2025-07-28T23:15;93;EUR;MWh;NO;NO;;-2.52;-2.52;-2.52;-1;DOWN
2025-07-28T23:15;2025-07-28T23:30;94;EUR;MWh;NO;NO;;10;10;10;-1;DOWN
2025-07-28T23:30;2025-07-28T23:45;95;EUR;MWh;NO;NO;;10;10;10;-1;DOWN
2025-07-28T23:45;2025-07-29T00:00;96;EUR;MWh;NO;NO;;22.48;22.48;22.48;-1;DOWN
2025-07-29T00:00;2025-07-29T00:15;1;EUR;MWh;NO;NO;;-2.42;-2.42;-2.42;-1;DOWN
2025-07-29T00:15;2025-07-29T00:30;2;EUR;MWh;NO;NO;;20;20;20;-1;DOWN
2025-07-29T00:30;2025-07-29T00:45;3;EUR;MWh;NO;NO;;32.98;32.98;32.98;-1;DOWN
2025-07-29T00:45;2025-07-29T01:00;4;EUR;MWh;NO;NO;;36.98;36.98;36.98;-1;DOWN
2025-07-29T01:00;2025-07-29T01:15;5;EUR;MWh;NO;NO;;42.59;42.59;42.59;-1;DOWN
2025-07-29T01:15;2025-07-29T01:30;6;EUR;MWh;NO;NO;58.56;56.97;56.97;56.97;-1;DOWN
2025-07-29T01:30;2025-07-29T01:45;7;EUR;MWh;NO;NO;85;66.59;85;63;2;UP_AND_DOWN
2025-07-29T01:45;2025-07-29T02:00;8;EUR;MWh;NO;NO;;75.49;63;63;0;STABLE
2025-07-29T02:00;2025-07-29T02:15;9;EUR;MWh;NO;NO;78.36;70.6;78.36;63;2;UP_AND_DOWN
2025-07-29T02:15;2025-07-29T02:30;10;EUR;MWh;NO;NO;85;;85;85;1;UP
2025-07-29T02:30;2025-07-29T02:45;11;EUR;MWh;NO;NO;96.16;;96.16;96.16;1;UP
2025-07-29T02:45;2025-07-29T03:00;12;EUR;MWh;NO;NO;96.16;;96.16;96.16;1;UP
2025-07-29T03:00;2025-07-29T03:15;13;EUR;MWh;NO;NO;100;;100;100;1;UP
2025-07-29T03:15;2025-07-29T03:30;14;EUR;MWh;NO;NO;78.56;63.89;78.56;63;2;UP_AND_DOWN
2025-07-29T03:30;2025-07-29T03:45;15;EUR;MWh;NO;NO;;63.79;63.79;63.79;-1;DOWN
2025-07-29T03:45;2025-07-29T04:00;16;EUR;MWh;NO;NO;;63.49;63.49;63.49;-1;DOWN
2025-07-29T04:00;2025-07-29T04:15;17;EUR;MWh;NO;NO;86.16;67.07;86.16;63;2;UP_AND_DOWN
2025-07-29T04:15;2025-07-29T04:30;18;EUR;MWh;NO;NO;81.16;;81.16;81.16;1;UP
2025-07-29T04:30;2025-07-29T04:45;19;EUR;MWh;NO;NO;104.1;;104.1;104.1;1;UP
2025-07-29T04:45;2025-07-29T05:00;20;EUR;MWh;NO;NO;103.6;;103.6;103.6;1;UP
2025-07-29T05:00;2025-07-29T05:15;21;EUR;MWh;NO;NO;68.56;64.98;70.78;64.98;2;UP_AND_DOWN
2025-07-29T05:15;2025-07-29T05:30;22;EUR;MWh;NO;NO;;63.08;63.08;63.08;-1;DOWN
2025-07-29T05:30;2025-07-29T05:45;23;EUR;MWh;NO;NO;;70;70;70;-1;DOWN
2025-07-29T05:45;2025-07-29T06:00;24;EUR;MWh;NO;NO;83.16;;83.16;83.16;1;UP
2025-07-29T06:00;2025-07-29T06:15;25;EUR;MWh;NO;NO;109.2;66.87;109.2;63;2;UP_AND_DOWN
2025-07-29T06:15;2025-07-29T06:30;26;EUR;MWh;NO;NO;109.2;;109.2;109.2;1;UP
2025-07-29T06:30;2025-07-29T06:45;27;EUR;MWh;NO;NO;97;52.36;97;52.36;2;UP_AND_DOWN
2025-07-29T06:45;2025-07-29T07:00;28;EUR;MWh;NO;NO;109.3;;109.3;109.3;1;UP
2025-07-29T07:00;2025-07-29T07:15;29;EUR;MWh;NO;NO;110;73;110;110;1;UP
2025-07-29T07:15;2025-07-29T07:30;30;EUR;MWh;NO;NO;119.2;;119.2;119.2;1;UP
2025-07-29T07:30;2025-07-29T07:45;31;EUR;MWh;NO;NO;97;73;97;97;1;UP
2025-07-29T07:45;2025-07-29T08:00;32;EUR;MWh;NO;NO;58.56;70;70;70;-1;DOWN
2025-07-29T08:00;2025-07-29T08:15;33;EUR;MWh;NO;NO;68.56;64.98;64.98;64.98;-1;DOWN
2025-07-29T08:15;2025-07-29T08:30;34;EUR;MWh;NO;NO;78.56;22.28;22.28;22.28;-1;DOWN
2025-07-29T08:30;2025-07-29T08:45;35;EUR;MWh;NO;NO;;22.28;22.28;22.28;-1;DOWN
2025-07-29T08:45;2025-07-29T09:00;36;EUR;MWh;NO;NO;58.56;31.93;31.93;31.93;-1;DOWN
2025-07-29T09:00;2025-07-29T09:15;37;EUR;MWh;NO;NO;68.46;-30;-30;-30;-1;DOWN
2025-07-29T09:15;2025-07-29T09:30;38;EUR;MWh;NO;NO;;-29.9;-29.9;-29.9;-1;DOWN
2025-07-29T09:30;2025-07-29T09:45;39;EUR;MWh;NO;NO;100;4.67;100;4.67;2;UP_AND_DOWN
2025-07-29T09:45;2025-07-29T10:00;40;EUR;MWh;NO;NO;;10;10;10;-1;DOWN
2025-07-29T10:00;2025-07-29T10:15;41;EUR;MWh;NO;NO;121.1;28;121.1;28;2;UP_AND_DOWN
2025-07-29T10:15;2025-07-29T10:30;42;EUR;MWh;NO;NO;109.2;-30;109.2;-30;2;UP_AND_DOWN
2025-07-29T10:30;2025-07-29T10:45;43;EUR;MWh;NO;NO;38.03;-29.9;-29.9;-29.9;-1;DOWN
2025-07-29T10:45;2025-07-29T11:00;44;EUR;MWh;NO;NO;;-30;-30;-30;-1;DOWN
2025-07-29T11:00;2025-07-29T11:15;45;EUR;MWh;NO;NO;;-30;-30;-30;-1;DOWN
2025-07-29T11:15;2025-07-29T11:30;46;EUR;MWh;NO;NO;60;-5.4;60;-5.4;2;UP_AND_DOWN
2025-07-29T11:30;2025-07-29T11:45;47;EUR;MWh;NO;NO;58.56;69;69;69;-1;DOWN
2025-07-29T11:45;2025-07-29T12:00;48;EUR;MWh;NO;NO;58.56;69;58.56;49.5;2;UP_AND_DOWN
2025-07-29T12:00;2025-07-29T12:15;49;EUR;MWh;NO;NO;58.56;-24.41;58.56;-24.41;2;UP_AND_DOWN
2025-07-29T12:15;2025-07-29T12:30;50;EUR;MWh;NO;NO;30;-49;-49;-49;-1;DOWN
2025-07-29T12:30;2025-07-29T12:45;51;EUR;MWh;NO;NO;;-30;-30;-30;-1;DOWN
2025-07-29T12:45;2025-07-29T13:00;52;EUR;MWh;NO;NO;;-30;-30;-30;-1;DOWN
2025-07-29T13:00;2025-07-29T13:15;53;EUR;MWh;NO;NO;69;49.57;69;69;1;UP
2025-07-29T13:15;2025-07-29T13:30;54;EUR;MWh;NO;NO;;49.57;42.22;42.22;0;STABLE
2025-07-29T13:30;2025-07-29T13:45;55;EUR;MWh;NO;NO;;-30;-30;-30;-1;DOWN
2025-07-29T13:45;2025-07-29T14:00;56;EUR;MWh;NO;NO;;-30;-30;-30;-1;DOWN
2025-07-29T14:00;2025-07-29T14:15;57;EUR;MWh;NO;NO;65;-30;65;-30;2;UP_AND_DOWN
2025-07-29T14:15;2025-07-29T14:30;58;EUR;MWh;NO;NO;68.56;-49;68.56;-49;2;UP_AND_DOWN
2025-07-29T14:30;2025-07-29T14:45;59;EUR;MWh;NO;NO;;-30;-30;-30;-1;DOWN
2025-07-29T14:45;2025-07-29T15:00;60;EUR;MWh;NO;NO;;-30;-30;-30;-1;DOWN
2025-07-29T15:00;2025-07-29T15:15;61;EUR;MWh;NO;NO;;-30;-30;-30;-1;DOWN
2025-07-29T15:15;2025-07-29T15:30;62;EUR;MWh;NO;NO;55;-41;-41;-41;-1;DOWN
2025-07-29T15:30;2025-07-29T15:45;63;EUR;MWh;NO;NO;;-49;-49;-49;-1;DOWN
2025-07-29T15:45;2025-07-29T16:00;64;EUR;MWh;NO;NO;;-30;-30;-30;-1;DOWN
2025-07-29T16:00;2025-07-29T16:15;65;EUR;MWh;NO;NO;;-18.5;-18.5;-18.5;-1;DOWN
2025-07-29T16:15;2025-07-29T16:30;66;EUR;MWh;NO;NO;68.56;-30;68.56;-30;2;UP_AND_DOWN
2025-07-29T16:30;2025-07-29T16:45;67;EUR;MWh;NO;NO;;-30;-30;-30;-1;DOWN
2025-07-29T16:45;2025-07-29T17:00;68;EUR;MWh;NO;NO;;;64.44;64.44;0;STABLE
2025-07-29T17:00;2025-07-29T17:15;69;EUR;MWh;NO;NO;;-65;-65;-65;-1;DOWN
2025-07-29T17:15;2025-07-29T17:30;70;EUR;MWh;NO;NO;58.56;3;58.56;3;2;UP_AND_DOWN
2025-07-29T17:30;2025-07-29T17:45;71;EUR;MWh;NO;NO;75.52;69.97;75.52;75.52;1;UP
2025-07-29T17:45;2025-07-29T18:00;72;EUR;MWh;NO;NO;75.59;76.1;75.59;75.59;1;UP
2025-07-29T18:00;2025-07-29T18:15;73;EUR;MWh;NO;NO;75.69;10;10;10;-1;DOWN
2025-07-29T18:15;2025-07-29T18:30;74;EUR;MWh;NO;NO;;6.57;6.57;6.57;-1;DOWN
2025-07-29T18:30;2025-07-29T18:45;75;EUR;MWh;NO;NO;108.9;19.86;108.9;19.86;2;UP_AND_DOWN
2025-07-29T18:45;2025-07-29T19:00;76;EUR;MWh;NO;NO;109.3;41.24;109.3;31.68;2;UP_AND_DOWN
2025-07-29T19:00;2025-07-29T19:15;77;EUR;MWh;NO;NO;91.16;;91.16;91.16;1;UP
2025-07-29T19:15;2025-07-29T19:30;78;EUR;MWh;NO;NO;150;;150;150;1;UP
2025-07-29T19:30;2025-07-29T19:45;79;EUR;MWh;NO;NO;150;;150;150;1;UP
2025-07-29T19:45;2025-07-29T20:00;80;EUR;MWh;NO;NO;130.9;83;130.9;130.9;1;UP
2025-07-29T20:00;2025-07-29T20:15;81;EUR;MWh;NO;NO;86.16;63.2;86.16;63;2;UP_AND_DOWN
2025-07-29T20:15;2025-07-29T20:30;82;EUR;MWh;NO;NO;86.16;62.23;86.16;62.23;2;UP_AND_DOWN
2025-07-29T20:30;2025-07-29T20:45;83;EUR;MWh;NO;NO;97;75.2;97;63;2;UP_AND_DOWN
2025-07-29T20:45;2025-07-29T21:00;84;EUR;MWh;NO;NO;97;63.2;97;63;2;UP_AND_DOWN
2025-07-29T21:00;2025-07-29T21:15;85;EUR;MWh;NO;NO;78.56;68;68;68;-1;DOWN
2025-07-29T21:15;2025-07-29T21:30;86;EUR;MWh;NO;NO;109.2;83;109.2;63;2;UP_AND_DOWN
2025-07-29T21:30;2025-07-29T21:45;87;EUR;MWh;NO;NO;109.1;;109.1;109.1;1;UP
2025-07-29T21:45;2025-07-29T22:00;88;EUR;MWh;NO;NO;97;;97;97;1;UP
2025-07-29T22:00;2025-07-29T22:15;89;EUR;MWh;NO;NO;116.16;;116.16;116.16;1;UP
2025-07-29T22:15;2025-07-29T22:30;90;EUR;MWh;NO;NO;108.9;;108.9;108.9;1;UP
2025-07-29T22:30;2025-07-29T22:45;91;EUR;MWh;NO;NO;121.1;;121.1;121.1;1;UP
2025-07-29T22:45;2025-07-29T23:00;92;EUR;MWh;NO;NO;91.16;68;68;68;-1;DOWN
2025-07-29T23:00;2025-07-29T23:15;93;EUR;MWh;NO;NO;150;68.8;150;63;2;UP_AND_DOWN
2025-07-29T23:15;2025-07-29T23:30;94;EUR;MWh;NO;NO;149.5;;149.5;149.5;1;UP
2025-07-29T23:30;2025-07-29T23:45;95;EUR;MWh;NO;NO;109.2;;109.2;109.2;1;UP
2025-07-29T23:45;2025-07-30T00:00;96;EUR;MWh;NO;NO;68.56;71.85;71.85;71.85;-1;DOWN
2025-07-30T00:00;2025-07-30T00:15;1;EUR;MWh;NO;NO;80.44;61.73;80.44;61.73;2;UP_AND_DOWN
2025-07-30T00:15;2025-07-30T00:30;2;EUR;MWh;NO;NO;68.56;;68.56;68.56;1;UP
2025-07-30T00:30;2025-07-30T00:45;3;EUR;MWh;NO;NO;;77.31;70.78;70.78;0;STABLE
2025-07-30T00:45;2025-07-30T01:00;4;EUR;MWh;NO;NO;86.13;;86.13;86.13;1;UP
2025-07-30T01:00;2025-07-30T01:15;5;EUR;MWh;NO;NO;109.35;;109.35;109.35;1;UP
2025-07-30T01:15;2025-07-30T01:30;6;EUR;MWh;NO;NO;109.7;;109.7;109.7;1;UP
2025-07-30T01:30;2025-07-30T01:45;7;EUR;MWh;NO;NO;109.7;;109.7;109.7;1;UP
2025-07-30T01:45;2025-07-30T02:00;8;EUR;MWh;NO;NO;89.7;72.7;89.7;70.78;2;UP_AND_DOWN
2025-07-30T02:00;2025-07-30T02:15;9;EUR;MWh;NO;NO;;63.59;63.59;63.59;-1;DOWN
2025-07-30T02:15;2025-07-30T02:30;10;EUR;MWh;NO;NO;;53.95;53.95;53.95;-1;DOWN
2025-07-30T02:30;2025-07-30T02:45;11;EUR;MWh;NO;NO;;64.54;64.54;64.54;-1;DOWN
2025-07-30T02:45;2025-07-30T03:00;12;EUR;MWh;NO;NO;;49.54;49.54;49.54;-1;DOWN
2025-07-30T03:00;2025-07-30T03:15;13;EUR;MWh;NO;NO;;49.57;49.57;49.57;-1;DOWN
2025-07-30T03:15;2025-07-30T03:30;14;EUR;MWh;NO;NO;;53.95;53.95;53.95;-1;DOWN
2025-07-30T03:30;2025-07-30T03:45;15;EUR;MWh;NO;NO;;49.54;49.54;49.54;-1;DOWN
2025-07-30T03:45;2025-07-30T04:00;16;EUR;MWh;NO;NO;;44.95;44.95;44.95;-1;DOWN
2025-07-30T04:00;2025-07-30T04:15;17;EUR;MWh;NO;NO;;44.95;44.95;44.95;-1;DOWN
2025-07-30T04:15;2025-07-30T04:30;18;EUR;MWh;NO;NO;;75.32;75.32;75.32;-1;DOWN
2025-07-30T04:30;2025-07-30T04:45;19;EUR;MWh;NO;NO;;72.19;72.19;72.19;-1;DOWN
2025-07-30T04:45;2025-07-30T05:00;20;EUR;MWh;NO;NO;;66.59;66.59;66.59;-1;DOWN
2025-07-30T05:00;2025-07-30T05:15;21;EUR;MWh;NO;NO;;66.59;66.59;66.59;-1;DOWN
2025-07-30T05:15;2025-07-30T05:30;22;EUR;MWh;NO;NO;;64.54;64.54;64.54;-1;DOWN
2025-07-30T05:30;2025-07-30T05:45;23;EUR;MWh;NO;NO;;54.54;54.54;54.54;-1;DOWN
2025-07-30T05:45;2025-07-30T06:00;24;EUR;MWh;NO;NO;;53.95;53.95;53.95;-1;DOWN
2025-07-30T06:00;2025-07-30T06:15;25;EUR;MWh;NO;NO;82.43;54.54;82.43;82.43;1;UP
2025-07-30T06:15;2025-07-30T06:30;26;EUR;MWh;NO;NO;79.43;;79.43;79.43;1;UP
2025-07-30T06:30;2025-07-30T06:45;27;EUR;MWh;NO;NO;79.43;69.54;69.54;69.54;-1;DOWN
2025-07-30T06:45;2025-07-30T07:00;28;EUR;MWh;NO;NO;;59.54;59.54;59.54;-1;DOWN
2025-07-30T07:00;2025-07-30T07:15;29;EUR;MWh;NO;NO;;64.54;64.54;64.54;-1;DOWN
2025-07-30T07:15;2025-07-30T07:30;30;EUR;MWh;NO;NO;;66.26;66.26;66.26;-1;DOWN
2025-07-30T07:30;2025-07-30T07:45;31;EUR;MWh;NO;NO;;59.54;59.54;59.54;-1;DOWN
2025-07-30T07:45;2025-07-30T08:00;32;EUR;MWh;NO;NO;84.33;67.96;84.33;63;2;UP_AND_DOWN
2025-07-30T08:00;2025-07-30T08:15;33;EUR;MWh;NO;NO;97;59.86;97;59.86;2;UP_AND_DOWN
2025-07-30T08:15;2025-07-30T08:30;34;EUR;MWh;NO;NO;;24.42;24.42;24.42;-1;DOWN
2025-07-30T08:30;2025-07-30T08:45;35;EUR;MWh;NO;NO;;4.57;4.57;4.57;-1;DOWN
2025-07-30T08:45;2025-07-30T09:00;36;EUR;MWh;NO;NO;;-30;-30;-30;-1;DOWN
2025-07-30T09:00;2025-07-30T09:15;37;EUR;MWh;NO;NO;78.36;-60;78.36;-60;2;UP_AND_DOWN
2025-07-30T09:15;2025-07-30T09:30;38;EUR;MWh;NO;NO;78.56;-55;78.56;-55;2;UP_AND_DOWN
2025-07-30T09:30;2025-07-30T09:45;39;EUR;MWh;NO;NO;100;-55;100;100;1;UP
2025-07-30T09:45;2025-07-30T10:00;40;EUR;MWh;NO;NO;100;72;100;100;1;UP
2025-07-30T10:00;2025-07-30T10:15;41;EUR;MWh;NO;NO;97;49.57;97;97;1;UP
2025-07-30T10:15;2025-07-30T10:30;42;EUR;MWh;NO;NO;92.01;50;92.01;92.01;1;UP
2025-07-30T10:30;2025-07-30T10:45;43;EUR;MWh;NO;NO;43.4;-27.39;55.45;-27.39;2;UP_AND_DOWN
2025-07-30T10:45;2025-07-30T11:00;44;EUR;MWh;NO;NO;58.56;-30;-30;-30;-1;DOWN
2025-07-30T11:00;2025-07-30T11:15;45;EUR;MWh;NO;NO;78.56;-65;78.56;-65;2;UP_AND_DOWN
2025-07-30T11:15;2025-07-30T11:30;46;EUR;MWh;NO;NO;;-49;-49;-49;-1;DOWN
2025-07-30T11:30;2025-07-30T11:45;47;EUR;MWh;NO;NO;500;-55;500;-55;2;UP_AND_DOWN
2025-07-30T11:45;2025-07-30T12:00;48;EUR;MWh;NO;NO;500;-70;-70;-70;-1;DOWN
2025-07-30T12:00;2025-07-30T12:15;49;EUR;MWh;NO;NO;;-49;-49;-49;-1;DOWN
2025-07-30T12:15;2025-07-30T12:30;50;EUR;MWh;NO;NO;;-49;-49;-49;-1;DOWN
2025-07-30T12:30;2025-07-30T12:45;51;EUR;MWh;NO;NO;;-30;-30;-30;-1;DOWN
2025-07-30T12:45;2025-07-30T13:00;52;EUR;MWh;NO;NO;;-10.27;-10.27;-10.27;-1;DOWN
2025-07-30T13:00;2025-07-30T13:15;53;EUR;MWh;NO;NO;;-18.5;-18.5;-18.5;-1;DOWN
2025-07-30T13:15;2025-07-30T13:30;54;EUR;MWh;NO;NO;;-30;-30;-30;-1;DOWN
2025-07-30T13:30;2025-07-30T13:45;55;EUR;MWh;NO;NO;;-30.52;-30.52;-30.52;-1;DOWN
2025-07-30T13:45;2025-07-30T14:00;56;EUR;MWh;NO;NO;55;-49;-49;-49;-1;DOWN
2025-07-30T14:00;2025-07-30T14:15;57;EUR;MWh;NO;NO;;60.59;60.59;60.59;-1;DOWN
2025-07-30T14:15;2025-07-30T14:30;58;EUR;MWh;NO;NO;;49.57;55.85;55.85;0;STABLE
2025-07-30T14:30;2025-07-30T14:45;59;EUR;MWh;NO;NO;;67.59;65.13;65.13;0;STABLE
2025-07-30T14:45;2025-07-30T15:00;60;EUR;MWh;NO;NO;;-49;-49;-49;-1;DOWN
2025-07-30T15:00;2025-07-30T15:15;61;EUR;MWh;NO;NO;;-55;-55;-55;-1;DOWN
2025-07-30T15:15;2025-07-30T15:30;62;EUR;MWh;NO;NO;;-60;-60;-60;-1;DOWN
2025-07-30T15:30;2025-07-30T15:45;63;EUR;MWh;NO;NO;;-51.57;-51.57;-51.57;-1;DOWN
2025-07-30T15:45;2025-07-30T16:00;64;EUR;MWh;NO;NO;;-26.1;-26.1;-26.1;-1;DOWN
2025-07-30T16:00;2025-07-30T16:15;65;EUR;MWh;NO;NO;;-30;-30;-30;-1;DOWN
2025-07-30T16:15;2025-07-30T16:30;66;EUR;MWh;NO;NO;;-30;-30;-30;-1;DOWN
2025-07-30T16:30;2025-07-30T16:45;67;EUR;MWh;NO;NO;;-24.19;-24.19;-24.19;-1;DOWN
2025-07-30T16:45;2025-07-30T17:00;68;EUR;MWh;NO;NO;;-17.77;-17.77;-17.77;-1;DOWN
2025-07-30T17:00;2025-07-30T17:15;69;EUR;MWh;NO;NO;;-55;-55;-55;-1;DOWN
2025-07-30T17:15;2025-07-30T17:30;70;EUR;MWh;NO;NO;;-7.54;-7.54;-7.54;-1;DOWN
2025-07-30T17:30;2025-07-30T17:45;71;EUR;MWh;NO;NO;85.01;-31.88;85.01;-31.88;2;UP_AND_DOWN
2025-07-30T17:45;2025-07-30T18:00;72;EUR;MWh;NO;NO;119.3;;119.3;119.3;1;UP
2025-07-30T18:00;2025-07-30T18:15;73;EUR;MWh;NO;NO;149.9;;149.9;149.9;1;UP
2025-07-30T18:15;2025-07-30T18:30;74;EUR;MWh;NO;NO;120.1;;120.1;120.1;1;UP
2025-07-30T18:30;2025-07-30T18:45;75;EUR;MWh;NO;NO;110.1;;110.1;110.1;1;UP
2025-07-30T18:45;2025-07-30T19:00;76;EUR;MWh;NO;NO;96.9;69.54;96.9;59.33;2;UP_AND_DOWN
2025-07-30T19:00;2025-07-30T19:15;77;EUR;MWh;NO;NO;96.9;11;11;11;-1;DOWN
2025-07-30T19:15;2025-07-30T19:30;78;EUR;MWh;NO;NO;78.46;69.54;78.46;63;2;UP_AND_DOWN
2025-07-30T19:30;2025-07-30T19:45;79;EUR;MWh;NO;NO;;68.47;68.47;68.47;-1;DOWN
2025-07-30T19:45;2025-07-30T20:00;80;EUR;MWh;NO;NO;;11;11;11;-1;DOWN
2025-07-30T20:00;2025-07-30T20:15;81;EUR;MWh;NO;NO;;-453.82;-453.82;-453.82;-1;DOWN
2025-07-30T20:15;2025-07-30T20:30;82;EUR;MWh;NO;NO;;54.54;54.54;54.54;-1;DOWN
2025-07-30T20:30;2025-07-30T20:45;83;EUR;MWh;NO;NO;;32.21;32.21;32.21;-1;DOWN
2025-07-30T20:45;2025-07-30T21:00;84;EUR;MWh;NO;NO;110;71.54;110;110;1;UP
2025-07-30T21:00;2025-07-30T21:15;85;EUR;MWh;NO;NO;115.4;83;115.4;63;2;UP_AND_DOWN
2025-07-30T21:15;2025-07-30T21:30;86;EUR;MWh;NO;NO;114.5;73.31;114.5;63;2;UP_AND_DOWN
2025-07-30T21:30;2025-07-30T21:45;87;EUR;MWh;NO;NO;88.56;;88.56;88.56;1;UP
2025-07-30T21:45;2025-07-30T22:00;88;EUR;MWh;NO;NO;;71.64;71.64;71.64;-1;DOWN
2025-07-30T22:00;2025-07-30T22:15;89;EUR;MWh;NO;NO;121;73.11;121;63;2;UP_AND_DOWN
2025-07-30T22:15;2025-07-30T22:30;90;EUR;MWh;NO;NO;94.43;60.21;60.21;60.21;-1;DOWN
2025-07-30T22:30;2025-07-30T22:45;91;EUR;MWh;NO;NO;;64.54;64.54;64.54;-1;DOWN
2025-07-30T22:45;2025-07-30T23:00;92;EUR;MWh;NO;NO;;42.96;42.96;42.96;-1;DOWN
2025-07-30T23:00;2025-07-30T23:15;93;EUR;MWh;NO;NO;;14.54;14.54;14.54;-1;DOWN
2025-07-30T23:15;2025-07-30T23:30;94;EUR;MWh;NO;NO;;57.96;57.96;57.96;-1;DOWN
2025-07-30T23:30;2025-07-30T23:45;95;EUR;MWh;NO;NO;;69.54;69.54;69.54;-1;DOWN
2025-07-30T23:45;2025-07-31T00:00;96;EUR;MWh;NO;NO;;22;22;22;-1;DOWN
2025-07-31T00:00;2025-07-31T00:15;1;EUR;MWh;NO;NO;;15.43;15.43;15.43;-1;DOWN
2025-07-31T00:15;2025-07-31T00:30;2;EUR;MWh;NO;NO;;46.14;46.14;46.14;-1;DOWN
2025-07-31T00:30;2025-07-31T00:45;3;EUR;MWh;NO;NO;;55.56;55.56;55.56;-1;DOWN
2025-07-31T00:45;2025-07-31T01:00;4;EUR;MWh;NO;NO;;21.77;21.77;21.77;-1;DOWN
2025-07-31T01:00;2025-07-31T01:15;5;EUR;MWh;NO;NO;111.7;21.77;111.7;21.77;2;UP_AND_DOWN
2025-07-31T01:15;2025-07-31T01:30;6;EUR;MWh;NO;NO;100;;100;100;1;UP
2025-07-31T01:30;2025-07-31T01:45;7;EUR;MWh;NO;NO;100;70.1;100;67.92;2;UP_AND_DOWN
2025-07-31T01:45;2025-07-31T02:00;8;EUR;MWh;NO;NO;;79.04;79.04;79.04;-1;DOWN
2025-07-31T02:00;2025-07-31T02:15;9;EUR;MWh;NO;NO;89.4;74.51;89.4;68.16;2;UP_AND_DOWN
2025-07-31T02:15;2025-07-31T02:30;10;EUR;MWh;NO;NO;78.56;65.43;65.43;65.43;-1;DOWN
2025-07-31T02:30;2025-07-31T02:45;11;EUR;MWh;NO;NO;88;75.48;88;68.52;2;UP_AND_DOWN
2025-07-31T02:45;2025-07-31T03:00;12;EUR;MWh;NO;NO;88;58.33;58.33;58.33;-1;DOWN
2025-07-31T03:00;2025-07-31T03:15;13;EUR;MWh;NO;NO;;65.33;65.33;65.33;-1;DOWN
2025-07-31T03:15;2025-07-31T03:30;14;EUR;MWh;NO;NO;;76.48;76.48;76.48;-1;DOWN
2025-07-31T03:30;2025-07-31T03:45;15;EUR;MWh;NO;NO;;;68.52;68.52;0;STABLE
2025-07-31T03:45;2025-07-31T04:00;16;EUR;MWh;NO;NO;84.95;;84.95;84.95;1;UP
2025-07-31T04:00;2025-07-31T04:15;17;EUR;MWh;NO;NO;111.9;;111.9;111.9;1;UP
2025-07-31T04:15;2025-07-31T04:30;18;EUR;MWh;NO;NO;122;;122;122;1;UP
2025-07-31T04:30;2025-07-31T04:45;19;EUR;MWh;NO;NO;125.4;;125.4;125.4;1;UP
2025-07-31T04:45;2025-07-31T05:00;20;EUR;MWh;NO;NO;122;;122;122;1;UP
2025-07-31T05:00;2025-07-31T05:15;21;EUR;MWh;NO;NO;102;;102;102;1;UP
2025-07-31T05:15;2025-07-31T05:30;22;EUR;MWh;NO;NO;111.9;;111.9;111.9;1;UP
2025-07-31T05:30;2025-07-31T05:45;23;EUR;MWh;NO;NO;111.9;;111.9;111.9;1;UP
2025-07-31T05:45;2025-07-31T06:00;24;EUR;MWh;NO;NO;111.9;77;111.9;111.9;1;UP
2025-07-31T06:00;2025-07-31T06:15;25;EUR;MWh;NO;NO;112;77;112;65;2;UP_AND_DOWN
2025-07-31T06:15;2025-07-31T06:30;26;EUR;MWh;NO;NO;112;;112;112;1;UP
2025-07-31T06:30;2025-07-31T06:45;27;EUR;MWh;NO;NO;111.5;70.41;111.5;65;2;UP_AND_DOWN
2025-07-31T06:45;2025-07-31T07:00;28;EUR;MWh;NO;NO;78.56;70.41;78.56;78.56;1;UP
2025-07-31T07:00;2025-07-31T07:15;29;EUR;MWh;NO;NO;111;77.1;111;65;2;UP_AND_DOWN
2025-07-31T07:15;2025-07-31T07:30;30;EUR;MWh;NO;NO;111.7;;111.7;111.7;1;UP
2025-07-31T07:30;2025-07-31T07:45;31;EUR;MWh;NO;NO;111.8;;111.8;111.8;1;UP
2025-07-31T07:45;2025-07-31T08:00;32;EUR;MWh;NO;NO;124.1;;124.1;124.1;1;UP
2025-07-31T08:00;2025-07-31T08:15;33;EUR;MWh;NO;NO;124.1;;124.1;124.1;1;UP
2025-07-31T08:15;2025-07-31T08:30;34;EUR;MWh;NO;NO;111.6;48.38;111.6;48.38;2;UP_AND_DOWN
2025-07-31T08:30;2025-07-31T08:45;35;EUR;MWh;NO;NO;;45;45;45;-1;DOWN
2025-07-31T08:45;2025-07-31T09:00;36;EUR;MWh;NO;NO;;-30;-30;-30;-1;DOWN
2025-07-31T09:00;2025-07-31T09:15;37;EUR;MWh;NO;NO;78.56;-59.8;85;-59.8;2;UP_AND_DOWN
2025-07-31T09:15;2025-07-31T09:30;38;EUR;MWh;NO;NO;;44.87;44.87;44.87;-1;DOWN
2025-07-31T09:30;2025-07-31T09:45;39;EUR;MWh;NO;NO;78.56;4.57;85;4.57;2;UP_AND_DOWN
2025-07-31T09:45;2025-07-31T10:00;40;EUR;MWh;NO;NO;112;52.55;112;52.55;2;UP_AND_DOWN
2025-07-31T10:00;2025-07-31T10:15;41;EUR;MWh;NO;NO;74.74;60;74.74;60;2;UP_AND_DOWN
2025-07-31T10:15;2025-07-31T10:30;42;EUR;MWh;NO;NO;80.74;74;80.74;66.28;2;UP_AND_DOWN
2025-07-31T10:30;2025-07-31T10:45;43;EUR;MWh;NO;NO;;-30;-30;-30;-1;DOWN
2025-07-31T10:45;2025-07-31T11:00;44;EUR;MWh;NO;NO;;-50.1;-50.1;-50.1;-1;DOWN
2025-07-31T11:00;2025-07-31T11:15;45;EUR;MWh;NO;NO;111.7;10;111.7;10;2;UP_AND_DOWN
2025-07-31T11:15;2025-07-31T11:30;46;EUR;MWh;NO;NO;;-17.3;-17.3;-17.3;-1;DOWN
2025-07-31T11:30;2025-07-31T11:45;47;EUR;MWh;NO;NO;;4.57;4.57;4.57;-1;DOWN
2025-07-31T11:45;2025-07-31T12:00;48;EUR;MWh;NO;NO;;-30;-30;-30;-1;DOWN
2025-07-31T12:00;2025-07-31T12:15;49;EUR;MWh;NO;NO;;-29.7;-29.7;-29.7;-1;DOWN
2025-07-31T12:15;2025-07-31T12:30;50;EUR;MWh;NO;NO;;-29.8;-29.8;-29.8;-1;DOWN
2025-07-31T12:30;2025-07-31T12:45;51;EUR;MWh;NO;NO;;-29.8;63.88;63.88;0;STABLE
2025-07-31T12:45;2025-07-31T13:00;52;EUR;MWh;NO;NO;;-18.38;-18.38;-18.38;-1;DOWN
2025-07-31T13:00;2025-07-31T13:15;53;EUR;MWh;NO;NO;;-30;-30;-30;-1;DOWN
2025-07-31T13:15;2025-07-31T13:30;54;EUR;MWh;NO;NO;;-27.43;-27.43;-27.43;-1;DOWN
2025-07-31T13:30;2025-07-31T13:45;55;EUR;MWh;NO;NO;;-30;-30;-30;-1;DOWN
2025-07-31T13:45;2025-07-31T14:00;56;EUR;MWh;NO;NO;;-30;-30;-30;-1;DOWN
2025-07-31T14:00;2025-07-31T14:15;57;EUR;MWh;NO;NO;122;-60;122;-60;2;UP_AND_DOWN
2025-07-31T14:15;2025-07-31T14:30;58;EUR;MWh;NO;NO;100;;100;100;1;UP
2025-07-31T14:30;2025-07-31T14:45;59;EUR;MWh;NO;NO;111.8;;111.8;111.8;1;UP
2025-07-31T14:45;2025-07-31T15:00;60;EUR;MWh;NO;NO;121.5;;121.5;121.5;1;UP
2025-07-31T15:00;2025-07-31T15:15;61;EUR;MWh;NO;NO;92.84;73.18;92.84;92.84;1;UP
2025-07-31T15:15;2025-07-31T15:30;62;EUR;MWh;NO;NO;111.8;;111.8;111.8;1;UP
2025-07-31T15:30;2025-07-31T15:45;63;EUR;MWh;NO;NO;150;;150;150;1;UP
2025-07-31T15:45;2025-07-31T16:00;64;EUR;MWh;NO;NO;500;;500;500;1;UP
2025-07-31T16:00;2025-07-31T16:15;65;EUR;MWh;NO;NO;92.74;4.57;92.74;4.57;2;UP_AND_DOWN
2025-07-31T16:15;2025-07-31T16:30;66;EUR;MWh;NO;NO;121.6;60;121.6;60;2;UP_AND_DOWN
2025-07-31T16:30;2025-07-31T16:45;67;EUR;MWh;NO;NO;121.6;74.64;121.6;67.35;2;UP_AND_DOWN
2025-07-31T16:45;2025-07-31T17:00;68;EUR;MWh;NO;NO;108.56;77;108.56;108.56;1;UP
2025-07-31T17:00;2025-07-31T17:15;69;EUR;MWh;NO;NO;;78.94;78.94;78.94;-1;DOWN
2025-07-31T17:15;2025-07-31T17:30;70;EUR;MWh;NO;NO;68.56;52.55;68.56;52.55;2;UP_AND_DOWN
2025-07-31T17:30;2025-07-31T17:45;71;EUR;MWh;NO;NO;;88;88;88;-1;DOWN
2025-07-31T17:45;2025-07-31T18:00;72;EUR;MWh;NO;NO;131;79.04;131;131;1;UP
2025-07-31T18:00;2025-07-31T18:15;73;EUR;MWh;NO;NO;92.31;85;92.31;71.5;2;UP_AND_DOWN
2025-07-31T18:15;2025-07-31T18:30;74;EUR;MWh;NO;NO;96.8;52.55;96.8;52.55;2;UP_AND_DOWN
2025-07-31T18:30;2025-07-31T18:45;75;EUR;MWh;NO;NO;100;53.87;100;53.87;2;UP_AND_DOWN
2025-07-31T18:45;2025-07-31T19:00;76;EUR;MWh;NO;NO;100;78.85;78.85;78.85;-1;DOWN
2025-07-31T19:00;2025-07-31T19:15;77;EUR;MWh;NO;NO;;40.14;40.14;40.14;-1;DOWN
2025-07-31T19:15;2025-07-31T19:30;78;EUR;MWh;NO;NO;68.56;52.55;71.5;52.55;2;UP_AND_DOWN
2025-07-31T19:30;2025-07-31T19:45;79;EUR;MWh;NO;NO;68.56;52.55;71.5;71.5;0;STABLE
2025-07-31T19:45;2025-07-31T20:00;80;EUR;MWh;NO;NO;100;85;100;100;1;UP
2025-07-31T20:00;2025-07-31T20:15;81;EUR;MWh;NO;NO;97.63;85;97.63;66.5;2;UP_AND_DOWN
2025-07-31T20:15;2025-07-31T20:30;82;EUR;MWh;NO;NO;;85;85;85;-1;DOWN
2025-07-31T20:30;2025-07-31T20:45;83;EUR;MWh;NO;NO;;;66.5;66.5;0;STABLE
2025-07-31T20:45;2025-07-31T21:00;84;EUR;MWh;NO;NO;78.56;;78.56;78.56;1;UP
2025-07-31T21:00;2025-07-31T21:15;85;EUR;MWh;NO;NO;100;;100;100;1;UP
2025-07-31T21:15;2025-07-31T21:30;86;EUR;MWh;NO;NO;86.31;;86.31;86.31;1;UP
2025-07-31T21:30;2025-07-31T21:45;87;EUR;MWh;NO;NO;87.31;;87.31;87.31;1;UP
2025-07-31T21:45;2025-07-31T22:00;88;EUR;MWh;NO;NO;;69.67;69.67;69.67;-1;DOWN
2025-07-31T22:00;2025-07-31T22:15;89;EUR;MWh;NO;NO;100;75.97;100;66.5;2;UP_AND_DOWN
2025-07-31T22:15;2025-07-31T22:30;90;EUR;MWh;NO;NO;100;79.04;100;66.5;2;UP_AND_DOWN
2025-07-31T22:30;2025-07-31T22:45;91;EUR;MWh;NO;NO;100;85;100;100;1;UP
2025-07-31T22:45;2025-07-31T23:00;92;EUR;MWh;NO;NO;68.56;77.45;77.45;77.45;-1;DOWN
2025-07-31T23:00;2025-07-31T23:15;93;EUR;MWh;NO;NO;100;78.85;100;66.5;2;UP_AND_DOWN
2025-07-31T23:15;2025-07-31T23:30;94;EUR;MWh;NO;NO;100;78.85;100;100;1;UP
2025-07-31T23:30;2025-07-31T23:45;95;EUR;MWh;NO;NO;101.31;79.04;101.31;66.5;2;UP_AND_DOWN
2025-07-31T23:45;2025-08-01T00:00;96;EUR;MWh;NO;NO;93.41;78.57;93.41;66.5;2;UP_AND_DOWN
