Timeinterval Start Loc;Timeinterval End Loc;Isp;Currency Unit Name;Price Measurement Unit Name;Incident Reserve Up;Incident Reserve Down;Price Dispatch Up;Price Dispatch Down;Price Shortage;Price Surplus;Regulation State;Regulating Condition
2025-05-01T00:00;2025-05-01T00:15;1;EUR;MWh;NO;NO;118.6;59.28;118.6;118.6;1;UP
2025-05-01T00:15;2025-05-01T00:30;2;EUR;MWh;NO;NO;106.4;;106.4;106.4;1;UP
2025-05-01T00:30;2025-05-01T00:45;3;EUR;MWh;NO;NO;140;;140;140;1;UP
2025-05-01T00:45;2025-05-01T01:00;4;EUR;MWh;NO;NO;84.98;;84.98;84.98;1;UP
2025-05-01T01:00;2025-05-01T01:15;5;EUR;MWh;NO;NO;128.01;;128.01;128.01;1;UP
2025-05-01T01:15;2025-05-01T01:30;6;EUR;MWh;NO;NO;157;;157;157;1;UP
2025-05-01T01:30;2025-05-01T01:45;7;EUR;MWh;NO;NO;120;;120;120;1;UP
2025-05-01T01:45;2025-05-01T02:00;8;EUR;MWh;NO;NO;106.2;72.04;106.2;61.49;2;UP_AND_DOWN
2025-05-01T02:00;2025-05-01T02:15;9;EUR;MWh;NO;NO;90;71.46;90;61.49;2;UP_AND_DOWN
2025-05-01T02:15;2025-05-01T02:30;10;EUR;MWh;NO;NO;83.98;;83.98;83.98;1;UP
2025-05-01T02:30;2025-05-01T02:45;11;EUR;MWh;NO;NO;58.56;;58.56;58.56;1;UP
2025-05-01T02:45;2025-05-01T03:00;12;EUR;MWh;NO;NO;81.98;;81.98;81.98;1;UP
2025-05-01T03:00;2025-05-01T03:15;13;EUR;MWh;NO;NO;85.98;;85.98;85.98;1;UP
2025-05-01T03:15;2025-05-01T03:30;14;EUR;MWh;NO;NO;83.98;;83.98;83.98;1;UP
2025-05-01T03:30;2025-05-01T03:45;15;EUR;MWh;NO;NO;106.2;;106.2;106.2;1;UP
2025-05-01T03:45;2025-05-01T04:00;16;EUR;MWh;NO;NO;106.2;;106.2;106.2;1;UP
2025-05-01T04:00;2025-05-01T04:15;17;EUR;MWh;NO;NO;106.1;79.98;106.1;61.49;2;UP_AND_DOWN
2025-05-01T04:15;2025-05-01T04:30;18;EUR;MWh;NO;NO;;;61.49;61.49;0;STABLE
2025-05-01T04:30;2025-05-01T04:45;19;EUR;MWh;NO;NO;;;61.49;61.49;0;STABLE
2025-05-01T04:45;2025-05-01T05:00;20;EUR;MWh;NO;NO;;69;69;69;-1;DOWN
2025-05-01T05:00;2025-05-01T05:15;21;EUR;MWh;NO;NO;85.98;67.28;85.98;61.49;2;UP_AND_DOWN
2025-05-01T05:15;2025-05-01T05:30;22;EUR;MWh;NO;NO;78.56;;78.56;78.56;1;UP
2025-05-01T05:30;2025-05-01T05:45;23;EUR;MWh;NO;NO;58.56;;58.56;58.56;1;UP
2025-05-01T05:45;2025-05-01T06:00;24;EUR;MWh;NO;NO;43;66.37;61.49;61.49;2;UP_AND_DOWN
2025-05-01T06:00;2025-05-01T06:15;25;EUR;MWh;NO;NO;157;69.68;157;61.49;2;UP_AND_DOWN
2025-05-01T06:15;2025-05-01T06:30;26;EUR;MWh;NO;NO;157;;157;157;1;UP
2025-05-01T06:30;2025-05-01T06:45;27;EUR;MWh;NO;NO;81.98;;81.98;81.98;1;UP
2025-05-01T06:45;2025-05-01T07:00;28;EUR;MWh;NO;NO;84.18;;84.18;84.18;1;UP
2025-05-01T07:00;2025-05-01T07:15;29;EUR;MWh;NO;NO;106;;106;106;1;UP
2025-05-01T07:15;2025-05-01T07:30;30;EUR;MWh;NO;NO;90.98;69.68;90.98;69.68;2;UP_AND_DOWN
2025-05-01T07:30;2025-05-01T07:45;31;EUR;MWh;NO;NO;68.56;69.68;68.56;68.56;1;UP
2025-05-01T07:45;2025-05-01T08:00;32;EUR;MWh;NO;NO;122;;122;122;1;UP
2025-05-01T08:00;2025-05-01T08:15;33;EUR;MWh;NO;NO;98.98;;98.98;98.98;1;UP
2025-05-01T08:15;2025-05-01T08:30;34;EUR;MWh;NO;NO;95;;95;95;1;UP
2025-05-01T08:30;2025-05-01T08:45;35;EUR;MWh;NO;NO;131;;131;131;1;UP
2025-05-01T08:45;2025-05-01T09:00;36;EUR;MWh;NO;NO;106.1;;106.1;106.1;1;UP
2025-05-01T09:00;2025-05-01T09:15;37;EUR;MWh;NO;NO;67.97;;67.97;67.97;1;UP
2025-05-01T09:15;2025-05-01T09:30;38;EUR;MWh;NO;NO;65.43;50;65.43;50;2;UP_AND_DOWN
2025-05-01T09:30;2025-05-01T09:45;39;EUR;MWh;NO;NO;;19.57;19.57;19.57;-1;DOWN
2025-05-01T09:45;2025-05-01T10:00;40;EUR;MWh;NO;NO;;19.57;19.57;19.57;-1;DOWN
2025-05-01T10:00;2025-05-01T10:15;41;EUR;MWh;NO;NO;104.9;;104.9;104.9;1;UP
2025-05-01T10:15;2025-05-01T10:30;42;EUR;MWh;NO;NO;104.9;28.96;28.96;28.96;-1;DOWN
2025-05-01T10:30;2025-05-01T10:45;43;EUR;MWh;NO;NO;;;0;0;-1;DOWN
2025-05-01T10:45;2025-05-01T11:00;44;EUR;MWh;NO;NO;;10;10;10;-1;DOWN
2025-05-01T11:00;2025-05-01T11:15;45;EUR;MWh;NO;NO;150;-30;150;150;1;UP
2025-05-01T11:15;2025-05-01T11:30;46;EUR;MWh;NO;NO;135;22.96;135;22.96;2;UP_AND_DOWN
2025-05-01T11:30;2025-05-01T11:45;47;EUR;MWh;NO;NO;83.98;10;83.98;10;2;UP_AND_DOWN
2025-05-01T11:45;2025-05-01T12:00;48;EUR;MWh;NO;NO;1;10;40.49;10;2;UP_AND_DOWN
2025-05-01T12:00;2025-05-01T12:15;49;EUR;MWh;NO;NO;;-30;-30;-30;-1;DOWN
2025-05-01T12:15;2025-05-01T12:30;50;EUR;MWh;NO;NO;;10;10;10;-1;DOWN
2025-05-01T12:30;2025-05-01T12:45;51;EUR;MWh;NO;NO;1;-114.84;40.49;-114.84;2;UP_AND_DOWN
2025-05-01T12:45;2025-05-01T13:00;52;EUR;MWh;NO;NO;;-60;-60;-60;-1;DOWN
2025-05-01T13:00;2025-05-01T13:15;53;EUR;MWh;NO;NO;1;19.57;40.49;19.57;2;UP_AND_DOWN
2025-05-01T13:15;2025-05-01T13:30;54;EUR;MWh;NO;NO;;-11;-11;-11;-1;DOWN
2025-05-01T13:30;2025-05-01T13:45;55;EUR;MWh;NO;NO;;3;3;3;-1;DOWN
2025-05-01T13:45;2025-05-01T14:00;56;EUR;MWh;NO;NO;;3;3;3;-1;DOWN
2025-05-01T14:00;2025-05-01T14:15;57;EUR;MWh;NO;NO;;3;3;3;-1;DOWN
2025-05-01T14:15;2025-05-01T14:30;58;EUR;MWh;NO;NO;;10;10;10;-1;DOWN
2025-05-01T14:30;2025-05-01T14:45;59;EUR;MWh;NO;NO;;10;10;10;-1;DOWN
2025-05-01T14:45;2025-05-01T15:00;60;EUR;MWh;NO;NO;;10;10;10;-1;DOWN
2025-05-01T15:00;2025-05-01T15:15;61;EUR;MWh;NO;NO;1;;1;1;1;UP
2025-05-01T15:15;2025-05-01T15:30;62;EUR;MWh;NO;NO;;10;10;10;-1;DOWN
2025-05-01T15:30;2025-05-01T15:45;63;EUR;MWh;NO;NO;;10;10;10;-1;DOWN
2025-05-01T15:45;2025-05-01T16:00;64;EUR;MWh;NO;NO;1;69;69;69;-1;DOWN
2025-05-01T16:00;2025-05-01T16:15;65;EUR;MWh;NO;NO;1;79.98;1;1;1;UP
2025-05-01T16:15;2025-05-01T16:30;66;EUR;MWh;NO;NO;58;12.37;58;12.37;2;UP_AND_DOWN
2025-05-01T16:30;2025-05-01T16:45;67;EUR;MWh;NO;NO;58.56;26.9;58.56;26.9;2;UP_AND_DOWN
2025-05-01T16:45;2025-05-01T17:00;68;EUR;MWh;NO;NO;93;;93;93;1;UP
2025-05-01T17:00;2025-05-01T17:15;69;EUR;MWh;NO;NO;114.8;;114.8;114.8;1;UP
2025-05-01T17:15;2025-05-01T17:30;70;EUR;MWh;NO;NO;134.9;79.98;134.9;69.27;2;UP_AND_DOWN
2025-05-01T17:30;2025-05-01T17:45;71;EUR;MWh;NO;NO;504.84;;504.84;504.84;1;UP
2025-05-01T17:45;2025-05-01T18:00;72;EUR;MWh;NO;NO;503.3;;503.3;503.3;1;UP
2025-05-01T18:00;2025-05-01T18:15;73;EUR;MWh;NO;NO;88.56;-15;88.56;-15;2;UP_AND_DOWN
2025-05-01T18:15;2025-05-01T18:30;74;EUR;MWh;NO;NO;98;10;98;10;2;UP_AND_DOWN
2025-05-01T18:30;2025-05-01T18:45;75;EUR;MWh;NO;NO;122;44.98;122;44.98;2;UP_AND_DOWN
2025-05-01T18:45;2025-05-01T19:00;76;EUR;MWh;NO;NO;122;;122;122;1;UP
2025-05-01T19:00;2025-05-01T19:15;77;EUR;MWh;NO;NO;83.98;108.3;83.98;75.65;2;UP_AND_DOWN
2025-05-01T19:15;2025-05-01T19:30;78;EUR;MWh;NO;NO;87.98;60.78;87.98;60.78;2;UP_AND_DOWN
2025-05-01T19:30;2025-05-01T19:45;79;EUR;MWh;NO;NO;135.3;;135.3;135.3;1;UP
2025-05-01T19:45;2025-05-01T20:00;80;EUR;MWh;NO;NO;135.3;;135.3;135.3;1;UP
2025-05-01T20:00;2025-05-01T20:15;81;EUR;MWh;NO;NO;114.2;;114.2;114.2;1;UP
2025-05-01T20:15;2025-05-01T20:30;82;EUR;MWh;NO;NO;113.98;;113.98;113.98;1;UP
2025-05-01T20:30;2025-05-01T20:45;83;EUR;MWh;NO;NO;157;;157;157;1;UP
2025-05-01T20:45;2025-05-01T21:00;84;EUR;MWh;NO;NO;157;;157;157;1;UP
2025-05-01T21:00;2025-05-01T21:15;85;EUR;MWh;NO;NO;157;;157;157;1;UP
2025-05-01T21:15;2025-05-01T21:30;86;EUR;MWh;NO;NO;157;69.96;69.96;69.96;-1;DOWN
2025-05-01T21:30;2025-05-01T21:45;87;EUR;MWh;NO;NO;157;66.7;66.7;66.7;-1;DOWN
2025-05-01T21:45;2025-05-01T22:00;88;EUR;MWh;NO;NO;130.4;70.98;130.4;61.49;2;UP_AND_DOWN
2025-05-01T22:00;2025-05-01T22:15;89;EUR;MWh;NO;NO;129.9;;129.9;129.9;1;UP
2025-05-01T22:15;2025-05-01T22:30;90;EUR;MWh;NO;NO;129.9;61.12;61.12;61.12;-1;DOWN
2025-05-01T22:30;2025-05-01T22:45;91;EUR;MWh;NO;NO;106.3;61.59;106.3;61.49;2;UP_AND_DOWN
2025-05-01T22:45;2025-05-01T23:00;92;EUR;MWh;NO;NO;;50;50;50;-1;DOWN
2025-05-01T23:00;2025-05-01T23:15;93;EUR;MWh;NO;NO;;58.09;58.09;58.09;-1;DOWN
2025-05-01T23:15;2025-05-01T23:30;94;EUR;MWh;NO;NO;;58.59;58.59;58.59;-1;DOWN
2025-05-01T23:30;2025-05-01T23:45;95;EUR;MWh;NO;NO;123.98;59.98;123.98;59.98;2;UP_AND_DOWN
2025-05-01T23:45;2025-05-02T00:00;96;EUR;MWh;NO;NO;112.8;;112.8;112.8;1;UP
2025-05-02T00:00;2025-05-02T00:15;1;EUR;MWh;NO;NO;68.56;;68.56;68.56;1;UP
2025-05-02T00:15;2025-05-02T00:30;2;EUR;MWh;NO;NO;88.98;;88.98;88.98;1;UP
2025-05-02T00:30;2025-05-02T00:45;3;EUR;MWh;NO;NO;88.56;69.58;88.56;88.56;1;UP
2025-05-02T00:45;2025-05-02T01:00;4;EUR;MWh;NO;NO;;69;69;69;-1;DOWN
2025-05-02T01:00;2025-05-02T01:15;5;EUR;MWh;NO;NO;80.93;69.68;80.93;56.34;2;UP_AND_DOWN
2025-05-02T01:15;2025-05-02T01:30;6;EUR;MWh;NO;NO;;59.88;59.88;59.88;-1;DOWN
2025-05-02T01:30;2025-05-02T01:45;7;EUR;MWh;NO;NO;;48.85;48.85;48.85;-1;DOWN
2025-05-02T01:45;2025-05-02T02:00;8;EUR;MWh;NO;NO;;49;49;49;-1;DOWN
2025-05-02T02:00;2025-05-02T02:15;9;EUR;MWh;NO;NO;;61.66;61.66;61.66;-1;DOWN
2025-05-02T02:15;2025-05-02T02:30;10;EUR;MWh;NO;NO;;54.66;54.66;54.66;-1;DOWN
2025-05-02T02:30;2025-05-02T02:45;11;EUR;MWh;NO;NO;;53.34;53.34;53.34;-1;DOWN
2025-05-02T02:45;2025-05-02T03:00;12;EUR;MWh;NO;NO;;54.47;54.47;54.47;-1;DOWN
2025-05-02T03:00;2025-05-02T03:15;13;EUR;MWh;NO;NO;;40;40;40;-1;DOWN
2025-05-02T03:15;2025-05-02T03:30;14;EUR;MWh;NO;NO;;36.98;36.98;36.98;-1;DOWN
2025-05-02T03:30;2025-05-02T03:45;15;EUR;MWh;NO;NO;;40;40;40;-1;DOWN
2025-05-02T03:45;2025-05-02T04:00;16;EUR;MWh;NO;NO;;48.66;48.66;48.66;-1;DOWN
2025-05-02T04:00;2025-05-02T04:15;17;EUR;MWh;NO;NO;107.2;54.66;107.2;107.2;1;UP
2025-05-02T04:15;2025-05-02T04:30;18;EUR;MWh;NO;NO;97.14;;97.14;97.14;1;UP
2025-05-02T04:30;2025-05-02T04:45;19;EUR;MWh;NO;NO;90.98;;90.98;90.98;1;UP
2025-05-02T04:45;2025-05-02T05:00;20;EUR;MWh;NO;NO;90.98;;90.98;90.98;1;UP
2025-05-02T05:00;2025-05-02T05:15;21;EUR;MWh;NO;NO;76.45;;76.45;76.45;1;UP
2025-05-02T05:15;2025-05-02T05:30;22;EUR;MWh;NO;NO;75.91;64.66;75.91;56.25;2;UP_AND_DOWN
2025-05-02T05:30;2025-05-02T05:45;23;EUR;MWh;NO;NO;;69.56;69.56;69.56;-1;DOWN
2025-05-02T05:45;2025-05-02T06:00;24;EUR;MWh;NO;NO;;32;32;32;-1;DOWN
2025-05-02T06:00;2025-05-02T06:15;25;EUR;MWh;NO;NO;;19;19;19;-1;DOWN
2025-05-02T06:15;2025-05-02T06:30;26;EUR;MWh;NO;NO;;45.51;45.51;45.51;-1;DOWN
2025-05-02T06:30;2025-05-02T06:45;27;EUR;MWh;NO;NO;;39.9;39.9;39.9;-1;DOWN
2025-05-02T06:45;2025-05-02T07:00;28;EUR;MWh;NO;NO;;43.98;43.98;43.98;-1;DOWN
2025-05-02T07:00;2025-05-02T07:15;29;EUR;MWh;NO;NO;78.56;60;78.56;56.6;2;UP_AND_DOWN
2025-05-02T07:15;2025-05-02T07:30;30;EUR;MWh;NO;NO;;19;19;19;-1;DOWN
2025-05-02T07:30;2025-05-02T07:45;31;EUR;MWh;NO;NO;;26;26;26;-1;DOWN
2025-05-02T07:45;2025-05-02T08:00;32;EUR;MWh;NO;NO;;24;24;24;-1;DOWN
2025-05-02T08:00;2025-05-02T08:15;33;EUR;MWh;NO;NO;108.2;26;108.2;108.2;1;UP
2025-05-02T08:15;2025-05-02T08:30;34;EUR;MWh;NO;NO;120.98;22.98;120.98;22.98;2;UP_AND_DOWN
2025-05-02T08:30;2025-05-02T08:45;35;EUR;MWh;NO;NO;88.56;45.51;88.56;45.51;2;UP_AND_DOWN
2025-05-02T08:45;2025-05-02T09:00;36;EUR;MWh;NO;NO;90;70.1;90;56.6;2;UP_AND_DOWN
2025-05-02T09:00;2025-05-02T09:15;37;EUR;MWh;NO;NO;157.98;;157.98;157.98;1;UP
2025-05-02T09:15;2025-05-02T09:30;38;EUR;MWh;NO;NO;126.9;;126.9;126.9;1;UP
2025-05-02T09:30;2025-05-02T09:45;39;EUR;MWh;NO;NO;107.8;49;107.8;49;2;UP_AND_DOWN
2025-05-02T09:45;2025-05-02T10:00;40;EUR;MWh;NO;NO;107.8;22;22;22;-1;DOWN
2025-05-02T10:00;2025-05-02T10:15;41;EUR;MWh;NO;NO;58.56;10;58.56;10;2;UP_AND_DOWN
2025-05-02T10:15;2025-05-02T10:30;42;EUR;MWh;NO;NO;95;-31;95;-31;2;UP_AND_DOWN
2025-05-02T10:30;2025-05-02T10:45;43;EUR;MWh;NO;NO;;-40;-40;-40;-1;DOWN
2025-05-02T10:45;2025-05-02T11:00;44;EUR;MWh;NO;NO;300;10;300;300;1;UP
2025-05-02T11:00;2025-05-02T11:15;45;EUR;MWh;NO;NO;1895;;1895;1895;1;UP
2025-05-02T11:15;2025-05-02T11:30;46;EUR;MWh;NO;NO;1895;64;1895;1895;1;UP
2025-05-02T11:30;2025-05-02T11:45;47;EUR;MWh;NO;NO;401;13;401;13;2;UP_AND_DOWN
2025-05-02T11:45;2025-05-02T12:00;48;EUR;MWh;NO;NO;501.03;;501.03;501.03;1;UP
2025-05-02T12:00;2025-05-02T12:15;49;EUR;MWh;YES;;2084.5;;2084.5;2084.5;1;UP
2025-05-02T12:15;2025-05-02T12:30;50;EUR;MWh;YES;;2084.5;;2084.5;2084.5;1;UP
2025-05-02T12:30;2025-05-02T12:45;51;EUR;MWh;YES;;2084.5;;2084.5;2084.5;1;UP
2025-05-02T12:45;2025-05-02T13:00;52;EUR;MWh;YES;;550;;550;550;1;UP
2025-05-02T13:00;2025-05-02T13:15;53;EUR;MWh;YES;;200;;200;200;1;UP
2025-05-02T13:15;2025-05-02T13:30;54;EUR;MWh;NO;NO;88.56;50;50;50;-1;DOWN
2025-05-02T13:30;2025-05-02T13:45;55;EUR;MWh;NO;NO;;-30;-30;-30;-1;DOWN
2025-05-02T13:45;2025-05-02T14:00;56;EUR;MWh;NO;NO;;-30;-30;-30;-1;DOWN
2025-05-02T14:00;2025-05-02T14:15;57;EUR;MWh;NO;NO;;-100;-100;-100;-1;DOWN
2025-05-02T14:15;2025-05-02T14:30;58;EUR;MWh;NO;NO;;-60;-60;-60;-1;DOWN
2025-05-02T14:30;2025-05-02T14:45;59;EUR;MWh;NO;NO;;-70;-70;-70;-1;DOWN
2025-05-02T14:45;2025-05-02T15:00;60;EUR;MWh;NO;NO;;-31;-31;-31;-1;DOWN
2025-05-02T15:00;2025-05-02T15:15;61;EUR;MWh;NO;NO;;-30;-30;-30;-1;DOWN
2025-05-02T15:15;2025-05-02T15:30;62;EUR;MWh;NO;NO;;-12.75;-12.75;-12.75;-1;DOWN
2025-05-02T15:30;2025-05-02T15:45;63;EUR;MWh;NO;NO;;10;10;10;-1;DOWN
2025-05-02T15:45;2025-05-02T16:00;64;EUR;MWh;NO;NO;;-15;-15;-15;-1;DOWN
2025-05-02T16:00;2025-05-02T16:15;65;EUR;MWh;NO;NO;;-30;-30;-30;-1;DOWN
2025-05-02T16:15;2025-05-02T16:30;66;EUR;MWh;NO;NO;;-21.39;-21.39;-21.39;-1;DOWN
2025-05-02T16:30;2025-05-02T16:45;67;EUR;MWh;NO;NO;;40;40;40;-1;DOWN
2025-05-02T16:45;2025-05-02T17:00;68;EUR;MWh;NO;NO;106.8;;106.8;106.8;1;UP
2025-05-02T17:00;2025-05-02T17:15;69;EUR;MWh;NO;NO;105.3;;105.3;105.3;1;UP
2025-05-02T17:15;2025-05-02T17:30;70;EUR;MWh;NO;NO;137.4;;137.4;137.4;1;UP
2025-05-02T17:30;2025-05-02T17:45;71;EUR;MWh;NO;NO;139.12;;139.12;139.12;1;UP
2025-05-02T17:45;2025-05-02T18:00;72;EUR;MWh;NO;NO;100;;100;100;1;UP
2025-05-02T18:00;2025-05-02T18:15;73;EUR;MWh;NO;NO;103.98;9.57;103.98;9.57;2;UP_AND_DOWN
2025-05-02T18:15;2025-05-02T18:30;74;EUR;MWh;NO;NO;153.98;54.98;153.98;50.5;2;UP_AND_DOWN
2025-05-02T18:30;2025-05-02T18:45;75;EUR;MWh;NO;NO;182.47;;182.47;182.47;1;UP
2025-05-02T18:45;2025-05-02T19:00;76;EUR;MWh;NO;NO;111;43;111;43;2;UP_AND_DOWN
2025-05-02T19:00;2025-05-02T19:15;77;EUR;MWh;NO;NO;68.56;43;68.56;68.56;1;UP
2025-05-02T19:15;2025-05-02T19:30;78;EUR;MWh;NO;NO;90;;90;90;1;UP
2025-05-02T19:30;2025-05-02T19:45;79;EUR;MWh;NO;NO;163;;163;163;1;UP
2025-05-02T19:45;2025-05-02T20:00;80;EUR;MWh;NO;NO;181.98;;181.98;181.98;1;UP
2025-05-02T20:00;2025-05-02T20:15;81;EUR;MWh;NO;NO;175.98;;175.98;175.98;1;UP
2025-05-02T20:15;2025-05-02T20:30;82;EUR;MWh;NO;NO;145.88;;145.88;145.88;1;UP
2025-05-02T20:30;2025-05-02T20:45;83;EUR;MWh;NO;NO;120.98;;120.98;120.98;1;UP
2025-05-02T20:45;2025-05-02T21:00;84;EUR;MWh;NO;NO;151;;151;151;1;UP
2025-05-02T21:00;2025-05-02T21:15;85;EUR;MWh;NO;NO;169.98;;169.98;169.98;1;UP
2025-05-02T21:15;2025-05-02T21:30;86;EUR;MWh;NO;NO;175.98;;175.98;175.98;1;UP
2025-05-02T21:30;2025-05-02T21:45;87;EUR;MWh;NO;NO;153.98;;153.98;153.98;1;UP
2025-05-02T21:45;2025-05-02T22:00;88;EUR;MWh;NO;NO;141.58;;141.58;141.58;1;UP
2025-05-02T22:00;2025-05-02T22:15;89;EUR;MWh;NO;NO;110;78;110;110;1;UP
2025-05-02T22:15;2025-05-02T22:30;90;EUR;MWh;NO;NO;110;65.37;65.37;65.37;-1;DOWN
2025-05-02T22:30;2025-05-02T22:45;91;EUR;MWh;NO;NO;110;80;110;61.5;2;UP_AND_DOWN
2025-05-02T22:45;2025-05-02T23:00;92;EUR;MWh;NO;NO;110;;110;110;1;UP
2025-05-02T23:00;2025-05-02T23:15;93;EUR;MWh;NO;NO;43;;43;43;1;UP
2025-05-02T23:15;2025-05-02T23:30;94;EUR;MWh;NO;NO;84.4;57.08;84.4;57.08;2;UP_AND_DOWN
2025-05-02T23:30;2025-05-02T23:45;95;EUR;MWh;NO;NO;;52.98;52.98;52.98;-1;DOWN
2025-05-02T23:45;2025-05-03T00:00;96;EUR;MWh;NO;NO;;48.9;48.9;48.9;-1;DOWN
2025-05-03T00:00;2025-05-03T00:15;1;EUR;MWh;NO;NO;;36.98;36.98;36.98;-1;DOWN
2025-05-03T00:15;2025-05-03T00:30;2;EUR;MWh;NO;NO;88.56;68.48;88.56;68.48;2;UP_AND_DOWN
2025-05-03T00:30;2025-05-03T00:45;3;EUR;MWh;NO;NO;;65.98;65.98;65.98;-1;DOWN
2025-05-03T00:45;2025-05-03T01:00;4;EUR;MWh;NO;NO;;72.48;72.48;72.48;-1;DOWN
2025-05-03T01:00;2025-05-03T01:15;5;EUR;MWh;NO;NO;;64.18;64.18;64.18;-1;DOWN
2025-05-03T01:15;2025-05-03T01:30;6;EUR;MWh;NO;NO;;64.48;64.48;64.48;-1;DOWN
2025-05-03T01:30;2025-05-03T01:45;7;EUR;MWh;NO;NO;;67.62;67.62;67.62;-1;DOWN
2025-05-03T01:45;2025-05-03T02:00;8;EUR;MWh;NO;NO;;59.98;59.98;59.98;-1;DOWN
2025-05-03T02:00;2025-05-03T02:15;9;EUR;MWh;NO;NO;;60.98;60.98;60.98;-1;DOWN
2025-05-03T02:15;2025-05-03T02:30;10;EUR;MWh;NO;NO;;54;54;54;-1;DOWN
2025-05-03T02:30;2025-05-03T02:45;11;EUR;MWh;NO;NO;;54;54;54;-1;DOWN
2025-05-03T02:45;2025-05-03T03:00;12;EUR;MWh;NO;NO;;60.98;60.98;60.98;-1;DOWN
2025-05-03T03:00;2025-05-03T03:15;13;EUR;MWh;NO;NO;;67.35;67.35;67.35;-1;DOWN
2025-05-03T03:15;2025-05-03T03:30;14;EUR;MWh;NO;NO;;62.68;62.68;62.68;-1;DOWN
2025-05-03T03:30;2025-05-03T03:45;15;EUR;MWh;NO;NO;;62.58;62.58;62.58;-1;DOWN
2025-05-03T03:45;2025-05-03T04:00;16;EUR;MWh;NO;NO;;58.18;58.18;58.18;-1;DOWN
2025-05-03T04:00;2025-05-03T04:15;17;EUR;MWh;NO;NO;;54;54;54;-1;DOWN
2025-05-03T04:15;2025-05-03T04:30;18;EUR;MWh;NO;NO;;54;54;54;-1;DOWN
2025-05-03T04:30;2025-05-03T04:45;19;EUR;MWh;NO;NO;;54;54;54;-1;DOWN
2025-05-03T04:45;2025-05-03T05:00;20;EUR;MWh;NO;NO;;61.08;61.08;61.08;-1;DOWN
2025-05-03T05:00;2025-05-03T05:15;21;EUR;MWh;NO;NO;;70.3;70.3;70.3;-1;DOWN
2025-05-03T05:15;2025-05-03T05:30;22;EUR;MWh;NO;NO;;52.18;52.18;52.18;-1;DOWN
2025-05-03T05:30;2025-05-03T05:45;23;EUR;MWh;NO;NO;;43;43;43;-1;DOWN
2025-05-03T05:45;2025-05-03T06:00;24;EUR;MWh;NO;NO;;43;43;43;-1;DOWN
2025-05-03T06:00;2025-05-03T06:15;25;EUR;MWh;NO;NO;;51.98;51.98;51.98;-1;DOWN
2025-05-03T06:15;2025-05-03T06:30;26;EUR;MWh;NO;NO;;62.19;62.19;62.19;-1;DOWN
2025-05-03T06:30;2025-05-03T06:45;27;EUR;MWh;NO;NO;;57.52;57.52;57.52;-1;DOWN
2025-05-03T06:45;2025-05-03T07:00;28;EUR;MWh;NO;NO;;26.98;26.98;26.98;-1;DOWN
2025-05-03T07:00;2025-05-03T07:15;29;EUR;MWh;NO;NO;99.8;26.98;99.8;26.98;2;UP_AND_DOWN
2025-05-03T07:15;2025-05-03T07:30;30;EUR;MWh;NO;NO;99.8;43;43;43;-1;DOWN
2025-05-03T07:30;2025-05-03T07:45;31;EUR;MWh;NO;NO;;40.98;40.98;40.98;-1;DOWN
2025-05-03T07:45;2025-05-03T08:00;32;EUR;MWh;NO;NO;;60.31;60.31;60.31;-1;DOWN
2025-05-03T08:00;2025-05-03T08:15;33;EUR;MWh;NO;NO;88.56;49;88.56;49;2;UP_AND_DOWN
2025-05-03T08:15;2025-05-03T08:30;34;EUR;MWh;NO;NO;56;54;61.29;54;2;UP_AND_DOWN
2025-05-03T08:30;2025-05-03T08:45;35;EUR;MWh;NO;NO;;54;54;54;-1;DOWN
2025-05-03T08:45;2025-05-03T09:00;36;EUR;MWh;NO;NO;;10;10;10;-1;DOWN
2025-05-03T09:00;2025-05-03T09:15;37;EUR;MWh;NO;NO;;10.98;10.98;10.98;-1;DOWN
2025-05-03T09:15;2025-05-03T09:30;38;EUR;MWh;NO;NO;112.6;;112.6;112.6;1;UP
2025-05-03T09:30;2025-05-03T09:45;39;EUR;MWh;NO;NO;112.6;-30;-30;-30;-1;DOWN
2025-05-03T09:45;2025-05-03T10:00;40;EUR;MWh;NO;NO;;-40;-40;-40;-1;DOWN
2025-05-03T10:00;2025-05-03T10:15;41;EUR;MWh;NO;NO;;36;36;36;-1;DOWN
2025-05-03T10:15;2025-05-03T10:30;42;EUR;MWh;NO;NO;;-30;-30;-30;-1;DOWN
2025-05-03T10:30;2025-05-03T10:45;43;EUR;MWh;NO;NO;;-10.02;-10.02;-10.02;-1;DOWN
2025-05-03T10:45;2025-05-03T11:00;44;EUR;MWh;NO;NO;;20;20;20;-1;DOWN
2025-05-03T11:00;2025-05-03T11:15;45;EUR;MWh;NO;NO;26;71;52.79;52.79;2;UP_AND_DOWN
2025-05-03T11:15;2025-05-03T11:30;46;EUR;MWh;NO;NO;19;;19;19;1;UP
2025-05-03T11:30;2025-05-03T11:45;47;EUR;MWh;NO;NO;30;79.57;30;30;1;UP
2025-05-03T11:45;2025-05-03T12:00;48;EUR;MWh;NO;NO;22;;22;22;1;UP
2025-05-03T12:00;2025-05-03T12:15;49;EUR;MWh;NO;NO;22;56.98;50.79;50.79;2;UP_AND_DOWN
2025-05-03T12:15;2025-05-03T12:30;50;EUR;MWh;NO;NO;26;49.98;52.79;49.98;2;UP_AND_DOWN
2025-05-03T12:30;2025-05-03T12:45;51;EUR;MWh;NO;NO;76.56;79.57;76.56;55.29;2;UP_AND_DOWN
2025-05-03T12:45;2025-05-03T13:00;52;EUR;MWh;NO;NO;32;35.98;55.79;35.98;2;UP_AND_DOWN
2025-05-03T13:00;2025-05-03T13:15;53;EUR;MWh;NO;NO;;-33.22;-33.22;-33.22;-1;DOWN
2025-05-03T13:15;2025-05-03T13:30;54;EUR;MWh;NO;NO;;-31;-31;-31;-1;DOWN
2025-05-03T13:30;2025-05-03T13:45;55;EUR;MWh;NO;NO;;-40;-40;-40;-1;DOWN
2025-05-03T13:45;2025-05-03T14:00;56;EUR;MWh;NO;NO;;-38.57;-38.57;-38.57;-1;DOWN
2025-05-03T14:00;2025-05-03T14:15;57;EUR;MWh;NO;NO;;-60;-60;-60;-1;DOWN
2025-05-03T14:15;2025-05-03T14:30;58;EUR;MWh;NO;NO;;22.98;22.98;22.98;-1;DOWN
2025-05-03T14:30;2025-05-03T14:45;59;EUR;MWh;NO;NO;;31.98;31.98;31.98;-1;DOWN
2025-05-03T14:45;2025-05-03T15:00;60;EUR;MWh;NO;NO;88.56;79.57;88.56;41.79;2;UP_AND_DOWN
2025-05-03T15:00;2025-05-03T15:15;61;EUR;MWh;NO;NO;125.98;;125.98;125.98;1;UP
2025-05-03T15:15;2025-05-03T15:30;62;EUR;MWh;NO;NO;1999;;1999;1999;1;UP
2025-05-03T15:30;2025-05-03T15:45;63;EUR;MWh;NO;NO;1999;;1999;1999;1;UP
2025-05-03T15:45;2025-05-03T16:00;64;EUR;MWh;NO;NO;140.5;36;36;36;-1;DOWN
2025-05-03T16:00;2025-05-03T16:15;65;EUR;MWh;NO;NO;;-29.7;-29.7;-29.7;-1;DOWN
2025-05-03T16:15;2025-05-03T16:30;66;EUR;MWh;NO;NO;;-10.02;-10.02;-10.02;-1;DOWN
2025-05-03T16:30;2025-05-03T16:45;67;EUR;MWh;NO;NO;;-30;-30;-30;-1;DOWN
2025-05-03T16:45;2025-05-03T17:00;68;EUR;MWh;NO;NO;;-60;-60;-60;-1;DOWN
2025-05-03T17:00;2025-05-03T17:15;69;EUR;MWh;NO;NO;;-58;-58;-58;-1;DOWN
2025-05-03T17:15;2025-05-03T17:30;70;EUR;MWh;NO;NO;;-57.1;-57.1;-57.1;-1;DOWN
2025-05-03T17:30;2025-05-03T17:45;71;EUR;MWh;NO;NO;;-12.33;-12.33;-12.33;-1;DOWN
2025-05-03T17:45;2025-05-03T18:00;72;EUR;MWh;NO;NO;;-30;-30;-30;-1;DOWN
2025-05-03T18:00;2025-05-03T18:15;73;EUR;MWh;NO;NO;118.9;71;118.9;41.29;2;UP_AND_DOWN
2025-05-03T18:15;2025-05-03T18:30;74;EUR;MWh;NO;NO;119;35.98;119;35.98;2;UP_AND_DOWN
2025-05-03T18:30;2025-05-03T18:45;75;EUR;MWh;NO;NO;119;22.98;119;22.98;2;UP_AND_DOWN
2025-05-03T18:45;2025-05-03T19:00;76;EUR;MWh;NO;NO;112.7;22.98;112.7;112.7;1;UP
2025-05-03T19:00;2025-05-03T19:15;77;EUR;MWh;NO;NO;102.4;79.57;102.4;43.79;2;UP_AND_DOWN
2025-05-03T19:15;2025-05-03T19:30;78;EUR;MWh;NO;NO;119;;119;119;1;UP
2025-05-03T19:30;2025-05-03T19:45;79;EUR;MWh;NO;NO;77.88;;77.88;77.88;1;UP
2025-05-03T19:45;2025-05-03T20:00;80;EUR;MWh;NO;NO;22;54;50.79;50.79;2;UP_AND_DOWN
2025-05-03T20:00;2025-05-03T20:15;81;EUR;MWh;NO;NO;;79.57;79.57;79.57;-1;DOWN
2025-05-03T20:15;2025-05-03T20:30;82;EUR;MWh;NO;NO;;79.57;79.57;79.57;-1;DOWN
2025-05-03T20:30;2025-05-03T20:45;83;EUR;MWh;NO;NO;;;61.29;61.29;0;STABLE
2025-05-03T20:45;2025-05-03T21:00;84;EUR;MWh;NO;NO;;79.57;79.57;79.57;-1;DOWN
2025-05-03T21:00;2025-05-03T21:15;85;EUR;MWh;NO;NO;;79.57;79.57;79.57;-1;DOWN
2025-05-03T21:15;2025-05-03T21:30;86;EUR;MWh;NO;NO;;72;72;72;-1;DOWN
2025-05-03T21:30;2025-05-03T21:45;87;EUR;MWh;NO;NO;;10;10;10;-1;DOWN
2025-05-03T21:45;2025-05-03T22:00;88;EUR;MWh;NO;NO;;10.98;10.98;10.98;-1;DOWN
2025-05-03T22:00;2025-05-03T22:15;89;EUR;MWh;NO;NO;;22.98;22.98;22.98;-1;DOWN
2025-05-03T22:15;2025-05-03T22:30;90;EUR;MWh;NO;NO;;54;54;54;-1;DOWN
2025-05-03T22:30;2025-05-03T22:45;91;EUR;MWh;NO;NO;;53;53;53;-1;DOWN
2025-05-03T22:45;2025-05-03T23:00;92;EUR;MWh;NO;NO;;54;54;54;-1;DOWN
2025-05-03T23:00;2025-05-03T23:15;93;EUR;MWh;NO;NO;;43;43;43;-1;DOWN
2025-05-03T23:15;2025-05-03T23:30;94;EUR;MWh;NO;NO;;22;22;22;-1;DOWN
2025-05-03T23:30;2025-05-03T23:45;95;EUR;MWh;NO;NO;;22;22;22;-1;DOWN
2025-05-03T23:45;2025-05-04T00:00;96;EUR;MWh;NO;NO;68.56;;68.56;68.56;1;UP
2025-05-04T00:00;2025-05-04T00:15;1;EUR;MWh;NO;NO;400;;400;400;1;UP
2025-05-04T00:15;2025-05-04T00:30;2;EUR;MWh;NO;NO;68.56;;68.56;68.56;1;UP
2025-05-04T00:30;2025-05-04T00:45;3;EUR;MWh;NO;NO;;;59.29;59.29;0;STABLE
2025-05-04T00:45;2025-05-04T01:00;4;EUR;MWh;NO;NO;;27;27;27;-1;DOWN
2025-05-04T01:00;2025-05-04T01:15;5;EUR;MWh;NO;NO;;79.57;79.57;79.57;-1;DOWN
2025-05-04T01:15;2025-05-04T01:30;6;EUR;MWh;NO;NO;;71;71;71;-1;DOWN
2025-05-04T01:30;2025-05-04T01:45;7;EUR;MWh;NO;NO;;35;35;35;-1;DOWN
2025-05-04T01:45;2025-05-04T02:00;8;EUR;MWh;NO;NO;;35;35;35;-1;DOWN
2025-05-04T02:00;2025-05-04T02:15;9;EUR;MWh;NO;NO;;35;35;35;-1;DOWN
2025-05-04T02:15;2025-05-04T02:30;10;EUR;MWh;NO;NO;;11;11;11;-1;DOWN
2025-05-04T02:30;2025-05-04T02:45;11;EUR;MWh;NO;NO;;-1;-1;-1;-1;DOWN
2025-05-04T02:45;2025-05-04T03:00;12;EUR;MWh;NO;NO;;-50;-50;-50;-1;DOWN
2025-05-04T03:00;2025-05-04T03:15;13;EUR;MWh;NO;NO;;-55;-55;-55;-1;DOWN
2025-05-04T03:15;2025-05-04T03:30;14;EUR;MWh;NO;NO;;-50;-50;-50;-1;DOWN
2025-05-04T03:30;2025-05-04T03:45;15;EUR;MWh;NO;NO;;-60;-60;-60;-1;DOWN
2025-05-04T03:45;2025-05-04T04:00;16;EUR;MWh;NO;NO;;-49.56;-49.56;-49.56;-1;DOWN
2025-05-04T04:00;2025-05-04T04:15;17;EUR;MWh;NO;NO;;-60;-60;-60;-1;DOWN
2025-05-04T04:15;2025-05-04T04:30;18;EUR;MWh;NO;NO;;-28.1;-28.1;-28.1;-1;DOWN
2025-05-04T04:30;2025-05-04T04:45;19;EUR;MWh;NO;NO;;-36.8;-36.8;-36.8;-1;DOWN
2025-05-04T04:45;2025-05-04T05:00;20;EUR;MWh;NO;NO;;-30;-30;-30;-1;DOWN
2025-05-04T05:00;2025-05-04T05:15;21;EUR;MWh;NO;NO;;-29.4;-29.4;-29.4;-1;DOWN
2025-05-04T05:15;2025-05-04T05:30;22;EUR;MWh;NO;NO;;-6;-6;-6;-1;DOWN
2025-05-04T05:30;2025-05-04T05:45;23;EUR;MWh;NO;NO;;10;10;10;-1;DOWN
2025-05-04T05:45;2025-05-04T06:00;24;EUR;MWh;NO;NO;;-2.77;-2.77;-2.77;-1;DOWN
2025-05-04T06:00;2025-05-04T06:15;25;EUR;MWh;NO;NO;;-56.07;-56.07;-56.07;-1;DOWN
2025-05-04T06:15;2025-05-04T06:30;26;EUR;MWh;NO;NO;;-40;-40;-40;-1;DOWN
2025-05-04T06:30;2025-05-04T06:45;27;EUR;MWh;NO;NO;;-55;-55;-55;-1;DOWN
2025-05-04T06:45;2025-05-04T07:00;28;EUR;MWh;NO;NO;1;-20;-20;-20;-1;DOWN
2025-05-04T07:00;2025-05-04T07:15;29;EUR;MWh;NO;NO;100;;100;0;2;UP_AND_DOWN
2025-05-04T07:15;2025-05-04T07:30;30;EUR;MWh;NO;NO;78.56;-14.33;78.56;-14.33;2;UP_AND_DOWN
2025-05-04T07:30;2025-05-04T07:45;31;EUR;MWh;NO;NO;78.56;-27.8;78.56;-27.8;2;UP_AND_DOWN
2025-05-04T07:45;2025-05-04T08:00;32;EUR;MWh;NO;NO;;-27.8;-27.8;-27.8;-1;DOWN
2025-05-04T08:00;2025-05-04T08:15;33;EUR;MWh;NO;NO;;-30;-30;-30;-1;DOWN
2025-05-04T08:15;2025-05-04T08:30;34;EUR;MWh;NO;NO;;-29.7;-29.7;-29.7;-1;DOWN
2025-05-04T08:30;2025-05-04T08:45;35;EUR;MWh;NO;NO;;-36.67;-36.67;-36.67;-1;DOWN
2025-05-04T08:45;2025-05-04T09:00;36;EUR;MWh;NO;NO;;-55.9;-55.9;-55.9;-1;DOWN
2025-05-04T09:00;2025-05-04T09:15;37;EUR;MWh;NO;NO;;-57.66;-57.66;-57.66;-1;DOWN
2025-05-04T09:15;2025-05-04T09:30;38;EUR;MWh;NO;NO;;-16.91;-16.91;-16.91;-1;DOWN
2025-05-04T09:30;2025-05-04T09:45;39;EUR;MWh;NO;NO;;-29.24;-29.24;-29.24;-1;DOWN
2025-05-04T09:45;2025-05-04T10:00;40;EUR;MWh;NO;NO;;-37;-37;-37;-1;DOWN
2025-05-04T10:00;2025-05-04T10:15;41;EUR;MWh;NO;NO;;-15;-15;-15;-1;DOWN
2025-05-04T10:15;2025-05-04T10:30;42;EUR;MWh;NO;NO;;68.98;68.98;68.98;-1;DOWN
2025-05-04T10:30;2025-05-04T10:45;43;EUR;MWh;NO;NO;;68.98;68.98;68.98;-1;DOWN
2025-05-04T10:45;2025-05-04T11:00;44;EUR;MWh;NO;NO;;6.83;6.83;6.83;-1;DOWN
2025-05-04T11:00;2025-05-04T11:15;45;EUR;MWh;NO;NO;;-21;-21;-21;-1;DOWN
2025-05-04T11:15;2025-05-04T11:30;46;EUR;MWh;NO;NO;;-30;-30;-30;-1;DOWN
2025-05-04T11:30;2025-05-04T11:45;47;EUR;MWh;NO;NO;;-45;-45;-45;-1;DOWN
2025-05-04T11:45;2025-05-04T12:00;48;EUR;MWh;NO;NO;;-37;-37;-37;-1;DOWN
2025-05-04T12:00;2025-05-04T12:15;49;EUR;MWh;NO;NO;;-30;-30;-30;-1;DOWN
2025-05-04T12:15;2025-05-04T12:30;50;EUR;MWh;NO;NO;;-50.1;-50.1;-50.1;-1;DOWN
2025-05-04T12:30;2025-05-04T12:45;51;EUR;MWh;NO;NO;82.06;-60;82.06;-60;2;UP_AND_DOWN
2025-05-04T12:45;2025-05-04T13:00;52;EUR;MWh;NO;NO;58.56;-67.39;58.56;-67.39;2;UP_AND_DOWN
2025-05-04T13:00;2025-05-04T13:15;53;EUR;MWh;NO;NO;;-37;-37;-37;-1;DOWN
2025-05-04T13:15;2025-05-04T13:30;54;EUR;MWh;NO;NO;;-30;-30;-30;-1;DOWN
2025-05-04T13:30;2025-05-04T13:45;55;EUR;MWh;NO;NO;;-36;-36;-36;-1;DOWN
2025-05-04T13:45;2025-05-04T14:00;56;EUR;MWh;NO;NO;;10;10;10;-1;DOWN
2025-05-04T14:00;2025-05-04T14:15;57;EUR;MWh;NO;NO;;10;10;10;-1;DOWN
2025-05-04T14:15;2025-05-04T14:30;58;EUR;MWh;NO;NO;;-3.04;-3.04;-3.04;-1;DOWN
2025-05-04T14:30;2025-05-04T14:45;59;EUR;MWh;NO;NO;;-3.04;-3.04;-3.04;-1;DOWN
2025-05-04T14:45;2025-05-04T15:00;60;EUR;MWh;NO;NO;;79.57;79.57;79.57;-1;DOWN
2025-05-04T15:00;2025-05-04T15:15;61;EUR;MWh;NO;NO;;-4.54;-4.54;-4.54;-1;DOWN
2025-05-04T15:15;2025-05-04T15:30;62;EUR;MWh;NO;NO;;-37;-37;-37;-1;DOWN
2025-05-04T15:30;2025-05-04T15:45;63;EUR;MWh;NO;NO;;-2.85;-2.85;-2.85;-1;DOWN
2025-05-04T15:45;2025-05-04T16:00;64;EUR;MWh;NO;NO;;79.57;79.57;79.57;-1;DOWN
2025-05-04T16:00;2025-05-04T16:15;65;EUR;MWh;NO;NO;;-19.8;-19.8;-19.8;-1;DOWN
2025-05-04T16:15;2025-05-04T16:30;66;EUR;MWh;NO;NO;;-30;-30;-30;-1;DOWN
2025-05-04T16:30;2025-05-04T16:45;67;EUR;MWh;NO;NO;;79.57;79.57;79.57;-1;DOWN
2025-05-04T16:45;2025-05-04T17:00;68;EUR;MWh;NO;NO;;-30;-30;-30;-1;DOWN
2025-05-04T17:00;2025-05-04T17:15;69;EUR;MWh;NO;NO;86;-456.87;-456.87;-456.87;-1;DOWN
2025-05-04T17:15;2025-05-04T17:30;70;EUR;MWh;NO;NO;86.8;-23.38;86.8;-23.38;2;UP_AND_DOWN
2025-05-04T17:30;2025-05-04T17:45;71;EUR;MWh;NO;NO;;10;10;10;-1;DOWN
2025-05-04T17:45;2025-05-04T18:00;72;EUR;MWh;NO;NO;;-15.83;-15.83;-15.83;-1;DOWN
2025-05-04T18:00;2025-05-04T18:15;73;EUR;MWh;NO;NO;;-14;-14;-14;-1;DOWN
2025-05-04T18:15;2025-05-04T18:30;74;EUR;MWh;NO;NO;;10;10;10;-1;DOWN
2025-05-04T18:30;2025-05-04T18:45;75;EUR;MWh;NO;NO;87;10;87;10;2;UP_AND_DOWN
2025-05-04T18:45;2025-05-04T19:00;76;EUR;MWh;NO;NO;87.8;77.17;87.8;69.07;2;UP_AND_DOWN
2025-05-04T19:00;2025-05-04T19:15;77;EUR;MWh;NO;NO;;;61.79;61.79;0;STABLE
2025-05-04T19:15;2025-05-04T19:30;78;EUR;MWh;NO;NO;87;;87;87;1;UP
2025-05-04T19:30;2025-05-04T19:45;79;EUR;MWh;NO;NO;87;70.2;70.2;70.2;-1;DOWN
2025-05-04T19:45;2025-05-04T20:00;80;EUR;MWh;NO;NO;86.8;68.03;86.8;61.79;2;UP_AND_DOWN
2025-05-04T20:00;2025-05-04T20:15;81;EUR;MWh;NO;NO;85;69.93;85;61.79;2;UP_AND_DOWN
2025-05-04T20:15;2025-05-04T20:30;82;EUR;MWh;NO;NO;97.98;;97.98;97.98;1;UP
2025-05-04T20:30;2025-05-04T20:45;83;EUR;MWh;NO;NO;103.98;;103.98;103.98;1;UP
2025-05-04T20:45;2025-05-04T21:00;84;EUR;MWh;NO;NO;114.98;;114.98;114.98;1;UP
2025-05-04T21:00;2025-05-04T21:15;85;EUR;MWh;NO;NO;85.3;;85.3;85.3;1;UP
2025-05-04T21:15;2025-05-04T21:30;86;EUR;MWh;NO;NO;95;;95;95;1;UP
2025-05-04T21:30;2025-05-04T21:45;87;EUR;MWh;NO;NO;85;;85;85;1;UP
2025-05-04T21:45;2025-05-04T22:00;88;EUR;MWh;NO;NO;;70;70;70;-1;DOWN
2025-05-04T22:00;2025-05-04T22:15;89;EUR;MWh;NO;NO;;67.61;67.61;67.61;-1;DOWN
2025-05-04T22:15;2025-05-04T22:30;90;EUR;MWh;NO;NO;;64;64;64;-1;DOWN
2025-05-04T22:30;2025-05-04T22:45;91;EUR;MWh;NO;NO;85;68.98;85;61.79;2;UP_AND_DOWN
2025-05-04T22:45;2025-05-04T23:00;92;EUR;MWh;NO;NO;84.1;63.98;84.1;61.79;2;UP_AND_DOWN
2025-05-04T23:00;2025-05-04T23:15;93;EUR;MWh;NO;NO;125.82;61.61;125.82;61.61;2;UP_AND_DOWN
2025-05-04T23:15;2025-05-04T23:30;94;EUR;MWh;NO;NO;85;;85;85;1;UP
2025-05-04T23:30;2025-05-04T23:45;95;EUR;MWh;NO;NO;;70.4;70.4;70.4;-1;DOWN
2025-05-04T23:45;2025-05-05T00:00;96;EUR;MWh;NO;NO;85;70;85;61.79;2;UP_AND_DOWN
2025-05-05T00:00;2025-05-05T00:15;1;EUR;MWh;NO;NO;85;36.76;36.76;36.76;-1;DOWN
2025-05-05T00:15;2025-05-05T00:30;2;EUR;MWh;NO;NO;;28.58;28.58;28.58;-1;DOWN
2025-05-05T00:30;2025-05-05T00:45;3;EUR;MWh;NO;NO;;28.58;28.58;28.58;-1;DOWN
2025-05-05T00:45;2025-05-05T01:00;4;EUR;MWh;NO;NO;;34.68;34.68;34.68;-1;DOWN
2025-05-05T01:00;2025-05-05T01:15;5;EUR;MWh;NO;NO;;34.58;34.58;34.58;-1;DOWN
2025-05-05T01:15;2025-05-05T01:30;6;EUR;MWh;NO;NO;;50.08;50.08;50.08;-1;DOWN
2025-05-05T01:30;2025-05-05T01:45;7;EUR;MWh;NO;NO;;66;66;66;-1;DOWN
2025-05-05T01:45;2025-05-05T02:00;8;EUR;MWh;NO;NO;;72.98;72.98;72.98;-1;DOWN
2025-05-05T02:00;2025-05-05T02:15;9;EUR;MWh;NO;NO;84;73.98;84;65.5;2;UP_AND_DOWN
2025-05-05T02:15;2025-05-05T02:30;10;EUR;MWh;NO;NO;84;;84;84;1;UP
2025-05-05T02:30;2025-05-05T02:45;11;EUR;MWh;NO;NO;78.56;;78.56;78.56;1;UP
2025-05-05T02:45;2025-05-05T03:00;12;EUR;MWh;NO;NO;78.56;;78.56;78.56;1;UP
2025-05-05T03:00;2025-05-05T03:15;13;EUR;MWh;NO;NO;84;;84;84;1;UP
2025-05-05T03:15;2025-05-05T03:30;14;EUR;MWh;NO;NO;84;71;71;71;-1;DOWN
2025-05-05T03:30;2025-05-05T03:45;15;EUR;MWh;NO;NO;;72.98;72.98;72.98;-1;DOWN
2025-05-05T03:45;2025-05-05T04:00;16;EUR;MWh;NO;NO;;60.21;60.21;60.21;-1;DOWN
2025-05-05T04:00;2025-05-05T04:15;17;EUR;MWh;NO;NO;;69.88;69.88;69.88;-1;DOWN
2025-05-05T04:15;2025-05-05T04:30;18;EUR;MWh;NO;NO;;66.75;66.75;66.75;-1;DOWN
2025-05-05T04:30;2025-05-05T04:45;19;EUR;MWh;NO;NO;;56.04;56.04;56.04;-1;DOWN
2025-05-05T04:45;2025-05-05T05:00;20;EUR;MWh;NO;NO;;64.1;64.1;64.1;-1;DOWN
2025-05-05T05:00;2025-05-05T05:15;21;EUR;MWh;NO;NO;78.56;57.08;78.56;57.08;2;UP_AND_DOWN
2025-05-05T05:15;2025-05-05T05:30;22;EUR;MWh;NO;NO;85.9;;85.9;85.9;1;UP
2025-05-05T05:30;2025-05-05T05:45;23;EUR;MWh;NO;NO;90.98;;90.98;90.98;1;UP
2025-05-05T05:45;2025-05-05T06:00;24;EUR;MWh;NO;NO;112.98;;112.98;112.98;1;UP
2025-05-05T06:00;2025-05-05T06:15;25;EUR;MWh;NO;NO;150.34;;150.34;150.34;1;UP
2025-05-05T06:15;2025-05-05T06:30;26;EUR;MWh;NO;NO;150.6;;150.6;150.6;1;UP
2025-05-05T06:30;2025-05-05T06:45;27;EUR;MWh;NO;NO;86.56;;86.56;86.56;1;UP
2025-05-05T06:45;2025-05-05T07:00;28;EUR;MWh;NO;NO;84.23;;84.23;84.23;1;UP
2025-05-05T07:00;2025-05-05T07:15;29;EUR;MWh;NO;NO;;69.98;69.98;69.98;-1;DOWN
2025-05-05T07:15;2025-05-05T07:30;30;EUR;MWh;NO;NO;;68.98;68.98;68.98;-1;DOWN
2025-05-05T07:30;2025-05-05T07:45;31;EUR;MWh;NO;NO;;65.9;65.9;65.9;-1;DOWN
2025-05-05T07:45;2025-05-05T08:00;32;EUR;MWh;NO;NO;;14.98;14.98;14.98;-1;DOWN
2025-05-05T08:00;2025-05-05T08:15;33;EUR;MWh;NO;NO;;10;10;10;-1;DOWN
2025-05-05T08:15;2025-05-05T08:30;34;EUR;MWh;NO;NO;;3.98;3.98;3.98;-1;DOWN
2025-05-05T08:30;2025-05-05T08:45;35;EUR;MWh;NO;NO;;-34;-34;-34;-1;DOWN
2025-05-05T08:45;2025-05-05T09:00;36;EUR;MWh;NO;NO;;-50;-50;-50;-1;DOWN
2025-05-05T09:00;2025-05-05T09:15;37;EUR;MWh;NO;NO;;-70;-70;-70;-1;DOWN
2025-05-05T09:15;2025-05-05T09:30;38;EUR;MWh;NO;NO;;-60;-60;-60;-1;DOWN
2025-05-05T09:30;2025-05-05T09:45;39;EUR;MWh;NO;NO;;-40;-40;-40;-1;DOWN
2025-05-05T09:45;2025-05-05T10:00;40;EUR;MWh;NO;NO;;-18.5;-18.5;-18.5;-1;DOWN
2025-05-05T10:00;2025-05-05T10:15;41;EUR;MWh;NO;NO;86.36;-16.35;86.36;-16.35;2;UP_AND_DOWN
2025-05-05T10:15;2025-05-05T10:30;42;EUR;MWh;NO;NO;;10;10;10;-1;DOWN
2025-05-05T10:30;2025-05-05T10:45;43;EUR;MWh;NO;NO;;16.98;16.98;16.98;-1;DOWN
2025-05-05T10:45;2025-05-05T11:00;44;EUR;MWh;NO;NO;;10;10;10;-1;DOWN
2025-05-05T11:00;2025-05-05T11:15;45;EUR;MWh;NO;NO;;-20.13;-20.13;-20.13;-1;DOWN
2025-05-05T11:15;2025-05-05T11:30;46;EUR;MWh;NO;NO;;-30;-30;-30;-1;DOWN
2025-05-05T11:30;2025-05-05T11:45;47;EUR;MWh;NO;NO;;8.98;8.98;8.98;-1;DOWN
2025-05-05T11:45;2025-05-05T12:00;48;EUR;MWh;NO;NO;;-29.7;-29.7;-29.7;-1;DOWN
2025-05-05T12:00;2025-05-05T12:15;49;EUR;MWh;NO;NO;;-29.26;-29.26;-29.26;-1;DOWN
2025-05-05T12:15;2025-05-05T12:30;50;EUR;MWh;NO;NO;;64.98;64.98;64.98;-1;DOWN
2025-05-05T12:30;2025-05-05T12:45;51;EUR;MWh;NO;NO;;22.98;22.98;22.98;-1;DOWN
2025-05-05T12:45;2025-05-05T13:00;52;EUR;MWh;NO;NO;;11;11;11;-1;DOWN
2025-05-05T13:00;2025-05-05T13:15;53;EUR;MWh;NO;NO;9;16.98;42.29;16.98;2;UP_AND_DOWN
2025-05-05T13:15;2025-05-05T13:30;54;EUR;MWh;NO;NO;81.77;59.98;81.77;42.29;2;UP_AND_DOWN
2025-05-05T13:30;2025-05-05T13:45;55;EUR;MWh;NO;NO;78.56;71;78.56;42.29;2;UP_AND_DOWN
2025-05-05T13:45;2025-05-05T14:00;56;EUR;MWh;NO;NO;;-21.57;-21.57;-21.57;-1;DOWN
2025-05-05T14:00;2025-05-05T14:15;57;EUR;MWh;NO;NO;;-50;-50;-50;-1;DOWN
2025-05-05T14:15;2025-05-05T14:30;58;EUR;MWh;NO;NO;;-100;-100;-100;-1;DOWN
2025-05-05T14:30;2025-05-05T14:45;59;EUR;MWh;NO;NO;;-60;-60;-60;-1;DOWN
2025-05-05T14:45;2025-05-05T15:00;60;EUR;MWh;NO;NO;;-69;-69;-69;-1;DOWN
2025-05-05T15:00;2025-05-05T15:15;61;EUR;MWh;NO;NO;58.56;-59.7;58.56;58.56;1;UP
2025-05-05T15:15;2025-05-05T15:30;62;EUR;MWh;NO;NO;58.6;-59.6;58.6;-59.6;2;UP_AND_DOWN
2025-05-05T15:30;2025-05-05T15:45;63;EUR;MWh;NO;NO;;-20;-20;-20;-1;DOWN
2025-05-05T15:45;2025-05-05T16:00;64;EUR;MWh;NO;NO;;-14.14;-14.14;-14.14;-1;DOWN
2025-05-05T16:00;2025-05-05T16:15;65;EUR;MWh;NO;NO;;-50;-50;-50;-1;DOWN
2025-05-05T16:15;2025-05-05T16:30;66;EUR;MWh;NO;NO;;-70;-70;-70;-1;DOWN
2025-05-05T16:30;2025-05-05T16:45;67;EUR;MWh;NO;NO;;22.98;22.98;22.98;-1;DOWN
2025-05-05T16:45;2025-05-05T17:00;68;EUR;MWh;NO;NO;;-15.01;-15.01;-15.01;-1;DOWN
2025-05-05T17:00;2025-05-05T17:15;69;EUR;MWh;NO;NO;;-11.4;-11.4;-11.4;-1;DOWN
2025-05-05T17:15;2025-05-05T17:30;70;EUR;MWh;NO;NO;20;;40.79;0;2;UP_AND_DOWN
2025-05-05T17:30;2025-05-05T17:45;71;EUR;MWh;NO;NO;68.56;-11.4;68.56;-11.4;2;UP_AND_DOWN
2025-05-05T17:45;2025-05-05T18:00;72;EUR;MWh;NO;NO;;-11.09;-11.09;-11.09;-1;DOWN
2025-05-05T18:00;2025-05-05T18:15;73;EUR;MWh;NO;NO;68.56;72.98;68.56;40.79;2;UP_AND_DOWN
2025-05-05T18:15;2025-05-05T18:30;74;EUR;MWh;NO;NO;2;36.98;40.79;36.98;2;UP_AND_DOWN
2025-05-05T18:30;2025-05-05T18:45;75;EUR;MWh;NO;NO;84;57.09;84;40.79;2;UP_AND_DOWN
2025-05-05T18:45;2025-05-05T19:00;76;EUR;MWh;NO;NO;78.56;;78.56;78.56;1;UP
2025-05-05T19:00;2025-05-05T19:15;77;EUR;MWh;NO;NO;78.56;-30;-30;-30;-1;DOWN
2025-05-05T19:15;2025-05-05T19:30;78;EUR;MWh;NO;NO;5;71.98;46.5;46.5;2;UP_AND_DOWN
2025-05-05T19:30;2025-05-05T19:45;79;EUR;MWh;NO;NO;114.98;;114.98;114.98;1;UP
2025-05-05T19:45;2025-05-05T20:00;80;EUR;MWh;NO;NO;125.98;;125.98;125.98;1;UP
2025-05-05T20:00;2025-05-05T20:15;81;EUR;MWh;NO;NO;44;51.58;66;51.58;2;UP_AND_DOWN
2025-05-05T20:15;2025-05-05T20:30;82;EUR;MWh;NO;NO;78.56;77.17;78.56;66;2;UP_AND_DOWN
2025-05-05T20:30;2025-05-05T20:45;83;EUR;MWh;NO;NO;78.56;;78.56;78.56;1;UP
2025-05-05T20:45;2025-05-05T21:00;84;EUR;MWh;NO;NO;;88;88;88;-1;DOWN
2025-05-05T21:00;2025-05-05T21:15;85;EUR;MWh;NO;NO;;73.08;73.08;73.08;-1;DOWN
2025-05-05T21:15;2025-05-05T21:30;86;EUR;MWh;NO;NO;78.56;73.98;78.56;66;2;UP_AND_DOWN
2025-05-05T21:30;2025-05-05T21:45;87;EUR;MWh;NO;NO;84;;84;84;1;UP
2025-05-05T21:45;2025-05-05T22:00;88;EUR;MWh;NO;NO;58.56;66.45;66.45;66.45;-1;DOWN
2025-05-05T22:00;2025-05-05T22:15;89;EUR;MWh;NO;NO;;70.1;70.1;70.1;-1;DOWN
2025-05-05T22:15;2025-05-05T22:30;90;EUR;MWh;NO;NO;78.56;74.8;78.56;66;2;UP_AND_DOWN
2025-05-05T22:30;2025-05-05T22:45;91;EUR;MWh;NO;NO;84;79.57;84;84;1;UP
2025-05-05T22:45;2025-05-05T23:00;92;EUR;MWh;NO;NO;111.61;;111.61;111.61;1;UP
2025-05-05T23:00;2025-05-05T23:15;93;EUR;MWh;NO;NO;100;;100;100;1;UP
2025-05-05T23:15;2025-05-05T23:30;94;EUR;MWh;NO;NO;78.56;71;78.56;66;2;UP_AND_DOWN
2025-05-05T23:30;2025-05-05T23:45;95;EUR;MWh;NO;NO;;64;64;64;-1;DOWN
2025-05-05T23:45;2025-05-06T00:00;96;EUR;MWh;NO;NO;84;64;84;64;2;UP_AND_DOWN
2025-05-06T00:00;2025-05-06T00:15;1;EUR;MWh;NO;NO;85;;85;85;1;UP
2025-05-06T00:15;2025-05-06T00:30;2;EUR;MWh;NO;NO;78.56;51.48;51.48;51.48;-1;DOWN
2025-05-06T00:30;2025-05-06T00:45;3;EUR;MWh;NO;NO;58.56;51.58;64.49;51.58;2;UP_AND_DOWN
2025-05-06T00:45;2025-05-06T01:00;4;EUR;MWh;NO;NO;78.56;;78.56;78.56;1;UP
2025-05-06T01:00;2025-05-06T01:15;5;EUR;MWh;NO;NO;86.3;81.98;86.3;64.49;2;UP_AND_DOWN
2025-05-06T01:15;2025-05-06T01:30;6;EUR;MWh;NO;NO;88.56;;88.56;88.56;1;UP
2025-05-06T01:30;2025-05-06T01:45;7;EUR;MWh;NO;NO;97.23;;97.23;97.23;1;UP
2025-05-06T01:45;2025-05-06T02:00;8;EUR;MWh;NO;NO;93.58;;93.58;93.58;1;UP
2025-05-06T02:00;2025-05-06T02:15;9;EUR;MWh;NO;NO;;;71.77;71.77;0;STABLE
2025-05-06T02:15;2025-05-06T02:30;10;EUR;MWh;NO;NO;;;71.77;71.77;0;STABLE
2025-05-06T02:30;2025-05-06T02:45;11;EUR;MWh;NO;NO;84;;84;84;1;UP
2025-05-06T02:45;2025-05-06T03:00;12;EUR;MWh;NO;NO;106;;106;106;1;UP
2025-05-06T03:00;2025-05-06T03:15;13;EUR;MWh;NO;NO;95;;95;95;1;UP
2025-05-06T03:15;2025-05-06T03:30;14;EUR;MWh;NO;NO;;84.98;84.98;84.98;-1;DOWN
2025-05-06T03:30;2025-05-06T03:45;15;EUR;MWh;NO;NO;;58;58;58;-1;DOWN
2025-05-06T03:45;2025-05-06T04:00;16;EUR;MWh;NO;NO;;56.98;56.98;56.98;-1;DOWN
2025-05-06T04:00;2025-05-06T04:15;17;EUR;MWh;NO;NO;;56.98;56.98;56.98;-1;DOWN
2025-05-06T04:15;2025-05-06T04:30;18;EUR;MWh;NO;NO;;70.1;70.1;70.1;-1;DOWN
2025-05-06T04:30;2025-05-06T04:45;19;EUR;MWh;NO;NO;;62.18;62.18;62.18;-1;DOWN
2025-05-06T04:45;2025-05-06T05:00;20;EUR;MWh;NO;NO;95;;95;95;1;UP
2025-05-06T05:00;2025-05-06T05:15;21;EUR;MWh;NO;NO;111;;111;111;1;UP
2025-05-06T05:15;2025-05-06T05:30;22;EUR;MWh;NO;NO;128.5;;128.5;128.5;1;UP
2025-05-06T05:30;2025-05-06T05:45;23;EUR;MWh;NO;NO;121;;121;121;1;UP
2025-05-06T05:45;2025-05-06T06:00;24;EUR;MWh;NO;NO;97.98;;97.98;97.98;1;UP
2025-05-06T06:00;2025-05-06T06:15;25;EUR;MWh;NO;NO;95;44;95;44;2;UP_AND_DOWN
2025-05-06T06:15;2025-05-06T06:30;26;EUR;MWh;NO;NO;111;44;111;111;1;UP
2025-05-06T06:30;2025-05-06T06:45;27;EUR;MWh;NO;NO;87.5;;87.5;87.5;1;UP
2025-05-06T06:45;2025-05-06T07:00;28;EUR;MWh;NO;NO;87.2;;87.2;87.2;1;UP
2025-05-06T07:00;2025-05-06T07:15;29;EUR;MWh;NO;NO;68.56;78;71.77;71.77;2;UP_AND_DOWN
2025-05-06T07:15;2025-05-06T07:30;30;EUR;MWh;NO;NO;100;81.98;100;71.77;2;UP_AND_DOWN
2025-05-06T07:30;2025-05-06T07:45;31;EUR;MWh;NO;NO;100;;100;100;1;UP
2025-05-06T07:45;2025-05-06T08:00;32;EUR;MWh;NO;NO;87.7;80.98;87.7;87.7;1;UP
2025-05-06T08:00;2025-05-06T08:15;33;EUR;MWh;NO;NO;;41;41;41;-1;DOWN
2025-05-06T08:15;2025-05-06T08:30;34;EUR;MWh;NO;NO;;26;26;26;-1;DOWN
2025-05-06T08:30;2025-05-06T08:45;35;EUR;MWh;NO;NO;;-30;-30;-30;-1;DOWN
2025-05-06T08:45;2025-05-06T09:00;36;EUR;MWh;NO;NO;;-31;-31;-31;-1;DOWN
2025-05-06T09:00;2025-05-06T09:15;37;EUR;MWh;NO;NO;58.56;-533.02;-533.02;-533.02;-1;DOWN
2025-05-06T09:15;2025-05-06T09:30;38;EUR;MWh;NO;NO;58.56;-37;-37;-37;-1;DOWN
2025-05-06T09:30;2025-05-06T09:45;39;EUR;MWh;NO;NO;;-30;-30;-30;-1;DOWN
2025-05-06T09:45;2025-05-06T10:00;40;EUR;MWh;NO;NO;;18;18;18;-1;DOWN
2025-05-06T10:00;2025-05-06T10:15;41;EUR;MWh;NO;NO;;-29.9;-29.9;-29.9;-1;DOWN
2025-05-06T10:15;2025-05-06T10:30;42;EUR;MWh;NO;NO;68.56;-30;68.56;-30;2;UP_AND_DOWN
2025-05-06T10:30;2025-05-06T10:45;43;EUR;MWh;NO;NO;;-30;-30;-30;-1;DOWN
2025-05-06T10:45;2025-05-06T11:00;44;EUR;MWh;NO;NO;;-26.45;-26.45;-26.45;-1;DOWN
2025-05-06T11:00;2025-05-06T11:15;45;EUR;MWh;NO;NO;;-14.14;-14.14;-14.14;-1;DOWN
2025-05-06T11:15;2025-05-06T11:30;46;EUR;MWh;NO;NO;;10;10;10;-1;DOWN
2025-05-06T11:30;2025-05-06T11:45;47;EUR;MWh;NO;NO;;-30;-30;-30;-1;DOWN
2025-05-06T11:45;2025-05-06T12:00;48;EUR;MWh;NO;NO;;-26;-26;-26;-1;DOWN
2025-05-06T12:00;2025-05-06T12:15;49;EUR;MWh;NO;NO;;26;26;26;-1;DOWN
2025-05-06T12:15;2025-05-06T12:30;50;EUR;MWh;NO;NO;;10;10;10;-1;DOWN
2025-05-06T12:30;2025-05-06T12:45;51;EUR;MWh;NO;NO;14;10;47.99;10;2;UP_AND_DOWN
2025-05-06T12:45;2025-05-06T13:00;52;EUR;MWh;NO;NO;14;26;47.99;26;2;UP_AND_DOWN
2025-05-06T13:00;2025-05-06T13:15;53;EUR;MWh;NO;NO;;-14.14;-14.14;-14.14;-1;DOWN
2025-05-06T13:15;2025-05-06T13:30;54;EUR;MWh;NO;NO;;-29.8;-29.8;-29.8;-1;DOWN
2025-05-06T13:30;2025-05-06T13:45;55;EUR;MWh;NO;NO;;10;10;10;-1;DOWN
2025-05-06T13:45;2025-05-06T14:00;56;EUR;MWh;NO;NO;;-28;-28;-28;-1;DOWN
2025-05-06T14:00;2025-05-06T14:15;57;EUR;MWh;NO;NO;;-31;-31;-31;-1;DOWN
2025-05-06T14:15;2025-05-06T14:30;58;EUR;MWh;NO;NO;;-45.3;-45.3;-45.3;-1;DOWN
2025-05-06T14:30;2025-05-06T14:45;59;EUR;MWh;NO;NO;;-31;-31;-31;-1;DOWN
2025-05-06T14:45;2025-05-06T15:00;60;EUR;MWh;NO;NO;;-31;-31;-31;-1;DOWN
2025-05-06T15:00;2025-05-06T15:15;61;EUR;MWh;NO;NO;;-23;-23;-23;-1;DOWN
2025-05-06T15:15;2025-05-06T15:30;62;EUR;MWh;NO;NO;58.56;79.57;61.79;61.79;2;UP_AND_DOWN
2025-05-06T15:30;2025-05-06T15:45;63;EUR;MWh;NO;NO;44;;61.79;61.79;0;STABLE
2025-05-06T15:45;2025-05-06T16:00;64;EUR;MWh;NO;NO;85.5;79.57;85.5;61.79;2;UP_AND_DOWN
2025-05-06T16:00;2025-05-06T16:15;65;EUR;MWh;NO;NO;86.98;;86.98;86.98;1;UP
2025-05-06T16:15;2025-05-06T16:30;66;EUR;MWh;NO;NO;87.98;;87.98;87.98;1;UP
2025-05-06T16:30;2025-05-06T16:45;67;EUR;MWh;NO;NO;150;;150;150;1;UP
2025-05-06T16:45;2025-05-06T17:00;68;EUR;MWh;NO;NO;135.98;;135.98;135.98;1;UP
2025-05-06T17:00;2025-05-06T17:15;69;EUR;MWh;NO;NO;160.4;;160.4;160.4;1;UP
2025-05-06T17:15;2025-05-06T17:30;70;EUR;MWh;NO;NO;113.98;;113.98;113.98;1;UP
2025-05-06T17:30;2025-05-06T17:45;71;EUR;MWh;NO;NO;150;;150;150;1;UP
2025-05-06T17:45;2025-05-06T18:00;72;EUR;MWh;NO;NO;119;;119;119;1;UP
2025-05-06T18:00;2025-05-06T18:15;73;EUR;MWh;NO;NO;90;71.87;102;71.87;2;UP_AND_DOWN
2025-05-06T18:15;2025-05-06T18:30;74;EUR;MWh;NO;NO;100;71.04;102;71.04;2;UP_AND_DOWN
2025-05-06T18:30;2025-05-06T18:45;75;EUR;MWh;NO;NO;121;;121;121;1;UP
2025-05-06T18:45;2025-05-06T19:00;76;EUR;MWh;NO;NO;140;79;140;79;2;UP_AND_DOWN
2025-05-06T19:00;2025-05-06T19:15;77;EUR;MWh;NO;NO;95;80.98;95;80.98;2;UP_AND_DOWN
2025-05-06T19:15;2025-05-06T19:30;78;EUR;MWh;NO;NO;113.98;;113.98;113.98;1;UP
2025-05-06T19:30;2025-05-06T19:45;79;EUR;MWh;NO;NO;150;;150;150;1;UP
2025-05-06T19:45;2025-05-06T20:00;80;EUR;MWh;NO;NO;159;;159;159;1;UP
2025-05-06T20:00;2025-05-06T20:15;81;EUR;MWh;NO;NO;99.98;;99.98;99.98;1;UP
2025-05-06T20:15;2025-05-06T20:30;82;EUR;MWh;NO;NO;110.98;;110.98;110.98;1;UP
2025-05-06T20:30;2025-05-06T20:45;83;EUR;MWh;NO;NO;153.8;;153.8;153.8;1;UP
2025-05-06T20:45;2025-05-06T21:00;84;EUR;MWh;NO;NO;106.44;;106.44;106.44;1;UP
2025-05-06T21:00;2025-05-06T21:15;85;EUR;MWh;NO;NO;150;;150;150;1;UP
2025-05-06T21:15;2025-05-06T21:30;86;EUR;MWh;NO;NO;110.98;;110.98;110.98;1;UP
2025-05-06T21:30;2025-05-06T21:45;87;EUR;MWh;NO;NO;96.98;84.98;108.28;84.98;2;UP_AND_DOWN
2025-05-06T21:45;2025-05-06T22:00;88;EUR;MWh;NO;NO;;57.31;57.31;57.31;-1;DOWN
2025-05-06T22:00;2025-05-06T22:15;89;EUR;MWh;NO;NO;87.31;51.31;109.28;51.31;2;UP_AND_DOWN
2025-05-06T22:15;2025-05-06T22:30;90;EUR;MWh;NO;NO;85.1;75;109.28;75;2;UP_AND_DOWN
2025-05-06T22:30;2025-05-06T22:45;91;EUR;MWh;NO;NO;87.31;71;104.28;71;2;UP_AND_DOWN
2025-05-06T22:45;2025-05-06T23:00;92;EUR;MWh;NO;NO;;51;51;51;-1;DOWN
2025-05-06T23:00;2025-05-06T23:15;93;EUR;MWh;NO;NO;105;51;105;51;2;UP_AND_DOWN
2025-05-06T23:15;2025-05-06T23:30;94;EUR;MWh;NO;NO;105;72.08;72.08;72.08;-1;DOWN
2025-05-06T23:30;2025-05-06T23:45;95;EUR;MWh;NO;NO;44;65.08;77.5;65.08;2;UP_AND_DOWN
2025-05-06T23:45;2025-05-07T00:00;96;EUR;MWh;NO;NO;111;100;111;72;2;UP_AND_DOWN
2025-05-07T00:00;2025-05-07T00:15;1;EUR;MWh;NO;NO;134.4;88;134.4;66;2;UP_AND_DOWN
2025-05-07T00:15;2025-05-07T00:30;2;EUR;MWh;NO;NO;121.56;;121.56;121.56;1;UP
2025-05-07T00:30;2025-05-07T00:45;3;EUR;MWh;NO;NO;79.99;;79.99;79.99;1;UP
2025-05-07T00:45;2025-05-07T01:00;4;EUR;MWh;NO;NO;82.74;;82.74;82.74;1;UP
2025-05-07T01:00;2025-05-07T01:15;5;EUR;MWh;NO;NO;107;;107;107;1;UP
2025-05-07T01:15;2025-05-07T01:30;6;EUR;MWh;NO;NO;96.29;;96.29;96.29;1;UP
2025-05-07T01:30;2025-05-07T01:45;7;EUR;MWh;NO;NO;89.82;;89.82;89.82;1;UP
2025-05-07T01:45;2025-05-07T02:00;8;EUR;MWh;NO;NO;102.82;;102.82;102.82;1;UP
2025-05-07T02:00;2025-05-07T02:15;9;EUR;MWh;NO;NO;133.1;;133.1;133.1;1;UP
2025-05-07T02:15;2025-05-07T02:30;10;EUR;MWh;NO;NO;134;;134;134;1;UP
2025-05-07T02:30;2025-05-07T02:45;11;EUR;MWh;NO;NO;133.3;;133.3;133.3;1;UP
2025-05-07T02:45;2025-05-07T03:00;12;EUR;MWh;NO;NO;129.79;;129.79;129.79;1;UP
2025-05-07T03:00;2025-05-07T03:15;13;EUR;MWh;NO;NO;82.89;66.55;82.89;66.55;2;UP_AND_DOWN
2025-05-07T03:15;2025-05-07T03:30;14;EUR;MWh;NO;NO;;67.98;67.98;67.98;-1;DOWN
2025-05-07T03:30;2025-05-07T03:45;15;EUR;MWh;NO;NO;;84.98;84.98;84.98;-1;DOWN
2025-05-07T03:45;2025-05-07T04:00;16;EUR;MWh;NO;NO;;80;80;80;-1;DOWN
2025-05-07T04:00;2025-05-07T04:15;17;EUR;MWh;NO;NO;;74.36;74.36;74.36;-1;DOWN
2025-05-07T04:15;2025-05-07T04:30;18;EUR;MWh;NO;NO;;75.08;75.08;75.08;-1;DOWN
2025-05-07T04:30;2025-05-07T04:45;19;EUR;MWh;NO;NO;;71;71;71;-1;DOWN
2025-05-07T04:45;2025-05-07T05:00;20;EUR;MWh;NO;NO;;64.82;64.82;64.82;-1;DOWN
2025-05-07T05:00;2025-05-07T05:15;21;EUR;MWh;NO;NO;86;68.16;86;64.49;2;UP_AND_DOWN
2025-05-07T05:15;2025-05-07T05:30;22;EUR;MWh;NO;NO;107;;107;107;1;UP
2025-05-07T05:30;2025-05-07T05:45;23;EUR;MWh;NO;NO;107;;107;107;1;UP
2025-05-07T05:45;2025-05-07T06:00;24;EUR;MWh;NO;NO;87.98;;87.98;87.98;1;UP
2025-05-07T06:00;2025-05-07T06:15;25;EUR;MWh;NO;NO;167.34;82.98;167.34;76.77;2;UP_AND_DOWN
2025-05-07T06:15;2025-05-07T06:30;26;EUR;MWh;NO;NO;168.03;;168.03;168.03;1;UP
2025-05-07T06:30;2025-05-07T06:45;27;EUR;MWh;NO;NO;107;;107;107;1;UP
2025-05-07T06:45;2025-05-07T07:00;28;EUR;MWh;NO;NO;107;;107;107;1;UP
2025-05-07T07:00;2025-05-07T07:15;29;EUR;MWh;NO;NO;142;;142;142;1;UP
2025-05-07T07:15;2025-05-07T07:30;30;EUR;MWh;NO;NO;143;;143;143;1;UP
2025-05-07T07:30;2025-05-07T07:45;31;EUR;MWh;NO;NO;159.98;;159.98;159.98;1;UP
2025-05-07T07:45;2025-05-07T08:00;32;EUR;MWh;NO;NO;1895;;1895;1895;1;UP
2025-05-07T08:00;2025-05-07T08:15;33;EUR;MWh;NO;NO;1895;;1895;1895;1;UP
2025-05-07T08:15;2025-05-07T08:30;34;EUR;MWh;NO;NO;1895;;1895;1895;1;UP
2025-05-07T08:30;2025-05-07T08:45;35;EUR;MWh;NO;NO;950;;950;950;1;UP
2025-05-07T08:45;2025-05-07T09:00;36;EUR;MWh;NO;NO;500;;500;500;1;UP
2025-05-07T09:00;2025-05-07T09:15;37;EUR;MWh;NO;NO;134.4;;134.4;134.4;1;UP
2025-05-07T09:15;2025-05-07T09:30;38;EUR;MWh;NO;NO;1895;;1895;1895;1;UP
2025-05-07T09:30;2025-05-07T09:45;39;EUR;MWh;NO;NO;2940;;2940;2940;1;UP
2025-05-07T09:45;2025-05-07T10:00;40;EUR;MWh;NO;NO;2939;;2939;2939;1;UP
2025-05-07T10:00;2025-05-07T10:15;41;EUR;MWh;NO;NO;159.98;;159.98;159.98;1;UP
2025-05-07T10:15;2025-05-07T10:30;42;EUR;MWh;NO;NO;146.98;;146.98;146.98;1;UP
2025-05-07T10:30;2025-05-07T10:45;43;EUR;MWh;NO;NO;135.7;;135.7;135.7;1;UP
2025-05-07T10:45;2025-05-07T11:00;44;EUR;MWh;NO;NO;135.6;;135.6;135.6;1;UP
2025-05-07T11:00;2025-05-07T11:15;45;EUR;MWh;NO;NO;155.3;;155.3;155.3;1;UP
2025-05-07T11:15;2025-05-07T11:30;46;EUR;MWh;NO;NO;111.29;;111.29;111.29;1;UP
2025-05-07T11:30;2025-05-07T11:45;47;EUR;MWh;NO;NO;68.56;80;68.56;64.49;2;UP_AND_DOWN
2025-05-07T11:45;2025-05-07T12:00;48;EUR;MWh;NO;NO;86;84.98;86;66;2;UP_AND_DOWN
2025-05-07T12:00;2025-05-07T12:15;49;EUR;MWh;NO;NO;2509;;2509;2509;1;UP
2025-05-07T12:15;2025-05-07T12:30;50;EUR;MWh;NO;NO;155.8;;155.8;155.8;1;UP
2025-05-07T12:30;2025-05-07T12:45;51;EUR;MWh;NO;NO;155.8;;66;66;0;STABLE
2025-05-07T12:45;2025-05-07T13:00;52;EUR;MWh;NO;NO;;;66;66;0;STABLE
2025-05-07T13:00;2025-05-07T13:15;53;EUR;MWh;NO;NO;86.7;65.57;86.7;65.57;2;UP_AND_DOWN
2025-05-07T13:15;2025-05-07T13:30;54;EUR;MWh;NO;NO;;14.57;14.57;14.57;-1;DOWN
2025-05-07T13:30;2025-05-07T13:45;55;EUR;MWh;NO;NO;;10;10;10;-1;DOWN
2025-05-07T13:45;2025-05-07T14:00;56;EUR;MWh;NO;NO;;10;10;10;-1;DOWN
2025-05-07T14:00;2025-05-07T14:15;57;EUR;MWh;NO;NO;113.98;57.17;113.98;57.17;2;UP_AND_DOWN
2025-05-07T14:15;2025-05-07T14:30;58;EUR;MWh;NO;NO;58.56;;58.56;58.56;1;UP
2025-05-07T14:30;2025-05-07T14:45;59;EUR;MWh;NO;NO;78.56;84.98;78.56;64.49;2;UP_AND_DOWN
2025-05-07T14:45;2025-05-07T15:00;60;EUR;MWh;NO;NO;86.4;;86.4;86.4;1;UP
2025-05-07T15:00;2025-05-07T15:15;61;EUR;MWh;NO;NO;107;;107;107;1;UP
2025-05-07T15:15;2025-05-07T15:30;62;EUR;MWh;NO;NO;107;68.57;107;64.49;2;UP_AND_DOWN
2025-05-07T15:30;2025-05-07T15:45;63;EUR;MWh;NO;NO;;52.53;52.53;52.53;-1;DOWN
2025-05-07T15:45;2025-05-07T16:00;64;EUR;MWh;NO;NO;88.53;84.98;88.53;88.53;1;UP
2025-05-07T16:00;2025-05-07T16:15;65;EUR;MWh;NO;NO;120;60;120;60;2;UP_AND_DOWN
2025-05-07T16:15;2025-05-07T16:30;66;EUR;MWh;NO;NO;129.08;60;129.08;129.08;1;UP
2025-05-07T16:30;2025-05-07T16:45;67;EUR;MWh;NO;NO;94.53;60.67;94.53;60.67;2;UP_AND_DOWN
2025-05-07T16:45;2025-05-07T17:00;68;EUR;MWh;NO;NO;;75.98;75.98;75.98;-1;DOWN
2025-05-07T17:00;2025-05-07T17:15;69;EUR;MWh;NO;NO;93.88;60;93.88;60;2;UP_AND_DOWN
2025-05-07T17:15;2025-05-07T17:30;70;EUR;MWh;NO;NO;120;60;120;120;1;UP
2025-05-07T17:30;2025-05-07T17:45;71;EUR;MWh;NO;NO;118.98;;118.98;118.98;1;UP
2025-05-07T17:45;2025-05-07T18:00;72;EUR;MWh;NO;NO;94.53;;94.53;94.53;1;UP
2025-05-07T18:00;2025-05-07T18:15;73;EUR;MWh;NO;NO;44;60;64.49;60;2;UP_AND_DOWN
2025-05-07T18:15;2025-05-07T18:30;74;EUR;MWh;NO;NO;;76.08;76.08;76.08;-1;DOWN
2025-05-07T18:30;2025-05-07T18:45;75;EUR;MWh;NO;NO;150;76.08;150;150;1;UP
2025-05-07T18:45;2025-05-07T19:00;76;EUR;MWh;NO;NO;159.98;;159.98;159.98;1;UP
2025-05-07T19:00;2025-05-07T19:15;77;EUR;MWh;NO;NO;140;;140;140;1;UP
2025-05-07T19:15;2025-05-07T19:30;78;EUR;MWh;NO;NO;219.57;;219.57;219.57;1;UP
2025-05-07T19:30;2025-05-07T19:45;79;EUR;MWh;NO;NO;174.57;;174.57;174.57;1;UP
2025-05-07T19:45;2025-05-07T20:00;80;EUR;MWh;NO;NO;183.98;;183.98;183.98;1;UP
2025-05-07T20:00;2025-05-07T20:15;81;EUR;MWh;NO;NO;159.98;;159.98;159.98;1;UP
2025-05-07T20:15;2025-05-07T20:30;82;EUR;MWh;NO;NO;120;;120;120;1;UP
2025-05-07T20:30;2025-05-07T20:45;83;EUR;MWh;NO;NO;183.98;;183.98;183.98;1;UP
2025-05-07T20:45;2025-05-07T21:00;84;EUR;MWh;NO;NO;159.98;;159.98;159.98;1;UP
2025-05-07T21:00;2025-05-07T21:15;85;EUR;MWh;NO;NO;139.12;;139.12;139.12;1;UP
2025-05-07T21:15;2025-05-07T21:30;86;EUR;MWh;NO;NO;128.98;80.98;80.98;80.98;-1;DOWN
2025-05-07T21:30;2025-05-07T21:45;87;EUR;MWh;NO;NO;120;58.53;120;58.53;2;UP_AND_DOWN
2025-05-07T21:45;2025-05-07T22:00;88;EUR;MWh;NO;NO;;55.98;55.98;55.98;-1;DOWN
2025-05-07T22:00;2025-05-07T22:15;89;EUR;MWh;NO;NO;135.8;79.18;135.8;64.49;2;UP_AND_DOWN
2025-05-07T22:15;2025-05-07T22:30;90;EUR;MWh;NO;NO;135.8;70.1;70.1;70.1;-1;DOWN
2025-05-07T22:30;2025-05-07T22:45;91;EUR;MWh;NO;NO;78.56;84.98;78.56;78.56;1;UP
2025-05-07T22:45;2025-05-07T23:00;92;EUR;MWh;NO;NO;;60;60;60;-1;DOWN
2025-05-07T23:00;2025-05-07T23:15;93;EUR;MWh;NO;NO;;54.08;54.08;54.08;-1;DOWN
2025-05-07T23:15;2025-05-07T23:30;94;EUR;MWh;NO;NO;;54.08;64.49;64.49;0;STABLE
2025-05-07T23:30;2025-05-07T23:45;95;EUR;MWh;NO;NO;;;64.49;64.49;0;STABLE
2025-05-07T23:45;2025-05-08T00:00;96;EUR;MWh;NO;NO;;83.98;83.98;83.98;-1;DOWN
2025-05-08T00:00;2025-05-08T00:15;1;EUR;MWh;NO;NO;111.98;108.98;111.98;77.99;2;UP_AND_DOWN
2025-05-08T00:15;2025-05-08T00:30;2;EUR;MWh;NO;NO;120;;120;120;1;UP
2025-05-08T00:30;2025-05-08T00:45;3;EUR;MWh;NO;NO;111;;111;111;1;UP
2025-05-08T00:45;2025-05-08T01:00;4;EUR;MWh;NO;NO;101.98;106.98;101.98;77.99;2;UP_AND_DOWN
2025-05-08T01:00;2025-05-08T01:15;5;EUR;MWh;NO;NO;105.8;;105.8;105.8;1;UP
2025-05-08T01:15;2025-05-08T01:30;6;EUR;MWh;NO;NO;92.48;66.59;92.48;66.59;2;UP_AND_DOWN
2025-05-08T01:30;2025-05-08T01:45;7;EUR;MWh;NO;NO;90;63.08;90;63.08;2;UP_AND_DOWN
2025-05-08T01:45;2025-05-08T02:00;8;EUR;MWh;NO;NO;98.98;72.77;98.98;72.77;2;UP_AND_DOWN
2025-05-08T02:00;2025-05-08T02:15;9;EUR;MWh;NO;NO;98.98;70.1;70.1;70.1;-1;DOWN
2025-05-08T02:15;2025-05-08T02:30;10;EUR;MWh;NO;NO;;96.98;96.98;96.98;-1;DOWN
2025-05-08T02:30;2025-05-08T02:45;11;EUR;MWh;NO;NO;58.56;105.98;77.99;77.99;2;UP_AND_DOWN
2025-05-08T02:45;2025-05-08T03:00;12;EUR;MWh;NO;NO;58.56;47.98;77.99;47.98;2;UP_AND_DOWN
2025-05-08T03:00;2025-05-08T03:15;13;EUR;MWh;NO;NO;;59.59;59.59;59.59;-1;DOWN
2025-05-08T03:15;2025-05-08T03:30;14;EUR;MWh;NO;NO;;;77.99;77.99;0;STABLE
2025-05-08T03:30;2025-05-08T03:45;15;EUR;MWh;NO;NO;;109.98;109.98;109.98;-1;DOWN
2025-05-08T03:45;2025-05-08T04:00;16;EUR;MWh;NO;NO;;66;66;66;-1;DOWN
2025-05-08T04:00;2025-05-08T04:15;17;EUR;MWh;NO;NO;68.56;62.98;77.99;62.98;2;UP_AND_DOWN
2025-05-08T04:15;2025-05-08T04:30;18;EUR;MWh;NO;NO;58.56;;58.56;58.56;1;UP
2025-05-08T04:30;2025-05-08T04:45;19;EUR;MWh;NO;NO;147.56;;147.56;147.56;1;UP
2025-05-08T04:45;2025-05-08T05:00;20;EUR;MWh;NO;NO;147.37;;147.37;147.37;1;UP
2025-05-08T05:00;2025-05-08T05:15;21;EUR;MWh;NO;NO;92.98;106.98;92.98;77.99;2;UP_AND_DOWN
2025-05-08T05:15;2025-05-08T05:30;22;EUR;MWh;NO;NO;95.98;;95.98;95.98;1;UP
2025-05-08T05:30;2025-05-08T05:45;23;EUR;MWh;NO;NO;120;;120;120;1;UP
2025-05-08T05:45;2025-05-08T06:00;24;EUR;MWh;NO;NO;120.2;;120.2;120.2;1;UP
2025-05-08T06:00;2025-05-08T06:15;25;EUR;MWh;NO;NO;104.6;79.77;104.6;77.99;2;UP_AND_DOWN
2025-05-08T06:15;2025-05-08T06:30;26;EUR;MWh;NO;NO;120;;120;120;1;UP
2025-05-08T06:30;2025-05-08T06:45;27;EUR;MWh;NO;NO;124.98;;124.98;124.98;1;UP
2025-05-08T06:45;2025-05-08T07:00;28;EUR;MWh;NO;NO;120.98;;120.98;120.98;1;UP
2025-05-08T07:00;2025-05-08T07:15;29;EUR;MWh;NO;NO;;109.98;109.98;109.98;-1;DOWN
2025-05-08T07:15;2025-05-08T07:30;30;EUR;MWh;NO;NO;58.56;;58.56;58.56;1;UP
2025-05-08T07:30;2025-05-08T07:45;31;EUR;MWh;NO;NO;68.56;;68.56;68.56;1;UP
2025-05-08T07:45;2025-05-08T08:00;32;EUR;MWh;NO;NO;58.56;;58.56;58.56;1;UP
2025-05-08T08:00;2025-05-08T08:15;33;EUR;MWh;NO;NO;113.98;;113.98;113.98;1;UP
2025-05-08T08:15;2025-05-08T08:30;34;EUR;MWh;NO;NO;58.56;80;80;80;-1;DOWN
2025-05-08T08:30;2025-05-08T08:45;35;EUR;MWh;NO;NO;;36.98;36.98;36.98;-1;DOWN
2025-05-08T08:45;2025-05-08T09:00;36;EUR;MWh;NO;NO;;24.57;24.57;24.57;-1;DOWN
2025-05-08T09:00;2025-05-08T09:15;37;EUR;MWh;NO;NO;104;-70;104;-70;2;UP_AND_DOWN
2025-05-08T09:15;2025-05-08T09:30;38;EUR;MWh;NO;NO;81.98;57;96.78;57;2;UP_AND_DOWN
2025-05-08T09:30;2025-05-08T09:45;39;EUR;MWh;NO;NO;;-30;-30;-30;-1;DOWN
2025-05-08T09:45;2025-05-08T10:00;40;EUR;MWh;NO;NO;;-11;-11;-11;-1;DOWN
2025-05-08T10:00;2025-05-08T10:15;41;EUR;MWh;NO;NO;;-30;-30;-30;-1;DOWN
2025-05-08T10:15;2025-05-08T10:30;42;EUR;MWh;NO;NO;;-30;-30;-30;-1;DOWN
2025-05-08T10:30;2025-05-08T10:45;43;EUR;MWh;NO;NO;;-31;-31;-31;-1;DOWN
2025-05-08T10:45;2025-05-08T11:00;44;EUR;MWh;NO;NO;;-11;-11;-11;-1;DOWN
2025-05-08T11:00;2025-05-08T11:15;45;EUR;MWh;NO;NO;;-18.5;-18.5;-18.5;-1;DOWN
2025-05-08T11:15;2025-05-08T11:30;46;EUR;MWh;NO;NO;;-1;-1;-1;-1;DOWN
2025-05-08T11:30;2025-05-08T11:45;47;EUR;MWh;NO;NO;58.56;-11;69.07;-11;2;UP_AND_DOWN
2025-05-08T11:45;2025-05-08T12:00;48;EUR;MWh;NO;NO;;24.57;24.57;24.57;-1;DOWN
2025-05-08T12:00;2025-05-08T12:15;49;EUR;MWh;NO;NO;;;69.07;69.07;0;STABLE
2025-05-08T12:15;2025-05-08T12:30;50;EUR;MWh;NO;NO;87;;87;87;1;UP
2025-05-08T12:30;2025-05-08T12:45;51;EUR;MWh;NO;NO;127.6;;127.6;127.6;1;UP
2025-05-08T12:45;2025-05-08T13:00;52;EUR;MWh;NO;NO;300;;300;300;1;UP
2025-05-08T13:00;2025-05-08T13:15;53;EUR;MWh;NO;NO;300;;300;300;1;UP
2025-05-08T13:15;2025-05-08T13:30;54;EUR;MWh;NO;NO;127.5;;127.5;127.5;1;UP
2025-05-08T13:30;2025-05-08T13:45;55;EUR;MWh;NO;NO;144;;144;144;1;UP
2025-05-08T13:45;2025-05-08T14:00;56;EUR;MWh;NO;NO;118;;118;118;1;UP
2025-05-08T14:00;2025-05-08T14:15;57;EUR;MWh;NO;NO;118;57;57;57;-1;DOWN
2025-05-08T14:15;2025-05-08T14:30;58;EUR;MWh;NO;NO;;160;160;160;-1;DOWN
2025-05-08T14:30;2025-05-08T14:45;59;EUR;MWh;NO;NO;123;;123;123;1;UP
2025-05-08T14:45;2025-05-08T15:00;60;EUR;MWh;NO;NO;120;;120;120;1;UP
2025-05-08T15:00;2025-05-08T15:15;61;EUR;MWh;NO;NO;100.98;;100.98;100.98;1;UP
2025-05-08T15:15;2025-05-08T15:30;62;EUR;MWh;NO;NO;58.56;80;104.28;80;2;UP_AND_DOWN
2025-05-08T15:30;2025-05-08T15:45;63;EUR;MWh;NO;NO;120;80;120;80;2;UP_AND_DOWN
2025-05-08T15:45;2025-05-08T16:00;64;EUR;MWh;NO;NO;120;;120;120;1;UP
2025-05-08T16:00;2025-05-08T16:15;65;EUR;MWh;NO;NO;;80;80;80;-1;DOWN
2025-05-08T16:15;2025-05-08T16:30;66;EUR;MWh;NO;NO;;;97.28;97.28;0;STABLE
2025-05-08T16:30;2025-05-08T16:45;67;EUR;MWh;NO;NO;135;80;135;80;2;UP_AND_DOWN
2025-05-08T16:45;2025-05-08T17:00;68;EUR;MWh;NO;NO;148.07;;148.07;148.07;1;UP
2025-05-08T17:00;2025-05-08T17:15;69;EUR;MWh;NO;NO;120;;120;120;1;UP
2025-05-08T17:15;2025-05-08T17:30;70;EUR;MWh;NO;NO;128.7;;128.7;128.7;1;UP
2025-05-08T17:30;2025-05-08T17:45;71;EUR;MWh;NO;NO;82.98;66;86.78;66;2;UP_AND_DOWN
2025-05-08T17:45;2025-05-08T18:00;72;EUR;MWh;NO;NO;90.7;66;90.7;90.7;1;UP
2025-05-08T18:00;2025-05-08T18:15;73;EUR;MWh;NO;NO;85.08;67;85.08;67;2;UP_AND_DOWN
2025-05-08T18:15;2025-05-08T18:30;74;EUR;MWh;NO;NO;128.7;79.7;128.7;128.7;1;UP
2025-05-08T18:30;2025-05-08T18:45;75;EUR;MWh;NO;NO;139;;139;139;1;UP
2025-05-08T18:45;2025-05-08T19:00;76;EUR;MWh;NO;NO;139;;139;139;1;UP
2025-05-08T19:00;2025-05-08T19:15;77;EUR;MWh;NO;NO;99.78;67.48;99.78;64.48;2;UP_AND_DOWN
2025-05-08T19:15;2025-05-08T19:30;78;EUR;MWh;NO;NO;;66;66;66;-1;DOWN
2025-05-08T19:30;2025-05-08T19:45;79;EUR;MWh;NO;NO;120;80.22;120;120;1;UP
2025-05-08T19:45;2025-05-08T20:00;80;EUR;MWh;NO;NO;140;;140;140;1;UP
2025-05-08T20:00;2025-05-08T20:15;81;EUR;MWh;NO;NO;171.8;;171.8;171.8;1;UP
2025-05-08T20:15;2025-05-08T20:30;82;EUR;MWh;NO;NO;163.98;;163.98;163.98;1;UP
2025-05-08T20:30;2025-05-08T20:45;83;EUR;MWh;NO;NO;190.34;;190.34;190.34;1;UP
2025-05-08T20:45;2025-05-08T21:00;84;EUR;MWh;NO;NO;188.34;;188.34;188.34;1;UP
2025-05-08T21:00;2025-05-08T21:15;85;EUR;MWh;NO;NO;120;74.63;120;74.63;2;UP_AND_DOWN
2025-05-08T21:15;2025-05-08T21:30;86;EUR;MWh;NO;NO;151.4;80.22;151.4;80.22;2;UP_AND_DOWN
2025-05-08T21:30;2025-05-08T21:45;87;EUR;MWh;NO;NO;92.34;75.05;109.28;75.05;2;UP_AND_DOWN
2025-05-08T21:45;2025-05-08T22:00;88;EUR;MWh;NO;NO;;80;80;80;-1;DOWN
2025-05-08T22:00;2025-05-08T22:15;89;EUR;MWh;NO;NO;181.98;80;181.98;80;2;UP_AND_DOWN
2025-05-08T22:15;2025-05-08T22:30;90;EUR;MWh;NO;NO;181.98;;181.98;181.98;1;UP
2025-05-08T22:30;2025-05-08T22:45;91;EUR;MWh;NO;NO;102.5;79.62;102.5;79.62;2;UP_AND_DOWN
2025-05-08T22:45;2025-05-08T23:00;92;EUR;MWh;NO;NO;120;74.32;120;74.32;2;UP_AND_DOWN
2025-05-08T23:00;2025-05-08T23:15;93;EUR;MWh;NO;NO;150;80;150;80;2;UP_AND_DOWN
2025-05-08T23:15;2025-05-08T23:30;94;EUR;MWh;NO;NO;119.9;75.05;119.9;75.05;2;UP_AND_DOWN
2025-05-08T23:30;2025-05-08T23:45;95;EUR;MWh;NO;NO;119.9;66;66;66;-1;DOWN
2025-05-08T23:45;2025-05-09T00:00;96;EUR;MWh;NO;NO;120.2;65.98;120.2;65.98;2;UP_AND_DOWN
2025-05-09T00:00;2025-05-09T00:15;1;EUR;MWh;NO;NO;120;79.57;120;79.57;2;UP_AND_DOWN
2025-05-09T00:15;2025-05-09T00:30;2;EUR;MWh;NO;NO;120;;120;120;1;UP
2025-05-09T00:30;2025-05-09T00:45;3;EUR;MWh;NO;NO;120;;120;120;1;UP
2025-05-09T00:45;2025-05-09T01:00;4;EUR;MWh;NO;NO;96.98;;96.98;96.98;1;UP
2025-05-09T01:00;2025-05-09T01:15;5;EUR;MWh;NO;NO;150.7;;150.7;150.7;1;UP
2025-05-09T01:15;2025-05-09T01:30;6;EUR;MWh;NO;NO;150.7;;150.7;150.7;1;UP
2025-05-09T01:30;2025-05-09T01:45;7;EUR;MWh;NO;NO;141;;141;141;1;UP
2025-05-09T01:45;2025-05-09T02:00;8;EUR;MWh;NO;NO;121.98;;121.98;121.98;1;UP
2025-05-09T02:00;2025-05-09T02:15;9;EUR;MWh;NO;NO;91.98;;91.98;91.98;1;UP
2025-05-09T02:15;2025-05-09T02:30;10;EUR;MWh;NO;NO;91.98;75.02;75.02;75.02;-1;DOWN
2025-05-09T02:30;2025-05-09T02:45;11;EUR;MWh;NO;NO;120;84.3;120;84.3;2;UP_AND_DOWN
2025-05-09T02:45;2025-05-09T03:00;12;EUR;MWh;NO;NO;102.9;;102.9;102.9;1;UP
2025-05-09T03:00;2025-05-09T03:15;13;EUR;MWh;NO;NO;102.9;61.3;61.3;61.3;-1;DOWN
2025-05-09T03:15;2025-05-09T03:30;14;EUR;MWh;NO;NO;;60;60;60;-1;DOWN
2025-05-09T03:30;2025-05-09T03:45;15;EUR;MWh;NO;NO;;68.98;68.98;68.98;-1;DOWN
2025-05-09T03:45;2025-05-09T04:00;16;EUR;MWh;NO;NO;;75.76;75.76;75.76;-1;DOWN
2025-05-09T04:00;2025-05-09T04:15;17;EUR;MWh;NO;NO;;48.74;48.74;48.74;-1;DOWN
2025-05-09T04:15;2025-05-09T04:30;18;EUR;MWh;NO;NO;;54.42;54.42;54.42;-1;DOWN
2025-05-09T04:30;2025-05-09T04:45;19;EUR;MWh;NO;NO;78.56;75.85;78.56;73;2;UP_AND_DOWN
2025-05-09T04:45;2025-05-09T05:00;20;EUR;MWh;NO;NO;103.5;;103.5;103.5;1;UP
2025-05-09T05:00;2025-05-09T05:15;21;EUR;MWh;NO;NO;150;;150;150;1;UP
2025-05-09T05:15;2025-05-09T05:30;22;EUR;MWh;NO;NO;150;;150;150;1;UP
2025-05-09T05:30;2025-05-09T05:45;23;EUR;MWh;NO;NO;121.98;;121.98;121.98;1;UP
2025-05-09T05:45;2025-05-09T06:00;24;EUR;MWh;NO;NO;123.56;;123.56;123.56;1;UP
2025-05-09T06:00;2025-05-09T06:15;25;EUR;MWh;NO;NO;160.95;;160.95;160.95;1;UP
2025-05-09T06:15;2025-05-09T06:30;26;EUR;MWh;NO;NO;185.98;;185.98;185.98;1;UP
2025-05-09T06:30;2025-05-09T06:45;27;EUR;MWh;NO;NO;152.2;;152.2;152.2;1;UP
2025-05-09T06:45;2025-05-09T07:00;28;EUR;MWh;NO;NO;106.7;;106.7;106.7;1;UP
2025-05-09T07:00;2025-05-09T07:15;29;EUR;MWh;NO;NO;279;;279;279;1;UP
2025-05-09T07:15;2025-05-09T07:30;30;EUR;MWh;NO;NO;162.98;;162.98;162.98;1;UP
2025-05-09T07:30;2025-05-09T07:45;31;EUR;MWh;NO;NO;108.98;;108.98;108.98;1;UP
2025-05-09T07:45;2025-05-09T08:00;32;EUR;MWh;NO;NO;;;93;93;0;STABLE
2025-05-09T08:00;2025-05-09T08:15;33;EUR;MWh;NO;NO;90;;90;90;1;UP
2025-05-09T08:15;2025-05-09T08:30;34;EUR;MWh;NO;NO;94.98;;94.98;94.98;1;UP
2025-05-09T08:30;2025-05-09T08:45;35;EUR;MWh;NO;NO;90.6;78.35;93;78.35;2;UP_AND_DOWN
2025-05-09T08:45;2025-05-09T09:00;36;EUR;MWh;NO;NO;;61.4;61.4;61.4;-1;DOWN
2025-05-09T09:00;2025-05-09T09:15;37;EUR;MWh;NO;NO;78.56;49;99.28;49;2;UP_AND_DOWN
2025-05-09T09:15;2025-05-09T09:30;38;EUR;MWh;NO;NO;119.2;23;119.2;23;2;UP_AND_DOWN
2025-05-09T09:30;2025-05-09T09:45;39;EUR;MWh;NO;NO;116;22;116;22;2;UP_AND_DOWN
2025-05-09T09:45;2025-05-09T10:00;40;EUR;MWh;NO;NO;116;10;10;10;-1;DOWN
2025-05-09T10:00;2025-05-09T10:15;41;EUR;MWh;NO;NO;;11;11;11;-1;DOWN
2025-05-09T10:15;2025-05-09T10:30;42;EUR;MWh;NO;NO;;10;10;10;-1;DOWN
2025-05-09T10:30;2025-05-09T10:45;43;EUR;MWh;NO;NO;;10;10;10;-1;DOWN
2025-05-09T10:45;2025-05-09T11:00;44;EUR;MWh;NO;NO;;-31;-31;-31;-1;DOWN
2025-05-09T11:00;2025-05-09T11:15;45;EUR;MWh;NO;NO;;-28.82;-28.82;-28.82;-1;DOWN
2025-05-09T11:15;2025-05-09T11:30;46;EUR;MWh;NO;NO;;6;6;6;-1;DOWN
2025-05-09T11:30;2025-05-09T11:45;47;EUR;MWh;NO;NO;;-31;-31;-31;-1;DOWN
2025-05-09T11:45;2025-05-09T12:00;48;EUR;MWh;NO;NO;;-31;-31;-31;-1;DOWN
2025-05-09T12:00;2025-05-09T12:15;49;EUR;MWh;NO;NO;;-12;-12;-12;-1;DOWN
2025-05-09T12:15;2025-05-09T12:30;50;EUR;MWh;NO;NO;;-50;-50;-50;-1;DOWN
2025-05-09T12:30;2025-05-09T12:45;51;EUR;MWh;NO;NO;;-50;-50;-50;-1;DOWN
2025-05-09T12:45;2025-05-09T13:00;52;EUR;MWh;NO;NO;;-70;-70;-70;-1;DOWN
2025-05-09T13:00;2025-05-09T13:15;53;EUR;MWh;NO;NO;;-31;-31;-31;-1;DOWN
2025-05-09T13:15;2025-05-09T13:30;54;EUR;MWh;NO;NO;;-50;-50;-50;-1;DOWN
2025-05-09T13:30;2025-05-09T13:45;55;EUR;MWh;NO;NO;;-60;-60;-60;-1;DOWN
2025-05-09T13:45;2025-05-09T14:00;56;EUR;MWh;NO;NO;;-57.41;-57.41;-57.41;-1;DOWN
2025-05-09T14:00;2025-05-09T14:15;57;EUR;MWh;NO;NO;;-69.9;-69.9;-69.9;-1;DOWN
2025-05-09T14:15;2025-05-09T14:30;58;EUR;MWh;NO;NO;;-60;-60;-60;-1;DOWN
2025-05-09T14:30;2025-05-09T14:45;59;EUR;MWh;NO;NO;78.56;-70;78.56;-70;2;UP_AND_DOWN
2025-05-09T14:45;2025-05-09T15:00;60;EUR;MWh;NO;NO;78.56;-70;-70;-70;-1;DOWN
2025-05-09T15:00;2025-05-09T15:15;61;EUR;MWh;NO;NO;;-250;-250;-250;-1;DOWN
2025-05-09T15:15;2025-05-09T15:30;62;EUR;MWh;NO;NO;;-50;-50;-50;-1;DOWN
2025-05-09T15:30;2025-05-09T15:45;63;EUR;MWh;NO;NO;58.56;-581.13;-581.13;-581.13;-1;DOWN
2025-05-09T15:45;2025-05-09T16:00;64;EUR;MWh;NO;NO;86;-30;86;-30;2;UP_AND_DOWN
2025-05-09T16:00;2025-05-09T16:15;65;EUR;MWh;NO;NO;;-49.8;-49.8;-49.8;-1;DOWN
2025-05-09T16:15;2025-05-09T16:30;66;EUR;MWh;NO;NO;;-50;-50;-50;-1;DOWN
2025-05-09T16:30;2025-05-09T16:45;67;EUR;MWh;NO;NO;;-69.89;-69.89;-69.89;-1;DOWN
2025-05-09T16:45;2025-05-09T17:00;68;EUR;MWh;NO;NO;;-29.7;-29.7;-29.7;-1;DOWN
2025-05-09T17:00;2025-05-09T17:15;69;EUR;MWh;NO;NO;;-14.14;-14.14;-14.14;-1;DOWN
2025-05-09T17:15;2025-05-09T17:30;70;EUR;MWh;NO;NO;88.56;-29.7;88.56;-29.7;2;UP_AND_DOWN
2025-05-09T17:30;2025-05-09T17:45;71;EUR;MWh;NO;NO;89.98;;89.98;89.98;1;UP
2025-05-09T17:45;2025-05-09T18:00;72;EUR;MWh;NO;NO;87;-50;87;-50;2;UP_AND_DOWN
2025-05-09T18:00;2025-05-09T18:15;73;EUR;MWh;NO;NO;;-30;-30;-30;-1;DOWN
2025-05-09T18:15;2025-05-09T18:30;74;EUR;MWh;NO;NO;;41.98;41.98;41.98;-1;DOWN
2025-05-09T18:30;2025-05-09T18:45;75;EUR;MWh;NO;NO;89;67.31;89;67.31;2;UP_AND_DOWN
2025-05-09T18:45;2025-05-09T19:00;76;EUR;MWh;NO;NO;93.7;67.42;93.7;67.42;2;UP_AND_DOWN
2025-05-09T19:00;2025-05-09T19:15;77;EUR;MWh;NO;NO;98;61.34;98;61.34;2;UP_AND_DOWN
2025-05-09T19:15;2025-05-09T19:30;78;EUR;MWh;NO;NO;148.8;61.34;148.8;148.8;1;UP
2025-05-09T19:30;2025-05-09T19:45;79;EUR;MWh;NO;NO;181;;181;181;1;UP
2025-05-09T19:45;2025-05-09T20:00;80;EUR;MWh;NO;NO;164.79;;164.79;164.79;1;UP
2025-05-09T20:00;2025-05-09T20:15;81;EUR;MWh;NO;NO;174.98;;174.98;174.98;1;UP
2025-05-09T20:15;2025-05-09T20:30;82;EUR;MWh;NO;NO;151;;151;151;1;UP
2025-05-09T20:30;2025-05-09T20:45;83;EUR;MWh;NO;NO;162.98;;162.98;162.98;1;UP
2025-05-09T20:45;2025-05-09T21:00;84;EUR;MWh;NO;NO;140.78;;140.78;140.78;1;UP
2025-05-09T21:00;2025-05-09T21:15;85;EUR;MWh;NO;NO;147;;147;147;1;UP
2025-05-09T21:15;2025-05-09T21:30;86;EUR;MWh;NO;NO;150.3;;150.3;150.3;1;UP
2025-05-09T21:30;2025-05-09T21:45;87;EUR;MWh;NO;NO;140.88;;140.88;140.88;1;UP
2025-05-09T21:45;2025-05-09T22:00;88;EUR;MWh;NO;NO;140;;140;140;1;UP
2025-05-09T22:00;2025-05-09T22:15;89;EUR;MWh;NO;NO;181;;181;181;1;UP
2025-05-09T22:15;2025-05-09T22:30;90;EUR;MWh;NO;NO;150.4;;150.4;150.4;1;UP
2025-05-09T22:30;2025-05-09T22:45;91;EUR;MWh;NO;NO;131;;131;131;1;UP
2025-05-09T22:45;2025-05-09T23:00;92;EUR;MWh;NO;NO;150;138;150;150;1;UP
2025-05-09T23:00;2025-05-09T23:15;93;EUR;MWh;NO;NO;104;138;104;93;2;UP_AND_DOWN
2025-05-09T23:15;2025-05-09T23:30;94;EUR;MWh;NO;NO;104;72;72;72;-1;DOWN
2025-05-09T23:30;2025-05-09T23:45;95;EUR;MWh;NO;NO;;61.34;61.34;61.34;-1;DOWN
2025-05-09T23:45;2025-05-10T00:00;96;EUR;MWh;NO;NO;;61.34;61.34;61.34;-1;DOWN
2025-05-10T00:00;2025-05-10T00:15;1;EUR;MWh;NO;NO;;40.91;40.91;40.91;-1;DOWN
2025-05-10T00:15;2025-05-10T00:30;2;EUR;MWh;NO;NO;;46.34;46.34;46.34;-1;DOWN
2025-05-10T00:30;2025-05-10T00:45;3;EUR;MWh;NO;NO;94.98;59;94.98;59;2;UP_AND_DOWN
2025-05-10T00:45;2025-05-10T01:00;4;EUR;MWh;NO;NO;;46.34;46.34;46.34;-1;DOWN
2025-05-10T01:00;2025-05-10T01:15;5;EUR;MWh;NO;NO;104;47;104;47;2;UP_AND_DOWN
2025-05-10T01:15;2025-05-10T01:30;6;EUR;MWh;NO;NO;86.98;;86.98;86.98;1;UP
2025-05-10T01:30;2025-05-10T01:45;7;EUR;MWh;NO;NO;58.56;;58.56;58.56;1;UP
2025-05-10T01:45;2025-05-10T02:00;8;EUR;MWh;NO;NO;58.56;79.1;63.49;63.49;2;UP_AND_DOWN
2025-05-10T02:00;2025-05-10T02:15;9;EUR;MWh;NO;NO;120;79.1;120;120;1;UP
2025-05-10T02:15;2025-05-10T02:30;10;EUR;MWh;NO;NO;109.4;;109.4;109.4;1;UP
2025-05-10T02:30;2025-05-10T02:45;11;EUR;MWh;NO;NO;150;;150;150;1;UP
2025-05-10T02:45;2025-05-10T03:00;12;EUR;MWh;NO;NO;143.98;;143.98;143.98;1;UP
2025-05-10T03:00;2025-05-10T03:15;13;EUR;MWh;NO;NO;150;;150;150;1;UP
2025-05-10T03:15;2025-05-10T03:30;14;EUR;MWh;NO;NO;127.98;;127.98;127.98;1;UP
2025-05-10T03:30;2025-05-10T03:45;15;EUR;MWh;NO;NO;109.8;;109.8;109.8;1;UP
2025-05-10T03:45;2025-05-10T04:00;16;EUR;MWh;NO;NO;132.7;;132.7;132.7;1;UP
2025-05-10T04:00;2025-05-10T04:15;17;EUR;MWh;NO;NO;122.1;;122.1;122.1;1;UP
2025-05-10T04:15;2025-05-10T04:30;18;EUR;MWh;NO;NO;110.1;;110.1;110.1;1;UP
2025-05-10T04:30;2025-05-10T04:45;19;EUR;MWh;NO;NO;132;;132;132;1;UP
2025-05-10T04:45;2025-05-10T05:00;20;EUR;MWh;NO;NO;150;;150;150;1;UP
2025-05-10T05:00;2025-05-10T05:15;21;EUR;MWh;NO;NO;97.98;;97.98;97.98;1;UP
2025-05-10T05:15;2025-05-10T05:30;22;EUR;MWh;NO;NO;120;;120;120;1;UP
2025-05-10T05:30;2025-05-10T05:45;23;EUR;MWh;NO;NO;120;;120;120;1;UP
2025-05-10T05:45;2025-05-10T06:00;24;EUR;MWh;NO;NO;82.98;;82.98;82.98;1;UP
2025-05-10T06:00;2025-05-10T06:15;25;EUR;MWh;NO;NO;154.6;;154.6;154.6;1;UP
2025-05-10T06:15;2025-05-10T06:30;26;EUR;MWh;NO;NO;150;;150;150;1;UP
2025-05-10T06:30;2025-05-10T06:45;27;EUR;MWh;NO;NO;92.98;67.77;67.77;67.77;-1;DOWN
2025-05-10T06:45;2025-05-10T07:00;28;EUR;MWh;NO;NO;;40;40;40;-1;DOWN
2025-05-10T07:00;2025-05-10T07:15;29;EUR;MWh;NO;NO;122.1;68.98;122.1;68.98;2;UP_AND_DOWN
2025-05-10T07:15;2025-05-10T07:30;30;EUR;MWh;NO;NO;101.92;;101.92;101.92;1;UP
2025-05-10T07:30;2025-05-10T07:45;31;EUR;MWh;NO;NO;101.92;89;89;89;-1;DOWN
2025-05-10T07:45;2025-05-10T08:00;32;EUR;MWh;NO;NO;;79;79;79;-1;DOWN
2025-05-10T08:00;2025-05-10T08:15;33;EUR;MWh;NO;NO;104.21;52;104.21;52;2;UP_AND_DOWN
2025-05-10T08:15;2025-05-10T08:30;34;EUR;MWh;NO;NO;109.5;;109.5;109.5;1;UP
2025-05-10T08:30;2025-05-10T08:45;35;EUR;MWh;NO;NO;88.56;75;88.56;75;2;UP_AND_DOWN
2025-05-10T08:45;2025-05-10T09:00;36;EUR;MWh;NO;NO;88.56;41;88.56;41;2;UP_AND_DOWN
2025-05-10T09:00;2025-05-10T09:15;37;EUR;MWh;NO;NO;154.3;;154.3;154.3;1;UP
2025-05-10T09:15;2025-05-10T09:30;38;EUR;MWh;NO;NO;123.56;65;123.56;55;2;UP_AND_DOWN
2025-05-10T09:30;2025-05-10T09:45;39;EUR;MWh;NO;NO;123.56;52;52;52;-1;DOWN
2025-05-10T09:45;2025-05-10T10:00;40;EUR;MWh;NO;NO;;50;50;50;-1;DOWN
2025-05-10T10:00;2025-05-10T10:15;41;EUR;MWh;NO;NO;140;97;140;77.78;2;UP_AND_DOWN
2025-05-10T10:15;2025-05-10T10:30;42;EUR;MWh;NO;NO;78.56;24.57;78.56;24.57;2;UP_AND_DOWN
2025-05-10T10:30;2025-05-10T10:45;43;EUR;MWh;NO;NO;;6.12;6.12;6.12;-1;DOWN
2025-05-10T10:45;2025-05-10T11:00;44;EUR;MWh;NO;NO;58.66;-30;58.66;-30;2;UP_AND_DOWN
2025-05-10T11:00;2025-05-10T11:15;45;EUR;MWh;NO;NO;;10;10;10;-1;DOWN
2025-05-10T11:15;2025-05-10T11:30;46;EUR;MWh;NO;NO;;-29.7;-29.7;-29.7;-1;DOWN
2025-05-10T11:30;2025-05-10T11:45;47;EUR;MWh;NO;NO;;-29.7;-29.7;-29.7;-1;DOWN
2025-05-10T11:45;2025-05-10T12:00;48;EUR;MWh;NO;NO;;-18.38;-18.38;-18.38;-1;DOWN
2025-05-10T12:00;2025-05-10T12:15;49;EUR;MWh;NO;NO;;-3.05;-3.05;-3.05;-1;DOWN
2025-05-10T12:15;2025-05-10T12:30;50;EUR;MWh;NO;NO;;-2.95;-2.95;-2.95;-1;DOWN
2025-05-10T12:30;2025-05-10T12:45;51;EUR;MWh;NO;NO;;-30;-30;-30;-1;DOWN
2025-05-10T12:45;2025-05-10T13:00;52;EUR;MWh;NO;NO;;-60;-60;-60;-1;DOWN
2025-05-10T13:00;2025-05-10T13:15;53;EUR;MWh;NO;NO;;-60;-60;-60;-1;DOWN
2025-05-10T13:15;2025-05-10T13:30;54;EUR;MWh;NO;NO;;-70;-70;-70;-1;DOWN
2025-05-10T13:30;2025-05-10T13:45;55;EUR;MWh;NO;NO;;-70;-70;-70;-1;DOWN
2025-05-10T13:45;2025-05-10T14:00;56;EUR;MWh;NO;NO;;-70;-70;-70;-1;DOWN
2025-05-10T14:00;2025-05-10T14:15;57;EUR;MWh;NO;NO;;-80.33;-80.33;-80.33;-1;DOWN
2025-05-10T14:15;2025-05-10T14:30;58;EUR;MWh;NO;NO;;-70;-70;-70;-1;DOWN
2025-05-10T14:30;2025-05-10T14:45;59;EUR;MWh;NO;NO;;-70;-70;-70;-1;DOWN
2025-05-10T14:45;2025-05-10T15:00;60;EUR;MWh;NO;NO;;10;10;10;-1;DOWN
2025-05-10T15:00;2025-05-10T15:15;61;EUR;MWh;NO;NO;;-30;-30;-30;-1;DOWN
2025-05-10T15:15;2025-05-10T15:30;62;EUR;MWh;NO;NO;;13.57;13.57;13.57;-1;DOWN
2025-05-10T15:30;2025-05-10T15:45;63;EUR;MWh;NO;NO;;1;1;1;-1;DOWN
2025-05-10T15:45;2025-05-10T16:00;64;EUR;MWh;NO;NO;65.51;-6.85;65.51;-6.85;2;UP_AND_DOWN
2025-05-10T16:00;2025-05-10T16:15;65;EUR;MWh;NO;NO;77;47.58;47.58;47.58;-1;DOWN
2025-05-10T16:15;2025-05-10T16:30;66;EUR;MWh;NO;NO;1;-30;40.5;-30;2;UP_AND_DOWN
2025-05-10T16:30;2025-05-10T16:45;67;EUR;MWh;NO;NO;1;-18.5;40.5;-18.5;2;UP_AND_DOWN
2025-05-10T16:45;2025-05-10T17:00;68;EUR;MWh;NO;NO;60.05;;60.05;60.05;1;UP
2025-05-10T17:00;2025-05-10T17:15;69;EUR;MWh;NO;NO;58.56;-41;-41;-41;-1;DOWN
2025-05-10T17:15;2025-05-10T17:30;70;EUR;MWh;NO;NO;;-18.5;-18.5;-18.5;-1;DOWN
2025-05-10T17:30;2025-05-10T17:45;71;EUR;MWh;NO;NO;90;10;90;10;2;UP_AND_DOWN
2025-05-10T17:45;2025-05-10T18:00;72;EUR;MWh;NO;NO;90;10;90;90;1;UP
2025-05-10T18:00;2025-05-10T18:15;73;EUR;MWh;NO;NO;;29.98;29.98;29.98;-1;DOWN
2025-05-10T18:15;2025-05-10T18:30;74;EUR;MWh;NO;NO;102.5;78.98;102.5;63.49;2;UP_AND_DOWN
2025-05-10T18:30;2025-05-10T18:45;75;EUR;MWh;NO;NO;118;67.98;118;63.49;2;UP_AND_DOWN
2025-05-10T18:45;2025-05-10T19:00;76;EUR;MWh;NO;NO;102.6;79.98;102.6;63.49;2;UP_AND_DOWN
2025-05-10T19:00;2025-05-10T19:15;77;EUR;MWh;NO;NO;;62.98;62.98;62.98;-1;DOWN
2025-05-10T19:15;2025-05-10T19:30;78;EUR;MWh;NO;NO;102.8;25.71;102.8;25.71;2;UP_AND_DOWN
2025-05-10T19:30;2025-05-10T19:45;79;EUR;MWh;NO;NO;151.3;25.71;151.3;151.3;1;UP
2025-05-10T19:45;2025-05-10T20:00;80;EUR;MWh;NO;NO;127.98;;127.98;127.98;1;UP
2025-05-10T20:00;2025-05-10T20:15;81;EUR;MWh;NO;NO;120.98;79.71;120.98;69.28;2;UP_AND_DOWN
2025-05-10T20:15;2025-05-10T20:30;82;EUR;MWh;NO;NO;;;76.28;76.28;0;STABLE
2025-05-10T20:30;2025-05-10T20:45;83;EUR;MWh;NO;NO;58.56;;58.56;58.56;1;UP
2025-05-10T20:45;2025-05-10T21:00;84;EUR;MWh;NO;NO;123;77.18;123;123;1;UP
2025-05-10T21:00;2025-05-10T21:15;85;EUR;MWh;NO;NO;103.8;;103.8;103.8;1;UP
2025-05-10T21:15;2025-05-10T21:30;86;EUR;MWh;NO;NO;106;;106;106;1;UP
2025-05-10T21:30;2025-05-10T21:45;87;EUR;MWh;NO;NO;109.98;80;109.98;80;2;UP_AND_DOWN
2025-05-10T21:45;2025-05-10T22:00;88;EUR;MWh;NO;NO;106;78.98;106;63.5;2;UP_AND_DOWN
2025-05-10T22:00;2025-05-10T22:15;89;EUR;MWh;NO;NO;137.98;;137.98;137.98;1;UP
2025-05-10T22:15;2025-05-10T22:30;90;EUR;MWh;NO;NO;111;68.08;111;63.5;2;UP_AND_DOWN
2025-05-10T22:30;2025-05-10T22:45;91;EUR;MWh;NO;NO;78.56;72.44;78.56;63.5;2;UP_AND_DOWN
2025-05-10T22:45;2025-05-10T23:00;92;EUR;MWh;NO;NO;84.98;61;84.98;61;2;UP_AND_DOWN
2025-05-10T23:00;2025-05-10T23:15;93;EUR;MWh;NO;NO;68.56;59;68.56;59;2;UP_AND_DOWN
2025-05-10T23:15;2025-05-10T23:30;94;EUR;MWh;NO;NO;;79;79;79;-1;DOWN
2025-05-10T23:30;2025-05-10T23:45;95;EUR;MWh;NO;NO;;79.57;79.57;79.57;-1;DOWN
2025-05-10T23:45;2025-05-11T00:00;96;EUR;MWh;NO;NO;;70.1;70.1;70.1;-1;DOWN
2025-05-11T00:00;2025-05-11T00:15;1;EUR;MWh;NO;NO;;58.98;58.98;58.98;-1;DOWN
2025-05-11T00:15;2025-05-11T00:30;2;EUR;MWh;NO;NO;;74.42;74.42;74.42;-1;DOWN
2025-05-11T00:30;2025-05-11T00:45;3;EUR;MWh;NO;NO;;43;43;43;-1;DOWN
2025-05-11T00:45;2025-05-11T01:00;4;EUR;MWh;NO;NO;;11;11;11;-1;DOWN
2025-05-11T01:00;2025-05-11T01:15;5;EUR;MWh;NO;NO;;11;11;11;-1;DOWN
2025-05-11T01:15;2025-05-11T01:30;6;EUR;MWh;NO;NO;;79.81;62.91;62.91;0;STABLE
2025-05-11T01:30;2025-05-11T01:45;7;EUR;MWh;NO;NO;;64.98;64.98;64.98;-1;DOWN
2025-05-11T01:45;2025-05-11T02:00;8;EUR;MWh;NO;NO;;51.98;51.98;51.98;-1;DOWN
2025-05-11T02:00;2025-05-11T02:15;9;EUR;MWh;NO;NO;;42.98;42.98;42.98;-1;DOWN
2025-05-11T02:15;2025-05-11T02:30;10;EUR;MWh;NO;NO;;54.67;54.67;54.67;-1;DOWN
2025-05-11T02:30;2025-05-11T02:45;11;EUR;MWh;NO;NO;;41;41;41;-1;DOWN
2025-05-11T02:45;2025-05-11T03:00;12;EUR;MWh;NO;NO;;65.98;65.98;65.98;-1;DOWN
2025-05-11T03:00;2025-05-11T03:15;13;EUR;MWh;NO;NO;88.56;;88.56;88.56;1;UP
2025-05-11T03:15;2025-05-11T03:30;14;EUR;MWh;NO;NO;58.56;;58.56;58.56;1;UP
2025-05-11T03:30;2025-05-11T03:45;15;EUR;MWh;NO;NO;94.98;;94.98;94.98;1;UP
2025-05-11T03:45;2025-05-11T04:00;16;EUR;MWh;NO;NO;102.2;;102.2;102.2;1;UP
2025-05-11T04:00;2025-05-11T04:15;17;EUR;MWh;NO;NO;120;;120;120;1;UP
2025-05-11T04:15;2025-05-11T04:30;18;EUR;MWh;NO;NO;115.58;;115.58;115.58;1;UP
2025-05-11T04:30;2025-05-11T04:45;19;EUR;MWh;NO;NO;108.98;;108.98;108.98;1;UP
2025-05-11T04:45;2025-05-11T05:00;20;EUR;MWh;NO;NO;120;;120;120;1;UP
2025-05-11T05:00;2025-05-11T05:15;21;EUR;MWh;NO;NO;90;;90;90;1;UP
2025-05-11T05:15;2025-05-11T05:30;22;EUR;MWh;NO;NO;107;80;107;69.28;2;UP_AND_DOWN
2025-05-11T05:30;2025-05-11T05:45;23;EUR;MWh;NO;NO;120;;120;120;1;UP
2025-05-11T05:45;2025-05-11T06:00;24;EUR;MWh;NO;NO;102.8;65;102.8;65;2;UP_AND_DOWN
2025-05-11T06:00;2025-05-11T06:15;25;EUR;MWh;NO;NO;123.56;;123.56;123.56;1;UP
2025-05-11T06:15;2025-05-11T06:30;26;EUR;MWh;NO;NO;120;;120;120;1;UP
2025-05-11T06:30;2025-05-11T06:45;27;EUR;MWh;NO;NO;92.98;;92.98;92.98;1;UP
2025-05-11T06:45;2025-05-11T07:00;28;EUR;MWh;NO;NO;92.98;;63;63;0;STABLE
2025-05-11T07:00;2025-05-11T07:15;29;EUR;MWh;NO;NO;80;;80;80;1;UP
2025-05-11T07:15;2025-05-11T07:30;30;EUR;MWh;NO;NO;30;;30;30;1;UP
2025-05-11T07:30;2025-05-11T07:45;31;EUR;MWh;NO;NO;;;55;55;0;STABLE
2025-05-11T07:45;2025-05-11T08:00;32;EUR;MWh;NO;NO;;;56.38;56.38;0;STABLE
2025-05-11T08:00;2025-05-11T08:15;33;EUR;MWh;NO;NO;106.4;;106.4;106.4;1;UP
2025-05-11T08:15;2025-05-11T08:30;34;EUR;MWh;NO;NO;80;;80;80;1;UP
2025-05-11T08:30;2025-05-11T08:45;35;EUR;MWh;NO;NO;80;-50;-50;-50;-1;DOWN
2025-05-11T08:45;2025-05-11T09:00;36;EUR;MWh;NO;NO;;-30;-30;-30;-1;DOWN
2025-05-11T09:00;2025-05-11T09:15;37;EUR;MWh;NO;NO;;40;40;40;-1;DOWN
2025-05-11T09:15;2025-05-11T09:30;38;EUR;MWh;NO;NO;;10;10;10;-1;DOWN
2025-05-11T09:30;2025-05-11T09:45;39;EUR;MWh;NO;NO;;2.1;2.1;2.1;-1;DOWN
2025-05-11T09:45;2025-05-11T10:00;40;EUR;MWh;NO;NO;;2;2;2;-1;DOWN
2025-05-11T10:00;2025-05-11T10:15;41;EUR;MWh;NO;NO;;-29.8;-29.8;-29.8;-1;DOWN
2025-05-11T10:15;2025-05-11T10:30;42;EUR;MWh;NO;NO;;14.57;14.57;14.57;-1;DOWN
2025-05-11T10:30;2025-05-11T10:45;43;EUR;MWh;NO;NO;;10;10;10;-1;DOWN
2025-05-11T10:45;2025-05-11T11:00;44;EUR;MWh;NO;NO;;-29.9;-29.9;-29.9;-1;DOWN
2025-05-11T11:00;2025-05-11T11:15;45;EUR;MWh;NO;NO;;-29.7;-29.7;-29.7;-1;DOWN
2025-05-11T11:15;2025-05-11T11:30;46;EUR;MWh;NO;NO;;-30;-30;-30;-1;DOWN
2025-05-11T11:30;2025-05-11T11:45;47;EUR;MWh;NO;NO;;-60;-60;-60;-1;DOWN
2025-05-11T11:45;2025-05-11T12:00;48;EUR;MWh;NO;NO;;-100;-100;-100;-1;DOWN
2025-05-11T12:00;2025-05-11T12:15;49;EUR;MWh;NO;NO;;-70;-70;-70;-1;DOWN
2025-05-11T12:15;2025-05-11T12:30;50;EUR;MWh;NO;NO;;-70;-70;-70;-1;DOWN
2025-05-11T12:30;2025-05-11T12:45;51;EUR;MWh;NO;NO;;-70;-70;-70;-1;DOWN
2025-05-11T12:45;2025-05-11T13:00;52;EUR;MWh;NO;NO;;-78.32;-78.32;-78.32;-1;DOWN
2025-05-11T13:00;2025-05-11T13:15;53;EUR;MWh;NO;NO;;-100;-100;-100;-1;DOWN
2025-05-11T13:15;2025-05-11T13:30;54;EUR;MWh;NO;NO;;-113.3;-113.3;-113.3;-1;DOWN
2025-05-11T13:30;2025-05-11T13:45;55;EUR;MWh;NO;NO;;-113.3;-113.3;-113.3;-1;DOWN
2025-05-11T13:45;2025-05-11T14:00;56;EUR;MWh;NO;NO;;-100.9;-100.9;-100.9;-1;DOWN
2025-05-11T14:00;2025-05-11T14:15;57;EUR;MWh;NO;NO;;-100;-100;-100;-1;DOWN
2025-05-11T14:15;2025-05-11T14:30;58;EUR;MWh;NO;NO;;-70;-70;-70;-1;DOWN
2025-05-11T14:30;2025-05-11T14:45;59;EUR;MWh;NO;NO;;-70;-70;-70;-1;DOWN
2025-05-11T14:45;2025-05-11T15:00;60;EUR;MWh;NO;NO;;-70;-70;-70;-1;DOWN
2025-05-11T15:00;2025-05-11T15:15;61;EUR;MWh;NO;NO;;-69.89;-69.89;-69.89;-1;DOWN
2025-05-11T15:15;2025-05-11T15:30;62;EUR;MWh;NO;NO;;-30;-30;-30;-1;DOWN
2025-05-11T15:30;2025-05-11T15:45;63;EUR;MWh;NO;NO;;-23.48;-23.48;-23.48;-1;DOWN
2025-05-11T15:45;2025-05-11T16:00;64;EUR;MWh;NO;NO;;-30;-30;-30;-1;DOWN
2025-05-11T16:00;2025-05-11T16:15;65;EUR;MWh;NO;NO;;-23.74;-23.74;-23.74;-1;DOWN
2025-05-11T16:15;2025-05-11T16:30;66;EUR;MWh;NO;NO;;-29.3;-29.3;-29.3;-1;DOWN
2025-05-11T16:30;2025-05-11T16:45;67;EUR;MWh;NO;NO;;-30;-30;-30;-1;DOWN
2025-05-11T16:45;2025-05-11T17:00;68;EUR;MWh;NO;NO;1;22;40.5;22;2;UP_AND_DOWN
2025-05-11T17:00;2025-05-11T17:15;69;EUR;MWh;NO;NO;68.36;;68.36;68.36;1;UP
2025-05-11T17:15;2025-05-11T17:30;70;EUR;MWh;NO;NO;91;-30;91;-30;2;UP_AND_DOWN
2025-05-11T17:30;2025-05-11T17:45;71;EUR;MWh;NO;NO;91;;91;91;1;UP
2025-05-11T17:45;2025-05-11T18:00;72;EUR;MWh;NO;NO;132.3;;132.3;132.3;1;UP
2025-05-11T18:00;2025-05-11T18:15;73;EUR;MWh;NO;NO;197.98;10;197.98;10;2;UP_AND_DOWN
2025-05-11T18:15;2025-05-11T18:30;74;EUR;MWh;NO;NO;101.98;1;101.98;1;2;UP_AND_DOWN
2025-05-11T18:30;2025-05-11T18:45;75;EUR;MWh;NO;NO;150;;150;150;1;UP
2025-05-11T18:45;2025-05-11T19:00;76;EUR;MWh;NO;NO;150;;150;150;1;UP
2025-05-11T19:00;2025-05-11T19:15;77;EUR;MWh;NO;NO;142.28;;142.28;142.28;1;UP
2025-05-11T19:15;2025-05-11T19:30;78;EUR;MWh;NO;NO;180.98;;180.98;180.98;1;UP
2025-05-11T19:30;2025-05-11T19:45;79;EUR;MWh;NO;NO;214.98;;214.98;214.98;1;UP
2025-05-11T19:45;2025-05-11T20:00;80;EUR;MWh;NO;NO;206.98;;206.98;206.98;1;UP
2025-05-11T20:00;2025-05-11T20:15;81;EUR;MWh;NO;NO;125.98;;125.98;125.98;1;UP
2025-05-11T20:15;2025-05-11T20:30;82;EUR;MWh;NO;NO;300;;300;300;1;UP
2025-05-11T20:30;2025-05-11T20:45;83;EUR;MWh;NO;NO;214.98;;214.98;214.98;1;UP
2025-05-11T20:45;2025-05-11T21:00;84;EUR;MWh;NO;NO;118.98;;118.98;118.98;1;UP
2025-05-11T21:00;2025-05-11T21:15;85;EUR;MWh;NO;NO;83.56;79.65;83.56;83.56;1;UP
2025-05-11T21:15;2025-05-11T21:30;86;EUR;MWh;NO;NO;;65;65;65;-1;DOWN
2025-05-11T21:30;2025-05-11T21:45;87;EUR;MWh;NO;NO;;69.87;69.87;69.87;-1;DOWN
2025-05-11T21:45;2025-05-11T22:00;88;EUR;MWh;NO;NO;;50.89;50.89;50.89;-1;DOWN
2025-05-11T22:00;2025-05-11T22:15;89;EUR;MWh;NO;NO;111.98;51.98;111.98;51.98;2;UP_AND_DOWN
2025-05-11T22:15;2025-05-11T22:30;90;EUR;MWh;NO;NO;111.98;60.57;60.57;60.57;-1;DOWN
2025-05-11T22:30;2025-05-11T22:45;91;EUR;MWh;NO;NO;;56.98;56.98;56.98;-1;DOWN
2025-05-11T22:45;2025-05-11T23:00;92;EUR;MWh;NO;NO;;54.57;54.57;54.57;-1;DOWN
2025-05-11T23:00;2025-05-11T23:15;93;EUR;MWh;NO;NO;149.4;65.08;149.4;63;2;UP_AND_DOWN
2025-05-11T23:15;2025-05-11T23:30;94;EUR;MWh;NO;NO;101.7;60.57;101.7;60.57;2;UP_AND_DOWN
2025-05-11T23:30;2025-05-11T23:45;95;EUR;MWh;NO;NO;111;60.12;111;60.12;2;UP_AND_DOWN
2025-05-11T23:45;2025-05-12T00:00;96;EUR;MWh;NO;NO;78.56;35;78.56;35;2;UP_AND_DOWN
2025-05-12T00:00;2025-05-12T00:15;1;EUR;MWh;NO;NO;;-30;-30;-30;-1;DOWN
2025-05-12T00:15;2025-05-12T00:30;2;EUR;MWh;NO;NO;;37;37;37;-1;DOWN
2025-05-12T00:30;2025-05-12T00:45;3;EUR;MWh;NO;NO;;41;41;41;-1;DOWN
2025-05-12T00:45;2025-05-12T01:00;4;EUR;MWh;NO;NO;;26.34;26.34;26.34;-1;DOWN
2025-05-12T01:00;2025-05-12T01:15;5;EUR;MWh;NO;NO;;15.18;15.18;15.18;-1;DOWN
2025-05-12T01:15;2025-05-12T01:30;6;EUR;MWh;NO;NO;81.36;70.28;81.36;70.28;2;UP_AND_DOWN
2025-05-12T01:30;2025-05-12T01:45;7;EUR;MWh;NO;NO;;70.2;70.2;70.2;-1;DOWN
2025-05-12T01:45;2025-05-12T02:00;8;EUR;MWh;NO;NO;;57.13;57.13;57.13;-1;DOWN
2025-05-12T02:00;2025-05-12T02:15;9;EUR;MWh;NO;NO;;70.08;70.08;70.08;-1;DOWN
2025-05-12T02:15;2025-05-12T02:30;10;EUR;MWh;NO;NO;61;;61;61;1;UP
2025-05-12T02:30;2025-05-12T02:45;11;EUR;MWh;NO;NO;82.5;;82.5;82.5;1;UP
2025-05-12T02:45;2025-05-12T03:00;12;EUR;MWh;NO;NO;102.75;;102.75;102.75;1;UP
2025-05-12T03:00;2025-05-12T03:15;13;EUR;MWh;NO;NO;122;;122;122;1;UP
2025-05-12T03:15;2025-05-12T03:30;14;EUR;MWh;NO;NO;120.3;;120.3;120.3;1;UP
2025-05-12T03:30;2025-05-12T03:45;15;EUR;MWh;NO;NO;124;;124;124;1;UP
2025-05-12T03:45;2025-05-12T04:00;16;EUR;MWh;NO;NO;148.9;;148.9;148.9;1;UP
2025-05-12T04:00;2025-05-12T04:15;17;EUR;MWh;NO;NO;120.1;;120.1;120.1;1;UP
2025-05-12T04:15;2025-05-12T04:30;18;EUR;MWh;NO;NO;120.1;;120.1;120.1;1;UP
2025-05-12T04:30;2025-05-12T04:45;19;EUR;MWh;NO;NO;152.98;;152.98;152.98;1;UP
2025-05-12T04:45;2025-05-12T05:00;20;EUR;MWh;NO;NO;154.56;;154.56;154.56;1;UP
2025-05-12T05:00;2025-05-12T05:15;21;EUR;MWh;NO;NO;152.98;;152.98;152.98;1;UP
2025-05-12T05:15;2025-05-12T05:30;22;EUR;MWh;NO;NO;152.98;;152.98;152.98;1;UP
2025-05-12T05:30;2025-05-12T05:45;23;EUR;MWh;NO;NO;179.56;;179.56;179.56;1;UP
2025-05-12T05:45;2025-05-12T06:00;24;EUR;MWh;NO;NO;152.98;;152.98;152.98;1;UP
2025-05-12T06:00;2025-05-12T06:15;25;EUR;MWh;NO;NO;152.98;;152.98;152.98;1;UP
2025-05-12T06:15;2025-05-12T06:30;26;EUR;MWh;NO;NO;152.98;;152.98;152.98;1;UP
2025-05-12T06:30;2025-05-12T06:45;27;EUR;MWh;NO;NO;152.98;;152.98;152.98;1;UP
2025-05-12T06:45;2025-05-12T07:00;28;EUR;MWh;NO;NO;151.7;;151.7;151.7;1;UP
2025-05-12T07:00;2025-05-12T07:15;29;EUR;MWh;NO;NO;200;;200;200;1;UP
2025-05-12T07:15;2025-05-12T07:30;30;EUR;MWh;NO;NO;651.97;;651.97;651.97;1;UP
2025-05-12T07:30;2025-05-12T07:45;31;EUR;MWh;NO;NO;200;;200;200;1;UP
2025-05-12T07:45;2025-05-12T08:00;32;EUR;MWh;NO;NO;149.9;;149.9;149.9;1;UP
2025-05-12T08:00;2025-05-12T08:15;33;EUR;MWh;NO;NO;103.9;55;55;55;-1;DOWN
2025-05-12T08:15;2025-05-12T08:30;34;EUR;MWh;NO;NO;;55;55;55;-1;DOWN
2025-05-12T08:30;2025-05-12T08:45;35;EUR;MWh;NO;NO;;60;60;60;-1;DOWN
2025-05-12T08:45;2025-05-12T09:00;36;EUR;MWh;NO;NO;;50;50;50;-1;DOWN
2025-05-12T09:00;2025-05-12T09:15;37;EUR;MWh;NO;NO;104.56;20;104.56;20;2;UP_AND_DOWN
2025-05-12T09:15;2025-05-12T09:30;38;EUR;MWh;NO;NO;104.56;41;41;41;-1;DOWN
2025-05-12T09:30;2025-05-12T09:45;39;EUR;MWh;NO;NO;499.9;70.08;499.9;70.08;2;UP_AND_DOWN
2025-05-12T09:45;2025-05-12T10:00;40;EUR;MWh;NO;NO;499.9;-30;-30;-30;-1;DOWN
2025-05-12T10:00;2025-05-12T10:15;41;EUR;MWh;NO;NO;99;-53;99;-53;2;UP_AND_DOWN
2025-05-12T10:15;2025-05-12T10:30;42;EUR;MWh;NO;NO;99;-10;-10;-10;-1;DOWN
2025-05-12T10:30;2025-05-12T10:45;43;EUR;MWh;NO;NO;;-3.71;-3.71;-3.71;-1;DOWN
2025-05-12T10:45;2025-05-12T11:00;44;EUR;MWh;NO;NO;103.2;-10;103.2;-10;2;UP_AND_DOWN
2025-05-12T11:00;2025-05-12T11:15;45;EUR;MWh;NO;NO;;-18.5;-18.5;-18.5;-1;DOWN
2025-05-12T11:15;2025-05-12T11:30;46;EUR;MWh;NO;NO;;-25.8;-25.8;-25.8;-1;DOWN
2025-05-12T11:30;2025-05-12T11:45;47;EUR;MWh;NO;NO;1;;25.5;0;2;UP_AND_DOWN
2025-05-12T11:45;2025-05-12T12:00;48;EUR;MWh;NO;NO;1;-36.7;25.5;-36.7;2;UP_AND_DOWN
2025-05-12T12:00;2025-05-12T12:15;49;EUR;MWh;NO;NO;97.6;-49.5;97.6;-49.5;2;UP_AND_DOWN
2025-05-12T12:15;2025-05-12T12:30;50;EUR;MWh;NO;NO;97.6;-30;-30;-30;-1;DOWN
2025-05-12T12:30;2025-05-12T12:45;51;EUR;MWh;NO;NO;;;0;0;-1;DOWN
2025-05-12T12:45;2025-05-12T13:00;52;EUR;MWh;NO;NO;;-55;-55;-55;-1;DOWN
2025-05-12T13:00;2025-05-12T13:15;53;EUR;MWh;NO;NO;1;-29.9;25.5;-29.9;2;UP_AND_DOWN
2025-05-12T13:15;2025-05-12T13:30;54;EUR;MWh;NO;NO;;;0;0;-1;DOWN
2025-05-12T13:30;2025-05-12T13:45;55;EUR;MWh;NO;NO;;;0;0;-1;DOWN
2025-05-12T13:45;2025-05-12T14:00;56;EUR;MWh;NO;NO;;-.1;-.1;-.1;-1;DOWN
2025-05-12T14:00;2025-05-12T14:15;57;EUR;MWh;NO;NO;;-30;-30;-30;-1;DOWN
2025-05-12T14:15;2025-05-12T14:30;58;EUR;MWh;NO;NO;;10;10;10;-1;DOWN
2025-05-12T14:30;2025-05-12T14:45;59;EUR;MWh;NO;NO;;-28;-28;-28;-1;DOWN
2025-05-12T14:45;2025-05-12T15:00;60;EUR;MWh;NO;NO;59.88;.1;59.88;.1;2;UP_AND_DOWN
2025-05-12T15:00;2025-05-12T15:15;61;EUR;MWh;NO;NO;;2;2;2;-1;DOWN
2025-05-12T15:15;2025-05-12T15:30;62;EUR;MWh;NO;NO;;10;10;10;-1;DOWN
2025-05-12T15:30;2025-05-12T15:45;63;EUR;MWh;NO;NO;67;-37;67;-37;2;UP_AND_DOWN
2025-05-12T15:45;2025-05-12T16:00;64;EUR;MWh;NO;NO;67;-26;67;-26;2;UP_AND_DOWN
2025-05-12T16:00;2025-05-12T16:15;65;EUR;MWh;NO;NO;72;14.1;72;72;1;UP
2025-05-12T16:15;2025-05-12T16:30;66;EUR;MWh;NO;NO;72;-24;72;-24;2;UP_AND_DOWN
2025-05-12T16:30;2025-05-12T16:45;67;EUR;MWh;NO;NO;100.5;24;100.5;24;2;UP_AND_DOWN
2025-05-12T16:45;2025-05-12T17:00;68;EUR;MWh;NO;NO;122.9;;122.9;122.9;1;UP
2025-05-12T17:00;2025-05-12T17:15;69;EUR;MWh;NO;NO;67;-29.9;67;-29.9;2;UP_AND_DOWN
2025-05-12T17:15;2025-05-12T17:30;70;EUR;MWh;NO;NO;97.7;10;97.7;10;2;UP_AND_DOWN
2025-05-12T17:30;2025-05-12T17:45;71;EUR;MWh;NO;NO;;13;13;13;-1;DOWN
2025-05-12T17:45;2025-05-12T18:00;72;EUR;MWh;NO;NO;;13;63;63;0;STABLE
2025-05-12T18:00;2025-05-12T18:15;73;EUR;MWh;NO;NO;;22.98;22.98;22.98;-1;DOWN
2025-05-12T18:15;2025-05-12T18:30;74;EUR;MWh;NO;NO;;26.98;26.98;26.98;-1;DOWN
2025-05-12T18:30;2025-05-12T18:45;75;EUR;MWh;NO;NO;99;68.33;99;63.67;2;UP_AND_DOWN
2025-05-12T18:45;2025-05-12T19:00;76;EUR;MWh;NO;NO;112.84;;112.84;112.84;1;UP
2025-05-12T19:00;2025-05-12T19:15;77;EUR;MWh;NO;NO;78.56;31.2;78.56;31.2;2;UP_AND_DOWN
2025-05-12T19:15;2025-05-12T19:30;78;EUR;MWh;NO;NO;99;71.33;99;63.67;2;UP_AND_DOWN
2025-05-12T19:30;2025-05-12T19:45;79;EUR;MWh;NO;NO;147.7;;147.7;147.7;1;UP
2025-05-12T19:45;2025-05-12T20:00;80;EUR;MWh;NO;NO;150;;150;150;1;UP
2025-05-12T20:00;2025-05-12T20:15;81;EUR;MWh;NO;NO;148;79.81;148;79.81;2;UP_AND_DOWN
2025-05-12T20:15;2025-05-12T20:30;82;EUR;MWh;NO;NO;132.84;;132.84;132.84;1;UP
2025-05-12T20:30;2025-05-12T20:45;83;EUR;MWh;NO;NO;132.84;;132.84;132.84;1;UP
2025-05-12T20:45;2025-05-12T21:00;84;EUR;MWh;NO;NO;232.84;;232.84;232.84;1;UP
2025-05-12T21:00;2025-05-12T21:15;85;EUR;MWh;NO;NO;121.8;;121.8;121.8;1;UP
2025-05-12T21:15;2025-05-12T21:30;86;EUR;MWh;NO;NO;154.98;;154.98;154.98;1;UP
2025-05-12T21:30;2025-05-12T21:45;87;EUR;MWh;NO;NO;311.78;;311.78;311.78;1;UP
2025-05-12T21:45;2025-05-12T22:00;88;EUR;MWh;NO;NO;1672.26;;1672.26;1672.26;1;UP
2025-05-12T22:00;2025-05-12T22:15;89;EUR;MWh;NO;NO;1672.26;;1672.26;1672.26;1;UP
2025-05-12T22:15;2025-05-12T22:30;90;EUR;MWh;NO;NO;150;;150;150;1;UP
2025-05-12T22:30;2025-05-12T22:45;91;EUR;MWh;NO;NO;121.2;;121.2;121.2;1;UP
2025-05-12T22:45;2025-05-12T23:00;92;EUR;MWh;NO;NO;132.84;63.33;132.84;63.33;2;UP_AND_DOWN
2025-05-12T23:00;2025-05-12T23:15;93;EUR;MWh;NO;NO;104.7;-.4;104.7;-.4;2;UP_AND_DOWN
2025-05-12T23:15;2025-05-12T23:30;94;EUR;MWh;NO;NO;150.1;73.27;150.1;63.67;2;UP_AND_DOWN
2025-05-12T23:30;2025-05-12T23:45;95;EUR;MWh;NO;NO;150.1;54.57;54.57;54.57;-1;DOWN
2025-05-12T23:45;2025-05-13T00:00;96;EUR;MWh;NO;NO;46;65;65;65;-1;DOWN
2025-05-13T00:00;2025-05-13T00:15;1;EUR;MWh;NO;NO;;3.2;3.2;3.2;-1;DOWN
2025-05-13T00:15;2025-05-13T00:30;2;EUR;MWh;NO;NO;;70;70;70;-1;DOWN
2025-05-13T00:30;2025-05-13T00:45;3;EUR;MWh;NO;NO;;70;70;70;-1;DOWN
2025-05-13T00:45;2025-05-13T01:00;4;EUR;MWh;NO;NO;120.1;81.66;120.1;80.86;2;UP_AND_DOWN
2025-05-13T01:00;2025-05-13T01:15;5;EUR;MWh;NO;NO;132.51;;132.51;132.51;1;UP
2025-05-13T01:15;2025-05-13T01:30;6;EUR;MWh;NO;NO;139;;139;139;1;UP
2025-05-13T01:30;2025-05-13T01:45;7;EUR;MWh;NO;NO;147;;147;147;1;UP
2025-05-13T01:45;2025-05-13T02:00;8;EUR;MWh;NO;NO;162.98;;162.98;162.98;1;UP
2025-05-13T02:00;2025-05-13T02:15;9;EUR;MWh;NO;NO;129;;129;129;1;UP
2025-05-13T02:15;2025-05-13T02:30;10;EUR;MWh;NO;NO;119.9;;119.9;119.9;1;UP
2025-05-13T02:30;2025-05-13T02:45;11;EUR;MWh;NO;NO;107.51;;107.51;107.51;1;UP
2025-05-13T02:45;2025-05-13T03:00;12;EUR;MWh;NO;NO;139;;139;139;1;UP
2025-05-13T03:00;2025-05-13T03:15;13;EUR;MWh;NO;NO;89.53;;89.53;89.53;1;UP
2025-05-13T03:15;2025-05-13T03:30;14;EUR;MWh;NO;NO;86.16;;86.16;86.16;1;UP
2025-05-13T03:30;2025-05-13T03:45;15;EUR;MWh;NO;NO;87.66;;87.66;87.66;1;UP
2025-05-13T03:45;2025-05-13T04:00;16;EUR;MWh;NO;NO;78.56;45.61;80.86;45.61;2;UP_AND_DOWN
2025-05-13T04:00;2025-05-13T04:15;17;EUR;MWh;NO;NO;;47;47;47;-1;DOWN
2025-05-13T04:15;2025-05-13T04:30;18;EUR;MWh;NO;NO;;50;50;50;-1;DOWN
2025-05-13T04:30;2025-05-13T04:45;19;EUR;MWh;NO;NO;;47;47;47;-1;DOWN
2025-05-13T04:45;2025-05-13T05:00;20;EUR;MWh;NO;NO;;31.98;31.98;31.98;-1;DOWN
2025-05-13T05:00;2025-05-13T05:15;21;EUR;MWh;NO;NO;;54.98;54.98;54.98;-1;DOWN
2025-05-13T05:15;2025-05-13T05:30;22;EUR;MWh;NO;NO;;76.56;76.56;76.56;-1;DOWN
2025-05-13T05:30;2025-05-13T05:45;23;EUR;MWh;NO;NO;99;83.01;99;64.51;2;UP_AND_DOWN
2025-05-13T05:45;2025-05-13T06:00;24;EUR;MWh;NO;NO;109.29;;109.29;109.29;1;UP
2025-05-13T06:00;2025-05-13T06:15;25;EUR;MWh;NO;NO;151.98;;151.98;151.98;1;UP
2025-05-13T06:15;2025-05-13T06:30;26;EUR;MWh;NO;NO;155.55;;155.55;155.55;1;UP
2025-05-13T06:30;2025-05-13T06:45;27;EUR;MWh;NO;NO;150;;150;150;1;UP
2025-05-13T06:45;2025-05-13T07:00;28;EUR;MWh;NO;NO;92.51;;92.51;92.51;1;UP
2025-05-13T07:00;2025-05-13T07:15;29;EUR;MWh;NO;NO;98.71;;98.71;98.71;1;UP
2025-05-13T07:15;2025-05-13T07:30;30;EUR;MWh;NO;NO;99;;99;99;1;UP
2025-05-13T07:30;2025-05-13T07:45;31;EUR;MWh;NO;NO;132.51;;132.51;132.51;1;UP
2025-05-13T07:45;2025-05-13T08:00;32;EUR;MWh;NO;NO;78.56;83.16;78.56;64.58;2;UP_AND_DOWN
2025-05-13T08:00;2025-05-13T08:15;33;EUR;MWh;NO;NO;116.45;83.16;116.45;116.45;1;UP
2025-05-13T08:15;2025-05-13T08:30;34;EUR;MWh;NO;NO;99;81.66;99;64.58;2;UP_AND_DOWN
2025-05-13T08:30;2025-05-13T08:45;35;EUR;MWh;NO;NO;115.9;49;115.9;49;2;UP_AND_DOWN
2025-05-13T08:45;2025-05-13T09:00;36;EUR;MWh;NO;NO;;11;11;11;-1;DOWN
2025-05-13T09:00;2025-05-13T09:15;37;EUR;MWh;NO;NO;63.43;10;63.43;10;2;UP_AND_DOWN
2025-05-13T09:15;2025-05-13T09:30;38;EUR;MWh;NO;NO;;28.61;28.61;28.61;-1;DOWN
2025-05-13T09:30;2025-05-13T09:45;39;EUR;MWh;NO;NO;;-30;-30;-30;-1;DOWN
2025-05-13T09:45;2025-05-13T10:00;40;EUR;MWh;NO;NO;;;0;0;-1;DOWN
2025-05-13T10:00;2025-05-13T10:15;41;EUR;MWh;NO;NO;;-18.5;-18.5;-18.5;-1;DOWN
2025-05-13T10:15;2025-05-13T10:30;42;EUR;MWh;NO;NO;;-60;-60;-60;-1;DOWN
2025-05-13T10:30;2025-05-13T10:45;43;EUR;MWh;NO;NO;87.69;-60;87.69;-60;2;UP_AND_DOWN
2025-05-13T10:45;2025-05-13T11:00;44;EUR;MWh;NO;NO;;-48;-48;-48;-1;DOWN
2025-05-13T11:00;2025-05-13T11:15;45;EUR;MWh;NO;NO;120.9;-60;120.9;-60;2;UP_AND_DOWN
2025-05-13T11:15;2025-05-13T11:30;46;EUR;MWh;NO;NO;120.9;-30;-30;-30;-1;DOWN
2025-05-13T11:30;2025-05-13T11:45;47;EUR;MWh;NO;NO;;-30;-30;-30;-1;DOWN
2025-05-13T11:45;2025-05-13T12:00;48;EUR;MWh;NO;NO;;-30;-30;-30;-1;DOWN
2025-05-13T12:00;2025-05-13T12:15;49;EUR;MWh;NO;NO;;-70;-70;-70;-1;DOWN
2025-05-13T12:15;2025-05-13T12:30;50;EUR;MWh;NO;NO;;-80.44;-80.44;-80.44;-1;DOWN
2025-05-13T12:30;2025-05-13T12:45;51;EUR;MWh;NO;NO;;-40;-40;-40;-1;DOWN
2025-05-13T12:45;2025-05-13T13:00;52;EUR;MWh;NO;NO;;-70;-70;-70;-1;DOWN
2025-05-13T13:00;2025-05-13T13:15;53;EUR;MWh;NO;NO;;-60;-60;-60;-1;DOWN
2025-05-13T13:15;2025-05-13T13:30;54;EUR;MWh;NO;NO;;-70;-70;-70;-1;DOWN
2025-05-13T13:30;2025-05-13T13:45;55;EUR;MWh;NO;NO;;-61.79;-61.79;-61.79;-1;DOWN
2025-05-13T13:45;2025-05-13T14:00;56;EUR;MWh;NO;NO;;-70;-70;-70;-1;DOWN
2025-05-13T14:00;2025-05-13T14:15;57;EUR;MWh;NO;NO;;-30;-30;-30;-1;DOWN
2025-05-13T14:15;2025-05-13T14:30;58;EUR;MWh;NO;NO;;-30;-30;-30;-1;DOWN
2025-05-13T14:30;2025-05-13T14:45;59;EUR;MWh;NO;NO;92.69;-75;92.69;-75;2;UP_AND_DOWN
2025-05-13T14:45;2025-05-13T15:00;60;EUR;MWh;NO;NO;75.97;-60;75.97;-60;2;UP_AND_DOWN
2025-05-13T15:00;2025-05-13T15:15;61;EUR;MWh;NO;NO;;-50;-50;-50;-1;DOWN
2025-05-13T15:15;2025-05-13T15:30;62;EUR;MWh;NO;NO;;-75;-75;-75;-1;DOWN
2025-05-13T15:30;2025-05-13T15:45;63;EUR;MWh;NO;NO;;;0;0;-1;DOWN
2025-05-13T15:45;2025-05-13T16:00;64;EUR;MWh;NO;NO;;-18.5;-18.5;-18.5;-1;DOWN
2025-05-13T16:00;2025-05-13T16:15;65;EUR;MWh;NO;NO;;-27.8;-27.8;-27.8;-1;DOWN
2025-05-13T16:15;2025-05-13T16:30;66;EUR;MWh;NO;NO;97.6;10;97.6;10;2;UP_AND_DOWN
2025-05-13T16:30;2025-05-13T16:45;67;EUR;MWh;NO;NO;100;;100;100;1;UP
2025-05-13T16:45;2025-05-13T17:00;68;EUR;MWh;NO;NO;92.69;;92.69;92.69;1;UP
2025-05-13T17:00;2025-05-13T17:15;69;EUR;MWh;NO;NO;52;;52;52;1;UP
2025-05-13T17:15;2025-05-13T17:30;70;EUR;MWh;NO;NO;110.57;;110.57;110.57;1;UP
2025-05-13T17:30;2025-05-13T17:45;71;EUR;MWh;NO;NO;150;;150;150;1;UP
2025-05-13T17:45;2025-05-13T18:00;72;EUR;MWh;NO;NO;151.98;;151.98;151.98;1;UP
2025-05-13T18:00;2025-05-13T18:15;73;EUR;MWh;NO;NO;101.2;22.98;101.2;22.98;2;UP_AND_DOWN
2025-05-13T18:15;2025-05-13T18:30;74;EUR;MWh;NO;NO;146.9;31.98;146.9;31.98;2;UP_AND_DOWN
2025-05-13T18:30;2025-05-13T18:45;75;EUR;MWh;NO;NO;147;;147;147;1;UP
2025-05-13T18:45;2025-05-13T19:00;76;EUR;MWh;NO;NO;110;79;110;110;1;UP
2025-05-13T19:00;2025-05-13T19:15;77;EUR;MWh;NO;NO;92.49;28.98;92.49;28.98;2;UP_AND_DOWN
2025-05-13T19:15;2025-05-13T19:30;78;EUR;MWh;NO;NO;92.89;16;92.89;16;2;UP_AND_DOWN
2025-05-13T19:30;2025-05-13T19:45;79;EUR;MWh;NO;NO;122.2;70.3;122.2;64.68;2;UP_AND_DOWN
2025-05-13T19:45;2025-05-13T20:00;80;EUR;MWh;NO;NO;147.5;;147.5;147.5;1;UP
2025-05-13T20:00;2025-05-13T20:15;81;EUR;MWh;NO;NO;232.69;;232.69;232.69;1;UP
2025-05-13T20:15;2025-05-13T20:30;82;EUR;MWh;NO;NO;232.69;;232.69;232.69;1;UP
2025-05-13T20:30;2025-05-13T20:45;83;EUR;MWh;NO;NO;232.69;;232.69;232.69;1;UP
2025-05-13T20:45;2025-05-13T21:00;84;EUR;MWh;NO;NO;232.69;;232.69;232.69;1;UP
2025-05-13T21:00;2025-05-13T21:15;85;EUR;MWh;NO;NO;187.98;;187.98;187.98;1;UP
2025-05-13T21:15;2025-05-13T21:30;86;EUR;MWh;NO;NO;151.98;;151.98;151.98;1;UP
2025-05-13T21:30;2025-05-13T21:45;87;EUR;MWh;NO;NO;121.2;;121.2;121.2;1;UP
2025-05-13T21:45;2025-05-13T22:00;88;EUR;MWh;NO;NO;109.91;83.16;109.91;80.86;2;UP_AND_DOWN
2025-05-13T22:00;2025-05-13T22:15;89;EUR;MWh;NO;NO;87.69;83.06;87.69;64.63;2;UP_AND_DOWN
2025-05-13T22:15;2025-05-13T22:30;90;EUR;MWh;NO;NO;104.2;82.96;104.2;64.58;2;UP_AND_DOWN
2025-05-13T22:30;2025-05-13T22:45;91;EUR;MWh;NO;NO;120.6;;120.6;120.6;1;UP
2025-05-13T22:45;2025-05-13T23:00;92;EUR;MWh;NO;NO;87.69;64.98;87.69;64.63;2;UP_AND_DOWN
2025-05-13T23:00;2025-05-13T23:15;93;EUR;MWh;NO;NO;102.69;61.77;102.69;61.77;2;UP_AND_DOWN
2025-05-13T23:15;2025-05-13T23:30;94;EUR;MWh;NO;NO;102.69;70.2;70.2;70.2;-1;DOWN
2025-05-13T23:30;2025-05-13T23:45;95;EUR;MWh;NO;NO;87.69;70.1;87.69;64.63;2;UP_AND_DOWN
2025-05-13T23:45;2025-05-14T00:00;96;EUR;MWh;NO;NO;92.69;70.1;92.69;64.68;2;UP_AND_DOWN
2025-05-14T00:00;2025-05-14T00:15;1;EUR;MWh;NO;NO;122;80.94;122;79.78;2;UP_AND_DOWN
2025-05-14T00:15;2025-05-14T00:30;2;EUR;MWh;NO;NO;107.98;;107.98;107.98;1;UP
2025-05-14T00:30;2025-05-14T00:45;3;EUR;MWh;NO;NO;122;;122;122;1;UP
2025-05-14T00:45;2025-05-14T01:00;4;EUR;MWh;NO;NO;104.9;;104.9;104.9;1;UP
2025-05-14T01:00;2025-05-14T01:15;5;EUR;MWh;NO;NO;118.98;;118.98;118.98;1;UP
2025-05-14T01:15;2025-05-14T01:30;6;EUR;MWh;NO;NO;111;;111;111;1;UP
2025-05-14T01:30;2025-05-14T01:45;7;EUR;MWh;NO;NO;121.3;;121.3;121.3;1;UP
2025-05-14T01:45;2025-05-14T02:00;8;EUR;MWh;NO;NO;97.92;70.98;97.92;70.98;2;UP_AND_DOWN
2025-05-14T02:00;2025-05-14T02:15;9;EUR;MWh;NO;NO;122;78.83;122;78.83;2;UP_AND_DOWN
2025-05-14T02:15;2025-05-14T02:30;10;EUR;MWh;NO;NO;122;70.98;70.98;70.98;-1;DOWN
2025-05-14T02:30;2025-05-14T02:45;11;EUR;MWh;NO;NO;121.7;69;121.7;69;2;UP_AND_DOWN
2025-05-14T02:45;2025-05-14T03:00;12;EUR;MWh;NO;NO;113.98;;113.98;113.98;1;UP
2025-05-14T03:00;2025-05-14T03:15;13;EUR;MWh;NO;NO;106.1;;106.1;106.1;1;UP
2025-05-14T03:15;2025-05-14T03:30;14;EUR;MWh;NO;NO;97.92;;97.92;97.92;1;UP
2025-05-14T03:30;2025-05-14T03:45;15;EUR;MWh;NO;NO;90.98;;90.98;90.98;1;UP
2025-05-14T03:45;2025-05-14T04:00;16;EUR;MWh;NO;NO;97.92;;97.92;97.92;1;UP
2025-05-14T04:00;2025-05-14T04:15;17;EUR;MWh;NO;NO;78.56;;78.56;78.56;1;UP
2025-05-14T04:15;2025-05-14T04:30;18;EUR;MWh;NO;NO;;81.6;81.6;81.6;-1;DOWN
2025-05-14T04:30;2025-05-14T04:45;19;EUR;MWh;NO;NO;95.98;78.95;95.98;78.95;2;UP_AND_DOWN
2025-05-14T04:45;2025-05-14T05:00;20;EUR;MWh;NO;NO;122;;122;122;1;UP
2025-05-14T05:00;2025-05-14T05:15;21;EUR;MWh;NO;NO;88.98;78.7;88.98;78.7;2;UP_AND_DOWN
2025-05-14T05:15;2025-05-14T05:30;22;EUR;MWh;NO;NO;92.98;81.83;92.98;80.78;2;UP_AND_DOWN
2025-05-14T05:30;2025-05-14T05:45;23;EUR;MWh;NO;NO;122;;122;122;1;UP
2025-05-14T05:45;2025-05-14T06:00;24;EUR;MWh;NO;NO;120.98;;120.98;120.98;1;UP
2025-05-14T06:00;2025-05-14T06:15;25;EUR;MWh;NO;NO;200;;200;200;1;UP
2025-05-14T06:15;2025-05-14T06:30;26;EUR;MWh;NO;NO;224.98;77.31;224.98;65;2;UP_AND_DOWN
2025-05-14T06:30;2025-05-14T06:45;27;EUR;MWh;NO;NO;;83;83;83;-1;DOWN
2025-05-14T06:45;2025-05-14T07:00;28;EUR;MWh;NO;NO;78.56;;78.56;78.56;1;UP
2025-05-14T07:00;2025-05-14T07:15;29;EUR;MWh;NO;NO;122;;122;122;1;UP
2025-05-14T07:15;2025-05-14T07:30;30;EUR;MWh;NO;NO;102.92;;102.92;102.92;1;UP
2025-05-14T07:30;2025-05-14T07:45;31;EUR;MWh;NO;NO;92.92;70.18;92.92;63.93;2;UP_AND_DOWN
2025-05-14T07:45;2025-05-14T08:00;32;EUR;MWh;NO;NO;121.7;78.85;121.7;63.93;2;UP_AND_DOWN
2025-05-14T08:00;2025-05-14T08:15;33;EUR;MWh;NO;NO;121.7;43.98;43.98;43.98;-1;DOWN
2025-05-14T08:15;2025-05-14T08:30;34;EUR;MWh;NO;NO;78.56;57.83;78.56;57.83;2;UP_AND_DOWN
2025-05-14T08:30;2025-05-14T08:45;35;EUR;MWh;NO;NO;;50;50;50;-1;DOWN
2025-05-14T08:45;2025-05-14T09:00;36;EUR;MWh;NO;NO;;10;10;10;-1;DOWN
2025-05-14T09:00;2025-05-14T09:15;37;EUR;MWh;NO;NO;153.7;-60;153.7;-60;2;UP_AND_DOWN
2025-05-14T09:15;2025-05-14T09:30;38;EUR;MWh;NO;NO;200;49;200;49;2;UP_AND_DOWN
2025-05-14T09:30;2025-05-14T09:45;39;EUR;MWh;NO;NO;;10;10;10;-1;DOWN
2025-05-14T09:45;2025-05-14T10:00;40;EUR;MWh;NO;NO;;-29.8;-29.8;-29.8;-1;DOWN
2025-05-14T10:00;2025-05-14T10:15;41;EUR;MWh;NO;NO;500;12;500;12;2;UP_AND_DOWN
2025-05-14T10:15;2025-05-14T10:30;42;EUR;MWh;NO;NO;500;-12.77;-12.77;-12.77;-1;DOWN
2025-05-14T10:30;2025-05-14T10:45;43;EUR;MWh;NO;NO;;-40;-40;-40;-1;DOWN
2025-05-14T10:45;2025-05-14T11:00;44;EUR;MWh;NO;NO;;-42;-42;-42;-1;DOWN
2025-05-14T11:00;2025-05-14T11:15;45;EUR;MWh;NO;NO;96.98;49.98;96.98;38.99;2;UP_AND_DOWN
2025-05-14T11:15;2025-05-14T11:30;46;EUR;MWh;NO;NO;96.98;-34;-34;-34;-1;DOWN
2025-05-14T11:30;2025-05-14T11:45;47;EUR;MWh;NO;NO;;-40;-40;-40;-1;DOWN
2025-05-14T11:45;2025-05-14T12:00;48;EUR;MWh;NO;NO;1;;34.49;0;2;UP_AND_DOWN
2025-05-14T12:00;2025-05-14T12:15;49;EUR;MWh;NO;NO;;-18.8;-18.8;-18.8;-1;DOWN
2025-05-14T12:15;2025-05-14T12:30;50;EUR;MWh;NO;NO;99.6;-12.02;99.6;-12.02;2;UP_AND_DOWN
2025-05-14T12:30;2025-05-14T12:45;51;EUR;MWh;NO;NO;1;;34.49;0;2;UP_AND_DOWN
2025-05-14T12:45;2025-05-14T13:00;52;EUR;MWh;NO;NO;;-29.7;-29.7;-29.7;-1;DOWN
2025-05-14T13:00;2025-05-14T13:15;53;EUR;MWh;NO;NO;;-30;-30;-30;-1;DOWN
2025-05-14T13:15;2025-05-14T13:30;54;EUR;MWh;NO;NO;1;-30;34.49;-30;2;UP_AND_DOWN
2025-05-14T13:30;2025-05-14T13:45;55;EUR;MWh;NO;NO;1;-1.26;34.49;-1.26;2;UP_AND_DOWN
2025-05-14T13:45;2025-05-14T14:00;56;EUR;MWh;NO;NO;;-29.6;-29.6;-29.6;-1;DOWN
2025-05-14T14:00;2025-05-14T14:15;57;EUR;MWh;NO;NO;1;36.98;34.49;34.49;2;UP_AND_DOWN
2025-05-14T14:15;2025-05-14T14:30;58;EUR;MWh;NO;NO;85.49;-12.39;85.49;-12.39;2;UP_AND_DOWN
2025-05-14T14:30;2025-05-14T14:45;59;EUR;MWh;NO;NO;76.26;-42;76.26;-42;2;UP_AND_DOWN
2025-05-14T14:45;2025-05-14T15:00;60;EUR;MWh;NO;NO;12;-44.9;12;12;1;UP
2025-05-14T15:00;2025-05-14T15:15;61;EUR;MWh;NO;NO;12;-70;35.5;-70;2;UP_AND_DOWN
2025-05-14T15:15;2025-05-14T15:30;62;EUR;MWh;NO;NO;;-28;-28;-28;-1;DOWN
2025-05-14T15:30;2025-05-14T15:45;63;EUR;MWh;NO;NO;;-40;-40;-40;-1;DOWN
2025-05-14T15:45;2025-05-14T16:00;64;EUR;MWh;NO;NO;;-60.2;-60.2;-60.2;-1;DOWN
2025-05-14T16:00;2025-05-14T16:15;65;EUR;MWh;NO;NO;;2;2;2;-1;DOWN
2025-05-14T16:15;2025-05-14T16:30;66;EUR;MWh;NO;NO;90.98;10;90.98;10;2;UP_AND_DOWN
2025-05-14T16:30;2025-05-14T16:45;67;EUR;MWh;NO;NO;76.56;-19;76.56;-19;2;UP_AND_DOWN
2025-05-14T16:45;2025-05-14T17:00;68;EUR;MWh;NO;NO;84;;84;0;2;UP_AND_DOWN
2025-05-14T17:00;2025-05-14T17:15;69;EUR;MWh;NO;NO;;-27.39;-27.39;-27.39;-1;DOWN
2025-05-14T17:15;2025-05-14T17:30;70;EUR;MWh;NO;NO;;-31;-31;-31;-1;DOWN
2025-05-14T17:30;2025-05-14T17:45;71;EUR;MWh;NO;NO;100;10;100;10;2;UP_AND_DOWN
2025-05-14T17:45;2025-05-14T18:00;72;EUR;MWh;NO;NO;101.2;;101.2;101.2;1;UP
2025-05-14T18:00;2025-05-14T18:15;73;EUR;MWh;NO;NO;52;10;60.49;10;2;UP_AND_DOWN
2025-05-14T18:15;2025-05-14T18:30;74;EUR;MWh;NO;NO;;-40;-40;-40;-1;DOWN
2025-05-14T18:30;2025-05-14T18:45;75;EUR;MWh;NO;NO;;-2.67;-2.67;-2.67;-1;DOWN
2025-05-14T18:45;2025-05-14T19:00;76;EUR;MWh;NO;NO;;58.98;58.98;58.98;-1;DOWN
2025-05-14T19:00;2025-05-14T19:15;77;EUR;MWh;NO;NO;47;72.98;64.42;64.42;2;UP_AND_DOWN
2025-05-14T19:15;2025-05-14T19:30;78;EUR;MWh;NO;NO;94;72.98;94;64.42;2;UP_AND_DOWN
2025-05-14T19:30;2025-05-14T19:45;79;EUR;MWh;NO;NO;94;44.98;94;44.98;2;UP_AND_DOWN
2025-05-14T19:45;2025-05-14T20:00;80;EUR;MWh;NO;NO;;29.98;29.98;29.98;-1;DOWN
2025-05-14T20:00;2025-05-14T20:15;81;EUR;MWh;NO;NO;;33.38;33.38;33.38;-1;DOWN
2025-05-14T20:15;2025-05-14T20:30;82;EUR;MWh;NO;NO;95;52.98;95;95;1;UP
2025-05-14T20:30;2025-05-14T20:45;83;EUR;MWh;NO;NO;95.98;47;95.98;47;2;UP_AND_DOWN
2025-05-14T20:45;2025-05-14T21:00;84;EUR;MWh;NO;NO;;32;32;32;-1;DOWN
2025-05-14T21:00;2025-05-14T21:15;85;EUR;MWh;NO;NO;;52.98;52.98;52.98;-1;DOWN
2025-05-14T21:15;2025-05-14T21:30;86;EUR;MWh;NO;NO;;72.08;72.08;72.08;-1;DOWN
2025-05-14T21:30;2025-05-14T21:45;87;EUR;MWh;NO;NO;94.69;32;94.69;32;2;UP_AND_DOWN
2025-05-14T21:45;2025-05-14T22:00;88;EUR;MWh;NO;NO;;32;32;32;-1;DOWN
2025-05-14T22:00;2025-05-14T22:15;89;EUR;MWh;NO;NO;95.98;42.98;95.98;42.98;2;UP_AND_DOWN
2025-05-14T22:15;2025-05-14T22:30;90;EUR;MWh;NO;NO;91.98;62;91.98;62;2;UP_AND_DOWN
2025-05-14T22:30;2025-05-14T22:45;91;EUR;MWh;NO;NO;;61;61;61;-1;DOWN
2025-05-14T22:45;2025-05-14T23:00;92;EUR;MWh;NO;NO;96.98;70.88;96.98;62.69;2;UP_AND_DOWN
2025-05-14T23:00;2025-05-14T23:15;93;EUR;MWh;NO;NO;88.98;63.18;88.98;62.69;2;UP_AND_DOWN
2025-05-14T23:15;2025-05-14T23:30;94;EUR;MWh;NO;NO;90.88;55.83;90.88;55.83;2;UP_AND_DOWN
2025-05-14T23:30;2025-05-14T23:45;95;EUR;MWh;NO;NO;;68.98;68.98;68.98;-1;DOWN
2025-05-14T23:45;2025-05-15T00:00;96;EUR;MWh;NO;NO;110.78;68.93;110.78;62.69;2;UP_AND_DOWN
2025-05-15T00:00;2025-05-15T00:15;1;EUR;MWh;NO;NO;101;;101;101;1;UP
2025-05-15T00:15;2025-05-15T00:30;2;EUR;MWh;NO;NO;118.93;69.9;118.93;69.9;2;UP_AND_DOWN
2025-05-15T00:30;2025-05-15T00:45;3;EUR;MWh;NO;NO;118.93;61;61;61;-1;DOWN
2025-05-15T00:45;2025-05-15T01:00;4;EUR;MWh;NO;NO;;54.98;54.98;54.98;-1;DOWN
2025-05-15T01:00;2025-05-15T01:15;5;EUR;MWh;NO;NO;108.7;49.98;108.7;49.98;2;UP_AND_DOWN
2025-05-15T01:15;2025-05-15T01:30;6;EUR;MWh;NO;NO;93.34;;93.34;93.34;1;UP
2025-05-15T01:30;2025-05-15T01:45;7;EUR;MWh;NO;NO;92;78.27;92;78.27;2;UP_AND_DOWN
2025-05-15T01:45;2025-05-15T02:00;8;EUR;MWh;NO;NO;100.3;78.43;100.3;78.43;2;UP_AND_DOWN
2025-05-15T02:00;2025-05-15T02:15;9;EUR;MWh;NO;NO;109.1;;109.1;109.1;1;UP
2025-05-15T02:15;2025-05-15T02:30;10;EUR;MWh;NO;NO;115;;115;115;1;UP
2025-05-15T02:30;2025-05-15T02:45;11;EUR;MWh;NO;NO;116;;116;116;1;UP
2025-05-15T02:45;2025-05-15T03:00;12;EUR;MWh;NO;NO;126.66;;126.66;126.66;1;UP
2025-05-15T03:00;2025-05-15T03:15;13;EUR;MWh;NO;NO;92;75.01;92;75.01;2;UP_AND_DOWN
2025-05-15T03:15;2025-05-15T03:30;14;EUR;MWh;NO;NO;;71.27;71.27;71.27;-1;DOWN
2025-05-15T03:30;2025-05-15T03:45;15;EUR;MWh;NO;NO;;61.98;61.98;61.98;-1;DOWN
2025-05-15T03:45;2025-05-15T04:00;16;EUR;MWh;NO;NO;;56.98;56.98;56.98;-1;DOWN
2025-05-15T04:00;2025-05-15T04:15;17;EUR;MWh;NO;NO;;54;54;54;-1;DOWN
2025-05-15T04:15;2025-05-15T04:30;18;EUR;MWh;NO;NO;;63.42;63.42;63.42;-1;DOWN
2025-05-15T04:30;2025-05-15T04:45;19;EUR;MWh;NO;NO;;63.42;63.42;63.42;-1;DOWN
2025-05-15T04:45;2025-05-15T05:00;20;EUR;MWh;NO;NO;;63.86;63.86;63.86;-1;DOWN
2025-05-15T05:00;2025-05-15T05:15;21;EUR;MWh;NO;NO;;61.83;61.83;61.83;-1;DOWN
2025-05-15T05:15;2025-05-15T05:30;22;EUR;MWh;NO;NO;;61.83;61.83;61.83;-1;DOWN
2025-05-15T05:30;2025-05-15T05:45;23;EUR;MWh;NO;NO;;48.37;48.37;48.37;-1;DOWN
2025-05-15T05:45;2025-05-15T06:00;24;EUR;MWh;NO;NO;;68.58;68.58;68.58;-1;DOWN
2025-05-15T06:00;2025-05-15T06:15;25;EUR;MWh;NO;NO;67;49.98;67;49.98;2;UP_AND_DOWN
2025-05-15T06:15;2025-05-15T06:30;26;EUR;MWh;NO;NO;53;49.98;53;53;1;UP
2025-05-15T06:30;2025-05-15T06:45;27;EUR;MWh;NO;NO;53;70.98;61.91;61.91;2;UP_AND_DOWN
2025-05-15T06:45;2025-05-15T07:00;28;EUR;MWh;NO;NO;;70.98;61.91;61.91;0;STABLE
2025-05-15T07:00;2025-05-15T07:15;29;EUR;MWh;NO;NO;78.56;;78.56;78.56;1;UP
2025-05-15T07:15;2025-05-15T07:30;30;EUR;MWh;NO;NO;105.5;;105.5;105.5;1;UP
2025-05-15T07:30;2025-05-15T07:45;31;EUR;MWh;NO;NO;48;;48;48;1;UP
2025-05-15T07:45;2025-05-15T08:00;32;EUR;MWh;NO;NO;;54.98;54.98;54.98;-1;DOWN
2025-05-15T08:00;2025-05-15T08:15;33;EUR;MWh;NO;NO;;43;43;43;-1;DOWN
2025-05-15T08:15;2025-05-15T08:30;34;EUR;MWh;NO;NO;;16.27;16.27;16.27;-1;DOWN
2025-05-15T08:30;2025-05-15T08:45;35;EUR;MWh;NO;NO;;16.27;16.27;16.27;-1;DOWN
2025-05-15T08:45;2025-05-15T09:00;36;EUR;MWh;NO;NO;;25.1;25.1;25.1;-1;DOWN
2025-05-15T09:00;2025-05-15T09:15;37;EUR;MWh;NO;NO;122.9;40;122.9;40;2;UP_AND_DOWN
2025-05-15T09:15;2025-05-15T09:30;38;EUR;MWh;NO;NO;122.9;40;122.9;40;2;UP_AND_DOWN
2025-05-15T09:30;2025-05-15T09:45;39;EUR;MWh;NO;NO;122.9;31;122.9;31;2;UP_AND_DOWN
2025-05-15T09:45;2025-05-15T10:00;40;EUR;MWh;NO;NO;76.66;24.4;76.66;24.4;2;UP_AND_DOWN
2025-05-15T10:00;2025-05-15T10:15;41;EUR;MWh;NO;NO;;-12.94;-12.94;-12.94;-1;DOWN
2025-05-15T10:15;2025-05-15T10:30;42;EUR;MWh;NO;NO;;-47.28;-47.28;-47.28;-1;DOWN
2025-05-15T10:30;2025-05-15T10:45;43;EUR;MWh;NO;NO;103.6;-70;103.6;-70;2;UP_AND_DOWN
2025-05-15T10:45;2025-05-15T11:00;44;EUR;MWh;NO;NO;;-115;-115;-115;-1;DOWN
2025-05-15T11:00;2025-05-15T11:15;45;EUR;MWh;NO;NO;133.05;-23.92;133.05;-23.92;2;UP_AND_DOWN
2025-05-15T11:15;2025-05-15T11:30;46;EUR;MWh;NO;NO;133.05;-95;-95;-95;-1;DOWN
2025-05-15T11:30;2025-05-15T11:45;47;EUR;MWh;NO;NO;;-100;-100;-100;-1;DOWN
2025-05-15T11:45;2025-05-15T12:00;48;EUR;MWh;NO;NO;;-1000;-1000;-1000;-1;DOWN
2025-05-15T12:00;2025-05-15T12:15;49;EUR;MWh;NO;NO;;-1000;-1000;-1000;-1;DOWN
2025-05-15T12:15;2025-05-15T12:30;50;EUR;MWh;NO;NO;;-70;-70;-70;-1;DOWN
2025-05-15T12:30;2025-05-15T12:45;51;EUR;MWh;NO;NO;;-54.52;-54.52;-54.52;-1;DOWN
2025-05-15T12:45;2025-05-15T13:00;52;EUR;MWh;NO;NO;;-60;-60;-60;-1;DOWN
2025-05-15T13:00;2025-05-15T13:15;53;EUR;MWh;NO;NO;92;5.33;92;5.33;2;UP_AND_DOWN
2025-05-15T13:15;2025-05-15T13:30;54;EUR;MWh;NO;NO;;;0;0;-1;DOWN
2025-05-15T13:30;2025-05-15T13:45;55;EUR;MWh;NO;NO;;;0;0;-1;DOWN
2025-05-15T13:45;2025-05-15T14:00;56;EUR;MWh;NO;NO;;;0;0;-1;DOWN
2025-05-15T14:00;2025-05-15T14:15;57;EUR;MWh;NO;NO;1;-30;-30;-30;-1;DOWN
2025-05-15T14:15;2025-05-15T14:30;58;EUR;MWh;NO;NO;1;-28;-28;-28;-1;DOWN
2025-05-15T14:30;2025-05-15T14:45;59;EUR;MWh;NO;NO;;2;2;2;-1;DOWN
2025-05-15T14:45;2025-05-15T15:00;60;EUR;MWh;NO;NO;;;0;0;-1;DOWN
2025-05-15T15:00;2025-05-15T15:15;61;EUR;MWh;NO;NO;;-30;-30;-30;-1;DOWN
2025-05-15T15:15;2025-05-15T15:30;62;EUR;MWh;NO;NO;;-20.8;-20.8;-20.8;-1;DOWN
2025-05-15T15:30;2025-05-15T15:45;63;EUR;MWh;NO;NO;;;0;0;-1;DOWN
2025-05-15T15:45;2025-05-15T16:00;64;EUR;MWh;NO;NO;23;-18.44;34.49;-18.44;2;UP_AND_DOWN
2025-05-15T16:00;2025-05-15T16:15;65;EUR;MWh;NO;NO;1;;34.49;0;2;UP_AND_DOWN
2025-05-15T16:15;2025-05-15T16:30;66;EUR;MWh;NO;NO;1;-48;-48;-48;-1;DOWN
2025-05-15T16:30;2025-05-15T16:45;67;EUR;MWh;NO;NO;103.2;10;103.2;10;2;UP_AND_DOWN
2025-05-15T16:45;2025-05-15T17:00;68;EUR;MWh;NO;NO;106.96;-31;106.96;-31;2;UP_AND_DOWN
2025-05-15T17:00;2025-05-15T17:15;69;EUR;MWh;NO;NO;;-40;-40;-40;-1;DOWN
2025-05-15T17:15;2025-05-15T17:30;70;EUR;MWh;NO;NO;21;-55;-55;-55;-1;DOWN
2025-05-15T17:30;2025-05-15T17:45;71;EUR;MWh;NO;NO;22;-31;38.99;-31;2;UP_AND_DOWN
2025-05-15T17:45;2025-05-15T18:00;72;EUR;MWh;NO;NO;;-29.28;-29.28;-29.28;-1;DOWN
2025-05-15T18:00;2025-05-15T18:15;73;EUR;MWh;NO;NO;144;-50;144;-50;2;UP_AND_DOWN
2025-05-15T18:15;2025-05-15T18:30;74;EUR;MWh;NO;NO;113.84;-85;113.84;-85;2;UP_AND_DOWN
2025-05-15T18:30;2025-05-15T18:45;75;EUR;MWh;NO;NO;101.8;;101.8;0;2;UP_AND_DOWN
2025-05-15T18:45;2025-05-15T19:00;76;EUR;MWh;NO;NO;92;-29.8;92;-29.8;2;UP_AND_DOWN
2025-05-15T19:00;2025-05-15T19:15;77;EUR;MWh;NO;NO;;24.98;24.98;24.98;-1;DOWN
2025-05-15T19:15;2025-05-15T19:30;78;EUR;MWh;NO;NO;;72.98;72.98;72.98;-1;DOWN
2025-05-15T19:30;2025-05-15T19:45;79;EUR;MWh;NO;NO;154;69;154;48.49;2;UP_AND_DOWN
2025-05-15T19:45;2025-05-15T20:00;80;EUR;MWh;NO;NO;181;;181;181;1;UP
2025-05-15T20:00;2025-05-15T20:15;81;EUR;MWh;NO;NO;131;73.08;131;64.62;2;UP_AND_DOWN
2025-05-15T20:15;2025-05-15T20:30;82;EUR;MWh;NO;NO;139.12;;139.12;139.12;1;UP
2025-05-15T20:30;2025-05-15T20:45;83;EUR;MWh;NO;NO;154.8;;154.8;154.8;1;UP
2025-05-15T20:45;2025-05-15T21:00;84;EUR;MWh;NO;NO;203.77;;203.77;203.77;1;UP
2025-05-15T21:00;2025-05-15T21:15;85;EUR;MWh;NO;NO;150;;150;150;1;UP
2025-05-15T21:15;2025-05-15T21:30;86;EUR;MWh;NO;NO;107.2;;107.2;107.2;1;UP
2025-05-15T21:30;2025-05-15T21:45;87;EUR;MWh;NO;NO;122.9;;122.9;122.9;1;UP
2025-05-15T21:45;2025-05-15T22:00;88;EUR;MWh;NO;NO;122.9;;122.9;122.9;1;UP
2025-05-15T22:00;2025-05-15T22:15;89;EUR;MWh;NO;NO;122.9;67;67;67;-1;DOWN
2025-05-15T22:15;2025-05-15T22:30;90;EUR;MWh;NO;NO;102.7;70.9;102.7;65.95;2;UP_AND_DOWN
2025-05-15T22:30;2025-05-15T22:45;91;EUR;MWh;NO;NO;;80.7;80.7;80.7;-1;DOWN
2025-05-15T22:45;2025-05-15T23:00;92;EUR;MWh;NO;NO;;69;69;69;-1;DOWN
2025-05-15T23:00;2025-05-15T23:15;93;EUR;MWh;NO;NO;;61.26;61.26;61.26;-1;DOWN
2025-05-15T23:15;2025-05-15T23:30;94;EUR;MWh;NO;NO;;54.98;54.98;54.98;-1;DOWN
2025-05-15T23:30;2025-05-15T23:45;95;EUR;MWh;NO;NO;;66;66;66;-1;DOWN
2025-05-15T23:45;2025-05-16T00:00;96;EUR;MWh;NO;NO;;46.26;46.26;46.26;-1;DOWN
2025-05-16T00:00;2025-05-16T00:15;1;EUR;MWh;NO;NO;;19.98;19.98;19.98;-1;DOWN
2025-05-16T00:15;2025-05-16T00:30;2;EUR;MWh;NO;NO;;69;69;69;-1;DOWN
2025-05-16T00:30;2025-05-16T00:45;3;EUR;MWh;NO;NO;104;69;104;56.89;2;UP_AND_DOWN
2025-05-16T00:45;2025-05-16T01:00;4;EUR;MWh;NO;NO;111;;111;111;1;UP
2025-05-16T01:00;2025-05-16T01:15;5;EUR;MWh;NO;NO;120.98;;120.98;120.98;1;UP
2025-05-16T01:15;2025-05-16T01:30;6;EUR;MWh;NO;NO;111.05;;111.05;111.05;1;UP
2025-05-16T01:30;2025-05-16T01:45;7;EUR;MWh;NO;NO;121.1;;121.1;121.1;1;UP
2025-05-16T01:45;2025-05-16T02:00;8;EUR;MWh;NO;NO;131;;131;131;1;UP
2025-05-16T02:00;2025-05-16T02:15;9;EUR;MWh;NO;NO;116.98;;116.98;116.98;1;UP
2025-05-16T02:15;2025-05-16T02:30;10;EUR;MWh;NO;NO;116.98;;116.98;116.98;1;UP
2025-05-16T02:30;2025-05-16T02:45;11;EUR;MWh;NO;NO;143.98;;143.98;143.98;1;UP
2025-05-16T02:45;2025-05-16T03:00;12;EUR;MWh;NO;NO;131;;131;131;1;UP
2025-05-16T03:00;2025-05-16T03:15;13;EUR;MWh;NO;NO;78.56;70;70;70;-1;DOWN
2025-05-16T03:15;2025-05-16T03:30;14;EUR;MWh;NO;NO;104.8;70;104.8;64.42;2;UP_AND_DOWN
2025-05-16T03:30;2025-05-16T03:45;15;EUR;MWh;NO;NO;;69;69;69;-1;DOWN
2025-05-16T03:45;2025-05-16T04:00;16;EUR;MWh;NO;NO;;75.78;75.78;75.78;-1;DOWN
2025-05-16T04:00;2025-05-16T04:15;17;EUR;MWh;NO;NO;;70;70;70;-1;DOWN
2025-05-16T04:15;2025-05-16T04:30;18;EUR;MWh;NO;NO;;61.26;61.26;61.26;-1;DOWN
2025-05-16T04:30;2025-05-16T04:45;19;EUR;MWh;NO;NO;;69;69;69;-1;DOWN
2025-05-16T04:45;2025-05-16T05:00;20;EUR;MWh;NO;NO;;59.98;59.98;59.98;-1;DOWN
2025-05-16T05:00;2025-05-16T05:15;21;EUR;MWh;NO;NO;;64.98;64.98;64.98;-1;DOWN
2025-05-16T05:15;2025-05-16T05:30;22;EUR;MWh;NO;NO;;71.98;71.98;71.98;-1;DOWN
2025-05-16T05:30;2025-05-16T05:45;23;EUR;MWh;NO;NO;104.98;77.08;104.98;63.89;2;UP_AND_DOWN
2025-05-16T05:45;2025-05-16T06:00;24;EUR;MWh;NO;NO;121.3;;121.3;121.3;1;UP
2025-05-16T06:00;2025-05-16T06:15;25;EUR;MWh;NO;NO;110.2;;110.2;110.2;1;UP
2025-05-16T06:15;2025-05-16T06:30;26;EUR;MWh;NO;NO;143.98;;143.98;143.98;1;UP
2025-05-16T06:30;2025-05-16T06:45;27;EUR;MWh;NO;NO;86;;86;86;1;UP
2025-05-16T06:45;2025-05-16T07:00;28;EUR;MWh;NO;NO;78.56;;78.56;78.56;1;UP
2025-05-16T07:00;2025-05-16T07:15;29;EUR;MWh;NO;NO;104.7;;104.7;104.7;1;UP
2025-05-16T07:15;2025-05-16T07:30;30;EUR;MWh;NO;NO;93.98;;93.98;93.98;1;UP
2025-05-16T07:30;2025-05-16T07:45;31;EUR;MWh;NO;NO;47;;47;47;1;UP
2025-05-16T07:45;2025-05-16T08:00;32;EUR;MWh;NO;NO;96.2;;96.2;96.2;1;UP
2025-05-16T08:00;2025-05-16T08:15;33;EUR;MWh;NO;NO;90.98;;90.98;90.98;1;UP
2025-05-16T08:15;2025-05-16T08:30;34;EUR;MWh;NO;NO;78.56;70;78.56;63.89;2;UP_AND_DOWN
2025-05-16T08:30;2025-05-16T08:45;35;EUR;MWh;NO;NO;109.98;69;109.98;63.89;2;UP_AND_DOWN
2025-05-16T08:45;2025-05-16T09:00;36;EUR;MWh;NO;NO;104.98;44.98;104.98;44.98;2;UP_AND_DOWN
2025-05-16T09:00;2025-05-16T09:15;37;EUR;MWh;NO;NO;;-29.9;-29.9;-29.9;-1;DOWN
2025-05-16T09:15;2025-05-16T09:30;38;EUR;MWh;NO;NO;408.67;69;408.67;61.99;2;UP_AND_DOWN
2025-05-16T09:30;2025-05-16T09:45;39;EUR;MWh;NO;NO;107;-4.9;107;-4.9;2;UP_AND_DOWN
2025-05-16T09:45;2025-05-16T10:00;40;EUR;MWh;NO;NO;90.98;-91.34;-91.34;-91.34;-1;DOWN
2025-05-16T10:00;2025-05-16T10:15;41;EUR;MWh;NO;NO;110;-100;110;110;1;UP
2025-05-16T10:15;2025-05-16T10:30;42;EUR;MWh;NO;NO;110;-21.27;110;-21.27;2;UP_AND_DOWN
2025-05-16T10:30;2025-05-16T10:45;43;EUR;MWh;NO;NO;101.9;-30;101.9;-30;2;UP_AND_DOWN
2025-05-16T10:45;2025-05-16T11:00;44;EUR;MWh;NO;NO;95;10;95;10;2;UP_AND_DOWN
2025-05-16T11:00;2025-05-16T11:15;45;EUR;MWh;NO;NO;140;69;140;69;2;UP_AND_DOWN
2025-05-16T11:15;2025-05-16T11:30;46;EUR;MWh;NO;NO;110;14.57;110;14.57;2;UP_AND_DOWN
2025-05-16T11:30;2025-05-16T11:45;47;EUR;MWh;NO;NO;101.6;-18.5;101.6;-18.5;2;UP_AND_DOWN
2025-05-16T11:45;2025-05-16T12:00;48;EUR;MWh;NO;NO;60.76;3.39;60.76;3.39;2;UP_AND_DOWN
2025-05-16T12:00;2025-05-16T12:15;49;EUR;MWh;NO;NO;;-50;-50;-50;-1;DOWN
2025-05-16T12:15;2025-05-16T12:30;50;EUR;MWh;NO;NO;73.52;-53;73.52;-53;2;UP_AND_DOWN
2025-05-16T12:30;2025-05-16T12:45;51;EUR;MWh;NO;NO;64.34;-70;64.34;-70;2;UP_AND_DOWN
2025-05-16T12:45;2025-05-16T13:00;52;EUR;MWh;NO;NO;64.34;-43.57;-43.57;-43.57;-1;DOWN
2025-05-16T13:00;2025-05-16T13:15;53;EUR;MWh;NO;NO;;-30;-30;-30;-1;DOWN
2025-05-16T13:15;2025-05-16T13:30;54;EUR;MWh;NO;NO;;-29.8;-29.8;-29.8;-1;DOWN
2025-05-16T13:30;2025-05-16T13:45;55;EUR;MWh;NO;NO;104.78;-30;104.78;-30;2;UP_AND_DOWN
2025-05-16T13:45;2025-05-16T14:00;56;EUR;MWh;NO;NO;104.78;-24;-24;-24;-1;DOWN
2025-05-16T14:00;2025-05-16T14:15;57;EUR;MWh;NO;NO;;-30;-30;-30;-1;DOWN
2025-05-16T14:15;2025-05-16T14:30;58;EUR;MWh;NO;NO;;22.45;22.45;22.45;-1;DOWN
2025-05-16T14:30;2025-05-16T14:45;59;EUR;MWh;NO;NO;108;-28;108;-28;2;UP_AND_DOWN
2025-05-16T14:45;2025-05-16T15:00;60;EUR;MWh;NO;NO;101.8;10;101.8;10;2;UP_AND_DOWN
2025-05-16T15:00;2025-05-16T15:15;61;EUR;MWh;NO;NO;1;76.98;38.99;38.99;2;UP_AND_DOWN
2025-05-16T15:15;2025-05-16T15:30;62;EUR;MWh;NO;NO;110;69;110;38.99;2;UP_AND_DOWN
2025-05-16T15:30;2025-05-16T15:45;63;EUR;MWh;NO;NO;110;;110;110;1;UP
2025-05-16T15:45;2025-05-16T16:00;64;EUR;MWh;NO;NO;106.1;;106.1;106.1;1;UP
2025-05-16T16:00;2025-05-16T16:15;65;EUR;MWh;NO;NO;80.47;10;80.47;10;2;UP_AND_DOWN
2025-05-16T16:15;2025-05-16T16:30;66;EUR;MWh;NO;NO;87.98;31;87.98;31;2;UP_AND_DOWN
2025-05-16T16:30;2025-05-16T16:45;67;EUR;MWh;NO;NO;152.8;;152.8;152.8;1;UP
2025-05-16T16:45;2025-05-16T17:00;68;EUR;MWh;NO;NO;949.9;;949.9;949.9;1;UP
2025-05-16T17:00;2025-05-16T17:15;69;EUR;MWh;NO;NO;104.98;50;104.98;50;2;UP_AND_DOWN
2025-05-16T17:15;2025-05-16T17:30;70;EUR;MWh;NO;NO;173.98;;173.98;173.98;1;UP
2025-05-16T17:30;2025-05-16T17:45;71;EUR;MWh;NO;NO;152.8;26;152.8;26;2;UP_AND_DOWN
2025-05-16T17:45;2025-05-16T18:00;72;EUR;MWh;NO;NO;999.8;;999.8;999.8;1;UP
2025-05-16T18:00;2025-05-16T18:15;73;EUR;MWh;NO;NO;164;;164;164;1;UP
2025-05-16T18:15;2025-05-16T18:30;74;EUR;MWh;NO;NO;123;;123;123;1;UP
2025-05-16T18:30;2025-05-16T18:45;75;EUR;MWh;NO;NO;152.9;;152.9;152.9;1;UP
2025-05-16T18:45;2025-05-16T19:00;76;EUR;MWh;NO;NO;300;67;300;67;2;UP_AND_DOWN
2025-05-16T19:00;2025-05-16T19:15;77;EUR;MWh;NO;NO;300;;300;300;1;UP
2025-05-16T19:15;2025-05-16T19:30;78;EUR;MWh;NO;NO;184.98;;184.98;184.98;1;UP
2025-05-16T19:30;2025-05-16T19:45;79;EUR;MWh;NO;NO;162.98;;162.98;162.98;1;UP
2025-05-16T19:45;2025-05-16T20:00;80;EUR;MWh;NO;NO;120;;120;120;1;UP
2025-05-16T20:00;2025-05-16T20:15;81;EUR;MWh;NO;NO;94.98;69;94.98;69;2;UP_AND_DOWN
2025-05-16T20:15;2025-05-16T20:30;82;EUR;MWh;NO;NO;;57.98;57.98;57.98;-1;DOWN
2025-05-16T20:30;2025-05-16T20:45;83;EUR;MWh;NO;NO;78.56;74.98;88.78;74.98;2;UP_AND_DOWN
2025-05-16T20:45;2025-05-16T21:00;84;EUR;MWh;NO;NO;;69;69;69;-1;DOWN
2025-05-16T21:00;2025-05-16T21:15;85;EUR;MWh;NO;NO;154;84.54;154;84.54;2;UP_AND_DOWN
2025-05-16T21:15;2025-05-16T21:30;86;EUR;MWh;NO;NO;168.98;;168.98;168.98;1;UP
2025-05-16T21:30;2025-05-16T21:45;87;EUR;MWh;NO;NO;184.98;;184.98;184.98;1;UP
2025-05-16T21:45;2025-05-16T22:00;88;EUR;MWh;NO;NO;120;;120;120;1;UP
2025-05-16T22:00;2025-05-16T22:15;89;EUR;MWh;NO;NO;179.98;;179.98;179.98;1;UP
2025-05-16T22:15;2025-05-16T22:30;90;EUR;MWh;NO;NO;107.4;98;107.4;73;2;UP_AND_DOWN
2025-05-16T22:30;2025-05-16T22:45;91;EUR;MWh;NO;NO;;98;98;98;-1;DOWN
2025-05-16T22:45;2025-05-16T23:00;92;EUR;MWh;NO;NO;;55.35;55.35;55.35;-1;DOWN
2025-05-16T23:00;2025-05-16T23:15;93;EUR;MWh;NO;NO;;40.98;40.98;40.98;-1;DOWN
2025-05-16T23:15;2025-05-16T23:30;94;EUR;MWh;NO;NO;;37.98;37.98;37.98;-1;DOWN
2025-05-16T23:30;2025-05-16T23:45;95;EUR;MWh;NO;NO;;48.98;48.98;48.98;-1;DOWN
2025-05-16T23:45;2025-05-17T00:00;96;EUR;MWh;NO;NO;;69;69;69;-1;DOWN
2025-05-17T00:00;2025-05-17T00:15;1;EUR;MWh;NO;NO;;33.98;33.98;33.98;-1;DOWN
2025-05-17T00:15;2025-05-17T00:30;2;EUR;MWh;NO;NO;;55.35;55.35;55.35;-1;DOWN
2025-05-17T00:30;2025-05-17T00:45;3;EUR;MWh;NO;NO;;57;57;57;-1;DOWN
2025-05-17T00:45;2025-05-17T01:00;4;EUR;MWh;NO;NO;46;57;60.86;57;2;UP_AND_DOWN
2025-05-17T01:00;2025-05-17T01:15;5;EUR;MWh;NO;NO;127.5;55.35;127.5;55.35;2;UP_AND_DOWN
2025-05-17T01:15;2025-05-17T01:30;6;EUR;MWh;NO;NO;136.9;;136.9;136.9;1;UP
2025-05-17T01:30;2025-05-17T01:45;7;EUR;MWh;NO;NO;127.4;;127.4;127.4;1;UP
2025-05-17T01:45;2025-05-17T02:00;8;EUR;MWh;NO;NO;115.3;;115.3;115.3;1;UP
2025-05-17T02:00;2025-05-17T02:15;9;EUR;MWh;NO;NO;120;;120;120;1;UP
2025-05-17T02:15;2025-05-17T02:30;10;EUR;MWh;NO;NO;108.75;;108.75;108.75;1;UP
2025-05-17T02:30;2025-05-17T02:45;11;EUR;MWh;NO;NO;90;;90;90;1;UP
2025-05-17T02:45;2025-05-17T03:00;12;EUR;MWh;NO;NO;115.2;;115.2;115.2;1;UP
2025-05-17T03:00;2025-05-17T03:15;13;EUR;MWh;NO;NO;119.79;;119.79;119.79;1;UP
2025-05-17T03:15;2025-05-17T03:30;14;EUR;MWh;NO;NO;127.6;;127.6;127.6;1;UP
2025-05-17T03:30;2025-05-17T03:45;15;EUR;MWh;NO;NO;120;;120;120;1;UP
2025-05-17T03:45;2025-05-17T04:00;16;EUR;MWh;NO;NO;120;;120;120;1;UP
2025-05-17T04:00;2025-05-17T04:15;17;EUR;MWh;NO;NO;187.98;;187.98;187.98;1;UP
2025-05-17T04:15;2025-05-17T04:30;18;EUR;MWh;NO;NO;115.7;;115.7;115.7;1;UP
2025-05-17T04:30;2025-05-17T04:45;19;EUR;MWh;NO;NO;115.6;;115.6;115.6;1;UP
2025-05-17T04:45;2025-05-17T05:00;20;EUR;MWh;NO;NO;108.75;69;108.75;69;2;UP_AND_DOWN
2025-05-17T05:00;2025-05-17T05:15;21;EUR;MWh;NO;NO;;67;67;67;-1;DOWN
2025-05-17T05:15;2025-05-17T05:30;22;EUR;MWh;NO;NO;;75.72;75.72;75.72;-1;DOWN
2025-05-17T05:30;2025-05-17T05:45;23;EUR;MWh;NO;NO;;72.72;72.72;72.72;-1;DOWN
2025-05-17T05:45;2025-05-17T06:00;24;EUR;MWh;NO;NO;;75.72;75.72;75.72;-1;DOWN
2025-05-17T06:00;2025-05-17T06:15;25;EUR;MWh;NO;NO;;67;67;67;-1;DOWN
2025-05-17T06:15;2025-05-17T06:30;26;EUR;MWh;NO;NO;;57;57;57;-1;DOWN
2025-05-17T06:30;2025-05-17T06:45;27;EUR;MWh;NO;NO;;49;49;49;-1;DOWN
2025-05-17T06:45;2025-05-17T07:00;28;EUR;MWh;NO;NO;;67;67;67;-1;DOWN
2025-05-17T07:00;2025-05-17T07:15;29;EUR;MWh;NO;NO;114.29;78;114.29;62.5;2;UP_AND_DOWN
2025-05-17T07:15;2025-05-17T07:30;30;EUR;MWh;NO;NO;136.42;;136.42;136.42;1;UP
2025-05-17T07:30;2025-05-17T07:45;31;EUR;MWh;NO;NO;115.5;;115.5;115.5;1;UP
2025-05-17T07:45;2025-05-17T08:00;32;EUR;MWh;NO;NO;109.35;;109.35;109.35;1;UP
2025-05-17T08:00;2025-05-17T08:15;33;EUR;MWh;NO;NO;115.2;;115.2;115.2;1;UP
2025-05-17T08:15;2025-05-17T08:30;34;EUR;MWh;NO;NO;88.56;57;57;57;-1;DOWN
2025-05-17T08:30;2025-05-17T08:45;35;EUR;MWh;NO;NO;;-31;-31;-31;-1;DOWN
2025-05-17T08:45;2025-05-17T09:00;36;EUR;MWh;NO;NO;;-33.31;-33.31;-33.31;-1;DOWN
2025-05-17T09:00;2025-05-17T09:15;37;EUR;MWh;NO;NO;;10;10;10;-1;DOWN
2025-05-17T09:15;2025-05-17T09:30;38;EUR;MWh;NO;NO;;14.57;14.57;14.57;-1;DOWN
2025-05-17T09:30;2025-05-17T09:45;39;EUR;MWh;NO;NO;;14.57;14.57;14.57;-1;DOWN
2025-05-17T09:45;2025-05-17T10:00;40;EUR;MWh;NO;NO;;10;10;10;-1;DOWN
2025-05-17T10:00;2025-05-17T10:15;41;EUR;MWh;NO;NO;140.83;14.67;140.83;14.67;2;UP_AND_DOWN
2025-05-17T10:15;2025-05-17T10:30;42;EUR;MWh;NO;NO;30;10;43;10;2;UP_AND_DOWN
2025-05-17T10:30;2025-05-17T10:45;43;EUR;MWh;NO;NO;1;-29.6;1;1;1;UP
2025-05-17T10:45;2025-05-17T11:00;44;EUR;MWh;NO;NO;30;30;33.49;30;2;UP_AND_DOWN
2025-05-17T11:00;2025-05-17T11:15;45;EUR;MWh;NO;NO;;39;39;39;-1;DOWN
2025-05-17T11:15;2025-05-17T11:30;46;EUR;MWh;NO;NO;;22;22;22;-1;DOWN
2025-05-17T11:30;2025-05-17T11:45;47;EUR;MWh;NO;NO;;2.1;2.1;2.1;-1;DOWN
2025-05-17T11:45;2025-05-17T12:00;48;EUR;MWh;NO;NO;;10;10;10;-1;DOWN
2025-05-17T12:00;2025-05-17T12:15;49;EUR;MWh;NO;NO;;11;11;11;-1;DOWN
2025-05-17T12:15;2025-05-17T12:30;50;EUR;MWh;NO;NO;;5.51;5.51;5.51;-1;DOWN
2025-05-17T12:30;2025-05-17T12:45;51;EUR;MWh;NO;NO;;-30;-30;-30;-1;DOWN
2025-05-17T12:45;2025-05-17T13:00;52;EUR;MWh;NO;NO;;-40;-40;-40;-1;DOWN
2025-05-17T13:00;2025-05-17T13:15;53;EUR;MWh;NO;NO;;-30;-30;-30;-1;DOWN
2025-05-17T13:15;2025-05-17T13:30;54;EUR;MWh;NO;NO;;9.6;9.6;9.6;-1;DOWN
2025-05-17T13:30;2025-05-17T13:45;55;EUR;MWh;NO;NO;;-10.45;-10.45;-10.45;-1;DOWN
2025-05-17T13:45;2025-05-17T14:00;56;EUR;MWh;NO;NO;;-29.9;-29.9;-29.9;-1;DOWN
2025-05-17T14:00;2025-05-17T14:15;57;EUR;MWh;NO;NO;;14.57;14.57;14.57;-1;DOWN
2025-05-17T14:15;2025-05-17T14:30;58;EUR;MWh;NO;NO;;10;10;10;-1;DOWN
2025-05-17T14:30;2025-05-17T14:45;59;EUR;MWh;NO;NO;;-29.9;-29.9;-29.9;-1;DOWN
2025-05-17T14:45;2025-05-17T15:00;60;EUR;MWh;NO;NO;;-558.8;-558.8;-558.8;-1;DOWN
2025-05-17T15:00;2025-05-17T15:15;61;EUR;MWh;NO;NO;1;-50;1;1;1;UP
2025-05-17T15:15;2025-05-17T15:30;62;EUR;MWh;NO;NO;;-70;-70;-70;-1;DOWN
2025-05-17T15:30;2025-05-17T15:45;63;EUR;MWh;NO;NO;87.68;10;87.68;87.68;1;UP
2025-05-17T15:45;2025-05-17T16:00;64;EUR;MWh;NO;NO;100.29;-30;100.29;-30;2;UP_AND_DOWN
2025-05-17T16:00;2025-05-17T16:15;65;EUR;MWh;NO;NO;88.56;-149.33;88.56;-149.33;2;UP_AND_DOWN
2025-05-17T16:15;2025-05-17T16:30;66;EUR;MWh;NO;NO;33;-30;33.49;-30;2;UP_AND_DOWN
2025-05-17T16:30;2025-05-17T16:45;67;EUR;MWh;NO;NO;1;;1;1;1;UP
2025-05-17T16:45;2025-05-17T17:00;68;EUR;MWh;NO;NO;61.02;;61.02;61.02;1;UP
2025-05-17T17:00;2025-05-17T17:15;69;EUR;MWh;NO;NO;1672.26;-553.22;1672.26;-553.22;2;UP_AND_DOWN
2025-05-17T17:15;2025-05-17T17:30;70;EUR;MWh;NO;NO;1895;14.57;1895;14.57;2;UP_AND_DOWN
2025-05-17T17:30;2025-05-17T17:45;71;EUR;MWh;NO;NO;107.94;-31;107.94;-31;2;UP_AND_DOWN
2025-05-17T17:45;2025-05-17T18:00;72;EUR;MWh;NO;NO;113.6;-31;113.6;113.6;1;UP
2025-05-17T18:00;2025-05-17T18:15;73;EUR;MWh;NO;NO;34;;51.5;0;2;UP_AND_DOWN
2025-05-17T18:15;2025-05-17T18:30;74;EUR;MWh;NO;NO;;-29.9;-29.9;-29.9;-1;DOWN
2025-05-17T18:30;2025-05-17T18:45;75;EUR;MWh;NO;NO;;10;10;10;-1;DOWN
2025-05-17T18:45;2025-05-17T19:00;76;EUR;MWh;NO;NO;95;57;95;54;2;UP_AND_DOWN
2025-05-17T19:00;2025-05-17T19:15;77;EUR;MWh;NO;NO;148.4;57;148.4;148.4;1;UP
2025-05-17T19:15;2025-05-17T19:30;78;EUR;MWh;NO;NO;210.12;;210.12;210.12;1;UP
2025-05-17T19:30;2025-05-17T19:45;79;EUR;MWh;NO;NO;150;;150;150;1;UP
2025-05-17T19:45;2025-05-17T20:00;80;EUR;MWh;NO;NO;115.1;;115.1;115.1;1;UP
2025-05-17T20:00;2025-05-17T20:15;81;EUR;MWh;NO;NO;54;60.98;61.05;60.98;2;UP_AND_DOWN
2025-05-17T20:15;2025-05-17T20:30;82;EUR;MWh;NO;NO;115.4;67.1;115.4;115.4;1;UP
2025-05-17T20:30;2025-05-17T20:45;83;EUR;MWh;NO;NO;140;;140;140;1;UP
2025-05-17T20:45;2025-05-17T21:00;84;EUR;MWh;NO;NO;140;;140;140;1;UP
2025-05-17T21:00;2025-05-17T21:15;85;EUR;MWh;NO;NO;140;63.98;63.98;63.98;-1;DOWN
2025-05-17T21:15;2025-05-17T21:30;86;EUR;MWh;NO;NO;111.99;63.98;111.99;111.99;1;UP
2025-05-17T21:30;2025-05-17T21:45;87;EUR;MWh;NO;NO;140;;140;140;1;UP
2025-05-17T21:45;2025-05-17T22:00;88;EUR;MWh;NO;NO;115.3;;115.3;115.3;1;UP
2025-05-17T22:00;2025-05-17T22:15;89;EUR;MWh;NO;NO;242.38;;242.38;242.38;1;UP
2025-05-17T22:15;2025-05-17T22:30;90;EUR;MWh;NO;NO;132.02;61.84;132.02;61.84;2;UP_AND_DOWN
2025-05-17T22:30;2025-05-17T22:45;91;EUR;MWh;NO;NO;115.6;65.98;115.6;65.98;2;UP_AND_DOWN
2025-05-17T22:45;2025-05-17T23:00;92;EUR;MWh;NO;NO;136.6;67;136.6;67;2;UP_AND_DOWN
2025-05-17T23:00;2025-05-17T23:15;93;EUR;MWh;NO;NO;120;61.84;120;61.84;2;UP_AND_DOWN
2025-05-17T23:15;2025-05-17T23:30;94;EUR;MWh;NO;NO;120;45.98;120;45.98;2;UP_AND_DOWN
2025-05-17T23:30;2025-05-17T23:45;95;EUR;MWh;NO;NO;;42.98;42.98;42.98;-1;DOWN
2025-05-17T23:45;2025-05-18T00:00;96;EUR;MWh;NO;NO;98.56;60.98;98.56;60.98;2;UP_AND_DOWN
2025-05-18T00:00;2025-05-18T00:15;1;EUR;MWh;NO;NO;;72.98;72.98;72.98;-1;DOWN
2025-05-18T00:15;2025-05-18T00:30;2;EUR;MWh;NO;NO;91.98;90;91.98;79.28;2;UP_AND_DOWN
2025-05-18T00:30;2025-05-18T00:45;3;EUR;MWh;NO;NO;;89;89;89;-1;DOWN
2025-05-18T00:45;2025-05-18T01:00;4;EUR;MWh;NO;NO;117.98;62.24;117.98;62.24;2;UP_AND_DOWN
2025-05-18T01:00;2025-05-18T01:15;5;EUR;MWh;NO;NO;123.56;72.98;123.56;67;2;UP_AND_DOWN
2025-05-18T01:15;2025-05-18T01:30;6;EUR;MWh;NO;NO;123.36;78;123.36;123.36;1;UP
2025-05-18T01:30;2025-05-18T01:45;7;EUR;MWh;NO;NO;78.56;74.98;78.56;66;2;UP_AND_DOWN
2025-05-18T01:45;2025-05-18T02:00;8;EUR;MWh;NO;NO;78.56;70.56;70.56;70.56;-1;DOWN
2025-05-18T02:00;2025-05-18T02:15;9;EUR;MWh;NO;NO;115;69.98;115;69.98;2;UP_AND_DOWN
2025-05-18T02:15;2025-05-18T02:30;10;EUR;MWh;NO;NO;175.98;;175.98;175.98;1;UP
2025-05-18T02:30;2025-05-18T02:45;11;EUR;MWh;NO;NO;150;;150;150;1;UP
2025-05-18T02:45;2025-05-18T03:00;12;EUR;MWh;NO;NO;101;;101;101;1;UP
2025-05-18T03:00;2025-05-18T03:15;13;EUR;MWh;NO;NO;115;;115;115;1;UP
2025-05-18T03:15;2025-05-18T03:30;14;EUR;MWh;NO;NO;111.98;;111.98;111.98;1;UP
2025-05-18T03:30;2025-05-18T03:45;15;EUR;MWh;NO;NO;102.98;73.98;102.98;69.5;2;UP_AND_DOWN
2025-05-18T03:45;2025-05-18T04:00;16;EUR;MWh;NO;NO;102.98;73.98;73.98;73.98;-1;DOWN
2025-05-18T04:00;2025-05-18T04:15;17;EUR;MWh;NO;NO;;75.56;75.56;75.56;-1;DOWN
2025-05-18T04:15;2025-05-18T04:30;18;EUR;MWh;NO;NO;;76;76;76;-1;DOWN
2025-05-18T04:30;2025-05-18T04:45;19;EUR;MWh;NO;NO;;75.56;75.56;75.56;-1;DOWN
2025-05-18T04:45;2025-05-18T05:00;20;EUR;MWh;NO;NO;;86;86;86;-1;DOWN
2025-05-18T05:00;2025-05-18T05:15;21;EUR;MWh;NO;NO;100.98;80;100.98;63.5;2;UP_AND_DOWN
2025-05-18T05:15;2025-05-18T05:30;22;EUR;MWh;NO;NO;90.98;;90.98;90.98;1;UP
2025-05-18T05:30;2025-05-18T05:45;23;EUR;MWh;NO;NO;90.98;;61.5;61.5;0;STABLE
2025-05-18T05:45;2025-05-18T06:00;24;EUR;MWh;NO;NO;68.56;;68.56;68.56;1;UP
2025-05-18T06:00;2025-05-18T06:15;25;EUR;MWh;NO;NO;115.3;;115.3;115.3;1;UP
2025-05-18T06:15;2025-05-18T06:30;26;EUR;MWh;NO;NO;115;76;76;76;-1;DOWN
2025-05-18T06:30;2025-05-18T06:45;27;EUR;MWh;NO;NO;91;76;91;61.5;2;UP_AND_DOWN
2025-05-18T06:45;2025-05-18T07:00;28;EUR;MWh;NO;NO;89.23;;89.23;89.23;1;UP
2025-05-18T07:00;2025-05-18T07:15;29;EUR;MWh;NO;NO;128.98;;128.98;128.98;1;UP
2025-05-18T07:15;2025-05-18T07:30;30;EUR;MWh;NO;NO;117.98;;117.98;117.98;1;UP
2025-05-18T07:30;2025-05-18T07:45;31;EUR;MWh;NO;NO;115;;115;115;1;UP
2025-05-18T07:45;2025-05-18T08:00;32;EUR;MWh;NO;NO;92.98;87;87;87;-1;DOWN
2025-05-18T08:00;2025-05-18T08:15;33;EUR;MWh;NO;NO;162;87;162;162;1;UP
2025-05-18T08:15;2025-05-18T08:30;34;EUR;MWh;NO;NO;123.56;75.56;75.56;75.56;-1;DOWN
2025-05-18T08:30;2025-05-18T08:45;35;EUR;MWh;NO;NO;;36;36;36;-1;DOWN
2025-05-18T08:45;2025-05-18T09:00;36;EUR;MWh;NO;NO;;36;36;36;-1;DOWN
2025-05-18T09:00;2025-05-18T09:15;37;EUR;MWh;NO;NO;115.2;;115.2;115.2;1;UP
2025-05-18T09:15;2025-05-18T09:30;38;EUR;MWh;NO;NO;114.9;;114.9;114.9;1;UP
2025-05-18T09:30;2025-05-18T09:45;39;EUR;MWh;NO;NO;115;68;115;68;2;UP_AND_DOWN
2025-05-18T09:45;2025-05-18T10:00;40;EUR;MWh;NO;NO;;67;67;67;-1;DOWN
2025-05-18T10:00;2025-05-18T10:15;41;EUR;MWh;NO;NO;300;70;300;70;2;UP_AND_DOWN
2025-05-18T10:15;2025-05-18T10:30;42;EUR;MWh;NO;NO;116;77;77;77;-1;DOWN
2025-05-18T10:30;2025-05-18T10:45;43;EUR;MWh;NO;NO;114;10;114;10;2;UP_AND_DOWN
2025-05-18T10:45;2025-05-18T11:00;44;EUR;MWh;NO;NO;78.56;10;78.56;10;2;UP_AND_DOWN
2025-05-18T11:00;2025-05-18T11:15;45;EUR;MWh;NO;NO;204.98;;204.98;204.98;1;UP
2025-05-18T11:15;2025-05-18T11:30;46;EUR;MWh;NO;NO;113.3;;113.3;113.3;1;UP
2025-05-18T11:30;2025-05-18T11:45;47;EUR;MWh;NO;NO;98.56;;98.56;98.56;1;UP
2025-05-18T11:45;2025-05-18T12:00;48;EUR;MWh;NO;NO;74;94;74;47.5;2;UP_AND_DOWN
2025-05-18T12:00;2025-05-18T12:15;49;EUR;MWh;NO;NO;122;;122;122;1;UP
2025-05-18T12:15;2025-05-18T12:30;50;EUR;MWh;NO;NO;121.4;;121.4;121.4;1;UP
2025-05-18T12:30;2025-05-18T12:45;51;EUR;MWh;NO;NO;1;;1;1;1;UP
2025-05-18T12:45;2025-05-18T13:00;52;EUR;MWh;NO;NO;1;99;50;50;2;UP_AND_DOWN
2025-05-18T13:00;2025-05-18T13:15;53;EUR;MWh;NO;NO;1;4.67;50;4.67;2;UP_AND_DOWN
2025-05-18T13:15;2025-05-18T13:30;54;EUR;MWh;NO;NO;;-.16;-.16;-.16;-1;DOWN
2025-05-18T13:30;2025-05-18T13:45;55;EUR;MWh;NO;NO;78.56;10;78.56;10;2;UP_AND_DOWN
2025-05-18T13:45;2025-05-18T14:00;56;EUR;MWh;NO;NO;;10;10;10;-1;DOWN
2025-05-18T14:00;2025-05-18T14:15;57;EUR;MWh;NO;NO;;14.57;14.57;14.57;-1;DOWN
2025-05-18T14:15;2025-05-18T14:30;58;EUR;MWh;NO;NO;;10;10;10;-1;DOWN
2025-05-18T14:30;2025-05-18T14:45;59;EUR;MWh;NO;NO;;.1;.1;.1;-1;DOWN
2025-05-18T14:45;2025-05-18T15:00;60;EUR;MWh;NO;NO;;4.57;4.57;4.57;-1;DOWN
2025-05-18T15:00;2025-05-18T15:15;61;EUR;MWh;NO;NO;;-11;-11;-11;-1;DOWN
2025-05-18T15:15;2025-05-18T15:30;62;EUR;MWh;NO;NO;;-30;-30;-30;-1;DOWN
2025-05-18T15:30;2025-05-18T15:45;63;EUR;MWh;NO;NO;;-11;-11;-11;-1;DOWN
2025-05-18T15:45;2025-05-18T16:00;64;EUR;MWh;NO;NO;;-11;-11;-11;-1;DOWN
2025-05-18T16:00;2025-05-18T16:15;65;EUR;MWh;NO;NO;1;10;37.99;10;2;UP_AND_DOWN
2025-05-18T16:15;2025-05-18T16:30;66;EUR;MWh;NO;NO;;10;10;10;-1;DOWN
2025-05-18T16:30;2025-05-18T16:45;67;EUR;MWh;NO;NO;86.56;10;86.56;10;2;UP_AND_DOWN
2025-05-18T16:45;2025-05-18T17:00;68;EUR;MWh;NO;NO;95;10;95;95;1;UP
2025-05-18T17:00;2025-05-18T17:15;69;EUR;MWh;NO;NO;41;9;57.99;9;2;UP_AND_DOWN
2025-05-18T17:15;2025-05-18T17:30;70;EUR;MWh;NO;NO;99;-58;99;-58;2;UP_AND_DOWN
2025-05-18T17:30;2025-05-18T17:45;71;EUR;MWh;NO;NO;116.8;-58;116.8;116.8;1;UP
2025-05-18T17:45;2025-05-18T18:00;72;EUR;MWh;NO;NO;128.38;;128.38;128.38;1;UP
2025-05-18T18:00;2025-05-18T18:15;73;EUR;MWh;NO;NO;194;;194;194;1;UP
2025-05-18T18:15;2025-05-18T18:30;74;EUR;MWh;NO;NO;204.98;;204.98;204.98;1;UP
2025-05-18T18:30;2025-05-18T18:45;75;EUR;MWh;NO;NO;108.98;14.57;108.98;14.57;2;UP_AND_DOWN
2025-05-18T18:45;2025-05-18T19:00;76;EUR;MWh;NO;NO;101.98;60.98;101.98;60.98;2;UP_AND_DOWN
2025-05-18T19:00;2025-05-18T19:15;77;EUR;MWh;NO;NO;;23;23;23;-1;DOWN
2025-05-18T19:15;2025-05-18T19:30;78;EUR;MWh;NO;NO;;47;47;47;-1;DOWN
2025-05-18T19:30;2025-05-18T19:45;79;EUR;MWh;NO;NO;;77;77;77;-1;DOWN
2025-05-18T19:45;2025-05-18T20:00;80;EUR;MWh;NO;NO;;74.98;74.98;74.98;-1;DOWN
2025-05-18T20:00;2025-05-18T20:15;81;EUR;MWh;NO;NO;;68;68;68;-1;DOWN
2025-05-18T20:15;2025-05-18T20:30;82;EUR;MWh;NO;NO;94;65.98;94;61.82;2;UP_AND_DOWN
2025-05-18T20:30;2025-05-18T20:45;83;EUR;MWh;NO;NO;113.6;;113.6;113.6;1;UP
2025-05-18T20:45;2025-05-18T21:00;84;EUR;MWh;NO;NO;113.5;;113.5;113.5;1;UP
2025-05-18T21:00;2025-05-18T21:15;85;EUR;MWh;NO;NO;115;68;115;66.5;2;UP_AND_DOWN
2025-05-18T21:15;2025-05-18T21:30;86;EUR;MWh;NO;NO;97;73.98;97;66.5;2;UP_AND_DOWN
2025-05-18T21:30;2025-05-18T21:45;87;EUR;MWh;NO;NO;115;;115;115;1;UP
2025-05-18T21:45;2025-05-18T22:00;88;EUR;MWh;NO;NO;101.98;;101.98;101.98;1;UP
2025-05-18T22:00;2025-05-18T22:15;89;EUR;MWh;NO;NO;176;;176;176;1;UP
2025-05-18T22:15;2025-05-18T22:30;90;EUR;MWh;NO;NO;129.6;61.64;129.6;61.64;2;UP_AND_DOWN
2025-05-18T22:30;2025-05-18T22:45;91;EUR;MWh;NO;NO;115.1;57.98;115.1;57.98;2;UP_AND_DOWN
2025-05-18T22:45;2025-05-18T23:00;92;EUR;MWh;NO;NO;129.8;73.08;129.8;71;2;UP_AND_DOWN
2025-05-18T23:00;2025-05-18T23:15;93;EUR;MWh;NO;NO;127.8;;127.8;127.8;1;UP
2025-05-18T23:15;2025-05-18T23:30;94;EUR;MWh;NO;NO;131.6;68;131.6;68;2;UP_AND_DOWN
2025-05-18T23:30;2025-05-18T23:45;95;EUR;MWh;NO;NO;115;55.64;115;55.64;2;UP_AND_DOWN
2025-05-18T23:45;2025-05-19T00:00;96;EUR;MWh;NO;NO;115.3;47;115.3;47;2;UP_AND_DOWN
2025-05-19T00:00;2025-05-19T00:15;1;EUR;MWh;NO;NO;68.56;32.98;32.98;32.98;-1;DOWN
2025-05-19T00:15;2025-05-19T00:30;2;EUR;MWh;NO;NO;99.98;;99.98;99.98;1;UP
2025-05-19T00:30;2025-05-19T00:45;3;EUR;MWh;NO;NO;145;;145;145;1;UP
2025-05-19T00:45;2025-05-19T01:00;4;EUR;MWh;NO;NO;97.98;76.79;97.98;65.66;2;UP_AND_DOWN
2025-05-19T01:00;2025-05-19T01:15;5;EUR;MWh;NO;NO;145;76.79;145;145;1;UP
2025-05-19T01:15;2025-05-19T01:30;6;EUR;MWh;NO;NO;140;;140;140;1;UP
2025-05-19T01:30;2025-05-19T01:45;7;EUR;MWh;NO;NO;134.9;;134.9;134.9;1;UP
2025-05-19T01:45;2025-05-19T02:00;8;EUR;MWh;NO;NO;68.56;88.98;68.56;68.5;2;UP_AND_DOWN
2025-05-19T02:00;2025-05-19T02:15;9;EUR;MWh;NO;NO;123.56;96;123.56;82.28;2;UP_AND_DOWN
2025-05-19T02:15;2025-05-19T02:30;10;EUR;MWh;NO;NO;123.56;84;84;84;-1;DOWN
2025-05-19T02:30;2025-05-19T02:45;11;EUR;MWh;NO;NO;;64.98;64.98;64.98;-1;DOWN
2025-05-19T02:45;2025-05-19T03:00;12;EUR;MWh;NO;NO;;73.98;73.98;73.98;-1;DOWN
2025-05-19T03:00;2025-05-19T03:15;13;EUR;MWh;NO;NO;;70.98;70.98;70.98;-1;DOWN
2025-05-19T03:15;2025-05-19T03:30;14;EUR;MWh;NO;NO;;75;75;75;-1;DOWN
2025-05-19T03:30;2025-05-19T03:45;15;EUR;MWh;NO;NO;95.98;86.08;95.98;80.88;2;UP_AND_DOWN
2025-05-19T03:45;2025-05-19T04:00;16;EUR;MWh;NO;NO;112.5;;112.5;112.5;1;UP
2025-05-19T04:00;2025-05-19T04:15;17;EUR;MWh;NO;NO;112.7;;112.7;112.7;1;UP
2025-05-19T04:15;2025-05-19T04:30;18;EUR;MWh;NO;NO;127.98;;127.98;127.98;1;UP
2025-05-19T04:30;2025-05-19T04:45;19;EUR;MWh;NO;NO;130.98;;130.98;130.98;1;UP
2025-05-19T04:45;2025-05-19T05:00;20;EUR;MWh;NO;NO;112.7;80;112.7;80;2;UP_AND_DOWN
2025-05-19T05:00;2025-05-19T05:15;21;EUR;MWh;NO;NO;;75.98;75.98;75.98;-1;DOWN
2025-05-19T05:15;2025-05-19T05:30;22;EUR;MWh;NO;NO;88.56;99;88.56;73.5;2;UP_AND_DOWN
2025-05-19T05:30;2025-05-19T05:45;23;EUR;MWh;NO;NO;89.98;;89.98;89.98;1;UP
2025-05-19T05:45;2025-05-19T06:00;24;EUR;MWh;NO;NO;89.98;;89.98;89.98;1;UP
2025-05-19T06:00;2025-05-19T06:15;25;EUR;MWh;NO;NO;130.98;75;130.98;71.5;2;UP_AND_DOWN
2025-05-19T06:15;2025-05-19T06:30;26;EUR;MWh;NO;NO;141.1;;141.1;141.1;1;UP
2025-05-19T06:30;2025-05-19T06:45;27;EUR;MWh;NO;NO;95.98;;95.98;95.98;1;UP
2025-05-19T06:45;2025-05-19T07:00;28;EUR;MWh;NO;NO;68.56;76.98;70;70;2;UP_AND_DOWN
2025-05-19T07:00;2025-05-19T07:15;29;EUR;MWh;NO;NO;137.6;89.98;137.6;70;2;UP_AND_DOWN
2025-05-19T07:15;2025-05-19T07:30;30;EUR;MWh;NO;NO;145;;145;145;1;UP
2025-05-19T07:30;2025-05-19T07:45;31;EUR;MWh;NO;NO;103.98;90;103.98;103.98;1;UP
2025-05-19T07:45;2025-05-19T08:00;32;EUR;MWh;NO;NO;;82.98;82.98;82.98;-1;DOWN
2025-05-19T08:00;2025-05-19T08:15;33;EUR;MWh;NO;NO;112.2;89.98;112.2;68.49;2;UP_AND_DOWN
2025-05-19T08:15;2025-05-19T08:30;34;EUR;MWh;NO;NO;145;75;145;73;2;UP_AND_DOWN
2025-05-19T08:30;2025-05-19T08:45;35;EUR;MWh;NO;NO;145;75;75;75;-1;DOWN
2025-05-19T08:45;2025-05-19T09:00;36;EUR;MWh;NO;NO;;56.98;56.98;56.98;-1;DOWN
2025-05-19T09:00;2025-05-19T09:15;37;EUR;MWh;NO;NO;103.98;-30;103.98;-30;2;UP_AND_DOWN
2025-05-19T09:15;2025-05-19T09:30;38;EUR;MWh;NO;NO;132;;132;132;1;UP
2025-05-19T09:30;2025-05-19T09:45;39;EUR;MWh;NO;NO;65.36;-30;-30;-30;-1;DOWN
2025-05-19T09:45;2025-05-19T10:00;40;EUR;MWh;NO;NO;;-30;-30;-30;-1;DOWN
2025-05-19T10:00;2025-05-19T10:15;41;EUR;MWh;NO;NO;83;64;83;60.79;2;UP_AND_DOWN
2025-05-19T10:15;2025-05-19T10:30;42;EUR;MWh;NO;NO;105.98;64;105.98;64;2;UP_AND_DOWN
2025-05-19T10:30;2025-05-19T10:45;43;EUR;MWh;NO;NO;105.98;10;10;10;-1;DOWN
2025-05-19T10:45;2025-05-19T11:00;44;EUR;MWh;NO;NO;;-10.67;-10.67;-10.67;-1;DOWN
2025-05-19T11:00;2025-05-19T11:15;45;EUR;MWh;NO;NO;;10;10;10;-1;DOWN
2025-05-19T11:15;2025-05-19T11:30;46;EUR;MWh;NO;NO;;12;12;12;-1;DOWN
2025-05-19T11:30;2025-05-19T11:45;47;EUR;MWh;NO;NO;123;12;123;123;1;UP
2025-05-19T11:45;2025-05-19T12:00;48;EUR;MWh;NO;NO;123;-18.5;-18.5;-18.5;-1;DOWN
2025-05-19T12:00;2025-05-19T12:15;49;EUR;MWh;NO;NO;;-40;-40;-40;-1;DOWN
2025-05-19T12:15;2025-05-19T12:30;50;EUR;MWh;NO;NO;1672.26;-193.86;1672.26;-193.86;2;UP_AND_DOWN
2025-05-19T12:30;2025-05-19T12:45;51;EUR;MWh;NO;NO;196.98;-53.16;196.98;-53.16;2;UP_AND_DOWN
2025-05-19T12:45;2025-05-19T13:00;52;EUR;MWh;NO;NO;;-322.07;-322.07;-322.07;-1;DOWN
2025-05-19T13:00;2025-05-19T13:15;53;EUR;MWh;NO;NO;;-31;-31;-31;-1;DOWN
2025-05-19T13:15;2025-05-19T13:30;54;EUR;MWh;NO;NO;;-41;-41;-41;-1;DOWN
2025-05-19T13:30;2025-05-19T13:45;55;EUR;MWh;NO;NO;300;-30;300;-30;2;UP_AND_DOWN
2025-05-19T13:45;2025-05-19T14:00;56;EUR;MWh;NO;NO;;-72.46;-72.46;-72.46;-1;DOWN
2025-05-19T14:00;2025-05-19T14:15;57;EUR;MWh;NO;NO;;-26.15;-26.15;-26.15;-1;DOWN
2025-05-19T14:15;2025-05-19T14:30;58;EUR;MWh;NO;NO;;-59.9;-59.9;-59.9;-1;DOWN
2025-05-19T14:30;2025-05-19T14:45;59;EUR;MWh;NO;NO;;-31;-31;-31;-1;DOWN
2025-05-19T14:45;2025-05-19T15:00;60;EUR;MWh;NO;NO;;-68.51;-68.51;-68.51;-1;DOWN
2025-05-19T15:00;2025-05-19T15:15;61;EUR;MWh;NO;NO;1895;-576.87;1895;-576.87;2;UP_AND_DOWN
2025-05-19T15:15;2025-05-19T15:30;62;EUR;MWh;NO;NO;140;-1000;140;-1000;2;UP_AND_DOWN
2025-05-19T15:30;2025-05-19T15:45;63;EUR;MWh;NO;NO;41;-543.03;-543.03;-543.03;-1;DOWN
2025-05-19T15:45;2025-05-19T16:00;64;EUR;MWh;NO;NO;123.5;-500.3;123.5;-500.3;2;UP_AND_DOWN
2025-05-19T16:00;2025-05-19T16:15;65;EUR;MWh;NO;NO;123.5;-50;123.5;-50;2;UP_AND_DOWN
2025-05-19T16:15;2025-05-19T16:30;66;EUR;MWh;NO;NO;;-30;-30;-30;-1;DOWN
2025-05-19T16:30;2025-05-19T16:45;67;EUR;MWh;NO;NO;;-31;-31;-31;-1;DOWN
2025-05-19T16:45;2025-05-19T17:00;68;EUR;MWh;NO;NO;;68;68;68;-1;DOWN
2025-05-19T17:00;2025-05-19T17:15;69;EUR;MWh;NO;NO;;68;68;68;-1;DOWN
2025-05-19T17:15;2025-05-19T17:30;70;EUR;MWh;NO;NO;149.9;10;149.9;10;2;UP_AND_DOWN
2025-05-19T17:30;2025-05-19T17:45;71;EUR;MWh;NO;NO;163.98;10;163.98;163.98;1;UP
2025-05-19T17:45;2025-05-19T18:00;72;EUR;MWh;NO;NO;142.33;;142.33;142.33;1;UP
2025-05-19T18:00;2025-05-19T18:15;73;EUR;MWh;NO;NO;123.3;76.75;123.3;65.49;2;UP_AND_DOWN
2025-05-19T18:15;2025-05-19T18:30;74;EUR;MWh;NO;NO;173.98;;173.98;173.98;1;UP
2025-05-19T18:30;2025-05-19T18:45;75;EUR;MWh;NO;NO;196.98;;196.98;196.98;1;UP
2025-05-19T18:45;2025-05-19T19:00;76;EUR;MWh;NO;NO;146.98;;146.98;146.98;1;UP
2025-05-19T19:00;2025-05-19T19:15;77;EUR;MWh;NO;NO;62;-30;68.49;-30;2;UP_AND_DOWN
2025-05-19T19:15;2025-05-19T19:30;78;EUR;MWh;NO;NO;114.4;-30;114.4;114.4;1;UP
2025-05-19T19:30;2025-05-19T19:45;79;EUR;MWh;NO;NO;163.98;;163.98;163.98;1;UP
2025-05-19T19:45;2025-05-19T20:00;80;EUR;MWh;NO;NO;163.98;;163.98;163.98;1;UP
2025-05-19T20:00;2025-05-19T20:15;81;EUR;MWh;NO;NO;163.98;61.54;61.54;61.54;-1;DOWN
2025-05-19T20:15;2025-05-19T20:30;82;EUR;MWh;NO;NO;187.63;87.98;187.63;68.49;2;UP_AND_DOWN
2025-05-19T20:30;2025-05-19T20:45;83;EUR;MWh;NO;NO;202.98;;202.98;202.98;1;UP
2025-05-19T20:45;2025-05-19T21:00;84;EUR;MWh;NO;NO;150;;150;150;1;UP
2025-05-19T21:00;2025-05-19T21:15;85;EUR;MWh;NO;NO;158.98;;158.98;158.98;1;UP
2025-05-19T21:15;2025-05-19T21:30;86;EUR;MWh;NO;NO;173.98;;173.98;173.98;1;UP
2025-05-19T21:30;2025-05-19T21:45;87;EUR;MWh;NO;NO;1895;;1895;1895;1;UP
2025-05-19T21:45;2025-05-19T22:00;88;EUR;MWh;NO;NO;150;;150;150;1;UP
2025-05-19T22:00;2025-05-19T22:15;89;EUR;MWh;NO;NO;1895;;1895;1895;1;UP
2025-05-19T22:15;2025-05-19T22:30;90;EUR;MWh;NO;NO;1895;;1895;1895;1;UP
2025-05-19T22:30;2025-05-19T22:45;91;EUR;MWh;NO;NO;167.98;;167.98;167.98;1;UP
2025-05-19T22:45;2025-05-19T23:00;92;EUR;MWh;NO;NO;1000;;1000;1000;1;UP
2025-05-19T23:00;2025-05-19T23:15;93;EUR;MWh;NO;NO;140;99;140;73;2;UP_AND_DOWN
2025-05-19T23:15;2025-05-19T23:30;94;EUR;MWh;NO;NO;115.98;;115.98;115.98;1;UP
2025-05-19T23:30;2025-05-19T23:45;95;EUR;MWh;NO;NO;95.98;99;95.98;73;2;UP_AND_DOWN
2025-05-19T23:45;2025-05-20T00:00;96;EUR;MWh;NO;NO;97.98;99;97.98;73;2;UP_AND_DOWN
2025-05-20T00:00;2025-05-20T00:15;1;EUR;MWh;NO;NO;97.98;99;99;99;-1;DOWN
2025-05-20T00:15;2025-05-20T00:30;2;EUR;MWh;NO;NO;92.98;99;92.98;92.98;1;UP
2025-05-20T00:30;2025-05-20T00:45;3;EUR;MWh;NO;NO;113.1;;113.1;113.1;1;UP
2025-05-20T00:45;2025-05-20T01:00;4;EUR;MWh;NO;NO;88.56;;88.56;88.56;1;UP
2025-05-20T01:00;2025-05-20T01:15;5;EUR;MWh;NO;NO;152.9;;152.9;152.9;1;UP
2025-05-20T01:15;2025-05-20T01:30;6;EUR;MWh;NO;NO;113;;113;113;1;UP
2025-05-20T01:30;2025-05-20T01:45;7;EUR;MWh;NO;NO;90.98;;90.98;90.98;1;UP
2025-05-20T01:45;2025-05-20T02:00;8;EUR;MWh;NO;NO;97.98;;97.98;97.98;1;UP
2025-05-20T02:00;2025-05-20T02:15;9;EUR;MWh;NO;NO;103.98;;103.98;103.98;1;UP
2025-05-20T02:15;2025-05-20T02:30;10;EUR;MWh;NO;NO;101.98;;101.98;101.98;1;UP
2025-05-20T02:30;2025-05-20T02:45;11;EUR;MWh;NO;NO;92.98;;92.98;92.98;1;UP
2025-05-20T02:45;2025-05-20T03:00;12;EUR;MWh;NO;NO;112.9;;112.9;112.9;1;UP
2025-05-20T03:00;2025-05-20T03:15;13;EUR;MWh;NO;NO;101.98;;101.98;101.98;1;UP
2025-05-20T03:15;2025-05-20T03:30;14;EUR;MWh;NO;NO;105.98;;105.98;105.98;1;UP
2025-05-20T03:30;2025-05-20T03:45;15;EUR;MWh;NO;NO;112.6;;112.6;112.6;1;UP
2025-05-20T03:45;2025-05-20T04:00;16;EUR;MWh;NO;NO;112.8;;112.8;112.8;1;UP
2025-05-20T04:00;2025-05-20T04:15;17;EUR;MWh;NO;NO;;106.84;106.84;106.84;-1;DOWN
2025-05-20T04:15;2025-05-20T04:30;18;EUR;MWh;NO;NO;47;;73.5;73.5;0;STABLE
2025-05-20T04:30;2025-05-20T04:45;19;EUR;MWh;NO;NO;78.56;;78.56;78.56;1;UP
2025-05-20T04:45;2025-05-20T05:00;20;EUR;MWh;NO;NO;102.98;;102.98;102.98;1;UP
2025-05-20T05:00;2025-05-20T05:15;21;EUR;MWh;NO;NO;111.98;;111.98;111.98;1;UP
2025-05-20T05:15;2025-05-20T05:30;22;EUR;MWh;NO;NO;68.56;97;73.5;73.5;2;UP_AND_DOWN
2025-05-20T05:30;2025-05-20T05:45;23;EUR;MWh;NO;NO;112.7;97;112.7;73.5;2;UP_AND_DOWN
2025-05-20T05:45;2025-05-20T06:00;24;EUR;MWh;NO;NO;138.7;;138.7;138.7;1;UP
2025-05-20T06:00;2025-05-20T06:15;25;EUR;MWh;NO;NO;150;;150;150;1;UP
2025-05-20T06:15;2025-05-20T06:30;26;EUR;MWh;NO;NO;134.98;;134.98;134.98;1;UP
2025-05-20T06:30;2025-05-20T06:45;27;EUR;MWh;NO;NO;136.6;;136.6;136.6;1;UP
2025-05-20T06:45;2025-05-20T07:00;28;EUR;MWh;NO;NO;121.9;;121.9;121.9;1;UP
2025-05-20T07:00;2025-05-20T07:15;29;EUR;MWh;NO;NO;161.98;;161.98;161.98;1;UP
2025-05-20T07:15;2025-05-20T07:30;30;EUR;MWh;NO;NO;122.69;;122.69;122.69;1;UP
2025-05-20T07:30;2025-05-20T07:45;31;EUR;MWh;NO;NO;123.56;;123.56;123.56;1;UP
2025-05-20T07:45;2025-05-20T08:00;32;EUR;MWh;NO;NO;153.1;;153.1;153.1;1;UP
2025-05-20T08:00;2025-05-20T08:15;33;EUR;MWh;NO;NO;150;-499.9;150;-499.9;2;UP_AND_DOWN
2025-05-20T08:15;2025-05-20T08:30;34;EUR;MWh;NO;NO;153;;153;0;2;UP_AND_DOWN
2025-05-20T08:30;2025-05-20T08:45;35;EUR;MWh;NO;NO;150;60.65;150;60.65;2;UP_AND_DOWN
2025-05-20T08:45;2025-05-20T09:00;36;EUR;MWh;NO;NO;113.2;;113.2;113.2;1;UP
2025-05-20T09:00;2025-05-20T09:15;37;EUR;MWh;NO;NO;110.1;74.98;110.1;65;2;UP_AND_DOWN
2025-05-20T09:15;2025-05-20T09:30;38;EUR;MWh;NO;NO;78.56;15;78.56;15;2;UP_AND_DOWN
2025-05-20T09:30;2025-05-20T09:45;39;EUR;MWh;NO;NO;;74.98;74.98;74.98;-1;DOWN
2025-05-20T09:45;2025-05-20T10:00;40;EUR;MWh;NO;NO;;-50;-50;-50;-1;DOWN
2025-05-20T10:00;2025-05-20T10:15;41;EUR;MWh;NO;NO;151.3;-60;151.3;-60;2;UP_AND_DOWN
2025-05-20T10:15;2025-05-20T10:30;42;EUR;MWh;NO;NO;93.98;-70;93.98;-70;2;UP_AND_DOWN
2025-05-20T10:30;2025-05-20T10:45;43;EUR;MWh;NO;NO;;-50;-50;-50;-1;DOWN
2025-05-20T10:45;2025-05-20T11:00;44;EUR;MWh;NO;NO;;-60;-60;-60;-1;DOWN
2025-05-20T11:00;2025-05-20T11:15;45;EUR;MWh;NO;NO;;-40;-40;-40;-1;DOWN
2025-05-20T11:15;2025-05-20T11:30;46;EUR;MWh;NO;NO;;-30;-30;-30;-1;DOWN
2025-05-20T11:30;2025-05-20T11:45;47;EUR;MWh;NO;NO;140;-70;140;-70;2;UP_AND_DOWN
2025-05-20T11:45;2025-05-20T12:00;48;EUR;MWh;NO;NO;136.98;-70;136.98;-70;2;UP_AND_DOWN
2025-05-20T12:00;2025-05-20T12:15;49;EUR;MWh;NO;NO;150;-70;150;150;1;UP
2025-05-20T12:15;2025-05-20T12:30;50;EUR;MWh;NO;NO;150;;150;150;1;UP
2025-05-20T12:30;2025-05-20T12:45;51;EUR;MWh;NO;NO;92.09;31.55;92.09;31.55;2;UP_AND_DOWN
2025-05-20T12:45;2025-05-20T13:00;52;EUR;MWh;NO;NO;;-50;-50;-50;-1;DOWN
2025-05-20T13:00;2025-05-20T13:15;53;EUR;MWh;NO;NO;;-40;-40;-40;-1;DOWN
2025-05-20T13:15;2025-05-20T13:30;54;EUR;MWh;NO;NO;;-31;-31;-31;-1;DOWN
2025-05-20T13:30;2025-05-20T13:45;55;EUR;MWh;NO;NO;;-39.9;-39.9;-39.9;-1;DOWN
2025-05-20T13:45;2025-05-20T14:00;56;EUR;MWh;NO;NO;;-50;-50;-50;-1;DOWN
2025-05-20T14:00;2025-05-20T14:15;57;EUR;MWh;NO;NO;;-39.9;-39.9;-39.9;-1;DOWN
2025-05-20T14:15;2025-05-20T14:30;58;EUR;MWh;NO;NO;;-30;-30;-30;-1;DOWN
2025-05-20T14:30;2025-05-20T14:45;59;EUR;MWh;NO;NO;;-50;-50;-50;-1;DOWN
2025-05-20T14:45;2025-05-20T15:00;60;EUR;MWh;NO;NO;;-31;-31;-31;-1;DOWN
2025-05-20T15:00;2025-05-20T15:15;61;EUR;MWh;NO;NO;88.98;-31;88.98;-31;2;UP_AND_DOWN
2025-05-20T15:15;2025-05-20T15:30;62;EUR;MWh;NO;NO;41;-31;57.49;-31;2;UP_AND_DOWN
2025-05-20T15:30;2025-05-20T15:45;63;EUR;MWh;NO;NO;40;-31;57.49;-31;2;UP_AND_DOWN
2025-05-20T15:45;2025-05-20T16:00;64;EUR;MWh;NO;NO;;-23;-23;-23;-1;DOWN
2025-05-20T16:00;2025-05-20T16:15;65;EUR;MWh;NO;NO;;-41;-41;-41;-1;DOWN
2025-05-20T16:15;2025-05-20T16:30;66;EUR;MWh;NO;NO;;10;10;10;-1;DOWN
2025-05-20T16:30;2025-05-20T16:45;67;EUR;MWh;NO;NO;95;-27.9;95;-27.9;2;UP_AND_DOWN
2025-05-20T16:45;2025-05-20T17:00;68;EUR;MWh;NO;NO;94;;94;94;1;UP
2025-05-20T17:00;2025-05-20T17:15;69;EUR;MWh;NO;NO;90.98;;90.98;90.98;1;UP
2025-05-20T17:15;2025-05-20T17:30;70;EUR;MWh;NO;NO;101.98;80;101.98;101.98;1;UP
2025-05-20T17:30;2025-05-20T17:45;71;EUR;MWh;NO;NO;92.98;;92.98;92.98;1;UP
2025-05-20T17:45;2025-05-20T18:00;72;EUR;MWh;NO;NO;;-41;-41;-41;-1;DOWN
2025-05-20T18:00;2025-05-20T18:15;73;EUR;MWh;NO;NO;49;-29.7;63.5;-29.7;2;UP_AND_DOWN
2025-05-20T18:15;2025-05-20T18:30;74;EUR;MWh;NO;NO;106.6;14.57;106.6;14.57;2;UP_AND_DOWN
2025-05-20T18:30;2025-05-20T18:45;75;EUR;MWh;NO;NO;150;;150;150;1;UP
2025-05-20T18:45;2025-05-20T19:00;76;EUR;MWh;NO;NO;150;80.05;150;150;1;UP
2025-05-20T19:00;2025-05-20T19:15;77;EUR;MWh;NO;NO;101.98;69;101.98;65.31;2;UP_AND_DOWN
2025-05-20T19:15;2025-05-20T19:30;78;EUR;MWh;NO;NO;95;;95;95;1;UP
2025-05-20T19:30;2025-05-20T19:45;79;EUR;MWh;NO;NO;107.9;;107.9;107.9;1;UP
2025-05-20T19:45;2025-05-20T20:00;80;EUR;MWh;NO;NO;151.6;;151.6;151.6;1;UP
2025-05-20T20:00;2025-05-20T20:15;81;EUR;MWh;NO;NO;139.12;;139.12;139.12;1;UP
2025-05-20T20:15;2025-05-20T20:30;82;EUR;MWh;NO;NO;121.4;;121.4;121.4;1;UP
2025-05-20T20:30;2025-05-20T20:45;83;EUR;MWh;NO;NO;135;;135;135;1;UP
2025-05-20T20:45;2025-05-20T21:00;84;EUR;MWh;NO;NO;121.2;;121.2;121.2;1;UP
2025-05-20T21:00;2025-05-20T21:15;85;EUR;MWh;NO;NO;135;;135;135;1;UP
2025-05-20T21:15;2025-05-20T21:30;86;EUR;MWh;NO;NO;152.8;;152.8;152.8;1;UP
2025-05-20T21:30;2025-05-20T21:45;87;EUR;MWh;NO;NO;152.9;;152.9;152.9;1;UP
2025-05-20T21:45;2025-05-20T22:00;88;EUR;MWh;NO;NO;150;;150;150;1;UP
2025-05-20T22:00;2025-05-20T22:15;89;EUR;MWh;NO;NO;99.98;;99.98;99.98;1;UP
2025-05-20T22:15;2025-05-20T22:30;90;EUR;MWh;NO;NO;68.56;94;73;73;2;UP_AND_DOWN
2025-05-20T22:30;2025-05-20T22:45;91;EUR;MWh;NO;NO;152.98;94;152.98;152.98;1;UP
2025-05-20T22:45;2025-05-20T23:00;92;EUR;MWh;NO;NO;111.9;94;111.9;111.9;1;UP
2025-05-20T23:00;2025-05-20T23:15;93;EUR;MWh;NO;NO;121.1;94;121.1;73;2;UP_AND_DOWN
2025-05-20T23:15;2025-05-20T23:30;94;EUR;MWh;NO;NO;150;;150;150;1;UP
2025-05-20T23:30;2025-05-20T23:45;95;EUR;MWh;NO;NO;150;;150;150;1;UP
2025-05-20T23:45;2025-05-21T00:00;96;EUR;MWh;NO;NO;150;;150;150;1;UP
2025-05-21T00:00;2025-05-21T00:15;1;EUR;MWh;NO;NO;150;;150;150;1;UP
2025-05-21T00:15;2025-05-21T00:30;2;EUR;MWh;NO;NO;113;;113;113;1;UP
2025-05-21T00:30;2025-05-21T00:45;3;EUR;MWh;NO;NO;150;;150;150;1;UP
2025-05-21T00:45;2025-05-21T01:00;4;EUR;MWh;NO;NO;105.98;81.58;105.98;75.78;2;UP_AND_DOWN
2025-05-21T01:00;2025-05-21T01:15;5;EUR;MWh;NO;NO;141.98;88;141.98;76.28;2;UP_AND_DOWN
2025-05-21T01:15;2025-05-21T01:30;6;EUR;MWh;NO;NO;151.98;;151.98;151.98;1;UP
2025-05-21T01:30;2025-05-21T01:45;7;EUR;MWh;NO;NO;145.98;;145.98;145.98;1;UP
2025-05-21T01:45;2025-05-21T02:00;8;EUR;MWh;NO;NO;113;92;113;75.28;2;UP_AND_DOWN
2025-05-21T02:00;2025-05-21T02:15;9;EUR;MWh;NO;NO;125.1;;125.1;125.1;1;UP
2025-05-21T02:15;2025-05-21T02:30;10;EUR;MWh;NO;NO;88.56;81.58;88.56;75.28;2;UP_AND_DOWN
2025-05-21T02:30;2025-05-21T02:45;11;EUR;MWh;NO;NO;93.98;92;93.98;75.28;2;UP_AND_DOWN
2025-05-21T02:45;2025-05-21T03:00;12;EUR;MWh;NO;NO;113;;113;113;1;UP
2025-05-21T03:00;2025-05-21T03:15;13;EUR;MWh;NO;NO;151.98;;151.98;151.98;1;UP
2025-05-21T03:15;2025-05-21T03:30;14;EUR;MWh;NO;NO;113;;113;113;1;UP
2025-05-21T03:30;2025-05-21T03:45;15;EUR;MWh;NO;NO;94.61;;94.61;94.61;1;UP
2025-05-21T03:45;2025-05-21T04:00;16;EUR;MWh;NO;NO;113;;113;113;1;UP
2025-05-21T04:00;2025-05-21T04:15;17;EUR;MWh;NO;NO;95.98;;95.98;95.98;1;UP
2025-05-21T04:15;2025-05-21T04:30;18;EUR;MWh;NO;NO;58.56;61.17;73.78;61.17;2;UP_AND_DOWN
2025-05-21T04:30;2025-05-21T04:45;19;EUR;MWh;NO;NO;78.56;72.98;78.56;72.98;2;UP_AND_DOWN
2025-05-21T04:45;2025-05-21T05:00;20;EUR;MWh;NO;NO;112.7;88;112.7;112.7;1;UP
2025-05-21T05:00;2025-05-21T05:15;21;EUR;MWh;NO;NO;112.7;74.74;74.74;74.74;-1;DOWN
2025-05-21T05:15;2025-05-21T05:30;22;EUR;MWh;NO;NO;;74;74;74;-1;DOWN
2025-05-21T05:30;2025-05-21T05:45;23;EUR;MWh;NO;NO;68.56;81.58;70.07;70.07;2;UP_AND_DOWN
2025-05-21T05:45;2025-05-21T06:00;24;EUR;MWh;NO;NO;68.56;64;64;64;-1;DOWN
2025-05-21T06:00;2025-05-21T06:15;25;EUR;MWh;NO;NO;;15;15;15;-1;DOWN
2025-05-21T06:15;2025-05-21T06:30;26;EUR;MWh;NO;NO;47;65;65;65;-1;DOWN
2025-05-21T06:30;2025-05-21T06:45;27;EUR;MWh;NO;NO;;75;75;75;-1;DOWN
2025-05-21T06:45;2025-05-21T07:00;28;EUR;MWh;NO;NO;;67;67;67;-1;DOWN
2025-05-21T07:00;2025-05-21T07:15;29;EUR;MWh;NO;NO;106.04;81.58;106.04;64.29;2;UP_AND_DOWN
2025-05-21T07:15;2025-05-21T07:30;30;EUR;MWh;NO;NO;88.56;76.58;88.56;64.29;2;UP_AND_DOWN
2025-05-21T07:30;2025-05-21T07:45;31;EUR;MWh;NO;NO;78.56;51;78.56;51;2;UP_AND_DOWN
2025-05-21T07:45;2025-05-21T08:00;32;EUR;MWh;NO;NO;;47;47;47;-1;DOWN
2025-05-21T08:00;2025-05-21T08:15;33;EUR;MWh;NO;NO;;-29.7;-29.7;-29.7;-1;DOWN
2025-05-21T08:15;2025-05-21T08:30;34;EUR;MWh;NO;NO;;-30;-30;-30;-1;DOWN
2025-05-21T08:30;2025-05-21T08:45;35;EUR;MWh;NO;NO;;-30;-30;-30;-1;DOWN
2025-05-21T08:45;2025-05-21T09:00;36;EUR;MWh;NO;NO;;-30.1;-30.1;-30.1;-1;DOWN
2025-05-21T09:00;2025-05-21T09:15;37;EUR;MWh;NO;NO;;-60;-60;-60;-1;DOWN
2025-05-21T09:15;2025-05-21T09:30;38;EUR;MWh;NO;NO;88.55;-50;88.55;-50;2;UP_AND_DOWN
2025-05-21T09:30;2025-05-21T09:45;39;EUR;MWh;NO;NO;;-60;-60;-60;-1;DOWN
2025-05-21T09:45;2025-05-21T10:00;40;EUR;MWh;NO;NO;121.4;-41;121.4;-41;2;UP_AND_DOWN
2025-05-21T10:00;2025-05-21T10:15;41;EUR;MWh;NO;NO;121.4;-40;-40;-40;-1;DOWN
2025-05-21T10:15;2025-05-21T10:30;42;EUR;MWh;NO;NO;;-40;-40;-40;-1;DOWN
2025-05-21T10:30;2025-05-21T10:45;43;EUR;MWh;NO;NO;;-48.94;-48.94;-48.94;-1;DOWN
2025-05-21T10:45;2025-05-21T11:00;44;EUR;MWh;NO;NO;;-40;-40;-40;-1;DOWN
2025-05-21T11:00;2025-05-21T11:15;45;EUR;MWh;NO;NO;;-40;-40;-40;-1;DOWN
2025-05-21T11:15;2025-05-21T11:30;46;EUR;MWh;NO;NO;;-30;-30;-30;-1;DOWN
2025-05-21T11:30;2025-05-21T11:45;47;EUR;MWh;NO;NO;;-31;-31;-31;-1;DOWN
2025-05-21T11:45;2025-05-21T12:00;48;EUR;MWh;NO;NO;43;-40;60.99;-40;2;UP_AND_DOWN
2025-05-21T12:00;2025-05-21T12:15;49;EUR;MWh;NO;NO;113.8;;113.8;113.8;1;UP
2025-05-21T12:15;2025-05-21T12:30;50;EUR;MWh;NO;NO;55;-31;55;-31;2;UP_AND_DOWN
2025-05-21T12:30;2025-05-21T12:45;51;EUR;MWh;NO;NO;52;-30;52;-30;2;UP_AND_DOWN
2025-05-21T12:45;2025-05-21T13:00;52;EUR;MWh;NO;NO;95;-29.8;95;-29.8;2;UP_AND_DOWN
2025-05-21T13:00;2025-05-21T13:15;53;EUR;MWh;NO;NO;95;-31;-31;-31;-1;DOWN
2025-05-21T13:15;2025-05-21T13:30;54;EUR;MWh;NO;NO;52;-31;52;-31;2;UP_AND_DOWN
2025-05-21T13:30;2025-05-21T13:45;55;EUR;MWh;NO;NO;;-29.9;-29.9;-29.9;-1;DOWN
2025-05-21T13:45;2025-05-21T14:00;56;EUR;MWh;NO;NO;55.87;-31;55.87;-31;2;UP_AND_DOWN
2025-05-21T14:00;2025-05-21T14:15;57;EUR;MWh;NO;NO;72.2;-31;72.2;-31;2;UP_AND_DOWN
2025-05-21T14:15;2025-05-21T14:30;58;EUR;MWh;NO;NO;;-31;-31;-31;-1;DOWN
2025-05-21T14:30;2025-05-21T14:45;59;EUR;MWh;NO;NO;52;-60;-60;-60;-1;DOWN
2025-05-21T14:45;2025-05-21T15:00;60;EUR;MWh;NO;NO;73.34;-31;73.34;-31;2;UP_AND_DOWN
2025-05-21T15:00;2025-05-21T15:15;61;EUR;MWh;NO;NO;44;-31;44.49;-31;2;UP_AND_DOWN
2025-05-21T15:15;2025-05-21T15:30;62;EUR;MWh;NO;NO;96.1;-70;96.1;-70;2;UP_AND_DOWN
2025-05-21T15:30;2025-05-21T15:45;63;EUR;MWh;NO;NO;96.4;-40;96.4;-40;2;UP_AND_DOWN
2025-05-21T15:45;2025-05-21T16:00;64;EUR;MWh;NO;NO;;-50;-50;-50;-1;DOWN
2025-05-21T16:00;2025-05-21T16:15;65;EUR;MWh;NO;NO;90;-35.1;90;-35.1;2;UP_AND_DOWN
2025-05-21T16:15;2025-05-21T16:30;66;EUR;MWh;NO;NO;94;-35;94;-35;2;UP_AND_DOWN
2025-05-21T16:30;2025-05-21T16:45;67;EUR;MWh;NO;NO;;-70;-70;-70;-1;DOWN
2025-05-21T16:45;2025-05-21T17:00;68;EUR;MWh;NO;NO;;-70;-70;-70;-1;DOWN
2025-05-21T17:00;2025-05-21T17:15;69;EUR;MWh;NO;NO;1895;-583.54;1895;-583.54;2;UP_AND_DOWN
2025-05-21T17:15;2025-05-21T17:30;70;EUR;MWh;NO;NO;1895;-100;1895;-100;2;UP_AND_DOWN
2025-05-21T17:30;2025-05-21T17:45;71;EUR;MWh;NO;NO;129.47;-515.68;129.47;-515.68;2;UP_AND_DOWN
2025-05-21T17:45;2025-05-21T18:00;72;EUR;MWh;NO;NO;108;;108;108;1;UP
2025-05-21T18:00;2025-05-21T18:15;73;EUR;MWh;NO;NO;102.47;57.45;102.47;57.45;2;UP_AND_DOWN
2025-05-21T18:15;2025-05-21T18:30;74;EUR;MWh;NO;NO;160;-3.7;160;-3.7;2;UP_AND_DOWN
2025-05-21T18:30;2025-05-21T18:45;75;EUR;MWh;NO;NO;153.98;32.45;153.98;32.45;2;UP_AND_DOWN
2025-05-21T18:45;2025-05-21T19:00;76;EUR;MWh;NO;NO;48;-30;-30;-30;-1;DOWN
2025-05-21T19:00;2025-05-21T19:15;77;EUR;MWh;NO;NO;68.56;-30;68.56;68.56;1;UP
2025-05-21T19:15;2025-05-21T19:30;78;EUR;MWh;NO;NO;58.56;57.45;63.73;57.45;2;UP_AND_DOWN
2025-05-21T19:30;2025-05-21T19:45;79;EUR;MWh;NO;NO;;7.3;7.3;7.3;-1;DOWN
2025-05-21T19:45;2025-05-21T20:00;80;EUR;MWh;NO;NO;;30.12;30.12;30.12;-1;DOWN
2025-05-21T20:00;2025-05-21T20:15;81;EUR;MWh;NO;NO;;50;50;50;-1;DOWN
2025-05-21T20:15;2025-05-21T20:30;82;EUR;MWh;NO;NO;;62.53;62.53;62.53;-1;DOWN
2025-05-21T20:30;2025-05-21T20:45;83;EUR;MWh;NO;NO;92.47;63.37;92.47;63.37;2;UP_AND_DOWN
2025-05-21T20:45;2025-05-21T21:00;84;EUR;MWh;NO;NO;110.9;77.53;110.9;67.5;2;UP_AND_DOWN
2025-05-21T21:00;2025-05-21T21:15;85;EUR;MWh;NO;NO;110.9;23.98;23.98;23.98;-1;DOWN
2025-05-21T21:15;2025-05-21T21:30;86;EUR;MWh;NO;NO;95.98;47.98;95.98;47.98;2;UP_AND_DOWN
2025-05-21T21:30;2025-05-21T21:45;87;EUR;MWh;NO;NO;107.47;47.98;107.47;107.47;1;UP
2025-05-21T21:45;2025-05-21T22:00;88;EUR;MWh;NO;NO;102.47;88;102.47;67.5;2;UP_AND_DOWN
2025-05-21T22:00;2025-05-21T22:15;89;EUR;MWh;NO;NO;121.3;;121.3;121.3;1;UP
2025-05-21T22:15;2025-05-21T22:30;90;EUR;MWh;NO;NO;111.7;;111.7;111.7;1;UP
2025-05-21T22:30;2025-05-21T22:45;91;EUR;MWh;NO;NO;107.47;;107.47;107.47;1;UP
2025-05-21T22:45;2025-05-21T23:00;92;EUR;MWh;NO;NO;89.47;;89.47;89.47;1;UP
2025-05-21T23:00;2025-05-21T23:15;93;EUR;MWh;NO;NO;121.3;;121.3;121.3;1;UP
2025-05-21T23:15;2025-05-21T23:30;94;EUR;MWh;NO;NO;89.47;;89.47;89.47;1;UP
2025-05-21T23:30;2025-05-21T23:45;95;EUR;MWh;NO;NO;112.2;80.53;112.2;72.5;2;UP_AND_DOWN
2025-05-21T23:45;2025-05-22T00:00;96;EUR;MWh;NO;NO;102.98;50;102.98;50;2;UP_AND_DOWN
2025-05-22T00:00;2025-05-22T00:15;1;EUR;MWh;NO;NO;148;23.37;148;23.37;2;UP_AND_DOWN
2025-05-22T00:15;2025-05-22T00:30;2;EUR;MWh;NO;NO;127.98;88;88;88;-1;DOWN
2025-05-22T00:30;2025-05-22T00:45;3;EUR;MWh;NO;NO;127.98;77.32;77.32;77.32;-1;DOWN
2025-05-22T00:45;2025-05-22T01:00;4;EUR;MWh;NO;NO;;32.32;32.32;32.32;-1;DOWN
2025-05-22T01:00;2025-05-22T01:15;5;EUR;MWh;NO;NO;;32.98;32.98;32.98;-1;DOWN
2025-05-22T01:15;2025-05-22T01:30;6;EUR;MWh;NO;NO;;25.98;25.98;25.98;-1;DOWN
2025-05-22T01:30;2025-05-22T01:45;7;EUR;MWh;NO;NO;;10;10;10;-1;DOWN
2025-05-22T01:45;2025-05-22T02:00;8;EUR;MWh;NO;NO;;13.7;13.7;13.7;-1;DOWN
2025-05-22T02:00;2025-05-22T02:15;9;EUR;MWh;NO;NO;;18.98;18.98;18.98;-1;DOWN
2025-05-22T02:15;2025-05-22T02:30;10;EUR;MWh;NO;NO;;77.47;77.47;77.47;-1;DOWN
2025-05-22T02:30;2025-05-22T02:45;11;EUR;MWh;NO;NO;46;77.47;65;65;2;UP_AND_DOWN
2025-05-22T02:45;2025-05-22T03:00;12;EUR;MWh;NO;NO;96.98;77.03;96.98;96.98;1;UP
2025-05-22T03:00;2025-05-22T03:15;13;EUR;MWh;NO;NO;78.56;75.98;78.56;64;2;UP_AND_DOWN
2025-05-22T03:15;2025-05-22T03:30;14;EUR;MWh;NO;NO;109.98;;109.98;109.98;1;UP
2025-05-22T03:30;2025-05-22T03:45;15;EUR;MWh;NO;NO;109.98;;109.98;109.98;1;UP
2025-05-22T03:45;2025-05-22T04:00;16;EUR;MWh;NO;NO;102.98;;102.98;102.98;1;UP
2025-05-22T04:00;2025-05-22T04:15;17;EUR;MWh;NO;NO;109.98;63.37;63.37;63.37;-1;DOWN
2025-05-22T04:15;2025-05-22T04:30;18;EUR;MWh;NO;NO;;69.47;69.47;69.47;-1;DOWN
2025-05-22T04:30;2025-05-22T04:45;19;EUR;MWh;NO;NO;;69.47;69.47;69.47;-1;DOWN
2025-05-22T04:45;2025-05-22T05:00;20;EUR;MWh;NO;NO;;70.37;70.37;70.37;-1;DOWN
2025-05-22T05:00;2025-05-22T05:15;21;EUR;MWh;NO;NO;95.34;69;95.34;69;2;UP_AND_DOWN
2025-05-22T05:15;2025-05-22T05:30;22;EUR;MWh;NO;NO;94.98;;94.98;94.98;1;UP
2025-05-22T05:30;2025-05-22T05:45;23;EUR;MWh;NO;NO;95.34;;95.34;95.34;1;UP
2025-05-22T05:45;2025-05-22T06:00;24;EUR;MWh;NO;NO;106.98;;106.98;106.98;1;UP
2025-05-22T06:00;2025-05-22T06:15;25;EUR;MWh;NO;NO;90;69;90;68.5;2;UP_AND_DOWN
2025-05-22T06:15;2025-05-22T06:30;26;EUR;MWh;NO;NO;90;24.98;24.98;24.98;-1;DOWN
2025-05-22T06:30;2025-05-22T06:45;27;EUR;MWh;NO;NO;;35.4;35.4;35.4;-1;DOWN
2025-05-22T06:45;2025-05-22T07:00;28;EUR;MWh;NO;NO;;7.2;7.2;7.2;-1;DOWN
2025-05-22T07:00;2025-05-22T07:15;29;EUR;MWh;NO;NO;58.56;13.98;58.56;58.56;1;UP
2025-05-22T07:15;2025-05-22T07:30;30;EUR;MWh;NO;NO;78.56;64;78.56;64;2;UP_AND_DOWN
2025-05-22T07:30;2025-05-22T07:45;31;EUR;MWh;NO;NO;;15;15;15;-1;DOWN
2025-05-22T07:45;2025-05-22T08:00;32;EUR;MWh;NO;NO;;12;12;12;-1;DOWN
2025-05-22T08:00;2025-05-22T08:15;33;EUR;MWh;NO;NO;;-13.09;-13.09;-13.09;-1;DOWN
2025-05-22T08:15;2025-05-22T08:30;34;EUR;MWh;NO;NO;199;-191.84;199;-191.84;2;UP_AND_DOWN
2025-05-22T08:30;2025-05-22T08:45;35;EUR;MWh;NO;NO;199;-521.61;-521.61;-521.61;-1;DOWN
2025-05-22T08:45;2025-05-22T09:00;36;EUR;MWh;NO;NO;;-41.61;-41.61;-41.61;-1;DOWN
2025-05-22T09:00;2025-05-22T09:15;37;EUR;MWh;NO;NO;114.2;-30.3;114.2;-30.3;2;UP_AND_DOWN
2025-05-22T09:15;2025-05-22T09:30;38;EUR;MWh;NO;NO;114.2;-54.9;-54.9;-54.9;-1;DOWN
2025-05-22T09:30;2025-05-22T09:45;39;EUR;MWh;NO;NO;;-30.19;-30.19;-30.19;-1;DOWN
2025-05-22T09:45;2025-05-22T10:00;40;EUR;MWh;NO;NO;;-42;-42;-42;-1;DOWN
2025-05-22T10:00;2025-05-22T10:15;41;EUR;MWh;NO;NO;;-40;-40;-40;-1;DOWN
2025-05-22T10:15;2025-05-22T10:30;42;EUR;MWh;NO;NO;;-42;-42;-42;-1;DOWN
2025-05-22T10:30;2025-05-22T10:45;43;EUR;MWh;NO;NO;1;-45;39.99;-45;2;UP_AND_DOWN
2025-05-22T10:45;2025-05-22T11:00;44;EUR;MWh;NO;NO;;-40;-40;-40;-1;DOWN
2025-05-22T11:00;2025-05-22T11:15;45;EUR;MWh;NO;NO;;-14.75;-14.75;-14.75;-1;DOWN
2025-05-22T11:15;2025-05-22T11:30;46;EUR;MWh;NO;NO;;-40;-40;-40;-1;DOWN
2025-05-22T11:30;2025-05-22T11:45;47;EUR;MWh;NO;NO;78.56;-40;78.56;-40;2;UP_AND_DOWN
2025-05-22T11:45;2025-05-22T12:00;48;EUR;MWh;NO;NO;78.56;-66.2;-66.2;-66.2;-1;DOWN
2025-05-22T12:00;2025-05-22T12:15;49;EUR;MWh;NO;NO;108.79;-31.26;108.79;-31.26;2;UP_AND_DOWN
2025-05-22T12:15;2025-05-22T12:30;50;EUR;MWh;NO;NO;80.89;-30;80.89;-30;2;UP_AND_DOWN
2025-05-22T12:30;2025-05-22T12:45;51;EUR;MWh;NO;NO;80.89;-37;-37;-37;-1;DOWN
2025-05-22T12:45;2025-05-22T13:00;52;EUR;MWh;NO;NO;106.67;-68.9;106.67;-68.9;2;UP_AND_DOWN
2025-05-22T13:00;2025-05-22T13:15;53;EUR;MWh;NO;NO;108.79;-42;108.79;-42;2;UP_AND_DOWN
2025-05-22T13:15;2025-05-22T13:30;54;EUR;MWh;NO;NO;97.99;-37.84;97.99;-37.84;2;UP_AND_DOWN
2025-05-22T13:30;2025-05-22T13:45;55;EUR;MWh;NO;NO;;-38.59;-38.59;-38.59;-1;DOWN
2025-05-22T13:45;2025-05-22T14:00;56;EUR;MWh;NO;NO;2;-30.1;2;2;1;UP
2025-05-22T14:00;2025-05-22T14:15;57;EUR;MWh;NO;NO;113.7;;113.7;113.7;1;UP
2025-05-22T14:15;2025-05-22T14:30;58;EUR;MWh;NO;NO;95.87;-97.6;-97.6;-97.6;-1;DOWN
2025-05-22T14:30;2025-05-22T14:45;59;EUR;MWh;NO;NO;125.6;-570.9;125.6;-570.9;2;UP_AND_DOWN
2025-05-22T14:45;2025-05-22T15:00;60;EUR;MWh;NO;NO;117.1;;117.1;117.1;1;UP
2025-05-22T15:00;2025-05-22T15:15;61;EUR;MWh;NO;NO;1;-30;39.99;-30;2;UP_AND_DOWN
2025-05-22T15:15;2025-05-22T15:30;62;EUR;MWh;NO;NO;1;-75;43.5;-75;2;UP_AND_DOWN
2025-05-22T15:30;2025-05-22T15:45;63;EUR;MWh;NO;NO;66.62;-67.89;66.62;-67.89;2;UP_AND_DOWN
2025-05-22T15:45;2025-05-22T16:00;64;EUR;MWh;NO;NO;76.56;-40;76.56;-40;2;UP_AND_DOWN
2025-05-22T16:00;2025-05-22T16:15;65;EUR;MWh;NO;NO;74.87;-27.19;74.87;-27.19;2;UP_AND_DOWN
2025-05-22T16:15;2025-05-22T16:30;66;EUR;MWh;NO;NO;81.67;-70.1;81.67;-70.1;2;UP_AND_DOWN
2025-05-22T16:30;2025-05-22T16:45;67;EUR;MWh;NO;NO;130.52;-27.39;130.52;-27.39;2;UP_AND_DOWN
2025-05-22T16:45;2025-05-22T17:00;68;EUR;MWh;NO;NO;130.62;69.57;69.57;69.57;-1;DOWN
2025-05-22T17:00;2025-05-22T17:15;69;EUR;MWh;NO;NO;58.56;-27.49;58.56;-27.49;2;UP_AND_DOWN
2025-05-22T17:15;2025-05-22T17:30;70;EUR;MWh;NO;NO;;18.57;18.57;18.57;-1;DOWN
2025-05-22T17:30;2025-05-22T17:45;71;EUR;MWh;NO;NO;173.62;-17.95;173.62;-17.95;2;UP_AND_DOWN
2025-05-22T17:45;2025-05-22T18:00;72;EUR;MWh;NO;NO;211.52;;211.52;211.52;1;UP
2025-05-22T18:00;2025-05-22T18:15;73;EUR;MWh;NO;NO;211.52;-24.74;-24.74;-24.74;-1;DOWN
2025-05-22T18:15;2025-05-22T18:30;74;EUR;MWh;NO;NO;170.98;-3.86;170.98;-3.86;2;UP_AND_DOWN
2025-05-22T18:30;2025-05-22T18:45;75;EUR;MWh;NO;NO;167.98;-2.76;167.98;-2.76;2;UP_AND_DOWN
2025-05-22T18:45;2025-05-22T19:00;76;EUR;MWh;NO;NO;104.98;-2.66;104.98;-2.66;2;UP_AND_DOWN
2025-05-22T19:00;2025-05-22T19:15;77;EUR;MWh;NO;NO;95;29.83;95;29.83;2;UP_AND_DOWN
2025-05-22T19:15;2025-05-22T19:30;78;EUR;MWh;NO;NO;88.56;9.83;88.56;9.83;2;UP_AND_DOWN
2025-05-22T19:30;2025-05-22T19:45;79;EUR;MWh;NO;NO;88.56;18;88.56;18;2;UP_AND_DOWN
2025-05-22T19:45;2025-05-22T20:00;80;EUR;MWh;NO;NO;;27.41;27.41;27.41;-1;DOWN
2025-05-22T20:00;2025-05-22T20:15;81;EUR;MWh;NO;NO;;-30;-30;-30;-1;DOWN
2025-05-22T20:15;2025-05-22T20:30;82;EUR;MWh;NO;NO;;65.58;65.58;65.58;-1;DOWN
2025-05-22T20:30;2025-05-22T20:45;83;EUR;MWh;NO;NO;49;69.83;69.83;69.83;-1;DOWN
2025-05-22T20:45;2025-05-22T21:00;84;EUR;MWh;NO;NO;158.22;82.41;158.22;158.22;1;UP
2025-05-22T21:00;2025-05-22T21:15;85;EUR;MWh;NO;NO;158.62;;158.62;158.62;1;UP
2025-05-22T21:15;2025-05-22T21:30;86;EUR;MWh;NO;NO;58.56;74.83;65.71;65.71;2;UP_AND_DOWN
2025-05-22T21:30;2025-05-22T21:45;87;EUR;MWh;NO;NO;130.02;;130.02;130.02;1;UP
2025-05-22T21:45;2025-05-22T22:00;88;EUR;MWh;NO;NO;78.56;59.83;78.56;59.83;2;UP_AND_DOWN
2025-05-22T22:00;2025-05-22T22:15;89;EUR;MWh;NO;NO;150;70.57;150;70.57;2;UP_AND_DOWN
2025-05-22T22:15;2025-05-22T22:30;90;EUR;MWh;NO;NO;97.98;70.57;70.57;70.57;-1;DOWN
2025-05-22T22:30;2025-05-22T22:45;91;EUR;MWh;NO;NO;;69.83;69.83;69.83;-1;DOWN
2025-05-22T22:45;2025-05-22T23:00;92;EUR;MWh;NO;NO;;62;62;62;-1;DOWN
2025-05-22T23:00;2025-05-22T23:15;93;EUR;MWh;NO;NO;;64.83;64.83;64.83;-1;DOWN
2025-05-22T23:15;2025-05-22T23:30;94;EUR;MWh;NO;NO;;45.98;45.98;45.98;-1;DOWN
2025-05-22T23:30;2025-05-22T23:45;95;EUR;MWh;NO;NO;;49;49;49;-1;DOWN
2025-05-22T23:45;2025-05-23T00:00;96;EUR;MWh;NO;NO;;10;10;10;-1;DOWN
2025-05-23T00:00;2025-05-23T00:15;1;EUR;MWh;NO;NO;;5.98;5.98;5.98;-1;DOWN
2025-05-23T00:15;2025-05-23T00:30;2;EUR;MWh;NO;NO;78.56;69;78.56;67.99;2;UP_AND_DOWN
2025-05-23T00:30;2025-05-23T00:45;3;EUR;MWh;NO;NO;116.6;75.63;116.6;70.99;2;UP_AND_DOWN
2025-05-23T00:45;2025-05-23T01:00;4;EUR;MWh;NO;NO;52;20.98;20.98;20.98;-1;DOWN
2025-05-23T01:00;2025-05-23T01:15;5;EUR;MWh;NO;NO;;20.98;20.98;20.98;-1;DOWN
2025-05-23T01:15;2025-05-23T01:30;6;EUR;MWh;NO;NO;;36;36;36;-1;DOWN
2025-05-23T01:30;2025-05-23T01:45;7;EUR;MWh;NO;NO;;44.98;44.98;44.98;-1;DOWN
2025-05-23T01:45;2025-05-23T02:00;8;EUR;MWh;NO;NO;;50.63;50.63;50.63;-1;DOWN
2025-05-23T02:00;2025-05-23T02:15;9;EUR;MWh;NO;NO;;45.63;45.63;45.63;-1;DOWN
2025-05-23T02:15;2025-05-23T02:30;10;EUR;MWh;NO;NO;;30.63;30.63;30.63;-1;DOWN
2025-05-23T02:30;2025-05-23T02:45;11;EUR;MWh;NO;NO;95;34.98;95;34.98;2;UP_AND_DOWN
2025-05-23T02:45;2025-05-23T03:00;12;EUR;MWh;NO;NO;65;40.63;71.49;40.63;2;UP_AND_DOWN
2025-05-23T03:00;2025-05-23T03:15;13;EUR;MWh;NO;NO;;40.63;40.63;40.63;-1;DOWN
2025-05-23T03:15;2025-05-23T03:30;14;EUR;MWh;NO;NO;57;50.63;50.63;50.63;-1;DOWN
2025-05-23T03:30;2025-05-23T03:45;15;EUR;MWh;NO;NO;128.4;80.98;128.4;72.27;2;UP_AND_DOWN
2025-05-23T03:45;2025-05-23T04:00;16;EUR;MWh;NO;NO;128.4;65.63;65.63;65.63;-1;DOWN
2025-05-23T04:00;2025-05-23T04:15;17;EUR;MWh;NO;NO;77;50;77;50;2;UP_AND_DOWN
2025-05-23T04:15;2025-05-23T04:30;18;EUR;MWh;NO;NO;;50;50;50;-1;DOWN
2025-05-23T04:30;2025-05-23T04:45;19;EUR;MWh;NO;NO;78.56;69.98;78.56;69.98;2;UP_AND_DOWN
2025-05-23T04:45;2025-05-23T05:00;20;EUR;MWh;NO;NO;78.56;;78.56;78.56;1;UP
2025-05-23T05:00;2025-05-23T05:15;21;EUR;MWh;NO;NO;78.56;42;42;42;-1;DOWN
2025-05-23T05:15;2025-05-23T05:30;22;EUR;MWh;NO;NO;;29.36;29.36;29.36;-1;DOWN
2025-05-23T05:30;2025-05-23T05:45;23;EUR;MWh;NO;NO;75;50;75;50;2;UP_AND_DOWN
2025-05-23T05:45;2025-05-23T06:00;24;EUR;MWh;NO;NO;68.56;57;57;57;-1;DOWN
2025-05-23T06:00;2025-05-23T06:15;25;EUR;MWh;NO;NO;130.4;25.5;130.4;25.5;2;UP_AND_DOWN
2025-05-23T06:15;2025-05-23T06:30;26;EUR;MWh;NO;NO;135.73;65.63;135.73;65.63;2;UP_AND_DOWN
2025-05-23T06:30;2025-05-23T06:45;27;EUR;MWh;NO;NO;;60.63;60.63;60.63;-1;DOWN
2025-05-23T06:45;2025-05-23T07:00;28;EUR;MWh;NO;NO;;64.45;64.45;64.45;-1;DOWN
2025-05-23T07:00;2025-05-23T07:15;29;EUR;MWh;NO;NO;58.56;80.98;80.98;80.98;-1;DOWN
2025-05-23T07:15;2025-05-23T07:30;30;EUR;MWh;NO;NO;68;;68;68;1;UP
2025-05-23T07:30;2025-05-23T07:45;31;EUR;MWh;NO;NO;69;;69;69;1;UP
2025-05-23T07:45;2025-05-23T08:00;32;EUR;MWh;NO;NO;68.56;30.9;68.56;30.9;2;UP_AND_DOWN
2025-05-23T08:00;2025-05-23T08:15;33;EUR;MWh;NO;NO;;-12.33;-12.33;-12.33;-1;DOWN
2025-05-23T08:15;2025-05-23T08:30;34;EUR;MWh;NO;NO;78.56;49;78.56;49;2;UP_AND_DOWN
2025-05-23T08:30;2025-05-23T08:45;35;EUR;MWh;NO;NO;;-17.41;-17.41;-17.41;-1;DOWN
2025-05-23T08:45;2025-05-23T09:00;36;EUR;MWh;NO;NO;;5.63;5.63;5.63;-1;DOWN
2025-05-23T09:00;2025-05-23T09:15;37;EUR;MWh;NO;NO;;10;10;10;-1;DOWN
2025-05-23T09:15;2025-05-23T09:30;38;EUR;MWh;NO;NO;;-13.2;-13.2;-13.2;-1;DOWN
2025-05-23T09:30;2025-05-23T09:45;39;EUR;MWh;NO;NO;;-10;-10;-10;-1;DOWN
2025-05-23T09:45;2025-05-23T10:00;40;EUR;MWh;NO;NO;;16;16;16;-1;DOWN
2025-05-23T10:00;2025-05-23T10:15;41;EUR;MWh;NO;NO;87;39.33;87;39.33;2;UP_AND_DOWN
2025-05-23T10:15;2025-05-23T10:30;42;EUR;MWh;NO;NO;116.9;59.33;116.9;59.33;2;UP_AND_DOWN
2025-05-23T10:30;2025-05-23T10:45;43;EUR;MWh;NO;NO;87;;87;87;1;UP
2025-05-23T10:45;2025-05-23T11:00;44;EUR;MWh;NO;NO;87;54.44;54.44;54.44;-1;DOWN
2025-05-23T11:00;2025-05-23T11:15;45;EUR;MWh;NO;NO;;-14.16;-14.16;-14.16;-1;DOWN
2025-05-23T11:15;2025-05-23T11:30;46;EUR;MWh;NO;NO;116.8;-14.16;116.8;116.8;1;UP
2025-05-23T11:30;2025-05-23T11:45;47;EUR;MWh;NO;NO;78.56;76;78.56;78.56;1;UP
2025-05-23T11:45;2025-05-23T12:00;48;EUR;MWh;NO;NO;78.56;10;10;10;-1;DOWN
2025-05-23T12:00;2025-05-23T12:15;49;EUR;MWh;NO;NO;;38.27;38.27;38.27;-1;DOWN
2025-05-23T12:15;2025-05-23T12:30;50;EUR;MWh;NO;NO;;10;10;10;-1;DOWN
2025-05-23T12:30;2025-05-23T12:45;51;EUR;MWh;NO;NO;;-14.04;-14.04;-14.04;-1;DOWN
2025-05-23T12:45;2025-05-23T13:00;52;EUR;MWh;NO;NO;;-31;-31;-31;-1;DOWN
2025-05-23T13:00;2025-05-23T13:15;53;EUR;MWh;NO;NO;;-31;-31;-31;-1;DOWN
2025-05-23T13:15;2025-05-23T13:30;54;EUR;MWh;NO;NO;;-16.48;-16.48;-16.48;-1;DOWN
2025-05-23T13:30;2025-05-23T13:45;55;EUR;MWh;NO;NO;;-31;-31;-31;-1;DOWN
2025-05-23T13:45;2025-05-23T14:00;56;EUR;MWh;NO;NO;;-40;-40;-40;-1;DOWN
2025-05-23T14:00;2025-05-23T14:15;57;EUR;MWh;NO;NO;;-30;-30;-30;-1;DOWN
2025-05-23T14:15;2025-05-23T14:30;58;EUR;MWh;NO;NO;46;-41;46;-41;2;UP_AND_DOWN
2025-05-23T14:30;2025-05-23T14:45;59;EUR;MWh;NO;NO;;-69.9;-69.9;-69.9;-1;DOWN
2025-05-23T14:45;2025-05-23T15:00;60;EUR;MWh;NO;NO;;-30;-30;-30;-1;DOWN
2025-05-23T15:00;2025-05-23T15:15;61;EUR;MWh;NO;NO;;-2.34;-2.34;-2.34;-1;DOWN
2025-05-23T15:15;2025-05-23T15:30;62;EUR;MWh;NO;NO;;-30;-30;-30;-1;DOWN
2025-05-23T15:30;2025-05-23T15:45;63;EUR;MWh;NO;NO;40;-3.23;40;40;1;UP
2025-05-23T15:45;2025-05-23T16:00;64;EUR;MWh;NO;NO;;-16.77;-16.77;-16.77;-1;DOWN
2025-05-23T16:00;2025-05-23T16:15;65;EUR;MWh;NO;NO;;-31;-31;-31;-1;DOWN
2025-05-23T16:15;2025-05-23T16:30;66;EUR;MWh;NO;NO;;-68.99;-68.99;-68.99;-1;DOWN
2025-05-23T16:30;2025-05-23T16:45;67;EUR;MWh;NO;NO;65;10;65;10;2;UP_AND_DOWN
2025-05-23T16:45;2025-05-23T17:00;68;EUR;MWh;NO;NO;65;-26.17;65;-26.17;2;UP_AND_DOWN
2025-05-23T17:00;2025-05-23T17:15;69;EUR;MWh;NO;NO;117.3;-26.17;117.3;117.3;1;UP
2025-05-23T17:15;2025-05-23T17:30;70;EUR;MWh;NO;NO;78.56;-30;78.56;-30;2;UP_AND_DOWN
2025-05-23T17:30;2025-05-23T17:45;71;EUR;MWh;NO;NO;160;-60;160;-60;2;UP_AND_DOWN
2025-05-23T17:45;2025-05-23T18:00;72;EUR;MWh;NO;NO;299;10;299;10;2;UP_AND_DOWN
2025-05-23T18:00;2025-05-23T18:15;73;EUR;MWh;NO;NO;;-8.78;-8.78;-8.78;-1;DOWN
2025-05-23T18:15;2025-05-23T18:30;74;EUR;MWh;NO;NO;;-30;-30;-30;-1;DOWN
2025-05-23T18:30;2025-05-23T18:45;75;EUR;MWh;NO;NO;50;-2.6;63.43;-2.6;2;UP_AND_DOWN
2025-05-23T18:45;2025-05-23T19:00;76;EUR;MWh;NO;NO;88.56;55;88.56;55;2;UP_AND_DOWN
2025-05-23T19:00;2025-05-23T19:15;77;EUR;MWh;NO;NO;117.2;;117.2;117.2;1;UP
2025-05-23T19:15;2025-05-23T19:30;78;EUR;MWh;NO;NO;159.89;;159.89;159.89;1;UP
2025-05-23T19:30;2025-05-23T19:45;79;EUR;MWh;NO;NO;125.9;;125.9;125.9;1;UP
2025-05-23T19:45;2025-05-23T20:00;80;EUR;MWh;NO;NO;116.8;;116.8;116.8;1;UP
2025-05-23T20:00;2025-05-23T20:15;81;EUR;MWh;NO;NO;116.8;;116.8;116.8;1;UP
2025-05-23T20:15;2025-05-23T20:30;82;EUR;MWh;NO;NO;116.9;;116.9;116.9;1;UP
2025-05-23T20:30;2025-05-23T20:45;83;EUR;MWh;NO;NO;116.9;;116.9;116.9;1;UP
2025-05-23T20:45;2025-05-23T21:00;84;EUR;MWh;NO;NO;89.69;;89.69;89.69;1;UP
2025-05-23T21:00;2025-05-23T21:15;85;EUR;MWh;NO;NO;104.69;90;104.69;104.69;1;UP
2025-05-23T21:15;2025-05-23T21:30;86;EUR;MWh;NO;NO;;69;69;69;-1;DOWN
2025-05-23T21:30;2025-05-23T21:45;87;EUR;MWh;NO;NO;;69;69;69;-1;DOWN
2025-05-23T21:45;2025-05-23T22:00;88;EUR;MWh;NO;NO;;69;69;69;-1;DOWN
2025-05-23T22:00;2025-05-23T22:15;89;EUR;MWh;NO;NO;;74.85;74.85;74.85;-1;DOWN
2025-05-23T22:15;2025-05-23T22:30;90;EUR;MWh;NO;NO;115.8;;115.8;115.8;1;UP
2025-05-23T22:30;2025-05-23T22:45;91;EUR;MWh;NO;NO;78.56;87;78.56;74;2;UP_AND_DOWN
2025-05-23T22:45;2025-05-23T23:00;92;EUR;MWh;NO;NO;;98;98;98;-1;DOWN
2025-05-23T23:00;2025-05-23T23:15;93;EUR;MWh;NO;NO;161.2;98;161.2;74;2;UP_AND_DOWN
2025-05-23T23:15;2025-05-23T23:30;94;EUR;MWh;NO;NO;134.69;;134.69;134.69;1;UP
2025-05-23T23:30;2025-05-23T23:45;95;EUR;MWh;NO;NO;140;;140;140;1;UP
2025-05-23T23:45;2025-05-24T00:00;96;EUR;MWh;NO;NO;94.69;76.98;94.69;74;2;UP_AND_DOWN
2025-05-24T00:00;2025-05-24T00:15;1;EUR;MWh;NO;NO;143.9;96;143.9;73.5;2;UP_AND_DOWN
2025-05-24T00:15;2025-05-24T00:30;2;EUR;MWh;NO;NO;106.98;64.45;106.98;64.45;2;UP_AND_DOWN
2025-05-24T00:30;2025-05-24T00:45;3;EUR;MWh;NO;NO;;55;55;55;-1;DOWN
2025-05-24T00:45;2025-05-24T01:00;4;EUR;MWh;NO;NO;116.98;63.98;116.98;63.98;2;UP_AND_DOWN
2025-05-24T01:00;2025-05-24T01:15;5;EUR;MWh;NO;NO;109.88;95;109.88;72;2;UP_AND_DOWN
2025-05-24T01:15;2025-05-24T01:30;6;EUR;MWh;NO;NO;109.88;58.45;58.45;58.45;-1;DOWN
2025-05-24T01:30;2025-05-24T01:45;7;EUR;MWh;NO;NO;;48;48;48;-1;DOWN
2025-05-24T01:45;2025-05-24T02:00;8;EUR;MWh;NO;NO;;48;48;48;-1;DOWN
2025-05-24T02:00;2025-05-24T02:15;9;EUR;MWh;NO;NO;;58.45;58.45;58.45;-1;DOWN
2025-05-24T02:15;2025-05-24T02:30;10;EUR;MWh;NO;NO;;58.45;58.45;58.45;-1;DOWN
2025-05-24T02:30;2025-05-24T02:45;11;EUR;MWh;NO;NO;;55;55;55;-1;DOWN
2025-05-24T02:45;2025-05-24T03:00;12;EUR;MWh;NO;NO;;42;42;42;-1;DOWN
2025-05-24T03:00;2025-05-24T03:15;13;EUR;MWh;NO;NO;58.56;10;63.49;10;2;UP_AND_DOWN
2025-05-24T03:15;2025-05-24T03:30;14;EUR;MWh;NO;NO;88.46;;88.46;88.46;1;UP
2025-05-24T03:30;2025-05-24T03:45;15;EUR;MWh;NO;NO;58.56;;58.56;58.56;1;UP
2025-05-24T03:45;2025-05-24T04:00;16;EUR;MWh;NO;NO;78.56;;78.56;78.56;1;UP
2025-05-24T04:00;2025-05-24T04:15;17;EUR;MWh;NO;NO;95;;95;95;1;UP
2025-05-24T04:15;2025-05-24T04:30;18;EUR;MWh;NO;NO;68.56;;68.56;68.56;1;UP
2025-05-24T04:30;2025-05-24T04:45;19;EUR;MWh;NO;NO;43;99;71;71;2;UP_AND_DOWN
2025-05-24T04:45;2025-05-24T05:00;20;EUR;MWh;NO;NO;48;-1;-1;-1;-1;DOWN
2025-05-24T05:00;2025-05-24T05:15;21;EUR;MWh;NO;NO;68.56;16.79;73.5;16.79;2;UP_AND_DOWN
2025-05-24T05:15;2025-05-24T05:30;22;EUR;MWh;NO;NO;88.46;8;88.46;8;2;UP_AND_DOWN
2025-05-24T05:30;2025-05-24T05:45;23;EUR;MWh;NO;NO;57;-3.06;73;-3.06;2;UP_AND_DOWN
2025-05-24T05:45;2025-05-24T06:00;24;EUR;MWh;NO;NO;59;-30;71.5;-30;2;UP_AND_DOWN
2025-05-24T06:00;2025-05-24T06:15;25;EUR;MWh;NO;NO;;-15.4;-15.4;-15.4;-1;DOWN
2025-05-24T06:15;2025-05-24T06:30;26;EUR;MWh;NO;NO;;11;11;11;-1;DOWN
2025-05-24T06:30;2025-05-24T06:45;27;EUR;MWh;NO;NO;;10;10;10;-1;DOWN
2025-05-24T06:45;2025-05-24T07:00;28;EUR;MWh;NO;NO;;-11.08;-11.08;-11.08;-1;DOWN
2025-05-24T07:00;2025-05-24T07:15;29;EUR;MWh;NO;NO;;-10.88;-10.88;-10.88;-1;DOWN
2025-05-24T07:15;2025-05-24T07:30;30;EUR;MWh;NO;NO;;-27.39;-27.39;-27.39;-1;DOWN
2025-05-24T07:30;2025-05-24T07:45;31;EUR;MWh;NO;NO;;-17.39;-17.39;-17.39;-1;DOWN
2025-05-24T07:45;2025-05-24T08:00;32;EUR;MWh;NO;NO;;-17.39;-17.39;-17.39;-1;DOWN
2025-05-24T08:00;2025-05-24T08:15;33;EUR;MWh;NO;NO;;-31;-31;-31;-1;DOWN
2025-05-24T08:15;2025-05-24T08:30;34;EUR;MWh;NO;NO;;-31.3;-31.3;-31.3;-1;DOWN
2025-05-24T08:30;2025-05-24T08:45;35;EUR;MWh;NO;NO;;-27.42;-27.42;-27.42;-1;DOWN
2025-05-24T08:45;2025-05-24T09:00;36;EUR;MWh;NO;NO;;-29.6;-29.6;-29.6;-1;DOWN
2025-05-24T09:00;2025-05-24T09:15;37;EUR;MWh;NO;NO;;-19.86;-19.86;-19.86;-1;DOWN
2025-05-24T09:15;2025-05-24T09:30;38;EUR;MWh;NO;NO;;-60;-60;-60;-1;DOWN
2025-05-24T09:30;2025-05-24T09:45;39;EUR;MWh;NO;NO;;-60;-60;-60;-1;DOWN
2025-05-24T09:45;2025-05-24T10:00;40;EUR;MWh;NO;NO;;-70;-70;-70;-1;DOWN
2025-05-24T10:00;2025-05-24T10:15;41;EUR;MWh;NO;NO;;-50;-50;-50;-1;DOWN
2025-05-24T10:15;2025-05-24T10:30;42;EUR;MWh;NO;NO;;-70.79;-70.79;-70.79;-1;DOWN
2025-05-24T10:30;2025-05-24T10:45;43;EUR;MWh;NO;NO;58.56;-385.63;58.56;-385.63;2;UP_AND_DOWN
2025-05-24T10:45;2025-05-24T11:00;44;EUR;MWh;NO;NO;58.56;-70;-70;-70;-1;DOWN
2025-05-24T11:00;2025-05-24T11:15;45;EUR;MWh;NO;NO;;-31;-31;-31;-1;DOWN
2025-05-24T11:15;2025-05-24T11:30;46;EUR;MWh;NO;NO;;10;10;10;-1;DOWN
2025-05-24T11:30;2025-05-24T11:45;47;EUR;MWh;NO;NO;;-11;-11;-11;-1;DOWN
2025-05-24T11:45;2025-05-24T12:00;48;EUR;MWh;NO;NO;40;10;10;10;-1;DOWN
2025-05-24T12:00;2025-05-24T12:15;49;EUR;MWh;NO;NO;;-77.31;-77.31;-77.31;-1;DOWN
2025-05-24T12:15;2025-05-24T12:30;50;EUR;MWh;NO;NO;;-70;-70;-70;-1;DOWN
2025-05-24T12:30;2025-05-24T12:45;51;EUR;MWh;NO;NO;;-67.7;-67.7;-67.7;-1;DOWN
2025-05-24T12:45;2025-05-24T13:00;52;EUR;MWh;NO;NO;;-45;-45;-45;-1;DOWN
2025-05-24T13:00;2025-05-24T13:15;53;EUR;MWh;NO;NO;;-42;-42;-42;-1;DOWN
2025-05-24T13:15;2025-05-24T13:30;54;EUR;MWh;NO;NO;;-47.76;-47.76;-47.76;-1;DOWN
2025-05-24T13:30;2025-05-24T13:45;55;EUR;MWh;NO;NO;;-59.8;-59.8;-59.8;-1;DOWN
2025-05-24T13:45;2025-05-24T14:00;56;EUR;MWh;NO;NO;;-31;-31;-31;-1;DOWN
2025-05-24T14:00;2025-05-24T14:15;57;EUR;MWh;NO;NO;;-28;-28;-28;-1;DOWN
2025-05-24T14:15;2025-05-24T14:30;58;EUR;MWh;NO;NO;;10;10;10;-1;DOWN
2025-05-24T14:30;2025-05-24T14:45;59;EUR;MWh;NO;NO;;-12.14;-12.14;-12.14;-1;DOWN
2025-05-24T14:45;2025-05-24T15:00;60;EUR;MWh;NO;NO;;-16.15;-16.15;-16.15;-1;DOWN
2025-05-24T15:00;2025-05-24T15:15;61;EUR;MWh;NO;NO;;-16.8;-16.8;-16.8;-1;DOWN
2025-05-24T15:15;2025-05-24T15:30;62;EUR;MWh;NO;NO;;-7.69;-7.69;-7.69;-1;DOWN
2025-05-24T15:30;2025-05-24T15:45;63;EUR;MWh;NO;NO;;-7.69;-7.69;-7.69;-1;DOWN
2025-05-24T15:45;2025-05-24T16:00;64;EUR;MWh;NO;NO;;-3.76;-3.76;-3.76;-1;DOWN
2025-05-24T16:00;2025-05-24T16:15;65;EUR;MWh;NO;NO;88.36;55.98;88.36;55.98;2;UP_AND_DOWN
2025-05-24T16:15;2025-05-24T16:30;66;EUR;MWh;NO;NO;41;-2.28;-2.28;-2.28;-1;DOWN
2025-05-24T16:30;2025-05-24T16:45;67;EUR;MWh;NO;NO;68.56;-2.28;68.56;68.56;1;UP
2025-05-24T16:45;2025-05-24T17:00;68;EUR;MWh;NO;NO;41;;41;41;1;UP
2025-05-24T17:00;2025-05-24T17:15;69;EUR;MWh;NO;NO;41;-42.1;-42.1;-42.1;-1;DOWN
2025-05-24T17:15;2025-05-24T17:30;70;EUR;MWh;NO;NO;115.7;-14.14;115.7;-14.14;2;UP_AND_DOWN
2025-05-24T17:30;2025-05-24T17:45;71;EUR;MWh;NO;NO;117.99;;117.99;117.99;1;UP
2025-05-24T17:45;2025-05-24T18:00;72;EUR;MWh;NO;NO;98.78;-2.87;98.78;-2.87;2;UP_AND_DOWN
2025-05-24T18:00;2025-05-24T18:15;73;EUR;MWh;NO;NO;124;48;124;48;2;UP_AND_DOWN
2025-05-24T18:15;2025-05-24T18:30;74;EUR;MWh;NO;NO;160;;160;160;1;UP
2025-05-24T18:30;2025-05-24T18:45;75;EUR;MWh;NO;NO;160;;160;160;1;UP
2025-05-24T18:45;2025-05-24T19:00;76;EUR;MWh;NO;NO;116;;116;116;1;UP
2025-05-24T19:00;2025-05-24T19:15;77;EUR;MWh;NO;NO;78.56;57.33;78.56;57.33;2;UP_AND_DOWN
2025-05-24T19:15;2025-05-24T19:30;78;EUR;MWh;NO;NO;99.88;76.98;99.88;73.5;2;UP_AND_DOWN
2025-05-24T19:30;2025-05-24T19:45;79;EUR;MWh;NO;NO;156.8;;156.8;156.8;1;UP
2025-05-24T19:45;2025-05-24T20:00;80;EUR;MWh;NO;NO;160;97;160;160;1;UP
2025-05-24T20:00;2025-05-24T20:15;81;EUR;MWh;NO;NO;160;23.33;23.33;23.33;-1;DOWN
2025-05-24T20:15;2025-05-24T20:30;82;EUR;MWh;NO;NO;78.56;10.7;78.56;10.7;2;UP_AND_DOWN
2025-05-24T20:30;2025-05-24T20:45;83;EUR;MWh;NO;NO;86.13;91;86.13;71;2;UP_AND_DOWN
2025-05-24T20:45;2025-05-24T21:00;84;EUR;MWh;NO;NO;;48;48;48;-1;DOWN
2025-05-24T21:00;2025-05-24T21:15;85;EUR;MWh;NO;NO;116;9.98;116;9.98;2;UP_AND_DOWN
2025-05-24T21:15;2025-05-24T21:30;86;EUR;MWh;NO;NO;96;32.98;96;32.98;2;UP_AND_DOWN
2025-05-24T21:30;2025-05-24T21:45;87;EUR;MWh;NO;NO;;9;9;9;-1;DOWN
2025-05-24T21:45;2025-05-24T22:00;88;EUR;MWh;NO;NO;;10;10;10;-1;DOWN
2025-05-24T22:00;2025-05-24T22:15;89;EUR;MWh;NO;NO;115.9;46.98;115.9;46.98;2;UP_AND_DOWN
2025-05-24T22:15;2025-05-24T22:30;90;EUR;MWh;NO;NO;56.06;52.98;63.49;52.98;2;UP_AND_DOWN
2025-05-24T22:30;2025-05-24T22:45;91;EUR;MWh;NO;NO;44;2;2;2;-1;DOWN
2025-05-24T22:45;2025-05-24T23:00;92;EUR;MWh;NO;NO;;-1.5;-1.5;-1.5;-1;DOWN
2025-05-24T23:00;2025-05-24T23:15;93;EUR;MWh;NO;NO;94;10;94;10;2;UP_AND_DOWN
2025-05-24T23:15;2025-05-24T23:30;94;EUR;MWh;NO;NO;94;-13.79;-13.79;-13.79;-1;DOWN
2025-05-24T23:30;2025-05-24T23:45;95;EUR;MWh;NO;NO;;-13.69;-13.69;-13.69;-1;DOWN
2025-05-24T23:45;2025-05-25T00:00;96;EUR;MWh;NO;NO;;-7;-7;-7;-1;DOWN
2025-05-25T00:00;2025-05-25T00:15;1;EUR;MWh;NO;NO;94.5;-18;94.5;-18;2;UP_AND_DOWN
2025-05-25T00:15;2025-05-25T00:30;2;EUR;MWh;NO;NO;96.98;-6;-6;-6;-1;DOWN
2025-05-25T00:30;2025-05-25T00:45;3;EUR;MWh;NO;NO;;-20;-20;-20;-1;DOWN
2025-05-25T00:45;2025-05-25T01:00;4;EUR;MWh;NO;NO;;13.57;13.57;13.57;-1;DOWN
2025-05-25T01:00;2025-05-25T01:15;5;EUR;MWh;NO;NO;;54.98;54.98;54.98;-1;DOWN
2025-05-25T01:15;2025-05-25T01:30;6;EUR;MWh;NO;NO;;78.98;78.98;78.98;-1;DOWN
2025-05-25T01:30;2025-05-25T01:45;7;EUR;MWh;NO;NO;;22;22;22;-1;DOWN
2025-05-25T01:45;2025-05-25T02:00;8;EUR;MWh;NO;NO;;22;22;22;-1;DOWN
2025-05-25T02:00;2025-05-25T02:15;9;EUR;MWh;NO;NO;;-25.52;-25.52;-25.52;-1;DOWN
2025-05-25T02:15;2025-05-25T02:30;10;EUR;MWh;NO;NO;;-30;-30;-30;-1;DOWN
2025-05-25T02:30;2025-05-25T02:45;11;EUR;MWh;NO;NO;;-24.9;-24.9;-24.9;-1;DOWN
2025-05-25T02:45;2025-05-25T03:00;12;EUR;MWh;NO;NO;;35;35;35;-1;DOWN
2025-05-25T03:00;2025-05-25T03:15;13;EUR;MWh;NO;NO;;-25.19;-25.19;-25.19;-1;DOWN
2025-05-25T03:15;2025-05-25T03:30;14;EUR;MWh;NO;NO;;54.98;54.98;54.98;-1;DOWN
2025-05-25T03:30;2025-05-25T03:45;15;EUR;MWh;NO;NO;;54.98;54.98;54.98;-1;DOWN
2025-05-25T03:45;2025-05-25T04:00;16;EUR;MWh;NO;NO;;78.98;78.98;78.98;-1;DOWN
2025-05-25T04:00;2025-05-25T04:15;17;EUR;MWh;NO;NO;;78.98;78.98;78.98;-1;DOWN
2025-05-25T04:15;2025-05-25T04:30;18;EUR;MWh;NO;NO;;78.98;78.98;78.98;-1;DOWN
2025-05-25T04:30;2025-05-25T04:45;19;EUR;MWh;NO;NO;;10;10;10;-1;DOWN
2025-05-25T04:45;2025-05-25T05:00;20;EUR;MWh;NO;NO;;78.98;78.98;78.98;-1;DOWN
2025-05-25T05:00;2025-05-25T05:15;21;EUR;MWh;NO;NO;45;78.98;78.98;78.98;-1;DOWN
2025-05-25T05:15;2025-05-25T05:30;22;EUR;MWh;NO;NO;80.51;;80.51;80.51;1;UP
2025-05-25T05:30;2025-05-25T05:45;23;EUR;MWh;NO;NO;;-1;-1;-1;-1;DOWN
2025-05-25T05:45;2025-05-25T06:00;24;EUR;MWh;NO;NO;;-17.7;-17.7;-17.7;-1;DOWN
2025-05-25T06:00;2025-05-25T06:15;25;EUR;MWh;NO;NO;;-30;-30;-30;-1;DOWN
2025-05-25T06:15;2025-05-25T06:30;26;EUR;MWh;NO;NO;;78.98;78.98;78.98;-1;DOWN
2025-05-25T06:30;2025-05-25T06:45;27;EUR;MWh;NO;NO;;10;10;10;-1;DOWN
2025-05-25T06:45;2025-05-25T07:00;28;EUR;MWh;NO;NO;;-16.21;-16.21;-16.21;-1;DOWN
2025-05-25T07:00;2025-05-25T07:15;29;EUR;MWh;NO;NO;;10;10;10;-1;DOWN
2025-05-25T07:15;2025-05-25T07:30;30;EUR;MWh;NO;NO;;-19.9;-19.9;-19.9;-1;DOWN
2025-05-25T07:30;2025-05-25T07:45;31;EUR;MWh;NO;NO;;-19.87;-19.87;-19.87;-1;DOWN
2025-05-25T07:45;2025-05-25T08:00;32;EUR;MWh;NO;NO;;-2.24;-2.24;-2.24;-1;DOWN
2025-05-25T08:00;2025-05-25T08:15;33;EUR;MWh;NO;NO;;-40;-40;-40;-1;DOWN
2025-05-25T08:15;2025-05-25T08:30;34;EUR;MWh;NO;NO;;-25;-25;-25;-1;DOWN
2025-05-25T08:30;2025-05-25T08:45;35;EUR;MWh;NO;NO;;-29.8;-29.8;-29.8;-1;DOWN
2025-05-25T08:45;2025-05-25T09:00;36;EUR;MWh;NO;NO;;-30;-30;-30;-1;DOWN
2025-05-25T09:00;2025-05-25T09:15;37;EUR;MWh;NO;NO;90.08;-30;90.08;-30;2;UP_AND_DOWN
2025-05-25T09:15;2025-05-25T09:30;38;EUR;MWh;NO;NO;62.38;;62.38;62.38;1;UP
2025-05-25T09:30;2025-05-25T09:45;39;EUR;MWh;NO;NO;62.38;13.57;13.57;13.57;-1;DOWN
2025-05-25T09:45;2025-05-25T10:00;40;EUR;MWh;NO;NO;78.56;13.57;78.56;13.57;2;UP_AND_DOWN
2025-05-25T10:00;2025-05-25T10:15;41;EUR;MWh;NO;NO;124.5;;124.5;124.5;1;UP
2025-05-25T10:15;2025-05-25T10:30;42;EUR;MWh;NO;NO;111.68;;111.68;111.68;1;UP
2025-05-25T10:30;2025-05-25T10:45;43;EUR;MWh;NO;NO;96.98;70.01;96.98;39.99;2;UP_AND_DOWN
2025-05-25T10:45;2025-05-25T11:00;44;EUR;MWh;NO;NO;1;-60;-60;-60;-1;DOWN
2025-05-25T11:00;2025-05-25T11:15;45;EUR;MWh;NO;NO;;-60;-60;-60;-1;DOWN
2025-05-25T11:15;2025-05-25T11:30;46;EUR;MWh;NO;NO;;-56.1;-56.1;-56.1;-1;DOWN
2025-05-25T11:30;2025-05-25T11:45;47;EUR;MWh;NO;NO;;-60;-60;-60;-1;DOWN
2025-05-25T11:45;2025-05-25T12:00;48;EUR;MWh;NO;NO;;-60;-60;-60;-1;DOWN
2025-05-25T12:00;2025-05-25T12:15;49;EUR;MWh;NO;NO;1;-70.59;39.99;-70.59;2;UP_AND_DOWN
2025-05-25T12:15;2025-05-25T12:30;50;EUR;MWh;NO;NO;;-70;-70;-70;-1;DOWN
2025-05-25T12:30;2025-05-25T12:45;51;EUR;MWh;NO;NO;51;-45;51;-45;2;UP_AND_DOWN
2025-05-25T12:45;2025-05-25T13:00;52;EUR;MWh;NO;NO;;-56.53;-56.53;-56.53;-1;DOWN
2025-05-25T13:00;2025-05-25T13:15;53;EUR;MWh;NO;NO;80.79;-42;80.79;-42;2;UP_AND_DOWN
2025-05-25T13:15;2025-05-25T13:30;54;EUR;MWh;NO;NO;66.9;-42;66.9;-42;2;UP_AND_DOWN
2025-05-25T13:30;2025-05-25T13:45;55;EUR;MWh;NO;NO;99.44;-42;99.44;-42;2;UP_AND_DOWN
2025-05-25T13:45;2025-05-25T14:00;56;EUR;MWh;NO;NO;58.56;-27.39;58.56;-27.39;2;UP_AND_DOWN
2025-05-25T14:00;2025-05-25T14:15;57;EUR;MWh;NO;NO;;-60;-60;-60;-1;DOWN
2025-05-25T14:15;2025-05-25T14:30;58;EUR;MWh;NO;NO;1;-42;-42;-42;-1;DOWN
2025-05-25T14:30;2025-05-25T14:45;59;EUR;MWh;NO;NO;99.3;-42;99.3;99.3;1;UP
2025-05-25T14:45;2025-05-25T15:00;60;EUR;MWh;NO;NO;1;-21.91;39.99;-21.91;2;UP_AND_DOWN
2025-05-25T15:00;2025-05-25T15:15;61;EUR;MWh;NO;NO;101.55;-45;101.55;-45;2;UP_AND_DOWN
2025-05-25T15:15;2025-05-25T15:30;62;EUR;MWh;NO;NO;78.56;-56.2;78.56;-56.2;2;UP_AND_DOWN
2025-05-25T15:30;2025-05-25T15:45;63;EUR;MWh;NO;NO;58.56;-30;58.56;-30;2;UP_AND_DOWN
2025-05-25T15:45;2025-05-25T16:00;64;EUR;MWh;NO;NO;86.56;-30;86.56;86.56;1;UP
2025-05-25T16:00;2025-05-25T16:15;65;EUR;MWh;NO;NO;72.75;10;10;10;-1;DOWN
2025-05-25T16:15;2025-05-25T16:30;66;EUR;MWh;NO;NO;47;-1;47;-1;2;UP_AND_DOWN
2025-05-25T16:30;2025-05-25T16:45;67;EUR;MWh;NO;NO;100.98;54.98;100.98;39.99;2;UP_AND_DOWN
2025-05-25T16:45;2025-05-25T17:00;68;EUR;MWh;NO;NO;111.98;;111.98;111.98;1;UP
2025-05-25T17:00;2025-05-25T17:15;69;EUR;MWh;NO;NO;56;-100;56;-100;2;UP_AND_DOWN
2025-05-25T17:15;2025-05-25T17:30;70;EUR;MWh;NO;NO;;-42;-42;-42;-1;DOWN
2025-05-25T17:30;2025-05-25T17:45;71;EUR;MWh;NO;NO;63;36.88;63;36.88;2;UP_AND_DOWN
2025-05-25T17:45;2025-05-25T18:00;72;EUR;MWh;NO;NO;150;;150;150;1;UP
2025-05-25T18:00;2025-05-25T18:15;73;EUR;MWh;NO;NO;150;;150;150;1;UP
2025-05-25T18:15;2025-05-25T18:30;74;EUR;MWh;NO;NO;160;;160;160;1;UP
2025-05-25T18:30;2025-05-25T18:45;75;EUR;MWh;NO;NO;160;;160;160;1;UP
2025-05-25T18:45;2025-05-25T19:00;76;EUR;MWh;NO;NO;116.8;;116.8;116.8;1;UP
2025-05-25T19:00;2025-05-25T19:15;77;EUR;MWh;NO;NO;156.2;;156.2;156.2;1;UP
2025-05-25T19:15;2025-05-25T19:30;78;EUR;MWh;NO;NO;160;;160;160;1;UP
2025-05-25T19:30;2025-05-25T19:45;79;EUR;MWh;NO;NO;160;;160;160;1;UP
2025-05-25T19:45;2025-05-25T20:00;80;EUR;MWh;NO;NO;116.7;;116.7;116.7;1;UP
2025-05-25T20:00;2025-05-25T20:15;81;EUR;MWh;NO;NO;78.56;96;78.56;78.56;1;UP
2025-05-25T20:15;2025-05-25T20:30;82;EUR;MWh;NO;NO;78.56;;78.56;78.56;1;UP
2025-05-25T20:30;2025-05-25T20:45;83;EUR;MWh;NO;NO;48;96;96;96;-1;DOWN
2025-05-25T20:45;2025-05-25T21:00;84;EUR;MWh;NO;NO;;63.17;63.17;63.17;-1;DOWN
2025-05-25T21:00;2025-05-25T21:15;85;EUR;MWh;NO;NO;;76.98;76.98;76.98;-1;DOWN
2025-05-25T21:15;2025-05-25T21:30;86;EUR;MWh;NO;NO;;91;91;91;-1;DOWN
2025-05-25T21:30;2025-05-25T21:45;87;EUR;MWh;NO;NO;;78.98;78.98;78.98;-1;DOWN
2025-05-25T21:45;2025-05-25T22:00;88;EUR;MWh;NO;NO;;68;68;68;-1;DOWN
2025-05-25T22:00;2025-05-25T22:15;89;EUR;MWh;NO;NO;102.98;68;102.98;68;2;UP_AND_DOWN
2025-05-25T22:15;2025-05-25T22:30;90;EUR;MWh;NO;NO;88.56;96;88.56;77.28;2;UP_AND_DOWN
2025-05-25T22:30;2025-05-25T22:45;91;EUR;MWh;NO;NO;78.56;;78.56;78.56;1;UP
2025-05-25T22:45;2025-05-25T23:00;92;EUR;MWh;NO;NO;58.56;68;78.78;68;2;UP_AND_DOWN
2025-05-25T23:00;2025-05-25T23:15;93;EUR;MWh;NO;NO;58.56;68;68;68;-1;DOWN
2025-05-25T23:15;2025-05-25T23:30;94;EUR;MWh;NO;NO;157.8;68;157.8;68;2;UP_AND_DOWN
2025-05-25T23:30;2025-05-25T23:45;95;EUR;MWh;NO;NO;58.56;63.17;73.5;63.17;2;UP_AND_DOWN
2025-05-25T23:45;2025-05-26T00:00;96;EUR;MWh;NO;NO;116.3;57.17;116.3;57.17;2;UP_AND_DOWN
2025-05-26T00:00;2025-05-26T00:15;1;EUR;MWh;NO;NO;113.78;54.98;113.78;54.98;2;UP_AND_DOWN
2025-05-26T00:15;2025-05-26T00:30;2;EUR;MWh;NO;NO;116.3;;116.3;116.3;1;UP
2025-05-26T00:30;2025-05-26T00:45;3;EUR;MWh;NO;NO;106.98;97;106.98;73.5;2;UP_AND_DOWN
2025-05-26T00:45;2025-05-26T01:00;4;EUR;MWh;NO;NO;;48;48;48;-1;DOWN
2025-05-26T01:00;2025-05-26T01:15;5;EUR;MWh;NO;NO;116.3;63.17;116.3;63.17;2;UP_AND_DOWN
2025-05-26T01:15;2025-05-26T01:30;6;EUR;MWh;NO;NO;111.9;70.17;111.9;70.17;2;UP_AND_DOWN
2025-05-26T01:30;2025-05-26T01:45;7;EUR;MWh;NO;NO;111.9;68;68;68;-1;DOWN
2025-05-26T01:45;2025-05-26T02:00;8;EUR;MWh;NO;NO;;70.17;70.17;70.17;-1;DOWN
2025-05-26T02:00;2025-05-26T02:15;9;EUR;MWh;NO;NO;111.9;85;111.9;111.9;1;UP
2025-05-26T02:15;2025-05-26T02:30;10;EUR;MWh;NO;NO;116.3;;116.3;116.3;1;UP
2025-05-26T02:30;2025-05-26T02:45;11;EUR;MWh;NO;NO;112;;112;112;1;UP
2025-05-26T02:45;2025-05-26T03:00;12;EUR;MWh;NO;NO;58.56;75;63.49;63.49;2;UP_AND_DOWN
2025-05-26T03:00;2025-05-26T03:15;13;EUR;MWh;NO;NO;108.17;75;108.17;65;2;UP_AND_DOWN
2025-05-26T03:15;2025-05-26T03:30;14;EUR;MWh;NO;NO;112.4;54.98;112.4;54.98;2;UP_AND_DOWN
2025-05-26T03:30;2025-05-26T03:45;15;EUR;MWh;NO;NO;;54.98;54.98;54.98;-1;DOWN
2025-05-26T03:45;2025-05-26T04:00;16;EUR;MWh;NO;NO;78.56;79;78.56;72.5;2;UP_AND_DOWN
2025-05-26T04:00;2025-05-26T04:15;17;EUR;MWh;NO;NO;150;79;150;150;1;UP
2025-05-26T04:15;2025-05-26T04:30;18;EUR;MWh;NO;NO;157.9;;157.9;157.9;1;UP
2025-05-26T04:30;2025-05-26T04:45;19;EUR;MWh;NO;NO;160;;160;160;1;UP
2025-05-26T04:45;2025-05-26T05:00;20;EUR;MWh;NO;NO;158;;158;158;1;UP
2025-05-26T05:00;2025-05-26T05:15;21;EUR;MWh;NO;NO;112.7;;112.7;112.7;1;UP
2025-05-26T05:15;2025-05-26T05:30;22;EUR;MWh;NO;NO;140;;140;140;1;UP
2025-05-26T05:30;2025-05-26T05:45;23;EUR;MWh;NO;NO;160;;160;160;1;UP
2025-05-26T05:45;2025-05-26T06:00;24;EUR;MWh;NO;NO;175.98;;175.98;175.98;1;UP
2025-05-26T06:00;2025-05-26T06:15;25;EUR;MWh;NO;NO;164.98;;164.98;164.98;1;UP
2025-05-26T06:15;2025-05-26T06:30;26;EUR;MWh;NO;NO;167.98;;167.98;167.98;1;UP
2025-05-26T06:30;2025-05-26T06:45;27;EUR;MWh;NO;NO;158.1;;158.1;158.1;1;UP
2025-05-26T06:45;2025-05-26T07:00;28;EUR;MWh;NO;NO;137.59;;137.59;137.59;1;UP
2025-05-26T07:00;2025-05-26T07:15;29;EUR;MWh;NO;NO;140;;140;140;1;UP
2025-05-26T07:15;2025-05-26T07:30;30;EUR;MWh;NO;NO;131;;131;131;1;UP
2025-05-26T07:30;2025-05-26T07:45;31;EUR;MWh;NO;NO;113.98;;113.98;113.98;1;UP
2025-05-26T07:45;2025-05-26T08:00;32;EUR;MWh;NO;NO;116.2;;116.2;116.2;1;UP
2025-05-26T08:00;2025-05-26T08:15;33;EUR;MWh;NO;NO;90;92.37;90;90;1;UP
2025-05-26T08:15;2025-05-26T08:30;34;EUR;MWh;NO;NO;90;23.2;23.2;23.2;-1;DOWN
2025-05-26T08:30;2025-05-26T08:45;35;EUR;MWh;NO;NO;;-1.34;-1.34;-1.34;-1;DOWN
2025-05-26T08:45;2025-05-26T09:00;36;EUR;MWh;NO;NO;;-12.24;-12.24;-12.24;-1;DOWN
2025-05-26T09:00;2025-05-26T09:15;37;EUR;MWh;NO;NO;124.6;-30;124.6;-30;2;UP_AND_DOWN
2025-05-26T09:15;2025-05-26T09:30;38;EUR;MWh;NO;NO;88.56;-1;88.56;-1;2;UP_AND_DOWN
2025-05-26T09:30;2025-05-26T09:45;39;EUR;MWh;NO;NO;97.88;-13.3;97.88;-13.3;2;UP_AND_DOWN
2025-05-26T09:45;2025-05-26T10:00;40;EUR;MWh;NO;NO;58.46;-1;63.49;-1;2;UP_AND_DOWN
2025-05-26T10:00;2025-05-26T10:15;41;EUR;MWh;NO;NO;160;78.98;160;54.49;2;UP_AND_DOWN
2025-05-26T10:15;2025-05-26T10:30;42;EUR;MWh;NO;NO;150;;150;150;1;UP
2025-05-26T10:30;2025-05-26T10:45;43;EUR;MWh;NO;NO;160;;160;160;1;UP
2025-05-26T10:45;2025-05-26T11:00;44;EUR;MWh;NO;NO;78.56;78.98;78.56;54.49;2;UP_AND_DOWN
2025-05-26T11:00;2025-05-26T11:15;45;EUR;MWh;NO;NO;174.98;;174.98;174.98;1;UP
2025-05-26T11:15;2025-05-26T11:30;46;EUR;MWh;NO;NO;160;;160;160;1;UP
2025-05-26T11:30;2025-05-26T11:45;47;EUR;MWh;NO;NO;160;;160;160;1;UP
2025-05-26T11:45;2025-05-26T12:00;48;EUR;MWh;NO;NO;111.5;32.38;32.38;32.38;-1;DOWN
2025-05-26T12:00;2025-05-26T12:15;49;EUR;MWh;NO;NO;30;-30;-30;-30;-1;DOWN
2025-05-26T12:15;2025-05-26T12:30;50;EUR;MWh;NO;NO;;-50;-50;-50;-1;DOWN
2025-05-26T12:30;2025-05-26T12:45;51;EUR;MWh;NO;NO;67.92;10;67.92;10;2;UP_AND_DOWN
2025-05-26T12:45;2025-05-26T13:00;52;EUR;MWh;NO;NO;;-29.9;-29.9;-29.9;-1;DOWN
2025-05-26T13:00;2025-05-26T13:15;53;EUR;MWh;NO;NO;95.98;-30;95.98;-30;2;UP_AND_DOWN
2025-05-26T13:15;2025-05-26T13:30;54;EUR;MWh;NO;NO;61.9;-40.99;61.9;-40.99;2;UP_AND_DOWN
2025-05-26T13:30;2025-05-26T13:45;55;EUR;MWh;NO;NO;;-27.49;-27.49;-27.49;-1;DOWN
2025-05-26T13:45;2025-05-26T14:00;56;EUR;MWh;NO;NO;;6.07;6.07;6.07;-1;DOWN
2025-05-26T14:00;2025-05-26T14:15;57;EUR;MWh;NO;NO;;10;10;10;-1;DOWN
2025-05-26T14:15;2025-05-26T14:30;58;EUR;MWh;NO;NO;;7.99;7.99;7.99;-1;DOWN
2025-05-26T14:30;2025-05-26T14:45;59;EUR;MWh;NO;NO;;40;40;40;-1;DOWN
2025-05-26T14:45;2025-05-26T15:00;60;EUR;MWh;NO;NO;;-30;-30;-30;-1;DOWN
2025-05-26T15:00;2025-05-26T15:15;61;EUR;MWh;NO;NO;78.56;-30;78.56;-30;2;UP_AND_DOWN
2025-05-26T15:15;2025-05-26T15:30;62;EUR;MWh;NO;NO;68.56;-45;-45;-45;-1;DOWN
2025-05-26T15:30;2025-05-26T15:45;63;EUR;MWh;NO;NO;;-5.97;-5.97;-5.97;-1;DOWN
2025-05-26T15:45;2025-05-26T16:00;64;EUR;MWh;NO;NO;;-42.78;-42.78;-42.78;-1;DOWN
2025-05-26T16:00;2025-05-26T16:15;65;EUR;MWh;NO;NO;158;-30;158;-30;2;UP_AND_DOWN
2025-05-26T16:15;2025-05-26T16:30;66;EUR;MWh;NO;NO;162.98;-158.03;162.98;-158.03;2;UP_AND_DOWN
2025-05-26T16:30;2025-05-26T16:45;67;EUR;MWh;NO;NO;150;-59.4;150;-59.4;2;UP_AND_DOWN
2025-05-26T16:45;2025-05-26T17:00;68;EUR;MWh;NO;NO;;-60;-60;-60;-1;DOWN
2025-05-26T17:00;2025-05-26T17:15;69;EUR;MWh;NO;NO;137.12;-110;137.12;-110;2;UP_AND_DOWN
2025-05-26T17:15;2025-05-26T17:30;70;EUR;MWh;NO;NO;156.6;-74.9;156.6;-74.9;2;UP_AND_DOWN
2025-05-26T17:30;2025-05-26T17:45;71;EUR;MWh;NO;NO;;-90;-90;-90;-1;DOWN
2025-05-26T17:45;2025-05-26T18:00;72;EUR;MWh;NO;NO;;-29.8;-29.8;-29.8;-1;DOWN
2025-05-26T18:00;2025-05-26T18:15;73;EUR;MWh;NO;NO;;-14.04;-14.04;-14.04;-1;DOWN
2025-05-26T18:15;2025-05-26T18:30;74;EUR;MWh;NO;NO;;-27.29;-27.29;-27.29;-1;DOWN
2025-05-26T18:30;2025-05-26T18:45;75;EUR;MWh;NO;NO;78.56;-30;-30;-30;-1;DOWN
2025-05-26T18:45;2025-05-26T19:00;76;EUR;MWh;NO;NO;94;-30;94;-30;2;UP_AND_DOWN
2025-05-26T19:00;2025-05-26T19:15;77;EUR;MWh;NO;NO;58.56;10;10;10;-1;DOWN
2025-05-26T19:15;2025-05-26T19:30;78;EUR;MWh;NO;NO;;16;16;16;-1;DOWN
2025-05-26T19:30;2025-05-26T19:45;79;EUR;MWh;NO;NO;99;18.66;99;18.66;2;UP_AND_DOWN
2025-05-26T19:45;2025-05-26T20:00;80;EUR;MWh;NO;NO;133.98;18.66;133.98;133.98;1;UP
2025-05-26T20:00;2025-05-26T20:15;81;EUR;MWh;NO;NO;109.98;-2.53;109.98;-2.53;2;UP_AND_DOWN
2025-05-26T20:15;2025-05-26T20:30;82;EUR;MWh;NO;NO;;8.66;8.66;8.66;-1;DOWN
2025-05-26T20:30;2025-05-26T20:45;83;EUR;MWh;NO;NO;;60.98;60.98;60.98;-1;DOWN
2025-05-26T20:45;2025-05-26T21:00;84;EUR;MWh;NO;NO;;70.98;70.98;70.98;-1;DOWN
2025-05-26T21:00;2025-05-26T21:15;85;EUR;MWh;NO;NO;112.2;;112.2;112.2;1;UP
2025-05-26T21:15;2025-05-26T21:30;86;EUR;MWh;NO;NO;112.3;;112.3;112.3;1;UP
2025-05-26T21:30;2025-05-26T21:45;87;EUR;MWh;NO;NO;133.98;73.66;133.98;68.77;2;UP_AND_DOWN
2025-05-26T21:45;2025-05-26T22:00;88;EUR;MWh;NO;NO;112.4;73.66;112.4;68.77;2;UP_AND_DOWN
2025-05-26T22:00;2025-05-26T22:15;89;EUR;MWh;NO;NO;164.98;;164.98;164.98;1;UP
2025-05-26T22:15;2025-05-26T22:30;90;EUR;MWh;NO;NO;124.6;76.66;124.6;67.61;2;UP_AND_DOWN
2025-05-26T22:30;2025-05-26T22:45;91;EUR;MWh;NO;NO;116.4;;116.4;116.4;1;UP
2025-05-26T22:45;2025-05-26T23:00;92;EUR;MWh;NO;NO;58.56;22;22;22;-1;DOWN
2025-05-26T23:00;2025-05-26T23:15;93;EUR;MWh;NO;NO;88.75;.7;88.75;88.75;1;UP
2025-05-26T23:15;2025-05-26T23:30;94;EUR;MWh;NO;NO;88.56;;88.56;88.56;1;UP
2025-05-26T23:30;2025-05-26T23:45;95;EUR;MWh;NO;NO;88.56;63.25;88.56;59.13;2;UP_AND_DOWN
2025-05-26T23:45;2025-05-27T00:00;96;EUR;MWh;NO;NO;;.7;.7;.7;-1;DOWN
2025-05-27T00:00;2025-05-27T00:15;1;EUR;MWh;NO;NO;140;-11.06;140;-11.06;2;UP_AND_DOWN
2025-05-27T00:15;2025-05-27T00:30;2;EUR;MWh;NO;NO;125;;125;125;1;UP
2025-05-27T00:30;2025-05-27T00:45;3;EUR;MWh;NO;NO;125;48;48;48;-1;DOWN
2025-05-27T00:45;2025-05-27T01:00;4;EUR;MWh;NO;NO;58.56;;0;0;-1;DOWN
2025-05-27T01:00;2025-05-27T01:15;5;EUR;MWh;NO;NO;;9.57;9.57;9.57;-1;DOWN
2025-05-27T01:15;2025-05-27T01:30;6;EUR;MWh;NO;NO;55.96;10;61.57;10;2;UP_AND_DOWN
2025-05-27T01:30;2025-05-27T01:45;7;EUR;MWh;NO;NO;;10;10;10;-1;DOWN
2025-05-27T01:45;2025-05-27T02:00;8;EUR;MWh;NO;NO;;9.57;9.57;9.57;-1;DOWN
2025-05-27T02:00;2025-05-27T02:15;9;EUR;MWh;NO;NO;95;9.57;95;9.57;2;UP_AND_DOWN
2025-05-27T02:15;2025-05-27T02:30;10;EUR;MWh;NO;NO;89.47;;89.47;89.47;1;UP
2025-05-27T02:30;2025-05-27T02:45;11;EUR;MWh;NO;NO;89.47;75.14;75.14;75.14;-1;DOWN
2025-05-27T02:45;2025-05-27T03:00;12;EUR;MWh;NO;NO;50.36;10;10;10;-1;DOWN
2025-05-27T03:00;2025-05-27T03:15;13;EUR;MWh;NO;NO;;-2.53;-2.53;-2.53;-1;DOWN
2025-05-27T03:15;2025-05-27T03:30;14;EUR;MWh;NO;NO;;7.22;7.22;7.22;-1;DOWN
2025-05-27T03:30;2025-05-27T03:45;15;EUR;MWh;NO;NO;;3.15;3.15;3.15;-1;DOWN
2025-05-27T03:45;2025-05-27T04:00;16;EUR;MWh;NO;NO;;9.57;9.57;9.57;-1;DOWN
2025-05-27T04:00;2025-05-27T04:15;17;EUR;MWh;NO;NO;;-5.88;-5.88;-5.88;-1;DOWN
2025-05-27T04:15;2025-05-27T04:30;18;EUR;MWh;NO;NO;;-19.1;-19.1;-19.1;-1;DOWN
2025-05-27T04:30;2025-05-27T04:45;19;EUR;MWh;NO;NO;;-25;-25;-25;-1;DOWN
2025-05-27T04:45;2025-05-27T05:00;20;EUR;MWh;NO;NO;;-30;-30;-30;-1;DOWN
2025-05-27T05:00;2025-05-27T05:15;21;EUR;MWh;NO;NO;;-14.83;-14.83;-14.83;-1;DOWN
2025-05-27T05:15;2025-05-27T05:30;22;EUR;MWh;NO;NO;;-8.57;-8.57;-8.57;-1;DOWN
2025-05-27T05:30;2025-05-27T05:45;23;EUR;MWh;NO;NO;;9.57;9.57;9.57;-1;DOWN
2025-05-27T05:45;2025-05-27T06:00;24;EUR;MWh;NO;NO;;-31.42;-31.42;-31.42;-1;DOWN
2025-05-27T06:00;2025-05-27T06:15;25;EUR;MWh;NO;NO;115.8;-30;115.8;-30;2;UP_AND_DOWN
2025-05-27T06:15;2025-05-27T06:30;26;EUR;MWh;NO;NO;94;-30;94;-30;2;UP_AND_DOWN
2025-05-27T06:30;2025-05-27T06:45;27;EUR;MWh;NO;NO;;-30;-30;-30;-1;DOWN
2025-05-27T06:45;2025-05-27T07:00;28;EUR;MWh;NO;NO;;-23.03;-23.03;-23.03;-1;DOWN
2025-05-27T07:00;2025-05-27T07:15;29;EUR;MWh;NO;NO;58.56;-12.95;61.57;-12.95;2;UP_AND_DOWN
2025-05-27T07:15;2025-05-27T07:30;30;EUR;MWh;NO;NO;68.56;9.57;68.56;9.57;2;UP_AND_DOWN
2025-05-27T07:30;2025-05-27T07:45;31;EUR;MWh;NO;NO;124.1;-20.6;124.1;-20.6;2;UP_AND_DOWN
2025-05-27T07:45;2025-05-27T08:00;32;EUR;MWh;NO;NO;87.47;75.14;87.47;61.57;2;UP_AND_DOWN
2025-05-27T08:00;2025-05-27T08:15;33;EUR;MWh;NO;NO;68.35;-20.1;68.35;-20.1;2;UP_AND_DOWN
2025-05-27T08:15;2025-05-27T08:30;34;EUR;MWh;NO;NO;107.47;-20.1;107.47;-20.1;2;UP_AND_DOWN
2025-05-27T08:30;2025-05-27T08:45;35;EUR;MWh;NO;NO;113.7;-19.87;113.7;-19.87;2;UP_AND_DOWN
2025-05-27T08:45;2025-05-27T09:00;36;EUR;MWh;NO;NO;78.56;-20.1;78.56;-20.1;2;UP_AND_DOWN
2025-05-27T09:00;2025-05-27T09:15;37;EUR;MWh;NO;NO;150;-32.95;150;-32.95;2;UP_AND_DOWN
2025-05-27T09:15;2025-05-27T09:30;38;EUR;MWh;NO;NO;124.47;-30;124.47;-30;2;UP_AND_DOWN
2025-05-27T09:30;2025-05-27T09:45;39;EUR;MWh;NO;NO;;-32.54;-32.54;-32.54;-1;DOWN
2025-05-27T09:45;2025-05-27T10:00;40;EUR;MWh;NO;NO;84.47;-32.95;84.47;-32.95;2;UP_AND_DOWN
2025-05-27T10:00;2025-05-27T10:15;41;EUR;MWh;NO;NO;69.44;-33.04;69.44;-33.04;2;UP_AND_DOWN
2025-05-27T10:15;2025-05-27T10:30;42;EUR;MWh;NO;NO;69.44;-55;-55;-55;-1;DOWN
2025-05-27T10:30;2025-05-27T10:45;43;EUR;MWh;NO;NO;89.47;-55;89.47;-55;2;UP_AND_DOWN
2025-05-27T10:45;2025-05-27T11:00;44;EUR;MWh;NO;NO;89.47;-24.33;-24.33;-24.33;-1;DOWN
2025-05-27T11:00;2025-05-27T11:15;45;EUR;MWh;NO;NO;101.47;-24.06;101.47;-24.06;2;UP_AND_DOWN
2025-05-27T11:15;2025-05-27T11:30;46;EUR;MWh;NO;NO;94;-4.62;94;94;1;UP
2025-05-27T11:30;2025-05-27T11:45;47;EUR;MWh;NO;NO;100.47;40.01;100.47;100.47;1;UP
2025-05-27T11:45;2025-05-27T12:00;48;EUR;MWh;NO;NO;64.89;-41.72;64.89;-41.72;2;UP_AND_DOWN
2025-05-27T12:00;2025-05-27T12:15;49;EUR;MWh;NO;NO;95;-50;95;-50;2;UP_AND_DOWN
2025-05-27T12:15;2025-05-27T12:30;50;EUR;MWh;NO;NO;89;-30.73;89;-30.73;2;UP_AND_DOWN
2025-05-27T12:30;2025-05-27T12:45;51;EUR;MWh;NO;NO;78.56;-42.22;78.56;-42.22;2;UP_AND_DOWN
2025-05-27T12:45;2025-05-27T13:00;52;EUR;MWh;NO;NO;56.08;-102.54;-102.54;-102.54;-1;DOWN
2025-05-27T13:00;2025-05-27T13:15;53;EUR;MWh;NO;NO;;-221.11;-221.11;-221.11;-1;DOWN
2025-05-27T13:15;2025-05-27T13:30;54;EUR;MWh;NO;NO;;-101.32;-101.32;-101.32;-1;DOWN
2025-05-27T13:30;2025-05-27T13:45;55;EUR;MWh;NO;NO;;-70;-70;-70;-1;DOWN
2025-05-27T13:45;2025-05-27T14:00;56;EUR;MWh;NO;NO;;-67.7;-67.7;-67.7;-1;DOWN
2025-05-27T14:00;2025-05-27T14:15;57;EUR;MWh;NO;NO;;-67.7;-67.7;-67.7;-1;DOWN
2025-05-27T14:15;2025-05-27T14:30;58;EUR;MWh;NO;NO;;-87.13;-87.13;-87.13;-1;DOWN
2025-05-27T14:30;2025-05-27T14:45;59;EUR;MWh;NO;NO;;-70;-70;-70;-1;DOWN
2025-05-27T14:45;2025-05-27T15:00;60;EUR;MWh;NO;NO;;-93.62;-93.62;-93.62;-1;DOWN
2025-05-27T15:00;2025-05-27T15:15;61;EUR;MWh;NO;NO;86.47;-132.33;86.47;-132.33;2;UP_AND_DOWN
2025-05-27T15:15;2025-05-27T15:30;62;EUR;MWh;NO;NO;86.47;-30;-30;-30;-1;DOWN
2025-05-27T15:30;2025-05-27T15:45;63;EUR;MWh;NO;NO;160;-17.86;160;-17.86;2;UP_AND_DOWN
2025-05-27T15:45;2025-05-27T16:00;64;EUR;MWh;NO;NO;300;;300;300;1;UP
2025-05-27T16:00;2025-05-27T16:15;65;EUR;MWh;NO;NO;300;10;10;10;-1;DOWN
2025-05-27T16:15;2025-05-27T16:30;66;EUR;MWh;NO;NO;150;-2.56;150;-2.56;2;UP_AND_DOWN
2025-05-27T16:30;2025-05-27T16:45;67;EUR;MWh;NO;NO;1895;;1895;1895;1;UP
2025-05-27T16:45;2025-05-27T17:00;68;EUR;MWh;NO;NO;1895;;1895;1895;1;UP
2025-05-27T17:00;2025-05-27T17:15;69;EUR;MWh;NO;NO;111.4;-14.34;111.4;-14.34;2;UP_AND_DOWN
2025-05-27T17:15;2025-05-27T17:30;70;EUR;MWh;NO;NO;150;49.59;150;150;1;UP
2025-05-27T17:30;2025-05-27T17:45;71;EUR;MWh;NO;NO;194;;194;194;1;UP
2025-05-27T17:45;2025-05-27T18:00;72;EUR;MWh;NO;NO;194;;194;194;1;UP
2025-05-27T18:00;2025-05-27T18:15;73;EUR;MWh;NO;NO;150;;150;150;1;UP
2025-05-27T18:15;2025-05-27T18:30;74;EUR;MWh;NO;NO;157.2;;157.2;157.2;1;UP
2025-05-27T18:30;2025-05-27T18:45;75;EUR;MWh;NO;NO;160;;160;160;1;UP
2025-05-27T18:45;2025-05-27T19:00;76;EUR;MWh;NO;NO;150;;150;150;1;UP
2025-05-27T19:00;2025-05-27T19:15;77;EUR;MWh;NO;NO;150;-2.31;-2.31;-2.31;-1;DOWN
2025-05-27T19:15;2025-05-27T19:30;78;EUR;MWh;NO;NO;;29.59;29.59;29.59;-1;DOWN
2025-05-27T19:30;2025-05-27T19:45;79;EUR;MWh;NO;NO;;-2.31;-2.31;-2.31;-1;DOWN
2025-05-27T19:45;2025-05-27T20:00;80;EUR;MWh;NO;NO;68.56;79.59;71;71;2;UP_AND_DOWN
2025-05-27T20:00;2025-05-27T20:15;81;EUR;MWh;NO;NO;150;;150;150;1;UP
2025-05-27T20:15;2025-05-27T20:30;82;EUR;MWh;NO;NO;200;;200;200;1;UP
2025-05-27T20:30;2025-05-27T20:45;83;EUR;MWh;NO;NO;200;;200;200;1;UP
2025-05-27T20:45;2025-05-27T21:00;84;EUR;MWh;NO;NO;150;;150;150;1;UP
2025-05-27T21:00;2025-05-27T21:15;85;EUR;MWh;NO;NO;2740;;2740;2740;1;UP
2025-05-27T21:15;2025-05-27T21:30;86;EUR;MWh;YES;;3014;;3014;3014;1;UP
2025-05-27T21:30;2025-05-27T21:45;87;EUR;MWh;YES;;311.8;;311.8;311.8;1;UP
2025-05-27T21:45;2025-05-27T22:00;88;EUR;MWh;YES;;311.8;16.6;311.8;16.6;2;UP_AND_DOWN
2025-05-27T22:00;2025-05-27T22:15;89;EUR;MWh;NO;NO;100.63;7.7;7.7;7.7;-1;DOWN
2025-05-27T22:15;2025-05-27T22:30;90;EUR;MWh;NO;NO;;27.43;27.43;27.43;-1;DOWN
2025-05-27T22:30;2025-05-27T22:45;91;EUR;MWh;NO;NO;;27.43;27.43;27.43;-1;DOWN
2025-05-27T22:45;2025-05-27T23:00;92;EUR;MWh;NO;NO;;9.39;9.39;9.39;-1;DOWN
2025-05-27T23:00;2025-05-27T23:15;93;EUR;MWh;NO;NO;116;24.19;116;24.19;2;UP_AND_DOWN
2025-05-27T23:15;2025-05-27T23:30;94;EUR;MWh;NO;NO;124;48;124;48;2;UP_AND_DOWN
2025-05-27T23:30;2025-05-27T23:45;95;EUR;MWh;NO;NO;;46;46;46;-1;DOWN
2025-05-27T23:45;2025-05-28T00:00;96;EUR;MWh;NO;NO;111.8;48;111.8;48;2;UP_AND_DOWN
2025-05-28T00:00;2025-05-28T00:15;1;EUR;MWh;NO;NO;116;9.57;116;9.57;2;UP_AND_DOWN
2025-05-28T00:15;2025-05-28T00:30;2;EUR;MWh;NO;NO;110.2;;110.2;110.2;1;UP
2025-05-28T00:30;2025-05-28T00:45;3;EUR;MWh;NO;NO;93.25;;93.25;93.25;1;UP
2025-05-28T00:45;2025-05-28T01:00;4;EUR;MWh;NO;NO;58.56;10;68.77;10;2;UP_AND_DOWN
2025-05-28T01:00;2025-05-28T01:15;5;EUR;MWh;NO;NO;124.1;10;124.1;10;2;UP_AND_DOWN
2025-05-28T01:15;2025-05-28T01:30;6;EUR;MWh;NO;NO;124.1;;124.1;124.1;1;UP
2025-05-28T01:30;2025-05-28T01:45;7;EUR;MWh;NO;NO;157.1;;157.1;157.1;1;UP
2025-05-28T01:45;2025-05-28T02:00;8;EUR;MWh;NO;NO;116;;116;116;1;UP
2025-05-28T02:00;2025-05-28T02:15;9;EUR;MWh;NO;NO;109.98;;109.98;109.98;1;UP
2025-05-28T02:15;2025-05-28T02:30;10;EUR;MWh;NO;NO;60;;60;60;1;UP
2025-05-28T02:30;2025-05-28T02:45;11;EUR;MWh;NO;NO;99.25;;99.25;99.25;1;UP
2025-05-28T02:45;2025-05-28T03:00;12;EUR;MWh;NO;NO;93.25;;93.25;93.25;1;UP
2025-05-28T03:00;2025-05-28T03:15;13;EUR;MWh;NO;NO;116;;116;116;1;UP
2025-05-28T03:15;2025-05-28T03:30;14;EUR;MWh;NO;NO;124.1;;124.1;124.1;1;UP
2025-05-28T03:30;2025-05-28T03:45;15;EUR;MWh;NO;NO;155.36;;155.36;155.36;1;UP
2025-05-28T03:45;2025-05-28T04:00;16;EUR;MWh;NO;NO;133;;133;133;1;UP
2025-05-28T04:00;2025-05-28T04:15;17;EUR;MWh;NO;NO;107.2;;107.2;107.2;1;UP
2025-05-28T04:15;2025-05-28T04:30;18;EUR;MWh;NO;NO;99.25;;99.25;99.25;1;UP
2025-05-28T04:30;2025-05-28T04:45;19;EUR;MWh;NO;NO;90;;90;90;1;UP
2025-05-28T04:45;2025-05-28T05:00;20;EUR;MWh;NO;NO;58.56;-24.5;68.77;-24.5;2;UP_AND_DOWN
2025-05-28T05:00;2025-05-28T05:15;21;EUR;MWh;NO;NO;78.56;-19.89;78.56;-19.89;2;UP_AND_DOWN
2025-05-28T05:15;2025-05-28T05:30;22;EUR;MWh;NO;NO;78.56;78.98;78.56;68.77;2;UP_AND_DOWN
2025-05-28T05:30;2025-05-28T05:45;23;EUR;MWh;NO;NO;78.56;74.89;78.56;68.77;2;UP_AND_DOWN
2025-05-28T05:45;2025-05-28T06:00;24;EUR;MWh;NO;NO;93.25;;93.25;93.25;1;UP
2025-05-28T06:00;2025-05-28T06:15;25;EUR;MWh;NO;NO;110.2;10;110.2;10;2;UP_AND_DOWN
2025-05-28T06:15;2025-05-28T06:30;26;EUR;MWh;NO;NO;103.36;10;103.36;10;2;UP_AND_DOWN
2025-05-28T06:30;2025-05-28T06:45;27;EUR;MWh;NO;NO;;86.1;86.1;86.1;-1;DOWN
2025-05-28T06:45;2025-05-28T07:00;28;EUR;MWh;NO;NO;100.62;;100.62;100.62;1;UP
2025-05-28T07:00;2025-05-28T07:15;29;EUR;MWh;NO;NO;94.62;49;94.62;49;2;UP_AND_DOWN
2025-05-28T07:15;2025-05-28T07:30;30;EUR;MWh;NO;NO;;10;10;10;-1;DOWN
2025-05-28T07:30;2025-05-28T07:45;31;EUR;MWh;NO;NO;;9.57;9.57;9.57;-1;DOWN
2025-05-28T07:45;2025-05-28T08:00;32;EUR;MWh;NO;NO;;14.41;14.41;14.41;-1;DOWN
2025-05-28T08:00;2025-05-28T08:15;33;EUR;MWh;NO;NO;78.56;-2.38;-2.38;-2.38;-1;DOWN
2025-05-28T08:15;2025-05-28T08:30;34;EUR;MWh;NO;NO;111.1;-2.38;111.1;111.1;1;UP
2025-05-28T08:30;2025-05-28T08:45;35;EUR;MWh;NO;NO;78.56;;78.56;78.56;1;UP
2025-05-28T08:45;2025-05-28T09:00;36;EUR;MWh;NO;NO;10;;10;10;1;UP
2025-05-28T09:00;2025-05-28T09:15;37;EUR;MWh;NO;NO;139.02;;139.02;139.02;1;UP
2025-05-28T09:15;2025-05-28T09:30;38;EUR;MWh;NO;NO;110.4;;110.4;110.4;1;UP
2025-05-28T09:30;2025-05-28T09:45;39;EUR;MWh;NO;NO;151.6;;151.6;151.6;1;UP
2025-05-28T09:45;2025-05-28T10:00;40;EUR;MWh;NO;NO;116.46;78.16;116.46;72.33;2;UP_AND_DOWN
2025-05-28T10:00;2025-05-28T10:15;41;EUR;MWh;NO;NO;116.46;-30;-30;-30;-1;DOWN
2025-05-28T10:15;2025-05-28T10:30;42;EUR;MWh;NO;NO;;10;10;10;-1;DOWN
2025-05-28T10:30;2025-05-28T10:45;43;EUR;MWh;NO;NO;;-30;-30;-30;-1;DOWN
2025-05-28T10:45;2025-05-28T11:00;44;EUR;MWh;NO;NO;;-37.99;-37.99;-37.99;-1;DOWN
2025-05-28T11:00;2025-05-28T11:15;45;EUR;MWh;NO;NO;58.56;-60;-60;-60;-1;DOWN
2025-05-28T11:15;2025-05-28T11:30;46;EUR;MWh;NO;NO;88.56;-14.34;88.56;-14.34;2;UP_AND_DOWN
2025-05-28T11:30;2025-05-28T11:45;47;EUR;MWh;NO;NO;;-21.82;-21.82;-21.82;-1;DOWN
2025-05-28T11:45;2025-05-28T12:00;48;EUR;MWh;NO;NO;;10;10;10;-1;DOWN
2025-05-28T12:00;2025-05-28T12:15;49;EUR;MWh;NO;NO;78.56;10;66.73;66.73;0;STABLE
2025-05-28T12:15;2025-05-28T12:30;50;EUR;MWh;NO;NO;;9.57;9.57;9.57;-1;DOWN
2025-05-28T12:30;2025-05-28T12:45;51;EUR;MWh;NO;NO;;9.57;9.57;9.57;-1;DOWN
2025-05-28T12:45;2025-05-28T13:00;52;EUR;MWh;NO;NO;;9.57;9.57;9.57;-1;DOWN
2025-05-28T13:00;2025-05-28T13:15;53;EUR;MWh;NO;NO;;10;10;10;-1;DOWN
2025-05-28T13:15;2025-05-28T13:30;54;EUR;MWh;NO;NO;;10;10;10;-1;DOWN
2025-05-28T13:30;2025-05-28T13:45;55;EUR;MWh;NO;NO;58.56;;66.73;66.73;0;STABLE
2025-05-28T13:45;2025-05-28T14:00;56;EUR;MWh;NO;NO;;-23;-23;-23;-1;DOWN
2025-05-28T14:00;2025-05-28T14:15;57;EUR;MWh;NO;NO;1895;9.57;1895;1895;1;UP
2025-05-28T14:15;2025-05-28T14:30;58;EUR;MWh;YES;;2084.5;;2084.5;2084.5;1;UP
2025-05-28T14:30;2025-05-28T14:45;59;EUR;MWh;YES;;245.71;;245.71;245.71;1;UP
2025-05-28T14:45;2025-05-28T15:00;60;EUR;MWh;NO;NO;133;;133;133;1;UP
2025-05-28T15:00;2025-05-28T15:15;61;EUR;MWh;NO;NO;124.2;;124.2;124.2;1;UP
2025-05-28T15:15;2025-05-28T15:30;62;EUR;MWh;NO;NO;58.56;-10;58.56;58.56;1;UP
2025-05-28T15:30;2025-05-28T15:45;63;EUR;MWh;NO;NO;;-25.9;-25.9;-25.9;-1;DOWN
2025-05-28T15:45;2025-05-28T16:00;64;EUR;MWh;NO;NO;;-10;-10;-10;-1;DOWN
2025-05-28T16:00;2025-05-28T16:15;65;EUR;MWh;NO;NO;;-10;-10;-10;-1;DOWN
2025-05-28T16:15;2025-05-28T16:30;66;EUR;MWh;NO;NO;;10;10;10;-1;DOWN
2025-05-28T16:30;2025-05-28T16:45;67;EUR;MWh;NO;NO;53;-17.1;-17.1;-17.1;-1;DOWN
2025-05-28T16:45;2025-05-28T17:00;68;EUR;MWh;NO;NO;41;-20.57;64.13;-20.57;2;UP_AND_DOWN
2025-05-28T17:00;2025-05-28T17:15;69;EUR;MWh;NO;NO;;-30;-30;-30;-1;DOWN
2025-05-28T17:15;2025-05-28T17:30;70;EUR;MWh;NO;NO;;9.57;9.57;9.57;-1;DOWN
2025-05-28T17:30;2025-05-28T17:45;71;EUR;MWh;NO;NO;78.56;60;78.56;56.13;2;UP_AND_DOWN
2025-05-28T17:45;2025-05-28T18:00;72;EUR;MWh;NO;NO;85.66;;85.66;85.66;1;UP
2025-05-28T18:00;2025-05-28T18:15;73;EUR;MWh;NO;NO;21;-29.4;54.13;-29.4;2;UP_AND_DOWN
2025-05-28T18:15;2025-05-28T18:30;74;EUR;MWh;NO;NO;;40.09;40.09;40.09;-1;DOWN
2025-05-28T18:30;2025-05-28T18:45;75;EUR;MWh;NO;NO;;10;10;10;-1;DOWN
2025-05-28T18:45;2025-05-28T19:00;76;EUR;MWh;NO;NO;100.25;10;100.25;10;2;UP_AND_DOWN
2025-05-28T19:00;2025-05-28T19:15;77;EUR;MWh;NO;NO;88.56;58.62;88.56;56.13;2;UP_AND_DOWN
2025-05-28T19:15;2025-05-28T19:30;78;EUR;MWh;NO;NO;49;9.57;9.57;9.57;-1;DOWN
2025-05-28T19:30;2025-05-28T19:45;79;EUR;MWh;NO;NO;88.56;69;88.56;56.13;2;UP_AND_DOWN
2025-05-28T19:45;2025-05-28T20:00;80;EUR;MWh;NO;NO;102.36;79.25;102.36;58.13;2;UP_AND_DOWN
2025-05-28T20:00;2025-05-28T20:15;81;EUR;MWh;NO;NO;112.56;69;112.56;58.63;2;UP_AND_DOWN
2025-05-28T20:15;2025-05-28T20:30;82;EUR;MWh;NO;NO;157.1;69;157.1;157.1;1;UP
2025-05-28T20:30;2025-05-28T20:45;83;EUR;MWh;NO;NO;151.06;;151.06;151.06;1;UP
2025-05-28T20:45;2025-05-28T21:00;84;EUR;MWh;NO;NO;113;69.35;113;62.63;2;UP_AND_DOWN
2025-05-28T21:00;2025-05-28T21:15;85;EUR;MWh;NO;NO;;28;28;28;-1;DOWN
2025-05-28T21:15;2025-05-28T21:30;86;EUR;MWh;NO;NO;;39;39;39;-1;DOWN
2025-05-28T21:30;2025-05-28T21:45;87;EUR;MWh;NO;NO;;55.19;55.19;55.19;-1;DOWN
2025-05-28T21:45;2025-05-28T22:00;88;EUR;MWh;NO;NO;78.56;69;78.56;78.56;1;UP
2025-05-28T22:00;2025-05-28T22:15;89;EUR;MWh;NO;NO;150;79.25;150;72.91;2;UP_AND_DOWN
2025-05-28T22:15;2025-05-28T22:30;90;EUR;MWh;NO;NO;150;49.25;49.25;49.25;-1;DOWN
2025-05-28T22:30;2025-05-28T22:45;91;EUR;MWh;NO;NO;;45;45;45;-1;DOWN
2025-05-28T22:45;2025-05-28T23:00;92;EUR;MWh;NO;NO;;48.6;48.6;48.6;-1;DOWN
2025-05-28T23:00;2025-05-28T23:15;93;EUR;MWh;NO;NO;165.25;79.45;165.25;68.13;2;UP_AND_DOWN
2025-05-28T23:15;2025-05-28T23:30;94;EUR;MWh;NO;NO;165.25;;165.25;165.25;1;UP
2025-05-28T23:30;2025-05-28T23:45;95;EUR;MWh;NO;NO;165.25;;165.25;165.25;1;UP
2025-05-28T23:45;2025-05-29T00:00;96;EUR;MWh;NO;NO;156.98;;156.98;156.98;1;UP
2025-05-29T00:00;2025-05-29T00:15;1;EUR;MWh;NO;NO;157.98;;157.98;157.98;1;UP
2025-05-29T00:15;2025-05-29T00:30;2;EUR;MWh;NO;NO;200;67.2;200;67.2;2;UP_AND_DOWN
2025-05-29T00:30;2025-05-29T00:45;3;EUR;MWh;NO;NO;134.83;45.76;134.83;45.76;2;UP_AND_DOWN
2025-05-29T00:45;2025-05-29T01:00;4;EUR;MWh;NO;NO;116.1;35.12;116.1;35.12;2;UP_AND_DOWN
2025-05-29T01:00;2025-05-29T01:15;5;EUR;MWh;NO;NO;125.98;60.12;125.98;60.12;2;UP_AND_DOWN
2025-05-29T01:15;2025-05-29T01:30;6;EUR;MWh;NO;NO;58.56;64.57;64.57;64.57;-1;DOWN
2025-05-29T01:30;2025-05-29T01:45;7;EUR;MWh;NO;NO;;65.12;65.12;65.12;-1;DOWN
2025-05-29T01:45;2025-05-29T02:00;8;EUR;MWh;NO;NO;88.56;61.54;88.56;61.54;2;UP_AND_DOWN
2025-05-29T02:00;2025-05-29T02:15;9;EUR;MWh;NO;NO;;50.95;50.95;50.95;-1;DOWN
2025-05-29T02:15;2025-05-29T02:30;10;EUR;MWh;NO;NO;;75.07;75.07;75.07;-1;DOWN
2025-05-29T02:30;2025-05-29T02:45;11;EUR;MWh;NO;NO;;75.03;75.03;75.03;-1;DOWN
2025-05-29T02:45;2025-05-29T03:00;12;EUR;MWh;NO;NO;84.52;83.75;84.52;71.16;2;UP_AND_DOWN
2025-05-29T03:00;2025-05-29T03:15;13;EUR;MWh;NO;NO;142.9;;142.9;142.9;1;UP
2025-05-29T03:15;2025-05-29T03:30;14;EUR;MWh;NO;NO;142.9;;142.9;142.9;1;UP
2025-05-29T03:30;2025-05-29T03:45;15;EUR;MWh;NO;NO;116.2;;116.2;116.2;1;UP
2025-05-29T03:45;2025-05-29T04:00;16;EUR;MWh;NO;NO;101.62;;101.62;101.62;1;UP
2025-05-29T04:00;2025-05-29T04:15;17;EUR;MWh;NO;NO;116.2;;116.2;116.2;1;UP
2025-05-29T04:15;2025-05-29T04:30;18;EUR;MWh;NO;NO;112.72;;112.72;112.72;1;UP
2025-05-29T04:30;2025-05-29T04:45;19;EUR;MWh;NO;NO;88.36;;88.36;88.36;1;UP
2025-05-29T04:45;2025-05-29T05:00;20;EUR;MWh;NO;NO;57;75.32;70.17;70.17;2;UP_AND_DOWN
2025-05-29T05:00;2025-05-29T05:15;21;EUR;MWh;NO;NO;75;80.37;80.37;80.37;-1;DOWN
2025-05-29T05:15;2025-05-29T05:30;22;EUR;MWh;NO;NO;;82.62;82.62;82.62;-1;DOWN
2025-05-29T05:30;2025-05-29T05:45;23;EUR;MWh;NO;NO;78.56;;70.96;70.96;0;STABLE
2025-05-29T05:45;2025-05-29T06:00;24;EUR;MWh;NO;NO;;78.77;78.77;78.77;-1;DOWN
2025-05-29T06:00;2025-05-29T06:15;25;EUR;MWh;NO;NO;;80.92;80.92;80.92;-1;DOWN
2025-05-29T06:15;2025-05-29T06:30;26;EUR;MWh;NO;NO;;78.67;78.67;78.67;-1;DOWN
2025-05-29T06:30;2025-05-29T06:45;27;EUR;MWh;NO;NO;101;80.27;101;71.03;2;UP_AND_DOWN
2025-05-29T06:45;2025-05-29T07:00;28;EUR;MWh;NO;NO;88.56;81.02;88.56;88.56;1;UP
2025-05-29T07:00;2025-05-29T07:15;29;EUR;MWh;NO;NO;101.62;;101.62;101.62;1;UP
2025-05-29T07:15;2025-05-29T07:30;30;EUR;MWh;NO;NO;101;60;101;60;2;UP_AND_DOWN
2025-05-29T07:30;2025-05-29T07:45;31;EUR;MWh;NO;NO;101.46;60;101.46;60;2;UP_AND_DOWN
2025-05-29T07:45;2025-05-29T08:00;32;EUR;MWh;NO;NO;86.36;;86.36;86.36;1;UP
2025-05-29T08:00;2025-05-29T08:15;33;EUR;MWh;NO;NO;94.36;;94.36;94.36;1;UP
2025-05-29T08:15;2025-05-29T08:30;34;EUR;MWh;NO;NO;125;;125;125;1;UP
2025-05-29T08:30;2025-05-29T08:45;35;EUR;MWh;NO;NO;97.46;61;97.46;61;2;UP_AND_DOWN
2025-05-29T08:45;2025-05-29T09:00;36;EUR;MWh;NO;NO;;9.57;9.57;9.57;-1;DOWN
2025-05-29T09:00;2025-05-29T09:15;37;EUR;MWh;NO;NO;;-5;-5;-5;-1;DOWN
2025-05-29T09:15;2025-05-29T09:30;38;EUR;MWh;NO;NO;;-5;-5;-5;-1;DOWN
2025-05-29T09:30;2025-05-29T09:45;39;EUR;MWh;NO;NO;99.61;9.57;99.61;9.57;2;UP_AND_DOWN
2025-05-29T09:45;2025-05-29T10:00;40;EUR;MWh;NO;NO;;-30;-30;-30;-1;DOWN
2025-05-29T10:00;2025-05-29T10:15;41;EUR;MWh;NO;NO;;-30;-30;-30;-1;DOWN
2025-05-29T10:15;2025-05-29T10:30;42;EUR;MWh;NO;NO;;-70;-70;-70;-1;DOWN
2025-05-29T10:30;2025-05-29T10:45;43;EUR;MWh;NO;NO;;-49.9;-49.9;-49.9;-1;DOWN
2025-05-29T10:45;2025-05-29T11:00;44;EUR;MWh;NO;NO;;-60;-60;-60;-1;DOWN
2025-05-29T11:00;2025-05-29T11:15;45;EUR;MWh;NO;NO;;-70;-70;-70;-1;DOWN
2025-05-29T11:15;2025-05-29T11:30;46;EUR;MWh;NO;NO;;-30;-30;-30;-1;DOWN
2025-05-29T11:30;2025-05-29T11:45;47;EUR;MWh;NO;NO;;-74;-74;-74;-1;DOWN
2025-05-29T11:45;2025-05-29T12:00;48;EUR;MWh;NO;NO;95;-42;95;95;1;UP
2025-05-29T12:00;2025-05-29T12:15;49;EUR;MWh;NO;NO;78.56;10;10;10;-1;DOWN
2025-05-29T12:15;2025-05-29T12:30;50;EUR;MWh;NO;NO;;-34.42;-34.42;-34.42;-1;DOWN
2025-05-29T12:30;2025-05-29T12:45;51;EUR;MWh;NO;NO;;-42;-42;-42;-1;DOWN
2025-05-29T12:45;2025-05-29T13:00;52;EUR;MWh;NO;NO;34;;0;0;-1;DOWN
2025-05-29T13:00;2025-05-29T13:15;53;EUR;MWh;NO;NO;34;10;52.56;10;2;UP_AND_DOWN
2025-05-29T13:15;2025-05-29T13:30;54;EUR;MWh;NO;NO;;-44;-44;-44;-1;DOWN
2025-05-29T13:30;2025-05-29T13:45;55;EUR;MWh;NO;NO;;-31;-31;-31;-1;DOWN
2025-05-29T13:45;2025-05-29T14:00;56;EUR;MWh;NO;NO;;9.57;9.57;9.57;-1;DOWN
2025-05-29T14:00;2025-05-29T14:15;57;EUR;MWh;NO;NO;;-21.69;-21.69;-21.69;-1;DOWN
2025-05-29T14:15;2025-05-29T14:30;58;EUR;MWh;NO;NO;;-60;-60;-60;-1;DOWN
2025-05-29T14:30;2025-05-29T14:45;59;EUR;MWh;NO;NO;;-60;-60;-60;-1;DOWN
2025-05-29T14:45;2025-05-29T15:00;60;EUR;MWh;NO;NO;;-67.89;-67.89;-67.89;-1;DOWN
2025-05-29T15:00;2025-05-29T15:15;61;EUR;MWh;NO;NO;;-50;-50;-50;-1;DOWN
2025-05-29T15:15;2025-05-29T15:30;62;EUR;MWh;NO;NO;;-60;-60;-60;-1;DOWN
2025-05-29T15:30;2025-05-29T15:45;63;EUR;MWh;NO;NO;;-45;-45;-45;-1;DOWN
2025-05-29T15:45;2025-05-29T16:00;64;EUR;MWh;NO;NO;30;-2.28;-2.28;-2.28;-1;DOWN
2025-05-29T16:00;2025-05-29T16:15;65;EUR;MWh;NO;NO;;-42.36;-42.36;-42.36;-1;DOWN
2025-05-29T16:15;2025-05-29T16:30;66;EUR;MWh;NO;NO;;-27.29;-27.29;-27.29;-1;DOWN
2025-05-29T16:30;2025-05-29T16:45;67;EUR;MWh;NO;NO;30;70.01;70.01;70.01;-1;DOWN
2025-05-29T16:45;2025-05-29T17:00;68;EUR;MWh;NO;NO;30;-30;-30;-30;-1;DOWN
2025-05-29T17:00;2025-05-29T17:15;69;EUR;MWh;NO;NO;;-70.1;-70.1;-70.1;-1;DOWN
2025-05-29T17:15;2025-05-29T17:30;70;EUR;MWh;NO;NO;;-60;-60;-60;-1;DOWN
2025-05-29T17:30;2025-05-29T17:45;71;EUR;MWh;NO;NO;93.9;-2.07;93.9;-2.07;2;UP_AND_DOWN
2025-05-29T17:45;2025-05-29T18:00;72;EUR;MWh;NO;NO;97.36;10;97.36;97.36;1;UP
2025-05-29T18:00;2025-05-29T18:15;73;EUR;MWh;NO;NO;;-24.32;-24.32;-24.32;-1;DOWN
2025-05-29T18:15;2025-05-29T18:30;74;EUR;MWh;NO;NO;;-18.46;-18.46;-18.46;-1;DOWN
2025-05-29T18:30;2025-05-29T18:45;75;EUR;MWh;NO;NO;33;70.01;70.01;70.01;-1;DOWN
2025-05-29T18:45;2025-05-29T19:00;76;EUR;MWh;NO;NO;33;70.01;70.01;70.01;-1;DOWN
2025-05-29T19:00;2025-05-29T19:15;77;EUR;MWh;NO;NO;;-13.24;-13.24;-13.24;-1;DOWN
2025-05-29T19:15;2025-05-29T19:30;78;EUR;MWh;NO;NO;33;71.55;71.55;71.55;-1;DOWN
2025-05-29T19:30;2025-05-29T19:45;79;EUR;MWh;NO;NO;;73.55;73.55;73.55;-1;DOWN
2025-05-29T19:45;2025-05-29T20:00;80;EUR;MWh;NO;NO;;50;50;50;-1;DOWN
2025-05-29T20:00;2025-05-29T20:15;81;EUR;MWh;NO;NO;33;10;10;10;-1;DOWN
2025-05-29T20:15;2025-05-29T20:30;82;EUR;MWh;NO;NO;33;49;49;49;-1;DOWN
2025-05-29T20:30;2025-05-29T20:45;83;EUR;MWh;NO;NO;;50;50;50;-1;DOWN
2025-05-29T20:45;2025-05-29T21:00;84;EUR;MWh;NO;NO;78.56;76.85;78.56;57.71;2;UP_AND_DOWN
2025-05-29T21:00;2025-05-29T21:15;85;EUR;MWh;NO;NO;83.85;;83.85;83.85;1;UP
2025-05-29T21:15;2025-05-29T21:30;86;EUR;MWh;NO;NO;78.56;;78.56;78.56;1;UP
2025-05-29T21:30;2025-05-29T21:45;87;EUR;MWh;NO;NO;33;;33;33;1;UP
2025-05-29T21:45;2025-05-29T22:00;88;EUR;MWh;NO;NO;36;;36;36;1;UP
2025-05-29T22:00;2025-05-29T22:15;89;EUR;MWh;NO;NO;144;;144;144;1;UP
2025-05-29T22:15;2025-05-29T22:30;90;EUR;MWh;NO;NO;89.62;70.01;89.62;89.62;1;UP
2025-05-29T22:30;2025-05-29T22:45;91;EUR;MWh;NO;NO;46;70.01;62.99;62.99;0;STABLE
2025-05-29T22:45;2025-05-29T23:00;92;EUR;MWh;NO;NO;54;41;64.49;41;2;UP_AND_DOWN
2025-05-29T23:00;2025-05-29T23:15;93;EUR;MWh;NO;NO;68.56;52;69.27;52;2;UP_AND_DOWN
2025-05-29T23:15;2025-05-29T23:30;94;EUR;MWh;NO;NO;;53;53;53;-1;DOWN
2025-05-29T23:30;2025-05-29T23:45;95;EUR;MWh;NO;NO;;50;50;50;-1;DOWN
2025-05-29T23:45;2025-05-30T00:00;96;EUR;MWh;NO;NO;;-50.1;-50.1;-50.1;-1;DOWN
2025-05-30T00:00;2025-05-30T00:15;1;EUR;MWh;NO;NO;;-70;-70;-70;-1;DOWN
2025-05-30T00:15;2025-05-30T00:30;2;EUR;MWh;NO;NO;91.44;12.57;91.44;12.57;2;UP_AND_DOWN
2025-05-30T00:30;2025-05-30T00:45;3;EUR;MWh;NO;NO;;12.57;12.57;12.57;-1;DOWN
2025-05-30T00:45;2025-05-30T01:00;4;EUR;MWh;NO;NO;;12.57;12.57;12.57;-1;DOWN
2025-05-30T01:00;2025-05-30T01:15;5;EUR;MWh;NO;NO;94;18;94;18;2;UP_AND_DOWN
2025-05-30T01:15;2025-05-30T01:30;6;EUR;MWh;NO;NO;97.85;70.01;97.85;60.49;2;UP_AND_DOWN
2025-05-30T01:30;2025-05-30T01:45;7;EUR;MWh;NO;NO;;50;50;50;-1;DOWN
2025-05-30T01:45;2025-05-30T02:00;8;EUR;MWh;NO;NO;39;15;15;15;-1;DOWN
2025-05-30T02:00;2025-05-30T02:15;9;EUR;MWh;NO;NO;;30;30;30;-1;DOWN
2025-05-30T02:15;2025-05-30T02:30;10;EUR;MWh;NO;NO;;12.57;12.57;12.57;-1;DOWN
2025-05-30T02:30;2025-05-30T02:45;11;EUR;MWh;NO;NO;;12.57;12.57;12.57;-1;DOWN
2025-05-30T02:45;2025-05-30T03:00;12;EUR;MWh;NO;NO;;10;10;10;-1;DOWN
2025-05-30T03:00;2025-05-30T03:15;13;EUR;MWh;NO;NO;;12.57;12.57;12.57;-1;DOWN
2025-05-30T03:15;2025-05-30T03:30;14;EUR;MWh;NO;NO;;8;8;8;-1;DOWN
2025-05-30T03:30;2025-05-30T03:45;15;EUR;MWh;NO;NO;;10;10;10;-1;DOWN
2025-05-30T03:45;2025-05-30T04:00;16;EUR;MWh;NO;NO;;12.57;12.57;12.57;-1;DOWN
2025-05-30T04:00;2025-05-30T04:15;17;EUR;MWh;NO;NO;;10;10;10;-1;DOWN
2025-05-30T04:15;2025-05-30T04:30;18;EUR;MWh;NO;NO;;10;10;10;-1;DOWN
2025-05-30T04:30;2025-05-30T04:45;19;EUR;MWh;NO;NO;88.56;12.57;88.56;12.57;2;UP_AND_DOWN
2025-05-30T04:45;2025-05-30T05:00;20;EUR;MWh;NO;NO;88.76;;88.76;88.76;1;UP
2025-05-30T05:00;2025-05-30T05:15;21;EUR;MWh;NO;NO;;10;10;10;-1;DOWN
2025-05-30T05:15;2025-05-30T05:30;22;EUR;MWh;NO;NO;;10;10;10;-1;DOWN
2025-05-30T05:30;2025-05-30T05:45;23;EUR;MWh;NO;NO;;10;10;10;-1;DOWN
2025-05-30T05:45;2025-05-30T06:00;24;EUR;MWh;NO;NO;;10;10;10;-1;DOWN
2025-05-30T06:00;2025-05-30T06:15;25;EUR;MWh;NO;NO;37;12.57;55.99;12.57;2;UP_AND_DOWN
2025-05-30T06:15;2025-05-30T06:30;26;EUR;MWh;NO;NO;58.56;10;58.56;58.56;1;UP
2025-05-30T06:30;2025-05-30T06:45;27;EUR;MWh;NO;NO;32;79.98;32;32;1;UP
2025-05-30T06:45;2025-05-30T07:00;28;EUR;MWh;NO;NO;;-13.44;-13.44;-13.44;-1;DOWN
2025-05-30T07:00;2025-05-30T07:15;29;EUR;MWh;NO;NO;;;0;0;-1;DOWN
2025-05-30T07:15;2025-05-30T07:30;30;EUR;MWh;NO;NO;;-17.54;-17.54;-17.54;-1;DOWN
2025-05-30T07:30;2025-05-30T07:45;31;EUR;MWh;NO;NO;;-25;-25;-25;-1;DOWN
2025-05-30T07:45;2025-05-30T08:00;32;EUR;MWh;NO;NO;;-13.96;-13.96;-13.96;-1;DOWN
2025-05-30T08:00;2025-05-30T08:15;33;EUR;MWh;NO;NO;;12.57;12.57;12.57;-1;DOWN
2025-05-30T08:15;2025-05-30T08:30;34;EUR;MWh;NO;NO;35;10;57.49;10;2;UP_AND_DOWN
2025-05-30T08:30;2025-05-30T08:45;35;EUR;MWh;NO;NO;;-50;-50;-50;-1;DOWN
2025-05-30T08:45;2025-05-30T09:00;36;EUR;MWh;NO;NO;;-75;-75;-75;-1;DOWN
2025-05-30T09:00;2025-05-30T09:15;37;EUR;MWh;NO;NO;;-55;-55;-55;-1;DOWN
2025-05-30T09:15;2025-05-30T09:30;38;EUR;MWh;NO;NO;;-58.61;-58.61;-58.61;-1;DOWN
2025-05-30T09:30;2025-05-30T09:45;39;EUR;MWh;NO;NO;90.4;-75;90.4;-75;2;UP_AND_DOWN
2025-05-30T09:45;2025-05-30T10:00;40;EUR;MWh;NO;NO;;-173.77;-173.77;-173.77;-1;DOWN
2025-05-30T10:00;2025-05-30T10:15;41;EUR;MWh;NO;NO;;-59.07;-59.07;-59.07;-1;DOWN
2025-05-30T10:15;2025-05-30T10:30;42;EUR;MWh;NO;NO;;-50.1;-50.1;-50.1;-1;DOWN
2025-05-30T10:30;2025-05-30T10:45;43;EUR;MWh;NO;NO;;-55;-55;-55;-1;DOWN
2025-05-30T10:45;2025-05-30T11:00;44;EUR;MWh;NO;NO;;-65;-65;-65;-1;DOWN
2025-05-30T11:00;2025-05-30T11:15;45;EUR;MWh;NO;NO;82.35;-70;82.35;-70;2;UP_AND_DOWN
2025-05-30T11:15;2025-05-30T11:30;46;EUR;MWh;NO;NO;21;-55;50.49;-55;2;UP_AND_DOWN
2025-05-30T11:30;2025-05-30T11:45;47;EUR;MWh;NO;NO;;-55;-55;-55;-1;DOWN
2025-05-30T11:45;2025-05-30T12:00;48;EUR;MWh;NO;NO;;-53.44;-53.44;-53.44;-1;DOWN
2025-05-30T12:00;2025-05-30T12:15;49;EUR;MWh;NO;NO;;-30;-30;-30;-1;DOWN
2025-05-30T12:15;2025-05-30T12:30;50;EUR;MWh;NO;NO;;-60;-60;-60;-1;DOWN
2025-05-30T12:30;2025-05-30T12:45;51;EUR;MWh;NO;NO;;-65;-65;-65;-1;DOWN
2025-05-30T12:45;2025-05-30T13:00;52;EUR;MWh;NO;NO;;-70;-70;-70;-1;DOWN
2025-05-30T13:00;2025-05-30T13:15;53;EUR;MWh;NO;NO;;-60;-60;-60;-1;DOWN
2025-05-30T13:15;2025-05-30T13:30;54;EUR;MWh;NO;NO;;-42;-42;-42;-1;DOWN
2025-05-30T13:30;2025-05-30T13:45;55;EUR;MWh;NO;NO;;-42;-42;-42;-1;DOWN
2025-05-30T13:45;2025-05-30T14:00;56;EUR;MWh;NO;NO;;-65;-65;-65;-1;DOWN
2025-05-30T14:00;2025-05-30T14:15;57;EUR;MWh;NO;NO;;-47;-47;-47;-1;DOWN
2025-05-30T14:15;2025-05-30T14:30;58;EUR;MWh;NO;NO;;-37.23;-37.23;-37.23;-1;DOWN
2025-05-30T14:30;2025-05-30T14:45;59;EUR;MWh;NO;NO;;-42;-42;-42;-1;DOWN
2025-05-30T14:45;2025-05-30T15:00;60;EUR;MWh;NO;NO;;-42;-42;-42;-1;DOWN
2025-05-30T15:00;2025-05-30T15:15;61;EUR;MWh;NO;NO;;-44.03;-44.03;-44.03;-1;DOWN
2025-05-30T15:15;2025-05-30T15:30;62;EUR;MWh;NO;NO;22;-8.47;-8.47;-8.47;-1;DOWN
2025-05-30T15:30;2025-05-30T15:45;63;EUR;MWh;NO;NO;58.56;-52.16;58.56;-52.16;2;UP_AND_DOWN
2025-05-30T15:45;2025-05-30T16:00;64;EUR;MWh;NO;NO;22;10;10;10;-1;DOWN
2025-05-30T16:00;2025-05-30T16:15;65;EUR;MWh;NO;NO;22;9.08;50.99;9.08;2;UP_AND_DOWN
2025-05-30T16:15;2025-05-30T16:30;66;EUR;MWh;NO;NO;66.72;-55;66.72;-55;2;UP_AND_DOWN
2025-05-30T16:30;2025-05-30T16:45;67;EUR;MWh;NO;NO;100;;100;0;2;UP_AND_DOWN
2025-05-30T16:45;2025-05-30T17:00;68;EUR;MWh;NO;NO;92.9;-30;92.9;-30;2;UP_AND_DOWN
2025-05-30T17:00;2025-05-30T17:15;69;EUR;MWh;NO;NO;23;-45;-45;-45;-1;DOWN
2025-05-30T17:15;2025-05-30T17:30;70;EUR;MWh;NO;NO;86.5;-42;86.5;-42;2;UP_AND_DOWN
2025-05-30T17:30;2025-05-30T17:45;71;EUR;MWh;NO;NO;96.8;-30;96.8;-30;2;UP_AND_DOWN
2025-05-30T17:45;2025-05-30T18:00;72;EUR;MWh;NO;NO;99;-27.6;99;-27.6;2;UP_AND_DOWN
2025-05-30T18:00;2025-05-30T18:15;73;EUR;MWh;NO;NO;58.56;-47;-47;-47;-1;DOWN
2025-05-30T18:15;2025-05-30T18:30;74;EUR;MWh;NO;NO;93.2;-1;93.2;-1;2;UP_AND_DOWN
2025-05-30T18:30;2025-05-30T18:45;75;EUR;MWh;NO;NO;93.4;-1;93.4;-1;2;UP_AND_DOWN
2025-05-30T18:45;2025-05-30T19:00;76;EUR;MWh;NO;NO;77;12.97;77;12.97;2;UP_AND_DOWN
2025-05-30T19:00;2025-05-30T19:15;77;EUR;MWh;NO;NO;49;60.47;54.99;54.99;2;UP_AND_DOWN
2025-05-30T19:15;2025-05-30T19:30;78;EUR;MWh;NO;NO;105.98;45.47;105.98;45.47;2;UP_AND_DOWN
2025-05-30T19:30;2025-05-30T19:45;79;EUR;MWh;NO;NO;138.6;71.08;138.6;58.23;2;UP_AND_DOWN
2025-05-30T19:45;2025-05-30T20:00;80;EUR;MWh;NO;NO;138.7;;138.7;138.7;1;UP
2025-05-30T20:00;2025-05-30T20:15;81;EUR;MWh;NO;NO;206.81;;206.81;206.81;1;UP
2025-05-30T20:15;2025-05-30T20:30;82;EUR;MWh;NO;NO;40;;40;40;1;UP
2025-05-30T20:30;2025-05-30T20:45;83;EUR;MWh;NO;NO;138.8;;138.8;138.8;1;UP
2025-05-30T20:45;2025-05-30T21:00;84;EUR;MWh;NO;NO;159.6;;159.6;159.6;1;UP
2025-05-30T21:00;2025-05-30T21:15;85;EUR;MWh;NO;NO;139.12;;139.12;139.12;1;UP
2025-05-30T21:15;2025-05-30T21:30;86;EUR;MWh;NO;NO;94.84;;94.84;94.84;1;UP
2025-05-30T21:30;2025-05-30T21:45;87;EUR;MWh;NO;NO;123.56;;123.56;123.56;1;UP
2025-05-30T21:45;2025-05-30T22:00;88;EUR;MWh;NO;NO;102.98;;102.98;102.98;1;UP
2025-05-30T22:00;2025-05-30T22:15;89;EUR;MWh;NO;NO;130.18;;130.18;130.18;1;UP
2025-05-30T22:15;2025-05-30T22:30;90;EUR;MWh;NO;NO;96.61;;96.61;96.61;1;UP
2025-05-30T22:30;2025-05-30T22:45;91;EUR;MWh;NO;NO;137.9;;137.9;137.9;1;UP
2025-05-30T22:45;2025-05-30T23:00;92;EUR;MWh;NO;NO;122;82.46;122;122;1;UP
2025-05-30T23:00;2025-05-30T23:15;93;EUR;MWh;NO;NO;130.98;;130.98;130.98;1;UP
2025-05-30T23:15;2025-05-30T23:30;94;EUR;MWh;NO;NO;122;;122;122;1;UP
2025-05-30T23:30;2025-05-30T23:45;95;EUR;MWh;NO;NO;150;;150;150;1;UP
2025-05-30T23:45;2025-05-31T00:00;96;EUR;MWh;NO;NO;122;;122;122;1;UP
2025-05-31T00:00;2025-05-31T00:15;1;EUR;MWh;NO;NO;165;;165;165;1;UP
2025-05-31T00:15;2025-05-31T00:30;2;EUR;MWh;NO;NO;165;;165;165;1;UP
2025-05-31T00:30;2025-05-31T00:45;3;EUR;MWh;NO;NO;135.8;;135.8;135.8;1;UP
2025-05-31T00:45;2025-05-31T01:00;4;EUR;MWh;NO;NO;78.56;;78.56;78.56;1;UP
2025-05-31T01:00;2025-05-31T01:15;5;EUR;MWh;NO;NO;141.39;;141.39;141.39;1;UP
2025-05-31T01:15;2025-05-31T01:30;6;EUR;MWh;NO;NO;135.8;;135.8;135.8;1;UP
2025-05-31T01:30;2025-05-31T01:45;7;EUR;MWh;NO;NO;86.01;;86.01;86.01;1;UP
2025-05-31T01:45;2025-05-31T02:00;8;EUR;MWh;NO;NO;110.98;;110.98;110.98;1;UP
2025-05-31T02:00;2025-05-31T02:15;9;EUR;MWh;NO;NO;123;;123;123;1;UP
2025-05-31T02:15;2025-05-31T02:30;10;EUR;MWh;NO;NO;123;98.98;123;123;1;UP
2025-05-31T02:30;2025-05-31T02:45;11;EUR;MWh;NO;NO;85.55;91.98;85.55;78.77;2;UP_AND_DOWN
2025-05-31T02:45;2025-05-31T03:00;12;EUR;MWh;NO;NO;123;65.1;123;65.1;2;UP_AND_DOWN
2025-05-31T03:00;2025-05-31T03:15;13;EUR;MWh;NO;NO;58.56;65.98;65.98;65.98;-1;DOWN
2025-05-31T03:15;2025-05-31T03:30;14;EUR;MWh;NO;NO;58.56;69.77;69.77;69.77;-1;DOWN
2025-05-31T03:30;2025-05-31T03:45;15;EUR;MWh;NO;NO;;69.57;69.57;69.57;-1;DOWN
2025-05-31T03:45;2025-05-31T04:00;16;EUR;MWh;NO;NO;;66.36;66.36;66.36;-1;DOWN
2025-05-31T04:00;2025-05-31T04:15;17;EUR;MWh;NO;NO;;65;65;65;-1;DOWN
2025-05-31T04:15;2025-05-31T04:30;18;EUR;MWh;NO;NO;79.8;98.98;79.8;78.77;2;UP_AND_DOWN
2025-05-31T04:30;2025-05-31T04:45;19;EUR;MWh;NO;NO;101.78;94.98;101.78;78.77;2;UP_AND_DOWN
2025-05-31T04:45;2025-05-31T05:00;20;EUR;MWh;NO;NO;109.98;98;109.98;78.77;2;UP_AND_DOWN
2025-05-31T05:00;2025-05-31T05:15;21;EUR;MWh;NO;NO;113.88;69.67;113.88;69.27;2;UP_AND_DOWN
2025-05-31T05:15;2025-05-31T05:30;22;EUR;MWh;NO;NO;113.88;69.57;113.88;69.27;2;UP_AND_DOWN
2025-05-31T05:30;2025-05-31T05:45;23;EUR;MWh;NO;NO;88.36;63;88.36;63;2;UP_AND_DOWN
2025-05-31T05:45;2025-05-31T06:00;24;EUR;MWh;NO;NO;107.78;63;107.78;63;2;UP_AND_DOWN
2025-05-31T06:00;2025-05-31T06:15;25;EUR;MWh;NO;NO;135.8;63;135.8;135.8;1;UP
2025-05-31T06:15;2025-05-31T06:30;26;EUR;MWh;NO;NO;112.88;;112.88;112.88;1;UP
2025-05-31T06:30;2025-05-31T06:45;27;EUR;MWh;NO;NO;102.88;46.08;102.88;46.08;2;UP_AND_DOWN
2025-05-31T06:45;2025-05-31T07:00;28;EUR;MWh;NO;NO;;35;35;35;-1;DOWN
2025-05-31T07:00;2025-05-31T07:15;29;EUR;MWh;NO;NO;;75.98;75.98;75.98;-1;DOWN
2025-05-31T07:15;2025-05-31T07:30;30;EUR;MWh;NO;NO;;10.1;10.1;10.1;-1;DOWN
2025-05-31T07:30;2025-05-31T07:45;31;EUR;MWh;NO;NO;;10;10;10;-1;DOWN
2025-05-31T07:45;2025-05-31T08:00;32;EUR;MWh;NO;NO;;-30;-30;-30;-1;DOWN
2025-05-31T08:00;2025-05-31T08:15;33;EUR;MWh;NO;NO;90.7;-32.96;90.7;-32.96;2;UP_AND_DOWN
2025-05-31T08:15;2025-05-31T08:30;34;EUR;MWh;NO;NO;58.56;-70;69.27;-70;2;UP_AND_DOWN
2025-05-31T08:30;2025-05-31T08:45;35;EUR;MWh;NO;NO;;-50;-50;-50;-1;DOWN
2025-05-31T08:45;2025-05-31T09:00;36;EUR;MWh;NO;NO;;-30;-30;-30;-1;DOWN
2025-05-31T09:00;2025-05-31T09:15;37;EUR;MWh;NO;NO;41;-13;-13;-13;-1;DOWN
2025-05-31T09:15;2025-05-31T09:30;38;EUR;MWh;NO;NO;32;-50;55.99;-50;2;UP_AND_DOWN
2025-05-31T09:30;2025-05-31T09:45;39;EUR;MWh;NO;NO;;-71;-71;-71;-1;DOWN
2025-05-31T09:45;2025-05-31T10:00;40;EUR;MWh;NO;NO;;-60;-60;-60;-1;DOWN
2025-05-31T10:00;2025-05-31T10:15;41;EUR;MWh;NO;NO;89.3;69.57;89.3;52.99;2;UP_AND_DOWN
2025-05-31T10:15;2025-05-31T10:30;42;EUR;MWh;NO;NO;26;10;52.99;10;2;UP_AND_DOWN
2025-05-31T10:30;2025-05-31T10:45;43;EUR;MWh;NO;NO;60.3;10;60.3;10;2;UP_AND_DOWN
2025-05-31T10:45;2025-05-31T11:00;44;EUR;MWh;NO;NO;30;-18.5;54.99;-18.5;2;UP_AND_DOWN
2025-05-31T11:00;2025-05-31T11:15;45;EUR;MWh;NO;NO;83.09;69.57;83.09;55.49;2;UP_AND_DOWN
2025-05-31T11:15;2025-05-31T11:30;46;EUR;MWh;NO;NO;31;10;10;10;-1;DOWN
2025-05-31T11:30;2025-05-31T11:45;47;EUR;MWh;NO;NO;69.93;30.1;69.93;30.1;2;UP_AND_DOWN
2025-05-31T11:45;2025-05-31T12:00;48;EUR;MWh;NO;NO;89.7;10.1;89.7;10.1;2;UP_AND_DOWN
2025-05-31T12:00;2025-05-31T12:15;49;EUR;MWh;NO;NO;73.45;-30;73.45;-30;2;UP_AND_DOWN
2025-05-31T12:15;2025-05-31T12:30;50;EUR;MWh;NO;NO;;10.1;10.1;10.1;-1;DOWN
2025-05-31T12:30;2025-05-31T12:45;51;EUR;MWh;NO;NO;;9.9;9.9;9.9;-1;DOWN
2025-05-31T12:45;2025-05-31T13:00;52;EUR;MWh;NO;NO;42;-10;-10;-10;-1;DOWN
2025-05-31T13:00;2025-05-31T13:15;53;EUR;MWh;NO;NO;;10;10;10;-1;DOWN
2025-05-31T13:15;2025-05-31T13:30;54;EUR;MWh;NO;NO;;-30;-30;-30;-1;DOWN
2025-05-31T13:30;2025-05-31T13:45;55;EUR;MWh;NO;NO;;-9;-9;-9;-1;DOWN
2025-05-31T13:45;2025-05-31T14:00;56;EUR;MWh;NO;NO;;-9;-9;-9;-1;DOWN
2025-05-31T14:00;2025-05-31T14:15;57;EUR;MWh;NO;NO;;-11;-11;-11;-1;DOWN
2025-05-31T14:15;2025-05-31T14:30;58;EUR;MWh;NO;NO;;-16;-16;-16;-1;DOWN
2025-05-31T14:30;2025-05-31T14:45;59;EUR;MWh;NO;NO;;-21;-21;-21;-1;DOWN
2025-05-31T14:45;2025-05-31T15:00;60;EUR;MWh;NO;NO;;15;15;15;-1;DOWN
2025-05-31T15:00;2025-05-31T15:15;61;EUR;MWh;NO;NO;;-30;-30;-30;-1;DOWN
2025-05-31T15:15;2025-05-31T15:30;62;EUR;MWh;NO;NO;;-30;-30;-30;-1;DOWN
2025-05-31T15:30;2025-05-31T15:45;63;EUR;MWh;NO;NO;;10;10;10;-1;DOWN
2025-05-31T15:45;2025-05-31T16:00;64;EUR;MWh;NO;NO;;-898.26;-898.26;-898.26;-1;DOWN
2025-05-31T16:00;2025-05-31T16:15;65;EUR;MWh;NO;NO;37;10;10;10;-1;DOWN
2025-05-31T16:15;2025-05-31T16:30;66;EUR;MWh;NO;NO;61.8;-583.54;61.8;-583.54;2;UP_AND_DOWN
2025-05-31T16:30;2025-05-31T16:45;67;EUR;MWh;NO;NO;1;-30;40.49;-30;2;UP_AND_DOWN
2025-05-31T16:45;2025-05-31T17:00;68;EUR;MWh;NO;NO;95;;95;95;1;UP
2025-05-31T17:00;2025-05-31T17:15;69;EUR;MWh;NO;NO;88.66;-30;88.66;-30;2;UP_AND_DOWN
2025-05-31T17:15;2025-05-31T17:30;70;EUR;MWh;NO;NO;116.98;-30;116.98;116.98;1;UP
2025-05-31T17:30;2025-05-31T17:45;71;EUR;MWh;NO;NO;141.98;;141.98;141.98;1;UP
2025-05-31T17:45;2025-05-31T18:00;72;EUR;MWh;NO;NO;165;;165;165;1;UP
2025-05-31T18:00;2025-05-31T18:15;73;EUR;MWh;NO;NO;227.35;;227.35;227.35;1;UP
2025-05-31T18:15;2025-05-31T18:30;74;EUR;MWh;NO;NO;152.9;;152.9;152.9;1;UP
2025-05-31T18:30;2025-05-31T18:45;75;EUR;MWh;NO;NO;165;;165;165;1;UP
2025-05-31T18:45;2025-05-31T19:00;76;EUR;MWh;NO;NO;153.3;;153.3;153.3;1;UP
2025-05-31T19:00;2025-05-31T19:15;77;EUR;MWh;NO;NO;127;79.7;127;69.27;2;UP_AND_DOWN
2025-05-31T19:15;2025-05-31T19:30;78;EUR;MWh;NO;NO;127;69;127;69;2;UP_AND_DOWN
2025-05-31T19:30;2025-05-31T19:45;79;EUR;MWh;NO;NO;;47.58;47.58;47.58;-1;DOWN
2025-05-31T19:45;2025-05-31T20:00;80;EUR;MWh;NO;NO;101.88;70.18;101.88;69.27;2;UP_AND_DOWN
2025-05-31T20:00;2025-05-31T20:15;81;EUR;MWh;NO;NO;101.78;69.98;101.78;69.18;2;UP_AND_DOWN
2025-05-31T20:15;2025-05-31T20:30;82;EUR;MWh;NO;NO;135.98;;135.98;135.98;1;UP
2025-05-31T20:30;2025-05-31T20:45;83;EUR;MWh;NO;NO;117;;117;117;1;UP
2025-05-31T20:45;2025-05-31T21:00;84;EUR;MWh;NO;NO;93.9;66;93.9;66;2;UP_AND_DOWN
2025-05-31T21:00;2025-05-31T21:15;85;EUR;MWh;NO;NO;141.98;66;141.98;141.98;1;UP
2025-05-31T21:15;2025-05-31T21:30;86;EUR;MWh;NO;NO;119.98;76.32;119.98;70.97;2;UP_AND_DOWN
2025-05-31T21:30;2025-05-31T21:45;87;EUR;MWh;NO;NO;119.98;67;67;67;-1;DOWN
2025-05-31T21:45;2025-05-31T22:00;88;EUR;MWh;NO;NO;;70;70;70;-1;DOWN
2025-05-31T22:00;2025-05-31T22:15;89;EUR;MWh;NO;NO;124.98;70;124.98;68.02;2;UP_AND_DOWN
2025-05-31T22:15;2025-05-31T22:30;90;EUR;MWh;NO;NO;124.98;67;67;67;-1;DOWN
2025-05-31T22:30;2025-05-31T22:45;91;EUR;MWh;NO;NO;;65;65;65;-1;DOWN
2025-05-31T22:45;2025-05-31T23:00;92;EUR;MWh;NO;NO;;57.3;57.3;57.3;-1;DOWN
2025-05-31T23:00;2025-05-31T23:15;93;EUR;MWh;NO;NO;130.98;66;130.98;66;2;UP_AND_DOWN
2025-05-31T23:15;2025-05-31T23:30;94;EUR;MWh;NO;NO;125.98;;125.98;125.98;1;UP
2025-05-31T23:30;2025-05-31T23:45;95;EUR;MWh;NO;NO;153.4;74.98;153.4;69.27;2;UP_AND_DOWN
2025-05-31T23:45;2025-06-01T00:00;96;EUR;MWh;NO;NO;125.98;73.08;125.98;69.27;2;UP_AND_DOWN
