Timeinterval Start Loc;Timeinterval End Loc;Isp;Currency Unit Name;Price Measurement Unit Name;Incident Reserve Up;Incident Reserve Down;Price Dispatch Up;Price Dispatch Down;Price Shortage;Price Surplus;Regulation State;Regulating Condition
2024-12-01T00:00;2024-12-01T00:15;1;EUR;MWh;NO;NO;;-.34;-.34;-.34;-1;DOWN
2024-12-01T00:15;2024-12-01T00:30;2;EUR;MWh;NO;NO;74.03;94.98;84.51;84.51;2;UP_AND_DOWN
2024-12-01T00:30;2024-12-01T00:45;3;EUR;MWh;NO;NO;;94.98;94.98;94.98;-1;DOWN
2024-12-01T00:45;2024-12-01T01:00;4;EUR;MWh;NO;NO;;83.98;83.98;83.98;-1;DOWN
2024-12-01T01:00;2024-12-01T01:15;5;EUR;MWh;NO;NO;115.87;89.98;115.87;84.51;2;UP_AND_DOWN
2024-12-01T01:15;2024-12-01T01:30;6;EUR;MWh;NO;NO;115.87;79.55;79.55;79.55;-1;DOWN
2024-12-01T01:30;2024-12-01T01:45;7;EUR;MWh;NO;NO;;70.08;70.08;70.08;-1;DOWN
2024-12-01T01:45;2024-12-01T02:00;8;EUR;MWh;NO;NO;;65.98;65.98;65.98;-1;DOWN
2024-12-01T02:00;2024-12-01T02:15;9;EUR;MWh;NO;NO;120;83.98;120;83.98;2;UP_AND_DOWN
2024-12-01T02:15;2024-12-01T02:30;10;EUR;MWh;NO;NO;123.1;73.55;123.1;73.55;2;UP_AND_DOWN
2024-12-01T02:30;2024-12-01T02:45;11;EUR;MWh;NO;NO;;70.08;70.08;70.08;-1;DOWN
2024-12-01T02:45;2024-12-01T03:00;12;EUR;MWh;NO;NO;;85.08;85.08;85.08;-1;DOWN
2024-12-01T03:00;2024-12-01T03:15;13;EUR;MWh;NO;NO;120;85.08;120;84.51;2;UP_AND_DOWN
2024-12-01T03:15;2024-12-01T03:30;14;EUR;MWh;NO;NO;99;;99;99;1;UP
2024-12-01T03:30;2024-12-01T03:45;15;EUR;MWh;NO;NO;;59.98;59.98;59.98;-1;DOWN
2024-12-01T03:45;2024-12-01T04:00;16;EUR;MWh;NO;NO;;55.08;55.08;55.08;-1;DOWN
2024-12-01T04:00;2024-12-01T04:15;17;EUR;MWh;NO;NO;110.78;70.08;110.78;70.08;2;UP_AND_DOWN
2024-12-01T04:15;2024-12-01T04:30;18;EUR;MWh;NO;NO;107.5;80.98;107.5;80.98;2;UP_AND_DOWN
2024-12-01T04:30;2024-12-01T04:45;19;EUR;MWh;NO;NO;109.04;86.55;109.04;84.51;2;UP_AND_DOWN
2024-12-01T04:45;2024-12-01T05:00;20;EUR;MWh;NO;NO;107.43;;107.43;107.43;1;UP
2024-12-01T05:00;2024-12-01T05:15;21;EUR;MWh;NO;NO;124.98;;124.98;124.98;1;UP
2024-12-01T05:15;2024-12-01T05:30;22;EUR;MWh;NO;NO;122.8;;122.8;122.8;1;UP
2024-12-01T05:30;2024-12-01T05:45;23;EUR;MWh;NO;NO;122.7;;122.7;122.7;1;UP
2024-12-01T05:45;2024-12-01T06:00;24;EUR;MWh;NO;NO;122.6;;122.6;122.6;1;UP
2024-12-01T06:00;2024-12-01T06:15;25;EUR;MWh;NO;NO;122.5;;122.5;122.5;1;UP
2024-12-01T06:15;2024-12-01T06:30;26;EUR;MWh;NO;NO;124.98;;124.98;124.98;1;UP
2024-12-01T06:30;2024-12-01T06:45;27;EUR;MWh;NO;NO;124.98;;124.98;124.98;1;UP
2024-12-01T06:45;2024-12-01T07:00;28;EUR;MWh;NO;NO;120;;120;120;1;UP
2024-12-01T07:00;2024-12-01T07:15;29;EUR;MWh;NO;NO;99;30;99;30;2;UP_AND_DOWN
2024-12-01T07:15;2024-12-01T07:30;30;EUR;MWh;NO;NO;122.5;30;122.5;122.5;1;UP
2024-12-01T07:30;2024-12-01T07:45;31;EUR;MWh;NO;NO;110.49;;110.49;110.49;1;UP
2024-12-01T07:45;2024-12-01T08:00;32;EUR;MWh;NO;NO;122.4;;122.4;122.4;1;UP
2024-12-01T08:00;2024-12-01T08:15;33;EUR;MWh;NO;NO;113.79;;113.79;113.79;1;UP
2024-12-01T08:15;2024-12-01T08:30;34;EUR;MWh;NO;NO;117.98;;117.98;117.98;1;UP
2024-12-01T08:30;2024-12-01T08:45;35;EUR;MWh;NO;NO;115.47;;115.47;115.47;1;UP
2024-12-01T08:45;2024-12-01T09:00;36;EUR;MWh;NO;NO;122.4;;122.4;122.4;1;UP
2024-12-01T09:00;2024-12-01T09:15;37;EUR;MWh;NO;NO;153.98;;153.98;153.98;1;UP
2024-12-01T09:15;2024-12-01T09:30;38;EUR;MWh;NO;NO;130;;130;130;1;UP
2024-12-01T09:30;2024-12-01T09:45;39;EUR;MWh;NO;NO;112.81;77;112.81;77;2;UP_AND_DOWN
2024-12-01T09:45;2024-12-01T10:00;40;EUR;MWh;NO;NO;112.81;70.08;112.81;70.08;2;UP_AND_DOWN
2024-12-01T10:00;2024-12-01T10:15;41;EUR;MWh;NO;NO;149.47;70.08;149.47;149.47;1;UP
2024-12-01T10:15;2024-12-01T10:30;42;EUR;MWh;NO;NO;122.8;;122.8;122.8;1;UP
2024-12-01T10:30;2024-12-01T10:45;43;EUR;MWh;NO;NO;124.47;;124.47;124.47;1;UP
2024-12-01T10:45;2024-12-01T11:00;44;EUR;MWh;NO;NO;116.57;42.9;116.57;42.9;2;UP_AND_DOWN
2024-12-01T11:00;2024-12-01T11:15;45;EUR;MWh;NO;NO;158.3;73.47;158.3;73.47;2;UP_AND_DOWN
2024-12-01T11:15;2024-12-01T11:30;46;EUR;MWh;NO;NO;134.69;;134.69;134.69;1;UP
2024-12-01T11:30;2024-12-01T11:45;47;EUR;MWh;NO;NO;108.69;84.69;108.69;83.86;2;UP_AND_DOWN
2024-12-01T11:45;2024-12-01T12:00;48;EUR;MWh;NO;NO;;73.47;73.47;73.47;-1;DOWN
2024-12-01T12:00;2024-12-01T12:15;49;EUR;MWh;NO;NO;;-3.69;-3.69;-3.69;-1;DOWN
2024-12-01T12:15;2024-12-01T12:30;50;EUR;MWh;NO;NO;;54.34;54.34;54.34;-1;DOWN
2024-12-01T12:30;2024-12-01T12:45;51;EUR;MWh;NO;NO;;84.69;84.69;84.69;-1;DOWN
2024-12-01T12:45;2024-12-01T13:00;52;EUR;MWh;NO;NO;;54.2;54.2;54.2;-1;DOWN
2024-12-01T13:00;2024-12-01T13:15;53;EUR;MWh;NO;NO;;-46.09;-46.09;-46.09;-1;DOWN
2024-12-01T13:15;2024-12-01T13:30;54;EUR;MWh;NO;NO;;-16.68;-16.68;-16.68;-1;DOWN
2024-12-01T13:30;2024-12-01T13:45;55;EUR;MWh;NO;NO;;30;30;30;-1;DOWN
2024-12-01T13:45;2024-12-01T14:00;56;EUR;MWh;NO;NO;;30;30;30;-1;DOWN
2024-12-01T14:00;2024-12-01T14:15;57;EUR;MWh;NO;NO;;40.08;40.08;40.08;-1;DOWN
2024-12-01T14:15;2024-12-01T14:30;58;EUR;MWh;NO;NO;130;40.08;130;130;1;UP
2024-12-01T14:30;2024-12-01T14:45;59;EUR;MWh;NO;NO;186.69;;186.69;186.69;1;UP
2024-12-01T14:45;2024-12-01T15:00;60;EUR;MWh;NO;NO;210.69;;210.69;210.69;1;UP
2024-12-01T15:00;2024-12-01T15:15;61;EUR;MWh;NO;NO;175.1;;175.1;175.1;1;UP
2024-12-01T15:15;2024-12-01T15:30;62;EUR;MWh;NO;NO;157.37;;157.37;157.37;1;UP
2024-12-01T15:30;2024-12-01T15:45;63;EUR;MWh;NO;NO;151.3;;151.3;151.3;1;UP
2024-12-01T15:45;2024-12-01T16:00;64;EUR;MWh;NO;NO;102.47;54.69;54.69;54.69;-1;DOWN
2024-12-01T16:00;2024-12-01T16:15;65;EUR;MWh;NO;NO;;3.69;3.69;3.69;-1;DOWN
2024-12-01T16:15;2024-12-01T16:30;66;EUR;MWh;NO;NO;;33;33;33;-1;DOWN
2024-12-01T16:30;2024-12-01T16:45;67;EUR;MWh;NO;NO;;40.08;40.08;40.08;-1;DOWN
2024-12-01T16:45;2024-12-01T17:00;68;EUR;MWh;NO;NO;;44.69;44.69;44.69;-1;DOWN
2024-12-01T17:00;2024-12-01T17:15;69;EUR;MWh;NO;NO;;-100;-100;-100;-1;DOWN
2024-12-01T17:15;2024-12-01T17:30;70;EUR;MWh;NO;NO;122.78;-30;122.78;-30;2;UP_AND_DOWN
2024-12-01T17:30;2024-12-01T17:45;71;EUR;MWh;NO;NO;;-11.77;-11.77;-11.77;-1;DOWN
2024-12-01T17:45;2024-12-01T18:00;72;EUR;MWh;NO;NO;;-34.33;-34.33;-34.33;-1;DOWN
2024-12-01T18:00;2024-12-01T18:15;73;EUR;MWh;NO;NO;;-11.67;-11.67;-11.67;-1;DOWN
2024-12-01T18:15;2024-12-01T18:30;74;EUR;MWh;NO;NO;;-30.68;-30.68;-30.68;-1;DOWN
2024-12-01T18:30;2024-12-01T18:45;75;EUR;MWh;NO;NO;;-13.32;-13.32;-13.32;-1;DOWN
2024-12-01T18:45;2024-12-01T19:00;76;EUR;MWh;NO;NO;;-8.29;-8.29;-8.29;-1;DOWN
2024-12-01T19:00;2024-12-01T19:15;77;EUR;MWh;NO;NO;;-3.69;-3.69;-3.69;-1;DOWN
2024-12-01T19:15;2024-12-01T19:30;78;EUR;MWh;NO;NO;;70;70;70;-1;DOWN
2024-12-01T19:30;2024-12-01T19:45;79;EUR;MWh;NO;NO;;70.08;70.08;70.08;-1;DOWN
2024-12-01T19:45;2024-12-01T20:00;80;EUR;MWh;NO;NO;;55.08;55.08;55.08;-1;DOWN
2024-12-01T20:00;2024-12-01T20:15;81;EUR;MWh;NO;NO;;70;70;70;-1;DOWN
2024-12-01T20:15;2024-12-01T20:30;82;EUR;MWh;NO;NO;;79.69;79.69;79.69;-1;DOWN
2024-12-01T20:30;2024-12-01T20:45;83;EUR;MWh;NO;NO;;79.47;79.47;79.47;-1;DOWN
2024-12-01T20:45;2024-12-01T21:00;84;EUR;MWh;NO;NO;;49.69;49.69;49.69;-1;DOWN
2024-12-01T21:00;2024-12-01T21:15;85;EUR;MWh;NO;NO;;70;70;70;-1;DOWN
2024-12-01T21:15;2024-12-01T21:30;86;EUR;MWh;NO;NO;;74.69;74.69;74.69;-1;DOWN
2024-12-01T21:30;2024-12-01T21:45;87;EUR;MWh;NO;NO;;59.69;59.69;59.69;-1;DOWN
2024-12-01T21:45;2024-12-01T22:00;88;EUR;MWh;NO;NO;;37.9;37.9;37.9;-1;DOWN
2024-12-01T22:00;2024-12-01T22:15;89;EUR;MWh;NO;NO;117.27;55.08;117.27;55.08;2;UP_AND_DOWN
2024-12-01T22:15;2024-12-01T22:30;90;EUR;MWh;NO;NO;110.78;;110.78;110.78;1;UP
2024-12-01T22:30;2024-12-01T22:45;91;EUR;MWh;NO;NO;102.47;77;102.47;77;2;UP_AND_DOWN
2024-12-01T22:45;2024-12-01T23:00;92;EUR;MWh;NO;NO;;85.08;85.08;85.08;-1;DOWN
2024-12-01T23:00;2024-12-01T23:15;93;EUR;MWh;NO;NO;;70;70;70;-1;DOWN
2024-12-01T23:15;2024-12-01T23:30;94;EUR;MWh;NO;NO;102.47;70;102.47;70;2;UP_AND_DOWN
2024-12-01T23:30;2024-12-01T23:45;95;EUR;MWh;NO;NO;;-2.4;-2.4;-2.4;-1;DOWN
2024-12-01T23:45;2024-12-02T00:00;96;EUR;MWh;NO;NO;;-19.65;-19.65;-19.65;-1;DOWN
2024-12-02T00:00;2024-12-02T00:15;1;EUR;MWh;NO;NO;;-399.88;-399.88;-399.88;-1;DOWN
2024-12-02T00:15;2024-12-02T00:30;2;EUR;MWh;NO;NO;;-101.74;-101.74;-101.74;-1;DOWN
2024-12-02T00:30;2024-12-02T00:45;3;EUR;MWh;NO;NO;;-60;-60;-60;-1;DOWN
2024-12-02T00:45;2024-12-02T01:00;4;EUR;MWh;NO;NO;;-88.29;-88.29;-88.29;-1;DOWN
2024-12-02T01:00;2024-12-02T01:15;5;EUR;MWh;NO;NO;;-102.59;-102.59;-102.59;-1;DOWN
2024-12-02T01:15;2024-12-02T01:30;6;EUR;MWh;NO;NO;;-28.57;-28.57;-28.57;-1;DOWN
2024-12-02T01:30;2024-12-02T01:45;7;EUR;MWh;NO;NO;;-36.36;-36.36;-36.36;-1;DOWN
2024-12-02T01:45;2024-12-02T02:00;8;EUR;MWh;NO;NO;;-28.6;-28.6;-28.6;-1;DOWN
2024-12-02T02:00;2024-12-02T02:15;9;EUR;MWh;NO;NO;;-36.49;-36.49;-36.49;-1;DOWN
2024-12-02T02:15;2024-12-02T02:30;10;EUR;MWh;NO;NO;;-23.42;-23.42;-23.42;-1;DOWN
2024-12-02T02:30;2024-12-02T02:45;11;EUR;MWh;NO;NO;;-50;-50;-50;-1;DOWN
2024-12-02T02:45;2024-12-02T03:00;12;EUR;MWh;NO;NO;;-65.58;-65.58;-65.58;-1;DOWN
2024-12-02T03:00;2024-12-02T03:15;13;EUR;MWh;NO;NO;;-35;-35;-35;-1;DOWN
2024-12-02T03:15;2024-12-02T03:30;14;EUR;MWh;NO;NO;;-40;-40;-40;-1;DOWN
2024-12-02T03:30;2024-12-02T03:45;15;EUR;MWh;NO;NO;;-27.92;-27.92;-27.92;-1;DOWN
2024-12-02T03:45;2024-12-02T04:00;16;EUR;MWh;NO;NO;;-45;-45;-45;-1;DOWN
2024-12-02T04:00;2024-12-02T04:15;17;EUR;MWh;NO;NO;;-122.96;-122.96;-122.96;-1;DOWN
2024-12-02T04:15;2024-12-02T04:30;18;EUR;MWh;NO;NO;;-33.39;-33.39;-33.39;-1;DOWN
2024-12-02T04:30;2024-12-02T04:45;19;EUR;MWh;NO;NO;;-40;-40;-40;-1;DOWN
2024-12-02T04:45;2024-12-02T05:00;20;EUR;MWh;NO;NO;;-70;-70;-70;-1;DOWN
2024-12-02T05:00;2024-12-02T05:15;21;EUR;MWh;NO;NO;115.8;-16.48;115.8;-16.48;2;UP_AND_DOWN
2024-12-02T05:15;2024-12-02T05:30;22;EUR;MWh;NO;NO;65.07;-16.48;65.07;65.07;1;UP
2024-12-02T05:30;2024-12-02T05:45;23;EUR;MWh;NO;NO;119.7;-16.48;119.7;119.7;1;UP
2024-12-02T05:45;2024-12-02T06:00;24;EUR;MWh;NO;NO;119.7;-16.48;119.7;119.7;1;UP
2024-12-02T06:00;2024-12-02T06:15;25;EUR;MWh;NO;NO;150;-16.48;150;-16.48;2;UP_AND_DOWN
2024-12-02T06:15;2024-12-02T06:30;26;EUR;MWh;NO;NO;150;-16.48;150;150;1;UP
2024-12-02T06:30;2024-12-02T06:45;27;EUR;MWh;NO;NO;130.07;-16.48;130.07;130.07;1;UP
2024-12-02T06:45;2024-12-02T07:00;28;EUR;MWh;NO;NO;134.6;-16.48;134.6;134.6;1;UP
2024-12-02T07:00;2024-12-02T07:15;29;EUR;MWh;NO;NO;134.6;-514.4;134.6;-514.4;2;UP_AND_DOWN
2024-12-02T07:15;2024-12-02T07:30;30;EUR;MWh;NO;NO;171.1;-145.75;171.1;-145.75;2;UP_AND_DOWN
2024-12-02T07:30;2024-12-02T07:45;31;EUR;MWh;NO;NO;75.07;-29.47;-29.47;-29.47;-1;DOWN
2024-12-02T07:45;2024-12-02T08:00;32;EUR;MWh;NO;NO;106.23;-16.48;106.23;-16.48;2;UP_AND_DOWN
2024-12-02T08:00;2024-12-02T08:15;33;EUR;MWh;NO;NO;;-359.78;-359.78;-359.78;-1;DOWN
2024-12-02T08:15;2024-12-02T08:30;34;EUR;MWh;NO;NO;;-16.48;-16.48;-16.48;-1;DOWN
2024-12-02T08:30;2024-12-02T08:45;35;EUR;MWh;NO;NO;85.07;-34.69;-34.69;-34.69;-1;DOWN
2024-12-02T08:45;2024-12-02T09:00;36;EUR;MWh;NO;NO;119.8;-16.48;119.8;-16.48;2;UP_AND_DOWN
2024-12-02T09:00;2024-12-02T09:15;37;EUR;MWh;NO;NO;;-16.48;-16.48;-16.48;-1;DOWN
2024-12-02T09:15;2024-12-02T09:30;38;EUR;MWh;NO;NO;;-16.48;-16.48;-16.48;-1;DOWN
2024-12-02T09:30;2024-12-02T09:45;39;EUR;MWh;NO;NO;;-16.48;-16.48;-16.48;-1;DOWN
2024-12-02T09:45;2024-12-02T10:00;40;EUR;MWh;NO;NO;119.8;-16.48;119.8;-16.48;2;UP_AND_DOWN
2024-12-02T10:00;2024-12-02T10:15;41;EUR;MWh;NO;NO;119.8;-16.48;119.8;-16.48;2;UP_AND_DOWN
2024-12-02T10:15;2024-12-02T10:30;42;EUR;MWh;NO;NO;134.5;-16.48;134.5;-16.48;2;UP_AND_DOWN
2024-12-02T10:30;2024-12-02T10:45;43;EUR;MWh;NO;NO;134.5;-16.48;-16.48;-16.48;-1;DOWN
2024-12-02T10:45;2024-12-02T11:00;44;EUR;MWh;NO;NO;85.07;-16.48;85.07;-16.48;2;UP_AND_DOWN
2024-12-02T11:00;2024-12-02T11:15;45;EUR;MWh;NO;NO;110.6;-16.48;110.6;-16.48;2;UP_AND_DOWN
2024-12-02T11:15;2024-12-02T11:30;46;EUR;MWh;NO;NO;65.07;-16.48;65.07;65.07;1;UP
2024-12-02T11:30;2024-12-02T11:45;47;EUR;MWh;NO;NO;65.07;-16.48;83.77;-16.48;2;UP_AND_DOWN
2024-12-02T11:45;2024-12-02T12:00;48;EUR;MWh;NO;NO;;-16.48;-16.48;-16.48;-1;DOWN
2024-12-02T12:00;2024-12-02T12:15;49;EUR;MWh;NO;NO;698.61;-16.48;698.61;-16.48;2;UP_AND_DOWN
2024-12-02T12:15;2024-12-02T12:30;50;EUR;MWh;NO;NO;698.61;-16.48;-16.48;-16.48;-1;DOWN
2024-12-02T12:30;2024-12-02T12:45;51;EUR;MWh;NO;NO;164.98;-16.48;164.98;164.98;1;UP
2024-12-02T12:45;2024-12-02T13:00;52;EUR;MWh;NO;NO;119.8;-16.48;-16.48;-16.48;-1;DOWN
2024-12-02T13:00;2024-12-02T13:15;53;EUR;MWh;NO;NO;134.5;-16.48;134.5;-16.48;2;UP_AND_DOWN
2024-12-02T13:15;2024-12-02T13:30;54;EUR;MWh;NO;NO;134.5;-16.48;134.5;134.5;1;UP
2024-12-02T13:30;2024-12-02T13:45;55;EUR;MWh;NO;NO;150;-16.48;150;150;1;UP
2024-12-02T13:45;2024-12-02T14:00;56;EUR;MWh;NO;NO;117.8;-16.48;117.8;-16.48;2;UP_AND_DOWN
2024-12-02T14:00;2024-12-02T14:15;57;EUR;MWh;NO;NO;;-16.48;-16.48;-16.48;-1;DOWN
2024-12-02T14:15;2024-12-02T14:30;58;EUR;MWh;NO;NO;;-16.48;-16.48;-16.48;-1;DOWN
2024-12-02T14:30;2024-12-02T14:45;59;EUR;MWh;NO;NO;85.07;-91.75;-91.75;-91.75;-1;DOWN
2024-12-02T14:45;2024-12-02T15:00;60;EUR;MWh;NO;NO;;-16.48;-16.48;-16.48;-1;DOWN
2024-12-02T15:00;2024-12-02T15:15;61;EUR;MWh;NO;NO;;-16.48;-16.48;-16.48;-1;DOWN
2024-12-02T15:15;2024-12-02T15:30;62;EUR;MWh;NO;NO;;-206.24;-206.24;-206.24;-1;DOWN
2024-12-02T15:30;2024-12-02T15:45;63;EUR;MWh;NO;NO;;-152.35;-152.35;-152.35;-1;DOWN
2024-12-02T15:45;2024-12-02T16:00;64;EUR;MWh;NO;NO;150;-16.48;150;-16.48;2;UP_AND_DOWN
2024-12-02T16:00;2024-12-02T16:15;65;EUR;MWh;NO;NO;100;-16.48;100;-16.48;2;UP_AND_DOWN
2024-12-02T16:15;2024-12-02T16:30;66;EUR;MWh;NO;NO;;-16.48;-16.48;-16.48;-1;DOWN
2024-12-02T16:30;2024-12-02T16:45;67;EUR;MWh;NO;NO;;-16.48;-16.48;-16.48;-1;DOWN
2024-12-02T16:45;2024-12-02T17:00;68;EUR;MWh;NO;NO;;-16.48;-16.48;-16.48;-1;DOWN
2024-12-02T17:00;2024-12-02T17:15;69;EUR;MWh;NO;NO;85.07;-100;85.07;-100;2;UP_AND_DOWN
2024-12-02T17:15;2024-12-02T17:30;70;EUR;MWh;NO;NO;133;-16.48;133;133;1;UP
2024-12-02T17:30;2024-12-02T17:45;71;EUR;MWh;NO;NO;;-16.48;-16.48;-16.48;-1;DOWN
2024-12-02T17:45;2024-12-02T18:00;72;EUR;MWh;NO;NO;;-16.48;-16.48;-16.48;-1;DOWN
2024-12-02T18:00;2024-12-02T18:15;73;EUR;MWh;NO;NO;;-16.48;-16.48;-16.48;-1;DOWN
2024-12-02T18:15;2024-12-02T18:30;74;EUR;MWh;NO;NO;;-16.48;-16.48;-16.48;-1;DOWN
2024-12-02T18:30;2024-12-02T18:45;75;EUR;MWh;NO;NO;;-16.48;-16.48;-16.48;-1;DOWN
2024-12-02T18:45;2024-12-02T19:00;76;EUR;MWh;NO;NO;;-16.48;-16.48;-16.48;-1;DOWN
2024-12-02T19:00;2024-12-02T19:15;77;EUR;MWh;NO;NO;698.61;-16.48;698.61;-16.48;2;UP_AND_DOWN
2024-12-02T19:15;2024-12-02T19:30;78;EUR;MWh;NO;NO;129;-16.48;129;-16.48;2;UP_AND_DOWN
2024-12-02T19:30;2024-12-02T19:45;79;EUR;MWh;NO;NO;129;-16.48;-16.48;-16.48;-1;DOWN
2024-12-02T19:45;2024-12-02T20:00;80;EUR;MWh;NO;NO;;-16.48;-16.48;-16.48;-1;DOWN
2024-12-02T20:00;2024-12-02T20:15;81;EUR;MWh;NO;NO;150.56;-16.48;150.56;-16.48;2;UP_AND_DOWN
2024-12-02T20:15;2024-12-02T20:30;82;EUR;MWh;NO;NO;172.6;-16.48;172.6;172.6;1;UP
2024-12-02T20:30;2024-12-02T20:45;83;EUR;MWh;NO;NO;172.6;-16.48;172.6;172.6;1;UP
2024-12-02T20:45;2024-12-02T21:00;84;EUR;MWh;NO;NO;172.6;-16.48;82.23;82.23;0;STABLE
2024-12-02T21:00;2024-12-02T21:15;85;EUR;MWh;NO;NO;120.5;-16.48;120.5;120.5;1;UP
2024-12-02T21:15;2024-12-02T21:30;86;EUR;MWh;NO;NO;62;-16.48;82.23;-16.48;2;UP_AND_DOWN
2024-12-02T21:30;2024-12-02T21:45;87;EUR;MWh;NO;NO;108.24;-16.48;108.24;108.24;1;UP
2024-12-02T21:45;2024-12-02T22:00;88;EUR;MWh;NO;NO;85.07;-16.48;85.07;-16.48;2;UP_AND_DOWN
2024-12-02T22:00;2024-12-02T22:15;89;EUR;MWh;NO;NO;85.07;-16.48;85.07;-16.48;2;UP_AND_DOWN
2024-12-02T22:15;2024-12-02T22:30;90;EUR;MWh;NO;NO;85.07;-16.48;85.07;-16.48;2;UP_AND_DOWN
2024-12-02T22:30;2024-12-02T22:45;91;EUR;MWh;NO;NO;;-22;-22;-22;-1;DOWN
2024-12-02T22:45;2024-12-02T23:00;92;EUR;MWh;NO;NO;;-30;-30;-30;-1;DOWN
2024-12-02T23:00;2024-12-02T23:15;93;EUR;MWh;NO;NO;;-100;-100;-100;-1;DOWN
2024-12-02T23:15;2024-12-02T23:30;94;EUR;MWh;NO;NO;;-16.48;-16.48;-16.48;-1;DOWN
2024-12-02T23:30;2024-12-02T23:45;95;EUR;MWh;NO;NO;;-143.08;-143.08;-143.08;-1;DOWN
2024-12-02T23:45;2024-12-03T00:00;96;EUR;MWh;NO;NO;;-198.6;-198.6;-198.6;-1;DOWN
2024-12-03T00:00;2024-12-03T00:15;1;EUR;MWh;NO;NO;;73.62;73.62;73.62;-1;DOWN
2024-12-03T00:15;2024-12-03T00:30;2;EUR;MWh;NO;NO;;66.62;66.62;66.62;-1;DOWN
2024-12-03T00:30;2024-12-03T00:45;3;EUR;MWh;NO;NO;;-6.65;-6.65;-6.65;-1;DOWN
2024-12-03T00:45;2024-12-03T01:00;4;EUR;MWh;NO;NO;;-173.6;-173.6;-173.6;-1;DOWN
2024-12-03T01:00;2024-12-03T01:15;5;EUR;MWh;NO;NO;;-63.46;-63.46;-63.46;-1;DOWN
2024-12-03T01:15;2024-12-03T01:30;6;EUR;MWh;NO;NO;;-305.09;-305.09;-305.09;-1;DOWN
2024-12-03T01:30;2024-12-03T01:45;7;EUR;MWh;NO;NO;;-511.99;-511.99;-511.99;-1;DOWN
2024-12-03T01:45;2024-12-03T02:00;8;EUR;MWh;NO;NO;;-154.73;-154.73;-154.73;-1;DOWN
2024-12-03T02:00;2024-12-03T02:15;9;EUR;MWh;NO;NO;;-6.65;-6.65;-6.65;-1;DOWN
2024-12-03T02:15;2024-12-03T02:30;10;EUR;MWh;NO;NO;;-21.65;-21.65;-21.65;-1;DOWN
2024-12-03T02:30;2024-12-03T02:45;11;EUR;MWh;NO;NO;;-41;-41;-41;-1;DOWN
2024-12-03T02:45;2024-12-03T03:00;12;EUR;MWh;NO;NO;;-30.38;-30.38;-30.38;-1;DOWN
2024-12-03T03:00;2024-12-03T03:15;13;EUR;MWh;NO;NO;118.24;31.8;118.24;31.8;2;UP_AND_DOWN
2024-12-03T03:15;2024-12-03T03:30;14;EUR;MWh;NO;NO;;41.65;41.65;41.65;-1;DOWN
2024-12-03T03:30;2024-12-03T03:45;15;EUR;MWh;NO;NO;;57.05;57.05;57.05;-1;DOWN
2024-12-03T03:45;2024-12-03T04:00;16;EUR;MWh;NO;NO;;67;67;67;-1;DOWN
2024-12-03T04:00;2024-12-03T04:15;17;EUR;MWh;NO;NO;;97;99.81;99.81;0;STABLE
2024-12-03T04:15;2024-12-03T04:30;18;EUR;MWh;NO;NO;;10;10;10;-1;DOWN
2024-12-03T04:30;2024-12-03T04:45;19;EUR;MWh;NO;NO;115;66.62;115;115;1;UP
2024-12-03T04:45;2024-12-03T05:00;20;EUR;MWh;NO;NO;118.09;;118.09;118.09;1;UP
2024-12-03T05:00;2024-12-03T05:15;21;EUR;MWh;NO;NO;118.09;10;10;10;-1;DOWN
2024-12-03T05:15;2024-12-03T05:30;22;EUR;MWh;NO;NO;;41.65;41.65;41.65;-1;DOWN
2024-12-03T05:30;2024-12-03T05:45;23;EUR;MWh;NO;NO;104.59;44.9;104.59;44.9;2;UP_AND_DOWN
2024-12-03T05:45;2024-12-03T06:00;24;EUR;MWh;NO;NO;118.09;44.9;118.09;118.09;1;UP
2024-12-03T06:00;2024-12-03T06:15;25;EUR;MWh;NO;NO;118.09;10;10;10;-1;DOWN
2024-12-03T06:15;2024-12-03T06:30;26;EUR;MWh;NO;NO;;42.16;42.16;42.16;-1;DOWN
2024-12-03T06:30;2024-12-03T06:45;27;EUR;MWh;NO;NO;174.5;92.58;174.5;92.58;2;UP_AND_DOWN
2024-12-03T06:45;2024-12-03T07:00;28;EUR;MWh;NO;NO;150;;150;150;1;UP
2024-12-03T07:00;2024-12-03T07:15;29;EUR;MWh;NO;NO;133.52;80;133.52;80;2;UP_AND_DOWN
2024-12-03T07:15;2024-12-03T07:30;30;EUR;MWh;NO;NO;126.02;;126.02;126.02;1;UP
2024-12-03T07:30;2024-12-03T07:45;31;EUR;MWh;NO;NO;150;;150;150;1;UP
2024-12-03T07:45;2024-12-03T08:00;32;EUR;MWh;NO;NO;152.1;;152.1;152.1;1;UP
2024-12-03T08:00;2024-12-03T08:15;33;EUR;MWh;NO;NO;125;97.4;125;97.4;2;UP_AND_DOWN
2024-12-03T08:15;2024-12-03T08:30;34;EUR;MWh;NO;NO;130.59;98.98;130.59;98.98;2;UP_AND_DOWN
2024-12-03T08:30;2024-12-03T08:45;35;EUR;MWh;NO;NO;139.09;;139.09;139.09;1;UP
2024-12-03T08:45;2024-12-03T09:00;36;EUR;MWh;NO;NO;122;71.98;71.98;71.98;-1;DOWN
2024-12-03T09:00;2024-12-03T09:15;37;EUR;MWh;NO;NO;;43.69;43.69;43.69;-1;DOWN
2024-12-03T09:15;2024-12-03T09:30;38;EUR;MWh;NO;NO;;40.69;40.69;40.69;-1;DOWN
2024-12-03T09:30;2024-12-03T09:45;39;EUR;MWh;NO;NO;;41.65;41.65;41.65;-1;DOWN
2024-12-03T09:45;2024-12-03T10:00;40;EUR;MWh;NO;NO;;41.65;41.65;41.65;-1;DOWN
2024-12-03T10:00;2024-12-03T10:15;41;EUR;MWh;NO;NO;197.29;38.79;197.29;38.79;2;UP_AND_DOWN
2024-12-03T10:15;2024-12-03T10:30;42;EUR;MWh;NO;NO;112.16;93.71;112.16;93.71;2;UP_AND_DOWN
2024-12-03T10:30;2024-12-03T10:45;43;EUR;MWh;NO;NO;125;93.53;125;93.53;2;UP_AND_DOWN
2024-12-03T10:45;2024-12-03T11:00;44;EUR;MWh;NO;NO;;89.16;89.16;89.16;-1;DOWN
2024-12-03T11:00;2024-12-03T11:15;45;EUR;MWh;NO;NO;139.09;;139.09;139.09;1;UP
2024-12-03T11:15;2024-12-03T11:30;46;EUR;MWh;NO;NO;149.14;;149.14;149.14;1;UP
2024-12-03T11:30;2024-12-03T11:45;47;EUR;MWh;NO;NO;103.28;;103.28;103.28;1;UP
2024-12-03T11:45;2024-12-03T12:00;48;EUR;MWh;NO;NO;125;;125;125;1;UP
2024-12-03T12:00;2024-12-03T12:15;49;EUR;MWh;NO;NO;153;;153;153;1;UP
2024-12-03T12:15;2024-12-03T12:30;50;EUR;MWh;NO;NO;151.8;97;97;97;-1;DOWN
2024-12-03T12:30;2024-12-03T12:45;51;EUR;MWh;NO;NO;139.09;98.3;139.09;139.09;1;UP
2024-12-03T12:45;2024-12-03T13:00;52;EUR;MWh;NO;NO;184.09;;184.09;184.09;1;UP
2024-12-03T13:00;2024-12-03T13:15;53;EUR;MWh;NO;NO;105.16;98.21;116.03;98.21;2;UP_AND_DOWN
2024-12-03T13:15;2024-12-03T13:30;54;EUR;MWh;NO;NO;;101.21;101.21;101.21;-1;DOWN
2024-12-03T13:30;2024-12-03T13:45;55;EUR;MWh;NO;NO;150;126.9;150;116.03;2;UP_AND_DOWN
2024-12-03T13:45;2024-12-03T14:00;56;EUR;MWh;NO;NO;145.15;101.21;145.15;101.21;2;UP_AND_DOWN
2024-12-03T14:00;2024-12-03T14:15;57;EUR;MWh;NO;NO;145.15;95.96;95.96;95.96;-1;DOWN
2024-12-03T14:15;2024-12-03T14:30;58;EUR;MWh;NO;NO;119.09;102.71;119.09;102.71;2;UP_AND_DOWN
2024-12-03T14:30;2024-12-03T14:45;59;EUR;MWh;NO;NO;209.09;;209.09;209.09;1;UP
2024-12-03T14:45;2024-12-03T15:00;60;EUR;MWh;NO;NO;184.09;97;184.09;97;2;UP_AND_DOWN
2024-12-03T15:00;2024-12-03T15:15;61;EUR;MWh;NO;NO;;97;97;97;-1;DOWN
2024-12-03T15:15;2024-12-03T15:30;62;EUR;MWh;NO;NO;;93.71;93.71;93.71;-1;DOWN
2024-12-03T15:30;2024-12-03T15:45;63;EUR;MWh;NO;NO;;92.75;92.75;92.75;-1;DOWN
2024-12-03T15:45;2024-12-03T16:00;64;EUR;MWh;NO;NO;150;93.91;150;93.91;2;UP_AND_DOWN
2024-12-03T16:00;2024-12-03T16:15;65;EUR;MWh;NO;NO;119.09;100.94;123.05;100.94;2;UP_AND_DOWN
2024-12-03T16:15;2024-12-03T16:30;66;EUR;MWh;NO;NO;197;129;197;197;1;UP
2024-12-03T16:30;2024-12-03T16:45;67;EUR;MWh;NO;NO;184.73;;184.73;184.73;1;UP
2024-12-03T16:45;2024-12-03T17:00;68;EUR;MWh;NO;NO;200;;200;200;1;UP
2024-12-03T17:00;2024-12-03T17:15;69;EUR;MWh;NO;NO;192.9;98.2;192.9;97;2;UP_AND_DOWN
2024-12-03T17:15;2024-12-03T17:30;70;EUR;MWh;NO;NO;;98.2;98.2;98.2;-1;DOWN
2024-12-03T17:30;2024-12-03T17:45;71;EUR;MWh;NO;NO;;93.71;93.71;93.71;-1;DOWN
2024-12-03T17:45;2024-12-03T18:00;72;EUR;MWh;NO;NO;;87.71;87.71;87.71;-1;DOWN
2024-12-03T18:00;2024-12-03T18:15;73;EUR;MWh;NO;NO;;24.56;24.56;24.56;-1;DOWN
2024-12-03T18:15;2024-12-03T18:30;74;EUR;MWh;NO;NO;;80;80;80;-1;DOWN
2024-12-03T18:30;2024-12-03T18:45;75;EUR;MWh;NO;NO;;27.46;27.46;27.46;-1;DOWN
2024-12-03T18:45;2024-12-03T19:00;76;EUR;MWh;NO;NO;;4.56;4.56;4.56;-1;DOWN
2024-12-03T19:00;2024-12-03T19:15;77;EUR;MWh;NO;NO;172.83;17.46;172.83;17.46;2;UP_AND_DOWN
2024-12-03T19:15;2024-12-03T19:30;78;EUR;MWh;NO;NO;109.83;98.1;109.83;97.15;2;UP_AND_DOWN
2024-12-03T19:30;2024-12-03T19:45;79;EUR;MWh;NO;NO;63;92.16;97.15;92.16;2;UP_AND_DOWN
2024-12-03T19:45;2024-12-03T20:00;80;EUR;MWh;NO;NO;;91.69;91.69;91.69;-1;DOWN
2024-12-03T20:00;2024-12-03T20:15;81;EUR;MWh;NO;NO;172.61;90.69;172.61;90.69;2;UP_AND_DOWN
2024-12-03T20:15;2024-12-03T20:30;82;EUR;MWh;NO;NO;175;98.1;175;97.1;2;UP_AND_DOWN
2024-12-03T20:30;2024-12-03T20:45;83;EUR;MWh;NO;NO;175;76.16;76.16;76.16;-1;DOWN
2024-12-03T20:45;2024-12-03T21:00;84;EUR;MWh;NO;NO;;47.46;47.46;47.46;-1;DOWN
2024-12-03T21:00;2024-12-03T21:15;85;EUR;MWh;NO;NO;188.84;64.56;188.84;64.56;2;UP_AND_DOWN
2024-12-03T21:15;2024-12-03T21:30;86;EUR;MWh;NO;NO;132.83;69.69;132.83;69.69;2;UP_AND_DOWN
2024-12-03T21:30;2024-12-03T21:45;87;EUR;MWh;NO;NO;;41.65;41.65;41.65;-1;DOWN
2024-12-03T21:45;2024-12-03T22:00;88;EUR;MWh;NO;NO;;41.65;41.65;41.65;-1;DOWN
2024-12-03T22:00;2024-12-03T22:15;89;EUR;MWh;NO;NO;;-30;-30;-30;-1;DOWN
2024-12-03T22:15;2024-12-03T22:30;90;EUR;MWh;NO;NO;;64.84;64.84;64.84;-1;DOWN
2024-12-03T22:30;2024-12-03T22:45;91;EUR;MWh;NO;NO;63;80;86.74;80;2;UP_AND_DOWN
2024-12-03T22:45;2024-12-03T23:00;92;EUR;MWh;NO;NO;;33.69;33.69;33.69;-1;DOWN
2024-12-03T23:00;2024-12-03T23:15;93;EUR;MWh;NO;NO;;41.65;41.65;41.65;-1;DOWN
2024-12-03T23:15;2024-12-03T23:30;94;EUR;MWh;NO;NO;;81.69;81.69;81.69;-1;DOWN
2024-12-03T23:30;2024-12-03T23:45;95;EUR;MWh;NO;NO;;80.12;80.12;80.12;-1;DOWN
2024-12-03T23:45;2024-12-04T00:00;96;EUR;MWh;NO;NO;;97.23;97.23;97.23;-1;DOWN
2024-12-04T00:00;2024-12-04T00:15;1;EUR;MWh;NO;NO;108.75;100.8;108.75;82.4;2;UP_AND_DOWN
2024-12-04T00:15;2024-12-04T00:30;2;EUR;MWh;NO;NO;112.04;100.8;112.04;82.4;2;UP_AND_DOWN
2024-12-04T00:30;2024-12-04T00:45;3;EUR;MWh;NO;NO;108.75;;108.75;108.75;1;UP
2024-12-04T00:45;2024-12-04T01:00;4;EUR;MWh;NO;NO;118.04;100.8;118.04;82.4;2;UP_AND_DOWN
2024-12-04T01:00;2024-12-04T01:15;5;EUR;MWh;NO;NO;120.39;93.53;120.39;93.53;2;UP_AND_DOWN
2024-12-04T01:15;2024-12-04T01:30;6;EUR;MWh;NO;NO;120.39;96.69;96.69;96.69;-1;DOWN
2024-12-04T01:30;2024-12-04T01:45;7;EUR;MWh;NO;NO;;96.69;96.69;96.69;-1;DOWN
2024-12-04T01:45;2024-12-04T02:00;8;EUR;MWh;NO;NO;;91.04;91.04;91.04;-1;DOWN
2024-12-04T02:00;2024-12-04T02:15;9;EUR;MWh;NO;NO;;92.69;92.69;92.69;-1;DOWN
2024-12-04T02:15;2024-12-04T02:30;10;EUR;MWh;NO;NO;;80.04;80.04;80.04;-1;DOWN
2024-12-04T02:30;2024-12-04T02:45;11;EUR;MWh;NO;NO;;65.69;65.69;65.69;-1;DOWN
2024-12-04T02:45;2024-12-04T03:00;12;EUR;MWh;NO;NO;;-26.65;-26.65;-26.65;-1;DOWN
2024-12-04T03:00;2024-12-04T03:15;13;EUR;MWh;NO;NO;;14.98;14.98;14.98;-1;DOWN
2024-12-04T03:15;2024-12-04T03:30;14;EUR;MWh;NO;NO;;73.66;73.66;73.66;-1;DOWN
2024-12-04T03:30;2024-12-04T03:45;15;EUR;MWh;NO;NO;;80;80;80;-1;DOWN
2024-12-04T03:45;2024-12-04T04:00;16;EUR;MWh;NO;NO;;73.98;73.98;73.98;-1;DOWN
2024-12-04T04:00;2024-12-04T04:15;17;EUR;MWh;NO;NO;;67.04;67.04;67.04;-1;DOWN
2024-12-04T04:15;2024-12-04T04:30;18;EUR;MWh;NO;NO;;37.98;37.98;37.98;-1;DOWN
2024-12-04T04:30;2024-12-04T04:45;19;EUR;MWh;NO;NO;;48.66;48.66;48.66;-1;DOWN
2024-12-04T04:45;2024-12-04T05:00;20;EUR;MWh;NO;NO;;64.98;64.98;64.98;-1;DOWN
2024-12-04T05:00;2024-12-04T05:15;21;EUR;MWh;NO;NO;;21.65;21.65;21.65;-1;DOWN
2024-12-04T05:15;2024-12-04T05:30;22;EUR;MWh;NO;NO;;67.69;67.69;67.69;-1;DOWN
2024-12-04T05:30;2024-12-04T05:45;23;EUR;MWh;NO;NO;124.47;89.04;124.47;89.04;2;UP_AND_DOWN
2024-12-04T05:45;2024-12-04T06:00;24;EUR;MWh;NO;NO;126.92;91.04;126.92;91.04;2;UP_AND_DOWN
2024-12-04T06:00;2024-12-04T06:15;25;EUR;MWh;NO;NO;126.92;41.65;41.65;41.65;-1;DOWN
2024-12-04T06:15;2024-12-04T06:30;26;EUR;MWh;NO;NO;138.47;100.8;138.47;100.8;2;UP_AND_DOWN
2024-12-04T06:30;2024-12-04T06:45;27;EUR;MWh;NO;NO;;66.55;66.55;66.55;-1;DOWN
2024-12-04T06:45;2024-12-04T07:00;28;EUR;MWh;NO;NO;;66;66;66;-1;DOWN
2024-12-04T07:00;2024-12-04T07:15;29;EUR;MWh;NO;NO;;-1000;-1000;-1000;-1;DOWN
2024-12-04T07:15;2024-12-04T07:30;30;EUR;MWh;NO;NO;125.05;94.69;125.05;94.69;2;UP_AND_DOWN
2024-12-04T07:30;2024-12-04T07:45;31;EUR;MWh;NO;NO;200;99;200;99;2;UP_AND_DOWN
2024-12-04T07:45;2024-12-04T08:00;32;EUR;MWh;NO;NO;171;96.69;171;96.69;2;UP_AND_DOWN
2024-12-04T08:00;2024-12-04T08:15;33;EUR;MWh;NO;NO;;14.69;14.69;14.69;-1;DOWN
2024-12-04T08:15;2024-12-04T08:30;34;EUR;MWh;NO;NO;;88.83;88.83;88.83;-1;DOWN
2024-12-04T08:30;2024-12-04T08:45;35;EUR;MWh;NO;NO;147.69;94.69;147.69;147.69;1;UP
2024-12-04T08:45;2024-12-04T09:00;36;EUR;MWh;NO;NO;153;;153;153;1;UP
2024-12-04T09:00;2024-12-04T09:15;37;EUR;MWh;NO;NO;125;87.22;87.22;87.22;-1;DOWN
2024-12-04T09:15;2024-12-04T09:30;38;EUR;MWh;NO;NO;124.47;80;129.74;80;2;UP_AND_DOWN
2024-12-04T09:30;2024-12-04T09:45;39;EUR;MWh;NO;NO;142.23;100.9;142.23;100.9;2;UP_AND_DOWN
2024-12-04T09:45;2024-12-04T10:00;40;EUR;MWh;NO;NO;142.23;99;99;99;-1;DOWN
2024-12-04T10:00;2024-12-04T10:15;41;EUR;MWh;NO;NO;210.47;100.9;210.47;100.9;2;UP_AND_DOWN
2024-12-04T10:15;2024-12-04T10:30;42;EUR;MWh;NO;NO;210.47;101;101;101;-1;DOWN
2024-12-04T10:30;2024-12-04T10:45;43;EUR;MWh;NO;NO;;101;101;101;-1;DOWN
2024-12-04T10:45;2024-12-04T11:00;44;EUR;MWh;NO;NO;;99;99;99;-1;DOWN
2024-12-04T11:00;2024-12-04T11:15;45;EUR;MWh;NO;NO;900;134.6;900;123.32;2;UP_AND_DOWN
2024-12-04T11:15;2024-12-04T11:30;46;EUR;MWh;NO;NO;281.5;;281.5;281.5;1;UP
2024-12-04T11:30;2024-12-04T11:45;47;EUR;MWh;NO;NO;177;;177;177;1;UP
2024-12-04T11:45;2024-12-04T12:00;48;EUR;MWh;NO;NO;200;;200;200;1;UP
2024-12-04T12:00;2024-12-04T12:15;49;EUR;MWh;NO;NO;698.61;;698.61;698.61;1;UP
2024-12-04T12:15;2024-12-04T12:30;50;EUR;MWh;NO;NO;175;104.72;175;104.72;2;UP_AND_DOWN
2024-12-04T12:30;2024-12-04T12:45;51;EUR;MWh;NO;NO;200;;200;200;1;UP
2024-12-04T12:45;2024-12-04T13:00;52;EUR;MWh;NO;NO;159.6;;159.6;159.6;1;UP
2024-12-04T13:00;2024-12-04T13:15;53;EUR;MWh;NO;NO;155;;155;155;1;UP
2024-12-04T13:15;2024-12-04T13:30;54;EUR;MWh;NO;NO;205;;205;205;1;UP
2024-12-04T13:30;2024-12-04T13:45;55;EUR;MWh;NO;NO;179.8;;179.8;179.8;1;UP
2024-12-04T13:45;2024-12-04T14:00;56;EUR;MWh;NO;NO;164.47;101.1;101.1;101.1;-1;DOWN
2024-12-04T14:00;2024-12-04T14:15;57;EUR;MWh;NO;NO;164.47;92.2;92.2;92.2;-1;DOWN
2024-12-04T14:15;2024-12-04T14:30;58;EUR;MWh;NO;NO;;101;101;101;-1;DOWN
2024-12-04T14:30;2024-12-04T14:45;59;EUR;MWh;NO;NO;175;134.7;175;127.09;2;UP_AND_DOWN
2024-12-04T14:45;2024-12-04T15:00;60;EUR;MWh;NO;NO;205;;205;205;1;UP
2024-12-04T15:00;2024-12-04T15:15;61;EUR;MWh;NO;NO;145.83;-100;145.83;-100;2;UP_AND_DOWN
2024-12-04T15:15;2024-12-04T15:30;62;EUR;MWh;NO;NO;170.13;87.22;170.13;87.22;2;UP_AND_DOWN
2024-12-04T15:30;2024-12-04T15:45;63;EUR;MWh;NO;NO;142.06;;142.06;142.06;1;UP
2024-12-04T15:45;2024-12-04T16:00;64;EUR;MWh;NO;NO;165.13;;165.13;165.13;1;UP
2024-12-04T16:00;2024-12-04T16:15;65;EUR;MWh;NO;NO;157.47;-1000;157.47;-1000;2;UP_AND_DOWN
2024-12-04T16:15;2024-12-04T16:30;66;EUR;MWh;NO;NO;;54.7;54.7;54.7;-1;DOWN
2024-12-04T16:30;2024-12-04T16:45;67;EUR;MWh;NO;NO;;95;95;95;-1;DOWN
2024-12-04T16:45;2024-12-04T17:00;68;EUR;MWh;NO;NO;162;108.75;162;108.75;2;UP_AND_DOWN
2024-12-04T17:00;2024-12-04T17:15;69;EUR;MWh;NO;NO;147;108.75;147;86.88;2;UP_AND_DOWN
2024-12-04T17:15;2024-12-04T17:30;70;EUR;MWh;NO;NO;64;108.75;86.89;86.89;2;UP_AND_DOWN
2024-12-04T17:30;2024-12-04T17:45;71;EUR;MWh;NO;NO;;109.94;109.94;109.94;-1;DOWN
2024-12-04T17:45;2024-12-04T18:00;72;EUR;MWh;NO;NO;;97.72;97.72;97.72;-1;DOWN
2024-12-04T18:00;2024-12-04T18:15;73;EUR;MWh;NO;NO;159.37;99;159.37;86.95;2;UP_AND_DOWN
2024-12-04T18:15;2024-12-04T18:30;74;EUR;MWh;NO;NO;141;79.72;141;79.72;2;UP_AND_DOWN
2024-12-04T18:30;2024-12-04T18:45;75;EUR;MWh;NO;NO;;76.2;76.2;76.2;-1;DOWN
2024-12-04T18:45;2024-12-04T19:00;76;EUR;MWh;NO;NO;;59.69;59.69;59.69;-1;DOWN
2024-12-04T19:00;2024-12-04T19:15;77;EUR;MWh;NO;NO;141;78.69;141;78.69;2;UP_AND_DOWN
2024-12-04T19:15;2024-12-04T19:30;78;EUR;MWh;NO;NO;;79.72;79.72;79.72;-1;DOWN
2024-12-04T19:30;2024-12-04T19:45;79;EUR;MWh;NO;NO;;62.05;62.05;62.05;-1;DOWN
2024-12-04T19:45;2024-12-04T20:00;80;EUR;MWh;NO;NO;;52.05;52.05;52.05;-1;DOWN
2024-12-04T20:00;2024-12-04T20:15;81;EUR;MWh;NO;NO;139;74.69;139;74.69;2;UP_AND_DOWN
2024-12-04T20:15;2024-12-04T20:30;82;EUR;MWh;NO;NO;;76.18;76.18;76.18;-1;DOWN
2024-12-04T20:30;2024-12-04T20:45;83;EUR;MWh;NO;NO;;76.2;76.2;76.2;-1;DOWN
2024-12-04T20:45;2024-12-04T21:00;84;EUR;MWh;NO;NO;;68.93;68.93;68.93;-1;DOWN
2024-12-04T21:00;2024-12-04T21:15;85;EUR;MWh;NO;NO;125.55;85.76;125.55;85.76;2;UP_AND_DOWN
2024-12-04T21:15;2024-12-04T21:30;86;EUR;MWh;NO;NO;126.92;87.9;126.92;86.38;2;UP_AND_DOWN
2024-12-04T21:30;2024-12-04T21:45;87;EUR;MWh;NO;NO;;80;80;80;-1;DOWN
2024-12-04T21:45;2024-12-04T22:00;88;EUR;MWh;NO;NO;;45;45;45;-1;DOWN
2024-12-04T22:00;2024-12-04T22:15;89;EUR;MWh;NO;NO;;73.88;73.88;73.88;-1;DOWN
2024-12-04T22:15;2024-12-04T22:30;90;EUR;MWh;NO;NO;112.2;89.23;112.2;86.38;2;UP_AND_DOWN
2024-12-04T22:30;2024-12-04T22:45;91;EUR;MWh;NO;NO;;84.69;84.69;84.69;-1;DOWN
2024-12-04T22:45;2024-12-04T23:00;92;EUR;MWh;NO;NO;;91.2;91.2;91.2;-1;DOWN
2024-12-04T23:00;2024-12-04T23:15;93;EUR;MWh;NO;NO;;89.2;89.2;89.2;-1;DOWN
2024-12-04T23:15;2024-12-04T23:30;94;EUR;MWh;NO;NO;;108.75;108.75;108.75;-1;DOWN
2024-12-04T23:30;2024-12-04T23:45;95;EUR;MWh;NO;NO;118.2;80.69;118.2;80.69;2;UP_AND_DOWN
2024-12-04T23:45;2024-12-05T00:00;96;EUR;MWh;NO;NO;;38.98;38.98;38.98;-1;DOWN
2024-12-05T00:00;2024-12-05T00:15;1;EUR;MWh;NO;NO;1495;-95;1495;1495;1;UP
2024-12-05T00:15;2024-12-05T00:30;2;EUR;MWh;NO;NO;1495;.58;1495;.58;2;UP_AND_DOWN
2024-12-05T00:30;2024-12-05T00:45;3;EUR;MWh;NO;NO;1495;-44;-44;-44;-1;DOWN
2024-12-05T00:45;2024-12-05T01:00;4;EUR;MWh;NO;NO;141;;141;141;1;UP
2024-12-05T01:00;2024-12-05T01:15;5;EUR;MWh;NO;NO;355.99;;355.99;355.99;1;UP
2024-12-05T01:15;2024-12-05T01:30;6;EUR;MWh;NO;NO;126.8;41.65;41.65;41.65;-1;DOWN
2024-12-05T01:30;2024-12-05T01:45;7;EUR;MWh;NO;NO;;41.65;41.65;41.65;-1;DOWN
2024-12-05T01:45;2024-12-05T02:00;8;EUR;MWh;NO;NO;;41.65;41.65;41.65;-1;DOWN
2024-12-05T02:00;2024-12-05T02:15;9;EUR;MWh;NO;NO;;6.2;6.2;6.2;-1;DOWN
2024-12-05T02:15;2024-12-05T02:30;10;EUR;MWh;NO;NO;;15.28;15.28;15.28;-1;DOWN
2024-12-05T02:30;2024-12-05T02:45;11;EUR;MWh;NO;NO;;21.65;21.65;21.65;-1;DOWN
2024-12-05T02:45;2024-12-05T03:00;12;EUR;MWh;NO;NO;;-33.69;-33.69;-33.69;-1;DOWN
2024-12-05T03:00;2024-12-05T03:15;13;EUR;MWh;NO;NO;141;-13.14;141;-13.14;2;UP_AND_DOWN
2024-12-05T03:15;2024-12-05T03:30;14;EUR;MWh;NO;NO;115.99;21.65;115.99;21.65;2;UP_AND_DOWN
2024-12-05T03:30;2024-12-05T03:45;15;EUR;MWh;NO;NO;111;41.65;111;41.65;2;UP_AND_DOWN
2024-12-05T03:45;2024-12-05T04:00;16;EUR;MWh;NO;NO;;41.65;41.65;41.65;-1;DOWN
2024-12-05T04:00;2024-12-05T04:15;17;EUR;MWh;NO;NO;141;41.88;141;41.88;2;UP_AND_DOWN
2024-12-05T04:15;2024-12-05T04:30;18;EUR;MWh;NO;NO;128.92;60;60;60;-1;DOWN
2024-12-05T04:30;2024-12-05T04:45;19;EUR;MWh;NO;NO;;63;63;63;-1;DOWN
2024-12-05T04:45;2024-12-05T05:00;20;EUR;MWh;NO;NO;;36.67;36.67;36.67;-1;DOWN
2024-12-05T05:00;2024-12-05T05:15;21;EUR;MWh;NO;NO;;60;60;60;-1;DOWN
2024-12-05T05:15;2024-12-05T05:30;22;EUR;MWh;NO;NO;115.99;;115.99;115.99;1;UP
2024-12-05T05:30;2024-12-05T05:45;23;EUR;MWh;NO;NO;127.2;;127.2;127.2;1;UP
2024-12-05T05:45;2024-12-05T06:00;24;EUR;MWh;NO;NO;128.92;;128.92;128.92;1;UP
2024-12-05T06:00;2024-12-05T06:15;25;EUR;MWh;NO;NO;161;;161;161;1;UP
2024-12-05T06:15;2024-12-05T06:30;26;EUR;MWh;NO;NO;161;;161;161;1;UP
2024-12-05T06:30;2024-12-05T06:45;27;EUR;MWh;NO;NO;161;;161;161;1;UP
2024-12-05T06:45;2024-12-05T07:00;28;EUR;MWh;NO;NO;141;;141;141;1;UP
2024-12-05T07:00;2024-12-05T07:15;29;EUR;MWh;NO;NO;161;69;161;69;2;UP_AND_DOWN
2024-12-05T07:15;2024-12-05T07:30;30;EUR;MWh;NO;NO;181.78;;181.78;181.78;1;UP
2024-12-05T07:30;2024-12-05T07:45;31;EUR;MWh;NO;NO;190.51;;190.51;190.51;1;UP
2024-12-05T07:45;2024-12-05T08:00;32;EUR;MWh;NO;NO;256.78;;256.78;256.78;1;UP
2024-12-05T08:00;2024-12-05T08:15;33;EUR;MWh;NO;NO;163;;163;163;1;UP
2024-12-05T08:15;2024-12-05T08:30;34;EUR;MWh;NO;NO;255.27;;255.27;255.27;1;UP
2024-12-05T08:30;2024-12-05T08:45;35;EUR;MWh;NO;NO;161;;161;161;1;UP
2024-12-05T08:45;2024-12-05T09:00;36;EUR;MWh;NO;NO;126.4;101.4;126.4;82.7;2;UP_AND_DOWN
2024-12-05T09:00;2024-12-05T09:15;37;EUR;MWh;NO;NO;;45.29;45.29;45.29;-1;DOWN
2024-12-05T09:15;2024-12-05T09:30;38;EUR;MWh;NO;NO;;45.29;45.29;45.29;-1;DOWN
2024-12-05T09:30;2024-12-05T09:45;39;EUR;MWh;NO;NO;;73.63;73.63;73.63;-1;DOWN
2024-12-05T09:45;2024-12-05T10:00;40;EUR;MWh;NO;NO;125.7;89.24;125.7;89.24;2;UP_AND_DOWN
2024-12-05T10:00;2024-12-05T10:15;41;EUR;MWh;NO;NO;;99.55;99.55;99.55;-1;DOWN
2024-12-05T10:15;2024-12-05T10:30;42;EUR;MWh;NO;NO;;96.55;96.55;96.55;-1;DOWN
2024-12-05T10:30;2024-12-05T10:45;43;EUR;MWh;NO;NO;;96.55;96.55;96.55;-1;DOWN
2024-12-05T10:45;2024-12-05T11:00;44;EUR;MWh;NO;NO;117.16;99.6;117.16;82.53;2;UP_AND_DOWN
2024-12-05T11:00;2024-12-05T11:15;45;EUR;MWh;NO;NO;124.6;90;124.6;82.53;2;UP_AND_DOWN
2024-12-05T11:15;2024-12-05T11:30;46;EUR;MWh;NO;NO;124.3;;124.3;124.3;1;UP
2024-12-05T11:30;2024-12-05T11:45;47;EUR;MWh;NO;NO;140;;140;140;1;UP
2024-12-05T11:45;2024-12-05T12:00;48;EUR;MWh;NO;NO;140;;140;140;1;UP
2024-12-05T12:00;2024-12-05T12:15;49;EUR;MWh;NO;NO;134;;134;134;1;UP
2024-12-05T12:15;2024-12-05T12:30;50;EUR;MWh;NO;NO;116.78;;116.78;116.78;1;UP
2024-12-05T12:30;2024-12-05T12:45;51;EUR;MWh;NO;NO;111.78;;111.78;111.78;1;UP
2024-12-05T12:45;2024-12-05T13:00;52;EUR;MWh;NO;NO;115.96;;115.96;115.96;1;UP
2024-12-05T13:00;2024-12-05T13:15;53;EUR;MWh;NO;NO;114.3;;114.3;114.3;1;UP
2024-12-05T13:15;2024-12-05T13:30;54;EUR;MWh;NO;NO;121.7;;121.7;121.7;1;UP
2024-12-05T13:30;2024-12-05T13:45;55;EUR;MWh;NO;NO;114.6;;114.6;114.6;1;UP
2024-12-05T13:45;2024-12-05T14:00;56;EUR;MWh;NO;NO;110.6;101.05;101.05;101.05;-1;DOWN
2024-12-05T14:00;2024-12-05T14:15;57;EUR;MWh;NO;NO;128.92;101.05;128.92;82.53;2;UP_AND_DOWN
2024-12-05T14:15;2024-12-05T14:30;58;EUR;MWh;NO;NO;124;;124;124;1;UP
2024-12-05T14:30;2024-12-05T14:45;59;EUR;MWh;NO;NO;123.7;;123.7;123.7;1;UP
2024-12-05T14:45;2024-12-05T15:00;60;EUR;MWh;NO;NO;123.4;99.55;123.4;86.34;2;UP_AND_DOWN
2024-12-05T15:00;2024-12-05T15:15;61;EUR;MWh;NO;NO;;91.41;91.41;91.41;-1;DOWN
2024-12-05T15:15;2024-12-05T15:30;62;EUR;MWh;NO;NO;;80;80;80;-1;DOWN
2024-12-05T15:30;2024-12-05T15:45;63;EUR;MWh;NO;NO;;60.29;60.29;60.29;-1;DOWN
2024-12-05T15:45;2024-12-05T16:00;64;EUR;MWh;NO;NO;;80;80;80;-1;DOWN
2024-12-05T16:00;2024-12-05T16:15;65;EUR;MWh;NO;NO;;41.65;41.65;41.65;-1;DOWN
2024-12-05T16:15;2024-12-05T16:30;66;EUR;MWh;NO;NO;;66.06;66.06;66.06;-1;DOWN
2024-12-05T16:30;2024-12-05T16:45;67;EUR;MWh;NO;NO;123.6;41.61;123.6;41.61;2;UP_AND_DOWN
2024-12-05T16:45;2024-12-05T17:00;68;EUR;MWh;NO;NO;123.6;77.92;123.6;77.92;2;UP_AND_DOWN
2024-12-05T17:00;2024-12-05T17:15;69;EUR;MWh;NO;NO;120.9;-26.65;-26.65;-26.65;-1;DOWN
2024-12-05T17:15;2024-12-05T17:30;70;EUR;MWh;NO;NO;231.9;-12.29;231.9;-12.29;2;UP_AND_DOWN
2024-12-05T17:30;2024-12-05T17:45;71;EUR;MWh;NO;NO;140;-24.97;140;-24.97;2;UP_AND_DOWN
2024-12-05T17:45;2024-12-05T18:00;72;EUR;MWh;NO;NO;123.6;-3.29;123.6;-3.29;2;UP_AND_DOWN
2024-12-05T18:00;2024-12-05T18:15;73;EUR;MWh;NO;NO;735.13;65.6;735.13;65.6;2;UP_AND_DOWN
2024-12-05T18:15;2024-12-05T18:30;74;EUR;MWh;NO;NO;122.66;73.63;122.66;73.63;2;UP_AND_DOWN
2024-12-05T18:30;2024-12-05T18:45;75;EUR;MWh;NO;NO;117.3;66.06;66.06;66.06;-1;DOWN
2024-12-05T18:45;2024-12-05T19:00;76;EUR;MWh;NO;NO;;-12.79;-12.79;-12.79;-1;DOWN
2024-12-05T19:00;2024-12-05T19:15;77;EUR;MWh;NO;NO;;-12.79;-12.79;-12.79;-1;DOWN
2024-12-05T19:15;2024-12-05T19:30;78;EUR;MWh;NO;NO;116.6;-12.79;116.6;-12.79;2;UP_AND_DOWN
2024-12-05T19:30;2024-12-05T19:45;79;EUR;MWh;NO;NO;;60.29;60.29;60.29;-1;DOWN
2024-12-05T19:45;2024-12-05T20:00;80;EUR;MWh;NO;NO;;60.29;60.29;60.29;-1;DOWN
2024-12-05T20:00;2024-12-05T20:15;81;EUR;MWh;NO;NO;;-135.24;-135.24;-135.24;-1;DOWN
2024-12-05T20:15;2024-12-05T20:30;82;EUR;MWh;NO;NO;122;21.65;122;21.65;2;UP_AND_DOWN
2024-12-05T20:30;2024-12-05T20:45;83;EUR;MWh;NO;NO;;-11.4;-11.4;-11.4;-1;DOWN
2024-12-05T20:45;2024-12-05T21:00;84;EUR;MWh;NO;NO;;22.69;22.69;22.69;-1;DOWN
2024-12-05T21:00;2024-12-05T21:15;85;EUR;MWh;NO;NO;60.92;-18.29;-18.29;-18.29;-1;DOWN
2024-12-05T21:15;2024-12-05T21:30;86;EUR;MWh;NO;NO;121.6;21.65;121.6;21.65;2;UP_AND_DOWN
2024-12-05T21:30;2024-12-05T21:45;87;EUR;MWh;NO;NO;111.53;-6.65;111.53;-6.65;2;UP_AND_DOWN
2024-12-05T21:45;2024-12-05T22:00;88;EUR;MWh;NO;NO;108.84;;108.84;108.84;1;UP
2024-12-05T22:00;2024-12-05T22:15;89;EUR;MWh;NO;NO;154.2;;154.2;154.2;1;UP
2024-12-05T22:15;2024-12-05T22:30;90;EUR;MWh;NO;NO;140;;140;140;1;UP
2024-12-05T22:30;2024-12-05T22:45;91;EUR;MWh;NO;NO;86;100.66;100.66;100.66;-1;DOWN
2024-12-05T22:45;2024-12-05T23:00;92;EUR;MWh;NO;NO;;1;1;1;-1;DOWN
2024-12-05T23:00;2024-12-05T23:15;93;EUR;MWh;NO;NO;1363.74;-43;1363.74;-43;2;UP_AND_DOWN
2024-12-05T23:15;2024-12-05T23:30;94;EUR;MWh;NO;NO;154.7;-100;-100;-100;-1;DOWN
2024-12-05T23:30;2024-12-05T23:45;95;EUR;MWh;NO;NO;126.53;-73.6;126.53;-73.6;2;UP_AND_DOWN
2024-12-05T23:45;2024-12-06T00:00;96;EUR;MWh;NO;NO;109.06;-462.9;-462.9;-462.9;-1;DOWN
2024-12-06T00:00;2024-12-06T00:15;1;EUR;MWh;NO;NO;303.81;-72.81;303.81;-72.81;2;UP_AND_DOWN
2024-12-06T00:15;2024-12-06T00:30;2;EUR;MWh;NO;NO;154.88;16.69;154.88;16.69;2;UP_AND_DOWN
2024-12-06T00:30;2024-12-06T00:45;3;EUR;MWh;NO;NO;;-30;-30;-30;-1;DOWN
2024-12-06T00:45;2024-12-06T01:00;4;EUR;MWh;NO;NO;75.07;-32.35;79.85;-32.35;2;UP_AND_DOWN
2024-12-06T01:00;2024-12-06T01:15;5;EUR;MWh;NO;NO;140;;140;140;1;UP
2024-12-06T01:15;2024-12-06T01:30;6;EUR;MWh;NO;NO;80.2;-8.29;-8.29;-8.29;-1;DOWN
2024-12-06T01:30;2024-12-06T01:45;7;EUR;MWh;NO;NO;;30;30;30;-1;DOWN
2024-12-06T01:45;2024-12-06T02:00;8;EUR;MWh;NO;NO;;-55;-55;-55;-1;DOWN
2024-12-06T02:00;2024-12-06T02:15;9;EUR;MWh;NO;NO;150.9;-30;150.9;-30;2;UP_AND_DOWN
2024-12-06T02:15;2024-12-06T02:30;10;EUR;MWh;NO;NO;150.9;-33;-33;-33;-1;DOWN
2024-12-06T02:30;2024-12-06T02:45;11;EUR;MWh;NO;NO;;-6.65;-6.65;-6.65;-1;DOWN
2024-12-06T02:45;2024-12-06T03:00;12;EUR;MWh;NO;NO;;-40;-40;-40;-1;DOWN
2024-12-06T03:00;2024-12-06T03:15;13;EUR;MWh;NO;NO;;-40;-40;-40;-1;DOWN
2024-12-06T03:15;2024-12-06T03:30;14;EUR;MWh;NO;NO;;80;80;80;-1;DOWN
2024-12-06T03:30;2024-12-06T03:45;15;EUR;MWh;NO;NO;;41.65;41.65;41.65;-1;DOWN
2024-12-06T03:45;2024-12-06T04:00;16;EUR;MWh;NO;NO;;-50;-50;-50;-1;DOWN
2024-12-06T04:00;2024-12-06T04:15;17;EUR;MWh;NO;NO;95.94;-50;95.94;-50;2;UP_AND_DOWN
2024-12-06T04:15;2024-12-06T04:30;18;EUR;MWh;NO;NO;77.87;-6.65;81.65;-6.65;2;UP_AND_DOWN
2024-12-06T04:30;2024-12-06T04:45;19;EUR;MWh;NO;NO;;-.81;-.81;-.81;-1;DOWN
2024-12-06T04:45;2024-12-06T05:00;20;EUR;MWh;NO;NO;;-39;-39;-39;-1;DOWN
2024-12-06T05:00;2024-12-06T05:15;21;EUR;MWh;NO;NO;;-166.15;-166.15;-166.15;-1;DOWN
2024-12-06T05:15;2024-12-06T05:30;22;EUR;MWh;NO;NO;;-72;-72;-72;-1;DOWN
2024-12-06T05:30;2024-12-06T05:45;23;EUR;MWh;NO;NO;;-30;-30;-30;-1;DOWN
2024-12-06T05:45;2024-12-06T06:00;24;EUR;MWh;NO;NO;;-89.47;-89.47;-89.47;-1;DOWN
2024-12-06T06:00;2024-12-06T06:15;25;EUR;MWh;NO;NO;;-170.15;-170.15;-170.15;-1;DOWN
2024-12-06T06:15;2024-12-06T06:30;26;EUR;MWh;NO;NO;112.37;-3.74;112.37;-3.74;2;UP_AND_DOWN
2024-12-06T06:30;2024-12-06T06:45;27;EUR;MWh;NO;NO;140;-3.85;140;-3.85;2;UP_AND_DOWN
2024-12-06T06:45;2024-12-06T07:00;28;EUR;MWh;NO;NO;140;;140;140;1;UP
2024-12-06T07:00;2024-12-06T07:15;29;EUR;MWh;NO;NO;109.31;-100;109.31;-100;2;UP_AND_DOWN
2024-12-06T07:15;2024-12-06T07:30;30;EUR;MWh;NO;NO;153.92;-100;153.92;153.92;1;UP
2024-12-06T07:30;2024-12-06T07:45;31;EUR;MWh;NO;NO;170.9;;170.9;170.9;1;UP
2024-12-06T07:45;2024-12-06T08:00;32;EUR;MWh;NO;NO;153.58;;153.58;153.58;1;UP
2024-12-06T08:00;2024-12-06T08:15;33;EUR;MWh;NO;NO;140;;140;140;1;UP
2024-12-06T08:15;2024-12-06T08:30;34;EUR;MWh;NO;NO;148.71;;148.71;148.71;1;UP
2024-12-06T08:30;2024-12-06T08:45;35;EUR;MWh;NO;NO;140;;140;140;1;UP
2024-12-06T08:45;2024-12-06T09:00;36;EUR;MWh;NO;NO;140;;140;140;1;UP
2024-12-06T09:00;2024-12-06T09:15;37;EUR;MWh;NO;NO;164;;164;164;1;UP
2024-12-06T09:15;2024-12-06T09:30;38;EUR;MWh;NO;NO;171.2;;171.2;171.2;1;UP
2024-12-06T09:30;2024-12-06T09:45;39;EUR;MWh;NO;NO;166;;166;166;1;UP
2024-12-06T09:45;2024-12-06T10:00;40;EUR;MWh;NO;NO;135.5;;135.5;135.5;1;UP
2024-12-06T10:00;2024-12-06T10:15;41;EUR;MWh;NO;NO;183.63;;183.63;183.63;1;UP
2024-12-06T10:15;2024-12-06T10:30;42;EUR;MWh;NO;NO;183.63;70;70;70;-1;DOWN
2024-12-06T10:30;2024-12-06T10:45;43;EUR;MWh;NO;NO;140;86.31;140;74.68;2;UP_AND_DOWN
2024-12-06T10:45;2024-12-06T11:00;44;EUR;MWh;NO;NO;119.9;;119.9;119.9;1;UP
2024-12-06T11:00;2024-12-06T11:15;45;EUR;MWh;NO;NO;119.9;79.35;79.35;79.35;-1;DOWN
2024-12-06T11:15;2024-12-06T11:30;46;EUR;MWh;NO;NO;119.9;79.35;119.9;119.9;1;UP
2024-12-06T11:30;2024-12-06T11:45;47;EUR;MWh;NO;NO;;70;70;70;-1;DOWN
2024-12-06T11:45;2024-12-06T12:00;48;EUR;MWh;NO;NO;;19.35;19.35;19.35;-1;DOWN
2024-12-06T12:00;2024-12-06T12:15;49;EUR;MWh;NO;NO;75.07;41.65;76;41.65;2;UP_AND_DOWN
2024-12-06T12:15;2024-12-06T12:30;50;EUR;MWh;NO;NO;75.07;21.65;21.65;21.65;-1;DOWN
2024-12-06T12:30;2024-12-06T12:45;51;EUR;MWh;NO;NO;;21.65;21.65;21.65;-1;DOWN
2024-12-06T12:45;2024-12-06T13:00;52;EUR;MWh;NO;NO;;47.82;47.82;47.82;-1;DOWN
2024-12-06T13:00;2024-12-06T13:15;53;EUR;MWh;NO;NO;120.4;69.35;120.4;69.35;2;UP_AND_DOWN
2024-12-06T13:15;2024-12-06T13:30;54;EUR;MWh;NO;NO;120.4;87.35;87.35;87.35;-1;DOWN
2024-12-06T13:30;2024-12-06T13:45;55;EUR;MWh;NO;NO;;73.31;73.31;73.31;-1;DOWN
2024-12-06T13:45;2024-12-06T14:00;56;EUR;MWh;NO;NO;;62;62;62;-1;DOWN
2024-12-06T14:00;2024-12-06T14:15;57;EUR;MWh;NO;NO;138;46.74;138;138;1;UP
2024-12-06T14:15;2024-12-06T14:30;58;EUR;MWh;NO;NO;140;;140;140;1;UP
2024-12-06T14:30;2024-12-06T14:45;59;EUR;MWh;NO;NO;140;;140;140;1;UP
2024-12-06T14:45;2024-12-06T15:00;60;EUR;MWh;NO;NO;149.66;;149.66;149.66;1;UP
2024-12-06T15:00;2024-12-06T15:15;61;EUR;MWh;NO;NO;165;;165;165;1;UP
2024-12-06T15:15;2024-12-06T15:30;62;EUR;MWh;NO;NO;165;;165;165;1;UP
2024-12-06T15:30;2024-12-06T15:45;63;EUR;MWh;NO;NO;165;;165;165;1;UP
2024-12-06T15:45;2024-12-06T16:00;64;EUR;MWh;NO;NO;165;;165;165;1;UP
2024-12-06T16:00;2024-12-06T16:15;65;EUR;MWh;NO;NO;173.2;;173.2;173.2;1;UP
2024-12-06T16:15;2024-12-06T16:30;66;EUR;MWh;NO;NO;165;;165;165;1;UP
2024-12-06T16:30;2024-12-06T16:45;67;EUR;MWh;NO;NO;161;;161;161;1;UP
2024-12-06T16:45;2024-12-06T17:00;68;EUR;MWh;NO;NO;155.47;;155.47;155.47;1;UP
2024-12-06T17:00;2024-12-06T17:15;69;EUR;MWh;NO;NO;127.27;106.61;127.27;84.31;2;UP_AND_DOWN
2024-12-06T17:15;2024-12-06T17:30;70;EUR;MWh;NO;NO;139;;139;139;1;UP
2024-12-06T17:30;2024-12-06T17:45;71;EUR;MWh;NO;NO;137.82;;137.82;137.82;1;UP
2024-12-06T17:45;2024-12-06T18:00;72;EUR;MWh;NO;NO;120.1;;120.1;120.1;1;UP
2024-12-06T18:00;2024-12-06T18:15;73;EUR;MWh;NO;NO;62;95;95;95;-1;DOWN
2024-12-06T18:15;2024-12-06T18:30;74;EUR;MWh;NO;NO;118;;118;118;1;UP
2024-12-06T18:30;2024-12-06T18:45;75;EUR;MWh;NO;NO;62;89.61;84.31;84.31;2;UP_AND_DOWN
2024-12-06T18:45;2024-12-06T19:00;76;EUR;MWh;NO;NO;;34.69;34.69;34.69;-1;DOWN
2024-12-06T19:00;2024-12-06T19:15;77;EUR;MWh;NO;NO;;64.35;64.35;64.35;-1;DOWN
2024-12-06T19:15;2024-12-06T19:30;78;EUR;MWh;NO;NO;;39.35;39.35;39.35;-1;DOWN
2024-12-06T19:30;2024-12-06T19:45;79;EUR;MWh;NO;NO;;80;80;80;-1;DOWN
2024-12-06T19:45;2024-12-06T20:00;80;EUR;MWh;NO;NO;;80;80;80;-1;DOWN
2024-12-06T20:00;2024-12-06T20:15;81;EUR;MWh;NO;NO;;54.69;54.69;54.69;-1;DOWN
2024-12-06T20:15;2024-12-06T20:30;82;EUR;MWh;NO;NO;;71.69;71.69;71.69;-1;DOWN
2024-12-06T20:30;2024-12-06T20:45;83;EUR;MWh;NO;NO;;39.35;39.35;39.35;-1;DOWN
2024-12-06T20:45;2024-12-06T21:00;84;EUR;MWh;NO;NO;;39.35;39.35;39.35;-1;DOWN
2024-12-06T21:00;2024-12-06T21:15;85;EUR;MWh;NO;NO;107.89;80;107.89;78.55;2;UP_AND_DOWN
2024-12-06T21:15;2024-12-06T21:30;86;EUR;MWh;NO;NO;113.62;80.58;113.62;78.55;2;UP_AND_DOWN
2024-12-06T21:30;2024-12-06T21:45;87;EUR;MWh;NO;NO;107.89;81.69;107.89;80.52;2;UP_AND_DOWN
2024-12-06T21:45;2024-12-06T22:00;88;EUR;MWh;NO;NO;120.1;87.35;120.1;80.57;2;UP_AND_DOWN
2024-12-06T22:00;2024-12-06T22:15;89;EUR;MWh;NO;NO;253.89;90.44;253.89;78.55;2;UP_AND_DOWN
2024-12-06T22:15;2024-12-06T22:30;90;EUR;MWh;NO;NO;120.1;90;120.1;78.55;2;UP_AND_DOWN
2024-12-06T22:30;2024-12-06T22:45;91;EUR;MWh;NO;NO;113.62;;113.62;113.62;1;UP
2024-12-06T22:45;2024-12-06T23:00;92;EUR;MWh;NO;NO;165;;165;165;1;UP
2024-12-06T23:00;2024-12-06T23:15;93;EUR;MWh;NO;NO;115.31;80;115.31;76.22;2;UP_AND_DOWN
2024-12-06T23:15;2024-12-06T23:30;94;EUR;MWh;NO;NO;112.7;40.1;112.7;40.1;2;UP_AND_DOWN
2024-12-06T23:30;2024-12-06T23:45;95;EUR;MWh;NO;NO;120.2;39.31;120.2;39.31;2;UP_AND_DOWN
2024-12-06T23:45;2024-12-07T00:00;96;EUR;MWh;NO;NO;;20.1;20.1;20.1;-1;DOWN
2024-12-07T00:00;2024-12-07T00:15;1;EUR;MWh;NO;NO;112;-19.65;112;112;1;UP
2024-12-07T00:15;2024-12-07T00:30;2;EUR;MWh;NO;NO;167;-6.65;167;-6.65;2;UP_AND_DOWN
2024-12-07T00:30;2024-12-07T00:45;3;EUR;MWh;NO;NO;;10;10;10;-1;DOWN
2024-12-07T00:45;2024-12-07T01:00;4;EUR;MWh;NO;NO;;-78.21;-78.21;-78.21;-1;DOWN
2024-12-07T01:00;2024-12-07T01:15;5;EUR;MWh;NO;NO;139;-6.65;139;-6.65;2;UP_AND_DOWN
2024-12-07T01:15;2024-12-07T01:30;6;EUR;MWh;NO;NO;71.71;21.65;77.35;21.65;2;UP_AND_DOWN
2024-12-07T01:30;2024-12-07T01:45;7;EUR;MWh;NO;NO;128.3;-4.6;128.3;-4.6;2;UP_AND_DOWN
2024-12-07T01:45;2024-12-07T02:00;8;EUR;MWh;NO;NO;;23.65;23.65;23.65;-1;DOWN
2024-12-07T02:00;2024-12-07T02:15;9;EUR;MWh;NO;NO;;12.5;12.5;12.5;-1;DOWN
2024-12-07T02:15;2024-12-07T02:30;10;EUR;MWh;NO;NO;51.19;40;72.44;40;2;UP_AND_DOWN
2024-12-07T02:30;2024-12-07T02:45;11;EUR;MWh;NO;NO;;40;40;40;-1;DOWN
2024-12-07T02:45;2024-12-07T03:00;12;EUR;MWh;NO;NO;;90.44;90.44;90.44;-1;DOWN
2024-12-07T03:00;2024-12-07T03:15;13;EUR;MWh;NO;NO;111.8;41.65;111.8;41.65;2;UP_AND_DOWN
2024-12-07T03:15;2024-12-07T03:30;14;EUR;MWh;NO;NO;108.87;21.65;108.87;21.65;2;UP_AND_DOWN
2024-12-07T03:30;2024-12-07T03:45;15;EUR;MWh;NO;NO;;21.65;21.65;21.65;-1;DOWN
2024-12-07T03:45;2024-12-07T04:00;16;EUR;MWh;NO;NO;;-13.72;-13.72;-13.72;-1;DOWN
2024-12-07T04:00;2024-12-07T04:15;17;EUR;MWh;NO;NO;139;21.65;139;21.65;2;UP_AND_DOWN
2024-12-07T04:15;2024-12-07T04:30;18;EUR;MWh;NO;NO;108.87;;108.87;108.87;1;UP
2024-12-07T04:30;2024-12-07T04:45;19;EUR;MWh;NO;NO;75.07;;75.07;75.07;1;UP
2024-12-07T04:45;2024-12-07T05:00;20;EUR;MWh;NO;NO;114.87;;114.87;114.87;1;UP
2024-12-07T05:00;2024-12-07T05:15;21;EUR;MWh;NO;NO;118.07;;118.07;118.07;1;UP
2024-12-07T05:15;2024-12-07T05:30;22;EUR;MWh;NO;NO;108.87;;108.87;108.87;1;UP
2024-12-07T05:30;2024-12-07T05:45;23;EUR;MWh;NO;NO;98.7;;98.7;98.7;1;UP
2024-12-07T05:45;2024-12-07T06:00;24;EUR;MWh;NO;NO;50.34;78.87;72.02;72.02;2;UP_AND_DOWN
2024-12-07T06:00;2024-12-07T06:15;25;EUR;MWh;NO;NO;;20;20;20;-1;DOWN
2024-12-07T06:15;2024-12-07T06:30;26;EUR;MWh;NO;NO;;21.65;21.65;21.65;-1;DOWN
2024-12-07T06:30;2024-12-07T06:45;27;EUR;MWh;NO;NO;122.7;90.44;122.7;72.92;2;UP_AND_DOWN
2024-12-07T06:45;2024-12-07T07:00;28;EUR;MWh;NO;NO;96.7;;96.7;96.7;1;UP
2024-12-07T07:00;2024-12-07T07:15;29;EUR;MWh;NO;NO;;-100;-100;-100;-1;DOWN
2024-12-07T07:15;2024-12-07T07:30;30;EUR;MWh;NO;NO;96;90.44;96;71.97;2;UP_AND_DOWN
2024-12-07T07:30;2024-12-07T07:45;31;EUR;MWh;NO;NO;75.07;90.44;75.07;75.07;1;UP
2024-12-07T07:45;2024-12-07T08:00;32;EUR;MWh;NO;NO;127.32;;127.32;127.32;1;UP
2024-12-07T08:00;2024-12-07T08:15;33;EUR;MWh;NO;NO;75.07;-92;75.07;-92;2;UP_AND_DOWN
2024-12-07T08:15;2024-12-07T08:30;34;EUR;MWh;NO;NO;;20;20;20;-1;DOWN
2024-12-07T08:30;2024-12-07T08:45;35;EUR;MWh;NO;NO;113.88;34.17;113.88;34.17;2;UP_AND_DOWN
2024-12-07T08:45;2024-12-07T09:00;36;EUR;MWh;NO;NO;122.88;;122.88;122.88;1;UP
2024-12-07T09:00;2024-12-07T09:15;37;EUR;MWh;NO;NO;97;-12.79;97;-12.79;2;UP_AND_DOWN
2024-12-07T09:15;2024-12-07T09:30;38;EUR;MWh;NO;NO;48.08;-4.6;-4.6;-4.6;-1;DOWN
2024-12-07T09:30;2024-12-07T09:45;39;EUR;MWh;NO;NO;;-4.65;-4.65;-4.65;-1;DOWN
2024-12-07T09:45;2024-12-07T10:00;40;EUR;MWh;NO;NO;;-80;-80;-80;-1;DOWN
2024-12-07T10:00;2024-12-07T10:15;41;EUR;MWh;NO;NO;97.4;-35;97.4;-35;2;UP_AND_DOWN
2024-12-07T10:15;2024-12-07T10:30;42;EUR;MWh;NO;NO;;-80;-80;-80;-1;DOWN
2024-12-07T10:30;2024-12-07T10:45;43;EUR;MWh;NO;NO;95.8;-6.62;95.8;-6.62;2;UP_AND_DOWN
2024-12-07T10:45;2024-12-07T11:00;44;EUR;MWh;NO;NO;;-50;-50;-50;-1;DOWN
2024-12-07T11:00;2024-12-07T11:15;45;EUR;MWh;NO;NO;75.07;-110;75.07;-110;2;UP_AND_DOWN
2024-12-07T11:15;2024-12-07T11:30;46;EUR;MWh;NO;NO;;-50;-50;-50;-1;DOWN
2024-12-07T11:30;2024-12-07T11:45;47;EUR;MWh;NO;NO;;-4.6;-4.6;-4.6;-1;DOWN
2024-12-07T11:45;2024-12-07T12:00;48;EUR;MWh;NO;NO;139.5;21.65;139.5;21.65;2;UP_AND_DOWN
2024-12-07T12:00;2024-12-07T12:15;49;EUR;MWh;NO;NO;125;-56.2;-56.2;-56.2;-1;DOWN
2024-12-07T12:15;2024-12-07T12:30;50;EUR;MWh;NO;NO;113.88;-41.85;113.88;-41.85;2;UP_AND_DOWN
2024-12-07T12:30;2024-12-07T12:45;51;EUR;MWh;NO;NO;93.7;-54.2;-54.2;-54.2;-1;DOWN
2024-12-07T12:45;2024-12-07T13:00;52;EUR;MWh;NO;NO;139;-40;139;-40;2;UP_AND_DOWN
2024-12-07T13:00;2024-12-07T13:15;53;EUR;MWh;NO;NO;139;-501.6;139;-501.6;2;UP_AND_DOWN
2024-12-07T13:15;2024-12-07T13:30;54;EUR;MWh;NO;NO;;-184.62;-184.62;-184.62;-1;DOWN
2024-12-07T13:30;2024-12-07T13:45;55;EUR;MWh;NO;NO;356.65;-45;356.65;-45;2;UP_AND_DOWN
2024-12-07T13:45;2024-12-07T14:00;56;EUR;MWh;NO;NO;140;-275.89;-275.89;-275.89;-1;DOWN
2024-12-07T14:00;2024-12-07T14:15;57;EUR;MWh;NO;NO;98.3;-210.92;98.3;-210.92;2;UP_AND_DOWN
2024-12-07T14:15;2024-12-07T14:30;58;EUR;MWh;NO;NO;95.4;-12.19;95.4;-12.19;2;UP_AND_DOWN
2024-12-07T14:30;2024-12-07T14:45;59;EUR;MWh;NO;NO;;2.69;2.69;2.69;-1;DOWN
2024-12-07T14:45;2024-12-07T15:00;60;EUR;MWh;NO;NO;107.88;21.65;107.88;21.65;2;UP_AND_DOWN
2024-12-07T15:00;2024-12-07T15:15;61;EUR;MWh;NO;NO;81.65;-6.65;84.38;-6.65;2;UP_AND_DOWN
2024-12-07T15:15;2024-12-07T15:30;62;EUR;MWh;NO;NO;81.11;-4.79;84.38;-4.79;2;UP_AND_DOWN
2024-12-07T15:30;2024-12-07T15:45;63;EUR;MWh;NO;NO;;;0;0;-1;DOWN
2024-12-07T15:45;2024-12-07T16:00;64;EUR;MWh;NO;NO;;30;30;30;-1;DOWN
2024-12-07T16:00;2024-12-07T16:15;65;EUR;MWh;NO;NO;;21.65;21.65;21.65;-1;DOWN
2024-12-07T16:15;2024-12-07T16:30;66;EUR;MWh;NO;NO;;-5.91;-5.91;-5.91;-1;DOWN
2024-12-07T16:30;2024-12-07T16:45;67;EUR;MWh;NO;NO;;;0;0;-1;DOWN
2024-12-07T16:45;2024-12-07T17:00;68;EUR;MWh;NO;NO;107.88;41.65;107.88;41.65;2;UP_AND_DOWN
2024-12-07T17:00;2024-12-07T17:15;69;EUR;MWh;NO;NO;;-40;-40;-40;-1;DOWN
2024-12-07T17:15;2024-12-07T17:30;70;EUR;MWh;NO;NO;100.88;-5.29;100.88;-5.29;2;UP_AND_DOWN
2024-12-07T17:30;2024-12-07T17:45;71;EUR;MWh;NO;NO;97.8;;97.8;97.8;1;UP
2024-12-07T17:45;2024-12-07T18:00;72;EUR;MWh;NO;NO;61;21.65;61;21.65;2;UP_AND_DOWN
2024-12-07T18:00;2024-12-07T18:15;73;EUR;MWh;NO;NO;;2.69;2.69;2.69;-1;DOWN
2024-12-07T18:15;2024-12-07T18:30;74;EUR;MWh;NO;NO;107.1;-2.79;107.1;-2.79;2;UP_AND_DOWN
2024-12-07T18:30;2024-12-07T18:45;75;EUR;MWh;NO;NO;98.48;;98.48;98.48;1;UP
2024-12-07T18:45;2024-12-07T19:00;76;EUR;MWh;NO;NO;113.88;27.61;113.88;21.85;2;UP_AND_DOWN
2024-12-07T19:00;2024-12-07T19:15;77;EUR;MWh;NO;NO;157.15;41.65;157.15;157.15;1;UP
2024-12-07T19:15;2024-12-07T19:30;78;EUR;MWh;NO;NO;100.88;19;100.88;19;2;UP_AND_DOWN
2024-12-07T19:30;2024-12-07T19:45;79;EUR;MWh;NO;NO;113.88;71.88;113.88;21.85;2;UP_AND_DOWN
2024-12-07T19:45;2024-12-07T20:00;80;EUR;MWh;NO;NO;75.07;41.65;75.07;21.85;2;UP_AND_DOWN
2024-12-07T20:00;2024-12-07T20:15;81;EUR;MWh;NO;NO;;41.65;41.65;41.65;-1;DOWN
2024-12-07T20:15;2024-12-07T20:30;82;EUR;MWh;NO;NO;;30;30;30;-1;DOWN
2024-12-07T20:30;2024-12-07T20:45;83;EUR;MWh;NO;NO;;23.9;23.9;23.9;-1;DOWN
2024-12-07T20:45;2024-12-07T21:00;84;EUR;MWh;NO;NO;95.3;90.4;95.3;21.85;2;UP_AND_DOWN
2024-12-07T21:00;2024-12-07T21:15;85;EUR;MWh;NO;NO;95.3;;95.3;95.3;1;UP
2024-12-07T21:15;2024-12-07T21:30;86;EUR;MWh;NO;NO;138.5;;138.5;138.5;1;UP
2024-12-07T21:30;2024-12-07T21:45;87;EUR;MWh;NO;NO;61;20;77.35;20;2;UP_AND_DOWN
2024-12-07T21:45;2024-12-07T22:00;88;EUR;MWh;NO;NO;;-15.62;-15.62;-15.62;-1;DOWN
2024-12-07T22:00;2024-12-07T22:15;89;EUR;MWh;NO;NO;113.88;-15.62;113.88;113.88;1;UP
2024-12-07T22:15;2024-12-07T22:30;90;EUR;MWh;NO;NO;96.3;;96.3;96.3;1;UP
2024-12-07T22:30;2024-12-07T22:45;91;EUR;MWh;NO;NO;96.3;;96.3;96.3;1;UP
2024-12-07T22:45;2024-12-07T23:00;92;EUR;MWh;NO;NO;85.07;;85.07;85.07;1;UP
2024-12-07T23:00;2024-12-07T23:15;93;EUR;MWh;NO;NO;139.62;;139.62;139.62;1;UP
2024-12-07T23:15;2024-12-07T23:30;94;EUR;MWh;NO;NO;138.6;;138.6;138.6;1;UP
2024-12-07T23:30;2024-12-07T23:45;95;EUR;MWh;NO;NO;110.79;82.84;110.79;77.35;2;UP_AND_DOWN
2024-12-07T23:45;2024-12-08T00:00;96;EUR;MWh;NO;NO;110.79;-35;-35;-35;-1;DOWN
2024-12-08T00:00;2024-12-08T00:15;1;EUR;MWh;NO;NO;165.69;-22.87;165.69;-22.87;2;UP_AND_DOWN
2024-12-08T00:15;2024-12-08T00:30;2;EUR;MWh;NO;NO;122;70;122;70;2;UP_AND_DOWN
2024-12-08T00:30;2024-12-08T00:45;3;EUR;MWh;NO;NO;122;40;40;40;-1;DOWN
2024-12-08T00:45;2024-12-08T01:00;4;EUR;MWh;NO;NO;;30;30;30;-1;DOWN
2024-12-08T01:00;2024-12-08T01:15;5;EUR;MWh;NO;NO;;26.65;26.65;26.65;-1;DOWN
2024-12-08T01:15;2024-12-08T01:30;6;EUR;MWh;NO;NO;;40;40;40;-1;DOWN
2024-12-08T01:30;2024-12-08T01:45;7;EUR;MWh;NO;NO;;26.65;26.65;26.65;-1;DOWN
2024-12-08T01:45;2024-12-08T02:00;8;EUR;MWh;NO;NO;;26.65;26.65;26.65;-1;DOWN
2024-12-08T02:00;2024-12-08T02:15;9;EUR;MWh;NO;NO;100.7;26.65;100.7;26.65;2;UP_AND_DOWN
2024-12-08T02:15;2024-12-08T02:30;10;EUR;MWh;NO;NO;;70;70;70;-1;DOWN
2024-12-08T02:30;2024-12-08T02:45;11;EUR;MWh;NO;NO;;60;60;60;-1;DOWN
2024-12-08T02:45;2024-12-08T03:00;12;EUR;MWh;NO;NO;;-6.65;-6.65;-6.65;-1;DOWN
2024-12-08T03:00;2024-12-08T03:15;13;EUR;MWh;NO;NO;;-21.65;-21.65;-21.65;-1;DOWN
2024-12-08T03:15;2024-12-08T03:30;14;EUR;MWh;NO;NO;;-40;-40;-40;-1;DOWN
2024-12-08T03:30;2024-12-08T03:45;15;EUR;MWh;NO;NO;;-17.9;-17.9;-17.9;-1;DOWN
2024-12-08T03:45;2024-12-08T04:00;16;EUR;MWh;NO;NO;;-100;-100;-100;-1;DOWN
2024-12-08T04:00;2024-12-08T04:15;17;EUR;MWh;NO;NO;;-6;-6;-6;-1;DOWN
2024-12-08T04:15;2024-12-08T04:30;18;EUR;MWh;NO;NO;;-7.05;-7.05;-7.05;-1;DOWN
2024-12-08T04:30;2024-12-08T04:45;19;EUR;MWh;NO;NO;;-77.05;-77.05;-77.05;-1;DOWN
2024-12-08T04:45;2024-12-08T05:00;20;EUR;MWh;NO;NO;;-.81;-.81;-.81;-1;DOWN
2024-12-08T05:00;2024-12-08T05:15;21;EUR;MWh;NO;NO;;26.65;26.65;26.65;-1;DOWN
2024-12-08T05:15;2024-12-08T05:30;22;EUR;MWh;NO;NO;;-13.08;-13.08;-13.08;-1;DOWN
2024-12-08T05:30;2024-12-08T05:45;23;EUR;MWh;NO;NO;;-10.62;-10.62;-10.62;-1;DOWN
2024-12-08T05:45;2024-12-08T06:00;24;EUR;MWh;NO;NO;;41.65;41.65;41.65;-1;DOWN
2024-12-08T06:00;2024-12-08T06:15;25;EUR;MWh;NO;NO;108.01;26.65;108.01;108.01;1;UP
2024-12-08T06:15;2024-12-08T06:30;26;EUR;MWh;NO;NO;101.01;;101.01;101.01;1;UP
2024-12-08T06:30;2024-12-08T06:45;27;EUR;MWh;NO;NO;65.07;70;79.38;70;2;UP_AND_DOWN
2024-12-08T06:45;2024-12-08T07:00;28;EUR;MWh;NO;NO;97;26.65;97;26.65;2;UP_AND_DOWN
2024-12-08T07:00;2024-12-08T07:15;29;EUR;MWh;NO;NO;111.7;;111.7;111.7;1;UP
2024-12-08T07:15;2024-12-08T07:30;30;EUR;MWh;NO;NO;111.7;;111.7;111.7;1;UP
2024-12-08T07:30;2024-12-08T07:45;31;EUR;MWh;NO;NO;127.9;;127.9;127.9;1;UP
2024-12-08T07:45;2024-12-08T08:00;32;EUR;MWh;NO;NO;122.69;;122.69;122.69;1;UP
2024-12-08T08:00;2024-12-08T08:15;33;EUR;MWh;NO;NO;110.18;93.69;110.18;79.38;2;UP_AND_DOWN
2024-12-08T08:15;2024-12-08T08:30;34;EUR;MWh;NO;NO;111.7;;111.7;111.7;1;UP
2024-12-08T08:30;2024-12-08T08:45;35;EUR;MWh;NO;NO;115;;115;115;1;UP
2024-12-08T08:45;2024-12-08T09:00;36;EUR;MWh;NO;NO;108.55;;108.55;108.55;1;UP
2024-12-08T09:00;2024-12-08T09:15;37;EUR;MWh;NO;NO;111.8;78.01;111.8;78.01;2;UP_AND_DOWN
2024-12-08T09:15;2024-12-08T09:30;38;EUR;MWh;NO;NO;111.8;;111.8;111.8;1;UP
2024-12-08T09:30;2024-12-08T09:45;39;EUR;MWh;NO;NO;107.81;78.01;107.81;78.01;2;UP_AND_DOWN
2024-12-08T09:45;2024-12-08T10:00;40;EUR;MWh;NO;NO;;70;70;70;-1;DOWN
2024-12-08T10:00;2024-12-08T10:15;41;EUR;MWh;NO;NO;;90.4;90.4;90.4;-1;DOWN
2024-12-08T10:15;2024-12-08T10:30;42;EUR;MWh;NO;NO;;78.01;78.01;78.01;-1;DOWN
2024-12-08T10:30;2024-12-08T10:45;43;EUR;MWh;NO;NO;;70;70;70;-1;DOWN
2024-12-08T10:45;2024-12-08T11:00;44;EUR;MWh;NO;NO;;70;70;70;-1;DOWN
2024-12-08T11:00;2024-12-08T11:15;45;EUR;MWh;NO;NO;;90.4;90.4;90.4;-1;DOWN
2024-12-08T11:15;2024-12-08T11:30;46;EUR;MWh;NO;NO;;78.01;78.01;78.01;-1;DOWN
2024-12-08T11:30;2024-12-08T11:45;47;EUR;MWh;NO;NO;;78.01;79.38;79.38;0;STABLE
2024-12-08T11:45;2024-12-08T12:00;48;EUR;MWh;NO;NO;111;;111;111;1;UP
2024-12-08T12:00;2024-12-08T12:15;49;EUR;MWh;NO;NO;190.69;;190.69;190.69;1;UP
2024-12-08T12:15;2024-12-08T12:30;50;EUR;MWh;NO;NO;188;;188;188;1;UP
2024-12-08T12:30;2024-12-08T12:45;51;EUR;MWh;NO;NO;166.4;;166.4;166.4;1;UP
2024-12-08T12:45;2024-12-08T13:00;52;EUR;MWh;NO;NO;139;;139;139;1;UP
2024-12-08T13:00;2024-12-08T13:15;53;EUR;MWh;NO;NO;139;;139;139;1;UP
2024-12-08T13:15;2024-12-08T13:30;54;EUR;MWh;NO;NO;115.69;80.69;115.69;79.38;2;UP_AND_DOWN
2024-12-08T13:30;2024-12-08T13:45;55;EUR;MWh;NO;NO;109.54;;109.54;109.54;1;UP
2024-12-08T13:45;2024-12-08T14:00;56;EUR;MWh;NO;NO;124.6;;124.6;124.6;1;UP
2024-12-08T14:00;2024-12-08T14:15;57;EUR;MWh;NO;NO;101.01;78.01;101.01;78.01;2;UP_AND_DOWN
2024-12-08T14:15;2024-12-08T14:30;58;EUR;MWh;NO;NO;;70;70;70;-1;DOWN
2024-12-08T14:30;2024-12-08T14:45;59;EUR;MWh;NO;NO;;70;70;70;-1;DOWN
2024-12-08T14:45;2024-12-08T15:00;60;EUR;MWh;NO;NO;65.07;;65.07;65.07;1;UP
2024-12-08T15:00;2024-12-08T15:15;61;EUR;MWh;NO;NO;65.07;;65.07;65.07;1;UP
2024-12-08T15:15;2024-12-08T15:30;62;EUR;MWh;NO;NO;111.9;;111.9;111.9;1;UP
2024-12-08T15:30;2024-12-08T15:45;63;EUR;MWh;NO;NO;65.07;99.31;99.31;99.31;-1;DOWN
2024-12-08T15:45;2024-12-08T16:00;64;EUR;MWh;NO;NO;;90.69;90.69;90.69;-1;DOWN
2024-12-08T16:00;2024-12-08T16:15;65;EUR;MWh;NO;NO;;11;11;11;-1;DOWN
2024-12-08T16:15;2024-12-08T16:30;66;EUR;MWh;NO;NO;;70;70;70;-1;DOWN
2024-12-08T16:30;2024-12-08T16:45;67;EUR;MWh;NO;NO;65.07;58.34;58.34;58.34;-1;DOWN
2024-12-08T16:45;2024-12-08T17:00;68;EUR;MWh;NO;NO;118.34;70;118.34;70;2;UP_AND_DOWN
2024-12-08T17:00;2024-12-08T17:15;69;EUR;MWh;NO;NO;101.69;70;101.69;101.69;1;UP
2024-12-08T17:15;2024-12-08T17:30;70;EUR;MWh;NO;NO;113.5;;113.5;113.5;1;UP
2024-12-08T17:30;2024-12-08T17:45;71;EUR;MWh;NO;NO;108.01;;108.01;108.01;1;UP
2024-12-08T17:45;2024-12-08T18:00;72;EUR;MWh;NO;NO;114.1;;114.1;114.1;1;UP
2024-12-08T18:00;2024-12-08T18:15;73;EUR;MWh;NO;NO;139;;139;139;1;UP
2024-12-08T18:15;2024-12-08T18:30;74;EUR;MWh;NO;NO;123.6;;123.6;123.6;1;UP
2024-12-08T18:30;2024-12-08T18:45;75;EUR;MWh;NO;NO;101.01;;101.01;101.01;1;UP
2024-12-08T18:45;2024-12-08T19:00;76;EUR;MWh;NO;NO;65.07;26.65;80;26.65;2;UP_AND_DOWN
2024-12-08T19:00;2024-12-08T19:15;77;EUR;MWh;NO;NO;128.6;41.65;128.6;41.65;2;UP_AND_DOWN
2024-12-08T19:15;2024-12-08T19:30;78;EUR;MWh;NO;NO;137.27;72.01;137.27;72.01;2;UP_AND_DOWN
2024-12-08T19:30;2024-12-08T19:45;79;EUR;MWh;NO;NO;120.16;44;120.16;44;2;UP_AND_DOWN
2024-12-08T19:45;2024-12-08T20:00;80;EUR;MWh;NO;NO;128.79;38.01;128.79;38.01;2;UP_AND_DOWN
2024-12-08T20:00;2024-12-08T20:15;81;EUR;MWh;NO;NO;166.2;;166.2;166.2;1;UP
2024-12-08T20:15;2024-12-08T20:30;82;EUR;MWh;NO;NO;118.69;58.21;118.69;58.21;2;UP_AND_DOWN
2024-12-08T20:30;2024-12-08T20:45;83;EUR;MWh;NO;NO;114.01;;114.01;114.01;1;UP
2024-12-08T20:45;2024-12-08T21:00;84;EUR;MWh;NO;NO;;11;11;11;-1;DOWN
2024-12-08T21:00;2024-12-08T21:15;85;EUR;MWh;NO;NO;99;57.2;99;57.2;2;UP_AND_DOWN
2024-12-08T21:15;2024-12-08T21:30;86;EUR;MWh;NO;NO;;33;33;33;-1;DOWN
2024-12-08T21:30;2024-12-08T21:45;87;EUR;MWh;NO;NO;;11;11;11;-1;DOWN
2024-12-08T21:45;2024-12-08T22:00;88;EUR;MWh;NO;NO;;33;33;33;-1;DOWN
2024-12-08T22:00;2024-12-08T22:15;89;EUR;MWh;NO;NO;139;70;139;70;2;UP_AND_DOWN
2024-12-08T22:15;2024-12-08T22:30;90;EUR;MWh;NO;NO;114.4;;114.4;114.4;1;UP
2024-12-08T22:30;2024-12-08T22:45;91;EUR;MWh;NO;NO;114.4;1;1;1;-1;DOWN
2024-12-08T22:45;2024-12-08T23:00;92;EUR;MWh;NO;NO;;-.81;-.81;-.81;-1;DOWN
2024-12-08T23:00;2024-12-08T23:15;93;EUR;MWh;NO;NO;;1;1;1;-1;DOWN
2024-12-08T23:15;2024-12-08T23:30;94;EUR;MWh;NO;NO;;-32;-32;-32;-1;DOWN
2024-12-08T23:30;2024-12-08T23:45;95;EUR;MWh;NO;NO;;-32;-32;-32;-1;DOWN
2024-12-08T23:45;2024-12-09T00:00;96;EUR;MWh;NO;NO;;-11.47;-11.47;-11.47;-1;DOWN
2024-12-09T00:00;2024-12-09T00:15;1;EUR;MWh;NO;NO;114.6;-56.2;114.6;-56.2;2;UP_AND_DOWN
2024-12-09T00:15;2024-12-09T00:30;2;EUR;MWh;NO;NO;139;-6.65;139;-6.65;2;UP_AND_DOWN
2024-12-09T00:30;2024-12-09T00:45;3;EUR;MWh;NO;NO;139;-43;-43;-43;-1;DOWN
2024-12-09T00:45;2024-12-09T01:00;4;EUR;MWh;NO;NO;;-45.96;-45.96;-45.96;-1;DOWN
2024-12-09T01:00;2024-12-09T01:15;5;EUR;MWh;NO;NO;139;-21.65;139;-21.65;2;UP_AND_DOWN
2024-12-09T01:15;2024-12-09T01:30;6;EUR;MWh;NO;NO;139;-43;-43;-43;-1;DOWN
2024-12-09T01:30;2024-12-09T01:45;7;EUR;MWh;NO;NO;128.4;-50;128.4;-50;2;UP_AND_DOWN
2024-12-09T01:45;2024-12-09T02:00;8;EUR;MWh;NO;NO;;-53;-53;-53;-1;DOWN
2024-12-09T02:00;2024-12-09T02:15;9;EUR;MWh;NO;NO;114.02;-33;114.02;-33;2;UP_AND_DOWN
2024-12-09T02:15;2024-12-09T02:30;10;EUR;MWh;NO;NO;;-26.65;-26.65;-26.65;-1;DOWN
2024-12-09T02:30;2024-12-09T02:45;11;EUR;MWh;NO;NO;;-19.65;-19.65;-19.65;-1;DOWN
2024-12-09T02:45;2024-12-09T03:00;12;EUR;MWh;NO;NO;;-8.56;-8.56;-8.56;-1;DOWN
2024-12-09T03:00;2024-12-09T03:15;13;EUR;MWh;NO;NO;128.8;-5;128.8;-5;2;UP_AND_DOWN
2024-12-09T03:15;2024-12-09T03:30;14;EUR;MWh;NO;NO;107.82;;107.82;107.82;1;UP
2024-12-09T03:30;2024-12-09T03:45;15;EUR;MWh;NO;NO;107.82;-5;-5;-5;-1;DOWN
2024-12-09T03:45;2024-12-09T04:00;16;EUR;MWh;NO;NO;;-29.9;-29.9;-29.9;-1;DOWN
2024-12-09T04:00;2024-12-09T04:15;17;EUR;MWh;NO;NO;108.7;-6.65;108.7;-6.65;2;UP_AND_DOWN
2024-12-09T04:15;2024-12-09T04:30;18;EUR;MWh;NO;NO;108.7;-.81;-.81;-.81;-1;DOWN
2024-12-09T04:30;2024-12-09T04:45;19;EUR;MWh;NO;NO;116.4;30;116.4;30;2;UP_AND_DOWN
2024-12-09T04:45;2024-12-09T05:00;20;EUR;MWh;NO;NO;116.4;-29.1;-29.1;-29.1;-1;DOWN
2024-12-09T05:00;2024-12-09T05:15;21;EUR;MWh;NO;NO;;-53;-53;-53;-1;DOWN
2024-12-09T05:15;2024-12-09T05:30;22;EUR;MWh;NO;NO;116.7;-.81;116.7;-.81;2;UP_AND_DOWN
2024-12-09T05:30;2024-12-09T05:45;23;EUR;MWh;NO;NO;116.8;;116.8;116.8;1;UP
2024-12-09T05:45;2024-12-09T06:00;24;EUR;MWh;NO;NO;116.9;;116.9;116.9;1;UP
2024-12-09T06:00;2024-12-09T06:15;25;EUR;MWh;NO;NO;117.1;-96;117.1;-96;2;UP_AND_DOWN
2024-12-09T06:15;2024-12-09T06:30;26;EUR;MWh;NO;NO;;-50;-50;-50;-1;DOWN
2024-12-09T06:30;2024-12-09T06:45;27;EUR;MWh;NO;NO;107.05;90.4;107.05;75.7;2;UP_AND_DOWN
2024-12-09T06:45;2024-12-09T07:00;28;EUR;MWh;NO;NO;117.4;-38;117.4;-38;2;UP_AND_DOWN
2024-12-09T07:00;2024-12-09T07:15;29;EUR;MWh;NO;NO;;-53.7;-53.7;-53.7;-1;DOWN
2024-12-09T07:15;2024-12-09T07:30;30;EUR;MWh;NO;NO;139;-96.08;139;-96.08;2;UP_AND_DOWN
2024-12-09T07:30;2024-12-09T07:45;31;EUR;MWh;NO;NO;592.3;-100;592.3;-100;2;UP_AND_DOWN
2024-12-09T07:45;2024-12-09T08:00;32;EUR;MWh;NO;NO;601.14;-6.65;-6.65;-6.65;-1;DOWN
2024-12-09T08:00;2024-12-09T08:15;33;EUR;MWh;NO;NO;152.7;81.75;152.7;81.44;2;UP_AND_DOWN
2024-12-09T08:15;2024-12-09T08:30;34;EUR;MWh;NO;NO;142.07;;142.07;142.07;1;UP
2024-12-09T08:30;2024-12-09T08:45;35;EUR;MWh;NO;NO;152.7;;152.7;152.7;1;UP
2024-12-09T08:45;2024-12-09T09:00;36;EUR;MWh;NO;NO;118;82.69;118;81.44;2;UP_AND_DOWN
2024-12-09T09:00;2024-12-09T09:15;37;EUR;MWh;NO;NO;139;96.31;139;81.44;2;UP_AND_DOWN
2024-12-09T09:15;2024-12-09T09:30;38;EUR;MWh;NO;NO;139;;139;139;1;UP
2024-12-09T09:30;2024-12-09T09:45;39;EUR;MWh;NO;NO;137;;137;137;1;UP
2024-12-09T09:45;2024-12-09T10:00;40;EUR;MWh;NO;NO;122;;122;122;1;UP
2024-12-09T10:00;2024-12-09T10:15;41;EUR;MWh;NO;NO;139;;139;139;1;UP
2024-12-09T10:15;2024-12-09T10:30;42;EUR;MWh;NO;NO;114.19;;114.19;114.19;1;UP
2024-12-09T10:30;2024-12-09T10:45;43;EUR;MWh;NO;NO;120.98;90;120.98;81.42;2;UP_AND_DOWN
2024-12-09T10:45;2024-12-09T11:00;44;EUR;MWh;NO;NO;;21.65;21.65;21.65;-1;DOWN
2024-12-09T11:00;2024-12-09T11:15;45;EUR;MWh;NO;NO;;54.69;54.69;54.69;-1;DOWN
2024-12-09T11:15;2024-12-09T11:30;46;EUR;MWh;NO;NO;;76.75;76.75;76.75;-1;DOWN
2024-12-09T11:30;2024-12-09T11:45;47;EUR;MWh;NO;NO;125;90;125;125;1;UP
2024-12-09T11:45;2024-12-09T12:00;48;EUR;MWh;NO;NO;129;90;129;81.44;2;UP_AND_DOWN
2024-12-09T12:00;2024-12-09T12:15;49;EUR;MWh;NO;NO;116.06;86.75;116.06;85.12;2;UP_AND_DOWN
2024-12-09T12:15;2024-12-09T12:30;50;EUR;MWh;NO;NO;122.86;;122.86;122.86;1;UP
2024-12-09T12:30;2024-12-09T12:45;51;EUR;MWh;NO;NO;122.86;90;90;90;-1;DOWN
2024-12-09T12:45;2024-12-09T13:00;52;EUR;MWh;NO;NO;;41.65;41.65;41.65;-1;DOWN
2024-12-09T13:00;2024-12-09T13:15;53;EUR;MWh;NO;NO;115.5;41.65;115.5;41.65;2;UP_AND_DOWN
2024-12-09T13:15;2024-12-09T13:30;54;EUR;MWh;NO;NO;116.6;;116.6;116.6;1;UP
2024-12-09T13:30;2024-12-09T13:45;55;EUR;MWh;NO;NO;65.07;;65.07;65.07;1;UP
2024-12-09T13:45;2024-12-09T14:00;56;EUR;MWh;NO;NO;65.07;97.81;81.44;81.44;2;UP_AND_DOWN
2024-12-09T14:00;2024-12-09T14:15;57;EUR;MWh;NO;NO;115.5;97.81;115.5;81.44;2;UP_AND_DOWN
2024-12-09T14:15;2024-12-09T14:30;58;EUR;MWh;NO;NO;115.5;;115.5;115.5;1;UP
2024-12-09T14:30;2024-12-09T14:45;59;EUR;MWh;NO;NO;114.77;93.31;114.77;85.12;2;UP_AND_DOWN
2024-12-09T14:45;2024-12-09T15:00;60;EUR;MWh;NO;NO;;93.31;93.31;93.31;-1;DOWN
2024-12-09T15:00;2024-12-09T15:15;61;EUR;MWh;NO;NO;;64.69;64.69;64.69;-1;DOWN
2024-12-09T15:15;2024-12-09T15:30;62;EUR;MWh;NO;NO;116.9;97.63;116.9;81.35;2;UP_AND_DOWN
2024-12-09T15:30;2024-12-09T15:45;63;EUR;MWh;NO;NO;117;;117;117;1;UP
2024-12-09T15:45;2024-12-09T16:00;64;EUR;MWh;NO;NO;117.2;;117.2;117.2;1;UP
2024-12-09T16:00;2024-12-09T16:15;65;EUR;MWh;NO;NO;128.9;92.4;128.9;79.41;2;UP_AND_DOWN
2024-12-09T16:15;2024-12-09T16:30;66;EUR;MWh;NO;NO;136.06;;136.06;136.06;1;UP
2024-12-09T16:30;2024-12-09T16:45;67;EUR;MWh;NO;NO;139;;139;139;1;UP
2024-12-09T16:45;2024-12-09T17:00;68;EUR;MWh;NO;NO;139;;139;139;1;UP
2024-12-09T17:00;2024-12-09T17:15;69;EUR;MWh;NO;NO;139;84.09;139;23.91;2;UP_AND_DOWN
2024-12-09T17:15;2024-12-09T17:30;70;EUR;MWh;NO;NO;114.5;93.69;114.5;23.9;2;UP_AND_DOWN
2024-12-09T17:30;2024-12-09T17:45;71;EUR;MWh;NO;NO;114.5;;114.5;114.5;1;UP
2024-12-09T17:45;2024-12-09T18:00;72;EUR;MWh;NO;NO;114.5;;114.5;114.5;1;UP
2024-12-09T18:00;2024-12-09T18:15;73;EUR;MWh;NO;NO;107.99;;107.99;107.99;1;UP
2024-12-09T18:15;2024-12-09T18:30;74;EUR;MWh;NO;NO;110.99;;110.99;110.99;1;UP
2024-12-09T18:30;2024-12-09T18:45;75;EUR;MWh;NO;NO;127.99;;127.99;127.99;1;UP
2024-12-09T18:45;2024-12-09T19:00;76;EUR;MWh;NO;NO;114.5;;114.5;114.5;1;UP
2024-12-09T19:00;2024-12-09T19:15;77;EUR;MWh;NO;NO;151.7;;151.7;151.7;1;UP
2024-12-09T19:15;2024-12-09T19:30;78;EUR;MWh;NO;NO;114.5;;114.5;114.5;1;UP
2024-12-09T19:30;2024-12-09T19:45;79;EUR;MWh;NO;NO;112.99;;112.99;112.99;1;UP
2024-12-09T19:45;2024-12-09T20:00;80;EUR;MWh;NO;NO;109.8;;109.8;109.8;1;UP
2024-12-09T20:00;2024-12-09T20:15;81;EUR;MWh;NO;NO;;64.01;64.01;64.01;-1;DOWN
2024-12-09T20:15;2024-12-09T20:30;82;EUR;MWh;NO;NO;;64.09;64.09;64.09;-1;DOWN
2024-12-09T20:30;2024-12-09T20:45;83;EUR;MWh;NO;NO;;64.09;64.09;64.09;-1;DOWN
2024-12-09T20:45;2024-12-09T21:00;84;EUR;MWh;NO;NO;;69.09;69.09;69.09;-1;DOWN
2024-12-09T21:00;2024-12-09T21:15;85;EUR;MWh;NO;NO;122.99;-13.16;122.99;-13.16;2;UP_AND_DOWN
2024-12-09T21:15;2024-12-09T21:30;86;EUR;MWh;NO;NO;118;96.31;96.31;96.31;-1;DOWN
2024-12-09T21:30;2024-12-09T21:45;87;EUR;MWh;NO;NO;104.64;96.31;104.64;79.41;2;UP_AND_DOWN
2024-12-09T21:45;2024-12-09T22:00;88;EUR;MWh;NO;NO;;80;80;80;-1;DOWN
2024-12-09T22:00;2024-12-09T22:15;89;EUR;MWh;NO;NO;;74.25;74.25;74.25;-1;DOWN
2024-12-09T22:15;2024-12-09T22:30;90;EUR;MWh;NO;NO;98.52;56.11;98.52;56.11;2;UP_AND_DOWN
2024-12-09T22:30;2024-12-09T22:45;91;EUR;MWh;NO;NO;;43.65;43.65;43.65;-1;DOWN
2024-12-09T22:45;2024-12-09T23:00;92;EUR;MWh;NO;NO;;41.65;41.65;41.65;-1;DOWN
2024-12-09T23:00;2024-12-09T23:15;93;EUR;MWh;NO;NO;98.39;41.65;98.39;41.65;2;UP_AND_DOWN
2024-12-09T23:15;2024-12-09T23:30;94;EUR;MWh;NO;NO;65.07;83.62;83.62;83.62;-1;DOWN
2024-12-09T23:30;2024-12-09T23:45;95;EUR;MWh;NO;NO;;40;40;40;-1;DOWN
2024-12-09T23:45;2024-12-10T00:00;96;EUR;MWh;NO;NO;;40;40;40;-1;DOWN
2024-12-10T00:00;2024-12-10T00:15;1;EUR;MWh;NO;NO;129.3;25;129.3;25;2;UP_AND_DOWN
2024-12-10T00:15;2024-12-10T00:30;2;EUR;MWh;NO;NO;123;21.65;21.65;21.65;-1;DOWN
2024-12-10T00:30;2024-12-10T00:45;3;EUR;MWh;NO;NO;;-3.89;-3.89;-3.89;-1;DOWN
2024-12-10T00:45;2024-12-10T01:00;4;EUR;MWh;NO;NO;;25;25;25;-1;DOWN
2024-12-10T01:00;2024-12-10T01:15;5;EUR;MWh;NO;NO;;35;35;35;-1;DOWN
2024-12-10T01:15;2024-12-10T01:30;6;EUR;MWh;NO;NO;;83.92;83.92;83.92;-1;DOWN
2024-12-10T01:30;2024-12-10T01:45;7;EUR;MWh;NO;NO;99.73;47.23;99.73;47.23;2;UP_AND_DOWN
2024-12-10T01:45;2024-12-10T02:00;8;EUR;MWh;NO;NO;94.29;35;94.29;35;2;UP_AND_DOWN
2024-12-10T02:00;2024-12-10T02:15;9;EUR;MWh;NO;NO;99.2;35;99.2;35;2;UP_AND_DOWN
2024-12-10T02:15;2024-12-10T02:30;10;EUR;MWh;NO;NO;96.36;;96.36;96.36;1;UP
2024-12-10T02:30;2024-12-10T02:45;11;EUR;MWh;NO;NO;96.37;41.65;41.65;41.65;-1;DOWN
2024-12-10T02:45;2024-12-10T03:00;12;EUR;MWh;NO;NO;;41.65;41.65;41.65;-1;DOWN
2024-12-10T03:00;2024-12-10T03:15;13;EUR;MWh;NO;NO;;71.64;71.64;71.64;-1;DOWN
2024-12-10T03:15;2024-12-10T03:30;14;EUR;MWh;NO;NO;;47.23;47.23;47.23;-1;DOWN
2024-12-10T03:30;2024-12-10T03:45;15;EUR;MWh;NO;NO;;41.65;41.65;41.65;-1;DOWN
2024-12-10T03:45;2024-12-10T04:00;16;EUR;MWh;NO;NO;;38.23;38.23;38.23;-1;DOWN
2024-12-10T04:00;2024-12-10T04:15;17;EUR;MWh;NO;NO;;-30;-30;-30;-1;DOWN
2024-12-10T04:15;2024-12-10T04:30;18;EUR;MWh;NO;NO;;-30;-30;-30;-1;DOWN
2024-12-10T04:30;2024-12-10T04:45;19;EUR;MWh;NO;NO;;41.65;41.65;41.65;-1;DOWN
2024-12-10T04:45;2024-12-10T05:00;20;EUR;MWh;NO;NO;;41.65;41.65;41.65;-1;DOWN
2024-12-10T05:00;2024-12-10T05:15;21;EUR;MWh;NO;NO;;45;45;45;-1;DOWN
2024-12-10T05:15;2024-12-10T05:30;22;EUR;MWh;NO;NO;;47.23;47.23;47.23;-1;DOWN
2024-12-10T05:30;2024-12-10T05:45;23;EUR;MWh;NO;NO;115.5;49.23;115.5;49.23;2;UP_AND_DOWN
2024-12-10T05:45;2024-12-10T06:00;24;EUR;MWh;NO;NO;112.95;79.99;112.95;112.95;1;UP
2024-12-10T06:00;2024-12-10T06:15;25;EUR;MWh;NO;NO;139;-32;139;-32;2;UP_AND_DOWN
2024-12-10T06:15;2024-12-10T06:30;26;EUR;MWh;NO;NO;162.45;62.26;162.45;62.26;2;UP_AND_DOWN
2024-12-10T06:30;2024-12-10T06:45;27;EUR;MWh;NO;NO;165.68;66.51;165.68;66.51;2;UP_AND_DOWN
2024-12-10T06:45;2024-12-10T07:00;28;EUR;MWh;NO;NO;185.34;;185.34;185.34;1;UP
2024-12-10T07:00;2024-12-10T07:15;29;EUR;MWh;NO;NO;128.07;-34.09;128.07;-34.09;2;UP_AND_DOWN
2024-12-10T07:15;2024-12-10T07:30;30;EUR;MWh;NO;NO;112.6;80;112.6;112.6;1;UP
2024-12-10T07:30;2024-12-10T07:45;31;EUR;MWh;NO;NO;110.6;87.89;110.6;80.25;2;UP_AND_DOWN
2024-12-10T07:45;2024-12-10T08:00;32;EUR;MWh;NO;NO;110.6;89.06;110.6;77.35;2;UP_AND_DOWN
2024-12-10T08:00;2024-12-10T08:15;33;EUR;MWh;NO;NO;;39.69;39.69;39.69;-1;DOWN
2024-12-10T08:15;2024-12-10T08:30;34;EUR;MWh;NO;NO;;63.36;63.36;63.36;-1;DOWN
2024-12-10T08:30;2024-12-10T08:45;35;EUR;MWh;NO;NO;;87.32;87.32;87.32;-1;DOWN
2024-12-10T08:45;2024-12-10T09:00;36;EUR;MWh;NO;NO;119.64;103.53;119.64;103.53;2;UP_AND_DOWN
2024-12-10T09:00;2024-12-10T09:15;37;EUR;MWh;NO;NO;129.7;;129.7;129.7;1;UP
2024-12-10T09:15;2024-12-10T09:30;38;EUR;MWh;NO;NO;129.6;;129.6;129.6;1;UP
2024-12-10T09:30;2024-12-10T09:45;39;EUR;MWh;NO;NO;137;;137;137;1;UP
2024-12-10T09:45;2024-12-10T10:00;40;EUR;MWh;NO;NO;112.5;103.55;112.5;112.5;1;UP
2024-12-10T10:00;2024-12-10T10:15;41;EUR;MWh;NO;NO;200;103.55;200;103.55;2;UP_AND_DOWN
2024-12-10T10:15;2024-12-10T10:30;42;EUR;MWh;NO;NO;200;;200;200;1;UP
2024-12-10T10:30;2024-12-10T10:45;43;EUR;MWh;NO;NO;152.8;;152.8;152.8;1;UP
2024-12-10T10:45;2024-12-10T11:00;44;EUR;MWh;NO;NO;152.8;;152.8;152.8;1;UP
2024-12-10T11:00;2024-12-10T11:15;45;EUR;MWh;NO;NO;200;;200;200;1;UP
2024-12-10T11:15;2024-12-10T11:30;46;EUR;MWh;NO;NO;166.8;;166.8;166.8;1;UP
2024-12-10T11:30;2024-12-10T11:45;47;EUR;MWh;NO;NO;168.74;;168.74;168.74;1;UP
2024-12-10T11:45;2024-12-10T12:00;48;EUR;MWh;NO;NO;249.16;;249.16;249.16;1;UP
2024-12-10T12:00;2024-12-10T12:15;49;EUR;MWh;NO;NO;233.61;;233.61;233.61;1;UP
2024-12-10T12:15;2024-12-10T12:30;50;EUR;MWh;NO;NO;200;;200;200;1;UP
2024-12-10T12:30;2024-12-10T12:45;51;EUR;MWh;NO;NO;696.61;;696.61;696.61;1;UP
2024-12-10T12:45;2024-12-10T13:00;52;EUR;MWh;NO;NO;200;;200;200;1;UP
2024-12-10T13:00;2024-12-10T13:15;53;EUR;MWh;NO;NO;200;;200;200;1;UP
2024-12-10T13:15;2024-12-10T13:30;54;EUR;MWh;NO;NO;200;;200;200;1;UP
2024-12-10T13:30;2024-12-10T13:45;55;EUR;MWh;NO;NO;164.8;;164.8;164.8;1;UP
2024-12-10T13:45;2024-12-10T14:00;56;EUR;MWh;NO;NO;132.01;;132.01;132.01;1;UP
2024-12-10T14:00;2024-12-10T14:15;57;EUR;MWh;NO;NO;126.61;;126.61;126.61;1;UP
2024-12-10T14:15;2024-12-10T14:30;58;EUR;MWh;NO;NO;122.97;78.7;131.15;78.7;2;UP_AND_DOWN
2024-12-10T14:30;2024-12-10T14:45;59;EUR;MWh;NO;NO;133;84.69;133;84.69;2;UP_AND_DOWN
2024-12-10T14:45;2024-12-10T15:00;60;EUR;MWh;NO;NO;126.86;;126.86;126.86;1;UP
2024-12-10T15:00;2024-12-10T15:15;61;EUR;MWh;NO;NO;112.4;73.82;73.82;73.82;-1;DOWN
2024-12-10T15:15;2024-12-10T15:30;62;EUR;MWh;NO;NO;;73.82;73.82;73.82;-1;DOWN
2024-12-10T15:30;2024-12-10T15:45;63;EUR;MWh;NO;NO;;91.82;91.82;91.82;-1;DOWN
2024-12-10T15:45;2024-12-10T16:00;64;EUR;MWh;NO;NO;;89.69;89.69;89.69;-1;DOWN
2024-12-10T16:00;2024-12-10T16:15;65;EUR;MWh;NO;NO;;87.32;87.32;87.32;-1;DOWN
2024-12-10T16:15;2024-12-10T16:30;66;EUR;MWh;NO;NO;111.34;89.69;89.69;89.69;-1;DOWN
2024-12-10T16:30;2024-12-10T16:45;67;EUR;MWh;NO;NO;129.5;;129.5;129.5;1;UP
2024-12-10T16:45;2024-12-10T17:00;68;EUR;MWh;NO;NO;200;;200;200;1;UP
2024-12-10T17:00;2024-12-10T17:15;69;EUR;MWh;NO;NO;177;;177;177;1;UP
2024-12-10T17:15;2024-12-10T17:30;70;EUR;MWh;NO;NO;197;;197;197;1;UP
2024-12-10T17:30;2024-12-10T17:45;71;EUR;MWh;NO;NO;199;;199;199;1;UP
2024-12-10T17:45;2024-12-10T18:00;72;EUR;MWh;NO;NO;200;;200;200;1;UP
2024-12-10T18:00;2024-12-10T18:15;73;EUR;MWh;NO;NO;166.7;;166.7;166.7;1;UP
2024-12-10T18:15;2024-12-10T18:30;74;EUR;MWh;NO;NO;149;;149;149;1;UP
2024-12-10T18:30;2024-12-10T18:45;75;EUR;MWh;NO;NO;139;90;139;35.5;2;UP_AND_DOWN
2024-12-10T18:45;2024-12-10T19:00;76;EUR;MWh;NO;NO;139;102.05;139;35.5;2;UP_AND_DOWN
2024-12-10T19:00;2024-12-10T19:15;77;EUR;MWh;NO;NO;166.7;103.55;166.7;35.5;2;UP_AND_DOWN
2024-12-10T19:15;2024-12-10T19:30;78;EUR;MWh;NO;NO;164.7;;164.7;164.7;1;UP
2024-12-10T19:30;2024-12-10T19:45;79;EUR;MWh;NO;NO;129.8;;129.8;129.8;1;UP
2024-12-10T19:45;2024-12-10T20:00;80;EUR;MWh;NO;NO;112.6;;112.6;112.6;1;UP
2024-12-10T20:00;2024-12-10T20:15;81;EUR;MWh;NO;NO;223.15;;223.15;223.15;1;UP
2024-12-10T20:15;2024-12-10T20:30;82;EUR;MWh;NO;NO;162.6;;162.6;162.6;1;UP
2024-12-10T20:30;2024-12-10T20:45;83;EUR;MWh;NO;NO;160.86;;160.86;160.86;1;UP
2024-12-10T20:45;2024-12-10T21:00;84;EUR;MWh;NO;NO;137;;137;137;1;UP
2024-12-10T21:00;2024-12-10T21:15;85;EUR;MWh;NO;NO;131.51;96.68;131.51;91;2;UP_AND_DOWN
2024-12-10T21:15;2024-12-10T21:30;86;EUR;MWh;NO;NO;122.76;101;122.76;91;2;UP_AND_DOWN
2024-12-10T21:30;2024-12-10T21:45;87;EUR;MWh;NO;NO;61;;61;61;1;UP
2024-12-10T21:45;2024-12-10T22:00;88;EUR;MWh;NO;NO;61;;61;61;1;UP
2024-12-10T22:00;2024-12-10T22:15;89;EUR;MWh;NO;NO;112.7;;112.7;112.7;1;UP
2024-12-10T22:15;2024-12-10T22:30;90;EUR;MWh;NO;NO;112.7;;112.7;112.7;1;UP
2024-12-10T22:30;2024-12-10T22:45;91;EUR;MWh;NO;NO;100.16;86.26;100.16;86.26;2;UP_AND_DOWN
2024-12-10T22:45;2024-12-10T23:00;92;EUR;MWh;NO;NO;;65.69;65.69;65.69;-1;DOWN
2024-12-10T23:00;2024-12-10T23:15;93;EUR;MWh;NO;NO;143.87;67.77;143.87;67.77;2;UP_AND_DOWN
2024-12-10T23:15;2024-12-10T23:30;94;EUR;MWh;NO;NO;120.78;88;120.78;88;2;UP_AND_DOWN
2024-12-10T23:30;2024-12-10T23:45;95;EUR;MWh;NO;NO;120.78;80;80;80;-1;DOWN
2024-12-10T23:45;2024-12-11T00:00;96;EUR;MWh;NO;NO;;60.54;60.54;60.54;-1;DOWN
2024-12-11T00:00;2024-12-11T00:15;1;EUR;MWh;NO;NO;131.35;61.98;131.35;61.98;2;UP_AND_DOWN
2024-12-11T00:15;2024-12-11T00:30;2;EUR;MWh;NO;NO;125;;125;125;1;UP
2024-12-11T00:30;2024-12-11T00:45;3;EUR;MWh;NO;NO;110.3;85.3;110.3;76.35;2;UP_AND_DOWN
2024-12-11T00:45;2024-12-11T01:00;4;EUR;MWh;NO;NO;;76.92;76.92;76.92;-1;DOWN
2024-12-11T01:00;2024-12-11T01:15;5;EUR;MWh;NO;NO;125;85.2;125;76.35;2;UP_AND_DOWN
2024-12-11T01:15;2024-12-11T01:30;6;EUR;MWh;NO;NO;106.92;;106.92;106.92;1;UP
2024-12-11T01:30;2024-12-11T01:45;7;EUR;MWh;NO;NO;;86.69;86.69;86.69;-1;DOWN
2024-12-11T01:45;2024-12-11T02:00;8;EUR;MWh;NO;NO;;89.06;89.06;89.06;-1;DOWN
2024-12-11T02:00;2024-12-11T02:15;9;EUR;MWh;NO;NO;;91.1;91.1;91.1;-1;DOWN
2024-12-11T02:15;2024-12-11T02:30;10;EUR;MWh;NO;NO;;91.1;91.1;91.1;-1;DOWN
2024-12-11T02:30;2024-12-11T02:45;11;EUR;MWh;NO;NO;;91.1;91.1;91.1;-1;DOWN
2024-12-11T02:45;2024-12-11T03:00;12;EUR;MWh;NO;NO;;89.06;89.06;89.06;-1;DOWN
2024-12-11T03:00;2024-12-11T03:15;13;EUR;MWh;NO;NO;;89.69;89.69;89.69;-1;DOWN
2024-12-11T03:15;2024-12-11T03:30;14;EUR;MWh;NO;NO;;90.09;90.09;90.09;-1;DOWN
2024-12-11T03:30;2024-12-11T03:45;15;EUR;MWh;NO;NO;;89.69;89.69;89.69;-1;DOWN
2024-12-11T03:45;2024-12-11T04:00;16;EUR;MWh;NO;NO;;76.99;76.99;76.99;-1;DOWN
2024-12-11T04:00;2024-12-11T04:15;17;EUR;MWh;NO;NO;;74.93;74.93;74.93;-1;DOWN
2024-12-11T04:15;2024-12-11T04:30;18;EUR;MWh;NO;NO;;80;80;80;-1;DOWN
2024-12-11T04:30;2024-12-11T04:45;19;EUR;MWh;NO;NO;99.95;92.69;99.95;92.69;2;UP_AND_DOWN
2024-12-11T04:45;2024-12-11T05:00;20;EUR;MWh;NO;NO;99.95;66.99;66.99;66.99;-1;DOWN
2024-12-11T05:00;2024-12-11T05:15;21;EUR;MWh;NO;NO;;56.69;56.69;56.69;-1;DOWN
2024-12-11T05:15;2024-12-11T05:30;22;EUR;MWh;NO;NO;;90;90;90;-1;DOWN
2024-12-11T05:30;2024-12-11T05:45;23;EUR;MWh;NO;NO;;90;90;90;-1;DOWN
2024-12-11T05:45;2024-12-11T06:00;24;EUR;MWh;NO;NO;;84.01;84.01;84.01;-1;DOWN
2024-12-11T06:00;2024-12-11T06:15;25;EUR;MWh;NO;NO;;66.99;66.99;66.99;-1;DOWN
2024-12-11T06:15;2024-12-11T06:30;26;EUR;MWh;NO;NO;;75.73;75.73;75.73;-1;DOWN
2024-12-11T06:30;2024-12-11T06:45;27;EUR;MWh;NO;NO;;78.35;78.35;78.35;-1;DOWN
2024-12-11T06:45;2024-12-11T07:00;28;EUR;MWh;NO;NO;128.4;91.2;128.4;76.35;2;UP_AND_DOWN
2024-12-11T07:00;2024-12-11T07:15;29;EUR;MWh;NO;NO;128.4;-30;-30;-30;-1;DOWN
2024-12-11T07:15;2024-12-11T07:30;30;EUR;MWh;NO;NO;109.48;81.16;109.48;76.35;2;UP_AND_DOWN
2024-12-11T07:30;2024-12-11T07:45;31;EUR;MWh;NO;NO;132.08;92.69;132.08;77.85;2;UP_AND_DOWN
2024-12-11T07:45;2024-12-11T08:00;32;EUR;MWh;NO;NO;147.2;92.69;147.2;147.2;1;UP
2024-12-11T08:00;2024-12-11T08:15;33;EUR;MWh;NO;NO;147.2;103.98;166.74;103.98;2;UP_AND_DOWN
2024-12-11T08:15;2024-12-11T08:30;34;EUR;MWh;NO;NO;450.5;;450.5;450.5;1;UP
2024-12-11T08:30;2024-12-11T08:45;35;EUR;MWh;NO;NO;900;;900;900;1;UP
2024-12-11T08:45;2024-12-11T09:00;36;EUR;MWh;NO;NO;900;;900;900;1;UP
2024-12-11T09:00;2024-12-11T09:15;37;EUR;MWh;NO;NO;698.61;;698.61;698.61;1;UP
2024-12-11T09:15;2024-12-11T09:30;38;EUR;MWh;NO;NO;551;;551;551;1;UP
2024-12-11T09:30;2024-12-11T09:45;39;EUR;MWh;NO;NO;555.37;;555.37;555.37;1;UP
2024-12-11T09:45;2024-12-11T10:00;40;EUR;MWh;NO;NO;516;;516;516;1;UP
2024-12-11T10:00;2024-12-11T10:15;41;EUR;MWh;NO;NO;429.1;;429.1;429.1;1;UP
2024-12-11T10:15;2024-12-11T10:30;42;EUR;MWh;NO;NO;507.75;;507.75;507.75;1;UP
2024-12-11T10:30;2024-12-11T10:45;43;EUR;MWh;NO;NO;546.42;;546.42;546.42;1;UP
2024-12-11T10:45;2024-12-11T11:00;44;EUR;MWh;NO;NO;698.61;;698.61;698.61;1;UP
2024-12-11T11:00;2024-12-11T11:15;45;EUR;MWh;NO;NO;781.96;;781.96;781.96;1;UP
2024-12-11T11:15;2024-12-11T11:30;46;EUR;MWh;NO;NO;781.96;;781.96;781.96;1;UP
2024-12-11T11:30;2024-12-11T11:45;47;EUR;MWh;NO;NO;2777;;2777;2777;1;UP
2024-12-11T11:45;2024-12-11T12:00;48;EUR;MWh;NO;NO;900;;900;900;1;UP
2024-12-11T12:00;2024-12-11T12:15;49;EUR;MWh;NO;NO;2888;;2888;2888;1;UP
2024-12-11T12:15;2024-12-11T12:30;50;EUR;MWh;YES;NO;1222.1;;1222.1;1222.1;1;UP
2024-12-11T12:30;2024-12-11T12:45;51;EUR;MWh;YES;NO;1222.1;;1222.1;1222.1;1;UP
2024-12-11T12:45;2024-12-11T13:00;52;EUR;MWh;YES;NO;972.07;;972.07;972.07;1;UP
2024-12-11T13:00;2024-12-11T13:15;53;EUR;MWh;YES;NO;994.17;;994.17;994.17;1;UP
2024-12-11T13:15;2024-12-11T13:30;54;EUR;MWh;YES;NO;994.17;;994.17;994.17;1;UP
2024-12-11T13:30;2024-12-11T13:45;55;EUR;MWh;YES;NO;942.85;;942.85;942.85;1;UP
2024-12-11T13:45;2024-12-11T14:00;56;EUR;MWh;NO;NO;893.39;;893.39;893.39;1;UP
2024-12-11T14:00;2024-12-11T14:15;57;EUR;MWh;NO;NO;696.61;;696.61;696.61;1;UP
2024-12-11T14:15;2024-12-11T14:30;58;EUR;MWh;NO;NO;811.92;;811.92;811.92;1;UP
2024-12-11T14:30;2024-12-11T14:45;59;EUR;MWh;NO;NO;990.72;;990.72;990.72;1;UP
2024-12-11T14:45;2024-12-11T15:00;60;EUR;MWh;NO;NO;990.72;;990.72;990.72;1;UP
2024-12-11T15:00;2024-12-11T15:15;61;EUR;MWh;NO;NO;966.26;;966.26;966.26;1;UP
2024-12-11T15:15;2024-12-11T15:30;62;EUR;MWh;NO;NO;937.18;;937.18;937.18;1;UP
2024-12-11T15:30;2024-12-11T15:45;63;EUR;MWh;NO;NO;990.72;;990.72;990.72;1;UP
2024-12-11T15:45;2024-12-11T16:00;64;EUR;MWh;NO;NO;990.72;;990.72;990.72;1;UP
2024-12-11T16:00;2024-12-11T16:15;65;EUR;MWh;NO;NO;990.72;96;990.72;63;2;UP_AND_DOWN
2024-12-11T16:15;2024-12-11T16:30;66;EUR;MWh;NO;NO;990.72;99.66;990.72;990.72;1;UP
2024-12-11T16:30;2024-12-11T16:45;67;EUR;MWh;NO;NO;1211.22;;1211.22;1211.22;1;UP
2024-12-11T16:45;2024-12-11T17:00;68;EUR;MWh;NO;NO;1403.41;;1403.41;1403.41;1;UP
2024-12-11T17:00;2024-12-11T17:15;69;EUR;MWh;NO;NO;1403.41;;1403.41;1403.41;1;UP
2024-12-11T17:15;2024-12-11T17:30;70;EUR;MWh;NO;NO;1403.41;;1403.41;1403.41;1;UP
2024-12-11T17:30;2024-12-11T17:45;71;EUR;MWh;NO;NO;1044.15;;1044.15;1044.15;1;UP
2024-12-11T17:45;2024-12-11T18:00;72;EUR;MWh;NO;NO;452.21;;452.21;452.21;1;UP
2024-12-11T18:00;2024-12-11T18:15;73;EUR;MWh;NO;NO;1543.55;;1543.55;1543.55;1;UP
2024-12-11T18:15;2024-12-11T18:30;74;EUR;MWh;YES;NO;1543.55;;1543.55;1543.55;1;UP
2024-12-11T18:30;2024-12-11T18:45;75;EUR;MWh;YES;NO;1332.34;;1332.34;1332.34;1;UP
2024-12-11T18:45;2024-12-11T19:00;76;EUR;MWh;YES;NO;1332.34;;1332.34;1332.34;1;UP
2024-12-11T19:00;2024-12-11T19:15;77;EUR;MWh;YES;NO;990;;990;990;1;UP
2024-12-11T19:15;2024-12-11T19:30;78;EUR;MWh;YES;NO;498.32;;498.32;498.32;1;UP
2024-12-11T19:30;2024-12-11T19:45;79;EUR;MWh;NO;NO;498.32;;498.32;498.32;1;UP
2024-12-11T19:45;2024-12-11T20:00;80;EUR;MWh;NO;NO;161;;161;161;1;UP
2024-12-11T20:00;2024-12-11T20:15;81;EUR;MWh;NO;NO;452.21;;452.21;452.21;1;UP
2024-12-11T20:15;2024-12-11T20:30;82;EUR;MWh;NO;NO;252.7;90.3;252.7;90.3;2;UP_AND_DOWN
2024-12-11T20:30;2024-12-11T20:45;83;EUR;MWh;NO;NO;121.24;89.83;121.24;89.83;2;UP_AND_DOWN
2024-12-11T20:45;2024-12-11T21:00;84;EUR;MWh;NO;NO;157;88;157;88;2;UP_AND_DOWN
2024-12-11T21:00;2024-12-11T21:15;85;EUR;MWh;NO;NO;452.21;86.16;452.21;86.16;2;UP_AND_DOWN
2024-12-11T21:15;2024-12-11T21:30;86;EUR;MWh;NO;NO;130.35;86.69;130.35;78.35;2;UP_AND_DOWN
2024-12-11T21:30;2024-12-11T21:45;87;EUR;MWh;NO;NO;;86.16;86.16;86.16;-1;DOWN
2024-12-11T21:45;2024-12-11T22:00;88;EUR;MWh;NO;NO;128.7;86.69;128.7;78.35;2;UP_AND_DOWN
2024-12-11T22:00;2024-12-11T22:15;89;EUR;MWh;NO;NO;652.82;;652.82;652.82;1;UP
2024-12-11T22:15;2024-12-11T22:30;90;EUR;MWh;NO;NO;153.31;;153.31;153.31;1;UP
2024-12-11T22:30;2024-12-11T22:45;91;EUR;MWh;NO;NO;207.6;;207.6;207.6;1;UP
2024-12-11T22:45;2024-12-11T23:00;92;EUR;MWh;NO;NO;123.34;92.69;92.69;92.69;-1;DOWN
2024-12-11T23:00;2024-12-11T23:15;93;EUR;MWh;NO;NO;;90.3;90.3;90.3;-1;DOWN
2024-12-11T23:15;2024-12-11T23:30;94;EUR;MWh;NO;NO;136.4;90.3;136.4;78.35;2;UP_AND_DOWN
2024-12-11T23:30;2024-12-11T23:45;95;EUR;MWh;NO;NO;134.4;86.69;134.4;78.35;2;UP_AND_DOWN
2024-12-11T23:45;2024-12-12T00:00;96;EUR;MWh;NO;NO;;88;88;88;-1;DOWN
2024-12-12T00:00;2024-12-12T00:15;1;EUR;MWh;NO;NO;145.13;75.8;145.13;75.8;2;UP_AND_DOWN
2024-12-12T00:15;2024-12-12T00:30;2;EUR;MWh;NO;NO;129.1;;129.1;129.1;1;UP
2024-12-12T00:30;2024-12-12T00:45;3;EUR;MWh;NO;NO;142.69;;142.69;142.69;1;UP
2024-12-12T00:45;2024-12-12T01:00;4;EUR;MWh;NO;NO;142.69;75.8;75.8;75.8;-1;DOWN
2024-12-12T01:00;2024-12-12T01:15;5;EUR;MWh;NO;NO;113.55;72.69;113.55;72.69;2;UP_AND_DOWN
2024-12-12T01:15;2024-12-12T01:30;6;EUR;MWh;NO;NO;102.36;;102.36;102.36;1;UP
2024-12-12T01:30;2024-12-12T01:45;7;EUR;MWh;NO;NO;134.36;;134.36;134.36;1;UP
2024-12-12T01:45;2024-12-12T02:00;8;EUR;MWh;NO;NO;124.69;90.09;124.69;90.09;2;UP_AND_DOWN
2024-12-12T02:00;2024-12-12T02:15;9;EUR;MWh;NO;NO;116.6;94.69;116.6;78.35;2;UP_AND_DOWN
2024-12-12T02:15;2024-12-12T02:30;10;EUR;MWh;NO;NO;116.6;;116.6;116.6;1;UP
2024-12-12T02:30;2024-12-12T02:45;11;EUR;MWh;NO;NO;116.6;;116.6;116.6;1;UP
2024-12-12T02:45;2024-12-12T03:00;12;EUR;MWh;NO;NO;109.18;96.69;109.18;78.35;2;UP_AND_DOWN
2024-12-12T03:00;2024-12-12T03:15;13;EUR;MWh;NO;NO;116.6;;116.6;116.6;1;UP
2024-12-12T03:15;2024-12-12T03:30;14;EUR;MWh;NO;NO;110.69;;110.69;110.69;1;UP
2024-12-12T03:30;2024-12-12T03:45;15;EUR;MWh;NO;NO;114.41;91.78;114.41;78.35;2;UP_AND_DOWN
2024-12-12T03:45;2024-12-12T04:00;16;EUR;MWh;NO;NO;;86.26;86.26;86.26;-1;DOWN
2024-12-12T04:00;2024-12-12T04:15;17;EUR;MWh;NO;NO;;76.92;76.92;76.92;-1;DOWN
2024-12-12T04:15;2024-12-12T04:30;18;EUR;MWh;NO;NO;;85.41;85.41;85.41;-1;DOWN
2024-12-12T04:30;2024-12-12T04:45;19;EUR;MWh;NO;NO;;86.69;86.69;86.69;-1;DOWN
2024-12-12T04:45;2024-12-12T05:00;20;EUR;MWh;NO;NO;;49.8;49.8;49.8;-1;DOWN
2024-12-12T05:00;2024-12-12T05:15;21;EUR;MWh;NO;NO;;60;60;60;-1;DOWN
2024-12-12T05:15;2024-12-12T05:30;22;EUR;MWh;NO;NO;105.45;91.7;91.7;91.7;-1;DOWN
2024-12-12T05:30;2024-12-12T05:45;23;EUR;MWh;NO;NO;123.34;91.7;123.34;91.7;2;UP_AND_DOWN
2024-12-12T05:45;2024-12-12T06:00;24;EUR;MWh;NO;NO;133.69;86.96;133.69;86.96;2;UP_AND_DOWN
2024-12-12T06:00;2024-12-12T06:15;25;EUR;MWh;NO;NO;198;45.27;198;45.27;2;UP_AND_DOWN
2024-12-12T06:15;2024-12-12T06:30;26;EUR;MWh;NO;NO;198;83.69;198;83.69;2;UP_AND_DOWN
2024-12-12T06:30;2024-12-12T06:45;27;EUR;MWh;NO;NO;200;83.69;200;200;1;UP
2024-12-12T06:45;2024-12-12T07:00;28;EUR;MWh;NO;NO;250.01;;250.01;250.01;1;UP
2024-12-12T07:00;2024-12-12T07:15;29;EUR;MWh;NO;NO;115.69;80.69;115.69;80.69;2;UP_AND_DOWN
2024-12-12T07:15;2024-12-12T07:30;30;EUR;MWh;NO;NO;198;80.69;198;198;1;UP
2024-12-12T07:30;2024-12-12T07:45;31;EUR;MWh;NO;NO;600;;600;600;1;UP
2024-12-12T07:45;2024-12-12T08:00;32;EUR;MWh;NO;NO;777;;777;777;1;UP
2024-12-12T08:00;2024-12-12T08:15;33;EUR;MWh;NO;NO;264.92;91.8;264.92;91.8;2;UP_AND_DOWN
2024-12-12T08:15;2024-12-12T08:30;34;EUR;MWh;NO;NO;200.69;;200.69;200.69;1;UP
2024-12-12T08:30;2024-12-12T08:45;35;EUR;MWh;NO;NO;809.76;;809.76;809.76;1;UP
2024-12-12T08:45;2024-12-12T09:00;36;EUR;MWh;NO;NO;947.82;;947.82;947.82;1;UP
2024-12-12T09:00;2024-12-12T09:15;37;EUR;MWh;NO;NO;1211.22;;1211.22;1211.22;1;UP
2024-12-12T09:15;2024-12-12T09:30;38;EUR;MWh;NO;NO;200;;200;200;1;UP
2024-12-12T09:30;2024-12-12T09:45;39;EUR;MWh;NO;NO;200;;200;200;1;UP
2024-12-12T09:45;2024-12-12T10:00;40;EUR;MWh;NO;NO;123.48;;123.48;123.48;1;UP
2024-12-12T10:00;2024-12-12T10:15;41;EUR;MWh;NO;NO;544.21;;544.21;544.21;1;UP
2024-12-12T10:15;2024-12-12T10:30;42;EUR;MWh;NO;NO;154.57;94;94;94;-1;DOWN
2024-12-12T10:30;2024-12-12T10:45;43;EUR;MWh;NO;NO;;91.6;91.6;91.6;-1;DOWN
2024-12-12T10:45;2024-12-12T11:00;44;EUR;MWh;NO;NO;115.34;91.6;117.29;91.6;2;UP_AND_DOWN
2024-12-12T11:00;2024-12-12T11:15;45;EUR;MWh;NO;NO;125;94;125;94;2;UP_AND_DOWN
2024-12-12T11:15;2024-12-12T11:30;46;EUR;MWh;NO;NO;107.57;94;117.29;94;2;UP_AND_DOWN
2024-12-12T11:30;2024-12-12T11:45;47;EUR;MWh;NO;NO;505.24;102.51;505.24;505.24;1;UP
2024-12-12T11:45;2024-12-12T12:00;48;EUR;MWh;NO;NO;544.21;91.7;544.21;91.7;2;UP_AND_DOWN
2024-12-12T12:00;2024-12-12T12:15;49;EUR;MWh;NO;NO;667;91.7;667;91.7;2;UP_AND_DOWN
2024-12-12T12:15;2024-12-12T12:30;50;EUR;MWh;NO;NO;331.12;94.25;94.25;94.25;-1;DOWN
2024-12-12T12:30;2024-12-12T12:45;51;EUR;MWh;NO;NO;366.12;99;366.12;99;2;UP_AND_DOWN
2024-12-12T12:45;2024-12-12T13:00;52;EUR;MWh;NO;NO;265.47;;265.47;265.47;1;UP
2024-12-12T13:00;2024-12-12T13:15;53;EUR;MWh;NO;NO;265.47;102.58;265.47;102.58;2;UP_AND_DOWN
2024-12-12T13:15;2024-12-12T13:30;54;EUR;MWh;NO;NO;116;99;121.4;99;2;UP_AND_DOWN
2024-12-12T13:30;2024-12-12T13:45;55;EUR;MWh;NO;NO;344.21;;344.21;344.21;1;UP
2024-12-12T13:45;2024-12-12T14:00;56;EUR;MWh;NO;NO;116;;116;116;1;UP
2024-12-12T14:00;2024-12-12T14:15;57;EUR;MWh;NO;NO;200;;200;200;1;UP
2024-12-12T14:15;2024-12-12T14:30;58;EUR;MWh;NO;NO;344.21;;344.21;344.21;1;UP
2024-12-12T14:30;2024-12-12T14:45;59;EUR;MWh;NO;NO;344.21;;344.21;344.21;1;UP
2024-12-12T14:45;2024-12-12T15:00;60;EUR;MWh;NO;NO;200;;200;200;1;UP
2024-12-12T15:00;2024-12-12T15:15;61;EUR;MWh;NO;NO;200;;200;200;1;UP
2024-12-12T15:15;2024-12-12T15:30;62;EUR;MWh;NO;NO;447.04;;447.04;447.04;1;UP
2024-12-12T15:30;2024-12-12T15:45;63;EUR;MWh;NO;NO;192.57;;192.57;192.57;1;UP
2024-12-12T15:45;2024-12-12T16:00;64;EUR;MWh;NO;NO;200;;200;200;1;UP
2024-12-12T16:00;2024-12-12T16:15;65;EUR;MWh;NO;NO;106.57;91.46;119.79;91.46;2;UP_AND_DOWN
2024-12-12T16:15;2024-12-12T16:30;66;EUR;MWh;NO;NO;202.57;91.46;202.57;202.57;1;UP
2024-12-12T16:30;2024-12-12T16:45;67;EUR;MWh;NO;NO;344.21;;344.21;344.21;1;UP
2024-12-12T16:45;2024-12-12T17:00;68;EUR;MWh;NO;NO;200;;200;200;1;UP
2024-12-12T17:00;2024-12-12T17:15;69;EUR;MWh;NO;NO;192.57;91.7;192.57;91.7;2;UP_AND_DOWN
2024-12-12T17:15;2024-12-12T17:30;70;EUR;MWh;NO;NO;60;91.7;96.5;91.7;2;UP_AND_DOWN
2024-12-12T17:30;2024-12-12T17:45;71;EUR;MWh;NO;NO;106.57;;106.57;106.57;1;UP
2024-12-12T17:45;2024-12-12T18:00;72;EUR;MWh;NO;NO;125.57;;125.57;125.57;1;UP
2024-12-12T18:00;2024-12-12T18:15;73;EUR;MWh;NO;NO;120.57;;120.57;120.57;1;UP
2024-12-12T18:15;2024-12-12T18:30;74;EUR;MWh;NO;NO;113.48;95;113.48;95;2;UP_AND_DOWN
2024-12-12T18:30;2024-12-12T18:45;75;EUR;MWh;NO;NO;60;95;96.5;95;2;UP_AND_DOWN
2024-12-12T18:45;2024-12-12T19:00;76;EUR;MWh;NO;NO;109.7;;109.7;109.7;1;UP
2024-12-12T19:00;2024-12-12T19:15;77;EUR;MWh;NO;NO;207.72;;207.72;207.72;1;UP
2024-12-12T19:15;2024-12-12T19:30;78;EUR;MWh;NO;NO;192.57;;192.57;192.57;1;UP
2024-12-12T19:30;2024-12-12T19:45;79;EUR;MWh;NO;NO;218;;218;218;1;UP
2024-12-12T19:45;2024-12-12T20:00;80;EUR;MWh;NO;NO;214.55;;214.55;214.55;1;UP
2024-12-12T20:00;2024-12-12T20:15;81;EUR;MWh;NO;NO;344.21;;344.21;344.21;1;UP
2024-12-12T20:15;2024-12-12T20:30;82;EUR;MWh;NO;NO;202.57;;202.57;202.57;1;UP
2024-12-12T20:30;2024-12-12T20:45;83;EUR;MWh;NO;NO;198.12;92;198.12;198.12;1;UP
2024-12-12T20:45;2024-12-12T21:00;84;EUR;MWh;NO;NO;112.64;92;112.64;80;2;UP_AND_DOWN
2024-12-12T21:00;2024-12-12T21:15;85;EUR;MWh;NO;NO;161;91.39;161;80;2;UP_AND_DOWN
2024-12-12T21:15;2024-12-12T21:30;86;EUR;MWh;NO;NO;142.88;88;142.88;80;2;UP_AND_DOWN
2024-12-12T21:30;2024-12-12T21:45;87;EUR;MWh;NO;NO;142.88;77;77;77;-1;DOWN
2024-12-12T21:45;2024-12-12T22:00;88;EUR;MWh;NO;NO;;71.2;71.2;71.2;-1;DOWN
2024-12-12T22:00;2024-12-12T22:15;89;EUR;MWh;NO;NO;143.57;69.57;143.57;69.57;2;UP_AND_DOWN
2024-12-12T22:15;2024-12-12T22:30;90;EUR;MWh;NO;NO;102.38;91.57;102.38;76.79;2;UP_AND_DOWN
2024-12-12T22:30;2024-12-12T22:45;91;EUR;MWh;NO;NO;110.16;92.3;110.16;77.29;2;UP_AND_DOWN
2024-12-12T22:45;2024-12-12T23:00;92;EUR;MWh;NO;NO;;88;88;88;-1;DOWN
2024-12-12T23:00;2024-12-12T23:15;93;EUR;MWh;NO;NO;117.57;88;117.57;76.79;2;UP_AND_DOWN
2024-12-12T23:15;2024-12-12T23:30;94;EUR;MWh;NO;NO;111.57;92.3;111.57;76.79;2;UP_AND_DOWN
2024-12-12T23:30;2024-12-12T23:45;95;EUR;MWh;NO;NO;;76.09;76.09;76.09;-1;DOWN
2024-12-12T23:45;2024-12-13T00:00;96;EUR;MWh;NO;NO;;76.09;76.09;76.09;-1;DOWN
2024-12-13T00:00;2024-12-13T00:15;1;EUR;MWh;NO;NO;;66;66;66;-1;DOWN
2024-12-13T00:15;2024-12-13T00:30;2;EUR;MWh;NO;NO;;73.08;73.08;73.08;-1;DOWN
2024-12-13T00:30;2024-12-13T00:45;3;EUR;MWh;NO;NO;;73.57;73.57;73.57;-1;DOWN
2024-12-13T00:45;2024-12-13T01:00;4;EUR;MWh;NO;NO;;70.42;70.42;70.42;-1;DOWN
2024-12-13T01:00;2024-12-13T01:15;5;EUR;MWh;NO;NO;;75.42;75.42;75.42;-1;DOWN
2024-12-13T01:15;2024-12-13T01:30;6;EUR;MWh;NO;NO;;80.57;80.57;80.57;-1;DOWN
2024-12-13T01:30;2024-12-13T01:45;7;EUR;MWh;NO;NO;;78.57;78.57;78.57;-1;DOWN
2024-12-13T01:45;2024-12-13T02:00;8;EUR;MWh;NO;NO;;77;77;77;-1;DOWN
2024-12-13T02:00;2024-12-13T02:15;9;EUR;MWh;NO;NO;101.01;74.58;101.01;74.58;2;UP_AND_DOWN
2024-12-13T02:15;2024-12-13T02:30;10;EUR;MWh;NO;NO;109.58;93.57;109.58;93.57;2;UP_AND_DOWN
2024-12-13T02:30;2024-12-13T02:45;11;EUR;MWh;NO;NO;;88;88;88;-1;DOWN
2024-12-13T02:45;2024-12-13T03:00;12;EUR;MWh;NO;NO;;75.42;75.42;75.42;-1;DOWN
2024-12-13T03:00;2024-12-13T03:15;13;EUR;MWh;NO;NO;59;72.77;79;72.77;2;UP_AND_DOWN
2024-12-13T03:15;2024-12-13T03:30;14;EUR;MWh;NO;NO;;78.68;78.68;78.68;-1;DOWN
2024-12-13T03:30;2024-12-13T03:45;15;EUR;MWh;NO;NO;;68.95;68.95;68.95;-1;DOWN
2024-12-13T03:45;2024-12-13T04:00;16;EUR;MWh;NO;NO;;65.55;65.55;65.55;-1;DOWN
2024-12-13T04:00;2024-12-13T04:15;17;EUR;MWh;NO;NO;;70.45;70.45;70.45;-1;DOWN
2024-12-13T04:15;2024-12-13T04:30;18;EUR;MWh;NO;NO;;80.42;80.42;80.42;-1;DOWN
2024-12-13T04:30;2024-12-13T04:45;19;EUR;MWh;NO;NO;;83.57;83.57;83.57;-1;DOWN
2024-12-13T04:45;2024-12-13T05:00;20;EUR;MWh;NO;NO;;85.57;85.57;85.57;-1;DOWN
2024-12-13T05:00;2024-12-13T05:15;21;EUR;MWh;NO;NO;;80.57;80.57;80.57;-1;DOWN
2024-12-13T05:15;2024-12-13T05:30;22;EUR;MWh;NO;NO;;83.45;83.45;83.45;-1;DOWN
2024-12-13T05:30;2024-12-13T05:45;23;EUR;MWh;NO;NO;;70.45;70.45;70.45;-1;DOWN
2024-12-13T05:45;2024-12-13T06:00;24;EUR;MWh;NO;NO;;83.45;83.45;83.45;-1;DOWN
2024-12-13T06:00;2024-12-13T06:15;25;EUR;MWh;NO;NO;;65.42;65.42;65.42;-1;DOWN
2024-12-13T06:15;2024-12-13T06:30;26;EUR;MWh;NO;NO;97.55;93.1;98.15;93.1;2;UP_AND_DOWN
2024-12-13T06:30;2024-12-13T06:45;27;EUR;MWh;NO;NO;157.69;;157.69;157.69;1;UP
2024-12-13T06:45;2024-12-13T07:00;28;EUR;MWh;NO;NO;159;;159;159;1;UP
2024-12-13T07:00;2024-12-13T07:15;29;EUR;MWh;NO;NO;125.2;63.58;125.2;63.58;2;UP_AND_DOWN
2024-12-13T07:15;2024-12-13T07:30;30;EUR;MWh;NO;NO;;82;82;82;-1;DOWN
2024-12-13T07:30;2024-12-13T07:45;31;EUR;MWh;NO;NO;161;91.5;161;91.5;2;UP_AND_DOWN
2024-12-13T07:45;2024-12-13T08:00;32;EUR;MWh;NO;NO;161;;161;161;1;UP
2024-12-13T08:00;2024-12-13T08:15;33;EUR;MWh;NO;NO;144.1;76.89;144.1;76.89;2;UP_AND_DOWN
2024-12-13T08:15;2024-12-13T08:30;34;EUR;MWh;NO;NO;116.54;90.39;116.54;116.54;1;UP
2024-12-13T08:30;2024-12-13T08:45;35;EUR;MWh;NO;NO;146.2;;146.2;146.2;1;UP
2024-12-13T08:45;2024-12-13T09:00;36;EUR;MWh;NO;NO;200;;200;200;1;UP
2024-12-13T09:00;2024-12-13T09:15;37;EUR;MWh;NO;NO;173.62;;173.62;173.62;1;UP
2024-12-13T09:15;2024-12-13T09:30;38;EUR;MWh;NO;NO;167.9;;167.9;167.9;1;UP
2024-12-13T09:30;2024-12-13T09:45;39;EUR;MWh;NO;NO;263.94;;263.94;263.94;1;UP
2024-12-13T09:45;2024-12-13T10:00;40;EUR;MWh;NO;NO;250;;250;250;1;UP
2024-12-13T10:00;2024-12-13T10:15;41;EUR;MWh;NO;NO;599;;599;599;1;UP
2024-12-13T10:15;2024-12-13T10:30;42;EUR;MWh;NO;NO;341.4;;341.4;341.4;1;UP
2024-12-13T10:30;2024-12-13T10:45;43;EUR;MWh;NO;NO;278.62;;278.62;278.62;1;UP
2024-12-13T10:45;2024-12-13T11:00;44;EUR;MWh;NO;NO;278.62;;278.62;278.62;1;UP
2024-12-13T11:00;2024-12-13T11:15;45;EUR;MWh;NO;NO;258.62;;258.62;258.62;1;UP
2024-12-13T11:15;2024-12-13T11:30;46;EUR;MWh;NO;NO;333;;333;333;1;UP
2024-12-13T11:30;2024-12-13T11:45;47;EUR;MWh;NO;NO;200;;200;200;1;UP
2024-12-13T11:45;2024-12-13T12:00;48;EUR;MWh;NO;NO;173.62;;173.62;173.62;1;UP
2024-12-13T12:00;2024-12-13T12:15;49;EUR;MWh;NO;NO;263.94;;263.94;263.94;1;UP
2024-12-13T12:15;2024-12-13T12:30;50;EUR;MWh;NO;NO;258.62;;258.62;258.62;1;UP
2024-12-13T12:30;2024-12-13T12:45;51;EUR;MWh;NO;NO;427.5;;427.5;427.5;1;UP
2024-12-13T12:45;2024-12-13T13:00;52;EUR;MWh;NO;NO;440;;440;440;1;UP
2024-12-13T13:00;2024-12-13T13:15;53;EUR;MWh;NO;NO;342.2;;342.2;342.2;1;UP
2024-12-13T13:15;2024-12-13T13:30;54;EUR;MWh;NO;NO;196.62;;196.62;196.62;1;UP
2024-12-13T13:30;2024-12-13T13:45;55;EUR;MWh;NO;NO;278.62;;278.62;278.62;1;UP
2024-12-13T13:45;2024-12-13T14:00;56;EUR;MWh;NO;NO;278.62;;278.62;278.62;1;UP
2024-12-13T14:00;2024-12-13T14:15;57;EUR;MWh;NO;NO;250;;250;250;1;UP
2024-12-13T14:15;2024-12-13T14:30;58;EUR;MWh;NO;NO;238.62;;238.62;238.62;1;UP
2024-12-13T14:30;2024-12-13T14:45;59;EUR;MWh;NO;NO;263.94;;263.94;263.94;1;UP
2024-12-13T14:45;2024-12-13T15:00;60;EUR;MWh;NO;NO;184.18;;184.18;184.18;1;UP
2024-12-13T15:00;2024-12-13T15:15;61;EUR;MWh;NO;NO;148.62;94.49;148.62;94.49;2;UP_AND_DOWN
2024-12-13T15:15;2024-12-13T15:30;62;EUR;MWh;NO;NO;200;;200;200;1;UP
2024-12-13T15:30;2024-12-13T15:45;63;EUR;MWh;NO;NO;209;;209;209;1;UP
2024-12-13T15:45;2024-12-13T16:00;64;EUR;MWh;NO;NO;136.62;93.57;93.57;93.57;-1;DOWN
2024-12-13T16:00;2024-12-13T16:15;65;EUR;MWh;NO;NO;238.62;91.3;238.62;91.3;2;UP_AND_DOWN
2024-12-13T16:15;2024-12-13T16:30;66;EUR;MWh;NO;NO;216.62;;216.62;216.62;1;UP
2024-12-13T16:30;2024-12-13T16:45;67;EUR;MWh;NO;NO;167.6;;167.6;167.6;1;UP
2024-12-13T16:45;2024-12-13T17:00;68;EUR;MWh;NO;NO;199;;199;199;1;UP
2024-12-13T17:00;2024-12-13T17:15;69;EUR;MWh;NO;NO;58;90.9;90.9;90.9;-1;DOWN
2024-12-13T17:15;2024-12-13T17:30;70;EUR;MWh;NO;NO;58;;58;58;1;UP
2024-12-13T17:30;2024-12-13T17:45;71;EUR;MWh;NO;NO;58;88;88;88;-1;DOWN
2024-12-13T17:45;2024-12-13T18:00;72;EUR;MWh;NO;NO;;88;88;88;-1;DOWN
2024-12-13T18:00;2024-12-13T18:15;73;EUR;MWh;NO;NO;;88;88;88;-1;DOWN
2024-12-13T18:15;2024-12-13T18:30;74;EUR;MWh;NO;NO;;88;88;88;-1;DOWN
2024-12-13T18:30;2024-12-13T18:45;75;EUR;MWh;NO;NO;;90.39;90.39;90.39;-1;DOWN
2024-12-13T18:45;2024-12-13T19:00;76;EUR;MWh;NO;NO;;89.57;89.57;89.57;-1;DOWN
2024-12-13T19:00;2024-12-13T19:15;77;EUR;MWh;NO;NO;173.62;95.96;173.62;78.5;2;UP_AND_DOWN
2024-12-13T19:15;2024-12-13T19:30;78;EUR;MWh;NO;NO;111.26;;111.26;111.26;1;UP
2024-12-13T19:30;2024-12-13T19:45;79;EUR;MWh;NO;NO;166.9;;166.9;166.9;1;UP
2024-12-13T19:45;2024-12-13T20:00;80;EUR;MWh;NO;NO;58;88;78.5;78.5;2;UP_AND_DOWN
2024-12-13T20:00;2024-12-13T20:15;81;EUR;MWh;NO;NO;166.8;90.57;166.8;78.5;2;UP_AND_DOWN
2024-12-13T20:15;2024-12-13T20:30;82;EUR;MWh;NO;NO;138.62;;138.62;138.62;1;UP
2024-12-13T20:30;2024-12-13T20:45;83;EUR;MWh;NO;NO;160;;160;160;1;UP
2024-12-13T20:45;2024-12-13T21:00;84;EUR;MWh;NO;NO;160;89.42;89.42;89.42;-1;DOWN
2024-12-13T21:00;2024-12-13T21:15;85;EUR;MWh;NO;NO;161;91;161;24.5;2;UP_AND_DOWN
2024-12-13T21:15;2024-12-13T21:30;86;EUR;MWh;NO;NO;150.8;;150.8;150.8;1;UP
2024-12-13T21:30;2024-12-13T21:45;87;EUR;MWh;NO;NO;58;86.43;86.43;86.43;-1;DOWN
2024-12-13T21:45;2024-12-13T22:00;88;EUR;MWh;NO;NO;;83.57;83.57;83.57;-1;DOWN
2024-12-13T22:00;2024-12-13T22:15;89;EUR;MWh;NO;NO;120.09;88;120.09;78.5;2;UP_AND_DOWN
2024-12-13T22:15;2024-12-13T22:30;90;EUR;MWh;NO;NO;111.9;90.9;111.9;78.5;2;UP_AND_DOWN
2024-12-13T22:30;2024-12-13T22:45;91;EUR;MWh;NO;NO;;90.8;90.8;90.8;-1;DOWN
2024-12-13T22:45;2024-12-13T23:00;92;EUR;MWh;NO;NO;;90.8;90.8;90.8;-1;DOWN
2024-12-13T23:00;2024-12-13T23:15;93;EUR;MWh;NO;NO;150.8;83.57;150.8;75.79;2;UP_AND_DOWN
2024-12-13T23:15;2024-12-13T23:30;94;EUR;MWh;NO;NO;142.54;;142.54;142.54;1;UP
2024-12-13T23:30;2024-12-13T23:45;95;EUR;MWh;NO;NO;142.54;80.57;80.57;80.57;-1;DOWN
2024-12-13T23:45;2024-12-14T00:00;96;EUR;MWh;NO;NO;;81.29;81.29;81.29;-1;DOWN
2024-12-14T00:00;2024-12-14T00:15;1;EUR;MWh;NO;NO;148.2;74.22;148.2;74.22;2;UP_AND_DOWN
2024-12-14T00:15;2024-12-14T00:30;2;EUR;MWh;NO;NO;149.4;;149.4;149.4;1;UP
2024-12-14T00:30;2024-12-14T00:45;3;EUR;MWh;NO;NO;103.9;46.44;103.9;46.44;2;UP_AND_DOWN
2024-12-14T00:45;2024-12-14T01:00;4;EUR;MWh;NO;NO;;41.65;41.65;41.65;-1;DOWN
2024-12-14T01:00;2024-12-14T01:15;5;EUR;MWh;NO;NO;;79;79;79;-1;DOWN
2024-12-14T01:15;2024-12-14T01:30;6;EUR;MWh;NO;NO;;46.25;46.25;46.25;-1;DOWN
2024-12-14T01:30;2024-12-14T01:45;7;EUR;MWh;NO;NO;;41.65;41.65;41.65;-1;DOWN
2024-12-14T01:45;2024-12-14T02:00;8;EUR;MWh;NO;NO;;41.65;41.65;41.65;-1;DOWN
2024-12-14T02:00;2024-12-14T02:15;9;EUR;MWh;NO;NO;;69.94;69.94;69.94;-1;DOWN
2024-12-14T02:15;2024-12-14T02:30;10;EUR;MWh;NO;NO;;63;63;63;-1;DOWN
2024-12-14T02:30;2024-12-14T02:45;11;EUR;MWh;NO;NO;;64.22;64.22;64.22;-1;DOWN
2024-12-14T02:45;2024-12-14T03:00;12;EUR;MWh;NO;NO;;38.87;38.87;38.87;-1;DOWN
2024-12-14T03:00;2024-12-14T03:15;13;EUR;MWh;NO;NO;;23.78;23.78;23.78;-1;DOWN
2024-12-14T03:15;2024-12-14T03:30;14;EUR;MWh;NO;NO;;53.94;53.94;53.94;-1;DOWN
2024-12-14T03:30;2024-12-14T03:45;15;EUR;MWh;NO;NO;;63.22;63.22;63.22;-1;DOWN
2024-12-14T03:45;2024-12-14T04:00;16;EUR;MWh;NO;NO;;41.65;41.65;41.65;-1;DOWN
2024-12-14T04:00;2024-12-14T04:15;17;EUR;MWh;NO;NO;108.76;41.65;108.76;41.65;2;UP_AND_DOWN
2024-12-14T04:15;2024-12-14T04:30;18;EUR;MWh;NO;NO;108.88;82.22;108.88;82.22;2;UP_AND_DOWN
2024-12-14T04:30;2024-12-14T04:45;19;EUR;MWh;NO;NO;108.88;77.53;77.53;77.53;-1;DOWN
2024-12-14T04:45;2024-12-14T05:00;20;EUR;MWh;NO;NO;;64.22;64.22;64.22;-1;DOWN
2024-12-14T05:00;2024-12-14T05:15;21;EUR;MWh;NO;NO;;47.26;47.26;47.26;-1;DOWN
2024-12-14T05:15;2024-12-14T05:30;22;EUR;MWh;NO;NO;;70.23;70.23;70.23;-1;DOWN
2024-12-14T05:30;2024-12-14T05:45;23;EUR;MWh;NO;NO;;71.23;71.23;71.23;-1;DOWN
2024-12-14T05:45;2024-12-14T06:00;24;EUR;MWh;NO;NO;104.11;;104.11;104.11;1;UP
2024-12-14T06:00;2024-12-14T06:15;25;EUR;MWh;NO;NO;161;;161;161;1;UP
2024-12-14T06:15;2024-12-14T06:30;26;EUR;MWh;NO;NO;160.71;;160.71;160.71;1;UP
2024-12-14T06:30;2024-12-14T06:45;27;EUR;MWh;NO;NO;145.7;;145.7;145.7;1;UP
2024-12-14T06:45;2024-12-14T07:00;28;EUR;MWh;NO;NO;115.6;84.02;84.02;84.02;-1;DOWN
2024-12-14T07:00;2024-12-14T07:15;29;EUR;MWh;NO;NO;;72.5;72.5;72.5;-1;DOWN
2024-12-14T07:15;2024-12-14T07:30;30;EUR;MWh;NO;NO;;80.76;80.76;80.76;-1;DOWN
2024-12-14T07:30;2024-12-14T07:45;31;EUR;MWh;NO;NO;;72.99;72.99;72.99;-1;DOWN
2024-12-14T07:45;2024-12-14T08:00;32;EUR;MWh;NO;NO;;57.85;57.85;57.85;-1;DOWN
2024-12-14T08:00;2024-12-14T08:15;33;EUR;MWh;NO;NO;;54.75;54.75;54.75;-1;DOWN
2024-12-14T08:15;2024-12-14T08:30;34;EUR;MWh;NO;NO;;74.03;74.03;74.03;-1;DOWN
2024-12-14T08:30;2024-12-14T08:45;35;EUR;MWh;NO;NO;115.8;74.03;115.8;115.8;1;UP
2024-12-14T08:45;2024-12-14T09:00;36;EUR;MWh;NO;NO;145.03;;145.03;145.03;1;UP
2024-12-14T09:00;2024-12-14T09:15;37;EUR;MWh;NO;NO;177;66;66;66;-1;DOWN
2024-12-14T09:15;2024-12-14T09:30;38;EUR;MWh;NO;NO;;74.22;74.22;74.22;-1;DOWN
2024-12-14T09:30;2024-12-14T09:45;39;EUR;MWh;NO;NO;110.1;91;110.1;91;2;UP_AND_DOWN
2024-12-14T09:45;2024-12-14T10:00;40;EUR;MWh;NO;NO;103.66;80.22;80.22;80.22;-1;DOWN
2024-12-14T10:00;2024-12-14T10:15;41;EUR;MWh;NO;NO;;60.31;60.31;60.31;-1;DOWN
2024-12-14T10:15;2024-12-14T10:30;42;EUR;MWh;NO;NO;;51.12;51.12;51.12;-1;DOWN
2024-12-14T10:30;2024-12-14T10:45;43;EUR;MWh;NO;NO;;13.71;13.71;13.71;-1;DOWN
2024-12-14T10:45;2024-12-14T11:00;44;EUR;MWh;NO;NO;;-42.5;-42.5;-42.5;-1;DOWN
2024-12-14T11:00;2024-12-14T11:15;45;EUR;MWh;NO;NO;145.83;-46.42;145.83;145.83;1;UP
2024-12-14T11:15;2024-12-14T11:30;46;EUR;MWh;NO;NO;118.93;;118.93;118.93;1;UP
2024-12-14T11:30;2024-12-14T11:45;47;EUR;MWh;NO;NO;90.55;79.45;79.45;79.45;-1;DOWN
2024-12-14T11:45;2024-12-14T12:00;48;EUR;MWh;NO;NO;116;71.75;116;116;1;UP
2024-12-14T12:00;2024-12-14T12:15;49;EUR;MWh;NO;NO;108.62;;108.62;108.62;1;UP
2024-12-14T12:15;2024-12-14T12:30;50;EUR;MWh;NO;NO;89.72;83.79;89.72;83.79;2;UP_AND_DOWN
2024-12-14T12:30;2024-12-14T12:45;51;EUR;MWh;NO;NO;;88.85;88.85;88.85;-1;DOWN
2024-12-14T12:45;2024-12-14T13:00;52;EUR;MWh;NO;NO;102.06;88.89;102.06;102.06;1;UP
2024-12-14T13:00;2024-12-14T13:15;53;EUR;MWh;NO;NO;102.06;2.96;2.96;2.96;-1;DOWN
2024-12-14T13:15;2024-12-14T13:30;54;EUR;MWh;NO;NO;;57.14;57.14;57.14;-1;DOWN
2024-12-14T13:30;2024-12-14T13:45;55;EUR;MWh;NO;NO;102.14;67.03;102.14;102.14;1;UP
2024-12-14T13:45;2024-12-14T14:00;56;EUR;MWh;NO;NO;95.14;63.83;63.83;63.83;-1;DOWN
2024-12-14T14:00;2024-12-14T14:15;57;EUR;MWh;NO;NO;;44.14;44.14;44.14;-1;DOWN
2024-12-14T14:15;2024-12-14T14:30;58;EUR;MWh;NO;NO;102.14;50.14;102.14;102.14;1;UP
2024-12-14T14:30;2024-12-14T14:45;59;EUR;MWh;NO;NO;113.4;35.14;113.4;35.14;2;UP_AND_DOWN
2024-12-14T14:45;2024-12-14T15:00;60;EUR;MWh;NO;NO;107.05;41.65;107.05;41.65;2;UP_AND_DOWN
2024-12-14T15:00;2024-12-14T15:15;61;EUR;MWh;NO;NO;125;;125;125;1;UP
2024-12-14T15:15;2024-12-14T15:30;62;EUR;MWh;NO;NO;146.2;;146.2;146.2;1;UP
2024-12-14T15:30;2024-12-14T15:45;63;EUR;MWh;NO;NO;146.2;;146.2;146.2;1;UP
2024-12-14T15:45;2024-12-14T16:00;64;EUR;MWh;NO;NO;107.33;64.22;107.33;64.22;2;UP_AND_DOWN
2024-12-14T16:00;2024-12-14T16:15;65;EUR;MWh;NO;NO;;66;66;66;-1;DOWN
2024-12-14T16:15;2024-12-14T16:30;66;EUR;MWh;NO;NO;;41.65;41.65;41.65;-1;DOWN
2024-12-14T16:30;2024-12-14T16:45;67;EUR;MWh;NO;NO;;41.65;92.56;92.56;0;STABLE
2024-12-14T16:45;2024-12-14T17:00;68;EUR;MWh;NO;NO;;70.98;70.98;70.98;-1;DOWN
2024-12-14T17:00;2024-12-14T17:15;69;EUR;MWh;NO;NO;145.83;68;145.83;68;2;UP_AND_DOWN
2024-12-14T17:15;2024-12-14T17:30;70;EUR;MWh;NO;NO;195.83;;195.83;195.83;1;UP
2024-12-14T17:30;2024-12-14T17:45;71;EUR;MWh;NO;NO;1206.54;;1206.54;1206.54;1;UP
2024-12-14T17:45;2024-12-14T18:00;72;EUR;MWh;NO;NO;166.5;;166.5;166.5;1;UP
2024-12-14T18:00;2024-12-14T18:15;73;EUR;MWh;NO;NO;100.98;;100.98;100.98;1;UP
2024-12-14T18:15;2024-12-14T18:30;74;EUR;MWh;NO;NO;99.98;67.3;67.3;67.3;-1;DOWN
2024-12-14T18:30;2024-12-14T18:45;75;EUR;MWh;NO;NO;;55;55;55;-1;DOWN
2024-12-14T18:45;2024-12-14T19:00;76;EUR;MWh;NO;NO;;41.65;41.65;41.65;-1;DOWN
2024-12-14T19:00;2024-12-14T19:15;77;EUR;MWh;NO;NO;148.4;-13.42;148.4;-13.42;2;UP_AND_DOWN
2024-12-14T19:15;2024-12-14T19:30;78;EUR;MWh;NO;NO;161;;161;161;1;UP
2024-12-14T19:30;2024-12-14T19:45;79;EUR;MWh;NO;NO;94.98;83.98;94.98;83.98;2;UP_AND_DOWN
2024-12-14T19:45;2024-12-14T20:00;80;EUR;MWh;NO;NO;;64.22;64.22;64.22;-1;DOWN
2024-12-14T20:00;2024-12-14T20:15;81;EUR;MWh;NO;NO;;64.22;64.22;64.22;-1;DOWN
2024-12-14T20:15;2024-12-14T20:30;82;EUR;MWh;NO;NO;;66;66;66;-1;DOWN
2024-12-14T20:30;2024-12-14T20:45;83;EUR;MWh;NO;NO;;41.65;41.65;41.65;-1;DOWN
2024-12-14T20:45;2024-12-14T21:00;84;EUR;MWh;NO;NO;;-13.52;-13.52;-13.52;-1;DOWN
2024-12-14T21:00;2024-12-14T21:15;85;EUR;MWh;NO;NO;120.83;64.22;120.83;64.22;2;UP_AND_DOWN
2024-12-14T21:15;2024-12-14T21:30;86;EUR;MWh;NO;NO;120.83;44.14;44.14;44.14;-1;DOWN
2024-12-14T21:30;2024-12-14T21:45;87;EUR;MWh;NO;NO;;50.14;50.14;50.14;-1;DOWN
2024-12-14T21:45;2024-12-14T22:00;88;EUR;MWh;NO;NO;142.2;66.91;142.2;66.91;2;UP_AND_DOWN
2024-12-14T22:00;2024-12-14T22:15;89;EUR;MWh;NO;NO;115.9;;115.9;115.9;1;UP
2024-12-14T22:15;2024-12-14T22:30;90;EUR;MWh;NO;NO;115.9;;115.9;115.9;1;UP
2024-12-14T22:30;2024-12-14T22:45;91;EUR;MWh;NO;NO;109;50.14;109;50.14;2;UP_AND_DOWN
2024-12-14T22:45;2024-12-14T23:00;92;EUR;MWh;NO;NO;112.75;57.98;112.75;112.75;1;UP
2024-12-14T23:00;2024-12-14T23:15;93;EUR;MWh;NO;NO;115.8;;115.8;115.8;1;UP
2024-12-14T23:15;2024-12-14T23:30;94;EUR;MWh;NO;NO;115.8;;115.8;115.8;1;UP
2024-12-14T23:30;2024-12-14T23:45;95;EUR;MWh;NO;NO;115.8;49.97;49.97;49.97;-1;DOWN
2024-12-14T23:45;2024-12-15T00:00;96;EUR;MWh;NO;NO;;44.14;44.14;44.14;-1;DOWN
2024-12-15T00:00;2024-12-15T00:15;1;EUR;MWh;NO;NO;119.82;21.65;119.82;21.65;2;UP_AND_DOWN
2024-12-15T00:15;2024-12-15T00:30;2;EUR;MWh;NO;NO;112;;112;112;1;UP
2024-12-15T00:30;2024-12-15T00:45;3;EUR;MWh;NO;NO;112.1;11;112.1;11;2;UP_AND_DOWN
2024-12-15T00:45;2024-12-15T01:00;4;EUR;MWh;NO;NO;112.1;11;11;11;-1;DOWN
2024-12-15T01:00;2024-12-15T01:15;5;EUR;MWh;NO;NO;;-18.41;-18.41;-18.41;-1;DOWN
2024-12-15T01:15;2024-12-15T01:30;6;EUR;MWh;NO;NO;;-8.49;-8.49;-8.49;-1;DOWN
2024-12-15T01:30;2024-12-15T01:45;7;EUR;MWh;NO;NO;;-40;-40;-40;-1;DOWN
2024-12-15T01:45;2024-12-15T02:00;8;EUR;MWh;NO;NO;108.73;-42.79;108.73;-42.79;2;UP_AND_DOWN
2024-12-15T02:00;2024-12-15T02:15;9;EUR;MWh;NO;NO;;-8.62;-8.62;-8.62;-1;DOWN
2024-12-15T02:15;2024-12-15T02:30;10;EUR;MWh;NO;NO;;-3.58;-3.58;-3.58;-1;DOWN
2024-12-15T02:30;2024-12-15T02:45;11;EUR;MWh;NO;NO;;-16.47;-16.47;-16.47;-1;DOWN
2024-12-15T02:45;2024-12-15T03:00;12;EUR;MWh;NO;NO;;-40;-40;-40;-1;DOWN
2024-12-15T03:00;2024-12-15T03:15;13;EUR;MWh;NO;NO;112.1;60.98;112.1;60.98;2;UP_AND_DOWN
2024-12-15T03:15;2024-12-15T03:30;14;EUR;MWh;NO;NO;98.98;84.02;98.98;98.98;1;UP
2024-12-15T03:30;2024-12-15T03:45;15;EUR;MWh;NO;NO;100.45;51.18;100.45;51.18;2;UP_AND_DOWN
2024-12-15T03:45;2024-12-15T04:00;16;EUR;MWh;NO;NO;66.45;33;33;33;-1;DOWN
2024-12-15T04:00;2024-12-15T04:15;17;EUR;MWh;NO;NO;133;18;133;18;2;UP_AND_DOWN
2024-12-15T04:15;2024-12-15T04:30;18;EUR;MWh;NO;NO;112.1;-11;112.1;-11;2;UP_AND_DOWN
2024-12-15T04:30;2024-12-15T04:45;19;EUR;MWh;NO;NO;;-9.36;-9.36;-9.36;-1;DOWN
2024-12-15T04:45;2024-12-15T05:00;20;EUR;MWh;NO;NO;;-66.82;-66.82;-66.82;-1;DOWN
2024-12-15T05:00;2024-12-15T05:15;21;EUR;MWh;NO;NO;112.1;-50;112.1;-50;2;UP_AND_DOWN
2024-12-15T05:15;2024-12-15T05:30;22;EUR;MWh;NO;NO;133;-28;133;-28;2;UP_AND_DOWN
2024-12-15T05:30;2024-12-15T05:45;23;EUR;MWh;NO;NO;;-9.71;-9.71;-9.71;-1;DOWN
2024-12-15T05:45;2024-12-15T06:00;24;EUR;MWh;NO;NO;112.1;45.18;112.1;112.1;1;UP
2024-12-15T06:00;2024-12-15T06:15;25;EUR;MWh;NO;NO;101.42;11;101.42;11;2;UP_AND_DOWN
2024-12-15T06:15;2024-12-15T06:30;26;EUR;MWh;NO;NO;;16;16;16;-1;DOWN
2024-12-15T06:30;2024-12-15T06:45;27;EUR;MWh;NO;NO;;44;44;44;-1;DOWN
2024-12-15T06:45;2024-12-15T07:00;28;EUR;MWh;NO;NO;;16;16;16;-1;DOWN
2024-12-15T07:00;2024-12-15T07:15;29;EUR;MWh;NO;NO;;-36.91;-36.91;-36.91;-1;DOWN
2024-12-15T07:15;2024-12-15T07:30;30;EUR;MWh;NO;NO;65.07;33;74.55;33;2;UP_AND_DOWN
2024-12-15T07:30;2024-12-15T07:45;31;EUR;MWh;NO;NO;112.2;21;112.2;21;2;UP_AND_DOWN
2024-12-15T07:45;2024-12-15T08:00;32;EUR;MWh;NO;NO;112.2;;112.2;112.2;1;UP
2024-12-15T08:00;2024-12-15T08:15;33;EUR;MWh;NO;NO;112.2;;112.2;112.2;1;UP
2024-12-15T08:15;2024-12-15T08:30;34;EUR;MWh;NO;NO;108.85;;108.85;108.85;1;UP
2024-12-15T08:30;2024-12-15T08:45;35;EUR;MWh;NO;NO;75.07;26;75.07;26;2;UP_AND_DOWN
2024-12-15T08:45;2024-12-15T09:00;36;EUR;MWh;NO;NO;;26;26;26;-1;DOWN
2024-12-15T09:00;2024-12-15T09:15;37;EUR;MWh;NO;NO;;21.65;21.65;21.65;-1;DOWN
2024-12-15T09:15;2024-12-15T09:30;38;EUR;MWh;NO;NO;;21.65;21.65;21.65;-1;DOWN
2024-12-15T09:30;2024-12-15T09:45;39;EUR;MWh;NO;NO;;21.65;21.65;21.65;-1;DOWN
2024-12-15T09:45;2024-12-15T10:00;40;EUR;MWh;NO;NO;;30;30;30;-1;DOWN
2024-12-15T10:00;2024-12-15T10:15;41;EUR;MWh;NO;NO;112.3;30;112.3;112.3;1;UP
2024-12-15T10:15;2024-12-15T10:30;42;EUR;MWh;NO;NO;106.45;21.65;21.65;21.65;-1;DOWN
2024-12-15T10:30;2024-12-15T10:45;43;EUR;MWh;NO;NO;100.32;15.1;100.32;15.1;2;UP_AND_DOWN
2024-12-15T10:45;2024-12-15T11:00;44;EUR;MWh;NO;NO;102.08;30;30;30;-1;DOWN
2024-12-15T11:00;2024-12-15T11:15;45;EUR;MWh;NO;NO;112.3;21.65;112.3;21.65;2;UP_AND_DOWN
2024-12-15T11:15;2024-12-15T11:30;46;EUR;MWh;NO;NO;112.3;-45;112.3;-45;2;UP_AND_DOWN
2024-12-15T11:30;2024-12-15T11:45;47;EUR;MWh;NO;NO;112.4;-55;112.4;-55;2;UP_AND_DOWN
2024-12-15T11:45;2024-12-15T12:00;48;EUR;MWh;NO;NO;112.4;-30;112.4;-30;2;UP_AND_DOWN
2024-12-15T12:00;2024-12-15T12:15;49;EUR;MWh;NO;NO;138;-35;138;-35;2;UP_AND_DOWN
2024-12-15T12:15;2024-12-15T12:30;50;EUR;MWh;NO;NO;138;-17.67;138;-17.67;2;UP_AND_DOWN
2024-12-15T12:30;2024-12-15T12:45;51;EUR;MWh;NO;NO;138;-4.63;138;138;1;UP
2024-12-15T12:45;2024-12-15T13:00;52;EUR;MWh;NO;NO;124.21;;124.21;124.21;1;UP
2024-12-15T13:00;2024-12-15T13:15;53;EUR;MWh;NO;NO;109.21;;109.21;109.21;1;UP
2024-12-15T13:15;2024-12-15T13:30;54;EUR;MWh;NO;NO;109.21;84.02;109.21;109.21;1;UP
2024-12-15T13:30;2024-12-15T13:45;55;EUR;MWh;NO;NO;104.98;-3.84;104.98;-3.84;2;UP_AND_DOWN
2024-12-15T13:45;2024-12-15T14:00;56;EUR;MWh;NO;NO;65.07;-3.88;-3.88;-3.88;-1;DOWN
2024-12-15T14:00;2024-12-15T14:15;57;EUR;MWh;NO;NO;121;-3.88;121;-3.88;2;UP_AND_DOWN
2024-12-15T14:15;2024-12-15T14:30;58;EUR;MWh;NO;NO;121;-35;121;-35;2;UP_AND_DOWN
2024-12-15T14:30;2024-12-15T14:45;59;EUR;MWh;NO;NO;126.98;-35;126.98;-35;2;UP_AND_DOWN
2024-12-15T14:45;2024-12-15T15:00;60;EUR;MWh;NO;NO;112.1;-10.1;-10.1;-10.1;-1;DOWN
2024-12-15T15:00;2024-12-15T15:15;61;EUR;MWh;NO;NO;112.1;-5;112.1;-5;2;UP_AND_DOWN
2024-12-15T15:15;2024-12-15T15:30;62;EUR;MWh;NO;NO;106.93;-9.89;106.93;-9.89;2;UP_AND_DOWN
2024-12-15T15:30;2024-12-15T15:45;63;EUR;MWh;NO;NO;82.7;-5;82.7;-5;2;UP_AND_DOWN
2024-12-15T15:45;2024-12-15T16:00;64;EUR;MWh;NO;NO;97.44;84.02;97.44;72.36;2;UP_AND_DOWN
2024-12-15T16:00;2024-12-15T16:15;65;EUR;MWh;NO;NO;;-5;-5;-5;-1;DOWN
2024-12-15T16:15;2024-12-15T16:30;66;EUR;MWh;NO;NO;98.06;-4.18;98.06;-4.18;2;UP_AND_DOWN
2024-12-15T16:30;2024-12-15T16:45;67;EUR;MWh;NO;NO;117.01;-5;117.01;-5;2;UP_AND_DOWN
2024-12-15T16:45;2024-12-15T17:00;68;EUR;MWh;NO;NO;120.98;;120.98;120.98;1;UP
2024-12-15T17:00;2024-12-15T17:15;69;EUR;MWh;NO;NO;120.98;-39.1;-39.1;-39.1;-1;DOWN
2024-12-15T17:15;2024-12-15T17:30;70;EUR;MWh;NO;NO;110.1;-4.94;110.1;-4.94;2;UP_AND_DOWN
2024-12-15T17:30;2024-12-15T17:45;71;EUR;MWh;NO;NO;112.1;11;112.1;11;2;UP_AND_DOWN
2024-12-15T17:45;2024-12-15T18:00;72;EUR;MWh;NO;NO;109.24;-6.13;109.24;-6.13;2;UP_AND_DOWN
2024-12-15T18:00;2024-12-15T18:15;73;EUR;MWh;NO;NO;;-5.93;-5.93;-5.93;-1;DOWN
2024-12-15T18:15;2024-12-15T18:30;74;EUR;MWh;NO;NO;;;0;0;-1;DOWN
2024-12-15T18:30;2024-12-15T18:45;75;EUR;MWh;NO;NO;;-15.86;-15.86;-15.86;-1;DOWN
2024-12-15T18:45;2024-12-15T19:00;76;EUR;MWh;NO;NO;;-6.65;-6.65;-6.65;-1;DOWN
2024-12-15T19:00;2024-12-15T19:15;77;EUR;MWh;NO;NO;110.98;;110.98;0;2;UP_AND_DOWN
2024-12-15T19:15;2024-12-15T19:30;78;EUR;MWh;NO;NO;110.98;-4.09;-4.09;-4.09;-1;DOWN
2024-12-15T19:30;2024-12-15T19:45;79;EUR;MWh;NO;NO;;-4.09;-4.09;-4.09;-1;DOWN
2024-12-15T19:45;2024-12-15T20:00;80;EUR;MWh;NO;NO;;-4.13;-4.13;-4.13;-1;DOWN
2024-12-15T20:00;2024-12-15T20:15;81;EUR;MWh;NO;NO;65.7;-5.5;72.36;-5.5;2;UP_AND_DOWN
2024-12-15T20:15;2024-12-15T20:30;82;EUR;MWh;NO;NO;48.83;-6;66.43;-6;2;UP_AND_DOWN
2024-12-15T20:30;2024-12-15T20:45;83;EUR;MWh;NO;NO;;-17.85;-17.85;-17.85;-1;DOWN
2024-12-15T20:45;2024-12-15T21:00;84;EUR;MWh;NO;NO;;-5.07;-5.07;-5.07;-1;DOWN
2024-12-15T21:00;2024-12-15T21:15;85;EUR;MWh;NO;NO;73.7;-7;73.7;-7;2;UP_AND_DOWN
2024-12-15T21:15;2024-12-15T21:30;86;EUR;MWh;NO;NO;105.74;-5.14;105.74;-5.14;2;UP_AND_DOWN
2024-12-15T21:30;2024-12-15T21:45;87;EUR;MWh;NO;NO;;-6.65;-6.65;-6.65;-1;DOWN
2024-12-15T21:45;2024-12-15T22:00;88;EUR;MWh;NO;NO;84.82;-11.08;84.82;84.82;1;UP
2024-12-15T22:00;2024-12-15T22:15;89;EUR;MWh;NO;NO;101.36;-20;101.36;-20;2;UP_AND_DOWN
2024-12-15T22:15;2024-12-15T22:30;90;EUR;MWh;NO;NO;84.83;-11.87;84.83;-11.87;2;UP_AND_DOWN
2024-12-15T22:30;2024-12-15T22:45;91;EUR;MWh;NO;NO;73.35;-20;73.35;-20;2;UP_AND_DOWN
2024-12-15T22:45;2024-12-15T23:00;92;EUR;MWh;NO;NO;;-20;-20;-20;-1;DOWN
2024-12-15T23:00;2024-12-15T23:15;93;EUR;MWh;NO;NO;112.3;-20;112.3;-20;2;UP_AND_DOWN
2024-12-15T23:15;2024-12-15T23:30;94;EUR;MWh;NO;NO;112.3;-30.43;-30.43;-30.43;-1;DOWN
2024-12-15T23:30;2024-12-15T23:45;95;EUR;MWh;NO;NO;;-29.76;-29.76;-29.76;-1;DOWN
2024-12-15T23:45;2024-12-16T00:00;96;EUR;MWh;NO;NO;;-35;-35;-35;-1;DOWN
2024-12-16T00:00;2024-12-16T00:15;1;EUR;MWh;NO;NO;95.47;-50;95.47;95.47;1;UP
2024-12-16T00:15;2024-12-16T00:30;2;EUR;MWh;NO;NO;90.81;-43;90.81;-43;2;UP_AND_DOWN
2024-12-16T00:30;2024-12-16T00:45;3;EUR;MWh;NO;NO;103.47;-40;103.47;-40;2;UP_AND_DOWN
2024-12-16T00:45;2024-12-16T01:00;4;EUR;MWh;NO;NO;57.07;-80;70.55;-80;2;UP_AND_DOWN
2024-12-16T01:00;2024-12-16T01:15;5;EUR;MWh;NO;NO;137;-55;137;-55;2;UP_AND_DOWN
2024-12-16T01:15;2024-12-16T01:30;6;EUR;MWh;NO;NO;112.3;-19.65;112.3;112.3;1;UP
2024-12-16T01:30;2024-12-16T01:45;7;EUR;MWh;NO;NO;70.29;-53;70.29;-53;2;UP_AND_DOWN
2024-12-16T01:45;2024-12-16T02:00;8;EUR;MWh;NO;NO;77.38;-149.14;77.38;-149.14;2;UP_AND_DOWN
2024-12-16T02:00;2024-12-16T02:15;9;EUR;MWh;NO;NO;112.3;-93.57;112.3;112.3;1;UP
2024-12-16T02:15;2024-12-16T02:30;10;EUR;MWh;NO;NO;95.47;-88.15;95.47;-88.15;2;UP_AND_DOWN
2024-12-16T02:30;2024-12-16T02:45;11;EUR;MWh;NO;NO;63.07;-45;63.07;63.07;1;UP
2024-12-16T02:45;2024-12-16T03:00;12;EUR;MWh;NO;NO;63.07;-51;-51;-51;-1;DOWN
2024-12-16T03:00;2024-12-16T03:15;13;EUR;MWh;NO;NO;30;-49.31;57.01;-49.31;2;UP_AND_DOWN
2024-12-16T03:15;2024-12-16T03:30;14;EUR;MWh;NO;NO;69.51;-45;69.51;-45;2;UP_AND_DOWN
2024-12-16T03:30;2024-12-16T03:45;15;EUR;MWh;NO;NO;;-49.31;-49.31;-49.31;-1;DOWN
2024-12-16T03:45;2024-12-16T04:00;16;EUR;MWh;NO;NO;;-40;-40;-40;-1;DOWN
2024-12-16T04:00;2024-12-16T04:15;17;EUR;MWh;NO;NO;;-36;-36;-36;-1;DOWN
2024-12-16T04:15;2024-12-16T04:30;18;EUR;MWh;NO;NO;44.97;-26.65;64.5;-26.65;2;UP_AND_DOWN
2024-12-16T04:30;2024-12-16T04:45;19;EUR;MWh;NO;NO;46.71;-14.15;65.37;-14.15;2;UP_AND_DOWN
2024-12-16T04:45;2024-12-16T05:00;20;EUR;MWh;NO;NO;;-26.65;-26.65;-26.65;-1;DOWN
2024-12-16T05:00;2024-12-16T05:15;21;EUR;MWh;NO;NO;;-32;-32;-32;-1;DOWN
2024-12-16T05:15;2024-12-16T05:30;22;EUR;MWh;NO;NO;;-19.09;-19.09;-19.09;-1;DOWN
2024-12-16T05:30;2024-12-16T05:45;23;EUR;MWh;NO;NO;;46.65;46.65;46.65;-1;DOWN
2024-12-16T05:45;2024-12-16T06:00;24;EUR;MWh;NO;NO;114.55;46.65;114.55;46.65;2;UP_AND_DOWN
2024-12-16T06:00;2024-12-16T06:15;25;EUR;MWh;NO;NO;114.55;-198;-198;-198;-1;DOWN
2024-12-16T06:15;2024-12-16T06:30;26;EUR;MWh;NO;NO;116.7;-198;116.7;116.7;1;UP
2024-12-16T06:30;2024-12-16T06:45;27;EUR;MWh;NO;NO;125;84.02;125;125;1;UP
2024-12-16T06:45;2024-12-16T07:00;28;EUR;MWh;NO;NO;118.7;-32;-32;-32;-1;DOWN
2024-12-16T07:00;2024-12-16T07:15;29;EUR;MWh;NO;NO;118.7;-312.68;-312.68;-312.68;-1;DOWN
2024-12-16T07:15;2024-12-16T07:30;30;EUR;MWh;NO;NO;;-30;-30;-30;-1;DOWN
2024-12-16T07:30;2024-12-16T07:45;31;EUR;MWh;NO;NO;138.4;-21.65;138.4;-21.65;2;UP_AND_DOWN
2024-12-16T07:45;2024-12-16T08:00;32;EUR;MWh;NO;NO;143.7;1;143.7;1;2;UP_AND_DOWN
2024-12-16T08:00;2024-12-16T08:15;33;EUR;MWh;NO;NO;112.3;33;112.3;112.3;1;UP
2024-12-16T08:15;2024-12-16T08:30;34;EUR;MWh;NO;NO;112.3;57.22;112.3;57.22;2;UP_AND_DOWN
2024-12-16T08:30;2024-12-16T08:45;35;EUR;MWh;NO;NO;112.3;79.57;112.3;70.01;2;UP_AND_DOWN
2024-12-16T08:45;2024-12-16T09:00;36;EUR;MWh;NO;NO;112.3;;112.3;112.3;1;UP
2024-12-16T09:00;2024-12-16T09:15;37;EUR;MWh;NO;NO;112.3;33;112.3;33;2;UP_AND_DOWN
2024-12-16T09:15;2024-12-16T09:30;38;EUR;MWh;NO;NO;112.3;5.22;112.3;5.22;2;UP_AND_DOWN
2024-12-16T09:30;2024-12-16T09:45;39;EUR;MWh;NO;NO;112.3;;112.3;112.3;1;UP
2024-12-16T09:45;2024-12-16T10:00;40;EUR;MWh;NO;NO;;84.02;84.02;84.02;-1;DOWN
2024-12-16T10:00;2024-12-16T10:15;41;EUR;MWh;NO;NO;138.3;84.02;138.3;70.01;2;UP_AND_DOWN
2024-12-16T10:15;2024-12-16T10:30;42;EUR;MWh;NO;NO;112.3;;112.3;112.3;1;UP
2024-12-16T10:30;2024-12-16T10:45;43;EUR;MWh;NO;NO;110;;110;110;1;UP
2024-12-16T10:45;2024-12-16T11:00;44;EUR;MWh;NO;NO;65.07;;65.07;65.07;1;UP
2024-12-16T11:00;2024-12-16T11:15;45;EUR;MWh;NO;NO;125;;125;125;1;UP
2024-12-16T11:15;2024-12-16T11:30;46;EUR;MWh;NO;NO;117.68;;117.68;117.68;1;UP
2024-12-16T11:30;2024-12-16T11:45;47;EUR;MWh;NO;NO;137;;137;137;1;UP
2024-12-16T11:45;2024-12-16T12:00;48;EUR;MWh;NO;NO;112.4;;112.4;112.4;1;UP
2024-12-16T12:00;2024-12-16T12:15;49;EUR;MWh;NO;NO;200;;200;200;1;UP
2024-12-16T12:15;2024-12-16T12:30;50;EUR;MWh;NO;NO;104;;104;104;1;UP
2024-12-16T12:30;2024-12-16T12:45;51;EUR;MWh;NO;NO;;;72;72;0;STABLE
2024-12-16T12:45;2024-12-16T13:00;52;EUR;MWh;NO;NO;;;70.01;70.01;0;STABLE
2024-12-16T13:00;2024-12-16T13:15;53;EUR;MWh;NO;NO;;84.02;84.02;84.02;-1;DOWN
2024-12-16T13:15;2024-12-16T13:30;54;EUR;MWh;NO;NO;;;70.01;70.01;0;STABLE
2024-12-16T13:30;2024-12-16T13:45;55;EUR;MWh;NO;NO;133;;133;133;1;UP
2024-12-16T13:45;2024-12-16T14:00;56;EUR;MWh;NO;NO;115;;115;115;1;UP
2024-12-16T14:00;2024-12-16T14:15;57;EUR;MWh;NO;NO;115;21.65;21.65;21.65;-1;DOWN
2024-12-16T14:15;2024-12-16T14:30;58;EUR;MWh;NO;NO;;50.22;50.22;50.22;-1;DOWN
2024-12-16T14:30;2024-12-16T14:45;59;EUR;MWh;NO;NO;56;46.65;70.01;46.65;2;UP_AND_DOWN
2024-12-16T14:45;2024-12-16T15:00;60;EUR;MWh;NO;NO;56;46.65;46.65;46.65;-1;DOWN
2024-12-16T15:00;2024-12-16T15:15;61;EUR;MWh;NO;NO;;-27.69;-27.69;-27.69;-1;DOWN
2024-12-16T15:15;2024-12-16T15:30;62;EUR;MWh;NO;NO;108.69;-8.29;108.69;-8.29;2;UP_AND_DOWN
2024-12-16T15:30;2024-12-16T15:45;63;EUR;MWh;NO;NO;140;-9.1;140;-9.1;2;UP_AND_DOWN
2024-12-16T15:45;2024-12-16T16:00;64;EUR;MWh;NO;NO;140;-12.79;140;-12.79;2;UP_AND_DOWN
2024-12-16T16:00;2024-12-16T16:15;65;EUR;MWh;NO;NO;115;-5.19;115;-5.19;2;UP_AND_DOWN
2024-12-16T16:15;2024-12-16T16:30;66;EUR;MWh;NO;NO;115;;115;115;1;UP
2024-12-16T16:30;2024-12-16T16:45;67;EUR;MWh;NO;NO;138.4;;138.4;138.4;1;UP
2024-12-16T16:45;2024-12-16T17:00;68;EUR;MWh;NO;NO;138.5;;138.5;138.5;1;UP
2024-12-16T17:00;2024-12-16T17:15;69;EUR;MWh;NO;NO;137;-6.65;137;-6.65;2;UP_AND_DOWN
2024-12-16T17:15;2024-12-16T17:30;70;EUR;MWh;NO;NO;119.63;-6.65;119.63;119.63;1;UP
2024-12-16T17:30;2024-12-16T17:45;71;EUR;MWh;NO;NO;112.2;;112.2;112.2;1;UP
2024-12-16T17:45;2024-12-16T18:00;72;EUR;MWh;NO;NO;96.52;;96.52;96.52;1;UP
2024-12-16T18:00;2024-12-16T18:15;73;EUR;MWh;NO;NO;110.74;-6.77;110.74;-6.77;2;UP_AND_DOWN
2024-12-16T18:15;2024-12-16T18:30;74;EUR;MWh;NO;NO;;-8.29;-8.29;-8.29;-1;DOWN
2024-12-16T18:30;2024-12-16T18:45;75;EUR;MWh;NO;NO;;-3.69;-3.69;-3.69;-1;DOWN
2024-12-16T18:45;2024-12-16T19:00;76;EUR;MWh;NO;NO;;21.65;21.65;21.65;-1;DOWN
2024-12-16T19:00;2024-12-16T19:15;77;EUR;MWh;NO;NO;56;-2.56;67.08;-2.56;2;UP_AND_DOWN
2024-12-16T19:15;2024-12-16T19:30;78;EUR;MWh;NO;NO;56;-2.49;-2.49;-2.49;-1;DOWN
2024-12-16T19:30;2024-12-16T19:45;79;EUR;MWh;NO;NO;;-2.49;-2.49;-2.49;-1;DOWN
2024-12-16T19:45;2024-12-16T20:00;80;EUR;MWh;NO;NO;;21.65;21.65;21.65;-1;DOWN
2024-12-16T20:00;2024-12-16T20:15;81;EUR;MWh;NO;NO;135;78.16;135;67.08;2;UP_AND_DOWN
2024-12-16T20:15;2024-12-16T20:30;82;EUR;MWh;NO;NO;112.2;;112.2;112.2;1;UP
2024-12-16T20:30;2024-12-16T20:45;83;EUR;MWh;NO;NO;112.2;21.65;21.65;21.65;-1;DOWN
2024-12-16T20:45;2024-12-16T21:00;84;EUR;MWh;NO;NO;96.52;50.22;96.52;96.52;1;UP
2024-12-16T21:00;2024-12-16T21:15;85;EUR;MWh;NO;NO;112.2;;112.2;112.2;1;UP
2024-12-16T21:15;2024-12-16T21:30;86;EUR;MWh;NO;NO;102.52;;102.52;102.52;1;UP
2024-12-16T21:30;2024-12-16T21:45;87;EUR;MWh;NO;NO;65.07;-3.69;-3.69;-3.69;-1;DOWN
2024-12-16T21:45;2024-12-16T22:00;88;EUR;MWh;NO;NO;;-3.69;-3.69;-3.69;-1;DOWN
2024-12-16T22:00;2024-12-16T22:15;89;EUR;MWh;NO;NO;135;-3.44;135;-3.44;2;UP_AND_DOWN
2024-12-16T22:15;2024-12-16T22:30;90;EUR;MWh;NO;NO;137;;137;137;1;UP
2024-12-16T22:30;2024-12-16T22:45;91;EUR;MWh;NO;NO;63.07;;63.07;63.07;1;UP
2024-12-16T22:45;2024-12-16T23:00;92;EUR;MWh;NO;NO;;-14.1;-14.1;-14.1;-1;DOWN
2024-12-16T23:00;2024-12-16T23:15;93;EUR;MWh;NO;NO;409.94;-27.73;409.94;-27.73;2;UP_AND_DOWN
2024-12-16T23:15;2024-12-16T23:30;94;EUR;MWh;NO;NO;138.7;-27.53;-27.53;-27.53;-1;DOWN
2024-12-16T23:30;2024-12-16T23:45;95;EUR;MWh;NO;NO;;-20;-20;-20;-1;DOWN
2024-12-16T23:45;2024-12-17T00:00;96;EUR;MWh;NO;NO;;-32;-32;-32;-1;DOWN
2024-12-17T00:00;2024-12-17T00:15;1;EUR;MWh;NO;NO;137;-55;137;-55;2;UP_AND_DOWN
2024-12-17T00:15;2024-12-17T00:30;2;EUR;MWh;NO;NO;118.5;-13.61;-13.61;-13.61;-1;DOWN
2024-12-17T00:30;2024-12-17T00:45;3;EUR;MWh;NO;NO;103.8;-8.29;103.8;-8.29;2;UP_AND_DOWN
2024-12-17T00:45;2024-12-17T01:00;4;EUR;MWh;NO;NO;103.8;-56.2;-56.2;-56.2;-1;DOWN
2024-12-17T01:00;2024-12-17T01:15;5;EUR;MWh;NO;NO;;-38.77;-38.77;-38.77;-1;DOWN
2024-12-17T01:15;2024-12-17T01:30;6;EUR;MWh;NO;NO;81.32;-30;81.32;-30;2;UP_AND_DOWN
2024-12-17T01:30;2024-12-17T01:45;7;EUR;MWh;NO;NO;75.07;-30;75.07;-30;2;UP_AND_DOWN
2024-12-17T01:45;2024-12-17T02:00;8;EUR;MWh;NO;NO;65.07;;65.07;65.07;1;UP
2024-12-17T02:00;2024-12-17T02:15;9;EUR;MWh;NO;NO;95.12;-24.93;95.12;-24.93;2;UP_AND_DOWN
2024-12-17T02:15;2024-12-17T02:30;10;EUR;MWh;NO;NO;95.12;-40;-40;-40;-1;DOWN
2024-12-17T02:30;2024-12-17T02:45;11;EUR;MWh;NO;NO;95.74;-20;95.74;-20;2;UP_AND_DOWN
2024-12-17T02:45;2024-12-17T03:00;12;EUR;MWh;NO;NO;63.39;-36.98;66.54;-36.98;2;UP_AND_DOWN
2024-12-17T03:00;2024-12-17T03:15;13;EUR;MWh;NO;NO;103.9;-54.2;103.9;-54.2;2;UP_AND_DOWN
2024-12-17T03:15;2024-12-17T03:30;14;EUR;MWh;NO;NO;131.88;-60;131.88;-60;2;UP_AND_DOWN
2024-12-17T03:30;2024-12-17T03:45;15;EUR;MWh;NO;NO;110.7;;110.7;110.7;1;UP
2024-12-17T03:45;2024-12-17T04:00;16;EUR;MWh;NO;NO;95.07;;95.07;95.07;1;UP
2024-12-17T04:00;2024-12-17T04:15;17;EUR;MWh;NO;NO;66.04;-30;67.12;-30;2;UP_AND_DOWN
2024-12-17T04:15;2024-12-17T04:30;18;EUR;MWh;NO;NO;110.7;-24;110.7;110.7;1;UP
2024-12-17T04:30;2024-12-17T04:45;19;EUR;MWh;NO;NO;111.2;-18;-18;-18;-1;DOWN
2024-12-17T04:45;2024-12-17T05:00;20;EUR;MWh;NO;NO;;-31;-31;-31;-1;DOWN
2024-12-17T05:00;2024-12-17T05:15;21;EUR;MWh;NO;NO;;-55;-55;-55;-1;DOWN
2024-12-17T05:15;2024-12-17T05:30;22;EUR;MWh;NO;NO;;-25.79;-25.79;-25.79;-1;DOWN
2024-12-17T05:30;2024-12-17T05:45;23;EUR;MWh;NO;NO;85.07;-17.6;85.07;85.07;1;UP
2024-12-17T05:45;2024-12-17T06:00;24;EUR;MWh;NO;NO;99;-10.14;-10.14;-10.14;-1;DOWN
2024-12-17T06:00;2024-12-17T06:15;25;EUR;MWh;NO;NO;109.2;-20.85;109.2;-20.85;2;UP_AND_DOWN
2024-12-17T06:15;2024-12-17T06:30;26;EUR;MWh;NO;NO;103.8;-50;103.8;-50;2;UP_AND_DOWN
2024-12-17T06:30;2024-12-17T06:45;27;EUR;MWh;NO;NO;200;-30;200;-30;2;UP_AND_DOWN
2024-12-17T06:45;2024-12-17T07:00;28;EUR;MWh;NO;NO;200;87.11;200;200;1;UP
2024-12-17T07:00;2024-12-17T07:15;29;EUR;MWh;NO;NO;139.5;-30;139.5;-30;2;UP_AND_DOWN
2024-12-17T07:15;2024-12-17T07:30;30;EUR;MWh;NO;NO;137;33.69;137;33.69;2;UP_AND_DOWN
2024-12-17T07:30;2024-12-17T07:45;31;EUR;MWh;NO;NO;;16.65;16.65;16.65;-1;DOWN
2024-12-17T07:45;2024-12-17T08:00;32;EUR;MWh;NO;NO;;-192.66;-192.66;-192.66;-1;DOWN
2024-12-17T08:00;2024-12-17T08:15;33;EUR;MWh;NO;NO;;-104.52;-104.52;-104.52;-1;DOWN
2024-12-17T08:15;2024-12-17T08:30;34;EUR;MWh;NO;NO;;-70.79;-70.79;-70.79;-1;DOWN
2024-12-17T08:30;2024-12-17T08:45;35;EUR;MWh;NO;NO;;86;86;86;-1;DOWN
2024-12-17T08:45;2024-12-17T09:00;36;EUR;MWh;NO;NO;;86;86;86;-1;DOWN
2024-12-17T09:00;2024-12-17T09:15;37;EUR;MWh;NO;NO;111.66;87.69;111.66;70.85;2;UP_AND_DOWN
2024-12-17T09:15;2024-12-17T09:30;38;EUR;MWh;NO;NO;52;86;86;86;-1;DOWN
2024-12-17T09:30;2024-12-17T09:45;39;EUR;MWh;NO;NO;99;86;99;70.85;2;UP_AND_DOWN
2024-12-17T09:45;2024-12-17T10:00;40;EUR;MWh;NO;NO;110.92;;110.92;110.92;1;UP
2024-12-17T10:00;2024-12-17T10:15;41;EUR;MWh;NO;NO;130.07;;130.07;130.07;1;UP
2024-12-17T10:15;2024-12-17T10:30;42;EUR;MWh;NO;NO;96.55;;96.55;96.55;1;UP
2024-12-17T10:30;2024-12-17T10:45;43;EUR;MWh;NO;NO;95.07;;95.07;95.07;1;UP
2024-12-17T10:45;2024-12-17T11:00;44;EUR;MWh;NO;NO;98.32;;98.32;98.32;1;UP
2024-12-17T11:00;2024-12-17T11:15;45;EUR;MWh;NO;NO;125.4;;125.4;125.4;1;UP
2024-12-17T11:15;2024-12-17T11:30;46;EUR;MWh;NO;NO;110.7;;110.7;110.7;1;UP
2024-12-17T11:30;2024-12-17T11:45;47;EUR;MWh;NO;NO;130.07;;130.07;130.07;1;UP
2024-12-17T11:45;2024-12-17T12:00;48;EUR;MWh;NO;NO;113;;113;113;1;UP
2024-12-17T12:00;2024-12-17T12:15;49;EUR;MWh;NO;NO;;65.88;65.88;65.88;-1;DOWN
2024-12-17T12:15;2024-12-17T12:30;50;EUR;MWh;NO;NO;;67.04;67.04;67.04;-1;DOWN
2024-12-17T12:30;2024-12-17T12:45;51;EUR;MWh;NO;NO;95.07;76.11;95.07;70.85;2;UP_AND_DOWN
2024-12-17T12:45;2024-12-17T13:00;52;EUR;MWh;NO;NO;85.07;70.11;70.11;70.11;-1;DOWN
2024-12-17T13:00;2024-12-17T13:15;53;EUR;MWh;NO;NO;;70.11;70.11;70.11;-1;DOWN
2024-12-17T13:15;2024-12-17T13:30;54;EUR;MWh;NO;NO;;70.11;70.11;70.11;-1;DOWN
2024-12-17T13:30;2024-12-17T13:45;55;EUR;MWh;NO;NO;;76.11;76.11;76.11;-1;DOWN
2024-12-17T13:45;2024-12-17T14:00;56;EUR;MWh;NO;NO;;80.61;80.61;80.61;-1;DOWN
2024-12-17T14:00;2024-12-17T14:15;57;EUR;MWh;NO;NO;;67.04;67.04;67.04;-1;DOWN
2024-12-17T14:15;2024-12-17T14:30;58;EUR;MWh;NO;NO;;70.11;70.11;70.11;-1;DOWN
2024-12-17T14:30;2024-12-17T14:45;59;EUR;MWh;NO;NO;;91.41;91.41;91.41;-1;DOWN
2024-12-17T14:45;2024-12-17T15:00;60;EUR;MWh;NO;NO;;85.7;85.7;85.7;-1;DOWN
2024-12-17T15:00;2024-12-17T15:15;61;EUR;MWh;NO;NO;;51.52;51.52;51.52;-1;DOWN
2024-12-17T15:15;2024-12-17T15:30;62;EUR;MWh;NO;NO;;76.11;76.11;76.11;-1;DOWN
2024-12-17T15:30;2024-12-17T15:45;63;EUR;MWh;NO;NO;;85.6;85.6;85.6;-1;DOWN
2024-12-17T15:45;2024-12-17T16:00;64;EUR;MWh;NO;NO;;85.03;85.03;85.03;-1;DOWN
2024-12-17T16:00;2024-12-17T16:15;65;EUR;MWh;NO;NO;;22.69;22.69;22.69;-1;DOWN
2024-12-17T16:15;2024-12-17T16:30;66;EUR;MWh;NO;NO;;66.52;66.52;66.52;-1;DOWN
2024-12-17T16:30;2024-12-17T16:45;67;EUR;MWh;NO;NO;;55;55;55;-1;DOWN
2024-12-17T16:45;2024-12-17T17:00;68;EUR;MWh;NO;NO;;51.69;51.69;51.69;-1;DOWN
2024-12-17T17:00;2024-12-17T17:15;69;EUR;MWh;NO;NO;95.07;85.6;95.07;95.07;1;UP
2024-12-17T17:15;2024-12-17T17:30;70;EUR;MWh;NO;NO;96.19;112.3;96.19;82.15;2;UP_AND_DOWN
2024-12-17T17:30;2024-12-17T17:45;71;EUR;MWh;NO;NO;;66.52;66.52;66.52;-1;DOWN
2024-12-17T17:45;2024-12-17T18:00;72;EUR;MWh;NO;NO;;33;33;33;-1;DOWN
2024-12-17T18:00;2024-12-17T18:15;73;EUR;MWh;NO;NO;1263.54;86.2;1263.54;70.85;2;UP_AND_DOWN
2024-12-17T18:15;2024-12-17T18:30;74;EUR;MWh;NO;NO;145.83;;145.83;145.83;1;UP
2024-12-17T18:30;2024-12-17T18:45;75;EUR;MWh;NO;NO;52;86.1;70.85;70.85;2;UP_AND_DOWN
2024-12-17T18:45;2024-12-17T19:00;76;EUR;MWh;NO;NO;;85.11;85.11;85.11;-1;DOWN
2024-12-17T19:00;2024-12-17T19:15;77;EUR;MWh;NO;NO;105.1;86;105.1;70.85;2;UP_AND_DOWN
2024-12-17T19:15;2024-12-17T19:30;78;EUR;MWh;NO;NO;102.1;80.61;102.1;70.85;2;UP_AND_DOWN
2024-12-17T19:30;2024-12-17T19:45;79;EUR;MWh;NO;NO;;76.11;76.11;76.11;-1;DOWN
2024-12-17T19:45;2024-12-17T20:00;80;EUR;MWh;NO;NO;;31.69;31.69;31.69;-1;DOWN
2024-12-17T20:00;2024-12-17T20:15;81;EUR;MWh;NO;NO;111;16.65;111;16.65;2;UP_AND_DOWN
2024-12-17T20:15;2024-12-17T20:30;82;EUR;MWh;NO;NO;102.82;;102.82;102.82;1;UP
2024-12-17T20:30;2024-12-17T20:45;83;EUR;MWh;NO;NO;90.52;85.06;90.52;75.5;2;UP_AND_DOWN
2024-12-17T20:45;2024-12-17T21:00;84;EUR;MWh;NO;NO;;31.69;31.69;31.69;-1;DOWN
2024-12-17T21:00;2024-12-17T21:15;85;EUR;MWh;NO;NO;137;-12.79;137;-12.79;2;UP_AND_DOWN
2024-12-17T21:15;2024-12-17T21:30;86;EUR;MWh;NO;NO;145.83;;145.83;145.83;1;UP
2024-12-17T21:30;2024-12-17T21:45;87;EUR;MWh;NO;NO;145.83;60.52;60.52;60.52;-1;DOWN
2024-12-17T21:45;2024-12-17T22:00;88;EUR;MWh;NO;NO;;-9.49;-9.49;-9.49;-1;DOWN
2024-12-17T22:00;2024-12-17T22:15;89;EUR;MWh;NO;NO;110.9;-59.91;110.9;-59.91;2;UP_AND_DOWN
2024-12-17T22:15;2024-12-17T22:30;90;EUR;MWh;NO;NO;110.1;66.52;110.1;24.5;2;UP_AND_DOWN
2024-12-17T22:30;2024-12-17T22:45;91;EUR;MWh;NO;NO;95.07;-30;95.07;-30;2;UP_AND_DOWN
2024-12-17T22:45;2024-12-17T23:00;92;EUR;MWh;NO;NO;;-42.74;-42.74;-42.74;-1;DOWN
2024-12-17T23:00;2024-12-17T23:15;93;EUR;MWh;NO;NO;101.17;16.65;101.17;16.65;2;UP_AND_DOWN
2024-12-17T23:15;2024-12-17T23:30;94;EUR;MWh;NO;NO;101.17;-4.59;-4.59;-4.59;-1;DOWN
2024-12-17T23:30;2024-12-17T23:45;95;EUR;MWh;NO;NO;75.07;-3.09;75.07;-3.09;2;UP_AND_DOWN
2024-12-17T23:45;2024-12-18T00:00;96;EUR;MWh;NO;NO;;-34.59;-34.59;-34.59;-1;DOWN
2024-12-18T00:00;2024-12-18T00:15;1;EUR;MWh;NO;NO;;-56.2;-56.2;-56.2;-1;DOWN
2024-12-18T00:15;2024-12-18T00:30;2;EUR;MWh;NO;NO;108.6;16.65;108.6;16.65;2;UP_AND_DOWN
2024-12-18T00:30;2024-12-18T00:45;3;EUR;MWh;NO;NO;108.6;-8.29;-8.29;-8.29;-1;DOWN
2024-12-18T00:45;2024-12-18T01:00;4;EUR;MWh;NO;NO;;-17.7;-17.7;-17.7;-1;DOWN
2024-12-18T01:00;2024-12-18T01:15;5;EUR;MWh;NO;NO;;20;20;20;-1;DOWN
2024-12-18T01:15;2024-12-18T01:30;6;EUR;MWh;NO;NO;;20;20;20;-1;DOWN
2024-12-18T01:30;2024-12-18T01:45;7;EUR;MWh;NO;NO;;-32.5;-32.5;-32.5;-1;DOWN
2024-12-18T01:45;2024-12-18T02:00;8;EUR;MWh;NO;NO;;-32.5;-32.5;-32.5;-1;DOWN
2024-12-18T02:00;2024-12-18T02:15;9;EUR;MWh;NO;NO;108.5;16.65;108.5;16.65;2;UP_AND_DOWN
2024-12-18T02:15;2024-12-18T02:30;10;EUR;MWh;NO;NO;37.64;20;62.82;20;2;UP_AND_DOWN
2024-12-18T02:30;2024-12-18T02:45;11;EUR;MWh;NO;NO;;66;66;66;-1;DOWN
2024-12-18T02:45;2024-12-18T03:00;12;EUR;MWh;NO;NO;;-38.7;-38.7;-38.7;-1;DOWN
2024-12-18T03:00;2024-12-18T03:15;13;EUR;MWh;NO;NO;99.54;-44.3;99.54;-44.3;2;UP_AND_DOWN
2024-12-18T03:15;2024-12-18T03:30;14;EUR;MWh;NO;NO;108.5;-36.73;108.5;-36.73;2;UP_AND_DOWN
2024-12-18T03:30;2024-12-18T03:45;15;EUR;MWh;NO;NO;;-36.73;-36.73;-36.73;-1;DOWN
2024-12-18T03:45;2024-12-18T04:00;16;EUR;MWh;NO;NO;;-33.6;-33.6;-33.6;-1;DOWN
2024-12-18T04:00;2024-12-18T04:15;17;EUR;MWh;NO;NO;;-33;-33;-33;-1;DOWN
2024-12-18T04:15;2024-12-18T04:30;18;EUR;MWh;NO;NO;;-25.32;-25.32;-25.32;-1;DOWN
2024-12-18T04:30;2024-12-18T04:45;19;EUR;MWh;NO;NO;;-43;-43;-43;-1;DOWN
2024-12-18T04:45;2024-12-18T05:00;20;EUR;MWh;NO;NO;65.53;-17.42;76.54;-17.42;2;UP_AND_DOWN
2024-12-18T05:00;2024-12-18T05:15;21;EUR;MWh;NO;NO;;-48.3;-48.3;-48.3;-1;DOWN
2024-12-18T05:15;2024-12-18T05:30;22;EUR;MWh;NO;NO;;-31.78;-31.78;-31.78;-1;DOWN
2024-12-18T05:30;2024-12-18T05:45;23;EUR;MWh;NO;NO;96.52;-26.23;96.52;-26.23;2;UP_AND_DOWN
2024-12-18T05:45;2024-12-18T06:00;24;EUR;MWh;NO;NO;75.87;-51.4;-51.4;-51.4;-1;DOWN
2024-12-18T06:00;2024-12-18T06:15;25;EUR;MWh;NO;NO;108.5;-100;108.5;-100;2;UP_AND_DOWN
2024-12-18T06:15;2024-12-18T06:30;26;EUR;MWh;NO;NO;108.6;-51;108.6;-51;2;UP_AND_DOWN
2024-12-18T06:30;2024-12-18T06:45;27;EUR;MWh;NO;NO;;-38.5;-38.5;-38.5;-1;DOWN
2024-12-18T06:45;2024-12-18T07:00;28;EUR;MWh;NO;NO;104.69;-38.5;104.69;104.69;1;UP
2024-12-18T07:00;2024-12-18T07:15;29;EUR;MWh;NO;NO;104.69;-27.4;-27.4;-27.4;-1;DOWN
2024-12-18T07:15;2024-12-18T07:30;30;EUR;MWh;NO;NO;108.7;-27.4;108.7;108.7;1;UP
2024-12-18T07:30;2024-12-18T07:45;31;EUR;MWh;NO;NO;104.72;;104.72;104.72;1;UP
2024-12-18T07:45;2024-12-18T08:00;32;EUR;MWh;NO;NO;108.2;;108.2;108.2;1;UP
2024-12-18T08:00;2024-12-18T08:15;33;EUR;MWh;NO;NO;133.5;-10.6;133.5;-10.6;2;UP_AND_DOWN
2024-12-18T08:15;2024-12-18T08:30;34;EUR;MWh;NO;NO;133.4;;133.4;133.4;1;UP
2024-12-18T08:30;2024-12-18T08:45;35;EUR;MWh;NO;NO;113;;113;113;1;UP
2024-12-18T08:45;2024-12-18T09:00;36;EUR;MWh;NO;NO;108.4;;108.4;108.4;1;UP
2024-12-18T09:00;2024-12-18T09:15;37;EUR;MWh;NO;NO;108.5;;108.5;108.5;1;UP
2024-12-18T09:15;2024-12-18T09:30;38;EUR;MWh;NO;NO;133.1;;133.1;133.1;1;UP
2024-12-18T09:30;2024-12-18T09:45;39;EUR;MWh;NO;NO;108.6;;108.6;108.6;1;UP
2024-12-18T09:45;2024-12-18T10:00;40;EUR;MWh;NO;NO;105.37;;105.37;105.37;1;UP
2024-12-18T10:00;2024-12-18T10:15;41;EUR;MWh;NO;NO;99.77;;99.77;0;2;UP_AND_DOWN
2024-12-18T10:15;2024-12-18T10:30;42;EUR;MWh;NO;NO;100.7;;100.7;0;2;UP_AND_DOWN
2024-12-18T10:30;2024-12-18T10:45;43;EUR;MWh;NO;NO;;;0;0;-1;DOWN
2024-12-18T10:45;2024-12-18T11:00;44;EUR;MWh;NO;NO;;;0;0;-1;DOWN
2024-12-18T11:00;2024-12-18T11:15;45;EUR;MWh;NO;NO;;-35;-35;-35;-1;DOWN
2024-12-18T11:15;2024-12-18T11:30;46;EUR;MWh;NO;NO;;-11.59;-11.59;-11.59;-1;DOWN
2024-12-18T11:30;2024-12-18T11:45;47;EUR;MWh;NO;NO;98;-32;98;-32;2;UP_AND_DOWN
2024-12-18T11:45;2024-12-18T12:00;48;EUR;MWh;NO;NO;105.34;-18.65;105.34;-18.65;2;UP_AND_DOWN
2024-12-18T12:00;2024-12-18T12:15;49;EUR;MWh;NO;NO;;-27.69;-27.69;-27.69;-1;DOWN
2024-12-18T12:15;2024-12-18T12:30;50;EUR;MWh;NO;NO;;;0;0;-1;DOWN
2024-12-18T12:30;2024-12-18T12:45;51;EUR;MWh;NO;NO;100;;100;0;2;UP_AND_DOWN
2024-12-18T12:45;2024-12-18T13:00;52;EUR;MWh;NO;NO;65.07;-20.38;65.07;-20.38;2;UP_AND_DOWN
2024-12-18T13:00;2024-12-18T13:15;53;EUR;MWh;NO;NO;99.34;;99.34;99.34;1;UP
2024-12-18T13:15;2024-12-18T13:30;54;EUR;MWh;NO;NO;99.02;-42;-42;-42;-1;DOWN
2024-12-18T13:30;2024-12-18T13:45;55;EUR;MWh;NO;NO;128.5;-32;128.5;-32;2;UP_AND_DOWN
2024-12-18T13:45;2024-12-18T14:00;56;EUR;MWh;NO;NO;104.09;;104.09;0;2;UP_AND_DOWN
2024-12-18T14:00;2024-12-18T14:15;57;EUR;MWh;NO;NO;100;26.65;100;26.65;2;UP_AND_DOWN
2024-12-18T14:15;2024-12-18T14:30;58;EUR;MWh;NO;NO;99.34;;99.34;99.34;1;UP
2024-12-18T14:30;2024-12-18T14:45;59;EUR;MWh;NO;NO;100;;100;0;2;UP_AND_DOWN
2024-12-18T14:45;2024-12-18T15:00;60;EUR;MWh;NO;NO;100;-28.38;-28.38;-28.38;-1;DOWN
2024-12-18T15:00;2024-12-18T15:15;61;EUR;MWh;NO;NO;100;-35;100;-35;2;UP_AND_DOWN
2024-12-18T15:15;2024-12-18T15:30;62;EUR;MWh;NO;NO;103.85;-45.18;103.85;-45.18;2;UP_AND_DOWN
2024-12-18T15:30;2024-12-18T15:45;63;EUR;MWh;NO;NO;75.07;-56.2;75.07;75.07;1;UP
2024-12-18T15:45;2024-12-18T16:00;64;EUR;MWh;NO;NO;89.74;-33;89.74;-33;2;UP_AND_DOWN
2024-12-18T16:00;2024-12-18T16:15;65;EUR;MWh;NO;NO;;-3.69;-3.69;-3.69;-1;DOWN
2024-12-18T16:15;2024-12-18T16:30;66;EUR;MWh;NO;NO;;-31;-31;-31;-1;DOWN
2024-12-18T16:30;2024-12-18T16:45;67;EUR;MWh;NO;NO;100;;100;0;2;UP_AND_DOWN
2024-12-18T16:45;2024-12-18T17:00;68;EUR;MWh;NO;NO;100;;100;0;2;UP_AND_DOWN
2024-12-18T17:00;2024-12-18T17:15;69;EUR;MWh;NO;NO;100;;100;0;2;UP_AND_DOWN
2024-12-18T17:15;2024-12-18T17:30;70;EUR;MWh;NO;NO;120.16;2.9;120.16;2.9;2;UP_AND_DOWN
2024-12-18T17:30;2024-12-18T17:45;71;EUR;MWh;NO;NO;111;;0;0;-1;DOWN
2024-12-18T17:45;2024-12-18T18:00;72;EUR;MWh;NO;NO;;-3.49;-3.49;-3.49;-1;DOWN
2024-12-18T18:00;2024-12-18T18:15;73;EUR;MWh;NO;NO;100;;100;100;1;UP
2024-12-18T18:15;2024-12-18T18:30;74;EUR;MWh;NO;NO;100;-.7;-.7;-.7;-1;DOWN
2024-12-18T18:30;2024-12-18T18:45;75;EUR;MWh;NO;NO;;-.7;-.7;-.7;-1;DOWN
2024-12-18T18:45;2024-12-18T19:00;76;EUR;MWh;NO;NO;;;0;0;-1;DOWN
2024-12-18T19:00;2024-12-18T19:15;77;EUR;MWh;NO;NO;111;;111;0;2;UP_AND_DOWN
2024-12-18T19:15;2024-12-18T19:30;78;EUR;MWh;NO;NO;133.1;;133.1;133.1;1;UP
2024-12-18T19:30;2024-12-18T19:45;79;EUR;MWh;NO;NO;100;;100;100;1;UP
2024-12-18T19:45;2024-12-18T20:00;80;EUR;MWh;NO;NO;90.76;-4.5;-4.5;-4.5;-1;DOWN
2024-12-18T20:00;2024-12-18T20:15;81;EUR;MWh;NO;NO;;-8.29;-8.29;-8.29;-1;DOWN
2024-12-18T20:15;2024-12-18T20:30;82;EUR;MWh;NO;NO;;-3.69;-3.69;-3.69;-1;DOWN
2024-12-18T20:30;2024-12-18T20:45;83;EUR;MWh;NO;NO;79.07;;79.07;0;2;UP_AND_DOWN
2024-12-18T20:45;2024-12-18T21:00;84;EUR;MWh;NO;NO;;-3.69;-3.69;-3.69;-1;DOWN
2024-12-18T21:00;2024-12-18T21:15;85;EUR;MWh;NO;NO;;-33;-33;-33;-1;DOWN
2024-12-18T21:15;2024-12-18T21:30;86;EUR;MWh;NO;NO;;-12.79;-12.79;-12.79;-1;DOWN
2024-12-18T21:30;2024-12-18T21:45;87;EUR;MWh;NO;NO;;-20.7;-20.7;-20.7;-1;DOWN
2024-12-18T21:45;2024-12-18T22:00;88;EUR;MWh;NO;NO;;-20.7;-20.7;-20.7;-1;DOWN
2024-12-18T22:00;2024-12-18T22:15;89;EUR;MWh;NO;NO;;-33;-33;-33;-1;DOWN
2024-12-18T22:15;2024-12-18T22:30;90;EUR;MWh;NO;NO;;-31;-31;-31;-1;DOWN
2024-12-18T22:30;2024-12-18T22:45;91;EUR;MWh;NO;NO;;-31;-31;-31;-1;DOWN
2024-12-18T22:45;2024-12-18T23:00;92;EUR;MWh;NO;NO;;-33.71;-33.71;-33.71;-1;DOWN
2024-12-18T23:00;2024-12-18T23:15;93;EUR;MWh;NO;NO;75.07;-60;75.07;-60;2;UP_AND_DOWN
2024-12-18T23:15;2024-12-18T23:30;94;EUR;MWh;NO;NO;;-60.2;-60.2;-60.2;-1;DOWN
2024-12-18T23:30;2024-12-18T23:45;95;EUR;MWh;NO;NO;;-50;-50;-50;-1;DOWN
2024-12-18T23:45;2024-12-19T00:00;96;EUR;MWh;NO;NO;;-66.99;-66.99;-66.99;-1;DOWN
2024-12-19T00:00;2024-12-19T00:15;1;EUR;MWh;NO;NO;;-40;-40;-40;-1;DOWN
2024-12-19T00:15;2024-12-19T00:30;2;EUR;MWh;NO;NO;;-28;-28;-28;-1;DOWN
2024-12-19T00:30;2024-12-19T00:45;3;EUR;MWh;NO;NO;;-31.1;-31.1;-31.1;-1;DOWN
2024-12-19T00:45;2024-12-19T01:00;4;EUR;MWh;NO;NO;;-10;-10;-10;-1;DOWN
2024-12-19T01:00;2024-12-19T01:15;5;EUR;MWh;NO;NO;84.22;-29;84.22;-29;2;UP_AND_DOWN
2024-12-19T01:15;2024-12-19T01:30;6;EUR;MWh;NO;NO;;-29;-29;-29;-1;DOWN
2024-12-19T01:30;2024-12-19T01:45;7;EUR;MWh;NO;NO;;-28.77;-28.77;-28.77;-1;DOWN
2024-12-19T01:45;2024-12-19T02:00;8;EUR;MWh;NO;NO;;-20.24;-20.24;-20.24;-1;DOWN
2024-12-19T02:00;2024-12-19T02:15;9;EUR;MWh;NO;NO;45.07;-34;50.54;-34;2;UP_AND_DOWN
2024-12-19T02:15;2024-12-19T02:30;10;EUR;MWh;NO;NO;45.07;-34;-34;-34;-1;DOWN
2024-12-19T02:30;2024-12-19T02:45;11;EUR;MWh;NO;NO;;-34;-34;-34;-1;DOWN
2024-12-19T02:45;2024-12-19T03:00;12;EUR;MWh;NO;NO;;-34;-34;-34;-1;DOWN
2024-12-19T03:00;2024-12-19T03:15;13;EUR;MWh;NO;NO;133.6;-25;133.6;-25;2;UP_AND_DOWN
2024-12-19T03:15;2024-12-19T03:30;14;EUR;MWh;NO;NO;100;-29;-29;-29;-1;DOWN
2024-12-19T03:30;2024-12-19T03:45;15;EUR;MWh;NO;NO;111.2;-29;111.2;-29;2;UP_AND_DOWN
2024-12-19T03:45;2024-12-19T04:00;16;EUR;MWh;NO;NO;97.99;-43;-43;-43;-1;DOWN
2024-12-19T04:00;2024-12-19T04:15;17;EUR;MWh;NO;NO;111.1;-35;111.1;-35;2;UP_AND_DOWN
2024-12-19T04:15;2024-12-19T04:30;18;EUR;MWh;NO;NO;100;;100;100;1;UP
2024-12-19T04:30;2024-12-19T04:45;19;EUR;MWh;NO;NO;85.56;26.65;85.56;85.56;1;UP
2024-12-19T04:45;2024-12-19T05:00;20;EUR;MWh;NO;NO;86.46;-43;86.46;-43;2;UP_AND_DOWN
2024-12-19T05:00;2024-12-19T05:15;21;EUR;MWh;NO;NO;100;-73.34;100;-73.34;2;UP_AND_DOWN
2024-12-19T05:15;2024-12-19T05:30;22;EUR;MWh;NO;NO;100;-40;100;-40;2;UP_AND_DOWN
2024-12-19T05:30;2024-12-19T05:45;23;EUR;MWh;NO;NO;107.21;-51;107.21;-51;2;UP_AND_DOWN
2024-12-19T05:45;2024-12-19T06:00;24;EUR;MWh;NO;NO;111.4;-51;111.4;-51;2;UP_AND_DOWN
2024-12-19T06:00;2024-12-19T06:15;25;EUR;MWh;NO;NO;111.4;-137.43;-137.43;-137.43;-1;DOWN
2024-12-19T06:15;2024-12-19T06:30;26;EUR;MWh;NO;NO;;-32.03;-32.03;-32.03;-1;DOWN
2024-12-19T06:30;2024-12-19T06:45;27;EUR;MWh;NO;NO;200;-32.03;200;200;1;UP
2024-12-19T06:45;2024-12-19T07:00;28;EUR;MWh;NO;NO;200;;200;200;1;UP
2024-12-19T07:00;2024-12-19T07:15;29;EUR;MWh;NO;NO;200;-217.26;-217.26;-217.26;-1;DOWN
2024-12-19T07:15;2024-12-19T07:30;30;EUR;MWh;NO;NO;;-41.92;-41.92;-41.92;-1;DOWN
2024-12-19T07:30;2024-12-19T07:45;31;EUR;MWh;NO;NO;136.6;-21.27;136.6;136.6;1;UP
2024-12-19T07:45;2024-12-19T08:00;32;EUR;MWh;NO;NO;200;-28.53;200;-28.53;2;UP_AND_DOWN
2024-12-19T08:00;2024-12-19T08:15;33;EUR;MWh;NO;NO;200;-138.19;-138.19;-138.19;-1;DOWN
2024-12-19T08:15;2024-12-19T08:30;34;EUR;MWh;NO;NO;111;-11.32;-11.32;-11.32;-1;DOWN
2024-12-19T08:30;2024-12-19T08:45;35;EUR;MWh;NO;NO;109;-29.82;109;-29.82;2;UP_AND_DOWN
2024-12-19T08:45;2024-12-19T09:00;36;EUR;MWh;NO;NO;111.3;7;111.3;7;2;UP_AND_DOWN
2024-12-19T09:00;2024-12-19T09:15;37;EUR;MWh;NO;NO;;-5.93;-5.93;-5.93;-1;DOWN
2024-12-19T09:15;2024-12-19T09:30;38;EUR;MWh;NO;NO;;61.78;61.78;61.78;-1;DOWN
2024-12-19T09:30;2024-12-19T09:45;39;EUR;MWh;NO;NO;;32.2;32.2;32.2;-1;DOWN
2024-12-19T09:45;2024-12-19T10:00;40;EUR;MWh;NO;NO;;32.2;32.2;32.2;-1;DOWN
2024-12-19T10:00;2024-12-19T10:15;41;EUR;MWh;NO;NO;75.07;27;75.07;27;2;UP_AND_DOWN
2024-12-19T10:15;2024-12-19T10:30;42;EUR;MWh;NO;NO;95.07;;95.07;95.07;1;UP
2024-12-19T10:30;2024-12-19T10:45;43;EUR;MWh;NO;NO;98.23;;98.23;98.23;1;UP
2024-12-19T10:45;2024-12-19T11:00;44;EUR;MWh;NO;NO;110.9;;110.9;110.9;1;UP
2024-12-19T11:00;2024-12-19T11:15;45;EUR;MWh;NO;NO;200;;200;200;1;UP
2024-12-19T11:15;2024-12-19T11:30;46;EUR;MWh;NO;NO;140.1;;140.1;140.1;1;UP
2024-12-19T11:30;2024-12-19T11:45;47;EUR;MWh;NO;NO;75.07;26.65;75.07;26.65;2;UP_AND_DOWN
2024-12-19T11:45;2024-12-19T12:00;48;EUR;MWh;NO;NO;91.23;-30;91.23;-30;2;UP_AND_DOWN
2024-12-19T12:00;2024-12-19T12:15;49;EUR;MWh;NO;NO;;-89.12;-89.12;-89.12;-1;DOWN
2024-12-19T12:15;2024-12-19T12:30;50;EUR;MWh;NO;NO;100.17;-20.21;100.17;-20.21;2;UP_AND_DOWN
2024-12-19T12:30;2024-12-19T12:45;51;EUR;MWh;NO;NO;;-45.42;-45.42;-45.42;-1;DOWN
2024-12-19T12:45;2024-12-19T13:00;52;EUR;MWh;NO;NO;103.47;-8.6;103.47;-8.6;2;UP_AND_DOWN
2024-12-19T13:00;2024-12-19T13:15;53;EUR;MWh;NO;NO;45.07;-26.29;60.15;-26.29;2;UP_AND_DOWN
2024-12-19T13:15;2024-12-19T13:30;54;EUR;MWh;NO;NO;140.3;-21.94;140.3;-21.94;2;UP_AND_DOWN
2024-12-19T13:30;2024-12-19T13:45;55;EUR;MWh;NO;NO;107.54;-8.29;107.54;-8.29;2;UP_AND_DOWN
2024-12-19T13:45;2024-12-19T14:00;56;EUR;MWh;NO;NO;110.8;-8.29;110.8;-8.29;2;UP_AND_DOWN
2024-12-19T14:00;2024-12-19T14:15;57;EUR;MWh;NO;NO;1870.07;-8.29;1870.07;1870.07;1;UP
2024-12-19T14:15;2024-12-19T14:30;58;EUR;MWh;NO;NO;102.82;-8.6;102.82;-8.6;2;UP_AND_DOWN
2024-12-19T14:30;2024-12-19T14:45;59;EUR;MWh;NO;NO;110.8;-8.6;110.8;110.8;1;UP
2024-12-19T14:45;2024-12-19T15:00;60;EUR;MWh;NO;NO;110.8;;110.8;110.8;1;UP
2024-12-19T15:00;2024-12-19T15:15;61;EUR;MWh;NO;NO;99.5;;99.5;99.5;1;UP
2024-12-19T15:15;2024-12-19T15:30;62;EUR;MWh;NO;NO;;;60.15;60.15;0;STABLE
2024-12-19T15:30;2024-12-19T15:45;63;EUR;MWh;NO;NO;104.62;;104.62;104.62;1;UP
2024-12-19T15:45;2024-12-19T16:00;64;EUR;MWh;NO;NO;110;;110;110;1;UP
2024-12-19T16:00;2024-12-19T16:15;65;EUR;MWh;NO;NO;100;-19.73;100;-19.73;2;UP_AND_DOWN
2024-12-19T16:15;2024-12-19T16:30;66;EUR;MWh;NO;NO;100;6.16;100;100;1;UP
2024-12-19T16:30;2024-12-19T16:45;67;EUR;MWh;NO;NO;108.62;6.16;108.62;108.62;1;UP
2024-12-19T16:45;2024-12-19T17:00;68;EUR;MWh;NO;NO;110.9;;110.9;110.9;1;UP
2024-12-19T17:00;2024-12-19T17:15;69;EUR;MWh;NO;NO;110.9;-30;-30;-30;-1;DOWN
2024-12-19T17:15;2024-12-19T17:30;70;EUR;MWh;NO;NO;;9.88;9.88;9.88;-1;DOWN
2024-12-19T17:30;2024-12-19T17:45;71;EUR;MWh;NO;NO;;22;22;22;-1;DOWN
2024-12-19T17:45;2024-12-19T18:00;72;EUR;MWh;NO;NO;;-3.69;-3.69;-3.69;-1;DOWN
2024-12-19T18:00;2024-12-19T18:15;73;EUR;MWh;NO;NO;;31.3;31.3;31.3;-1;DOWN
2024-12-19T18:15;2024-12-19T18:30;74;EUR;MWh;NO;NO;;31.3;31.3;31.3;-1;DOWN
2024-12-19T18:30;2024-12-19T18:45;75;EUR;MWh;NO;NO;;31.3;31.3;31.3;-1;DOWN
2024-12-19T18:45;2024-12-19T19:00;76;EUR;MWh;NO;NO;;31.3;31.3;31.3;-1;DOWN
2024-12-19T19:00;2024-12-19T19:15;77;EUR;MWh;NO;NO;104.23;62.23;104.23;104.23;1;UP
2024-12-19T19:15;2024-12-19T19:30;78;EUR;MWh;NO;NO;108.02;22;108.02;22;2;UP_AND_DOWN
2024-12-19T19:30;2024-12-19T19:45;79;EUR;MWh;NO;NO;108.02;;108.02;108.02;1;UP
2024-12-19T19:45;2024-12-19T20:00;80;EUR;MWh;NO;NO;95.07;;95.07;95.07;1;UP
2024-12-19T20:00;2024-12-19T20:15;81;EUR;MWh;NO;NO;108.02;;108.02;108.02;1;UP
2024-12-19T20:15;2024-12-19T20:30;82;EUR;MWh;NO;NO;109.18;;109.18;109.18;1;UP
2024-12-19T20:30;2024-12-19T20:45;83;EUR;MWh;NO;NO;108.02;;108.02;108.02;1;UP
2024-12-19T20:45;2024-12-19T21:00;84;EUR;MWh;NO;NO;140.7;;140.7;140.7;1;UP
2024-12-19T21:00;2024-12-19T21:15;85;EUR;MWh;NO;NO;1870.07;;1870.07;1870.07;1;UP
2024-12-19T21:15;2024-12-19T21:30;86;EUR;MWh;NO;NO;1870.07;-3;1870.07;-3;2;UP_AND_DOWN
2024-12-19T21:30;2024-12-19T21:45;87;EUR;MWh;NO;NO;100;-5.69;100;-5.69;2;UP_AND_DOWN
2024-12-19T21:45;2024-12-19T22:00;88;EUR;MWh;NO;NO;100;-9.4;100;-9.4;2;UP_AND_DOWN
2024-12-19T22:00;2024-12-19T22:15;89;EUR;MWh;NO;NO;900;-3.83;900;-3.83;2;UP_AND_DOWN
2024-12-19T22:15;2024-12-19T22:30;90;EUR;MWh;NO;NO;115.15;62.23;62.23;62.23;-1;DOWN
2024-12-19T22:30;2024-12-19T22:45;91;EUR;MWh;NO;NO;100;68.23;100;60.15;2;UP_AND_DOWN
2024-12-19T22:45;2024-12-19T23:00;92;EUR;MWh;NO;NO;98.23;;98.23;98.23;1;UP
2024-12-19T23:00;2024-12-19T23:15;93;EUR;MWh;NO;NO;103.7;;103.7;103.7;1;UP
2024-12-19T23:15;2024-12-19T23:30;94;EUR;MWh;NO;NO;98.5;;98.5;98.5;1;UP
2024-12-19T23:30;2024-12-19T23:45;95;EUR;MWh;NO;NO;98.23;-5.89;-5.89;-5.89;-1;DOWN
2024-12-19T23:45;2024-12-20T00:00;96;EUR;MWh;NO;NO;;-7.79;-7.79;-7.79;-1;DOWN
2024-12-20T00:00;2024-12-20T00:15;1;EUR;MWh;NO;NO;200;-20;200;-20;2;UP_AND_DOWN
2024-12-20T00:15;2024-12-20T00:30;2;EUR;MWh;NO;NO;127;26.65;26.65;26.65;-1;DOWN
2024-12-20T00:30;2024-12-20T00:45;3;EUR;MWh;NO;NO;125;-12.29;125;-12.29;2;UP_AND_DOWN
2024-12-20T00:45;2024-12-20T01:00;4;EUR;MWh;NO;NO;108.88;-30;-30;-30;-1;DOWN
2024-12-20T01:00;2024-12-20T01:15;5;EUR;MWh;NO;NO;160;-26.35;160;-26.35;2;UP_AND_DOWN
2024-12-20T01:15;2024-12-20T01:30;6;EUR;MWh;NO;NO;126;;126;126;1;UP
2024-12-20T01:30;2024-12-20T01:45;7;EUR;MWh;NO;NO;100;-9.93;100;-9.93;2;UP_AND_DOWN
2024-12-20T01:45;2024-12-20T02:00;8;EUR;MWh;NO;NO;105.47;-5.68;105.47;-5.68;2;UP_AND_DOWN
2024-12-20T02:00;2024-12-20T02:15;9;EUR;MWh;NO;NO;126;-11.77;126;-11.77;2;UP_AND_DOWN
2024-12-20T02:15;2024-12-20T02:30;10;EUR;MWh;NO;NO;126;;126;126;1;UP
2024-12-20T02:30;2024-12-20T02:45;11;EUR;MWh;NO;NO;133;;133;133;1;UP
2024-12-20T02:45;2024-12-20T03:00;12;EUR;MWh;NO;NO;127;;127;127;1;UP
2024-12-20T03:00;2024-12-20T03:15;13;EUR;MWh;NO;NO;127;;127;127;1;UP
2024-12-20T03:15;2024-12-20T03:30;14;EUR;MWh;NO;NO;127;;127;127;1;UP
2024-12-20T03:30;2024-12-20T03:45;15;EUR;MWh;NO;NO;127;;127;127;1;UP
2024-12-20T03:45;2024-12-20T04:00;16;EUR;MWh;NO;NO;127;;127;127;1;UP
2024-12-20T04:00;2024-12-20T04:15;17;EUR;MWh;NO;NO;104.61;-18.79;-18.79;-18.79;-1;DOWN
2024-12-20T04:15;2024-12-20T04:30;18;EUR;MWh;NO;NO;98.23;-13.25;98.23;98.23;1;UP
2024-12-20T04:30;2024-12-20T04:45;19;EUR;MWh;NO;NO;130;;130;130;1;UP
2024-12-20T04:45;2024-12-20T05:00;20;EUR;MWh;NO;NO;127;62.98;127;127;1;UP
2024-12-20T05:00;2024-12-20T05:15;21;EUR;MWh;NO;NO;101.33;-35;101.33;-35;2;UP_AND_DOWN
2024-12-20T05:15;2024-12-20T05:30;22;EUR;MWh;NO;NO;133;-35;133;133;1;UP
2024-12-20T05:30;2024-12-20T05:45;23;EUR;MWh;NO;NO;1870.07;;1870.07;1870.07;1;UP
2024-12-20T05:45;2024-12-20T06:00;24;EUR;MWh;NO;NO;65.07;-35.5;65.07;-35.5;2;UP_AND_DOWN
2024-12-20T06:00;2024-12-20T06:15;25;EUR;MWh;NO;NO;;-52.27;-52.27;-52.27;-1;DOWN
2024-12-20T06:15;2024-12-20T06:30;26;EUR;MWh;NO;NO;;-20;-20;-20;-1;DOWN
2024-12-20T06:30;2024-12-20T06:45;27;EUR;MWh;NO;NO;;-23.93;-23.93;-23.93;-1;DOWN
2024-12-20T06:45;2024-12-20T07:00;28;EUR;MWh;NO;NO;127;-12.7;127;-12.7;2;UP_AND_DOWN
2024-12-20T07:00;2024-12-20T07:15;29;EUR;MWh;NO;NO;127;32.96;127;32.96;2;UP_AND_DOWN
2024-12-20T07:15;2024-12-20T07:30;30;EUR;MWh;NO;NO;127;;127;127;1;UP
2024-12-20T07:30;2024-12-20T07:45;31;EUR;MWh;NO;NO;130;79.57;130;69.32;2;UP_AND_DOWN
2024-12-20T07:45;2024-12-20T08:00;32;EUR;MWh;NO;NO;130;;130;130;1;UP
2024-12-20T08:00;2024-12-20T08:15;33;EUR;MWh;NO;NO;130;62.5;130;62.5;2;UP_AND_DOWN
2024-12-20T08:15;2024-12-20T08:30;34;EUR;MWh;NO;NO;;64.57;64.57;64.57;-1;DOWN
2024-12-20T08:30;2024-12-20T08:45;35;EUR;MWh;NO;NO;75.07;66;75.07;66;2;UP_AND_DOWN
2024-12-20T08:45;2024-12-20T09:00;36;EUR;MWh;NO;NO;99;78.5;99;69.32;2;UP_AND_DOWN
2024-12-20T09:00;2024-12-20T09:15;37;EUR;MWh;NO;NO;;67.96;67.96;67.96;-1;DOWN
2024-12-20T09:15;2024-12-20T09:30;38;EUR;MWh;NO;NO;;62.67;62.67;62.67;-1;DOWN
2024-12-20T09:30;2024-12-20T09:45;39;EUR;MWh;NO;NO;;56;56;56;-1;DOWN
2024-12-20T09:45;2024-12-20T10:00;40;EUR;MWh;NO;NO;;44.57;44.57;44.57;-1;DOWN
2024-12-20T10:00;2024-12-20T10:15;41;EUR;MWh;NO;NO;;26.65;26.65;26.65;-1;DOWN
2024-12-20T10:15;2024-12-20T10:30;42;EUR;MWh;NO;NO;;-63.3;-63.3;-63.3;-1;DOWN
2024-12-20T10:30;2024-12-20T10:45;43;EUR;MWh;NO;NO;;-188.89;-188.89;-188.89;-1;DOWN
2024-12-20T10:45;2024-12-20T11:00;44;EUR;MWh;NO;NO;;-321.34;-321.34;-321.34;-1;DOWN
2024-12-20T11:00;2024-12-20T11:15;45;EUR;MWh;NO;NO;95.07;-40.4;95.07;-40.4;2;UP_AND_DOWN
2024-12-20T11:15;2024-12-20T11:30;46;EUR;MWh;NO;NO;;-45;-45;-45;-1;DOWN
2024-12-20T11:30;2024-12-20T11:45;47;EUR;MWh;NO;NO;104.04;-45;104.04;104.04;1;UP
2024-12-20T11:45;2024-12-20T12:00;48;EUR;MWh;NO;NO;104.04;72;72;72;-1;DOWN
2024-12-20T12:00;2024-12-20T12:15;49;EUR;MWh;NO;NO;96.89;;96.89;96.89;1;UP
2024-12-20T12:15;2024-12-20T12:30;50;EUR;MWh;NO;NO;65.07;;65.07;65.07;1;UP
2024-12-20T12:30;2024-12-20T12:45;51;EUR;MWh;NO;NO;96.89;62.67;96.89;53.49;2;UP_AND_DOWN
2024-12-20T12:45;2024-12-20T13:00;52;EUR;MWh;NO;NO;;-7.83;-7.83;-7.83;-1;DOWN
2024-12-20T13:00;2024-12-20T13:15;53;EUR;MWh;NO;NO;;-18.67;-18.67;-18.67;-1;DOWN
2024-12-20T13:15;2024-12-20T13:30;54;EUR;MWh;NO;NO;;-5.2;-5.2;-5.2;-1;DOWN
2024-12-20T13:30;2024-12-20T13:45;55;EUR;MWh;NO;NO;;57.96;57.96;57.96;-1;DOWN
2024-12-20T13:45;2024-12-20T14:00;56;EUR;MWh;NO;NO;;-5.2;-5.2;-5.2;-1;DOWN
2024-12-20T14:00;2024-12-20T14:15;57;EUR;MWh;NO;NO;;-7.79;-7.79;-7.79;-1;DOWN
2024-12-20T14:15;2024-12-20T14:30;58;EUR;MWh;NO;NO;;25.57;25.57;25.57;-1;DOWN
2024-12-20T14:30;2024-12-20T14:45;59;EUR;MWh;NO;NO;99;62.96;99;62.96;2;UP_AND_DOWN
2024-12-20T14:45;2024-12-20T15:00;60;EUR;MWh;NO;NO;106;62.96;106;106;1;UP
2024-12-20T15:00;2024-12-20T15:15;61;EUR;MWh;NO;NO;45.07;-26.4;69.32;-26.4;2;UP_AND_DOWN
2024-12-20T15:15;2024-12-20T15:30;62;EUR;MWh;NO;NO;;6.8;6.8;6.8;-1;DOWN
2024-12-20T15:30;2024-12-20T15:45;63;EUR;MWh;NO;NO;;56;56;56;-1;DOWN
2024-12-20T15:45;2024-12-20T16:00;64;EUR;MWh;NO;NO;;62.96;62.96;62.96;-1;DOWN
2024-12-20T16:00;2024-12-20T16:15;65;EUR;MWh;NO;NO;;11.8;11.8;11.8;-1;DOWN
2024-12-20T16:15;2024-12-20T16:30;66;EUR;MWh;NO;NO;;11.8;11.8;11.8;-1;DOWN
2024-12-20T16:30;2024-12-20T16:45;67;EUR;MWh;NO;NO;;79.57;79.57;79.57;-1;DOWN
2024-12-20T16:45;2024-12-20T17:00;68;EUR;MWh;NO;NO;;62.96;62.96;62.96;-1;DOWN
2024-12-20T17:00;2024-12-20T17:15;69;EUR;MWh;NO;NO;;-3.89;-3.89;-3.89;-1;DOWN
2024-12-20T17:15;2024-12-20T17:30;70;EUR;MWh;NO;NO;;22;22;22;-1;DOWN
2024-12-20T17:30;2024-12-20T17:45;71;EUR;MWh;NO;NO;;15.4;15.4;15.4;-1;DOWN
2024-12-20T17:45;2024-12-20T18:00;72;EUR;MWh;NO;NO;;22;22;22;-1;DOWN
2024-12-20T18:00;2024-12-20T18:15;73;EUR;MWh;NO;NO;126;62.96;126;62.96;2;UP_AND_DOWN
2024-12-20T18:15;2024-12-20T18:30;74;EUR;MWh;NO;NO;126;62.67;62.67;62.67;-1;DOWN
2024-12-20T18:30;2024-12-20T18:45;75;EUR;MWh;NO;NO;;22;22;22;-1;DOWN
2024-12-20T18:45;2024-12-20T19:00;76;EUR;MWh;NO;NO;;8.69;8.69;8.69;-1;DOWN
2024-12-20T19:00;2024-12-20T19:15;77;EUR;MWh;NO;NO;126;-19.12;126;-19.12;2;UP_AND_DOWN
2024-12-20T19:15;2024-12-20T19:30;78;EUR;MWh;NO;NO;103.95;-19.12;103.95;-19.12;2;UP_AND_DOWN
2024-12-20T19:30;2024-12-20T19:45;79;EUR;MWh;NO;NO;;-15;-15;-15;-1;DOWN
2024-12-20T19:45;2024-12-20T20:00;80;EUR;MWh;NO;NO;45.07;22;60.37;22;2;UP_AND_DOWN
2024-12-20T20:00;2024-12-20T20:15;81;EUR;MWh;NO;NO;99.44;-.4;99.44;-.4;2;UP_AND_DOWN
2024-12-20T20:15;2024-12-20T20:30;82;EUR;MWh;NO;NO;100;;100;100;1;UP
2024-12-20T20:30;2024-12-20T20:45;83;EUR;MWh;NO;NO;100;-.4;-.4;-.4;-1;DOWN
2024-12-20T20:45;2024-12-20T21:00;84;EUR;MWh;NO;NO;126;-.4;126;-.4;2;UP_AND_DOWN
2024-12-20T21:00;2024-12-20T21:15;85;EUR;MWh;NO;NO;126;-14.7;126;-14.7;2;UP_AND_DOWN
2024-12-20T21:15;2024-12-20T21:30;86;EUR;MWh;NO;NO;97.91;-8.67;97.91;-8.67;2;UP_AND_DOWN
2024-12-20T21:30;2024-12-20T21:45;87;EUR;MWh;NO;NO;72.27;-12.12;-12.12;-12.12;-1;DOWN
2024-12-20T21:45;2024-12-20T22:00;88;EUR;MWh;NO;NO;56;-11.76;-11.76;-11.76;-1;DOWN
2024-12-20T22:00;2024-12-20T22:15;89;EUR;MWh;NO;NO;66;26.65;66;26.65;2;UP_AND_DOWN
2024-12-20T22:15;2024-12-20T22:30;90;EUR;MWh;NO;NO;66;-9.1;-9.1;-9.1;-1;DOWN
2024-12-20T22:30;2024-12-20T22:45;91;EUR;MWh;NO;NO;75.07;-8.92;75.07;-8.92;2;UP_AND_DOWN
2024-12-20T22:45;2024-12-20T23:00;92;EUR;MWh;NO;NO;98.1;-13.55;98.1;-13.55;2;UP_AND_DOWN
2024-12-20T23:00;2024-12-20T23:15;93;EUR;MWh;NO;NO;104.67;-26.5;104.67;-26.5;2;UP_AND_DOWN
2024-12-20T23:15;2024-12-20T23:30;94;EUR;MWh;NO;NO;100;-21.71;-21.71;-21.71;-1;DOWN
2024-12-20T23:30;2024-12-20T23:45;95;EUR;MWh;NO;NO;;-11.37;-11.37;-11.37;-1;DOWN
2024-12-20T23:45;2024-12-21T00:00;96;EUR;MWh;NO;NO;;-26.5;-26.5;-26.5;-1;DOWN
2024-12-21T00:00;2024-12-21T00:15;1;EUR;MWh;NO;NO;;-45;-45;-45;-1;DOWN
2024-12-21T00:15;2024-12-21T00:30;2;EUR;MWh;NO;NO;;-25.44;-25.44;-25.44;-1;DOWN
2024-12-21T00:30;2024-12-21T00:45;3;EUR;MWh;NO;NO;;-15.98;-15.98;-15.98;-1;DOWN
2024-12-21T00:45;2024-12-21T01:00;4;EUR;MWh;NO;NO;;-21.01;-21.01;-21.01;-1;DOWN
2024-12-21T01:00;2024-12-21T01:15;5;EUR;MWh;NO;NO;;-5;-5;-5;-1;DOWN
2024-12-21T01:15;2024-12-21T01:30;6;EUR;MWh;NO;NO;35.47;;35.47;35.47;1;UP
2024-12-21T01:30;2024-12-21T01:45;7;EUR;MWh;NO;NO;100;;100;100;1;UP
2024-12-21T01:45;2024-12-21T02:00;8;EUR;MWh;NO;NO;75.07;;75.07;75.07;1;UP
2024-12-21T02:00;2024-12-21T02:15;9;EUR;MWh;NO;NO;45.07;-10.64;64.38;-10.64;2;UP_AND_DOWN
2024-12-21T02:15;2024-12-21T02:30;10;EUR;MWh;NO;NO;;-30;-30;-30;-1;DOWN
2024-12-21T02:30;2024-12-21T02:45;11;EUR;MWh;NO;NO;;-5.03;-5.03;-5.03;-1;DOWN
2024-12-21T02:45;2024-12-21T03:00;12;EUR;MWh;NO;NO;;-35;-35;-35;-1;DOWN
2024-12-21T03:00;2024-12-21T03:15;13;EUR;MWh;NO;NO;;-40;-40;-40;-1;DOWN
2024-12-21T03:15;2024-12-21T03:30;14;EUR;MWh;NO;NO;;-9.69;-9.69;-9.69;-1;DOWN
2024-12-21T03:30;2024-12-21T03:45;15;EUR;MWh;NO;NO;;-20.74;-20.74;-20.74;-1;DOWN
2024-12-21T03:45;2024-12-21T04:00;16;EUR;MWh;NO;NO;98;-20.74;98;98;1;UP
2024-12-21T04:00;2024-12-21T04:15;17;EUR;MWh;NO;NO;100;-5;100;-5;2;UP_AND_DOWN
2024-12-21T04:15;2024-12-21T04:30;18;EUR;MWh;NO;NO;100;;100;100;1;UP
2024-12-21T04:30;2024-12-21T04:45;19;EUR;MWh;NO;NO;100;;100;100;1;UP
2024-12-21T04:45;2024-12-21T05:00;20;EUR;MWh;NO;NO;100;-15;-15;-15;-1;DOWN
2024-12-21T05:00;2024-12-21T05:15;21;EUR;MWh;NO;NO;45.07;-6.69;-6.69;-6.69;-1;DOWN
2024-12-21T05:15;2024-12-21T05:30;22;EUR;MWh;NO;NO;88;;88;88;1;UP
2024-12-21T05:30;2024-12-21T05:45;23;EUR;MWh;NO;NO;100;;100;100;1;UP
2024-12-21T05:45;2024-12-21T06:00;24;EUR;MWh;NO;NO;45.07;;45.07;45.07;1;UP
2024-12-21T06:00;2024-12-21T06:15;25;EUR;MWh;NO;NO;65.07;-29.23;-29.23;-29.23;-1;DOWN
2024-12-21T06:15;2024-12-21T06:30;26;EUR;MWh;NO;NO;102.57;-5.87;102.57;-5.87;2;UP_AND_DOWN
2024-12-21T06:30;2024-12-21T06:45;27;EUR;MWh;NO;NO;;-14.68;-14.68;-14.68;-1;DOWN
2024-12-21T06:45;2024-12-21T07:00;28;EUR;MWh;NO;NO;;-40;-40;-40;-1;DOWN
2024-12-21T07:00;2024-12-21T07:15;29;EUR;MWh;NO;NO;;-43.7;-43.7;-43.7;-1;DOWN
2024-12-21T07:15;2024-12-21T07:30;30;EUR;MWh;NO;NO;;-43.7;-43.7;-43.7;-1;DOWN
2024-12-21T07:30;2024-12-21T07:45;31;EUR;MWh;NO;NO;;-40;-40;-40;-1;DOWN
2024-12-21T07:45;2024-12-21T08:00;32;EUR;MWh;NO;NO;;-45;-45;-45;-1;DOWN
2024-12-21T08:00;2024-12-21T08:15;33;EUR;MWh;NO;NO;;-28.35;-28.35;-28.35;-1;DOWN
2024-12-21T08:15;2024-12-21T08:30;34;EUR;MWh;NO;NO;;-21.75;-21.75;-21.75;-1;DOWN
2024-12-21T08:30;2024-12-21T08:45;35;EUR;MWh;NO;NO;;-10.08;-10.08;-10.08;-1;DOWN
2024-12-21T08:45;2024-12-21T09:00;36;EUR;MWh;NO;NO;65.07;-7.09;65.07;-7.09;2;UP_AND_DOWN
2024-12-21T09:00;2024-12-21T09:15;37;EUR;MWh;NO;NO;187.67;;187.67;187.67;1;UP
2024-12-21T09:15;2024-12-21T09:30;38;EUR;MWh;NO;NO;35;79.69;79.69;79.69;-1;DOWN
2024-12-21T09:30;2024-12-21T09:45;39;EUR;MWh;NO;NO;;-5;-5;-5;-1;DOWN
2024-12-21T09:45;2024-12-21T10:00;40;EUR;MWh;NO;NO;;-10.78;-10.78;-10.78;-1;DOWN
2024-12-21T10:00;2024-12-21T10:15;41;EUR;MWh;NO;NO;;-3.29;-3.29;-3.29;-1;DOWN
2024-12-21T10:15;2024-12-21T10:30;42;EUR;MWh;NO;NO;;-10.78;-10.78;-10.78;-1;DOWN
2024-12-21T10:30;2024-12-21T10:45;43;EUR;MWh;NO;NO;;-25.13;-25.13;-25.13;-1;DOWN
2024-12-21T10:45;2024-12-21T11:00;44;EUR;MWh;NO;NO;;-25.3;-25.3;-25.3;-1;DOWN
2024-12-21T11:00;2024-12-21T11:15;45;EUR;MWh;NO;NO;;-30;-30;-30;-1;DOWN
2024-12-21T11:15;2024-12-21T11:30;46;EUR;MWh;NO;NO;;-30;-30;-30;-1;DOWN
2024-12-21T11:30;2024-12-21T11:45;47;EUR;MWh;NO;NO;;-31;-31;-31;-1;DOWN
2024-12-21T11:45;2024-12-21T12:00;48;EUR;MWh;NO;NO;;-13.32;-13.32;-13.32;-1;DOWN
2024-12-21T12:00;2024-12-21T12:15;49;EUR;MWh;NO;NO;63.02;-6.94;63.02;63.02;1;UP
2024-12-21T12:15;2024-12-21T12:30;50;EUR;MWh;NO;NO;45.07;;45.07;45.07;1;UP
2024-12-21T12:30;2024-12-21T12:45;51;EUR;MWh;NO;NO;95.07;;95.07;95.07;1;UP
2024-12-21T12:45;2024-12-21T13:00;52;EUR;MWh;NO;NO;77;;77;77;1;UP
2024-12-21T13:00;2024-12-21T13:15;53;EUR;MWh;NO;NO;77;79.69;59.35;59.35;0;STABLE
2024-12-21T13:15;2024-12-21T13:30;54;EUR;MWh;NO;NO;;57;57;57;-1;DOWN
2024-12-21T13:30;2024-12-21T13:45;55;EUR;MWh;NO;NO;57.12;;57.12;57.12;1;UP
2024-12-21T13:45;2024-12-21T14:00;56;EUR;MWh;NO;NO;70;;70;70;1;UP
2024-12-21T14:00;2024-12-21T14:15;57;EUR;MWh;NO;NO;44.73;;44.73;44.73;1;UP
2024-12-21T14:15;2024-12-21T14:30;58;EUR;MWh;NO;NO;;-3.79;-3.79;-3.79;-1;DOWN
2024-12-21T14:30;2024-12-21T14:45;59;EUR;MWh;NO;NO;;-3.79;-3.79;-3.79;-1;DOWN
2024-12-21T14:45;2024-12-21T15:00;60;EUR;MWh;NO;NO;45.07;-5.29;64.38;-5.29;2;UP_AND_DOWN
2024-12-21T15:00;2024-12-21T15:15;61;EUR;MWh;NO;NO;69.53;1;69.53;69.53;1;UP
2024-12-21T15:15;2024-12-21T15:30;62;EUR;MWh;NO;NO;69.53;;69.53;69.53;1;UP
2024-12-21T15:30;2024-12-21T15:45;63;EUR;MWh;NO;NO;63.07;-3.29;64.38;-3.29;2;UP_AND_DOWN
2024-12-21T15:45;2024-12-21T16:00;64;EUR;MWh;NO;NO;70;;70;70;1;UP
2024-12-21T16:00;2024-12-21T16:15;65;EUR;MWh;NO;NO;;-50;-50;-50;-1;DOWN
2024-12-21T16:15;2024-12-21T16:30;66;EUR;MWh;NO;NO;77;-5;77;-5;2;UP_AND_DOWN
2024-12-21T16:30;2024-12-21T16:45;67;EUR;MWh;NO;NO;90;-5.63;90;-5.63;2;UP_AND_DOWN
2024-12-21T16:45;2024-12-21T17:00;68;EUR;MWh;NO;NO;99.57;;99.57;99.57;1;UP
2024-12-21T17:00;2024-12-21T17:15;69;EUR;MWh;NO;NO;99.57;-60.19;-60.19;-60.19;-1;DOWN
2024-12-21T17:15;2024-12-21T17:30;70;EUR;MWh;NO;NO;77;-18.82;77;-18.82;2;UP_AND_DOWN
2024-12-21T17:30;2024-12-21T17:45;71;EUR;MWh;NO;NO;;-30;-30;-30;-1;DOWN
2024-12-21T17:45;2024-12-21T18:00;72;EUR;MWh;NO;NO;;-12.31;-12.31;-12.31;-1;DOWN
2024-12-21T18:00;2024-12-21T18:15;73;EUR;MWh;NO;NO;88;79.69;88;60.09;2;UP_AND_DOWN
2024-12-21T18:15;2024-12-21T18:30;74;EUR;MWh;NO;NO;36.9;-6;-6;-6;-1;DOWN
2024-12-21T18:30;2024-12-21T18:45;75;EUR;MWh;NO;NO;57;-5.93;62.6;-5.93;2;UP_AND_DOWN
2024-12-21T18:45;2024-12-21T19:00;76;EUR;MWh;NO;NO;65.07;11;65.07;11;2;UP_AND_DOWN
2024-12-21T19:00;2024-12-21T19:15;77;EUR;MWh;NO;NO;89;26.65;89;26.65;2;UP_AND_DOWN
2024-12-21T19:15;2024-12-21T19:30;78;EUR;MWh;NO;NO;89;;89;89;1;UP
2024-12-21T19:30;2024-12-21T19:45;79;EUR;MWh;NO;NO;88;;88;88;1;UP
2024-12-21T19:45;2024-12-21T20:00;80;EUR;MWh;NO;NO;88;-6;88;-6;2;UP_AND_DOWN
2024-12-21T20:00;2024-12-21T20:15;81;EUR;MWh;NO;NO;128.57;-9.22;128.57;-9.22;2;UP_AND_DOWN
2024-12-21T20:15;2024-12-21T20:30;82;EUR;MWh;NO;NO;118.5;;118.5;118.5;1;UP
2024-12-21T20:30;2024-12-21T20:45;83;EUR;MWh;NO;NO;72.97;83.69;72.97;72.97;1;UP
2024-12-21T20:45;2024-12-21T21:00;84;EUR;MWh;NO;NO;72.97;-12.59;-12.59;-12.59;-1;DOWN
2024-12-21T21:00;2024-12-21T21:15;85;EUR;MWh;NO;NO;108.7;-10;108.7;-10;2;UP_AND_DOWN
2024-12-21T21:15;2024-12-21T21:30;86;EUR;MWh;NO;NO;45.07;-12.64;64.38;-12.64;2;UP_AND_DOWN
2024-12-21T21:30;2024-12-21T21:45;87;EUR;MWh;NO;NO;;-10;-10;-10;-1;DOWN
2024-12-21T21:45;2024-12-21T22:00;88;EUR;MWh;NO;NO;57;-6.48;64.38;-6.48;2;UP_AND_DOWN
2024-12-21T22:00;2024-12-21T22:15;89;EUR;MWh;NO;NO;109.26;1;109.26;1;2;UP_AND_DOWN
2024-12-21T22:15;2024-12-21T22:30;90;EUR;MWh;NO;NO;100;;100;100;1;UP
2024-12-21T22:30;2024-12-21T22:45;91;EUR;MWh;NO;NO;100;-10;-10;-10;-1;DOWN
2024-12-21T22:45;2024-12-21T23:00;92;EUR;MWh;NO;NO;45.07;-11;-11;-11;-1;DOWN
2024-12-21T23:00;2024-12-21T23:15;93;EUR;MWh;NO;NO;100;-11;100;100;1;UP
2024-12-21T23:15;2024-12-21T23:30;94;EUR;MWh;NO;NO;69.24;;69.24;69.24;1;UP
2024-12-21T23:30;2024-12-21T23:45;95;EUR;MWh;NO;NO;;-31;-31;-31;-1;DOWN
2024-12-21T23:45;2024-12-22T00:00;96;EUR;MWh;NO;NO;;-48;-48;-48;-1;DOWN
2024-12-22T00:00;2024-12-22T00:15;1;EUR;MWh;NO;NO;95.07;-40;95.07;-40;2;UP_AND_DOWN
2024-12-22T00:15;2024-12-22T00:30;2;EUR;MWh;NO;NO;95.07;-40;-40;-40;-1;DOWN
2024-12-22T00:30;2024-12-22T00:45;3;EUR;MWh;NO;NO;;-32.87;-32.87;-32.87;-1;DOWN
2024-12-22T00:45;2024-12-22T01:00;4;EUR;MWh;NO;NO;;-32;-32;-32;-1;DOWN
2024-12-22T01:00;2024-12-22T01:15;5;EUR;MWh;NO;NO;95.07;-20;95.07;-20;2;UP_AND_DOWN
2024-12-22T01:15;2024-12-22T01:30;6;EUR;MWh;NO;NO;95.07;-15.69;-15.69;-15.69;-1;DOWN
2024-12-22T01:30;2024-12-22T01:45;7;EUR;MWh;NO;NO;64;-15.69;64;64;1;UP
2024-12-22T01:45;2024-12-22T02:00;8;EUR;MWh;NO;NO;45.07;26.65;45.07;26.65;2;UP_AND_DOWN
2024-12-22T02:00;2024-12-22T02:15;9;EUR;MWh;NO;NO;76.81;26.65;76.81;76.81;1;UP
2024-12-22T02:15;2024-12-22T02:30;10;EUR;MWh;NO;NO;76;;76;76;1;UP
2024-12-22T02:30;2024-12-22T02:45;11;EUR;MWh;NO;NO;;-15.72;-15.72;-15.72;-1;DOWN
2024-12-22T02:45;2024-12-22T03:00;12;EUR;MWh;NO;NO;;-16.08;-16.08;-16.08;-1;DOWN
2024-12-22T03:00;2024-12-22T03:15;13;EUR;MWh;NO;NO;111;-26.05;111;-26.05;2;UP_AND_DOWN
2024-12-22T03:15;2024-12-22T03:30;14;EUR;MWh;NO;NO;101.2;-10;101.2;-10;2;UP_AND_DOWN
2024-12-22T03:30;2024-12-22T03:45;15;EUR;MWh;NO;NO;60;-10;60;-10;2;UP_AND_DOWN
2024-12-22T03:45;2024-12-22T04:00;16;EUR;MWh;NO;NO;84.46;;84.46;84.46;1;UP
2024-12-22T04:00;2024-12-22T04:15;17;EUR;MWh;NO;NO;70.73;;70.73;70.73;1;UP
2024-12-22T04:15;2024-12-22T04:30;18;EUR;MWh;NO;NO;85.07;;85.07;85.07;1;UP
2024-12-22T04:30;2024-12-22T04:45;19;EUR;MWh;NO;NO;64;26.65;64;26.65;2;UP_AND_DOWN
2024-12-22T04:45;2024-12-22T05:00;20;EUR;MWh;NO;NO;;-20.96;-20.96;-20.96;-1;DOWN
2024-12-22T05:00;2024-12-22T05:15;21;EUR;MWh;NO;NO;;-24.56;-24.56;-24.56;-1;DOWN
2024-12-22T05:15;2024-12-22T05:30;22;EUR;MWh;NO;NO;95.07;-48;95.07;-48;2;UP_AND_DOWN
2024-12-22T05:30;2024-12-22T05:45;23;EUR;MWh;NO;NO;109.3;-40;109.3;-40;2;UP_AND_DOWN
2024-12-22T05:45;2024-12-22T06:00;24;EUR;MWh;NO;NO;69.44;-28.96;69.44;-28.96;2;UP_AND_DOWN
2024-12-22T06:00;2024-12-22T06:15;25;EUR;MWh;NO;NO;85.07;-10;85.07;-10;2;UP_AND_DOWN
2024-12-22T06:15;2024-12-22T06:30;26;EUR;MWh;NO;NO;86.55;-10;86.55;-10;2;UP_AND_DOWN
2024-12-22T06:30;2024-12-22T06:45;27;EUR;MWh;NO;NO;;-11.36;-11.36;-11.36;-1;DOWN
2024-12-22T06:45;2024-12-22T07:00;28;EUR;MWh;NO;NO;111;-4.13;111;-4.13;2;UP_AND_DOWN
2024-12-22T07:00;2024-12-22T07:15;29;EUR;MWh;NO;NO;93.07;;93.07;93.07;1;UP
2024-12-22T07:15;2024-12-22T07:30;30;EUR;MWh;NO;NO;78.98;-28;78.98;78.98;1;UP
2024-12-22T07:30;2024-12-22T07:45;31;EUR;MWh;NO;NO;100;-40.89;100;-40.89;2;UP_AND_DOWN
2024-12-22T07:45;2024-12-22T08:00;32;EUR;MWh;NO;NO;85.65;26.65;85.65;26.65;2;UP_AND_DOWN
2024-12-22T08:00;2024-12-22T08:15;33;EUR;MWh;NO;NO;95.59;-23.47;95.59;-23.47;2;UP_AND_DOWN
2024-12-22T08:15;2024-12-22T08:30;34;EUR;MWh;NO;NO;91.07;;91.07;91.07;1;UP
2024-12-22T08:30;2024-12-22T08:45;35;EUR;MWh;NO;NO;75.31;;75.31;75.31;1;UP
2024-12-22T08:45;2024-12-22T09:00;36;EUR;MWh;NO;NO;78.71;-45;78.71;-45;2;UP_AND_DOWN
2024-12-22T09:00;2024-12-22T09:15;37;EUR;MWh;NO;NO;85.07;-42;85.07;-42;2;UP_AND_DOWN
2024-12-22T09:15;2024-12-22T09:30;38;EUR;MWh;NO;NO;88.07;-42;88.07;88.07;1;UP
2024-12-22T09:30;2024-12-22T09:45;39;EUR;MWh;NO;NO;50;;50;50;1;UP
2024-12-22T09:45;2024-12-22T10:00;40;EUR;MWh;NO;NO;50;;50;50;1;UP
2024-12-22T10:00;2024-12-22T10:15;41;EUR;MWh;NO;NO;86.54;-13.86;86.54;-13.86;2;UP_AND_DOWN
2024-12-22T10:15;2024-12-22T10:30;42;EUR;MWh;NO;NO;;-12.23;-12.23;-12.23;-1;DOWN
2024-12-22T10:30;2024-12-22T10:45;43;EUR;MWh;NO;NO;100;;100;100;1;UP
2024-12-22T10:45;2024-12-22T11:00;44;EUR;MWh;NO;NO;45.07;;45.07;45.07;1;UP
2024-12-22T11:00;2024-12-22T11:15;45;EUR;MWh;NO;NO;;;51.04;51.04;0;STABLE
2024-12-22T11:15;2024-12-22T11:30;46;EUR;MWh;NO;NO;;;52.54;52.54;0;STABLE
2024-12-22T11:30;2024-12-22T11:45;47;EUR;MWh;NO;NO;45.07;;45.07;45.07;1;UP
2024-12-22T11:45;2024-12-22T12:00;48;EUR;MWh;NO;NO;;;52.54;52.54;0;STABLE
2024-12-22T12:00;2024-12-22T12:15;49;EUR;MWh;NO;NO;;57;57;57;-1;DOWN
2024-12-22T12:15;2024-12-22T12:30;50;EUR;MWh;NO;NO;;-20;-20;-20;-1;DOWN
2024-12-22T12:30;2024-12-22T12:45;51;EUR;MWh;NO;NO;60;-4.1;60;-4.1;2;UP_AND_DOWN
2024-12-22T12:45;2024-12-22T13:00;52;EUR;MWh;NO;NO;102.02;;102.02;102.02;1;UP
2024-12-22T13:00;2024-12-22T13:15;53;EUR;MWh;NO;NO;95.07;;95.07;95.07;1;UP
2024-12-22T13:15;2024-12-22T13:30;54;EUR;MWh;NO;NO;45.07;-2.73;51.04;-2.73;2;UP_AND_DOWN
2024-12-22T13:30;2024-12-22T13:45;55;EUR;MWh;NO;NO;;10;10;10;-1;DOWN
2024-12-22T13:45;2024-12-22T14:00;56;EUR;MWh;NO;NO;;-2.83;-2.83;-2.83;-1;DOWN
2024-12-22T14:00;2024-12-22T14:15;57;EUR;MWh;NO;NO;;-10.57;-10.57;-10.57;-1;DOWN
2024-12-22T14:15;2024-12-22T14:30;58;EUR;MWh;NO;NO;45.07;-5.34;-5.34;-5.34;-1;DOWN
2024-12-22T14:30;2024-12-22T14:45;59;EUR;MWh;NO;NO;55;-5.34;55;55;1;UP
2024-12-22T14:45;2024-12-22T15:00;60;EUR;MWh;NO;NO;102.02;;102.02;102.02;1;UP
2024-12-22T15:00;2024-12-22T15:15;61;EUR;MWh;NO;NO;93.07;;93.07;93.07;1;UP
2024-12-22T15:15;2024-12-22T15:30;62;EUR;MWh;NO;NO;93.97;;93.97;93.97;1;UP
2024-12-22T15:30;2024-12-22T15:45;63;EUR;MWh;NO;NO;102.02;;102.02;102.02;1;UP
2024-12-22T15:45;2024-12-22T16:00;64;EUR;MWh;NO;NO;92.8;;92.8;92.8;1;UP
2024-12-22T16:00;2024-12-22T16:15;65;EUR;MWh;NO;NO;45.07;;45.07;45.07;1;UP
2024-12-22T16:15;2024-12-22T16:30;66;EUR;MWh;NO;NO;99;;99;99;1;UP
2024-12-22T16:30;2024-12-22T16:45;67;EUR;MWh;NO;NO;119.1;;119.1;119.1;1;UP
2024-12-22T16:45;2024-12-22T17:00;68;EUR;MWh;NO;NO;130.07;;130.07;130.07;1;UP
2024-12-22T17:00;2024-12-22T17:15;69;EUR;MWh;NO;NO;135.57;;135.57;135.57;1;UP
2024-12-22T17:15;2024-12-22T17:30;70;EUR;MWh;NO;NO;104.57;;104.57;104.57;1;UP
2024-12-22T17:30;2024-12-22T17:45;71;EUR;MWh;NO;NO;99;;99;99;1;UP
2024-12-22T17:45;2024-12-22T18:00;72;EUR;MWh;NO;NO;94;;94;94;1;UP
2024-12-22T18:00;2024-12-22T18:15;73;EUR;MWh;NO;NO;45.07;20;20;20;-1;DOWN
2024-12-22T18:15;2024-12-22T18:30;74;EUR;MWh;NO;NO;;23;23;23;-1;DOWN
2024-12-22T18:30;2024-12-22T18:45;75;EUR;MWh;NO;NO;;23;23;23;-1;DOWN
2024-12-22T18:45;2024-12-22T19:00;76;EUR;MWh;NO;NO;;-1;-1;-1;-1;DOWN
2024-12-22T19:00;2024-12-22T19:15;77;EUR;MWh;NO;NO;100;-1;100;100;1;UP
2024-12-22T19:15;2024-12-22T19:30;78;EUR;MWh;NO;NO;86.55;;86.55;86.55;1;UP
2024-12-22T19:30;2024-12-22T19:45;79;EUR;MWh;NO;NO;119.1;;119.1;119.1;1;UP
2024-12-22T19:45;2024-12-22T20:00;80;EUR;MWh;NO;NO;119.1;;119.1;119.1;1;UP
2024-12-22T20:00;2024-12-22T20:15;81;EUR;MWh;NO;NO;119.1;;119.1;119.1;1;UP
2024-12-22T20:15;2024-12-22T20:30;82;EUR;MWh;NO;NO;1885.07;;1885.07;1885.07;1;UP
2024-12-22T20:30;2024-12-22T20:45;83;EUR;MWh;NO;NO;150.9;;150.9;150.9;1;UP
2024-12-22T20:45;2024-12-22T21:00;84;EUR;MWh;NO;NO;119.1;;119.1;119.1;1;UP
2024-12-22T21:00;2024-12-22T21:15;85;EUR;MWh;NO;NO;155;;155;155;1;UP
2024-12-22T21:15;2024-12-22T21:30;86;EUR;MWh;NO;NO;119.1;;119.1;119.1;1;UP
2024-12-22T21:30;2024-12-22T21:45;87;EUR;MWh;NO;NO;75.45;;75.45;75.45;1;UP
2024-12-22T21:45;2024-12-22T22:00;88;EUR;MWh;NO;NO;87.79;-3.31;-3.31;-3.31;-1;DOWN
2024-12-22T22:00;2024-12-22T22:15;89;EUR;MWh;NO;NO;96;-23.47;96;-23.47;2;UP_AND_DOWN
2024-12-22T22:15;2024-12-22T22:30;90;EUR;MWh;NO;NO;95.07;-40;-40;-40;-1;DOWN
2024-12-22T22:30;2024-12-22T22:45;91;EUR;MWh;NO;NO;100;-40;100;-40;2;UP_AND_DOWN
2024-12-22T22:45;2024-12-22T23:00;92;EUR;MWh;NO;NO;1885.07;;1885.07;1885.07;1;UP
2024-12-22T23:00;2024-12-22T23:15;93;EUR;MWh;NO;NO;1885.07;;1885.07;1885.07;1;UP
2024-12-22T23:15;2024-12-22T23:30;94;EUR;MWh;NO;NO;1885.07;;1885.07;1885.07;1;UP
2024-12-22T23:30;2024-12-22T23:45;95;EUR;MWh;NO;NO;698.61;;698.61;698.61;1;UP
2024-12-22T23:45;2024-12-23T00:00;96;EUR;MWh;NO;NO;1885.07;;1885.07;1885.07;1;UP
2024-12-23T00:00;2024-12-23T00:15;1;EUR;MWh;NO;NO;1870.07;;1870.07;1870.07;1;UP
2024-12-23T00:15;2024-12-23T00:30;2;EUR;MWh;NO;NO;1870.07;;1870.07;1870.07;1;UP
2024-12-23T00:30;2024-12-23T00:45;3;EUR;MWh;NO;NO;108.64;;108.64;108.64;1;UP
2024-12-23T00:45;2024-12-23T01:00;4;EUR;MWh;NO;NO;119.4;;119.4;119.4;1;UP
2024-12-23T01:00;2024-12-23T01:15;5;EUR;MWh;NO;NO;150.6;;150.6;150.6;1;UP
2024-12-23T01:15;2024-12-23T01:30;6;EUR;MWh;NO;NO;140.64;;140.64;140.64;1;UP
2024-12-23T01:30;2024-12-23T01:45;7;EUR;MWh;NO;NO;95.64;-15.7;-15.7;-15.7;-1;DOWN
2024-12-23T01:45;2024-12-23T02:00;8;EUR;MWh;NO;NO;45.07;-15.7;-15.7;-15.7;-1;DOWN
2024-12-23T02:00;2024-12-23T02:15;9;EUR;MWh;NO;NO;1870.07;-15.7;1870.07;1870.07;1;UP
2024-12-23T02:15;2024-12-23T02:30;10;EUR;MWh;NO;NO;1870.07;-171.65;-171.65;-171.65;-1;DOWN
2024-12-23T02:30;2024-12-23T02:45;11;EUR;MWh;NO;NO;100;-40;100;-40;2;UP_AND_DOWN
2024-12-23T02:45;2024-12-23T03:00;12;EUR;MWh;NO;NO;100;-49;100;-49;2;UP_AND_DOWN
2024-12-23T03:00;2024-12-23T03:15;13;EUR;MWh;NO;NO;223.64;-49;223.64;223.64;1;UP
2024-12-23T03:15;2024-12-23T03:30;14;EUR;MWh;NO;NO;100;;100;100;1;UP
2024-12-23T03:30;2024-12-23T03:45;15;EUR;MWh;NO;NO;97;;97;97;1;UP
2024-12-23T03:45;2024-12-23T04:00;16;EUR;MWh;NO;NO;85.07;-3.43;-3.43;-3.43;-1;DOWN
2024-12-23T04:00;2024-12-23T04:15;17;EUR;MWh;NO;NO;;16.65;16.65;16.65;-1;DOWN
2024-12-23T04:15;2024-12-23T04:30;18;EUR;MWh;NO;NO;85.07;;85.07;85.07;1;UP
2024-12-23T04:30;2024-12-23T04:45;19;EUR;MWh;NO;NO;83.07;30;83.07;83.07;1;UP
2024-12-23T04:45;2024-12-23T05:00;20;EUR;MWh;NO;NO;98;;98;98;1;UP
2024-12-23T05:00;2024-12-23T05:15;21;EUR;MWh;NO;NO;86;-60.31;86;-60.31;2;UP_AND_DOWN
2024-12-23T05:15;2024-12-23T05:30;22;EUR;MWh;NO;NO;111;-25;111;-25;2;UP_AND_DOWN
2024-12-23T05:30;2024-12-23T05:45;23;EUR;MWh;NO;NO;100;;100;100;1;UP
2024-12-23T05:45;2024-12-23T06:00;24;EUR;MWh;NO;NO;100;;100;100;1;UP
2024-12-23T06:00;2024-12-23T06:15;25;EUR;MWh;NO;NO;94.66;-68.37;94.66;-68.37;2;UP_AND_DOWN
2024-12-23T06:15;2024-12-23T06:30;26;EUR;MWh;NO;NO;100;-24.79;100;-24.79;2;UP_AND_DOWN
2024-12-23T06:30;2024-12-23T06:45;27;EUR;MWh;NO;NO;96.12;;96.12;96.12;1;UP
2024-12-23T06:45;2024-12-23T07:00;28;EUR;MWh;NO;NO;74.46;59;74.46;74.46;1;UP
2024-12-23T07:00;2024-12-23T07:15;29;EUR;MWh;NO;NO;150.9;-18.79;150.9;-18.79;2;UP_AND_DOWN
2024-12-23T07:15;2024-12-23T07:30;30;EUR;MWh;NO;NO;151;-32;151;-32;2;UP_AND_DOWN
2024-12-23T07:30;2024-12-23T07:45;31;EUR;MWh;NO;NO;151;-15;151;151;1;UP
2024-12-23T07:45;2024-12-23T08:00;32;EUR;MWh;NO;NO;149;;149;149;1;UP
2024-12-23T08:00;2024-12-23T08:15;33;EUR;MWh;NO;NO;100;-34.29;100;-34.29;2;UP_AND_DOWN
2024-12-23T08:15;2024-12-23T08:30;34;EUR;MWh;NO;NO;119.9;-34.29;119.9;119.9;1;UP
2024-12-23T08:30;2024-12-23T08:45;35;EUR;MWh;NO;NO;119.9;;119.9;119.9;1;UP
2024-12-23T08:45;2024-12-23T09:00;36;EUR;MWh;NO;NO;119.9;;119.9;119.9;1;UP
2024-12-23T09:00;2024-12-23T09:15;37;EUR;MWh;NO;NO;119.9;;119.9;119.9;1;UP
2024-12-23T09:15;2024-12-23T09:30;38;EUR;MWh;NO;NO;109.12;;109.12;109.12;1;UP
2024-12-23T09:30;2024-12-23T09:45;39;EUR;MWh;NO;NO;100;-3.71;-3.71;-3.71;-1;DOWN
2024-12-23T09:45;2024-12-23T10:00;40;EUR;MWh;NO;NO;100;-8.29;100;-8.29;2;UP_AND_DOWN
2024-12-23T10:00;2024-12-23T10:15;41;EUR;MWh;NO;NO;133;;133;133;1;UP
2024-12-23T10:15;2024-12-23T10:30;42;EUR;MWh;NO;NO;100;-28.7;-28.7;-28.7;-1;DOWN
2024-12-23T10:30;2024-12-23T10:45;43;EUR;MWh;NO;NO;;-28.7;-28.7;-28.7;-1;DOWN
2024-12-23T10:45;2024-12-23T11:00;44;EUR;MWh;NO;NO;45.07;-25.79;-25.79;-25.79;-1;DOWN
2024-12-23T11:00;2024-12-23T11:15;45;EUR;MWh;NO;NO;1870.07;-11.17;1870.07;-11.17;2;UP_AND_DOWN
2024-12-23T11:15;2024-12-23T11:30;46;EUR;MWh;NO;NO;1870.07;-511.99;-511.99;-511.99;-1;DOWN
2024-12-23T11:30;2024-12-23T11:45;47;EUR;MWh;NO;NO;;-65;-65;-65;-1;DOWN
2024-12-23T11:45;2024-12-23T12:00;48;EUR;MWh;NO;NO;;-56.71;-56.71;-56.71;-1;DOWN
2024-12-23T12:00;2024-12-23T12:15;49;EUR;MWh;NO;NO;200;;200;0;2;UP_AND_DOWN
2024-12-23T12:15;2024-12-23T12:30;50;EUR;MWh;NO;NO;107.41;-6.88;107.41;-6.88;2;UP_AND_DOWN
2024-12-23T12:30;2024-12-23T12:45;51;EUR;MWh;NO;NO;111;1;111;1;2;UP_AND_DOWN
2024-12-23T12:45;2024-12-23T13:00;52;EUR;MWh;NO;NO;120.58;;120.58;120.58;1;UP
2024-12-23T13:00;2024-12-23T13:15;53;EUR;MWh;NO;NO;140;;140;140;1;UP
2024-12-23T13:15;2024-12-23T13:30;54;EUR;MWh;NO;NO;200;;200;200;1;UP
2024-12-23T13:30;2024-12-23T13:45;55;EUR;MWh;NO;NO;170.7;;170.7;170.7;1;UP
2024-12-23T13:45;2024-12-23T14:00;56;EUR;MWh;NO;NO;146.7;;146.7;146.7;1;UP
2024-12-23T14:00;2024-12-23T14:15;57;EUR;MWh;NO;NO;120;1;120;1;2;UP_AND_DOWN
2024-12-23T14:15;2024-12-23T14:30;58;EUR;MWh;NO;NO;119.5;1;119.5;119.5;1;UP
2024-12-23T14:30;2024-12-23T14:45;59;EUR;MWh;NO;NO;120;;120;120;1;UP
2024-12-23T14:45;2024-12-23T15:00;60;EUR;MWh;NO;NO;120;;120;120;1;UP
2024-12-23T15:00;2024-12-23T15:15;61;EUR;MWh;NO;NO;103.12;-40;103.12;-40;2;UP_AND_DOWN
2024-12-23T15:15;2024-12-23T15:30;62;EUR;MWh;NO;NO;148.8;;148.8;0;2;UP_AND_DOWN
2024-12-23T15:30;2024-12-23T15:45;63;EUR;MWh;NO;NO;130.07;;130.07;130.07;1;UP
2024-12-23T15:45;2024-12-23T16:00;64;EUR;MWh;NO;NO;125;;125;125;1;UP
2024-12-23T16:00;2024-12-23T16:15;65;EUR;MWh;NO;NO;45.07;-25.79;62.6;-25.79;2;UP_AND_DOWN
2024-12-23T16:15;2024-12-23T16:30;66;EUR;MWh;NO;NO;85.07;35;85.07;35;2;UP_AND_DOWN
2024-12-23T16:30;2024-12-23T16:45;67;EUR;MWh;NO;NO;120;35;120;35;2;UP_AND_DOWN
2024-12-23T16:45;2024-12-23T17:00;68;EUR;MWh;NO;NO;200;35;200;200;1;UP
2024-12-23T17:00;2024-12-23T17:15;69;EUR;MWh;NO;NO;133;86.87;133;69.32;2;UP_AND_DOWN
2024-12-23T17:15;2024-12-23T17:30;70;EUR;MWh;NO;NO;135;;135;135;1;UP
2024-12-23T17:30;2024-12-23T17:45;71;EUR;MWh;NO;NO;65.07;82.37;69.32;69.32;2;UP_AND_DOWN
2024-12-23T17:45;2024-12-23T18:00;72;EUR;MWh;NO;NO;95.07;86.87;95.07;69.32;2;UP_AND_DOWN
2024-12-23T18:00;2024-12-23T18:15;73;EUR;MWh;NO;NO;;78.54;78.54;78.54;-1;DOWN
2024-12-23T18:15;2024-12-23T18:30;74;EUR;MWh;NO;NO;;61.54;61.54;61.54;-1;DOWN
2024-12-23T18:30;2024-12-23T18:45;75;EUR;MWh;NO;NO;;61.54;61.54;61.54;-1;DOWN
2024-12-23T18:45;2024-12-23T19:00;76;EUR;MWh;NO;NO;;31.2;31.2;31.2;-1;DOWN
2024-12-23T19:00;2024-12-23T19:15;77;EUR;MWh;NO;NO;;76.37;76.37;76.37;-1;DOWN
2024-12-23T19:15;2024-12-23T19:30;78;EUR;MWh;NO;NO;;45.57;45.57;45.57;-1;DOWN
2024-12-23T19:30;2024-12-23T19:45;79;EUR;MWh;NO;NO;;-41.98;-41.98;-41.98;-1;DOWN
2024-12-23T19:45;2024-12-23T20:00;80;EUR;MWh;NO;NO;;36.1;36.1;36.1;-1;DOWN
2024-12-23T20:00;2024-12-23T20:15;81;EUR;MWh;NO;NO;120.1;-41.98;120.1;-41.98;2;UP_AND_DOWN
2024-12-23T20:15;2024-12-23T20:30;82;EUR;MWh;NO;NO;120.1;60;120.1;60;2;UP_AND_DOWN
2024-12-23T20:30;2024-12-23T20:45;83;EUR;MWh;NO;NO;;60;60;60;-1;DOWN
2024-12-23T20:45;2024-12-23T21:00;84;EUR;MWh;NO;NO;65.07;84.54;69.32;69.32;2;UP_AND_DOWN
2024-12-23T21:00;2024-12-23T21:15;85;EUR;MWh;NO;NO;;60;60;60;-1;DOWN
2024-12-23T21:15;2024-12-23T21:30;86;EUR;MWh;NO;NO;;60;60;60;-1;DOWN
2024-12-23T21:30;2024-12-23T21:45;87;EUR;MWh;NO;NO;;91.37;91.37;91.37;-1;DOWN
2024-12-23T21:45;2024-12-23T22:00;88;EUR;MWh;NO;NO;109.12;;109.12;109.12;1;UP
2024-12-23T22:00;2024-12-23T22:15;89;EUR;MWh;NO;NO;120.1;;120.1;120.1;1;UP
2024-12-23T22:15;2024-12-23T22:30;90;EUR;MWh;NO;NO;120.1;;120.1;120.1;1;UP
2024-12-23T22:30;2024-12-23T22:45;91;EUR;MWh;NO;NO;117.81;71.75;71.75;71.75;-1;DOWN
2024-12-23T22:45;2024-12-23T23:00;92;EUR;MWh;NO;NO;;66.75;66.75;66.75;-1;DOWN
2024-12-23T23:00;2024-12-23T23:15;93;EUR;MWh;NO;NO;;82.37;82.37;82.37;-1;DOWN
2024-12-23T23:15;2024-12-23T23:30;94;EUR;MWh;NO;NO;;82.37;82.37;82.37;-1;DOWN
2024-12-23T23:30;2024-12-23T23:45;95;EUR;MWh;NO;NO;45.07;91.37;91.37;91.37;-1;DOWN
2024-12-23T23:45;2024-12-24T00:00;96;EUR;MWh;NO;NO;120;;120;120;1;UP
2024-12-24T00:00;2024-12-24T00:15;1;EUR;MWh;NO;NO;152.7;;152.7;152.7;1;UP
2024-12-24T00:15;2024-12-24T00:30;2;EUR;MWh;NO;NO;131;;131;131;1;UP
2024-12-24T00:30;2024-12-24T00:45;3;EUR;MWh;NO;NO;120.7;;120.7;120.7;1;UP
2024-12-24T00:45;2024-12-24T01:00;4;EUR;MWh;NO;NO;45.07;;45.07;45.07;1;UP
2024-12-24T01:00;2024-12-24T01:15;5;EUR;MWh;NO;NO;;39;39;39;-1;DOWN
2024-12-24T01:15;2024-12-24T01:30;6;EUR;MWh;NO;NO;;39;39;39;-1;DOWN
2024-12-24T01:30;2024-12-24T01:45;7;EUR;MWh;NO;NO;;39;39;39;-1;DOWN
2024-12-24T01:45;2024-12-24T02:00;8;EUR;MWh;NO;NO;;39;39;39;-1;DOWN
2024-12-24T02:00;2024-12-24T02:15;9;EUR;MWh;NO;NO;117.33;41;117.33;41;2;UP_AND_DOWN
2024-12-24T02:15;2024-12-24T02:30;10;EUR;MWh;NO;NO;65.07;;65.07;65.07;1;UP
2024-12-24T02:30;2024-12-24T02:45;11;EUR;MWh;NO;NO;45.07;41;41;41;-1;DOWN
2024-12-24T02:45;2024-12-24T03:00;12;EUR;MWh;NO;NO;;41;41;41;-1;DOWN
2024-12-24T03:00;2024-12-24T03:15;13;EUR;MWh;NO;NO;;51;51;51;-1;DOWN
2024-12-24T03:15;2024-12-24T03:30;14;EUR;MWh;NO;NO;;51;51;51;-1;DOWN
2024-12-24T03:30;2024-12-24T03:45;15;EUR;MWh;NO;NO;95.07;81.41;95.07;63.24;2;UP_AND_DOWN
2024-12-24T03:45;2024-12-24T04:00;16;EUR;MWh;NO;NO;45.07;;45.07;45.07;1;UP
2024-12-24T04:00;2024-12-24T04:15;17;EUR;MWh;NO;NO;144.69;;144.69;144.69;1;UP
2024-12-24T04:15;2024-12-24T04:30;18;EUR;MWh;NO;NO;120.5;;120.5;120.5;1;UP
2024-12-24T04:30;2024-12-24T04:45;19;EUR;MWh;NO;NO;65.07;;65.07;65.07;1;UP
2024-12-24T04:45;2024-12-24T05:00;20;EUR;MWh;NO;NO;45.07;81.41;81.41;81.41;-1;DOWN
2024-12-24T05:00;2024-12-24T05:15;21;EUR;MWh;NO;NO;120.5;;120.5;120.5;1;UP
2024-12-24T05:15;2024-12-24T05:30;22;EUR;MWh;NO;NO;120.5;;120.5;120.5;1;UP
2024-12-24T05:30;2024-12-24T05:45;23;EUR;MWh;NO;NO;120.5;;120.5;120.5;1;UP
2024-12-24T05:45;2024-12-24T06:00;24;EUR;MWh;NO;NO;;36.65;36.65;36.65;-1;DOWN
2024-12-24T06:00;2024-12-24T06:15;25;EUR;MWh;NO;NO;122;81.41;122;63.24;2;UP_AND_DOWN
2024-12-24T06:15;2024-12-24T06:30;26;EUR;MWh;NO;NO;120;36.65;120;36.65;2;UP_AND_DOWN
2024-12-24T06:30;2024-12-24T06:45;27;EUR;MWh;NO;NO;120.6;59;120.6;59;2;UP_AND_DOWN
2024-12-24T06:45;2024-12-24T07:00;28;EUR;MWh;NO;NO;106.73;21;106.73;21;2;UP_AND_DOWN
2024-12-24T07:00;2024-12-24T07:15;29;EUR;MWh;NO;NO;;29.03;29.03;29.03;-1;DOWN
2024-12-24T07:15;2024-12-24T07:30;30;EUR;MWh;NO;NO;;33;33;33;-1;DOWN
2024-12-24T07:30;2024-12-24T07:45;31;EUR;MWh;NO;NO;;33;33;33;-1;DOWN
2024-12-24T07:45;2024-12-24T08:00;32;EUR;MWh;NO;NO;109.94;81.41;109.94;109.94;1;UP
2024-12-24T08:00;2024-12-24T08:15;33;EUR;MWh;NO;NO;120;73;120;70.77;2;UP_AND_DOWN
2024-12-24T08:15;2024-12-24T08:30;34;EUR;MWh;NO;NO;120;73;120;120;1;UP
2024-12-24T08:30;2024-12-24T08:45;35;EUR;MWh;NO;NO;120;96.46;120;70.77;2;UP_AND_DOWN
2024-12-24T08:45;2024-12-24T09:00;36;EUR;MWh;NO;NO;95.07;93.65;95.07;70.77;2;UP_AND_DOWN
2024-12-24T09:00;2024-12-24T09:15;37;EUR;MWh;NO;NO;118.35;;118.35;118.35;1;UP
2024-12-24T09:15;2024-12-24T09:30;38;EUR;MWh;NO;NO;65.07;;65.07;65.07;1;UP
2024-12-24T09:30;2024-12-24T09:45;39;EUR;MWh;NO;NO;70;;70;70;1;UP
2024-12-24T09:45;2024-12-24T10:00;40;EUR;MWh;NO;NO;70;81.46;70.77;70.77;2;UP_AND_DOWN
2024-12-24T10:00;2024-12-24T10:15;41;EUR;MWh;NO;NO;85.07;81.46;85.07;70.77;2;UP_AND_DOWN
2024-12-24T10:15;2024-12-24T10:30;42;EUR;MWh;NO;NO;45.07;83;83;83;-1;DOWN
2024-12-24T10:30;2024-12-24T10:45;43;EUR;MWh;NO;NO;95.07;83;95.07;70.77;2;UP_AND_DOWN
2024-12-24T10:45;2024-12-24T11:00;44;EUR;MWh;NO;NO;95.07;71.41;71.41;71.41;-1;DOWN
2024-12-24T11:00;2024-12-24T11:15;45;EUR;MWh;NO;NO;;58;58;58;-1;DOWN
2024-12-24T11:15;2024-12-24T11:30;46;EUR;MWh;NO;NO;;35.03;35.03;35.03;-1;DOWN
2024-12-24T11:30;2024-12-24T11:45;47;EUR;MWh;NO;NO;;28.57;28.57;28.57;-1;DOWN
2024-12-24T11:45;2024-12-24T12:00;48;EUR;MWh;NO;NO;;16.41;16.41;16.41;-1;DOWN
2024-12-24T12:00;2024-12-24T12:15;49;EUR;MWh;NO;NO;;36.65;36.65;36.65;-1;DOWN
2024-12-24T12:15;2024-12-24T12:30;50;EUR;MWh;NO;NO;;46.57;46.57;46.57;-1;DOWN
2024-12-24T12:30;2024-12-24T12:45;51;EUR;MWh;NO;NO;;69.7;69.7;69.7;-1;DOWN
2024-12-24T12:45;2024-12-24T13:00;52;EUR;MWh;NO;NO;;58;58;58;-1;DOWN
2024-12-24T13:00;2024-12-24T13:15;53;EUR;MWh;NO;NO;;63.57;63.57;63.57;-1;DOWN
2024-12-24T13:15;2024-12-24T13:30;54;EUR;MWh;NO;NO;;71.57;71.57;71.57;-1;DOWN
2024-12-24T13:30;2024-12-24T13:45;55;EUR;MWh;NO;NO;;73.07;73.07;73.07;-1;DOWN
2024-12-24T13:45;2024-12-24T14:00;56;EUR;MWh;NO;NO;;86.57;86.57;86.57;-1;DOWN
2024-12-24T14:00;2024-12-24T14:15;57;EUR;MWh;NO;NO;95.07;;95.07;95.07;1;UP
2024-12-24T14:15;2024-12-24T14:30;58;EUR;MWh;NO;NO;123;;123;123;1;UP
2024-12-24T14:30;2024-12-24T14:45;59;EUR;MWh;NO;NO;130;;130;130;1;UP
2024-12-24T14:45;2024-12-24T15:00;60;EUR;MWh;NO;NO;120.7;;120.7;120.7;1;UP
2024-12-24T15:00;2024-12-24T15:15;61;EUR;MWh;NO;NO;120.7;82.26;82.26;82.26;-1;DOWN
2024-12-24T15:15;2024-12-24T15:30;62;EUR;MWh;NO;NO;;81.41;81.41;81.41;-1;DOWN
2024-12-24T15:30;2024-12-24T15:45;63;EUR;MWh;NO;NO;;63.57;63.57;63.57;-1;DOWN
2024-12-24T15:45;2024-12-24T16:00;64;EUR;MWh;NO;NO;;58;58;58;-1;DOWN
2024-12-24T16:00;2024-12-24T16:15;65;EUR;MWh;NO;NO;;15.65;15.65;15.65;-1;DOWN
2024-12-24T16:15;2024-12-24T16:30;66;EUR;MWh;NO;NO;;29.01;29.01;29.01;-1;DOWN
2024-12-24T16:30;2024-12-24T16:45;67;EUR;MWh;NO;NO;;39;39;39;-1;DOWN
2024-12-24T16:45;2024-12-24T17:00;68;EUR;MWh;NO;NO;;83;83;83;-1;DOWN
2024-12-24T17:00;2024-12-24T17:15;69;EUR;MWh;NO;NO;;83;83;83;-1;DOWN
2024-12-24T17:15;2024-12-24T17:30;70;EUR;MWh;NO;NO;;83;83;83;-1;DOWN
2024-12-24T17:30;2024-12-24T17:45;71;EUR;MWh;NO;NO;;83;83;83;-1;DOWN
2024-12-24T17:45;2024-12-24T18:00;72;EUR;MWh;NO;NO;;58;58;58;-1;DOWN
2024-12-24T18:00;2024-12-24T18:15;73;EUR;MWh;NO;NO;58;83;70.67;70.67;2;UP_AND_DOWN
2024-12-24T18:15;2024-12-24T18:30;74;EUR;MWh;NO;NO;58;83;70.67;70.67;2;UP_AND_DOWN
2024-12-24T18:30;2024-12-24T18:45;75;EUR;MWh;NO;NO;;78.5;78.5;78.5;-1;DOWN
2024-12-24T18:45;2024-12-24T19:00;76;EUR;MWh;NO;NO;;24.57;24.57;24.57;-1;DOWN
2024-12-24T19:00;2024-12-24T19:15;77;EUR;MWh;NO;NO;;29.57;29.57;29.57;-1;DOWN
2024-12-24T19:15;2024-12-24T19:30;78;EUR;MWh;NO;NO;;14.57;14.57;14.57;-1;DOWN
2024-12-24T19:30;2024-12-24T19:45;79;EUR;MWh;NO;NO;;11;11;11;-1;DOWN
2024-12-24T19:45;2024-12-24T20:00;80;EUR;MWh;NO;NO;;10.57;10.57;10.57;-1;DOWN
2024-12-24T20:00;2024-12-24T20:15;81;EUR;MWh;NO;NO;;-39.27;-39.27;-39.27;-1;DOWN
2024-12-24T20:15;2024-12-24T20:30;82;EUR;MWh;NO;NO;;84.73;84.73;84.73;-1;DOWN
2024-12-24T20:30;2024-12-24T20:45;83;EUR;MWh;NO;NO;;42.03;42.03;42.03;-1;DOWN
2024-12-24T20:45;2024-12-24T21:00;84;EUR;MWh;NO;NO;;29.03;29.03;29.03;-1;DOWN
2024-12-24T21:00;2024-12-24T21:15;85;EUR;MWh;NO;NO;;21.41;21.41;21.41;-1;DOWN
2024-12-24T21:15;2024-12-24T21:30;86;EUR;MWh;NO;NO;45.07;21.41;45.07;45.07;1;UP
2024-12-24T21:30;2024-12-24T21:45;87;EUR;MWh;NO;NO;120;;120;120;1;UP
2024-12-24T21:45;2024-12-24T22:00;88;EUR;MWh;NO;NO;58;94.94;58;58;1;UP
2024-12-24T22:00;2024-12-24T22:15;89;EUR;MWh;NO;NO;58;70;70;70;-1;DOWN
2024-12-24T22:15;2024-12-24T22:30;90;EUR;MWh;NO;NO;;70;70;70;-1;DOWN
2024-12-24T22:30;2024-12-24T22:45;91;EUR;MWh;NO;NO;120;95.8;120;70.44;2;UP_AND_DOWN
2024-12-24T22:45;2024-12-24T23:00;92;EUR;MWh;NO;NO;58;;58;58;1;UP
2024-12-24T23:00;2024-12-24T23:15;93;EUR;MWh;NO;NO;58;70;70;70;-1;DOWN
2024-12-24T23:15;2024-12-24T23:30;94;EUR;MWh;NO;NO;;70;70;70;-1;DOWN
2024-12-24T23:30;2024-12-24T23:45;95;EUR;MWh;NO;NO;;71.41;71.41;71.41;-1;DOWN
2024-12-24T23:45;2024-12-25T00:00;96;EUR;MWh;NO;NO;;21.41;21.41;21.41;-1;DOWN
2024-12-25T00:00;2024-12-25T00:15;1;EUR;MWh;NO;NO;;70.03;70.03;70.03;-1;DOWN
2024-12-25T00:15;2024-12-25T00:30;2;EUR;MWh;NO;NO;65.07;;65.07;65.07;1;UP
2024-12-25T00:30;2024-12-25T00:45;3;EUR;MWh;NO;NO;106.69;93.38;106.69;78.12;2;UP_AND_DOWN
2024-12-25T00:45;2024-12-25T01:00;4;EUR;MWh;NO;NO;;91.57;91.57;91.57;-1;DOWN
2024-12-25T01:00;2024-12-25T01:15;5;EUR;MWh;NO;NO;114.86;91.57;114.86;114.86;1;UP
2024-12-25T01:15;2024-12-25T01:30;6;EUR;MWh;NO;NO;95.07;;95.07;95.07;1;UP
2024-12-25T01:30;2024-12-25T01:45;7;EUR;MWh;NO;NO;97.57;;97.57;97.57;1;UP
2024-12-25T01:45;2024-12-25T02:00;8;EUR;MWh;NO;NO;97.97;86.64;97.97;80.17;2;UP_AND_DOWN
2024-12-25T02:00;2024-12-25T02:15;9;EUR;MWh;NO;NO;;88;88;88;-1;DOWN
2024-12-25T02:15;2024-12-25T02:30;10;EUR;MWh;NO;NO;;71.38;71.38;71.38;-1;DOWN
2024-12-25T02:30;2024-12-25T02:45;11;EUR;MWh;NO;NO;;66.38;66.38;66.38;-1;DOWN
2024-12-25T02:45;2024-12-25T03:00;12;EUR;MWh;NO;NO;;89.95;89.95;89.95;-1;DOWN
2024-12-25T03:00;2024-12-25T03:15;13;EUR;MWh;NO;NO;85.07;94.17;85.07;85.07;1;UP
2024-12-25T03:15;2024-12-25T03:30;14;EUR;MWh;NO;NO;96.57;;96.57;96.57;1;UP
2024-12-25T03:30;2024-12-25T03:45;15;EUR;MWh;NO;NO;;91.57;91.57;91.57;-1;DOWN
2024-12-25T03:45;2024-12-25T04:00;16;EUR;MWh;NO;NO;;81.38;81.38;81.38;-1;DOWN
2024-12-25T04:00;2024-12-25T04:15;17;EUR;MWh;NO;NO;;84.35;84.35;84.35;-1;DOWN
2024-12-25T04:15;2024-12-25T04:30;18;EUR;MWh;NO;NO;;89.93;89.93;89.93;-1;DOWN
2024-12-25T04:30;2024-12-25T04:45;19;EUR;MWh;NO;NO;;93.19;93.19;93.19;-1;DOWN
2024-12-25T04:45;2024-12-25T05:00;20;EUR;MWh;NO;NO;65.07;;65.07;65.07;1;UP
2024-12-25T05:00;2024-12-25T05:15;21;EUR;MWh;NO;NO;;83;83;83;-1;DOWN
2024-12-25T05:15;2024-12-25T05:30;22;EUR;MWh;NO;NO;;66.38;66.38;66.38;-1;DOWN
2024-12-25T05:30;2024-12-25T05:45;23;EUR;MWh;NO;NO;;41.38;41.38;41.38;-1;DOWN
2024-12-25T05:45;2024-12-25T06:00;24;EUR;MWh;NO;NO;;32.57;32.57;32.57;-1;DOWN
2024-12-25T06:00;2024-12-25T06:15;25;EUR;MWh;NO;NO;;56.38;56.38;56.38;-1;DOWN
2024-12-25T06:15;2024-12-25T06:30;26;EUR;MWh;NO;NO;;91.88;91.88;91.88;-1;DOWN
2024-12-25T06:30;2024-12-25T06:45;27;EUR;MWh;NO;NO;;90.26;90.26;90.26;-1;DOWN
2024-12-25T06:45;2024-12-25T07:00;28;EUR;MWh;NO;NO;;93.26;93.26;93.26;-1;DOWN
2024-12-25T07:00;2024-12-25T07:15;29;EUR;MWh;NO;NO;75.07;;75.07;75.07;1;UP
2024-12-25T07:15;2024-12-25T07:30;30;EUR;MWh;NO;NO;112.57;;112.57;112.57;1;UP
2024-12-25T07:30;2024-12-25T07:45;31;EUR;MWh;NO;NO;115.78;;115.78;115.78;1;UP
2024-12-25T07:45;2024-12-25T08:00;32;EUR;MWh;NO;NO;118.55;;118.55;118.55;1;UP
2024-12-25T08:00;2024-12-25T08:15;33;EUR;MWh;NO;NO;113.96;;113.96;113.96;1;UP
2024-12-25T08:15;2024-12-25T08:30;34;EUR;MWh;NO;NO;102.57;;102.57;102.57;1;UP
2024-12-25T08:30;2024-12-25T08:45;35;EUR;MWh;NO;NO;110.79;;110.79;110.79;1;UP
2024-12-25T08:45;2024-12-25T09:00;36;EUR;MWh;NO;NO;110.79;;110.79;110.79;1;UP
2024-12-25T09:00;2024-12-25T09:15;37;EUR;MWh;NO;NO;110.79;;82.57;82.57;0;STABLE
2024-12-25T09:15;2024-12-25T09:30;38;EUR;MWh;NO;NO;65.07;;65.07;65.07;1;UP
2024-12-25T09:30;2024-12-25T09:45;39;EUR;MWh;NO;NO;65.07;;65.07;65.07;1;UP
2024-12-25T09:45;2024-12-25T10:00;40;EUR;MWh;NO;NO;110;;110;110;1;UP
2024-12-25T10:00;2024-12-25T10:15;41;EUR;MWh;NO;NO;123.9;;123.9;123.9;1;UP
2024-12-25T10:15;2024-12-25T10:30;42;EUR;MWh;NO;NO;115.78;;115.78;115.78;1;UP
2024-12-25T10:30;2024-12-25T10:45;43;EUR;MWh;NO;NO;114.23;104.11;114.23;114.23;1;UP
2024-12-25T10:45;2024-12-25T11:00;44;EUR;MWh;NO;NO;114.23;95.33;95.33;95.33;-1;DOWN
2024-12-25T11:00;2024-12-25T11:15;45;EUR;MWh;NO;NO;105.07;103.9;105.07;81.95;2;UP_AND_DOWN
2024-12-25T11:15;2024-12-25T11:30;46;EUR;MWh;NO;NO;102.57;;102.57;102.57;1;UP
2024-12-25T11:30;2024-12-25T11:45;47;EUR;MWh;NO;NO;100;;100;100;1;UP
2024-12-25T11:45;2024-12-25T12:00;48;EUR;MWh;NO;NO;75.07;103.9;75.07;75.07;1;UP
2024-12-25T12:00;2024-12-25T12:15;49;EUR;MWh;NO;NO;;52.57;52.57;52.57;-1;DOWN
2024-12-25T12:15;2024-12-25T12:30;50;EUR;MWh;NO;NO;;41.38;41.38;41.38;-1;DOWN
2024-12-25T12:30;2024-12-25T12:45;51;EUR;MWh;NO;NO;;47.57;47.57;47.57;-1;DOWN
2024-12-25T12:45;2024-12-25T13:00;52;EUR;MWh;NO;NO;;32.31;32.31;32.31;-1;DOWN
2024-12-25T13:00;2024-12-25T13:15;53;EUR;MWh;NO;NO;;47.57;47.57;47.57;-1;DOWN
2024-12-25T13:15;2024-12-25T13:30;54;EUR;MWh;NO;NO;;52.57;52.57;52.57;-1;DOWN
2024-12-25T13:30;2024-12-25T13:45;55;EUR;MWh;NO;NO;;42.57;42.57;42.57;-1;DOWN
2024-12-25T13:45;2024-12-25T14:00;56;EUR;MWh;NO;NO;;32.31;32.31;32.31;-1;DOWN
2024-12-25T14:00;2024-12-25T14:15;57;EUR;MWh;NO;NO;;38.31;38.31;38.31;-1;DOWN
2024-12-25T14:15;2024-12-25T14:30;58;EUR;MWh;NO;NO;;105.12;105.12;105.12;-1;DOWN
2024-12-25T14:30;2024-12-25T14:45;59;EUR;MWh;NO;NO;;93.29;93.29;93.29;-1;DOWN
2024-12-25T14:45;2024-12-25T15:00;60;EUR;MWh;NO;NO;;88.79;88.79;88.79;-1;DOWN
2024-12-25T15:00;2024-12-25T15:15;61;EUR;MWh;NO;NO;;88.57;88.57;88.57;-1;DOWN
2024-12-25T15:15;2024-12-25T15:30;62;EUR;MWh;NO;NO;;88.79;88.79;88.79;-1;DOWN
2024-12-25T15:30;2024-12-25T15:45;63;EUR;MWh;NO;NO;;103.58;103.58;103.58;-1;DOWN
2024-12-25T15:45;2024-12-25T16:00;64;EUR;MWh;NO;NO;;105.14;105.14;105.14;-1;DOWN
2024-12-25T16:00;2024-12-25T16:15;65;EUR;MWh;NO;NO;;66.46;66.46;66.46;-1;DOWN
2024-12-25T16:15;2024-12-25T16:30;66;EUR;MWh;NO;NO;;70.11;70.11;70.11;-1;DOWN
2024-12-25T16:30;2024-12-25T16:45;67;EUR;MWh;NO;NO;;81.38;81.38;81.38;-1;DOWN
2024-12-25T16:45;2024-12-25T17:00;68;EUR;MWh;NO;NO;;94;94;94;-1;DOWN
2024-12-25T17:00;2024-12-25T17:15;69;EUR;MWh;NO;NO;;105.14;105.14;105.14;-1;DOWN
2024-12-25T17:15;2024-12-25T17:30;70;EUR;MWh;NO;NO;;93.9;93.9;93.9;-1;DOWN
2024-12-25T17:30;2024-12-25T17:45;71;EUR;MWh;NO;NO;;85.57;85.57;85.57;-1;DOWN
2024-12-25T17:45;2024-12-25T18:00;72;EUR;MWh;NO;NO;;88.57;88.57;88.57;-1;DOWN
2024-12-25T18:00;2024-12-25T18:15;73;EUR;MWh;NO;NO;;94.6;94.6;94.6;-1;DOWN
2024-12-25T18:15;2024-12-25T18:30;74;EUR;MWh;NO;NO;;86.46;86.46;86.46;-1;DOWN
2024-12-25T18:30;2024-12-25T18:45;75;EUR;MWh;NO;NO;;61.46;61.46;61.46;-1;DOWN
2024-12-25T18:45;2024-12-25T19:00;76;EUR;MWh;NO;NO;;61.38;61.38;61.38;-1;DOWN
2024-12-25T19:00;2024-12-25T19:15;77;EUR;MWh;NO;NO;;60;60;60;-1;DOWN
2024-12-25T19:15;2024-12-25T19:30;78;EUR;MWh;NO;NO;;58.58;58.58;58.58;-1;DOWN
2024-12-25T19:30;2024-12-25T19:45;79;EUR;MWh;NO;NO;;56.46;56.46;56.46;-1;DOWN
2024-12-25T19:45;2024-12-25T20:00;80;EUR;MWh;NO;NO;;76.2;76.2;76.2;-1;DOWN
2024-12-25T20:00;2024-12-25T20:15;81;EUR;MWh;NO;NO;;93.29;93.29;93.29;-1;DOWN
2024-12-25T20:15;2024-12-25T20:30;82;EUR;MWh;NO;NO;;93.29;93.29;93.29;-1;DOWN
2024-12-25T20:30;2024-12-25T20:45;83;EUR;MWh;NO;NO;60;93.29;82.57;82.57;2;UP_AND_DOWN
2024-12-25T20:45;2024-12-25T21:00;84;EUR;MWh;NO;NO;60;105.14;82.57;82.57;2;UP_AND_DOWN
2024-12-25T21:00;2024-12-25T21:15;85;EUR;MWh;NO;NO;124.5;;124.5;124.5;1;UP
2024-12-25T21:15;2024-12-25T21:30;86;EUR;MWh;NO;NO;100.57;;100.57;100.57;1;UP
2024-12-25T21:30;2024-12-25T21:45;87;EUR;MWh;NO;NO;124.5;;124.5;124.5;1;UP
2024-12-25T21:45;2024-12-25T22:00;88;EUR;MWh;NO;NO;101.57;;101.57;101.57;1;UP
2024-12-25T22:00;2024-12-25T22:15;89;EUR;MWh;NO;NO;153.57;;153.57;153.57;1;UP
2024-12-25T22:15;2024-12-25T22:30;90;EUR;MWh;NO;NO;144;;144;144;1;UP
2024-12-25T22:30;2024-12-25T22:45;91;EUR;MWh;NO;NO;153.8;;153.8;153.8;1;UP
2024-12-25T22:45;2024-12-25T23:00;92;EUR;MWh;NO;NO;124.5;;124.5;124.5;1;UP
2024-12-25T23:00;2024-12-25T23:15;93;EUR;MWh;NO;NO;153.8;;153.8;153.8;1;UP
2024-12-25T23:15;2024-12-25T23:30;94;EUR;MWh;NO;NO;124.5;;124.5;124.5;1;UP
2024-12-25T23:30;2024-12-25T23:45;95;EUR;MWh;NO;NO;104.64;;104.64;104.64;1;UP
2024-12-25T23:45;2024-12-26T00:00;96;EUR;MWh;NO;NO;60;;60;60;1;UP
2024-12-26T00:00;2024-12-26T00:15;1;EUR;MWh;NO;NO;;;81.34;81.34;0;STABLE
2024-12-26T00:15;2024-12-26T00:30;2;EUR;MWh;NO;NO;109.27;82.68;109.27;77.1;2;UP_AND_DOWN
2024-12-26T00:30;2024-12-26T00:45;3;EUR;MWh;NO;NO;109.27;82.19;82.19;82.19;-1;DOWN
2024-12-26T00:45;2024-12-26T01:00;4;EUR;MWh;NO;NO;;85.83;85.83;85.83;-1;DOWN
2024-12-26T01:00;2024-12-26T01:15;5;EUR;MWh;NO;NO;109.71;94.09;109.71;77.05;2;UP_AND_DOWN
2024-12-26T01:15;2024-12-26T01:30;6;EUR;MWh;NO;NO;112.75;89.19;112.75;77.06;2;UP_AND_DOWN
2024-12-26T01:30;2024-12-26T01:45;7;EUR;MWh;NO;NO;112.75;89.19;112.75;77.06;2;UP_AND_DOWN
2024-12-26T01:45;2024-12-26T02:00;8;EUR;MWh;NO;NO;;77.68;77.68;77.68;-1;DOWN
2024-12-26T02:00;2024-12-26T02:15;9;EUR;MWh;NO;NO;118.19;87.57;118.19;76.1;2;UP_AND_DOWN
2024-12-26T02:15;2024-12-26T02:30;10;EUR;MWh;NO;NO;99.57;;99.57;99.57;1;UP
2024-12-26T02:30;2024-12-26T02:45;11;EUR;MWh;NO;NO;106.21;92.19;106.21;76.1;2;UP_AND_DOWN
2024-12-26T02:45;2024-12-26T03:00;12;EUR;MWh;NO;NO;120;;120;120;1;UP
2024-12-26T03:00;2024-12-26T03:15;13;EUR;MWh;NO;NO;98.38;;98.38;98.38;1;UP
2024-12-26T03:15;2024-12-26T03:30;14;EUR;MWh;NO;NO;98.39;84.23;98.39;76.1;2;UP_AND_DOWN
2024-12-26T03:30;2024-12-26T03:45;15;EUR;MWh;NO;NO;;77.98;77.98;77.98;-1;DOWN
2024-12-26T03:45;2024-12-26T04:00;16;EUR;MWh;NO;NO;;72.68;72.68;72.68;-1;DOWN
2024-12-26T04:00;2024-12-26T04:15;17;EUR;MWh;NO;NO;;71.65;71.65;71.65;-1;DOWN
2024-12-26T04:15;2024-12-26T04:30;18;EUR;MWh;NO;NO;;75.9;75.9;75.9;-1;DOWN
2024-12-26T04:30;2024-12-26T04:45;19;EUR;MWh;NO;NO;;74.26;74.26;74.26;-1;DOWN
2024-12-26T04:45;2024-12-26T05:00;20;EUR;MWh;NO;NO;;93.27;93.27;93.27;-1;DOWN
2024-12-26T05:00;2024-12-26T05:15;21;EUR;MWh;NO;NO;124.76;;124.76;124.76;1;UP
2024-12-26T05:15;2024-12-26T05:30;22;EUR;MWh;NO;NO;120;;120;120;1;UP
2024-12-26T05:30;2024-12-26T05:45;23;EUR;MWh;NO;NO;105.19;;105.19;105.19;1;UP
2024-12-26T05:45;2024-12-26T06:00;24;EUR;MWh;NO;NO;116.35;;116.35;116.35;1;UP
2024-12-26T06:00;2024-12-26T06:15;25;EUR;MWh;NO;NO;109.49;92.12;109.49;78.6;2;UP_AND_DOWN
2024-12-26T06:15;2024-12-26T06:30;26;EUR;MWh;NO;NO;116.31;;116.31;116.31;1;UP
2024-12-26T06:30;2024-12-26T06:45;27;EUR;MWh;NO;NO;117.84;;117.84;117.84;1;UP
2024-12-26T06:45;2024-12-26T07:00;28;EUR;MWh;NO;NO;97.57;;97.57;97.57;1;UP
2024-12-26T07:00;2024-12-26T07:15;29;EUR;MWh;NO;NO;65.07;;65.07;65.07;1;UP
2024-12-26T07:15;2024-12-26T07:30;30;EUR;MWh;NO;NO;126.5;;126.5;126.5;1;UP
2024-12-26T07:30;2024-12-26T07:45;31;EUR;MWh;NO;NO;120;;120;120;1;UP
2024-12-26T07:45;2024-12-26T08:00;32;EUR;MWh;NO;NO;120;;120;120;1;UP
2024-12-26T08:00;2024-12-26T08:15;33;EUR;MWh;NO;NO;120;87.68;87.68;87.68;-1;DOWN
2024-12-26T08:15;2024-12-26T08:30;34;EUR;MWh;NO;NO;;98.49;98.49;98.49;-1;DOWN
2024-12-26T08:30;2024-12-26T08:45;35;EUR;MWh;NO;NO;111.84;;111.84;111.84;1;UP
2024-12-26T08:45;2024-12-26T09:00;36;EUR;MWh;NO;NO;120;;120;120;1;UP
2024-12-26T09:00;2024-12-26T09:15;37;EUR;MWh;NO;NO;125.07;;125.07;125.07;1;UP
2024-12-26T09:15;2024-12-26T09:30;38;EUR;MWh;NO;NO;123.58;;123.58;123.58;1;UP
2024-12-26T09:30;2024-12-26T09:45;39;EUR;MWh;NO;NO;122.49;;122.49;122.49;1;UP
2024-12-26T09:45;2024-12-26T10:00;40;EUR;MWh;NO;NO;126.5;;126.5;126.5;1;UP
2024-12-26T10:00;2024-12-26T10:15;41;EUR;MWh;NO;NO;110.94;;110.94;110.94;1;UP
2024-12-26T10:15;2024-12-26T10:30;42;EUR;MWh;NO;NO;114.8;97.6;114.8;114.8;1;UP
2024-12-26T10:30;2024-12-26T10:45;43;EUR;MWh;NO;NO;110;;110;110;1;UP
2024-12-26T10:45;2024-12-26T11:00;44;EUR;MWh;NO;NO;65.07;;65.07;65.07;1;UP
2024-12-26T11:00;2024-12-26T11:15;45;EUR;MWh;NO;NO;126.6;;126.6;126.6;1;UP
2024-12-26T11:15;2024-12-26T11:30;46;EUR;MWh;NO;NO;110.79;;110.79;110.79;1;UP
2024-12-26T11:30;2024-12-26T11:45;47;EUR;MWh;NO;NO;110;;110;110;1;UP
2024-12-26T11:45;2024-12-26T12:00;48;EUR;MWh;NO;NO;120;;120;120;1;UP
2024-12-26T12:00;2024-12-26T12:15;49;EUR;MWh;NO;NO;126.7;;126.7;126.7;1;UP
2024-12-26T12:15;2024-12-26T12:30;50;EUR;MWh;NO;NO;123.58;;123.58;123.58;1;UP
2024-12-26T12:30;2024-12-26T12:45;51;EUR;MWh;NO;NO;108.67;;108.67;108.67;1;UP
2024-12-26T12:45;2024-12-26T13:00;52;EUR;MWh;NO;NO;115.67;;115.67;115.67;1;UP
2024-12-26T13:00;2024-12-26T13:15;53;EUR;MWh;NO;NO;120.67;;120.67;120.67;1;UP
2024-12-26T13:15;2024-12-26T13:30;54;EUR;MWh;NO;NO;120;;120;120;1;UP
2024-12-26T13:30;2024-12-26T13:45;55;EUR;MWh;NO;NO;102.57;;102.57;102.57;1;UP
2024-12-26T13:45;2024-12-26T14:00;56;EUR;MWh;NO;NO;98.57;94.54;98.57;83.61;2;UP_AND_DOWN
2024-12-26T14:00;2024-12-26T14:15;57;EUR;MWh;NO;NO;120;;120;120;1;UP
2024-12-26T14:15;2024-12-26T14:30;58;EUR;MWh;NO;NO;126.7;;126.7;126.7;1;UP
2024-12-26T14:30;2024-12-26T14:45;59;EUR;MWh;NO;NO;154.7;;154.7;154.7;1;UP
2024-12-26T14:45;2024-12-26T15:00;60;EUR;MWh;NO;NO;145.95;;145.95;145.95;1;UP
2024-12-26T15:00;2024-12-26T15:15;61;EUR;MWh;NO;NO;156.6;;156.6;156.6;1;UP
2024-12-26T15:15;2024-12-26T15:30;62;EUR;MWh;NO;NO;156.7;;156.7;156.7;1;UP
2024-12-26T15:30;2024-12-26T15:45;63;EUR;MWh;NO;NO;115;;115;115;1;UP
2024-12-26T15:45;2024-12-26T16:00;64;EUR;MWh;NO;NO;114.97;;114.97;114.97;1;UP
2024-12-26T16:00;2024-12-26T16:15;65;EUR;MWh;NO;NO;114.21;;114.21;114.21;1;UP
2024-12-26T16:15;2024-12-26T16:30;66;EUR;MWh;NO;NO;105.98;97.98;105.98;90.15;2;UP_AND_DOWN
2024-12-26T16:30;2024-12-26T16:45;67;EUR;MWh;NO;NO;115;120.2;115;90.1;2;UP_AND_DOWN
2024-12-26T16:45;2024-12-26T17:00;68;EUR;MWh;NO;NO;115.67;;115.67;115.67;1;UP
2024-12-26T17:00;2024-12-26T17:15;69;EUR;MWh;NO;NO;110.67;;110.67;110.67;1;UP
2024-12-26T17:15;2024-12-26T17:30;70;EUR;MWh;NO;NO;126.7;;126.7;126.7;1;UP
2024-12-26T17:30;2024-12-26T17:45;71;EUR;MWh;NO;NO;123.65;;123.65;123.65;1;UP
2024-12-26T17:45;2024-12-26T18:00;72;EUR;MWh;NO;NO;115.67;;115.67;115.67;1;UP
2024-12-26T18:00;2024-12-26T18:15;73;EUR;MWh;NO;NO;111.84;;111.84;111.84;1;UP
2024-12-26T18:15;2024-12-26T18:30;74;EUR;MWh;NO;NO;120.05;;120.05;120.05;1;UP
2024-12-26T18:30;2024-12-26T18:45;75;EUR;MWh;NO;NO;123.05;;123.05;123.05;1;UP
2024-12-26T18:45;2024-12-26T19:00;76;EUR;MWh;NO;NO;130.67;;130.67;130.67;1;UP
2024-12-26T19:00;2024-12-26T19:15;77;EUR;MWh;NO;NO;156.8;;156.8;156.8;1;UP
2024-12-26T19:15;2024-12-26T19:30;78;EUR;MWh;NO;NO;156.8;;156.8;156.8;1;UP
2024-12-26T19:30;2024-12-26T19:45;79;EUR;MWh;NO;NO;154.71;;154.71;154.71;1;UP
2024-12-26T19:45;2024-12-26T20:00;80;EUR;MWh;NO;NO;130.98;;130.98;130.98;1;UP
2024-12-26T20:00;2024-12-26T20:15;81;EUR;MWh;NO;NO;143.49;;143.49;143.49;1;UP
2024-12-26T20:15;2024-12-26T20:30;82;EUR;MWh;NO;NO;139;;139;139;1;UP
2024-12-26T20:30;2024-12-26T20:45;83;EUR;MWh;NO;NO;150.98;;150.98;150.98;1;UP
2024-12-26T20:45;2024-12-26T21:00;84;EUR;MWh;NO;NO;139;;139;139;1;UP
2024-12-26T21:00;2024-12-26T21:15;85;EUR;MWh;NO;NO;158.98;;158.98;158.98;1;UP
2024-12-26T21:15;2024-12-26T21:30;86;EUR;MWh;NO;NO;156.9;;156.9;156.9;1;UP
2024-12-26T21:30;2024-12-26T21:45;87;EUR;MWh;NO;NO;139;;139;139;1;UP
2024-12-26T21:45;2024-12-26T22:00;88;EUR;MWh;NO;NO;126.6;;126.6;126.6;1;UP
2024-12-26T22:00;2024-12-26T22:15;89;EUR;MWh;NO;NO;130.98;;130.98;130.98;1;UP
2024-12-26T22:15;2024-12-26T22:30;90;EUR;MWh;NO;NO;139.83;;139.83;139.83;1;UP
2024-12-26T22:30;2024-12-26T22:45;91;EUR;MWh;NO;NO;139;;139;139;1;UP
2024-12-26T22:45;2024-12-26T23:00;92;EUR;MWh;NO;NO;155.67;;155.67;155.67;1;UP
2024-12-26T23:00;2024-12-26T23:15;93;EUR;MWh;NO;NO;139;;139;139;1;UP
2024-12-26T23:15;2024-12-26T23:30;94;EUR;MWh;NO;NO;155.67;;155.67;155.67;1;UP
2024-12-26T23:30;2024-12-26T23:45;95;EUR;MWh;NO;NO;156.9;;156.9;156.9;1;UP
2024-12-26T23:45;2024-12-27T00:00;96;EUR;MWh;NO;NO;126.6;;126.6;126.6;1;UP
2024-12-27T00:00;2024-12-27T00:15;1;EUR;MWh;NO;NO;126.6;;126.6;126.6;1;UP
2024-12-27T00:15;2024-12-27T00:30;2;EUR;MWh;NO;NO;125;;125;125;1;UP
2024-12-27T00:30;2024-12-27T00:45;3;EUR;MWh;NO;NO;126.5;;126.5;126.5;1;UP
2024-12-27T00:45;2024-12-27T01:00;4;EUR;MWh;NO;NO;112.98;;112.98;112.98;1;UP
2024-12-27T01:00;2024-12-27T01:15;5;EUR;MWh;NO;NO;182.2;;182.2;182.2;1;UP
2024-12-27T01:15;2024-12-27T01:30;6;EUR;MWh;NO;NO;127.1;;127.1;127.1;1;UP
2024-12-27T01:30;2024-12-27T01:45;7;EUR;MWh;NO;NO;139;;139;139;1;UP
2024-12-27T01:45;2024-12-27T02:00;8;EUR;MWh;NO;NO;126.1;;126.1;126.1;1;UP
2024-12-27T02:00;2024-12-27T02:15;9;EUR;MWh;NO;NO;126;;126;126;1;UP
2024-12-27T02:15;2024-12-27T02:30;10;EUR;MWh;NO;NO;139;;139;139;1;UP
2024-12-27T02:30;2024-12-27T02:45;11;EUR;MWh;NO;NO;126;;126;126;1;UP
2024-12-27T02:45;2024-12-27T03:00;12;EUR;MWh;NO;NO;126;88.58;88.58;88.58;-1;DOWN
2024-12-27T03:00;2024-12-27T03:15;13;EUR;MWh;NO;NO;125.9;96.98;125.9;79.49;2;UP_AND_DOWN
2024-12-27T03:15;2024-12-27T03:30;14;EUR;MWh;NO;NO;117.2;;117.2;117.2;1;UP
2024-12-27T03:30;2024-12-27T03:45;15;EUR;MWh;NO;NO;110.76;;110.76;110.76;1;UP
2024-12-27T03:45;2024-12-27T04:00;16;EUR;MWh;NO;NO;99;;99;99;1;UP
2024-12-27T04:00;2024-12-27T04:15;17;EUR;MWh;NO;NO;125.8;;125.8;125.8;1;UP
2024-12-27T04:15;2024-12-27T04:30;18;EUR;MWh;NO;NO;112.57;;112.57;112.57;1;UP
2024-12-27T04:30;2024-12-27T04:45;19;EUR;MWh;NO;NO;125.8;;125.8;125.8;1;UP
2024-12-27T04:45;2024-12-27T05:00;20;EUR;MWh;NO;NO;118.57;;118.57;118.57;1;UP
2024-12-27T05:00;2024-12-27T05:15;21;EUR;MWh;NO;NO;125.8;78.08;125.8;78.08;2;UP_AND_DOWN
2024-12-27T05:15;2024-12-27T05:30;22;EUR;MWh;NO;NO;125.8;;125.8;125.8;1;UP
2024-12-27T05:30;2024-12-27T05:45;23;EUR;MWh;NO;NO;125.8;;125.8;125.8;1;UP
2024-12-27T05:45;2024-12-27T06:00;24;EUR;MWh;NO;NO;125.8;78.08;78.08;78.08;-1;DOWN
2024-12-27T06:00;2024-12-27T06:15;25;EUR;MWh;NO;NO;;75;75;75;-1;DOWN
2024-12-27T06:15;2024-12-27T06:30;26;EUR;MWh;NO;NO;;95.46;95.46;95.46;-1;DOWN
2024-12-27T06:30;2024-12-27T06:45;27;EUR;MWh;NO;NO;;75;75;75;-1;DOWN
2024-12-27T06:45;2024-12-27T07:00;28;EUR;MWh;NO;NO;;81.09;81.09;81.09;-1;DOWN
2024-12-27T07:00;2024-12-27T07:15;29;EUR;MWh;NO;NO;;55.17;55.17;55.17;-1;DOWN
2024-12-27T07:15;2024-12-27T07:30;30;EUR;MWh;NO;NO;;76.8;76.8;76.8;-1;DOWN
2024-12-27T07:30;2024-12-27T07:45;31;EUR;MWh;NO;NO;107.55;75;107.55;75;2;UP_AND_DOWN
2024-12-27T07:45;2024-12-27T08:00;32;EUR;MWh;NO;NO;105.07;96.98;105.07;89.03;2;UP_AND_DOWN
2024-12-27T08:00;2024-12-27T08:15;33;EUR;MWh;NO;NO;;75;75;75;-1;DOWN
2024-12-27T08:15;2024-12-27T08:30;34;EUR;MWh;NO;NO;75.07;92.57;92.57;92.57;-1;DOWN
2024-12-27T08:30;2024-12-27T08:45;35;EUR;MWh;NO;NO;118.57;;118.57;118.57;1;UP
2024-12-27T08:45;2024-12-27T09:00;36;EUR;MWh;NO;NO;125;;125;125;1;UP
2024-12-27T09:00;2024-12-27T09:15;37;EUR;MWh;NO;NO;118.57;;118.57;118.57;1;UP
2024-12-27T09:15;2024-12-27T09:30;38;EUR;MWh;NO;NO;107.57;;107.57;107.57;1;UP
2024-12-27T09:30;2024-12-27T09:45;39;EUR;MWh;NO;NO;118;;118;118;1;UP
2024-12-27T09:45;2024-12-27T10:00;40;EUR;MWh;NO;NO;118;89.55;89.55;89.55;-1;DOWN
2024-12-27T10:00;2024-12-27T10:15;41;EUR;MWh;NO;NO;140;97.53;140;81.49;2;UP_AND_DOWN
2024-12-27T10:15;2024-12-27T10:30;42;EUR;MWh;NO;NO;140;72.57;72.57;72.57;-1;DOWN
2024-12-27T10:30;2024-12-27T10:45;43;EUR;MWh;NO;NO;;60;60;60;-1;DOWN
2024-12-27T10:45;2024-12-27T11:00;44;EUR;MWh;NO;NO;;70.98;70.98;70.98;-1;DOWN
2024-12-27T11:00;2024-12-27T11:15;45;EUR;MWh;NO;NO;115.48;95.15;115.48;81.49;2;UP_AND_DOWN
2024-12-27T11:15;2024-12-27T11:30;46;EUR;MWh;NO;NO;116.57;;116.57;116.57;1;UP
2024-12-27T11:30;2024-12-27T11:45;47;EUR;MWh;NO;NO;130.33;;130.33;130.33;1;UP
2024-12-27T11:45;2024-12-27T12:00;48;EUR;MWh;NO;NO;114.38;;114.38;114.38;1;UP
2024-12-27T12:00;2024-12-27T12:15;49;EUR;MWh;NO;NO;156.38;;156.38;156.38;1;UP
2024-12-27T12:15;2024-12-27T12:30;50;EUR;MWh;NO;NO;133.57;;133.57;133.57;1;UP
2024-12-27T12:30;2024-12-27T12:45;51;EUR;MWh;NO;NO;126.6;;126.6;126.6;1;UP
2024-12-27T12:45;2024-12-27T13:00;52;EUR;MWh;NO;NO;116.38;95;116.38;81.49;2;UP_AND_DOWN
2024-12-27T13:00;2024-12-27T13:15;53;EUR;MWh;NO;NO;116.38;90.65;90.65;90.65;-1;DOWN
2024-12-27T13:15;2024-12-27T13:30;54;EUR;MWh;NO;NO;;93.65;93.65;93.65;-1;DOWN
2024-12-27T13:30;2024-12-27T13:45;55;EUR;MWh;NO;NO;102.57;95;102.57;102.57;1;UP
2024-12-27T13:45;2024-12-27T14:00;56;EUR;MWh;NO;NO;103.61;;103.61;103.61;1;UP
2024-12-27T14:00;2024-12-27T14:15;57;EUR;MWh;NO;NO;103.61;95.22;95.22;95.22;-1;DOWN
2024-12-27T14:15;2024-12-27T14:30;58;EUR;MWh;NO;NO;;95;95;95;-1;DOWN
2024-12-27T14:30;2024-12-27T14:45;59;EUR;MWh;NO;NO;107.69;102.98;107.69;88.49;2;UP_AND_DOWN
2024-12-27T14:45;2024-12-27T15:00;60;EUR;MWh;NO;NO;107.71;;107.71;107.71;1;UP
2024-12-27T15:00;2024-12-27T15:15;61;EUR;MWh;NO;NO;;93.29;93.29;93.29;-1;DOWN
2024-12-27T15:15;2024-12-27T15:30;62;EUR;MWh;NO;NO;139;102.98;139;139;1;UP
2024-12-27T15:30;2024-12-27T15:45;63;EUR;MWh;NO;NO;173.57;;173.57;173.57;1;UP
2024-12-27T15:45;2024-12-27T16:00;64;EUR;MWh;NO;NO;179.6;;179.6;179.6;1;UP
2024-12-27T16:00;2024-12-27T16:15;65;EUR;MWh;NO;NO;175.55;;175.55;175.55;1;UP
2024-12-27T16:15;2024-12-27T16:30;66;EUR;MWh;NO;NO;160.6;;160.6;160.6;1;UP
2024-12-27T16:30;2024-12-27T16:45;67;EUR;MWh;NO;NO;177.5;;177.5;177.5;1;UP
2024-12-27T16:45;2024-12-27T17:00;68;EUR;MWh;NO;NO;283.4;;283.4;283.4;1;UP
2024-12-27T17:00;2024-12-27T17:15;69;EUR;MWh;NO;NO;181.38;;181.38;181.38;1;UP
2024-12-27T17:15;2024-12-27T17:30;70;EUR;MWh;NO;NO;181.38;;181.38;181.38;1;UP
2024-12-27T17:30;2024-12-27T17:45;71;EUR;MWh;NO;NO;179.62;;179.62;179.62;1;UP
2024-12-27T17:45;2024-12-27T18:00;72;EUR;MWh;NO;NO;177.1;;177.1;177.1;1;UP
2024-12-27T18:00;2024-12-27T18:15;73;EUR;MWh;NO;NO;169.8;;169.8;169.8;1;UP
2024-12-27T18:15;2024-12-27T18:30;74;EUR;MWh;NO;NO;200;;200;200;1;UP
2024-12-27T18:30;2024-12-27T18:45;75;EUR;MWh;NO;NO;179.62;;179.62;179.62;1;UP
2024-12-27T18:45;2024-12-27T19:00;76;EUR;MWh;NO;NO;179.62;;179.62;179.62;1;UP
2024-12-27T19:00;2024-12-27T19:15;77;EUR;MWh;NO;NO;209.62;;209.62;209.62;1;UP
2024-12-27T19:15;2024-12-27T19:30;78;EUR;MWh;NO;NO;179.62;;179.62;179.62;1;UP
2024-12-27T19:30;2024-12-27T19:45;79;EUR;MWh;NO;NO;179.62;;179.62;179.62;1;UP
2024-12-27T19:45;2024-12-27T20:00;80;EUR;MWh;NO;NO;144.62;;144.62;144.62;1;UP
2024-12-27T20:00;2024-12-27T20:15;81;EUR;MWh;NO;NO;144.62;;144.62;144.62;1;UP
2024-12-27T20:15;2024-12-27T20:30;82;EUR;MWh;NO;NO;169;;169;169;1;UP
2024-12-27T20:30;2024-12-27T20:45;83;EUR;MWh;NO;NO;177;;177;177;1;UP
2024-12-27T20:45;2024-12-27T21:00;84;EUR;MWh;NO;NO;139;;139;139;1;UP
2024-12-27T21:00;2024-12-27T21:15;85;EUR;MWh;NO;NO;222;;222;222;1;UP
2024-12-27T21:15;2024-12-27T21:30;86;EUR;MWh;NO;NO;160;;160;160;1;UP
2024-12-27T21:30;2024-12-27T21:45;87;EUR;MWh;NO;NO;60;;60;60;1;UP
2024-12-27T21:45;2024-12-27T22:00;88;EUR;MWh;NO;NO;60;;60;60;1;UP
2024-12-27T22:00;2024-12-27T22:15;89;EUR;MWh;NO;NO;209.62;;209.62;209.62;1;UP
2024-12-27T22:15;2024-12-27T22:30;90;EUR;MWh;NO;NO;179.62;;179.62;179.62;1;UP
2024-12-27T22:30;2024-12-27T22:45;91;EUR;MWh;NO;NO;209.62;;209.62;209.62;1;UP
2024-12-27T22:45;2024-12-27T23:00;92;EUR;MWh;NO;NO;200;;200;200;1;UP
2024-12-27T23:00;2024-12-27T23:15;93;EUR;MWh;NO;NO;209.62;;209.62;209.62;1;UP
2024-12-27T23:15;2024-12-27T23:30;94;EUR;MWh;NO;NO;179.62;;179.62;179.62;1;UP
2024-12-27T23:30;2024-12-27T23:45;95;EUR;MWh;NO;NO;200;;200;200;1;UP
2024-12-27T23:45;2024-12-28T00:00;96;EUR;MWh;NO;NO;114.62;;114.62;114.62;1;UP
2024-12-28T00:00;2024-12-28T00:15;1;EUR;MWh;NO;NO;;97.85;97.85;97.85;-1;DOWN
2024-12-28T00:15;2024-12-28T00:30;2;EUR;MWh;NO;NO;;92.14;92.14;92.14;-1;DOWN
2024-12-28T00:30;2024-12-28T00:45;3;EUR;MWh;NO;NO;125;90.78;125;85.79;2;UP_AND_DOWN
2024-12-28T00:45;2024-12-28T01:00;4;EUR;MWh;NO;NO;125;89.14;89.14;89.14;-1;DOWN
2024-12-28T01:00;2024-12-28T01:15;5;EUR;MWh;NO;NO;162.11;104.57;162.11;85.79;2;UP_AND_DOWN
2024-12-28T01:15;2024-12-28T01:30;6;EUR;MWh;NO;NO;103.32;95;95;95;-1;DOWN
2024-12-28T01:30;2024-12-28T01:45;7;EUR;MWh;NO;NO;75.07;95.9;85.79;85.79;2;UP_AND_DOWN
2024-12-28T01:45;2024-12-28T02:00;8;EUR;MWh;NO;NO;;95.89;95.89;95.89;-1;DOWN
2024-12-28T02:00;2024-12-28T02:15;9;EUR;MWh;NO;NO;162.11;106.57;162.11;85.79;2;UP_AND_DOWN
2024-12-28T02:15;2024-12-28T02:30;10;EUR;MWh;NO;NO;103.38;;103.38;103.38;1;UP
2024-12-28T02:30;2024-12-28T02:45;11;EUR;MWh;NO;NO;99;106.57;99;85.79;2;UP_AND_DOWN
2024-12-28T02:45;2024-12-28T03:00;12;EUR;MWh;NO;NO;75.07;;75.07;75.07;1;UP
2024-12-28T03:00;2024-12-28T03:15;13;EUR;MWh;NO;NO;139.94;;139.94;139.94;1;UP
2024-12-28T03:15;2024-12-28T03:30;14;EUR;MWh;NO;NO;123.58;;123.58;123.58;1;UP
2024-12-28T03:30;2024-12-28T03:45;15;EUR;MWh;NO;NO;75.07;;75.07;75.07;1;UP
2024-12-28T03:45;2024-12-28T04:00;16;EUR;MWh;NO;NO;75.07;;75.07;75.07;1;UP
2024-12-28T04:00;2024-12-28T04:15;17;EUR;MWh;NO;NO;75.07;;75.07;75.07;1;UP
2024-12-28T04:15;2024-12-28T04:30;18;EUR;MWh;NO;NO;;;91.82;91.82;0;STABLE
2024-12-28T04:30;2024-12-28T04:45;19;EUR;MWh;NO;NO;;106.57;106.57;106.57;-1;DOWN
2024-12-28T04:45;2024-12-28T05:00;20;EUR;MWh;NO;NO;100.34;106.57;100.34;91.82;2;UP_AND_DOWN
2024-12-28T05:00;2024-12-28T05:15;21;EUR;MWh;NO;NO;109.83;;109.83;109.83;1;UP
2024-12-28T05:15;2024-12-28T05:30;22;EUR;MWh;NO;NO;125;;125;125;1;UP
2024-12-28T05:30;2024-12-28T05:45;23;EUR;MWh;NO;NO;162.11;;162.11;162.11;1;UP
2024-12-28T05:45;2024-12-28T06:00;24;EUR;MWh;NO;NO;162.11;;162.11;162.11;1;UP
2024-12-28T06:00;2024-12-28T06:15;25;EUR;MWh;NO;NO;162.11;;162.11;162.11;1;UP
2024-12-28T06:15;2024-12-28T06:30;26;EUR;MWh;NO;NO;162.11;;162.11;162.11;1;UP
2024-12-28T06:30;2024-12-28T06:45;27;EUR;MWh;NO;NO;127.14;;127.14;127.14;1;UP
2024-12-28T06:45;2024-12-28T07:00;28;EUR;MWh;NO;NO;125.89;;125.89;125.89;1;UP
2024-12-28T07:00;2024-12-28T07:15;29;EUR;MWh;NO;NO;118.58;;118.58;118.58;1;UP
2024-12-28T07:15;2024-12-28T07:30;30;EUR;MWh;NO;NO;125.96;;125.96;125.96;1;UP
2024-12-28T07:30;2024-12-28T07:45;31;EUR;MWh;NO;NO;144.58;;144.58;144.58;1;UP
2024-12-28T07:45;2024-12-28T08:00;32;EUR;MWh;NO;NO;141.57;;141.57;141.57;1;UP
2024-12-28T08:00;2024-12-28T08:15;33;EUR;MWh;NO;NO;113.06;97.61;113.06;95.79;2;UP_AND_DOWN
2024-12-28T08:15;2024-12-28T08:30;34;EUR;MWh;NO;NO;113.06;;113.06;113.06;1;UP
2024-12-28T08:30;2024-12-28T08:45;35;EUR;MWh;NO;NO;133.59;;133.59;133.59;1;UP
2024-12-28T08:45;2024-12-28T09:00;36;EUR;MWh;NO;NO;111.19;;111.19;111.19;1;UP
2024-12-28T09:00;2024-12-28T09:15;37;EUR;MWh;NO;NO;;;92.06;92.06;0;STABLE
2024-12-28T09:15;2024-12-28T09:30;38;EUR;MWh;NO;NO;;104.57;104.57;104.57;-1;DOWN
2024-12-28T09:30;2024-12-28T09:45;39;EUR;MWh;NO;NO;;89.59;89.59;89.59;-1;DOWN
2024-12-28T09:45;2024-12-28T10:00;40;EUR;MWh;NO;NO;;77.85;77.85;77.85;-1;DOWN
2024-12-28T10:00;2024-12-28T10:15;41;EUR;MWh;NO;NO;;80.7;80.7;80.7;-1;DOWN
2024-12-28T10:15;2024-12-28T10:30;42;EUR;MWh;NO;NO;;80.7;80.7;80.7;-1;DOWN
2024-12-28T10:30;2024-12-28T10:45;43;EUR;MWh;NO;NO;;80.7;80.7;80.7;-1;DOWN
2024-12-28T10:45;2024-12-28T11:00;44;EUR;MWh;NO;NO;;80.82;80.82;80.82;-1;DOWN
2024-12-28T11:00;2024-12-28T11:15;45;EUR;MWh;NO;NO;103.53;88.57;103.53;88.57;2;UP_AND_DOWN
2024-12-28T11:15;2024-12-28T11:30;46;EUR;MWh;NO;NO;;105.57;105.57;105.57;-1;DOWN
2024-12-28T11:30;2024-12-28T11:45;47;EUR;MWh;NO;NO;97.57;108.57;97.57;91.82;2;UP_AND_DOWN
2024-12-28T11:45;2024-12-28T12:00;48;EUR;MWh;NO;NO;101.63;;101.63;101.63;1;UP
2024-12-28T12:00;2024-12-28T12:15;49;EUR;MWh;NO;NO;128.58;;128.58;128.58;1;UP
2024-12-28T12:15;2024-12-28T12:30;50;EUR;MWh;NO;NO;123.58;;123.58;123.58;1;UP
2024-12-28T12:30;2024-12-28T12:45;51;EUR;MWh;NO;NO;151.57;;151.57;151.57;1;UP
2024-12-28T12:45;2024-12-28T13:00;52;EUR;MWh;NO;NO;121.66;;121.66;121.66;1;UP
2024-12-28T13:00;2024-12-28T13:15;53;EUR;MWh;NO;NO;121.66;97.85;97.85;97.85;-1;DOWN
2024-12-28T13:15;2024-12-28T13:30;54;EUR;MWh;NO;NO;;99.57;99.57;99.57;-1;DOWN
2024-12-28T13:30;2024-12-28T13:45;55;EUR;MWh;NO;NO;129.94;;129.94;129.94;1;UP
2024-12-28T13:45;2024-12-28T14:00;56;EUR;MWh;NO;NO;162.11;;162.11;162.11;1;UP
2024-12-28T14:00;2024-12-28T14:15;57;EUR;MWh;NO;NO;137.24;;137.24;137.24;1;UP
2024-12-28T14:15;2024-12-28T14:30;58;EUR;MWh;NO;NO;128.58;;128.58;128.58;1;UP
2024-12-28T14:30;2024-12-28T14:45;59;EUR;MWh;NO;NO;190.97;;190.97;190.97;1;UP
2024-12-28T14:45;2024-12-28T15:00;60;EUR;MWh;NO;NO;197.57;;197.57;197.57;1;UP
2024-12-28T15:00;2024-12-28T15:15;61;EUR;MWh;NO;NO;115;95;115;87.54;2;UP_AND_DOWN
2024-12-28T15:15;2024-12-28T15:30;62;EUR;MWh;NO;NO;105.95;92.85;105.95;87.54;2;UP_AND_DOWN
2024-12-28T15:30;2024-12-28T15:45;63;EUR;MWh;NO;NO;148.58;;148.58;148.58;1;UP
2024-12-28T15:45;2024-12-28T16:00;64;EUR;MWh;NO;NO;148.58;;148.58;148.58;1;UP
2024-12-28T16:00;2024-12-28T16:15;65;EUR;MWh;NO;NO;125.02;86.9;125.02;86.9;2;UP_AND_DOWN
2024-12-28T16:15;2024-12-28T16:30;66;EUR;MWh;NO;NO;;62.17;62.17;62.17;-1;DOWN
2024-12-28T16:30;2024-12-28T16:45;67;EUR;MWh;NO;NO;118.58;77.85;118.58;77.85;2;UP_AND_DOWN
2024-12-28T16:45;2024-12-28T17:00;68;EUR;MWh;NO;NO;158.58;77.85;158.58;158.58;1;UP
2024-12-28T17:00;2024-12-28T17:15;69;EUR;MWh;NO;NO;246;;246;246;1;UP
2024-12-28T17:15;2024-12-28T17:30;70;EUR;MWh;NO;NO;75.07;78;87.54;78;2;UP_AND_DOWN
2024-12-28T17:30;2024-12-28T17:45;71;EUR;MWh;NO;NO;;89.57;89.57;89.57;-1;DOWN
2024-12-28T17:45;2024-12-28T18:00;72;EUR;MWh;NO;NO;146.58;89.57;146.58;146.58;1;UP
2024-12-28T18:00;2024-12-28T18:15;73;EUR;MWh;NO;NO;136.58;;136.58;136.58;1;UP
2024-12-28T18:15;2024-12-28T18:30;74;EUR;MWh;NO;NO;199;;199;199;1;UP
2024-12-28T18:30;2024-12-28T18:45;75;EUR;MWh;NO;NO;190.03;;190.03;190.03;1;UP
2024-12-28T18:45;2024-12-28T19:00;76;EUR;MWh;NO;NO;146.58;;146.58;146.58;1;UP
2024-12-28T19:00;2024-12-28T19:15;77;EUR;MWh;NO;NO;134.94;99.68;134.94;134.94;1;UP
2024-12-28T19:15;2024-12-28T19:30;78;EUR;MWh;NO;NO;183.58;95;183.58;87.54;2;UP_AND_DOWN
2024-12-28T19:30;2024-12-28T19:45;79;EUR;MWh;NO;NO;126.5;88.53;88.53;88.53;-1;DOWN
2024-12-28T19:45;2024-12-28T20:00;80;EUR;MWh;NO;NO;;86.59;86.59;86.59;-1;DOWN
2024-12-28T20:00;2024-12-28T20:15;81;EUR;MWh;NO;NO;200;;200;200;1;UP
2024-12-28T20:15;2024-12-28T20:30;82;EUR;MWh;NO;NO;166.58;;166.58;166.58;1;UP
2024-12-28T20:30;2024-12-28T20:45;83;EUR;MWh;NO;NO;148.58;;148.58;148.58;1;UP
2024-12-28T20:45;2024-12-28T21:00;84;EUR;MWh;NO;NO;124.19;;124.19;124.19;1;UP
2024-12-28T21:00;2024-12-28T21:15;85;EUR;MWh;NO;NO;133.17;;133.17;133.17;1;UP
2024-12-28T21:15;2024-12-28T21:30;86;EUR;MWh;NO;NO;141.72;;141.72;141.72;1;UP
2024-12-28T21:30;2024-12-28T21:45;87;EUR;MWh;NO;NO;147.46;;147.46;147.46;1;UP
2024-12-28T21:45;2024-12-28T22:00;88;EUR;MWh;NO;NO;147.46;90.57;90.57;90.57;-1;DOWN
2024-12-28T22:00;2024-12-28T22:15;89;EUR;MWh;NO;NO;;86.59;86.59;86.59;-1;DOWN
2024-12-28T22:15;2024-12-28T22:30;90;EUR;MWh;NO;NO;;85.82;85.82;85.82;-1;DOWN
2024-12-28T22:30;2024-12-28T22:45;91;EUR;MWh;NO;NO;;95;95;95;-1;DOWN
2024-12-28T22:45;2024-12-28T23:00;92;EUR;MWh;NO;NO;;99.57;99.57;99.57;-1;DOWN
2024-12-28T23:00;2024-12-28T23:15;93;EUR;MWh;NO;NO;186.72;99.57;186.72;87.54;2;UP_AND_DOWN
2024-12-28T23:15;2024-12-28T23:30;94;EUR;MWh;NO;NO;103.59;;103.59;103.59;1;UP
2024-12-28T23:30;2024-12-28T23:45;95;EUR;MWh;NO;NO;121.72;93.06;121.72;87.54;2;UP_AND_DOWN
2024-12-28T23:45;2024-12-29T00:00;96;EUR;MWh;NO;NO;121.72;89.2;89.2;89.2;-1;DOWN
2024-12-29T00:00;2024-12-29T00:15;1;EUR;MWh;NO;NO;108.43;88.98;108.43;88.98;2;UP_AND_DOWN
2024-12-29T00:15;2024-12-29T00:30;2;EUR;MWh;NO;NO;90.58;48.57;90.79;48.57;2;UP_AND_DOWN
2024-12-29T00:30;2024-12-29T00:45;3;EUR;MWh;NO;NO;;48.57;48.57;48.57;-1;DOWN
2024-12-29T00:45;2024-12-29T01:00;4;EUR;MWh;NO;NO;;67.58;67.58;67.58;-1;DOWN
2024-12-29T01:00;2024-12-29T01:15;5;EUR;MWh;NO;NO;;54.58;54.58;54.58;-1;DOWN
2024-12-29T01:15;2024-12-29T01:30;6;EUR;MWh;NO;NO;;54.58;54.58;54.58;-1;DOWN
2024-12-29T01:30;2024-12-29T01:45;7;EUR;MWh;NO;NO;;74.57;74.57;74.57;-1;DOWN
2024-12-29T01:45;2024-12-29T02:00;8;EUR;MWh;NO;NO;;102;102;102;-1;DOWN
2024-12-29T02:00;2024-12-29T02:15;9;EUR;MWh;NO;NO;156.29;116.57;156.29;90.79;2;UP_AND_DOWN
2024-12-29T02:15;2024-12-29T02:30;10;EUR;MWh;NO;NO;116.57;;116.57;116.57;1;UP
2024-12-29T02:30;2024-12-29T02:45;11;EUR;MWh;NO;NO;118.98;;118.98;118.98;1;UP
2024-12-29T02:45;2024-12-29T03:00;12;EUR;MWh;NO;NO;109.57;;109.57;109.57;1;UP
2024-12-29T03:00;2024-12-29T03:15;13;EUR;MWh;NO;NO;137.22;;137.22;137.22;1;UP
2024-12-29T03:15;2024-12-29T03:30;14;EUR;MWh;NO;NO;117.06;;117.06;117.06;1;UP
2024-12-29T03:30;2024-12-29T03:45;15;EUR;MWh;NO;NO;121.16;;121.16;121.16;1;UP
2024-12-29T03:45;2024-12-29T04:00;16;EUR;MWh;NO;NO;121.09;;121.09;121.09;1;UP
2024-12-29T04:00;2024-12-29T04:15;17;EUR;MWh;NO;NO;127.57;;127.57;127.57;1;UP
2024-12-29T04:15;2024-12-29T04:30;18;EUR;MWh;NO;NO;126.27;;126.27;126.27;1;UP
2024-12-29T04:30;2024-12-29T04:45;19;EUR;MWh;NO;NO;107.57;111.57;111.57;111.57;-1;DOWN
2024-12-29T04:45;2024-12-29T05:00;20;EUR;MWh;NO;NO;105.07;111.57;105.07;90.79;2;UP_AND_DOWN
2024-12-29T05:00;2024-12-29T05:15;21;EUR;MWh;NO;NO;105.07;95.57;95.57;95.57;-1;DOWN
2024-12-29T05:15;2024-12-29T05:30;22;EUR;MWh;NO;NO;;89;89;89;-1;DOWN
2024-12-29T05:30;2024-12-29T05:45;23;EUR;MWh;NO;NO;105.35;;105.35;105.35;1;UP
2024-12-29T05:45;2024-12-29T06:00;24;EUR;MWh;NO;NO;100.33;;100.33;100.33;1;UP
2024-12-29T06:00;2024-12-29T06:15;25;EUR;MWh;NO;NO;103.44;;103.44;103.44;1;UP
2024-12-29T06:15;2024-12-29T06:30;26;EUR;MWh;NO;NO;106.68;;106.68;106.68;1;UP
2024-12-29T06:30;2024-12-29T06:45;27;EUR;MWh;NO;NO;141;;141;141;1;UP
2024-12-29T06:45;2024-12-29T07:00;28;EUR;MWh;NO;NO;141;;141;141;1;UP
2024-12-29T07:00;2024-12-29T07:15;29;EUR;MWh;NO;NO;177;;177;177;1;UP
2024-12-29T07:15;2024-12-29T07:30;30;EUR;MWh;NO;NO;167.1;;167.1;167.1;1;UP
2024-12-29T07:30;2024-12-29T07:45;31;EUR;MWh;NO;NO;194.57;;194.57;194.57;1;UP
2024-12-29T07:45;2024-12-29T08:00;32;EUR;MWh;NO;NO;198.68;97.95;97.95;97.95;-1;DOWN
2024-12-29T08:00;2024-12-29T08:15;33;EUR;MWh;NO;NO;198.68;80.52;80.52;80.52;-1;DOWN
2024-12-29T08:15;2024-12-29T08:30;34;EUR;MWh;NO;NO;;80.85;80.85;80.85;-1;DOWN
2024-12-29T08:30;2024-12-29T08:45;35;EUR;MWh;NO;NO;;51.57;51.57;51.57;-1;DOWN
2024-12-29T08:45;2024-12-29T09:00;36;EUR;MWh;NO;NO;;48.95;48.95;48.95;-1;DOWN
2024-12-29T09:00;2024-12-29T09:15;37;EUR;MWh;NO;NO;;46.83;46.83;46.83;-1;DOWN
2024-12-29T09:15;2024-12-29T09:30;38;EUR;MWh;NO;NO;;46.83;46.83;46.83;-1;DOWN
2024-12-29T09:30;2024-12-29T09:45;39;EUR;MWh;NO;NO;;46.83;46.83;46.83;-1;DOWN
2024-12-29T09:45;2024-12-29T10:00;40;EUR;MWh;NO;NO;;49.13;49.13;49.13;-1;DOWN
2024-12-29T10:00;2024-12-29T10:15;41;EUR;MWh;NO;NO;125.45;82.89;125.45;82.89;2;UP_AND_DOWN
2024-12-29T10:15;2024-12-29T10:30;42;EUR;MWh;NO;NO;;81.83;81.83;81.83;-1;DOWN
2024-12-29T10:30;2024-12-29T10:45;43;EUR;MWh;NO;NO;;71.83;71.83;71.83;-1;DOWN
2024-12-29T10:45;2024-12-29T11:00;44;EUR;MWh;NO;NO;;79.57;79.57;79.57;-1;DOWN
2024-12-29T11:00;2024-12-29T11:15;45;EUR;MWh;NO;NO;153.74;86.83;153.74;86.83;2;UP_AND_DOWN
2024-12-29T11:15;2024-12-29T11:30;46;EUR;MWh;NO;NO;141;;141;141;1;UP
2024-12-29T11:30;2024-12-29T11:45;47;EUR;MWh;NO;NO;141;;141;141;1;UP
2024-12-29T11:45;2024-12-29T12:00;48;EUR;MWh;NO;NO;150;;150;150;1;UP
2024-12-29T12:00;2024-12-29T12:15;49;EUR;MWh;NO;NO;150;;150;150;1;UP
2024-12-29T12:15;2024-12-29T12:30;50;EUR;MWh;NO;NO;116.85;;116.85;116.85;1;UP
2024-12-29T12:30;2024-12-29T12:45;51;EUR;MWh;NO;NO;153.84;;153.84;153.84;1;UP
2024-12-29T12:45;2024-12-29T13:00;52;EUR;MWh;NO;NO;144;;144;144;1;UP
2024-12-29T13:00;2024-12-29T13:15;53;EUR;MWh;NO;NO;141;;141;141;1;UP
2024-12-29T13:15;2024-12-29T13:30;54;EUR;MWh;NO;NO;141;;141;141;1;UP
2024-12-29T13:30;2024-12-29T13:45;55;EUR;MWh;NO;NO;128.45;;128.45;128.45;1;UP
2024-12-29T13:45;2024-12-29T14:00;56;EUR;MWh;NO;NO;111.57;;111.57;111.57;1;UP
2024-12-29T14:00;2024-12-29T14:15;57;EUR;MWh;NO;NO;110.85;;110.85;110.85;1;UP
2024-12-29T14:15;2024-12-29T14:30;58;EUR;MWh;NO;NO;;;89.32;89.32;0;STABLE
2024-12-29T14:30;2024-12-29T14:45;59;EUR;MWh;NO;NO;;;89.32;89.32;0;STABLE
2024-12-29T14:45;2024-12-29T15:00;60;EUR;MWh;NO;NO;123.45;;123.45;123.45;1;UP
2024-12-29T15:00;2024-12-29T15:15;61;EUR;MWh;NO;NO;103.85;44;103.85;44;2;UP_AND_DOWN
2024-12-29T15:15;2024-12-29T15:30;62;EUR;MWh;NO;NO;;90;90;90;-1;DOWN
2024-12-29T15:30;2024-12-29T15:45;63;EUR;MWh;NO;NO;;90;90;90;-1;DOWN
2024-12-29T15:45;2024-12-29T16:00;64;EUR;MWh;NO;NO;;90.85;90.85;90.85;-1;DOWN
2024-12-29T16:00;2024-12-29T16:15;65;EUR;MWh;NO;NO;;89;89;89;-1;DOWN
2024-12-29T16:15;2024-12-29T16:30;66;EUR;MWh;NO;NO;;89;89;89;-1;DOWN
2024-12-29T16:30;2024-12-29T16:45;67;EUR;MWh;NO;NO;;74.19;74.19;74.19;-1;DOWN
2024-12-29T16:45;2024-12-29T17:00;68;EUR;MWh;NO;NO;;91.57;91.57;91.57;-1;DOWN
2024-12-29T17:00;2024-12-29T17:15;69;EUR;MWh;NO;NO;;98.25;98.25;98.25;-1;DOWN
2024-12-29T17:15;2024-12-29T17:30;70;EUR;MWh;NO;NO;75.07;98.25;98.25;98.25;-1;DOWN
2024-12-29T17:30;2024-12-29T17:45;71;EUR;MWh;NO;NO;138.57;107.27;138.57;138.57;1;UP
2024-12-29T17:45;2024-12-29T18:00;72;EUR;MWh;NO;NO;110.85;94.57;94.57;94.57;-1;DOWN
2024-12-29T18:00;2024-12-29T18:15;73;EUR;MWh;NO;NO;428.1;94.57;428.1;428.1;1;UP
2024-12-29T18:15;2024-12-29T18:30;74;EUR;MWh;NO;NO;141;;141;141;1;UP
2024-12-29T18:30;2024-12-29T18:45;75;EUR;MWh;NO;NO;109.57;85;85;85;-1;DOWN
2024-12-29T18:45;2024-12-29T19:00;76;EUR;MWh;NO;NO;;85;85;85;-1;DOWN
2024-12-29T19:00;2024-12-29T19:15;77;EUR;MWh;NO;NO;;87.85;87.85;87.85;-1;DOWN
2024-12-29T19:15;2024-12-29T19:30;78;EUR;MWh;NO;NO;;87.85;87.85;87.85;-1;DOWN
2024-12-29T19:30;2024-12-29T19:45;79;EUR;MWh;NO;NO;;91.57;91.57;91.57;-1;DOWN
2024-12-29T19:45;2024-12-29T20:00;80;EUR;MWh;NO;NO;;81.93;81.93;81.93;-1;DOWN
2024-12-29T20:00;2024-12-29T20:15;81;EUR;MWh;NO;NO;125.57;71.65;125.57;71.65;2;UP_AND_DOWN
2024-12-29T20:15;2024-12-29T20:30;82;EUR;MWh;NO;NO;130.61;94.88;130.61;83.29;2;UP_AND_DOWN
2024-12-29T20:30;2024-12-29T20:45;83;EUR;MWh;NO;NO;122;92.94;122;83.29;2;UP_AND_DOWN
2024-12-29T20:45;2024-12-29T21:00;84;EUR;MWh;NO;NO;116.85;;116.85;116.85;1;UP
2024-12-29T21:00;2024-12-29T21:15;85;EUR;MWh;NO;NO;122;81.89;122;81.89;2;UP_AND_DOWN
2024-12-29T21:15;2024-12-29T21:30;86;EUR;MWh;NO;NO;135;;135;135;1;UP
2024-12-29T21:30;2024-12-29T21:45;87;EUR;MWh;NO;NO;119;;119;119;1;UP
2024-12-29T21:45;2024-12-29T22:00;88;EUR;MWh;NO;NO;135;;135;135;1;UP
2024-12-29T22:00;2024-12-29T22:15;89;EUR;MWh;NO;NO;135;;135;135;1;UP
2024-12-29T22:15;2024-12-29T22:30;90;EUR;MWh;NO;NO;150.85;;150.85;150.85;1;UP
2024-12-29T22:30;2024-12-29T22:45;91;EUR;MWh;NO;NO;133;;133;133;1;UP
2024-12-29T22:45;2024-12-29T23:00;92;EUR;MWh;NO;NO;116.12;;116.12;116.12;1;UP
2024-12-29T23:00;2024-12-29T23:15;93;EUR;MWh;NO;NO;135;;135;135;1;UP
2024-12-29T23:15;2024-12-29T23:30;94;EUR;MWh;NO;NO;119.57;86.57;86.57;86.57;-1;DOWN
2024-12-29T23:30;2024-12-29T23:45;95;EUR;MWh;NO;NO;;60;60;60;-1;DOWN
2024-12-29T23:45;2024-12-30T00:00;96;EUR;MWh;NO;NO;;35.65;35.65;35.65;-1;DOWN
2024-12-30T00:00;2024-12-30T00:15;1;EUR;MWh;NO;NO;135;-12.2;135;-12.2;2;UP_AND_DOWN
2024-12-30T00:15;2024-12-30T00:30;2;EUR;MWh;NO;NO;155;-12.2;155;-12.2;2;UP_AND_DOWN
2024-12-30T00:30;2024-12-30T00:45;3;EUR;MWh;NO;NO;;-12.2;-12.2;-12.2;-1;DOWN
2024-12-30T00:45;2024-12-30T01:00;4;EUR;MWh;NO;NO;;-12.2;-12.2;-12.2;-1;DOWN
2024-12-30T01:00;2024-12-30T01:15;5;EUR;MWh;NO;NO;;-10.3;-10.3;-10.3;-1;DOWN
2024-12-30T01:15;2024-12-30T01:30;6;EUR;MWh;NO;NO;;-11.7;-11.7;-11.7;-1;DOWN
2024-12-30T01:30;2024-12-30T01:45;7;EUR;MWh;NO;NO;;-11.7;-11.7;-11.7;-1;DOWN
2024-12-30T01:45;2024-12-30T02:00;8;EUR;MWh;NO;NO;;-11.7;-11.7;-11.7;-1;DOWN
2024-12-30T02:00;2024-12-30T02:15;9;EUR;MWh;NO;NO;135.57;-10.71;135.57;-10.71;2;UP_AND_DOWN
2024-12-30T02:15;2024-12-30T02:30;10;EUR;MWh;NO;NO;111.57;-5.5;-5.5;-5.5;-1;DOWN
2024-12-30T02:30;2024-12-30T02:45;11;EUR;MWh;NO;NO;130.57;-10.5;130.57;-10.5;2;UP_AND_DOWN
2024-12-30T02:45;2024-12-30T03:00;12;EUR;MWh;NO;NO;125.85;-24.76;-24.76;-24.76;-1;DOWN
2024-12-30T03:00;2024-12-30T03:15;13;EUR;MWh;NO;NO;125.11;-35;125.11;-35;2;UP_AND_DOWN
2024-12-30T03:15;2024-12-30T03:30;14;EUR;MWh;NO;NO;116.85;-24.73;-24.73;-24.73;-1;DOWN
2024-12-30T03:30;2024-12-30T03:45;15;EUR;MWh;NO;NO;;-32;-32;-32;-1;DOWN
2024-12-30T03:45;2024-12-30T04:00;16;EUR;MWh;NO;NO;;-28.51;-28.51;-28.51;-1;DOWN
2024-12-30T04:00;2024-12-30T04:15;17;EUR;MWh;NO;NO;111;-30;111;111;1;UP
2024-12-30T04:15;2024-12-30T04:30;18;EUR;MWh;NO;NO;113.57;-5.21;113.57;-5.21;2;UP_AND_DOWN
2024-12-30T04:30;2024-12-30T04:45;19;EUR;MWh;NO;NO;105.22;77;105.22;76.32;2;UP_AND_DOWN
2024-12-30T04:45;2024-12-30T05:00;20;EUR;MWh;NO;NO;103.85;-4.18;103.85;-4.18;2;UP_AND_DOWN
2024-12-30T05:00;2024-12-30T05:15;21;EUR;MWh;NO;NO;;-18.39;-18.39;-18.39;-1;DOWN
2024-12-30T05:15;2024-12-30T05:30;22;EUR;MWh;NO;NO;110;16.65;110;16.65;2;UP_AND_DOWN
2024-12-30T05:30;2024-12-30T05:45;23;EUR;MWh;NO;NO;114.8;87.85;114.8;76.32;2;UP_AND_DOWN
2024-12-30T05:45;2024-12-30T06:00;24;EUR;MWh;NO;NO;114.57;;114.57;114.57;1;UP
2024-12-30T06:00;2024-12-30T06:15;25;EUR;MWh;NO;NO;111.23;16.65;111.23;16.65;2;UP_AND_DOWN
2024-12-30T06:15;2024-12-30T06:30;26;EUR;MWh;NO;NO;112.57;16.65;112.57;112.57;1;UP
2024-12-30T06:30;2024-12-30T06:45;27;EUR;MWh;NO;NO;140;;140;140;1;UP
2024-12-30T06:45;2024-12-30T07:00;28;EUR;MWh;NO;NO;125.57;;125.57;125.57;1;UP
2024-12-30T07:00;2024-12-30T07:15;29;EUR;MWh;NO;NO;110.57;61.56;110.57;61.56;2;UP_AND_DOWN
2024-12-30T07:15;2024-12-30T07:30;30;EUR;MWh;NO;NO;115;61.56;115;115;1;UP
2024-12-30T07:30;2024-12-30T07:45;31;EUR;MWh;NO;NO;117.23;;117.23;117.23;1;UP
2024-12-30T07:45;2024-12-30T08:00;32;EUR;MWh;NO;NO;116.96;-3.49;116.96;-3.49;2;UP_AND_DOWN
2024-12-30T08:00;2024-12-30T08:15;33;EUR;MWh;NO;NO;112.57;14;112.57;14;2;UP_AND_DOWN
2024-12-30T08:15;2024-12-30T08:30;34;EUR;MWh;NO;NO;113.57;;113.57;113.57;1;UP
2024-12-30T08:30;2024-12-30T08:45;35;EUR;MWh;NO;NO;111.57;;111.57;111.57;1;UP
2024-12-30T08:45;2024-12-30T09:00;36;EUR;MWh;NO;NO;111.57;;111.57;111.57;1;UP
2024-12-30T09:00;2024-12-30T09:15;37;EUR;MWh;NO;NO;155.57;;155.57;155.57;1;UP
2024-12-30T09:15;2024-12-30T09:30;38;EUR;MWh;NO;NO;131.76;;131.76;131.76;1;UP
2024-12-30T09:30;2024-12-30T09:45;39;EUR;MWh;NO;NO;108;;108;108;1;UP
2024-12-30T09:45;2024-12-30T10:00;40;EUR;MWh;NO;NO;111.23;;111.23;111.23;1;UP
2024-12-30T10:00;2024-12-30T10:15;41;EUR;MWh;NO;NO;228.57;;228.57;228.57;1;UP
2024-12-30T10:15;2024-12-30T10:30;42;EUR;MWh;NO;NO;134;;134;134;1;UP
2024-12-30T10:30;2024-12-30T10:45;43;EUR;MWh;NO;NO;135;;135;135;1;UP
2024-12-30T10:45;2024-12-30T11:00;44;EUR;MWh;NO;NO;120.06;;120.06;120.06;1;UP
2024-12-30T11:00;2024-12-30T11:15;45;EUR;MWh;NO;NO;144.9;;144.9;144.9;1;UP
2024-12-30T11:15;2024-12-30T11:30;46;EUR;MWh;NO;NO;133.08;;133.08;133.08;1;UP
2024-12-30T11:30;2024-12-30T11:45;47;EUR;MWh;NO;NO;115;;115;115;1;UP
2024-12-30T11:45;2024-12-30T12:00;48;EUR;MWh;NO;NO;111.23;;111.23;111.23;1;UP
2024-12-30T12:00;2024-12-30T12:15;49;EUR;MWh;NO;NO;119.57;;119.57;119.57;1;UP
2024-12-30T12:15;2024-12-30T12:30;50;EUR;MWh;NO;NO;119.57;;119.57;119.57;1;UP
2024-12-30T12:30;2024-12-30T12:45;51;EUR;MWh;NO;NO;100;;100;100;1;UP
2024-12-30T12:45;2024-12-30T13:00;52;EUR;MWh;NO;NO;65.07;;65.07;65.07;1;UP
2024-12-30T13:00;2024-12-30T13:15;53;EUR;MWh;NO;NO;105.07;;105.07;105.07;1;UP
2024-12-30T13:15;2024-12-30T13:30;54;EUR;MWh;NO;NO;105.07;30;30;30;-1;DOWN
2024-12-30T13:30;2024-12-30T13:45;55;EUR;MWh;NO;NO;111;-3.6;111;-3.6;2;UP_AND_DOWN
2024-12-30T13:45;2024-12-30T14:00;56;EUR;MWh;NO;NO;111.23;75;111.23;75;2;UP_AND_DOWN
2024-12-30T14:00;2024-12-30T14:15;57;EUR;MWh;NO;NO;112.54;-3.5;112.54;-3.5;2;UP_AND_DOWN
2024-12-30T14:15;2024-12-30T14:30;58;EUR;MWh;NO;NO;117.23;-5.09;117.23;-5.09;2;UP_AND_DOWN
2024-12-30T14:30;2024-12-30T14:45;59;EUR;MWh;NO;NO;;-5.09;-5.09;-5.09;-1;DOWN
2024-12-30T14:45;2024-12-30T15:00;60;EUR;MWh;NO;NO;;-3.6;-3.6;-3.6;-1;DOWN
2024-12-30T15:00;2024-12-30T15:15;61;EUR;MWh;NO;NO;118.56;10;118.56;118.56;1;UP
2024-12-30T15:15;2024-12-30T15:30;62;EUR;MWh;NO;NO;114;;114;114;1;UP
2024-12-30T15:30;2024-12-30T15:45;63;EUR;MWh;NO;NO;65.07;63;73.82;63;2;UP_AND_DOWN
2024-12-30T15:45;2024-12-30T16:00;64;EUR;MWh;NO;NO;111;16.65;111;16.65;2;UP_AND_DOWN
2024-12-30T16:00;2024-12-30T16:15;65;EUR;MWh;NO;NO;122.66;-3.6;122.66;-3.6;2;UP_AND_DOWN
2024-12-30T16:15;2024-12-30T16:30;66;EUR;MWh;NO;NO;45.07;-3.5;-3.5;-3.5;-1;DOWN
2024-12-30T16:30;2024-12-30T16:45;67;EUR;MWh;NO;NO;95.07;81.23;95.07;73.82;2;UP_AND_DOWN
2024-12-30T16:45;2024-12-30T17:00;68;EUR;MWh;NO;NO;130.57;;130.57;130.57;1;UP
2024-12-30T17:00;2024-12-30T17:15;69;EUR;MWh;NO;NO;119.15;47.3;119.15;47.3;2;UP_AND_DOWN
2024-12-30T17:15;2024-12-30T17:30;70;EUR;MWh;NO;NO;144;;144;144;1;UP
2024-12-30T17:30;2024-12-30T17:45;71;EUR;MWh;NO;NO;110.57;;110.57;110.57;1;UP
2024-12-30T17:45;2024-12-30T18:00;72;EUR;MWh;NO;NO;109.35;;109.35;109.35;1;UP
2024-12-30T18:00;2024-12-30T18:15;73;EUR;MWh;NO;NO;109.35;20;20;20;-1;DOWN
2024-12-30T18:15;2024-12-30T18:30;74;EUR;MWh;NO;NO;63;16.65;73.82;16.65;2;UP_AND_DOWN
2024-12-30T18:30;2024-12-30T18:45;75;EUR;MWh;NO;NO;;15.3;15.3;15.3;-1;DOWN
2024-12-30T18:45;2024-12-30T19:00;76;EUR;MWh;NO;NO;65.07;16.65;65.07;65.07;1;UP
2024-12-30T19:00;2024-12-30T19:15;77;EUR;MWh;NO;NO;111;40;111;40;2;UP_AND_DOWN
2024-12-30T19:15;2024-12-30T19:30;78;EUR;MWh;NO;NO;111;-2.7;-2.7;-2.7;-1;DOWN
2024-12-30T19:30;2024-12-30T19:45;79;EUR;MWh;NO;NO;;20;20;20;-1;DOWN
2024-12-30T19:45;2024-12-30T20:00;80;EUR;MWh;NO;NO;88;-2.7;88;-2.7;2;UP_AND_DOWN
2024-12-30T20:00;2024-12-30T20:15;81;EUR;MWh;NO;NO;116.46;-2.7;116.46;116.46;1;UP
2024-12-30T20:15;2024-12-30T20:30;82;EUR;MWh;NO;NO;88;102.57;88;73.82;2;UP_AND_DOWN
2024-12-30T20:30;2024-12-30T20:45;83;EUR;MWh;NO;NO;140.57;;140.57;140.57;1;UP
2024-12-30T20:45;2024-12-30T21:00;84;EUR;MWh;NO;NO;133.08;;133.08;133.08;1;UP
2024-12-30T21:00;2024-12-30T21:15;85;EUR;MWh;NO;NO;111.23;;111.23;111.23;1;UP
2024-12-30T21:15;2024-12-30T21:30;86;EUR;MWh;NO;NO;110.57;;110.57;110.57;1;UP
2024-12-30T21:30;2024-12-30T21:45;87;EUR;MWh;NO;NO;111.57;;111.57;111.57;1;UP
2024-12-30T21:45;2024-12-30T22:00;88;EUR;MWh;NO;NO;111.23;;111.23;111.23;1;UP
2024-12-30T22:00;2024-12-30T22:15;89;EUR;MWh;NO;NO;95.07;81.23;95.07;73.82;2;UP_AND_DOWN
2024-12-30T22:15;2024-12-30T22:30;90;EUR;MWh;NO;NO;111;;111;111;1;UP
2024-12-30T22:30;2024-12-30T22:45;91;EUR;MWh;NO;NO;117.23;;117.23;117.23;1;UP
2024-12-30T22:45;2024-12-30T23:00;92;EUR;MWh;NO;NO;88;;88;88;1;UP
2024-12-30T23:00;2024-12-30T23:15;93;EUR;MWh;NO;NO;75.74;-40;75.74;-40;2;UP_AND_DOWN
2024-12-30T23:15;2024-12-30T23:30;94;EUR;MWh;NO;NO;116.35;-4.76;116.35;-4.76;2;UP_AND_DOWN
2024-12-30T23:30;2024-12-30T23:45;95;EUR;MWh;NO;NO;200;-18.57;200;-18.57;2;UP_AND_DOWN
2024-12-30T23:45;2024-12-31T00:00;96;EUR;MWh;NO;NO;131.84;-22.21;-22.21;-22.21;-1;DOWN
2024-12-31T00:00;2024-12-31T00:15;1;EUR;MWh;NO;NO;200;-18.36;200;-18.36;2;UP_AND_DOWN
2024-12-31T00:15;2024-12-31T00:30;2;EUR;MWh;NO;NO;151.58;;151.58;151.58;1;UP
2024-12-31T00:30;2024-12-31T00:45;3;EUR;MWh;NO;NO;99;;99;99;1;UP
2024-12-31T00:45;2024-12-31T01:00;4;EUR;MWh;NO;NO;109.07;-11.6;109.07;-11.6;2;UP_AND_DOWN
2024-12-31T01:00;2024-12-31T01:15;5;EUR;MWh;NO;NO;118.64;-13.5;118.64;-13.5;2;UP_AND_DOWN
2024-12-31T01:15;2024-12-31T01:30;6;EUR;MWh;NO;NO;115;-6.59;-6.59;-6.59;-1;DOWN
2024-12-31T01:30;2024-12-31T01:45;7;EUR;MWh;NO;NO;109.08;;109.08;0;2;UP_AND_DOWN
2024-12-31T01:45;2024-12-31T02:00;8;EUR;MWh;NO;NO;113.34;-14.28;113.34;-14.28;2;UP_AND_DOWN
2024-12-31T02:00;2024-12-31T02:15;9;EUR;MWh;NO;NO;113.34;-28.3;-28.3;-28.3;-1;DOWN
2024-12-31T02:15;2024-12-31T02:30;10;EUR;MWh;NO;NO;111.84;-28.3;111.84;111.84;1;UP
2024-12-31T02:30;2024-12-31T02:45;11;EUR;MWh;NO;NO;115;;115;115;1;UP
2024-12-31T02:45;2024-12-31T03:00;12;EUR;MWh;NO;NO;113.42;;113.42;113.42;1;UP
2024-12-31T03:00;2024-12-31T03:15;13;EUR;MWh;NO;NO;113.42;-7.29;-7.29;-7.29;-1;DOWN
2024-12-31T03:15;2024-12-31T03:30;14;EUR;MWh;NO;NO;;-11.15;-11.15;-11.15;-1;DOWN
2024-12-31T03:30;2024-12-31T03:45;15;EUR;MWh;NO;NO;;-7.29;-7.29;-7.29;-1;DOWN
2024-12-31T03:45;2024-12-31T04:00;16;EUR;MWh;NO;NO;;11.61;11.61;11.61;-1;DOWN
2024-12-31T04:00;2024-12-31T04:15;17;EUR;MWh;NO;NO;;-5.29;-5.29;-5.29;-1;DOWN
2024-12-31T04:15;2024-12-31T04:30;18;EUR;MWh;NO;NO;;-30;-30;-30;-1;DOWN
2024-12-31T04:30;2024-12-31T04:45;19;EUR;MWh;NO;NO;99;-3.69;99;-3.69;2;UP_AND_DOWN
2024-12-31T04:45;2024-12-31T05:00;20;EUR;MWh;NO;NO;99;-7.79;-7.79;-7.79;-1;DOWN
2024-12-31T05:00;2024-12-31T05:15;21;EUR;MWh;NO;NO;115;-30;115;-30;2;UP_AND_DOWN
2024-12-31T05:15;2024-12-31T05:30;22;EUR;MWh;NO;NO;115;-32;115;-32;2;UP_AND_DOWN
2024-12-31T05:30;2024-12-31T05:45;23;EUR;MWh;NO;NO;135.5;-24.23;135.5;135.5;1;UP
2024-12-31T05:45;2024-12-31T06:00;24;EUR;MWh;NO;NO;127.48;;127.48;127.48;1;UP
2024-12-31T06:00;2024-12-31T06:15;25;EUR;MWh;NO;NO;93.07;-9.83;93.07;-9.83;2;UP_AND_DOWN
2024-12-31T06:15;2024-12-31T06:30;26;EUR;MWh;NO;NO;65.07;-44.3;79.32;-44.3;2;UP_AND_DOWN
2024-12-31T06:30;2024-12-31T06:45;27;EUR;MWh;NO;NO;124.82;-35;124.82;124.82;1;UP
2024-12-31T06:45;2024-12-31T07:00;28;EUR;MWh;NO;NO;123.59;-26.23;-26.23;-26.23;-1;DOWN
2024-12-31T07:00;2024-12-31T07:15;29;EUR;MWh;NO;NO;125;-16.39;125;-16.39;2;UP_AND_DOWN
2024-12-31T07:15;2024-12-31T07:30;30;EUR;MWh;NO;NO;134.57;;134.57;0;2;UP_AND_DOWN
2024-12-31T07:30;2024-12-31T07:45;31;EUR;MWh;NO;NO;118.1;-5.1;118.1;-5.1;2;UP_AND_DOWN
2024-12-31T07:45;2024-12-31T08:00;32;EUR;MWh;NO;NO;116.99;;116.99;116.99;1;UP
2024-12-31T08:00;2024-12-31T08:15;33;EUR;MWh;NO;NO;;6.5;6.5;6.5;-1;DOWN
2024-12-31T08:15;2024-12-31T08:30;34;EUR;MWh;NO;NO;;87.57;87.57;87.57;-1;DOWN
2024-12-31T08:30;2024-12-31T08:45;35;EUR;MWh;NO;NO;;65.57;65.57;65.57;-1;DOWN
2024-12-31T08:45;2024-12-31T09:00;36;EUR;MWh;NO;NO;;45;45;45;-1;DOWN
2024-12-31T09:00;2024-12-31T09:15;37;EUR;MWh;NO;NO;151.03;45;151.03;151.03;1;UP
2024-12-31T09:15;2024-12-31T09:30;38;EUR;MWh;NO;NO;110;100.5;110;79.32;2;UP_AND_DOWN
2024-12-31T09:30;2024-12-31T09:45;39;EUR;MWh;NO;NO;110.57;;110.57;110.57;1;UP
2024-12-31T09:45;2024-12-31T10:00;40;EUR;MWh;NO;NO;116.99;;116.99;116.99;1;UP
2024-12-31T10:00;2024-12-31T10:15;41;EUR;MWh;NO;NO;164.2;;164.2;164.2;1;UP
2024-12-31T10:15;2024-12-31T10:30;42;EUR;MWh;NO;NO;123.58;;123.58;123.58;1;UP
2024-12-31T10:30;2024-12-31T10:45;43;EUR;MWh;NO;NO;110;;110;110;1;UP
2024-12-31T10:45;2024-12-31T11:00;44;EUR;MWh;NO;NO;99;103.57;99;79.32;2;UP_AND_DOWN
2024-12-31T11:00;2024-12-31T11:15;45;EUR;MWh;NO;NO;145.54;;145.54;145.54;1;UP
2024-12-31T11:15;2024-12-31T11:30;46;EUR;MWh;NO;NO;145.55;;145.55;145.55;1;UP
2024-12-31T11:30;2024-12-31T11:45;47;EUR;MWh;NO;NO;151.03;;151.03;151.03;1;UP
2024-12-31T11:45;2024-12-31T12:00;48;EUR;MWh;NO;NO;140.06;;140.06;140.06;1;UP
2024-12-31T12:00;2024-12-31T12:15;49;EUR;MWh;NO;NO;170.8;;170.8;170.8;1;UP
2024-12-31T12:15;2024-12-31T12:30;50;EUR;MWh;NO;NO;222;;222;222;1;UP
2024-12-31T12:30;2024-12-31T12:45;51;EUR;MWh;NO;NO;171.9;;171.9;171.9;1;UP
2024-12-31T12:45;2024-12-31T13:00;52;EUR;MWh;NO;NO;156.53;;156.53;156.53;1;UP
2024-12-31T13:00;2024-12-31T13:15;53;EUR;MWh;NO;NO;135.2;;135.2;135.2;1;UP
2024-12-31T13:15;2024-12-31T13:30;54;EUR;MWh;NO;NO;135.3;;135.3;135.3;1;UP
2024-12-31T13:30;2024-12-31T13:45;55;EUR;MWh;NO;NO;129.09;;129.09;129.09;1;UP
2024-12-31T13:45;2024-12-31T14:00;56;EUR;MWh;NO;NO;129.08;;129.08;129.08;1;UP
2024-12-31T14:00;2024-12-31T14:15;57;EUR;MWh;NO;NO;63;;0;0;-1;DOWN
2024-12-31T14:15;2024-12-31T14:30;58;EUR;MWh;NO;NO;123.42;;123.42;123.42;1;UP
2024-12-31T14:30;2024-12-31T14:45;59;EUR;MWh;NO;NO;113.69;;113.69;113.69;1;UP
2024-12-31T14:45;2024-12-31T15:00;60;EUR;MWh;NO;NO;110.57;;110.57;110.57;1;UP
2024-12-31T15:00;2024-12-31T15:15;61;EUR;MWh;NO;NO;110.57;50;50;50;-1;DOWN
2024-12-31T15:15;2024-12-31T15:30;62;EUR;MWh;NO;NO;;26.65;26.65;26.65;-1;DOWN
2024-12-31T15:30;2024-12-31T15:45;63;EUR;MWh;NO;NO;55.07;26.65;55.07;55.07;1;UP
2024-12-31T15:45;2024-12-31T16:00;64;EUR;MWh;NO;NO;65.07;;65.07;65.07;1;UP
2024-12-31T16:00;2024-12-31T16:15;65;EUR;MWh;NO;NO;65.07;;65.07;65.07;1;UP
2024-12-31T16:15;2024-12-31T16:30;66;EUR;MWh;NO;NO;123.58;;123.58;123.58;1;UP
2024-12-31T16:30;2024-12-31T16:45;67;EUR;MWh;NO;NO;123.57;;123.57;123.57;1;UP
2024-12-31T16:45;2024-12-31T17:00;68;EUR;MWh;NO;NO;135.8;;135.8;135.8;1;UP
2024-12-31T17:00;2024-12-31T17:15;69;EUR;MWh;NO;NO;135.8;;135.8;135.8;1;UP
2024-12-31T17:15;2024-12-31T17:30;70;EUR;MWh;NO;NO;123.42;;123.42;123.42;1;UP
2024-12-31T17:30;2024-12-31T17:45;71;EUR;MWh;NO;NO;130.07;;130.07;130.07;1;UP
2024-12-31T17:45;2024-12-31T18:00;72;EUR;MWh;NO;NO;116.57;;116.57;116.57;1;UP
2024-12-31T18:00;2024-12-31T18:15;73;EUR;MWh;NO;NO;123.57;;123.57;123.57;1;UP
2024-12-31T18:15;2024-12-31T18:30;74;EUR;MWh;NO;NO;121;;121;121;1;UP
2024-12-31T18:30;2024-12-31T18:45;75;EUR;MWh;NO;NO;117.5;6.5;6.5;6.5;-1;DOWN
2024-12-31T18:45;2024-12-31T19:00;76;EUR;MWh;NO;NO;;;0;0;-1;DOWN
2024-12-31T19:00;2024-12-31T19:15;77;EUR;MWh;NO;NO;;-30;-30;-30;-1;DOWN
2024-12-31T19:15;2024-12-31T19:30;78;EUR;MWh;NO;NO;55.07;-16.2;79.32;-16.2;2;UP_AND_DOWN
2024-12-31T19:30;2024-12-31T19:45;79;EUR;MWh;NO;NO;;-26.79;-26.79;-26.79;-1;DOWN
2024-12-31T19:45;2024-12-31T20:00;80;EUR;MWh;NO;NO;;-26.79;-26.79;-26.79;-1;DOWN
2024-12-31T20:00;2024-12-31T20:15;81;EUR;MWh;NO;NO;;-19.73;-19.73;-19.73;-1;DOWN
2024-12-31T20:15;2024-12-31T20:30;82;EUR;MWh;NO;NO;;-3.43;-3.43;-3.43;-1;DOWN
2024-12-31T20:30;2024-12-31T20:45;83;EUR;MWh;NO;NO;;-11;-11;-11;-1;DOWN
2024-12-31T20:45;2024-12-31T21:00;84;EUR;MWh;NO;NO;;-22;-22;-22;-1;DOWN
2024-12-31T21:00;2024-12-31T21:15;85;EUR;MWh;NO;NO;110.92;26.65;110.92;26.65;2;UP_AND_DOWN
2024-12-31T21:15;2024-12-31T21:30;86;EUR;MWh;NO;NO;110.92;-26.62;-26.62;-26.62;-1;DOWN
2024-12-31T21:30;2024-12-31T21:45;87;EUR;MWh;NO;NO;;-10.78;-10.78;-10.78;-1;DOWN
2024-12-31T21:45;2024-12-31T22:00;88;EUR;MWh;NO;NO;;-32;-32;-32;-1;DOWN
2024-12-31T22:00;2024-12-31T22:15;89;EUR;MWh;NO;NO;115;-30;115;-30;2;UP_AND_DOWN
2024-12-31T22:15;2024-12-31T22:30;90;EUR;MWh;NO;NO;65.07;-8.29;79.32;-8.29;2;UP_AND_DOWN
2024-12-31T22:30;2024-12-31T22:45;91;EUR;MWh;NO;NO;;-32;-32;-32;-1;DOWN
2024-12-31T22:45;2024-12-31T23:00;92;EUR;MWh;NO;NO;99.37;-16.76;99.37;-16.76;2;UP_AND_DOWN
2024-12-31T23:00;2024-12-31T23:15;93;EUR;MWh;NO;NO;121;;121;121;1;UP
2024-12-31T23:15;2024-12-31T23:30;94;EUR;MWh;NO;NO;113.01;;113.01;113.01;1;UP
2024-12-31T23:30;2024-12-31T23:45;95;EUR;MWh;NO;NO;107.07;;107.07;107.07;1;UP
2024-12-31T23:45;2025-01-01T00:00;96;EUR;MWh;NO;NO;93.06;-16.73;93.06;-16.73;2;UP_AND_DOWN
