Timeinterval Start Loc;Timeinterval End Loc;Isp;Currency Unit Name;Price Measurement Unit Name;Incident Reserve Up;Incident Reserve Down;Price Dispatch Up;Price Dispatch Down;Price Shortage;Price Surplus;Regulation State;Regulating Condition
2025-10-01T00:00;2025-10-01T00:15;1;EUR;MWh;NO;NO;85.35;74.52;85.35;62.66;2;UP_AND_DOWN
2025-10-01T00:15;2025-10-01T00:30;2;EUR;MWh;NO;NO;124.24;;124.24;124.24;1;UP
2025-10-01T00:30;2025-10-01T00:45;3;EUR;MWh;NO;NO;135.6;;135.6;135.6;1;UP
2025-10-01T00:45;2025-10-01T01:00;4;EUR;MWh;NO;NO;135.6;;135.6;135.6;1;UP
2025-10-01T01:00;2025-10-01T01:15;5;EUR;MWh;NO;NO;110.22;;110.22;110.22;1;UP
2025-10-01T01:15;2025-10-01T01:30;6;EUR;MWh;NO;NO;110;;110;110;1;UP
2025-10-01T01:30;2025-10-01T01:45;7;EUR;MWh;NO;NO;119.14;;119.14;119.14;1;UP
2025-10-01T01:45;2025-10-01T02:00;8;EUR;MWh;NO;NO;110;;110;110;1;UP
2025-10-01T02:00;2025-10-01T02:15;9;EUR;MWh;NO;NO;43;;43;43;1;UP
2025-10-01T02:15;2025-10-01T02:30;10;EUR;MWh;NO;NO;;75.43;75.43;75.43;-1;DOWN
2025-10-01T02:30;2025-10-01T02:45;11;EUR;MWh;NO;NO;94.24;78.21;94.24;62.32;2;UP_AND_DOWN
2025-10-01T02:45;2025-10-01T03:00;12;EUR;MWh;NO;NO;90.12;76.33;90.12;62.32;2;UP_AND_DOWN
2025-10-01T03:00;2025-10-01T03:15;13;EUR;MWh;NO;NO;100;77.23;100;62.32;2;UP_AND_DOWN
2025-10-01T03:15;2025-10-01T03:30;14;EUR;MWh;NO;NO;110;;110;110;1;UP
2025-10-01T03:30;2025-10-01T03:45;15;EUR;MWh;NO;NO;110;;110;110;1;UP
2025-10-01T03:45;2025-10-01T04:00;16;EUR;MWh;NO;NO;110;;110;110;1;UP
2025-10-01T04:00;2025-10-01T04:15;17;EUR;MWh;NO;NO;149.8;79.57;149.8;62.32;2;UP_AND_DOWN
2025-10-01T04:15;2025-10-01T04:30;18;EUR;MWh;NO;NO;119.24;;119.24;119.24;1;UP
2025-10-01T04:30;2025-10-01T04:45;19;EUR;MWh;NO;NO;110;;110;110;1;UP
2025-10-01T04:45;2025-10-01T05:00;20;EUR;MWh;NO;NO;110;79.57;110;110;1;UP
2025-10-01T05:00;2025-10-01T05:15;21;EUR;MWh;NO;NO;135.6;;135.6;135.6;1;UP
2025-10-01T05:15;2025-10-01T05:30;22;EUR;MWh;NO;NO;110.32;79.93;110.32;110.32;1;UP
2025-10-01T05:30;2025-10-01T05:45;23;EUR;MWh;NO;NO;164;;164;164;1;UP
2025-10-01T05:45;2025-10-01T06:00;24;EUR;MWh;NO;NO;164;79.57;164;63;2;UP_AND_DOWN
2025-10-01T06:00;2025-10-01T06:15;25;EUR;MWh;NO;NO;164;79.93;164;63;2;UP_AND_DOWN
2025-10-01T06:15;2025-10-01T06:30;26;EUR;MWh;NO;NO;164;83;164;63;2;UP_AND_DOWN
2025-10-01T06:30;2025-10-01T06:45;27;EUR;MWh;NO;NO;164;83;164;164;1;UP
2025-10-01T06:45;2025-10-01T07:00;28;EUR;MWh;NO;NO;158.6;;158.6;158.6;1;UP
2025-10-01T07:00;2025-10-01T07:15;29;EUR;MWh;NO;NO;164.2;;164.2;164.2;1;UP
2025-10-01T07:15;2025-10-01T07:30;30;EUR;MWh;NO;NO;200;;200;200;1;UP
2025-10-01T07:30;2025-10-01T07:45;31;EUR;MWh;NO;NO;214;;214;214;1;UP
2025-10-01T07:45;2025-10-01T08:00;32;EUR;MWh;NO;NO;149.08;;149.08;149.08;1;UP
2025-10-01T08:00;2025-10-01T08:15;33;EUR;MWh;NO;NO;135;83;135;135;1;UP
2025-10-01T08:15;2025-10-01T08:30;34;EUR;MWh;NO;NO;134.14;83;134.14;134.14;1;UP
2025-10-01T08:30;2025-10-01T08:45;35;EUR;MWh;NO;NO;100;64.72;100;63;2;UP_AND_DOWN
2025-10-01T08:45;2025-10-01T09:00;36;EUR;MWh;NO;NO;;55.63;55.63;55.63;-1;DOWN
2025-10-01T09:00;2025-10-01T09:15;37;EUR;MWh;NO;NO;100;68.83;100;63;2;UP_AND_DOWN
2025-10-01T09:15;2025-10-01T09:30;38;EUR;MWh;NO;NO;43;64.57;64.57;64.57;-1;DOWN
2025-10-01T09:30;2025-10-01T09:45;39;EUR;MWh;NO;NO;100;55.63;100;55.63;2;UP_AND_DOWN
2025-10-01T09:45;2025-10-01T10:00;40;EUR;MWh;NO;NO;109.24;79.83;109.24;63;2;UP_AND_DOWN
2025-10-01T10:00;2025-10-01T10:15;41;EUR;MWh;NO;NO;;74.63;74.63;74.63;-1;DOWN
2025-10-01T10:15;2025-10-01T10:30;42;EUR;MWh;NO;NO;100;49.57;100;49.57;2;UP_AND_DOWN
2025-10-01T10:30;2025-10-01T10:45;43;EUR;MWh;NO;NO;;49.39;49.39;49.39;-1;DOWN
2025-10-01T10:45;2025-10-01T11:00;44;EUR;MWh;NO;NO;;10;10;10;-1;DOWN
2025-10-01T11:00;2025-10-01T11:15;45;EUR;MWh;NO;NO;;18.33;18.33;18.33;-1;DOWN
2025-10-01T11:15;2025-10-01T11:30;46;EUR;MWh;NO;NO;;55.88;55.88;55.88;-1;DOWN
2025-10-01T11:30;2025-10-01T11:45;47;EUR;MWh;NO;NO;;49.57;49.57;49.57;-1;DOWN
2025-10-01T11:45;2025-10-01T12:00;48;EUR;MWh;NO;NO;;-30.1;-30.1;-30.1;-1;DOWN
2025-10-01T12:00;2025-10-01T12:15;49;EUR;MWh;NO;NO;;-5.03;-5.03;-5.03;-1;DOWN
2025-10-01T12:15;2025-10-01T12:30;50;EUR;MWh;NO;NO;;59.08;59.08;59.08;-1;DOWN
2025-10-01T12:30;2025-10-01T12:45;51;EUR;MWh;NO;NO;;61.33;61.33;61.33;-1;DOWN
2025-10-01T12:45;2025-10-01T13:00;52;EUR;MWh;NO;NO;;10.1;10.1;10.1;-1;DOWN
2025-10-01T13:00;2025-10-01T13:15;53;EUR;MWh;NO;NO;;10;10;10;-1;DOWN
2025-10-01T13:15;2025-10-01T13:30;54;EUR;MWh;NO;NO;;46.77;46.77;46.77;-1;DOWN
2025-10-01T13:30;2025-10-01T13:45;55;EUR;MWh;NO;NO;;19.46;19.46;19.46;-1;DOWN
2025-10-01T13:45;2025-10-01T14:00;56;EUR;MWh;NO;NO;76;64.57;64.57;64.57;-1;DOWN
2025-10-01T14:00;2025-10-01T14:15;57;EUR;MWh;NO;NO;75;49.57;49.57;49.57;-1;DOWN
2025-10-01T14:15;2025-10-01T14:30;58;EUR;MWh;NO;NO;74;75.4;74;74;1;UP
2025-10-01T14:30;2025-10-01T14:45;59;EUR;MWh;NO;NO;74;75.4;76.79;75.4;2;UP_AND_DOWN
2025-10-01T14:45;2025-10-01T15:00;60;EUR;MWh;NO;NO;110.67;;110.67;110.67;1;UP
2025-10-01T15:00;2025-10-01T15:15;61;EUR;MWh;NO;NO;110.67;49.57;49.57;49.57;-1;DOWN
2025-10-01T15:15;2025-10-01T15:30;62;EUR;MWh;NO;NO;74;47.54;47.54;47.54;-1;DOWN
2025-10-01T15:30;2025-10-01T15:45;63;EUR;MWh;NO;NO;77;56.41;86.77;56.41;2;UP_AND_DOWN
2025-10-01T15:45;2025-10-01T16:00;64;EUR;MWh;NO;NO;135;61;135;61;2;UP_AND_DOWN
2025-10-01T16:00;2025-10-01T16:15;65;EUR;MWh;NO;NO;119.11;10;119.11;10;2;UP_AND_DOWN
2025-10-01T16:15;2025-10-01T16:30;66;EUR;MWh;NO;NO;135;78.11;135;63;2;UP_AND_DOWN
2025-10-01T16:30;2025-10-01T16:45;67;EUR;MWh;NO;NO;119.11;81;119.11;119.11;1;UP
2025-10-01T16:45;2025-10-01T17:00;68;EUR;MWh;NO;NO;89.11;77;89.11;63;2;UP_AND_DOWN
2025-10-01T17:00;2025-10-01T17:15;69;EUR;MWh;NO;NO;96.9;46.23;96.9;46.23;2;UP_AND_DOWN
2025-10-01T17:15;2025-10-01T17:30;70;EUR;MWh;NO;NO;150;54.75;150;54.75;2;UP_AND_DOWN
2025-10-01T17:30;2025-10-01T17:45;71;EUR;MWh;NO;NO;135.6;83;135.6;135.6;1;UP
2025-10-01T17:45;2025-10-01T18:00;72;EUR;MWh;NO;NO;140;;140;140;1;UP
2025-10-01T18:00;2025-10-01T18:15;73;EUR;MWh;NO;NO;135.6;;135.6;135.6;1;UP
2025-10-01T18:15;2025-10-01T18:30;74;EUR;MWh;NO;NO;150;;150;150;1;UP
2025-10-01T18:30;2025-10-01T18:45;75;EUR;MWh;NO;NO;150;;150;150;1;UP
2025-10-01T18:45;2025-10-01T19:00;76;EUR;MWh;NO;NO;135.6;;135.6;135.6;1;UP
2025-10-01T19:00;2025-10-01T19:15;77;EUR;MWh;NO;NO;129.9;;129.9;129.9;1;UP
2025-10-01T19:15;2025-10-01T19:30;78;EUR;MWh;NO;NO;150;;150;150;1;UP
2025-10-01T19:30;2025-10-01T19:45;79;EUR;MWh;NO;NO;140;;140;140;1;UP
2025-10-01T19:45;2025-10-01T20:00;80;EUR;MWh;NO;NO;135.6;;135.6;135.6;1;UP
2025-10-01T20:00;2025-10-01T20:15;81;EUR;MWh;NO;NO;135.6;81.38;135.6;62.32;2;UP_AND_DOWN
2025-10-01T20:15;2025-10-01T20:30;82;EUR;MWh;NO;NO;135.6;79.57;135.6;62.32;2;UP_AND_DOWN
2025-10-01T20:30;2025-10-01T20:45;83;EUR;MWh;NO;NO;100;;100;100;1;UP
2025-10-01T20:45;2025-10-01T21:00;84;EUR;MWh;NO;NO;43;;43;43;1;UP
2025-10-01T21:00;2025-10-01T21:15;85;EUR;MWh;NO;NO;91.8;81.63;91.8;91.8;1;UP
2025-10-01T21:15;2025-10-01T21:30;86;EUR;MWh;NO;NO;122.97;63.02;122.97;62.32;2;UP_AND_DOWN
2025-10-01T21:30;2025-10-01T21:45;87;EUR;MWh;NO;NO;112.97;70;112.97;62.32;2;UP_AND_DOWN
2025-10-01T21:45;2025-10-01T22:00;88;EUR;MWh;NO;NO;113.03;72.98;113.03;62.32;2;UP_AND_DOWN
2025-10-01T22:00;2025-10-01T22:15;89;EUR;MWh;NO;NO;43;54.98;54.98;54.98;-1;DOWN
2025-10-01T22:15;2025-10-01T22:30;90;EUR;MWh;NO;NO;;58.62;58.62;58.62;-1;DOWN
2025-10-01T22:30;2025-10-01T22:45;91;EUR;MWh;NO;NO;135;75.58;135;62.32;2;UP_AND_DOWN
2025-10-01T22:45;2025-10-01T23:00;92;EUR;MWh;NO;NO;114.21;;114.21;114.21;1;UP
2025-10-01T23:00;2025-10-01T23:15;93;EUR;MWh;NO;NO;89.11;80.1;89.11;89.11;1;UP
2025-10-01T23:15;2025-10-01T23:30;94;EUR;MWh;NO;NO;100;;100;100;1;UP
2025-10-01T23:30;2025-10-01T23:45;95;EUR;MWh;NO;NO;100;;100;100;1;UP
2025-10-01T23:45;2025-10-02T00:00;96;EUR;MWh;NO;NO;91;79.57;91;62.32;2;UP_AND_DOWN
2025-10-02T00:00;2025-10-02T00:15;1;EUR;MWh;NO;NO;;57.14;57.14;57.14;-1;DOWN
2025-10-02T00:15;2025-10-02T00:30;2;EUR;MWh;NO;NO;;59.46;59.46;59.46;-1;DOWN
2025-10-02T00:30;2025-10-02T00:45;3;EUR;MWh;NO;NO;88.56;59.57;88.56;59.57;2;UP_AND_DOWN
2025-10-02T00:45;2025-10-02T01:00;4;EUR;MWh;NO;NO;88.56;81;88.56;69.78;2;UP_AND_DOWN
2025-10-02T01:00;2025-10-02T01:15;5;EUR;MWh;NO;NO;;59.57;59.57;59.57;-1;DOWN
2025-10-02T01:15;2025-10-02T01:30;6;EUR;MWh;NO;NO;;47.26;47.26;47.26;-1;DOWN
2025-10-02T01:30;2025-10-02T01:45;7;EUR;MWh;NO;NO;;33.1;33.1;33.1;-1;DOWN
2025-10-02T01:45;2025-10-02T02:00;8;EUR;MWh;NO;NO;;51.16;51.16;51.16;-1;DOWN
2025-10-02T02:00;2025-10-02T02:15;9;EUR;MWh;NO;NO;;64.87;64.87;64.87;-1;DOWN
2025-10-02T02:15;2025-10-02T02:30;10;EUR;MWh;NO;NO;;47.77;47.77;47.77;-1;DOWN
2025-10-02T02:30;2025-10-02T02:45;11;EUR;MWh;NO;NO;;42.26;42.26;42.26;-1;DOWN
2025-10-02T02:45;2025-10-02T03:00;12;EUR;MWh;NO;NO;;47.26;47.26;47.26;-1;DOWN
2025-10-02T03:00;2025-10-02T03:15;13;EUR;MWh;NO;NO;80;55;55;55;-1;DOWN
2025-10-02T03:15;2025-10-02T03:30;14;EUR;MWh;NO;NO;80;;80;80;1;UP
2025-10-02T03:30;2025-10-02T03:45;15;EUR;MWh;NO;NO;96;81;96;96;1;UP
2025-10-02T03:45;2025-10-02T04:00;16;EUR;MWh;NO;NO;94.56;;94.56;94.56;1;UP
2025-10-02T04:00;2025-10-02T04:15;17;EUR;MWh;NO;NO;79.6;77;79.6;79.6;1;UP
2025-10-02T04:15;2025-10-02T04:30;18;EUR;MWh;NO;NO;79.5;;79.5;79.5;1;UP
2025-10-02T04:30;2025-10-02T04:45;19;EUR;MWh;NO;NO;68.56;72.36;72.36;72.36;-1;DOWN
2025-10-02T04:45;2025-10-02T05:00;20;EUR;MWh;NO;NO;;72.16;69.78;69.78;0;STABLE
2025-10-02T05:00;2025-10-02T05:15;21;EUR;MWh;NO;NO;106;;106;106;1;UP
2025-10-02T05:15;2025-10-02T05:30;22;EUR;MWh;NO;NO;93.06;;93.06;93.06;1;UP
2025-10-02T05:30;2025-10-02T05:45;23;EUR;MWh;NO;NO;58.56;59.57;69.78;59.57;2;UP_AND_DOWN
2025-10-02T05:45;2025-10-02T06:00;24;EUR;MWh;NO;NO;;59.57;59.57;59.57;-1;DOWN
2025-10-02T06:00;2025-10-02T06:15;25;EUR;MWh;NO;NO;;33;33;33;-1;DOWN
2025-10-02T06:15;2025-10-02T06:30;26;EUR;MWh;NO;NO;106;80.25;106;106;1;UP
2025-10-02T06:30;2025-10-02T06:45;27;EUR;MWh;NO;NO;68.56;81;68.56;61;2;UP_AND_DOWN
2025-10-02T06:45;2025-10-02T07:00;28;EUR;MWh;NO;NO;106;;106;106;1;UP
2025-10-02T07:00;2025-10-02T07:15;29;EUR;MWh;NO;NO;114.9;81;114.9;114.9;1;UP
2025-10-02T07:15;2025-10-02T07:30;30;EUR;MWh;NO;NO;116.69;;116.69;116.69;1;UP
2025-10-02T07:30;2025-10-02T07:45;31;EUR;MWh;NO;NO;116.69;;116.69;116.69;1;UP
2025-10-02T07:45;2025-10-02T08:00;32;EUR;MWh;NO;NO;107;;107;107;1;UP
2025-10-02T08:00;2025-10-02T08:15;33;EUR;MWh;NO;NO;150;;150;150;1;UP
2025-10-02T08:15;2025-10-02T08:30;34;EUR;MWh;NO;NO;116.79;81;116.79;116.79;1;UP
2025-10-02T08:30;2025-10-02T08:45;35;EUR;MWh;NO;NO;97;80.06;97;61;2;UP_AND_DOWN
2025-10-02T08:45;2025-10-02T09:00;36;EUR;MWh;NO;NO;;50;50;50;-1;DOWN
2025-10-02T09:00;2025-10-02T09:15;37;EUR;MWh;NO;NO;;51.16;51.16;51.16;-1;DOWN
2025-10-02T09:15;2025-10-02T09:30;38;EUR;MWh;NO;NO;41;64.06;64.06;64.06;-1;DOWN
2025-10-02T09:30;2025-10-02T09:45;39;EUR;MWh;NO;NO;41;59.57;59.57;59.57;-1;DOWN
2025-10-02T09:45;2025-10-02T10:00;40;EUR;MWh;NO;NO;96.9;61.5;96.9;61;2;UP_AND_DOWN
2025-10-02T10:00;2025-10-02T10:15;41;EUR;MWh;NO;NO;133.5;-504.81;133.5;-504.81;2;UP_AND_DOWN
2025-10-02T10:15;2025-10-02T10:30;42;EUR;MWh;NO;NO;133.5;41.95;133.5;41.95;2;UP_AND_DOWN
2025-10-02T10:30;2025-10-02T10:45;43;EUR;MWh;NO;NO;;32.57;32.57;32.57;-1;DOWN
2025-10-02T10:45;2025-10-02T11:00;44;EUR;MWh;NO;NO;133.5;10.2;133.5;10.2;2;UP_AND_DOWN
2025-10-02T11:00;2025-10-02T11:15;45;EUR;MWh;NO;NO;150;7.98;150;7.98;2;UP_AND_DOWN
2025-10-02T11:15;2025-10-02T11:30;46;EUR;MWh;NO;NO;86;;86;86;1;UP
2025-10-02T11:30;2025-10-02T11:45;47;EUR;MWh;NO;NO;77.14;50;77.14;50;2;UP_AND_DOWN
2025-10-02T11:45;2025-10-02T12:00;48;EUR;MWh;NO;NO;;33;33;33;-1;DOWN
2025-10-02T12:00;2025-10-02T12:15;49;EUR;MWh;NO;NO;76.95;10.1;76.95;10.1;2;UP_AND_DOWN
2025-10-02T12:15;2025-10-02T12:30;50;EUR;MWh;NO;NO;;-18.5;-18.5;-18.5;-1;DOWN
2025-10-02T12:30;2025-10-02T12:45;51;EUR;MWh;NO;NO;;-30;-30;-30;-1;DOWN
2025-10-02T12:45;2025-10-02T13:00;52;EUR;MWh;NO;NO;;-18.5;-18.5;-18.5;-1;DOWN
2025-10-02T13:00;2025-10-02T13:15;53;EUR;MWh;NO;NO;;-29.7;-29.7;-29.7;-1;DOWN
2025-10-02T13:15;2025-10-02T13:30;54;EUR;MWh;NO;NO;;-29.6;-29.6;-29.6;-1;DOWN
2025-10-02T13:30;2025-10-02T13:45;55;EUR;MWh;NO;NO;;-30;-30;-30;-1;DOWN
2025-10-02T13:45;2025-10-02T14:00;56;EUR;MWh;NO;NO;;-29.8;-29.8;-29.8;-1;DOWN
2025-10-02T14:00;2025-10-02T14:15;57;EUR;MWh;NO;NO;;-30;-30;-30;-1;DOWN
2025-10-02T14:15;2025-10-02T14:30;58;EUR;MWh;NO;NO;;10;10;10;-1;DOWN
2025-10-02T14:30;2025-10-02T14:45;59;EUR;MWh;NO;NO;;-11.77;-11.77;-11.77;-1;DOWN
2025-10-02T14:45;2025-10-02T15:00;60;EUR;MWh;NO;NO;;-1;-1;-1;-1;DOWN
2025-10-02T15:00;2025-10-02T15:15;61;EUR;MWh;NO;NO;;32.57;32.57;32.57;-1;DOWN
2025-10-02T15:15;2025-10-02T15:30;62;EUR;MWh;NO;NO;100;-1;100;-1;2;UP_AND_DOWN
2025-10-02T15:30;2025-10-02T15:45;63;EUR;MWh;NO;NO;99;72.73;99;67.78;2;UP_AND_DOWN
2025-10-02T15:45;2025-10-02T16:00;64;EUR;MWh;NO;NO;95.9;-3.5;-3.5;-3.5;-1;DOWN
2025-10-02T16:00;2025-10-02T16:15;65;EUR;MWh;NO;NO;58.56;-1;-1;-1;-1;DOWN
2025-10-02T16:15;2025-10-02T16:30;66;EUR;MWh;NO;NO;58.56;10.1;69.78;10.1;2;UP_AND_DOWN
2025-10-02T16:30;2025-10-02T16:45;67;EUR;MWh;NO;NO;;32.57;32.57;32.57;-1;DOWN
2025-10-02T16:45;2025-10-02T17:00;68;EUR;MWh;NO;NO;;10;10;10;-1;DOWN
2025-10-02T17:00;2025-10-02T17:15;69;EUR;MWh;NO;NO;75;59.57;75;59.57;2;UP_AND_DOWN
2025-10-02T17:15;2025-10-02T17:30;70;EUR;MWh;NO;NO;156.8;71.22;156.8;61;2;UP_AND_DOWN
2025-10-02T17:30;2025-10-02T17:45;71;EUR;MWh;NO;NO;153.18;;153.18;153.18;1;UP
2025-10-02T17:45;2025-10-02T18:00;72;EUR;MWh;NO;NO;133.5;;133.5;133.5;1;UP
2025-10-02T18:00;2025-10-02T18:15;73;EUR;MWh;NO;NO;124.9;73.04;124.9;61;2;UP_AND_DOWN
2025-10-02T18:15;2025-10-02T18:30;74;EUR;MWh;NO;NO;156.8;67.86;156.8;61;2;UP_AND_DOWN
2025-10-02T18:30;2025-10-02T18:45;75;EUR;MWh;NO;NO;156.8;75.65;156.8;61;2;UP_AND_DOWN
2025-10-02T18:45;2025-10-02T19:00;76;EUR;MWh;NO;NO;58.56;59;59;59;-1;DOWN
2025-10-02T19:00;2025-10-02T19:15;77;EUR;MWh;NO;NO;58.56;81;61;61;2;UP_AND_DOWN
2025-10-02T19:15;2025-10-02T19:30;78;EUR;MWh;NO;NO;;73;73;73;-1;DOWN
2025-10-02T19:30;2025-10-02T19:45;79;EUR;MWh;NO;NO;;69.99;69.99;69.99;-1;DOWN
2025-10-02T19:45;2025-10-02T20:00;80;EUR;MWh;NO;NO;;55;55;55;-1;DOWN
2025-10-02T20:00;2025-10-02T20:15;81;EUR;MWh;NO;NO;41;59.7;59.7;59.7;-1;DOWN
2025-10-02T20:15;2025-10-02T20:30;82;EUR;MWh;NO;NO;;67.75;67.75;67.75;-1;DOWN
2025-10-02T20:30;2025-10-02T20:45;83;EUR;MWh;NO;NO;92;73.1;92;61;2;UP_AND_DOWN
2025-10-02T20:45;2025-10-02T21:00;84;EUR;MWh;NO;NO;133.5;66.52;133.5;61;2;UP_AND_DOWN
2025-10-02T21:00;2025-10-02T21:15;85;EUR;MWh;NO;NO;131;73;131;61;2;UP_AND_DOWN
2025-10-02T21:15;2025-10-02T21:30;86;EUR;MWh;NO;NO;76.95;80.1;76.95;61;2;UP_AND_DOWN
2025-10-02T21:30;2025-10-02T21:45;87;EUR;MWh;NO;NO;105;58;105;58;2;UP_AND_DOWN
2025-10-02T21:45;2025-10-02T22:00;88;EUR;MWh;NO;NO;93.09;59.57;93.09;59.57;2;UP_AND_DOWN
2025-10-02T22:00;2025-10-02T22:15;89;EUR;MWh;NO;NO;41;44.39;44.39;44.39;-1;DOWN
2025-10-02T22:15;2025-10-02T22:30;90;EUR;MWh;NO;NO;131;54.49;131;54.49;2;UP_AND_DOWN
2025-10-02T22:30;2025-10-02T22:45;91;EUR;MWh;NO;NO;97;59.67;97;59.67;2;UP_AND_DOWN
2025-10-02T22:45;2025-10-02T23:00;92;EUR;MWh;NO;NO;97;32.57;32.57;32.57;-1;DOWN
2025-10-02T23:00;2025-10-02T23:15;93;EUR;MWh;NO;NO;77.05;24.39;77.05;24.39;2;UP_AND_DOWN
2025-10-02T23:15;2025-10-02T23:30;94;EUR;MWh;NO;NO;;59.57;59.57;59.57;-1;DOWN
2025-10-02T23:30;2025-10-02T23:45;95;EUR;MWh;NO;NO;;50;50;50;-1;DOWN
2025-10-02T23:45;2025-10-03T00:00;96;EUR;MWh;NO;NO;;32;32;32;-1;DOWN
2025-10-03T00:00;2025-10-03T00:15;1;EUR;MWh;NO;NO;41;-.3;-.3;-.3;-1;DOWN
2025-10-03T00:15;2025-10-03T00:30;2;EUR;MWh;NO;NO;78.56;18;78.56;78.56;1;UP
2025-10-03T00:30;2025-10-03T00:45;3;EUR;MWh;NO;NO;78.56;18;78.56;18;2;UP_AND_DOWN
2025-10-03T00:45;2025-10-03T01:00;4;EUR;MWh;NO;NO;78.56;-4;78.56;-4;2;UP_AND_DOWN
2025-10-03T01:00;2025-10-03T01:15;5;EUR;MWh;NO;NO;;44.1;44.1;44.1;-1;DOWN
2025-10-03T01:15;2025-10-03T01:30;6;EUR;MWh;NO;NO;;16;45.48;45.48;0;STABLE
2025-10-03T01:30;2025-10-03T01:45;7;EUR;MWh;NO;NO;41;;45.48;45.48;0;STABLE
2025-10-03T01:45;2025-10-03T02:00;8;EUR;MWh;NO;NO;41;14;45.48;14;2;UP_AND_DOWN
2025-10-03T02:00;2025-10-03T02:15;9;EUR;MWh;NO;NO;80;14;80;14;2;UP_AND_DOWN
2025-10-03T02:15;2025-10-03T02:30;10;EUR;MWh;NO;NO;80;;80;80;1;UP
2025-10-03T02:30;2025-10-03T02:45;11;EUR;MWh;NO;NO;96;;96;96;1;UP
2025-10-03T02:45;2025-10-03T03:00;12;EUR;MWh;NO;NO;90.36;;90.36;90.36;1;UP
2025-10-03T03:00;2025-10-03T03:15;13;EUR;MWh;NO;NO;81;;81;81;1;UP
2025-10-03T03:15;2025-10-03T03:30;14;EUR;MWh;NO;NO;85;;85;85;1;UP
2025-10-03T03:30;2025-10-03T03:45;15;EUR;MWh;NO;NO;89;;89;89;1;UP
2025-10-03T03:45;2025-10-03T04:00;16;EUR;MWh;NO;NO;90.36;;90.36;90.36;1;UP
2025-10-03T04:00;2025-10-03T04:15;17;EUR;MWh;NO;NO;111;;111;111;1;UP
2025-10-03T04:15;2025-10-03T04:30;18;EUR;MWh;NO;NO;126.35;;126.35;126.35;1;UP
2025-10-03T04:30;2025-10-03T04:45;19;EUR;MWh;NO;NO;95.36;;95.36;95.36;1;UP
2025-10-03T04:45;2025-10-03T05:00;20;EUR;MWh;NO;NO;99;;99;99;1;UP
2025-10-03T05:00;2025-10-03T05:15;21;EUR;MWh;NO;NO;108.77;;108.77;108.77;1;UP
2025-10-03T05:15;2025-10-03T05:30;22;EUR;MWh;NO;NO;97;85;97;97;1;UP
2025-10-03T05:30;2025-10-03T05:45;23;EUR;MWh;NO;NO;78.56;86;78.56;78.56;1;UP
2025-10-03T05:45;2025-10-03T06:00;24;EUR;MWh;NO;NO;41;73.5;63;63;2;UP_AND_DOWN
2025-10-03T06:00;2025-10-03T06:15;25;EUR;MWh;NO;NO;103.92;86;103.92;63;2;UP_AND_DOWN
2025-10-03T06:15;2025-10-03T06:30;26;EUR;MWh;NO;NO;85.36;81;85.36;63.2;2;UP_AND_DOWN
2025-10-03T06:30;2025-10-03T06:45;27;EUR;MWh;NO;NO;78.56;81;78.56;63.27;2;UP_AND_DOWN
2025-10-03T06:45;2025-10-03T07:00;28;EUR;MWh;NO;NO;100;86;100;63.23;2;UP_AND_DOWN
2025-10-03T07:00;2025-10-03T07:15;29;EUR;MWh;NO;NO;125;;125;125;1;UP
2025-10-03T07:15;2025-10-03T07:30;30;EUR;MWh;NO;NO;111;;111;111;1;UP
2025-10-03T07:30;2025-10-03T07:45;31;EUR;MWh;NO;NO;133.8;;133.8;133.8;1;UP
2025-10-03T07:45;2025-10-03T08:00;32;EUR;MWh;NO;NO;105;;105;105;1;UP
2025-10-03T08:00;2025-10-03T08:15;33;EUR;MWh;NO;NO;133.8;;133.8;133.8;1;UP
2025-10-03T08:15;2025-10-03T08:30;34;EUR;MWh;NO;NO;126.37;;126.37;126.37;1;UP
2025-10-03T08:30;2025-10-03T08:45;35;EUR;MWh;NO;NO;116;;116;116;1;UP
2025-10-03T08:45;2025-10-03T09:00;36;EUR;MWh;NO;NO;133.8;84;133.8;65.15;2;UP_AND_DOWN
2025-10-03T09:00;2025-10-03T09:15;37;EUR;MWh;NO;NO;78.56;72.31;78.56;62;2;UP_AND_DOWN
2025-10-03T09:15;2025-10-03T09:30;38;EUR;MWh;NO;NO;78.56;41;78.56;41;2;UP_AND_DOWN
2025-10-03T09:30;2025-10-03T09:45;39;EUR;MWh;NO;NO;78.56;72.31;78.56;63;2;UP_AND_DOWN
2025-10-03T09:45;2025-10-03T10:00;40;EUR;MWh;NO;NO;88.56;-4;88.56;-4;2;UP_AND_DOWN
2025-10-03T10:00;2025-10-03T10:15;41;EUR;MWh;NO;NO;116;66.11;116;60.5;2;UP_AND_DOWN
2025-10-03T10:15;2025-10-03T10:30;42;EUR;MWh;NO;NO;111;70.11;111;57;2;UP_AND_DOWN
2025-10-03T10:30;2025-10-03T10:45;43;EUR;MWh;NO;NO;78.56;72.11;72.11;72.11;-1;DOWN
2025-10-03T10:45;2025-10-03T11:00;44;EUR;MWh;NO;NO;41;72.11;56.06;56.06;0;STABLE
2025-10-03T11:00;2025-10-03T11:15;45;EUR;MWh;NO;NO;;33;33;33;-1;DOWN
2025-10-03T11:15;2025-10-03T11:30;46;EUR;MWh;NO;NO;;2.1;2.1;2.1;-1;DOWN
2025-10-03T11:30;2025-10-03T11:45;47;EUR;MWh;NO;NO;;-5.85;-5.85;-5.85;-1;DOWN
2025-10-03T11:45;2025-10-03T12:00;48;EUR;MWh;NO;NO;92;61.33;92;56.06;2;UP_AND_DOWN
2025-10-03T12:00;2025-10-03T12:15;49;EUR;MWh;NO;NO;125.27;;125.27;125.27;1;UP
2025-10-03T12:15;2025-10-03T12:30;50;EUR;MWh;NO;NO;133.8;;133.8;133.8;1;UP
2025-10-03T12:30;2025-10-03T12:45;51;EUR;MWh;NO;NO;127.87;52.39;127.87;52.39;2;UP_AND_DOWN
2025-10-03T12:45;2025-10-03T13:00;52;EUR;MWh;NO;NO;78.56;10;78.56;10;2;UP_AND_DOWN
2025-10-03T13:00;2025-10-03T13:15;53;EUR;MWh;NO;NO;78.56;-1;78.56;-1;2;UP_AND_DOWN
2025-10-03T13:15;2025-10-03T13:30;54;EUR;MWh;NO;NO;99;1.77;99;1.77;2;UP_AND_DOWN
2025-10-03T13:30;2025-10-03T13:45;55;EUR;MWh;NO;NO;111;;111;111;1;UP
2025-10-03T13:45;2025-10-03T14:00;56;EUR;MWh;NO;NO;99;-22.8;99;-22.8;2;UP_AND_DOWN
2025-10-03T14:00;2025-10-03T14:15;57;EUR;MWh;NO;NO;133.8;-24.9;133.8;-24.9;2;UP_AND_DOWN
2025-10-03T14:15;2025-10-03T14:30;58;EUR;MWh;NO;NO;96;;96;96;1;UP
2025-10-03T14:30;2025-10-03T14:45;59;EUR;MWh;NO;NO;90;;90;90;1;UP
2025-10-03T14:45;2025-10-03T15:00;60;EUR;MWh;NO;NO;58.56;82;61;61;2;UP_AND_DOWN
2025-10-03T15:00;2025-10-03T15:15;61;EUR;MWh;NO;NO;77.27;-16.49;77.27;-16.49;2;UP_AND_DOWN
2025-10-03T15:15;2025-10-03T15:30;62;EUR;MWh;NO;NO;;-30;-30;-30;-1;DOWN
2025-10-03T15:30;2025-10-03T15:45;63;EUR;MWh;NO;NO;;-28.3;-28.3;-28.3;-1;DOWN
2025-10-03T15:45;2025-10-03T16:00;64;EUR;MWh;NO;NO;;-11.49;-11.49;-11.49;-1;DOWN
2025-10-03T16:00;2025-10-03T16:15;65;EUR;MWh;NO;NO;;-26.07;-26.07;-26.07;-1;DOWN
2025-10-03T16:15;2025-10-03T16:30;66;EUR;MWh;NO;NO;78.56;-4;-4;-4;-1;DOWN
2025-10-03T16:30;2025-10-03T16:45;67;EUR;MWh;NO;NO;78.56;-16.49;78.56;-16.49;2;UP_AND_DOWN
2025-10-03T16:45;2025-10-03T17:00;68;EUR;MWh;NO;NO;58.56;-18.8;60.5;-18.8;2;UP_AND_DOWN
2025-10-03T17:00;2025-10-03T17:15;69;EUR;MWh;NO;NO;90.27;-41.3;90.27;-41.3;2;UP_AND_DOWN
2025-10-03T17:15;2025-10-03T17:30;70;EUR;MWh;NO;NO;80.27;-6.42;80.27;-6.42;2;UP_AND_DOWN
2025-10-03T17:30;2025-10-03T17:45;71;EUR;MWh;NO;NO;88.56;;88.56;88.56;1;UP
2025-10-03T17:45;2025-10-03T18:00;72;EUR;MWh;NO;NO;1662;56.11;1662;56.11;2;UP_AND_DOWN
2025-10-03T18:00;2025-10-03T18:15;73;EUR;MWh;NO;NO;600;-45;600;-45;2;UP_AND_DOWN
2025-10-03T18:15;2025-10-03T18:30;74;EUR;MWh;NO;NO;78.56;72.11;78.56;60.5;2;UP_AND_DOWN
2025-10-03T18:30;2025-10-03T18:45;75;EUR;MWh;NO;NO;41;32.9;60.5;32.9;2;UP_AND_DOWN
2025-10-03T18:45;2025-10-03T19:00;76;EUR;MWh;NO;NO;;26.4;26.4;26.4;-1;DOWN
2025-10-03T19:00;2025-10-03T19:15;77;EUR;MWh;NO;NO;;20.5;20.5;20.5;-1;DOWN
2025-10-03T19:15;2025-10-03T19:30;78;EUR;MWh;NO;NO;;23;23;23;-1;DOWN
2025-10-03T19:30;2025-10-03T19:45;79;EUR;MWh;NO;NO;;23;23;23;-1;DOWN
2025-10-03T19:45;2025-10-03T20:00;80;EUR;MWh;NO;NO;;2;2;2;-1;DOWN
2025-10-03T20:00;2025-10-03T20:15;81;EUR;MWh;NO;NO;;-1;-1;-1;-1;DOWN
2025-10-03T20:15;2025-10-03T20:30;82;EUR;MWh;NO;NO;;-6.7;-6.7;-6.7;-1;DOWN
2025-10-03T20:30;2025-10-03T20:45;83;EUR;MWh;NO;NO;;-11.49;-11.49;-11.49;-1;DOWN
2025-10-03T20:45;2025-10-03T21:00;84;EUR;MWh;NO;NO;58.56;-41.79;60.5;-41.79;2;UP_AND_DOWN
2025-10-03T21:00;2025-10-03T21:15;85;EUR;MWh;NO;NO;;-19.89;-19.89;-19.89;-1;DOWN
2025-10-03T21:15;2025-10-03T21:30;86;EUR;MWh;NO;NO;;-4;-4;-4;-1;DOWN
2025-10-03T21:30;2025-10-03T21:45;87;EUR;MWh;NO;NO;125;-11.49;125;-11.49;2;UP_AND_DOWN
2025-10-03T21:45;2025-10-03T22:00;88;EUR;MWh;NO;NO;78.56;-19.06;78.56;-19.06;2;UP_AND_DOWN
2025-10-03T22:00;2025-10-03T22:15;89;EUR;MWh;NO;NO;71;-50;71;-50;2;UP_AND_DOWN
2025-10-03T22:15;2025-10-03T22:30;90;EUR;MWh;NO;NO;40;-4;40;-4;2;UP_AND_DOWN
2025-10-03T22:30;2025-10-03T22:45;91;EUR;MWh;NO;NO;40.9;-11.49;40.9;-11.49;2;UP_AND_DOWN
2025-10-03T22:45;2025-10-03T23:00;92;EUR;MWh;NO;NO;58.56;-11.49;58.56;-11.49;2;UP_AND_DOWN
2025-10-03T23:00;2025-10-03T23:15;93;EUR;MWh;NO;NO;;-4;-4;-4;-1;DOWN
2025-10-03T23:15;2025-10-03T23:30;94;EUR;MWh;NO;NO;52;-11.49;52;-11.49;2;UP_AND_DOWN
2025-10-03T23:30;2025-10-03T23:45;95;EUR;MWh;NO;NO;58.56;-20;58.56;-20;2;UP_AND_DOWN
2025-10-03T23:45;2025-10-04T00:00;96;EUR;MWh;NO;NO;;-86;-86;-86;-1;DOWN
2025-10-04T00:00;2025-10-04T00:15;1;EUR;MWh;NO;NO;156;-102.1;156;-102.1;2;UP_AND_DOWN
2025-10-04T00:15;2025-10-04T00:30;2;EUR;MWh;NO;NO;70.95;-11.49;70.95;-11.49;2;UP_AND_DOWN
2025-10-04T00:30;2025-10-04T00:45;3;EUR;MWh;NO;NO;59.93;-16.49;59.93;-16.49;2;UP_AND_DOWN
2025-10-04T00:45;2025-10-04T01:00;4;EUR;MWh;NO;NO;66;-11.49;66;-11.49;2;UP_AND_DOWN
2025-10-04T01:00;2025-10-04T01:15;5;EUR;MWh;NO;NO;45;-20;-20;-20;-1;DOWN
2025-10-04T01:15;2025-10-04T01:30;6;EUR;MWh;NO;NO;;-20;-20;-20;-1;DOWN
2025-10-04T01:30;2025-10-04T01:45;7;EUR;MWh;NO;NO;;-16.49;-16.49;-16.49;-1;DOWN
2025-10-04T01:45;2025-10-04T02:00;8;EUR;MWh;NO;NO;;-32;-32;-32;-1;DOWN
2025-10-04T02:00;2025-10-04T02:15;9;EUR;MWh;NO;NO;;-29.9;-29.9;-29.9;-1;DOWN
2025-10-04T02:15;2025-10-04T02:30;10;EUR;MWh;NO;NO;;-30;-30;-30;-1;DOWN
2025-10-04T02:30;2025-10-04T02:45;11;EUR;MWh;NO;NO;65.9;-21;65.9;-21;2;UP_AND_DOWN
2025-10-04T02:45;2025-10-04T03:00;12;EUR;MWh;NO;NO;;-23;-23;-23;-1;DOWN
2025-10-04T03:00;2025-10-04T03:15;13;EUR;MWh;NO;NO;68.56;-28.86;68.56;-28.86;2;UP_AND_DOWN
2025-10-04T03:15;2025-10-04T03:30;14;EUR;MWh;NO;NO;65.9;-28;65.9;-28;2;UP_AND_DOWN
2025-10-04T03:30;2025-10-04T03:45;15;EUR;MWh;NO;NO;;-25;-25;-25;-1;DOWN
2025-10-04T03:45;2025-10-04T04:00;16;EUR;MWh;NO;NO;43;-20;43;-20;2;UP_AND_DOWN
2025-10-04T04:00;2025-10-04T04:15;17;EUR;MWh;NO;NO;22.56;-16.49;41.35;-16.49;2;UP_AND_DOWN
2025-10-04T04:15;2025-10-04T04:30;18;EUR;MWh;NO;NO;43;-16.49;43;-16.49;2;UP_AND_DOWN
2025-10-04T04:30;2025-10-04T04:45;19;EUR;MWh;NO;NO;43;15;43;43;1;UP
2025-10-04T04:45;2025-10-04T05:00;20;EUR;MWh;NO;NO;68.56;-11.49;68.56;-11.49;2;UP_AND_DOWN
2025-10-04T05:00;2025-10-04T05:15;21;EUR;MWh;NO;NO;70;-30;70;-30;2;UP_AND_DOWN
2025-10-04T05:15;2025-10-04T05:30;22;EUR;MWh;NO;NO;33;-30;-30;-30;-1;DOWN
2025-10-04T05:30;2025-10-04T05:45;23;EUR;MWh;NO;NO;43;-20;43;-20;2;UP_AND_DOWN
2025-10-04T05:45;2025-10-04T06:00;24;EUR;MWh;NO;NO;85.69;-4;85.69;-4;2;UP_AND_DOWN
2025-10-04T06:00;2025-10-04T06:15;25;EUR;MWh;NO;NO;88.46;-67.88;88.46;-67.88;2;UP_AND_DOWN
2025-10-04T06:15;2025-10-04T06:30;26;EUR;MWh;NO;NO;;15;15;15;-1;DOWN
2025-10-04T06:30;2025-10-04T06:45;27;EUR;MWh;NO;NO;;11;41.35;41.35;0;STABLE
2025-10-04T06:45;2025-10-04T07:00;28;EUR;MWh;NO;NO;22.56;6;6;6;-1;DOWN
2025-10-04T07:00;2025-10-04T07:15;29;EUR;MWh;NO;NO;;-65;-65;-65;-1;DOWN
2025-10-04T07:15;2025-10-04T07:30;30;EUR;MWh;NO;NO;;-4;-4;-4;-1;DOWN
2025-10-04T07:30;2025-10-04T07:45;31;EUR;MWh;NO;NO;45;-4;-4;-4;-1;DOWN
2025-10-04T07:45;2025-10-04T08:00;32;EUR;MWh;NO;NO;68.56;;68.56;68.56;1;UP
2025-10-04T08:00;2025-10-04T08:15;33;EUR;MWh;NO;NO;70;6;70;70;1;UP
2025-10-04T08:15;2025-10-04T08:30;34;EUR;MWh;NO;NO;88.36;;88.36;88.36;1;UP
2025-10-04T08:30;2025-10-04T08:45;35;EUR;MWh;NO;NO;86.46;;86.46;86.46;1;UP
2025-10-04T08:45;2025-10-04T09:00;36;EUR;MWh;NO;NO;140;;140;140;1;UP
2025-10-04T09:00;2025-10-04T09:15;37;EUR;MWh;NO;NO;140;;140;140;1;UP
2025-10-04T09:15;2025-10-04T09:30;38;EUR;MWh;NO;NO;88.56;;88.56;88.56;1;UP
2025-10-04T09:30;2025-10-04T09:45;39;EUR;MWh;NO;NO;92.36;;92.36;92.36;1;UP
2025-10-04T09:45;2025-10-04T10:00;40;EUR;MWh;NO;NO;90;;90;90;1;UP
2025-10-04T10:00;2025-10-04T10:15;41;EUR;MWh;NO;NO;132.7;;132.7;132.7;1;UP
2025-10-04T10:15;2025-10-04T10:30;42;EUR;MWh;NO;NO;118;36;118;118;1;UP
2025-10-04T10:30;2025-10-04T10:45;43;EUR;MWh;NO;NO;68.56;-4;68.56;-4;2;UP_AND_DOWN
2025-10-04T10:45;2025-10-04T11:00;44;EUR;MWh;NO;NO;;-11.49;-11.49;-11.49;-1;DOWN
2025-10-04T11:00;2025-10-04T11:15;45;EUR;MWh;NO;NO;;-30;-30;-30;-1;DOWN
2025-10-04T11:15;2025-10-04T11:30;46;EUR;MWh;NO;NO;2;-30;-30;-30;-1;DOWN
2025-10-04T11:30;2025-10-04T11:45;47;EUR;MWh;NO;NO;;-30;-30;-30;-1;DOWN
2025-10-04T11:45;2025-10-04T12:00;48;EUR;MWh;NO;NO;2;-79.9;-79.9;-79.9;-1;DOWN
2025-10-04T12:00;2025-10-04T12:15;49;EUR;MWh;NO;NO;33;-59.7;33;-59.7;2;UP_AND_DOWN
2025-10-04T12:15;2025-10-04T12:30;50;EUR;MWh;NO;NO;;-11.49;-11.49;-11.49;-1;DOWN
2025-10-04T12:30;2025-10-04T12:45;51;EUR;MWh;NO;NO;2;-36.08;-36.08;-36.08;-1;DOWN
2025-10-04T12:45;2025-10-04T13:00;52;EUR;MWh;NO;NO;;-30;-30;-30;-1;DOWN
2025-10-04T13:00;2025-10-04T13:15;53;EUR;MWh;NO;NO;;-30;-30;-30;-1;DOWN
2025-10-04T13:15;2025-10-04T13:30;54;EUR;MWh;NO;NO;1;-30;-30;-30;-1;DOWN
2025-10-04T13:30;2025-10-04T13:45;55;EUR;MWh;NO;NO;2;-3.1;30.57;-3.1;2;UP_AND_DOWN
2025-10-04T13:45;2025-10-04T14:00;56;EUR;MWh;NO;NO;1;-4;-4;-4;-1;DOWN
2025-10-04T14:00;2025-10-04T14:15;57;EUR;MWh;NO;NO;86.45;-1;86.45;-1;2;UP_AND_DOWN
2025-10-04T14:15;2025-10-04T14:30;58;EUR;MWh;NO;NO;86.26;-.64;86.26;-.64;2;UP_AND_DOWN
2025-10-04T14:30;2025-10-04T14:45;59;EUR;MWh;NO;NO;2;-4;2;2;1;UP
2025-10-04T14:45;2025-10-04T15:00;60;EUR;MWh;NO;NO;58.19;;58.19;58.19;1;UP
2025-10-04T15:00;2025-10-04T15:15;61;EUR;MWh;NO;NO;41;-.46;41;-.46;2;UP_AND_DOWN
2025-10-04T15:15;2025-10-04T15:30;62;EUR;MWh;NO;NO;22.56;-30;30.57;-30;2;UP_AND_DOWN
2025-10-04T15:30;2025-10-04T15:45;63;EUR;MWh;NO;NO;68.56;-32;68.56;-32;2;UP_AND_DOWN
2025-10-04T15:45;2025-10-04T16:00;64;EUR;MWh;NO;NO;68.56;;68.56;68.56;1;UP
2025-10-04T16:00;2025-10-04T16:15;65;EUR;MWh;NO;NO;88.26;-35;88.26;-35;2;UP_AND_DOWN
2025-10-04T16:15;2025-10-04T16:30;66;EUR;MWh;NO;NO;41;-4;41;-4;2;UP_AND_DOWN
2025-10-04T16:30;2025-10-04T16:45;67;EUR;MWh;NO;NO;68.56;-90.72;68.56;-90.72;2;UP_AND_DOWN
2025-10-04T16:45;2025-10-04T17:00;68;EUR;MWh;NO;NO;88.34;;88.34;88.34;1;UP
2025-10-04T17:00;2025-10-04T17:15;69;EUR;MWh;NO;NO;44;;44;44;1;UP
2025-10-04T17:15;2025-10-04T17:30;70;EUR;MWh;NO;NO;68.56;-4;68.56;-4;2;UP_AND_DOWN
2025-10-04T17:30;2025-10-04T17:45;71;EUR;MWh;NO;NO;61.35;5;61.35;61.35;1;UP
2025-10-04T17:45;2025-10-04T18:00;72;EUR;MWh;NO;NO;68.16;11;68.16;68.16;1;UP
2025-10-04T18:00;2025-10-04T18:15;73;EUR;MWh;NO;NO;59.04;11;59.04;59.04;1;UP
2025-10-04T18:15;2025-10-04T18:30;74;EUR;MWh;NO;NO;59.03;-30;59.03;-30;2;UP_AND_DOWN
2025-10-04T18:30;2025-10-04T18:45;75;EUR;MWh;NO;NO;68.56;-4;68.56;-4;2;UP_AND_DOWN
2025-10-04T18:45;2025-10-04T19:00;76;EUR;MWh;NO;NO;68.56;50;68.56;35.57;2;UP_AND_DOWN
2025-10-04T19:00;2025-10-04T19:15;77;EUR;MWh;NO;NO;59.98;-20;59.98;-20;2;UP_AND_DOWN
2025-10-04T19:15;2025-10-04T19:30;78;EUR;MWh;NO;NO;;-4;-4;-4;-1;DOWN
2025-10-04T19:30;2025-10-04T19:45;79;EUR;MWh;NO;NO;68.56;-2.41;68.56;-2.41;2;UP_AND_DOWN
2025-10-04T19:45;2025-10-04T20:00;80;EUR;MWh;NO;NO;68.56;-4;68.56;-4;2;UP_AND_DOWN
2025-10-04T20:00;2025-10-04T20:15;81;EUR;MWh;NO;NO;68.56;-11.49;-11.49;-11.49;-1;DOWN
2025-10-04T20:15;2025-10-04T20:30;82;EUR;MWh;NO;NO;;-4;-4;-4;-1;DOWN
2025-10-04T20:30;2025-10-04T20:45;83;EUR;MWh;NO;NO;;-11.49;-11.49;-11.49;-1;DOWN
2025-10-04T20:45;2025-10-04T21:00;84;EUR;MWh;NO;NO;;-30;-30;-30;-1;DOWN
2025-10-04T21:00;2025-10-04T21:15;85;EUR;MWh;NO;NO;50;-30;50;-30;2;UP_AND_DOWN
2025-10-04T21:15;2025-10-04T21:30;86;EUR;MWh;NO;NO;;-16.49;-16.49;-16.49;-1;DOWN
2025-10-04T21:30;2025-10-04T21:45;87;EUR;MWh;NO;NO;;5;5;5;-1;DOWN
2025-10-04T21:45;2025-10-04T22:00;88;EUR;MWh;NO;NO;;-30;-30;-30;-1;DOWN
2025-10-04T22:00;2025-10-04T22:15;89;EUR;MWh;NO;NO;;-30;-30;-30;-1;DOWN
2025-10-04T22:15;2025-10-04T22:30;90;EUR;MWh;NO;NO;;-19.98;-19.98;-19.98;-1;DOWN
2025-10-04T22:30;2025-10-04T22:45;91;EUR;MWh;NO;NO;;-23.3;-23.3;-23.3;-1;DOWN
2025-10-04T22:45;2025-10-04T23:00;92;EUR;MWh;NO;NO;;-30;-30;-30;-1;DOWN
2025-10-04T23:00;2025-10-04T23:15;93;EUR;MWh;NO;NO;22.56;-35;-35;-35;-1;DOWN
2025-10-04T23:15;2025-10-04T23:30;94;EUR;MWh;NO;NO;;7;7;7;-1;DOWN
2025-10-04T23:30;2025-10-04T23:45;95;EUR;MWh;NO;NO;22;-11.49;-11.49;-11.49;-1;DOWN
2025-10-04T23:45;2025-10-05T00:00;96;EUR;MWh;NO;NO;;-20;-20;-20;-1;DOWN
2025-10-05T00:00;2025-10-05T00:15;1;EUR;MWh;NO;NO;;-11.49;-11.49;-11.49;-1;DOWN
2025-10-05T00:15;2025-10-05T00:30;2;EUR;MWh;NO;NO;;-4;-4;-4;-1;DOWN
2025-10-05T00:30;2025-10-05T00:45;3;EUR;MWh;NO;NO;;-4;-4;-4;-1;DOWN
2025-10-05T00:45;2025-10-05T01:00;4;EUR;MWh;NO;NO;;-16.49;-16.49;-16.49;-1;DOWN
2025-10-05T01:00;2025-10-05T01:15;5;EUR;MWh;NO;NO;;-11.49;-11.49;-11.49;-1;DOWN
2025-10-05T01:15;2025-10-05T01:30;6;EUR;MWh;NO;NO;;-4;-4;-4;-1;DOWN
2025-10-05T01:30;2025-10-05T01:45;7;EUR;MWh;NO;NO;44;-4;-4;-4;-1;DOWN
2025-10-05T01:45;2025-10-05T02:00;8;EUR;MWh;NO;NO;;-41;-41;-41;-1;DOWN
2025-10-05T02:00;2025-10-05T02:15;9;EUR;MWh;NO;NO;;-34.9;-34.9;-34.9;-1;DOWN
2025-10-05T02:15;2025-10-05T02:30;10;EUR;MWh;NO;NO;44;-4;-4;-4;-1;DOWN
2025-10-05T02:30;2025-10-05T02:45;11;EUR;MWh;NO;NO;;-4;-4;-4;-1;DOWN
2025-10-05T02:45;2025-10-05T03:00;12;EUR;MWh;NO;NO;58.56;3.1;58.56;3.1;2;UP_AND_DOWN
2025-10-05T03:00;2025-10-05T03:15;13;EUR;MWh;NO;NO;44;-4;44;-4;2;UP_AND_DOWN
2025-10-05T03:15;2025-10-05T03:30;14;EUR;MWh;NO;NO;;-4;-4;-4;-1;DOWN
2025-10-05T03:30;2025-10-05T03:45;15;EUR;MWh;NO;NO;;-4;-4;-4;-1;DOWN
2025-10-05T03:45;2025-10-05T04:00;16;EUR;MWh;NO;NO;;-16.49;-16.49;-16.49;-1;DOWN
2025-10-05T04:00;2025-10-05T04:15;17;EUR;MWh;NO;NO;;-16.49;-16.49;-16.49;-1;DOWN
2025-10-05T04:15;2025-10-05T04:30;18;EUR;MWh;NO;NO;;-34.9;-34.9;-34.9;-1;DOWN
2025-10-05T04:30;2025-10-05T04:45;19;EUR;MWh;NO;NO;;-38;-38;-38;-1;DOWN
2025-10-05T04:45;2025-10-05T05:00;20;EUR;MWh;NO;NO;;-32;-32;-32;-1;DOWN
2025-10-05T05:00;2025-10-05T05:15;21;EUR;MWh;NO;NO;;-4;-4;-4;-1;DOWN
2025-10-05T05:15;2025-10-05T05:30;22;EUR;MWh;NO;NO;;-4;-4;-4;-1;DOWN
2025-10-05T05:30;2025-10-05T05:45;23;EUR;MWh;NO;NO;;-4;-4;-4;-1;DOWN
2025-10-05T05:45;2025-10-05T06:00;24;EUR;MWh;NO;NO;;12;12;12;-1;DOWN
2025-10-05T06:00;2025-10-05T06:15;25;EUR;MWh;NO;NO;68.56;-30;68.56;-30;2;UP_AND_DOWN
2025-10-05T06:15;2025-10-05T06:30;26;EUR;MWh;NO;NO;62.79;-4;62.79;-4;2;UP_AND_DOWN
2025-10-05T06:30;2025-10-05T06:45;27;EUR;MWh;NO;NO;;-4;-4;-4;-1;DOWN
2025-10-05T06:45;2025-10-05T07:00;28;EUR;MWh;NO;NO;;-11.49;-11.49;-11.49;-1;DOWN
2025-10-05T07:00;2025-10-05T07:15;29;EUR;MWh;NO;NO;;-12;-12;-12;-1;DOWN
2025-10-05T07:15;2025-10-05T07:30;30;EUR;MWh;NO;NO;;-4;-4;-4;-1;DOWN
2025-10-05T07:30;2025-10-05T07:45;31;EUR;MWh;NO;NO;;12;12;12;-1;DOWN
2025-10-05T07:45;2025-10-05T08:00;32;EUR;MWh;NO;NO;;-12;-12;-12;-1;DOWN
2025-10-05T08:00;2025-10-05T08:15;33;EUR;MWh;NO;NO;;-16.49;-16.49;-16.49;-1;DOWN
2025-10-05T08:15;2025-10-05T08:30;34;EUR;MWh;NO;NO;39;9;9;9;-1;DOWN
2025-10-05T08:30;2025-10-05T08:45;35;EUR;MWh;NO;NO;;-4;-4;-4;-1;DOWN
2025-10-05T08:45;2025-10-05T09:00;36;EUR;MWh;NO;NO;39;-11.49;-11.49;-11.49;-1;DOWN
2025-10-05T09:00;2025-10-05T09:15;37;EUR;MWh;NO;NO;;-4;-4;-4;-1;DOWN
2025-10-05T09:15;2025-10-05T09:30;38;EUR;MWh;NO;NO;20;-13;30.53;-13;2;UP_AND_DOWN
2025-10-05T09:30;2025-10-05T09:45;39;EUR;MWh;NO;NO;;-26;-26;-26;-1;DOWN
2025-10-05T09:45;2025-10-05T10:00;40;EUR;MWh;NO;NO;;-30;-30;-30;-1;DOWN
2025-10-05T10:00;2025-10-05T10:15;41;EUR;MWh;NO;NO;20;36.41;36.41;36.41;-1;DOWN
2025-10-05T10:15;2025-10-05T10:30;42;EUR;MWh;NO;NO;46;-11.49;46;-11.49;2;UP_AND_DOWN
2025-10-05T10:30;2025-10-05T10:45;43;EUR;MWh;NO;NO;45;-4;45;-4;2;UP_AND_DOWN
2025-10-05T10:45;2025-10-05T11:00;44;EUR;MWh;NO;NO;76.56;;76.56;76.56;1;UP
2025-10-05T11:00;2025-10-05T11:15;45;EUR;MWh;NO;NO;118.57;-16;118.57;-16;2;UP_AND_DOWN
2025-10-05T11:15;2025-10-05T11:30;46;EUR;MWh;NO;NO;104.5;16;104.5;104.5;1;UP
2025-10-05T11:30;2025-10-05T11:45;47;EUR;MWh;NO;NO;14;;14;14;1;UP
2025-10-05T11:45;2025-10-05T12:00;48;EUR;MWh;NO;NO;68.56;;68.56;68.56;1;UP
2025-10-05T12:00;2025-10-05T12:15;49;EUR;MWh;NO;NO;58.56;;58.56;58.56;1;UP
2025-10-05T12:15;2025-10-05T12:30;50;EUR;MWh;NO;NO;14;21;14;14;1;UP
2025-10-05T12:30;2025-10-05T12:45;51;EUR;MWh;NO;NO;1;33.28;33.28;33.28;-1;DOWN
2025-10-05T12:45;2025-10-05T13:00;52;EUR;MWh;NO;NO;14;2;29.71;2;2;UP_AND_DOWN
2025-10-05T13:00;2025-10-05T13:15;53;EUR;MWh;NO;NO;14;-1;28.2;-1;2;UP_AND_DOWN
2025-10-05T13:15;2025-10-05T13:30;54;EUR;MWh;NO;NO;44;10;44;10;2;UP_AND_DOWN
2025-10-05T13:30;2025-10-05T13:45;55;EUR;MWh;NO;NO;2;2;26.26;2;2;UP_AND_DOWN
2025-10-05T13:45;2025-10-05T14:00;56;EUR;MWh;NO;NO;14;58.42;14;14;1;UP
2025-10-05T14:00;2025-10-05T14:15;57;EUR;MWh;NO;NO;14;10;10;10;-1;DOWN
2025-10-05T14:15;2025-10-05T14:30;58;EUR;MWh;NO;NO;14;12;25.64;12;2;UP_AND_DOWN
2025-10-05T14:30;2025-10-05T14:45;59;EUR;MWh;NO;NO;14;-4;26.72;-4;2;UP_AND_DOWN
2025-10-05T14:45;2025-10-05T15:00;60;EUR;MWh;NO;NO;1;-4;-4;-4;-1;DOWN
2025-10-05T15:00;2025-10-05T15:15;61;EUR;MWh;NO;NO;14;-11.49;26.19;-11.49;2;UP_AND_DOWN
2025-10-05T15:15;2025-10-05T15:30;62;EUR;MWh;NO;NO;14;27;25.5;25.5;2;UP_AND_DOWN
2025-10-05T15:30;2025-10-05T15:45;63;EUR;MWh;NO;NO;14;24;26.37;24;2;UP_AND_DOWN
2025-10-05T15:45;2025-10-05T16:00;64;EUR;MWh;NO;NO;104.5;;104.5;104.5;1;UP
2025-10-05T16:00;2025-10-05T16:15;65;EUR;MWh;NO;NO;124.91;;124.91;124.91;1;UP
2025-10-05T16:15;2025-10-05T16:30;66;EUR;MWh;NO;NO;53;;53;53;1;UP
2025-10-05T16:30;2025-10-05T16:45;67;EUR;MWh;NO;NO;78.56;;78.56;78.56;1;UP
2025-10-05T16:45;2025-10-05T17:00;68;EUR;MWh;NO;NO;104.5;;104.5;104.5;1;UP
2025-10-05T17:00;2025-10-05T17:15;69;EUR;MWh;NO;NO;150;29;150;29;2;UP_AND_DOWN
2025-10-05T17:15;2025-10-05T17:30;70;EUR;MWh;NO;NO;78.56;-2.28;78.56;-2.28;2;UP_AND_DOWN
2025-10-05T17:30;2025-10-05T17:45;71;EUR;MWh;NO;NO;150;;150;150;1;UP
2025-10-05T17:45;2025-10-05T18:00;72;EUR;MWh;NO;NO;501;;501;501;1;UP
2025-10-05T18:00;2025-10-05T18:15;73;EUR;MWh;NO;NO;68.56;-33;68.56;-33;2;UP_AND_DOWN
2025-10-05T18:15;2025-10-05T18:30;74;EUR;MWh;NO;NO;77;-40;77;-40;2;UP_AND_DOWN
2025-10-05T18:30;2025-10-05T18:45;75;EUR;MWh;NO;NO;78.56;-2.3;78.56;-2.3;2;UP_AND_DOWN
2025-10-05T18:45;2025-10-05T19:00;76;EUR;MWh;NO;NO;133;-3.6;133;-3.6;2;UP_AND_DOWN
2025-10-05T19:00;2025-10-05T19:15;77;EUR;MWh;NO;NO;140;-28.57;140;-28.57;2;UP_AND_DOWN
2025-10-05T19:15;2025-10-05T19:30;78;EUR;MWh;NO;NO;133;;133;133;1;UP
2025-10-05T19:30;2025-10-05T19:45;79;EUR;MWh;NO;NO;142.8;;142.8;142.8;1;UP
2025-10-05T19:45;2025-10-05T20:00;80;EUR;MWh;NO;NO;140;34;140;140;1;UP
2025-10-05T20:00;2025-10-05T20:15;81;EUR;MWh;NO;NO;96;50;96;50;2;UP_AND_DOWN
2025-10-05T20:15;2025-10-05T20:30;82;EUR;MWh;NO;NO;140;;140;140;1;UP
2025-10-05T20:30;2025-10-05T20:45;83;EUR;MWh;NO;NO;104.5;;104.5;104.5;1;UP
2025-10-05T20:45;2025-10-05T21:00;84;EUR;MWh;NO;NO;90;-4.29;90;-4.29;2;UP_AND_DOWN
2025-10-05T21:00;2025-10-05T21:15;85;EUR;MWh;NO;NO;142.8;-11.49;142.8;-11.49;2;UP_AND_DOWN
2025-10-05T21:15;2025-10-05T21:30;86;EUR;MWh;NO;NO;81.34;55;81.34;55;2;UP_AND_DOWN
2025-10-05T21:30;2025-10-05T21:45;87;EUR;MWh;NO;NO;62.01;40;62.01;40;2;UP_AND_DOWN
2025-10-05T21:45;2025-10-05T22:00;88;EUR;MWh;NO;NO;;13.9;13.9;13.9;-1;DOWN
2025-10-05T22:00;2025-10-05T22:15;89;EUR;MWh;NO;NO;;-4;-4;-4;-1;DOWN
2025-10-05T22:15;2025-10-05T22:30;90;EUR;MWh;NO;NO;;39;39;39;-1;DOWN
2025-10-05T22:30;2025-10-05T22:45;91;EUR;MWh;NO;NO;68.56;55;68.56;55;2;UP_AND_DOWN
2025-10-05T22:45;2025-10-05T23:00;92;EUR;MWh;NO;NO;68.56;-35;68.56;-35;2;UP_AND_DOWN
2025-10-05T23:00;2025-10-05T23:15;93;EUR;MWh;NO;NO;144;-49.3;144;-49.3;2;UP_AND_DOWN
2025-10-05T23:15;2025-10-05T23:30;94;EUR;MWh;NO;NO;;-24;-24;-24;-1;DOWN
2025-10-05T23:30;2025-10-05T23:45;95;EUR;MWh;NO;NO;58.56;39;58.56;39;2;UP_AND_DOWN
2025-10-05T23:45;2025-10-06T00:00;96;EUR;MWh;NO;NO;88;37;88;37;2;UP_AND_DOWN
2025-10-06T00:00;2025-10-06T00:15;1;EUR;MWh;NO;NO;88;-4;-4;-4;-1;DOWN
2025-10-06T00:15;2025-10-06T00:30;2;EUR;MWh;NO;NO;;-30;-30;-30;-1;DOWN
2025-10-06T00:30;2025-10-06T00:45;3;EUR;MWh;NO;NO;;-22;-22;-22;-1;DOWN
2025-10-06T00:45;2025-10-06T01:00;4;EUR;MWh;NO;NO;;-17.46;-17.46;-17.46;-1;DOWN
2025-10-06T01:00;2025-10-06T01:15;5;EUR;MWh;NO;NO;;-30;-30;-30;-1;DOWN
2025-10-06T01:15;2025-10-06T01:30;6;EUR;MWh;NO;NO;;-4;-4;-4;-1;DOWN
2025-10-06T01:30;2025-10-06T01:45;7;EUR;MWh;NO;NO;;-4;-4;-4;-1;DOWN
2025-10-06T01:45;2025-10-06T02:00;8;EUR;MWh;NO;NO;;-4;-4;-4;-1;DOWN
2025-10-06T02:00;2025-10-06T02:15;9;EUR;MWh;NO;NO;83.74;39.57;83.74;35.03;2;UP_AND_DOWN
2025-10-06T02:15;2025-10-06T02:30;10;EUR;MWh;NO;NO;62.56;39.57;62.56;62.56;1;UP
2025-10-06T02:30;2025-10-06T02:45;11;EUR;MWh;NO;NO;80.25;10;80.25;10;2;UP_AND_DOWN
2025-10-06T02:45;2025-10-06T03:00;12;EUR;MWh;NO;NO;10;-12;34.79;-12;2;UP_AND_DOWN
2025-10-06T03:00;2025-10-06T03:15;13;EUR;MWh;NO;NO;43;-4;-4;-4;-1;DOWN
2025-10-06T03:15;2025-10-06T03:30;14;EUR;MWh;NO;NO;;4.57;4.57;4.57;-1;DOWN
2025-10-06T03:30;2025-10-06T03:45;15;EUR;MWh;NO;NO;;29.57;29.57;29.57;-1;DOWN
2025-10-06T03:45;2025-10-06T04:00;16;EUR;MWh;NO;NO;;-4;-4;-4;-1;DOWN
2025-10-06T04:00;2025-10-06T04:15;17;EUR;MWh;NO;NO;;-11.8;-11.8;-11.8;-1;DOWN
2025-10-06T04:15;2025-10-06T04:30;18;EUR;MWh;NO;NO;;4.57;4.57;4.57;-1;DOWN
2025-10-06T04:30;2025-10-06T04:45;19;EUR;MWh;NO;NO;;-4;-4;-4;-1;DOWN
2025-10-06T04:45;2025-10-06T05:00;20;EUR;MWh;NO;NO;;59.57;59.57;59.57;-1;DOWN
2025-10-06T05:00;2025-10-06T05:15;21;EUR;MWh;NO;NO;90.2;-4;90.2;-4;2;UP_AND_DOWN
2025-10-06T05:15;2025-10-06T05:30;22;EUR;MWh;NO;NO;100;;100;100;1;UP
2025-10-06T05:30;2025-10-06T05:45;23;EUR;MWh;NO;NO;98.9;;98.9;98.9;1;UP
2025-10-06T05:45;2025-10-06T06:00;24;EUR;MWh;NO;NO;100;;100;100;1;UP
2025-10-06T06:00;2025-10-06T06:15;25;EUR;MWh;NO;NO;118.7;;118.7;118.7;1;UP
2025-10-06T06:15;2025-10-06T06:30;26;EUR;MWh;NO;NO;117.3;;117.3;117.3;1;UP
2025-10-06T06:30;2025-10-06T06:45;27;EUR;MWh;NO;NO;118.7;;118.7;118.7;1;UP
2025-10-06T06:45;2025-10-06T07:00;28;EUR;MWh;NO;NO;118.7;;118.7;118.7;1;UP
2025-10-06T07:00;2025-10-06T07:15;29;EUR;MWh;NO;NO;140;81;140;60.5;2;UP_AND_DOWN
2025-10-06T07:15;2025-10-06T07:30;30;EUR;MWh;NO;NO;200;;200;200;1;UP
2025-10-06T07:30;2025-10-06T07:45;31;EUR;MWh;NO;NO;200;;200;200;1;UP
2025-10-06T07:45;2025-10-06T08:00;32;EUR;MWh;NO;NO;144;;144;144;1;UP
2025-10-06T08:00;2025-10-06T08:15;33;EUR;MWh;NO;NO;132.9;;132.9;132.9;1;UP
2025-10-06T08:15;2025-10-06T08:30;34;EUR;MWh;NO;NO;140;;140;140;1;UP
2025-10-06T08:30;2025-10-06T08:45;35;EUR;MWh;NO;NO;164;;164;164;1;UP
2025-10-06T08:45;2025-10-06T09:00;36;EUR;MWh;NO;NO;125.88;;125.88;125.88;1;UP
2025-10-06T09:00;2025-10-06T09:15;37;EUR;MWh;NO;NO;150;81;150;150;1;UP
2025-10-06T09:15;2025-10-06T09:30;38;EUR;MWh;NO;NO;150;;150;150;1;UP
2025-10-06T09:30;2025-10-06T09:45;39;EUR;MWh;NO;NO;175;;175;175;1;UP
2025-10-06T09:45;2025-10-06T10:00;40;EUR;MWh;NO;NO;140;;140;140;1;UP
2025-10-06T10:00;2025-10-06T10:15;41;EUR;MWh;NO;NO;200;;200;200;1;UP
2025-10-06T10:15;2025-10-06T10:30;42;EUR;MWh;NO;NO;200;;200;200;1;UP
2025-10-06T10:30;2025-10-06T10:45;43;EUR;MWh;NO;NO;150;73.99;150;73.99;2;UP_AND_DOWN
2025-10-06T10:45;2025-10-06T11:00;44;EUR;MWh;NO;NO;92.9;50;92.9;50;2;UP_AND_DOWN
2025-10-06T11:00;2025-10-06T11:15;45;EUR;MWh;NO;NO;;56.75;56.75;56.75;-1;DOWN
2025-10-06T11:15;2025-10-06T11:30;46;EUR;MWh;NO;NO;99.9;139;99.9;89.5;2;UP_AND_DOWN
2025-10-06T11:30;2025-10-06T11:45;47;EUR;MWh;NO;NO;100;98;100;100;1;UP
2025-10-06T11:45;2025-10-06T12:00;48;EUR;MWh;NO;NO;140;77.25;140;69;2;UP_AND_DOWN
2025-10-06T12:00;2025-10-06T12:15;49;EUR;MWh;NO;NO;180;77.25;180;180;1;UP
2025-10-06T12:15;2025-10-06T12:30;50;EUR;MWh;NO;NO;154.38;;154.38;154.38;1;UP
2025-10-06T12:30;2025-10-06T12:45;51;EUR;MWh;NO;NO;97.38;;97.38;97.38;1;UP
2025-10-06T12:45;2025-10-06T13:00;52;EUR;MWh;NO;NO;99.28;96;99.28;99.28;1;UP
2025-10-06T13:00;2025-10-06T13:15;53;EUR;MWh;NO;NO;97.28;77.17;97.28;69.5;2;UP_AND_DOWN
2025-10-06T13:15;2025-10-06T13:30;54;EUR;MWh;NO;NO;98.87;;98.87;98.87;1;UP
2025-10-06T13:30;2025-10-06T13:45;55;EUR;MWh;NO;NO;90;;90;90;1;UP
2025-10-06T13:45;2025-10-06T14:00;56;EUR;MWh;NO;NO;89.6;96;89.6;68;2;UP_AND_DOWN
2025-10-06T14:00;2025-10-06T14:15;57;EUR;MWh;NO;NO;80.57;96;80.57;68;2;UP_AND_DOWN
2025-10-06T14:15;2025-10-06T14:30;58;EUR;MWh;NO;NO;107.24;;107.24;107.24;1;UP
2025-10-06T14:30;2025-10-06T14:45;59;EUR;MWh;NO;NO;117.7;;117.7;117.7;1;UP
2025-10-06T14:45;2025-10-06T15:00;60;EUR;MWh;NO;NO;102.57;;102.57;102.57;1;UP
2025-10-06T15:00;2025-10-06T15:15;61;EUR;MWh;NO;NO;106.48;;106.48;106.48;1;UP
2025-10-06T15:15;2025-10-06T15:30;62;EUR;MWh;NO;NO;180.4;;180.4;180.4;1;UP
2025-10-06T15:30;2025-10-06T15:45;63;EUR;MWh;NO;NO;152.57;;152.57;152.57;1;UP
2025-10-06T15:45;2025-10-06T16:00;64;EUR;MWh;NO;NO;93;73.77;93;68;2;UP_AND_DOWN
2025-10-06T16:00;2025-10-06T16:15;65;EUR;MWh;NO;NO;139.9;63.53;139.9;63.53;2;UP_AND_DOWN
2025-10-06T16:15;2025-10-06T16:30;66;EUR;MWh;NO;NO;60.5;28.77;28.77;28.77;-1;DOWN
2025-10-06T16:30;2025-10-06T16:45;67;EUR;MWh;NO;NO;109.9;59.57;109.9;59.57;2;UP_AND_DOWN
2025-10-06T16:45;2025-10-06T17:00;68;EUR;MWh;NO;NO;62.56;59.57;59.57;59.57;-1;DOWN
2025-10-06T17:00;2025-10-06T17:15;69;EUR;MWh;NO;NO;400;76.77;400;69.5;2;UP_AND_DOWN
2025-10-06T17:15;2025-10-06T17:30;70;EUR;MWh;NO;NO;389.81;;389.81;389.81;1;UP
2025-10-06T17:30;2025-10-06T17:45;71;EUR;MWh;NO;NO;164;;164;164;1;UP
2025-10-06T17:45;2025-10-06T18:00;72;EUR;MWh;NO;NO;180;;180;180;1;UP
2025-10-06T18:00;2025-10-06T18:15;73;EUR;MWh;NO;NO;150;;150;150;1;UP
2025-10-06T18:15;2025-10-06T18:30;74;EUR;MWh;NO;NO;150;;150;150;1;UP
2025-10-06T18:30;2025-10-06T18:45;75;EUR;MWh;NO;NO;174.3;;174.3;174.3;1;UP
2025-10-06T18:45;2025-10-06T19:00;76;EUR;MWh;NO;NO;174.3;;174.3;174.3;1;UP
2025-10-06T19:00;2025-10-06T19:15;77;EUR;MWh;NO;NO;153;;153;153;1;UP
2025-10-06T19:15;2025-10-06T19:30;78;EUR;MWh;NO;NO;152.9;;152.9;152.9;1;UP
2025-10-06T19:30;2025-10-06T19:45;79;EUR;MWh;NO;NO;164;;164;164;1;UP
2025-10-06T19:45;2025-10-06T20:00;80;EUR;MWh;NO;NO;153;;153;153;1;UP
2025-10-06T20:00;2025-10-06T20:15;81;EUR;MWh;NO;NO;164;;164;164;1;UP
2025-10-06T20:15;2025-10-06T20:30;82;EUR;MWh;NO;NO;164;;164;164;1;UP
2025-10-06T20:30;2025-10-06T20:45;83;EUR;MWh;NO;NO;174.3;;174.3;174.3;1;UP
2025-10-06T20:45;2025-10-06T21:00;84;EUR;MWh;NO;NO;150;;150;150;1;UP
2025-10-06T21:00;2025-10-06T21:15;85;EUR;MWh;NO;NO;118.7;;118.7;118.7;1;UP
2025-10-06T21:15;2025-10-06T21:30;86;EUR;MWh;NO;NO;164;;164;164;1;UP
2025-10-06T21:30;2025-10-06T21:45;87;EUR;MWh;NO;NO;80.66;125;80.66;80.66;1;UP
2025-10-06T21:45;2025-10-06T22:00;88;EUR;MWh;NO;NO;164;99;164;82.5;2;UP_AND_DOWN
2025-10-06T22:00;2025-10-06T22:15;89;EUR;MWh;NO;NO;138.9;81;138.9;81;2;UP_AND_DOWN
2025-10-06T22:15;2025-10-06T22:30;90;EUR;MWh;NO;NO;138.9;;138.9;138.9;1;UP
2025-10-06T22:30;2025-10-06T22:45;91;EUR;MWh;NO;NO;80.46;99;82.5;82.5;2;UP_AND_DOWN
2025-10-06T22:45;2025-10-06T23:00;92;EUR;MWh;NO;NO;80.46;88;82.5;82.5;2;UP_AND_DOWN
2025-10-06T23:00;2025-10-06T23:15;93;EUR;MWh;NO;NO;122;;122;122;1;UP
2025-10-06T23:15;2025-10-06T23:30;94;EUR;MWh;NO;NO;89.34;124;89.34;89.34;1;UP
2025-10-06T23:30;2025-10-06T23:45;95;EUR;MWh;NO;NO;138.9;99;138.9;81.5;2;UP_AND_DOWN
2025-10-06T23:45;2025-10-07T00:00;96;EUR;MWh;NO;NO;78.6;99;81.5;81.5;2;UP_AND_DOWN
2025-10-07T00:00;2025-10-07T00:15;1;EUR;MWh;NO;NO;94.69;88;94.69;81.5;2;UP_AND_DOWN
2025-10-07T00:15;2025-10-07T00:30;2;EUR;MWh;NO;NO;99.22;123;99.22;81.5;2;UP_AND_DOWN
2025-10-07T00:30;2025-10-07T00:45;3;EUR;MWh;NO;NO;117.7;;117.7;117.7;1;UP
2025-10-07T00:45;2025-10-07T01:00;4;EUR;MWh;NO;NO;117.7;123;117.7;81.5;2;UP_AND_DOWN
2025-10-07T01:00;2025-10-07T01:15;5;EUR;MWh;NO;NO;95.22;122;95.22;81;2;UP_AND_DOWN
2025-10-07T01:15;2025-10-07T01:30;6;EUR;MWh;NO;NO;120.2;;120.2;120.2;1;UP
2025-10-07T01:30;2025-10-07T01:45;7;EUR;MWh;NO;NO;117.7;;117.7;117.7;1;UP
2025-10-07T01:45;2025-10-07T02:00;8;EUR;MWh;NO;NO;117.7;;117.7;117.7;1;UP
2025-10-07T02:00;2025-10-07T02:15;9;EUR;MWh;NO;NO;96.52;122;96.52;96.52;1;UP
2025-10-07T02:15;2025-10-07T02:30;10;EUR;MWh;NO;NO;92.81;122;92.81;81;2;UP_AND_DOWN
2025-10-07T02:30;2025-10-07T02:45;11;EUR;MWh;NO;NO;98.75;122;98.75;98.75;1;UP
2025-10-07T02:45;2025-10-07T03:00;12;EUR;MWh;NO;NO;102.68;122;102.68;81;2;UP_AND_DOWN
2025-10-07T03:00;2025-10-07T03:15;13;EUR;MWh;NO;NO;102.68;88;88;88;-1;DOWN
2025-10-07T03:15;2025-10-07T03:30;14;EUR;MWh;NO;NO;42;88;88;88;-1;DOWN
2025-10-07T03:30;2025-10-07T03:45;15;EUR;MWh;NO;NO;;88;88;88;-1;DOWN
2025-10-07T03:45;2025-10-07T04:00;16;EUR;MWh;NO;NO;42;88;88;88;-1;DOWN
2025-10-07T04:00;2025-10-07T04:15;17;EUR;MWh;NO;NO;96.52;117;96.52;96.52;1;UP
2025-10-07T04:15;2025-10-07T04:30;18;EUR;MWh;NO;NO;87.99;112;87.99;87.99;1;UP
2025-10-07T04:30;2025-10-07T04:45;19;EUR;MWh;NO;NO;88.88;107;88.88;73.5;2;UP_AND_DOWN
2025-10-07T04:45;2025-10-07T05:00;20;EUR;MWh;NO;NO;97.17;106;97.17;73;2;UP_AND_DOWN
2025-10-07T05:00;2025-10-07T05:15;21;EUR;MWh;NO;NO;117.7;;117.7;117.7;1;UP
2025-10-07T05:15;2025-10-07T05:30;22;EUR;MWh;NO;NO;120.2;106;120.2;120.2;1;UP
2025-10-07T05:30;2025-10-07T05:45;23;EUR;MWh;NO;NO;109.63;106;109.63;73;2;UP_AND_DOWN
2025-10-07T05:45;2025-10-07T06:00;24;EUR;MWh;NO;NO;78.98;78.63;78.63;78.63;-1;DOWN
2025-10-07T06:00;2025-10-07T06:15;25;EUR;MWh;NO;NO;161;71.18;161;71.18;2;UP_AND_DOWN
2025-10-07T06:15;2025-10-07T06:30;26;EUR;MWh;NO;NO;161;;161;161;1;UP
2025-10-07T06:30;2025-10-07T06:45;27;EUR;MWh;NO;NO;140;104;140;72;2;UP_AND_DOWN
2025-10-07T06:45;2025-10-07T07:00;28;EUR;MWh;NO;NO;124.43;;124.43;124.43;1;UP
2025-10-07T07:00;2025-10-07T07:15;29;EUR;MWh;NO;NO;201;;201;201;1;UP
2025-10-07T07:15;2025-10-07T07:30;30;EUR;MWh;NO;NO;201;;201;201;1;UP
2025-10-07T07:30;2025-10-07T07:45;31;EUR;MWh;NO;NO;140;;140;140;1;UP
2025-10-07T07:45;2025-10-07T08:00;32;EUR;MWh;NO;NO;97.39;;97.39;97.39;1;UP
2025-10-07T08:00;2025-10-07T08:15;33;EUR;MWh;NO;NO;105.81;;105.81;105.81;1;UP
2025-10-07T08:15;2025-10-07T08:30;34;EUR;MWh;NO;NO;200;;200;200;1;UP
2025-10-07T08:30;2025-10-07T08:45;35;EUR;MWh;NO;NO;169;;169;169;1;UP
2025-10-07T08:45;2025-10-07T09:00;36;EUR;MWh;NO;NO;86.81;112;86.81;76;2;UP_AND_DOWN
2025-10-07T09:00;2025-10-07T09:15;37;EUR;MWh;NO;NO;140;;140;140;1;UP
2025-10-07T09:15;2025-10-07T09:30;38;EUR;MWh;NO;NO;110.91;113;110.91;76.5;2;UP_AND_DOWN
2025-10-07T09:30;2025-10-07T09:45;39;EUR;MWh;NO;NO;80.81;71.64;80.81;71.64;2;UP_AND_DOWN
2025-10-07T09:45;2025-10-07T10:00;40;EUR;MWh;NO;NO;;70.13;70.13;70.13;-1;DOWN
2025-10-07T10:00;2025-10-07T10:15;41;EUR;MWh;NO;NO;78.98;70.13;70.13;70.13;-1;DOWN
2025-10-07T10:15;2025-10-07T10:30;42;EUR;MWh;NO;NO;114.91;74.32;114.91;74;2;UP_AND_DOWN
2025-10-07T10:30;2025-10-07T10:45;43;EUR;MWh;NO;NO;100;70.23;100;65.5;2;UP_AND_DOWN
2025-10-07T10:45;2025-10-07T11:00;44;EUR;MWh;NO;NO;;54.74;54.74;54.74;-1;DOWN
2025-10-07T11:00;2025-10-07T11:15;45;EUR;MWh;NO;NO;;49.64;49.64;49.64;-1;DOWN
2025-10-07T11:15;2025-10-07T11:30;46;EUR;MWh;NO;NO;;41.32;41.32;41.32;-1;DOWN
2025-10-07T11:30;2025-10-07T11:45;47;EUR;MWh;NO;NO;;42;42;42;-1;DOWN
2025-10-07T11:45;2025-10-07T12:00;48;EUR;MWh;NO;NO;;35.82;35.82;35.82;-1;DOWN
2025-10-07T12:00;2025-10-07T12:15;49;EUR;MWh;NO;NO;;56.22;56.22;56.22;-1;DOWN
2025-10-07T12:15;2025-10-07T12:30;50;EUR;MWh;NO;NO;;44.38;44.38;44.38;-1;DOWN
2025-10-07T12:30;2025-10-07T12:45;51;EUR;MWh;NO;NO;;49.64;49.64;49.64;-1;DOWN
2025-10-07T12:45;2025-10-07T13:00;52;EUR;MWh;NO;NO;41;67.44;67.44;67.44;-1;DOWN
2025-10-07T13:00;2025-10-07T13:15;53;EUR;MWh;NO;NO;111.85;67.44;111.85;111.85;1;UP
2025-10-07T13:15;2025-10-07T13:30;54;EUR;MWh;NO;NO;141.62;;141.62;141.62;1;UP
2025-10-07T13:30;2025-10-07T13:45;55;EUR;MWh;NO;NO;154;;154;154;1;UP
2025-10-07T13:45;2025-10-07T14:00;56;EUR;MWh;NO;NO;200;;200;200;1;UP
2025-10-07T14:00;2025-10-07T14:15;57;EUR;MWh;NO;NO;145.4;;145.4;145.4;1;UP
2025-10-07T14:15;2025-10-07T14:30;58;EUR;MWh;NO;NO;150;;150;150;1;UP
2025-10-07T14:30;2025-10-07T14:45;59;EUR;MWh;NO;NO;140;;140;140;1;UP
2025-10-07T14:45;2025-10-07T15:00;60;EUR;MWh;NO;NO;157.91;;157.91;157.91;1;UP
2025-10-07T15:00;2025-10-07T15:15;61;EUR;MWh;NO;NO;150;;150;150;1;UP
2025-10-07T15:15;2025-10-07T15:30;62;EUR;MWh;NO;NO;130;;130;130;1;UP
2025-10-07T15:30;2025-10-07T15:45;63;EUR;MWh;NO;NO;140;;140;140;1;UP
2025-10-07T15:45;2025-10-07T16:00;64;EUR;MWh;NO;NO;150;;150;150;1;UP
2025-10-07T16:00;2025-10-07T16:15;65;EUR;MWh;NO;NO;100;;100;100;1;UP
2025-10-07T16:15;2025-10-07T16:30;66;EUR;MWh;NO;NO;140;;140;140;1;UP
2025-10-07T16:30;2025-10-07T16:45;67;EUR;MWh;NO;NO;118.02;100;118.02;118.02;1;UP
2025-10-07T16:45;2025-10-07T17:00;68;EUR;MWh;NO;NO;110.02;79.12;110.02;70;2;UP_AND_DOWN
2025-10-07T17:00;2025-10-07T17:15;69;EUR;MWh;NO;NO;101.12;;101.12;101.12;1;UP
2025-10-07T17:15;2025-10-07T17:30;70;EUR;MWh;NO;NO;111;100;111;111;1;UP
2025-10-07T17:30;2025-10-07T17:45;71;EUR;MWh;NO;NO;118.02;82.56;118.02;68.5;2;UP_AND_DOWN
2025-10-07T17:45;2025-10-07T18:00;72;EUR;MWh;NO;NO;85.12;97;97;97;-1;DOWN
2025-10-07T18:00;2025-10-07T18:15;73;EUR;MWh;NO;NO;;75.08;75.08;75.08;-1;DOWN
2025-10-07T18:15;2025-10-07T18:30;74;EUR;MWh;NO;NO;64.86;71.64;68.5;68.5;2;UP_AND_DOWN
2025-10-07T18:30;2025-10-07T18:45;75;EUR;MWh;NO;NO;140;97;140;140;1;UP
2025-10-07T18:45;2025-10-07T19:00;76;EUR;MWh;NO;NO;150;;150;150;1;UP
2025-10-07T19:00;2025-10-07T19:15;77;EUR;MWh;NO;NO;141;;141;141;1;UP
2025-10-07T19:15;2025-10-07T19:30;78;EUR;MWh;NO;NO;141;;141;141;1;UP
2025-10-07T19:30;2025-10-07T19:45;79;EUR;MWh;NO;NO;120.2;87;120.2;70;2;UP_AND_DOWN
2025-10-07T19:45;2025-10-07T20:00;80;EUR;MWh;NO;NO;120.2;;120.2;120.2;1;UP
2025-10-07T20:00;2025-10-07T20:15;81;EUR;MWh;NO;NO;117.7;100;117.7;70;2;UP_AND_DOWN
2025-10-07T20:15;2025-10-07T20:30;82;EUR;MWh;NO;NO;120.2;74.98;120.2;70;2;UP_AND_DOWN
2025-10-07T20:30;2025-10-07T20:45;83;EUR;MWh;NO;NO;117.7;80.08;117.7;70;2;UP_AND_DOWN
2025-10-07T20:45;2025-10-07T21:00;84;EUR;MWh;NO;NO;117.7;68.07;117.7;68.07;2;UP_AND_DOWN
2025-10-07T21:00;2025-10-07T21:15;85;EUR;MWh;NO;NO;117.7;80.08;117.7;70;2;UP_AND_DOWN
2025-10-07T21:15;2025-10-07T21:30;86;EUR;MWh;NO;NO;120.2;100;120.2;70;2;UP_AND_DOWN
2025-10-07T21:30;2025-10-07T21:45;87;EUR;MWh;NO;NO;117.7;88;117.7;70;2;UP_AND_DOWN
2025-10-07T21:45;2025-10-07T22:00;88;EUR;MWh;NO;NO;97.32;88;97.32;70;2;UP_AND_DOWN
2025-10-07T22:00;2025-10-07T22:15;89;EUR;MWh;NO;NO;87.81;100;87.81;87.81;1;UP
2025-10-07T22:15;2025-10-07T22:30;90;EUR;MWh;NO;NO;120.2;100;120.2;70;2;UP_AND_DOWN
2025-10-07T22:30;2025-10-07T22:45;91;EUR;MWh;NO;NO;103.24;;103.24;103.24;1;UP
2025-10-07T22:45;2025-10-07T23:00;92;EUR;MWh;NO;NO;100;;100;100;1;UP
2025-10-07T23:00;2025-10-07T23:15;93;EUR;MWh;NO;NO;127.82;;127.82;127.82;1;UP
2025-10-07T23:15;2025-10-07T23:30;94;EUR;MWh;NO;NO;120.2;;120.2;120.2;1;UP
2025-10-07T23:30;2025-10-07T23:45;95;EUR;MWh;NO;NO;140;;140;140;1;UP
2025-10-07T23:45;2025-10-08T00:00;96;EUR;MWh;NO;NO;141;;141;141;1;UP
2025-10-08T00:00;2025-10-08T00:15;1;EUR;MWh;NO;NO;117.23;;117.23;117.23;1;UP
2025-10-08T00:15;2025-10-08T00:30;2;EUR;MWh;NO;NO;102.04;72.39;72.39;72.39;-1;DOWN
2025-10-08T00:30;2025-10-08T00:45;3;EUR;MWh;NO;NO;100;84;100;70;2;UP_AND_DOWN
2025-10-08T00:45;2025-10-08T01:00;4;EUR;MWh;NO;NO;101.33;84.08;101.33;69.5;2;UP_AND_DOWN
2025-10-08T01:00;2025-10-08T01:15;5;EUR;MWh;NO;NO;106.94;98;106.94;106.94;1;UP
2025-10-08T01:15;2025-10-08T01:30;6;EUR;MWh;NO;NO;124.52;;124.52;124.52;1;UP
2025-10-08T01:30;2025-10-08T01:45;7;EUR;MWh;NO;NO;96.09;100;96.09;96.09;1;UP
2025-10-08T01:45;2025-10-08T02:00;8;EUR;MWh;NO;NO;101.33;73.07;101.33;70;2;UP_AND_DOWN
2025-10-08T02:00;2025-10-08T02:15;9;EUR;MWh;NO;NO;98.52;76.49;98.52;70;2;UP_AND_DOWN
2025-10-08T02:15;2025-10-08T02:30;10;EUR;MWh;NO;NO;87.62;81;87.62;70;2;UP_AND_DOWN
2025-10-08T02:30;2025-10-08T02:45;11;EUR;MWh;NO;NO;97.9;90;97.9;70;2;UP_AND_DOWN
2025-10-08T02:45;2025-10-08T03:00;12;EUR;MWh;NO;NO;44;98;44;44;1;UP
2025-10-08T03:00;2025-10-08T03:15;13;EUR;MWh;NO;NO;102.04;;102.04;102.04;1;UP
2025-10-08T03:15;2025-10-08T03:30;14;EUR;MWh;NO;NO;85.42;95;85.42;85.42;1;UP
2025-10-08T03:30;2025-10-08T03:45;15;EUR;MWh;NO;NO;85.42;;85.42;85.42;1;UP
2025-10-08T03:45;2025-10-08T04:00;16;EUR;MWh;NO;NO;96.94;88;96.94;67.5;2;UP_AND_DOWN
2025-10-08T04:00;2025-10-08T04:15;17;EUR;MWh;NO;NO;107.04;;107.04;107.04;1;UP
2025-10-08T04:15;2025-10-08T04:30;18;EUR;MWh;NO;NO;97.04;78.39;78.39;78.39;-1;DOWN
2025-10-08T04:30;2025-10-08T04:45;19;EUR;MWh;NO;NO;;79.22;79.22;79.22;-1;DOWN
2025-10-08T04:45;2025-10-08T05:00;20;EUR;MWh;NO;NO;;79.12;79.12;79.12;-1;DOWN
2025-10-08T05:00;2025-10-08T05:15;21;EUR;MWh;NO;NO;;78.59;78.59;78.59;-1;DOWN
2025-10-08T05:15;2025-10-08T05:30;22;EUR;MWh;NO;NO;101.23;76;101.23;65;2;UP_AND_DOWN
2025-10-08T05:30;2025-10-08T05:45;23;EUR;MWh;NO;NO;88.94;72.49;88.94;65;2;UP_AND_DOWN
2025-10-08T05:45;2025-10-08T06:00;24;EUR;MWh;NO;NO;85.52;71.64;85.52;65;2;UP_AND_DOWN
2025-10-08T06:00;2025-10-08T06:15;25;EUR;MWh;NO;NO;;59.44;59.44;59.44;-1;DOWN
2025-10-08T06:15;2025-10-08T06:30;26;EUR;MWh;NO;NO;;76.95;76.95;76.95;-1;DOWN
2025-10-08T06:30;2025-10-08T06:45;27;EUR;MWh;NO;NO;87.32;74;87.32;65;2;UP_AND_DOWN
2025-10-08T06:45;2025-10-08T07:00;28;EUR;MWh;NO;NO;;72.25;72.25;72.25;-1;DOWN
2025-10-08T07:00;2025-10-08T07:15;29;EUR;MWh;NO;NO;107.04;;107.04;107.04;1;UP
2025-10-08T07:15;2025-10-08T07:30;30;EUR;MWh;NO;NO;93.42;81.45;93.42;93.42;1;UP
2025-10-08T07:30;2025-10-08T07:45;31;EUR;MWh;NO;NO;97.04;;97.04;97.04;1;UP
2025-10-08T07:45;2025-10-08T08:00;32;EUR;MWh;NO;NO;97.04;84.95;97.04;62.48;2;UP_AND_DOWN
2025-10-08T08:00;2025-10-08T08:15;33;EUR;MWh;NO;NO;97.04;85;97.04;97.04;1;UP
2025-10-08T08:15;2025-10-08T08:30;34;EUR;MWh;NO;NO;140;;140;140;1;UP
2025-10-08T08:30;2025-10-08T08:45;35;EUR;MWh;NO;NO;103.52;85;103.52;103.52;1;UP
2025-10-08T08:45;2025-10-08T09:00;36;EUR;MWh;NO;NO;103.52;76.39;103.52;62.5;2;UP_AND_DOWN
2025-10-08T09:00;2025-10-08T09:15;37;EUR;MWh;NO;NO;91.04;81.35;91.04;69.5;2;UP_AND_DOWN
2025-10-08T09:15;2025-10-08T09:30;38;EUR;MWh;NO;NO;103.52;82.75;103.52;69.5;2;UP_AND_DOWN
2025-10-08T09:30;2025-10-08T09:45;39;EUR;MWh;NO;NO;97.04;72;97.04;69.5;2;UP_AND_DOWN
2025-10-08T09:45;2025-10-08T10:00;40;EUR;MWh;NO;NO;112.04;74.83;112.04;69.5;2;UP_AND_DOWN
2025-10-08T10:00;2025-10-08T10:15;41;EUR;MWh;NO;NO;125.04;106;125.04;73;2;UP_AND_DOWN
2025-10-08T10:15;2025-10-08T10:30;42;EUR;MWh;NO;NO;102.04;106;102.04;102.04;1;UP
2025-10-08T10:30;2025-10-08T10:45;43;EUR;MWh;NO;NO;112.04;;112.04;112.04;1;UP
2025-10-08T10:45;2025-10-08T11:00;44;EUR;MWh;NO;NO;107.04;78.39;107.04;73;2;UP_AND_DOWN
2025-10-08T11:00;2025-10-08T11:15;45;EUR;MWh;NO;NO;87.42;80.39;87.42;73;2;UP_AND_DOWN
2025-10-08T11:15;2025-10-08T11:30;46;EUR;MWh;NO;NO;96.72;106;96.72;96.72;1;UP
2025-10-08T11:30;2025-10-08T11:45;47;EUR;MWh;NO;NO;90.94;79.3;90.94;73;2;UP_AND_DOWN
2025-10-08T11:45;2025-10-08T12:00;48;EUR;MWh;NO;NO;;72.25;72.25;72.25;-1;DOWN
2025-10-08T12:00;2025-10-08T12:15;49;EUR;MWh;NO;NO;;67.43;67.43;67.43;-1;DOWN
2025-10-08T12:15;2025-10-08T12:30;50;EUR;MWh;NO;NO;;61.39;61.39;61.39;-1;DOWN
2025-10-08T12:30;2025-10-08T12:45;51;EUR;MWh;NO;NO;;50;50;50;-1;DOWN
2025-10-08T12:45;2025-10-08T13:00;52;EUR;MWh;NO;NO;;54.13;54.13;54.13;-1;DOWN
2025-10-08T13:00;2025-10-08T13:15;53;EUR;MWh;NO;NO;;61.49;61.49;61.49;-1;DOWN
2025-10-08T13:15;2025-10-08T13:30;54;EUR;MWh;NO;NO;;67.43;67.43;67.43;-1;DOWN
2025-10-08T13:30;2025-10-08T13:45;55;EUR;MWh;NO;NO;;59.54;59.54;59.54;-1;DOWN
2025-10-08T13:45;2025-10-08T14:00;56;EUR;MWh;NO;NO;;61.49;61.49;61.49;-1;DOWN
2025-10-08T14:00;2025-10-08T14:15;57;EUR;MWh;NO;NO;;76.73;76.73;76.73;-1;DOWN
2025-10-08T14:15;2025-10-08T14:30;58;EUR;MWh;NO;NO;;73.14;73.14;73.14;-1;DOWN
2025-10-08T14:30;2025-10-08T14:45;59;EUR;MWh;NO;NO;112.04;80.33;112.04;62.5;2;UP_AND_DOWN
2025-10-08T14:45;2025-10-08T15:00;60;EUR;MWh;NO;NO;131.5;80.49;131.5;62.5;2;UP_AND_DOWN
2025-10-08T15:00;2025-10-08T15:15;61;EUR;MWh;NO;NO;89.04;85;89.04;62.5;2;UP_AND_DOWN
2025-10-08T15:15;2025-10-08T15:30;62;EUR;MWh;NO;NO;95.9;;95.9;95.9;1;UP
2025-10-08T15:30;2025-10-08T15:45;63;EUR;MWh;NO;NO;90.5;76.49;90.5;62.5;2;UP_AND_DOWN
2025-10-08T15:45;2025-10-08T16:00;64;EUR;MWh;NO;NO;91.04;75.73;91.04;62.5;2;UP_AND_DOWN
2025-10-08T16:00;2025-10-08T16:15;65;EUR;MWh;NO;NO;140;77.63;140;62.5;2;UP_AND_DOWN
2025-10-08T16:15;2025-10-08T16:30;66;EUR;MWh;NO;NO;133.6;59.44;133.6;59.44;2;UP_AND_DOWN
2025-10-08T16:30;2025-10-08T16:45;67;EUR;MWh;NO;NO;123;85;123;123;1;UP
2025-10-08T16:45;2025-10-08T17:00;68;EUR;MWh;NO;NO;140;76.29;140;62.5;2;UP_AND_DOWN
2025-10-08T17:00;2025-10-08T17:15;69;EUR;MWh;NO;NO;162.04;;162.04;162.04;1;UP
2025-10-08T17:15;2025-10-08T17:30;70;EUR;MWh;NO;NO;150;;150;150;1;UP
2025-10-08T17:30;2025-10-08T17:45;71;EUR;MWh;NO;NO;160.04;;160.04;160.04;1;UP
2025-10-08T17:45;2025-10-08T18:00;72;EUR;MWh;NO;NO;562.43;;562.43;562.43;1;UP
2025-10-08T18:00;2025-10-08T18:15;73;EUR;MWh;NO;NO;125.4;;125.4;125.4;1;UP
2025-10-08T18:15;2025-10-08T18:30;74;EUR;MWh;NO;NO;112.04;;112.04;112.04;1;UP
2025-10-08T18:30;2025-10-08T18:45;75;EUR;MWh;NO;NO;121.2;;121.2;121.2;1;UP
2025-10-08T18:45;2025-10-08T19:00;76;EUR;MWh;NO;NO;122.1;;122.1;122.1;1;UP
2025-10-08T19:00;2025-10-08T19:15;77;EUR;MWh;NO;NO;148.5;;148.5;148.5;1;UP
2025-10-08T19:15;2025-10-08T19:30;78;EUR;MWh;NO;NO;186.7;;186.7;186.7;1;UP
2025-10-08T19:30;2025-10-08T19:45;79;EUR;MWh;NO;NO;162.04;;162.04;162.04;1;UP
2025-10-08T19:45;2025-10-08T20:00;80;EUR;MWh;NO;NO;160;85;160;69.5;2;UP_AND_DOWN
2025-10-08T20:00;2025-10-08T20:15;81;EUR;MWh;NO;NO;90.94;79.09;90.94;69.5;2;UP_AND_DOWN
2025-10-08T20:15;2025-10-08T20:30;82;EUR;MWh;NO;NO;90.94;61.49;90.94;61.49;2;UP_AND_DOWN
2025-10-08T20:30;2025-10-08T20:45;83;EUR;MWh;NO;NO;121.2;66;121.2;66;2;UP_AND_DOWN
2025-10-08T20:45;2025-10-08T21:00;84;EUR;MWh;NO;NO;125.2;68.35;125.2;68.35;2;UP_AND_DOWN
2025-10-08T21:00;2025-10-08T21:15;85;EUR;MWh;NO;NO;;72.25;72.25;72.25;-1;DOWN
2025-10-08T21:15;2025-10-08T21:30;86;EUR;MWh;NO;NO;89.04;90;89.04;69.5;2;UP_AND_DOWN
2025-10-08T21:30;2025-10-08T21:45;87;EUR;MWh;NO;NO;103.6;82.25;103.6;69.5;2;UP_AND_DOWN
2025-10-08T21:45;2025-10-08T22:00;88;EUR;MWh;NO;NO;88.94;99;88.94;69.5;2;UP_AND_DOWN
2025-10-08T22:00;2025-10-08T22:15;89;EUR;MWh;NO;NO;45;76.63;76.63;76.63;-1;DOWN
2025-10-08T22:15;2025-10-08T22:30;90;EUR;MWh;NO;NO;88.94;72.49;88.94;69.5;2;UP_AND_DOWN
2025-10-08T22:30;2025-10-08T22:45;91;EUR;MWh;NO;NO;88.74;64;88.74;64;2;UP_AND_DOWN
2025-10-08T22:45;2025-10-08T23:00;92;EUR;MWh;NO;NO;79.32;71.62;71.62;71.62;-1;DOWN
2025-10-08T23:00;2025-10-08T23:15;93;EUR;MWh;NO;NO;85.48;79.22;85.48;69.5;2;UP_AND_DOWN
2025-10-08T23:15;2025-10-08T23:30;94;EUR;MWh;NO;NO;80.58;79.12;80.58;69.5;2;UP_AND_DOWN
2025-10-08T23:30;2025-10-08T23:45;95;EUR;MWh;NO;NO;85.52;82.75;85.52;69.5;2;UP_AND_DOWN
2025-10-08T23:45;2025-10-09T00:00;96;EUR;MWh;NO;NO;100;78.39;100;69.5;2;UP_AND_DOWN
2025-10-09T00:00;2025-10-09T00:15;1;EUR;MWh;NO;NO;140;77;140;64;2;UP_AND_DOWN
2025-10-09T00:15;2025-10-09T00:30;2;EUR;MWh;NO;NO;100;85;100;64;2;UP_AND_DOWN
2025-10-09T00:30;2025-10-09T00:45;3;EUR;MWh;NO;NO;104.69;;104.69;104.69;1;UP
2025-10-09T00:45;2025-10-09T01:00;4;EUR;MWh;NO;NO;104.69;;104.69;104.69;1;UP
2025-10-09T01:00;2025-10-09T01:15;5;EUR;MWh;NO;NO;100;;100;100;1;UP
2025-10-09T01:15;2025-10-09T01:30;6;EUR;MWh;NO;NO;111;;111;111;1;UP
2025-10-09T01:30;2025-10-09T01:45;7;EUR;MWh;NO;NO;140;;140;140;1;UP
2025-10-09T01:45;2025-10-09T02:00;8;EUR;MWh;NO;NO;140;;140;140;1;UP
2025-10-09T02:00;2025-10-09T02:15;9;EUR;MWh;NO;NO;113.69;;113.69;113.69;1;UP
2025-10-09T02:15;2025-10-09T02:30;10;EUR;MWh;NO;NO;89.04;;89.04;89.04;1;UP
2025-10-09T02:30;2025-10-09T02:45;11;EUR;MWh;NO;NO;113.69;;113.69;113.69;1;UP
2025-10-09T02:45;2025-10-09T03:00;12;EUR;MWh;NO;NO;97.49;85;97.49;97.49;1;UP
2025-10-09T03:00;2025-10-09T03:15;13;EUR;MWh;NO;NO;97.49;;97.49;97.49;1;UP
2025-10-09T03:15;2025-10-09T03:30;14;EUR;MWh;NO;NO;85.75;;85.75;85.75;1;UP
2025-10-09T03:30;2025-10-09T03:45;15;EUR;MWh;NO;NO;83.75;;83.75;83.75;1;UP
2025-10-09T03:45;2025-10-09T04:00;16;EUR;MWh;NO;NO;89.04;;89.04;89.04;1;UP
2025-10-09T04:00;2025-10-09T04:15;17;EUR;MWh;NO;NO;85.75;85;85.75;85.75;1;UP
2025-10-09T04:15;2025-10-09T04:30;18;EUR;MWh;NO;NO;102.69;;102.69;102.69;1;UP
2025-10-09T04:30;2025-10-09T04:45;19;EUR;MWh;NO;NO;91.75;80.37;91.75;62.5;2;UP_AND_DOWN
2025-10-09T04:45;2025-10-09T05:00;20;EUR;MWh;NO;NO;89.04;75;75;75;-1;DOWN
2025-10-09T05:00;2025-10-09T05:15;21;EUR;MWh;NO;NO;89.04;52.37;89.04;52.37;2;UP_AND_DOWN
2025-10-09T05:15;2025-10-09T05:30;22;EUR;MWh;NO;NO;83.75;88;83.75;83.75;1;UP
2025-10-09T05:30;2025-10-09T05:45;23;EUR;MWh;NO;NO;93.45;;93.45;93.45;1;UP
2025-10-09T05:45;2025-10-09T06:00;24;EUR;MWh;NO;NO;91.75;;91.75;91.75;1;UP
2025-10-09T06:00;2025-10-09T06:15;25;EUR;MWh;NO;NO;180;;180;180;1;UP
2025-10-09T06:15;2025-10-09T06:30;26;EUR;MWh;NO;NO;157.69;;157.69;157.69;1;UP
2025-10-09T06:30;2025-10-09T06:45;27;EUR;MWh;NO;NO;177;;177;177;1;UP
2025-10-09T06:45;2025-10-09T07:00;28;EUR;MWh;NO;NO;163.69;;163.69;163.69;1;UP
2025-10-09T07:00;2025-10-09T07:15;29;EUR;MWh;NO;NO;141.69;;141.69;141.69;1;UP
2025-10-09T07:15;2025-10-09T07:30;30;EUR;MWh;NO;NO;140;;140;140;1;UP
2025-10-09T07:30;2025-10-09T07:45;31;EUR;MWh;NO;NO;150;;150;150;1;UP
2025-10-09T07:45;2025-10-09T08:00;32;EUR;MWh;NO;NO;140;91;140;140;1;UP
2025-10-09T08:00;2025-10-09T08:15;33;EUR;MWh;NO;NO;99.45;;99.45;99.45;1;UP
2025-10-09T08:15;2025-10-09T08:30;34;EUR;MWh;NO;NO;171.75;;171.75;171.75;1;UP
2025-10-09T08:30;2025-10-09T08:45;35;EUR;MWh;NO;NO;140;;140;140;1;UP
2025-10-09T08:45;2025-10-09T09:00;36;EUR;MWh;NO;NO;97.69;;97.69;97.69;1;UP
2025-10-09T09:00;2025-10-09T09:15;37;EUR;MWh;NO;NO;151.31;;151.31;151.31;1;UP
2025-10-09T09:15;2025-10-09T09:30;38;EUR;MWh;NO;NO;114.77;;114.77;114.77;1;UP
2025-10-09T09:30;2025-10-09T09:45;39;EUR;MWh;NO;NO;89.04;74.37;89.04;65.5;2;UP_AND_DOWN
2025-10-09T09:45;2025-10-09T10:00;40;EUR;MWh;NO;NO;70.09;75.65;70.09;65.5;2;UP_AND_DOWN
2025-10-09T10:00;2025-10-09T10:15;41;EUR;MWh;NO;NO;85.75;71.58;85.75;65.5;2;UP_AND_DOWN
2025-10-09T10:15;2025-10-09T10:30;42;EUR;MWh;NO;NO;91.75;72.01;91.75;65.5;2;UP_AND_DOWN
2025-10-09T10:30;2025-10-09T10:45;43;EUR;MWh;NO;NO;127;88;127;64;2;UP_AND_DOWN
2025-10-09T10:45;2025-10-09T11:00;44;EUR;MWh;NO;NO;;62.14;62.14;62.14;-1;DOWN
2025-10-09T11:00;2025-10-09T11:15;45;EUR;MWh;NO;NO;;33.35;33.35;33.35;-1;DOWN
2025-10-09T11:15;2025-10-09T11:30;46;EUR;MWh;NO;NO;;74.37;74.37;74.37;-1;DOWN
2025-10-09T11:30;2025-10-09T11:45;47;EUR;MWh;NO;NO;81.55;77.1;81.55;64;2;UP_AND_DOWN
2025-10-09T11:45;2025-10-09T12:00;48;EUR;MWh;NO;NO;91.15;75.83;91.15;64;2;UP_AND_DOWN
2025-10-09T12:00;2025-10-09T12:15;49;EUR;MWh;NO;NO;;63.06;63.06;63.06;-1;DOWN
2025-10-09T12:15;2025-10-09T12:30;50;EUR;MWh;NO;NO;83.15;73.16;83.15;64;2;UP_AND_DOWN
2025-10-09T12:30;2025-10-09T12:45;51;EUR;MWh;NO;NO;93.45;;93.45;93.45;1;UP
2025-10-09T12:45;2025-10-09T13:00;52;EUR;MWh;NO;NO;99.34;;99.34;99.34;1;UP
2025-10-09T13:00;2025-10-09T13:15;53;EUR;MWh;NO;NO;150;;150;150;1;UP
2025-10-09T13:15;2025-10-09T13:30;54;EUR;MWh;NO;NO;151.25;;151.25;151.25;1;UP
2025-10-09T13:30;2025-10-09T13:45;55;EUR;MWh;NO;NO;163.25;;163.25;163.25;1;UP
2025-10-09T13:45;2025-10-09T14:00;56;EUR;MWh;NO;NO;117.25;;117.25;117.25;1;UP
2025-10-09T14:00;2025-10-09T14:15;57;EUR;MWh;NO;NO;151.25;;151.25;151.25;1;UP
2025-10-09T14:15;2025-10-09T14:30;58;EUR;MWh;NO;NO;151.1;;151.1;151.1;1;UP
2025-10-09T14:30;2025-10-09T14:45;59;EUR;MWh;NO;NO;150;;150;150;1;UP
2025-10-09T14:45;2025-10-09T15:00;60;EUR;MWh;NO;NO;150;;150;150;1;UP
2025-10-09T15:00;2025-10-09T15:15;61;EUR;MWh;NO;NO;150;;150;150;1;UP
2025-10-09T15:15;2025-10-09T15:30;62;EUR;MWh;NO;NO;151.25;;151.25;151.25;1;UP
2025-10-09T15:30;2025-10-09T15:45;63;EUR;MWh;NO;NO;96.19;;96.19;96.19;1;UP
2025-10-09T15:45;2025-10-09T16:00;64;EUR;MWh;NO;NO;94.25;85;94.25;70;2;UP_AND_DOWN
2025-10-09T16:00;2025-10-09T16:15;65;EUR;MWh;NO;NO;94.25;61.68;61.68;61.68;-1;DOWN
2025-10-09T16:15;2025-10-09T16:30;66;EUR;MWh;NO;NO;;60.21;60.21;60.21;-1;DOWN
2025-10-09T16:30;2025-10-09T16:45;67;EUR;MWh;NO;NO;;62.21;62.21;62.21;-1;DOWN
2025-10-09T16:45;2025-10-09T17:00;68;EUR;MWh;NO;NO;83.75;74.37;83.75;70;2;UP_AND_DOWN
2025-10-09T17:00;2025-10-09T17:15;69;EUR;MWh;NO;NO;83.75;60.21;60.21;60.21;-1;DOWN
2025-10-09T17:15;2025-10-09T17:30;70;EUR;MWh;NO;NO;93.45;89;93.45;93.45;1;UP
2025-10-09T17:30;2025-10-09T17:45;71;EUR;MWh;NO;NO;82.99;65.58;82.99;64;2;UP_AND_DOWN
2025-10-09T17:45;2025-10-09T18:00;72;EUR;MWh;NO;NO;70.09;66.87;66.87;66.87;-1;DOWN
2025-10-09T18:00;2025-10-09T18:15;73;EUR;MWh;NO;NO;70.09;72.37;72.37;72.37;-1;DOWN
2025-10-09T18:15;2025-10-09T18:30;74;EUR;MWh;NO;NO;70.09;72.57;72.57;72.57;-1;DOWN
2025-10-09T18:30;2025-10-09T18:45;75;EUR;MWh;NO;NO;54.91;64.7;62.5;62.5;2;UP_AND_DOWN
2025-10-09T18:45;2025-10-09T19:00;76;EUR;MWh;NO;NO;89.04;99;89.04;89.04;1;UP
2025-10-09T19:00;2025-10-09T19:15;77;EUR;MWh;NO;NO;140;;140;140;1;UP
2025-10-09T19:15;2025-10-09T19:30;78;EUR;MWh;NO;NO;140;;140;140;1;UP
2025-10-09T19:30;2025-10-09T19:45;79;EUR;MWh;NO;NO;140;;140;140;1;UP
2025-10-09T19:45;2025-10-09T20:00;80;EUR;MWh;NO;NO;140;;140;140;1;UP
2025-10-09T20:00;2025-10-09T20:15;81;EUR;MWh;NO;NO;140;;140;140;1;UP
2025-10-09T20:15;2025-10-09T20:30;82;EUR;MWh;NO;NO;111;;111;111;1;UP
2025-10-09T20:30;2025-10-09T20:45;83;EUR;MWh;NO;NO;111;86;111;69.5;2;UP_AND_DOWN
2025-10-09T20:45;2025-10-09T21:00;84;EUR;MWh;NO;NO;117;91;117;117;1;UP
2025-10-09T21:00;2025-10-09T21:15;85;EUR;MWh;NO;NO;91.75;93;91.75;69.5;2;UP_AND_DOWN
2025-10-09T21:15;2025-10-09T21:30;86;EUR;MWh;NO;NO;111;;111;111;1;UP
2025-10-09T21:30;2025-10-09T21:45;87;EUR;MWh;NO;NO;133;;133;133;1;UP
2025-10-09T21:45;2025-10-09T22:00;88;EUR;MWh;NO;NO;151.69;;151.69;151.69;1;UP
2025-10-09T22:00;2025-10-09T22:15;89;EUR;MWh;NO;NO;93.45;;93.45;93.45;1;UP
2025-10-09T22:15;2025-10-09T22:30;90;EUR;MWh;NO;NO;112.4;77;112.4;69.5;2;UP_AND_DOWN
2025-10-09T22:30;2025-10-09T22:45;91;EUR;MWh;NO;NO;89.04;71.58;89.04;69.5;2;UP_AND_DOWN
2025-10-09T22:45;2025-10-09T23:00;92;EUR;MWh;NO;NO;91.75;72.67;91.75;69.5;2;UP_AND_DOWN
2025-10-09T23:00;2025-10-09T23:15;93;EUR;MWh;NO;NO;;79.97;79.97;79.97;-1;DOWN
2025-10-09T23:15;2025-10-09T23:30;94;EUR;MWh;NO;NO;100;94;100;69;2;UP_AND_DOWN
2025-10-09T23:30;2025-10-09T23:45;95;EUR;MWh;NO;NO;108.95;92;108.95;68.5;2;UP_AND_DOWN
2025-10-09T23:45;2025-10-10T00:00;96;EUR;MWh;NO;NO;106.75;75.13;106.75;68;2;UP_AND_DOWN
2025-10-10T00:00;2025-10-10T00:15;1;EUR;MWh;NO;NO;;54.19;54.19;54.19;-1;DOWN
2025-10-10T00:15;2025-10-10T00:30;2;EUR;MWh;NO;NO;44;75.32;75.32;75.32;-1;DOWN
2025-10-10T00:30;2025-10-10T00:45;3;EUR;MWh;NO;NO;;67.81;67.81;67.81;-1;DOWN
2025-10-10T00:45;2025-10-10T01:00;4;EUR;MWh;NO;NO;44;76.17;76.17;76.17;-1;DOWN
2025-10-10T01:00;2025-10-10T01:15;5;EUR;MWh;NO;NO;137;;137;137;1;UP
2025-10-10T01:15;2025-10-10T01:30;6;EUR;MWh;NO;NO;139;;139;139;1;UP
2025-10-10T01:30;2025-10-10T01:45;7;EUR;MWh;NO;NO;100;;100;100;1;UP
2025-10-10T01:45;2025-10-10T02:00;8;EUR;MWh;NO;NO;111.1;;111.1;111.1;1;UP
2025-10-10T02:00;2025-10-10T02:15;9;EUR;MWh;NO;NO;96.19;;96.19;96.19;1;UP
2025-10-10T02:15;2025-10-10T02:30;10;EUR;MWh;NO;NO;89.75;88;89.75;64;2;UP_AND_DOWN
2025-10-10T02:30;2025-10-10T02:45;11;EUR;MWh;NO;NO;90.19;83;90.19;65.5;2;UP_AND_DOWN
2025-10-10T02:45;2025-10-10T03:00;12;EUR;MWh;NO;NO;89.65;60.39;89.65;60.39;2;UP_AND_DOWN
2025-10-10T03:00;2025-10-10T03:15;13;EUR;MWh;NO;NO;54.93;65.2;65.2;65.2;-1;DOWN
2025-10-10T03:15;2025-10-10T03:30;14;EUR;MWh;NO;NO;54.93;83;83;83;-1;DOWN
2025-10-10T03:30;2025-10-10T03:45;15;EUR;MWh;NO;NO;;79;79;79;-1;DOWN
2025-10-10T03:45;2025-10-10T04:00;16;EUR;MWh;NO;NO;87.84;70.3;87.84;62;2;UP_AND_DOWN
2025-10-10T04:00;2025-10-10T04:15;17;EUR;MWh;NO;NO;80.24;67.3;80.24;62;2;UP_AND_DOWN
2025-10-10T04:15;2025-10-10T04:30;18;EUR;MWh;NO;NO;;70;70;70;-1;DOWN
2025-10-10T04:30;2025-10-10T04:45;19;EUR;MWh;NO;NO;;73;73;73;-1;DOWN
2025-10-10T04:45;2025-10-10T05:00;20;EUR;MWh;NO;NO;;69;69;69;-1;DOWN
2025-10-10T05:00;2025-10-10T05:15;21;EUR;MWh;NO;NO;119;;119;119;1;UP
2025-10-10T05:15;2025-10-10T05:30;22;EUR;MWh;NO;NO;101.1;;101.1;101.1;1;UP
2025-10-10T05:30;2025-10-10T05:45;23;EUR;MWh;NO;NO;105;74.97;105;62;2;UP_AND_DOWN
2025-10-10T05:45;2025-10-10T06:00;24;EUR;MWh;NO;NO;96.19;63;96.19;62;2;UP_AND_DOWN
2025-10-10T06:00;2025-10-10T06:15;25;EUR;MWh;NO;NO;150;60.39;150;60.39;2;UP_AND_DOWN
2025-10-10T06:15;2025-10-10T06:30;26;EUR;MWh;NO;NO;149.17;;149.17;149.17;1;UP
2025-10-10T06:30;2025-10-10T06:45;27;EUR;MWh;NO;NO;106;84;106;62;2;UP_AND_DOWN
2025-10-10T06:45;2025-10-10T07:00;28;EUR;MWh;NO;NO;91.1;79;91.1;91.1;1;UP
2025-10-10T07:00;2025-10-10T07:15;29;EUR;MWh;NO;NO;78.36;73.3;78.36;62;2;UP_AND_DOWN
2025-10-10T07:15;2025-10-10T07:30;30;EUR;MWh;NO;NO;96.79;80.41;96.79;62;2;UP_AND_DOWN
2025-10-10T07:30;2025-10-10T07:45;31;EUR;MWh;NO;NO;96.1;84;96.1;62;2;UP_AND_DOWN
2025-10-10T07:45;2025-10-10T08:00;32;EUR;MWh;NO;NO;99;84;99;99;1;UP
2025-10-10T08:00;2025-10-10T08:15;33;EUR;MWh;NO;NO;140;;140;140;1;UP
2025-10-10T08:15;2025-10-10T08:30;34;EUR;MWh;NO;NO;156.1;;156.1;156.1;1;UP
2025-10-10T08:30;2025-10-10T08:45;35;EUR;MWh;NO;NO;159;;159;159;1;UP
2025-10-10T08:45;2025-10-10T09:00;36;EUR;MWh;NO;NO;150;;150;150;1;UP
2025-10-10T09:00;2025-10-10T09:15;37;EUR;MWh;NO;NO;116;;116;116;1;UP
2025-10-10T09:15;2025-10-10T09:30;38;EUR;MWh;NO;NO;96.1;95;96.1;96.1;1;UP
2025-10-10T09:30;2025-10-10T09:45;39;EUR;MWh;NO;NO;106.1;98;106.1;69;2;UP_AND_DOWN
2025-10-10T09:45;2025-10-10T10:00;40;EUR;MWh;NO;NO;85.9;59.22;85.9;59.22;2;UP_AND_DOWN
2025-10-10T10:00;2025-10-10T10:15;41;EUR;MWh;NO;NO;;50.97;50.97;50.97;-1;DOWN
2025-10-10T10:15;2025-10-10T10:30;42;EUR;MWh;NO;NO;70.11;59.22;70.11;59.22;2;UP_AND_DOWN
2025-10-10T10:30;2025-10-10T10:45;43;EUR;MWh;NO;NO;200;73.2;200;68.5;2;UP_AND_DOWN
2025-10-10T10:45;2025-10-10T11:00;44;EUR;MWh;NO;NO;156.1;;156.1;156.1;1;UP
2025-10-10T11:00;2025-10-10T11:15;45;EUR;MWh;NO;NO;89.22;-60;89.22;-60;2;UP_AND_DOWN
2025-10-10T11:15;2025-10-10T11:30;46;EUR;MWh;NO;NO;89.75;74.64;89.75;70;2;UP_AND_DOWN
2025-10-10T11:30;2025-10-10T11:45;47;EUR;MWh;NO;NO;91.1;;91.1;91.1;1;UP
2025-10-10T11:45;2025-10-10T12:00;48;EUR;MWh;NO;NO;82.32;84;82.32;82.32;1;UP
2025-10-10T12:00;2025-10-10T12:15;49;EUR;MWh;NO;NO;88.92;;88.92;88.92;1;UP
2025-10-10T12:15;2025-10-10T12:30;50;EUR;MWh;NO;NO;83.78;;83.78;83.78;1;UP
2025-10-10T12:30;2025-10-10T12:45;51;EUR;MWh;NO;NO;96.1;;96.1;96.1;1;UP
2025-10-10T12:45;2025-10-10T13:00;52;EUR;MWh;NO;NO;135;;135;135;1;UP
2025-10-10T13:00;2025-10-10T13:15;53;EUR;MWh;NO;NO;151.85;;151.85;151.85;1;UP
2025-10-10T13:15;2025-10-10T13:30;54;EUR;MWh;NO;NO;101.1;;101.1;101.1;1;UP
2025-10-10T13:30;2025-10-10T13:45;55;EUR;MWh;NO;NO;265;;265;265;1;UP
2025-10-10T13:45;2025-10-10T14:00;56;EUR;MWh;NO;NO;150;;150;150;1;UP
2025-10-10T14:00;2025-10-10T14:15;57;EUR;MWh;NO;NO;180;;180;180;1;UP
2025-10-10T14:15;2025-10-10T14:30;58;EUR;MWh;NO;NO;156.1;;156.1;156.1;1;UP
2025-10-10T14:30;2025-10-10T14:45;59;EUR;MWh;NO;NO;174.6;;174.6;174.6;1;UP
2025-10-10T14:45;2025-10-10T15:00;60;EUR;MWh;NO;NO;250.1;;250.1;250.1;1;UP
2025-10-10T15:00;2025-10-10T15:15;61;EUR;MWh;NO;NO;265;;265;265;1;UP
2025-10-10T15:15;2025-10-10T15:30;62;EUR;MWh;NO;NO;368.59;;368.59;368.59;1;UP
2025-10-10T15:30;2025-10-10T15:45;63;EUR;MWh;NO;NO;180;;180;180;1;UP
2025-10-10T15:45;2025-10-10T16:00;64;EUR;MWh;NO;NO;106.1;;106.1;106.1;1;UP
2025-10-10T16:00;2025-10-10T16:15;65;EUR;MWh;NO;NO;150;99;150;150;1;UP
2025-10-10T16:15;2025-10-10T16:30;66;EUR;MWh;NO;NO;131.1;;131.1;131.1;1;UP
2025-10-10T16:30;2025-10-10T16:45;67;EUR;MWh;NO;NO;83.72;71.07;83.72;62;2;UP_AND_DOWN
2025-10-10T16:45;2025-10-10T17:00;68;EUR;MWh;NO;NO;90;73.67;90;70;2;UP_AND_DOWN
2025-10-10T17:00;2025-10-10T17:15;69;EUR;MWh;NO;NO;139;;139;139;1;UP
2025-10-10T17:15;2025-10-10T17:30;70;EUR;MWh;NO;NO;109;;109;109;1;UP
2025-10-10T17:30;2025-10-10T17:45;71;EUR;MWh;NO;NO;94;74.95;94;70;2;UP_AND_DOWN
2025-10-10T17:45;2025-10-10T18:00;72;EUR;MWh;NO;NO;;72.33;72.33;72.33;-1;DOWN
2025-10-10T18:00;2025-10-10T18:15;73;EUR;MWh;NO;NO;119;84;119;70;2;UP_AND_DOWN
2025-10-10T18:15;2025-10-10T18:30;74;EUR;MWh;NO;NO;99;91;99;99;1;UP
2025-10-10T18:30;2025-10-10T18:45;75;EUR;MWh;NO;NO;102.14;89;102.14;64.5;2;UP_AND_DOWN
2025-10-10T18:45;2025-10-10T19:00;76;EUR;MWh;NO;NO;99;;99;99;1;UP
2025-10-10T19:00;2025-10-10T19:15;77;EUR;MWh;NO;NO;137;;137;137;1;UP
2025-10-10T19:15;2025-10-10T19:30;78;EUR;MWh;NO;NO;110;;110;110;1;UP
2025-10-10T19:30;2025-10-10T19:45;79;EUR;MWh;NO;NO;89.75;100;89.75;89.75;1;UP
2025-10-10T19:45;2025-10-10T20:00;80;EUR;MWh;NO;NO;89.65;87;89.65;89.65;1;UP
2025-10-10T20:00;2025-10-10T20:15;81;EUR;MWh;NO;NO;86.29;73.67;86.29;70;2;UP_AND_DOWN
2025-10-10T20:15;2025-10-10T20:30;82;EUR;MWh;NO;NO;;60.39;60.39;60.39;-1;DOWN
2025-10-10T20:30;2025-10-10T20:45;83;EUR;MWh;NO;NO;;64.33;64.33;64.33;-1;DOWN
2025-10-10T20:45;2025-10-10T21:00;84;EUR;MWh;NO;NO;93.9;82.23;93.9;70;2;UP_AND_DOWN
2025-10-10T21:00;2025-10-10T21:15;85;EUR;MWh;NO;NO;114;;114;114;1;UP
2025-10-10T21:15;2025-10-10T21:30;86;EUR;MWh;NO;NO;137;;137;137;1;UP
2025-10-10T21:30;2025-10-10T21:45;87;EUR;MWh;NO;NO;137;84;137;137;1;UP
2025-10-10T21:45;2025-10-10T22:00;88;EUR;MWh;NO;NO;98;73.48;98;70;2;UP_AND_DOWN
2025-10-10T22:00;2025-10-10T22:15;89;EUR;MWh;NO;NO;109;74.18;109;70;2;UP_AND_DOWN
2025-10-10T22:15;2025-10-10T22:30;90;EUR;MWh;NO;NO;95.32;;95.32;95.32;1;UP
2025-10-10T22:30;2025-10-10T22:45;91;EUR;MWh;NO;NO;140;;140;140;1;UP
2025-10-10T22:45;2025-10-10T23:00;92;EUR;MWh;NO;NO;137;;137;137;1;UP
2025-10-10T23:00;2025-10-10T23:15;93;EUR;MWh;NO;NO;89.32;88;88;88;-1;DOWN
2025-10-10T23:15;2025-10-10T23:30;94;EUR;MWh;NO;NO;44;91;70;70;0;STABLE
2025-10-10T23:30;2025-10-10T23:45;95;EUR;MWh;NO;NO;98;94;98;98;1;UP
2025-10-10T23:45;2025-10-11T00:00;96;EUR;MWh;NO;NO;137;84;137;137;1;UP
2025-10-11T00:00;2025-10-11T00:15;1;EUR;MWh;NO;NO;100.66;83;100.66;100.66;1;UP
2025-10-11T00:15;2025-10-11T00:30;2;EUR;MWh;NO;NO;68.34;83;68.34;68.34;1;UP
2025-10-11T00:30;2025-10-11T00:45;3;EUR;MWh;NO;NO;;53.27;53.27;53.27;-1;DOWN
2025-10-11T00:45;2025-10-11T01:00;4;EUR;MWh;NO;NO;;61.84;61.84;61.84;-1;DOWN
2025-10-11T01:00;2025-10-11T01:15;5;EUR;MWh;NO;NO;;83;83;83;-1;DOWN
2025-10-11T01:15;2025-10-11T01:30;6;EUR;MWh;NO;NO;;;61.5;61.5;0;STABLE
2025-10-11T01:30;2025-10-11T01:45;7;EUR;MWh;NO;NO;94.22;;94.22;94.22;1;UP
2025-10-11T01:45;2025-10-11T02:00;8;EUR;MWh;NO;NO;84.66;;84.66;84.66;1;UP
2025-10-11T02:00;2025-10-11T02:15;9;EUR;MWh;NO;NO;100.22;;100.22;100.22;1;UP
2025-10-11T02:15;2025-10-11T02:30;10;EUR;MWh;NO;NO;53.52;;58.8;58.8;0;STABLE
2025-10-11T02:30;2025-10-11T02:45;11;EUR;MWh;NO;NO;;;58.8;58.8;0;STABLE
2025-10-11T02:45;2025-10-11T03:00;12;EUR;MWh;NO;NO;94.02;;94.02;94.02;1;UP
2025-10-11T03:00;2025-10-11T03:15;13;EUR;MWh;NO;NO;97.42;;97.42;97.42;1;UP
2025-10-11T03:15;2025-10-11T03:30;14;EUR;MWh;NO;NO;85.75;;85.75;85.75;1;UP
2025-10-11T03:30;2025-10-11T03:45;15;EUR;MWh;NO;NO;85.75;;61.5;61.5;0;STABLE
2025-10-11T03:45;2025-10-11T04:00;16;EUR;MWh;NO;NO;;;61.5;61.5;0;STABLE
2025-10-11T04:00;2025-10-11T04:15;17;EUR;MWh;NO;NO;;;61.5;61.5;0;STABLE
2025-10-11T04:15;2025-10-11T04:30;18;EUR;MWh;NO;NO;85.75;;85.75;85.75;1;UP
2025-10-11T04:30;2025-10-11T04:45;19;EUR;MWh;NO;NO;83.76;;83.76;83.76;1;UP
2025-10-11T04:45;2025-10-11T05:00;20;EUR;MWh;NO;NO;53.52;;53.52;53.52;1;UP
2025-10-11T05:00;2025-10-11T05:15;21;EUR;MWh;NO;NO;91.6;;91.6;91.6;1;UP
2025-10-11T05:15;2025-10-11T05:30;22;EUR;MWh;NO;NO;91.5;;91.5;91.5;1;UP
2025-10-11T05:30;2025-10-11T05:45;23;EUR;MWh;NO;NO;92.66;;92.66;92.66;1;UP
2025-10-11T05:45;2025-10-11T06:00;24;EUR;MWh;NO;NO;81.56;;81.56;81.56;1;UP
2025-10-11T06:00;2025-10-11T06:15;25;EUR;MWh;NO;NO;92.32;69.77;92.32;61.5;2;UP_AND_DOWN
2025-10-11T06:15;2025-10-11T06:30;26;EUR;MWh;NO;NO;92.42;83;92.42;92.42;1;UP
2025-10-11T06:30;2025-10-11T06:45;27;EUR;MWh;NO;NO;92.42;83;92.42;92.42;1;UP
2025-10-11T06:45;2025-10-11T07:00;28;EUR;MWh;NO;NO;92.66;83;92.66;92.66;1;UP
2025-10-11T07:00;2025-10-11T07:15;29;EUR;MWh;NO;NO;98.66;;98.66;98.66;1;UP
2025-10-11T07:15;2025-10-11T07:30;30;EUR;MWh;NO;NO;110;;110;110;1;UP
2025-10-11T07:30;2025-10-11T07:45;31;EUR;MWh;NO;NO;110;;110;110;1;UP
2025-10-11T07:45;2025-10-11T08:00;32;EUR;MWh;NO;NO;110;;110;110;1;UP
2025-10-11T08:00;2025-10-11T08:15;33;EUR;MWh;NO;NO;40;70.11;61.5;61.5;2;UP_AND_DOWN
2025-10-11T08:15;2025-10-11T08:30;34;EUR;MWh;NO;NO;;83;83;83;-1;DOWN
2025-10-11T08:30;2025-10-11T08:45;35;EUR;MWh;NO;NO;68.34;83;68.34;68.34;1;UP
2025-10-11T08:45;2025-10-11T09:00;36;EUR;MWh;NO;NO;94.32;;94.32;94.32;1;UP
2025-10-11T09:00;2025-10-11T09:15;37;EUR;MWh;NO;NO;107.66;;107.66;107.66;1;UP
2025-10-11T09:15;2025-10-11T09:30;38;EUR;MWh;NO;NO;111.66;;111.66;111.66;1;UP
2025-10-11T09:30;2025-10-11T09:45;39;EUR;MWh;NO;NO;136.5;;136.5;136.5;1;UP
2025-10-11T09:45;2025-10-11T10:00;40;EUR;MWh;NO;NO;110;;110;110;1;UP
2025-10-11T10:00;2025-10-11T10:15;41;EUR;MWh;NO;NO;107.66;;107.66;107.66;1;UP
2025-10-11T10:15;2025-10-11T10:30;42;EUR;MWh;NO;NO;136.5;;136.5;136.5;1;UP
2025-10-11T10:30;2025-10-11T10:45;43;EUR;MWh;NO;NO;150;;150;150;1;UP
2025-10-11T10:45;2025-10-11T11:00;44;EUR;MWh;NO;NO;136.5;;136.5;136.5;1;UP
2025-10-11T11:00;2025-10-11T11:15;45;EUR;MWh;NO;NO;127;;127;127;1;UP
2025-10-11T11:15;2025-10-11T11:30;46;EUR;MWh;NO;NO;115.66;;115.66;115.66;1;UP
2025-10-11T11:30;2025-10-11T11:45;47;EUR;MWh;NO;NO;111.66;;111.66;111.66;1;UP
2025-10-11T11:45;2025-10-11T12:00;48;EUR;MWh;NO;NO;117.42;;117.42;117.42;1;UP
2025-10-11T12:00;2025-10-11T12:15;49;EUR;MWh;NO;NO;92.66;94;92.66;92.66;1;UP
2025-10-11T12:15;2025-10-11T12:30;50;EUR;MWh;NO;NO;100.56;94;100.56;67;2;UP_AND_DOWN
2025-10-11T12:30;2025-10-11T12:45;51;EUR;MWh;NO;NO;98.18;94;98.18;98.18;1;UP
2025-10-11T12:45;2025-10-11T13:00;52;EUR;MWh;NO;NO;92.42;78.48;92.42;67;2;UP_AND_DOWN
2025-10-11T13:00;2025-10-11T13:15;53;EUR;MWh;NO;NO;96.56;78.58;96.56;67;2;UP_AND_DOWN
2025-10-11T13:15;2025-10-11T13:30;54;EUR;MWh;NO;NO;;94;94;94;-1;DOWN
2025-10-11T13:30;2025-10-11T13:45;55;EUR;MWh;NO;NO;68.34;94;94;94;-1;DOWN
2025-10-11T13:45;2025-10-11T14:00;56;EUR;MWh;NO;NO;92.02;78.58;92.02;66.5;2;UP_AND_DOWN
2025-10-11T14:00;2025-10-11T14:15;57;EUR;MWh;NO;NO;92.52;93;92.52;66.5;2;UP_AND_DOWN
2025-10-11T14:15;2025-10-11T14:30;58;EUR;MWh;NO;NO;89.1;;89.1;89.1;1;UP
2025-10-11T14:30;2025-10-11T14:45;59;EUR;MWh;NO;NO;136.5;;136.5;136.5;1;UP
2025-10-11T14:45;2025-10-11T15:00;60;EUR;MWh;NO;NO;136.5;;136.5;136.5;1;UP
2025-10-11T15:00;2025-10-11T15:15;61;EUR;MWh;NO;NO;140;;140;140;1;UP
2025-10-11T15:15;2025-10-11T15:30;62;EUR;MWh;NO;NO;140;;140;140;1;UP
2025-10-11T15:30;2025-10-11T15:45;63;EUR;MWh;NO;NO;140;;140;140;1;UP
2025-10-11T15:45;2025-10-11T16:00;64;EUR;MWh;NO;NO;150;;150;150;1;UP
2025-10-11T16:00;2025-10-11T16:15;65;EUR;MWh;NO;NO;136.5;93;136.5;66.5;2;UP_AND_DOWN
2025-10-11T16:15;2025-10-11T16:30;66;EUR;MWh;NO;NO;104.66;;104.66;104.66;1;UP
2025-10-11T16:30;2025-10-11T16:45;67;EUR;MWh;NO;NO;109.9;53.29;109.9;53.29;2;UP_AND_DOWN
2025-10-11T16:45;2025-10-11T17:00;68;EUR;MWh;NO;NO;110;69.49;110;66.5;2;UP_AND_DOWN
2025-10-11T17:00;2025-10-11T17:15;69;EUR;MWh;NO;NO;140;70.94;140;140;1;UP
2025-10-11T17:15;2025-10-11T17:30;70;EUR;MWh;NO;NO;136.5;90;136.5;65;2;UP_AND_DOWN
2025-10-11T17:30;2025-10-11T17:45;71;EUR;MWh;NO;NO;136.5;78.21;136.5;63.5;2;UP_AND_DOWN
2025-10-11T17:45;2025-10-11T18:00;72;EUR;MWh;NO;NO;136.5;74.69;136.5;63;2;UP_AND_DOWN
2025-10-11T18:00;2025-10-11T18:15;73;EUR;MWh;NO;NO;136.5;;136.5;136.5;1;UP
2025-10-11T18:15;2025-10-11T18:30;74;EUR;MWh;NO;NO;128;;128;128;1;UP
2025-10-11T18:30;2025-10-11T18:45;75;EUR;MWh;NO;NO;150;;150;150;1;UP
2025-10-11T18:45;2025-10-11T19:00;76;EUR;MWh;NO;NO;136.5;;136.5;136.5;1;UP
2025-10-11T19:00;2025-10-11T19:15;77;EUR;MWh;NO;NO;136.5;;136.5;136.5;1;UP
2025-10-11T19:15;2025-10-11T19:30;78;EUR;MWh;NO;NO;130;;130;130;1;UP
2025-10-11T19:30;2025-10-11T19:45;79;EUR;MWh;NO;NO;63.52;88;63.52;63.52;1;UP
2025-10-11T19:45;2025-10-11T20:00;80;EUR;MWh;NO;NO;;88;70;70;0;STABLE
2025-10-11T20:00;2025-10-11T20:15;81;EUR;MWh;NO;NO;106.56;83;106.56;64;2;UP_AND_DOWN
2025-10-11T20:15;2025-10-11T20:30;82;EUR;MWh;NO;NO;136.5;83;136.5;70;2;UP_AND_DOWN
2025-10-11T20:30;2025-10-11T20:45;83;EUR;MWh;NO;NO;136.5;88;136.5;136.5;1;UP
2025-10-11T20:45;2025-10-11T21:00;84;EUR;MWh;NO;NO;136.5;88;136.5;136.5;1;UP
2025-10-11T21:00;2025-10-11T21:15;85;EUR;MWh;NO;NO;136.5;;136.5;136.5;1;UP
2025-10-11T21:15;2025-10-11T21:30;86;EUR;MWh;NO;NO;136.5;;136.5;136.5;1;UP
2025-10-11T21:30;2025-10-11T21:45;87;EUR;MWh;NO;NO;136.5;87;136.5;136.5;1;UP
2025-10-11T21:45;2025-10-11T22:00;88;EUR;MWh;NO;NO;136.5;;136.5;136.5;1;UP
2025-10-11T22:00;2025-10-11T22:15;89;EUR;MWh;NO;NO;111;;111;111;1;UP
2025-10-11T22:15;2025-10-11T22:30;90;EUR;MWh;NO;NO;106.46;;106.46;106.46;1;UP
2025-10-11T22:30;2025-10-11T22:45;91;EUR;MWh;NO;NO;135;90;135;135;1;UP
2025-10-11T22:45;2025-10-11T23:00;92;EUR;MWh;NO;NO;135;90;135;70;2;UP_AND_DOWN
2025-10-11T23:00;2025-10-11T23:15;93;EUR;MWh;NO;NO;43;90;90;90;-1;DOWN
2025-10-11T23:15;2025-10-11T23:30;94;EUR;MWh;NO;NO;92.02;90;92.02;70;2;UP_AND_DOWN
2025-10-11T23:30;2025-10-11T23:45;95;EUR;MWh;NO;NO;136.5;;136.5;136.5;1;UP
2025-10-11T23:45;2025-10-12T00:00;96;EUR;MWh;NO;NO;146;90;146;146;1;UP
2025-10-12T00:00;2025-10-12T00:15;1;EUR;MWh;NO;NO;22.33;83;83;83;-1;DOWN
2025-10-12T00:15;2025-10-12T00:30;2;EUR;MWh;NO;NO;81.51;83;83;83;-1;DOWN
2025-10-12T00:30;2025-10-12T00:45;3;EUR;MWh;NO;NO;136.2;83;136.2;61.17;2;UP_AND_DOWN
2025-10-12T00:45;2025-10-12T01:00;4;EUR;MWh;NO;NO;94.36;75.49;94.36;61.17;2;UP_AND_DOWN
2025-10-12T01:00;2025-10-12T01:15;5;EUR;MWh;NO;NO;82.36;89;82.36;55.67;2;UP_AND_DOWN
2025-10-12T01:15;2025-10-12T01:30;6;EUR;MWh;NO;NO;79.61;89;79.61;61.17;2;UP_AND_DOWN
2025-10-12T01:30;2025-10-12T01:45;7;EUR;MWh;NO;NO;124;88;124;55.17;2;UP_AND_DOWN
2025-10-12T01:45;2025-10-12T02:00;8;EUR;MWh;NO;NO;78.58;83;78.58;61.17;2;UP_AND_DOWN
2025-10-12T02:00;2025-10-12T02:15;9;EUR;MWh;NO;NO;105;83;105;105;1;UP
2025-10-12T02:15;2025-10-12T02:30;10;EUR;MWh;NO;NO;87.63;;87.63;87.63;1;UP
2025-10-12T02:30;2025-10-12T02:45;11;EUR;MWh;NO;NO;92.42;86;92.42;92.42;1;UP
2025-10-12T02:45;2025-10-12T03:00;12;EUR;MWh;NO;NO;87.63;;87.63;87.63;1;UP
2025-10-12T03:00;2025-10-12T03:15;13;EUR;MWh;NO;NO;94.06;;94.06;94.06;1;UP
2025-10-12T03:15;2025-10-12T03:30;14;EUR;MWh;NO;NO;77;86;77;77;1;UP
2025-10-12T03:30;2025-10-12T03:45;15;EUR;MWh;NO;NO;92.42;86;92.42;92.42;1;UP
2025-10-12T03:45;2025-10-12T04:00;16;EUR;MWh;NO;NO;132;;132;132;1;UP
2025-10-12T04:00;2025-10-12T04:15;17;EUR;MWh;NO;NO;94.16;86;94.16;94.16;1;UP
2025-10-12T04:15;2025-10-12T04:30;18;EUR;MWh;NO;NO;52.87;66.24;66.24;66.24;-1;DOWN
2025-10-12T04:30;2025-10-12T04:45;19;EUR;MWh;NO;NO;92.62;;92.62;92.62;1;UP
2025-10-12T04:45;2025-10-12T05:00;20;EUR;MWh;NO;NO;136.2;;136.2;136.2;1;UP
2025-10-12T05:00;2025-10-12T05:15;21;EUR;MWh;NO;NO;136.2;;136.2;136.2;1;UP
2025-10-12T05:15;2025-10-12T05:30;22;EUR;MWh;NO;NO;80.72;82;80.72;80.72;1;UP
2025-10-12T05:30;2025-10-12T05:45;23;EUR;MWh;NO;NO;140;;140;140;1;UP
2025-10-12T05:45;2025-10-12T06:00;24;EUR;MWh;NO;NO;140;;140;140;1;UP
2025-10-12T06:00;2025-10-12T06:15;25;EUR;MWh;NO;NO;87.43;;87.43;87.43;1;UP
2025-10-12T06:15;2025-10-12T06:30;26;EUR;MWh;NO;NO;94.37;68.57;94.37;61.17;2;UP_AND_DOWN
2025-10-12T06:30;2025-10-12T06:45;27;EUR;MWh;NO;NO;79;71.14;79;56.17;2;UP_AND_DOWN
2025-10-12T06:45;2025-10-12T07:00;28;EUR;MWh;NO;NO;79;71.24;79;61.17;2;UP_AND_DOWN
2025-10-12T07:00;2025-10-12T07:15;29;EUR;MWh;NO;NO;79;66;79;55.67;2;UP_AND_DOWN
2025-10-12T07:15;2025-10-12T07:30;30;EUR;MWh;NO;NO;79;74.64;79;52.67;2;UP_AND_DOWN
2025-10-12T07:30;2025-10-12T07:45;31;EUR;MWh;NO;NO;79;83;79;79;1;UP
2025-10-12T07:45;2025-10-12T08:00;32;EUR;MWh;NO;NO;107.35;;107.35;107.35;1;UP
2025-10-12T08:00;2025-10-12T08:15;33;EUR;MWh;NO;NO;109;;109;109;1;UP
2025-10-12T08:15;2025-10-12T08:30;34;EUR;MWh;NO;NO;130.1;;130.1;130.1;1;UP
2025-10-12T08:30;2025-10-12T08:45;35;EUR;MWh;NO;NO;85;;85;85;1;UP
2025-10-12T08:45;2025-10-12T09:00;36;EUR;MWh;NO;NO;85;76.19;85;52.67;2;UP_AND_DOWN
2025-10-12T09:00;2025-10-12T09:15;37;EUR;MWh;NO;NO;85;71.69;85;52.67;2;UP_AND_DOWN
2025-10-12T09:15;2025-10-12T09:30;38;EUR;MWh;NO;NO;111;78.32;111;52.67;2;UP_AND_DOWN
2025-10-12T09:30;2025-10-12T09:45;39;EUR;MWh;NO;NO;52.87;74.88;52.87;52.67;2;UP_AND_DOWN
2025-10-12T09:45;2025-10-12T10:00;40;EUR;MWh;NO;NO;;66;66;66;-1;DOWN
2025-10-12T10:00;2025-10-12T10:15;41;EUR;MWh;NO;NO;22.33;68;68;68;-1;DOWN
2025-10-12T10:15;2025-10-12T10:30;42;EUR;MWh;NO;NO;;53.15;53.15;53.15;-1;DOWN
2025-10-12T10:30;2025-10-12T10:45;43;EUR;MWh;NO;NO;;-.69;-.69;-.69;-1;DOWN
2025-10-12T10:45;2025-10-12T11:00;44;EUR;MWh;NO;NO;;-49;-49;-49;-1;DOWN
2025-10-12T11:00;2025-10-12T11:15;45;EUR;MWh;NO;NO;;35.89;35.89;35.89;-1;DOWN
2025-10-12T11:15;2025-10-12T11:30;46;EUR;MWh;NO;NO;;-49;-49;-49;-1;DOWN
2025-10-12T11:30;2025-10-12T11:45;47;EUR;MWh;NO;NO;;66;66;66;-1;DOWN
2025-10-12T11:45;2025-10-12T12:00;48;EUR;MWh;NO;NO;78.58;68.57;78.58;52.67;2;UP_AND_DOWN
2025-10-12T12:00;2025-10-12T12:15;49;EUR;MWh;NO;NO;78.58;66.14;78.58;52.67;2;UP_AND_DOWN
2025-10-12T12:15;2025-10-12T12:30;50;EUR;MWh;NO;NO;70;66.81;70;52.67;2;UP_AND_DOWN
2025-10-12T12:30;2025-10-12T12:45;51;EUR;MWh;NO;NO;96;;96;96;1;UP
2025-10-12T12:45;2025-10-12T13:00;52;EUR;MWh;NO;NO;87.57;57.48;87.57;52.67;2;UP_AND_DOWN
2025-10-12T13:00;2025-10-12T13:15;53;EUR;MWh;NO;NO;87.57;6.14;6.14;6.14;-1;DOWN
2025-10-12T13:15;2025-10-12T13:30;54;EUR;MWh;NO;NO;;-40.57;-40.57;-40.57;-1;DOWN
2025-10-12T13:30;2025-10-12T13:45;55;EUR;MWh;NO;NO;;-.69;-.69;-.69;-1;DOWN
2025-10-12T13:45;2025-10-12T14:00;56;EUR;MWh;NO;NO;81.35;46.14;81.35;46.14;2;UP_AND_DOWN
2025-10-12T14:00;2025-10-12T14:15;57;EUR;MWh;NO;NO;40;36.14;52.67;36.14;2;UP_AND_DOWN
2025-10-12T14:15;2025-10-12T14:30;58;EUR;MWh;NO;NO;;54.14;54.14;54.14;-1;DOWN
2025-10-12T14:30;2025-10-12T14:45;59;EUR;MWh;NO;NO;;53.15;53.15;53.15;-1;DOWN
2025-10-12T14:45;2025-10-12T15:00;60;EUR;MWh;NO;NO;;62.88;62.88;62.88;-1;DOWN
2025-10-12T15:00;2025-10-12T15:15;61;EUR;MWh;NO;NO;;51.14;51.14;51.14;-1;DOWN
2025-10-12T15:15;2025-10-12T15:30;62;EUR;MWh;NO;NO;90.12;75.69;90.12;90.12;1;UP
2025-10-12T15:30;2025-10-12T15:45;63;EUR;MWh;NO;NO;79;;79;79;1;UP
2025-10-12T15:45;2025-10-12T16:00;64;EUR;MWh;NO;NO;96;78.39;96;96;1;UP
2025-10-12T16:00;2025-10-12T16:15;65;EUR;MWh;NO;NO;85;58.84;85;52.67;2;UP_AND_DOWN
2025-10-12T16:15;2025-10-12T16:30;66;EUR;MWh;NO;NO;79;58.84;79;79;1;UP
2025-10-12T16:30;2025-10-12T16:45;67;EUR;MWh;NO;NO;135.3;78.18;135.3;135.3;1;UP
2025-10-12T16:45;2025-10-12T17:00;68;EUR;MWh;NO;NO;97;;97;97;1;UP
2025-10-12T17:00;2025-10-12T17:15;69;EUR;MWh;NO;NO;136.2;;136.2;136.2;1;UP
2025-10-12T17:15;2025-10-12T17:30;70;EUR;MWh;NO;NO;159;;159;159;1;UP
2025-10-12T17:30;2025-10-12T17:45;71;EUR;MWh;NO;NO;140;;140;140;1;UP
2025-10-12T17:45;2025-10-12T18:00;72;EUR;MWh;NO;NO;129;;129;129;1;UP
2025-10-12T18:00;2025-10-12T18:15;73;EUR;MWh;NO;NO;159;;159;159;1;UP
2025-10-12T18:15;2025-10-12T18:30;74;EUR;MWh;NO;NO;167;;167;167;1;UP
2025-10-12T18:30;2025-10-12T18:45;75;EUR;MWh;NO;NO;159;;159;159;1;UP
2025-10-12T18:45;2025-10-12T19:00;76;EUR;MWh;NO;NO;150;;150;150;1;UP
2025-10-12T19:00;2025-10-12T19:15;77;EUR;MWh;NO;NO;150;;150;150;1;UP
2025-10-12T19:15;2025-10-12T19:30;78;EUR;MWh;NO;NO;149.9;;149.9;149.9;1;UP
2025-10-12T19:30;2025-10-12T19:45;79;EUR;MWh;NO;NO;136.2;95;136.2;136.2;1;UP
2025-10-12T19:45;2025-10-12T20:00;80;EUR;MWh;NO;NO;136.2;97;136.2;136.2;1;UP
2025-10-12T20:00;2025-10-12T20:15;81;EUR;MWh;NO;NO;96.28;99;96.28;96.28;1;UP
2025-10-12T20:15;2025-10-12T20:30;82;EUR;MWh;NO;NO;111;100;111;111;1;UP
2025-10-12T20:30;2025-10-12T20:45;83;EUR;MWh;NO;NO;136.2;98;136.2;61.17;2;UP_AND_DOWN
2025-10-12T20:45;2025-10-12T21:00;84;EUR;MWh;NO;NO;136.2;;136.2;136.2;1;UP
2025-10-12T21:00;2025-10-12T21:15;85;EUR;MWh;NO;NO;117.53;69;117.53;61.17;2;UP_AND_DOWN
2025-10-12T21:15;2025-10-12T21:30;86;EUR;MWh;NO;NO;;79.65;79.65;79.65;-1;DOWN
2025-10-12T21:30;2025-10-12T21:45;87;EUR;MWh;NO;NO;;83;83;83;-1;DOWN
2025-10-12T21:45;2025-10-12T22:00;88;EUR;MWh;NO;NO;136.2;75.1;136.2;60.67;2;UP_AND_DOWN
2025-10-12T22:00;2025-10-12T22:15;89;EUR;MWh;NO;NO;136.2;74.25;136.2;60.17;2;UP_AND_DOWN
2025-10-12T22:15;2025-10-12T22:30;90;EUR;MWh;NO;NO;136.2;97;136.2;136.2;1;UP
2025-10-12T22:30;2025-10-12T22:45;91;EUR;MWh;NO;NO;136.2;78.39;136.2;59.67;2;UP_AND_DOWN
2025-10-12T22:45;2025-10-12T23:00;92;EUR;MWh;NO;NO;22.33;77;77;77;-1;DOWN
2025-10-12T23:00;2025-10-12T23:15;93;EUR;MWh;NO;NO;94.22;78.29;94.22;59.67;2;UP_AND_DOWN
2025-10-12T23:15;2025-10-12T23:30;94;EUR;MWh;NO;NO;22.33;91;22.33;22.33;1;UP
2025-10-12T23:30;2025-10-12T23:45;95;EUR;MWh;NO;NO;94.22;89;94.22;58.17;2;UP_AND_DOWN
2025-10-12T23:45;2025-10-13T00:00;96;EUR;MWh;NO;NO;101;77.49;101;57.17;2;UP_AND_DOWN
2025-10-13T00:00;2025-10-13T00:15;1;EUR;MWh;NO;NO;101;87;101;66;2;UP_AND_DOWN
2025-10-13T00:15;2025-10-13T00:30;2;EUR;MWh;NO;NO;82.74;87;82.74;66;2;UP_AND_DOWN
2025-10-13T00:30;2025-10-13T00:45;3;EUR;MWh;NO;NO;;87;87;87;-1;DOWN
2025-10-13T00:45;2025-10-13T01:00;4;EUR;MWh;NO;NO;;86;86;86;-1;DOWN
2025-10-13T01:00;2025-10-13T01:15;5;EUR;MWh;NO;NO;97;;97;97;1;UP
2025-10-13T01:15;2025-10-13T01:30;6;EUR;MWh;NO;NO;95.58;;95.58;95.58;1;UP
2025-10-13T01:30;2025-10-13T01:45;7;EUR;MWh;NO;NO;136;;136;136;1;UP
2025-10-13T01:45;2025-10-13T02:00;8;EUR;MWh;NO;NO;95.98;;95.98;95.98;1;UP
2025-10-13T02:00;2025-10-13T02:15;9;EUR;MWh;NO;NO;88.46;;88.46;88.46;1;UP
2025-10-13T02:15;2025-10-13T02:30;10;EUR;MWh;NO;NO;85.78;86;85.78;85.78;1;UP
2025-10-13T02:30;2025-10-13T02:45;11;EUR;MWh;NO;NO;78.58;;66.5;66.5;0;STABLE
2025-10-13T02:45;2025-10-13T03:00;12;EUR;MWh;NO;NO;;73.07;73.07;73.07;-1;DOWN
2025-10-13T03:00;2025-10-13T03:15;13;EUR;MWh;NO;NO;;73.19;73.19;73.19;-1;DOWN
2025-10-13T03:15;2025-10-13T03:30;14;EUR;MWh;NO;NO;;86;86;86;-1;DOWN
2025-10-13T03:30;2025-10-13T03:45;15;EUR;MWh;NO;NO;;86;86;86;-1;DOWN
2025-10-13T03:45;2025-10-13T04:00;16;EUR;MWh;NO;NO;;70.07;70.07;70.07;-1;DOWN
2025-10-13T04:00;2025-10-13T04:15;17;EUR;MWh;NO;NO;;61.94;61.94;61.94;-1;DOWN
2025-10-13T04:15;2025-10-13T04:30;18;EUR;MWh;NO;NO;83;77.99;83;61.5;2;UP_AND_DOWN
2025-10-13T04:30;2025-10-13T04:45;19;EUR;MWh;NO;NO;100;;100;100;1;UP
2025-10-13T04:45;2025-10-13T05:00;20;EUR;MWh;NO;NO;113;71;113;69.5;2;UP_AND_DOWN
2025-10-13T05:00;2025-10-13T05:15;21;EUR;MWh;NO;NO;113;60;60;60;-1;DOWN
2025-10-13T05:15;2025-10-13T05:30;22;EUR;MWh;NO;NO;90.98;70.07;90.98;69.5;2;UP_AND_DOWN
2025-10-13T05:30;2025-10-13T05:45;23;EUR;MWh;NO;NO;137.5;;137.5;137.5;1;UP
2025-10-13T05:45;2025-10-13T06:00;24;EUR;MWh;NO;NO;137.5;79.57;137.5;69.5;2;UP_AND_DOWN
2025-10-13T06:00;2025-10-13T06:15;25;EUR;MWh;NO;NO;160;78.58;160;160;1;UP
2025-10-13T06:15;2025-10-13T06:30;26;EUR;MWh;NO;NO;160;;160;160;1;UP
2025-10-13T06:30;2025-10-13T06:45;27;EUR;MWh;NO;NO;160;;160;160;1;UP
2025-10-13T06:45;2025-10-13T07:00;28;EUR;MWh;NO;NO;160;;160;160;1;UP
2025-10-13T07:00;2025-10-13T07:15;29;EUR;MWh;NO;NO;160;;160;160;1;UP
2025-10-13T07:15;2025-10-13T07:30;30;EUR;MWh;NO;NO;155.98;;155.98;155.98;1;UP
2025-10-13T07:30;2025-10-13T07:45;31;EUR;MWh;NO;NO;160;99;160;70;2;UP_AND_DOWN
2025-10-13T07:45;2025-10-13T08:00;32;EUR;MWh;NO;NO;136;100;136;136;1;UP
2025-10-13T08:00;2025-10-13T08:15;33;EUR;MWh;NO;NO;150;;150;150;1;UP
2025-10-13T08:15;2025-10-13T08:30;34;EUR;MWh;NO;NO;160;;160;160;1;UP
2025-10-13T08:30;2025-10-13T08:45;35;EUR;MWh;NO;NO;91.44;100;91.44;70;2;UP_AND_DOWN
2025-10-13T08:45;2025-10-13T09:00;36;EUR;MWh;NO;NO;89.44;99;89.44;70;2;UP_AND_DOWN
2025-10-13T09:00;2025-10-13T09:15;37;EUR;MWh;NO;NO;137.5;73.48;137.5;70;2;UP_AND_DOWN
2025-10-13T09:15;2025-10-13T09:30;38;EUR;MWh;NO;NO;150;74.42;150;70;2;UP_AND_DOWN
2025-10-13T09:30;2025-10-13T09:45;39;EUR;MWh;NO;NO;140;64.67;140;64.67;2;UP_AND_DOWN
2025-10-13T09:45;2025-10-13T10:00;40;EUR;MWh;NO;NO;85.63;64;85.63;64;2;UP_AND_DOWN
2025-10-13T10:00;2025-10-13T10:15;41;EUR;MWh;NO;NO;;54.91;54.91;54.91;-1;DOWN
2025-10-13T10:15;2025-10-13T10:30;42;EUR;MWh;NO;NO;;53.65;53.65;53.65;-1;DOWN
2025-10-13T10:30;2025-10-13T10:45;43;EUR;MWh;NO;NO;137.5;78.01;137.5;78.01;2;UP_AND_DOWN
2025-10-13T10:45;2025-10-13T11:00;44;EUR;MWh;NO;NO;78.77;69.81;81;69.81;2;UP_AND_DOWN
2025-10-13T11:00;2025-10-13T11:15;45;EUR;MWh;NO;NO;;70.77;70.77;70.77;-1;DOWN
2025-10-13T11:15;2025-10-13T11:30;46;EUR;MWh;NO;NO;;79.67;79.67;79.67;-1;DOWN
2025-10-13T11:30;2025-10-13T11:45;47;EUR;MWh;NO;NO;137.5;98;137.5;78;2;UP_AND_DOWN
2025-10-13T11:45;2025-10-13T12:00;48;EUR;MWh;NO;NO;150;77.91;150;77;2;UP_AND_DOWN
2025-10-13T12:00;2025-10-13T12:15;49;EUR;MWh;NO;NO;108.73;74.81;108.73;74.81;2;UP_AND_DOWN
2025-10-13T12:15;2025-10-13T12:30;50;EUR;MWh;NO;NO;137.5;109;137.5;137.5;1;UP
2025-10-13T12:30;2025-10-13T12:45;51;EUR;MWh;NO;NO;140;109;140;140;1;UP
2025-10-13T12:45;2025-10-13T13:00;52;EUR;MWh;NO;NO;150;87;150;74;2;UP_AND_DOWN
2025-10-13T13:00;2025-10-13T13:15;53;EUR;MWh;NO;NO;137.5;87;137.5;74;2;UP_AND_DOWN
2025-10-13T13:15;2025-10-13T13:30;54;EUR;MWh;NO;NO;160;;160;160;1;UP
2025-10-13T13:30;2025-10-13T13:45;55;EUR;MWh;NO;NO;144;;144;144;1;UP
2025-10-13T13:45;2025-10-13T14:00;56;EUR;MWh;NO;NO;144;;144;144;1;UP
2025-10-13T14:00;2025-10-13T14:15;57;EUR;MWh;NO;NO;137.5;107;137.5;137.5;1;UP
2025-10-13T14:15;2025-10-13T14:30;58;EUR;MWh;NO;NO;130.71;107;130.71;130.71;1;UP
2025-10-13T14:30;2025-10-13T14:45;59;EUR;MWh;NO;NO;101.52;81.96;101.52;101.52;1;UP
2025-10-13T14:45;2025-10-13T15:00;60;EUR;MWh;NO;NO;158;99;158;158;1;UP
2025-10-13T15:00;2025-10-13T15:15;61;EUR;MWh;NO;NO;101.52;72.46;101.52;72.46;2;UP_AND_DOWN
2025-10-13T15:15;2025-10-13T15:30;62;EUR;MWh;NO;NO;144;79.57;144;73.5;2;UP_AND_DOWN
2025-10-13T15:30;2025-10-13T15:45;63;EUR;MWh;NO;NO;140;64.45;140;64.45;2;UP_AND_DOWN
2025-10-13T15:45;2025-10-13T16:00;64;EUR;MWh;NO;NO;;64.57;64.57;64.57;-1;DOWN
2025-10-13T16:00;2025-10-13T16:15;65;EUR;MWh;NO;NO;;55.9;55.9;55.9;-1;DOWN
2025-10-13T16:15;2025-10-13T16:30;66;EUR;MWh;NO;NO;;66;66;66;-1;DOWN
2025-10-13T16:30;2025-10-13T16:45;67;EUR;MWh;NO;NO;130.71;64.57;130.71;64.57;2;UP_AND_DOWN
2025-10-13T16:45;2025-10-13T17:00;68;EUR;MWh;NO;NO;130.51;59;130.51;59;2;UP_AND_DOWN
2025-10-13T17:00;2025-10-13T17:15;69;EUR;MWh;NO;NO;189;69.1;189;61.5;2;UP_AND_DOWN
2025-10-13T17:15;2025-10-13T17:30;70;EUR;MWh;NO;NO;189;;189;189;1;UP
2025-10-13T17:30;2025-10-13T17:45;71;EUR;MWh;NO;NO;160;66.75;160;61.5;2;UP_AND_DOWN
2025-10-13T17:45;2025-10-13T18:00;72;EUR;MWh;NO;NO;140;;140;140;1;UP
2025-10-13T18:00;2025-10-13T18:15;73;EUR;MWh;NO;NO;189;;189;189;1;UP
2025-10-13T18:15;2025-10-13T18:30;74;EUR;MWh;NO;NO;168;;168;168;1;UP
2025-10-13T18:30;2025-10-13T18:45;75;EUR;MWh;NO;NO;160;;160;160;1;UP
2025-10-13T18:45;2025-10-13T19:00;76;EUR;MWh;NO;NO;200;;200;200;1;UP
2025-10-13T19:00;2025-10-13T19:15;77;EUR;MWh;NO;NO;189;;189;189;1;UP
2025-10-13T19:15;2025-10-13T19:30;78;EUR;MWh;NO;NO;160;;160;160;1;UP
2025-10-13T19:30;2025-10-13T19:45;79;EUR;MWh;NO;NO;189;;189;189;1;UP
2025-10-13T19:45;2025-10-13T20:00;80;EUR;MWh;NO;NO;195;106;195;76;2;UP_AND_DOWN
2025-10-13T20:00;2025-10-13T20:15;81;EUR;MWh;NO;NO;137.5;;137.5;137.5;1;UP
2025-10-13T20:15;2025-10-13T20:30;82;EUR;MWh;NO;NO;160;;160;160;1;UP
2025-10-13T20:30;2025-10-13T20:45;83;EUR;MWh;NO;NO;150;98;150;76.5;2;UP_AND_DOWN
2025-10-13T20:45;2025-10-13T21:00;84;EUR;MWh;NO;NO;130.79;78.01;130.79;76.5;2;UP_AND_DOWN
2025-10-13T21:00;2025-10-13T21:15;85;EUR;MWh;NO;NO;88.89;78.37;88.89;76.5;2;UP_AND_DOWN
2025-10-13T21:15;2025-10-13T21:30;86;EUR;MWh;NO;NO;137.5;83;137.5;76.5;2;UP_AND_DOWN
2025-10-13T21:30;2025-10-13T21:45;87;EUR;MWh;NO;NO;180;83;180;180;1;UP
2025-10-13T21:45;2025-10-13T22:00;88;EUR;MWh;NO;NO;150;107;150;150;1;UP
2025-10-13T22:00;2025-10-13T22:15;89;EUR;MWh;NO;NO;137.5;106;137.5;75.5;2;UP_AND_DOWN
2025-10-13T22:15;2025-10-13T22:30;90;EUR;MWh;NO;NO;160;;160;160;1;UP
2025-10-13T22:30;2025-10-13T22:45;91;EUR;MWh;NO;NO;163;;163;163;1;UP
2025-10-13T22:45;2025-10-13T23:00;92;EUR;MWh;NO;NO;163;106;163;73;2;UP_AND_DOWN
2025-10-13T23:00;2025-10-13T23:15;93;EUR;MWh;NO;NO;137.5;106;137.5;137.5;1;UP
2025-10-13T23:15;2025-10-13T23:30;94;EUR;MWh;NO;NO;88.56;90;88.56;88.56;1;UP
2025-10-13T23:30;2025-10-13T23:45;95;EUR;MWh;NO;NO;137.5;;137.5;137.5;1;UP
2025-10-13T23:45;2025-10-14T00:00;96;EUR;MWh;NO;NO;105.69;;105.69;105.69;1;UP
2025-10-14T00:00;2025-10-14T00:15;1;EUR;MWh;NO;NO;98.08;88;98.08;98.08;1;UP
2025-10-14T00:15;2025-10-14T00:30;2;EUR;MWh;NO;NO;;71.46;71.46;71.46;-1;DOWN
2025-10-14T00:30;2025-10-14T00:45;3;EUR;MWh;NO;NO;;77.33;77.33;77.33;-1;DOWN
2025-10-14T00:45;2025-10-14T01:00;4;EUR;MWh;NO;NO;;67.43;67.43;67.43;-1;DOWN
2025-10-14T01:00;2025-10-14T01:15;5;EUR;MWh;NO;NO;88.7;79.51;88.7;64.5;2;UP_AND_DOWN
2025-10-14T01:15;2025-10-14T01:30;6;EUR;MWh;NO;NO;90.53;89;90.53;90.53;1;UP
2025-10-14T01:30;2025-10-14T01:45;7;EUR;MWh;NO;NO;84.7;89;84.7;84.7;1;UP
2025-10-14T01:45;2025-10-14T02:00;8;EUR;MWh;NO;NO;128.59;;128.59;128.59;1;UP
2025-10-14T02:00;2025-10-14T02:15;9;EUR;MWh;NO;NO;84.5;88;84.5;84.5;1;UP
2025-10-14T02:15;2025-10-14T02:30;10;EUR;MWh;NO;NO;122;;122;122;1;UP
2025-10-14T02:30;2025-10-14T02:45;11;EUR;MWh;NO;NO;137.9;;137.9;137.9;1;UP
2025-10-14T02:45;2025-10-14T03:00;12;EUR;MWh;NO;NO;121.9;;121.9;121.9;1;UP
2025-10-14T03:00;2025-10-14T03:15;13;EUR;MWh;NO;NO;122;;122;122;1;UP
2025-10-14T03:15;2025-10-14T03:30;14;EUR;MWh;NO;NO;111;;111;111;1;UP
2025-10-14T03:30;2025-10-14T03:45;15;EUR;MWh;NO;NO;90.53;;90.53;90.53;1;UP
2025-10-14T03:45;2025-10-14T04:00;16;EUR;MWh;NO;NO;121.8;;121.8;121.8;1;UP
2025-10-14T04:00;2025-10-14T04:15;17;EUR;MWh;NO;NO;90.43;;90.43;90.43;1;UP
2025-10-14T04:15;2025-10-14T04:30;18;EUR;MWh;NO;NO;90.43;74.61;74.61;74.61;-1;DOWN
2025-10-14T04:30;2025-10-14T04:45;19;EUR;MWh;NO;NO;;76;76;76;-1;DOWN
2025-10-14T04:45;2025-10-14T05:00;20;EUR;MWh;NO;NO;;81.44;81.44;81.44;-1;DOWN
2025-10-14T05:00;2025-10-14T05:15;21;EUR;MWh;NO;NO;87.91;81;87.91;64;2;UP_AND_DOWN
2025-10-14T05:15;2025-10-14T05:30;22;EUR;MWh;NO;NO;185;;185;185;1;UP
2025-10-14T05:30;2025-10-14T05:45;23;EUR;MWh;NO;NO;185;;185;185;1;UP
2025-10-14T05:45;2025-10-14T06:00;24;EUR;MWh;NO;NO;165.5;;165.5;165.5;1;UP
2025-10-14T06:00;2025-10-14T06:15;25;EUR;MWh;NO;NO;185;;185;185;1;UP
2025-10-14T06:15;2025-10-14T06:30;26;EUR;MWh;NO;NO;169;;169;169;1;UP
2025-10-14T06:30;2025-10-14T06:45;27;EUR;MWh;NO;NO;176;;176;176;1;UP
2025-10-14T06:45;2025-10-14T07:00;28;EUR;MWh;NO;NO;169;;169;169;1;UP
2025-10-14T07:00;2025-10-14T07:15;29;EUR;MWh;NO;NO;200;;200;200;1;UP
2025-10-14T07:15;2025-10-14T07:30;30;EUR;MWh;NO;NO;223;;223;223;1;UP
2025-10-14T07:30;2025-10-14T07:45;31;EUR;MWh;NO;NO;200;;200;200;1;UP
2025-10-14T07:45;2025-10-14T08:00;32;EUR;MWh;NO;NO;165.5;88;165.5;79.5;2;UP_AND_DOWN
2025-10-14T08:00;2025-10-14T08:15;33;EUR;MWh;NO;NO;185;83;185;79.5;2;UP_AND_DOWN
2025-10-14T08:15;2025-10-14T08:30;34;EUR;MWh;NO;NO;166;85.5;166;79.5;2;UP_AND_DOWN
2025-10-14T08:30;2025-10-14T08:45;35;EUR;MWh;NO;NO;140;107;140;79.5;2;UP_AND_DOWN
2025-10-14T08:45;2025-10-14T09:00;36;EUR;MWh;NO;NO;165.5;119;165.5;165.5;1;UP
2025-10-14T09:00;2025-10-14T09:15;37;EUR;MWh;NO;NO;150;81.09;150;79.5;2;UP_AND_DOWN
2025-10-14T09:15;2025-10-14T09:30;38;EUR;MWh;NO;NO;78.08;76.61;76.61;76.61;-1;DOWN
2025-10-14T09:30;2025-10-14T09:45;39;EUR;MWh;NO;NO;;77.01;77.01;77.01;-1;DOWN
2025-10-14T09:45;2025-10-14T10:00;40;EUR;MWh;NO;NO;88.11;66;88.11;66;2;UP_AND_DOWN
2025-10-14T10:00;2025-10-14T10:15;41;EUR;MWh;NO;NO;;63.01;63.01;63.01;-1;DOWN
2025-10-14T10:15;2025-10-14T10:30;42;EUR;MWh;NO;NO;;61.53;61.53;61.53;-1;DOWN
2025-10-14T10:30;2025-10-14T10:45;43;EUR;MWh;NO;NO;;59.05;59.05;59.05;-1;DOWN
2025-10-14T10:45;2025-10-14T11:00;44;EUR;MWh;NO;NO;;62.01;62.01;62.01;-1;DOWN
2025-10-14T11:00;2025-10-14T11:15;45;EUR;MWh;NO;NO;;66.3;66.3;66.3;-1;DOWN
2025-10-14T11:15;2025-10-14T11:30;46;EUR;MWh;NO;NO;78.37;76.51;78.37;69.5;2;UP_AND_DOWN
2025-10-14T11:30;2025-10-14T11:45;47;EUR;MWh;NO;NO;116.93;99;116.93;116.93;1;UP
2025-10-14T11:45;2025-10-14T12:00;48;EUR;MWh;NO;NO;130;83;130;69.5;2;UP_AND_DOWN
2025-10-14T12:00;2025-10-14T12:15;49;EUR;MWh;NO;NO;153;83;153;153;1;UP
2025-10-14T12:15;2025-10-14T12:30;50;EUR;MWh;NO;NO;89.44;83;89.44;69.5;2;UP_AND_DOWN
2025-10-14T12:30;2025-10-14T12:45;51;EUR;MWh;NO;NO;96;78.79;96;69.5;2;UP_AND_DOWN
2025-10-14T12:45;2025-10-14T13:00;52;EUR;MWh;NO;NO;88.01;73.36;88.01;69.5;2;UP_AND_DOWN
2025-10-14T13:00;2025-10-14T13:15;53;EUR;MWh;NO;NO;90.53;88;69.5;69.5;0;STABLE
2025-10-14T13:15;2025-10-14T13:30;54;EUR;MWh;NO;NO;92.43;88;92.43;92.43;1;UP
2025-10-14T13:30;2025-10-14T13:45;55;EUR;MWh;NO;NO;;83;69.5;69.5;0;STABLE
2025-10-14T13:45;2025-10-14T14:00;56;EUR;MWh;NO;NO;;61.53;61.53;61.53;-1;DOWN
2025-10-14T14:00;2025-10-14T14:15;57;EUR;MWh;NO;NO;81.54;68.28;81.54;64;2;UP_AND_DOWN
2025-10-14T14:15;2025-10-14T14:30;58;EUR;MWh;NO;NO;103.53;;103.53;103.53;1;UP
2025-10-14T14:30;2025-10-14T14:45;59;EUR;MWh;NO;NO;82.6;88;82.6;82.6;1;UP
2025-10-14T14:45;2025-10-14T15:00;60;EUR;MWh;NO;NO;135.09;;135.09;135.09;1;UP
2025-10-14T15:00;2025-10-14T15:15;61;EUR;MWh;NO;NO;40;88;64;64;2;UP_AND_DOWN
2025-10-14T15:15;2025-10-14T15:30;62;EUR;MWh;NO;NO;88.21;75.59;88.21;64;2;UP_AND_DOWN
2025-10-14T15:30;2025-10-14T15:45;63;EUR;MWh;NO;NO;137.9;69.59;137.9;64;2;UP_AND_DOWN
2025-10-14T15:45;2025-10-14T16:00;64;EUR;MWh;NO;NO;140;;140;140;1;UP
2025-10-14T16:00;2025-10-14T16:15;65;EUR;MWh;NO;NO;96;83;96;96;1;UP
2025-10-14T16:15;2025-10-14T16:30;66;EUR;MWh;NO;NO;154;78.79;154;61.5;2;UP_AND_DOWN
2025-10-14T16:30;2025-10-14T16:45;67;EUR;MWh;NO;NO;182;;182;182;1;UP
2025-10-14T16:45;2025-10-14T17:00;68;EUR;MWh;NO;NO;169;;169;169;1;UP
2025-10-14T17:00;2025-10-14T17:15;69;EUR;MWh;NO;NO;154;;154;154;1;UP
2025-10-14T17:15;2025-10-14T17:30;70;EUR;MWh;NO;NO;200;;200;200;1;UP
2025-10-14T17:30;2025-10-14T17:45;71;EUR;MWh;NO;NO;244.1;;244.1;244.1;1;UP
2025-10-14T17:45;2025-10-14T18:00;72;EUR;MWh;NO;NO;200;;200;200;1;UP
2025-10-14T18:00;2025-10-14T18:15;73;EUR;MWh;NO;NO;379.1;;379.1;379.1;1;UP
2025-10-14T18:15;2025-10-14T18:30;74;EUR;MWh;NO;NO;200;;200;200;1;UP
2025-10-14T18:30;2025-10-14T18:45;75;EUR;MWh;NO;NO;379;;379;379;1;UP
2025-10-14T18:45;2025-10-14T19:00;76;EUR;MWh;NO;NO;410.82;;410.82;410.82;1;UP
2025-10-14T19:00;2025-10-14T19:15;77;EUR;MWh;NO;NO;200;;200;200;1;UP
2025-10-14T19:15;2025-10-14T19:30;78;EUR;MWh;NO;NO;581.34;;581.34;581.34;1;UP
2025-10-14T19:30;2025-10-14T19:45;79;EUR;MWh;NO;NO;185;;185;185;1;UP
2025-10-14T19:45;2025-10-14T20:00;80;EUR;MWh;NO;NO;165.4;83;165.4;79.5;2;UP_AND_DOWN
2025-10-14T20:00;2025-10-14T20:15;81;EUR;MWh;NO;NO;139.9;81.44;139.9;81.44;2;UP_AND_DOWN
2025-10-14T20:15;2025-10-14T20:30;82;EUR;MWh;NO;NO;149.9;81.15;149.9;81.15;2;UP_AND_DOWN
2025-10-14T20:30;2025-10-14T20:45;83;EUR;MWh;NO;NO;138.43;82;138.43;82;2;UP_AND_DOWN
2025-10-14T20:45;2025-10-14T21:00;84;EUR;MWh;NO;NO;138.43;78.08;138.43;78.08;2;UP_AND_DOWN
2025-10-14T21:00;2025-10-14T21:15;85;EUR;MWh;NO;NO;150;81.25;150;81.25;2;UP_AND_DOWN
2025-10-14T21:15;2025-10-14T21:30;86;EUR;MWh;NO;NO;90.53;83;90.53;80;2;UP_AND_DOWN
2025-10-14T21:30;2025-10-14T21:45;87;EUR;MWh;NO;NO;150;83;150;80;2;UP_AND_DOWN
2025-10-14T21:45;2025-10-14T22:00;88;EUR;MWh;NO;NO;165.5;108;165.5;78.5;2;UP_AND_DOWN
2025-10-14T22:00;2025-10-14T22:15;89;EUR;MWh;NO;NO;169;;169;169;1;UP
2025-10-14T22:15;2025-10-14T22:30;90;EUR;MWh;NO;NO;140;109;140;140;1;UP
2025-10-14T22:30;2025-10-14T22:45;91;EUR;MWh;NO;NO;165.5;109;165.5;165.5;1;UP
2025-10-14T22:45;2025-10-14T23:00;92;EUR;MWh;NO;NO;169;79.51;169;74.5;2;UP_AND_DOWN
2025-10-14T23:00;2025-10-14T23:15;93;EUR;MWh;NO;NO;98.43;78.08;98.43;74.5;2;UP_AND_DOWN
2025-10-14T23:15;2025-10-14T23:30;94;EUR;MWh;NO;NO;137.9;78.79;137.9;74.5;2;UP_AND_DOWN
2025-10-14T23:30;2025-10-14T23:45;95;EUR;MWh;NO;NO;137.9;99;137.9;74.5;2;UP_AND_DOWN
2025-10-14T23:45;2025-10-15T00:00;96;EUR;MWh;NO;NO;169;;169;169;1;UP
2025-10-15T00:00;2025-10-15T00:15;1;EUR;MWh;NO;NO;86.9;88;86.9;69.5;2;UP_AND_DOWN
2025-10-15T00:15;2025-10-15T00:30;2;EUR;MWh;NO;NO;159;;159;159;1;UP
2025-10-15T00:30;2025-10-15T00:45;3;EUR;MWh;NO;NO;150;99;150;69.5;2;UP_AND_DOWN
2025-10-15T00:45;2025-10-15T01:00;4;EUR;MWh;NO;NO;149.9;99;149.9;149.9;1;UP
2025-10-15T01:00;2025-10-15T01:15;5;EUR;MWh;NO;NO;159;;159;159;1;UP
2025-10-15T01:15;2025-10-15T01:30;6;EUR;MWh;NO;NO;140;;140;140;1;UP
2025-10-15T01:30;2025-10-15T01:45;7;EUR;MWh;NO;NO;87.1;100;87.1;87.1;1;UP
2025-10-15T01:45;2025-10-15T02:00;8;EUR;MWh;NO;NO;140;100;140;140;1;UP
2025-10-15T02:00;2025-10-15T02:15;9;EUR;MWh;NO;NO;143;;143;143;1;UP
2025-10-15T02:15;2025-10-15T02:30;10;EUR;MWh;NO;NO;89.62;100;89.62;89.62;1;UP
2025-10-15T02:30;2025-10-15T02:45;11;EUR;MWh;NO;NO;123.42;;123.42;123.42;1;UP
2025-10-15T02:45;2025-10-15T03:00;12;EUR;MWh;NO;NO;150;100;150;150;1;UP
2025-10-15T03:00;2025-10-15T03:15;13;EUR;MWh;NO;NO;89.52;;89.52;89.52;1;UP
2025-10-15T03:15;2025-10-15T03:30;14;EUR;MWh;NO;NO;89.52;81.44;89.52;72;2;UP_AND_DOWN
2025-10-15T03:30;2025-10-15T03:45;15;EUR;MWh;NO;NO;;78.02;78.02;78.02;-1;DOWN
2025-10-15T03:45;2025-10-15T04:00;16;EUR;MWh;NO;NO;;72.55;72.55;72.55;-1;DOWN
2025-10-15T04:00;2025-10-15T04:15;17;EUR;MWh;NO;NO;;74.79;74.79;74.79;-1;DOWN
2025-10-15T04:15;2025-10-15T04:30;18;EUR;MWh;NO;NO;;75.43;75.43;75.43;-1;DOWN
2025-10-15T04:30;2025-10-15T04:45;19;EUR;MWh;NO;NO;;75.76;75.76;75.76;-1;DOWN
2025-10-15T04:45;2025-10-15T05:00;20;EUR;MWh;NO;NO;;73.65;73.65;73.65;-1;DOWN
2025-10-15T05:00;2025-10-15T05:15;21;EUR;MWh;NO;NO;100;80.39;100;69.5;2;UP_AND_DOWN
2025-10-15T05:15;2025-10-15T05:30;22;EUR;MWh;NO;NO;92.42;80.96;92.42;69.5;2;UP_AND_DOWN
2025-10-15T05:30;2025-10-15T05:45;23;EUR;MWh;NO;NO;100;74.17;100;69.5;2;UP_AND_DOWN
2025-10-15T05:45;2025-10-15T06:00;24;EUR;MWh;NO;NO;82.66;59.31;82.66;59.31;2;UP_AND_DOWN
2025-10-15T06:00;2025-10-15T06:15;25;EUR;MWh;NO;NO;133;59.31;133;59.31;2;UP_AND_DOWN
2025-10-15T06:15;2025-10-15T06:30;26;EUR;MWh;NO;NO;97.62;80.59;97.62;69.5;2;UP_AND_DOWN
2025-10-15T06:30;2025-10-15T06:45;27;EUR;MWh;NO;NO;140;76.9;140;69.5;2;UP_AND_DOWN
2025-10-15T06:45;2025-10-15T07:00;28;EUR;MWh;NO;NO;100;59.41;100;59.41;2;UP_AND_DOWN
2025-10-15T07:00;2025-10-15T07:15;29;EUR;MWh;NO;NO;140;83;140;140;1;UP
2025-10-15T07:15;2025-10-15T07:30;30;EUR;MWh;NO;NO;153;;153;153;1;UP
2025-10-15T07:30;2025-10-15T07:45;31;EUR;MWh;NO;NO;153;;153;153;1;UP
2025-10-15T07:45;2025-10-15T08:00;32;EUR;MWh;NO;NO;153;;153;153;1;UP
2025-10-15T08:00;2025-10-15T08:15;33;EUR;MWh;NO;NO;159;;159;159;1;UP
2025-10-15T08:15;2025-10-15T08:30;34;EUR;MWh;NO;NO;153;;153;153;1;UP
2025-10-15T08:30;2025-10-15T08:45;35;EUR;MWh;NO;NO;153;99;153;153;1;UP
2025-10-15T08:45;2025-10-15T09:00;36;EUR;MWh;NO;NO;168;;168;168;1;UP
2025-10-15T09:00;2025-10-15T09:15;37;EUR;MWh;NO;NO;159;99;159;69.5;2;UP_AND_DOWN
2025-10-15T09:15;2025-10-15T09:30;38;EUR;MWh;NO;NO;156;99;156;156;1;UP
2025-10-15T09:30;2025-10-15T09:45;39;EUR;MWh;NO;NO;118;99;118;69.5;2;UP_AND_DOWN
2025-10-15T09:45;2025-10-15T10:00;40;EUR;MWh;NO;NO;82.66;99;82.66;82.66;1;UP
2025-10-15T10:00;2025-10-15T10:15;41;EUR;MWh;NO;NO;159;90;159;69.5;2;UP_AND_DOWN
2025-10-15T10:15;2025-10-15T10:30;42;EUR;MWh;NO;NO;100.1;;100.1;100.1;1;UP
2025-10-15T10:30;2025-10-15T10:45;43;EUR;MWh;NO;NO;140;74.07;140;69.5;2;UP_AND_DOWN
2025-10-15T10:45;2025-10-15T11:00;44;EUR;MWh;NO;NO;99;75.49;99;69.5;2;UP_AND_DOWN
2025-10-15T11:00;2025-10-15T11:15;45;EUR;MWh;NO;NO;159;83;159;69.5;2;UP_AND_DOWN
2025-10-15T11:15;2025-10-15T11:30;46;EUR;MWh;NO;NO;140;98;140;69.5;2;UP_AND_DOWN
2025-10-15T11:30;2025-10-15T11:45;47;EUR;MWh;NO;NO;187;;187;187;1;UP
2025-10-15T11:45;2025-10-15T12:00;48;EUR;MWh;NO;NO;180;99;180;180;1;UP
2025-10-15T12:00;2025-10-15T12:15;49;EUR;MWh;NO;NO;140;99;140;140;1;UP
2025-10-15T12:15;2025-10-15T12:30;50;EUR;MWh;NO;NO;159;;159;159;1;UP
2025-10-15T12:30;2025-10-15T12:45;51;EUR;MWh;NO;NO;159;;159;159;1;UP
2025-10-15T12:45;2025-10-15T13:00;52;EUR;MWh;NO;NO;187;;187;187;1;UP
2025-10-15T13:00;2025-10-15T13:15;53;EUR;MWh;NO;NO;159;;159;159;1;UP
2025-10-15T13:15;2025-10-15T13:30;54;EUR;MWh;NO;NO;159;;159;159;1;UP
2025-10-15T13:30;2025-10-15T13:45;55;EUR;MWh;NO;NO;159;96;159;159;1;UP
2025-10-15T13:45;2025-10-15T14:00;56;EUR;MWh;NO;NO;158.9;96;158.9;74;2;UP_AND_DOWN
2025-10-15T14:00;2025-10-15T14:15;57;EUR;MWh;NO;NO;150;90;150;74;2;UP_AND_DOWN
2025-10-15T14:15;2025-10-15T14:30;58;EUR;MWh;NO;NO;140;;140;140;1;UP
2025-10-15T14:30;2025-10-15T14:45;59;EUR;MWh;NO;NO;187;;187;187;1;UP
2025-10-15T14:45;2025-10-15T15:00;60;EUR;MWh;NO;NO;164;92.66;92.66;92.66;-1;DOWN
2025-10-15T15:00;2025-10-15T15:15;61;EUR;MWh;NO;NO;163.9;90;163.9;73;2;UP_AND_DOWN
2025-10-15T15:15;2025-10-15T15:30;62;EUR;MWh;NO;NO;150;;150;150;1;UP
2025-10-15T15:30;2025-10-15T15:45;63;EUR;MWh;NO;NO;164;;164;164;1;UP
2025-10-15T15:45;2025-10-15T16:00;64;EUR;MWh;NO;NO;137.8;100;100;100;-1;DOWN
2025-10-15T16:00;2025-10-15T16:15;65;EUR;MWh;NO;NO;150;;150;150;1;UP
2025-10-15T16:15;2025-10-15T16:30;66;EUR;MWh;NO;NO;140;100;140;140;1;UP
2025-10-15T16:30;2025-10-15T16:45;67;EUR;MWh;NO;NO;140;90;140;73.5;2;UP_AND_DOWN
2025-10-15T16:45;2025-10-15T17:00;68;EUR;MWh;NO;NO;43;77.39;73.5;73.5;2;UP_AND_DOWN
2025-10-15T17:00;2025-10-15T17:15;69;EUR;MWh;NO;NO;150;100;150;150;1;UP
2025-10-15T17:15;2025-10-15T17:30;70;EUR;MWh;NO;NO;150;100;150;73.5;2;UP_AND_DOWN
2025-10-15T17:30;2025-10-15T17:45;71;EUR;MWh;NO;NO;135.8;73.22;135.8;70.5;2;UP_AND_DOWN
2025-10-15T17:45;2025-10-15T18:00;72;EUR;MWh;NO;NO;;62.19;62.19;62.19;-1;DOWN
2025-10-15T18:00;2025-10-15T18:15;73;EUR;MWh;NO;NO;86.9;81.25;86.9;69.5;2;UP_AND_DOWN
2025-10-15T18:15;2025-10-15T18:30;74;EUR;MWh;NO;NO;86.9;81.25;86.9;69;2;UP_AND_DOWN
2025-10-15T18:30;2025-10-15T18:45;75;EUR;MWh;NO;NO;140;;140;140;1;UP
2025-10-15T18:45;2025-10-15T19:00;76;EUR;MWh;NO;NO;96;;96;96;1;UP
2025-10-15T19:00;2025-10-15T19:15;77;EUR;MWh;NO;NO;141;;141;141;1;UP
2025-10-15T19:15;2025-10-15T19:30;78;EUR;MWh;NO;NO;141;;141;141;1;UP
2025-10-15T19:30;2025-10-15T19:45;79;EUR;MWh;NO;NO;144;;144;144;1;UP
2025-10-15T19:45;2025-10-15T20:00;80;EUR;MWh;NO;NO;150;;150;150;1;UP
2025-10-15T20:00;2025-10-15T20:15;81;EUR;MWh;NO;NO;164;;164;164;1;UP
2025-10-15T20:15;2025-10-15T20:30;82;EUR;MWh;NO;NO;164;;164;164;1;UP
2025-10-15T20:30;2025-10-15T20:45;83;EUR;MWh;NO;NO;164;;164;164;1;UP
2025-10-15T20:45;2025-10-15T21:00;84;EUR;MWh;NO;NO;164;95;164;74;2;UP_AND_DOWN
2025-10-15T21:00;2025-10-15T21:15;85;EUR;MWh;NO;NO;140;88;140;78;2;UP_AND_DOWN
2025-10-15T21:15;2025-10-15T21:30;86;EUR;MWh;NO;NO;164;93;164;79;2;UP_AND_DOWN
2025-10-15T21:30;2025-10-15T21:45;87;EUR;MWh;NO;NO;150;93;150;79;2;UP_AND_DOWN
2025-10-15T21:45;2025-10-15T22:00;88;EUR;MWh;NO;NO;150;93;150;79;2;UP_AND_DOWN
2025-10-15T22:00;2025-10-15T22:15;89;EUR;MWh;NO;NO;164;97;164;78;2;UP_AND_DOWN
2025-10-15T22:15;2025-10-15T22:30;90;EUR;MWh;NO;NO;141;;141;141;1;UP
2025-10-15T22:30;2025-10-15T22:45;91;EUR;MWh;NO;NO;164;93;164;77;2;UP_AND_DOWN
2025-10-15T22:45;2025-10-15T23:00;92;EUR;MWh;NO;NO;141;88;141;76.5;2;UP_AND_DOWN
2025-10-15T23:00;2025-10-15T23:15;93;EUR;MWh;NO;NO;141;88;141;141;1;UP
2025-10-15T23:15;2025-10-15T23:30;94;EUR;MWh;NO;NO;141;93;141;76.5;2;UP_AND_DOWN
2025-10-15T23:30;2025-10-15T23:45;95;EUR;MWh;NO;NO;141;94;141;76.5;2;UP_AND_DOWN
2025-10-15T23:45;2025-10-16T00:00;96;EUR;MWh;NO;NO;141;93;141;67.5;2;UP_AND_DOWN
2025-10-16T00:00;2025-10-16T00:15;1;EUR;MWh;NO;NO;137.9;99;137.9;69.5;2;UP_AND_DOWN
2025-10-16T00:15;2025-10-16T00:30;2;EUR;MWh;NO;NO;156.82;83;156.82;69.5;2;UP_AND_DOWN
2025-10-16T00:30;2025-10-16T00:45;3;EUR;MWh;NO;NO;137.9;83;137.9;69.5;2;UP_AND_DOWN
2025-10-16T00:45;2025-10-16T01:00;4;EUR;MWh;NO;NO;137.9;81.79;81.79;81.79;-1;DOWN
2025-10-16T01:00;2025-10-16T01:15;5;EUR;MWh;NO;NO;;92;92;92;-1;DOWN
2025-10-16T01:15;2025-10-16T01:30;6;EUR;MWh;NO;NO;;92;92;92;-1;DOWN
2025-10-16T01:30;2025-10-16T01:45;7;EUR;MWh;NO;NO;86.82;83;83;83;-1;DOWN
2025-10-16T01:45;2025-10-16T02:00;8;EUR;MWh;NO;NO;150;92;150;73.5;2;UP_AND_DOWN
2025-10-16T02:00;2025-10-16T02:15;9;EUR;MWh;NO;NO;164;;164;164;1;UP
2025-10-16T02:15;2025-10-16T02:30;10;EUR;MWh;NO;NO;150;;150;150;1;UP
2025-10-16T02:30;2025-10-16T02:45;11;EUR;MWh;NO;NO;140;99;140;140;1;UP
2025-10-16T02:45;2025-10-16T03:00;12;EUR;MWh;NO;NO;137.9;99;137.9;69.5;2;UP_AND_DOWN
2025-10-16T03:00;2025-10-16T03:15;13;EUR;MWh;NO;NO;137.9;99;137.9;137.9;1;UP
2025-10-16T03:15;2025-10-16T03:30;14;EUR;MWh;NO;NO;137.9;72.37;72.37;72.37;-1;DOWN
2025-10-16T03:30;2025-10-16T03:45;15;EUR;MWh;NO;NO;;67.59;67.59;67.59;-1;DOWN
2025-10-16T03:45;2025-10-16T04:00;16;EUR;MWh;NO;NO;;77.17;77.17;77.17;-1;DOWN
2025-10-16T04:00;2025-10-16T04:15;17;EUR;MWh;NO;NO;106.82;85;106.82;69.5;2;UP_AND_DOWN
2025-10-16T04:15;2025-10-16T04:30;18;EUR;MWh;NO;NO;86.82;81.79;86.82;69.5;2;UP_AND_DOWN
2025-10-16T04:30;2025-10-16T04:45;19;EUR;MWh;NO;NO;108;99;108;69.5;2;UP_AND_DOWN
2025-10-16T04:45;2025-10-16T05:00;20;EUR;MWh;NO;NO;137.9;;137.9;137.9;1;UP
2025-10-16T05:00;2025-10-16T05:15;21;EUR;MWh;NO;NO;137.9;;137.9;137.9;1;UP
2025-10-16T05:15;2025-10-16T05:30;22;EUR;MWh;NO;NO;164;;164;164;1;UP
2025-10-16T05:30;2025-10-16T05:45;23;EUR;MWh;NO;NO;165.82;;165.82;165.82;1;UP
2025-10-16T05:45;2025-10-16T06:00;24;EUR;MWh;NO;NO;123.64;50;50;50;-1;DOWN
2025-10-16T06:00;2025-10-16T06:15;25;EUR;MWh;NO;NO;104.49;52.05;104.49;52.05;2;UP_AND_DOWN
2025-10-16T06:15;2025-10-16T06:30;26;EUR;MWh;NO;NO;43;56.28;56.28;56.28;-1;DOWN
2025-10-16T06:30;2025-10-16T06:45;27;EUR;MWh;NO;NO;43;77.24;78.5;77.24;2;UP_AND_DOWN
2025-10-16T06:45;2025-10-16T07:00;28;EUR;MWh;NO;NO;43;65.36;65.36;65.36;-1;DOWN
2025-10-16T07:00;2025-10-16T07:15;29;EUR;MWh;NO;NO;94.49;49.74;94.49;49.74;2;UP_AND_DOWN
2025-10-16T07:15;2025-10-16T07:30;30;EUR;MWh;NO;NO;100;62.84;100;62.84;2;UP_AND_DOWN
2025-10-16T07:30;2025-10-16T07:45;31;EUR;MWh;NO;NO;139.49;99;139.49;69.5;2;UP_AND_DOWN
2025-10-16T07:45;2025-10-16T08:00;32;EUR;MWh;NO;NO;140;99;140;140;1;UP
2025-10-16T08:00;2025-10-16T08:15;33;EUR;MWh;NO;NO;140;;140;140;1;UP
2025-10-16T08:15;2025-10-16T08:30;34;EUR;MWh;NO;NO;130;;130;130;1;UP
2025-10-16T08:30;2025-10-16T08:45;35;EUR;MWh;NO;NO;116;;116;116;1;UP
2025-10-16T08:45;2025-10-16T09:00;36;EUR;MWh;NO;NO;140;;140;140;1;UP
2025-10-16T09:00;2025-10-16T09:15;37;EUR;MWh;NO;NO;150;;150;150;1;UP
2025-10-16T09:15;2025-10-16T09:30;38;EUR;MWh;NO;NO;137.9;;137.9;137.9;1;UP
2025-10-16T09:30;2025-10-16T09:45;39;EUR;MWh;NO;NO;150;;150;150;1;UP
2025-10-16T09:45;2025-10-16T10:00;40;EUR;MWh;NO;NO;91.49;59.39;91.49;59.39;2;UP_AND_DOWN
2025-10-16T10:00;2025-10-16T10:15;41;EUR;MWh;NO;NO;;56.34;56.34;56.34;-1;DOWN
2025-10-16T10:15;2025-10-16T10:30;42;EUR;MWh;NO;NO;;40.98;40.98;40.98;-1;DOWN
2025-10-16T10:30;2025-10-16T10:45;43;EUR;MWh;NO;NO;;-33.43;-33.43;-33.43;-1;DOWN
2025-10-16T10:45;2025-10-16T11:00;44;EUR;MWh;NO;NO;;57.78;57.78;57.78;-1;DOWN
2025-10-16T11:00;2025-10-16T11:15;45;EUR;MWh;NO;NO;43;76.39;76.39;76.39;-1;DOWN
2025-10-16T11:15;2025-10-16T11:30;46;EUR;MWh;NO;NO;43;70.17;61.5;61.5;2;UP_AND_DOWN
2025-10-16T11:30;2025-10-16T11:45;47;EUR;MWh;NO;NO;;54.36;54.36;54.36;-1;DOWN
2025-10-16T11:45;2025-10-16T12:00;48;EUR;MWh;NO;NO;;49.79;49.79;49.79;-1;DOWN
2025-10-16T12:00;2025-10-16T12:15;49;EUR;MWh;NO;NO;89.34;72.97;89.34;61.5;2;UP_AND_DOWN
2025-10-16T12:15;2025-10-16T12:30;50;EUR;MWh;NO;NO;;62.84;62.84;62.84;-1;DOWN
2025-10-16T12:30;2025-10-16T12:45;51;EUR;MWh;NO;NO;79;74.17;79;61.5;2;UP_AND_DOWN
2025-10-16T12:45;2025-10-16T13:00;52;EUR;MWh;NO;NO;101.14;;101.14;101.14;1;UP
2025-10-16T13:00;2025-10-16T13:15;53;EUR;MWh;NO;NO;81;78.08;81;61.5;2;UP_AND_DOWN
2025-10-16T13:15;2025-10-16T13:30;54;EUR;MWh;NO;NO;77.64;81.79;77.64;77.64;1;UP
2025-10-16T13:30;2025-10-16T13:45;55;EUR;MWh;NO;NO;87;81.79;87;69.51;2;UP_AND_DOWN
2025-10-16T13:45;2025-10-16T14:00;56;EUR;MWh;NO;NO;96.79;;96.79;96.79;1;UP
2025-10-16T14:00;2025-10-16T14:15;57;EUR;MWh;NO;NO;96;67.46;96;61.5;2;UP_AND_DOWN
2025-10-16T14:15;2025-10-16T14:30;58;EUR;MWh;NO;NO;;64.4;64.4;64.4;-1;DOWN
2025-10-16T14:30;2025-10-16T14:45;59;EUR;MWh;NO;NO;;68.73;68.73;68.73;-1;DOWN
2025-10-16T14:45;2025-10-16T15:00;60;EUR;MWh;NO;NO;90.11;68.73;90.11;90.11;1;UP
2025-10-16T15:00;2025-10-16T15:15;61;EUR;MWh;NO;NO;95;62.84;95;62.84;2;UP_AND_DOWN
2025-10-16T15:15;2025-10-16T15:30;62;EUR;MWh;NO;NO;95;62.84;95;95;1;UP
2025-10-16T15:30;2025-10-16T15:45;63;EUR;MWh;NO;NO;137.9;;137.9;137.9;1;UP
2025-10-16T15:45;2025-10-16T16:00;64;EUR;MWh;NO;NO;96.79;78.08;96.79;96.79;1;UP
2025-10-16T16:00;2025-10-16T16:15;65;EUR;MWh;NO;NO;96.79;57.74;57.74;57.74;-1;DOWN
2025-10-16T16:15;2025-10-16T16:30;66;EUR;MWh;NO;NO;80.89;83;80.89;80.89;1;UP
2025-10-16T16:30;2025-10-16T16:45;67;EUR;MWh;NO;NO;80.79;75.27;80.79;71.95;2;UP_AND_DOWN
2025-10-16T16:45;2025-10-16T17:00;68;EUR;MWh;NO;NO;83.79;74;83.79;61.5;2;UP_AND_DOWN
2025-10-16T17:00;2025-10-16T17:15;69;EUR;MWh;NO;NO;95.9;74;95.9;95.9;1;UP
2025-10-16T17:15;2025-10-16T17:30;70;EUR;MWh;NO;NO;150;;150;150;1;UP
2025-10-16T17:30;2025-10-16T17:45;71;EUR;MWh;NO;NO;98;83;98;98;1;UP
2025-10-16T17:45;2025-10-16T18:00;72;EUR;MWh;NO;NO;99.49;83;99.49;99.49;1;UP
2025-10-16T18:00;2025-10-16T18:15;73;EUR;MWh;NO;NO;150;;150;150;1;UP
2025-10-16T18:15;2025-10-16T18:30;74;EUR;MWh;NO;NO;180.2;;180.2;180.2;1;UP
2025-10-16T18:30;2025-10-16T18:45;75;EUR;MWh;NO;NO;150;;150;150;1;UP
2025-10-16T18:45;2025-10-16T19:00;76;EUR;MWh;NO;NO;150;;150;150;1;UP
2025-10-16T19:00;2025-10-16T19:15;77;EUR;MWh;NO;NO;191;;191;191;1;UP
2025-10-16T19:15;2025-10-16T19:30;78;EUR;MWh;NO;NO;180.2;;180.2;180.2;1;UP
2025-10-16T19:30;2025-10-16T19:45;79;EUR;MWh;NO;NO;124.65;;124.65;124.65;1;UP
2025-10-16T19:45;2025-10-16T20:00;80;EUR;MWh;NO;NO;150;105;150;72.5;2;UP_AND_DOWN
2025-10-16T20:00;2025-10-16T20:15;81;EUR;MWh;NO;NO;124.75;;124.75;124.75;1;UP
2025-10-16T20:15;2025-10-16T20:30;82;EUR;MWh;NO;NO;150;105;150;72.5;2;UP_AND_DOWN
2025-10-16T20:30;2025-10-16T20:45;83;EUR;MWh;NO;NO;114.75;105;114.75;72.5;2;UP_AND_DOWN
2025-10-16T20:45;2025-10-16T21:00;84;EUR;MWh;NO;NO;100;;100;100;1;UP
2025-10-16T21:00;2025-10-16T21:15;85;EUR;MWh;NO;NO;87.03;74.77;87.03;72.5;2;UP_AND_DOWN
2025-10-16T21:15;2025-10-16T21:30;86;EUR;MWh;NO;NO;90.21;77.72;90.21;72.5;2;UP_AND_DOWN
2025-10-16T21:30;2025-10-16T21:45;87;EUR;MWh;NO;NO;100;73.52;100;73.52;2;UP_AND_DOWN
2025-10-16T21:45;2025-10-16T22:00;88;EUR;MWh;NO;NO;91.75;72.89;91.75;72.89;2;UP_AND_DOWN
2025-10-16T22:00;2025-10-16T22:15;89;EUR;MWh;NO;NO;114.75;75.64;114.75;75.64;2;UP_AND_DOWN
2025-10-16T22:15;2025-10-16T22:30;90;EUR;MWh;NO;NO;122;;122;122;1;UP
2025-10-16T22:30;2025-10-16T22:45;91;EUR;MWh;NO;NO;137.9;81.79;137.9;72.5;2;UP_AND_DOWN
2025-10-16T22:45;2025-10-16T23:00;92;EUR;MWh;NO;NO;137.9;89;137.9;69.5;2;UP_AND_DOWN
2025-10-16T23:00;2025-10-16T23:15;93;EUR;MWh;NO;NO;111;95;111;111;1;UP
2025-10-16T23:15;2025-10-16T23:30;94;EUR;MWh;NO;NO;111;;111;111;1;UP
2025-10-16T23:30;2025-10-16T23:45;95;EUR;MWh;NO;NO;144;;144;144;1;UP
2025-10-16T23:45;2025-10-17T00:00;96;EUR;MWh;NO;NO;100;62.84;100;62.84;2;UP_AND_DOWN
2025-10-17T00:00;2025-10-17T00:15;1;EUR;MWh;NO;NO;92.1;68.43;92.1;59.38;2;UP_AND_DOWN
2025-10-17T00:15;2025-10-17T00:30;2;EUR;MWh;NO;NO;43;;43;43;1;UP
2025-10-17T00:30;2025-10-17T00:45;3;EUR;MWh;NO;NO;92.1;65.56;92.1;59.38;2;UP_AND_DOWN
2025-10-17T00:45;2025-10-17T01:00;4;EUR;MWh;NO;NO;82.1;65.86;82.1;59.38;2;UP_AND_DOWN
2025-10-17T01:00;2025-10-17T01:15;5;EUR;MWh;NO;NO;92.1;94;92.1;68;2;UP_AND_DOWN
2025-10-17T01:15;2025-10-17T01:30;6;EUR;MWh;NO;NO;100;94;100;68;2;UP_AND_DOWN
2025-10-17T01:30;2025-10-17T01:45;7;EUR;MWh;NO;NO;100;94;94;94;-1;DOWN
2025-10-17T01:45;2025-10-17T02:00;8;EUR;MWh;NO;NO;82.1;94;82.1;68;2;UP_AND_DOWN
2025-10-17T02:00;2025-10-17T02:15;9;EUR;MWh;NO;NO;82.1;94;82.1;68;2;UP_AND_DOWN
2025-10-17T02:15;2025-10-17T02:30;10;EUR;MWh;NO;NO;96;94;96;96;1;UP
2025-10-17T02:30;2025-10-17T02:45;11;EUR;MWh;NO;NO;96;;96;96;1;UP
2025-10-17T02:45;2025-10-17T03:00;12;EUR;MWh;NO;NO;114;;114;114;1;UP
2025-10-17T03:00;2025-10-17T03:15;13;EUR;MWh;NO;NO;114;;114;114;1;UP
2025-10-17T03:15;2025-10-17T03:30;14;EUR;MWh;NO;NO;97;;97;97;1;UP
2025-10-17T03:30;2025-10-17T03:45;15;EUR;MWh;NO;NO;96;;96;96;1;UP
2025-10-17T03:45;2025-10-17T04:00;16;EUR;MWh;NO;NO;97;;97;97;1;UP
2025-10-17T04:00;2025-10-17T04:15;17;EUR;MWh;NO;NO;97;;97;97;1;UP
2025-10-17T04:15;2025-10-17T04:30;18;EUR;MWh;NO;NO;99.23;;99.23;99.23;1;UP
2025-10-17T04:30;2025-10-17T04:45;19;EUR;MWh;NO;NO;96;;96;96;1;UP
2025-10-17T04:45;2025-10-17T05:00;20;EUR;MWh;NO;NO;97;;97;97;1;UP
2025-10-17T05:00;2025-10-17T05:15;21;EUR;MWh;NO;NO;138.4;;138.4;138.4;1;UP
2025-10-17T05:15;2025-10-17T05:30;22;EUR;MWh;NO;NO;115;;115;115;1;UP
2025-10-17T05:30;2025-10-17T05:45;23;EUR;MWh;NO;NO;139;;139;139;1;UP
2025-10-17T05:45;2025-10-17T06:00;24;EUR;MWh;NO;NO;138.4;;138.4;138.4;1;UP
2025-10-17T06:00;2025-10-17T06:15;25;EUR;MWh;NO;NO;140;80.78;140;66.5;2;UP_AND_DOWN
2025-10-17T06:15;2025-10-17T06:30;26;EUR;MWh;NO;NO;138.4;;138.4;138.4;1;UP
2025-10-17T06:30;2025-10-17T06:45;27;EUR;MWh;NO;NO;142;;142;142;1;UP
2025-10-17T06:45;2025-10-17T07:00;28;EUR;MWh;NO;NO;150;89;150;66.5;2;UP_AND_DOWN
2025-10-17T07:00;2025-10-17T07:15;29;EUR;MWh;NO;NO;139;78.4;139;69.5;2;UP_AND_DOWN
2025-10-17T07:15;2025-10-17T07:30;30;EUR;MWh;NO;NO;139;;139;139;1;UP
2025-10-17T07:30;2025-10-17T07:45;31;EUR;MWh;NO;NO;119.29;;119.29;119.29;1;UP
2025-10-17T07:45;2025-10-17T08:00;32;EUR;MWh;NO;NO;142;;142;142;1;UP
2025-10-17T08:00;2025-10-17T08:15;33;EUR;MWh;NO;NO;150;;150;150;1;UP
2025-10-17T08:15;2025-10-17T08:30;34;EUR;MWh;NO;NO;150;;150;150;1;UP
2025-10-17T08:30;2025-10-17T08:45;35;EUR;MWh;NO;NO;150;;150;150;1;UP
2025-10-17T08:45;2025-10-17T09:00;36;EUR;MWh;NO;NO;179.5;;179.5;179.5;1;UP
2025-10-17T09:00;2025-10-17T09:15;37;EUR;MWh;NO;NO;271;;271;271;1;UP
2025-10-17T09:15;2025-10-17T09:30;38;EUR;MWh;NO;NO;179.5;;179.5;179.5;1;UP
2025-10-17T09:30;2025-10-17T09:45;39;EUR;MWh;NO;NO;150;89;150;76.5;2;UP_AND_DOWN
2025-10-17T09:45;2025-10-17T10:00;40;EUR;MWh;NO;NO;118.9;108;118.9;79;2;UP_AND_DOWN
2025-10-17T10:00;2025-10-17T10:15;41;EUR;MWh;NO;NO;138.4;84;138.4;79.5;2;UP_AND_DOWN
2025-10-17T10:15;2025-10-17T10:30;42;EUR;MWh;NO;NO;100;84;100;79;2;UP_AND_DOWN
2025-10-17T10:30;2025-10-17T10:45;43;EUR;MWh;NO;NO;140;;140;140;1;UP
2025-10-17T10:45;2025-10-17T11:00;44;EUR;MWh;NO;NO;111.37;;111.37;111.37;1;UP
2025-10-17T11:00;2025-10-17T11:15;45;EUR;MWh;NO;NO;140;107;140;77.5;2;UP_AND_DOWN
2025-10-17T11:15;2025-10-17T11:30;46;EUR;MWh;NO;NO;138.4;84;138.4;77.5;2;UP_AND_DOWN
2025-10-17T11:30;2025-10-17T11:45;47;EUR;MWh;NO;NO;92.1;77.52;92.1;77.5;2;UP_AND_DOWN
2025-10-17T11:45;2025-10-17T12:00;48;EUR;MWh;NO;NO;138.4;75.71;138.4;75.71;2;UP_AND_DOWN
2025-10-17T12:00;2025-10-17T12:15;49;EUR;MWh;NO;NO;82.1;78.78;82.1;77.5;2;UP_AND_DOWN
2025-10-17T12:15;2025-10-17T12:30;50;EUR;MWh;NO;NO;;72.92;72.92;72.92;-1;DOWN
2025-10-17T12:30;2025-10-17T12:45;51;EUR;MWh;NO;NO;82.1;76.75;76.75;76.75;-1;DOWN
2025-10-17T12:45;2025-10-17T13:00;52;EUR;MWh;NO;NO;;102;102;102;-1;DOWN
2025-10-17T13:00;2025-10-17T13:15;53;EUR;MWh;NO;NO;109.87;74.85;109.87;71;2;UP_AND_DOWN
2025-10-17T13:15;2025-10-17T13:30;54;EUR;MWh;NO;NO;98;75.27;98;70.5;2;UP_AND_DOWN
2025-10-17T13:30;2025-10-17T13:45;55;EUR;MWh;NO;NO;98;78.66;98;70;2;UP_AND_DOWN
2025-10-17T13:45;2025-10-17T14:00;56;EUR;MWh;NO;NO;112.55;73.19;112.55;69;2;UP_AND_DOWN
2025-10-17T14:00;2025-10-17T14:15;57;EUR;MWh;NO;NO;138.4;65.76;138.4;65.76;2;UP_AND_DOWN
2025-10-17T14:15;2025-10-17T14:30;58;EUR;MWh;NO;NO;140;;140;140;1;UP
2025-10-17T14:30;2025-10-17T14:45;59;EUR;MWh;NO;NO;140;;140;140;1;UP
2025-10-17T14:45;2025-10-17T15:00;60;EUR;MWh;NO;NO;138.4;;138.4;138.4;1;UP
2025-10-17T15:00;2025-10-17T15:15;61;EUR;MWh;NO;NO;104.23;66.75;104.23;66.75;2;UP_AND_DOWN
2025-10-17T15:15;2025-10-17T15:30;62;EUR;MWh;NO;NO;100;84;100;74.5;2;UP_AND_DOWN
2025-10-17T15:30;2025-10-17T15:45;63;EUR;MWh;NO;NO;130;89;130;78;2;UP_AND_DOWN
2025-10-17T15:45;2025-10-17T16:00;64;EUR;MWh;NO;NO;100;78.68;100;77;2;UP_AND_DOWN
2025-10-17T16:00;2025-10-17T16:15;65;EUR;MWh;NO;NO;67.46;69.98;76.5;69.98;2;UP_AND_DOWN
2025-10-17T16:15;2025-10-17T16:30;66;EUR;MWh;NO;NO;44;78.78;75.5;75.5;2;UP_AND_DOWN
2025-10-17T16:30;2025-10-17T16:45;67;EUR;MWh;NO;NO;;75.3;75.3;75.3;-1;DOWN
2025-10-17T16:45;2025-10-17T17:00;68;EUR;MWh;NO;NO;81.75;67;81.75;67;2;UP_AND_DOWN
2025-10-17T17:00;2025-10-17T17:15;69;EUR;MWh;NO;NO;82;99;82;82;1;UP
2025-10-17T17:15;2025-10-17T17:30;70;EUR;MWh;NO;NO;81.9;71.85;81.9;63;2;UP_AND_DOWN
2025-10-17T17:30;2025-10-17T17:45;71;EUR;MWh;NO;NO;;58.4;58.4;58.4;-1;DOWN
2025-10-17T17:45;2025-10-17T18:00;72;EUR;MWh;NO;NO;;72.62;72.62;72.62;-1;DOWN
2025-10-17T18:00;2025-10-17T18:15;73;EUR;MWh;NO;NO;;74.75;74.75;74.75;-1;DOWN
2025-10-17T18:15;2025-10-17T18:30;74;EUR;MWh;NO;NO;81.9;;62;62;0;STABLE
2025-10-17T18:30;2025-10-17T18:45;75;EUR;MWh;NO;NO;;;62;62;0;STABLE
2025-10-17T18:45;2025-10-17T19:00;76;EUR;MWh;NO;NO;;78.39;78.39;78.39;-1;DOWN
2025-10-17T19:00;2025-10-17T19:15;77;EUR;MWh;NO;NO;81.9;78.47;81.9;62;2;UP_AND_DOWN
2025-10-17T19:15;2025-10-17T19:30;78;EUR;MWh;NO;NO;44;83.52;83.52;83.52;-1;DOWN
2025-10-17T19:30;2025-10-17T19:45;79;EUR;MWh;NO;NO;82.1;;82.1;82.1;1;UP
2025-10-17T19:45;2025-10-17T20:00;80;EUR;MWh;NO;NO;82;;82;82;1;UP
2025-10-17T20:00;2025-10-17T20:15;81;EUR;MWh;NO;NO;44;78.78;78.78;78.78;-1;DOWN
2025-10-17T20:15;2025-10-17T20:30;82;EUR;MWh;NO;NO;82.1;76.45;76.45;76.45;-1;DOWN
2025-10-17T20:30;2025-10-17T20:45;83;EUR;MWh;NO;NO;82;65.56;82;62;2;UP_AND_DOWN
2025-10-17T20:45;2025-10-17T21:00;84;EUR;MWh;NO;NO;;60;60;60;-1;DOWN
2025-10-17T21:00;2025-10-17T21:15;85;EUR;MWh;NO;NO;;70.33;70.33;70.33;-1;DOWN
2025-10-17T21:15;2025-10-17T21:30;86;EUR;MWh;NO;NO;;67.02;67.02;67.02;-1;DOWN
2025-10-17T21:30;2025-10-17T21:45;87;EUR;MWh;NO;NO;87.49;69.02;87.49;62;2;UP_AND_DOWN
2025-10-17T21:45;2025-10-17T22:00;88;EUR;MWh;NO;NO;81.9;78.12;81.9;62;2;UP_AND_DOWN
2025-10-17T22:00;2025-10-17T22:15;89;EUR;MWh;NO;NO;93.59;68.62;93.59;61.76;2;UP_AND_DOWN
2025-10-17T22:15;2025-10-17T22:30;90;EUR;MWh;NO;NO;;65.56;65.56;65.56;-1;DOWN
2025-10-17T22:30;2025-10-17T22:45;91;EUR;MWh;NO;NO;92.1;76.85;92.1;61.76;2;UP_AND_DOWN
2025-10-17T22:45;2025-10-17T23:00;92;EUR;MWh;NO;NO;140;68.11;140;61.76;2;UP_AND_DOWN
2025-10-17T23:00;2025-10-17T23:15;93;EUR;MWh;NO;NO;44;65.56;65.56;65.56;-1;DOWN
2025-10-17T23:15;2025-10-17T23:30;94;EUR;MWh;NO;NO;44;74.09;74.09;74.09;-1;DOWN
2025-10-17T23:30;2025-10-17T23:45;95;EUR;MWh;NO;NO;114;83.52;114;114;1;UP
2025-10-17T23:45;2025-10-18T00:00;96;EUR;MWh;NO;NO;96;;96;96;1;UP
2025-10-18T00:00;2025-10-18T00:15;1;EUR;MWh;NO;NO;81.06;69.18;81.06;62;2;UP_AND_DOWN
2025-10-18T00:15;2025-10-18T00:30;2;EUR;MWh;NO;NO;85.41;84;84;84;-1;DOWN
2025-10-18T00:30;2025-10-18T00:45;3;EUR;MWh;NO;NO;137.8;;137.8;137.8;1;UP
2025-10-18T00:45;2025-10-18T01:00;4;EUR;MWh;NO;NO;137.8;84;84;84;-1;DOWN
2025-10-18T01:00;2025-10-18T01:15;5;EUR;MWh;NO;NO;136;;136;136;1;UP
2025-10-18T01:15;2025-10-18T01:30;6;EUR;MWh;NO;NO;110.25;84;110.25;110.25;1;UP
2025-10-18T01:30;2025-10-18T01:45;7;EUR;MWh;NO;NO;82.2;84;82.2;82.2;1;UP
2025-10-18T01:45;2025-10-18T02:00;8;EUR;MWh;NO;NO;;84;84;84;-1;DOWN
2025-10-18T02:00;2025-10-18T02:15;9;EUR;MWh;NO;NO;92.2;84;92.2;92.2;1;UP
2025-10-18T02:15;2025-10-18T02:30;10;EUR;MWh;NO;NO;95.7;84;95.7;95.7;1;UP
2025-10-18T02:30;2025-10-18T02:45;11;EUR;MWh;NO;NO;44;;44;44;1;UP
2025-10-18T02:45;2025-10-18T03:00;12;EUR;MWh;NO;NO;85.38;67.42;85.38;62;2;UP_AND_DOWN
2025-10-18T03:00;2025-10-18T03:15;13;EUR;MWh;NO;NO;44;77.05;77.05;77.05;-1;DOWN
2025-10-18T03:15;2025-10-18T03:30;14;EUR;MWh;NO;NO;;79.55;79.55;79.55;-1;DOWN
2025-10-18T03:30;2025-10-18T03:45;15;EUR;MWh;NO;NO;;84;84;84;-1;DOWN
2025-10-18T03:45;2025-10-18T04:00;16;EUR;MWh;NO;NO;;72;72;72;-1;DOWN
2025-10-18T04:00;2025-10-18T04:15;17;EUR;MWh;NO;NO;;66.8;66.8;66.8;-1;DOWN
2025-10-18T04:15;2025-10-18T04:30;18;EUR;MWh;NO;NO;115;84;115;115;1;UP
2025-10-18T04:30;2025-10-18T04:45;19;EUR;MWh;NO;NO;100;;100;100;1;UP
2025-10-18T04:45;2025-10-18T05:00;20;EUR;MWh;NO;NO;82.2;;82.2;82.2;1;UP
2025-10-18T05:00;2025-10-18T05:15;21;EUR;MWh;NO;NO;44;;44;44;1;UP
2025-10-18T05:15;2025-10-18T05:30;22;EUR;MWh;NO;NO;;;62;62;0;STABLE
2025-10-18T05:30;2025-10-18T05:45;23;EUR;MWh;NO;NO;;84;62;62;0;STABLE
2025-10-18T05:45;2025-10-18T06:00;24;EUR;MWh;NO;NO;92.2;75;92.2;62;2;UP_AND_DOWN
2025-10-18T06:00;2025-10-18T06:15;25;EUR;MWh;NO;NO;95.18;63.36;95.18;62;2;UP_AND_DOWN
2025-10-18T06:15;2025-10-18T06:30;26;EUR;MWh;NO;NO;95.18;;95.18;95.18;1;UP
2025-10-18T06:30;2025-10-18T06:45;27;EUR;MWh;NO;NO;92.2;;92.2;92.2;1;UP
2025-10-18T06:45;2025-10-18T07:00;28;EUR;MWh;NO;NO;102.2;84;102.2;102.2;1;UP
2025-10-18T07:00;2025-10-18T07:15;29;EUR;MWh;NO;NO;113;82.28;113;62;2;UP_AND_DOWN
2025-10-18T07:15;2025-10-18T07:30;30;EUR;MWh;NO;NO;113;;113;113;1;UP
2025-10-18T07:30;2025-10-18T07:45;31;EUR;MWh;NO;NO;136;;136;136;1;UP
2025-10-18T07:45;2025-10-18T08:00;32;EUR;MWh;NO;NO;137.8;;137.8;137.8;1;UP
2025-10-18T08:00;2025-10-18T08:15;33;EUR;MWh;NO;NO;137.8;;137.8;137.8;1;UP
2025-10-18T08:15;2025-10-18T08:30;34;EUR;MWh;NO;NO;114;;114;114;1;UP
2025-10-18T08:30;2025-10-18T08:45;35;EUR;MWh;NO;NO;136;;136;136;1;UP
2025-10-18T08:45;2025-10-18T09:00;36;EUR;MWh;NO;NO;95.18;84;95.18;65.5;2;UP_AND_DOWN
2025-10-18T09:00;2025-10-18T09:15;37;EUR;MWh;NO;NO;44;73.05;73.05;73.05;-1;DOWN
2025-10-18T09:15;2025-10-18T09:30;38;EUR;MWh;NO;NO;100.32;68;100.32;68;2;UP_AND_DOWN
2025-10-18T09:30;2025-10-18T09:45;39;EUR;MWh;NO;NO;137;73.79;137;68;2;UP_AND_DOWN
2025-10-18T09:45;2025-10-18T10:00;40;EUR;MWh;NO;NO;88.18;76.12;88.18;65.5;2;UP_AND_DOWN
2025-10-18T10:00;2025-10-18T10:15;41;EUR;MWh;NO;NO;115.36;66.28;115.36;62;2;UP_AND_DOWN
2025-10-18T10:15;2025-10-18T10:30;42;EUR;MWh;NO;NO;86.38;67.54;86.38;62;2;UP_AND_DOWN
2025-10-18T10:30;2025-10-18T10:45;43;EUR;MWh;NO;NO;82.2;57.61;82.2;57.61;2;UP_AND_DOWN
2025-10-18T10:45;2025-10-18T11:00;44;EUR;MWh;NO;NO;;52;52;52;-1;DOWN
2025-10-18T11:00;2025-10-18T11:15;45;EUR;MWh;NO;NO;;50;50;50;-1;DOWN
2025-10-18T11:15;2025-10-18T11:30;46;EUR;MWh;NO;NO;92.2;43;92.2;43;2;UP_AND_DOWN
2025-10-18T11:30;2025-10-18T11:45;47;EUR;MWh;NO;NO;;15;15;15;-1;DOWN
2025-10-18T11:45;2025-10-18T12:00;48;EUR;MWh;NO;NO;;19.47;19.47;19.47;-1;DOWN
2025-10-18T12:00;2025-10-18T12:15;49;EUR;MWh;NO;NO;94;35;94;35;2;UP_AND_DOWN
2025-10-18T12:15;2025-10-18T12:30;50;EUR;MWh;NO;NO;;10;10;10;-1;DOWN
2025-10-18T12:30;2025-10-18T12:45;51;EUR;MWh;NO;NO;40;49.9;49.9;49.9;-1;DOWN
2025-10-18T12:45;2025-10-18T13:00;52;EUR;MWh;NO;NO;95.18;10;95.18;10;2;UP_AND_DOWN
2025-10-18T13:00;2025-10-18T13:15;53;EUR;MWh;NO;NO;92.2;53.18;92.2;53.18;2;UP_AND_DOWN
2025-10-18T13:15;2025-10-18T13:30;54;EUR;MWh;NO;NO;82.4;53.18;82.4;53.18;2;UP_AND_DOWN
2025-10-18T13:30;2025-10-18T13:45;55;EUR;MWh;NO;NO;;52.57;52.57;52.57;-1;DOWN
2025-10-18T13:45;2025-10-18T14:00;56;EUR;MWh;NO;NO;88.75;52.57;88.75;52.57;2;UP_AND_DOWN
2025-10-18T14:00;2025-10-18T14:15;57;EUR;MWh;NO;NO;;10;10;10;-1;DOWN
2025-10-18T14:15;2025-10-18T14:30;58;EUR;MWh;NO;NO;;;59.58;59.58;0;STABLE
2025-10-18T14:30;2025-10-18T14:45;59;EUR;MWh;NO;NO;;;59.58;59.58;0;STABLE
2025-10-18T14:45;2025-10-18T15:00;60;EUR;MWh;NO;NO;;63.36;59.58;59.58;0;STABLE
2025-10-18T15:00;2025-10-18T15:15;61;EUR;MWh;NO;NO;92.2;;92.2;92.2;1;UP
2025-10-18T15:15;2025-10-18T15:30;62;EUR;MWh;NO;NO;89.18;;89.18;89.18;1;UP
2025-10-18T15:30;2025-10-18T15:45;63;EUR;MWh;NO;NO;137.8;63.36;137.8;137.8;1;UP
2025-10-18T15:45;2025-10-18T16:00;64;EUR;MWh;NO;NO;137.8;;137.8;137.8;1;UP
2025-10-18T16:00;2025-10-18T16:15;65;EUR;MWh;NO;NO;95;;95;95;1;UP
2025-10-18T16:15;2025-10-18T16:30;66;EUR;MWh;NO;NO;40;59.18;59.18;59.18;-1;DOWN
2025-10-18T16:30;2025-10-18T16:45;67;EUR;MWh;NO;NO;137.8;;137.8;137.8;1;UP
2025-10-18T16:45;2025-10-18T17:00;68;EUR;MWh;NO;NO;122.53;;122.53;122.53;1;UP
2025-10-18T17:00;2025-10-18T17:15;69;EUR;MWh;NO;NO;82.43;71.01;82.43;62;2;UP_AND_DOWN
2025-10-18T17:15;2025-10-18T17:30;70;EUR;MWh;NO;NO;150;;150;150;1;UP
2025-10-18T17:30;2025-10-18T17:45;71;EUR;MWh;NO;NO;150;;150;150;1;UP
2025-10-18T17:45;2025-10-18T18:00;72;EUR;MWh;NO;NO;97;;97;97;1;UP
2025-10-18T18:00;2025-10-18T18:15;73;EUR;MWh;NO;NO;97;59;59;59;-1;DOWN
2025-10-18T18:15;2025-10-18T18:30;74;EUR;MWh;NO;NO;;71;71;71;-1;DOWN
2025-10-18T18:30;2025-10-18T18:45;75;EUR;MWh;NO;NO;44;84;62;62;0;STABLE
2025-10-18T18:45;2025-10-18T19:00;76;EUR;MWh;NO;NO;102.2;77.95;102.2;62;2;UP_AND_DOWN
2025-10-18T19:00;2025-10-18T19:15;77;EUR;MWh;NO;NO;118;84;118;118;1;UP
2025-10-18T19:15;2025-10-18T19:30;78;EUR;MWh;NO;NO;;67.48;67.48;67.48;-1;DOWN
2025-10-18T19:30;2025-10-18T19:45;79;EUR;MWh;NO;NO;;56;56;56;-1;DOWN
2025-10-18T19:45;2025-10-18T20:00;80;EUR;MWh;NO;NO;;56.88;56.88;56.88;-1;DOWN
2025-10-18T20:00;2025-10-18T20:15;81;EUR;MWh;NO;NO;;63.46;63.46;63.46;-1;DOWN
2025-10-18T20:15;2025-10-18T20:30;82;EUR;MWh;NO;NO;;63;63;63;-1;DOWN
2025-10-18T20:30;2025-10-18T20:45;83;EUR;MWh;NO;NO;100;76.95;100;62;2;UP_AND_DOWN
2025-10-18T20:45;2025-10-18T21:00;84;EUR;MWh;NO;NO;;65.78;65.78;65.78;-1;DOWN
2025-10-18T21:00;2025-10-18T21:15;85;EUR;MWh;NO;NO;95.18;63.36;95.18;62;2;UP_AND_DOWN
2025-10-18T21:15;2025-10-18T21:30;86;EUR;MWh;NO;NO;82.2;64.35;82.2;62;2;UP_AND_DOWN
2025-10-18T21:30;2025-10-18T21:45;87;EUR;MWh;NO;NO;;70.59;70.59;70.59;-1;DOWN
2025-10-18T21:45;2025-10-18T22:00;88;EUR;MWh;NO;NO;44;68.02;68.02;68.02;-1;DOWN
2025-10-18T22:00;2025-10-18T22:15;89;EUR;MWh;NO;NO;97;74.35;97;62;2;UP_AND_DOWN
2025-10-18T22:15;2025-10-18T22:30;90;EUR;MWh;NO;NO;101.69;63.36;101.69;62;2;UP_AND_DOWN
2025-10-18T22:30;2025-10-18T22:45;91;EUR;MWh;NO;NO;;63.36;63.36;63.36;-1;DOWN
2025-10-18T22:45;2025-10-18T23:00;92;EUR;MWh;NO;NO;82.2;63.36;82.2;62;2;UP_AND_DOWN
2025-10-18T23:00;2025-10-18T23:15;93;EUR;MWh;NO;NO;137.8;59.18;137.8;59.18;2;UP_AND_DOWN
2025-10-18T23:15;2025-10-18T23:30;94;EUR;MWh;NO;NO;89.18;63.36;89.18;62;2;UP_AND_DOWN
2025-10-18T23:30;2025-10-18T23:45;95;EUR;MWh;NO;NO;85.18;63.36;63.36;63.36;-1;DOWN
2025-10-18T23:45;2025-10-19T00:00;96;EUR;MWh;NO;NO;;75;75;75;-1;DOWN
2025-10-19T00:00;2025-10-19T00:15;1;EUR;MWh;NO;NO;92.2;73.06;92.2;61.5;2;UP_AND_DOWN
2025-10-19T00:15;2025-10-19T00:30;2;EUR;MWh;NO;NO;140;72.99;140;140;1;UP
2025-10-19T00:30;2025-10-19T00:45;3;EUR;MWh;NO;NO;135.6;;135.6;135.6;1;UP
2025-10-19T00:45;2025-10-19T01:00;4;EUR;MWh;NO;NO;95.27;61.3;95.27;61.3;2;UP_AND_DOWN
2025-10-19T01:00;2025-10-19T01:15;5;EUR;MWh;NO;NO;131.15;62.6;131.15;131.15;1;UP
2025-10-19T01:15;2025-10-19T01:30;6;EUR;MWh;NO;NO;109;;109;109;1;UP
2025-10-19T01:30;2025-10-19T01:45;7;EUR;MWh;NO;NO;82.2;63;82.2;61.5;2;UP_AND_DOWN
2025-10-19T01:45;2025-10-19T02:00;8;EUR;MWh;NO;NO;133;63;133;133;1;UP
2025-10-19T02:00;2025-10-19T02:15;9;EUR;MWh;NO;NO;93.66;63;93.66;61.5;2;UP_AND_DOWN
2025-10-19T02:15;2025-10-19T02:30;10;EUR;MWh;NO;NO;133;;133;133;1;UP
2025-10-19T02:30;2025-10-19T02:45;11;EUR;MWh;NO;NO;135.6;;135.6;135.6;1;UP
2025-10-19T02:45;2025-10-19T03:00;12;EUR;MWh;NO;NO;133;64;133;61.5;2;UP_AND_DOWN
2025-10-19T03:00;2025-10-19T03:15;13;EUR;MWh;NO;NO;;64;64;64;-1;DOWN
2025-10-19T03:15;2025-10-19T03:30;14;EUR;MWh;NO;NO;;65;65;65;-1;DOWN
2025-10-19T03:30;2025-10-19T03:45;15;EUR;MWh;NO;NO;;65;65;65;-1;DOWN
2025-10-19T03:45;2025-10-19T04:00;16;EUR;MWh;NO;NO;93.22;65;93.22;63.5;2;UP_AND_DOWN
2025-10-19T04:00;2025-10-19T04:15;17;EUR;MWh;NO;NO;93.22;65;61.5;61.5;0;STABLE
2025-10-19T04:15;2025-10-19T04:30;18;EUR;MWh;NO;NO;;61.3;61.3;61.3;-1;DOWN
2025-10-19T04:30;2025-10-19T04:45;19;EUR;MWh;NO;NO;;61.3;61.3;61.3;-1;DOWN
2025-10-19T04:45;2025-10-19T05:00;20;EUR;MWh;NO;NO;82.2;64;82.2;82.2;1;UP
2025-10-19T05:00;2025-10-19T05:15;21;EUR;MWh;NO;NO;99.1;64;99.1;99.1;1;UP
2025-10-19T05:15;2025-10-19T05:30;22;EUR;MWh;NO;NO;84.91;63;84.91;61.5;2;UP_AND_DOWN
2025-10-19T05:30;2025-10-19T05:45;23;EUR;MWh;NO;NO;84.91;-3.9;-3.9;-3.9;-1;DOWN
2025-10-19T05:45;2025-10-19T06:00;24;EUR;MWh;NO;NO;82.2;-4;82.2;-4;2;UP_AND_DOWN
2025-10-19T06:00;2025-10-19T06:15;25;EUR;MWh;NO;NO;;43;43;43;-1;DOWN
2025-10-19T06:15;2025-10-19T06:30;26;EUR;MWh;NO;NO;43;83;43;43;1;UP
2025-10-19T06:30;2025-10-19T06:45;27;EUR;MWh;NO;NO;99.51;;99.51;99.51;1;UP
2025-10-19T06:45;2025-10-19T07:00;28;EUR;MWh;NO;NO;102.2;83;102.2;102.2;1;UP
2025-10-19T07:00;2025-10-19T07:15;29;EUR;MWh;NO;NO;102.2;;102.2;102.2;1;UP
2025-10-19T07:15;2025-10-19T07:30;30;EUR;MWh;NO;NO;102.2;;102.2;102.2;1;UP
2025-10-19T07:30;2025-10-19T07:45;31;EUR;MWh;NO;NO;137.91;;137.91;137.91;1;UP
2025-10-19T07:45;2025-10-19T08:00;32;EUR;MWh;NO;NO;140.72;;140.72;140.72;1;UP
2025-10-19T08:00;2025-10-19T08:15;33;EUR;MWh;NO;NO;140;;140;140;1;UP
2025-10-19T08:15;2025-10-19T08:30;34;EUR;MWh;NO;NO;140;;140;140;1;UP
2025-10-19T08:30;2025-10-19T08:45;35;EUR;MWh;NO;NO;150;;150;150;1;UP
2025-10-19T08:45;2025-10-19T09:00;36;EUR;MWh;NO;NO;102.2;;102.2;102.2;1;UP
2025-10-19T09:00;2025-10-19T09:15;37;EUR;MWh;NO;NO;150;83;150;76.5;2;UP_AND_DOWN
2025-10-19T09:15;2025-10-19T09:30;38;EUR;MWh;NO;NO;92.2;92;92.2;79;2;UP_AND_DOWN
2025-10-19T09:30;2025-10-19T09:45;39;EUR;MWh;NO;NO;102.2;92;102.2;102.2;1;UP
2025-10-19T09:45;2025-10-19T10:00;40;EUR;MWh;NO;NO;165.4;118;165.4;165.4;1;UP
2025-10-19T10:00;2025-10-19T10:15;41;EUR;MWh;NO;NO;400;;400;400;1;UP
2025-10-19T10:15;2025-10-19T10:30;42;EUR;MWh;NO;NO;165.4;;165.4;165.4;1;UP
2025-10-19T10:30;2025-10-19T10:45;43;EUR;MWh;NO;NO;400;;400;400;1;UP
2025-10-19T10:45;2025-10-19T11:00;44;EUR;MWh;NO;NO;165.4;;165.4;165.4;1;UP
2025-10-19T11:00;2025-10-19T11:15;45;EUR;MWh;NO;NO;88.98;18.77;88.98;18.77;2;UP_AND_DOWN
2025-10-19T11:15;2025-10-19T11:30;46;EUR;MWh;NO;NO;100;98;100;73.5;2;UP_AND_DOWN
2025-10-19T11:30;2025-10-19T11:45;47;EUR;MWh;NO;NO;82.2;99;82.2;73.5;2;UP_AND_DOWN
2025-10-19T11:45;2025-10-19T12:00;48;EUR;MWh;NO;NO;82.2;-45.9;82.2;-45.9;2;UP_AND_DOWN
2025-10-19T12:00;2025-10-19T12:15;49;EUR;MWh;NO;NO;135.6;-49;135.6;-49;2;UP_AND_DOWN
2025-10-19T12:15;2025-10-19T12:30;50;EUR;MWh;NO;NO;135.6;-1;135.6;-1;2;UP_AND_DOWN
2025-10-19T12:30;2025-10-19T12:45;51;EUR;MWh;NO;NO;;-1;-1;-1;-1;DOWN
2025-10-19T12:45;2025-10-19T13:00;52;EUR;MWh;NO;NO;;-25.9;-25.9;-25.9;-1;DOWN
2025-10-19T13:00;2025-10-19T13:15;53;EUR;MWh;NO;NO;;-29.9;-29.9;-29.9;-1;DOWN
2025-10-19T13:15;2025-10-19T13:30;54;EUR;MWh;NO;NO;;-31;-31;-31;-1;DOWN
2025-10-19T13:30;2025-10-19T13:45;55;EUR;MWh;NO;NO;;-6;-6;-6;-1;DOWN
2025-10-19T13:45;2025-10-19T14:00;56;EUR;MWh;NO;NO;;-1;-1;-1;-1;DOWN
2025-10-19T14:00;2025-10-19T14:15;57;EUR;MWh;NO;NO;;-1;-1;-1;-1;DOWN
2025-10-19T14:15;2025-10-19T14:30;58;EUR;MWh;NO;NO;;-30;-30;-30;-1;DOWN
2025-10-19T14:30;2025-10-19T14:45;59;EUR;MWh;NO;NO;;-3.9;-3.9;-3.9;-1;DOWN
2025-10-19T14:45;2025-10-19T15:00;60;EUR;MWh;NO;NO;;-26.55;-26.55;-26.55;-1;DOWN
2025-10-19T15:00;2025-10-19T15:15;61;EUR;MWh;NO;NO;;-35;-35;-35;-1;DOWN
2025-10-19T15:15;2025-10-19T15:30;62;EUR;MWh;NO;NO;82.2;;82.2;0;2;UP_AND_DOWN
2025-10-19T15:30;2025-10-19T15:45;63;EUR;MWh;NO;NO;135.6;;135.6;0;2;UP_AND_DOWN
2025-10-19T15:45;2025-10-19T16:00;64;EUR;MWh;NO;NO;99.1;;99.1;0;2;UP_AND_DOWN
2025-10-19T16:00;2025-10-19T16:15;65;EUR;MWh;NO;NO;70;-49;70;-49;2;UP_AND_DOWN
2025-10-19T16:15;2025-10-19T16:30;66;EUR;MWh;NO;NO;98;-49;98;-49;2;UP_AND_DOWN
2025-10-19T16:30;2025-10-19T16:45;67;EUR;MWh;NO;NO;135.6;52.87;135.6;52.87;2;UP_AND_DOWN
2025-10-19T16:45;2025-10-19T17:00;68;EUR;MWh;NO;NO;135.6;-1;135.6;-1;2;UP_AND_DOWN
2025-10-19T17:00;2025-10-19T17:15;69;EUR;MWh;NO;NO;101;43;101;43;2;UP_AND_DOWN
2025-10-19T17:15;2025-10-19T17:30;70;EUR;MWh;NO;NO;102;10;102;10;2;UP_AND_DOWN
2025-10-19T17:30;2025-10-19T17:45;71;EUR;MWh;NO;NO;43;;61.5;0;2;UP_AND_DOWN
2025-10-19T17:45;2025-10-19T18:00;72;EUR;MWh;NO;NO;85;-2;85;-2;2;UP_AND_DOWN
2025-10-19T18:00;2025-10-19T18:15;73;EUR;MWh;NO;NO;80;50;80;50;2;UP_AND_DOWN
2025-10-19T18:15;2025-10-19T18:30;74;EUR;MWh;NO;NO;107;;107;107;1;UP
2025-10-19T18:30;2025-10-19T18:45;75;EUR;MWh;NO;NO;100;43;100;43;2;UP_AND_DOWN
2025-10-19T18:45;2025-10-19T19:00;76;EUR;MWh;NO;NO;97;-7;97;-7;2;UP_AND_DOWN
2025-10-19T19:00;2025-10-19T19:15;77;EUR;MWh;NO;NO;135.6;-6;135.6;-6;2;UP_AND_DOWN
2025-10-19T19:15;2025-10-19T19:30;78;EUR;MWh;NO;NO;96;71.75;96;61.5;2;UP_AND_DOWN
2025-10-19T19:30;2025-10-19T19:45;79;EUR;MWh;NO;NO;97;43;97;43;2;UP_AND_DOWN
2025-10-19T19:45;2025-10-19T20:00;80;EUR;MWh;NO;NO;99;-3.9;99;-3.9;2;UP_AND_DOWN
2025-10-19T20:00;2025-10-19T20:15;81;EUR;MWh;NO;NO;99;-4;-4;-4;-1;DOWN
2025-10-19T20:15;2025-10-19T20:30;82;EUR;MWh;NO;NO;;;0;0;-1;DOWN
2025-10-19T20:30;2025-10-19T20:45;83;EUR;MWh;NO;NO;89;-2.32;89;-2.32;2;UP_AND_DOWN
2025-10-19T20:45;2025-10-19T21:00;84;EUR;MWh;NO;NO;97;52.87;97;52.87;2;UP_AND_DOWN
2025-10-19T21:00;2025-10-19T21:15;85;EUR;MWh;NO;NO;100;10;100;10;2;UP_AND_DOWN
2025-10-19T21:15;2025-10-19T21:30;86;EUR;MWh;NO;NO;135.6;-4;135.6;-4;2;UP_AND_DOWN
2025-10-19T21:30;2025-10-19T21:45;87;EUR;MWh;NO;NO;94;59.2;94;50.7;2;UP_AND_DOWN
2025-10-19T21:45;2025-10-19T22:00;88;EUR;MWh;NO;NO;97;13.79;97;97;1;UP
2025-10-19T22:00;2025-10-19T22:15;89;EUR;MWh;NO;NO;135.6;;135.6;135.6;1;UP
2025-10-19T22:15;2025-10-19T22:30;90;EUR;MWh;NO;NO;135.6;59.2;135.6;135.6;1;UP
2025-10-19T22:30;2025-10-19T22:45;91;EUR;MWh;NO;NO;104;;104;104;1;UP
2025-10-19T22:45;2025-10-19T23:00;92;EUR;MWh;NO;NO;100;-31.4;100;-31.4;2;UP_AND_DOWN
2025-10-19T23:00;2025-10-19T23:15;93;EUR;MWh;NO;NO;118.91;-39.94;118.91;-39.94;2;UP_AND_DOWN
2025-10-19T23:15;2025-10-19T23:30;94;EUR;MWh;NO;NO;43;;53;0;2;UP_AND_DOWN
2025-10-19T23:30;2025-10-19T23:45;95;EUR;MWh;NO;NO;;-5;-5;-5;-1;DOWN
2025-10-19T23:45;2025-10-20T00:00;96;EUR;MWh;NO;NO;;-10.14;-10.14;-10.14;-1;DOWN
2025-10-20T00:00;2025-10-20T00:15;1;EUR;MWh;NO;NO;59.84;-37.6;59.84;-37.6;2;UP_AND_DOWN
2025-10-20T00:15;2025-10-20T00:30;2;EUR;MWh;NO;NO;;-37.6;-37.6;-37.6;-1;DOWN
2025-10-20T00:30;2025-10-20T00:45;3;EUR;MWh;NO;NO;;-37.6;-37.6;-37.6;-1;DOWN
2025-10-20T00:45;2025-10-20T01:00;4;EUR;MWh;NO;NO;;-7.62;-7.62;-7.62;-1;DOWN
2025-10-20T01:00;2025-10-20T01:15;5;EUR;MWh;NO;NO;43;-4;-4;-4;-1;DOWN
2025-10-20T01:15;2025-10-20T01:30;6;EUR;MWh;NO;NO;;-4;-4;-4;-1;DOWN
2025-10-20T01:30;2025-10-20T01:45;7;EUR;MWh;NO;NO;43;-10;-10;-10;-1;DOWN
2025-10-20T01:45;2025-10-20T02:00;8;EUR;MWh;NO;NO;;-10.06;-10.06;-10.06;-1;DOWN
2025-10-20T02:00;2025-10-20T02:15;9;EUR;MWh;NO;NO;70;-10.06;70;70;1;UP
2025-10-20T02:15;2025-10-20T02:30;10;EUR;MWh;NO;NO;89.18;-3.7;89.18;-3.7;2;UP_AND_DOWN
2025-10-20T02:30;2025-10-20T02:45;11;EUR;MWh;NO;NO;101;-3.94;101;-3.94;2;UP_AND_DOWN
2025-10-20T02:45;2025-10-20T03:00;12;EUR;MWh;NO;NO;97;-4;97;-4;2;UP_AND_DOWN
2025-10-20T03:00;2025-10-20T03:15;13;EUR;MWh;NO;NO;101;;101;101;1;UP
2025-10-20T03:15;2025-10-20T03:30;14;EUR;MWh;NO;NO;70;-5.92;70;-5.92;2;UP_AND_DOWN
2025-10-20T03:30;2025-10-20T03:45;15;EUR;MWh;NO;NO;70;52.87;70;70;1;UP
2025-10-20T03:45;2025-10-20T04:00;16;EUR;MWh;NO;NO;101;;101;101;1;UP
2025-10-20T04:00;2025-10-20T04:15;17;EUR;MWh;NO;NO;94.98;10;94.98;94.98;1;UP
2025-10-20T04:15;2025-10-20T04:30;18;EUR;MWh;NO;NO;89.08;-10;89.08;-10;2;UP_AND_DOWN
2025-10-20T04:30;2025-10-20T04:45;19;EUR;MWh;NO;NO;95.9;-4;95.9;-4;2;UP_AND_DOWN
2025-10-20T04:45;2025-10-20T05:00;20;EUR;MWh;NO;NO;102;-8.47;102;-8.47;2;UP_AND_DOWN
2025-10-20T05:00;2025-10-20T05:15;21;EUR;MWh;NO;NO;102;-30;102;-30;2;UP_AND_DOWN
2025-10-20T05:15;2025-10-20T05:30;22;EUR;MWh;NO;NO;68.27;-4;68.27;-4;2;UP_AND_DOWN
2025-10-20T05:30;2025-10-20T05:45;23;EUR;MWh;NO;NO;140;;140;140;1;UP
2025-10-20T05:45;2025-10-20T06:00;24;EUR;MWh;NO;NO;103;46.81;103;46.81;2;UP_AND_DOWN
2025-10-20T06:00;2025-10-20T06:15;25;EUR;MWh;NO;NO;103;-3.7;103;-3.7;2;UP_AND_DOWN
2025-10-20T06:15;2025-10-20T06:30;26;EUR;MWh;NO;NO;140;;140;140;1;UP
2025-10-20T06:30;2025-10-20T06:45;27;EUR;MWh;NO;NO;106;45.1;106;45.1;2;UP_AND_DOWN
2025-10-20T06:45;2025-10-20T07:00;28;EUR;MWh;NO;NO;78.54;83;78.54;63;2;UP_AND_DOWN
2025-10-20T07:00;2025-10-20T07:15;29;EUR;MWh;NO;NO;78.64;-3.6;78.64;-3.6;2;UP_AND_DOWN
2025-10-20T07:15;2025-10-20T07:30;30;EUR;MWh;NO;NO;110;;110;110;1;UP
2025-10-20T07:30;2025-10-20T07:45;31;EUR;MWh;NO;NO;140;74.12;140;63;2;UP_AND_DOWN
2025-10-20T07:45;2025-10-20T08:00;32;EUR;MWh;NO;NO;140;37.35;37.35;37.35;-1;DOWN
2025-10-20T08:00;2025-10-20T08:15;33;EUR;MWh;NO;NO;140;8.19;140;8.19;2;UP_AND_DOWN
2025-10-20T08:15;2025-10-20T08:30;34;EUR;MWh;NO;NO;140;69.12;140;63;2;UP_AND_DOWN
2025-10-20T08:30;2025-10-20T08:45;35;EUR;MWh;NO;NO;140;;140;140;1;UP
2025-10-20T08:45;2025-10-20T09:00;36;EUR;MWh;NO;NO;1662;;1662;1662;1;UP
2025-10-20T09:00;2025-10-20T09:15;37;EUR;MWh;NO;NO;800;;800;800;1;UP
2025-10-20T09:15;2025-10-20T09:30;38;EUR;MWh;NO;NO;164;;164;164;1;UP
2025-10-20T09:30;2025-10-20T09:45;39;EUR;MWh;NO;NO;164;83;164;83;2;UP_AND_DOWN
2025-10-20T09:45;2025-10-20T10:00;40;EUR;MWh;NO;NO;164;76;76;76;-1;DOWN
2025-10-20T10:00;2025-10-20T10:15;41;EUR;MWh;NO;NO;68.27;74.14;74.14;74.14;-1;DOWN
2025-10-20T10:15;2025-10-20T10:30;42;EUR;MWh;NO;NO;136.6;58.83;136.6;58.83;2;UP_AND_DOWN
2025-10-20T10:30;2025-10-20T10:45;43;EUR;MWh;NO;NO;;58.83;58.83;58.83;-1;DOWN
2025-10-20T10:45;2025-10-20T11:00;44;EUR;MWh;NO;NO;135;46.71;135;46.71;2;UP_AND_DOWN
2025-10-20T11:00;2025-10-20T11:15;45;EUR;MWh;NO;NO;150;52.87;150;52.87;2;UP_AND_DOWN
2025-10-20T11:15;2025-10-20T11:30;46;EUR;MWh;NO;NO;177.1;;177.1;177.1;1;UP
2025-10-20T11:30;2025-10-20T11:45;47;EUR;MWh;NO;NO;162.27;;162.27;162.27;1;UP
2025-10-20T11:45;2025-10-20T12:00;48;EUR;MWh;NO;NO;177.1;92;177.1;177.1;1;UP
2025-10-20T12:00;2025-10-20T12:15;49;EUR;MWh;NO;NO;95.39;49;95.39;49;2;UP_AND_DOWN
2025-10-20T12:15;2025-10-20T12:30;50;EUR;MWh;NO;NO;135;50;135;50;2;UP_AND_DOWN
2025-10-20T12:30;2025-10-20T12:45;51;EUR;MWh;NO;NO;95.19;52.87;95.19;52.87;2;UP_AND_DOWN
2025-10-20T12:45;2025-10-20T13:00;52;EUR;MWh;NO;NO;;-1;-1;-1;-1;DOWN
2025-10-20T13:00;2025-10-20T13:15;53;EUR;MWh;NO;NO;68.27;-4;82.14;-4;2;UP_AND_DOWN
2025-10-20T13:15;2025-10-20T13:30;54;EUR;MWh;NO;NO;135;64.99;135;64.99;2;UP_AND_DOWN
2025-10-20T13:30;2025-10-20T13:45;55;EUR;MWh;NO;NO;135;25;25;25;-1;DOWN
2025-10-20T13:45;2025-10-20T14:00;56;EUR;MWh;NO;NO;;-38.9;-38.9;-38.9;-1;DOWN
2025-10-20T14:00;2025-10-20T14:15;57;EUR;MWh;NO;NO;;-33.88;-33.88;-33.88;-1;DOWN
2025-10-20T14:15;2025-10-20T14:30;58;EUR;MWh;NO;NO;126.02;25;126.02;25;2;UP_AND_DOWN
2025-10-20T14:30;2025-10-20T14:45;59;EUR;MWh;NO;NO;129;;129;129;1;UP
2025-10-20T14:45;2025-10-20T15:00;60;EUR;MWh;NO;NO;95.29;83;95.29;95.29;1;UP
2025-10-20T15:00;2025-10-20T15:15;61;EUR;MWh;NO;NO;95.29;-4;-4;-4;-1;DOWN
2025-10-20T15:15;2025-10-20T15:30;62;EUR;MWh;NO;NO;;70;70;70;-1;DOWN
2025-10-20T15:30;2025-10-20T15:45;63;EUR;MWh;NO;NO;;25.7;25.7;25.7;-1;DOWN
2025-10-20T15:45;2025-10-20T16:00;64;EUR;MWh;NO;NO;78.54;-19.58;-19.58;-19.58;-1;DOWN
2025-10-20T16:00;2025-10-20T16:15;65;EUR;MWh;NO;NO;;70;70;70;-1;DOWN
2025-10-20T16:15;2025-10-20T16:30;66;EUR;MWh;NO;NO;107;;107;107;1;UP
2025-10-20T16:30;2025-10-20T16:45;67;EUR;MWh;NO;NO;95.29;25;95.29;25;2;UP_AND_DOWN
2025-10-20T16:45;2025-10-20T17:00;68;EUR;MWh;NO;NO;106.87;70.73;106.87;106.87;1;UP
2025-10-20T17:00;2025-10-20T17:15;69;EUR;MWh;NO;NO;68.27;83;68.27;68.27;1;UP
2025-10-20T17:15;2025-10-20T17:30;70;EUR;MWh;NO;NO;117.3;78.35;117.3;117.3;1;UP
2025-10-20T17:30;2025-10-20T17:45;71;EUR;MWh;NO;NO;107;83;107;107;1;UP
2025-10-20T17:45;2025-10-20T18:00;72;EUR;MWh;NO;NO;108;73.85;108;63;2;UP_AND_DOWN
2025-10-20T18:00;2025-10-20T18:15;73;EUR;MWh;NO;NO;136.6;;136.6;136.6;1;UP
2025-10-20T18:15;2025-10-20T18:30;74;EUR;MWh;NO;NO;164;;164;164;1;UP
2025-10-20T18:30;2025-10-20T18:45;75;EUR;MWh;NO;NO;164;;164;164;1;UP
2025-10-20T18:45;2025-10-20T19:00;76;EUR;MWh;NO;NO;136.6;;136.6;136.6;1;UP
2025-10-20T19:00;2025-10-20T19:15;77;EUR;MWh;NO;NO;164;;164;164;1;UP
2025-10-20T19:15;2025-10-20T19:30;78;EUR;MWh;NO;NO;136.6;;136.6;136.6;1;UP
2025-10-20T19:30;2025-10-20T19:45;79;EUR;MWh;NO;NO;109.75;69.35;109.75;69.35;2;UP_AND_DOWN
2025-10-20T19:45;2025-10-20T20:00;80;EUR;MWh;NO;NO;43;69.35;69.35;69.35;-1;DOWN
2025-10-20T20:00;2025-10-20T20:15;81;EUR;MWh;NO;NO;43;77;80;77;2;UP_AND_DOWN
2025-10-20T20:15;2025-10-20T20:30;82;EUR;MWh;NO;NO;43;76.85;80;76.85;2;UP_AND_DOWN
2025-10-20T20:30;2025-10-20T20:45;83;EUR;MWh;NO;NO;43;70.83;70.83;70.83;-1;DOWN
2025-10-20T20:45;2025-10-20T21:00;84;EUR;MWh;NO;NO;;49;49;49;-1;DOWN
2025-10-20T21:00;2025-10-20T21:15;85;EUR;MWh;NO;NO;136.6;25.1;136.6;25.1;2;UP_AND_DOWN
2025-10-20T21:15;2025-10-20T21:30;86;EUR;MWh;NO;NO;164;109;164;76;2;UP_AND_DOWN
2025-10-20T21:30;2025-10-20T21:45;87;EUR;MWh;NO;NO;164;;164;164;1;UP
2025-10-20T21:45;2025-10-20T22:00;88;EUR;MWh;NO;NO;150;;150;150;1;UP
2025-10-20T22:00;2025-10-20T22:15;89;EUR;MWh;NO;NO;140;;140;140;1;UP
2025-10-20T22:15;2025-10-20T22:30;90;EUR;MWh;NO;NO;140;;140;140;1;UP
2025-10-20T22:30;2025-10-20T22:45;91;EUR;MWh;NO;NO;140;;140;140;1;UP
2025-10-20T22:45;2025-10-20T23:00;92;EUR;MWh;NO;NO;157;-4;157;-4;2;UP_AND_DOWN
2025-10-20T23:00;2025-10-20T23:15;93;EUR;MWh;NO;NO;89.19;43;89.19;43;2;UP_AND_DOWN
2025-10-20T23:15;2025-10-20T23:30;94;EUR;MWh;NO;NO;136.6;105;136.6;136.6;1;UP
2025-10-20T23:30;2025-10-20T23:45;95;EUR;MWh;NO;NO;157;53;157;53;2;UP_AND_DOWN
2025-10-20T23:45;2025-10-21T00:00;96;EUR;MWh;NO;NO;164;-10.06;164;-10.06;2;UP_AND_DOWN
2025-10-21T00:00;2025-10-21T00:15;1;EUR;MWh;NO;NO;85;-12.45;85;-12.45;2;UP_AND_DOWN
2025-10-21T00:15;2025-10-21T00:30;2;EUR;MWh;NO;NO;80;;80;80;1;UP
2025-10-21T00:30;2025-10-21T00:45;3;EUR;MWh;NO;NO;110;;110;110;1;UP
2025-10-21T00:45;2025-10-21T01:00;4;EUR;MWh;NO;NO;75;-10.06;-10.06;-10.06;-1;DOWN
2025-10-21T01:00;2025-10-21T01:15;5;EUR;MWh;NO;NO;43;41;41;41;-1;DOWN
2025-10-21T01:15;2025-10-21T01:30;6;EUR;MWh;NO;NO;;50.7;50.7;50.7;-1;DOWN
2025-10-21T01:30;2025-10-21T01:45;7;EUR;MWh;NO;NO;88.53;;88.53;88.53;1;UP
2025-10-21T01:45;2025-10-21T02:00;8;EUR;MWh;NO;NO;90;30.7;90;30.7;2;UP_AND_DOWN
2025-10-21T02:00;2025-10-21T02:15;9;EUR;MWh;NO;NO;63.61;35.7;63.61;35.7;2;UP_AND_DOWN
2025-10-21T02:15;2025-10-21T02:30;10;EUR;MWh;NO;NO;103.53;;103.53;103.53;1;UP
2025-10-21T02:30;2025-10-21T02:45;11;EUR;MWh;NO;NO;90;;90;90;1;UP
2025-10-21T02:45;2025-10-21T03:00;12;EUR;MWh;NO;NO;118.53;-4;118.53;-4;2;UP_AND_DOWN
2025-10-21T03:00;2025-10-21T03:15;13;EUR;MWh;NO;NO;63.61;25.7;63.61;25.7;2;UP_AND_DOWN
2025-10-21T03:15;2025-10-21T03:30;14;EUR;MWh;NO;NO;63.85;30.7;63.85;30.7;2;UP_AND_DOWN
2025-10-21T03:30;2025-10-21T03:45;15;EUR;MWh;NO;NO;;25.7;25.7;25.7;-1;DOWN
2025-10-21T03:45;2025-10-21T04:00;16;EUR;MWh;NO;NO;63.89;30.7;63.89;30.7;2;UP_AND_DOWN
2025-10-21T04:00;2025-10-21T04:15;17;EUR;MWh;NO;NO;90;23;90;23;2;UP_AND_DOWN
2025-10-21T04:15;2025-10-21T04:30;18;EUR;MWh;NO;NO;97;65.7;97;40.35;2;UP_AND_DOWN
2025-10-21T04:30;2025-10-21T04:45;19;EUR;MWh;NO;NO;88.53;;88.53;88.53;1;UP
2025-10-21T04:45;2025-10-21T05:00;20;EUR;MWh;NO;NO;58.83;65.7;58.83;40.35;2;UP_AND_DOWN
2025-10-21T05:00;2025-10-21T05:15;21;EUR;MWh;NO;NO;88.53;-4;88.53;-4;2;UP_AND_DOWN
2025-10-21T05:15;2025-10-21T05:30;22;EUR;MWh;NO;NO;108.53;15.7;108.53;15.7;2;UP_AND_DOWN
2025-10-21T05:30;2025-10-21T05:45;23;EUR;MWh;NO;NO;83.53;-4;83.53;-4;2;UP_AND_DOWN
2025-10-21T05:45;2025-10-21T06:00;24;EUR;MWh;NO;NO;122;-15.06;122;-15.06;2;UP_AND_DOWN
2025-10-21T06:00;2025-10-21T06:15;25;EUR;MWh;NO;NO;83.53;-11.15;-11.15;-11.15;-1;DOWN
2025-10-21T06:15;2025-10-21T06:30;26;EUR;MWh;NO;NO;97;;97;97;1;UP
2025-10-21T06:30;2025-10-21T06:45;27;EUR;MWh;NO;NO;90;55.7;90;55.7;2;UP_AND_DOWN
2025-10-21T06:45;2025-10-21T07:00;28;EUR;MWh;NO;NO;63.61;-3.99;63.61;-3.99;2;UP_AND_DOWN
2025-10-21T07:00;2025-10-21T07:15;29;EUR;MWh;NO;NO;122;-4.23;122;-4.23;2;UP_AND_DOWN
2025-10-21T07:15;2025-10-21T07:30;30;EUR;MWh;NO;NO;108.53;83;108.53;108.53;1;UP
2025-10-21T07:30;2025-10-21T07:45;31;EUR;MWh;NO;NO;122;83;122;122;1;UP
2025-10-21T07:45;2025-10-21T08:00;32;EUR;MWh;NO;NO;123;-4;123;-4;2;UP_AND_DOWN
2025-10-21T08:00;2025-10-21T08:15;33;EUR;MWh;NO;NO;123;-4;123;-4;2;UP_AND_DOWN
2025-10-21T08:15;2025-10-21T08:30;34;EUR;MWh;NO;NO;103.53;;103.53;103.53;1;UP
2025-10-21T08:30;2025-10-21T08:45;35;EUR;MWh;NO;NO;124;;124;124;1;UP
2025-10-21T08:45;2025-10-21T09:00;36;EUR;MWh;NO;NO;135.3;;135.3;135.3;1;UP
2025-10-21T09:00;2025-10-21T09:15;37;EUR;MWh;NO;NO;135.3;;135.3;135.3;1;UP
2025-10-21T09:15;2025-10-21T09:30;38;EUR;MWh;NO;NO;135.3;;135.3;135.3;1;UP
2025-10-21T09:30;2025-10-21T09:45;39;EUR;MWh;NO;NO;135.3;;135.3;135.3;1;UP
2025-10-21T09:45;2025-10-21T10:00;40;EUR;MWh;NO;NO;97;;97;97;1;UP
2025-10-21T10:00;2025-10-21T10:15;41;EUR;MWh;NO;NO;135.3;97;135.3;135.3;1;UP
2025-10-21T10:15;2025-10-21T10:30;42;EUR;MWh;NO;NO;135;;135;135;1;UP
2025-10-21T10:30;2025-10-21T10:45;43;EUR;MWh;NO;NO;103.53;;103.53;103.53;1;UP
2025-10-21T10:45;2025-10-21T11:00;44;EUR;MWh;NO;NO;103.53;104;103.53;103.53;1;UP
2025-10-21T11:00;2025-10-21T11:15;45;EUR;MWh;NO;NO;135.3;;135.3;135.3;1;UP
2025-10-21T11:15;2025-10-21T11:30;46;EUR;MWh;NO;NO;118.53;;118.53;118.53;1;UP
2025-10-21T11:30;2025-10-21T11:45;47;EUR;MWh;NO;NO;150;;150;150;1;UP
2025-10-21T11:45;2025-10-21T12:00;48;EUR;MWh;NO;NO;150;-4;150;-4;2;UP_AND_DOWN
2025-10-21T12:00;2025-10-21T12:15;49;EUR;MWh;NO;NO;70;15;73.5;15;2;UP_AND_DOWN
2025-10-21T12:15;2025-10-21T12:30;50;EUR;MWh;NO;NO;;70.7;70.7;70.7;-1;DOWN
2025-10-21T12:30;2025-10-21T12:45;51;EUR;MWh;NO;NO;95.29;104;95.29;73.5;2;UP_AND_DOWN
2025-10-21T12:45;2025-10-21T13:00;52;EUR;MWh;NO;NO;118.53;-49.8;118.53;-49.8;2;UP_AND_DOWN
2025-10-21T13:00;2025-10-21T13:15;53;EUR;MWh;NO;NO;103.53;-50.1;103.53;-50.1;2;UP_AND_DOWN
2025-10-21T13:15;2025-10-21T13:30;54;EUR;MWh;NO;NO;100;-10;100;-10;2;UP_AND_DOWN
2025-10-21T13:30;2025-10-21T13:45;55;EUR;MWh;NO;NO;100;-1;100;-1;2;UP_AND_DOWN
2025-10-21T13:45;2025-10-21T14:00;56;EUR;MWh;NO;NO;93.53;-1;93.53;-1;2;UP_AND_DOWN
2025-10-21T14:00;2025-10-21T14:15;57;EUR;MWh;NO;NO;117;39;117;39;2;UP_AND_DOWN
2025-10-21T14:15;2025-10-21T14:30;58;EUR;MWh;NO;NO;120;39;120;120;1;UP
2025-10-21T14:30;2025-10-21T14:45;59;EUR;MWh;NO;NO;108.53;;108.53;108.53;1;UP
2025-10-21T14:45;2025-10-21T15:00;60;EUR;MWh;NO;NO;138.53;;138.53;138.53;1;UP
2025-10-21T15:00;2025-10-21T15:15;61;EUR;MWh;NO;NO;120;25.7;120;25.7;2;UP_AND_DOWN
2025-10-21T15:15;2025-10-21T15:30;62;EUR;MWh;NO;NO;83.53;25.7;83.53;83.53;1;UP
2025-10-21T15:30;2025-10-21T15:45;63;EUR;MWh;NO;NO;;45.7;45.7;45.7;-1;DOWN
2025-10-21T15:45;2025-10-21T16:00;64;EUR;MWh;NO;NO;88.53;67.7;88.53;59;2;UP_AND_DOWN
2025-10-21T16:00;2025-10-21T16:15;65;EUR;MWh;NO;NO;100;45.7;100;45.7;2;UP_AND_DOWN
2025-10-21T16:15;2025-10-21T16:30;66;EUR;MWh;NO;NO;63.61;14.02;63.61;14.02;2;UP_AND_DOWN
2025-10-21T16:30;2025-10-21T16:45;67;EUR;MWh;NO;NO;135.3;-32.7;135.3;-32.7;2;UP_AND_DOWN
2025-10-21T16:45;2025-10-21T17:00;68;EUR;MWh;NO;NO;91.57;-15;91.57;-15;2;UP_AND_DOWN
2025-10-21T17:00;2025-10-21T17:15;69;EUR;MWh;NO;NO;135.3;-9.5;135.3;-9.5;2;UP_AND_DOWN
2025-10-21T17:15;2025-10-21T17:30;70;EUR;MWh;NO;NO;135.3;29.02;135.3;29.02;2;UP_AND_DOWN
2025-10-21T17:30;2025-10-21T17:45;71;EUR;MWh;NO;NO;132.5;69.02;132.5;63;2;UP_AND_DOWN
2025-10-21T17:45;2025-10-21T18:00;72;EUR;MWh;NO;NO;100;74.36;100;63;2;UP_AND_DOWN
2025-10-21T18:00;2025-10-21T18:15;73;EUR;MWh;NO;NO;100;5.61;5.61;5.61;-1;DOWN
2025-10-21T18:15;2025-10-21T18:30;74;EUR;MWh;NO;NO;;50;50;50;-1;DOWN
2025-10-21T18:30;2025-10-21T18:45;75;EUR;MWh;NO;NO;;33;33;33;-1;DOWN
2025-10-21T18:45;2025-10-21T19:00;76;EUR;MWh;NO;NO;;8.5;8.5;8.5;-1;DOWN
2025-10-21T19:00;2025-10-21T19:15;77;EUR;MWh;NO;NO;150;19.29;150;19.29;2;UP_AND_DOWN
2025-10-21T19:15;2025-10-21T19:30;78;EUR;MWh;NO;NO;43;77.31;63;63;2;UP_AND_DOWN
2025-10-21T19:30;2025-10-21T19:45;79;EUR;MWh;NO;NO;43;70.99;63;63;2;UP_AND_DOWN
2025-10-21T19:45;2025-10-21T20:00;80;EUR;MWh;NO;NO;;70.99;70.99;70.99;-1;DOWN
2025-10-21T20:00;2025-10-21T20:15;81;EUR;MWh;NO;NO;84;76.11;84;63;2;UP_AND_DOWN
2025-10-21T20:15;2025-10-21T20:30;82;EUR;MWh;NO;NO;83.9;66.39;83.9;63;2;UP_AND_DOWN
2025-10-21T20:30;2025-10-21T20:45;83;EUR;MWh;NO;NO;96.1;77.65;96.1;63;2;UP_AND_DOWN
2025-10-21T20:45;2025-10-21T21:00;84;EUR;MWh;NO;NO;135.3;;135.3;135.3;1;UP
2025-10-21T21:00;2025-10-21T21:15;85;EUR;MWh;NO;NO;97;;97;97;1;UP
2025-10-21T21:15;2025-10-21T21:30;86;EUR;MWh;NO;NO;110;;110;110;1;UP
2025-10-21T21:30;2025-10-21T21:45;87;EUR;MWh;NO;NO;139;;139;139;1;UP
2025-10-21T21:45;2025-10-21T22:00;88;EUR;MWh;NO;NO;90;68.15;90;63;2;UP_AND_DOWN
2025-10-21T22:00;2025-10-21T22:15;89;EUR;MWh;NO;NO;119;36.15;119;36.15;2;UP_AND_DOWN
2025-10-21T22:15;2025-10-21T22:30;90;EUR;MWh;NO;NO;103.8;;103.8;103.8;1;UP
2025-10-21T22:30;2025-10-21T22:45;91;EUR;MWh;NO;NO;140;;140;140;1;UP
2025-10-21T22:45;2025-10-21T23:00;92;EUR;MWh;NO;NO;135.3;;135.3;135.3;1;UP
2025-10-21T23:00;2025-10-21T23:15;93;EUR;MWh;NO;NO;135.3;;135.3;135.3;1;UP
2025-10-21T23:15;2025-10-21T23:30;94;EUR;MWh;NO;NO;135.3;;135.3;135.3;1;UP
2025-10-21T23:30;2025-10-21T23:45;95;EUR;MWh;NO;NO;140;;140;140;1;UP
2025-10-21T23:45;2025-10-22T00:00;96;EUR;MWh;NO;NO;164.5;;164.5;164.5;1;UP
2025-10-22T00:00;2025-10-22T00:15;1;EUR;MWh;NO;NO;134.7;;134.7;134.7;1;UP
2025-10-22T00:15;2025-10-22T00:30;2;EUR;MWh;NO;NO;134.7;67.15;134.7;58.38;2;UP_AND_DOWN
2025-10-22T00:30;2025-10-22T00:45;3;EUR;MWh;NO;NO;134.7;74.76;134.7;134.7;1;UP
2025-10-22T00:45;2025-10-22T01:00;4;EUR;MWh;NO;NO;94.48;;94.48;94.48;1;UP
2025-10-22T01:00;2025-10-22T01:15;5;EUR;MWh;NO;NO;88.48;51.84;88.48;51.84;2;UP_AND_DOWN
2025-10-22T01:15;2025-10-22T01:30;6;EUR;MWh;NO;NO;42;51.84;74;51.84;2;UP_AND_DOWN
2025-10-22T01:30;2025-10-22T01:45;7;EUR;MWh;NO;NO;88.48;71.76;88.48;71.76;2;UP_AND_DOWN
2025-10-22T01:45;2025-10-22T02:00;8;EUR;MWh;NO;NO;89.97;74.96;89.97;70;2;UP_AND_DOWN
2025-10-22T02:00;2025-10-22T02:15;9;EUR;MWh;NO;NO;134.7;77.69;134.7;64;2;UP_AND_DOWN
2025-10-22T02:15;2025-10-22T02:30;10;EUR;MWh;NO;NO;129.97;74.96;129.97;59.85;2;UP_AND_DOWN
2025-10-22T02:30;2025-10-22T02:45;11;EUR;MWh;NO;NO;88.48;61.76;88.48;59.9;2;UP_AND_DOWN
2025-10-22T02:45;2025-10-22T03:00;12;EUR;MWh;NO;NO;89.97;68;89.97;59.9;2;UP_AND_DOWN
2025-10-22T03:00;2025-10-22T03:15;13;EUR;MWh;NO;NO;94.97;74.96;94.97;59.9;2;UP_AND_DOWN
2025-10-22T03:15;2025-10-22T03:30;14;EUR;MWh;NO;NO;114;;114;114;1;UP
2025-10-22T03:30;2025-10-22T03:45;15;EUR;MWh;NO;NO;89.97;71.89;89.97;59.9;2;UP_AND_DOWN
2025-10-22T03:45;2025-10-22T04:00;16;EUR;MWh;NO;NO;94.97;66.76;94.97;59.9;2;UP_AND_DOWN
2025-10-22T04:00;2025-10-22T04:15;17;EUR;MWh;NO;NO;89.97;65.48;89.97;58.48;2;UP_AND_DOWN
2025-10-22T04:15;2025-10-22T04:30;18;EUR;MWh;NO;NO;;58.48;58.48;58.48;-1;DOWN
2025-10-22T04:30;2025-10-22T04:45;19;EUR;MWh;NO;NO;;29;29;29;-1;DOWN
2025-10-22T04:45;2025-10-22T05:00;20;EUR;MWh;NO;NO;;29;29;29;-1;DOWN
2025-10-22T05:00;2025-10-22T05:15;21;EUR;MWh;NO;NO;;23.43;23.43;23.43;-1;DOWN
2025-10-22T05:15;2025-10-22T05:30;22;EUR;MWh;NO;NO;;8.51;8.51;8.51;-1;DOWN
2025-10-22T05:30;2025-10-22T05:45;23;EUR;MWh;NO;NO;;-4;-4;-4;-1;DOWN
2025-10-22T05:45;2025-10-22T06:00;24;EUR;MWh;NO;NO;;13;13;13;-1;DOWN
2025-10-22T06:00;2025-10-22T06:15;25;EUR;MWh;NO;NO;134.7;46.76;134.7;46.76;2;UP_AND_DOWN
2025-10-22T06:15;2025-10-22T06:30;26;EUR;MWh;NO;NO;134.7;36.76;134.7;36.76;2;UP_AND_DOWN
2025-10-22T06:30;2025-10-22T06:45;27;EUR;MWh;NO;NO;;68.81;68.81;68.81;-1;DOWN
2025-10-22T06:45;2025-10-22T07:00;28;EUR;MWh;NO;NO;;58.41;58.41;58.41;-1;DOWN
2025-10-22T07:00;2025-10-22T07:15;29;EUR;MWh;NO;NO;118;-45;118;-45;2;UP_AND_DOWN
2025-10-22T07:15;2025-10-22T07:30;30;EUR;MWh;NO;NO;118.68;69;118.68;62;2;UP_AND_DOWN
2025-10-22T07:30;2025-10-22T07:45;31;EUR;MWh;NO;NO;110.43;76.53;110.43;62;2;UP_AND_DOWN
2025-10-22T07:45;2025-10-22T08:00;32;EUR;MWh;NO;NO;118;74.76;118;62;2;UP_AND_DOWN
2025-10-22T08:00;2025-10-22T08:15;33;EUR;MWh;NO;NO;119;77.79;119;62;2;UP_AND_DOWN
2025-10-22T08:15;2025-10-22T08:30;34;EUR;MWh;NO;NO;119;79.43;119;62;2;UP_AND_DOWN
2025-10-22T08:30;2025-10-22T08:45;35;EUR;MWh;NO;NO;103;82;103;103;1;UP
2025-10-22T08:45;2025-10-22T09:00;36;EUR;MWh;NO;NO;;74.56;74.56;74.56;-1;DOWN
2025-10-22T09:00;2025-10-22T09:15;37;EUR;MWh;NO;NO;115;82;115;115;1;UP
2025-10-22T09:15;2025-10-22T09:30;38;EUR;MWh;NO;NO;102;82;102;81.88;2;UP_AND_DOWN
2025-10-22T09:30;2025-10-22T09:45;39;EUR;MWh;NO;NO;102;82;102;102;1;UP
2025-10-22T09:45;2025-10-22T10:00;40;EUR;MWh;NO;NO;100.43;74.86;100.43;74.86;2;UP_AND_DOWN
2025-10-22T10:00;2025-10-22T10:15;41;EUR;MWh;NO;NO;;67.84;67.84;67.84;-1;DOWN
2025-10-22T10:15;2025-10-22T10:30;42;EUR;MWh;NO;NO;118;74.98;118;74.98;2;UP_AND_DOWN
2025-10-22T10:30;2025-10-22T10:45;43;EUR;MWh;NO;NO;99;72.88;99;72.88;2;UP_AND_DOWN
2025-10-22T10:45;2025-10-22T11:00;44;EUR;MWh;NO;NO;;42;42;42;-1;DOWN
2025-10-22T11:00;2025-10-22T11:15;45;EUR;MWh;NO;NO;;42;42;42;-1;DOWN
2025-10-22T11:15;2025-10-22T11:30;46;EUR;MWh;NO;NO;;70.38;70.38;70.38;-1;DOWN
2025-10-22T11:30;2025-10-22T11:45;47;EUR;MWh;NO;NO;;74.88;74.88;74.88;-1;DOWN
2025-10-22T11:45;2025-10-22T12:00;48;EUR;MWh;NO;NO;134.7;82;134.7;81.88;2;UP_AND_DOWN
2025-10-22T12:00;2025-10-22T12:15;49;EUR;MWh;NO;NO;123.45;79.81;123.45;123.45;1;UP
2025-10-22T12:15;2025-10-22T12:30;50;EUR;MWh;NO;NO;84.87;79.92;84.87;84.87;1;UP
2025-10-22T12:30;2025-10-22T12:45;51;EUR;MWh;NO;NO;42;79.1;79.1;79.1;-1;DOWN
2025-10-22T12:45;2025-10-22T13:00;52;EUR;MWh;NO;NO;;42;42;42;-1;DOWN
2025-10-22T13:00;2025-10-22T13:15;53;EUR;MWh;NO;NO;;41.43;41.43;41.43;-1;DOWN
2025-10-22T13:15;2025-10-22T13:30;54;EUR;MWh;NO;NO;;46;46;46;-1;DOWN
2025-10-22T13:30;2025-10-22T13:45;55;EUR;MWh;NO;NO;88.76;76.33;88.76;62;2;UP_AND_DOWN
2025-10-22T13:45;2025-10-22T14:00;56;EUR;MWh;NO;NO;84.87;71.86;84.87;62;2;UP_AND_DOWN
2025-10-22T14:00;2025-10-22T14:15;57;EUR;MWh;NO;NO;134.7;;134.7;134.7;1;UP
2025-10-22T14:15;2025-10-22T14:30;58;EUR;MWh;NO;NO;134.7;;134.7;134.7;1;UP
2025-10-22T14:30;2025-10-22T14:45;59;EUR;MWh;NO;NO;164;;164;164;1;UP
2025-10-22T14:45;2025-10-22T15:00;60;EUR;MWh;NO;NO;157.5;;157.5;157.5;1;UP
2025-10-22T15:00;2025-10-22T15:15;61;EUR;MWh;NO;NO;104.97;;104.97;104.97;1;UP
2025-10-22T15:15;2025-10-22T15:30;62;EUR;MWh;NO;NO;157.5;;157.5;157.5;1;UP
2025-10-22T15:30;2025-10-22T15:45;63;EUR;MWh;NO;NO;157.5;79.43;157.5;74.5;2;UP_AND_DOWN
2025-10-22T15:45;2025-10-22T16:00;64;EUR;MWh;NO;NO;140;77.7;140;75.5;2;UP_AND_DOWN
2025-10-22T16:00;2025-10-22T16:15;65;EUR;MWh;NO;NO;140;67.18;67.18;67.18;-1;DOWN
2025-10-22T16:15;2025-10-22T16:30;66;EUR;MWh;NO;NO;;59.92;59.92;59.92;-1;DOWN
2025-10-22T16:30;2025-10-22T16:45;67;EUR;MWh;NO;NO;;76.1;76.1;76.1;-1;DOWN
2025-10-22T16:45;2025-10-22T17:00;68;EUR;MWh;NO;NO;164;66.43;164;66.43;2;UP_AND_DOWN
2025-10-22T17:00;2025-10-22T17:15;69;EUR;MWh;NO;NO;104.97;70.18;104.97;70.18;2;UP_AND_DOWN
2025-10-22T17:15;2025-10-22T17:30;70;EUR;MWh;NO;NO;157.5;67.58;157.5;67.58;2;UP_AND_DOWN
2025-10-22T17:30;2025-10-22T17:45;71;EUR;MWh;NO;NO;186;67.58;186;186;1;UP
2025-10-22T17:45;2025-10-22T18:00;72;EUR;MWh;NO;NO;232;;232;232;1;UP
2025-10-22T18:00;2025-10-22T18:15;73;EUR;MWh;NO;NO;286.03;;286.03;286.03;1;UP
2025-10-22T18:15;2025-10-22T18:30;74;EUR;MWh;NO;NO;238.13;;238.13;238.13;1;UP
2025-10-22T18:30;2025-10-22T18:45;75;EUR;MWh;NO;NO;215;;215;215;1;UP
2025-10-22T18:45;2025-10-22T19:00;76;EUR;MWh;NO;NO;200;;200;200;1;UP
2025-10-22T19:00;2025-10-22T19:15;77;EUR;MWh;NO;NO;200;;200;200;1;UP
2025-10-22T19:15;2025-10-22T19:30;78;EUR;MWh;NO;NO;186;;186;186;1;UP
2025-10-22T19:30;2025-10-22T19:45;79;EUR;MWh;NO;NO;165;;165;165;1;UP
2025-10-22T19:45;2025-10-22T20:00;80;EUR;MWh;NO;NO;169;120;169;169;1;UP
2025-10-22T20:00;2025-10-22T20:15;81;EUR;MWh;NO;NO;157.5;;157.5;157.5;1;UP
2025-10-22T20:15;2025-10-22T20:30;82;EUR;MWh;NO;NO;150;77.6;150;77.6;2;UP_AND_DOWN
2025-10-22T20:30;2025-10-22T20:45;83;EUR;MWh;NO;NO;93.69;76.1;93.69;76.1;2;UP_AND_DOWN
2025-10-22T20:45;2025-10-22T21:00;84;EUR;MWh;NO;NO;99.16;77.6;99.16;77.6;2;UP_AND_DOWN
2025-10-22T21:00;2025-10-22T21:15;85;EUR;MWh;NO;NO;89.16;108;89.16;81.5;2;UP_AND_DOWN
2025-10-22T21:15;2025-10-22T21:30;86;EUR;MWh;NO;NO;186;78.81;186;78.81;2;UP_AND_DOWN
2025-10-22T21:30;2025-10-22T21:45;87;EUR;MWh;NO;NO;164;76.68;164;76.68;2;UP_AND_DOWN
2025-10-22T21:45;2025-10-22T22:00;88;EUR;MWh;NO;NO;126.65;71.62;126.65;71.62;2;UP_AND_DOWN
2025-10-22T22:00;2025-10-22T22:15;89;EUR;MWh;NO;NO;164;70.32;164;70.32;2;UP_AND_DOWN
2025-10-22T22:15;2025-10-22T22:30;90;EUR;MWh;NO;NO;164;78.22;164;78.22;2;UP_AND_DOWN
2025-10-22T22:30;2025-10-22T22:45;91;EUR;MWh;NO;NO;150;77.79;150;77.79;2;UP_AND_DOWN
2025-10-22T22:45;2025-10-22T23:00;92;EUR;MWh;NO;NO;134.7;70.78;134.7;70.78;2;UP_AND_DOWN
2025-10-22T23:00;2025-10-22T23:15;93;EUR;MWh;NO;NO;200;77.79;200;77.79;2;UP_AND_DOWN
2025-10-22T23:15;2025-10-22T23:30;94;EUR;MWh;NO;NO;164;77.79;164;164;1;UP
2025-10-22T23:30;2025-10-22T23:45;95;EUR;MWh;NO;NO;134.7;92;134.7;76;2;UP_AND_DOWN
2025-10-22T23:45;2025-10-23T00:00;96;EUR;MWh;NO;NO;113.69;71.12;113.69;61.22;2;UP_AND_DOWN
2025-10-23T00:00;2025-10-23T00:15;1;EUR;MWh;NO;NO;94.73;-3.91;94.73;-3.91;2;UP_AND_DOWN
2025-10-23T00:15;2025-10-23T00:30;2;EUR;MWh;NO;NO;94.86;;94.86;94.86;1;UP
2025-10-23T00:30;2025-10-23T00:45;3;EUR;MWh;NO;NO;85.94;58.76;85.94;57.5;2;UP_AND_DOWN
2025-10-23T00:45;2025-10-23T01:00;4;EUR;MWh;NO;NO;67.84;-10.14;67.84;-10.14;2;UP_AND_DOWN
2025-10-23T01:00;2025-10-23T01:15;5;EUR;MWh;NO;NO;94.76;-21.5;94.76;-21.5;2;UP_AND_DOWN
2025-10-23T01:15;2025-10-23T01:30;6;EUR;MWh;NO;NO;164;-21.5;164;164;1;UP
2025-10-23T01:30;2025-10-23T01:45;7;EUR;MWh;NO;NO;134;90;134;134;1;UP
2025-10-23T01:45;2025-10-23T02:00;8;EUR;MWh;NO;NO;;50;50;50;-1;DOWN
2025-10-23T02:00;2025-10-23T02:15;9;EUR;MWh;NO;NO;67.84;-10.06;69;-10.06;2;UP_AND_DOWN
2025-10-23T02:15;2025-10-23T02:30;10;EUR;MWh;NO;NO;;-5.01;-5.01;-5.01;-1;DOWN
2025-10-23T02:30;2025-10-23T02:45;11;EUR;MWh;NO;NO;43;52.28;64.5;52.28;2;UP_AND_DOWN
2025-10-23T02:45;2025-10-23T03:00;12;EUR;MWh;NO;NO;67.84;69;67.84;59.5;2;UP_AND_DOWN
2025-10-23T03:00;2025-10-23T03:15;13;EUR;MWh;NO;NO;106;;106;106;1;UP
2025-10-23T03:15;2025-10-23T03:30;14;EUR;MWh;NO;NO;134;;134;134;1;UP
2025-10-23T03:30;2025-10-23T03:45;15;EUR;MWh;NO;NO;135.1;;135.1;135.1;1;UP
2025-10-23T03:45;2025-10-23T04:00;16;EUR;MWh;NO;NO;133;;133;133;1;UP
2025-10-23T04:00;2025-10-23T04:15;17;EUR;MWh;NO;NO;150;;150;150;1;UP
2025-10-23T04:15;2025-10-23T04:30;18;EUR;MWh;NO;NO;134;;134;134;1;UP
2025-10-23T04:30;2025-10-23T04:45;19;EUR;MWh;NO;NO;134;;134;134;1;UP
2025-10-23T04:45;2025-10-23T05:00;20;EUR;MWh;NO;NO;150;35;150;150;1;UP
2025-10-23T05:00;2025-10-23T05:15;21;EUR;MWh;NO;NO;121;40;121;40;2;UP_AND_DOWN
2025-10-23T05:15;2025-10-23T05:30;22;EUR;MWh;NO;NO;88.76;40;88.76;40;2;UP_AND_DOWN
2025-10-23T05:30;2025-10-23T05:45;23;EUR;MWh;NO;NO;135.1;40;135.1;40;2;UP_AND_DOWN
2025-10-23T05:45;2025-10-23T06:00;24;EUR;MWh;NO;NO;135.1;;135.1;135.1;1;UP
2025-10-23T06:00;2025-10-23T06:15;25;EUR;MWh;NO;NO;88;-77.96;88;-77.96;2;UP_AND_DOWN
2025-10-23T06:15;2025-10-23T06:30;26;EUR;MWh;NO;NO;88;-29.2;88;-29.2;2;UP_AND_DOWN
2025-10-23T06:30;2025-10-23T06:45;27;EUR;MWh;NO;NO;88;-29.2;88;-29.2;2;UP_AND_DOWN
2025-10-23T06:45;2025-10-23T07:00;28;EUR;MWh;NO;NO;88;-29.2;88;-29.2;2;UP_AND_DOWN
2025-10-23T07:00;2025-10-23T07:15;29;EUR;MWh;NO;NO;41;-19;61.5;-19;2;UP_AND_DOWN
2025-10-23T07:15;2025-10-23T07:30;30;EUR;MWh;NO;NO;41;-25;61.5;-25;2;UP_AND_DOWN
2025-10-23T07:30;2025-10-23T07:45;31;EUR;MWh;NO;NO;135.1;-25;135.1;-25;2;UP_AND_DOWN
2025-10-23T07:45;2025-10-23T08:00;32;EUR;MWh;NO;NO;200;43;200;43;2;UP_AND_DOWN
2025-10-23T08:00;2025-10-23T08:15;33;EUR;MWh;NO;NO;200;-1.2;200;-1.2;2;UP_AND_DOWN
2025-10-23T08:15;2025-10-23T08:30;34;EUR;MWh;NO;NO;101;;101;101;1;UP
2025-10-23T08:30;2025-10-23T08:45;35;EUR;MWh;NO;NO;104;;104;104;1;UP
2025-10-23T08:45;2025-10-23T09:00;36;EUR;MWh;NO;NO;134;;134;134;1;UP
2025-10-23T09:00;2025-10-23T09:15;37;EUR;MWh;NO;NO;110;43;110;43;2;UP_AND_DOWN
2025-10-23T09:15;2025-10-23T09:30;38;EUR;MWh;NO;NO;66;-3.44;-3.44;-3.44;-1;DOWN
2025-10-23T09:30;2025-10-23T09:45;39;EUR;MWh;NO;NO;95.25;-9.28;95.25;-9.28;2;UP_AND_DOWN
2025-10-23T09:45;2025-10-23T10:00;40;EUR;MWh;NO;NO;95;-4;95;-4;2;UP_AND_DOWN
2025-10-23T10:00;2025-10-23T10:15;41;EUR;MWh;NO;NO;43;-23;-23;-23;-1;DOWN
2025-10-23T10:15;2025-10-23T10:30;42;EUR;MWh;NO;NO;;52.28;52.28;52.28;-1;DOWN
2025-10-23T10:30;2025-10-23T10:45;43;EUR;MWh;NO;NO;88;52.28;88;52.28;2;UP_AND_DOWN
2025-10-23T10:45;2025-10-23T11:00;44;EUR;MWh;NO;NO;77;-10.06;77;-10.06;2;UP_AND_DOWN
2025-10-23T11:00;2025-10-23T11:15;45;EUR;MWh;NO;NO;79;-11.47;-11.47;-11.47;-1;DOWN
2025-10-23T11:15;2025-10-23T11:30;46;EUR;MWh;NO;NO;79;-4;79;-4;2;UP_AND_DOWN
2025-10-23T11:30;2025-10-23T11:45;47;EUR;MWh;NO;NO;150;-15;150;-15;2;UP_AND_DOWN
2025-10-23T11:45;2025-10-23T12:00;48;EUR;MWh;NO;NO;140;-11.17;140;-11.17;2;UP_AND_DOWN
2025-10-23T12:00;2025-10-23T12:15;49;EUR;MWh;NO;NO;100;-33.57;100;-33.57;2;UP_AND_DOWN
2025-10-23T12:15;2025-10-23T12:30;50;EUR;MWh;NO;NO;66;-13.74;66;-13.74;2;UP_AND_DOWN
2025-10-23T12:30;2025-10-23T12:45;51;EUR;MWh;NO;NO;;-3.9;-3.9;-3.9;-1;DOWN
2025-10-23T12:45;2025-10-23T13:00;52;EUR;MWh;NO;NO;97;-45;97;-45;2;UP_AND_DOWN
2025-10-23T13:00;2025-10-23T13:15;53;EUR;MWh;NO;NO;134;-45;134;-45;2;UP_AND_DOWN
2025-10-23T13:15;2025-10-23T13:30;54;EUR;MWh;NO;NO;151;-28.51;151;-28.51;2;UP_AND_DOWN
2025-10-23T13:30;2025-10-23T13:45;55;EUR;MWh;NO;NO;135.1;;135.1;135.1;1;UP
2025-10-23T13:45;2025-10-23T14:00;56;EUR;MWh;NO;NO;3962.84;;3962.84;3962.84;1;UP
2025-10-23T14:00;2025-10-23T14:15;57;EUR;MWh;NO;NO;402;;402;402;1;UP
2025-10-23T14:15;2025-10-23T14:30;58;EUR;MWh;NO;NO;600;;600;600;1;UP
2025-10-23T14:30;2025-10-23T14:45;59;EUR;MWh;NO;NO;600;;600;600;1;UP
2025-10-23T14:45;2025-10-23T15:00;60;EUR;MWh;NO;NO;151;-43.97;151;-43.97;2;UP_AND_DOWN
2025-10-23T15:00;2025-10-23T15:15;61;EUR;MWh;NO;NO;134;-65;134;-65;2;UP_AND_DOWN
2025-10-23T15:15;2025-10-23T15:30;62;EUR;MWh;NO;NO;78.28;73.01;78.28;59.5;2;UP_AND_DOWN
2025-10-23T15:30;2025-10-23T15:45;63;EUR;MWh;NO;NO;140;33.28;140;33.28;2;UP_AND_DOWN
2025-10-23T15:45;2025-10-23T16:00;64;EUR;MWh;NO;NO;67.84;59;67.84;59;2;UP_AND_DOWN
2025-10-23T16:00;2025-10-23T16:15;65;EUR;MWh;NO;NO;43;-49.9;61.5;-49.9;2;UP_AND_DOWN
2025-10-23T16:15;2025-10-23T16:30;66;EUR;MWh;NO;NO;67.84;-130;-130;-130;-1;DOWN
2025-10-23T16:30;2025-10-23T16:45;67;EUR;MWh;NO;NO;67.84;-10.06;67.84;-10.06;2;UP_AND_DOWN
2025-10-23T16:45;2025-10-23T17:00;68;EUR;MWh;NO;NO;188;-10.06;188;-10.06;2;UP_AND_DOWN
2025-10-23T17:00;2025-10-23T17:15;69;EUR;MWh;NO;NO;200;-45;200;-45;2;UP_AND_DOWN
2025-10-23T17:15;2025-10-23T17:30;70;EUR;MWh;NO;NO;67.84;-105;67.84;-105;2;UP_AND_DOWN
2025-10-23T17:30;2025-10-23T17:45;71;EUR;MWh;NO;NO;;-45;-45;-45;-1;DOWN
2025-10-23T17:45;2025-10-23T18:00;72;EUR;MWh;NO;NO;;-130;-130;-130;-1;DOWN
2025-10-23T18:00;2025-10-23T18:15;73;EUR;MWh;NO;NO;;-60;-60;-60;-1;DOWN
2025-10-23T18:15;2025-10-23T18:30;74;EUR;MWh;NO;NO;;-4;-4;-4;-1;DOWN
2025-10-23T18:30;2025-10-23T18:45;75;EUR;MWh;NO;NO;;50;50;50;-1;DOWN
2025-10-23T18:45;2025-10-23T19:00;76;EUR;MWh;NO;NO;;59.25;59.25;59.25;-1;DOWN
2025-10-23T19:00;2025-10-23T19:15;77;EUR;MWh;NO;NO;43;66.55;61.5;61.5;2;UP_AND_DOWN
2025-10-23T19:15;2025-10-23T19:30;78;EUR;MWh;NO;NO;;59.25;59.25;59.25;-1;DOWN
2025-10-23T19:30;2025-10-23T19:45;79;EUR;MWh;NO;NO;95.15;60.1;95.15;60.1;2;UP_AND_DOWN
2025-10-23T19:45;2025-10-23T20:00;80;EUR;MWh;NO;NO;133.5;60;133.5;60;2;UP_AND_DOWN
2025-10-23T20:00;2025-10-23T20:15;81;EUR;MWh;NO;NO;90.36;54;90.36;54;2;UP_AND_DOWN
2025-10-23T20:15;2025-10-23T20:30;82;EUR;MWh;NO;NO;78.38;-10.06;78.38;-10.06;2;UP_AND_DOWN
2025-10-23T20:30;2025-10-23T20:45;83;EUR;MWh;NO;NO;135.1;-30;135.1;-30;2;UP_AND_DOWN
2025-10-23T20:45;2025-10-23T21:00;84;EUR;MWh;NO;NO;43;-10.06;57.56;-10.06;2;UP_AND_DOWN
2025-10-23T21:00;2025-10-23T21:15;85;EUR;MWh;NO;NO;89.25;-45;89.25;-45;2;UP_AND_DOWN
2025-10-23T21:15;2025-10-23T21:30;86;EUR;MWh;NO;NO;164;-45;164;-45;2;UP_AND_DOWN
2025-10-23T21:30;2025-10-23T21:45;87;EUR;MWh;NO;NO;133.9;-4;133.9;-4;2;UP_AND_DOWN
2025-10-23T21:45;2025-10-23T22:00;88;EUR;MWh;NO;NO;;-45;-45;-45;-1;DOWN
2025-10-23T22:00;2025-10-23T22:15;89;EUR;MWh;NO;NO;135.1;-50;135.1;-50;2;UP_AND_DOWN
2025-10-23T22:15;2025-10-23T22:30;90;EUR;MWh;NO;NO;;-66.21;-66.21;-66.21;-1;DOWN
2025-10-23T22:30;2025-10-23T22:45;91;EUR;MWh;NO;NO;84.25;-45;84.25;-45;2;UP_AND_DOWN
2025-10-23T22:45;2025-10-23T23:00;92;EUR;MWh;NO;NO;;-40;-40;-40;-1;DOWN
2025-10-23T23:00;2025-10-23T23:15;93;EUR;MWh;NO;NO;;-66.21;-66.21;-66.21;-1;DOWN
2025-10-23T23:15;2025-10-23T23:30;94;EUR;MWh;NO;NO;;-15.06;-15.06;-15.06;-1;DOWN
2025-10-23T23:30;2025-10-23T23:45;95;EUR;MWh;NO;NO;89.05;-25;89.05;-25;2;UP_AND_DOWN
2025-10-23T23:45;2025-10-24T00:00;96;EUR;MWh;NO;NO;140;-23;140;-23;2;UP_AND_DOWN
2025-10-24T00:00;2025-10-24T00:15;1;EUR;MWh;NO;NO;100;-37.31;100;-37.31;2;UP_AND_DOWN
2025-10-24T00:15;2025-10-24T00:30;2;EUR;MWh;NO;NO;135.8;;135.8;135.8;1;UP
2025-10-24T00:30;2025-10-24T00:45;3;EUR;MWh;NO;NO;100;-7.78;100;-7.78;2;UP_AND_DOWN
2025-10-24T00:45;2025-10-24T01:00;4;EUR;MWh;NO;NO;59.27;-4;59.27;-4;2;UP_AND_DOWN
2025-10-24T01:00;2025-10-24T01:15;5;EUR;MWh;NO;NO;89;-10.06;89;-10.06;2;UP_AND_DOWN
2025-10-24T01:15;2025-10-24T01:30;6;EUR;MWh;NO;NO;89;-4;89;-4;2;UP_AND_DOWN
2025-10-24T01:30;2025-10-24T01:45;7;EUR;MWh;NO;NO;100;-4;100;-4;2;UP_AND_DOWN
2025-10-24T01:45;2025-10-24T02:00;8;EUR;MWh;NO;NO;43;-15.06;43;-15.06;2;UP_AND_DOWN
2025-10-24T02:00;2025-10-24T02:15;9;EUR;MWh;NO;NO;43;-10.06;-10.06;-10.06;-1;DOWN
2025-10-24T02:15;2025-10-24T02:30;10;EUR;MWh;NO;NO;100;-24.9;100;-24.9;2;UP_AND_DOWN
2025-10-24T02:30;2025-10-24T02:45;11;EUR;MWh;NO;NO;;-4;-4;-4;-1;DOWN
2025-10-24T02:45;2025-10-24T03:00;12;EUR;MWh;NO;NO;;-33;-33;-33;-1;DOWN
2025-10-24T03:00;2025-10-24T03:15;13;EUR;MWh;NO;NO;800;-513.75;800;-513.75;2;UP_AND_DOWN
2025-10-24T03:15;2025-10-24T03:30;14;EUR;MWh;NO;NO;135.8;-45;135.8;-45;2;UP_AND_DOWN
2025-10-24T03:30;2025-10-24T03:45;15;EUR;MWh;NO;NO;;-4;-4;-4;-1;DOWN
2025-10-24T03:45;2025-10-24T04:00;16;EUR;MWh;NO;NO;68.55;-10.06;68.55;-10.06;2;UP_AND_DOWN
2025-10-24T04:00;2025-10-24T04:15;17;EUR;MWh;NO;NO;68.55;-4;68.55;-4;2;UP_AND_DOWN
2025-10-24T04:15;2025-10-24T04:30;18;EUR;MWh;NO;NO;40;-29.9;50.96;-29.9;2;UP_AND_DOWN
2025-10-24T04:30;2025-10-24T04:45;19;EUR;MWh;NO;NO;;-15.06;-15.06;-15.06;-1;DOWN
2025-10-24T04:45;2025-10-24T05:00;20;EUR;MWh;NO;NO;80.44;-4;80.44;-4;2;UP_AND_DOWN
2025-10-24T05:00;2025-10-24T05:15;21;EUR;MWh;NO;NO;100;-25;100;-25;2;UP_AND_DOWN
2025-10-24T05:15;2025-10-24T05:30;22;EUR;MWh;NO;NO;135.8;-30;135.8;-30;2;UP_AND_DOWN
2025-10-24T05:30;2025-10-24T05:45;23;EUR;MWh;NO;NO;100;-10.06;100;-10.06;2;UP_AND_DOWN
2025-10-24T05:45;2025-10-24T06:00;24;EUR;MWh;NO;NO;95;-29.7;95;-29.7;2;UP_AND_DOWN
2025-10-24T06:00;2025-10-24T06:15;25;EUR;MWh;NO;NO;100;-29.79;100;-29.79;2;UP_AND_DOWN
2025-10-24T06:15;2025-10-24T06:30;26;EUR;MWh;NO;NO;100;-4;61.5;61.5;0;STABLE
2025-10-24T06:30;2025-10-24T06:45;27;EUR;MWh;NO;NO;;18.9;61.5;61.5;0;STABLE
2025-10-24T06:45;2025-10-24T07:00;28;EUR;MWh;NO;NO;;-10.06;-10.06;-10.06;-1;DOWN
2025-10-24T07:00;2025-10-24T07:15;29;EUR;MWh;NO;NO;135.8;-30;135.8;-30;2;UP_AND_DOWN
2025-10-24T07:15;2025-10-24T07:30;30;EUR;MWh;NO;NO;79;-4;79;-4;2;UP_AND_DOWN
2025-10-24T07:30;2025-10-24T07:45;31;EUR;MWh;NO;NO;135.8;-4;135.8;-4;2;UP_AND_DOWN
2025-10-24T07:45;2025-10-24T08:00;32;EUR;MWh;NO;NO;57.09;-3.49;61.5;-3.49;2;UP_AND_DOWN
2025-10-24T08:00;2025-10-24T08:15;33;EUR;MWh;NO;NO;89.88;33;89.88;33;2;UP_AND_DOWN
2025-10-24T08:15;2025-10-24T08:30;34;EUR;MWh;NO;NO;43;83;43;43;1;UP
2025-10-24T08:30;2025-10-24T08:45;35;EUR;MWh;NO;NO;68.55;;68.55;68.55;1;UP
2025-10-24T08:45;2025-10-24T09:00;36;EUR;MWh;NO;NO;89.88;83;89.88;89.88;1;UP
2025-10-24T09:00;2025-10-24T09:15;37;EUR;MWh;NO;NO;135.8;83;135.8;61.5;2;UP_AND_DOWN
2025-10-24T09:15;2025-10-24T09:30;38;EUR;MWh;NO;NO;164;83;164;61.5;2;UP_AND_DOWN
2025-10-24T09:30;2025-10-24T09:45;39;EUR;MWh;NO;NO;95.88;44;95.88;44;2;UP_AND_DOWN
2025-10-24T09:45;2025-10-24T10:00;40;EUR;MWh;NO;NO;;-4;-4;-4;-1;DOWN
2025-10-24T10:00;2025-10-24T10:15;41;EUR;MWh;NO;NO;;-25;-25;-25;-1;DOWN
2025-10-24T10:15;2025-10-24T10:30;42;EUR;MWh;NO;NO;;5.38;5.38;5.38;-1;DOWN
2025-10-24T10:30;2025-10-24T10:45;43;EUR;MWh;NO;NO;;-40;-40;-40;-1;DOWN
2025-10-24T10:45;2025-10-24T11:00;44;EUR;MWh;NO;NO;;-38.38;-38.38;-38.38;-1;DOWN
2025-10-24T11:00;2025-10-24T11:15;45;EUR;MWh;NO;NO;;-50;-50;-50;-1;DOWN
2025-10-24T11:15;2025-10-24T11:30;46;EUR;MWh;NO;NO;89.88;-49.55;89.88;-49.55;2;UP_AND_DOWN
2025-10-24T11:30;2025-10-24T11:45;47;EUR;MWh;NO;NO;135.8;-48.96;135.8;-48.96;2;UP_AND_DOWN
2025-10-24T11:45;2025-10-24T12:00;48;EUR;MWh;NO;NO;150;-59.57;150;-59.57;2;UP_AND_DOWN
2025-10-24T12:00;2025-10-24T12:15;49;EUR;MWh;NO;NO;164;-78.19;164;-78.19;2;UP_AND_DOWN
2025-10-24T12:15;2025-10-24T12:30;50;EUR;MWh;NO;NO;59.37;-57.87;61.5;-57.87;2;UP_AND_DOWN
2025-10-24T12:30;2025-10-24T12:45;51;EUR;MWh;NO;NO;;-40;-40;-40;-1;DOWN
2025-10-24T12:45;2025-10-24T13:00;52;EUR;MWh;NO;NO;79;-49.9;79;-49.9;2;UP_AND_DOWN
2025-10-24T13:00;2025-10-24T13:15;53;EUR;MWh;NO;NO;68.55;-49;68.55;-49;2;UP_AND_DOWN
2025-10-24T13:15;2025-10-24T13:30;54;EUR;MWh;NO;NO;;-40;-40;-40;-1;DOWN
2025-10-24T13:30;2025-10-24T13:45;55;EUR;MWh;NO;NO;;-40;-40;-40;-1;DOWN
2025-10-24T13:45;2025-10-24T14:00;56;EUR;MWh;NO;NO;;-45;-45;-45;-1;DOWN
2025-10-24T14:00;2025-10-24T14:15;57;EUR;MWh;NO;NO;104.88;-93.78;104.88;-93.78;2;UP_AND_DOWN
2025-10-24T14:15;2025-10-24T14:30;58;EUR;MWh;NO;NO;43;-93.69;-93.69;-93.69;-1;DOWN
2025-10-24T14:30;2025-10-24T14:45;59;EUR;MWh;NO;NO;;-10.06;-10.06;-10.06;-1;DOWN
2025-10-24T14:45;2025-10-24T15:00;60;EUR;MWh;NO;NO;;-45;-45;-45;-1;DOWN
2025-10-24T15:00;2025-10-24T15:15;61;EUR;MWh;NO;NO;68.55;-49;68.55;-49;2;UP_AND_DOWN
2025-10-24T15:15;2025-10-24T15:30;62;EUR;MWh;NO;NO;;-30;-30;-30;-1;DOWN
2025-10-24T15:30;2025-10-24T15:45;63;EUR;MWh;NO;NO;89.88;-66.21;89.88;-66.21;2;UP_AND_DOWN
2025-10-24T15:45;2025-10-24T16:00;64;EUR;MWh;NO;NO;57.09;-4;57.09;-4;2;UP_AND_DOWN
2025-10-24T16:00;2025-10-24T16:15;65;EUR;MWh;NO;NO;108;-10.06;108;-10.06;2;UP_AND_DOWN
2025-10-24T16:15;2025-10-24T16:30;66;EUR;MWh;NO;NO;;-10.06;-10.06;-10.06;-1;DOWN
2025-10-24T16:30;2025-10-24T16:45;67;EUR;MWh;NO;NO;114;-57.88;114;-57.88;2;UP_AND_DOWN
2025-10-24T16:45;2025-10-24T17:00;68;EUR;MWh;NO;NO;95.88;-10.06;95.88;-10.06;2;UP_AND_DOWN
2025-10-24T17:00;2025-10-24T17:15;69;EUR;MWh;NO;NO;68.55;-2.59;68.55;-2.59;2;UP_AND_DOWN
2025-10-24T17:15;2025-10-24T17:30;70;EUR;MWh;NO;NO;100;-4;100;-4;2;UP_AND_DOWN
2025-10-24T17:30;2025-10-24T17:45;71;EUR;MWh;NO;NO;140;;140;140;1;UP
2025-10-24T17:45;2025-10-24T18:00;72;EUR;MWh;NO;NO;150.93;;150.93;150.93;1;UP
2025-10-24T18:00;2025-10-24T18:15;73;EUR;MWh;NO;NO;135.8;;135.8;135.8;1;UP
2025-10-24T18:15;2025-10-24T18:30;74;EUR;MWh;NO;NO;135.8;11;135.8;11;2;UP_AND_DOWN
2025-10-24T18:30;2025-10-24T18:45;75;EUR;MWh;NO;NO;95.88;;95.88;95.88;1;UP
2025-10-24T18:45;2025-10-24T19:00;76;EUR;MWh;NO;NO;89.88;;89.88;89.88;1;UP
2025-10-24T19:00;2025-10-24T19:15;77;EUR;MWh;NO;NO;68.55;50;68.55;50;2;UP_AND_DOWN
2025-10-24T19:15;2025-10-24T19:30;78;EUR;MWh;NO;NO;43;11;61.5;11;2;UP_AND_DOWN
2025-10-24T19:30;2025-10-24T19:45;79;EUR;MWh;NO;NO;43;11;61.5;11;2;UP_AND_DOWN
2025-10-24T19:45;2025-10-24T20:00;80;EUR;MWh;NO;NO;;-4;-4;-4;-1;DOWN
2025-10-24T20:00;2025-10-24T20:15;81;EUR;MWh;NO;NO;;11;11;11;-1;DOWN
2025-10-24T20:15;2025-10-24T20:30;82;EUR;MWh;NO;NO;;-10.69;-10.69;-10.69;-1;DOWN
2025-10-24T20:30;2025-10-24T20:45;83;EUR;MWh;NO;NO;;-10.79;-10.79;-10.79;-1;DOWN
2025-10-24T20:45;2025-10-24T21:00;84;EUR;MWh;NO;NO;;-10.06;-10.06;-10.06;-1;DOWN
2025-10-24T21:00;2025-10-24T21:15;85;EUR;MWh;NO;NO;43;11.2;11.2;11.2;-1;DOWN
2025-10-24T21:15;2025-10-24T21:30;86;EUR;MWh;NO;NO;;-4;-4;-4;-1;DOWN
2025-10-24T21:30;2025-10-24T21:45;87;EUR;MWh;NO;NO;;19;19;19;-1;DOWN
2025-10-24T21:45;2025-10-24T22:00;88;EUR;MWh;NO;NO;;-3.56;-3.56;-3.56;-1;DOWN
2025-10-24T22:00;2025-10-24T22:15;89;EUR;MWh;NO;NO;43;-4;-4;-4;-1;DOWN
2025-10-24T22:15;2025-10-24T22:30;90;EUR;MWh;NO;NO;68;-10.06;-10.06;-10.06;-1;DOWN
2025-10-24T22:30;2025-10-24T22:45;91;EUR;MWh;NO;NO;43;-24.9;-24.9;-24.9;-1;DOWN
2025-10-24T22:45;2025-10-24T23:00;92;EUR;MWh;NO;NO;68;-15.06;68;-15.06;2;UP_AND_DOWN
2025-10-24T23:00;2025-10-24T23:15;93;EUR;MWh;NO;NO;68;-32;-32;-32;-1;DOWN
2025-10-24T23:15;2025-10-24T23:30;94;EUR;MWh;NO;NO;;-31;-31;-31;-1;DOWN
2025-10-24T23:30;2025-10-24T23:45;95;EUR;MWh;NO;NO;;-31;-31;-31;-1;DOWN
2025-10-24T23:45;2025-10-25T00:00;96;EUR;MWh;NO;NO;68;43.57;68;43.57;2;UP_AND_DOWN
2025-10-25T00:00;2025-10-25T00:15;1;EUR;MWh;NO;NO;;-4;-4;-4;-1;DOWN
2025-10-25T00:15;2025-10-25T00:30;2;EUR;MWh;NO;NO;67.96;-22.01;67.96;-22.01;2;UP_AND_DOWN
2025-10-25T00:30;2025-10-25T00:45;3;EUR;MWh;NO;NO;164;-7.55;164;-7.55;2;UP_AND_DOWN
2025-10-25T00:45;2025-10-25T01:00;4;EUR;MWh;NO;NO;100;-4;100;-4;2;UP_AND_DOWN
2025-10-25T01:00;2025-10-25T01:15;5;EUR;MWh;NO;NO;;50;50;50;-1;DOWN
2025-10-25T01:15;2025-10-25T01:30;6;EUR;MWh;NO;NO;;-4;-4;-4;-1;DOWN
2025-10-25T01:30;2025-10-25T01:45;7;EUR;MWh;NO;NO;;-10.06;-10.06;-10.06;-1;DOWN
2025-10-25T01:45;2025-10-25T02:00;8;EUR;MWh;NO;NO;;-15.23;-15.23;-15.23;-1;DOWN
2025-10-25T02:00;2025-10-25T02:15;9;EUR;MWh;NO;NO;67.96;-25.23;67.96;-25.23;2;UP_AND_DOWN
2025-10-25T02:15;2025-10-25T02:30;10;EUR;MWh;NO;NO;;-10.06;-10.06;-10.06;-1;DOWN
2025-10-25T02:30;2025-10-25T02:45;11;EUR;MWh;NO;NO;67.96;-15.06;67.96;-15.06;2;UP_AND_DOWN
2025-10-25T02:45;2025-10-25T03:00;12;EUR;MWh;NO;NO;;-40;-40;-40;-1;DOWN
2025-10-25T03:00;2025-10-25T03:15;13;EUR;MWh;NO;NO;114.31;-45;114.31;-45;2;UP_AND_DOWN
2025-10-25T03:15;2025-10-25T03:30;14;EUR;MWh;NO;NO;;-10.06;-10.06;-10.06;-1;DOWN
2025-10-25T03:30;2025-10-25T03:45;15;EUR;MWh;NO;NO;;-10.06;-10.06;-10.06;-1;DOWN
2025-10-25T03:45;2025-10-25T04:00;16;EUR;MWh;NO;NO;;-11.4;-11.4;-11.4;-1;DOWN
2025-10-25T04:00;2025-10-25T04:15;17;EUR;MWh;NO;NO;;-15.06;-15.06;-15.06;-1;DOWN
2025-10-25T04:15;2025-10-25T04:30;18;EUR;MWh;NO;NO;;-10.06;-10.06;-10.06;-1;DOWN
2025-10-25T04:30;2025-10-25T04:45;19;EUR;MWh;NO;NO;57.66;-10.06;-10.06;-10.06;-1;DOWN
2025-10-25T04:45;2025-10-25T05:00;20;EUR;MWh;NO;NO;;-28;-28;-28;-1;DOWN
2025-10-25T05:00;2025-10-25T05:15;21;EUR;MWh;NO;NO;88.42;-10;88.42;-10;2;UP_AND_DOWN
2025-10-25T05:15;2025-10-25T05:30;22;EUR;MWh;NO;NO;93.51;-10.06;93.51;-10.06;2;UP_AND_DOWN
2025-10-25T05:30;2025-10-25T05:45;23;EUR;MWh;NO;NO;57.66;-4;57.66;-4;2;UP_AND_DOWN
2025-10-25T05:45;2025-10-25T06:00;24;EUR;MWh;NO;NO;67.96;-6.92;-6.92;-6.92;-1;DOWN
2025-10-25T06:00;2025-10-25T06:15;25;EUR;MWh;NO;NO;57.66;-67.39;57.66;-67.39;2;UP_AND_DOWN
2025-10-25T06:15;2025-10-25T06:30;26;EUR;MWh;NO;NO;;-4;-4;-4;-1;DOWN
2025-10-25T06:30;2025-10-25T06:45;27;EUR;MWh;NO;NO;;-10.06;-10.06;-10.06;-1;DOWN
2025-10-25T06:45;2025-10-25T07:00;28;EUR;MWh;NO;NO;43;-10;-10;-10;-1;DOWN
2025-10-25T07:00;2025-10-25T07:15;29;EUR;MWh;NO;NO;;-39;-39;-39;-1;DOWN
2025-10-25T07:15;2025-10-25T07:30;30;EUR;MWh;NO;NO;;-10.06;-10.06;-10.06;-1;DOWN
2025-10-25T07:30;2025-10-25T07:45;31;EUR;MWh;NO;NO;;-4;-4;-4;-1;DOWN
2025-10-25T07:45;2025-10-25T08:00;32;EUR;MWh;NO;NO;;-15.06;-15.06;-15.06;-1;DOWN
2025-10-25T08:00;2025-10-25T08:15;33;EUR;MWh;NO;NO;39;-4;50.42;-4;2;UP_AND_DOWN
2025-10-25T08:15;2025-10-25T08:30;34;EUR;MWh;NO;NO;;-10.06;-10.06;-10.06;-1;DOWN
2025-10-25T08:30;2025-10-25T08:45;35;EUR;MWh;NO;NO;39;29;29;29;-1;DOWN
2025-10-25T08:45;2025-10-25T09:00;36;EUR;MWh;NO;NO;39;-3.9;46.13;-3.9;2;UP_AND_DOWN
2025-10-25T09:00;2025-10-25T09:15;37;EUR;MWh;NO;NO;39;-42.65;50.42;-42.65;2;UP_AND_DOWN
2025-10-25T09:15;2025-10-25T09:30;38;EUR;MWh;NO;NO;39;-4;45.4;-4;2;UP_AND_DOWN
2025-10-25T09:30;2025-10-25T09:45;39;EUR;MWh;NO;NO;59.77;-40.1;59.77;-40.1;2;UP_AND_DOWN
2025-10-25T09:45;2025-10-25T10:00;40;EUR;MWh;NO;NO;39;-40.45;50.42;-40.45;2;UP_AND_DOWN
2025-10-25T10:00;2025-10-25T10:15;41;EUR;MWh;NO;NO;;-77.69;-77.69;-77.69;-1;DOWN
2025-10-25T10:15;2025-10-25T10:30;42;EUR;MWh;NO;NO;;-15.06;-15.06;-15.06;-1;DOWN
2025-10-25T10:30;2025-10-25T10:45;43;EUR;MWh;NO;NO;;-40;-40;-40;-1;DOWN
2025-10-25T10:45;2025-10-25T11:00;44;EUR;MWh;NO;NO;43;-89.29;50.42;-89.29;2;UP_AND_DOWN
2025-10-25T11:00;2025-10-25T11:15;45;EUR;MWh;NO;NO;129;-29.9;129;-29.9;2;UP_AND_DOWN
2025-10-25T11:15;2025-10-25T11:30;46;EUR;MWh;NO;NO;95.16;-4;95.16;-4;2;UP_AND_DOWN
2025-10-25T11:30;2025-10-25T11:45;47;EUR;MWh;NO;NO;137.1;-4;137.1;-4;2;UP_AND_DOWN
2025-10-25T11:45;2025-10-25T12:00;48;EUR;MWh;NO;NO;116;10;116;10;2;UP_AND_DOWN
2025-10-25T12:00;2025-10-25T12:15;49;EUR;MWh;NO;NO;168.2;;168.2;168.2;1;UP
2025-10-25T12:15;2025-10-25T12:30;50;EUR;MWh;NO;NO;137.1;;137.1;137.1;1;UP
2025-10-25T12:30;2025-10-25T12:45;51;EUR;MWh;NO;NO;137.1;10;137.1;137.1;1;UP
2025-10-25T12:45;2025-10-25T13:00;52;EUR;MWh;NO;NO;;-13.61;-13.61;-13.61;-1;DOWN
2025-10-25T13:00;2025-10-25T13:15;53;EUR;MWh;NO;NO;;-5.01;-5.01;-5.01;-1;DOWN
2025-10-25T13:15;2025-10-25T13:30;54;EUR;MWh;NO;NO;38;-5.01;49.87;-5.01;2;UP_AND_DOWN
2025-10-25T13:30;2025-10-25T13:45;55;EUR;MWh;NO;NO;38;-25;49.87;-25;2;UP_AND_DOWN
2025-10-25T13:45;2025-10-25T14:00;56;EUR;MWh;NO;NO;38;-4;-4;-4;-1;DOWN
2025-10-25T14:00;2025-10-25T14:15;57;EUR;MWh;NO;NO;;-29.7;-29.7;-29.7;-1;DOWN
2025-10-25T14:15;2025-10-25T14:30;58;EUR;MWh;NO;NO;38;-57.98;-57.98;-57.98;-1;DOWN
2025-10-25T14:30;2025-10-25T14:45;59;EUR;MWh;NO;NO;67.86;-12.04;67.86;-12.04;2;UP_AND_DOWN
2025-10-25T14:45;2025-10-25T15:00;60;EUR;MWh;NO;NO;137.1;-25;137.1;-25;2;UP_AND_DOWN
2025-10-25T15:00;2025-10-25T15:15;61;EUR;MWh;NO;NO;;-45;-45;-45;-1;DOWN
2025-10-25T15:15;2025-10-25T15:30;62;EUR;MWh;NO;NO;38;-56.19;49.92;-56.19;2;UP_AND_DOWN
2025-10-25T15:30;2025-10-25T15:45;63;EUR;MWh;NO;NO;38;-3.8;-3.8;-3.8;-1;DOWN
2025-10-25T15:45;2025-10-25T16:00;64;EUR;MWh;NO;NO;38;-15.06;49.92;-15.06;2;UP_AND_DOWN
2025-10-25T16:00;2025-10-25T16:15;65;EUR;MWh;NO;NO;;-30;-30;-30;-1;DOWN
2025-10-25T16:15;2025-10-25T16:30;66;EUR;MWh;NO;NO;67.96;-45;67.96;-45;2;UP_AND_DOWN
2025-10-25T16:30;2025-10-25T16:45;67;EUR;MWh;NO;NO;95.26;-3.66;95.26;95.26;1;UP
2025-10-25T16:45;2025-10-25T17:00;68;EUR;MWh;NO;NO;43;-4;-4;-4;-1;DOWN
2025-10-25T17:00;2025-10-25T17:15;69;EUR;MWh;NO;NO;67.96;-61;-61;-61;-1;DOWN
2025-10-25T17:15;2025-10-25T17:30;70;EUR;MWh;NO;NO;40;-3.9;-3.9;-3.9;-1;DOWN
2025-10-25T17:30;2025-10-25T17:45;71;EUR;MWh;NO;NO;;-3.66;-3.66;-3.66;-1;DOWN
2025-10-25T17:45;2025-10-25T18:00;72;EUR;MWh;NO;NO;;-15.06;-15.06;-15.06;-1;DOWN
2025-10-25T18:00;2025-10-25T18:15;73;EUR;MWh;NO;NO;;43;43;43;-1;DOWN
2025-10-25T18:15;2025-10-25T18:30;74;EUR;MWh;NO;NO;89.16;38.6;89.16;89.16;1;UP
2025-10-25T18:30;2025-10-25T18:45;75;EUR;MWh;NO;NO;164;83;164;61.5;2;UP_AND_DOWN
2025-10-25T18:45;2025-10-25T19:00;76;EUR;MWh;NO;NO;137.1;13.16;137.1;13.16;2;UP_AND_DOWN
2025-10-25T19:00;2025-10-25T19:15;77;EUR;MWh;NO;NO;67.96;33.78;33.78;33.78;-1;DOWN
2025-10-25T19:15;2025-10-25T19:30;78;EUR;MWh;NO;NO;57.66;;57.66;57.66;1;UP
2025-10-25T19:30;2025-10-25T19:45;79;EUR;MWh;NO;NO;100;;100;100;1;UP
2025-10-25T19:45;2025-10-25T20:00;80;EUR;MWh;NO;NO;126;43;126;126;1;UP
2025-10-25T20:00;2025-10-25T20:15;81;EUR;MWh;NO;NO;126;83;61.5;61.5;0;STABLE
2025-10-25T20:15;2025-10-25T20:30;82;EUR;MWh;NO;NO;;83;83;83;-1;DOWN
2025-10-25T20:30;2025-10-25T20:45;83;EUR;MWh;NO;NO;;83;61.5;61.5;0;STABLE
2025-10-25T20:45;2025-10-25T21:00;84;EUR;MWh;NO;NO;;83;61.5;61.5;0;STABLE
2025-10-25T21:00;2025-10-25T21:15;85;EUR;MWh;NO;NO;;83;61.5;61.5;0;STABLE
2025-10-25T21:15;2025-10-25T21:30;86;EUR;MWh;NO;NO;67.96;-4;-4;-4;-1;DOWN
2025-10-25T21:30;2025-10-25T21:45;87;EUR;MWh;NO;NO;91;-4;91;-4;2;UP_AND_DOWN
2025-10-25T21:45;2025-10-25T22:00;88;EUR;MWh;NO;NO;;-25.78;-25.78;-25.78;-1;DOWN
2025-10-25T22:00;2025-10-25T22:15;89;EUR;MWh;NO;NO;97;-28;97;97;1;UP
2025-10-25T22:15;2025-10-25T22:30;90;EUR;MWh;NO;NO;91;-4;91;-4;2;UP_AND_DOWN
2025-10-25T22:30;2025-10-25T22:45;91;EUR;MWh;NO;NO;91;-4;91;-4;2;UP_AND_DOWN
2025-10-25T22:45;2025-10-25T23:00;92;EUR;MWh;NO;NO;137.1;-4;137.1;-4;2;UP_AND_DOWN
2025-10-25T23:00;2025-10-25T23:15;93;EUR;MWh;NO;NO;91;;91;91;1;UP
2025-10-25T23:15;2025-10-25T23:30;94;EUR;MWh;NO;NO;100;-4;100;-4;2;UP_AND_DOWN
2025-10-25T23:30;2025-10-25T23:45;95;EUR;MWh;NO;NO;91;-60.93;91;-60.93;2;UP_AND_DOWN
2025-10-25T23:45;2025-10-26T00:00;96;EUR;MWh;NO;NO;100;-57.98;100;-57.98;2;UP_AND_DOWN
2025-10-26T00:00;2025-10-26T00:15;1;EUR;MWh;NO;NO;90.37;-57.98;90.37;90.37;1;UP
2025-10-26T00:15;2025-10-26T00:30;2;EUR;MWh;NO;NO;104.34;;104.34;104.34;1;UP
2025-10-26T00:30;2025-10-26T00:45;3;EUR;MWh;NO;NO;10;-9.53;35.92;-9.53;2;UP_AND_DOWN
2025-10-26T00:45;2025-10-26T01:00;4;EUR;MWh;NO;NO;64.78;-9.58;64.78;-9.58;2;UP_AND_DOWN
2025-10-26T01:00;2025-10-26T01:15;5;EUR;MWh;NO;NO;;-36.17;-36.17;-36.17;-1;DOWN
2025-10-26T01:15;2025-10-26T01:30;6;EUR;MWh;NO;NO;;-36.09;-36.09;-36.09;-1;DOWN
2025-10-26T01:30;2025-10-26T01:45;7;EUR;MWh;NO;NO;10;-15.03;-15.03;-15.03;-1;DOWN
2025-10-26T01:45;2025-10-26T02:00;8;EUR;MWh;NO;NO;;-30;-30;-30;-1;DOWN
2025-10-26T02:00;2025-10-26T02:15;9;EUR;MWh;NO;NO;;-41.1;-41.1;-41.1;-1;DOWN
2025-10-26T02:00;2025-10-26T02:15;13;EUR;MWh;NO;NO;;-102.1;-102.1;-102.1;-1;DOWN
2025-10-26T02:15;2025-10-26T02:30;10;EUR;MWh;NO;NO;;-42.11;-42.11;-42.11;-1;DOWN
2025-10-26T02:15;2025-10-26T02:30;14;EUR;MWh;NO;NO;57.01;-20.66;57.01;-20.66;2;UP_AND_DOWN
2025-10-26T02:30;2025-10-26T02:45;11;EUR;MWh;NO;NO;;-10.06;-10.06;-10.06;-1;DOWN
2025-10-26T02:30;2025-10-26T02:45;15;EUR;MWh;NO;NO;69.96;-45.24;69.96;-45.24;2;UP_AND_DOWN
2025-10-26T02:45;2025-10-26T02:00;12;EUR;MWh;NO;NO;;-102.6;-102.6;-102.6;-1;DOWN
2025-10-26T02:45;2025-10-26T03:00;16;EUR;MWh;NO;NO;;-83.63;-83.63;-83.63;-1;DOWN
2025-10-26T03:00;2025-10-26T03:15;17;EUR;MWh;NO;NO;150;-103.8;150;-103.8;2;UP_AND_DOWN
2025-10-26T03:15;2025-10-26T03:30;18;EUR;MWh;NO;NO;64.74;-30;64.74;-30;2;UP_AND_DOWN
2025-10-26T03:30;2025-10-26T03:45;19;EUR;MWh;NO;NO;57.34;-10.06;57.34;-10.06;2;UP_AND_DOWN
2025-10-26T03:45;2025-10-26T04:00;20;EUR;MWh;NO;NO;64.75;-10.51;64.75;-10.51;2;UP_AND_DOWN
2025-10-26T04:00;2025-10-26T04:15;21;EUR;MWh;NO;NO;;-10.43;-10.43;-10.43;-1;DOWN
2025-10-26T04:15;2025-10-26T04:30;22;EUR;MWh;NO;NO;;-10.35;-10.35;-10.35;-1;DOWN
2025-10-26T04:30;2025-10-26T04:45;23;EUR;MWh;NO;NO;;-10.43;-10.43;-10.43;-1;DOWN
2025-10-26T04:45;2025-10-26T05:00;24;EUR;MWh;NO;NO;64.76;-10.43;64.76;-10.43;2;UP_AND_DOWN
2025-10-26T05:00;2025-10-26T05:15;25;EUR;MWh;NO;NO;57.01;-10.35;57.01;-10.35;2;UP_AND_DOWN
2025-10-26T05:15;2025-10-26T05:30;26;EUR;MWh;NO;NO;64.8;-10.09;64.8;-10.09;2;UP_AND_DOWN
2025-10-26T05:30;2025-10-26T05:45;27;EUR;MWh;NO;NO;64.84;-4;64.84;-4;2;UP_AND_DOWN
2025-10-26T05:45;2025-10-26T06:00;28;EUR;MWh;NO;NO;64.82;-4;64.82;64.82;1;UP
2025-10-26T06:00;2025-10-26T06:15;29;EUR;MWh;NO;NO;64.82;-9.94;64.82;-9.94;2;UP_AND_DOWN
2025-10-26T06:15;2025-10-26T06:30;30;EUR;MWh;NO;NO;64.82;-10.05;64.82;-10.05;2;UP_AND_DOWN
2025-10-26T06:30;2025-10-26T06:45;31;EUR;MWh;NO;NO;64.79;-10.31;64.79;-10.31;2;UP_AND_DOWN
2025-10-26T06:45;2025-10-26T07:00;32;EUR;MWh;NO;NO;57.34;-10.55;57.34;-10.55;2;UP_AND_DOWN
2025-10-26T07:00;2025-10-26T07:15;33;EUR;MWh;NO;NO;74.71;-10.06;74.71;-10.06;2;UP_AND_DOWN
2025-10-26T07:15;2025-10-26T07:30;34;EUR;MWh;NO;NO;64.76;-10.55;64.76;-10.55;2;UP_AND_DOWN
2025-10-26T07:30;2025-10-26T07:45;35;EUR;MWh;NO;NO;75.42;;75.42;75.42;1;UP
2025-10-26T07:45;2025-10-26T08:00;36;EUR;MWh;NO;NO;75.42;;50.92;50.92;0;STABLE
2025-10-26T08:00;2025-10-26T08:15;37;EUR;MWh;NO;NO;64.94;;64.94;64.94;1;UP
2025-10-26T08:15;2025-10-26T08:30;38;EUR;MWh;NO;NO;64.94;-8.94;-8.94;-8.94;-1;DOWN
2025-10-26T08:30;2025-10-26T08:45;39;EUR;MWh;NO;NO;;-8.99;-8.99;-8.99;-1;DOWN
2025-10-26T08:45;2025-10-26T09:00;40;EUR;MWh;NO;NO;;-10.06;-10.06;-10.06;-1;DOWN
2025-10-26T09:00;2025-10-26T09:15;41;EUR;MWh;NO;NO;;-8.99;-8.99;-8.99;-1;DOWN
2025-10-26T09:15;2025-10-26T09:30;42;EUR;MWh;NO;NO;;-47.4;-47.4;-47.4;-1;DOWN
2025-10-26T09:30;2025-10-26T09:45;43;EUR;MWh;NO;NO;;-47.4;-47.4;-47.4;-1;DOWN
2025-10-26T09:45;2025-10-26T10:00;44;EUR;MWh;NO;NO;;-15.06;-15.06;-15.06;-1;DOWN
2025-10-26T10:00;2025-10-26T10:15;45;EUR;MWh;NO;NO;137.3;-9.03;137.3;-9.03;2;UP_AND_DOWN
2025-10-26T10:15;2025-10-26T10:30;46;EUR;MWh;NO;NO;40;-15.06;-15.06;-15.06;-1;DOWN
2025-10-26T10:30;2025-10-26T10:45;47;EUR;MWh;NO;NO;64.96;-22.22;64.96;-22.22;2;UP_AND_DOWN
2025-10-26T10:45;2025-10-26T11:00;48;EUR;MWh;NO;NO;;-10.06;-10.06;-10.06;-1;DOWN
2025-10-26T11:00;2025-10-26T11:15;49;EUR;MWh;NO;NO;69.96;-10.06;69.96;-10.06;2;UP_AND_DOWN
2025-10-26T11:15;2025-10-26T11:30;50;EUR;MWh;NO;NO;90;-22.62;90;-22.62;2;UP_AND_DOWN
2025-10-26T11:30;2025-10-26T11:45;51;EUR;MWh;NO;NO;;-23.03;-23.03;-23.03;-1;DOWN
2025-10-26T11:45;2025-10-26T12:00;52;EUR;MWh;NO;NO;97.07;-9.16;97.07;-9.16;2;UP_AND_DOWN
2025-10-26T12:00;2025-10-26T12:15;53;EUR;MWh;NO;NO;90;-15.06;90;-15.06;2;UP_AND_DOWN
2025-10-26T12:15;2025-10-26T12:30;54;EUR;MWh;NO;NO;79.96;-22.89;79.96;-22.89;2;UP_AND_DOWN
2025-10-26T12:30;2025-10-26T12:45;55;EUR;MWh;NO;NO;79.96;-22.62;79.96;-22.62;2;UP_AND_DOWN
2025-10-26T12:45;2025-10-26T13:00;56;EUR;MWh;NO;NO;;-22.62;-22.62;-22.62;-1;DOWN
2025-10-26T13:00;2025-10-26T13:15;57;EUR;MWh;NO;NO;140;-51.9;140;-51.9;2;UP_AND_DOWN
2025-10-26T13:15;2025-10-26T13:30;58;EUR;MWh;NO;NO;140;-23.44;-23.44;-23.44;-1;DOWN
2025-10-26T13:30;2025-10-26T13:45;59;EUR;MWh;NO;NO;;-10.06;-10.06;-10.06;-1;DOWN
2025-10-26T13:45;2025-10-26T14:00;60;EUR;MWh;NO;NO;;-9.21;-9.21;-9.21;-1;DOWN
2025-10-26T14:00;2025-10-26T14:15;61;EUR;MWh;NO;NO;79.96;-4;79.96;-4;2;UP_AND_DOWN
2025-10-26T14:15;2025-10-26T14:30;62;EUR;MWh;NO;NO;40;;50.92;50.92;0;STABLE
2025-10-26T14:30;2025-10-26T14:45;63;EUR;MWh;NO;NO;;-4;50.92;50.92;0;STABLE
2025-10-26T14:45;2025-10-26T15:00;64;EUR;MWh;NO;NO;90;;90;90;1;UP
2025-10-26T15:00;2025-10-26T15:15;65;EUR;MWh;NO;NO;65.99;-22.22;65.99;-22.22;2;UP_AND_DOWN
2025-10-26T15:15;2025-10-26T15:30;66;EUR;MWh;NO;NO;90;-15.06;90;-15.06;2;UP_AND_DOWN
2025-10-26T15:30;2025-10-26T15:45;67;EUR;MWh;NO;NO;90;-10.06;90;-10.06;2;UP_AND_DOWN
2025-10-26T15:45;2025-10-26T16:00;68;EUR;MWh;NO;NO;137.3;-9.51;137.3;-9.51;2;UP_AND_DOWN
2025-10-26T16:00;2025-10-26T16:15;69;EUR;MWh;NO;NO;137.3;-8;137.3;-8;2;UP_AND_DOWN
2025-10-26T16:15;2025-10-26T16:30;70;EUR;MWh;NO;NO;111;;111;111;1;UP
2025-10-26T16:30;2025-10-26T16:45;71;EUR;MWh;NO;NO;137.3;;137.3;137.3;1;UP
2025-10-26T16:45;2025-10-26T17:00;72;EUR;MWh;NO;NO;137.3;;137.3;137.3;1;UP
2025-10-26T17:00;2025-10-26T17:15;73;EUR;MWh;NO;NO;173;;173;173;1;UP
2025-10-26T17:15;2025-10-26T17:30;74;EUR;MWh;NO;NO;137.3;;137.3;137.3;1;UP
2025-10-26T17:30;2025-10-26T17:45;75;EUR;MWh;NO;NO;188.2;;188.2;188.2;1;UP
2025-10-26T17:45;2025-10-26T18:00;76;EUR;MWh;NO;NO;303.08;;303.08;303.08;1;UP
2025-10-26T18:00;2025-10-26T18:15;77;EUR;MWh;NO;NO;165;;165;165;1;UP
2025-10-26T18:15;2025-10-26T18:30;78;EUR;MWh;NO;NO;71.06;58.99;71.06;71.06;1;UP
2025-10-26T18:30;2025-10-26T18:45;79;EUR;MWh;NO;NO;72.49;58.99;72.49;72.49;1;UP
2025-10-26T18:45;2025-10-26T19:00;80;EUR;MWh;NO;NO;68.37;-4;68.37;-4;2;UP_AND_DOWN
2025-10-26T19:00;2025-10-26T19:15;81;EUR;MWh;NO;NO;70.14;-.9;70.14;-.9;2;UP_AND_DOWN
2025-10-26T19:15;2025-10-26T19:30;82;EUR;MWh;NO;NO;137.3;-.9;137.3;137.3;1;UP
2025-10-26T19:30;2025-10-26T19:45;83;EUR;MWh;NO;NO;43;-4;53;-4;2;UP_AND_DOWN
2025-10-26T19:45;2025-10-26T20:00;84;EUR;MWh;NO;NO;66.38;-4;66.38;-4;2;UP_AND_DOWN
2025-10-26T20:00;2025-10-26T20:15;85;EUR;MWh;NO;NO;140;;140;140;1;UP
2025-10-26T20:15;2025-10-26T20:30;86;EUR;MWh;NO;NO;64.8;-4;64.8;-4;2;UP_AND_DOWN
2025-10-26T20:30;2025-10-26T20:45;87;EUR;MWh;NO;NO;62.68;;62.68;62.68;1;UP
2025-10-26T20:45;2025-10-26T21:00;88;EUR;MWh;NO;NO;43;-4;43;43;1;UP
2025-10-26T21:00;2025-10-26T21:15;89;EUR;MWh;NO;NO;74.11;;74.11;74.11;1;UP
2025-10-26T21:15;2025-10-26T21:30;90;EUR;MWh;NO;NO;43;-4;43;43;1;UP
2025-10-26T21:30;2025-10-26T21:45;91;EUR;MWh;NO;NO;43;-4;-4;-4;-1;DOWN
2025-10-26T21:45;2025-10-26T22:00;92;EUR;MWh;NO;NO;;-27.83;-27.83;-27.83;-1;DOWN
2025-10-26T22:00;2025-10-26T22:15;93;EUR;MWh;NO;NO;;-17.48;-17.48;-17.48;-1;DOWN
2025-10-26T22:15;2025-10-26T22:30;94;EUR;MWh;NO;NO;;-10.06;-10.06;-10.06;-1;DOWN
2025-10-26T22:30;2025-10-26T22:45;95;EUR;MWh;NO;NO;43;-10.06;43;-10.06;2;UP_AND_DOWN
2025-10-26T22:45;2025-10-26T23:00;96;EUR;MWh;NO;NO;64.91;-15.06;64.91;-15.06;2;UP_AND_DOWN
2025-10-26T23:00;2025-10-26T23:15;97;EUR;MWh;NO;NO;61.02;-16.53;61.02;-16.53;2;UP_AND_DOWN
2025-10-26T23:15;2025-10-26T23:30;98;EUR;MWh;NO;NO;59.52;-16.79;59.52;-16.79;2;UP_AND_DOWN
2025-10-26T23:30;2025-10-26T23:45;99;EUR;MWh;NO;NO;131;-30;131;-30;2;UP_AND_DOWN
2025-10-26T23:45;2025-10-27T00:00;100;EUR;MWh;NO;NO;59.52;-101.3;59.52;-101.3;2;UP_AND_DOWN
2025-10-27T00:00;2025-10-27T00:15;1;EUR;MWh;NO;NO;1662;-28.27;1662;-28.27;2;UP_AND_DOWN
2025-10-27T00:15;2025-10-27T00:30;2;EUR;MWh;NO;NO;122;-96.5;122;-96.5;2;UP_AND_DOWN
2025-10-27T00:30;2025-10-27T00:45;3;EUR;MWh;NO;NO;;-15.06;-15.06;-15.06;-1;DOWN
2025-10-27T00:45;2025-10-27T01:00;4;EUR;MWh;NO;NO;;-30;-30;-30;-1;DOWN
2025-10-27T01:00;2025-10-27T01:15;5;EUR;MWh;NO;NO;75;-11.15;75;-11.15;2;UP_AND_DOWN
2025-10-27T01:15;2025-10-27T01:30;6;EUR;MWh;NO;NO;10;-11;35.59;-11;2;UP_AND_DOWN
2025-10-27T01:30;2025-10-27T01:45;7;EUR;MWh;NO;NO;10;-15.06;-15.06;-15.06;-1;DOWN
2025-10-27T01:45;2025-10-27T02:00;8;EUR;MWh;NO;NO;68.34;-30;68.34;-30;2;UP_AND_DOWN
2025-10-27T02:00;2025-10-27T02:15;9;EUR;MWh;NO;NO;;-4.06;-4.06;-4.06;-1;DOWN
2025-10-27T02:15;2025-10-27T02:30;10;EUR;MWh;NO;NO;;-11;-11;-11;-1;DOWN
2025-10-27T02:30;2025-10-27T02:45;11;EUR;MWh;NO;NO;;-10.06;-10.06;-10.06;-1;DOWN
2025-10-27T02:45;2025-10-27T03:00;12;EUR;MWh;NO;NO;;-36;-36;-36;-1;DOWN
2025-10-27T03:00;2025-10-27T03:15;13;EUR;MWh;NO;NO;;-30;-30;-30;-1;DOWN
2025-10-27T03:15;2025-10-27T03:30;14;EUR;MWh;NO;NO;;-10.06;-10.06;-10.06;-1;DOWN
2025-10-27T03:30;2025-10-27T03:45;15;EUR;MWh;NO;NO;;-10.06;-10.06;-10.06;-1;DOWN
2025-10-27T03:45;2025-10-27T04:00;16;EUR;MWh;NO;NO;;-4;-4;-4;-1;DOWN
2025-10-27T04:00;2025-10-27T04:15;17;EUR;MWh;NO;NO;40;-66.2;40;-66.2;2;UP_AND_DOWN
2025-10-27T04:15;2025-10-27T04:30;18;EUR;MWh;NO;NO;;-4;-4;-4;-1;DOWN
2025-10-27T04:30;2025-10-27T04:45;19;EUR;MWh;NO;NO;;-68.2;-68.2;-68.2;-1;DOWN
2025-10-27T04:45;2025-10-27T05:00;20;EUR;MWh;NO;NO;88.99;-68.2;88.99;-68.2;2;UP_AND_DOWN
2025-10-27T05:00;2025-10-27T05:15;21;EUR;MWh;NO;NO;88.99;-90.53;88.99;-90.53;2;UP_AND_DOWN
2025-10-27T05:15;2025-10-27T05:30;22;EUR;MWh;NO;NO;10;-28;-28;-28;-1;DOWN
2025-10-27T05:30;2025-10-27T05:45;23;EUR;MWh;NO;NO;57.34;-10.06;57.34;-10.06;2;UP_AND_DOWN
2025-10-27T05:45;2025-10-27T06:00;24;EUR;MWh;NO;NO;75;-15.06;75;-15.06;2;UP_AND_DOWN
2025-10-27T06:00;2025-10-27T06:15;25;EUR;MWh;NO;NO;136.6;-4;136.6;-4;2;UP_AND_DOWN
2025-10-27T06:15;2025-10-27T06:30;26;EUR;MWh;NO;NO;119;;119;119;1;UP
2025-10-27T06:30;2025-10-27T06:45;27;EUR;MWh;NO;NO;57.34;-4;57.34;57.34;1;UP
2025-10-27T06:45;2025-10-27T07:00;28;EUR;MWh;NO;NO;68.34;;68.34;68.34;1;UP
2025-10-27T07:00;2025-10-27T07:15;29;EUR;MWh;NO;NO;57.34;;57.34;57.34;1;UP
2025-10-27T07:15;2025-10-27T07:30;30;EUR;MWh;NO;NO;43;43;61.5;61.5;0;STABLE
2025-10-27T07:30;2025-10-27T07:45;31;EUR;MWh;NO;NO;;-3.95;-3.95;-3.95;-1;DOWN
2025-10-27T07:45;2025-10-27T08:00;32;EUR;MWh;NO;NO;;43;43;43;-1;DOWN
2025-10-27T08:00;2025-10-27T08:15;33;EUR;MWh;NO;NO;122;43;122;122;1;UP
2025-10-27T08:15;2025-10-27T08:30;34;EUR;MWh;NO;NO;122;;122;122;1;UP
2025-10-27T08:30;2025-10-27T08:45;35;EUR;MWh;NO;NO;122;;122;122;1;UP
2025-10-27T08:45;2025-10-27T09:00;36;EUR;MWh;NO;NO;96;;96;96;1;UP
2025-10-27T09:00;2025-10-27T09:15;37;EUR;MWh;NO;NO;140;;140;140;1;UP
2025-10-27T09:15;2025-10-27T09:30;38;EUR;MWh;NO;NO;140;;140;140;1;UP
2025-10-27T09:30;2025-10-27T09:45;39;EUR;MWh;NO;NO;165;-2.29;165;-2.29;2;UP_AND_DOWN
2025-10-27T09:45;2025-10-27T10:00;40;EUR;MWh;NO;NO;165;10;165;10;2;UP_AND_DOWN
2025-10-27T10:00;2025-10-27T10:15;41;EUR;MWh;NO;NO;140;;140;140;1;UP
2025-10-27T10:15;2025-10-27T10:30;42;EUR;MWh;NO;NO;141;37;141;37;2;UP_AND_DOWN
2025-10-27T10:30;2025-10-27T10:45;43;EUR;MWh;NO;NO;140;45;140;45;2;UP_AND_DOWN
2025-10-27T10:45;2025-10-27T11:00;44;EUR;MWh;NO;NO;68.34;;68.34;0;2;UP_AND_DOWN
2025-10-27T11:00;2025-10-27T11:15;45;EUR;MWh;NO;NO;68.34;10;68.34;10;2;UP_AND_DOWN
2025-10-27T11:15;2025-10-27T11:30;46;EUR;MWh;NO;NO;140;;140;140;1;UP
2025-10-27T11:30;2025-10-27T11:45;47;EUR;MWh;NO;NO;136.6;43;136.6;43;2;UP_AND_DOWN
2025-10-27T11:45;2025-10-27T12:00;48;EUR;MWh;NO;NO;140;;140;140;1;UP
2025-10-27T12:00;2025-10-27T12:15;49;EUR;MWh;NO;NO;156;;156;156;1;UP
2025-10-27T12:15;2025-10-27T12:30;50;EUR;MWh;NO;NO;165;;165;165;1;UP
2025-10-27T12:30;2025-10-27T12:45;51;EUR;MWh;NO;NO;156;10;156;10;2;UP_AND_DOWN
2025-10-27T12:45;2025-10-27T13:00;52;EUR;MWh;NO;NO;75;-10.06;75;-10.06;2;UP_AND_DOWN
2025-10-27T13:00;2025-10-27T13:15;53;EUR;MWh;NO;NO;136.6;-8.27;136.6;-8.27;2;UP_AND_DOWN
2025-10-27T13:15;2025-10-27T13:30;54;EUR;MWh;NO;NO;136.6;-30.3;136.6;-30.3;2;UP_AND_DOWN
2025-10-27T13:30;2025-10-27T13:45;55;EUR;MWh;NO;NO;;-31;-31;-31;-1;DOWN
2025-10-27T13:45;2025-10-27T14:00;56;EUR;MWh;NO;NO;;-29.9;-29.9;-29.9;-1;DOWN
2025-10-27T14:00;2025-10-27T14:15;57;EUR;MWh;NO;NO;;-50;-50;-50;-1;DOWN
2025-10-27T14:15;2025-10-27T14:30;58;EUR;MWh;NO;NO;90.96;-28.71;90.96;-28.71;2;UP_AND_DOWN
2025-10-27T14:30;2025-10-27T14:45;59;EUR;MWh;NO;NO;100;-30;100;-30;2;UP_AND_DOWN
2025-10-27T14:45;2025-10-27T15:00;60;EUR;MWh;NO;NO;136.6;-29.8;136.6;-29.8;2;UP_AND_DOWN
2025-10-27T15:00;2025-10-27T15:15;61;EUR;MWh;NO;NO;140;29.04;140;140;1;UP
2025-10-27T15:15;2025-10-27T15:30;62;EUR;MWh;NO;NO;43;-4;-4;-4;-1;DOWN
2025-10-27T15:30;2025-10-27T15:45;63;EUR;MWh;NO;NO;126;-11.05;126;-11.05;2;UP_AND_DOWN
2025-10-27T15:45;2025-10-27T16:00;64;EUR;MWh;NO;NO;68.34;43;74.71;43;2;UP_AND_DOWN
2025-10-27T16:00;2025-10-27T16:15;65;EUR;MWh;NO;NO;100;43;100;43;2;UP_AND_DOWN
2025-10-27T16:15;2025-10-27T16:30;66;EUR;MWh;NO;NO;136.6;;136.6;136.6;1;UP
2025-10-27T16:30;2025-10-27T16:45;67;EUR;MWh;NO;NO;136.6;;136.6;136.6;1;UP
2025-10-27T16:45;2025-10-27T17:00;68;EUR;MWh;NO;NO;141;;141;141;1;UP
2025-10-27T17:00;2025-10-27T17:15;69;EUR;MWh;NO;NO;127.95;.8;127.95;.8;2;UP_AND_DOWN
2025-10-27T17:15;2025-10-27T17:30;70;EUR;MWh;NO;NO;136.6;;136.6;136.6;1;UP
2025-10-27T17:30;2025-10-27T17:45;71;EUR;MWh;NO;NO;136.6;;136.6;136.6;1;UP
2025-10-27T17:45;2025-10-27T18:00;72;EUR;MWh;NO;NO;110.58;;110.58;110.58;1;UP
2025-10-27T18:00;2025-10-27T18:15;73;EUR;MWh;NO;NO;89.04;;89.04;89.04;1;UP
2025-10-27T18:15;2025-10-27T18:30;74;EUR;MWh;NO;NO;136.6;;136.6;136.6;1;UP
2025-10-27T18:30;2025-10-27T18:45;75;EUR;MWh;NO;NO;142;;142;142;1;UP
2025-10-27T18:45;2025-10-27T19:00;76;EUR;MWh;NO;NO;136.6;74.76;136.6;61.5;2;UP_AND_DOWN
2025-10-27T19:00;2025-10-27T19:15;77;EUR;MWh;NO;NO;43;8.69;8.69;8.69;-1;DOWN
2025-10-27T19:15;2025-10-27T19:30;78;EUR;MWh;NO;NO;;8.69;8.69;8.69;-1;DOWN
2025-10-27T19:30;2025-10-27T19:45;79;EUR;MWh;NO;NO;136.6;8.69;136.6;8.69;2;UP_AND_DOWN
2025-10-27T19:45;2025-10-27T20:00;80;EUR;MWh;NO;NO;;8.69;8.69;8.69;-1;DOWN
2025-10-27T20:00;2025-10-27T20:15;81;EUR;MWh;NO;NO;154;-8.88;154;-8.88;2;UP_AND_DOWN
2025-10-27T20:15;2025-10-27T20:30;82;EUR;MWh;NO;NO;200;-8.58;200;-8.58;2;UP_AND_DOWN
2025-10-27T20:30;2025-10-27T20:45;83;EUR;MWh;NO;NO;155;-2.12;155;-2.12;2;UP_AND_DOWN
2025-10-27T20:45;2025-10-27T21:00;84;EUR;MWh;NO;NO;165;;165;165;1;UP
2025-10-27T21:00;2025-10-27T21:15;85;EUR;MWh;NO;NO;163;;163;163;1;UP
2025-10-27T21:15;2025-10-27T21:30;86;EUR;MWh;NO;NO;136.49;;136.49;136.49;1;UP
2025-10-27T21:30;2025-10-27T21:45;87;EUR;MWh;NO;NO;140;;140;140;1;UP
2025-10-27T21:45;2025-10-27T22:00;88;EUR;MWh;NO;NO;166.6;;166.6;166.6;1;UP
2025-10-27T22:00;2025-10-27T22:15;89;EUR;MWh;NO;NO;68.34;;68.34;68.34;1;UP
2025-10-27T22:15;2025-10-27T22:30;90;EUR;MWh;NO;NO;89.04;;89.04;89.04;1;UP
2025-10-27T22:30;2025-10-27T22:45;91;EUR;MWh;NO;NO;82.04;36.04;36.04;36.04;-1;DOWN
2025-10-27T22:45;2025-10-27T23:00;92;EUR;MWh;NO;NO;;-15.19;-15.19;-15.19;-1;DOWN
2025-10-27T23:00;2025-10-27T23:15;93;EUR;MWh;NO;NO;3963.34;23.04;3963.34;23.04;2;UP_AND_DOWN
2025-10-27T23:15;2025-10-27T23:30;94;EUR;MWh;NO;NO;167;;167;167;1;UP
2025-10-27T23:30;2025-10-27T23:45;95;EUR;MWh;NO;NO;164;;164;164;1;UP
2025-10-27T23:45;2025-10-28T00:00;96;EUR;MWh;NO;NO;166.6;;166.6;166.6;1;UP
2025-10-28T00:00;2025-10-28T00:15;1;EUR;MWh;NO;NO;180;-4;-4;-4;-1;DOWN
2025-10-28T00:15;2025-10-28T00:30;2;EUR;MWh;NO;NO;43;-4;-4;-4;-1;DOWN
2025-10-28T00:30;2025-10-28T00:45;3;EUR;MWh;NO;NO;;;50.74;50.74;0;STABLE
2025-10-28T00:45;2025-10-28T01:00;4;EUR;MWh;NO;NO;;-4;-4;-4;-1;DOWN
2025-10-28T01:00;2025-10-28T01:15;5;EUR;MWh;NO;NO;;-4;-4;-4;-1;DOWN
2025-10-28T01:15;2025-10-28T01:30;6;EUR;MWh;NO;NO;;7;7;7;-1;DOWN
2025-10-28T01:30;2025-10-28T01:45;7;EUR;MWh;NO;NO;;7;7;7;-1;DOWN
2025-10-28T01:45;2025-10-28T02:00;8;EUR;MWh;NO;NO;57.39;;57.39;57.39;1;UP
2025-10-28T02:00;2025-10-28T02:15;9;EUR;MWh;NO;NO;63.94;;63.94;63.94;1;UP
2025-10-28T02:15;2025-10-28T02:30;10;EUR;MWh;NO;NO;63.94;;63.94;63.94;1;UP
2025-10-28T02:30;2025-10-28T02:45;11;EUR;MWh;NO;NO;10;;35.74;35.74;0;STABLE
2025-10-28T02:45;2025-10-28T03:00;12;EUR;MWh;NO;NO;;2;35.74;35.74;0;STABLE
2025-10-28T03:00;2025-10-28T03:15;13;EUR;MWh;NO;NO;;10;10;10;-1;DOWN
2025-10-28T03:15;2025-10-28T03:30;14;EUR;MWh;NO;NO;10;2;35.74;35.74;0;STABLE
2025-10-28T03:30;2025-10-28T03:45;15;EUR;MWh;NO;NO;;-1;-1;-1;-1;DOWN
2025-10-28T03:45;2025-10-28T04:00;16;EUR;MWh;NO;NO;;3;3;3;-1;DOWN
2025-10-28T04:00;2025-10-28T04:15;17;EUR;MWh;NO;NO;43;3.94;3.94;3.94;-1;DOWN
2025-10-28T04:15;2025-10-28T04:30;18;EUR;MWh;NO;NO;;-4;-4;-4;-1;DOWN
2025-10-28T04:30;2025-10-28T04:45;19;EUR;MWh;NO;NO;;3;3;3;-1;DOWN
2025-10-28T04:45;2025-10-28T05:00;20;EUR;MWh;NO;NO;;-10.06;-10.06;-10.06;-1;DOWN
2025-10-28T05:00;2025-10-28T05:15;21;EUR;MWh;NO;NO;;-30;-30;-30;-1;DOWN
2025-10-28T05:15;2025-10-28T05:30;22;EUR;MWh;NO;NO;63.94;-4;63.94;-4;2;UP_AND_DOWN
2025-10-28T05:30;2025-10-28T05:45;23;EUR;MWh;NO;NO;;-10;-10;-10;-1;DOWN
2025-10-28T05:45;2025-10-28T06:00;24;EUR;MWh;NO;NO;;;50.74;50.74;0;STABLE
2025-10-28T06:00;2025-10-28T06:15;25;EUR;MWh;NO;NO;137;-40;137;-40;2;UP_AND_DOWN
2025-10-28T06:15;2025-10-28T06:30;26;EUR;MWh;NO;NO;136;;136;136;1;UP
2025-10-28T06:30;2025-10-28T06:45;27;EUR;MWh;NO;NO;136.5;;136.5;136.5;1;UP
2025-10-28T06:45;2025-10-28T07:00;28;EUR;MWh;NO;NO;136;-40;136;-40;2;UP_AND_DOWN
2025-10-28T07:00;2025-10-28T07:15;29;EUR;MWh;NO;NO;138;-26.6;138;-26.6;2;UP_AND_DOWN
2025-10-28T07:15;2025-10-28T07:30;30;EUR;MWh;NO;NO;;-12.57;-12.57;-12.57;-1;DOWN
2025-10-28T07:30;2025-10-28T07:45;31;EUR;MWh;NO;NO;;-24.9;-24.9;-24.9;-1;DOWN
2025-10-28T07:45;2025-10-28T08:00;32;EUR;MWh;NO;NO;100;-4;100;-4;2;UP_AND_DOWN
2025-10-28T08:00;2025-10-28T08:15;33;EUR;MWh;NO;NO;;-3.95;-3.95;-3.95;-1;DOWN
2025-10-28T08:15;2025-10-28T08:30;34;EUR;MWh;NO;NO;43;52.73;52.73;52.73;-1;DOWN
2025-10-28T08:30;2025-10-28T08:45;35;EUR;MWh;NO;NO;63.94;-3.66;-3.66;-3.66;-1;DOWN
2025-10-28T08:45;2025-10-28T09:00;36;EUR;MWh;NO;NO;150;-3.66;150;150;1;UP
2025-10-28T09:00;2025-10-28T09:15;37;EUR;MWh;NO;NO;200;-3.46;200;-3.46;2;UP_AND_DOWN
2025-10-28T09:15;2025-10-28T09:30;38;EUR;MWh;NO;NO;136.5;-4;136.5;-4;2;UP_AND_DOWN
2025-10-28T09:30;2025-10-28T09:45;39;EUR;MWh;NO;NO;136.5;-15.06;136.5;-15.06;2;UP_AND_DOWN
2025-10-28T09:45;2025-10-28T10:00;40;EUR;MWh;NO;NO;80;-4;80;-4;2;UP_AND_DOWN
2025-10-28T10:00;2025-10-28T10:15;41;EUR;MWh;NO;NO;94.73;58.73;94.73;58.73;2;UP_AND_DOWN
2025-10-28T10:15;2025-10-28T10:30;42;EUR;MWh;NO;NO;81.73;58.73;81.73;81.73;1;UP
2025-10-28T10:30;2025-10-28T10:45;43;EUR;MWh;NO;NO;147;;147;147;1;UP
2025-10-28T10:45;2025-10-28T11:00;44;EUR;MWh;NO;NO;140;;140;140;1;UP
2025-10-28T11:00;2025-10-28T11:15;45;EUR;MWh;NO;NO;136.5;;136.5;136.5;1;UP
2025-10-28T11:15;2025-10-28T11:30;46;EUR;MWh;NO;NO;140;;140;140;1;UP
2025-10-28T11:30;2025-10-28T11:45;47;EUR;MWh;NO;NO;136.5;-10.06;136.5;-10.06;2;UP_AND_DOWN
2025-10-28T11:45;2025-10-28T12:00;48;EUR;MWh;NO;NO;;-25;-25;-25;-1;DOWN
2025-10-28T12:00;2025-10-28T12:15;49;EUR;MWh;NO;NO;94.73;-26;94.73;-26;2;UP_AND_DOWN
2025-10-28T12:15;2025-10-28T12:30;50;EUR;MWh;NO;NO;136.5;-37.6;136.5;-37.6;2;UP_AND_DOWN
2025-10-28T12:30;2025-10-28T12:45;51;EUR;MWh;NO;NO;79;-37.6;79;-37.6;2;UP_AND_DOWN
2025-10-28T12:45;2025-10-28T13:00;52;EUR;MWh;NO;NO;79;-10.06;79;-10.06;2;UP_AND_DOWN
2025-10-28T13:00;2025-10-28T13:15;53;EUR;MWh;NO;NO;97;-10.06;97;97;1;UP
2025-10-28T13:15;2025-10-28T13:30;54;EUR;MWh;NO;NO;100;;100;100;1;UP
2025-10-28T13:30;2025-10-28T13:45;55;EUR;MWh;NO;NO;96;-5;96;-5;2;UP_AND_DOWN
2025-10-28T13:45;2025-10-28T14:00;56;EUR;MWh;NO;NO;79;-10.06;79;-10.06;2;UP_AND_DOWN
2025-10-28T14:00;2025-10-28T14:15;57;EUR;MWh;NO;NO;88.73;;88.73;88.73;1;UP
2025-10-28T14:15;2025-10-28T14:30;58;EUR;MWh;NO;NO;79;;79;79;1;UP
2025-10-28T14:30;2025-10-28T14:45;59;EUR;MWh;NO;NO;148;;148;148;1;UP
2025-10-28T14:45;2025-10-28T15:00;60;EUR;MWh;NO;NO;136.5;;136.5;136.5;1;UP
2025-10-28T15:00;2025-10-28T15:15;61;EUR;MWh;NO;NO;148;-30.31;148;-30.31;2;UP_AND_DOWN
2025-10-28T15:15;2025-10-28T15:30;62;EUR;MWh;NO;NO;136.5;;136.5;136.5;1;UP
2025-10-28T15:30;2025-10-28T15:45;63;EUR;MWh;NO;NO;151;;151;151;1;UP
2025-10-28T15:45;2025-10-28T16:00;64;EUR;MWh;NO;NO;151;;151;151;1;UP
2025-10-28T16:00;2025-10-28T16:15;65;EUR;MWh;NO;NO;136.5;-15.06;136.5;-15.06;2;UP_AND_DOWN
2025-10-28T16:15;2025-10-28T16:30;66;EUR;MWh;NO;NO;136.5;-3.7;136.5;-3.7;2;UP_AND_DOWN
2025-10-28T16:30;2025-10-28T16:45;67;EUR;MWh;NO;NO;136.5;-12.23;136.5;-12.23;2;UP_AND_DOWN
2025-10-28T16:45;2025-10-28T17:00;68;EUR;MWh;NO;NO;85;-4;85;-4;2;UP_AND_DOWN
2025-10-28T17:00;2025-10-28T17:15;69;EUR;MWh;NO;NO;94.73;73.03;94.73;94.73;1;UP
2025-10-28T17:15;2025-10-28T17:30;70;EUR;MWh;NO;NO;140;;140;140;1;UP
2025-10-28T17:30;2025-10-28T17:45;71;EUR;MWh;NO;NO;136.5;;136.5;136.5;1;UP
2025-10-28T17:45;2025-10-28T18:00;72;EUR;MWh;NO;NO;152;;152;152;1;UP
2025-10-28T18:00;2025-10-28T18:15;73;EUR;MWh;NO;NO;166.2;;166.2;166.2;1;UP
2025-10-28T18:15;2025-10-28T18:30;74;EUR;MWh;NO;NO;200;;200;200;1;UP
2025-10-28T18:30;2025-10-28T18:45;75;EUR;MWh;NO;NO;166.2;;166.2;166.2;1;UP
2025-10-28T18:45;2025-10-28T19:00;76;EUR;MWh;NO;NO;161;;161;161;1;UP
2025-10-28T19:00;2025-10-28T19:15;77;EUR;MWh;NO;NO;165;65.03;65.03;65.03;-1;DOWN
2025-10-28T19:15;2025-10-28T19:30;78;EUR;MWh;NO;NO;136.5;73.03;136.5;61.5;2;UP_AND_DOWN
2025-10-28T19:30;2025-10-28T19:45;79;EUR;MWh;NO;NO;136.5;50;136.5;50;2;UP_AND_DOWN
2025-10-28T19:45;2025-10-28T20:00;80;EUR;MWh;NO;NO;;34;34;34;-1;DOWN
2025-10-28T20:00;2025-10-28T20:15;81;EUR;MWh;NO;NO;57.39;43.73;57.39;43.73;2;UP_AND_DOWN
2025-10-28T20:15;2025-10-28T20:30;82;EUR;MWh;NO;NO;43;70.03;56.52;56.52;2;UP_AND_DOWN
2025-10-28T20:30;2025-10-28T20:45;83;EUR;MWh;NO;NO;;65.03;65.03;65.03;-1;DOWN
2025-10-28T20:45;2025-10-28T21:00;84;EUR;MWh;NO;NO;;33;33;33;-1;DOWN
2025-10-28T21:00;2025-10-28T21:15;85;EUR;MWh;NO;NO;43;70.03;70.03;70.03;-1;DOWN
2025-10-28T21:15;2025-10-28T21:30;86;EUR;MWh;NO;NO;63.94;33;63.94;33;2;UP_AND_DOWN
2025-10-28T21:30;2025-10-28T21:45;87;EUR;MWh;NO;NO;;32;32;32;-1;DOWN
2025-10-28T21:45;2025-10-28T22:00;88;EUR;MWh;NO;NO;;33;33;33;-1;DOWN
2025-10-28T22:00;2025-10-28T22:15;89;EUR;MWh;NO;NO;43;25;56.52;25;2;UP_AND_DOWN
2025-10-28T22:15;2025-10-28T22:30;90;EUR;MWh;NO;NO;140;46;140;46;2;UP_AND_DOWN
2025-10-28T22:30;2025-10-28T22:45;91;EUR;MWh;NO;NO;136.5;73.03;136.5;136.5;1;UP
2025-10-28T22:45;2025-10-28T23:00;92;EUR;MWh;NO;NO;165;73.03;165;165;1;UP
2025-10-28T23:00;2025-10-28T23:15;93;EUR;MWh;NO;NO;165;83;165;165;1;UP
2025-10-28T23:15;2025-10-28T23:30;94;EUR;MWh;NO;NO;166.2;;166.2;166.2;1;UP
2025-10-28T23:30;2025-10-28T23:45;95;EUR;MWh;NO;NO;191.4;;191.4;191.4;1;UP
2025-10-28T23:45;2025-10-29T00:00;96;EUR;MWh;NO;NO;165;-27.28;165;-27.28;2;UP_AND_DOWN
2025-10-29T00:00;2025-10-29T00:15;1;EUR;MWh;NO;NO;111.34;-38.1;111.34;-38.1;2;UP_AND_DOWN
2025-10-29T00:15;2025-10-29T00:30;2;EUR;MWh;NO;NO;93.92;-4;93.92;-4;2;UP_AND_DOWN
2025-10-29T00:30;2025-10-29T00:45;3;EUR;MWh;NO;NO;10;-8;-8;-8;-1;DOWN
2025-10-29T00:45;2025-10-29T01:00;4;EUR;MWh;NO;NO;83.24;-7.83;83.24;-7.83;2;UP_AND_DOWN
2025-10-29T01:00;2025-10-29T01:15;5;EUR;MWh;NO;NO;40;46.32;46;46;2;UP_AND_DOWN
2025-10-29T01:15;2025-10-29T01:30;6;EUR;MWh;NO;NO;;30;30;30;-1;DOWN
2025-10-29T01:30;2025-10-29T01:45;7;EUR;MWh;NO;NO;;-4;-4;-4;-1;DOWN
2025-10-29T01:45;2025-10-29T02:00;8;EUR;MWh;NO;NO;;30;30;30;-1;DOWN
2025-10-29T02:00;2025-10-29T02:15;9;EUR;MWh;NO;NO;42;26;26;26;-1;DOWN
2025-10-29T02:15;2025-10-29T02:30;10;EUR;MWh;NO;NO;84.42;23;84.42;23;2;UP_AND_DOWN
2025-10-29T02:30;2025-10-29T02:45;11;EUR;MWh;NO;NO;83.34;;83.34;83.34;1;UP
2025-10-29T02:45;2025-10-29T03:00;12;EUR;MWh;NO;NO;83.34;;83.34;83.34;1;UP
2025-10-29T03:00;2025-10-29T03:15;13;EUR;MWh;NO;NO;87.92;-6.92;87.92;-6.92;2;UP_AND_DOWN
2025-10-29T03:15;2025-10-29T03:30;14;EUR;MWh;NO;NO;;-40;-40;-40;-1;DOWN
2025-10-29T03:30;2025-10-29T03:45;15;EUR;MWh;NO;NO;42;-26.31;46;-26.31;2;UP_AND_DOWN
2025-10-29T03:45;2025-10-29T04:00;16;EUR;MWh;NO;NO;86.24;-41.2;86.24;-41.2;2;UP_AND_DOWN
2025-10-29T04:00;2025-10-29T04:15;17;EUR;MWh;NO;NO;93.92;-46.3;93.92;-46.3;2;UP_AND_DOWN
2025-10-29T04:15;2025-10-29T04:30;18;EUR;MWh;NO;NO;86.34;-10.06;86.34;-10.06;2;UP_AND_DOWN
2025-10-29T04:30;2025-10-29T04:45;19;EUR;MWh;NO;NO;42;-10.06;-10.06;-10.06;-1;DOWN
2025-10-29T04:45;2025-10-29T05:00;20;EUR;MWh;NO;NO;40;-45;46;-45;2;UP_AND_DOWN
2025-10-29T05:00;2025-10-29T05:15;21;EUR;MWh;NO;NO;;-45;-45;-45;-1;DOWN
2025-10-29T05:15;2025-10-29T05:30;22;EUR;MWh;NO;NO;96;-25.5;96;-25.5;2;UP_AND_DOWN
2025-10-29T05:30;2025-10-29T05:45;23;EUR;MWh;NO;NO;100;-29.8;100;-29.8;2;UP_AND_DOWN
2025-10-29T05:45;2025-10-29T06:00;24;EUR;MWh;NO;NO;87.92;-15.06;87.92;-15.06;2;UP_AND_DOWN
2025-10-29T06:00;2025-10-29T06:15;25;EUR;MWh;NO;NO;134.7;;134.7;134.7;1;UP
2025-10-29T06:15;2025-10-29T06:30;26;EUR;MWh;NO;NO;131.43;-4;131.43;-4;2;UP_AND_DOWN
2025-10-29T06:30;2025-10-29T06:45;27;EUR;MWh;NO;NO;134.7;-4;134.7;-4;2;UP_AND_DOWN
2025-10-29T06:45;2025-10-29T07:00;28;EUR;MWh;NO;NO;142;81.9;142;142;1;UP
2025-10-29T07:00;2025-10-29T07:15;29;EUR;MWh;NO;NO;163.8;81.9;163.8;163.8;1;UP
2025-10-29T07:15;2025-10-29T07:30;30;EUR;MWh;NO;NO;143;;143;143;1;UP
2025-10-29T07:30;2025-10-29T07:45;31;EUR;MWh;NO;NO;163.8;;163.8;163.8;1;UP
2025-10-29T07:45;2025-10-29T08:00;32;EUR;MWh;NO;NO;163.8;-1.4;163.8;-1.4;2;UP_AND_DOWN
2025-10-29T08:00;2025-10-29T08:15;33;EUR;MWh;NO;NO;145;-6.9;145;-6.9;2;UP_AND_DOWN
2025-10-29T08:15;2025-10-29T08:30;34;EUR;MWh;NO;NO;42;-3.7;61;-3.7;2;UP_AND_DOWN
2025-10-29T08:30;2025-10-29T08:45;35;EUR;MWh;NO;NO;;-4;-4;-4;-1;DOWN
2025-10-29T08:45;2025-10-29T09:00;36;EUR;MWh;NO;NO;;-6.9;-6.9;-6.9;-1;DOWN
2025-10-29T09:00;2025-10-29T09:15;37;EUR;MWh;NO;NO;42;46.52;61;46.52;2;UP_AND_DOWN
2025-10-29T09:15;2025-10-29T09:30;38;EUR;MWh;NO;NO;103.01;78.74;103.01;61;2;UP_AND_DOWN
2025-10-29T09:30;2025-10-29T09:45;39;EUR;MWh;NO;NO;88.21;78.84;88.21;61;2;UP_AND_DOWN
2025-10-29T09:45;2025-10-29T10:00;40;EUR;MWh;NO;NO;88.21;;88.21;88.21;1;UP
2025-10-29T10:00;2025-10-29T10:15;41;EUR;MWh;NO;NO;128.11;82;128.11;128.11;1;UP
2025-10-29T10:15;2025-10-29T10:30;42;EUR;MWh;NO;NO;102.01;;102.01;102.01;1;UP
2025-10-29T10:30;2025-10-29T10:45;43;EUR;MWh;NO;NO;101.11;;101.11;101.11;1;UP
2025-10-29T10:45;2025-10-29T11:00;44;EUR;MWh;NO;NO;128.01;;128.01;128.01;1;UP
2025-10-29T11:00;2025-10-29T11:15;45;EUR;MWh;NO;NO;134.39;-4;134.39;-4;2;UP_AND_DOWN
2025-10-29T11:15;2025-10-29T11:30;46;EUR;MWh;NO;NO;100;-4;100;-4;2;UP_AND_DOWN
2025-10-29T11:30;2025-10-29T11:45;47;EUR;MWh;NO;NO;87.9;-4;87.9;-4;2;UP_AND_DOWN
2025-10-29T11:45;2025-10-29T12:00;48;EUR;MWh;NO;NO;82.21;-4;82.21;-4;2;UP_AND_DOWN
2025-10-29T12:00;2025-10-29T12:15;49;EUR;MWh;NO;NO;88.1;46.32;88.1;46.32;2;UP_AND_DOWN
2025-10-29T12:15;2025-10-29T12:30;50;EUR;MWh;NO;NO;94.1;;94.1;94.1;1;UP
2025-10-29T12:30;2025-10-29T12:45;51;EUR;MWh;NO;NO;89.74;62.56;89.74;61;2;UP_AND_DOWN
2025-10-29T12:45;2025-10-29T13:00;52;EUR;MWh;NO;NO;134.7;;134.7;134.7;1;UP
2025-10-29T13:00;2025-10-29T13:15;53;EUR;MWh;NO;NO;165;;165;165;1;UP
2025-10-29T13:15;2025-10-29T13:30;54;EUR;MWh;NO;NO;178.21;;178.21;178.21;1;UP
2025-10-29T13:30;2025-10-29T13:45;55;EUR;MWh;NO;NO;400;;400;400;1;UP
2025-10-29T13:45;2025-10-29T14:00;56;EUR;MWh;NO;NO;431.43;-3.8;431.43;-3.8;2;UP_AND_DOWN
2025-10-29T14:00;2025-10-29T14:15;57;EUR;MWh;NO;NO;163.8;-3.8;163.8;-3.8;2;UP_AND_DOWN
2025-10-29T14:15;2025-10-29T14:30;58;EUR;MWh;NO;NO;186;;186;186;1;UP
2025-10-29T14:30;2025-10-29T14:45;59;EUR;MWh;NO;NO;163.8;;163.8;163.8;1;UP
2025-10-29T14:45;2025-10-29T15:00;60;EUR;MWh;NO;NO;163.8;;163.8;163.8;1;UP
2025-10-29T15:00;2025-10-29T15:15;61;EUR;MWh;NO;NO;134.7;-30;134.7;-30;2;UP_AND_DOWN
2025-10-29T15:15;2025-10-29T15:30;62;EUR;MWh;NO;NO;88.1;-4;88.1;-4;2;UP_AND_DOWN
2025-10-29T15:30;2025-10-29T15:45;63;EUR;MWh;NO;NO;150;-4;150;150;1;UP
2025-10-29T15:45;2025-10-29T16:00;64;EUR;MWh;NO;NO;134.7;;134.7;134.7;1;UP
2025-10-29T16:00;2025-10-29T16:15;65;EUR;MWh;NO;NO;134.7;;134.7;134.7;1;UP
2025-10-29T16:15;2025-10-29T16:30;66;EUR;MWh;NO;NO;134.7;82;134.7;82;2;UP_AND_DOWN
2025-10-29T16:30;2025-10-29T16:45;67;EUR;MWh;NO;NO;134.7;80.1;134.7;61;2;UP_AND_DOWN
2025-10-29T16:45;2025-10-29T17:00;68;EUR;MWh;NO;NO;165;;165;165;1;UP
2025-10-29T17:00;2025-10-29T17:15;69;EUR;MWh;NO;NO;163.8;82;163.8;62;2;UP_AND_DOWN
2025-10-29T17:15;2025-10-29T17:30;70;EUR;MWh;NO;NO;157.34;;157.34;157.34;1;UP
2025-10-29T17:30;2025-10-29T17:45;71;EUR;MWh;NO;NO;140;82;140;140;1;UP
2025-10-29T17:45;2025-10-29T18:00;72;EUR;MWh;NO;NO;134.7;;134.7;134.7;1;UP
2025-10-29T18:00;2025-10-29T18:15;73;EUR;MWh;NO;NO;90.67;82.05;90.67;90.67;1;UP
2025-10-29T18:15;2025-10-29T18:30;74;EUR;MWh;NO;NO;140;;140;140;1;UP
2025-10-29T18:30;2025-10-29T18:45;75;EUR;MWh;NO;NO;92.34;;92.34;92.34;1;UP
2025-10-29T18:45;2025-10-29T19:00;76;EUR;MWh;NO;NO;92.34;;92.34;92.34;1;UP
2025-10-29T19:00;2025-10-29T19:15;77;EUR;MWh;NO;NO;140;;140;140;1;UP
2025-10-29T19:15;2025-10-29T19:30;78;EUR;MWh;NO;NO;150;;150;150;1;UP
2025-10-29T19:30;2025-10-29T19:45;79;EUR;MWh;NO;NO;163.8;;163.8;163.8;1;UP
2025-10-29T19:45;2025-10-29T20:00;80;EUR;MWh;NO;NO;149.9;82.05;149.9;149.9;1;UP
2025-10-29T20:00;2025-10-29T20:15;81;EUR;MWh;NO;NO;88.1;78.65;88.1;62;2;UP_AND_DOWN
2025-10-29T20:15;2025-10-29T20:30;82;EUR;MWh;NO;NO;134.7;63.65;134.7;62;2;UP_AND_DOWN
2025-10-29T20:30;2025-10-29T20:45;83;EUR;MWh;NO;NO;;60.46;60.46;60.46;-1;DOWN
2025-10-29T20:45;2025-10-29T21:00;84;EUR;MWh;NO;NO;;62;62;62;-1;DOWN
2025-10-29T21:00;2025-10-29T21:15;85;EUR;MWh;NO;NO;128.21;60.56;128.21;60.56;2;UP_AND_DOWN
2025-10-29T21:15;2025-10-29T21:30;86;EUR;MWh;NO;NO;103.21;67.46;103.21;62.03;2;UP_AND_DOWN
2025-10-29T21:30;2025-10-29T21:45;87;EUR;MWh;NO;NO;134.7;;134.7;134.7;1;UP
2025-10-29T21:45;2025-10-29T22:00;88;EUR;MWh;NO;NO;134.7;;134.7;134.7;1;UP
2025-10-29T22:00;2025-10-29T22:15;89;EUR;MWh;NO;NO;91.43;;91.43;91.43;1;UP
2025-10-29T22:15;2025-10-29T22:30;90;EUR;MWh;NO;NO;163.8;61;163.8;61;2;UP_AND_DOWN
2025-10-29T22:30;2025-10-29T22:45;91;EUR;MWh;NO;NO;83.43;67.46;83.43;62;2;UP_AND_DOWN
2025-10-29T22:45;2025-10-29T23:00;92;EUR;MWh;NO;NO;82.99;;82.99;82.99;1;UP
2025-10-29T23:00;2025-10-29T23:15;93;EUR;MWh;NO;NO;140;61;140;61;2;UP_AND_DOWN
2025-10-29T23:15;2025-10-29T23:30;94;EUR;MWh;NO;NO;82.27;15.46;82.27;15.46;2;UP_AND_DOWN
2025-10-29T23:30;2025-10-29T23:45;95;EUR;MWh;NO;NO;;25.46;25.46;25.46;-1;DOWN
2025-10-29T23:45;2025-10-30T00:00;96;EUR;MWh;NO;NO;106.43;-50;106.43;-50;2;UP_AND_DOWN
2025-10-30T00:00;2025-10-30T00:15;1;EUR;MWh;NO;NO;42;-4;-4;-4;-1;DOWN
2025-10-30T00:15;2025-10-30T00:30;2;EUR;MWh;NO;NO;96;;96;96;1;UP
2025-10-30T00:30;2025-10-30T00:45;3;EUR;MWh;NO;NO;135.4;;135.4;135.4;1;UP
2025-10-30T00:45;2025-10-30T01:00;4;EUR;MWh;NO;NO;135.09;;135.09;135.09;1;UP
2025-10-30T01:00;2025-10-30T01:15;5;EUR;MWh;NO;NO;135.4;;135.4;135.4;1;UP
2025-10-30T01:15;2025-10-30T01:30;6;EUR;MWh;NO;NO;126.7;;126.7;126.7;1;UP
2025-10-30T01:30;2025-10-30T01:45;7;EUR;MWh;NO;NO;;42.1;42.1;42.1;-1;DOWN
2025-10-30T01:45;2025-10-30T02:00;8;EUR;MWh;NO;NO;42;46.67;46.67;46.67;-1;DOWN
2025-10-30T02:00;2025-10-30T02:15;9;EUR;MWh;NO;NO;42;46.67;46.67;46.67;-1;DOWN
2025-10-30T02:15;2025-10-30T02:30;10;EUR;MWh;NO;NO;42;52;52;52;-1;DOWN
2025-10-30T02:30;2025-10-30T02:45;11;EUR;MWh;NO;NO;;25;25;25;-1;DOWN
2025-10-30T02:45;2025-10-30T03:00;12;EUR;MWh;NO;NO;;-2.52;-2.52;-2.52;-1;DOWN
2025-10-30T03:00;2025-10-30T03:15;13;EUR;MWh;NO;NO;;10;10;10;-1;DOWN
2025-10-30T03:15;2025-10-30T03:30;14;EUR;MWh;NO;NO;42;48;46;46;2;UP_AND_DOWN
2025-10-30T03:30;2025-10-30T03:45;15;EUR;MWh;NO;NO;;;46;46;0;STABLE
2025-10-30T03:45;2025-10-30T04:00;16;EUR;MWh;NO;NO;;;46;46;0;STABLE
2025-10-30T04:00;2025-10-30T04:15;17;EUR;MWh;NO;NO;42;;42;42;1;UP
2025-10-30T04:15;2025-10-30T04:30;18;EUR;MWh;NO;NO;;;46;46;0;STABLE
2025-10-30T04:30;2025-10-30T04:45;19;EUR;MWh;NO;NO;120.32;10;120.32;10;2;UP_AND_DOWN
2025-10-30T04:45;2025-10-30T05:00;20;EUR;MWh;NO;NO;112;46.45;112;46;2;UP_AND_DOWN
2025-10-30T05:00;2025-10-30T05:15;21;EUR;MWh;NO;NO;112;;112;112;1;UP
2025-10-30T05:15;2025-10-30T05:30;22;EUR;MWh;NO;NO;90.67;;90.67;90.67;1;UP
2025-10-30T05:30;2025-10-30T05:45;23;EUR;MWh;NO;NO;113;;113;113;1;UP
2025-10-30T05:45;2025-10-30T06:00;24;EUR;MWh;NO;NO;42;;42;42;1;UP
2025-10-30T06:00;2025-10-30T06:15;25;EUR;MWh;NO;NO;115;42;115;42;2;UP_AND_DOWN
2025-10-30T06:15;2025-10-30T06:30;26;EUR;MWh;NO;NO;102.74;;102.74;102.74;1;UP
2025-10-30T06:30;2025-10-30T06:45;27;EUR;MWh;NO;NO;90.57;;90.57;90.57;1;UP
2025-10-30T06:45;2025-10-30T07:00;28;EUR;MWh;NO;NO;115;;115;115;1;UP
2025-10-30T07:00;2025-10-30T07:15;29;EUR;MWh;NO;NO;115;42;42;42;-1;DOWN
2025-10-30T07:15;2025-10-30T07:30;30;EUR;MWh;NO;NO;58.25;-4;62;-4;2;UP_AND_DOWN
2025-10-30T07:30;2025-10-30T07:45;31;EUR;MWh;NO;NO;42;50.39;50.39;50.39;-1;DOWN
2025-10-30T07:45;2025-10-30T08:00;32;EUR;MWh;NO;NO;55;73.39;62;62;2;UP_AND_DOWN
2025-10-30T08:00;2025-10-30T08:15;33;EUR;MWh;NO;NO;124.14;;124.14;124.14;1;UP
2025-10-30T08:15;2025-10-30T08:30;34;EUR;MWh;NO;NO;115;;115;115;1;UP
2025-10-30T08:30;2025-10-30T08:45;35;EUR;MWh;NO;NO;84.89;42;84.89;42;2;UP_AND_DOWN
2025-10-30T08:45;2025-10-30T09:00;36;EUR;MWh;NO;NO;;-4;-4;-4;-1;DOWN
2025-10-30T09:00;2025-10-30T09:15;37;EUR;MWh;NO;NO;55;-10.06;62;-10.06;2;UP_AND_DOWN
2025-10-30T09:15;2025-10-30T09:30;38;EUR;MWh;NO;NO;55;-10.06;-10.06;-10.06;-1;DOWN
2025-10-30T09:30;2025-10-30T09:45;39;EUR;MWh;NO;NO;;-4;-4;-4;-1;DOWN
2025-10-30T09:45;2025-10-30T10:00;40;EUR;MWh;NO;NO;133.8;42;133.8;42;2;UP_AND_DOWN
2025-10-30T10:00;2025-10-30T10:15;41;EUR;MWh;NO;NO;133.2;50;133.2;50;2;UP_AND_DOWN
2025-10-30T10:15;2025-10-30T10:30;42;EUR;MWh;NO;NO;133.2;50;133.2;50;2;UP_AND_DOWN
2025-10-30T10:30;2025-10-30T10:45;43;EUR;MWh;NO;NO;58.25;-39.9;69.95;-39.9;2;UP_AND_DOWN
2025-10-30T10:45;2025-10-30T11:00;44;EUR;MWh;NO;NO;95.8;-39.9;95.8;-39.9;2;UP_AND_DOWN
2025-10-30T11:00;2025-10-30T11:15;45;EUR;MWh;NO;NO;135.4;-47.49;135.4;-47.49;2;UP_AND_DOWN
2025-10-30T11:15;2025-10-30T11:30;46;EUR;MWh;NO;NO;135.4;;135.4;135.4;1;UP
2025-10-30T11:30;2025-10-30T11:45;47;EUR;MWh;NO;NO;88.96;;88.96;88.96;1;UP
2025-10-30T11:45;2025-10-30T12:00;48;EUR;MWh;NO;NO;128.29;;128.29;128.29;1;UP
2025-10-30T12:00;2025-10-30T12:15;49;EUR;MWh;NO;NO;135.4;;135.4;135.4;1;UP
2025-10-30T12:15;2025-10-30T12:30;50;EUR;MWh;NO;NO;94.39;;94.39;94.39;1;UP
2025-10-30T12:30;2025-10-30T12:45;51;EUR;MWh;NO;NO;83.25;9.9;83.25;9.9;2;UP_AND_DOWN
2025-10-30T12:45;2025-10-30T13:00;52;EUR;MWh;NO;NO;81.39;29.93;81.39;29.93;2;UP_AND_DOWN
2025-10-30T13:00;2025-10-30T13:15;53;EUR;MWh;NO;NO;58.25;10;10;10;-1;DOWN
2025-10-30T13:15;2025-10-30T13:30;54;EUR;MWh;NO;NO;80;77.93;80;80;1;UP
2025-10-30T13:30;2025-10-30T13:45;55;EUR;MWh;NO;NO;105;;105;105;1;UP
2025-10-30T13:45;2025-10-30T14:00;56;EUR;MWh;NO;NO;135.4;;135.4;135.4;1;UP
2025-10-30T14:00;2025-10-30T14:15;57;EUR;MWh;NO;NO;80;46.67;80;46.67;2;UP_AND_DOWN
2025-10-30T14:15;2025-10-30T14:30;58;EUR;MWh;NO;NO;87.15;;87.15;87.15;1;UP
2025-10-30T14:30;2025-10-30T14:45;59;EUR;MWh;NO;NO;180;;180;180;1;UP
2025-10-30T14:45;2025-10-30T15:00;60;EUR;MWh;NO;NO;107.25;;107.25;107.25;1;UP
2025-10-30T15:00;2025-10-30T15:15;61;EUR;MWh;NO;NO;134.8;-30;134.8;-30;2;UP_AND_DOWN
2025-10-30T15:15;2025-10-30T15:30;62;EUR;MWh;NO;NO;134.99;-11.42;134.99;-11.42;2;UP_AND_DOWN
2025-10-30T15:30;2025-10-30T15:45;63;EUR;MWh;NO;NO;135.4;81.28;135.4;68.91;2;UP_AND_DOWN
2025-10-30T15:45;2025-10-30T16:00;64;EUR;MWh;NO;NO;165.3;;165.3;165.3;1;UP
2025-10-30T16:00;2025-10-30T16:15;65;EUR;MWh;NO;NO;165.3;;165.3;165.3;1;UP
2025-10-30T16:15;2025-10-30T16:30;66;EUR;MWh;NO;NO;134.6;-4;134.6;-4;2;UP_AND_DOWN
2025-10-30T16:30;2025-10-30T16:45;67;EUR;MWh;NO;NO;105;65.29;105;65.29;2;UP_AND_DOWN
2025-10-30T16:45;2025-10-30T17:00;68;EUR;MWh;NO;NO;135.4;70.66;135.4;70.66;2;UP_AND_DOWN
2025-10-30T17:00;2025-10-30T17:15;69;EUR;MWh;NO;NO;134.39;75.53;134.39;62;2;UP_AND_DOWN
2025-10-30T17:15;2025-10-30T17:30;70;EUR;MWh;NO;NO;135.4;;135.4;135.4;1;UP
2025-10-30T17:30;2025-10-30T17:45;71;EUR;MWh;NO;NO;133.2;61.12;133.2;61.12;2;UP_AND_DOWN
2025-10-30T17:45;2025-10-30T18:00;72;EUR;MWh;NO;NO;57;81.09;81.09;81.09;-1;DOWN
2025-10-30T18:00;2025-10-30T18:15;73;EUR;MWh;NO;NO;104.8;;104.8;104.8;1;UP
2025-10-30T18:15;2025-10-30T18:30;74;EUR;MWh;NO;NO;57;81.09;62;62;2;UP_AND_DOWN
2025-10-30T18:30;2025-10-30T18:45;75;EUR;MWh;NO;NO;57;81.09;57;57;1;UP
2025-10-30T18:45;2025-10-30T19:00;76;EUR;MWh;NO;NO;;75.43;75.43;75.43;-1;DOWN
2025-10-30T19:00;2025-10-30T19:15;77;EUR;MWh;NO;NO;57;79.03;57;57;1;UP
2025-10-30T19:15;2025-10-30T19:30;78;EUR;MWh;NO;NO;57;;62;62;0;STABLE
2025-10-30T19:30;2025-10-30T19:45;79;EUR;MWh;NO;NO;140;;140;140;1;UP
2025-10-30T19:45;2025-10-30T20:00;80;EUR;MWh;NO;NO;57;;57;57;1;UP
2025-10-30T20:00;2025-10-30T20:15;81;EUR;MWh;NO;NO;58.25;82;58.25;58.25;1;UP
2025-10-30T20:15;2025-10-30T20:30;82;EUR;MWh;NO;NO;100;;100;100;1;UP
2025-10-30T20:30;2025-10-30T20:45;83;EUR;MWh;NO;NO;90.87;;90.87;90.87;1;UP
2025-10-30T20:45;2025-10-30T21:00;84;EUR;MWh;NO;NO;;70.39;70.39;70.39;-1;DOWN
2025-10-30T21:00;2025-10-30T21:15;85;EUR;MWh;NO;NO;140;70.39;140;140;1;UP
2025-10-30T21:15;2025-10-30T21:30;86;EUR;MWh;NO;NO;135.4;;135.4;135.4;1;UP
2025-10-30T21:30;2025-10-30T21:45;87;EUR;MWh;NO;NO;135.09;74.81;135.09;62;2;UP_AND_DOWN
2025-10-30T21:45;2025-10-30T22:00;88;EUR;MWh;NO;NO;134.99;73.39;134.99;134.99;1;UP
2025-10-30T22:00;2025-10-30T22:15;89;EUR;MWh;NO;NO;80;55.39;80;55.39;2;UP_AND_DOWN
2025-10-30T22:15;2025-10-30T22:30;90;EUR;MWh;NO;NO;140;53;140;53;2;UP_AND_DOWN
2025-10-30T22:30;2025-10-30T22:45;91;EUR;MWh;NO;NO;80;54;80;54;2;UP_AND_DOWN
2025-10-30T22:45;2025-10-30T23:00;92;EUR;MWh;NO;NO;132.7;54;132.7;54;2;UP_AND_DOWN
2025-10-30T23:00;2025-10-30T23:15;93;EUR;MWh;NO;NO;133.6;-4;133.6;-4;2;UP_AND_DOWN
2025-10-30T23:15;2025-10-30T23:30;94;EUR;MWh;NO;NO;132.59;;132.59;132.59;1;UP
2025-10-30T23:30;2025-10-30T23:45;95;EUR;MWh;NO;NO;131.3;;131.3;131.3;1;UP
2025-10-30T23:45;2025-10-31T00:00;96;EUR;MWh;NO;NO;100;;100;100;1;UP
2025-10-31T00:00;2025-10-31T00:15;1;EUR;MWh;NO;NO;84.32;83;84.32;84.32;1;UP
2025-10-31T00:15;2025-10-31T00:30;2;EUR;MWh;NO;NO;88.39;70.76;88.39;61.5;2;UP_AND_DOWN
2025-10-31T00:30;2025-10-31T00:45;3;EUR;MWh;NO;NO;88.39;75.58;88.39;61.5;2;UP_AND_DOWN
2025-10-31T00:45;2025-10-31T01:00;4;EUR;MWh;NO;NO;93.02;74.74;93.02;93.02;1;UP
2025-10-31T01:00;2025-10-31T01:15;5;EUR;MWh;NO;NO;88.39;78;88.39;61.5;2;UP_AND_DOWN
2025-10-31T01:15;2025-10-31T01:30;6;EUR;MWh;NO;NO;88.19;;88.19;88.19;1;UP
2025-10-31T01:30;2025-10-31T01:45;7;EUR;MWh;NO;NO;80.09;;80.09;80.09;1;UP
2025-10-31T01:45;2025-10-31T02:00;8;EUR;MWh;NO;NO;;45.86;45.86;45.86;-1;DOWN
2025-10-31T02:00;2025-10-31T02:15;9;EUR;MWh;NO;NO;;46.79;46.79;46.79;-1;DOWN
2025-10-31T02:15;2025-10-31T02:30;10;EUR;MWh;NO;NO;;45.76;45.76;45.76;-1;DOWN
2025-10-31T02:30;2025-10-31T02:45;11;EUR;MWh;NO;NO;;45.76;45.76;45.76;-1;DOWN
2025-10-31T02:45;2025-10-31T03:00;12;EUR;MWh;NO;NO;;46.79;46.79;46.79;-1;DOWN
2025-10-31T03:00;2025-10-31T03:15;13;EUR;MWh;NO;NO;88.48;69.8;88.48;61.5;2;UP_AND_DOWN
2025-10-31T03:15;2025-10-31T03:30;14;EUR;MWh;NO;NO;84.63;83;84.63;61.5;2;UP_AND_DOWN
2025-10-31T03:30;2025-10-31T03:45;15;EUR;MWh;NO;NO;100;;100;100;1;UP
2025-10-31T03:45;2025-10-31T04:00;16;EUR;MWh;NO;NO;73;-4;73;-4;2;UP_AND_DOWN
2025-10-31T04:00;2025-10-31T04:15;17;EUR;MWh;NO;NO;73;15;15;15;-1;DOWN
2025-10-31T04:15;2025-10-31T04:30;18;EUR;MWh;NO;NO;;-4;-4;-4;-1;DOWN
2025-10-31T04:30;2025-10-31T04:45;19;EUR;MWh;NO;NO;;16;16;16;-1;DOWN
2025-10-31T04:45;2025-10-31T05:00;20;EUR;MWh;NO;NO;75;-4;75;-4;2;UP_AND_DOWN
2025-10-31T05:00;2025-10-31T05:15;21;EUR;MWh;NO;NO;105;5;105;5;2;UP_AND_DOWN
2025-10-31T05:15;2025-10-31T05:30;22;EUR;MWh;NO;NO;91.38;40.76;91.38;40.76;2;UP_AND_DOWN
2025-10-31T05:30;2025-10-31T05:45;23;EUR;MWh;NO;NO;99.9;40.76;99.9;99.9;1;UP
2025-10-31T05:45;2025-10-31T06:00;24;EUR;MWh;NO;NO;94.39;-14.52;94.39;-14.52;2;UP_AND_DOWN
2025-10-31T06:00;2025-10-31T06:15;25;EUR;MWh;NO;NO;103;-4;103;-4;2;UP_AND_DOWN
2025-10-31T06:15;2025-10-31T06:30;26;EUR;MWh;NO;NO;76;80.83;76;76;1;UP
2025-10-31T06:30;2025-10-31T06:45;27;EUR;MWh;NO;NO;87.94;;87.94;87.94;1;UP
2025-10-31T06:45;2025-10-31T07:00;28;EUR;MWh;NO;NO;40;81.18;61.5;61.5;2;UP_AND_DOWN
2025-10-31T07:00;2025-10-31T07:15;29;EUR;MWh;NO;NO;87.94;83;87.94;61.5;2;UP_AND_DOWN
2025-10-31T07:15;2025-10-31T07:30;30;EUR;MWh;NO;NO;;68.06;68.06;68.06;-1;DOWN
2025-10-31T07:30;2025-10-31T07:45;31;EUR;MWh;NO;NO;104;;104;104;1;UP
2025-10-31T07:45;2025-10-31T08:00;32;EUR;MWh;NO;NO;104;;104;104;1;UP
2025-10-31T08:00;2025-10-31T08:15;33;EUR;MWh;NO;NO;104;;104;104;1;UP
2025-10-31T08:15;2025-10-31T08:30;34;EUR;MWh;NO;NO;105;;105;105;1;UP
2025-10-31T08:30;2025-10-31T08:45;35;EUR;MWh;NO;NO;105.1;;105.1;105.1;1;UP
2025-10-31T08:45;2025-10-31T09:00;36;EUR;MWh;NO;NO;126.8;77.73;126.8;126.8;1;UP
2025-10-31T09:00;2025-10-31T09:15;37;EUR;MWh;NO;NO;135.4;;135.4;135.4;1;UP
2025-10-31T09:15;2025-10-31T09:30;38;EUR;MWh;NO;NO;128.48;;128.48;128.48;1;UP
2025-10-31T09:30;2025-10-31T09:45;39;EUR;MWh;NO;NO;97;;97;97;1;UP
2025-10-31T09:45;2025-10-31T10:00;40;EUR;MWh;NO;NO;95.9;83;95.9;95.9;1;UP
2025-10-31T10:00;2025-10-31T10:15;41;EUR;MWh;NO;NO;127.1;;127.1;127.1;1;UP
2025-10-31T10:15;2025-10-31T10:30;42;EUR;MWh;NO;NO;140;77.73;140;61.5;2;UP_AND_DOWN
2025-10-31T10:30;2025-10-31T10:45;43;EUR;MWh;NO;NO;43;77.73;77.73;77.73;-1;DOWN
2025-10-31T10:45;2025-10-31T11:00;44;EUR;MWh;NO;NO;43;57.94;57.94;57.94;-1;DOWN
2025-10-31T11:00;2025-10-31T11:15;45;EUR;MWh;NO;NO;97;57.94;97;97;1;UP
2025-10-31T11:15;2025-10-31T11:30;46;EUR;MWh;NO;NO;110;83;110;110;1;UP
2025-10-31T11:30;2025-10-31T11:45;47;EUR;MWh;NO;NO;110;93;110;110;1;UP
2025-10-31T11:45;2025-10-31T12:00;48;EUR;MWh;NO;NO;126.8;;126.8;126.8;1;UP
2025-10-31T12:00;2025-10-31T12:15;49;EUR;MWh;NO;NO;140;;140;140;1;UP
2025-10-31T12:15;2025-10-31T12:30;50;EUR;MWh;NO;NO;126.46;77.83;126.46;66;2;UP_AND_DOWN
2025-10-31T12:30;2025-10-31T12:45;51;EUR;MWh;NO;NO;68.12;77.83;77.83;77.83;-1;DOWN
2025-10-31T12:45;2025-10-31T13:00;52;EUR;MWh;NO;NO;;35.68;35.68;35.68;-1;DOWN
2025-10-31T13:00;2025-10-31T13:15;53;EUR;MWh;NO;NO;;-1;-1;-1;-1;DOWN
2025-10-31T13:15;2025-10-31T13:30;54;EUR;MWh;NO;NO;;43;43;43;-1;DOWN
2025-10-31T13:30;2025-10-31T13:45;55;EUR;MWh;NO;NO;90.74;74.68;90.74;65;2;UP_AND_DOWN
2025-10-31T13:45;2025-10-31T14:00;56;EUR;MWh;NO;NO;87.94;83;87.94;87.94;1;UP
2025-10-31T14:00;2025-10-31T14:15;57;EUR;MWh;NO;NO;135.4;77.83;135.4;61.5;2;UP_AND_DOWN
2025-10-31T14:15;2025-10-31T14:30;58;EUR;MWh;NO;NO;135.4;;135.4;135.4;1;UP
2025-10-31T14:30;2025-10-31T14:45;59;EUR;MWh;NO;NO;97;;97;97;1;UP
2025-10-31T14:45;2025-10-31T15:00;60;EUR;MWh;NO;NO;95.8;75;95.8;95.8;1;UP
2025-10-31T15:00;2025-10-31T15:15;61;EUR;MWh;NO;NO;;48.8;48.8;48.8;-1;DOWN
2025-10-31T15:15;2025-10-31T15:30;62;EUR;MWh;NO;NO;135.4;48.8;135.4;135.4;1;UP
2025-10-31T15:30;2025-10-31T15:45;63;EUR;MWh;NO;NO;112;;112;112;1;UP
2025-10-31T15:45;2025-10-31T16:00;64;EUR;MWh;NO;NO;105;60;105;60;2;UP_AND_DOWN
2025-10-31T16:00;2025-10-31T16:15;65;EUR;MWh;NO;NO;;59;59;59;-1;DOWN
2025-10-31T16:15;2025-10-31T16:30;66;EUR;MWh;NO;NO;;60;60;60;-1;DOWN
2025-10-31T16:30;2025-10-31T16:45;67;EUR;MWh;NO;NO;100;60;100;60;2;UP_AND_DOWN
2025-10-31T16:45;2025-10-31T17:00;68;EUR;MWh;NO;NO;99.6;83;99.6;61.5;2;UP_AND_DOWN
2025-10-31T17:00;2025-10-31T17:15;69;EUR;MWh;NO;NO;140;;140;140;1;UP
2025-10-31T17:15;2025-10-31T17:30;70;EUR;MWh;NO;NO;135.4;;135.4;135.4;1;UP
2025-10-31T17:30;2025-10-31T17:45;71;EUR;MWh;NO;NO;156.76;;156.76;156.76;1;UP
2025-10-31T17:45;2025-10-31T18:00;72;EUR;MWh;NO;NO;82;;82;82;1;UP
2025-10-31T18:00;2025-10-31T18:15;73;EUR;MWh;NO;NO;96;76.7;96;61.5;2;UP_AND_DOWN
2025-10-31T18:15;2025-10-31T18:30;74;EUR;MWh;NO;NO;;71;71;71;-1;DOWN
2025-10-31T18:30;2025-10-31T18:45;75;EUR;MWh;NO;NO;;72;72;72;-1;DOWN
2025-10-31T18:45;2025-10-31T19:00;76;EUR;MWh;NO;NO;;51.94;51.94;51.94;-1;DOWN
2025-10-31T19:00;2025-10-31T19:15;77;EUR;MWh;NO;NO;;51.94;51.94;51.94;-1;DOWN
2025-10-31T19:15;2025-10-31T19:30;78;EUR;MWh;NO;NO;;46.79;46.79;46.79;-1;DOWN
2025-10-31T19:30;2025-10-31T19:45;79;EUR;MWh;NO;NO;;-4;-4;-4;-1;DOWN
2025-10-31T19:45;2025-10-31T20:00;80;EUR;MWh;NO;NO;;41;41;41;-1;DOWN
2025-10-31T20:00;2025-10-31T20:15;81;EUR;MWh;NO;NO;;42.94;42.94;42.94;-1;DOWN
2025-10-31T20:15;2025-10-31T20:30;82;EUR;MWh;NO;NO;;25;25;25;-1;DOWN
2025-10-31T20:30;2025-10-31T20:45;83;EUR;MWh;NO;NO;;41;41;41;-1;DOWN
2025-10-31T20:45;2025-10-31T21:00;84;EUR;MWh;NO;NO;78.56;-3.9;78.56;-3.9;2;UP_AND_DOWN
2025-10-31T21:00;2025-10-31T21:15;85;EUR;MWh;NO;NO;68;-4;68;-4;2;UP_AND_DOWN
2025-10-31T21:15;2025-10-31T21:30;86;EUR;MWh;NO;NO;59;51.94;59;51.94;2;UP_AND_DOWN
2025-10-31T21:30;2025-10-31T21:45;87;EUR;MWh;NO;NO;78.56;68.91;78.56;55.96;2;UP_AND_DOWN
2025-10-31T21:45;2025-10-31T22:00;88;EUR;MWh;NO;NO;69;58;69;55.96;2;UP_AND_DOWN
2025-10-31T22:00;2025-10-31T22:15;89;EUR;MWh;NO;NO;43;10;55.96;10;2;UP_AND_DOWN
2025-10-31T22:15;2025-10-31T22:30;90;EUR;MWh;NO;NO;;10;10;10;-1;DOWN
2025-10-31T22:30;2025-10-31T22:45;91;EUR;MWh;NO;NO;69;51.94;69;51.94;2;UP_AND_DOWN
2025-10-31T22:45;2025-10-31T23:00;92;EUR;MWh;NO;NO;43;20;20;20;-1;DOWN
2025-10-31T23:00;2025-10-31T23:15;93;EUR;MWh;NO;NO;63;20;63;20;2;UP_AND_DOWN
2025-10-31T23:15;2025-10-31T23:30;94;EUR;MWh;NO;NO;;-4;-4;-4;-1;DOWN
2025-10-31T23:30;2025-10-31T23:45;95;EUR;MWh;NO;NO;43;31;31;31;-1;DOWN
2025-10-31T23:45;2025-11-01T00:00;96;EUR;MWh;NO;NO;;83;61.5;61.5;0;STABLE
