Timeinterval Start Loc;Timeinterval End Loc;Isp;Currency Unit Name;Price Measurement Unit Name;Incident Reserve Up;Incident Reserve Down;Price Dispatch Up;Price Dispatch Down;Price Shortage;Price Surplus;Regulation State;Regulating Condition
2025-02-01T00:00;2025-02-01T00:15;1;EUR;MWh;NO;NO;165.57;92;165.57;63.79;2;UP_AND_DOWN
2025-02-01T00:15;2025-02-01T00:30;2;EUR;MWh;NO;NO;144.47;;144.47;144.47;1;UP
2025-02-01T00:30;2025-02-01T00:45;3;EUR;MWh;NO;NO;191;;191;191;1;UP
2025-02-01T00:45;2025-02-01T01:00;4;EUR;MWh;NO;NO;148.95;;148.95;148.95;1;UP
2025-02-01T01:00;2025-02-01T01:15;5;EUR;MWh;NO;NO;166.02;;166.02;166.02;1;UP
2025-02-01T01:15;2025-02-01T01:30;6;EUR;MWh;NO;NO;140;108.31;108.31;108.31;-1;DOWN
2025-02-01T01:30;2025-02-01T01:45;7;EUR;MWh;NO;NO;;114.57;114.57;114.57;-1;DOWN
2025-02-01T01:45;2025-02-01T02:00;8;EUR;MWh;NO;NO;134.63;;134.63;134.63;1;UP
2025-02-01T02:00;2025-02-01T02:15;9;EUR;MWh;NO;NO;167.28;;167.28;167.28;1;UP
2025-02-01T02:15;2025-02-01T02:30;10;EUR;MWh;NO;NO;167.28;;167.28;167.28;1;UP
2025-02-01T02:30;2025-02-01T02:45;11;EUR;MWh;NO;NO;169.04;;169.04;169.04;1;UP
2025-02-01T02:45;2025-02-01T03:00;12;EUR;MWh;NO;NO;173.93;;173.93;173.93;1;UP
2025-02-01T03:00;2025-02-01T03:15;13;EUR;MWh;NO;NO;175.5;;175.5;175.5;1;UP
2025-02-01T03:15;2025-02-01T03:30;14;EUR;MWh;NO;NO;171.72;;171.72;171.72;1;UP
2025-02-01T03:30;2025-02-01T03:45;15;EUR;MWh;NO;NO;130.26;;130.26;130.26;1;UP
2025-02-01T03:45;2025-02-01T04:00;16;EUR;MWh;NO;NO;157.28;;157.28;157.28;1;UP
2025-02-01T04:00;2025-02-01T04:15;17;EUR;MWh;NO;NO;140;110.34;140;107.74;2;UP_AND_DOWN
2025-02-01T04:15;2025-02-01T04:30;18;EUR;MWh;NO;NO;132.57;;132.57;132.57;1;UP
2025-02-01T04:30;2025-02-01T04:45;19;EUR;MWh;NO;NO;126.14;;126.14;126.14;1;UP
2025-02-01T04:45;2025-02-01T05:00;20;EUR;MWh;NO;NO;149.06;;149.06;149.06;1;UP
2025-02-01T05:00;2025-02-01T05:15;21;EUR;MWh;NO;NO;140;;140;140;1;UP
2025-02-01T05:15;2025-02-01T05:30;22;EUR;MWh;NO;NO;133.6;;133.6;133.6;1;UP
2025-02-01T05:30;2025-02-01T05:45;23;EUR;MWh;NO;NO;153.78;;153.78;153.78;1;UP
2025-02-01T05:45;2025-02-01T06:00;24;EUR;MWh;NO;NO;160;;160;160;1;UP
2025-02-01T06:00;2025-02-01T06:15;25;EUR;MWh;NO;NO;146.61;110.57;146.61;106.54;2;UP_AND_DOWN
2025-02-01T06:15;2025-02-01T06:30;26;EUR;MWh;NO;NO;160;;160;160;1;UP
2025-02-01T06:30;2025-02-01T06:45;27;EUR;MWh;NO;NO;160;;160;160;1;UP
2025-02-01T06:45;2025-02-01T07:00;28;EUR;MWh;NO;NO;160;;160;160;1;UP
2025-02-01T07:00;2025-02-01T07:15;29;EUR;MWh;NO;NO;163.65;;163.65;163.65;1;UP
2025-02-01T07:15;2025-02-01T07:30;30;EUR;MWh;NO;NO;165.86;;165.86;165.86;1;UP
2025-02-01T07:30;2025-02-01T07:45;31;EUR;MWh;NO;NO;165.86;;165.86;165.86;1;UP
2025-02-01T07:45;2025-02-01T08:00;32;EUR;MWh;NO;NO;177.57;;177.57;177.57;1;UP
2025-02-01T08:00;2025-02-01T08:15;33;EUR;MWh;NO;NO;173.46;;173.46;173.46;1;UP
2025-02-01T08:15;2025-02-01T08:30;34;EUR;MWh;NO;NO;175;;175;175;1;UP
2025-02-01T08:30;2025-02-01T08:45;35;EUR;MWh;NO;NO;165.86;;165.86;165.86;1;UP
2025-02-01T08:45;2025-02-01T09:00;36;EUR;MWh;NO;NO;147.57;;147.57;147.57;1;UP
2025-02-01T09:00;2025-02-01T09:15;37;EUR;MWh;NO;NO;160;;160;160;1;UP
2025-02-01T09:15;2025-02-01T09:30;38;EUR;MWh;NO;NO;141.16;;141.16;141.16;1;UP
2025-02-01T09:30;2025-02-01T09:45;39;EUR;MWh;NO;NO;141.16;91.21;91.21;91.21;-1;DOWN
2025-02-01T09:45;2025-02-01T10:00;40;EUR;MWh;NO;NO;;-30;-30;-30;-1;DOWN
2025-02-01T10:00;2025-02-01T10:15;41;EUR;MWh;NO;NO;;20.16;20.16;20.16;-1;DOWN
2025-02-01T10:15;2025-02-01T10:30;42;EUR;MWh;NO;NO;;78.2;78.2;78.2;-1;DOWN
2025-02-01T10:30;2025-02-01T10:45;43;EUR;MWh;NO;NO;;60.16;60.16;60.16;-1;DOWN
2025-02-01T10:45;2025-02-01T11:00;44;EUR;MWh;NO;NO;;25.33;25.33;25.33;-1;DOWN
2025-02-01T11:00;2025-02-01T11:15;45;EUR;MWh;NO;NO;;76.9;76.9;76.9;-1;DOWN
2025-02-01T11:15;2025-02-01T11:30;46;EUR;MWh;NO;NO;120.85;114.57;120.85;106.32;2;UP_AND_DOWN
2025-02-01T11:30;2025-02-01T11:45;47;EUR;MWh;NO;NO;96;90.34;106.32;90.34;2;UP_AND_DOWN
2025-02-01T11:45;2025-02-01T12:00;48;EUR;MWh;NO;NO;;78.6;78.6;78.6;-1;DOWN
2025-02-01T12:00;2025-02-01T12:15;49;EUR;MWh;NO;NO;133.28;97.57;133.28;97.57;2;UP_AND_DOWN
2025-02-01T12:15;2025-02-01T12:30;50;EUR;MWh;NO;NO;116.35;;116.35;116.35;1;UP
2025-02-01T12:30;2025-02-01T12:45;51;EUR;MWh;NO;NO;116.35;114.57;116.35;116.35;1;UP
2025-02-01T12:45;2025-02-01T13:00;52;EUR;MWh;NO;NO;116.35;80.4;80.4;80.4;-1;DOWN
2025-02-01T13:00;2025-02-01T13:15;53;EUR;MWh;NO;NO;;74;74;74;-1;DOWN
2025-02-01T13:15;2025-02-01T13:30;54;EUR;MWh;NO;NO;;81.3;81.3;81.3;-1;DOWN
2025-02-01T13:30;2025-02-01T13:45;55;EUR;MWh;NO;NO;117.85;80.7;117.85;80.7;2;UP_AND_DOWN
2025-02-01T13:45;2025-02-01T14:00;56;EUR;MWh;NO;NO;115.07;;115.07;115.07;1;UP
2025-02-01T14:00;2025-02-01T14:15;57;EUR;MWh;NO;NO;95.07;71;106.32;71;2;UP_AND_DOWN
2025-02-01T14:15;2025-02-01T14:30;58;EUR;MWh;NO;NO;125;80.4;125;80.4;2;UP_AND_DOWN
2025-02-01T14:30;2025-02-01T14:45;59;EUR;MWh;NO;NO;140;109.57;140;106.32;2;UP_AND_DOWN
2025-02-01T14:45;2025-02-01T15:00;60;EUR;MWh;NO;NO;117.85;101;117.85;101;2;UP_AND_DOWN
2025-02-01T15:00;2025-02-01T15:15;61;EUR;MWh;NO;NO;117.85;51.34;51.34;51.34;-1;DOWN
2025-02-01T15:15;2025-02-01T15:30;62;EUR;MWh;NO;NO;;53.57;53.57;53.57;-1;DOWN
2025-02-01T15:30;2025-02-01T15:45;63;EUR;MWh;NO;NO;125;85.16;125;125;1;UP
2025-02-01T15:45;2025-02-01T16:00;64;EUR;MWh;NO;NO;129.28;85.16;129.28;129.28;1;UP
2025-02-01T16:00;2025-02-01T16:15;65;EUR;MWh;NO;NO;125;71;125;71;2;UP_AND_DOWN
2025-02-01T16:15;2025-02-01T16:30;66;EUR;MWh;NO;NO;125;94.07;125;94.07;2;UP_AND_DOWN
2025-02-01T16:30;2025-02-01T16:45;67;EUR;MWh;NO;NO;140.99;94.07;140.99;94.07;2;UP_AND_DOWN
2025-02-01T16:45;2025-02-01T17:00;68;EUR;MWh;NO;NO;151.43;;151.43;151.43;1;UP
2025-02-01T17:00;2025-02-01T17:15;69;EUR;MWh;NO;NO;127.15;86.4;127.15;86.4;2;UP_AND_DOWN
2025-02-01T17:15;2025-02-01T17:30;70;EUR;MWh;NO;NO;125;114.6;125;125;1;UP
2025-02-01T17:30;2025-02-01T17:45;71;EUR;MWh;NO;NO;171.99;;171.99;171.99;1;UP
2025-02-01T17:45;2025-02-01T18:00;72;EUR;MWh;NO;NO;163.91;;163.91;163.91;1;UP
2025-02-01T18:00;2025-02-01T18:15;73;EUR;MWh;NO;NO;165.57;;165.57;165.57;1;UP
2025-02-01T18:15;2025-02-01T18:30;74;EUR;MWh;NO;NO;127.06;;127.06;127.06;1;UP
2025-02-01T18:30;2025-02-01T18:45;75;EUR;MWh;NO;NO;125;;125;125;1;UP
2025-02-01T18:45;2025-02-01T19:00;76;EUR;MWh;NO;NO;125;;125;125;1;UP
2025-02-01T19:00;2025-02-01T19:15;77;EUR;MWh;NO;NO;127.15;108.57;127.15;106.32;2;UP_AND_DOWN
2025-02-01T19:15;2025-02-01T19:30;78;EUR;MWh;NO;NO;;97.57;97.57;97.57;-1;DOWN
2025-02-01T19:30;2025-02-01T19:45;79;EUR;MWh;NO;NO;;90;90;90;-1;DOWN
2025-02-01T19:45;2025-02-01T20:00;80;EUR;MWh;NO;NO;;88.47;88.47;88.47;-1;DOWN
2025-02-01T20:00;2025-02-01T20:15;81;EUR;MWh;NO;NO;131.51;93.47;131.51;93.47;2;UP_AND_DOWN
2025-02-01T20:15;2025-02-01T20:30;82;EUR;MWh;NO;NO;141.6;;141.6;141.6;1;UP
2025-02-01T20:30;2025-02-01T20:45;83;EUR;MWh;NO;NO;129.78;86.25;129.78;86.25;2;UP_AND_DOWN
2025-02-01T20:45;2025-02-01T21:00;84;EUR;MWh;NO;NO;129.78;82.66;82.66;82.66;-1;DOWN
2025-02-01T21:00;2025-02-01T21:15;85;EUR;MWh;NO;NO;123.99;115.57;123.99;94.29;2;UP_AND_DOWN
2025-02-01T21:15;2025-02-01T21:30;86;EUR;MWh;NO;NO;123.32;;123.32;123.32;1;UP
2025-02-01T21:30;2025-02-01T21:45;87;EUR;MWh;NO;NO;121;;121;121;1;UP
2025-02-01T21:45;2025-02-01T22:00;88;EUR;MWh;NO;NO;121;108.39;121;94.29;2;UP_AND_DOWN
2025-02-01T22:00;2025-02-01T22:15;89;EUR;MWh;NO;NO;119.5;101.09;119.5;101.09;2;UP_AND_DOWN
2025-02-01T22:15;2025-02-01T22:30;90;EUR;MWh;NO;NO;;90;90;90;-1;DOWN
2025-02-01T22:30;2025-02-01T22:45;91;EUR;MWh;NO;NO;95.07;103.47;107.54;103.47;2;UP_AND_DOWN
2025-02-01T22:45;2025-02-01T23:00;92;EUR;MWh;NO;NO;95.07;107.57;107.54;107.54;2;UP_AND_DOWN
2025-02-01T23:00;2025-02-01T23:15;93;EUR;MWh;NO;NO;;93.78;93.78;93.78;-1;DOWN
2025-02-01T23:15;2025-02-01T23:30;94;EUR;MWh;NO;NO;;90.34;90.34;90.34;-1;DOWN
2025-02-01T23:30;2025-02-01T23:45;95;EUR;MWh;NO;NO;;88.57;88.57;88.57;-1;DOWN
2025-02-01T23:45;2025-02-02T00:00;96;EUR;MWh;NO;NO;;88.89;88.89;88.89;-1;DOWN
2025-02-02T00:00;2025-02-02T00:15;1;EUR;MWh;NO;NO;;77.3;77.3;77.3;-1;DOWN
2025-02-02T00:15;2025-02-02T00:30;2;EUR;MWh;NO;NO;125;93.32;125;93.32;2;UP_AND_DOWN
2025-02-02T00:30;2025-02-02T00:45;3;EUR;MWh;NO;NO;125;92.41;92.41;92.41;-1;DOWN
2025-02-02T00:45;2025-02-02T01:00;4;EUR;MWh;NO;NO;;77.3;77.3;77.3;-1;DOWN
2025-02-02T01:00;2025-02-02T01:15;5;EUR;MWh;NO;NO;;89.92;89.92;89.92;-1;DOWN
2025-02-02T01:15;2025-02-02T01:30;6;EUR;MWh;NO;NO;;113.66;113.66;113.66;-1;DOWN
2025-02-02T01:30;2025-02-02T01:45;7;EUR;MWh;NO;NO;;114.57;114.57;114.57;-1;DOWN
2025-02-02T01:45;2025-02-02T02:00;8;EUR;MWh;NO;NO;125;117.57;125;106.32;2;UP_AND_DOWN
2025-02-02T02:00;2025-02-02T02:15;9;EUR;MWh;NO;NO;;103.33;103.33;103.33;-1;DOWN
2025-02-02T02:15;2025-02-02T02:30;10;EUR;MWh;NO;NO;;97.86;97.86;97.86;-1;DOWN
2025-02-02T02:30;2025-02-02T02:45;11;EUR;MWh;NO;NO;;113.57;113.57;113.57;-1;DOWN
2025-02-02T02:45;2025-02-02T03:00;12;EUR;MWh;NO;NO;142.99;;142.99;142.99;1;UP
2025-02-02T03:00;2025-02-02T03:15;13;EUR;MWh;NO;NO;169.57;;169.57;169.57;1;UP
2025-02-02T03:15;2025-02-02T03:30;14;EUR;MWh;NO;NO;154.57;;154.57;154.57;1;UP
2025-02-02T03:30;2025-02-02T03:45;15;EUR;MWh;NO;NO;145.85;;145.85;145.85;1;UP
2025-02-02T03:45;2025-02-02T04:00;16;EUR;MWh;NO;NO;165.85;;165.85;165.85;1;UP
2025-02-02T04:00;2025-02-02T04:15;17;EUR;MWh;NO;NO;125.42;;125.42;125.42;1;UP
2025-02-02T04:15;2025-02-02T04:30;18;EUR;MWh;NO;NO;144.57;;144.57;144.57;1;UP
2025-02-02T04:30;2025-02-02T04:45;19;EUR;MWh;NO;NO;140;;140;140;1;UP
2025-02-02T04:45;2025-02-02T05:00;20;EUR;MWh;NO;NO;154.57;;154.57;154.57;1;UP
2025-02-02T05:00;2025-02-02T05:15;21;EUR;MWh;NO;NO;154.57;;154.57;154.57;1;UP
2025-02-02T05:15;2025-02-02T05:30;22;EUR;MWh;NO;NO;154.57;;154.57;154.57;1;UP
2025-02-02T05:30;2025-02-02T05:45;23;EUR;MWh;NO;NO;140;;140;140;1;UP
2025-02-02T05:45;2025-02-02T06:00;24;EUR;MWh;NO;NO;128.64;;128.64;128.64;1;UP
2025-02-02T06:00;2025-02-02T06:15;25;EUR;MWh;NO;NO;125;;125;125;1;UP
2025-02-02T06:15;2025-02-02T06:30;26;EUR;MWh;NO;NO;130.44;;130.44;130.44;1;UP
2025-02-02T06:30;2025-02-02T06:45;27;EUR;MWh;NO;NO;125;;125;125;1;UP
2025-02-02T06:45;2025-02-02T07:00;28;EUR;MWh;NO;NO;130.44;;130.44;130.44;1;UP
2025-02-02T07:00;2025-02-02T07:15;29;EUR;MWh;NO;NO;125;;125;125;1;UP
2025-02-02T07:15;2025-02-02T07:30;30;EUR;MWh;NO;NO;125;;125;125;1;UP
2025-02-02T07:30;2025-02-02T07:45;31;EUR;MWh;NO;NO;155.61;;155.61;155.61;1;UP
2025-02-02T07:45;2025-02-02T08:00;32;EUR;MWh;NO;NO;175.61;;175.61;175.61;1;UP
2025-02-02T08:00;2025-02-02T08:15;33;EUR;MWh;NO;NO;165.61;;165.61;165.61;1;UP
2025-02-02T08:15;2025-02-02T08:30;34;EUR;MWh;NO;NO;162.57;;162.57;162.57;1;UP
2025-02-02T08:30;2025-02-02T08:45;35;EUR;MWh;NO;NO;191.8;;191.8;191.8;1;UP
2025-02-02T08:45;2025-02-02T09:00;36;EUR;MWh;NO;NO;127;;127;127;1;UP
2025-02-02T09:00;2025-02-02T09:15;37;EUR;MWh;NO;NO;118.57;;118.57;118.57;1;UP
2025-02-02T09:15;2025-02-02T09:30;38;EUR;MWh;NO;NO;125;124.84;125;97.92;2;UP_AND_DOWN
2025-02-02T09:30;2025-02-02T09:45;39;EUR;MWh;NO;NO;;71;71;71;-1;DOWN
2025-02-02T09:45;2025-02-02T10:00;40;EUR;MWh;NO;NO;;65;65;65;-1;DOWN
2025-02-02T10:00;2025-02-02T10:15;41;EUR;MWh;NO;NO;135.85;103.49;135.85;94.29;2;UP_AND_DOWN
2025-02-02T10:15;2025-02-02T10:30;42;EUR;MWh;NO;NO;95.07;94.2;95.07;94.2;2;UP_AND_DOWN
2025-02-02T10:30;2025-02-02T10:45;43;EUR;MWh;NO;NO;;81.5;81.5;81.5;-1;DOWN
2025-02-02T10:45;2025-02-02T11:00;44;EUR;MWh;NO;NO;;71;71;71;-1;DOWN
2025-02-02T11:00;2025-02-02T11:15;45;EUR;MWh;NO;NO;;65;65;65;-1;DOWN
2025-02-02T11:15;2025-02-02T11:30;46;EUR;MWh;NO;NO;;84.92;84.92;84.92;-1;DOWN
2025-02-02T11:30;2025-02-02T11:45;47;EUR;MWh;NO;NO;;77.12;77.12;77.12;-1;DOWN
2025-02-02T11:45;2025-02-02T12:00;48;EUR;MWh;NO;NO;;68.32;68.32;68.32;-1;DOWN
2025-02-02T12:00;2025-02-02T12:15;49;EUR;MWh;NO;NO;;86.65;86.65;86.65;-1;DOWN
2025-02-02T12:15;2025-02-02T12:30;50;EUR;MWh;NO;NO;;93.49;93.49;93.49;-1;DOWN
2025-02-02T12:30;2025-02-02T12:45;51;EUR;MWh;NO;NO;;81.16;81.16;81.16;-1;DOWN
2025-02-02T12:45;2025-02-02T13:00;52;EUR;MWh;NO;NO;;64.71;64.71;64.71;-1;DOWN
2025-02-02T13:00;2025-02-02T13:15;53;EUR;MWh;NO;NO;;45.47;45.47;45.47;-1;DOWN
2025-02-02T13:15;2025-02-02T13:30;54;EUR;MWh;NO;NO;;14.57;14.57;14.57;-1;DOWN
2025-02-02T13:30;2025-02-02T13:45;55;EUR;MWh;NO;NO;;89.92;89.92;89.92;-1;DOWN
2025-02-02T13:45;2025-02-02T14:00;56;EUR;MWh;NO;NO;;82.41;82.41;82.41;-1;DOWN
2025-02-02T14:00;2025-02-02T14:15;57;EUR;MWh;NO;NO;;75;75;75;-1;DOWN
2025-02-02T14:15;2025-02-02T14:30;58;EUR;MWh;NO;NO;;53.49;53.49;53.49;-1;DOWN
2025-02-02T14:30;2025-02-02T14:45;59;EUR;MWh;NO;NO;77;94.92;94.92;94.92;-1;DOWN
2025-02-02T14:45;2025-02-02T15:00;60;EUR;MWh;NO;NO;105;69.91;105;69.91;2;UP_AND_DOWN
2025-02-02T15:00;2025-02-02T15:15;61;EUR;MWh;NO;NO;;49.92;49.92;49.92;-1;DOWN
2025-02-02T15:15;2025-02-02T15:30;62;EUR;MWh;NO;NO;;103.49;103.49;103.49;-1;DOWN
2025-02-02T15:30;2025-02-02T15:45;63;EUR;MWh;NO;NO;132.17;94.19;132.17;94.19;2;UP_AND_DOWN
2025-02-02T15:45;2025-02-02T16:00;64;EUR;MWh;NO;NO;134.75;;134.75;134.75;1;UP
2025-02-02T16:00;2025-02-02T16:15;65;EUR;MWh;NO;NO;105;89.61;105;89.61;2;UP_AND_DOWN
2025-02-02T16:15;2025-02-02T16:30;66;EUR;MWh;NO;NO;;79.57;79.57;79.57;-1;DOWN
2025-02-02T16:30;2025-02-02T16:45;67;EUR;MWh;NO;NO;137.85;93.49;137.85;93.49;2;UP_AND_DOWN
2025-02-02T16:45;2025-02-02T17:00;68;EUR;MWh;NO;NO;150;93.49;150;150;1;UP
2025-02-02T17:00;2025-02-02T17:15;69;EUR;MWh;NO;NO;121.57;122.6;121.57;107.55;2;UP_AND_DOWN
2025-02-02T17:15;2025-02-02T17:30;70;EUR;MWh;NO;NO;;123.1;123.1;123.1;-1;DOWN
2025-02-02T17:30;2025-02-02T17:45;71;EUR;MWh;NO;NO;150;;150;150;1;UP
2025-02-02T17:45;2025-02-02T18:00;72;EUR;MWh;NO;NO;152.85;;152.85;152.85;1;UP
2025-02-02T18:00;2025-02-02T18:15;73;EUR;MWh;NO;NO;162.85;;162.85;162.85;1;UP
2025-02-02T18:15;2025-02-02T18:30;74;EUR;MWh;NO;NO;157.85;;157.85;157.85;1;UP
2025-02-02T18:30;2025-02-02T18:45;75;EUR;MWh;NO;NO;130;;130;130;1;UP
2025-02-02T18:45;2025-02-02T19:00;76;EUR;MWh;NO;NO;71;;71;71;1;UP
2025-02-02T19:00;2025-02-02T19:15;77;EUR;MWh;NO;NO;121.57;;121.57;121.57;1;UP
2025-02-02T19:15;2025-02-02T19:30;78;EUR;MWh;NO;NO;130;122.3;130;130;1;UP
2025-02-02T19:30;2025-02-02T19:45;79;EUR;MWh;NO;NO;130;122.3;130;107.9;2;UP_AND_DOWN
2025-02-02T19:45;2025-02-02T20:00;80;EUR;MWh;NO;NO;126.58;;126.58;126.58;1;UP
2025-02-02T20:00;2025-02-02T20:15;81;EUR;MWh;NO;NO;157.85;;157.85;157.85;1;UP
2025-02-02T20:15;2025-02-02T20:30;82;EUR;MWh;NO;NO;149.57;;149.57;149.57;1;UP
2025-02-02T20:30;2025-02-02T20:45;83;EUR;MWh;NO;NO;146.75;;146.75;146.75;1;UP
2025-02-02T20:45;2025-02-02T21:00;84;EUR;MWh;NO;NO;128;122.1;128;97.92;2;UP_AND_DOWN
2025-02-02T21:00;2025-02-02T21:15;85;EUR;MWh;NO;NO;130;115.57;130;97.82;2;UP_AND_DOWN
2025-02-02T21:15;2025-02-02T21:30;86;EUR;MWh;NO;NO;130;122;130;130;1;UP
2025-02-02T21:30;2025-02-02T21:45;87;EUR;MWh;NO;NO;147.85;121.9;147.85;96.45;2;UP_AND_DOWN
2025-02-02T21:45;2025-02-02T22:00;88;EUR;MWh;NO;NO;71;;71;71;1;UP
2025-02-02T22:00;2025-02-02T22:15;89;EUR;MWh;NO;NO;169.57;;169.57;169.57;1;UP
2025-02-02T22:15;2025-02-02T22:30;90;EUR;MWh;NO;NO;162.85;;162.85;162.85;1;UP
2025-02-02T22:30;2025-02-02T22:45;91;EUR;MWh;NO;NO;130;;130;130;1;UP
2025-02-02T22:45;2025-02-02T23:00;92;EUR;MWh;NO;NO;129.42;122.2;129.42;97.91;2;UP_AND_DOWN
2025-02-02T23:00;2025-02-02T23:15;93;EUR;MWh;NO;NO;;86.65;86.65;86.65;-1;DOWN
2025-02-02T23:15;2025-02-02T23:30;94;EUR;MWh;NO;NO;129.28;86.65;129.28;129.28;1;UP
2025-02-02T23:30;2025-02-02T23:45;95;EUR;MWh;NO;NO;142.53;;142.53;142.53;1;UP
2025-02-02T23:45;2025-02-03T00:00;96;EUR;MWh;NO;NO;130;;130;130;1;UP
2025-02-03T00:00;2025-02-03T00:15;1;EUR;MWh;NO;NO;152;;152;152;1;UP
2025-02-03T00:15;2025-02-03T00:30;2;EUR;MWh;NO;NO;129.49;102.16;102.16;102.16;-1;DOWN
2025-02-03T00:30;2025-02-03T00:45;3;EUR;MWh;NO;NO;;92.98;92.98;92.98;-1;DOWN
2025-02-03T00:45;2025-02-03T01:00;4;EUR;MWh;NO;NO;;89;89;89;-1;DOWN
2025-02-03T01:00;2025-02-03T01:15;5;EUR;MWh;NO;NO;;97.57;97.57;97.57;-1;DOWN
2025-02-03T01:15;2025-02-03T01:30;6;EUR;MWh;NO;NO;;101;101;101;-1;DOWN
2025-02-03T01:30;2025-02-03T01:45;7;EUR;MWh;NO;NO;;101;90.32;90.32;0;STABLE
2025-02-03T01:45;2025-02-03T02:00;8;EUR;MWh;NO;NO;;114.57;114.57;114.57;-1;DOWN
2025-02-03T02:00;2025-02-03T02:15;9;EUR;MWh;NO;NO;123.49;101;123.49;90.32;2;UP_AND_DOWN
2025-02-03T02:15;2025-02-03T02:30;10;EUR;MWh;NO;NO;123.49;84.7;84.7;84.7;-1;DOWN
2025-02-03T02:30;2025-02-03T02:45;11;EUR;MWh;NO;NO;;75.53;75.53;75.53;-1;DOWN
2025-02-03T02:45;2025-02-03T03:00;12;EUR;MWh;NO;NO;;82.72;82.72;82.72;-1;DOWN
2025-02-03T03:00;2025-02-03T03:15;13;EUR;MWh;NO;NO;;98.02;98.02;98.02;-1;DOWN
2025-02-03T03:15;2025-02-03T03:30;14;EUR;MWh;NO;NO;120.85;115.57;120.85;90.32;2;UP_AND_DOWN
2025-02-03T03:30;2025-02-03T03:45;15;EUR;MWh;NO;NO;117.85;;117.85;117.85;1;UP
2025-02-03T03:45;2025-02-03T04:00;16;EUR;MWh;NO;NO;117.85;101;101;101;-1;DOWN
2025-02-03T04:00;2025-02-03T04:15;17;EUR;MWh;NO;NO;;101;101;101;-1;DOWN
2025-02-03T04:15;2025-02-03T04:30;18;EUR;MWh;NO;NO;;94.7;94.7;94.7;-1;DOWN
2025-02-03T04:30;2025-02-03T04:45;19;EUR;MWh;NO;NO;117.85;103.49;117.85;90.32;2;UP_AND_DOWN
2025-02-03T04:45;2025-02-03T05:00;20;EUR;MWh;NO;NO;126.57;101.7;126.57;90.32;2;UP_AND_DOWN
2025-02-03T05:00;2025-02-03T05:15;21;EUR;MWh;NO;NO;120.85;94.7;120.85;94.7;2;UP_AND_DOWN
2025-02-03T05:15;2025-02-03T05:30;22;EUR;MWh;NO;NO;125.35;94.7;125.35;125.35;1;UP
2025-02-03T05:30;2025-02-03T05:45;23;EUR;MWh;NO;NO;156.5;;156.5;156.5;1;UP
2025-02-03T05:45;2025-02-03T06:00;24;EUR;MWh;NO;NO;156.3;;156.3;156.3;1;UP
2025-02-03T06:00;2025-02-03T06:15;25;EUR;MWh;NO;NO;135.57;100;135.57;100;2;UP_AND_DOWN
2025-02-03T06:15;2025-02-03T06:30;26;EUR;MWh;NO;NO;144.07;159.68;144.07;112.38;2;UP_AND_DOWN
2025-02-03T06:30;2025-02-03T06:45;27;EUR;MWh;NO;NO;195;;195;195;1;UP
2025-02-03T06:45;2025-02-03T07:00;28;EUR;MWh;NO;NO;195;;195;195;1;UP
2025-02-03T07:00;2025-02-03T07:15;29;EUR;MWh;NO;NO;152;93.78;152;93.78;2;UP_AND_DOWN
2025-02-03T07:15;2025-02-03T07:30;30;EUR;MWh;NO;NO;182.57;93.78;182.57;182.57;1;UP
2025-02-03T07:30;2025-02-03T07:45;31;EUR;MWh;NO;NO;200;;200;200;1;UP
2025-02-03T07:45;2025-02-03T08:00;32;EUR;MWh;NO;NO;239.57;;239.57;239.57;1;UP
2025-02-03T08:00;2025-02-03T08:15;33;EUR;MWh;NO;NO;289;;289;289;1;UP
2025-02-03T08:15;2025-02-03T08:30;34;EUR;MWh;NO;NO;289;;289;289;1;UP
2025-02-03T08:30;2025-02-03T08:45;35;EUR;MWh;NO;NO;227.9;;227.9;227.9;1;UP
2025-02-03T08:45;2025-02-03T09:00;36;EUR;MWh;NO;NO;155;;155;155;1;UP
2025-02-03T09:00;2025-02-03T09:15;37;EUR;MWh;NO;NO;235.57;;235.57;235.57;1;UP
2025-02-03T09:15;2025-02-03T09:30;38;EUR;MWh;NO;NO;136.13;100;136.13;93.74;2;UP_AND_DOWN
2025-02-03T09:30;2025-02-03T09:45;39;EUR;MWh;NO;NO;;80.53;80.53;80.53;-1;DOWN
2025-02-03T09:45;2025-02-03T10:00;40;EUR;MWh;NO;NO;;53.78;53.78;53.78;-1;DOWN
2025-02-03T10:00;2025-02-03T10:15;41;EUR;MWh;NO;NO;204.95;59.83;204.95;59.83;2;UP_AND_DOWN
2025-02-03T10:15;2025-02-03T10:30;42;EUR;MWh;NO;NO;190;;190;190;1;UP
2025-02-03T10:30;2025-02-03T10:45;43;EUR;MWh;NO;NO;190;86.65;86.65;86.65;-1;DOWN
2025-02-03T10:45;2025-02-03T11:00;44;EUR;MWh;NO;NO;;71;71;71;-1;DOWN
2025-02-03T11:00;2025-02-03T11:15;45;EUR;MWh;NO;NO;129.78;94.1;129.78;91.32;2;UP_AND_DOWN
2025-02-03T11:15;2025-02-03T11:30;46;EUR;MWh;NO;NO;144.95;;144.95;144.95;1;UP
2025-02-03T11:30;2025-02-03T11:45;47;EUR;MWh;NO;NO;144.95;99.97;99.97;99.97;-1;DOWN
2025-02-03T11:45;2025-02-03T12:00;48;EUR;MWh;NO;NO;;68.03;68.03;68.03;-1;DOWN
2025-02-03T12:00;2025-02-03T12:15;49;EUR;MWh;NO;NO;125.35;71;125.35;71;2;UP_AND_DOWN
2025-02-03T12:15;2025-02-03T12:30;50;EUR;MWh;NO;NO;125.35;107;107;107;-1;DOWN
2025-02-03T12:30;2025-02-03T12:45;51;EUR;MWh;NO;NO;;93.78;93.78;93.78;-1;DOWN
2025-02-03T12:45;2025-02-03T13:00;52;EUR;MWh;NO;NO;;56.65;56.65;56.65;-1;DOWN
2025-02-03T13:00;2025-02-03T13:15;53;EUR;MWh;NO;NO;;-31;-31;-31;-1;DOWN
2025-02-03T13:15;2025-02-03T13:30;54;EUR;MWh;NO;NO;;102.77;102.77;102.77;-1;DOWN
2025-02-03T13:30;2025-02-03T13:45;55;EUR;MWh;NO;NO;;107.57;107.57;107.57;-1;DOWN
2025-02-03T13:45;2025-02-03T14:00;56;EUR;MWh;NO;NO;;86.83;86.83;86.83;-1;DOWN
2025-02-03T14:00;2025-02-03T14:15;57;EUR;MWh;NO;NO;129.78;29.75;129.78;29.75;2;UP_AND_DOWN
2025-02-03T14:15;2025-02-03T14:30;58;EUR;MWh;NO;NO;133;29.75;133;133;1;UP
2025-02-03T14:30;2025-02-03T14:45;59;EUR;MWh;NO;NO;116.35;101;116.35;91.32;2;UP_AND_DOWN
2025-02-03T14:45;2025-02-03T15:00;60;EUR;MWh;NO;NO;;101;101;101;-1;DOWN
2025-02-03T15:00;2025-02-03T15:15;61;EUR;MWh;NO;NO;;91.32;91.32;91.32;-1;DOWN
2025-02-03T15:15;2025-02-03T15:30;62;EUR;MWh;NO;NO;;87.78;87.78;87.78;-1;DOWN
2025-02-03T15:30;2025-02-03T15:45;63;EUR;MWh;NO;NO;143;101;143;91.32;2;UP_AND_DOWN
2025-02-03T15:45;2025-02-03T16:00;64;EUR;MWh;NO;NO;152;110.57;152;91.32;2;UP_AND_DOWN
2025-02-03T16:00;2025-02-03T16:15;65;EUR;MWh;NO;NO;152;-137.39;-137.39;-137.39;-1;DOWN
2025-02-03T16:15;2025-02-03T16:30;66;EUR;MWh;NO;NO;;101.24;101.24;101.24;-1;DOWN
2025-02-03T16:30;2025-02-03T16:45;67;EUR;MWh;NO;NO;135.52;107;135.52;91.32;2;UP_AND_DOWN
2025-02-03T16:45;2025-02-03T17:00;68;EUR;MWh;NO;NO;152;107;152;152;1;UP
2025-02-03T17:00;2025-02-03T17:15;69;EUR;MWh;NO;NO;65.07;77.28;94.96;77.28;2;UP_AND_DOWN
2025-02-03T17:15;2025-02-03T17:30;70;EUR;MWh;NO;NO;123.57;116.86;123.57;94.96;2;UP_AND_DOWN
2025-02-03T17:30;2025-02-03T17:45;71;EUR;MWh;NO;NO;129.6;;129.6;129.6;1;UP
2025-02-03T17:45;2025-02-03T18:00;72;EUR;MWh;NO;NO;154.71;;154.71;154.71;1;UP
2025-02-03T18:00;2025-02-03T18:15;73;EUR;MWh;NO;NO;178.88;;178.88;178.88;1;UP
2025-02-03T18:15;2025-02-03T18:30;74;EUR;MWh;NO;NO;178.88;;178.88;178.88;1;UP
2025-02-03T18:30;2025-02-03T18:45;75;EUR;MWh;NO;NO;158;;158;158;1;UP
2025-02-03T18:45;2025-02-03T19:00;76;EUR;MWh;NO;NO;158;107.57;107.57;107.57;-1;DOWN
2025-02-03T19:00;2025-02-03T19:15;77;EUR;MWh;NO;NO;158.16;124.79;158.16;94.93;2;UP_AND_DOWN
2025-02-03T19:15;2025-02-03T19:30;78;EUR;MWh;NO;NO;149.05;;149.05;149.05;1;UP
2025-02-03T19:30;2025-02-03T19:45;79;EUR;MWh;NO;NO;139.28;116.86;139.28;94.96;2;UP_AND_DOWN
2025-02-03T19:45;2025-02-03T20:00;80;EUR;MWh;NO;NO;;113.57;113.57;113.57;-1;DOWN
2025-02-03T20:00;2025-02-03T20:15;81;EUR;MWh;NO;NO;196.57;124.68;196.57;94.88;2;UP_AND_DOWN
2025-02-03T20:15;2025-02-03T20:30;82;EUR;MWh;NO;NO;65.07;117.89;117.89;117.89;-1;DOWN
2025-02-03T20:30;2025-02-03T20:45;83;EUR;MWh;NO;NO;123.78;112.22;123.78;91.32;2;UP_AND_DOWN
2025-02-03T20:45;2025-02-03T21:00;84;EUR;MWh;NO;NO;123.78;124.67;94.87;94.87;0;STABLE
2025-02-03T21:00;2025-02-03T21:15;85;EUR;MWh;NO;NO;123.78;112.57;123.78;92.31;2;UP_AND_DOWN
2025-02-03T21:15;2025-02-03T21:30;86;EUR;MWh;NO;NO;123.78;102.59;123.78;91.32;2;UP_AND_DOWN
2025-02-03T21:30;2025-02-03T21:45;87;EUR;MWh;NO;NO;;106.57;106.57;106.57;-1;DOWN
2025-02-03T21:45;2025-02-03T22:00;88;EUR;MWh;NO;NO;;106.97;106.97;106.97;-1;DOWN
2025-02-03T22:00;2025-02-03T22:15;89;EUR;MWh;NO;NO;129.28;107;129.28;93.28;2;UP_AND_DOWN
2025-02-03T22:15;2025-02-03T22:30;90;EUR;MWh;NO;NO;152;;152;152;1;UP
2025-02-03T22:30;2025-02-03T22:45;91;EUR;MWh;NO;NO;129.78;;129.78;129.78;1;UP
2025-02-03T22:45;2025-02-03T23:00;92;EUR;MWh;NO;NO;200.75;;200.75;200.75;1;UP
2025-02-03T23:00;2025-02-03T23:15;93;EUR;MWh;NO;NO;152;;152;152;1;UP
2025-02-03T23:15;2025-02-03T23:30;94;EUR;MWh;NO;NO;65.07;;65.07;65.07;1;UP
2025-02-03T23:30;2025-02-03T23:45;95;EUR;MWh;NO;NO;71;;71;71;1;UP
2025-02-03T23:45;2025-02-04T00:00;96;EUR;MWh;NO;NO;65.07;;65.07;65.07;1;UP
2025-02-04T00:00;2025-02-04T00:15;1;EUR;MWh;NO;NO;151;;151;151;1;UP
2025-02-04T00:15;2025-02-04T00:30;2;EUR;MWh;NO;NO;151;;151;151;1;UP
2025-02-04T00:30;2025-02-04T00:45;3;EUR;MWh;NO;NO;148.07;100;148.07;91.33;2;UP_AND_DOWN
2025-02-04T00:45;2025-02-04T01:00;4;EUR;MWh;NO;NO;;100;100;100;-1;DOWN
2025-02-04T01:00;2025-02-04T01:15;5;EUR;MWh;NO;NO;138.37;100;138.37;92.86;2;UP_AND_DOWN
2025-02-04T01:15;2025-02-04T01:30;6;EUR;MWh;NO;NO;134.13;;134.13;134.13;1;UP
2025-02-04T01:30;2025-02-04T01:45;7;EUR;MWh;NO;NO;134.13;96.73;96.73;96.73;-1;DOWN
2025-02-04T01:45;2025-02-04T02:00;8;EUR;MWh;NO;NO;;100;100;100;-1;DOWN
2025-02-04T02:00;2025-02-04T02:15;9;EUR;MWh;NO;NO;158;103.91;158;94.43;2;UP_AND_DOWN
2025-02-04T02:15;2025-02-04T02:30;10;EUR;MWh;NO;NO;133.01;102;133.01;94.43;2;UP_AND_DOWN
2025-02-04T02:30;2025-02-04T02:45;11;EUR;MWh;NO;NO;;102;102;102;-1;DOWN
2025-02-04T02:45;2025-02-04T03:00;12;EUR;MWh;NO;NO;;107.31;107.31;107.31;-1;DOWN
2025-02-04T03:00;2025-02-04T03:15;13;EUR;MWh;NO;NO;;113.79;113.79;113.79;-1;DOWN
2025-02-04T03:15;2025-02-04T03:30;14;EUR;MWh;NO;NO;129.52;113.79;129.52;94.43;2;UP_AND_DOWN
2025-02-04T03:30;2025-02-04T03:45;15;EUR;MWh;NO;NO;128.14;103.92;103.92;103.92;-1;DOWN
2025-02-04T03:45;2025-02-04T04:00;16;EUR;MWh;NO;NO;;103.97;103.97;103.97;-1;DOWN
2025-02-04T04:00;2025-02-04T04:15;17;EUR;MWh;NO;NO;;107.26;107.26;107.26;-1;DOWN
2025-02-04T04:15;2025-02-04T04:30;18;EUR;MWh;NO;NO;;112.28;112.28;112.28;-1;DOWN
2025-02-04T04:30;2025-02-04T04:45;19;EUR;MWh;NO;NO;;106.01;106.01;106.01;-1;DOWN
2025-02-04T04:45;2025-02-04T05:00;20;EUR;MWh;NO;NO;;106.92;106.92;106.92;-1;DOWN
2025-02-04T05:00;2025-02-04T05:15;21;EUR;MWh;NO;NO;;105.46;105.46;105.46;-1;DOWN
2025-02-04T05:15;2025-02-04T05:30;22;EUR;MWh;NO;NO;;113.48;113.48;113.48;-1;DOWN
2025-02-04T05:30;2025-02-04T05:45;23;EUR;MWh;NO;NO;;113.46;113.46;113.46;-1;DOWN
2025-02-04T05:45;2025-02-04T06:00;24;EUR;MWh;NO;NO;;108.79;108.79;108.79;-1;DOWN
2025-02-04T06:00;2025-02-04T06:15;25;EUR;MWh;NO;NO;149.39;89.02;149.39;89.02;2;UP_AND_DOWN
2025-02-04T06:15;2025-02-04T06:30;26;EUR;MWh;NO;NO;147.39;;147.39;147.39;1;UP
2025-02-04T06:30;2025-02-04T06:45;27;EUR;MWh;NO;NO;151;;151;151;1;UP
2025-02-04T06:45;2025-02-04T07:00;28;EUR;MWh;NO;NO;158.1;;158.1;158.1;1;UP
2025-02-04T07:00;2025-02-04T07:15;29;EUR;MWh;NO;NO;140;89.02;140;89.02;2;UP_AND_DOWN
2025-02-04T07:15;2025-02-04T07:30;30;EUR;MWh;NO;NO;140;105.05;140;140;1;UP
2025-02-04T07:30;2025-02-04T07:45;31;EUR;MWh;NO;NO;165.07;;165.07;165.07;1;UP
2025-02-04T07:45;2025-02-04T08:00;32;EUR;MWh;NO;NO;166.81;;166.81;166.81;1;UP
2025-02-04T08:00;2025-02-04T08:15;33;EUR;MWh;NO;NO;171.83;;171.83;171.83;1;UP
2025-02-04T08:15;2025-02-04T08:30;34;EUR;MWh;NO;NO;158.2;;158.2;158.2;1;UP
2025-02-04T08:30;2025-02-04T08:45;35;EUR;MWh;NO;NO;164.82;;164.82;164.82;1;UP
2025-02-04T08:45;2025-02-04T09:00;36;EUR;MWh;NO;NO;147;;147;147;1;UP
2025-02-04T09:00;2025-02-04T09:15;37;EUR;MWh;NO;NO;225.07;;225.07;225.07;1;UP
2025-02-04T09:15;2025-02-04T09:30;38;EUR;MWh;NO;NO;158.4;;158.4;158.4;1;UP
2025-02-04T09:30;2025-02-04T09:45;39;EUR;MWh;NO;NO;223.95;;223.95;223.95;1;UP
2025-02-04T09:45;2025-02-04T10:00;40;EUR;MWh;NO;NO;151;;151;151;1;UP
2025-02-04T10:00;2025-02-04T10:15;41;EUR;MWh;NO;NO;221.95;;221.95;221.95;1;UP
2025-02-04T10:15;2025-02-04T10:30;42;EUR;MWh;NO;NO;223.95;;223.95;223.95;1;UP
2025-02-04T10:30;2025-02-04T10:45;43;EUR;MWh;NO;NO;223.95;;223.95;223.95;1;UP
2025-02-04T10:45;2025-02-04T11:00;44;EUR;MWh;NO;NO;219;;219;219;1;UP
2025-02-04T11:00;2025-02-04T11:15;45;EUR;MWh;NO;NO;171.82;;171.82;171.82;1;UP
2025-02-04T11:15;2025-02-04T11:30;46;EUR;MWh;NO;NO;177.11;;177.11;177.11;1;UP
2025-02-04T11:30;2025-02-04T11:45;47;EUR;MWh;NO;NO;183.41;;183.41;183.41;1;UP
2025-02-04T11:45;2025-02-04T12:00;48;EUR;MWh;NO;NO;151.3;;151.3;151.3;1;UP
2025-02-04T12:00;2025-02-04T12:15;49;EUR;MWh;NO;NO;173.58;;173.58;173.58;1;UP
2025-02-04T12:15;2025-02-04T12:30;50;EUR;MWh;NO;NO;151;103.61;151;93.49;2;UP_AND_DOWN
2025-02-04T12:30;2025-02-04T12:45;51;EUR;MWh;NO;NO;141.95;102;141.95;93.49;2;UP_AND_DOWN
2025-02-04T12:45;2025-02-04T13:00;52;EUR;MWh;NO;NO;151;;151;151;1;UP
2025-02-04T13:00;2025-02-04T13:15;53;EUR;MWh;NO;NO;312.11;;312.11;312.11;1;UP
2025-02-04T13:15;2025-02-04T13:30;54;EUR;MWh;NO;NO;235.9;;235.9;235.9;1;UP
2025-02-04T13:30;2025-02-04T13:45;55;EUR;MWh;NO;NO;166.81;;166.81;166.81;1;UP
2025-02-04T13:45;2025-02-04T14:00;56;EUR;MWh;NO;NO;139.31;107.02;139.31;92.87;2;UP_AND_DOWN
2025-02-04T14:00;2025-02-04T14:15;57;EUR;MWh;NO;NO;267.31;110.65;267.31;92.86;2;UP_AND_DOWN
2025-02-04T14:15;2025-02-04T14:30;58;EUR;MWh;NO;NO;187.43;;187.43;187.43;1;UP
2025-02-04T14:30;2025-02-04T14:45;59;EUR;MWh;NO;NO;173.59;;173.59;173.59;1;UP
2025-02-04T14:45;2025-02-04T15:00;60;EUR;MWh;NO;NO;169.82;;169.82;169.82;1;UP
2025-02-04T15:00;2025-02-04T15:15;61;EUR;MWh;NO;NO;155.92;108.88;155.92;93.54;2;UP_AND_DOWN
2025-02-04T15:15;2025-02-04T15:30;62;EUR;MWh;NO;NO;166.82;;166.82;166.82;1;UP
2025-02-04T15:30;2025-02-04T15:45;63;EUR;MWh;NO;NO;168.63;;168.63;168.63;1;UP
2025-02-04T15:45;2025-02-04T16:00;64;EUR;MWh;NO;NO;157.57;;157.57;157.57;1;UP
2025-02-04T16:00;2025-02-04T16:15;65;EUR;MWh;NO;NO;136.89;84.79;136.89;84.79;2;UP_AND_DOWN
2025-02-04T16:15;2025-02-04T16:30;66;EUR;MWh;NO;NO;;86.71;86.71;86.71;-1;DOWN
2025-02-04T16:30;2025-02-04T16:45;67;EUR;MWh;NO;NO;;85.03;85.03;85.03;-1;DOWN
2025-02-04T16:45;2025-02-04T17:00;68;EUR;MWh;NO;NO;;100;100;100;-1;DOWN
2025-02-04T17:00;2025-02-04T17:15;69;EUR;MWh;NO;NO;;86.65;86.65;86.65;-1;DOWN
2025-02-04T17:15;2025-02-04T17:30;70;EUR;MWh;NO;NO;158.6;115.07;158.6;158.6;1;UP
2025-02-04T17:30;2025-02-04T17:45;71;EUR;MWh;NO;NO;157.98;;157.98;157.98;1;UP
2025-02-04T17:45;2025-02-04T18:00;72;EUR;MWh;NO;NO;167.82;;167.82;167.82;1;UP
2025-02-04T18:00;2025-02-04T18:15;73;EUR;MWh;NO;NO;186.42;;186.42;186.42;1;UP
2025-02-04T18:15;2025-02-04T18:30;74;EUR;MWh;NO;NO;182;;182;182;1;UP
2025-02-04T18:30;2025-02-04T18:45;75;EUR;MWh;NO;NO;182.39;;182.39;182.39;1;UP
2025-02-04T18:45;2025-02-04T19:00;76;EUR;MWh;NO;NO;173.35;;173.35;173.35;1;UP
2025-02-04T19:00;2025-02-04T19:15;77;EUR;MWh;NO;NO;239.8;;239.8;239.8;1;UP
2025-02-04T19:15;2025-02-04T19:30;78;EUR;MWh;NO;NO;219;;219;219;1;UP
2025-02-04T19:30;2025-02-04T19:45;79;EUR;MWh;NO;NO;187.43;;187.43;187.43;1;UP
2025-02-04T19:45;2025-02-04T20:00;80;EUR;MWh;NO;NO;186.42;;186.42;186.42;1;UP
2025-02-04T20:00;2025-02-04T20:15;81;EUR;MWh;NO;NO;160.87;86.21;160.87;86.21;2;UP_AND_DOWN
2025-02-04T20:15;2025-02-04T20:30;82;EUR;MWh;NO;NO;131;103.5;131;131;1;UP
2025-02-04T20:30;2025-02-04T20:45;83;EUR;MWh;NO;NO;153.15;;153.15;153.15;1;UP
2025-02-04T20:45;2025-02-04T21:00;84;EUR;MWh;NO;NO;142.67;;142.67;142.67;1;UP
2025-02-04T21:00;2025-02-04T21:15;85;EUR;MWh;NO;NO;151;;151;151;1;UP
2025-02-04T21:15;2025-02-04T21:30;86;EUR;MWh;NO;NO;164.82;;164.82;164.82;1;UP
2025-02-04T21:30;2025-02-04T21:45;87;EUR;MWh;NO;NO;173.37;;173.37;173.37;1;UP
2025-02-04T21:45;2025-02-04T22:00;88;EUR;MWh;NO;NO;173.37;;173.37;173.37;1;UP
2025-02-04T22:00;2025-02-04T22:15;89;EUR;MWh;NO;NO;151;115.07;151;93.54;2;UP_AND_DOWN
2025-02-04T22:15;2025-02-04T22:30;90;EUR;MWh;NO;NO;143.37;;143.37;143.37;1;UP
2025-02-04T22:30;2025-02-04T22:45;91;EUR;MWh;NO;NO;143.37;;143.37;143.37;1;UP
2025-02-04T22:45;2025-02-04T23:00;92;EUR;MWh;NO;NO;137.37;;137.37;137.37;1;UP
2025-02-04T23:00;2025-02-04T23:15;93;EUR;MWh;NO;NO;198.37;;198.37;198.37;1;UP
2025-02-04T23:15;2025-02-04T23:30;94;EUR;MWh;NO;NO;175.21;;175.21;175.21;1;UP
2025-02-04T23:30;2025-02-04T23:45;95;EUR;MWh;NO;NO;168.82;;168.82;168.82;1;UP
2025-02-04T23:45;2025-02-05T00:00;96;EUR;MWh;NO;NO;153.37;;153.37;153.37;1;UP
2025-02-05T00:00;2025-02-05T00:15;1;EUR;MWh;NO;NO;181.16;102.76;181.16;87.38;2;UP_AND_DOWN
2025-02-05T00:15;2025-02-05T00:30;2;EUR;MWh;NO;NO;181.88;;181.88;181.88;1;UP
2025-02-05T00:30;2025-02-05T00:45;3;EUR;MWh;NO;NO;163.38;;163.38;163.38;1;UP
2025-02-05T00:45;2025-02-05T01:00;4;EUR;MWh;NO;NO;157.51;;157.51;157.51;1;UP
2025-02-05T01:00;2025-02-05T01:15;5;EUR;MWh;NO;NO;152;;152;152;1;UP
2025-02-05T01:15;2025-02-05T01:30;6;EUR;MWh;NO;NO;151.26;;151.26;151.26;1;UP
2025-02-05T01:30;2025-02-05T01:45;7;EUR;MWh;NO;NO;152;;152;152;1;UP
2025-02-05T01:45;2025-02-05T02:00;8;EUR;MWh;NO;NO;75.07;100;87;87;2;UP_AND_DOWN
2025-02-05T02:00;2025-02-05T02:15;9;EUR;MWh;NO;NO;150;102;150;87;2;UP_AND_DOWN
2025-02-05T02:15;2025-02-05T02:30;10;EUR;MWh;NO;NO;129.39;87.8;87.8;87.8;-1;DOWN
2025-02-05T02:30;2025-02-05T02:45;11;EUR;MWh;NO;NO;131.39;87.8;131.39;131.39;1;UP
2025-02-05T02:45;2025-02-05T03:00;12;EUR;MWh;NO;NO;107;100;107;87;2;UP_AND_DOWN
2025-02-05T03:00;2025-02-05T03:15;13;EUR;MWh;NO;NO;107;85;107;85;2;UP_AND_DOWN
2025-02-05T03:15;2025-02-05T03:30;14;EUR;MWh;NO;NO;;102;102;102;-1;DOWN
2025-02-05T03:30;2025-02-05T03:45;15;EUR;MWh;NO;NO;;;87;87;0;STABLE
2025-02-05T03:45;2025-02-05T04:00;16;EUR;MWh;NO;NO;;100;100;100;-1;DOWN
2025-02-05T04:00;2025-02-05T04:15;17;EUR;MWh;NO;NO;;98.37;98.37;98.37;-1;DOWN
2025-02-05T04:15;2025-02-05T04:30;18;EUR;MWh;NO;NO;;86.65;86.65;86.65;-1;DOWN
2025-02-05T04:30;2025-02-05T04:45;19;EUR;MWh;NO;NO;150;86.65;150;150;1;UP
2025-02-05T04:45;2025-02-05T05:00;20;EUR;MWh;NO;NO;133.39;88.9;133.39;88.9;2;UP_AND_DOWN
2025-02-05T05:00;2025-02-05T05:15;21;EUR;MWh;NO;NO;152;95;152;92.05;2;UP_AND_DOWN
2025-02-05T05:15;2025-02-05T05:30;22;EUR;MWh;NO;NO;152;;152;152;1;UP
2025-02-05T05:30;2025-02-05T05:45;23;EUR;MWh;NO;NO;153.39;104.52;153.39;92.05;2;UP_AND_DOWN
2025-02-05T05:45;2025-02-05T06:00;24;EUR;MWh;NO;NO;152;;152;152;1;UP
2025-02-05T06:00;2025-02-05T06:15;25;EUR;MWh;NO;NO;198.39;98.47;198.39;92.24;2;UP_AND_DOWN
2025-02-05T06:15;2025-02-05T06:30;26;EUR;MWh;NO;NO;200;;200;200;1;UP
2025-02-05T06:30;2025-02-05T06:45;27;EUR;MWh;NO;NO;167.49;95;167.49;92.24;2;UP_AND_DOWN
2025-02-05T06:45;2025-02-05T07:00;28;EUR;MWh;NO;NO;153.39;;153.39;153.39;1;UP
2025-02-05T07:00;2025-02-05T07:15;29;EUR;MWh;NO;NO;150;103.48;150;96.54;2;UP_AND_DOWN
2025-02-05T07:15;2025-02-05T07:30;30;EUR;MWh;NO;NO;153.39;;153.39;153.39;1;UP
2025-02-05T07:30;2025-02-05T07:45;31;EUR;MWh;NO;NO;229.72;;229.72;229.72;1;UP
2025-02-05T07:45;2025-02-05T08:00;32;EUR;MWh;NO;NO;233;;233;233;1;UP
2025-02-05T08:00;2025-02-05T08:15;33;EUR;MWh;NO;NO;225.92;;225.92;225.92;1;UP
2025-02-05T08:15;2025-02-05T08:30;34;EUR;MWh;NO;NO;247.57;;247.57;247.57;1;UP
2025-02-05T08:30;2025-02-05T08:45;35;EUR;MWh;NO;NO;273.23;;273.23;273.23;1;UP
2025-02-05T08:45;2025-02-05T09:00;36;EUR;MWh;NO;NO;250;;250;250;1;UP
2025-02-05T09:00;2025-02-05T09:15;37;EUR;MWh;NO;NO;238.57;;238.57;238.57;1;UP
2025-02-05T09:15;2025-02-05T09:30;38;EUR;MWh;NO;NO;323.23;;323.23;323.23;1;UP
2025-02-05T09:30;2025-02-05T09:45;39;EUR;MWh;NO;NO;298.23;;298.23;298.23;1;UP
2025-02-05T09:45;2025-02-05T10:00;40;EUR;MWh;NO;NO;250;;250;250;1;UP
2025-02-05T10:00;2025-02-05T10:15;41;EUR;MWh;NO;NO;1895;;1895;1895;1;UP
2025-02-05T10:15;2025-02-05T10:30;42;EUR;MWh;NO;NO;242.77;;242.77;242.77;1;UP
2025-02-05T10:30;2025-02-05T10:45;43;EUR;MWh;NO;NO;200;;200;200;1;UP
2025-02-05T10:45;2025-02-05T11:00;44;EUR;MWh;NO;NO;163.23;;163.23;163.23;1;UP
2025-02-05T11:00;2025-02-05T11:15;45;EUR;MWh;NO;NO;200;;200;200;1;UP
2025-02-05T11:15;2025-02-05T11:30;46;EUR;MWh;NO;NO;180;;180;180;1;UP
2025-02-05T11:30;2025-02-05T11:45;47;EUR;MWh;NO;NO;135.64;104;135.64;93.29;2;UP_AND_DOWN
2025-02-05T11:45;2025-02-05T12:00;48;EUR;MWh;NO;NO;128.3;114.57;128.3;93.29;2;UP_AND_DOWN
2025-02-05T12:00;2025-02-05T12:15;49;EUR;MWh;NO;NO;200;114.57;200;200;1;UP
2025-02-05T12:15;2025-02-05T12:30;50;EUR;MWh;NO;NO;174.07;109.57;109.57;109.57;-1;DOWN
2025-02-05T12:30;2025-02-05T12:45;51;EUR;MWh;NO;NO;143.23;108.57;143.23;143.23;1;UP
2025-02-05T12:45;2025-02-05T13:00;52;EUR;MWh;NO;NO;159.07;149;159.07;110.5;2;UP_AND_DOWN
2025-02-05T13:00;2025-02-05T13:15;53;EUR;MWh;NO;NO;180;149;180;112.04;2;UP_AND_DOWN
2025-02-05T13:15;2025-02-05T13:30;54;EUR;MWh;NO;NO;171.88;;171.88;171.88;1;UP
2025-02-05T13:30;2025-02-05T13:45;55;EUR;MWh;NO;NO;141.88;;141.88;141.88;1;UP
2025-02-05T13:45;2025-02-05T14:00;56;EUR;MWh;NO;NO;118.3;132;118.3;111.04;2;UP_AND_DOWN
2025-02-05T14:00;2025-02-05T14:15;57;EUR;MWh;NO;NO;118.3;113.57;113.57;113.57;-1;DOWN
2025-02-05T14:15;2025-02-05T14:30;58;EUR;MWh;NO;NO;115.57;113.57;115.57;115.57;1;UP
2025-02-05T14:30;2025-02-05T14:45;59;EUR;MWh;NO;NO;75.07;109.57;94.82;94.82;2;UP_AND_DOWN
2025-02-05T14:45;2025-02-05T15:00;60;EUR;MWh;NO;NO;112.94;114.57;112.94;94.82;2;UP_AND_DOWN
2025-02-05T15:00;2025-02-05T15:15;61;EUR;MWh;NO;NO;168.2;;168.2;168.2;1;UP
2025-02-05T15:15;2025-02-05T15:30;62;EUR;MWh;NO;NO;181.57;;181.57;181.57;1;UP
2025-02-05T15:30;2025-02-05T15:45;63;EUR;MWh;NO;NO;200;;200;200;1;UP
2025-02-05T15:45;2025-02-05T16:00;64;EUR;MWh;NO;NO;163.23;;163.23;163.23;1;UP
2025-02-05T16:00;2025-02-05T16:15;65;EUR;MWh;NO;NO;200;;200;200;1;UP
2025-02-05T16:15;2025-02-05T16:30;66;EUR;MWh;NO;NO;178.2;149;178.2;110.5;2;UP_AND_DOWN
2025-02-05T16:30;2025-02-05T16:45;67;EUR;MWh;NO;NO;200;;200;200;1;UP
2025-02-05T16:45;2025-02-05T17:00;68;EUR;MWh;NO;NO;200;;200;200;1;UP
2025-02-05T17:00;2025-02-05T17:15;69;EUR;MWh;NO;NO;163.23;;163.23;163.23;1;UP
2025-02-05T17:15;2025-02-05T17:30;70;EUR;MWh;NO;NO;181.57;;181.57;181.57;1;UP
2025-02-05T17:30;2025-02-05T17:45;71;EUR;MWh;NO;NO;220;;220;220;1;UP
2025-02-05T17:45;2025-02-05T18:00;72;EUR;MWh;NO;NO;247.38;;247.38;247.38;1;UP
2025-02-05T18:00;2025-02-05T18:15;73;EUR;MWh;NO;NO;244.9;;244.9;244.9;1;UP
2025-02-05T18:15;2025-02-05T18:30;74;EUR;MWh;NO;NO;170;;170;170;1;UP
2025-02-05T18:30;2025-02-05T18:45;75;EUR;MWh;NO;NO;170;;170;170;1;UP
2025-02-05T18:45;2025-02-05T19:00;76;EUR;MWh;NO;NO;170;;170;170;1;UP
2025-02-05T19:00;2025-02-05T19:15;77;EUR;MWh;NO;NO;226.25;;226.25;226.25;1;UP
2025-02-05T19:15;2025-02-05T19:30;78;EUR;MWh;NO;NO;170;;170;170;1;UP
2025-02-05T19:30;2025-02-05T19:45;79;EUR;MWh;NO;NO;134.57;;134.57;134.57;1;UP
2025-02-05T19:45;2025-02-05T20:00;80;EUR;MWh;NO;NO;;;116;116;0;STABLE
2025-02-05T20:00;2025-02-05T20:15;81;EUR;MWh;NO;NO;248.14;;248.14;248.14;1;UP
2025-02-05T20:15;2025-02-05T20:30;82;EUR;MWh;NO;NO;198.14;;198.14;198.14;1;UP
2025-02-05T20:30;2025-02-05T20:45;83;EUR;MWh;NO;NO;187.4;;187.4;187.4;1;UP
2025-02-05T20:45;2025-02-05T21:00;84;EUR;MWh;NO;NO;131.14;;131.14;131.14;1;UP
2025-02-05T21:00;2025-02-05T21:15;85;EUR;MWh;NO;NO;143.14;;143.14;143.14;1;UP
2025-02-05T21:15;2025-02-05T21:30;86;EUR;MWh;NO;NO;196.14;;196.14;196.14;1;UP
2025-02-05T21:30;2025-02-05T21:45;87;EUR;MWh;NO;NO;170;;170;170;1;UP
2025-02-05T21:45;2025-02-05T22:00;88;EUR;MWh;NO;NO;142.57;;142.57;142.57;1;UP
2025-02-05T22:00;2025-02-05T22:15;89;EUR;MWh;NO;NO;;111;111;111;-1;DOWN
2025-02-05T22:15;2025-02-05T22:30;90;EUR;MWh;NO;NO;;;116;116;0;STABLE
2025-02-05T22:30;2025-02-05T22:45;91;EUR;MWh;NO;NO;195.57;;195.57;195.57;1;UP
2025-02-05T22:45;2025-02-05T23:00;92;EUR;MWh;NO;NO;72;;72;72;1;UP
2025-02-05T23:00;2025-02-05T23:15;93;EUR;MWh;NO;NO;178.83;;178.83;178.83;1;UP
2025-02-05T23:15;2025-02-05T23:30;94;EUR;MWh;NO;NO;125.57;;125.57;125.57;1;UP
2025-02-05T23:30;2025-02-05T23:45;95;EUR;MWh;NO;NO;116.14;;116.14;116.14;1;UP
2025-02-05T23:45;2025-02-06T00:00;96;EUR;MWh;NO;NO;;105.32;105.32;105.32;-1;DOWN
2025-02-06T00:00;2025-02-06T00:15;1;EUR;MWh;NO;NO;75.07;105.57;115;105.57;2;UP_AND_DOWN
2025-02-06T00:15;2025-02-06T00:30;2;EUR;MWh;NO;NO;;101.57;101.57;101.57;-1;DOWN
2025-02-06T00:30;2025-02-06T00:45;3;EUR;MWh;NO;NO;;93.63;93.63;93.63;-1;DOWN
2025-02-06T00:45;2025-02-06T01:00;4;EUR;MWh;NO;NO;;86.43;86.43;86.43;-1;DOWN
2025-02-06T01:00;2025-02-06T01:15;5;EUR;MWh;NO;NO;;98.63;98.63;98.63;-1;DOWN
2025-02-06T01:15;2025-02-06T01:30;6;EUR;MWh;NO;NO;;108.57;108.57;108.57;-1;DOWN
2025-02-06T01:30;2025-02-06T01:45;7;EUR;MWh;NO;NO;129.47;109.57;129.47;109.57;2;UP_AND_DOWN
2025-02-06T01:45;2025-02-06T02:00;8;EUR;MWh;NO;NO;129.47;111.98;111.98;111.98;-1;DOWN
2025-02-06T02:00;2025-02-06T02:15;9;EUR;MWh;NO;NO;188.59;111.57;188.59;103.54;2;UP_AND_DOWN
2025-02-06T02:15;2025-02-06T02:30;10;EUR;MWh;NO;NO;172.91;;172.91;172.91;1;UP
2025-02-06T02:30;2025-02-06T02:45;11;EUR;MWh;NO;NO;133.25;;133.25;133.25;1;UP
2025-02-06T02:45;2025-02-06T03:00;12;EUR;MWh;NO;NO;75.07;109.25;99.04;99.04;2;UP_AND_DOWN
2025-02-06T03:00;2025-02-06T03:15;13;EUR;MWh;NO;NO;152.91;112.57;152.91;99.04;2;UP_AND_DOWN
2025-02-06T03:15;2025-02-06T03:30;14;EUR;MWh;NO;NO;150;;150;150;1;UP
2025-02-06T03:30;2025-02-06T03:45;15;EUR;MWh;NO;NO;197.91;;197.91;197.91;1;UP
2025-02-06T03:45;2025-02-06T04:00;16;EUR;MWh;NO;NO;150;;150;150;1;UP
2025-02-06T04:00;2025-02-06T04:15;17;EUR;MWh;NO;NO;153.67;;153.67;153.67;1;UP
2025-02-06T04:15;2025-02-06T04:30;18;EUR;MWh;NO;NO;150;102.43;150;93.82;2;UP_AND_DOWN
2025-02-06T04:30;2025-02-06T04:45;19;EUR;MWh;NO;NO;150;102.43;102.43;102.43;-1;DOWN
2025-02-06T04:45;2025-02-06T05:00;20;EUR;MWh;NO;NO;;102.72;102.72;102.72;-1;DOWN
2025-02-06T05:00;2025-02-06T05:15;21;EUR;MWh;NO;NO;;94.46;94.46;94.46;-1;DOWN
2025-02-06T05:15;2025-02-06T05:30;22;EUR;MWh;NO;NO;;99.43;99.43;99.43;-1;DOWN
2025-02-06T05:30;2025-02-06T05:45;23;EUR;MWh;NO;NO;;101.58;101.58;101.58;-1;DOWN
2025-02-06T05:45;2025-02-06T06:00;24;EUR;MWh;NO;NO;;83.52;83.52;83.52;-1;DOWN
2025-02-06T06:00;2025-02-06T06:15;25;EUR;MWh;NO;NO;70;80;96.34;80;2;UP_AND_DOWN
2025-02-06T06:15;2025-02-06T06:30;26;EUR;MWh;NO;NO;70;93.21;93.21;93.21;-1;DOWN
2025-02-06T06:30;2025-02-06T06:45;27;EUR;MWh;NO;NO;132.91;102.2;132.91;96.37;2;UP_AND_DOWN
2025-02-06T06:45;2025-02-06T07:00;28;EUR;MWh;NO;NO;150;114.08;150;92.04;2;UP_AND_DOWN
2025-02-06T07:00;2025-02-06T07:15;29;EUR;MWh;NO;NO;132.72;79.9;132.72;79.9;2;UP_AND_DOWN
2025-02-06T07:15;2025-02-06T07:30;30;EUR;MWh;NO;NO;200;109.57;200;200;1;UP
2025-02-06T07:30;2025-02-06T07:45;31;EUR;MWh;NO;NO;200;;200;200;1;UP
2025-02-06T07:45;2025-02-06T08:00;32;EUR;MWh;NO;NO;153.67;;153.67;153.67;1;UP
2025-02-06T08:00;2025-02-06T08:15;33;EUR;MWh;NO;NO;150;106.03;150;99.45;2;UP_AND_DOWN
2025-02-06T08:15;2025-02-06T08:30;34;EUR;MWh;NO;NO;150;110.53;150;99.45;2;UP_AND_DOWN
2025-02-06T08:30;2025-02-06T08:45;35;EUR;MWh;NO;NO;179.57;;179.57;179.57;1;UP
2025-02-06T08:45;2025-02-06T09:00;36;EUR;MWh;NO;NO;140;;140;140;1;UP
2025-02-06T09:00;2025-02-06T09:15;37;EUR;MWh;NO;NO;148;;148;148;1;UP
2025-02-06T09:15;2025-02-06T09:30;38;EUR;MWh;NO;NO;133.67;;133.67;133.67;1;UP
2025-02-06T09:30;2025-02-06T09:45;39;EUR;MWh;NO;NO;130.07;123.82;130.07;99.45;2;UP_AND_DOWN
2025-02-06T09:45;2025-02-06T10:00;40;EUR;MWh;NO;NO;130.07;113.53;113.53;113.53;-1;DOWN
2025-02-06T10:00;2025-02-06T10:15;41;EUR;MWh;NO;NO;192.52;123.82;192.52;99.45;2;UP_AND_DOWN
2025-02-06T10:15;2025-02-06T10:30;42;EUR;MWh;NO;NO;166.2;;166.2;166.2;1;UP
2025-02-06T10:30;2025-02-06T10:45;43;EUR;MWh;NO;NO;122.57;113.53;122.57;104.54;2;UP_AND_DOWN
2025-02-06T10:45;2025-02-06T11:00;44;EUR;MWh;NO;NO;131.62;106.03;131.62;99.45;2;UP_AND_DOWN
2025-02-06T11:00;2025-02-06T11:15;45;EUR;MWh;NO;NO;200;105;200;94.82;2;UP_AND_DOWN
2025-02-06T11:15;2025-02-06T11:30;46;EUR;MWh;NO;NO;198;;198;198;1;UP
2025-02-06T11:30;2025-02-06T11:45;47;EUR;MWh;NO;NO;85.07;105;104.54;104.54;2;UP_AND_DOWN
2025-02-06T11:45;2025-02-06T12:00;48;EUR;MWh;NO;NO;;100.21;100.21;100.21;-1;DOWN
2025-02-06T12:00;2025-02-06T12:15;49;EUR;MWh;NO;NO;;93.21;93.21;93.21;-1;DOWN
2025-02-06T12:15;2025-02-06T12:30;50;EUR;MWh;NO;NO;;100.21;100.21;100.21;-1;DOWN
2025-02-06T12:30;2025-02-06T12:45;51;EUR;MWh;NO;NO;;-69.75;-69.75;-69.75;-1;DOWN
2025-02-06T12:45;2025-02-06T13:00;52;EUR;MWh;NO;NO;;-100.34;-100.34;-100.34;-1;DOWN
2025-02-06T13:00;2025-02-06T13:15;53;EUR;MWh;NO;NO;143.29;105.57;143.29;92.29;2;UP_AND_DOWN
2025-02-06T13:15;2025-02-06T13:30;54;EUR;MWh;NO;NO;133.62;;133.62;133.62;1;UP
2025-02-06T13:30;2025-02-06T13:45;55;EUR;MWh;NO;NO;70;;70;70;1;UP
2025-02-06T13:45;2025-02-06T14:00;56;EUR;MWh;NO;NO;;96.92;96.92;96.92;-1;DOWN
2025-02-06T14:00;2025-02-06T14:15;57;EUR;MWh;NO;NO;124.2;105;124.2;92.29;2;UP_AND_DOWN
2025-02-06T14:15;2025-02-06T14:30;58;EUR;MWh;NO;NO;70;;70;70;1;UP
2025-02-06T14:30;2025-02-06T14:45;59;EUR;MWh;NO;NO;125.7;;125.7;125.7;1;UP
2025-02-06T14:45;2025-02-06T15:00;60;EUR;MWh;NO;NO;139.29;;139.29;139.29;1;UP
2025-02-06T15:00;2025-02-06T15:15;61;EUR;MWh;NO;NO;148.62;101.47;148.62;92.29;2;UP_AND_DOWN
2025-02-06T15:15;2025-02-06T15:30;62;EUR;MWh;NO;NO;134.57;109.28;134.57;134.57;1;UP
2025-02-06T15:30;2025-02-06T15:45;63;EUR;MWh;NO;NO;150;;150;150;1;UP
2025-02-06T15:45;2025-02-06T16:00;64;EUR;MWh;NO;NO;163.2;;163.2;163.2;1;UP
2025-02-06T16:00;2025-02-06T16:15;65;EUR;MWh;NO;NO;158.62;105;158.62;92.29;2;UP_AND_DOWN
2025-02-06T16:15;2025-02-06T16:30;66;EUR;MWh;NO;NO;150;105;150;150;1;UP
2025-02-06T16:30;2025-02-06T16:45;67;EUR;MWh;NO;NO;153.2;;153.2;153.2;1;UP
2025-02-06T16:45;2025-02-06T17:00;68;EUR;MWh;NO;NO;150;;150;150;1;UP
2025-02-06T17:00;2025-02-06T17:15;69;EUR;MWh;NO;NO;133.62;111.57;133.62;92.41;2;UP_AND_DOWN
2025-02-06T17:15;2025-02-06T17:30;70;EUR;MWh;NO;NO;;110;110;110;-1;DOWN
2025-02-06T17:30;2025-02-06T17:45;71;EUR;MWh;NO;NO;;112.57;112.57;112.57;-1;DOWN
2025-02-06T17:45;2025-02-06T18:00;72;EUR;MWh;NO;NO;150;;150;150;1;UP
2025-02-06T18:00;2025-02-06T18:15;73;EUR;MWh;NO;NO;190.48;;190.48;190.48;1;UP
2025-02-06T18:15;2025-02-06T18:30;74;EUR;MWh;NO;NO;71;;71;71;1;UP
2025-02-06T18:30;2025-02-06T18:45;75;EUR;MWh;NO;NO;71;105;96;96;2;UP_AND_DOWN
2025-02-06T18:45;2025-02-06T19:00;76;EUR;MWh;NO;NO;;100.2;100.2;100.2;-1;DOWN
2025-02-06T19:00;2025-02-06T19:15;77;EUR;MWh;NO;NO;;107.49;107.49;107.49;-1;DOWN
2025-02-06T19:15;2025-02-06T19:30;78;EUR;MWh;NO;NO;;110;110;110;-1;DOWN
2025-02-06T19:30;2025-02-06T19:45;79;EUR;MWh;NO;NO;;100.03;100.03;100.03;-1;DOWN
2025-02-06T19:45;2025-02-06T20:00;80;EUR;MWh;NO;NO;;105;105;105;-1;DOWN
2025-02-06T20:00;2025-02-06T20:15;81;EUR;MWh;NO;NO;;104.57;104.57;104.57;-1;DOWN
2025-02-06T20:15;2025-02-06T20:30;82;EUR;MWh;NO;NO;;82.7;82.7;82.7;-1;DOWN
2025-02-06T20:30;2025-02-06T20:45;83;EUR;MWh;NO;NO;;82.6;82.6;82.6;-1;DOWN
2025-02-06T20:45;2025-02-06T21:00;84;EUR;MWh;NO;NO;;105.2;105.2;105.2;-1;DOWN
2025-02-06T21:00;2025-02-06T21:15;85;EUR;MWh;NO;NO;;105;105;105;-1;DOWN
2025-02-06T21:15;2025-02-06T21:30;86;EUR;MWh;NO;NO;;103.81;103.81;103.81;-1;DOWN
2025-02-06T21:30;2025-02-06T21:45;87;EUR;MWh;NO;NO;;90.2;90.2;90.2;-1;DOWN
2025-02-06T21:45;2025-02-06T22:00;88;EUR;MWh;NO;NO;;87.21;87.21;87.21;-1;DOWN
2025-02-06T22:00;2025-02-06T22:15;89;EUR;MWh;NO;NO;;68.57;68.57;68.57;-1;DOWN
2025-02-06T22:15;2025-02-06T22:30;90;EUR;MWh;NO;NO;;80;80;80;-1;DOWN
2025-02-06T22:30;2025-02-06T22:45;91;EUR;MWh;NO;NO;112;111.93;112;93.11;2;UP_AND_DOWN
2025-02-06T22:45;2025-02-06T23:00;92;EUR;MWh;NO;NO;;102;102;102;-1;DOWN
2025-02-06T23:00;2025-02-06T23:15;93;EUR;MWh;NO;NO;;56.86;56.86;56.86;-1;DOWN
2025-02-06T23:15;2025-02-06T23:30;94;EUR;MWh;NO;NO;;86.65;86.65;86.65;-1;DOWN
2025-02-06T23:30;2025-02-06T23:45;95;EUR;MWh;NO;NO;;100.21;100.21;100.21;-1;DOWN
2025-02-06T23:45;2025-02-07T00:00;96;EUR;MWh;NO;NO;;87.49;87.49;87.49;-1;DOWN
2025-02-07T00:00;2025-02-07T00:15;1;EUR;MWh;NO;NO;95.07;55;95.07;55;2;UP_AND_DOWN
2025-02-07T00:15;2025-02-07T00:30;2;EUR;MWh;NO;NO;95.07;93.05;95.07;86.56;2;UP_AND_DOWN
2025-02-07T00:30;2025-02-07T00:45;3;EUR;MWh;NO;NO;;63.05;63.05;63.05;-1;DOWN
2025-02-07T00:45;2025-02-07T01:00;4;EUR;MWh;NO;NO;;71.65;71.65;71.65;-1;DOWN
2025-02-07T01:00;2025-02-07T01:15;5;EUR;MWh;NO;NO;122.6;98.05;122.6;86.56;2;UP_AND_DOWN
2025-02-07T01:15;2025-02-07T01:30;6;EUR;MWh;NO;NO;122.6;71.65;71.65;71.65;-1;DOWN
2025-02-07T01:30;2025-02-07T01:45;7;EUR;MWh;NO;NO;;50;50;50;-1;DOWN
2025-02-07T01:45;2025-02-07T02:00;8;EUR;MWh;NO;NO;;43.21;43.21;43.21;-1;DOWN
2025-02-07T02:00;2025-02-07T02:15;9;EUR;MWh;NO;NO;65.07;44;86.56;44;2;UP_AND_DOWN
2025-02-07T02:15;2025-02-07T02:30;10;EUR;MWh;NO;NO;;14.4;14.4;14.4;-1;DOWN
2025-02-07T02:30;2025-02-07T02:45;11;EUR;MWh;NO;NO;;14.4;14.4;14.4;-1;DOWN
2025-02-07T02:45;2025-02-07T03:00;12;EUR;MWh;NO;NO;;14.4;14.4;14.4;-1;DOWN
2025-02-07T03:00;2025-02-07T03:15;13;EUR;MWh;NO;NO;;11.3;11.3;11.3;-1;DOWN
2025-02-07T03:15;2025-02-07T03:30;14;EUR;MWh;NO;NO;;11.3;11.3;11.3;-1;DOWN
2025-02-07T03:30;2025-02-07T03:45;15;EUR;MWh;NO;NO;;11.3;11.3;11.3;-1;DOWN
2025-02-07T03:45;2025-02-07T04:00;16;EUR;MWh;NO;NO;;35;35;35;-1;DOWN
2025-02-07T04:00;2025-02-07T04:15;17;EUR;MWh;NO;NO;;43.21;43.21;43.21;-1;DOWN
2025-02-07T04:15;2025-02-07T04:30;18;EUR;MWh;NO;NO;;44;44;44;-1;DOWN
2025-02-07T04:30;2025-02-07T04:45;19;EUR;MWh;NO;NO;;44;44;44;-1;DOWN
2025-02-07T04:45;2025-02-07T05:00;20;EUR;MWh;NO;NO;;103;103;103;-1;DOWN
2025-02-07T05:00;2025-02-07T05:15;21;EUR;MWh;NO;NO;;71.65;71.65;71.65;-1;DOWN
2025-02-07T05:15;2025-02-07T05:30;22;EUR;MWh;NO;NO;;44;44;44;-1;DOWN
2025-02-07T05:30;2025-02-07T05:45;23;EUR;MWh;NO;NO;122.2;44;122.2;44;2;UP_AND_DOWN
2025-02-07T05:45;2025-02-07T06:00;24;EUR;MWh;NO;NO;122.1;44;122.1;44;2;UP_AND_DOWN
2025-02-07T06:00;2025-02-07T06:15;25;EUR;MWh;NO;NO;;17.89;17.89;17.89;-1;DOWN
2025-02-07T06:15;2025-02-07T06:30;26;EUR;MWh;NO;NO;;44;44;44;-1;DOWN
2025-02-07T06:30;2025-02-07T06:45;27;EUR;MWh;NO;NO;;71.65;71.65;71.65;-1;DOWN
2025-02-07T06:45;2025-02-07T07:00;28;EUR;MWh;NO;NO;;48;48;48;-1;DOWN
2025-02-07T07:00;2025-02-07T07:15;29;EUR;MWh;NO;NO;;40.79;40.79;40.79;-1;DOWN
2025-02-07T07:15;2025-02-07T07:30;30;EUR;MWh;NO;NO;;93.08;93.08;93.08;-1;DOWN
2025-02-07T07:30;2025-02-07T07:45;31;EUR;MWh;NO;NO;;93.08;93.08;93.08;-1;DOWN
2025-02-07T07:45;2025-02-07T08:00;32;EUR;MWh;NO;NO;121.9;;121.9;121.9;1;UP
2025-02-07T08:00;2025-02-07T08:15;33;EUR;MWh;NO;NO;75.07;108.08;91.32;91.32;2;UP_AND_DOWN
2025-02-07T08:15;2025-02-07T08:30;34;EUR;MWh;NO;NO;;117.57;117.57;117.57;-1;DOWN
2025-02-07T08:30;2025-02-07T08:45;35;EUR;MWh;NO;NO;;;91.32;91.32;0;STABLE
2025-02-07T08:45;2025-02-07T09:00;36;EUR;MWh;NO;NO;;;91.32;91.32;0;STABLE
2025-02-07T09:00;2025-02-07T09:15;37;EUR;MWh;NO;NO;225.09;;225.09;225.09;1;UP
2025-02-07T09:15;2025-02-07T09:30;38;EUR;MWh;NO;NO;140.46;;140.46;140.46;1;UP
2025-02-07T09:30;2025-02-07T09:45;39;EUR;MWh;NO;NO;123;;123;123;1;UP
2025-02-07T09:45;2025-02-07T10:00;40;EUR;MWh;NO;NO;121.8;114.57;121.8;121.8;1;UP
2025-02-07T10:00;2025-02-07T10:15;41;EUR;MWh;NO;NO;121.8;107.57;121.8;91.32;2;UP_AND_DOWN
2025-02-07T10:15;2025-02-07T10:30;42;EUR;MWh;NO;NO;121.8;95.5;121.8;90.04;2;UP_AND_DOWN
2025-02-07T10:30;2025-02-07T10:45;43;EUR;MWh;NO;NO;85.07;50.5;90.04;50.5;2;UP_AND_DOWN
2025-02-07T10:45;2025-02-07T11:00;44;EUR;MWh;NO;NO;75.07;44.09;90.04;44.09;2;UP_AND_DOWN
2025-02-07T11:00;2025-02-07T11:15;45;EUR;MWh;NO;NO;121.8;;121.8;121.8;1;UP
2025-02-07T11:15;2025-02-07T11:30;46;EUR;MWh;NO;NO;121.8;;121.8;121.8;1;UP
2025-02-07T11:30;2025-02-07T11:45;47;EUR;MWh;NO;NO;121.8;.6;.6;.6;-1;DOWN
2025-02-07T11:45;2025-02-07T12:00;48;EUR;MWh;NO;NO;;.6;.6;.6;-1;DOWN
2025-02-07T12:00;2025-02-07T12:15;49;EUR;MWh;NO;NO;127.33;-4.59;127.33;-4.59;2;UP_AND_DOWN
2025-02-07T12:15;2025-02-07T12:30;50;EUR;MWh;NO;NO;146.08;;146.08;146.08;1;UP
2025-02-07T12:30;2025-02-07T12:45;51;EUR;MWh;NO;NO;145.46;;145.46;145.46;1;UP
2025-02-07T12:45;2025-02-07T13:00;52;EUR;MWh;NO;NO;170.06;;170.06;170.06;1;UP
2025-02-07T13:00;2025-02-07T13:15;53;EUR;MWh;NO;NO;132.06;;132.06;132.06;1;UP
2025-02-07T13:15;2025-02-07T13:30;54;EUR;MWh;NO;NO;139.68;;139.68;139.68;1;UP
2025-02-07T13:30;2025-02-07T13:45;55;EUR;MWh;NO;NO;218.6;;218.6;218.6;1;UP
2025-02-07T13:45;2025-02-07T14:00;56;EUR;MWh;NO;NO;200;;200;200;1;UP
2025-02-07T14:00;2025-02-07T14:15;57;EUR;MWh;NO;NO;124.57;;124.57;124.57;1;UP
2025-02-07T14:15;2025-02-07T14:30;58;EUR;MWh;NO;NO;123;;123;123;1;UP
2025-02-07T14:30;2025-02-07T14:45;59;EUR;MWh;NO;NO;123;;123;123;1;UP
2025-02-07T14:45;2025-02-07T15:00;60;EUR;MWh;NO;NO;137.57;;137.57;137.57;1;UP
2025-02-07T15:00;2025-02-07T15:15;61;EUR;MWh;NO;NO;124.1;9;124.1;9;2;UP_AND_DOWN
2025-02-07T15:15;2025-02-07T15:30;62;EUR;MWh;NO;NO;123.9;9;123.9;123.9;1;UP
2025-02-07T15:30;2025-02-07T15:45;63;EUR;MWh;NO;NO;132.06;;132.06;132.06;1;UP
2025-02-07T15:45;2025-02-07T16:00;64;EUR;MWh;NO;NO;72;112.46;90.04;90.04;2;UP_AND_DOWN
2025-02-07T16:00;2025-02-07T16:15;65;EUR;MWh;NO;NO;123;;123;123;1;UP
2025-02-07T16:15;2025-02-07T16:30;66;EUR;MWh;NO;NO;132.9;;132.9;132.9;1;UP
2025-02-07T16:30;2025-02-07T16:45;67;EUR;MWh;NO;NO;137.33;92.46;137.33;91.32;2;UP_AND_DOWN
2025-02-07T16:45;2025-02-07T17:00;68;EUR;MWh;NO;NO;123.9;82.46;123.9;82.46;2;UP_AND_DOWN
2025-02-07T17:00;2025-02-07T17:15;69;EUR;MWh;NO;NO;199.4;82.46;199.4;199.4;1;UP
2025-02-07T17:15;2025-02-07T17:30;70;EUR;MWh;NO;NO;189.2;;189.2;189.2;1;UP
2025-02-07T17:30;2025-02-07T17:45;71;EUR;MWh;NO;NO;189.2;;189.2;189.2;1;UP
2025-02-07T17:45;2025-02-07T18:00;72;EUR;MWh;NO;NO;240.57;;240.57;240.57;1;UP
2025-02-07T18:00;2025-02-07T18:15;73;EUR;MWh;NO;NO;166;;166;166;1;UP
2025-02-07T18:15;2025-02-07T18:30;74;EUR;MWh;NO;NO;122;;122;122;1;UP
2025-02-07T18:30;2025-02-07T18:45;75;EUR;MWh;NO;NO;179.11;;179.11;179.11;1;UP
2025-02-07T18:45;2025-02-07T19:00;76;EUR;MWh;NO;NO;139.11;;139.11;139.11;1;UP
2025-02-07T19:00;2025-02-07T19:15;77;EUR;MWh;NO;NO;121.9;68.93;68.93;68.93;-1;DOWN
2025-02-07T19:15;2025-02-07T19:30;78;EUR;MWh;NO;NO;;58.93;58.93;58.93;-1;DOWN
2025-02-07T19:30;2025-02-07T19:45;79;EUR;MWh;NO;NO;;98.93;98.93;98.93;-1;DOWN
2025-02-07T19:45;2025-02-07T20:00;80;EUR;MWh;NO;NO;;88;88;88;-1;DOWN
2025-02-07T20:00;2025-02-07T20:15;81;EUR;MWh;NO;NO;;54.05;54.05;54.05;-1;DOWN
2025-02-07T20:15;2025-02-07T20:30;82;EUR;MWh;NO;NO;;44.09;44.09;44.09;-1;DOWN
2025-02-07T20:30;2025-02-07T20:45;83;EUR;MWh;NO;NO;;50;50;50;-1;DOWN
2025-02-07T20:45;2025-02-07T21:00;84;EUR;MWh;NO;NO;;44.09;44.09;44.09;-1;DOWN
2025-02-07T21:00;2025-02-07T21:15;85;EUR;MWh;NO;NO;;3.3;3.3;3.3;-1;DOWN
2025-02-07T21:15;2025-02-07T21:30;86;EUR;MWh;NO;NO;65.07;39;87.06;39;2;UP_AND_DOWN
2025-02-07T21:30;2025-02-07T21:45;87;EUR;MWh;NO;NO;65.07;3.3;3.3;3.3;-1;DOWN
2025-02-07T21:45;2025-02-07T22:00;88;EUR;MWh;NO;NO;;3.3;3.3;3.3;-1;DOWN
2025-02-07T22:00;2025-02-07T22:15;89;EUR;MWh;NO;NO;121.7;55;121.7;55;2;UP_AND_DOWN
2025-02-07T22:15;2025-02-07T22:30;90;EUR;MWh;NO;NO;75.07;;75.07;75.07;1;UP
2025-02-07T22:30;2025-02-07T22:45;91;EUR;MWh;NO;NO;75.07;38.09;38.09;38.09;-1;DOWN
2025-02-07T22:45;2025-02-07T23:00;92;EUR;MWh;NO;NO;121.7;-4.1;121.7;-4.1;2;UP_AND_DOWN
2025-02-07T23:00;2025-02-07T23:15;93;EUR;MWh;NO;NO;121.7;-1.1;121.7;-1.1;2;UP_AND_DOWN
2025-02-07T23:15;2025-02-07T23:30;94;EUR;MWh;NO;NO;95.07;66;95.07;66;2;UP_AND_DOWN
2025-02-07T23:30;2025-02-07T23:45;95;EUR;MWh;NO;NO;;44.09;44.09;44.09;-1;DOWN
2025-02-07T23:45;2025-02-08T00:00;96;EUR;MWh;NO;NO;;-1.1;-1.1;-1.1;-1;DOWN
2025-02-08T00:00;2025-02-08T00:15;1;EUR;MWh;NO;NO;;-5.76;-5.76;-5.76;-1;DOWN
2025-02-08T00:15;2025-02-08T00:30;2;EUR;MWh;NO;NO;150;-5.76;150;150;1;UP
2025-02-08T00:30;2025-02-08T00:45;3;EUR;MWh;NO;NO;150;83;83;83;-1;DOWN
2025-02-08T00:45;2025-02-08T01:00;4;EUR;MWh;NO;NO;;44;44;44;-1;DOWN
2025-02-08T01:00;2025-02-08T01:15;5;EUR;MWh;NO;NO;;-3.14;-3.14;-3.14;-1;DOWN
2025-02-08T01:15;2025-02-08T01:30;6;EUR;MWh;NO;NO;;16;16;16;-1;DOWN
2025-02-08T01:30;2025-02-08T01:45;7;EUR;MWh;NO;NO;;16;16;16;-1;DOWN
2025-02-08T01:45;2025-02-08T02:00;8;EUR;MWh;NO;NO;;17.7;17.7;17.7;-1;DOWN
2025-02-08T02:00;2025-02-08T02:15;9;EUR;MWh;NO;NO;119.46;-.7;119.46;-.7;2;UP_AND_DOWN
2025-02-08T02:15;2025-02-08T02:30;10;EUR;MWh;NO;NO;125.05;102.05;125.05;88;2;UP_AND_DOWN
2025-02-08T02:30;2025-02-08T02:45;11;EUR;MWh;NO;NO;125;103;125;125;1;UP
2025-02-08T02:45;2025-02-08T03:00;12;EUR;MWh;NO;NO;125;;125;125;1;UP
2025-02-08T03:00;2025-02-08T03:15;13;EUR;MWh;NO;NO;150;;150;150;1;UP
2025-02-08T03:15;2025-02-08T03:30;14;EUR;MWh;NO;NO;124.57;;124.57;124.57;1;UP
2025-02-08T03:30;2025-02-08T03:45;15;EUR;MWh;NO;NO;124.57;86.65;86.65;86.65;-1;DOWN
2025-02-08T03:45;2025-02-08T04:00;16;EUR;MWh;NO;NO;73;115;115;115;-1;DOWN
2025-02-08T04:00;2025-02-08T04:15;17;EUR;MWh;NO;NO;121.57;;121.57;121.57;1;UP
2025-02-08T04:15;2025-02-08T04:30;18;EUR;MWh;NO;NO;121;;121;121;1;UP
2025-02-08T04:30;2025-02-08T04:45;19;EUR;MWh;NO;NO;123.57;;123.57;123.57;1;UP
2025-02-08T04:45;2025-02-08T05:00;20;EUR;MWh;NO;NO;118;;118;118;1;UP
2025-02-08T05:00;2025-02-08T05:15;21;EUR;MWh;NO;NO;150;;150;150;1;UP
2025-02-08T05:15;2025-02-08T05:30;22;EUR;MWh;NO;NO;125;;125;125;1;UP
2025-02-08T05:30;2025-02-08T05:45;23;EUR;MWh;NO;NO;125;83.1;83.1;83.1;-1;DOWN
2025-02-08T05:45;2025-02-08T06:00;24;EUR;MWh;NO;NO;;83.1;83.1;83.1;-1;DOWN
2025-02-08T06:00;2025-02-08T06:15;25;EUR;MWh;NO;NO;;83.1;83.1;83.1;-1;DOWN
2025-02-08T06:15;2025-02-08T06:30;26;EUR;MWh;NO;NO;;83.1;83.1;83.1;-1;DOWN
2025-02-08T06:30;2025-02-08T06:45;27;EUR;MWh;NO;NO;;83.1;83.1;83.1;-1;DOWN
2025-02-08T06:45;2025-02-08T07:00;28;EUR;MWh;NO;NO;118.12;83.1;118.12;83.1;2;UP_AND_DOWN
2025-02-08T07:00;2025-02-08T07:15;29;EUR;MWh;NO;NO;121.57;;121.57;121.57;1;UP
2025-02-08T07:15;2025-02-08T07:30;30;EUR;MWh;NO;NO;140;;140;140;1;UP
2025-02-08T07:30;2025-02-08T07:45;31;EUR;MWh;NO;NO;150;;150;150;1;UP
2025-02-08T07:45;2025-02-08T08:00;32;EUR;MWh;NO;NO;163.57;;163.57;163.57;1;UP
2025-02-08T08:00;2025-02-08T08:15;33;EUR;MWh;NO;NO;131.12;73;131.12;73;2;UP_AND_DOWN
2025-02-08T08:15;2025-02-08T08:30;34;EUR;MWh;NO;NO;181.7;73;181.7;181.7;1;UP
2025-02-08T08:30;2025-02-08T08:45;35;EUR;MWh;NO;NO;250;;250;250;1;UP
2025-02-08T08:45;2025-02-08T09:00;36;EUR;MWh;NO;NO;224;;224;224;1;UP
2025-02-08T09:00;2025-02-08T09:15;37;EUR;MWh;NO;NO;181.3;;181.3;181.3;1;UP
2025-02-08T09:15;2025-02-08T09:30;38;EUR;MWh;NO;NO;190.19;;190.19;190.19;1;UP
2025-02-08T09:30;2025-02-08T09:45;39;EUR;MWh;NO;NO;218;;218;218;1;UP
2025-02-08T09:45;2025-02-08T10:00;40;EUR;MWh;NO;NO;263.57;;263.57;263.57;1;UP
2025-02-08T10:00;2025-02-08T10:15;41;EUR;MWh;NO;NO;273.57;;273.57;273.57;1;UP
2025-02-08T10:15;2025-02-08T10:30;42;EUR;MWh;NO;NO;252.57;;252.57;252.57;1;UP
2025-02-08T10:30;2025-02-08T10:45;43;EUR;MWh;NO;NO;201.57;;201.57;201.57;1;UP
2025-02-08T10:45;2025-02-08T11:00;44;EUR;MWh;NO;NO;200;;200;200;1;UP
2025-02-08T11:00;2025-02-08T11:15;45;EUR;MWh;NO;NO;143.57;;143.57;143.57;1;UP
2025-02-08T11:15;2025-02-08T11:30;46;EUR;MWh;NO;NO;131.12;;131.12;131.12;1;UP
2025-02-08T11:30;2025-02-08T11:45;47;EUR;MWh;NO;NO;122.57;104;122.57;94;2;UP_AND_DOWN
2025-02-08T11:45;2025-02-08T12:00;48;EUR;MWh;NO;NO;;99;99;99;-1;DOWN
2025-02-08T12:00;2025-02-08T12:15;49;EUR;MWh;NO;NO;263.57;99;263.57;263.57;1;UP
2025-02-08T12:15;2025-02-08T12:30;50;EUR;MWh;NO;NO;193.4;;193.4;193.4;1;UP
2025-02-08T12:30;2025-02-08T12:45;51;EUR;MWh;NO;NO;153.57;;153.57;153.57;1;UP
2025-02-08T12:45;2025-02-08T13:00;52;EUR;MWh;NO;NO;183.8;;183.8;183.8;1;UP
2025-02-08T13:00;2025-02-08T13:15;53;EUR;MWh;NO;NO;188.01;;188.01;188.01;1;UP
2025-02-08T13:15;2025-02-08T13:30;54;EUR;MWh;NO;NO;189.3;;189.3;189.3;1;UP
2025-02-08T13:30;2025-02-08T13:45;55;EUR;MWh;NO;NO;189.1;;189.1;189.1;1;UP
2025-02-08T13:45;2025-02-08T14:00;56;EUR;MWh;NO;NO;216.57;;216.57;216.57;1;UP
2025-02-08T14:00;2025-02-08T14:15;57;EUR;MWh;NO;NO;172.21;86.65;86.65;86.65;-1;DOWN
2025-02-08T14:15;2025-02-08T14:30;58;EUR;MWh;NO;NO;124.57;86.65;124.57;124.57;1;UP
2025-02-08T14:30;2025-02-08T14:45;59;EUR;MWh;NO;NO;131.12;;131.12;131.12;1;UP
2025-02-08T14:45;2025-02-08T15:00;60;EUR;MWh;NO;NO;131.12;125.82;125.82;125.82;-1;DOWN
2025-02-08T15:00;2025-02-08T15:15;61;EUR;MWh;NO;NO;;105.57;105.57;105.57;-1;DOWN
2025-02-08T15:15;2025-02-08T15:30;62;EUR;MWh;NO;NO;;112.57;112.57;112.57;-1;DOWN
2025-02-08T15:30;2025-02-08T15:45;63;EUR;MWh;NO;NO;148.57;89.12;148.57;89.12;2;UP_AND_DOWN
2025-02-08T15:45;2025-02-08T16:00;64;EUR;MWh;NO;NO;148.57;86.7;148.57;86.7;2;UP_AND_DOWN
2025-02-08T16:00;2025-02-08T16:15;65;EUR;MWh;NO;NO;150;111.96;150;96.7;2;UP_AND_DOWN
2025-02-08T16:15;2025-02-08T16:30;66;EUR;MWh;NO;NO;216.57;;216.57;216.57;1;UP
2025-02-08T16:30;2025-02-08T16:45;67;EUR;MWh;NO;NO;200;;200;200;1;UP
2025-02-08T16:45;2025-02-08T17:00;68;EUR;MWh;NO;NO;224.57;;224.57;224.57;1;UP
2025-02-08T17:00;2025-02-08T17:15;69;EUR;MWh;NO;NO;193.5;113.22;193.5;99.32;2;UP_AND_DOWN
2025-02-08T17:15;2025-02-08T17:30;70;EUR;MWh;NO;NO;200;;200;200;1;UP
2025-02-08T17:30;2025-02-08T17:45;71;EUR;MWh;NO;NO;232.57;;232.57;232.57;1;UP
2025-02-08T17:45;2025-02-08T18:00;72;EUR;MWh;NO;NO;252.57;;252.57;252.57;1;UP
2025-02-08T18:00;2025-02-08T18:15;73;EUR;MWh;NO;NO;250;;250;250;1;UP
2025-02-08T18:15;2025-02-08T18:30;74;EUR;MWh;NO;NO;250;;250;250;1;UP
2025-02-08T18:30;2025-02-08T18:45;75;EUR;MWh;NO;NO;208.57;;208.57;208.57;1;UP
2025-02-08T18:45;2025-02-08T19:00;76;EUR;MWh;NO;NO;160.71;;160.71;160.71;1;UP
2025-02-08T19:00;2025-02-08T19:15;77;EUR;MWh;NO;NO;201.57;;201.57;201.57;1;UP
2025-02-08T19:15;2025-02-08T19:30;78;EUR;MWh;NO;NO;158.9;;158.9;158.9;1;UP
2025-02-08T19:30;2025-02-08T19:45;79;EUR;MWh;NO;NO;193.57;;193.57;193.57;1;UP
2025-02-08T19:45;2025-02-08T20:00;80;EUR;MWh;NO;NO;150.36;;150.36;150.36;1;UP
2025-02-08T20:00;2025-02-08T20:15;81;EUR;MWh;NO;NO;247.57;;247.57;247.57;1;UP
2025-02-08T20:15;2025-02-08T20:30;82;EUR;MWh;NO;NO;172.46;;172.46;172.46;1;UP
2025-02-08T20:30;2025-02-08T20:45;83;EUR;MWh;NO;NO;186.6;;186.6;186.6;1;UP
2025-02-08T20:45;2025-02-08T21:00;84;EUR;MWh;NO;NO;132.37;;132.37;132.37;1;UP
2025-02-08T21:00;2025-02-08T21:15;85;EUR;MWh;NO;NO;170.57;;170.57;170.57;1;UP
2025-02-08T21:15;2025-02-08T21:30;86;EUR;MWh;NO;NO;127.13;;127.13;127.13;1;UP
2025-02-08T21:30;2025-02-08T21:45;87;EUR;MWh;NO;NO;73;112.49;95.25;95.25;2;UP_AND_DOWN
2025-02-08T21:45;2025-02-08T22:00;88;EUR;MWh;NO;NO;;111.59;111.59;111.59;-1;DOWN
2025-02-08T22:00;2025-02-08T22:15;89;EUR;MWh;NO;NO;;104;104;104;-1;DOWN
2025-02-08T22:15;2025-02-08T22:30;90;EUR;MWh;NO;NO;;95.4;95.4;95.4;-1;DOWN
2025-02-08T22:30;2025-02-08T22:45;91;EUR;MWh;NO;NO;;111.57;111.57;111.57;-1;DOWN
2025-02-08T22:45;2025-02-08T23:00;92;EUR;MWh;NO;NO;;86.65;86.65;86.65;-1;DOWN
2025-02-08T23:00;2025-02-08T23:15;93;EUR;MWh;NO;NO;;84.08;84.08;84.08;-1;DOWN
2025-02-08T23:15;2025-02-08T23:30;94;EUR;MWh;NO;NO;;115.14;115.14;115.14;-1;DOWN
2025-02-08T23:30;2025-02-08T23:45;95;EUR;MWh;NO;NO;;116.85;116.85;116.85;-1;DOWN
2025-02-08T23:45;2025-02-09T00:00;96;EUR;MWh;NO;NO;;110.49;110.49;110.49;-1;DOWN
2025-02-09T00:00;2025-02-09T00:15;1;EUR;MWh;NO;NO;;79.57;79.57;79.57;-1;DOWN
2025-02-09T00:15;2025-02-09T00:30;2;EUR;MWh;NO;NO;173.5;90;173.5;173.5;1;UP
2025-02-09T00:30;2025-02-09T00:45;3;EUR;MWh;NO;NO;167.05;;167.05;167.05;1;UP
2025-02-09T00:45;2025-02-09T01:00;4;EUR;MWh;NO;NO;174;;174;174;1;UP
2025-02-09T01:00;2025-02-09T01:15;5;EUR;MWh;NO;NO;172;;172;172;1;UP
2025-02-09T01:15;2025-02-09T01:30;6;EUR;MWh;NO;NO;153.7;;153.7;153.7;1;UP
2025-02-09T01:30;2025-02-09T01:45;7;EUR;MWh;NO;NO;200;;200;200;1;UP
2025-02-09T01:45;2025-02-09T02:00;8;EUR;MWh;NO;NO;190.8;;190.8;190.8;1;UP
2025-02-09T02:00;2025-02-09T02:15;9;EUR;MWh;NO;NO;163.75;;163.75;163.75;1;UP
2025-02-09T02:15;2025-02-09T02:30;10;EUR;MWh;NO;NO;130.55;116.57;130.55;96.32;2;UP_AND_DOWN
2025-02-09T02:30;2025-02-09T02:45;11;EUR;MWh;NO;NO;148.3;115;148.3;96.32;2;UP_AND_DOWN
2025-02-09T02:45;2025-02-09T03:00;12;EUR;MWh;NO;NO;127.98;103.62;103.62;103.62;-1;DOWN
2025-02-09T03:00;2025-02-09T03:15;13;EUR;MWh;NO;NO;126.41;113.57;126.41;95.79;2;UP_AND_DOWN
2025-02-09T03:15;2025-02-09T03:30;14;EUR;MWh;NO;NO;74;103.31;95.79;95.79;2;UP_AND_DOWN
2025-02-09T03:30;2025-02-09T03:45;15;EUR;MWh;NO;NO;;97.06;97.06;97.06;-1;DOWN
2025-02-09T03:45;2025-02-09T04:00;16;EUR;MWh;NO;NO;;86;86;86;-1;DOWN
2025-02-09T04:00;2025-02-09T04:15;17;EUR;MWh;NO;NO;85.07;84.8;85.07;85.07;1;UP
2025-02-09T04:15;2025-02-09T04:30;18;EUR;MWh;NO;NO;126.53;;126.53;126.53;1;UP
2025-02-09T04:30;2025-02-09T04:45;19;EUR;MWh;NO;NO;74;115.3;95.79;95.79;2;UP_AND_DOWN
2025-02-09T04:45;2025-02-09T05:00;20;EUR;MWh;NO;NO;;83;83;83;-1;DOWN
2025-02-09T05:00;2025-02-09T05:15;21;EUR;MWh;NO;NO;120;56.65;120;120;1;UP
2025-02-09T05:15;2025-02-09T05:30;22;EUR;MWh;NO;NO;140;;140;140;1;UP
2025-02-09T05:30;2025-02-09T05:45;23;EUR;MWh;NO;NO;120;;120;120;1;UP
2025-02-09T05:45;2025-02-09T06:00;24;EUR;MWh;NO;NO;74;114.57;95.79;95.79;2;UP_AND_DOWN
2025-02-09T06:00;2025-02-09T06:15;25;EUR;MWh;NO;NO;177.49;86.65;177.49;86.65;2;UP_AND_DOWN
2025-02-09T06:15;2025-02-09T06:30;26;EUR;MWh;NO;NO;141.64;116.57;141.64;95.79;2;UP_AND_DOWN
2025-02-09T06:30;2025-02-09T06:45;27;EUR;MWh;NO;NO;128;;128;128;1;UP
2025-02-09T06:45;2025-02-09T07:00;28;EUR;MWh;NO;NO;128;;128;128;1;UP
2025-02-09T07:00;2025-02-09T07:15;29;EUR;MWh;NO;NO;128;;128;128;1;UP
2025-02-09T07:15;2025-02-09T07:30;30;EUR;MWh;NO;NO;128;85.6;128;85.6;2;UP_AND_DOWN
2025-02-09T07:30;2025-02-09T07:45;31;EUR;MWh;NO;NO;;115;115;115;-1;DOWN
2025-02-09T07:45;2025-02-09T08:00;32;EUR;MWh;NO;NO;128;116.57;128;95.79;2;UP_AND_DOWN
2025-02-09T08:00;2025-02-09T08:15;33;EUR;MWh;NO;NO;119.3;84.3;119.3;84.3;2;UP_AND_DOWN
2025-02-09T08:15;2025-02-09T08:30;34;EUR;MWh;NO;NO;;71.65;71.65;71.65;-1;DOWN
2025-02-09T08:30;2025-02-09T08:45;35;EUR;MWh;NO;NO;;84.1;84.1;84.1;-1;DOWN
2025-02-09T08:45;2025-02-09T09:00;36;EUR;MWh;NO;NO;;101.57;101.57;101.57;-1;DOWN
2025-02-09T09:00;2025-02-09T09:15;37;EUR;MWh;NO;NO;118;106.57;118;93.29;2;UP_AND_DOWN
2025-02-09T09:15;2025-02-09T09:30;38;EUR;MWh;NO;NO;142.87;;142.87;142.87;1;UP
2025-02-09T09:30;2025-02-09T09:45;39;EUR;MWh;NO;NO;142.26;;142.26;142.26;1;UP
2025-02-09T09:45;2025-02-09T10:00;40;EUR;MWh;NO;NO;140;;140;140;1;UP
2025-02-09T10:00;2025-02-09T10:15;41;EUR;MWh;NO;NO;231.57;;231.57;231.57;1;UP
2025-02-09T10:15;2025-02-09T10:30;42;EUR;MWh;NO;NO;162.57;;162.57;162.57;1;UP
2025-02-09T10:30;2025-02-09T10:45;43;EUR;MWh;NO;NO;140;;140;140;1;UP
2025-02-09T10:45;2025-02-09T11:00;44;EUR;MWh;NO;NO;120.3;;120.3;120.3;1;UP
2025-02-09T11:00;2025-02-09T11:15;45;EUR;MWh;NO;NO;950;;950;950;1;UP
2025-02-09T11:15;2025-02-09T11:30;46;EUR;MWh;NO;NO;192.4;87.1;192.4;60;2;UP_AND_DOWN
2025-02-09T11:30;2025-02-09T11:45;47;EUR;MWh;NO;NO;132.64;87.1;132.64;132.64;1;UP
2025-02-09T11:45;2025-02-09T12:00;48;EUR;MWh;NO;NO;121.57;;121.57;121.57;1;UP
2025-02-09T12:00;2025-02-09T12:15;49;EUR;MWh;NO;NO;462.9;;462.9;462.9;1;UP
2025-02-09T12:15;2025-02-09T12:30;50;EUR;MWh;NO;NO;162.57;;162.57;162.57;1;UP
2025-02-09T12:30;2025-02-09T12:45;51;EUR;MWh;NO;NO;120.3;;120.3;120.3;1;UP
2025-02-09T12:45;2025-02-09T13:00;52;EUR;MWh;NO;NO;120.5;;120.5;120.5;1;UP
2025-02-09T13:00;2025-02-09T13:15;53;EUR;MWh;NO;NO;120.5;;120.5;120.5;1;UP
2025-02-09T13:15;2025-02-09T13:30;54;EUR;MWh;NO;NO;143.51;;143.51;143.51;1;UP
2025-02-09T13:30;2025-02-09T13:45;55;EUR;MWh;NO;NO;152.57;;152.57;152.57;1;UP
2025-02-09T13:45;2025-02-09T14:00;56;EUR;MWh;NO;NO;120.6;;120.6;120.6;1;UP
2025-02-09T14:00;2025-02-09T14:15;57;EUR;MWh;NO;NO;143.51;96.64;143.51;60;2;UP_AND_DOWN
2025-02-09T14:15;2025-02-09T14:30;58;EUR;MWh;NO;NO;143.51;;143.51;143.51;1;UP
2025-02-09T14:30;2025-02-09T14:45;59;EUR;MWh;NO;NO;141.63;;141.63;141.63;1;UP
2025-02-09T14:45;2025-02-09T15:00;60;EUR;MWh;NO;NO;127.99;71.65;71.65;71.65;-1;DOWN
2025-02-09T15:00;2025-02-09T15:15;61;EUR;MWh;NO;NO;;63.87;63.87;63.87;-1;DOWN
2025-02-09T15:15;2025-02-09T15:30;62;EUR;MWh;NO;NO;;103.87;103.87;103.87;-1;DOWN
2025-02-09T15:30;2025-02-09T15:45;63;EUR;MWh;NO;NO;;93.87;93.87;93.87;-1;DOWN
2025-02-09T15:45;2025-02-09T16:00;64;EUR;MWh;NO;NO;;86.65;86.65;86.65;-1;DOWN
2025-02-09T16:00;2025-02-09T16:15;65;EUR;MWh;NO;NO;124;87.3;124;124;1;UP
2025-02-09T16:15;2025-02-09T16:30;66;EUR;MWh;NO;NO;126.64;;126.64;126.64;1;UP
2025-02-09T16:30;2025-02-09T16:45;67;EUR;MWh;NO;NO;123.57;96.64;123.57;93.29;2;UP_AND_DOWN
2025-02-09T16:45;2025-02-09T17:00;68;EUR;MWh;NO;NO;126.64;;126.64;126.64;1;UP
2025-02-09T17:00;2025-02-09T17:15;69;EUR;MWh;NO;NO;126.64;30.57;30.57;30.57;-1;DOWN
2025-02-09T17:15;2025-02-09T17:30;70;EUR;MWh;NO;NO;;71.65;71.65;71.65;-1;DOWN
2025-02-09T17:30;2025-02-09T17:45;71;EUR;MWh;NO;NO;;46.3;46.3;46.3;-1;DOWN
2025-02-09T17:45;2025-02-09T18:00;72;EUR;MWh;NO;NO;;50;50;50;-1;DOWN
2025-02-09T18:00;2025-02-09T18:15;73;EUR;MWh;NO;NO;;92.19;92.19;92.19;-1;DOWN
2025-02-09T18:15;2025-02-09T18:30;74;EUR;MWh;NO;NO;;86.65;86.65;86.65;-1;DOWN
2025-02-09T18:30;2025-02-09T18:45;75;EUR;MWh;NO;NO;;74;74;74;-1;DOWN
2025-02-09T18:45;2025-02-09T19:00;76;EUR;MWh;NO;NO;74;71.65;71.65;71.65;-1;DOWN
2025-02-09T19:00;2025-02-09T19:15;77;EUR;MWh;NO;NO;134.57;71.65;134.57;134.57;1;UP
2025-02-09T19:15;2025-02-09T19:30;78;EUR;MWh;NO;NO;120.3;;120.3;120.3;1;UP
2025-02-09T19:30;2025-02-09T19:45;79;EUR;MWh;NO;NO;108;101.57;101.57;101.57;-1;DOWN
2025-02-09T19:45;2025-02-09T20:00;80;EUR;MWh;NO;NO;;98.97;98.97;98.97;-1;DOWN
2025-02-09T20:00;2025-02-09T20:15;81;EUR;MWh;NO;NO;120.57;108.77;120.57;93.29;2;UP_AND_DOWN
2025-02-09T20:15;2025-02-09T20:30;82;EUR;MWh;NO;NO;108;;108;108;1;UP
2025-02-09T20:30;2025-02-09T20:45;83;EUR;MWh;NO;NO;;104;104;104;-1;DOWN
2025-02-09T20:45;2025-02-09T21:00;84;EUR;MWh;NO;NO;85.07;;85.07;85.07;1;UP
2025-02-09T21:00;2025-02-09T21:15;85;EUR;MWh;NO;NO;128.53;;128.53;128.53;1;UP
2025-02-09T21:15;2025-02-09T21:30;86;EUR;MWh;NO;NO;179.57;;179.57;179.57;1;UP
2025-02-09T21:30;2025-02-09T21:45;87;EUR;MWh;NO;NO;133;;133;133;1;UP
2025-02-09T21:45;2025-02-09T22:00;88;EUR;MWh;NO;NO;126.64;;126.64;126.64;1;UP
2025-02-09T22:00;2025-02-09T22:15;89;EUR;MWh;NO;NO;126.3;;126.3;126.3;1;UP
2025-02-09T22:15;2025-02-09T22:30;90;EUR;MWh;NO;NO;119;86.65;119;86.65;2;UP_AND_DOWN
2025-02-09T22:30;2025-02-09T22:45;91;EUR;MWh;NO;NO;;85.8;85.8;85.8;-1;DOWN
2025-02-09T22:45;2025-02-09T23:00;92;EUR;MWh;NO;NO;;71.65;71.65;71.65;-1;DOWN
2025-02-09T23:00;2025-02-09T23:15;93;EUR;MWh;NO;NO;;23;23;23;-1;DOWN
2025-02-09T23:15;2025-02-09T23:30;94;EUR;MWh;NO;NO;;67.17;67.17;67.17;-1;DOWN
2025-02-09T23:30;2025-02-09T23:45;95;EUR;MWh;NO;NO;;71.65;71.65;71.65;-1;DOWN
2025-02-09T23:45;2025-02-10T00:00;96;EUR;MWh;NO;NO;;36;36;36;-1;DOWN
2025-02-10T00:00;2025-02-10T00:15;1;EUR;MWh;NO;NO;;-14.23;-14.23;-14.23;-1;DOWN
2025-02-10T00:15;2025-02-10T00:30;2;EUR;MWh;NO;NO;;81;81;81;-1;DOWN
2025-02-10T00:30;2025-02-10T00:45;3;EUR;MWh;NO;NO;118.7;83.7;118.7;83.7;2;UP_AND_DOWN
2025-02-10T00:45;2025-02-10T01:00;4;EUR;MWh;NO;NO;;20.65;20.65;20.65;-1;DOWN
2025-02-10T01:00;2025-02-10T01:15;5;EUR;MWh;NO;NO;129.41;-3.6;129.41;-3.6;2;UP_AND_DOWN
2025-02-10T01:15;2025-02-10T01:30;6;EUR;MWh;NO;NO;131;1;131;1;2;UP_AND_DOWN
2025-02-10T01:30;2025-02-10T01:45;7;EUR;MWh;NO;NO;;-3.6;-3.6;-3.6;-1;DOWN
2025-02-10T01:45;2025-02-10T02:00;8;EUR;MWh;NO;NO;;11;11;11;-1;DOWN
2025-02-10T02:00;2025-02-10T02:15;9;EUR;MWh;NO;NO;;20.65;20.65;20.65;-1;DOWN
2025-02-10T02:15;2025-02-10T02:30;10;EUR;MWh;NO;NO;116.64;20.65;116.64;20.65;2;UP_AND_DOWN
2025-02-10T02:30;2025-02-10T02:45;11;EUR;MWh;NO;NO;120;11;120;11;2;UP_AND_DOWN
2025-02-10T02:45;2025-02-10T03:00;12;EUR;MWh;NO;NO;120;20.65;120;20.65;2;UP_AND_DOWN
2025-02-10T03:00;2025-02-10T03:15;13;EUR;MWh;NO;NO;120.2;34.3;120.2;34.3;2;UP_AND_DOWN
2025-02-10T03:15;2025-02-10T03:30;14;EUR;MWh;NO;NO;117;-1.2;-1.2;-1.2;-1;DOWN
2025-02-10T03:30;2025-02-10T03:45;15;EUR;MWh;NO;NO;;10;10;10;-1;DOWN
2025-02-10T03:45;2025-02-10T04:00;16;EUR;MWh;NO;NO;;-1.2;-1.2;-1.2;-1;DOWN
2025-02-10T04:00;2025-02-10T04:15;17;EUR;MWh;NO;NO;131;104;131;89;2;UP_AND_DOWN
2025-02-10T04:15;2025-02-10T04:30;18;EUR;MWh;NO;NO;116.9;20.65;20.65;20.65;-1;DOWN
2025-02-10T04:30;2025-02-10T04:45;19;EUR;MWh;NO;NO;;11;11;11;-1;DOWN
2025-02-10T04:45;2025-02-10T05:00;20;EUR;MWh;NO;NO;;-2;-2;-2;-1;DOWN
2025-02-10T05:00;2025-02-10T05:15;21;EUR;MWh;NO;NO;125;20.65;125;20.65;2;UP_AND_DOWN
2025-02-10T05:15;2025-02-10T05:30;22;EUR;MWh;NO;NO;116.8;104;104;104;-1;DOWN
2025-02-10T05:30;2025-02-10T05:45;23;EUR;MWh;NO;NO;;11;11;11;-1;DOWN
2025-02-10T05:45;2025-02-10T06:00;24;EUR;MWh;NO;NO;;74;74;74;-1;DOWN
2025-02-10T06:00;2025-02-10T06:15;25;EUR;MWh;NO;NO;140;74;140;74;2;UP_AND_DOWN
2025-02-10T06:15;2025-02-10T06:30;26;EUR;MWh;NO;NO;133.05;126.01;133.05;115.54;2;UP_AND_DOWN
2025-02-10T06:30;2025-02-10T06:45;27;EUR;MWh;NO;NO;131;96.9;131;96.9;2;UP_AND_DOWN
2025-02-10T06:45;2025-02-10T07:00;28;EUR;MWh;NO;NO;133.05;;133.05;133.05;1;UP
2025-02-10T07:00;2025-02-10T07:15;29;EUR;MWh;NO;NO;116.9;81.9;116.9;81.9;2;UP_AND_DOWN
2025-02-10T07:15;2025-02-10T07:30;30;EUR;MWh;NO;NO;116.9;81.9;116.9;116.9;1;UP
2025-02-10T07:30;2025-02-10T07:45;31;EUR;MWh;NO;NO;132;;132;132;1;UP
2025-02-10T07:45;2025-02-10T08:00;32;EUR;MWh;NO;NO;182.7;;182.7;182.7;1;UP
2025-02-10T08:00;2025-02-10T08:15;33;EUR;MWh;NO;NO;182.7;-30.3;-30.3;-30.3;-1;DOWN
2025-02-10T08:15;2025-02-10T08:30;34;EUR;MWh;NO;NO;166.36;100;166.36;100;2;UP_AND_DOWN
2025-02-10T08:30;2025-02-10T08:45;35;EUR;MWh;NO;NO;166.36;100;100;100;-1;DOWN
2025-02-10T08:45;2025-02-10T09:00;36;EUR;MWh;NO;NO;;109.47;109.47;109.47;-1;DOWN
2025-02-10T09:00;2025-02-10T09:15;37;EUR;MWh;NO;NO;;62.14;62.14;62.14;-1;DOWN
2025-02-10T09:15;2025-02-10T09:30;38;EUR;MWh;NO;NO;;74;74;74;-1;DOWN
2025-02-10T09:30;2025-02-10T09:45;39;EUR;MWh;NO;NO;;62.14;62.14;62.14;-1;DOWN
2025-02-10T09:45;2025-02-10T10:00;40;EUR;MWh;NO;NO;;49;49;49;-1;DOWN
2025-02-10T10:00;2025-02-10T10:15;41;EUR;MWh;NO;NO;149.13;-40.1;149.13;-40.1;2;UP_AND_DOWN
2025-02-10T10:15;2025-02-10T10:30;42;EUR;MWh;NO;NO;230;85.2;230;85.2;2;UP_AND_DOWN
2025-02-10T10:30;2025-02-10T10:45;43;EUR;MWh;NO;NO;;64;64;64;-1;DOWN
2025-02-10T10:45;2025-02-10T11:00;44;EUR;MWh;NO;NO;119.6;111.56;119.6;95.79;2;UP_AND_DOWN
2025-02-10T11:00;2025-02-10T11:15;45;EUR;MWh;NO;NO;;23.5;23.5;23.5;-1;DOWN
2025-02-10T11:15;2025-02-10T11:30;46;EUR;MWh;NO;NO;147.14;23.5;147.14;23.5;2;UP_AND_DOWN
2025-02-10T11:30;2025-02-10T11:45;47;EUR;MWh;NO;NO;147.14;-2.98;147.14;-2.98;2;UP_AND_DOWN
2025-02-10T11:45;2025-02-10T12:00;48;EUR;MWh;NO;NO;138.14;-3.07;138.14;138.14;1;UP
2025-02-10T12:00;2025-02-10T12:15;49;EUR;MWh;NO;NO;135.07;11;11;11;-1;DOWN
2025-02-10T12:15;2025-02-10T12:30;50;EUR;MWh;NO;NO;120.6;-2;120.6;-2;2;UP_AND_DOWN
2025-02-10T12:30;2025-02-10T12:45;51;EUR;MWh;NO;NO;120.3;-5.24;-5.24;-5.24;-1;DOWN
2025-02-10T12:45;2025-02-10T13:00;52;EUR;MWh;NO;NO;;-2.68;-2.68;-2.68;-1;DOWN
2025-02-10T13:00;2025-02-10T13:15;53;EUR;MWh;NO;NO;;87.14;87.14;87.14;-1;DOWN
2025-02-10T13:15;2025-02-10T13:30;54;EUR;MWh;NO;NO;;87.14;87.14;87.14;-1;DOWN
2025-02-10T13:30;2025-02-10T13:45;55;EUR;MWh;NO;NO;120.6;103.9;120.6;120.6;1;UP
2025-02-10T13:45;2025-02-10T14:00;56;EUR;MWh;NO;NO;138.14;;138.14;138.14;1;UP
2025-02-10T14:00;2025-02-10T14:15;57;EUR;MWh;NO;NO;200;;200;200;1;UP
2025-02-10T14:15;2025-02-10T14:30;58;EUR;MWh;NO;NO;185;;185;185;1;UP
2025-02-10T14:30;2025-02-10T14:45;59;EUR;MWh;NO;NO;163.91;;163.91;163.91;1;UP
2025-02-10T14:45;2025-02-10T15:00;60;EUR;MWh;NO;NO;191.6;;191.6;191.6;1;UP
2025-02-10T15:00;2025-02-10T15:15;61;EUR;MWh;NO;NO;181.54;;181.54;181.54;1;UP
2025-02-10T15:15;2025-02-10T15:30;62;EUR;MWh;NO;NO;183.54;;183.54;183.54;1;UP
2025-02-10T15:30;2025-02-10T15:45;63;EUR;MWh;NO;NO;200;;200;200;1;UP
2025-02-10T15:45;2025-02-10T16:00;64;EUR;MWh;NO;NO;200;;200;200;1;UP
2025-02-10T16:00;2025-02-10T16:15;65;EUR;MWh;NO;NO;186.1;;186.1;186.1;1;UP
2025-02-10T16:15;2025-02-10T16:30;66;EUR;MWh;NO;NO;167.75;;167.75;167.75;1;UP
2025-02-10T16:30;2025-02-10T16:45;67;EUR;MWh;NO;NO;138.14;;138.14;138.14;1;UP
2025-02-10T16:45;2025-02-10T17:00;68;EUR;MWh;NO;NO;150.07;;150.07;150.07;1;UP
2025-02-10T17:00;2025-02-10T17:15;69;EUR;MWh;NO;NO;142;40;142;40;2;UP_AND_DOWN
2025-02-10T17:15;2025-02-10T17:30;70;EUR;MWh;NO;NO;139.13;40;139.13;139.13;1;UP
2025-02-10T17:30;2025-02-10T17:45;71;EUR;MWh;NO;NO;144;;144;144;1;UP
2025-02-10T17:45;2025-02-10T18:00;72;EUR;MWh;NO;NO;144;;144;144;1;UP
2025-02-10T18:00;2025-02-10T18:15;73;EUR;MWh;NO;NO;200;;200;200;1;UP
2025-02-10T18:15;2025-02-10T18:30;74;EUR;MWh;NO;NO;138.14;;138.14;138.14;1;UP
2025-02-10T18:30;2025-02-10T18:45;75;EUR;MWh;NO;NO;125.07;96.14;125.07;94.5;2;UP_AND_DOWN
2025-02-10T18:45;2025-02-10T19:00;76;EUR;MWh;NO;NO;;103.9;103.9;103.9;-1;DOWN
2025-02-10T19:00;2025-02-10T19:15;77;EUR;MWh;NO;NO;115.07;115;115.07;115.07;1;UP
2025-02-10T19:15;2025-02-10T19:30;78;EUR;MWh;NO;NO;;84.9;84.9;84.9;-1;DOWN
2025-02-10T19:30;2025-02-10T19:45;79;EUR;MWh;NO;NO;;23.7;23.7;23.7;-1;DOWN
2025-02-10T19:45;2025-02-10T20:00;80;EUR;MWh;NO;NO;;22;22;22;-1;DOWN
2025-02-10T20:00;2025-02-10T20:15;81;EUR;MWh;NO;NO;125.07;7.3;125.07;7.3;2;UP_AND_DOWN
2025-02-10T20:15;2025-02-10T20:30;82;EUR;MWh;NO;NO;121.7;-30;-30;-30;-1;DOWN
2025-02-10T20:30;2025-02-10T20:45;83;EUR;MWh;NO;NO;;-3.42;-3.42;-3.42;-1;DOWN
2025-02-10T20:45;2025-02-10T21:00;84;EUR;MWh;NO;NO;115.07;7.3;115.07;115.07;1;UP
2025-02-10T21:00;2025-02-10T21:15;85;EUR;MWh;NO;NO;115.07;20.65;115.07;20.65;2;UP_AND_DOWN
2025-02-10T21:15;2025-02-10T21:30;86;EUR;MWh;NO;NO;115.07;33;115.07;33;2;UP_AND_DOWN
2025-02-10T21:30;2025-02-10T21:45;87;EUR;MWh;NO;NO;74;3.5;83.95;3.5;2;UP_AND_DOWN
2025-02-10T21:45;2025-02-10T22:00;88;EUR;MWh;NO;NO;;3.5;3.5;3.5;-1;DOWN
2025-02-10T22:00;2025-02-10T22:15;89;EUR;MWh;NO;NO;74;1;83.95;1;2;UP_AND_DOWN
2025-02-10T22:15;2025-02-10T22:30;90;EUR;MWh;NO;NO;;1;1;1;-1;DOWN
2025-02-10T22:30;2025-02-10T22:45;91;EUR;MWh;NO;NO;;1;1;1;-1;DOWN
2025-02-10T22:45;2025-02-10T23:00;92;EUR;MWh;NO;NO;;1;1;1;-1;DOWN
2025-02-10T23:00;2025-02-10T23:15;93;EUR;MWh;NO;NO;;56;56;56;-1;DOWN
2025-02-10T23:15;2025-02-10T23:30;94;EUR;MWh;NO;NO;100.69;56;100.69;56;2;UP_AND_DOWN
2025-02-10T23:30;2025-02-10T23:45;95;EUR;MWh;NO;NO;;-.3;-.3;-.3;-1;DOWN
2025-02-10T23:45;2025-02-11T00:00;96;EUR;MWh;NO;NO;;-.3;-.3;-.3;-1;DOWN
2025-02-11T00:00;2025-02-11T00:15;1;EUR;MWh;NO;NO;173;21.65;173;21.65;2;UP_AND_DOWN
2025-02-11T00:15;2025-02-11T00:30;2;EUR;MWh;NO;NO;131;81.6;131;81.6;2;UP_AND_DOWN
2025-02-11T00:30;2025-02-11T00:45;3;EUR;MWh;NO;NO;;78;78;78;-1;DOWN
2025-02-11T00:45;2025-02-11T01:00;4;EUR;MWh;NO;NO;;78;78;78;-1;DOWN
2025-02-11T01:00;2025-02-11T01:15;5;EUR;MWh;NO;NO;105.07;80;105.07;80;2;UP_AND_DOWN
2025-02-11T01:15;2025-02-11T01:30;6;EUR;MWh;NO;NO;126.89;;126.89;126.89;1;UP
2025-02-11T01:30;2025-02-11T01:45;7;EUR;MWh;NO;NO;152.82;;152.82;152.82;1;UP
2025-02-11T01:45;2025-02-11T02:00;8;EUR;MWh;NO;NO;176.4;;176.4;176.4;1;UP
2025-02-11T02:00;2025-02-11T02:15;9;EUR;MWh;NO;NO;200;;200;200;1;UP
2025-02-11T02:15;2025-02-11T02:30;10;EUR;MWh;NO;NO;200;;200;200;1;UP
2025-02-11T02:30;2025-02-11T02:45;11;EUR;MWh;NO;NO;147.21;;147.21;147.21;1;UP
2025-02-11T02:45;2025-02-11T03:00;12;EUR;MWh;NO;NO;200;;200;200;1;UP
2025-02-11T03:00;2025-02-11T03:15;13;EUR;MWh;NO;NO;166.89;104;104;104;-1;DOWN
2025-02-11T03:15;2025-02-11T03:30;14;EUR;MWh;NO;NO;125.07;96.89;125.07;94.5;2;UP_AND_DOWN
2025-02-11T03:30;2025-02-11T03:45;15;EUR;MWh;NO;NO;144;;144;144;1;UP
2025-02-11T03:45;2025-02-11T04:00;16;EUR;MWh;NO;NO;144.23;;144.23;144.23;1;UP
2025-02-11T04:00;2025-02-11T04:15;17;EUR;MWh;NO;NO;135.6;74;74;74;-1;DOWN
2025-02-11T04:15;2025-02-11T04:30;18;EUR;MWh;NO;NO;144;-10.39;144;-10.39;2;UP_AND_DOWN
2025-02-11T04:30;2025-02-11T04:45;19;EUR;MWh;NO;NO;144;21.65;144;21.65;2;UP_AND_DOWN
2025-02-11T04:45;2025-02-11T05:00;20;EUR;MWh;NO;NO;134.13;10;134.13;10;2;UP_AND_DOWN
2025-02-11T05:00;2025-02-11T05:15;21;EUR;MWh;NO;NO;132.63;;132.63;132.63;1;UP
2025-02-11T05:15;2025-02-11T05:30;22;EUR;MWh;NO;NO;190.12;;190.12;190.12;1;UP
2025-02-11T05:30;2025-02-11T05:45;23;EUR;MWh;NO;NO;200;;200;200;1;UP
2025-02-11T05:45;2025-02-11T06:00;24;EUR;MWh;NO;NO;191.89;81.8;81.8;81.8;-1;DOWN
2025-02-11T06:00;2025-02-11T06:15;25;EUR;MWh;NO;NO;873.55;20.5;873.55;20.5;2;UP_AND_DOWN
2025-02-11T06:15;2025-02-11T06:30;26;EUR;MWh;NO;NO;1620.7;20.5;1620.7;20.5;2;UP_AND_DOWN
2025-02-11T06:30;2025-02-11T06:45;27;EUR;MWh;NO;NO;204.1;-30;204.1;-30;2;UP_AND_DOWN
2025-02-11T06:45;2025-02-11T07:00;28;EUR;MWh;NO;NO;250;81.6;250;81.6;2;UP_AND_DOWN
2025-02-11T07:00;2025-02-11T07:15;29;EUR;MWh;NO;NO;185.76;81.6;185.76;81.6;2;UP_AND_DOWN
2025-02-11T07:15;2025-02-11T07:30;30;EUR;MWh;NO;NO;165.76;104.44;165.76;96.72;2;UP_AND_DOWN
2025-02-11T07:30;2025-02-11T07:45;31;EUR;MWh;NO;NO;126.68;115;126.68;126.68;1;UP
2025-02-11T07:45;2025-02-11T08:00;32;EUR;MWh;NO;NO;131;;131;131;1;UP
2025-02-11T08:00;2025-02-11T08:15;33;EUR;MWh;NO;NO;117.2;82.2;117.2;82.2;2;UP_AND_DOWN
2025-02-11T08:15;2025-02-11T08:30;34;EUR;MWh;NO;NO;;104.44;104.44;104.44;-1;DOWN
2025-02-11T08:30;2025-02-11T08:45;35;EUR;MWh;NO;NO;125.07;114.58;125.07;96.72;2;UP_AND_DOWN
2025-02-11T08:45;2025-02-11T09:00;36;EUR;MWh;NO;NO;130.79;;130.79;130.79;1;UP
2025-02-11T09:00;2025-02-11T09:15;37;EUR;MWh;NO;NO;130.79;111.63;111.63;111.63;-1;DOWN
2025-02-11T09:15;2025-02-11T09:30;38;EUR;MWh;NO;NO;;111.63;111.63;111.63;-1;DOWN
2025-02-11T09:30;2025-02-11T09:45;39;EUR;MWh;NO;NO;116.5;105.7;116.5;97.82;2;UP_AND_DOWN
2025-02-11T09:45;2025-02-11T10:00;40;EUR;MWh;NO;NO;116.5;118.63;118.63;118.63;-1;DOWN
2025-02-11T10:00;2025-02-11T10:15;41;EUR;MWh;NO;NO;150.07;118.63;150.07;150.07;1;UP
2025-02-11T10:15;2025-02-11T10:30;42;EUR;MWh;NO;NO;137.8;;137.8;137.8;1;UP
2025-02-11T10:30;2025-02-11T10:45;43;EUR;MWh;NO;NO;129.26;;129.26;129.26;1;UP
2025-02-11T10:45;2025-02-11T11:00;44;EUR;MWh;NO;NO;131;;131;131;1;UP
2025-02-11T11:00;2025-02-11T11:15;45;EUR;MWh;NO;NO;191.57;;191.57;191.57;1;UP
2025-02-11T11:15;2025-02-11T11:30;46;EUR;MWh;NO;NO;149.94;;149.94;149.94;1;UP
2025-02-11T11:30;2025-02-11T11:45;47;EUR;MWh;NO;NO;148.15;;148.15;148.15;1;UP
2025-02-11T11:45;2025-02-11T12:00;48;EUR;MWh;NO;NO;140;117.59;117.59;117.59;-1;DOWN
2025-02-11T12:00;2025-02-11T12:15;49;EUR;MWh;NO;NO;136.12;132.08;136.12;103.04;2;UP_AND_DOWN
2025-02-11T12:15;2025-02-11T12:30;50;EUR;MWh;NO;NO;125.07;;125.07;125.07;1;UP
2025-02-11T12:30;2025-02-11T12:45;51;EUR;MWh;NO;NO;125.07;;125.07;125.07;1;UP
2025-02-11T12:45;2025-02-11T13:00;52;EUR;MWh;NO;NO;145.81;;145.81;145.81;1;UP
2025-02-11T13:00;2025-02-11T13:15;53;EUR;MWh;NO;NO;119.3;132.25;119.3;103.13;2;UP_AND_DOWN
2025-02-11T13:15;2025-02-11T13:30;54;EUR;MWh;NO;NO;135.81;;135.81;135.81;1;UP
2025-02-11T13:30;2025-02-11T13:45;55;EUR;MWh;NO;NO;150;;150;150;1;UP
2025-02-11T13:45;2025-02-11T14:00;56;EUR;MWh;NO;NO;117.6;121.63;117.6;103.13;2;UP_AND_DOWN
2025-02-11T14:00;2025-02-11T14:15;57;EUR;MWh;NO;NO;130.12;;130.12;130.12;1;UP
2025-02-11T14:15;2025-02-11T14:30;58;EUR;MWh;NO;NO;131.17;;131.17;131.17;1;UP
2025-02-11T14:30;2025-02-11T14:45;59;EUR;MWh;NO;NO;131.17;;131.17;131.17;1;UP
2025-02-11T14:45;2025-02-11T15:00;60;EUR;MWh;NO;NO;151;;151;151;1;UP
2025-02-11T15:00;2025-02-11T15:15;61;EUR;MWh;NO;NO;151;;151;151;1;UP
2025-02-11T15:15;2025-02-11T15:30;62;EUR;MWh;NO;NO;158.15;;158.15;158.15;1;UP
2025-02-11T15:30;2025-02-11T15:45;63;EUR;MWh;NO;NO;152;;152;152;1;UP
2025-02-11T15:45;2025-02-11T16:00;64;EUR;MWh;NO;NO;154;;154;154;1;UP
2025-02-11T16:00;2025-02-11T16:15;65;EUR;MWh;NO;NO;74;101.17;101.17;101.17;-1;DOWN
2025-02-11T16:15;2025-02-11T16:30;66;EUR;MWh;NO;NO;;111.63;111.63;111.63;-1;DOWN
2025-02-11T16:30;2025-02-11T16:45;67;EUR;MWh;NO;NO;116.9;108.17;116.9;98.35;2;UP_AND_DOWN
2025-02-11T16:45;2025-02-11T17:00;68;EUR;MWh;NO;NO;116.8;;116.8;116.8;1;UP
2025-02-11T17:00;2025-02-11T17:15;69;EUR;MWh;NO;NO;116.8;;116.8;116.8;1;UP
2025-02-11T17:15;2025-02-11T17:30;70;EUR;MWh;NO;NO;144;;144;144;1;UP
2025-02-11T17:30;2025-02-11T17:45;71;EUR;MWh;NO;NO;180.48;;180.48;180.48;1;UP
2025-02-11T17:45;2025-02-11T18:00;72;EUR;MWh;NO;NO;200;;200;200;1;UP
2025-02-11T18:00;2025-02-11T18:15;73;EUR;MWh;NO;NO;186.15;;186.15;186.15;1;UP
2025-02-11T18:15;2025-02-11T18:30;74;EUR;MWh;NO;NO;203.9;;203.9;203.9;1;UP
2025-02-11T18:30;2025-02-11T18:45;75;EUR;MWh;NO;NO;204;;204;204;1;UP
2025-02-11T18:45;2025-02-11T19:00;76;EUR;MWh;NO;NO;200;;200;200;1;UP
2025-02-11T19:00;2025-02-11T19:15;77;EUR;MWh;NO;NO;1672.26;;1672.26;1672.26;1;UP
2025-02-11T19:15;2025-02-11T19:30;78;EUR;MWh;NO;NO;210.61;;210.61;210.61;1;UP
2025-02-11T19:30;2025-02-11T19:45;79;EUR;MWh;NO;NO;200;;200;200;1;UP
2025-02-11T19:45;2025-02-11T20:00;80;EUR;MWh;NO;NO;221;;221;221;1;UP
2025-02-11T20:00;2025-02-11T20:15;81;EUR;MWh;NO;NO;185.78;;185.78;185.78;1;UP
2025-02-11T20:15;2025-02-11T20:30;82;EUR;MWh;NO;NO;117.8;;117.8;117.8;1;UP
2025-02-11T20:30;2025-02-11T20:45;83;EUR;MWh;NO;NO;117.8;;117.8;117.8;1;UP
2025-02-11T20:45;2025-02-11T21:00;84;EUR;MWh;NO;NO;;116.63;116.63;116.63;-1;DOWN
2025-02-11T21:00;2025-02-11T21:15;85;EUR;MWh;NO;NO;118.1;115.7;118.1;98.37;2;UP_AND_DOWN
2025-02-11T21:15;2025-02-11T21:30;86;EUR;MWh;NO;NO;146.03;121.63;146.03;103.13;2;UP_AND_DOWN
2025-02-11T21:30;2025-02-11T21:45;87;EUR;MWh;NO;NO;74;121.63;121.63;121.63;-1;DOWN
2025-02-11T21:45;2025-02-11T22:00;88;EUR;MWh;NO;NO;;118.31;118.31;118.31;-1;DOWN
2025-02-11T22:00;2025-02-11T22:15;89;EUR;MWh;NO;NO;178.63;108.17;178.63;98.35;2;UP_AND_DOWN
2025-02-11T22:15;2025-02-11T22:30;90;EUR;MWh;NO;NO;138.63;;138.63;138.63;1;UP
2025-02-11T22:30;2025-02-11T22:45;91;EUR;MWh;NO;NO;74;;74;74;1;UP
2025-02-11T22:45;2025-02-11T23:00;92;EUR;MWh;NO;NO;74;114.31;98.35;98.35;2;UP_AND_DOWN
2025-02-11T23:00;2025-02-11T23:15;93;EUR;MWh;NO;NO;135.17;115.7;135.17;135.17;1;UP
2025-02-11T23:15;2025-02-11T23:30;94;EUR;MWh;NO;NO;131.17;120.16;131.17;98.35;2;UP_AND_DOWN
2025-02-11T23:30;2025-02-11T23:45;95;EUR;MWh;NO;NO;;115.7;115.7;115.7;-1;DOWN
2025-02-11T23:45;2025-02-12T00:00;96;EUR;MWh;NO;NO;;113.81;113.81;113.81;-1;DOWN
2025-02-12T00:00;2025-02-12T00:15;1;EUR;MWh;NO;NO;210.1;103.86;210.1;96.88;2;UP_AND_DOWN
2025-02-12T00:15;2025-02-12T00:30;2;EUR;MWh;NO;NO;180.57;;180.57;180.57;1;UP
2025-02-12T00:30;2025-02-12T00:45;3;EUR;MWh;NO;NO;137.17;;137.17;137.17;1;UP
2025-02-12T00:45;2025-02-12T01:00;4;EUR;MWh;NO;NO;;111.86;111.86;111.86;-1;DOWN
2025-02-12T01:00;2025-02-12T01:15;5;EUR;MWh;NO;NO;166.84;111.86;166.84;166.84;1;UP
2025-02-12T01:15;2025-02-12T01:30;6;EUR;MWh;NO;NO;137.17;;137.17;137.17;1;UP
2025-02-12T01:30;2025-02-12T01:45;7;EUR;MWh;NO;NO;137;;137;137;1;UP
2025-02-12T01:45;2025-02-12T02:00;8;EUR;MWh;NO;NO;137;110.17;110.17;110.17;-1;DOWN
2025-02-12T02:00;2025-02-12T02:15;9;EUR;MWh;NO;NO;137;114.2;137;96.88;2;UP_AND_DOWN
2025-02-12T02:15;2025-02-12T02:30;10;EUR;MWh;NO;NO;137;96.86;96.86;96.86;-1;DOWN
2025-02-12T02:30;2025-02-12T02:45;11;EUR;MWh;NO;NO;;106.86;106.86;106.86;-1;DOWN
2025-02-12T02:45;2025-02-12T03:00;12;EUR;MWh;NO;NO;;108.17;108.17;108.17;-1;DOWN
2025-02-12T03:00;2025-02-12T03:15;13;EUR;MWh;NO;NO;;108;108;108;-1;DOWN
2025-02-12T03:15;2025-02-12T03:30;14;EUR;MWh;NO;NO;;105.54;105.54;105.54;-1;DOWN
2025-02-12T03:30;2025-02-12T03:45;15;EUR;MWh;NO;NO;;108;108;108;-1;DOWN
2025-02-12T03:45;2025-02-12T04:00;16;EUR;MWh;NO;NO;;102.53;102.53;102.53;-1;DOWN
2025-02-12T04:00;2025-02-12T04:15;17;EUR;MWh;NO;NO;;93.86;93.86;93.86;-1;DOWN
2025-02-12T04:15;2025-02-12T04:30;18;EUR;MWh;NO;NO;;100.62;100.62;100.62;-1;DOWN
2025-02-12T04:30;2025-02-12T04:45;19;EUR;MWh;NO;NO;;100.62;100.62;100.62;-1;DOWN
2025-02-12T04:45;2025-02-12T05:00;20;EUR;MWh;NO;NO;;102.53;102.53;102.53;-1;DOWN
2025-02-12T05:00;2025-02-12T05:15;21;EUR;MWh;NO;NO;85.07;97.17;100.92;97.17;2;UP_AND_DOWN
2025-02-12T05:15;2025-02-12T05:30;22;EUR;MWh;NO;NO;85.07;;85.07;85.07;1;UP
2025-02-12T05:30;2025-02-12T05:45;23;EUR;MWh;NO;NO;;;100.92;100.92;0;STABLE
2025-02-12T05:45;2025-02-12T06:00;24;EUR;MWh;NO;NO;;;100.92;100.92;0;STABLE
2025-02-12T06:00;2025-02-12T06:15;25;EUR;MWh;NO;NO;180.58;;180.58;180.58;1;UP
2025-02-12T06:15;2025-02-12T06:30;26;EUR;MWh;NO;NO;197.03;;197.03;197.03;1;UP
2025-02-12T06:30;2025-02-12T06:45;27;EUR;MWh;NO;NO;197;;197;197;1;UP
2025-02-12T06:45;2025-02-12T07:00;28;EUR;MWh;NO;NO;197.15;;197.15;197.15;1;UP
2025-02-12T07:00;2025-02-12T07:15;29;EUR;MWh;NO;NO;1895;;1895;1895;1;UP
2025-02-12T07:15;2025-02-12T07:30;30;EUR;MWh;NO;NO;331.42;;331.42;331.42;1;UP
2025-02-12T07:30;2025-02-12T07:45;31;EUR;MWh;NO;NO;1895;;1895;1895;1;UP
2025-02-12T07:45;2025-02-12T08:00;32;EUR;MWh;NO;NO;1895;;1895;1895;1;UP
2025-02-12T08:00;2025-02-12T08:15;33;EUR;MWh;NO;NO;230;;230;230;1;UP
2025-02-12T08:15;2025-02-12T08:30;34;EUR;MWh;NO;NO;165;;165;165;1;UP
2025-02-12T08:30;2025-02-12T08:45;35;EUR;MWh;NO;NO;214.51;;214.51;214.51;1;UP
2025-02-12T08:45;2025-02-12T09:00;36;EUR;MWh;NO;NO;236.43;;236.43;236.43;1;UP
2025-02-12T09:00;2025-02-12T09:15;37;EUR;MWh;NO;NO;160.57;87.2;160.57;87.2;2;UP_AND_DOWN
2025-02-12T09:15;2025-02-12T09:30;38;EUR;MWh;NO;NO;140;102.79;140;98.45;2;UP_AND_DOWN
2025-02-12T09:30;2025-02-12T09:45;39;EUR;MWh;NO;NO;140;119.67;119.67;119.67;-1;DOWN
2025-02-12T09:45;2025-02-12T10:00;40;EUR;MWh;NO;NO;;112.17;112.17;112.17;-1;DOWN
2025-02-12T10:00;2025-02-12T10:15;41;EUR;MWh;NO;NO;950;112.17;950;950;1;UP
2025-02-12T10:15;2025-02-12T10:30;42;EUR;MWh;NO;NO;160.57;104.89;160.57;99.07;2;UP_AND_DOWN
2025-02-12T10:30;2025-02-12T10:45;43;EUR;MWh;NO;NO;165.67;;165.67;165.67;1;UP
2025-02-12T10:45;2025-02-12T11:00;44;EUR;MWh;NO;NO;146.67;;146.67;146.67;1;UP
2025-02-12T11:00;2025-02-12T11:15;45;EUR;MWh;NO;NO;159.68;;159.68;159.68;1;UP
2025-02-12T11:15;2025-02-12T11:30;46;EUR;MWh;NO;NO;157.57;;157.57;157.57;1;UP
2025-02-12T11:30;2025-02-12T11:45;47;EUR;MWh;NO;NO;140;;140;140;1;UP
2025-02-12T11:45;2025-02-12T12:00;48;EUR;MWh;NO;NO;126.57;;126.57;126.57;1;UP
2025-02-12T12:00;2025-02-12T12:15;49;EUR;MWh;NO;NO;300;;300;300;1;UP
2025-02-12T12:15;2025-02-12T12:30;50;EUR;MWh;NO;NO;185;110.51;110.51;110.51;-1;DOWN
2025-02-12T12:30;2025-02-12T12:45;51;EUR;MWh;NO;NO;;107.47;107.47;107.47;-1;DOWN
2025-02-12T12:45;2025-02-12T13:00;52;EUR;MWh;NO;NO;;125.35;125.35;125.35;-1;DOWN
2025-02-12T13:00;2025-02-12T13:15;53;EUR;MWh;NO;NO;258.32;;258.32;258.32;1;UP
2025-02-12T13:15;2025-02-12T13:30;54;EUR;MWh;NO;NO;200;;200;200;1;UP
2025-02-12T13:30;2025-02-12T13:45;55;EUR;MWh;NO;NO;224;;224;224;1;UP
2025-02-12T13:45;2025-02-12T14:00;56;EUR;MWh;NO;NO;200;;200;200;1;UP
2025-02-12T14:00;2025-02-12T14:15;57;EUR;MWh;NO;NO;174.57;;174.57;174.57;1;UP
2025-02-12T14:15;2025-02-12T14:30;58;EUR;MWh;NO;NO;165.67;;165.67;165.67;1;UP
2025-02-12T14:30;2025-02-12T14:45;59;EUR;MWh;NO;NO;185;;185;185;1;UP
2025-02-12T14:45;2025-02-12T15:00;60;EUR;MWh;NO;NO;259.51;;259.51;259.51;1;UP
2025-02-12T15:00;2025-02-12T15:15;61;EUR;MWh;NO;NO;478.51;;478.51;478.51;1;UP
2025-02-12T15:15;2025-02-12T15:30;62;EUR;MWh;NO;NO;300;130.48;300;103.74;2;UP_AND_DOWN
2025-02-12T15:30;2025-02-12T15:45;63;EUR;MWh;NO;NO;300;;300;300;1;UP
2025-02-12T15:45;2025-02-12T16:00;64;EUR;MWh;NO;NO;487.83;;487.83;487.83;1;UP
2025-02-12T16:00;2025-02-12T16:15;65;EUR;MWh;NO;NO;594;;594;594;1;UP
2025-02-12T16:15;2025-02-12T16:30;66;EUR;MWh;NO;NO;240.57;;240.57;240.57;1;UP
2025-02-12T16:30;2025-02-12T16:45;67;EUR;MWh;NO;NO;244.57;;244.57;244.57;1;UP
2025-02-12T16:45;2025-02-12T17:00;68;EUR;MWh;NO;NO;244.57;;244.57;244.57;1;UP
2025-02-12T17:00;2025-02-12T17:15;69;EUR;MWh;NO;NO;137.61;86.65;137.61;86.65;2;UP_AND_DOWN
2025-02-12T17:15;2025-02-12T17:30;70;EUR;MWh;NO;NO;142.57;112.68;142.57;100.68;2;UP_AND_DOWN
2025-02-12T17:30;2025-02-12T17:45;71;EUR;MWh;NO;NO;145.57;;145.57;145.57;1;UP
2025-02-12T17:45;2025-02-12T18:00;72;EUR;MWh;NO;NO;212.3;;212.3;212.3;1;UP
2025-02-12T18:00;2025-02-12T18:15;73;EUR;MWh;NO;NO;184.34;;184.34;184.34;1;UP
2025-02-12T18:15;2025-02-12T18:30;74;EUR;MWh;NO;NO;212.4;;212.4;212.4;1;UP
2025-02-12T18:30;2025-02-12T18:45;75;EUR;MWh;NO;NO;212.4;;212.4;212.4;1;UP
2025-02-12T18:45;2025-02-12T19:00;76;EUR;MWh;NO;NO;212.4;;212.4;212.4;1;UP
2025-02-12T19:00;2025-02-12T19:15;77;EUR;MWh;NO;NO;242.12;;242.12;242.12;1;UP
2025-02-12T19:15;2025-02-12T19:30;78;EUR;MWh;NO;NO;223;;223;223;1;UP
2025-02-12T19:30;2025-02-12T19:45;79;EUR;MWh;NO;NO;222.86;;222.86;222.86;1;UP
2025-02-12T19:45;2025-02-12T20:00;80;EUR;MWh;NO;NO;153.79;;153.79;153.79;1;UP
2025-02-12T20:00;2025-02-12T20:15;81;EUR;MWh;NO;NO;209.7;;209.7;209.7;1;UP
2025-02-12T20:15;2025-02-12T20:30;82;EUR;MWh;NO;NO;151.24;;151.24;151.24;1;UP
2025-02-12T20:30;2025-02-12T20:45;83;EUR;MWh;NO;NO;218.84;;218.84;218.84;1;UP
2025-02-12T20:45;2025-02-12T21:00;84;EUR;MWh;NO;NO;77;114.89;100.01;100.01;2;UP_AND_DOWN
2025-02-12T21:00;2025-02-12T21:15;85;EUR;MWh;NO;NO;247.57;;247.57;247.57;1;UP
2025-02-12T21:15;2025-02-12T21:30;86;EUR;MWh;NO;NO;186.57;;186.57;186.57;1;UP
2025-02-12T21:30;2025-02-12T21:45;87;EUR;MWh;NO;NO;157.57;;157.57;157.57;1;UP
2025-02-12T21:45;2025-02-12T22:00;88;EUR;MWh;NO;NO;147.57;123.03;147.57;100.02;2;UP_AND_DOWN
2025-02-12T22:00;2025-02-12T22:15;89;EUR;MWh;NO;NO;;114.57;114.57;114.57;-1;DOWN
2025-02-12T22:15;2025-02-12T22:30;90;EUR;MWh;NO;NO;;109.89;109.89;109.89;-1;DOWN
2025-02-12T22:30;2025-02-12T22:45;91;EUR;MWh;NO;NO;77;112.57;100;100;2;UP_AND_DOWN
2025-02-12T22:45;2025-02-12T23:00;92;EUR;MWh;NO;NO;;99;99;99;-1;DOWN
2025-02-12T23:00;2025-02-12T23:15;93;EUR;MWh;NO;NO;149.57;90.34;149.57;90.34;2;UP_AND_DOWN
2025-02-12T23:15;2025-02-12T23:30;94;EUR;MWh;NO;NO;140.57;160;140.57;118.5;2;UP_AND_DOWN
2025-02-12T23:30;2025-02-12T23:45;95;EUR;MWh;NO;NO;165;158;165;117.5;2;UP_AND_DOWN
2025-02-12T23:45;2025-02-13T00:00;96;EUR;MWh;NO;NO;140.57;;140.57;140.57;1;UP
2025-02-13T00:00;2025-02-13T00:15;1;EUR;MWh;NO;NO;153.06;155;153.06;116;2;UP_AND_DOWN
2025-02-13T00:15;2025-02-13T00:30;2;EUR;MWh;NO;NO;137.34;113.55;137.34;113.55;2;UP_AND_DOWN
2025-02-13T00:30;2025-02-13T00:45;3;EUR;MWh;NO;NO;121.34;151;121.34;114;2;UP_AND_DOWN
2025-02-13T00:45;2025-02-13T01:00;4;EUR;MWh;NO;NO;120.97;;120.97;120.97;1;UP
2025-02-13T01:00;2025-02-13T01:15;5;EUR;MWh;NO;NO;152.36;;152.36;152.36;1;UP
2025-02-13T01:15;2025-02-13T01:30;6;EUR;MWh;NO;NO;118.92;;118.92;118.92;1;UP
2025-02-13T01:30;2025-02-13T01:45;7;EUR;MWh;NO;NO;155.06;;155.06;155.06;1;UP
2025-02-13T01:45;2025-02-13T02:00;8;EUR;MWh;NO;NO;131.69;;131.69;131.69;1;UP
2025-02-13T02:00;2025-02-13T02:15;9;EUR;MWh;NO;NO;204.78;;204.78;204.78;1;UP
2025-02-13T02:15;2025-02-13T02:30;10;EUR;MWh;NO;NO;157.37;;157.37;157.37;1;UP
2025-02-13T02:30;2025-02-13T02:45;11;EUR;MWh;NO;NO;137.34;;137.34;137.34;1;UP
2025-02-13T02:45;2025-02-13T03:00;12;EUR;MWh;NO;NO;124.34;;124.34;124.34;1;UP
2025-02-13T03:00;2025-02-13T03:15;13;EUR;MWh;NO;NO;132.83;;132.83;132.83;1;UP
2025-02-13T03:15;2025-02-13T03:30;14;EUR;MWh;NO;NO;151.06;;151.06;151.06;1;UP
2025-02-13T03:30;2025-02-13T03:45;15;EUR;MWh;NO;NO;85.07;;85.07;85.07;1;UP
2025-02-13T03:45;2025-02-13T04:00;16;EUR;MWh;NO;NO;;113.55;113.55;113.55;-1;DOWN
2025-02-13T04:00;2025-02-13T04:15;17;EUR;MWh;NO;NO;;108.34;108.34;108.34;-1;DOWN
2025-02-13T04:15;2025-02-13T04:30;18;EUR;MWh;NO;NO;;108.64;108.64;108.64;-1;DOWN
2025-02-13T04:30;2025-02-13T04:45;19;EUR;MWh;NO;NO;;114.85;114.85;114.85;-1;DOWN
2025-02-13T04:45;2025-02-13T05:00;20;EUR;MWh;NO;NO;;110.21;110.21;110.21;-1;DOWN
2025-02-13T05:00;2025-02-13T05:15;21;EUR;MWh;NO;NO;;86.65;86.65;86.65;-1;DOWN
2025-02-13T05:15;2025-02-13T05:30;22;EUR;MWh;NO;NO;;108.34;108.34;108.34;-1;DOWN
2025-02-13T05:30;2025-02-13T05:45;23;EUR;MWh;NO;NO;;114.74;114.74;114.74;-1;DOWN
2025-02-13T05:45;2025-02-13T06:00;24;EUR;MWh;NO;NO;;101.34;101.34;101.34;-1;DOWN
2025-02-13T06:00;2025-02-13T06:15;25;EUR;MWh;NO;NO;;62.44;62.44;62.44;-1;DOWN
2025-02-13T06:15;2025-02-13T06:30;26;EUR;MWh;NO;NO;;97.57;97.57;97.57;-1;DOWN
2025-02-13T06:30;2025-02-13T06:45;27;EUR;MWh;NO;NO;115.07;110.89;115.07;101.32;2;UP_AND_DOWN
2025-02-13T06:45;2025-02-13T07:00;28;EUR;MWh;NO;NO;186.73;;186.73;186.73;1;UP
2025-02-13T07:00;2025-02-13T07:15;29;EUR;MWh;NO;NO;160.47;115.89;160.47;101.32;2;UP_AND_DOWN
2025-02-13T07:15;2025-02-13T07:30;30;EUR;MWh;NO;NO;145.06;;145.06;145.06;1;UP
2025-02-13T07:30;2025-02-13T07:45;31;EUR;MWh;NO;NO;142.03;;142.03;142.03;1;UP
2025-02-13T07:45;2025-02-13T08:00;32;EUR;MWh;NO;NO;173.55;;173.55;173.55;1;UP
2025-02-13T08:00;2025-02-13T08:15;33;EUR;MWh;NO;NO;139.52;104.57;139.52;104.57;2;UP_AND_DOWN
2025-02-13T08:15;2025-02-13T08:30;34;EUR;MWh;NO;NO;;110.89;110.89;110.89;-1;DOWN
2025-02-13T08:30;2025-02-13T08:45;35;EUR;MWh;NO;NO;147.95;110.89;147.95;147.95;1;UP
2025-02-13T08:45;2025-02-13T09:00;36;EUR;MWh;NO;NO;201.51;;201.51;201.51;1;UP
2025-02-13T09:00;2025-02-13T09:15;37;EUR;MWh;NO;NO;255.06;;255.06;255.06;1;UP
2025-02-13T09:15;2025-02-13T09:30;38;EUR;MWh;NO;NO;314;;314;314;1;UP
2025-02-13T09:30;2025-02-13T09:45;39;EUR;MWh;NO;NO;332.54;;332.54;332.54;1;UP
2025-02-13T09:45;2025-02-13T10:00;40;EUR;MWh;NO;NO;1895;;1895;1895;1;UP
2025-02-13T10:00;2025-02-13T10:15;41;EUR;MWh;NO;NO;1895;;1895;1895;1;UP
2025-02-13T10:15;2025-02-13T10:30;42;EUR;MWh;NO;NO;1895;;1895;1895;1;UP
2025-02-13T10:30;2025-02-13T10:45;43;EUR;MWh;NO;NO;744;;744;744;1;UP
2025-02-13T10:45;2025-02-13T11:00;44;EUR;MWh;NO;NO;600;;600;600;1;UP
2025-02-13T11:00;2025-02-13T11:15;45;EUR;MWh;NO;NO;150.57;;150.57;150.57;1;UP
2025-02-13T11:15;2025-02-13T11:30;46;EUR;MWh;NO;NO;153.06;;153.06;153.06;1;UP
2025-02-13T11:30;2025-02-13T11:45;47;EUR;MWh;NO;NO;159.69;;159.69;159.69;1;UP
2025-02-13T11:45;2025-02-13T12:00;48;EUR;MWh;NO;NO;1895;;1895;1895;1;UP
2025-02-13T12:00;2025-02-13T12:15;49;EUR;MWh;NO;NO;211.69;;211.69;211.69;1;UP
2025-02-13T12:15;2025-02-13T12:30;50;EUR;MWh;NO;NO;229.3;;229.3;229.3;1;UP
2025-02-13T12:30;2025-02-13T12:45;51;EUR;MWh;NO;NO;268.69;;268.69;268.69;1;UP
2025-02-13T12:45;2025-02-13T13:00;52;EUR;MWh;NO;NO;255.06;;255.06;255.06;1;UP
2025-02-13T13:00;2025-02-13T13:15;53;EUR;MWh;NO;NO;259.69;;259.69;259.69;1;UP
2025-02-13T13:15;2025-02-13T13:30;54;EUR;MWh;NO;NO;223.69;;223.69;223.69;1;UP
2025-02-13T13:30;2025-02-13T13:45;55;EUR;MWh;NO;NO;242.69;;242.69;242.69;1;UP
2025-02-13T13:45;2025-02-13T14:00;56;EUR;MWh;NO;NO;251.69;;251.69;251.69;1;UP
2025-02-13T14:00;2025-02-13T14:15;57;EUR;MWh;NO;NO;214.69;;214.69;214.69;1;UP
2025-02-13T14:15;2025-02-13T14:30;58;EUR;MWh;NO;NO;242.69;;242.69;242.69;1;UP
2025-02-13T14:30;2025-02-13T14:45;59;EUR;MWh;NO;NO;223.69;;223.69;223.69;1;UP
2025-02-13T14:45;2025-02-13T15:00;60;EUR;MWh;NO;NO;167.64;;167.64;167.64;1;UP
2025-02-13T15:00;2025-02-13T15:15;61;EUR;MWh;NO;NO;201.69;;201.69;201.69;1;UP
2025-02-13T15:15;2025-02-13T15:30;62;EUR;MWh;NO;NO;210.4;;210.4;210.4;1;UP
2025-02-13T15:30;2025-02-13T15:45;63;EUR;MWh;NO;NO;201.69;;201.69;201.69;1;UP
2025-02-13T15:45;2025-02-13T16:00;64;EUR;MWh;NO;NO;200;;200;200;1;UP
2025-02-13T16:00;2025-02-13T16:15;65;EUR;MWh;NO;NO;146.69;;146.69;146.69;1;UP
2025-02-13T16:15;2025-02-13T16:30;66;EUR;MWh;NO;NO;200;;200;200;1;UP
2025-02-13T16:30;2025-02-13T16:45;67;EUR;MWh;NO;NO;277.19;;277.19;277.19;1;UP
2025-02-13T16:45;2025-02-13T17:00;68;EUR;MWh;NO;NO;234.69;;234.69;234.69;1;UP
2025-02-13T17:00;2025-02-13T17:15;69;EUR;MWh;NO;NO;190.16;75;190.16;75;2;UP_AND_DOWN
2025-02-13T17:15;2025-02-13T17:30;70;EUR;MWh;NO;NO;;109.38;109.38;109.38;-1;DOWN
2025-02-13T17:30;2025-02-13T17:45;71;EUR;MWh;NO;NO;74;117.74;123.45;117.74;2;UP_AND_DOWN
2025-02-13T17:45;2025-02-13T18:00;72;EUR;MWh;NO;NO;74;172.9;123.45;123.45;2;UP_AND_DOWN
2025-02-13T18:00;2025-02-13T18:15;73;EUR;MWh;NO;NO;209.69;;209.69;209.69;1;UP
2025-02-13T18:15;2025-02-13T18:30;74;EUR;MWh;NO;NO;223.69;;223.69;223.69;1;UP
2025-02-13T18:30;2025-02-13T18:45;75;EUR;MWh;NO;NO;200;;200;200;1;UP
2025-02-13T18:45;2025-02-13T19:00;76;EUR;MWh;NO;NO;200;;200;200;1;UP
2025-02-13T19:00;2025-02-13T19:15;77;EUR;MWh;NO;NO;181.52;;181.52;181.52;1;UP
2025-02-13T19:15;2025-02-13T19:30;78;EUR;MWh;NO;NO;211.69;;211.69;211.69;1;UP
2025-02-13T19:30;2025-02-13T19:45;79;EUR;MWh;NO;NO;140.33;;140.33;140.33;1;UP
2025-02-13T19:45;2025-02-13T20:00;80;EUR;MWh;NO;NO;;;123.5;123.5;0;STABLE
2025-02-13T20:00;2025-02-13T20:15;81;EUR;MWh;NO;NO;186.69;;186.69;186.69;1;UP
2025-02-13T20:15;2025-02-13T20:30;82;EUR;MWh;NO;NO;205.06;;205.06;205.06;1;UP
2025-02-13T20:30;2025-02-13T20:45;83;EUR;MWh;NO;NO;194.69;;194.69;194.69;1;UP
2025-02-13T20:45;2025-02-13T21:00;84;EUR;MWh;NO;NO;162.05;;162.05;162.05;1;UP
2025-02-13T21:00;2025-02-13T21:15;85;EUR;MWh;NO;NO;147.92;;147.92;147.92;1;UP
2025-02-13T21:15;2025-02-13T21:30;86;EUR;MWh;NO;NO;186.69;120.79;186.69;120.79;2;UP_AND_DOWN
2025-02-13T21:30;2025-02-13T21:45;87;EUR;MWh;NO;NO;122.23;120.89;122.23;118.5;2;UP_AND_DOWN
2025-02-13T21:45;2025-02-13T22:00;88;EUR;MWh;NO;NO;137;118.28;137;99.96;2;UP_AND_DOWN
2025-02-13T22:00;2025-02-13T22:15;89;EUR;MWh;NO;NO;186.69;111.14;186.69;96.17;2;UP_AND_DOWN
2025-02-13T22:15;2025-02-13T22:30;90;EUR;MWh;NO;NO;157.95;;157.95;157.95;1;UP
2025-02-13T22:30;2025-02-13T22:45;91;EUR;MWh;NO;NO;134.82;164;134.82;119;2;UP_AND_DOWN
2025-02-13T22:45;2025-02-13T23:00;92;EUR;MWh;NO;NO;120.57;123.61;120.57;120.57;1;UP
2025-02-13T23:00;2025-02-13T23:15;93;EUR;MWh;NO;NO;145.8;112.14;145.8;112.14;2;UP_AND_DOWN
2025-02-13T23:15;2025-02-13T23:30;94;EUR;MWh;NO;NO;151.58;119.99;151.58;118;2;UP_AND_DOWN
2025-02-13T23:30;2025-02-13T23:45;95;EUR;MWh;NO;NO;145.06;158;145.06;145.06;1;UP
2025-02-13T23:45;2025-02-14T00:00;96;EUR;MWh;NO;NO;131.69;119.97;131.69;97;2;UP_AND_DOWN
2025-02-14T00:00;2025-02-14T00:15;1;EUR;MWh;NO;NO;200;103.57;200;-423.5;2;UP_AND_DOWN
2025-02-14T00:15;2025-02-14T00:30;2;EUR;MWh;NO;NO;185;;185;185;1;UP
2025-02-14T00:30;2025-02-14T00:45;3;EUR;MWh;NO;NO;157.57;;157.57;157.57;1;UP
2025-02-14T00:45;2025-02-14T01:00;4;EUR;MWh;NO;NO;157.57;119.81;119.81;119.81;-1;DOWN
2025-02-14T01:00;2025-02-14T01:15;5;EUR;MWh;NO;NO;200;140;200;200;1;UP
2025-02-14T01:15;2025-02-14T01:30;6;EUR;MWh;NO;NO;185;;185;185;1;UP
2025-02-14T01:30;2025-02-14T01:45;7;EUR;MWh;NO;NO;185;;185;185;1;UP
2025-02-14T01:45;2025-02-14T02:00;8;EUR;MWh;NO;NO;179;;179;179;1;UP
2025-02-14T02:00;2025-02-14T02:15;9;EUR;MWh;NO;NO;164.75;;164.75;164.75;1;UP
2025-02-14T02:15;2025-02-14T02:30;10;EUR;MWh;NO;NO;154.49;;154.49;154.49;1;UP
2025-02-14T02:30;2025-02-14T02:45;11;EUR;MWh;NO;NO;185;;185;185;1;UP
2025-02-14T02:45;2025-02-14T03:00;12;EUR;MWh;NO;NO;129.56;;129.56;129.56;1;UP
2025-02-14T03:00;2025-02-14T03:15;13;EUR;MWh;NO;NO;150.31;;150.31;150.31;1;UP
2025-02-14T03:15;2025-02-14T03:30;14;EUR;MWh;NO;NO;129.48;;129.48;129.48;1;UP
2025-02-14T03:30;2025-02-14T03:45;15;EUR;MWh;NO;NO;167.15;;167.15;167.15;1;UP
2025-02-14T03:45;2025-02-14T04:00;16;EUR;MWh;NO;NO;137.46;106.38;137.46;96.92;2;UP_AND_DOWN
2025-02-14T04:00;2025-02-14T04:15;17;EUR;MWh;NO;NO;150.31;;150.31;150.31;1;UP
2025-02-14T04:15;2025-02-14T04:30;18;EUR;MWh;NO;NO;121.6;103.57;121.6;96.92;2;UP_AND_DOWN
2025-02-14T04:30;2025-02-14T04:45;19;EUR;MWh;NO;NO;123.16;93.89;123.16;93.89;2;UP_AND_DOWN
2025-02-14T04:45;2025-02-14T05:00;20;EUR;MWh;NO;NO;129.3;93.89;129.3;93.89;2;UP_AND_DOWN
2025-02-14T05:00;2025-02-14T05:15;21;EUR;MWh;NO;NO;129;91.57;129;91.57;2;UP_AND_DOWN
2025-02-14T05:15;2025-02-14T05:30;22;EUR;MWh;NO;NO;148.49;;148.49;148.49;1;UP
2025-02-14T05:30;2025-02-14T05:45;23;EUR;MWh;NO;NO;198.5;;198.5;198.5;1;UP
2025-02-14T05:45;2025-02-14T06:00;24;EUR;MWh;NO;NO;198.5;95.23;198.5;95.23;2;UP_AND_DOWN
2025-02-14T06:00;2025-02-14T06:15;25;EUR;MWh;NO;NO;;81.23;81.23;81.23;-1;DOWN
2025-02-14T06:15;2025-02-14T06:30;26;EUR;MWh;NO;NO;200;101.38;200;95.26;2;UP_AND_DOWN
2025-02-14T06:30;2025-02-14T06:45;27;EUR;MWh;NO;NO;203.95;;203.95;203.95;1;UP
2025-02-14T06:45;2025-02-14T07:00;28;EUR;MWh;NO;NO;209.8;;209.8;209.8;1;UP
2025-02-14T07:00;2025-02-14T07:15;29;EUR;MWh;NO;NO;148.94;87.85;148.94;87.85;2;UP_AND_DOWN
2025-02-14T07:15;2025-02-14T07:30;30;EUR;MWh;NO;NO;128.2;104.57;128.2;94.14;2;UP_AND_DOWN
2025-02-14T07:30;2025-02-14T07:45;31;EUR;MWh;NO;NO;200;104.57;200;200;1;UP
2025-02-14T07:45;2025-02-14T08:00;32;EUR;MWh;NO;NO;200;;200;200;1;UP
2025-02-14T08:00;2025-02-14T08:15;33;EUR;MWh;NO;NO;214;;214;214;1;UP
2025-02-14T08:15;2025-02-14T08:30;34;EUR;MWh;NO;NO;214.14;;214.14;214.14;1;UP
2025-02-14T08:30;2025-02-14T08:45;35;EUR;MWh;NO;NO;221;;221;221;1;UP
2025-02-14T08:45;2025-02-14T09:00;36;EUR;MWh;NO;NO;201;;201;201;1;UP
2025-02-14T09:00;2025-02-14T09:15;37;EUR;MWh;NO;NO;151.56;;151.56;151.56;1;UP
2025-02-14T09:15;2025-02-14T09:30;38;EUR;MWh;NO;NO;119.9;;119.9;119.9;1;UP
2025-02-14T09:30;2025-02-14T09:45;39;EUR;MWh;NO;NO;119.9;105.87;105.87;105.87;-1;DOWN
2025-02-14T09:45;2025-02-14T10:00;40;EUR;MWh;NO;NO;;96.38;96.38;96.38;-1;DOWN
2025-02-14T10:00;2025-02-14T10:15;41;EUR;MWh;NO;NO;;100;100;100;-1;DOWN
2025-02-14T10:15;2025-02-14T10:30;42;EUR;MWh;NO;NO;;114.06;114.06;114.06;-1;DOWN
2025-02-14T10:30;2025-02-14T10:45;43;EUR;MWh;NO;NO;;93.85;93.85;93.85;-1;DOWN
2025-02-14T10:45;2025-02-14T11:00;44;EUR;MWh;NO;NO;;86.3;86.3;86.3;-1;DOWN
2025-02-14T11:00;2025-02-14T11:15;45;EUR;MWh;NO;NO;444;108.38;444;99.29;2;UP_AND_DOWN
2025-02-14T11:15;2025-02-14T11:30;46;EUR;MWh;NO;NO;185;;185;185;1;UP
2025-02-14T11:30;2025-02-14T11:45;47;EUR;MWh;NO;NO;126.57;122.57;126.57;99.29;2;UP_AND_DOWN
2025-02-14T11:45;2025-02-14T12:00;48;EUR;MWh;NO;NO;;90.57;90.57;90.57;-1;DOWN
2025-02-14T12:00;2025-02-14T12:15;49;EUR;MWh;NO;NO;114;106.38;114;100;2;UP_AND_DOWN
2025-02-14T12:15;2025-02-14T12:30;50;EUR;MWh;NO;NO;;106.92;106.92;106.92;-1;DOWN
2025-02-14T12:30;2025-02-14T12:45;51;EUR;MWh;NO;NO;119;106.25;119;99.29;2;UP_AND_DOWN
2025-02-14T12:45;2025-02-14T13:00;52;EUR;MWh;NO;NO;185;;185;185;1;UP
2025-02-14T13:00;2025-02-14T13:15;53;EUR;MWh;NO;NO;130.28;91.38;130.28;91.38;2;UP_AND_DOWN
2025-02-14T13:15;2025-02-14T13:30;54;EUR;MWh;NO;NO;185;91.38;185;185;1;UP
2025-02-14T13:30;2025-02-14T13:45;55;EUR;MWh;NO;NO;195;;195;195;1;UP
2025-02-14T13:45;2025-02-14T14:00;56;EUR;MWh;NO;NO;185;;185;185;1;UP
2025-02-14T14:00;2025-02-14T14:15;57;EUR;MWh;NO;NO;147.19;;147.19;147.19;1;UP
2025-02-14T14:15;2025-02-14T14:30;58;EUR;MWh;NO;NO;185;;185;185;1;UP
2025-02-14T14:30;2025-02-14T14:45;59;EUR;MWh;NO;NO;200;;200;200;1;UP
2025-02-14T14:45;2025-02-14T15:00;60;EUR;MWh;NO;NO;203.8;;203.8;203.8;1;UP
2025-02-14T15:00;2025-02-14T15:15;61;EUR;MWh;NO;NO;203.8;;203.8;203.8;1;UP
2025-02-14T15:15;2025-02-14T15:30;62;EUR;MWh;NO;NO;224;;224;224;1;UP
2025-02-14T15:30;2025-02-14T15:45;63;EUR;MWh;NO;NO;222.11;;222.11;222.11;1;UP
2025-02-14T15:45;2025-02-14T16:00;64;EUR;MWh;NO;NO;300;;300;300;1;UP
2025-02-14T16:00;2025-02-14T16:15;65;EUR;MWh;NO;NO;210.46;;210.46;210.46;1;UP
2025-02-14T16:15;2025-02-14T16:30;66;EUR;MWh;NO;NO;185;;185;185;1;UP
2025-02-14T16:30;2025-02-14T16:45;67;EUR;MWh;NO;NO;175.46;114.67;175.46;114.67;2;UP_AND_DOWN
2025-02-14T16:45;2025-02-14T17:00;68;EUR;MWh;NO;NO;144.54;96.04;144.54;96.04;2;UP_AND_DOWN
2025-02-14T17:00;2025-02-14T17:15;69;EUR;MWh;NO;NO;;83.8;83.8;83.8;-1;DOWN
2025-02-14T17:15;2025-02-14T17:30;70;EUR;MWh;NO;NO;145.26;102.04;145.26;102.04;2;UP_AND_DOWN
2025-02-14T17:30;2025-02-14T17:45;71;EUR;MWh;NO;NO;149.02;;149.02;149.02;1;UP
2025-02-14T17:45;2025-02-14T18:00;72;EUR;MWh;NO;NO;120.2;;120.2;120.2;1;UP
2025-02-14T18:00;2025-02-14T18:15;73;EUR;MWh;NO;NO;121;114.67;121;97;2;UP_AND_DOWN
2025-02-14T18:15;2025-02-14T18:30;74;EUR;MWh;NO;NO;;88;88;88;-1;DOWN
2025-02-14T18:30;2025-02-14T18:45;75;EUR;MWh;NO;NO;;88.54;88.54;88.54;-1;DOWN
2025-02-14T18:45;2025-02-14T19:00;76;EUR;MWh;NO;NO;;100;100;100;-1;DOWN
2025-02-14T19:00;2025-02-14T19:15;77;EUR;MWh;NO;NO;201.1;108.44;201.1;108.44;2;UP_AND_DOWN
2025-02-14T19:15;2025-02-14T19:30;78;EUR;MWh;NO;NO;74;102.48;96.33;96.33;2;UP_AND_DOWN
2025-02-14T19:30;2025-02-14T19:45;79;EUR;MWh;NO;NO;130.11;101.95;130.11;95.05;2;UP_AND_DOWN
2025-02-14T19:45;2025-02-14T20:00;80;EUR;MWh;NO;NO;;86.65;86.65;86.65;-1;DOWN
2025-02-14T20:00;2025-02-14T20:15;81;EUR;MWh;NO;NO;191;91.38;191;91.38;2;UP_AND_DOWN
2025-02-14T20:15;2025-02-14T20:30;82;EUR;MWh;NO;NO;129.8;;129.8;129.8;1;UP
2025-02-14T20:30;2025-02-14T20:45;83;EUR;MWh;NO;NO;74;106.38;93.29;93.29;2;UP_AND_DOWN
2025-02-14T20:45;2025-02-14T21:00;84;EUR;MWh;NO;NO;;102.56;102.56;102.56;-1;DOWN
2025-02-14T21:00;2025-02-14T21:15;85;EUR;MWh;NO;NO;212.12;108.38;212.12;92.78;2;UP_AND_DOWN
2025-02-14T21:15;2025-02-14T21:30;86;EUR;MWh;NO;NO;185;;185;185;1;UP
2025-02-14T21:30;2025-02-14T21:45;87;EUR;MWh;NO;NO;185;101.57;101.57;101.57;-1;DOWN
2025-02-14T21:45;2025-02-14T22:00;88;EUR;MWh;NO;NO;;100.85;100.85;100.85;-1;DOWN
2025-02-14T22:00;2025-02-14T22:15;89;EUR;MWh;NO;NO;141.83;;141.83;141.83;1;UP
2025-02-14T22:15;2025-02-14T22:30;90;EUR;MWh;NO;NO;125.75;;125.75;125.75;1;UP
2025-02-14T22:30;2025-02-14T22:45;91;EUR;MWh;NO;NO;173;;173;173;1;UP
2025-02-14T22:45;2025-02-14T23:00;92;EUR;MWh;NO;NO;173;99;99;99;-1;DOWN
2025-02-14T23:00;2025-02-14T23:15;93;EUR;MWh;NO;NO;;89.85;89.85;89.85;-1;DOWN
2025-02-14T23:15;2025-02-14T23:30;94;EUR;MWh;NO;NO;;90.69;90.69;90.69;-1;DOWN
2025-02-14T23:30;2025-02-14T23:45;95;EUR;MWh;NO;NO;;88.14;88.14;88.14;-1;DOWN
2025-02-14T23:45;2025-02-15T00:00;96;EUR;MWh;NO;NO;;98.95;98.95;98.95;-1;DOWN
2025-02-15T00:00;2025-02-15T00:15;1;EUR;MWh;NO;NO;116.53;92.39;125.04;92.39;2;UP_AND_DOWN
2025-02-15T00:15;2025-02-15T00:30;2;EUR;MWh;NO;NO;123.24;;123.24;123.24;1;UP
2025-02-15T00:30;2025-02-15T00:45;3;EUR;MWh;NO;NO;119.86;;119.86;119.86;1;UP
2025-02-15T00:45;2025-02-15T01:00;4;EUR;MWh;NO;NO;121.8;;121.8;121.8;1;UP
2025-02-15T01:00;2025-02-15T01:15;5;EUR;MWh;NO;NO;127.15;116.62;127.15;108.31;2;UP_AND_DOWN
2025-02-15T01:15;2025-02-15T01:30;6;EUR;MWh;NO;NO;119.97;116.62;119.97;110.85;2;UP_AND_DOWN
2025-02-15T01:30;2025-02-15T01:45;7;EUR;MWh;NO;NO;143.83;;143.83;143.83;1;UP
2025-02-15T01:45;2025-02-15T02:00;8;EUR;MWh;NO;NO;143.83;108.35;108.35;108.35;-1;DOWN
2025-02-15T02:00;2025-02-15T02:15;9;EUR;MWh;NO;NO;168.83;106.57;168.83;87.79;2;UP_AND_DOWN
2025-02-15T02:15;2025-02-15T02:30;10;EUR;MWh;NO;NO;168.83;98.15;98.15;98.15;-1;DOWN
2025-02-15T02:30;2025-02-15T02:45;11;EUR;MWh;NO;NO;;100;100;100;-1;DOWN
2025-02-15T02:45;2025-02-15T03:00;12;EUR;MWh;NO;NO;;101.15;101.15;101.15;-1;DOWN
2025-02-15T03:00;2025-02-15T03:15;13;EUR;MWh;NO;NO;133.83;105.03;133.83;88.8;2;UP_AND_DOWN
2025-02-15T03:15;2025-02-15T03:30;14;EUR;MWh;NO;NO;69;;69;69;1;UP
2025-02-15T03:30;2025-02-15T03:45;15;EUR;MWh;NO;NO;105.07;;105.07;105.07;1;UP
2025-02-15T03:45;2025-02-15T04:00;16;EUR;MWh;NO;NO;111.15;;111.15;111.15;1;UP
2025-02-15T04:00;2025-02-15T04:15;17;EUR;MWh;NO;NO;126.57;;126.57;126.57;1;UP
2025-02-15T04:15;2025-02-15T04:30;18;EUR;MWh;NO;NO;130.46;;130.46;130.46;1;UP
2025-02-15T04:30;2025-02-15T04:45;19;EUR;MWh;NO;NO;130.46;113.62;113.62;113.62;-1;DOWN
2025-02-15T04:45;2025-02-15T05:00;20;EUR;MWh;NO;NO;128.75;;128.75;128.75;1;UP
2025-02-15T05:00;2025-02-15T05:15;21;EUR;MWh;NO;NO;130.46;;130.46;130.46;1;UP
2025-02-15T05:15;2025-02-15T05:30;22;EUR;MWh;NO;NO;135.07;;135.07;135.07;1;UP
2025-02-15T05:30;2025-02-15T05:45;23;EUR;MWh;NO;NO;140;;140;140;1;UP
2025-02-15T05:45;2025-02-15T06:00;24;EUR;MWh;NO;NO;130.46;;130.46;130.46;1;UP
2025-02-15T06:00;2025-02-15T06:15;25;EUR;MWh;NO;NO;;;90.48;90.48;0;STABLE
2025-02-15T06:15;2025-02-15T06:30;26;EUR;MWh;NO;NO;;;90.49;90.49;0;STABLE
2025-02-15T06:30;2025-02-15T06:45;27;EUR;MWh;NO;NO;109.94;;109.94;109.94;1;UP
2025-02-15T06:45;2025-02-15T07:00;28;EUR;MWh;NO;NO;117.64;100.7;100.7;100.7;-1;DOWN
2025-02-15T07:00;2025-02-15T07:15;29;EUR;MWh;NO;NO;;100;100;100;-1;DOWN
2025-02-15T07:15;2025-02-15T07:30;30;EUR;MWh;NO;NO;;104.27;104.27;104.27;-1;DOWN
2025-02-15T07:30;2025-02-15T07:45;31;EUR;MWh;NO;NO;120.83;114.21;120.83;93.22;2;UP_AND_DOWN
2025-02-15T07:45;2025-02-15T08:00;32;EUR;MWh;NO;NO;130.07;;130.07;130.07;1;UP
2025-02-15T08:00;2025-02-15T08:15;33;EUR;MWh;NO;NO;120.83;;120.83;120.83;1;UP
2025-02-15T08:15;2025-02-15T08:30;34;EUR;MWh;NO;NO;125.75;;125.75;125.75;1;UP
2025-02-15T08:30;2025-02-15T08:45;35;EUR;MWh;NO;NO;133.83;;133.83;133.83;1;UP
2025-02-15T08:45;2025-02-15T09:00;36;EUR;MWh;NO;NO;148.75;;148.75;148.75;1;UP
2025-02-15T09:00;2025-02-15T09:15;37;EUR;MWh;NO;NO;200;;200;200;1;UP
2025-02-15T09:15;2025-02-15T09:30;38;EUR;MWh;NO;NO;173.75;;173.75;173.75;1;UP
2025-02-15T09:30;2025-02-15T09:45;39;EUR;MWh;NO;NO;176.6;;176.6;176.6;1;UP
2025-02-15T09:45;2025-02-15T10:00;40;EUR;MWh;NO;NO;143.83;112.43;112.43;112.43;-1;DOWN
2025-02-15T10:00;2025-02-15T10:15;41;EUR;MWh;NO;NO;222.59;112.43;222.59;222.59;1;UP
2025-02-15T10:15;2025-02-15T10:30;42;EUR;MWh;NO;NO;169.3;;169.3;169.3;1;UP
2025-02-15T10:30;2025-02-15T10:45;43;EUR;MWh;NO;NO;123.64;;123.64;123.64;1;UP
2025-02-15T10:45;2025-02-15T11:00;44;EUR;MWh;NO;NO;123.64;103.57;103.57;103.57;-1;DOWN
2025-02-15T11:00;2025-02-15T11:15;45;EUR;MWh;NO;NO;;114.37;114.37;114.37;-1;DOWN
2025-02-15T11:15;2025-02-15T11:30;46;EUR;MWh;NO;NO;;121.57;121.57;121.57;-1;DOWN
2025-02-15T11:30;2025-02-15T11:45;47;EUR;MWh;NO;NO;163.57;121.57;163.57;163.57;1;UP
2025-02-15T11:45;2025-02-15T12:00;48;EUR;MWh;NO;NO;138.75;;138.75;138.75;1;UP
2025-02-15T12:00;2025-02-15T12:15;49;EUR;MWh;NO;NO;150.07;;150.07;150.07;1;UP
2025-02-15T12:15;2025-02-15T12:30;50;EUR;MWh;NO;NO;201.57;;201.57;201.57;1;UP
2025-02-15T12:30;2025-02-15T12:45;51;EUR;MWh;NO;NO;198.8;;198.8;198.8;1;UP
2025-02-15T12:45;2025-02-15T13:00;52;EUR;MWh;NO;NO;190;;190;190;1;UP
2025-02-15T13:00;2025-02-15T13:15;53;EUR;MWh;NO;NO;168.83;;168.83;168.83;1;UP
2025-02-15T13:15;2025-02-15T13:30;54;EUR;MWh;NO;NO;212.46;;212.46;212.46;1;UP
2025-02-15T13:30;2025-02-15T13:45;55;EUR;MWh;NO;NO;185;;185;185;1;UP
2025-02-15T13:45;2025-02-15T14:00;56;EUR;MWh;NO;NO;165.01;112;165.01;165.01;1;UP
2025-02-15T14:00;2025-02-15T14:15;57;EUR;MWh;NO;NO;165.01;99;99;99;-1;DOWN
2025-02-15T14:15;2025-02-15T14:30;58;EUR;MWh;NO;NO;;113.68;113.68;113.68;-1;DOWN
2025-02-15T14:30;2025-02-15T14:45;59;EUR;MWh;NO;NO;120.17;;120.17;120.17;1;UP
2025-02-15T14:45;2025-02-15T15:00;60;EUR;MWh;NO;NO;123.83;;123.83;123.83;1;UP
2025-02-15T15:00;2025-02-15T15:15;61;EUR;MWh;NO;NO;143.83;;143.83;143.83;1;UP
2025-02-15T15:15;2025-02-15T15:30;62;EUR;MWh;NO;NO;150.07;;150.07;150.07;1;UP
2025-02-15T15:30;2025-02-15T15:45;63;EUR;MWh;NO;NO;185;;185;185;1;UP
2025-02-15T15:45;2025-02-15T16:00;64;EUR;MWh;NO;NO;198.75;;198.75;198.75;1;UP
2025-02-15T16:00;2025-02-15T16:15;65;EUR;MWh;NO;NO;200;;200;200;1;UP
2025-02-15T16:15;2025-02-15T16:30;66;EUR;MWh;NO;NO;199.6;;199.6;199.6;1;UP
2025-02-15T16:30;2025-02-15T16:45;67;EUR;MWh;NO;NO;206;;206;206;1;UP
2025-02-15T16:45;2025-02-15T17:00;68;EUR;MWh;NO;NO;234.51;;234.51;234.51;1;UP
2025-02-15T17:00;2025-02-15T17:15;69;EUR;MWh;NO;NO;123.83;78.1;123.83;78.1;2;UP_AND_DOWN
2025-02-15T17:15;2025-02-15T17:30;70;EUR;MWh;NO;NO;;111.48;111.48;111.48;-1;DOWN
2025-02-15T17:30;2025-02-15T17:45;71;EUR;MWh;NO;NO;;107.36;107.36;107.36;-1;DOWN
2025-02-15T17:45;2025-02-15T18:00;72;EUR;MWh;NO;NO;;95.7;95.7;95.7;-1;DOWN
2025-02-15T18:00;2025-02-15T18:15;73;EUR;MWh;NO;NO;;100.57;100.57;100.57;-1;DOWN
2025-02-15T18:15;2025-02-15T18:30;74;EUR;MWh;NO;NO;;105.14;105.14;105.14;-1;DOWN
2025-02-15T18:30;2025-02-15T18:45;75;EUR;MWh;NO;NO;;97.64;97.64;97.64;-1;DOWN
2025-02-15T18:45;2025-02-15T19:00;76;EUR;MWh;NO;NO;;90.7;90.7;90.7;-1;DOWN
2025-02-15T19:00;2025-02-15T19:15;77;EUR;MWh;NO;NO;198.3;104.57;198.3;101.9;2;UP_AND_DOWN
2025-02-15T19:15;2025-02-15T19:30;78;EUR;MWh;NO;NO;148.91;;148.91;148.91;1;UP
2025-02-15T19:30;2025-02-15T19:45;79;EUR;MWh;NO;NO;120.04;88.84;88.84;88.84;-1;DOWN
2025-02-15T19:45;2025-02-15T20:00;80;EUR;MWh;NO;NO;136.14;86.46;136.14;136.14;1;UP
2025-02-15T20:00;2025-02-15T20:15;81;EUR;MWh;NO;NO;137.46;;137.46;137.46;1;UP
2025-02-15T20:15;2025-02-15T20:30;82;EUR;MWh;NO;NO;170.2;;170.2;170.2;1;UP
2025-02-15T20:30;2025-02-15T20:45;83;EUR;MWh;NO;NO;116.59;112.43;116.59;116.59;1;UP
2025-02-15T20:45;2025-02-15T21:00;84;EUR;MWh;NO;NO;168.83;112.42;168.83;90.71;2;UP_AND_DOWN
2025-02-15T21:00;2025-02-15T21:15;85;EUR;MWh;NO;NO;69;108.39;88.7;88.7;2;UP_AND_DOWN
2025-02-15T21:15;2025-02-15T21:30;86;EUR;MWh;NO;NO;168.83;;168.83;168.83;1;UP
2025-02-15T21:30;2025-02-15T21:45;87;EUR;MWh;NO;NO;115.07;104.57;115.07;90.31;2;UP_AND_DOWN
2025-02-15T21:45;2025-02-15T22:00;88;EUR;MWh;NO;NO;;86.46;86.46;86.46;-1;DOWN
2025-02-15T22:00;2025-02-15T22:15;89;EUR;MWh;NO;NO;170.7;88.28;170.7;87.35;2;UP_AND_DOWN
2025-02-15T22:15;2025-02-15T22:30;90;EUR;MWh;NO;NO;170.7;90.89;90.89;90.89;-1;DOWN
2025-02-15T22:30;2025-02-15T22:45;91;EUR;MWh;NO;NO;112.37;99;112.37;90.67;2;UP_AND_DOWN
2025-02-15T22:45;2025-02-15T23:00;92;EUR;MWh;NO;NO;112.21;97.64;112.21;87.35;2;UP_AND_DOWN
2025-02-15T23:00;2025-02-15T23:15;93;EUR;MWh;NO;NO;125.07;100;125.07;87.35;2;UP_AND_DOWN
2025-02-15T23:15;2025-02-15T23:30;94;EUR;MWh;NO;NO;;78.05;78.05;78.05;-1;DOWN
2025-02-15T23:30;2025-02-15T23:45;95;EUR;MWh;NO;NO;130.27;86.46;130.27;86.46;2;UP_AND_DOWN
2025-02-15T23:45;2025-02-16T00:00;96;EUR;MWh;NO;NO;123.07;86.46;123.07;86.46;2;UP_AND_DOWN
2025-02-16T00:00;2025-02-16T00:15;1;EUR;MWh;NO;NO;;82.84;82.84;82.84;-1;DOWN
2025-02-16T00:15;2025-02-16T00:30;2;EUR;MWh;NO;NO;120.57;77.5;120.57;77.5;2;UP_AND_DOWN
2025-02-16T00:30;2025-02-16T00:45;3;EUR;MWh;NO;NO;110.74;77.5;110.74;77.5;2;UP_AND_DOWN
2025-02-16T00:45;2025-02-16T01:00;4;EUR;MWh;NO;NO;115.07;91.59;115.07;91.59;2;UP_AND_DOWN
2025-02-16T01:00;2025-02-16T01:15;5;EUR;MWh;NO;NO;149.57;117.13;149.57;111.1;2;UP_AND_DOWN
2025-02-16T01:15;2025-02-16T01:30;6;EUR;MWh;NO;NO;149.57;;149.57;149.57;1;UP
2025-02-16T01:30;2025-02-16T01:45;7;EUR;MWh;NO;NO;;112.04;112.04;112.04;-1;DOWN
2025-02-16T01:45;2025-02-16T02:00;8;EUR;MWh;NO;NO;150.07;110.57;150.07;108.32;2;UP_AND_DOWN
2025-02-16T02:00;2025-02-16T02:15;9;EUR;MWh;NO;NO;145.57;;145.57;145.57;1;UP
2025-02-16T02:15;2025-02-16T02:30;10;EUR;MWh;NO;NO;183.5;;183.5;183.5;1;UP
2025-02-16T02:30;2025-02-16T02:45;11;EUR;MWh;NO;NO;176.88;;176.88;176.88;1;UP
2025-02-16T02:45;2025-02-16T03:00;12;EUR;MWh;NO;NO;145.57;;145.57;145.57;1;UP
2025-02-16T03:00;2025-02-16T03:15;13;EUR;MWh;NO;NO;181;;181;181;1;UP
2025-02-16T03:15;2025-02-16T03:30;14;EUR;MWh;NO;NO;143.57;;143.57;143.57;1;UP
2025-02-16T03:30;2025-02-16T03:45;15;EUR;MWh;NO;NO;149.57;114.96;149.57;149.57;1;UP
2025-02-16T03:45;2025-02-16T04:00;16;EUR;MWh;NO;NO;115.07;109.57;115.07;89.79;2;UP_AND_DOWN
2025-02-16T04:00;2025-02-16T04:15;17;EUR;MWh;NO;NO;139.57;;139.57;139.57;1;UP
2025-02-16T04:15;2025-02-16T04:30;18;EUR;MWh;NO;NO;134.57;;134.57;134.57;1;UP
2025-02-16T04:30;2025-02-16T04:45;19;EUR;MWh;NO;NO;134.57;;134.57;134.57;1;UP
2025-02-16T04:45;2025-02-16T05:00;20;EUR;MWh;NO;NO;134.57;100;100;100;-1;DOWN
2025-02-16T05:00;2025-02-16T05:15;21;EUR;MWh;NO;NO;;93.28;93.28;93.28;-1;DOWN
2025-02-16T05:15;2025-02-16T05:30;22;EUR;MWh;NO;NO;;103.75;103.75;103.75;-1;DOWN
2025-02-16T05:30;2025-02-16T05:45;23;EUR;MWh;NO;NO;;103.92;103.92;103.92;-1;DOWN
2025-02-16T05:45;2025-02-16T06:00;24;EUR;MWh;NO;NO;;86.22;86.22;86.22;-1;DOWN
2025-02-16T06:00;2025-02-16T06:15;25;EUR;MWh;NO;NO;;68;68;68;-1;DOWN
2025-02-16T06:15;2025-02-16T06:30;26;EUR;MWh;NO;NO;;110.57;110.57;110.57;-1;DOWN
2025-02-16T06:30;2025-02-16T06:45;27;EUR;MWh;NO;NO;;109.57;109.57;109.57;-1;DOWN
2025-02-16T06:45;2025-02-16T07:00;28;EUR;MWh;NO;NO;118.91;100.3;118.91;100.3;2;UP_AND_DOWN
2025-02-16T07:00;2025-02-16T07:15;29;EUR;MWh;NO;NO;105.07;68;105.07;68;2;UP_AND_DOWN
2025-02-16T07:15;2025-02-16T07:30;30;EUR;MWh;NO;NO;;87.95;87.95;87.95;-1;DOWN
2025-02-16T07:30;2025-02-16T07:45;31;EUR;MWh;NO;NO;;88.67;88.67;88.67;-1;DOWN
2025-02-16T07:45;2025-02-16T08:00;32;EUR;MWh;NO;NO;;100;100;100;-1;DOWN
2025-02-16T08:00;2025-02-16T08:15;33;EUR;MWh;NO;NO;;68;68;68;-1;DOWN
2025-02-16T08:15;2025-02-16T08:30;34;EUR;MWh;NO;NO;;73.8;73.8;73.8;-1;DOWN
2025-02-16T08:30;2025-02-16T08:45;35;EUR;MWh;NO;NO;;73.8;73.8;73.8;-1;DOWN
2025-02-16T08:45;2025-02-16T09:00;36;EUR;MWh;NO;NO;;70.41;70.41;70.41;-1;DOWN
2025-02-16T09:00;2025-02-16T09:15;37;EUR;MWh;NO;NO;;68;68;68;-1;DOWN
2025-02-16T09:15;2025-02-16T09:30;38;EUR;MWh;NO;NO;;60.41;60.41;60.41;-1;DOWN
2025-02-16T09:30;2025-02-16T09:45;39;EUR;MWh;NO;NO;;53.22;53.22;53.22;-1;DOWN
2025-02-16T09:45;2025-02-16T10:00;40;EUR;MWh;NO;NO;;22.2;22.2;22.2;-1;DOWN
2025-02-16T10:00;2025-02-16T10:15;41;EUR;MWh;NO;NO;;51.57;51.57;51.57;-1;DOWN
2025-02-16T10:15;2025-02-16T10:30;42;EUR;MWh;NO;NO;;82.23;82.23;82.23;-1;DOWN
2025-02-16T10:30;2025-02-16T10:45;43;EUR;MWh;NO;NO;;74.2;74.2;74.2;-1;DOWN
2025-02-16T10:45;2025-02-16T11:00;44;EUR;MWh;NO;NO;;60.41;60.41;60.41;-1;DOWN
2025-02-16T11:00;2025-02-16T11:15;45;EUR;MWh;NO;NO;;21.65;21.65;21.65;-1;DOWN
2025-02-16T11:15;2025-02-16T11:30;46;EUR;MWh;NO;NO;;41.57;41.57;41.57;-1;DOWN
2025-02-16T11:30;2025-02-16T11:45;47;EUR;MWh;NO;NO;;3.57;3.57;3.57;-1;DOWN
2025-02-16T11:45;2025-02-16T12:00;48;EUR;MWh;NO;NO;;.57;.57;.57;-1;DOWN
2025-02-16T12:00;2025-02-16T12:15;49;EUR;MWh;NO;NO;;10;10;10;-1;DOWN
2025-02-16T12:15;2025-02-16T12:30;50;EUR;MWh;NO;NO;;-99.4;-99.4;-99.4;-1;DOWN
2025-02-16T12:30;2025-02-16T12:45;51;EUR;MWh;NO;NO;;-98.4;-98.4;-98.4;-1;DOWN
2025-02-16T12:45;2025-02-16T13:00;52;EUR;MWh;NO;NO;112.01;-98.4;112.01;112.01;1;UP
2025-02-16T13:00;2025-02-16T13:15;53;EUR;MWh;NO;NO;110.03;-180.89;-180.89;-180.89;-1;DOWN
2025-02-16T13:15;2025-02-16T13:30;54;EUR;MWh;NO;NO;;-98.8;-98.8;-98.8;-1;DOWN
2025-02-16T13:30;2025-02-16T13:45;55;EUR;MWh;NO;NO;;32.57;32.57;32.57;-1;DOWN
2025-02-16T13:45;2025-02-16T14:00;56;EUR;MWh;NO;NO;115.49;-106.19;115.49;-106.19;2;UP_AND_DOWN
2025-02-16T14:00;2025-02-16T14:15;57;EUR;MWh;NO;NO;127.85;-50;-50;-50;-1;DOWN
2025-02-16T14:15;2025-02-16T14:30;58;EUR;MWh;NO;NO;128.69;-59.6;128.69;-59.6;2;UP_AND_DOWN
2025-02-16T14:30;2025-02-16T14:45;59;EUR;MWh;NO;NO;110.03;100.41;110.03;96.29;2;UP_AND_DOWN
2025-02-16T14:45;2025-02-16T15:00;60;EUR;MWh;NO;NO;;68;68;68;-1;DOWN
2025-02-16T15:00;2025-02-16T15:15;61;EUR;MWh;NO;NO;;-50;-50;-50;-1;DOWN
2025-02-16T15:15;2025-02-16T15:30;62;EUR;MWh;NO;NO;;76.3;76.3;76.3;-1;DOWN
2025-02-16T15:30;2025-02-16T15:45;63;EUR;MWh;NO;NO;110.03;82.33;110.03;82.33;2;UP_AND_DOWN
2025-02-16T15:45;2025-02-16T16:00;64;EUR;MWh;NO;NO;124.23;;124.23;124.23;1;UP
2025-02-16T16:00;2025-02-16T16:15;65;EUR;MWh;NO;NO;118.23;32.57;118.23;32.57;2;UP_AND_DOWN
2025-02-16T16:15;2025-02-16T16:30;66;EUR;MWh;NO;NO;150;82.99;150;82.99;2;UP_AND_DOWN
2025-02-16T16:30;2025-02-16T16:45;67;EUR;MWh;NO;NO;150;100.66;150;96.29;2;UP_AND_DOWN
2025-02-16T16:45;2025-02-16T17:00;68;EUR;MWh;NO;NO;183.2;;183.2;183.2;1;UP
2025-02-16T17:00;2025-02-16T17:15;69;EUR;MWh;NO;NO;75.07;-84.81;96.29;-84.81;2;UP_AND_DOWN
2025-02-16T17:15;2025-02-16T17:30;70;EUR;MWh;NO;NO;151.57;107.31;151.57;96.29;2;UP_AND_DOWN
2025-02-16T17:30;2025-02-16T17:45;71;EUR;MWh;NO;NO;183.4;;183.4;183.4;1;UP
2025-02-16T17:45;2025-02-16T18:00;72;EUR;MWh;NO;NO;200;;200;200;1;UP
2025-02-16T18:00;2025-02-16T18:15;73;EUR;MWh;NO;NO;177;;177;177;1;UP
2025-02-16T18:15;2025-02-16T18:30;74;EUR;MWh;NO;NO;183;;183;183;1;UP
2025-02-16T18:30;2025-02-16T18:45;75;EUR;MWh;NO;NO;145.57;;145.57;145.57;1;UP
2025-02-16T18:45;2025-02-16T19:00;76;EUR;MWh;NO;NO;105.07;;105.07;105.07;1;UP
2025-02-16T19:00;2025-02-16T19:15;77;EUR;MWh;NO;NO;200.9;;200.9;200.9;1;UP
2025-02-16T19:15;2025-02-16T19:30;78;EUR;MWh;NO;NO;159.57;;159.57;159.57;1;UP
2025-02-16T19:30;2025-02-16T19:45;79;EUR;MWh;NO;NO;150;91;91;91;-1;DOWN
2025-02-16T19:45;2025-02-16T20:00;80;EUR;MWh;NO;NO;;87.21;87.21;87.21;-1;DOWN
2025-02-16T20:00;2025-02-16T20:15;81;EUR;MWh;NO;NO;;86.65;86.65;86.65;-1;DOWN
2025-02-16T20:15;2025-02-16T20:30;82;EUR;MWh;NO;NO;;109.43;109.43;109.43;-1;DOWN
2025-02-16T20:30;2025-02-16T20:45;83;EUR;MWh;NO;NO;;107.67;107.67;107.67;-1;DOWN
2025-02-16T20:45;2025-02-16T21:00;84;EUR;MWh;NO;NO;;102.31;102.31;102.31;-1;DOWN
2025-02-16T21:00;2025-02-16T21:15;85;EUR;MWh;NO;NO;182;;182;182;1;UP
2025-02-16T21:15;2025-02-16T21:30;86;EUR;MWh;NO;NO;136.31;122.57;136.31;96.29;2;UP_AND_DOWN
2025-02-16T21:30;2025-02-16T21:45;87;EUR;MWh;NO;NO;191.03;122.57;191.03;96.29;2;UP_AND_DOWN
2025-02-16T21:45;2025-02-16T22:00;88;EUR;MWh;NO;NO;150;;150;150;1;UP
2025-02-16T22:00;2025-02-16T22:15;89;EUR;MWh;NO;NO;150.07;;150.07;150.07;1;UP
2025-02-16T22:15;2025-02-16T22:30;90;EUR;MWh;NO;NO;145.57;;145.57;145.57;1;UP
2025-02-16T22:30;2025-02-16T22:45;91;EUR;MWh;NO;NO;181.9;;181.9;181.9;1;UP
2025-02-16T22:45;2025-02-16T23:00;92;EUR;MWh;NO;NO;150.07;;150.07;150.07;1;UP
2025-02-16T23:00;2025-02-16T23:15;93;EUR;MWh;NO;NO;150;;150;150;1;UP
2025-02-16T23:15;2025-02-16T23:30;94;EUR;MWh;NO;NO;150;109.53;109.53;109.53;-1;DOWN
2025-02-16T23:30;2025-02-16T23:45;95;EUR;MWh;NO;NO;85.07;121.57;96.29;96.29;2;UP_AND_DOWN
2025-02-16T23:45;2025-02-17T00:00;96;EUR;MWh;NO;NO;150.07;124.57;150.07;150.07;1;UP
2025-02-17T00:00;2025-02-17T00:15;1;EUR;MWh;NO;NO;150.07;86.65;86.65;86.65;-1;DOWN
2025-02-17T00:15;2025-02-17T00:30;2;EUR;MWh;NO;NO;;90;90;90;-1;DOWN
2025-02-17T00:30;2025-02-17T00:45;3;EUR;MWh;NO;NO;109.88;88;109.88;88;2;UP_AND_DOWN
2025-02-17T00:45;2025-02-17T01:00;4;EUR;MWh;NO;NO;133.01;;133.01;133.01;1;UP
2025-02-17T01:00;2025-02-17T01:15;5;EUR;MWh;NO;NO;150;;150;150;1;UP
2025-02-17T01:15;2025-02-17T01:30;6;EUR;MWh;NO;NO;141.06;;141.06;141.06;1;UP
2025-02-17T01:30;2025-02-17T01:45;7;EUR;MWh;NO;NO;125.36;;125.36;125.36;1;UP
2025-02-17T01:45;2025-02-17T02:00;8;EUR;MWh;NO;NO;123.36;;123.36;123.36;1;UP
2025-02-17T02:00;2025-02-17T02:15;9;EUR;MWh;NO;NO;150;;150;150;1;UP
2025-02-17T02:15;2025-02-17T02:30;10;EUR;MWh;NO;NO;123.36;109.53;123.36;91.29;2;UP_AND_DOWN
2025-02-17T02:30;2025-02-17T02:45;11;EUR;MWh;NO;NO;68;113.57;91.29;91.29;2;UP_AND_DOWN
2025-02-17T02:45;2025-02-17T03:00;12;EUR;MWh;NO;NO;;;91.29;91.29;0;STABLE
2025-02-17T03:00;2025-02-17T03:15;13;EUR;MWh;NO;NO;121.34;;121.34;121.34;1;UP
2025-02-17T03:15;2025-02-17T03:30;14;EUR;MWh;NO;NO;121.34;101.67;101.67;101.67;-1;DOWN
2025-02-17T03:30;2025-02-17T03:45;15;EUR;MWh;NO;NO;;109.53;109.53;109.53;-1;DOWN
2025-02-17T03:45;2025-02-17T04:00;16;EUR;MWh;NO;NO;139.5;;139.5;139.5;1;UP
2025-02-17T04:00;2025-02-17T04:15;17;EUR;MWh;NO;NO;143.56;;143.56;143.56;1;UP
2025-02-17T04:15;2025-02-17T04:30;18;EUR;MWh;NO;NO;131.36;;131.36;131.36;1;UP
2025-02-17T04:30;2025-02-17T04:45;19;EUR;MWh;NO;NO;175;;175;175;1;UP
2025-02-17T04:45;2025-02-17T05:00;20;EUR;MWh;NO;NO;183.2;;183.2;183.2;1;UP
2025-02-17T05:00;2025-02-17T05:15;21;EUR;MWh;NO;NO;183.2;;183.2;183.2;1;UP
2025-02-17T05:15;2025-02-17T05:30;22;EUR;MWh;NO;NO;150;;150;150;1;UP
2025-02-17T05:30;2025-02-17T05:45;23;EUR;MWh;NO;NO;123.36;;123.36;123.36;1;UP
2025-02-17T05:45;2025-02-17T06:00;24;EUR;MWh;NO;NO;111.23;103.91;103.91;103.91;-1;DOWN
2025-02-17T06:00;2025-02-17T06:15;25;EUR;MWh;NO;NO;200;90;200;90;2;UP_AND_DOWN
2025-02-17T06:15;2025-02-17T06:30;26;EUR;MWh;NO;NO;200;;200;200;1;UP
2025-02-17T06:30;2025-02-17T06:45;27;EUR;MWh;NO;NO;221.36;;221.36;221.36;1;UP
2025-02-17T06:45;2025-02-17T07:00;28;EUR;MWh;NO;NO;300;;300;300;1;UP
2025-02-17T07:00;2025-02-17T07:15;29;EUR;MWh;NO;NO;224.74;;224.74;224.74;1;UP
2025-02-17T07:15;2025-02-17T07:30;30;EUR;MWh;NO;NO;266.59;;266.59;266.59;1;UP
2025-02-17T07:30;2025-02-17T07:45;31;EUR;MWh;NO;NO;253.94;;253.94;253.94;1;UP
2025-02-17T07:45;2025-02-17T08:00;32;EUR;MWh;NO;NO;374.74;;374.74;374.74;1;UP
2025-02-17T08:00;2025-02-17T08:15;33;EUR;MWh;NO;NO;181.36;;181.36;181.36;1;UP
2025-02-17T08:15;2025-02-17T08:30;34;EUR;MWh;NO;NO;140.34;;140.34;140.34;1;UP
2025-02-17T08:30;2025-02-17T08:45;35;EUR;MWh;NO;NO;127.36;190;127.36;127.36;1;UP
2025-02-17T08:45;2025-02-17T09:00;36;EUR;MWh;NO;NO;;45;45;45;-1;DOWN
2025-02-17T09:00;2025-02-17T09:15;37;EUR;MWh;NO;NO;121.3;35;35;35;-1;DOWN
2025-02-17T09:15;2025-02-17T09:30;38;EUR;MWh;NO;NO;131.36;94.34;137.54;94.34;2;UP_AND_DOWN
2025-02-17T09:30;2025-02-17T09:45;39;EUR;MWh;NO;NO;;88.33;88.33;88.33;-1;DOWN
2025-02-17T09:45;2025-02-17T10:00;40;EUR;MWh;NO;NO;;90.1;90.1;90.1;-1;DOWN
2025-02-17T10:00;2025-02-17T10:15;41;EUR;MWh;NO;NO;221.36;90.1;221.36;90.1;2;UP_AND_DOWN
2025-02-17T10:15;2025-02-17T10:30;42;EUR;MWh;NO;NO;150;;150;150;1;UP
2025-02-17T10:30;2025-02-17T10:45;43;EUR;MWh;NO;NO;176.4;;176.4;176.4;1;UP
2025-02-17T10:45;2025-02-17T11:00;44;EUR;MWh;NO;NO;116.25;86.65;86.65;86.65;-1;DOWN
2025-02-17T11:00;2025-02-17T11:15;45;EUR;MWh;NO;NO;;30.57;30.57;30.57;-1;DOWN
2025-02-17T11:15;2025-02-17T11:30;46;EUR;MWh;NO;NO;137;86.65;137;86.65;2;UP_AND_DOWN
2025-02-17T11:30;2025-02-17T11:45;47;EUR;MWh;NO;NO;139;75.57;139;75.57;2;UP_AND_DOWN
2025-02-17T11:45;2025-02-17T12:00;48;EUR;MWh;NO;NO;;68;68;68;-1;DOWN
2025-02-17T12:00;2025-02-17T12:15;49;EUR;MWh;NO;NO;;52.57;52.57;52.57;-1;DOWN
2025-02-17T12:15;2025-02-17T12:30;50;EUR;MWh;NO;NO;;;0;0;-1;DOWN
2025-02-17T12:30;2025-02-17T12:45;51;EUR;MWh;NO;NO;;44;44;44;-1;DOWN
2025-02-17T12:45;2025-02-17T13:00;52;EUR;MWh;NO;NO;;35;35;35;-1;DOWN
2025-02-17T13:00;2025-02-17T13:15;53;EUR;MWh;NO;NO;;86.34;86.34;86.34;-1;DOWN
2025-02-17T13:15;2025-02-17T13:30;54;EUR;MWh;NO;NO;;71.65;71.65;71.65;-1;DOWN
2025-02-17T13:30;2025-02-17T13:45;55;EUR;MWh;NO;NO;;48;48;48;-1;DOWN
2025-02-17T13:45;2025-02-17T14:00;56;EUR;MWh;NO;NO;;71.65;71.65;71.65;-1;DOWN
2025-02-17T14:00;2025-02-17T14:15;57;EUR;MWh;NO;NO;;-30;-30;-30;-1;DOWN
2025-02-17T14:15;2025-02-17T14:30;58;EUR;MWh;NO;NO;119.65;95.52;119.65;95.52;2;UP_AND_DOWN
2025-02-17T14:30;2025-02-17T14:45;59;EUR;MWh;NO;NO;123.37;;123.37;123.37;1;UP
2025-02-17T14:45;2025-02-17T15:00;60;EUR;MWh;NO;NO;140.8;;140.8;140.8;1;UP
2025-02-17T15:00;2025-02-17T15:15;61;EUR;MWh;NO;NO;115.07;44;115.07;44;2;UP_AND_DOWN
2025-02-17T15:15;2025-02-17T15:30;62;EUR;MWh;NO;NO;129.36;73.57;129.36;73.57;2;UP_AND_DOWN
2025-02-17T15:30;2025-02-17T15:45;63;EUR;MWh;NO;NO;;27.57;27.57;27.57;-1;DOWN
2025-02-17T15:45;2025-02-17T16:00;64;EUR;MWh;NO;NO;;75.57;75.57;75.57;-1;DOWN
2025-02-17T16:00;2025-02-17T16:15;65;EUR;MWh;NO;NO;;-30;-30;-30;-1;DOWN
2025-02-17T16:15;2025-02-17T16:30;66;EUR;MWh;NO;NO;151.36;6.57;151.36;151.36;1;UP
2025-02-17T16:30;2025-02-17T16:45;67;EUR;MWh;NO;NO;200;;200;200;1;UP
2025-02-17T16:45;2025-02-17T17:00;68;EUR;MWh;NO;NO;200;;200;200;1;UP
2025-02-17T17:00;2025-02-17T17:15;69;EUR;MWh;NO;NO;151.36;56.65;151.36;56.65;2;UP_AND_DOWN
2025-02-17T17:15;2025-02-17T17:30;70;EUR;MWh;NO;NO;160.5;113.57;160.5;160.5;1;UP
2025-02-17T17:30;2025-02-17T17:45;71;EUR;MWh;NO;NO;198;;198;198;1;UP
2025-02-17T17:45;2025-02-17T18:00;72;EUR;MWh;NO;NO;200;;200;200;1;UP
2025-02-17T18:00;2025-02-17T18:15;73;EUR;MWh;NO;NO;198.3;;198.3;198.3;1;UP
2025-02-17T18:15;2025-02-17T18:30;74;EUR;MWh;NO;NO;178;;178;178;1;UP
2025-02-17T18:30;2025-02-17T18:45;75;EUR;MWh;NO;NO;139.1;;139.1;139.1;1;UP
2025-02-17T18:45;2025-02-17T19:00;76;EUR;MWh;NO;NO;;113.57;113.57;113.57;-1;DOWN
2025-02-17T19:00;2025-02-17T19:15;77;EUR;MWh;NO;NO;174.1;;174.1;174.1;1;UP
2025-02-17T19:15;2025-02-17T19:30;78;EUR;MWh;NO;NO;135.2;;135.2;135.2;1;UP
2025-02-17T19:30;2025-02-17T19:45;79;EUR;MWh;NO;NO;68;;68;68;1;UP
2025-02-17T19:45;2025-02-17T20:00;80;EUR;MWh;NO;NO;131.2;;131.2;131.2;1;UP
2025-02-17T20:00;2025-02-17T20:15;81;EUR;MWh;NO;NO;140.09;;140.09;140.09;1;UP
2025-02-17T20:15;2025-02-17T20:30;82;EUR;MWh;NO;NO;144.15;117.58;144.15;144.15;1;UP
2025-02-17T20:30;2025-02-17T20:45;83;EUR;MWh;NO;NO;;111;111;111;-1;DOWN
2025-02-17T20:45;2025-02-17T21:00;84;EUR;MWh;NO;NO;;105.71;105.71;105.71;-1;DOWN
2025-02-17T21:00;2025-02-17T21:15;85;EUR;MWh;NO;NO;150;105.7;150;91.29;2;UP_AND_DOWN
2025-02-17T21:15;2025-02-17T21:30;86;EUR;MWh;NO;NO;135.2;99.98;135.2;99.98;2;UP_AND_DOWN
2025-02-17T21:30;2025-02-17T21:45;87;EUR;MWh;NO;NO;;98;98;98;-1;DOWN
2025-02-17T21:45;2025-02-17T22:00;88;EUR;MWh;NO;NO;;100.34;100.34;100.34;-1;DOWN
2025-02-17T22:00;2025-02-17T22:15;89;EUR;MWh;NO;NO;;90;90;90;-1;DOWN
2025-02-17T22:15;2025-02-17T22:30;90;EUR;MWh;NO;NO;;105.5;105.5;105.5;-1;DOWN
2025-02-17T22:30;2025-02-17T22:45;91;EUR;MWh;NO;NO;;86.65;86.65;86.65;-1;DOWN
2025-02-17T22:45;2025-02-17T23:00;92;EUR;MWh;NO;NO;;79.7;79.7;79.7;-1;DOWN
2025-02-17T23:00;2025-02-17T23:15;93;EUR;MWh;NO;NO;119.53;86.65;119.53;86.65;2;UP_AND_DOWN
2025-02-17T23:15;2025-02-17T23:30;94;EUR;MWh;NO;NO;;86.57;86.57;86.57;-1;DOWN
2025-02-17T23:30;2025-02-17T23:45;95;EUR;MWh;NO;NO;118.52;86.57;118.52;86.57;2;UP_AND_DOWN
2025-02-17T23:45;2025-02-18T00:00;96;EUR;MWh;NO;NO;;93.57;93.57;93.57;-1;DOWN
2025-02-18T00:00;2025-02-18T00:15;1;EUR;MWh;NO;NO;;78.69;78.69;78.69;-1;DOWN
2025-02-18T00:15;2025-02-18T00:30;2;EUR;MWh;NO;NO;;86.65;86.65;86.65;-1;DOWN
2025-02-18T00:30;2025-02-18T00:45;3;EUR;MWh;NO;NO;;70;70;70;-1;DOWN
2025-02-18T00:45;2025-02-18T01:00;4;EUR;MWh;NO;NO;;70;70;70;-1;DOWN
2025-02-18T01:00;2025-02-18T01:15;5;EUR;MWh;NO;NO;;98.79;98.79;98.79;-1;DOWN
2025-02-18T01:15;2025-02-18T01:30;6;EUR;MWh;NO;NO;;100.34;100.34;100.34;-1;DOWN
2025-02-18T01:30;2025-02-18T01:45;7;EUR;MWh;NO;NO;124.66;100.34;124.66;124.66;1;UP
2025-02-18T01:45;2025-02-18T02:00;8;EUR;MWh;NO;NO;;108.01;108.01;108.01;-1;DOWN
2025-02-18T02:00;2025-02-18T02:15;9;EUR;MWh;NO;NO;;98.89;98.89;98.89;-1;DOWN
2025-02-18T02:15;2025-02-18T02:30;10;EUR;MWh;NO;NO;;95.52;95.52;95.52;-1;DOWN
2025-02-18T02:30;2025-02-18T02:45;11;EUR;MWh;NO;NO;;98.34;98.34;98.34;-1;DOWN
2025-02-18T02:45;2025-02-18T03:00;12;EUR;MWh;NO;NO;85.07;99.09;85.07;85.07;1;UP
2025-02-18T03:00;2025-02-18T03:15;13;EUR;MWh;NO;NO;111.52;;111.52;111.52;1;UP
2025-02-18T03:15;2025-02-18T03:30;14;EUR;MWh;NO;NO;111.52;105.89;105.89;105.89;-1;DOWN
2025-02-18T03:30;2025-02-18T03:45;15;EUR;MWh;NO;NO;;107.69;107.69;107.69;-1;DOWN
2025-02-18T03:45;2025-02-18T04:00;16;EUR;MWh;NO;NO;;99.6;99.6;99.6;-1;DOWN
2025-02-18T04:00;2025-02-18T04:15;17;EUR;MWh;NO;NO;;99.47;99.47;99.47;-1;DOWN
2025-02-18T04:15;2025-02-18T04:30;18;EUR;MWh;NO;NO;;98.89;98.89;98.89;-1;DOWN
2025-02-18T04:30;2025-02-18T04:45;19;EUR;MWh;NO;NO;;90.44;90.44;90.44;-1;DOWN
2025-02-18T04:45;2025-02-18T05:00;20;EUR;MWh;NO;NO;;70;70;70;-1;DOWN
2025-02-18T05:00;2025-02-18T05:15;21;EUR;MWh;NO;NO;;64.79;64.79;64.79;-1;DOWN
2025-02-18T05:15;2025-02-18T05:30;22;EUR;MWh;NO;NO;;82.52;82.52;82.52;-1;DOWN
2025-02-18T05:30;2025-02-18T05:45;23;EUR;MWh;NO;NO;;86.65;86.65;86.65;-1;DOWN
2025-02-18T05:45;2025-02-18T06:00;24;EUR;MWh;NO;NO;;82.52;82.52;82.52;-1;DOWN
2025-02-18T06:00;2025-02-18T06:15;25;EUR;MWh;NO;NO;;38.6;38.6;38.6;-1;DOWN
2025-02-18T06:15;2025-02-18T06:30;26;EUR;MWh;NO;NO;68;91.9;91.94;91.9;2;UP_AND_DOWN
2025-02-18T06:30;2025-02-18T06:45;27;EUR;MWh;NO;NO;;95.93;95.93;95.93;-1;DOWN
2025-02-18T06:45;2025-02-18T07:00;28;EUR;MWh;NO;NO;167;95.93;167;167;1;UP
2025-02-18T07:00;2025-02-18T07:15;29;EUR;MWh;NO;NO;167;14.55;14.55;14.55;-1;DOWN
2025-02-18T07:15;2025-02-18T07:30;30;EUR;MWh;NO;NO;149;87.7;149;87.7;2;UP_AND_DOWN
2025-02-18T07:30;2025-02-18T07:45;31;EUR;MWh;NO;NO;;95;95;95;-1;DOWN
2025-02-18T07:45;2025-02-18T08:00;32;EUR;MWh;NO;NO;;101.36;101.36;101.36;-1;DOWN
2025-02-18T08:00;2025-02-18T08:15;33;EUR;MWh;NO;NO;189.9;103.4;189.9;103.4;2;UP_AND_DOWN
2025-02-18T08:15;2025-02-18T08:30;34;EUR;MWh;NO;NO;190.92;87.7;190.92;87.7;2;UP_AND_DOWN
2025-02-18T08:30;2025-02-18T08:45;35;EUR;MWh;NO;NO;;89.69;89.69;89.69;-1;DOWN
2025-02-18T08:45;2025-02-18T09:00;36;EUR;MWh;NO;NO;140;95.93;140;95.93;2;UP_AND_DOWN
2025-02-18T09:00;2025-02-18T09:15;37;EUR;MWh;NO;NO;200;;200;200;1;UP
2025-02-18T09:15;2025-02-18T09:30;38;EUR;MWh;NO;NO;185.01;;185.01;185.01;1;UP
2025-02-18T09:30;2025-02-18T09:45;39;EUR;MWh;NO;NO;117.77;95.93;117.77;95.93;2;UP_AND_DOWN
2025-02-18T09:45;2025-02-18T10:00;40;EUR;MWh;NO;NO;;56;56;56;-1;DOWN
2025-02-18T10:00;2025-02-18T10:15;41;EUR;MWh;NO;NO;200;56.2;200;56.2;2;UP_AND_DOWN
2025-02-18T10:15;2025-02-18T10:30;42;EUR;MWh;NO;NO;185.01;;185.01;185.01;1;UP
2025-02-18T10:30;2025-02-18T10:45;43;EUR;MWh;NO;NO;185.01;136;136;136;-1;DOWN
2025-02-18T10:45;2025-02-18T11:00;44;EUR;MWh;NO;NO;;90;90;90;-1;DOWN
2025-02-18T11:00;2025-02-18T11:15;45;EUR;MWh;NO;NO;;82.93;82.93;82.93;-1;DOWN
2025-02-18T11:15;2025-02-18T11:30;46;EUR;MWh;NO;NO;;100.22;100.22;100.22;-1;DOWN
2025-02-18T11:30;2025-02-18T11:45;47;EUR;MWh;NO;NO;;98.97;98.97;98.97;-1;DOWN
2025-02-18T11:45;2025-02-18T12:00;48;EUR;MWh;NO;NO;;10.1;10.1;10.1;-1;DOWN
2025-02-18T12:00;2025-02-18T12:15;49;EUR;MWh;NO;NO;115.07;39.54;115.07;39.54;2;UP_AND_DOWN
2025-02-18T12:15;2025-02-18T12:30;50;EUR;MWh;NO;NO;113.67;;113.67;113.67;1;UP
2025-02-18T12:30;2025-02-18T12:45;51;EUR;MWh;NO;NO;109.93;41;109.93;41;2;UP_AND_DOWN
2025-02-18T12:45;2025-02-18T13:00;52;EUR;MWh;NO;NO;;-18;-18;-18;-1;DOWN
2025-02-18T13:00;2025-02-18T13:15;53;EUR;MWh;NO;NO;115.07;88.8;115.07;88.8;2;UP_AND_DOWN
2025-02-18T13:15;2025-02-18T13:30;54;EUR;MWh;NO;NO;;10;10;10;-1;DOWN
2025-02-18T13:30;2025-02-18T13:45;55;EUR;MWh;NO;NO;;68;68;68;-1;DOWN
2025-02-18T13:45;2025-02-18T14:00;56;EUR;MWh;NO;NO;;35;35;35;-1;DOWN
2025-02-18T14:00;2025-02-18T14:15;57;EUR;MWh;NO;NO;;-49.9;-49.9;-49.9;-1;DOWN
2025-02-18T14:15;2025-02-18T14:30;58;EUR;MWh;NO;NO;;-5.04;-5.04;-5.04;-1;DOWN
2025-02-18T14:30;2025-02-18T14:45;59;EUR;MWh;NO;NO;;-30;-30;-30;-1;DOWN
2025-02-18T14:45;2025-02-18T15:00;60;EUR;MWh;NO;NO;;21.75;21.75;21.75;-1;DOWN
2025-02-18T15:00;2025-02-18T15:15;61;EUR;MWh;NO;NO;;10;10;10;-1;DOWN
2025-02-18T15:15;2025-02-18T15:30;62;EUR;MWh;NO;NO;158.1;83.03;158.1;83.03;2;UP_AND_DOWN
2025-02-18T15:30;2025-02-18T15:45;63;EUR;MWh;NO;NO;183.99;;183.99;183.99;1;UP
2025-02-18T15:45;2025-02-18T16:00;64;EUR;MWh;NO;NO;142;89.03;142;83.71;2;UP_AND_DOWN
2025-02-18T16:00;2025-02-18T16:15;65;EUR;MWh;NO;NO;;-30;-30;-30;-1;DOWN
2025-02-18T16:15;2025-02-18T16:30;66;EUR;MWh;NO;NO;;88.93;88.93;88.93;-1;DOWN
2025-02-18T16:30;2025-02-18T16:45;67;EUR;MWh;NO;NO;;82.93;82.93;82.93;-1;DOWN
2025-02-18T16:45;2025-02-18T17:00;68;EUR;MWh;NO;NO;118.49;85.69;118.49;85.69;2;UP_AND_DOWN
2025-02-18T17:00;2025-02-18T17:15;69;EUR;MWh;NO;NO;;70;70;70;-1;DOWN
2025-02-18T17:15;2025-02-18T17:30;70;EUR;MWh;NO;NO;;85.32;85.32;85.32;-1;DOWN
2025-02-18T17:30;2025-02-18T17:45;71;EUR;MWh;NO;NO;;101.01;101.01;101.01;-1;DOWN
2025-02-18T17:45;2025-02-18T18:00;72;EUR;MWh;NO;NO;;116.02;116.02;116.02;-1;DOWN
2025-02-18T18:00;2025-02-18T18:15;73;EUR;MWh;NO;NO;149;116.02;149;92.01;2;UP_AND_DOWN
2025-02-18T18:15;2025-02-18T18:30;74;EUR;MWh;NO;NO;148.99;103.32;103.32;103.32;-1;DOWN
2025-02-18T18:30;2025-02-18T18:45;75;EUR;MWh;NO;NO;;95.93;95.93;95.93;-1;DOWN
2025-02-18T18:45;2025-02-18T19:00;76;EUR;MWh;NO;NO;;89.69;89.69;89.69;-1;DOWN
2025-02-18T19:00;2025-02-18T19:15;77;EUR;MWh;NO;NO;115.99;85.79;115.99;85.79;2;UP_AND_DOWN
2025-02-18T19:15;2025-02-18T19:30;78;EUR;MWh;NO;NO;;82;82;82;-1;DOWN
2025-02-18T19:30;2025-02-18T19:45;79;EUR;MWh;NO;NO;;97.52;97.52;97.52;-1;DOWN
2025-02-18T19:45;2025-02-18T20:00;80;EUR;MWh;NO;NO;;94.42;94.42;94.42;-1;DOWN
2025-02-18T20:00;2025-02-18T20:15;81;EUR;MWh;NO;NO;121.99;105.4;121.99;87.91;2;UP_AND_DOWN
2025-02-18T20:15;2025-02-18T20:30;82;EUR;MWh;NO;NO;123.99;;123.99;123.99;1;UP
2025-02-18T20:30;2025-02-18T20:45;83;EUR;MWh;NO;NO;68;105.3;87.91;87.91;2;UP_AND_DOWN
2025-02-18T20:45;2025-02-18T21:00;84;EUR;MWh;NO;NO;;107.69;107.69;107.69;-1;DOWN
2025-02-18T21:00;2025-02-18T21:15;85;EUR;MWh;NO;NO;;99.52;99.52;99.52;-1;DOWN
2025-02-18T21:15;2025-02-18T21:30;86;EUR;MWh;NO;NO;112.33;96.03;112.33;87.85;2;UP_AND_DOWN
2025-02-18T21:30;2025-02-18T21:45;87;EUR;MWh;NO;NO;68;83.13;87.85;83.13;2;UP_AND_DOWN
2025-02-18T21:45;2025-02-18T22:00;88;EUR;MWh;NO;NO;;70;70;70;-1;DOWN
2025-02-18T22:00;2025-02-18T22:15;89;EUR;MWh;NO;NO;;24.8;24.8;24.8;-1;DOWN
2025-02-18T22:15;2025-02-18T22:30;90;EUR;MWh;NO;NO;;97.42;97.42;97.42;-1;DOWN
2025-02-18T22:30;2025-02-18T22:45;91;EUR;MWh;NO;NO;;82.93;82.93;82.93;-1;DOWN
2025-02-18T22:45;2025-02-18T23:00;92;EUR;MWh;NO;NO;;24.8;24.8;24.8;-1;DOWN
2025-02-18T23:00;2025-02-18T23:15;93;EUR;MWh;NO;NO;95.07;19.2;95.07;19.2;2;UP_AND_DOWN
2025-02-18T23:15;2025-02-18T23:30;94;EUR;MWh;NO;NO;68;;68;68;1;UP
2025-02-18T23:30;2025-02-18T23:45;95;EUR;MWh;NO;NO;68;;68;68;1;UP
2025-02-18T23:45;2025-02-19T00:00;96;EUR;MWh;NO;NO;95.07;70;95.07;70;2;UP_AND_DOWN
2025-02-19T00:00;2025-02-19T00:15;1;EUR;MWh;NO;NO;109.51;70;109.51;70;2;UP_AND_DOWN
2025-02-19T00:15;2025-02-19T00:30;2;EUR;MWh;NO;NO;123.22;81.22;123.22;80.09;2;UP_AND_DOWN
2025-02-19T00:30;2025-02-19T00:45;3;EUR;MWh;NO;NO;;70;70;70;-1;DOWN
2025-02-19T00:45;2025-02-19T01:00;4;EUR;MWh;NO;NO;;58.2;58.2;58.2;-1;DOWN
2025-02-19T01:00;2025-02-19T01:15;5;EUR;MWh;NO;NO;;50.1;50.1;50.1;-1;DOWN
2025-02-19T01:15;2025-02-19T01:30;6;EUR;MWh;NO;NO;;70;70;70;-1;DOWN
2025-02-19T01:30;2025-02-19T01:45;7;EUR;MWh;NO;NO;;70;70;70;-1;DOWN
2025-02-19T01:45;2025-02-19T02:00;8;EUR;MWh;NO;NO;;70;70;70;-1;DOWN
2025-02-19T02:00;2025-02-19T02:15;9;EUR;MWh;NO;NO;120.35;70;120.35;70;2;UP_AND_DOWN
2025-02-19T02:15;2025-02-19T02:30;10;EUR;MWh;NO;NO;64;;64;64;1;UP
2025-02-19T02:30;2025-02-19T02:45;11;EUR;MWh;NO;NO;;-2.95;-2.95;-2.95;-1;DOWN
2025-02-19T02:45;2025-02-19T03:00;12;EUR;MWh;NO;NO;;-.3;-.3;-.3;-1;DOWN
2025-02-19T03:00;2025-02-19T03:15;13;EUR;MWh;NO;NO;123.22;81.22;123.22;79.11;2;UP_AND_DOWN
2025-02-19T03:15;2025-02-19T03:30;14;EUR;MWh;NO;NO;111.72;;111.72;111.72;1;UP
2025-02-19T03:30;2025-02-19T03:45;15;EUR;MWh;NO;NO;123.22;;123.22;123.22;1;UP
2025-02-19T03:45;2025-02-19T04:00;16;EUR;MWh;NO;NO;128.88;;128.88;128.88;1;UP
2025-02-19T04:00;2025-02-19T04:15;17;EUR;MWh;NO;NO;135.07;;135.07;135.07;1;UP
2025-02-19T04:15;2025-02-19T04:30;18;EUR;MWh;NO;NO;130;;130;130;1;UP
2025-02-19T04:30;2025-02-19T04:45;19;EUR;MWh;NO;NO;123.22;;123.22;123.22;1;UP
2025-02-19T04:45;2025-02-19T05:00;20;EUR;MWh;NO;NO;118.97;;118.97;118.97;1;UP
2025-02-19T05:00;2025-02-19T05:15;21;EUR;MWh;NO;NO;105.07;10;105.07;10;2;UP_AND_DOWN
2025-02-19T05:15;2025-02-19T05:30;22;EUR;MWh;NO;NO;;81.22;81.22;81.22;-1;DOWN
2025-02-19T05:30;2025-02-19T05:45;23;EUR;MWh;NO;NO;107.29;;107.29;107.29;1;UP
2025-02-19T05:45;2025-02-19T06:00;24;EUR;MWh;NO;NO;107.09;81.22;107.09;79.18;2;UP_AND_DOWN
2025-02-19T06:00;2025-02-19T06:15;25;EUR;MWh;NO;NO;136.8;15;136.8;15;2;UP_AND_DOWN
2025-02-19T06:15;2025-02-19T06:30;26;EUR;MWh;NO;NO;136.8;35;136.8;35;2;UP_AND_DOWN
2025-02-19T06:30;2025-02-19T06:45;27;EUR;MWh;NO;NO;117.99;85;117.99;85;2;UP_AND_DOWN
2025-02-19T06:45;2025-02-19T07:00;28;EUR;MWh;NO;NO;115.07;87.16;115.07;87.16;2;UP_AND_DOWN
2025-02-19T07:00;2025-02-19T07:15;29;EUR;MWh;NO;NO;;90.99;90.99;90.99;-1;DOWN
2025-02-19T07:15;2025-02-19T07:30;30;EUR;MWh;NO;NO;125.07;107.57;125.07;87.79;2;UP_AND_DOWN
2025-02-19T07:30;2025-02-19T07:45;31;EUR;MWh;NO;NO;134.5;101.8;134.5;87.86;2;UP_AND_DOWN
2025-02-19T07:45;2025-02-19T08:00;32;EUR;MWh;NO;NO;134.5;69.67;69.67;69.67;-1;DOWN
2025-02-19T08:00;2025-02-19T08:15;33;EUR;MWh;NO;NO;149;93.57;149;93.57;2;UP_AND_DOWN
2025-02-19T08:15;2025-02-19T08:30;34;EUR;MWh;NO;NO;144.49;64;144.49;64;2;UP_AND_DOWN
2025-02-19T08:30;2025-02-19T08:45;35;EUR;MWh;NO;NO;;60.6;60.6;60.6;-1;DOWN
2025-02-19T08:45;2025-02-19T09:00;36;EUR;MWh;NO;NO;;35;35;35;-1;DOWN
2025-02-19T09:00;2025-02-19T09:15;37;EUR;MWh;NO;NO;149;-34.54;149;-34.54;2;UP_AND_DOWN
2025-02-19T09:15;2025-02-19T09:30;38;EUR;MWh;NO;NO;137.8;25.9;137.8;25.9;2;UP_AND_DOWN
2025-02-19T09:30;2025-02-19T09:45;39;EUR;MWh;NO;NO;;25.9;25.9;25.9;-1;DOWN
2025-02-19T09:45;2025-02-19T10:00;40;EUR;MWh;NO;NO;;25.9;25.9;25.9;-1;DOWN
2025-02-19T10:00;2025-02-19T10:15;41;EUR;MWh;NO;NO;143;99.22;143;81.92;2;UP_AND_DOWN
2025-02-19T10:15;2025-02-19T10:30;42;EUR;MWh;NO;NO;124.58;;124.58;124.58;1;UP
2025-02-19T10:30;2025-02-19T10:45;43;EUR;MWh;NO;NO;64;35;35;35;-1;DOWN
2025-02-19T10:45;2025-02-19T11:00;44;EUR;MWh;NO;NO;161.92;3.4;161.92;3.4;2;UP_AND_DOWN
2025-02-19T11:00;2025-02-19T11:15;45;EUR;MWh;NO;NO;1476.59;;1476.59;1476.59;1;UP
2025-02-19T11:15;2025-02-19T11:30;46;EUR;MWh;NO;NO;188;35;188;35;2;UP_AND_DOWN
2025-02-19T11:30;2025-02-19T11:45;47;EUR;MWh;NO;NO;177.7;;177.7;177.7;1;UP
2025-02-19T11:45;2025-02-19T12:00;48;EUR;MWh;NO;NO;200;;200;200;1;UP
2025-02-19T12:00;2025-02-19T12:15;49;EUR;MWh;NO;NO;140.1;4;140.1;4;2;UP_AND_DOWN
2025-02-19T12:15;2025-02-19T12:30;50;EUR;MWh;NO;NO;;.1;.1;.1;-1;DOWN
2025-02-19T12:30;2025-02-19T12:45;51;EUR;MWh;NO;NO;105.07;12;105.07;12;2;UP_AND_DOWN
2025-02-19T12:45;2025-02-19T13:00;52;EUR;MWh;NO;NO;105.07;-30;-30;-30;-1;DOWN
2025-02-19T13:00;2025-02-19T13:15;53;EUR;MWh;NO;NO;130;-4.94;130;-4.94;2;UP_AND_DOWN
2025-02-19T13:15;2025-02-19T13:30;54;EUR;MWh;NO;NO;125.07;70;125.07;70;2;UP_AND_DOWN
2025-02-19T13:30;2025-02-19T13:45;55;EUR;MWh;NO;NO;;70;70;70;-1;DOWN
2025-02-19T13:45;2025-02-19T14:00;56;EUR;MWh;NO;NO;;70;70;70;-1;DOWN
2025-02-19T14:00;2025-02-19T14:15;57;EUR;MWh;NO;NO;116.92;70;116.92;116.92;1;UP
2025-02-19T14:15;2025-02-19T14:30;58;EUR;MWh;NO;NO;114.42;70;114.42;70;2;UP_AND_DOWN
2025-02-19T14:30;2025-02-19T14:45;59;EUR;MWh;NO;NO;140.53;70;140.53;140.53;1;UP
2025-02-19T14:45;2025-02-19T15:00;60;EUR;MWh;NO;NO;149;;149;149;1;UP
2025-02-19T15:00;2025-02-19T15:15;61;EUR;MWh;NO;NO;115.07;-672.63;115.07;-672.63;2;UP_AND_DOWN
2025-02-19T15:15;2025-02-19T15:30;62;EUR;MWh;NO;NO;149;-50;149;149;1;UP
2025-02-19T15:30;2025-02-19T15:45;63;EUR;MWh;NO;NO;176.6;;176.6;176.6;1;UP
2025-02-19T15:45;2025-02-19T16:00;64;EUR;MWh;NO;NO;189.1;;189.1;189.1;1;UP
2025-02-19T16:00;2025-02-19T16:15;65;EUR;MWh;NO;NO;200;10;200;10;2;UP_AND_DOWN
2025-02-19T16:15;2025-02-19T16:30;66;EUR;MWh;NO;NO;311.92;;311.92;311.92;1;UP
2025-02-19T16:30;2025-02-19T16:45;67;EUR;MWh;NO;NO;200.67;;200.67;200.67;1;UP
2025-02-19T16:45;2025-02-19T17:00;68;EUR;MWh;NO;NO;200;;200;200;1;UP
2025-02-19T17:00;2025-02-19T17:15;69;EUR;MWh;NO;NO;160.32;70;160.32;70;2;UP_AND_DOWN
2025-02-19T17:15;2025-02-19T17:30;70;EUR;MWh;NO;NO;144;102.57;144;144;1;UP
2025-02-19T17:30;2025-02-19T17:45;71;EUR;MWh;NO;NO;177.2;;177.2;177.2;1;UP
2025-02-19T17:45;2025-02-19T18:00;72;EUR;MWh;NO;NO;179.2;110.28;179.2;87.89;2;UP_AND_DOWN
2025-02-19T18:00;2025-02-19T18:15;73;EUR;MWh;NO;NO;179.2;43.9;43.9;43.9;-1;DOWN
2025-02-19T18:15;2025-02-19T18:30;74;EUR;MWh;NO;NO;;99;99;99;-1;DOWN
2025-02-19T18:30;2025-02-19T18:45;75;EUR;MWh;NO;NO;;50;50;50;-1;DOWN
2025-02-19T18:45;2025-02-19T19:00;76;EUR;MWh;NO;NO;;43.9;43.9;43.9;-1;DOWN
2025-02-19T19:00;2025-02-19T19:15;77;EUR;MWh;NO;NO;320.13;43.9;320.13;320.13;1;UP
2025-02-19T19:15;2025-02-19T19:30;78;EUR;MWh;NO;NO;128.13;;128.13;128.13;1;UP
2025-02-19T19:30;2025-02-19T19:45;79;EUR;MWh;NO;NO;135.97;;135.97;135.97;1;UP
2025-02-19T19:45;2025-02-19T20:00;80;EUR;MWh;NO;NO;64;103.25;103.25;103.25;-1;DOWN
2025-02-19T20:00;2025-02-19T20:15;81;EUR;MWh;NO;NO;139.2;103.25;139.2;139.2;1;UP
2025-02-19T20:15;2025-02-19T20:30;82;EUR;MWh;NO;NO;117.99;104;117.99;87.79;2;UP_AND_DOWN
2025-02-19T20:30;2025-02-19T20:45;83;EUR;MWh;NO;NO;;99.61;99.61;99.61;-1;DOWN
2025-02-19T20:45;2025-02-19T21:00;84;EUR;MWh;NO;NO;125.15;102.41;125.15;87.79;2;UP_AND_DOWN
2025-02-19T21:00;2025-02-19T21:15;85;EUR;MWh;NO;NO;125.15;77.99;77.99;77.99;-1;DOWN
2025-02-19T21:15;2025-02-19T21:30;86;EUR;MWh;NO;NO;113.99;99.11;113.99;81.66;2;UP_AND_DOWN
2025-02-19T21:30;2025-02-19T21:45;87;EUR;MWh;NO;NO;;99;99;99;-1;DOWN
2025-02-19T21:45;2025-02-19T22:00;88;EUR;MWh;NO;NO;;77.99;77.99;77.99;-1;DOWN
2025-02-19T22:00;2025-02-19T22:15;89;EUR;MWh;NO;NO;138.9;66;138.9;66;2;UP_AND_DOWN
2025-02-19T22:15;2025-02-19T22:30;90;EUR;MWh;NO;NO;138.9;24.1;24.1;24.1;-1;DOWN
2025-02-19T22:30;2025-02-19T22:45;91;EUR;MWh;NO;NO;139;-5.04;139;-5.04;2;UP_AND_DOWN
2025-02-19T22:45;2025-02-19T23:00;92;EUR;MWh;NO;NO;121.92;24.1;121.92;24.1;2;UP_AND_DOWN
2025-02-19T23:00;2025-02-19T23:15;93;EUR;MWh;NO;NO;144;7.3;144;7.3;2;UP_AND_DOWN
2025-02-19T23:15;2025-02-19T23:30;94;EUR;MWh;NO;NO;123.8;66;123.8;66;2;UP_AND_DOWN
2025-02-19T23:30;2025-02-19T23:45;95;EUR;MWh;NO;NO;119.99;83.99;119.99;81.5;2;UP_AND_DOWN
2025-02-19T23:45;2025-02-20T00:00;96;EUR;MWh;NO;NO;125.07;66;125.07;125.07;1;UP
2025-02-20T00:00;2025-02-20T00:15;1;EUR;MWh;NO;NO;1672.26;-2.5;1672.26;-2.5;2;UP_AND_DOWN
2025-02-20T00:15;2025-02-20T00:30;2;EUR;MWh;NO;NO;1895;66;1895;66;2;UP_AND_DOWN
2025-02-20T00:30;2025-02-20T00:45;3;EUR;MWh;NO;NO;149;66;149;66;2;UP_AND_DOWN
2025-02-20T00:45;2025-02-20T01:00;4;EUR;MWh;NO;NO;149;;149;149;1;UP
2025-02-20T01:00;2025-02-20T01:15;5;EUR;MWh;NO;NO;137.45;;137.45;137.45;1;UP
2025-02-20T01:15;2025-02-20T01:30;6;EUR;MWh;NO;NO;142.1;;142.1;142.1;1;UP
2025-02-20T01:30;2025-02-20T01:45;7;EUR;MWh;NO;NO;142.2;;142.2;142.2;1;UP
2025-02-20T01:45;2025-02-20T02:00;8;EUR;MWh;NO;NO;142.2;;142.2;142.2;1;UP
2025-02-20T02:00;2025-02-20T02:15;9;EUR;MWh;NO;NO;119.99;35;119.99;35;2;UP_AND_DOWN
2025-02-20T02:15;2025-02-20T02:30;10;EUR;MWh;NO;NO;119.99;35;119.99;35;2;UP_AND_DOWN
2025-02-20T02:30;2025-02-20T02:45;11;EUR;MWh;NO;NO;75.07;;75.07;75.07;1;UP
2025-02-20T02:45;2025-02-20T03:00;12;EUR;MWh;NO;NO;;83.65;83.65;83.65;-1;DOWN
2025-02-20T03:00;2025-02-20T03:15;13;EUR;MWh;NO;NO;;83.99;83.99;83.99;-1;DOWN
2025-02-20T03:15;2025-02-20T03:30;14;EUR;MWh;NO;NO;;66;66;66;-1;DOWN
2025-02-20T03:30;2025-02-20T03:45;15;EUR;MWh;NO;NO;;66;66;66;-1;DOWN
2025-02-20T03:45;2025-02-20T04:00;16;EUR;MWh;NO;NO;;-5;-5;-5;-1;DOWN
2025-02-20T04:00;2025-02-20T04:15;17;EUR;MWh;NO;NO;142.4;-5;142.4;142.4;1;UP
2025-02-20T04:15;2025-02-20T04:30;18;EUR;MWh;NO;NO;142.5;;142.5;142.5;1;UP
2025-02-20T04:30;2025-02-20T04:45;19;EUR;MWh;NO;NO;65;;65;65;1;UP
2025-02-20T04:45;2025-02-20T05:00;20;EUR;MWh;NO;NO;65;;65;65;1;UP
2025-02-20T05:00;2025-02-20T05:15;21;EUR;MWh;NO;NO;141.7;;141.7;141.7;1;UP
2025-02-20T05:15;2025-02-20T05:30;22;EUR;MWh;NO;NO;141.8;;141.8;141.8;1;UP
2025-02-20T05:30;2025-02-20T05:45;23;EUR;MWh;NO;NO;65;77;79.5;77;2;UP_AND_DOWN
2025-02-20T05:45;2025-02-20T06:00;24;EUR;MWh;NO;NO;;83.65;83.65;83.65;-1;DOWN
2025-02-20T06:00;2025-02-20T06:15;25;EUR;MWh;NO;NO;138;-10;138;-10;2;UP_AND_DOWN
2025-02-20T06:15;2025-02-20T06:30;26;EUR;MWh;NO;NO;140;65;140;65;2;UP_AND_DOWN
2025-02-20T06:30;2025-02-20T06:45;27;EUR;MWh;NO;NO;179.7;77;179.7;77;2;UP_AND_DOWN
2025-02-20T06:45;2025-02-20T07:00;28;EUR;MWh;NO;NO;179.6;;179.6;179.6;1;UP
2025-02-20T07:00;2025-02-20T07:15;29;EUR;MWh;NO;NO;142.1;87.07;142.1;82.79;2;UP_AND_DOWN
2025-02-20T07:15;2025-02-20T07:30;30;EUR;MWh;NO;NO;142.1;;142.1;142.1;1;UP
2025-02-20T07:30;2025-02-20T07:45;31;EUR;MWh;NO;NO;142.1;;142.1;142.1;1;UP
2025-02-20T07:45;2025-02-20T08:00;32;EUR;MWh;NO;NO;149;;149;149;1;UP
2025-02-20T08:00;2025-02-20T08:15;33;EUR;MWh;NO;NO;185.7;;185.7;185.7;1;UP
2025-02-20T08:15;2025-02-20T08:30;34;EUR;MWh;NO;NO;178.2;;178.2;178.2;1;UP
2025-02-20T08:30;2025-02-20T08:45;35;EUR;MWh;NO;NO;179.2;;179.2;179.2;1;UP
2025-02-20T08:45;2025-02-20T09:00;36;EUR;MWh;NO;NO;179.1;;179.1;179.1;1;UP
2025-02-20T09:00;2025-02-20T09:15;37;EUR;MWh;NO;NO;205.57;;205.57;205.57;1;UP
2025-02-20T09:15;2025-02-20T09:30;38;EUR;MWh;NO;NO;201;;201;201;1;UP
2025-02-20T09:30;2025-02-20T09:45;39;EUR;MWh;NO;NO;175;;175;175;1;UP
2025-02-20T09:45;2025-02-20T10:00;40;EUR;MWh;NO;NO;175;;85.01;85.01;0;STABLE
2025-02-20T10:00;2025-02-20T10:15;41;EUR;MWh;NO;NO;135.55;85;135.55;85;2;UP_AND_DOWN
2025-02-20T10:15;2025-02-20T10:30;42;EUR;MWh;NO;NO;;-29.8;-29.8;-29.8;-1;DOWN
2025-02-20T10:30;2025-02-20T10:45;43;EUR;MWh;NO;NO;;-29.9;-29.9;-29.9;-1;DOWN
2025-02-20T10:45;2025-02-20T11:00;44;EUR;MWh;NO;NO;;-19.28;-19.28;-19.28;-1;DOWN
2025-02-20T11:00;2025-02-20T11:15;45;EUR;MWh;NO;NO;;-2.7;-2.7;-2.7;-1;DOWN
2025-02-20T11:15;2025-02-20T11:30;46;EUR;MWh;NO;NO;;-29.6;-29.6;-29.6;-1;DOWN
2025-02-20T11:30;2025-02-20T11:45;47;EUR;MWh;NO;NO;;-26.6;-26.6;-26.6;-1;DOWN
2025-02-20T11:45;2025-02-20T12:00;48;EUR;MWh;NO;NO;;-2.7;-2.7;-2.7;-1;DOWN
2025-02-20T12:00;2025-02-20T12:15;49;EUR;MWh;NO;NO;;-3;-3;-3;-1;DOWN
2025-02-20T12:15;2025-02-20T12:30;50;EUR;MWh;NO;NO;;-2.13;-2.13;-2.13;-1;DOWN
2025-02-20T12:30;2025-02-20T12:45;51;EUR;MWh;NO;NO;;79.8;79.8;79.8;-1;DOWN
2025-02-20T12:45;2025-02-20T13:00;52;EUR;MWh;NO;NO;;56.65;56.65;56.65;-1;DOWN
2025-02-20T13:00;2025-02-20T13:15;53;EUR;MWh;NO;NO;;56.65;56.65;56.65;-1;DOWN
2025-02-20T13:15;2025-02-20T13:30;54;EUR;MWh;NO;NO;;80;80;80;-1;DOWN
2025-02-20T13:30;2025-02-20T13:45;55;EUR;MWh;NO;NO;;93.04;93.04;93.04;-1;DOWN
2025-02-20T13:45;2025-02-20T14:00;56;EUR;MWh;NO;NO;;88.04;88.04;88.04;-1;DOWN
2025-02-20T14:00;2025-02-20T14:15;57;EUR;MWh;NO;NO;126.02;-4.8;126.02;-4.8;2;UP_AND_DOWN
2025-02-20T14:15;2025-02-20T14:30;58;EUR;MWh;NO;NO;121.8;-4.8;121.8;121.8;1;UP
2025-02-20T14:30;2025-02-20T14:45;59;EUR;MWh;NO;NO;121.92;;121.92;121.92;1;UP
2025-02-20T14:45;2025-02-20T15:00;60;EUR;MWh;NO;NO;129.93;;129.93;129.93;1;UP
2025-02-20T15:00;2025-02-20T15:15;61;EUR;MWh;NO;NO;75.07;-80.57;82.29;-80.57;2;UP_AND_DOWN
2025-02-20T15:15;2025-02-20T15:30;62;EUR;MWh;NO;NO;;-1.1;-1.1;-1.1;-1;DOWN
2025-02-20T15:30;2025-02-20T15:45;63;EUR;MWh;NO;NO;65;71.65;82.29;71.65;2;UP_AND_DOWN
2025-02-20T15:45;2025-02-20T16:00;64;EUR;MWh;NO;NO;75.07;47;82.29;47;2;UP_AND_DOWN
2025-02-20T16:00;2025-02-20T16:15;65;EUR;MWh;NO;NO;100.07;;100.07;100.07;1;UP
2025-02-20T16:15;2025-02-20T16:30;66;EUR;MWh;NO;NO;113.46;;113.46;113.46;1;UP
2025-02-20T16:30;2025-02-20T16:45;67;EUR;MWh;NO;NO;75.07;77;82.29;77;2;UP_AND_DOWN
2025-02-20T16:45;2025-02-20T17:00;68;EUR;MWh;NO;NO;65;71.65;82.29;71.65;2;UP_AND_DOWN
2025-02-20T17:00;2025-02-20T17:15;69;EUR;MWh;NO;NO;;15.4;15.4;15.4;-1;DOWN
2025-02-20T17:15;2025-02-20T17:30;70;EUR;MWh;NO;NO;;73;73;73;-1;DOWN
2025-02-20T17:30;2025-02-20T17:45;71;EUR;MWh;NO;NO;;50;50;50;-1;DOWN
2025-02-20T17:45;2025-02-20T18:00;72;EUR;MWh;NO;NO;;15.4;15.4;15.4;-1;DOWN
2025-02-20T18:00;2025-02-20T18:15;73;EUR;MWh;NO;NO;142.9;20.2;142.9;20.2;2;UP_AND_DOWN
2025-02-20T18:15;2025-02-20T18:30;74;EUR;MWh;NO;NO;131;20.2;131;20.2;2;UP_AND_DOWN
2025-02-20T18:30;2025-02-20T18:45;75;EUR;MWh;NO;NO;;20.2;20.2;20.2;-1;DOWN
2025-02-20T18:45;2025-02-20T19:00;76;EUR;MWh;NO;NO;;20.2;20.2;20.2;-1;DOWN
2025-02-20T19:00;2025-02-20T19:15;77;EUR;MWh;NO;NO;142.5;20.2;142.5;142.5;1;UP
2025-02-20T19:15;2025-02-20T19:30;78;EUR;MWh;NO;NO;142.5;56.65;56.65;56.65;-1;DOWN
2025-02-20T19:30;2025-02-20T19:45;79;EUR;MWh;NO;NO;108.8;28;108.8;28;2;UP_AND_DOWN
2025-02-20T19:45;2025-02-20T20:00;80;EUR;MWh;NO;NO;;28;28;28;-1;DOWN
2025-02-20T20:00;2025-02-20T20:15;81;EUR;MWh;NO;NO;120.97;79.8;120.97;79.8;2;UP_AND_DOWN
2025-02-20T20:15;2025-02-20T20:30;82;EUR;MWh;NO;NO;120.97;13;13;13;-1;DOWN
2025-02-20T20:30;2025-02-20T20:45;83;EUR;MWh;NO;NO;114.57;45.8;114.57;45.8;2;UP_AND_DOWN
2025-02-20T20:45;2025-02-20T21:00;84;EUR;MWh;NO;NO;;9.5;9.5;9.5;-1;DOWN
2025-02-20T21:00;2025-02-20T21:15;85;EUR;MWh;NO;NO;142.9;99.57;142.9;82.79;2;UP_AND_DOWN
2025-02-20T21:15;2025-02-20T21:30;86;EUR;MWh;NO;NO;142.9;11;11;11;-1;DOWN
2025-02-20T21:30;2025-02-20T21:45;87;EUR;MWh;NO;NO;108.8;11;108.8;11;2;UP_AND_DOWN
2025-02-20T21:45;2025-02-20T22:00;88;EUR;MWh;NO;NO;;1.6;1.6;1.6;-1;DOWN
2025-02-20T22:00;2025-02-20T22:15;89;EUR;MWh;NO;NO;130.65;1.6;130.65;130.65;1;UP
2025-02-20T22:15;2025-02-20T22:30;90;EUR;MWh;NO;NO;112.92;94;112.92;82.79;2;UP_AND_DOWN
2025-02-20T22:30;2025-02-20T22:45;91;EUR;MWh;NO;NO;106.57;;106.57;106.57;1;UP
2025-02-20T22:45;2025-02-20T23:00;92;EUR;MWh;NO;NO;121;;121;121;1;UP
2025-02-20T23:00;2025-02-20T23:15;93;EUR;MWh;NO;NO;100.07;79.8;100.07;79.8;2;UP_AND_DOWN
2025-02-20T23:15;2025-02-20T23:30;94;EUR;MWh;NO;NO;;71.65;71.65;71.65;-1;DOWN
2025-02-20T23:30;2025-02-20T23:45;95;EUR;MWh;NO;NO;;68.7;68.7;68.7;-1;DOWN
2025-02-20T23:45;2025-02-21T00:00;96;EUR;MWh;NO;NO;;-5.2;-5.2;-5.2;-1;DOWN
2025-02-21T00:00;2025-02-21T00:15;1;EUR;MWh;NO;NO;;-13.4;-13.4;-13.4;-1;DOWN
2025-02-21T00:15;2025-02-21T00:30;2;EUR;MWh;NO;NO;;-13.4;-13.4;-13.4;-1;DOWN
2025-02-21T00:30;2025-02-21T00:45;3;EUR;MWh;NO;NO;;11;11;11;-1;DOWN
2025-02-21T00:45;2025-02-21T01:00;4;EUR;MWh;NO;NO;;10;10;10;-1;DOWN
2025-02-21T01:00;2025-02-21T01:15;5;EUR;MWh;NO;NO;;-14.9;-14.9;-14.9;-1;DOWN
2025-02-21T01:15;2025-02-21T01:30;6;EUR;MWh;NO;NO;;11;11;11;-1;DOWN
2025-02-21T01:30;2025-02-21T01:45;7;EUR;MWh;NO;NO;95.07;11;95.07;11;2;UP_AND_DOWN
2025-02-21T01:45;2025-02-21T02:00;8;EUR;MWh;NO;NO;75.07;11;79;11;2;UP_AND_DOWN
2025-02-21T02:00;2025-02-21T02:15;9;EUR;MWh;NO;NO;64;11;79;11;2;UP_AND_DOWN
2025-02-21T02:15;2025-02-21T02:30;10;EUR;MWh;NO;NO;95.07;94;95.07;79;2;UP_AND_DOWN
2025-02-21T02:30;2025-02-21T02:45;11;EUR;MWh;NO;NO;95.07;21.65;95.07;21.65;2;UP_AND_DOWN
2025-02-21T02:45;2025-02-21T03:00;12;EUR;MWh;NO;NO;113;21.65;113;21.65;2;UP_AND_DOWN
2025-02-21T03:00;2025-02-21T03:15;13;EUR;MWh;NO;NO;125.2;77.46;125.2;77.46;2;UP_AND_DOWN
2025-02-21T03:15;2025-02-21T03:30;14;EUR;MWh;NO;NO;125.2;50;50;50;-1;DOWN
2025-02-21T03:30;2025-02-21T03:45;15;EUR;MWh;NO;NO;;69.76;69.76;69.76;-1;DOWN
2025-02-21T03:45;2025-02-21T04:00;16;EUR;MWh;NO;NO;;49.76;49.76;49.76;-1;DOWN
2025-02-21T04:00;2025-02-21T04:15;17;EUR;MWh;NO;NO;;11;11;11;-1;DOWN
2025-02-21T04:15;2025-02-21T04:30;18;EUR;MWh;NO;NO;;-12.48;-12.48;-12.48;-1;DOWN
2025-02-21T04:30;2025-02-21T04:45;19;EUR;MWh;NO;NO;65.07;-8.37;65.07;65.07;1;UP
2025-02-21T04:45;2025-02-21T05:00;20;EUR;MWh;NO;NO;;-4.94;-4.94;-4.94;-1;DOWN
2025-02-21T05:00;2025-02-21T05:15;21;EUR;MWh;NO;NO;;-3.85;-3.85;-3.85;-1;DOWN
2025-02-21T05:15;2025-02-21T05:30;22;EUR;MWh;NO;NO;130.7;11;130.7;11;2;UP_AND_DOWN
2025-02-21T05:30;2025-02-21T05:45;23;EUR;MWh;NO;NO;128.46;;128.46;128.46;1;UP
2025-02-21T05:45;2025-02-21T06:00;24;EUR;MWh;NO;NO;100;-14.3;-14.3;-14.3;-1;DOWN
2025-02-21T06:00;2025-02-21T06:15;25;EUR;MWh;NO;NO;186.6;-9.83;186.6;186.6;1;UP
2025-02-21T06:15;2025-02-21T06:30;26;EUR;MWh;NO;NO;183.72;;183.72;183.72;1;UP
2025-02-21T06:30;2025-02-21T06:45;27;EUR;MWh;NO;NO;144.9;;144.9;144.9;1;UP
2025-02-21T06:45;2025-02-21T07:00;28;EUR;MWh;NO;NO;145;;145;145;1;UP
2025-02-21T07:00;2025-02-21T07:15;29;EUR;MWh;NO;NO;122.49;64;122.49;64;2;UP_AND_DOWN
2025-02-21T07:15;2025-02-21T07:30;30;EUR;MWh;NO;NO;131.7;64;131.7;131.7;1;UP
2025-02-21T07:30;2025-02-21T07:45;31;EUR;MWh;NO;NO;131.8;91.3;91.3;91.3;-1;DOWN
2025-02-21T07:45;2025-02-21T08:00;32;EUR;MWh;NO;NO;131.8;73.27;73.27;73.27;-1;DOWN
2025-02-21T08:00;2025-02-21T08:15;33;EUR;MWh;NO;NO;126.3;91.3;126.3;79.04;2;UP_AND_DOWN
2025-02-21T08:15;2025-02-21T08:30;34;EUR;MWh;NO;NO;126.3;49.76;49.76;49.76;-1;DOWN
2025-02-21T08:30;2025-02-21T08:45;35;EUR;MWh;NO;NO;;49.76;49.76;49.76;-1;DOWN
2025-02-21T08:45;2025-02-21T09:00;36;EUR;MWh;NO;NO;;59.76;59.76;59.76;-1;DOWN
2025-02-21T09:00;2025-02-21T09:15;37;EUR;MWh;NO;NO;155;93;155;79.04;2;UP_AND_DOWN
2025-02-21T09:15;2025-02-21T09:30;38;EUR;MWh;NO;NO;130.9;58;130.9;58;2;UP_AND_DOWN
2025-02-21T09:30;2025-02-21T09:45;39;EUR;MWh;NO;NO;130.9;17.1;17.1;17.1;-1;DOWN
2025-02-21T09:45;2025-02-21T10:00;40;EUR;MWh;NO;NO;;17.1;17.1;17.1;-1;DOWN
2025-02-21T10:00;2025-02-21T10:15;41;EUR;MWh;NO;NO;186.5;11;186.5;11;2;UP_AND_DOWN
2025-02-21T10:15;2025-02-21T10:30;42;EUR;MWh;NO;NO;110.72;93;93;93;-1;DOWN
2025-02-21T10:30;2025-02-21T10:45;43;EUR;MWh;NO;NO;;.9;.9;.9;-1;DOWN
2025-02-21T10:45;2025-02-21T11:00;44;EUR;MWh;NO;NO;;-15.1;-15.1;-15.1;-1;DOWN
2025-02-21T11:00;2025-02-21T11:15;45;EUR;MWh;NO;NO;144.7;-5.04;144.7;-5.04;2;UP_AND_DOWN
2025-02-21T11:15;2025-02-21T11:30;46;EUR;MWh;NO;NO;144.7;-31;-31;-31;-1;DOWN
2025-02-21T11:30;2025-02-21T11:45;47;EUR;MWh;NO;NO;;-11.5;-11.5;-11.5;-1;DOWN
2025-02-21T11:45;2025-02-21T12:00;48;EUR;MWh;NO;NO;;-37;-37;-37;-1;DOWN
2025-02-21T12:00;2025-02-21T12:15;49;EUR;MWh;NO;NO;;-20.38;-20.38;-20.38;-1;DOWN
2025-02-21T12:15;2025-02-21T12:30;50;EUR;MWh;NO;NO;;11;11;11;-1;DOWN
2025-02-21T12:30;2025-02-21T12:45;51;EUR;MWh;NO;NO;;-18.88;-18.88;-18.88;-1;DOWN
2025-02-21T12:45;2025-02-21T13:00;52;EUR;MWh;NO;NO;;-19.68;-19.68;-19.68;-1;DOWN
2025-02-21T13:00;2025-02-21T13:15;53;EUR;MWh;NO;NO;;-22.1;-22.1;-22.1;-1;DOWN
2025-02-21T13:15;2025-02-21T13:30;54;EUR;MWh;NO;NO;;-15.15;-15.15;-15.15;-1;DOWN
2025-02-21T13:30;2025-02-21T13:45;55;EUR;MWh;NO;NO;;7;7;7;-1;DOWN
2025-02-21T13:45;2025-02-21T14:00;56;EUR;MWh;NO;NO;;92;92;92;-1;DOWN
2025-02-21T14:00;2025-02-21T14:15;57;EUR;MWh;NO;NO;;7;7;7;-1;DOWN
2025-02-21T14:15;2025-02-21T14:30;58;EUR;MWh;NO;NO;;64.76;64.76;64.76;-1;DOWN
2025-02-21T14:30;2025-02-21T14:45;59;EUR;MWh;NO;NO;102;21.65;102;21.65;2;UP_AND_DOWN
2025-02-21T14:45;2025-02-21T15:00;60;EUR;MWh;NO;NO;111;;111;111;1;UP
2025-02-21T15:00;2025-02-21T15:15;61;EUR;MWh;NO;NO;60;-12.2;-12.2;-12.2;-1;DOWN
2025-02-21T15:15;2025-02-21T15:30;62;EUR;MWh;NO;NO;114.98;-12.2;114.98;114.98;1;UP
2025-02-21T15:30;2025-02-21T15:45;63;EUR;MWh;NO;NO;121.9;;121.9;121.9;1;UP
2025-02-21T15:45;2025-02-21T16:00;64;EUR;MWh;NO;NO;123.9;;123.9;123.9;1;UP
2025-02-21T16:00;2025-02-21T16:15;65;EUR;MWh;NO;NO;118.72;1.8;118.72;1.8;2;UP_AND_DOWN
2025-02-21T16:15;2025-02-21T16:30;66;EUR;MWh;NO;NO;124.1;64;124.1;64;2;UP_AND_DOWN
2025-02-21T16:30;2025-02-21T16:45;67;EUR;MWh;NO;NO;128.07;;128.07;128.07;1;UP
2025-02-21T16:45;2025-02-21T17:00;68;EUR;MWh;NO;NO;135;;135;135;1;UP
2025-02-21T17:00;2025-02-21T17:15;69;EUR;MWh;NO;NO;135;-16.6;-16.6;-16.6;-1;DOWN
2025-02-21T17:15;2025-02-21T17:30;70;EUR;MWh;NO;NO;;10;10;10;-1;DOWN
2025-02-21T17:30;2025-02-21T17:45;71;EUR;MWh;NO;NO;;10;10;10;-1;DOWN
2025-02-21T17:45;2025-02-21T18:00;72;EUR;MWh;NO;NO;;10;10;10;-1;DOWN
2025-02-21T18:00;2025-02-21T18:15;73;EUR;MWh;NO;NO;113.72;10;113.72;10;2;UP_AND_DOWN
2025-02-21T18:15;2025-02-21T18:30;74;EUR;MWh;NO;NO;113.72;50;50;50;-1;DOWN
2025-02-21T18:30;2025-02-21T18:45;75;EUR;MWh;NO;NO;;8.19;8.19;8.19;-1;DOWN
2025-02-21T18:45;2025-02-21T19:00;76;EUR;MWh;NO;NO;;21.65;21.65;21.65;-1;DOWN
2025-02-21T19:00;2025-02-21T19:15;77;EUR;MWh;NO;NO;64;50;78.5;50;2;UP_AND_DOWN
2025-02-21T19:15;2025-02-21T19:30;78;EUR;MWh;NO;NO;;;0;0;-1;DOWN
2025-02-21T19:30;2025-02-21T19:45;79;EUR;MWh;NO;NO;;-4.59;-4.59;-4.59;-1;DOWN
2025-02-21T19:45;2025-02-21T20:00;80;EUR;MWh;NO;NO;;-4.59;-4.59;-4.59;-1;DOWN
2025-02-21T20:00;2025-02-21T20:15;81;EUR;MWh;NO;NO;100;-4.59;100;100;1;UP
2025-02-21T20:15;2025-02-21T20:30;82;EUR;MWh;NO;NO;;40;40;40;-1;DOWN
2025-02-21T20:30;2025-02-21T20:45;83;EUR;MWh;NO;NO;;40;40;40;-1;DOWN
2025-02-21T20:45;2025-02-21T21:00;84;EUR;MWh;NO;NO;;40;40;40;-1;DOWN
2025-02-21T21:00;2025-02-21T21:15;85;EUR;MWh;NO;NO;;-2.58;-2.58;-2.58;-1;DOWN
2025-02-21T21:15;2025-02-21T21:30;86;EUR;MWh;NO;NO;;-2.68;-2.68;-2.68;-1;DOWN
2025-02-21T21:30;2025-02-21T21:45;87;EUR;MWh;NO;NO;;-2.78;-2.78;-2.78;-1;DOWN
2025-02-21T21:45;2025-02-21T22:00;88;EUR;MWh;NO;NO;;-15.49;-15.49;-15.49;-1;DOWN
2025-02-21T22:00;2025-02-21T22:15;89;EUR;MWh;NO;NO;118;-15.9;118;-15.9;2;UP_AND_DOWN
2025-02-21T22:15;2025-02-21T22:30;90;EUR;MWh;NO;NO;111.21;;111.21;111.21;1;UP
2025-02-21T22:30;2025-02-21T22:45;91;EUR;MWh;NO;NO;;10;10;10;-1;DOWN
2025-02-21T22:45;2025-02-21T23:00;92;EUR;MWh;NO;NO;;10;10;10;-1;DOWN
2025-02-21T23:00;2025-02-21T23:15;93;EUR;MWh;NO;NO;;10;10;10;-1;DOWN
2025-02-21T23:15;2025-02-21T23:30;94;EUR;MWh;NO;NO;64;10;78.5;10;2;UP_AND_DOWN
2025-02-21T23:30;2025-02-21T23:45;95;EUR;MWh;NO;NO;64;93;78.5;78.5;2;UP_AND_DOWN
2025-02-21T23:45;2025-02-22T00:00;96;EUR;MWh;NO;NO;;10;10;10;-1;DOWN
2025-02-22T00:00;2025-02-22T00:15;1;EUR;MWh;NO;NO;;-30;-30;-30;-1;DOWN
2025-02-22T00:15;2025-02-22T00:30;2;EUR;MWh;NO;NO;;35;35;35;-1;DOWN
2025-02-22T00:30;2025-02-22T00:45;3;EUR;MWh;NO;NO;;2;2;2;-1;DOWN
2025-02-22T00:45;2025-02-22T01:00;4;EUR;MWh;NO;NO;;-2.85;-2.85;-2.85;-1;DOWN
2025-02-22T01:00;2025-02-22T01:15;5;EUR;MWh;NO;NO;;99;99;99;-1;DOWN
2025-02-22T01:15;2025-02-22T01:30;6;EUR;MWh;NO;NO;65.07;;65.07;65.07;1;UP
2025-02-22T01:30;2025-02-22T01:45;7;EUR;MWh;NO;NO;;;81;81;0;STABLE
2025-02-22T01:45;2025-02-22T02:00;8;EUR;MWh;NO;NO;;;81.01;81.01;0;STABLE
2025-02-22T02:00;2025-02-22T02:15;9;EUR;MWh;NO;NO;95.07;;95.07;95.07;1;UP
2025-02-22T02:15;2025-02-22T02:30;10;EUR;MWh;NO;NO;65.07;44;81.01;44;2;UP_AND_DOWN
2025-02-22T02:30;2025-02-22T02:45;11;EUR;MWh;NO;NO;;-33.3;-33.3;-33.3;-1;DOWN
2025-02-22T02:45;2025-02-22T03:00;12;EUR;MWh;NO;NO;;-25.29;-25.29;-25.29;-1;DOWN
2025-02-22T03:00;2025-02-22T03:15;13;EUR;MWh;NO;NO;;-28.2;-28.2;-28.2;-1;DOWN
2025-02-22T03:15;2025-02-22T03:30;14;EUR;MWh;NO;NO;;50;50;50;-1;DOWN
2025-02-22T03:30;2025-02-22T03:45;15;EUR;MWh;NO;NO;;-29.8;-29.8;-29.8;-1;DOWN
2025-02-22T03:45;2025-02-22T04:00;16;EUR;MWh;NO;NO;;-39.7;-39.7;-39.7;-1;DOWN
2025-02-22T04:00;2025-02-22T04:15;17;EUR;MWh;NO;NO;65.07;-28.26;65.07;65.07;1;UP
2025-02-22T04:15;2025-02-22T04:30;18;EUR;MWh;NO;NO;65.07;;65.07;65.07;1;UP
2025-02-22T04:30;2025-02-22T04:45;19;EUR;MWh;NO;NO;;;82.04;82.04;0;STABLE
2025-02-22T04:45;2025-02-22T05:00;20;EUR;MWh;NO;NO;65.07;;65.07;65.07;1;UP
2025-02-22T05:00;2025-02-22T05:15;21;EUR;MWh;NO;NO;102;;102;102;1;UP
2025-02-22T05:15;2025-02-22T05:30;22;EUR;MWh;NO;NO;102;;102;102;1;UP
2025-02-22T05:30;2025-02-22T05:45;23;EUR;MWh;NO;NO;102;;102;102;1;UP
2025-02-22T05:45;2025-02-22T06:00;24;EUR;MWh;NO;NO;85.07;;85.07;85.07;1;UP
2025-02-22T06:00;2025-02-22T06:15;25;EUR;MWh;NO;NO;95.07;66;95.07;66;2;UP_AND_DOWN
2025-02-22T06:15;2025-02-22T06:30;26;EUR;MWh;NO;NO;106;66;106;66;2;UP_AND_DOWN
2025-02-22T06:30;2025-02-22T06:45;27;EUR;MWh;NO;NO;108;66;108;66;2;UP_AND_DOWN
2025-02-22T06:45;2025-02-22T07:00;28;EUR;MWh;NO;NO;108;;108;108;1;UP
2025-02-22T07:00;2025-02-22T07:15;29;EUR;MWh;NO;NO;;-20.7;-20.7;-20.7;-1;DOWN
2025-02-22T07:15;2025-02-22T07:30;30;EUR;MWh;NO;NO;65.07;-14.23;81.01;-14.23;2;UP_AND_DOWN
2025-02-22T07:30;2025-02-22T07:45;31;EUR;MWh;NO;NO;;-30;-30;-30;-1;DOWN
2025-02-22T07:45;2025-02-22T08:00;32;EUR;MWh;NO;NO;;-20.7;-20.7;-20.7;-1;DOWN
2025-02-22T08:00;2025-02-22T08:15;33;EUR;MWh;NO;NO;133.5;-9.73;133.5;133.5;1;UP
2025-02-22T08:15;2025-02-22T08:30;34;EUR;MWh;NO;NO;133.5;99.01;133.5;81.01;2;UP_AND_DOWN
2025-02-22T08:30;2025-02-22T08:45;35;EUR;MWh;NO;NO;110.57;99;110.57;81;2;UP_AND_DOWN
2025-02-22T08:45;2025-02-22T09:00;36;EUR;MWh;NO;NO;110.57;47.96;47.96;47.96;-1;DOWN
2025-02-22T09:00;2025-02-22T09:15;37;EUR;MWh;NO;NO;109;51.51;109;51.51;2;UP_AND_DOWN
2025-02-22T09:15;2025-02-22T09:30;38;EUR;MWh;NO;NO;109;51.51;109;51.51;2;UP_AND_DOWN
2025-02-22T09:30;2025-02-22T09:45;39;EUR;MWh;NO;NO;114;;114;114;1;UP
2025-02-22T09:45;2025-02-22T10:00;40;EUR;MWh;NO;NO;113;92;113;113;1;UP
2025-02-22T10:00;2025-02-22T10:15;41;EUR;MWh;NO;NO;99;83;99;99;1;UP
2025-02-22T10:15;2025-02-22T10:30;42;EUR;MWh;NO;NO;130.07;;130.07;130.07;1;UP
2025-02-22T10:30;2025-02-22T10:45;43;EUR;MWh;NO;NO;134;;134;134;1;UP
2025-02-22T10:45;2025-02-22T11:00;44;EUR;MWh;NO;NO;134;;134;134;1;UP
2025-02-22T11:00;2025-02-22T11:15;45;EUR;MWh;NO;NO;124.27;;124.27;124.27;1;UP
2025-02-22T11:15;2025-02-22T11:30;46;EUR;MWh;NO;NO;109.57;;109.57;109.57;1;UP
2025-02-22T11:30;2025-02-22T11:45;47;EUR;MWh;NO;NO;109.57;;109.57;109.57;1;UP
2025-02-22T11:45;2025-02-22T12:00;48;EUR;MWh;NO;NO;109.57;-4.7;-4.7;-4.7;-1;DOWN
2025-02-22T12:00;2025-02-22T12:15;49;EUR;MWh;NO;NO;;-28.59;-28.59;-28.59;-1;DOWN
2025-02-22T12:15;2025-02-22T12:30;50;EUR;MWh;NO;NO;;71;71;71;-1;DOWN
2025-02-22T12:30;2025-02-22T12:45;51;EUR;MWh;NO;NO;;62;62;62;-1;DOWN
2025-02-22T12:45;2025-02-22T13:00;52;EUR;MWh;NO;NO;;87.21;87.21;87.21;-1;DOWN
2025-02-22T13:00;2025-02-22T13:15;53;EUR;MWh;NO;NO;129.4;71;129.4;71;2;UP_AND_DOWN
2025-02-22T13:15;2025-02-22T13:30;54;EUR;MWh;NO;NO;132.8;;132.8;132.8;1;UP
2025-02-22T13:30;2025-02-22T13:45;55;EUR;MWh;NO;NO;108.57;;108.57;108.57;1;UP
2025-02-22T13:45;2025-02-22T14:00;56;EUR;MWh;NO;NO;65.07;;65.07;65.07;1;UP
2025-02-22T14:00;2025-02-22T14:15;57;EUR;MWh;NO;NO;75.07;97.13;80.5;80.5;2;UP_AND_DOWN
2025-02-22T14:15;2025-02-22T14:30;58;EUR;MWh;NO;NO;117.57;;117.57;117.57;1;UP
2025-02-22T14:30;2025-02-22T14:45;59;EUR;MWh;NO;NO;110.57;87.22;110.57;80.5;2;UP_AND_DOWN
2025-02-22T14:45;2025-02-22T15:00;60;EUR;MWh;NO;NO;133;;133;133;1;UP
2025-02-22T15:00;2025-02-22T15:15;61;EUR;MWh;NO;NO;109.57;;109.57;109.57;1;UP
2025-02-22T15:15;2025-02-22T15:30;62;EUR;MWh;NO;NO;109.57;;109.57;109.57;1;UP
2025-02-22T15:30;2025-02-22T15:45;63;EUR;MWh;NO;NO;134.4;;134.4;134.4;1;UP
2025-02-22T15:45;2025-02-22T16:00;64;EUR;MWh;NO;NO;134.3;;134.3;134.3;1;UP
2025-02-22T16:00;2025-02-22T16:15;65;EUR;MWh;NO;NO;130.57;47.97;47.97;47.97;-1;DOWN
2025-02-22T16:15;2025-02-22T16:30;66;EUR;MWh;NO;NO;;-4.01;-4.01;-4.01;-1;DOWN
2025-02-22T16:30;2025-02-22T16:45;67;EUR;MWh;NO;NO;;-27.7;-27.7;-27.7;-1;DOWN
2025-02-22T16:45;2025-02-22T17:00;68;EUR;MWh;NO;NO;65.07;-27.7;65.07;65.07;1;UP
2025-02-22T17:00;2025-02-22T17:15;69;EUR;MWh;NO;NO;62;21.65;83.79;21.65;2;UP_AND_DOWN
2025-02-22T17:15;2025-02-22T17:30;70;EUR;MWh;NO;NO;127;77.04;127;77.04;2;UP_AND_DOWN
2025-02-22T17:30;2025-02-22T17:45;71;EUR;MWh;NO;NO;108.57;62.04;108.57;62.04;2;UP_AND_DOWN
2025-02-22T17:45;2025-02-22T18:00;72;EUR;MWh;NO;NO;85.07;87.04;85.07;83.79;2;UP_AND_DOWN
2025-02-22T18:00;2025-02-22T18:15;73;EUR;MWh;NO;NO;75.07;101.57;83.79;83.79;2;UP_AND_DOWN
2025-02-22T18:15;2025-02-22T18:30;74;EUR;MWh;NO;NO;131;;131;131;1;UP
2025-02-22T18:30;2025-02-22T18:45;75;EUR;MWh;NO;NO;130.57;97.14;130.57;83.79;2;UP_AND_DOWN
2025-02-22T18:45;2025-02-22T19:00;76;EUR;MWh;NO;NO;136.4;;136.4;136.4;1;UP
2025-02-22T19:00;2025-02-22T19:15;77;EUR;MWh;NO;NO;192.6;;192.6;192.6;1;UP
2025-02-22T19:15;2025-02-22T19:30;78;EUR;MWh;NO;NO;148.57;;148.57;148.57;1;UP
2025-02-22T19:30;2025-02-22T19:45;79;EUR;MWh;NO;NO;136.4;95;136.4;83.79;2;UP_AND_DOWN
2025-02-22T19:45;2025-02-22T20:00;80;EUR;MWh;NO;NO;;92.04;92.04;92.04;-1;DOWN
2025-02-22T20:00;2025-02-22T20:15;81;EUR;MWh;NO;NO;62;97.14;83.79;83.79;2;UP_AND_DOWN
2025-02-22T20:15;2025-02-22T20:30;82;EUR;MWh;NO;NO;95.07;87.04;95.07;83.79;2;UP_AND_DOWN
2025-02-22T20:30;2025-02-22T20:45;83;EUR;MWh;NO;NO;136.4;77.04;136.4;77.04;2;UP_AND_DOWN
2025-02-22T20:45;2025-02-22T21:00;84;EUR;MWh;NO;NO;;100;100;100;-1;DOWN
2025-02-22T21:00;2025-02-22T21:15;85;EUR;MWh;NO;NO;136.4;105.57;136.4;136.4;1;UP
2025-02-22T21:15;2025-02-22T21:30;86;EUR;MWh;NO;NO;124.57;104.57;124.57;83.79;2;UP_AND_DOWN
2025-02-22T21:30;2025-02-22T21:45;87;EUR;MWh;NO;NO;;72.04;72.04;72.04;-1;DOWN
2025-02-22T21:45;2025-02-22T22:00;88;EUR;MWh;NO;NO;;82.04;82.04;82.04;-1;DOWN
2025-02-22T22:00;2025-02-22T22:15;89;EUR;MWh;NO;NO;150;62.04;150;62.04;2;UP_AND_DOWN
2025-02-22T22:15;2025-02-22T22:30;90;EUR;MWh;NO;NO;136.3;61;61;61;-1;DOWN
2025-02-22T22:30;2025-02-22T22:45;91;EUR;MWh;NO;NO;;66.75;66.75;66.75;-1;DOWN
2025-02-22T22:45;2025-02-22T23:00;92;EUR;MWh;NO;NO;;87.04;87.04;87.04;-1;DOWN
2025-02-22T23:00;2025-02-22T23:15;93;EUR;MWh;NO;NO;136.3;70.38;136.3;70.38;2;UP_AND_DOWN
2025-02-22T23:15;2025-02-22T23:30;94;EUR;MWh;NO;NO;109.57;;109.57;109.57;1;UP
2025-02-22T23:30;2025-02-22T23:45;95;EUR;MWh;NO;NO;;58;58;58;-1;DOWN
2025-02-22T23:45;2025-02-23T00:00;96;EUR;MWh;NO;NO;;47.96;47.96;47.96;-1;DOWN
2025-02-23T00:00;2025-02-23T00:15;1;EUR;MWh;NO;NO;;30;30;30;-1;DOWN
2025-02-23T00:15;2025-02-23T00:30;2;EUR;MWh;NO;NO;;10;10;10;-1;DOWN
2025-02-23T00:30;2025-02-23T00:45;3;EUR;MWh;NO;NO;;-30;-30;-30;-1;DOWN
2025-02-23T00:45;2025-02-23T01:00;4;EUR;MWh;NO;NO;109.8;94.62;109.8;79.46;2;UP_AND_DOWN
2025-02-23T01:00;2025-02-23T01:15;5;EUR;MWh;NO;NO;106.91;96.91;106.91;79.46;2;UP_AND_DOWN
2025-02-23T01:15;2025-02-23T01:30;6;EUR;MWh;NO;NO;106.9;;106.9;106.9;1;UP
2025-02-23T01:30;2025-02-23T01:45;7;EUR;MWh;NO;NO;100;;100;100;1;UP
2025-02-23T01:45;2025-02-23T02:00;8;EUR;MWh;NO;NO;65.07;50;50;50;-1;DOWN
2025-02-23T02:00;2025-02-23T02:15;9;EUR;MWh;NO;NO;75.07;50;79.46;50;2;UP_AND_DOWN
2025-02-23T02:15;2025-02-23T02:30;10;EUR;MWh;NO;NO;75.07;50;50;50;-1;DOWN
2025-02-23T02:30;2025-02-23T02:45;11;EUR;MWh;NO;NO;;50;50;50;-1;DOWN
2025-02-23T02:45;2025-02-23T03:00;12;EUR;MWh;NO;NO;;33;33;33;-1;DOWN
2025-02-23T03:00;2025-02-23T03:15;13;EUR;MWh;NO;NO;;28.53;28.53;28.53;-1;DOWN
2025-02-23T03:15;2025-02-23T03:30;14;EUR;MWh;NO;NO;;21.65;21.65;21.65;-1;DOWN
2025-02-23T03:30;2025-02-23T03:45;15;EUR;MWh;NO;NO;;30;30;30;-1;DOWN
2025-02-23T03:45;2025-02-23T04:00;16;EUR;MWh;NO;NO;;30;30;30;-1;DOWN
2025-02-23T04:00;2025-02-23T04:15;17;EUR;MWh;NO;NO;110;73.8;110;73.8;2;UP_AND_DOWN
2025-02-23T04:15;2025-02-23T04:30;18;EUR;MWh;NO;NO;117;;117;117;1;UP
2025-02-23T04:30;2025-02-23T04:45;19;EUR;MWh;NO;NO;115.55;;115.55;115.55;1;UP
2025-02-23T04:45;2025-02-23T05:00;20;EUR;MWh;NO;NO;125;;125;125;1;UP
2025-02-23T05:00;2025-02-23T05:15;21;EUR;MWh;NO;NO;140;;140;140;1;UP
2025-02-23T05:15;2025-02-23T05:30;22;EUR;MWh;NO;NO;150;;150;150;1;UP
2025-02-23T05:30;2025-02-23T05:45;23;EUR;MWh;NO;NO;150;;150;150;1;UP
2025-02-23T05:45;2025-02-23T06:00;24;EUR;MWh;NO;NO;133.7;;133.7;133.7;1;UP
2025-02-23T06:00;2025-02-23T06:15;25;EUR;MWh;NO;NO;124.01;;124.01;124.01;1;UP
2025-02-23T06:15;2025-02-23T06:30;26;EUR;MWh;NO;NO;112.26;;112.26;112.26;1;UP
2025-02-23T06:30;2025-02-23T06:45;27;EUR;MWh;NO;NO;112.25;;112.25;112.25;1;UP
2025-02-23T06:45;2025-02-23T07:00;28;EUR;MWh;NO;NO;126.09;;126.09;126.09;1;UP
2025-02-23T07:00;2025-02-23T07:15;29;EUR;MWh;NO;NO;167.7;;167.7;167.7;1;UP
2025-02-23T07:15;2025-02-23T07:30;30;EUR;MWh;NO;NO;167.7;;167.7;167.7;1;UP
2025-02-23T07:30;2025-02-23T07:45;31;EUR;MWh;NO;NO;150;;150;150;1;UP
2025-02-23T07:45;2025-02-23T08:00;32;EUR;MWh;NO;NO;119.26;;119.26;119.26;1;UP
2025-02-23T08:00;2025-02-23T08:15;33;EUR;MWh;NO;NO;140;;140;140;1;UP
2025-02-23T08:15;2025-02-23T08:30;34;EUR;MWh;NO;NO;150;;150;150;1;UP
2025-02-23T08:30;2025-02-23T08:45;35;EUR;MWh;NO;NO;133.8;;133.8;133.8;1;UP
2025-02-23T08:45;2025-02-23T09:00;36;EUR;MWh;NO;NO;133.9;;133.9;133.9;1;UP
2025-02-23T09:00;2025-02-23T09:15;37;EUR;MWh;NO;NO;133.9;;133.9;133.9;1;UP
2025-02-23T09:15;2025-02-23T09:30;38;EUR;MWh;NO;NO;110.17;1.7;112.54;1.7;2;UP_AND_DOWN
2025-02-23T09:30;2025-02-23T09:45;39;EUR;MWh;NO;NO;;-5.24;-5.24;-5.24;-1;DOWN
2025-02-23T09:45;2025-02-23T10:00;40;EUR;MWh;NO;NO;;-5.24;-5.24;-5.24;-1;DOWN
2025-02-23T10:00;2025-02-23T10:15;41;EUR;MWh;NO;NO;133.4;10;133.4;10;2;UP_AND_DOWN
2025-02-23T10:15;2025-02-23T10:30;42;EUR;MWh;NO;NO;65.07;-11.7;-11.7;-11.7;-1;DOWN
2025-02-23T10:30;2025-02-23T10:45;43;EUR;MWh;NO;NO;;-30;-30;-30;-1;DOWN
2025-02-23T10:45;2025-02-23T11:00;44;EUR;MWh;NO;NO;;-45;-45;-45;-1;DOWN
2025-02-23T11:00;2025-02-23T11:15;45;EUR;MWh;NO;NO;180;-24.4;180;-24.4;2;UP_AND_DOWN
2025-02-23T11:15;2025-02-23T11:30;46;EUR;MWh;NO;NO;180;-30;-30;-30;-1;DOWN
2025-02-23T11:30;2025-02-23T11:45;47;EUR;MWh;NO;NO;;-50;-50;-50;-1;DOWN
2025-02-23T11:45;2025-02-23T12:00;48;EUR;MWh;NO;NO;;-504.74;-504.74;-504.74;-1;DOWN
2025-02-23T12:00;2025-02-23T12:15;49;EUR;MWh;NO;NO;75.07;-50;75.47;-50;2;UP_AND_DOWN
2025-02-23T12:15;2025-02-23T12:30;50;EUR;MWh;NO;NO;;-45;-45;-45;-1;DOWN
2025-02-23T12:30;2025-02-23T12:45;51;EUR;MWh;NO;NO;85.07;-34.7;85.07;-34.7;2;UP_AND_DOWN
2025-02-23T12:45;2025-02-23T13:00;52;EUR;MWh;NO;NO;;-55;-55;-55;-1;DOWN
2025-02-23T13:00;2025-02-23T13:15;53;EUR;MWh;NO;NO;;-50.7;-50.7;-50.7;-1;DOWN
2025-02-23T13:15;2025-02-23T13:30;54;EUR;MWh;NO;NO;;-86;-86;-86;-1;DOWN
2025-02-23T13:30;2025-02-23T13:45;55;EUR;MWh;NO;NO;;-50.7;-50.7;-50.7;-1;DOWN
2025-02-23T13:45;2025-02-23T14:00;56;EUR;MWh;NO;NO;;-31;-31;-31;-1;DOWN
2025-02-23T14:00;2025-02-23T14:15;57;EUR;MWh;NO;NO;133.8;-499.9;133.8;-499.9;2;UP_AND_DOWN
2025-02-23T14:15;2025-02-23T14:30;58;EUR;MWh;NO;NO;177;-53.09;177;-53.09;2;UP_AND_DOWN
2025-02-23T14:30;2025-02-23T14:45;59;EUR;MWh;NO;NO;;-53.2;-53.2;-53.2;-1;DOWN
2025-02-23T14:45;2025-02-23T15:00;60;EUR;MWh;NO;NO;104.78;10;104.78;10;2;UP_AND_DOWN
2025-02-23T15:00;2025-02-23T15:15;61;EUR;MWh;NO;NO;75.07;-50.1;-50.1;-50.1;-1;DOWN
2025-02-23T15:15;2025-02-23T15:30;62;EUR;MWh;NO;NO;132.9;-31;132.9;-31;2;UP_AND_DOWN
2025-02-23T15:30;2025-02-23T15:45;63;EUR;MWh;NO;NO;113;-2.51;113;113;1;UP
2025-02-23T15:45;2025-02-23T16:00;64;EUR;MWh;NO;NO;116.17;50;116.17;116.17;1;UP
2025-02-23T16:00;2025-02-23T16:15;65;EUR;MWh;NO;NO;116.17;-11.59;-11.59;-11.59;-1;DOWN
2025-02-23T16:15;2025-02-23T16:30;66;EUR;MWh;NO;NO;;-12.1;-12.1;-12.1;-1;DOWN
2025-02-23T16:30;2025-02-23T16:45;67;EUR;MWh;NO;NO;132.7;;132.7;0;2;UP_AND_DOWN
2025-02-23T16:45;2025-02-23T17:00;68;EUR;MWh;NO;NO;147.95;;147.95;147.95;1;UP
2025-02-23T17:00;2025-02-23T17:15;69;EUR;MWh;NO;NO;100;-29.7;100;-29.7;2;UP_AND_DOWN
2025-02-23T17:15;2025-02-23T17:30;70;EUR;MWh;NO;NO;163.34;50;163.34;163.34;1;UP
2025-02-23T17:30;2025-02-23T17:45;71;EUR;MWh;NO;NO;166.81;;166.81;166.81;1;UP
2025-02-23T17:45;2025-02-23T18:00;72;EUR;MWh;NO;NO;115.55;;115.55;115.55;1;UP
2025-02-23T18:00;2025-02-23T18:15;73;EUR;MWh;NO;NO;100;94.62;100;80.4;2;UP_AND_DOWN
2025-02-23T18:15;2025-02-23T18:30;74;EUR;MWh;NO;NO;;98.8;98.8;98.8;-1;DOWN
2025-02-23T18:30;2025-02-23T18:45;75;EUR;MWh;NO;NO;;42;42;42;-1;DOWN
2025-02-23T18:45;2025-02-23T19:00;76;EUR;MWh;NO;NO;;42;42;42;-1;DOWN
2025-02-23T19:00;2025-02-23T19:15;77;EUR;MWh;NO;NO;62;21.4;79.46;21.4;2;UP_AND_DOWN
2025-02-23T19:15;2025-02-23T19:30;78;EUR;MWh;NO;NO;75.07;55;79.46;55;2;UP_AND_DOWN
2025-02-23T19:30;2025-02-23T19:45;79;EUR;MWh;NO;NO;;21.4;21.4;21.4;-1;DOWN
2025-02-23T19:45;2025-02-23T20:00;80;EUR;MWh;NO;NO;;21.4;21.4;21.4;-1;DOWN
2025-02-23T20:00;2025-02-23T20:15;81;EUR;MWh;NO;NO;;3.8;3.8;3.8;-1;DOWN
2025-02-23T20:15;2025-02-23T20:30;82;EUR;MWh;NO;NO;;3.8;3.8;3.8;-1;DOWN
2025-02-23T20:30;2025-02-23T20:45;83;EUR;MWh;NO;NO;;3.8;3.8;3.8;-1;DOWN
2025-02-23T20:45;2025-02-23T21:00;84;EUR;MWh;NO;NO;;3.8;3.8;3.8;-1;DOWN
2025-02-23T21:00;2025-02-23T21:15;85;EUR;MWh;NO;NO;;-29.9;-29.9;-29.9;-1;DOWN
2025-02-23T21:15;2025-02-23T21:30;86;EUR;MWh;NO;NO;;-5.95;-5.95;-5.95;-1;DOWN
2025-02-23T21:30;2025-02-23T21:45;87;EUR;MWh;NO;NO;;-7.9;-7.9;-7.9;-1;DOWN
2025-02-23T21:45;2025-02-23T22:00;88;EUR;MWh;NO;NO;;-10.9;-10.9;-10.9;-1;DOWN
2025-02-23T22:00;2025-02-23T22:15;89;EUR;MWh;NO;NO;;-18.3;-18.3;-18.3;-1;DOWN
2025-02-23T22:15;2025-02-23T22:30;90;EUR;MWh;NO;NO;;-7.7;-7.7;-7.7;-1;DOWN
2025-02-23T22:30;2025-02-23T22:45;91;EUR;MWh;NO;NO;;-8;-8;-8;-1;DOWN
2025-02-23T22:45;2025-02-23T23:00;92;EUR;MWh;NO;NO;;-11;-11;-11;-1;DOWN
2025-02-23T23:00;2025-02-23T23:15;93;EUR;MWh;NO;NO;;-8;-8;-8;-1;DOWN
2025-02-23T23:15;2025-02-23T23:30;94;EUR;MWh;NO;NO;;-8;-8;-8;-1;DOWN
2025-02-23T23:30;2025-02-23T23:45;95;EUR;MWh;NO;NO;;-13.57;-13.57;-13.57;-1;DOWN
2025-02-23T23:45;2025-02-24T00:00;96;EUR;MWh;NO;NO;;-20.83;-20.83;-20.83;-1;DOWN
2025-02-24T00:00;2025-02-24T00:15;1;EUR;MWh;NO;NO;;-40;-40;-40;-1;DOWN
2025-02-24T00:15;2025-02-24T00:30;2;EUR;MWh;NO;NO;;-18.16;-18.16;-18.16;-1;DOWN
2025-02-24T00:30;2025-02-24T00:45;3;EUR;MWh;NO;NO;;-28.16;-28.16;-28.16;-1;DOWN
2025-02-24T00:45;2025-02-24T01:00;4;EUR;MWh;NO;NO;;-30;-30;-30;-1;DOWN
2025-02-24T01:00;2025-02-24T01:15;5;EUR;MWh;NO;NO;;-29.6;-29.6;-29.6;-1;DOWN
2025-02-24T01:15;2025-02-24T01:30;6;EUR;MWh;NO;NO;;-31;-31;-31;-1;DOWN
2025-02-24T01:30;2025-02-24T01:45;7;EUR;MWh;NO;NO;;-71.59;-71.59;-71.59;-1;DOWN
2025-02-24T01:45;2025-02-24T02:00;8;EUR;MWh;NO;NO;;-31;-31;-31;-1;DOWN
2025-02-24T02:00;2025-02-24T02:15;9;EUR;MWh;NO;NO;62;-55;-55;-55;-1;DOWN
2025-02-24T02:15;2025-02-24T02:30;10;EUR;MWh;NO;NO;65.07;-30;65.07;-30;2;UP_AND_DOWN
2025-02-24T02:30;2025-02-24T02:45;11;EUR;MWh;NO;NO;;-30;-30;-30;-1;DOWN
2025-02-24T02:45;2025-02-24T03:00;12;EUR;MWh;NO;NO;;-45;-45;-45;-1;DOWN
2025-02-24T03:00;2025-02-24T03:15;13;EUR;MWh;NO;NO;125.58;-30;125.58;-30;2;UP_AND_DOWN
2025-02-24T03:15;2025-02-24T03:30;14;EUR;MWh;NO;NO;110.57;-29.6;110.57;-29.6;2;UP_AND_DOWN
2025-02-24T03:30;2025-02-24T03:45;15;EUR;MWh;NO;NO;95.07;-29.6;95.07;95.07;1;UP
2025-02-24T03:45;2025-02-24T04:00;16;EUR;MWh;NO;NO;;-30;-30;-30;-1;DOWN
2025-02-24T04:00;2025-02-24T04:15;17;EUR;MWh;NO;NO;;10;10;10;-1;DOWN
2025-02-24T04:15;2025-02-24T04:30;18;EUR;MWh;NO;NO;;-9.7;-9.7;-9.7;-1;DOWN
2025-02-24T04:30;2025-02-24T04:45;19;EUR;MWh;NO;NO;;-2.5;-2.5;-2.5;-1;DOWN
2025-02-24T04:45;2025-02-24T05:00;20;EUR;MWh;NO;NO;;10;10;10;-1;DOWN
2025-02-24T05:00;2025-02-24T05:15;21;EUR;MWh;NO;NO;;-45;-45;-45;-1;DOWN
2025-02-24T05:15;2025-02-24T05:30;22;EUR;MWh;NO;NO;;-1;-1;-1;-1;DOWN
2025-02-24T05:30;2025-02-24T05:45;23;EUR;MWh;NO;NO;;21.65;21.65;21.65;-1;DOWN
2025-02-24T05:45;2025-02-24T06:00;24;EUR;MWh;NO;NO;95.04;-2.25;95.04;-2.25;2;UP_AND_DOWN
2025-02-24T06:00;2025-02-24T06:15;25;EUR;MWh;NO;NO;65.07;-30;65.07;-30;2;UP_AND_DOWN
2025-02-24T06:15;2025-02-24T06:30;26;EUR;MWh;NO;NO;110.17;-30;110.17;110.17;1;UP
2025-02-24T06:30;2025-02-24T06:45;27;EUR;MWh;NO;NO;139.66;;139.66;139.66;1;UP
2025-02-24T06:45;2025-02-24T07:00;28;EUR;MWh;NO;NO;147;;147;147;1;UP
2025-02-24T07:00;2025-02-24T07:15;29;EUR;MWh;NO;NO;65.07;-50;65.07;-50;2;UP_AND_DOWN
2025-02-24T07:15;2025-02-24T07:30;30;EUR;MWh;NO;NO;134;-50;134;134;1;UP
2025-02-24T07:30;2025-02-24T07:45;31;EUR;MWh;NO;NO;134;;134;134;1;UP
2025-02-24T07:45;2025-02-24T08:00;32;EUR;MWh;NO;NO;136.57;;136.57;136.57;1;UP
2025-02-24T08:00;2025-02-24T08:15;33;EUR;MWh;NO;NO;134.1;15.6;134.1;15.6;2;UP_AND_DOWN
2025-02-24T08:15;2025-02-24T08:30;34;EUR;MWh;NO;NO;134.1;80.17;134.1;76.12;2;UP_AND_DOWN
2025-02-24T08:30;2025-02-24T08:45;35;EUR;MWh;NO;NO;115;;115;115;1;UP
2025-02-24T08:45;2025-02-24T09:00;36;EUR;MWh;NO;NO;115;22;115;22;2;UP_AND_DOWN
2025-02-24T09:00;2025-02-24T09:15;37;EUR;MWh;NO;NO;115;87.17;115;74.59;2;UP_AND_DOWN
2025-02-24T09:15;2025-02-24T09:30;38;EUR;MWh;NO;NO;115;22;115;22;2;UP_AND_DOWN
2025-02-24T09:30;2025-02-24T09:45;39;EUR;MWh;NO;NO;114.05;1;114.05;1;2;UP_AND_DOWN
2025-02-24T09:45;2025-02-24T10:00;40;EUR;MWh;NO;NO;;-3.21;-3.21;-3.21;-1;DOWN
2025-02-24T10:00;2025-02-24T10:15;41;EUR;MWh;NO;NO;;-30;-30;-30;-1;DOWN
2025-02-24T10:15;2025-02-24T10:30;42;EUR;MWh;NO;NO;;-7.2;-7.2;-7.2;-1;DOWN
2025-02-24T10:30;2025-02-24T10:45;43;EUR;MWh;NO;NO;;-7.2;-7.2;-7.2;-1;DOWN
2025-02-24T10:45;2025-02-24T11:00;44;EUR;MWh;NO;NO;;-10.97;-10.97;-10.97;-1;DOWN
2025-02-24T11:00;2025-02-24T11:15;45;EUR;MWh;NO;NO;;-4.7;-4.7;-4.7;-1;DOWN
2025-02-24T11:15;2025-02-24T11:30;46;EUR;MWh;NO;NO;;10;10;10;-1;DOWN
2025-02-24T11:30;2025-02-24T11:45;47;EUR;MWh;NO;NO;;10;10;10;-1;DOWN
2025-02-24T11:45;2025-02-24T12:00;48;EUR;MWh;NO;NO;100;10;100;10;2;UP_AND_DOWN
2025-02-24T12:00;2025-02-24T12:15;49;EUR;MWh;NO;NO;65.07;-2.95;65.07;65.07;1;UP
2025-02-24T12:15;2025-02-24T12:30;50;EUR;MWh;NO;NO;100;;100;100;1;UP
2025-02-24T12:30;2025-02-24T12:45;51;EUR;MWh;NO;NO;119;;119;119;1;UP
2025-02-24T12:45;2025-02-24T13:00;52;EUR;MWh;NO;NO;107;;107;107;1;UP
2025-02-24T13:00;2025-02-24T13:15;53;EUR;MWh;NO;NO;62;-506.38;62;-506.38;2;UP_AND_DOWN
2025-02-24T13:15;2025-02-24T13:30;54;EUR;MWh;NO;NO;119;-3.15;119;-3.15;2;UP_AND_DOWN
2025-02-24T13:30;2025-02-24T13:45;55;EUR;MWh;NO;NO;;-5.3;-5.3;-5.3;-1;DOWN
2025-02-24T13:45;2025-02-24T14:00;56;EUR;MWh;NO;NO;65.07;-5.3;65.07;65.07;1;UP
2025-02-24T14:00;2025-02-24T14:15;57;EUR;MWh;NO;NO;100;;100;100;1;UP
2025-02-24T14:15;2025-02-24T14:30;58;EUR;MWh;NO;NO;100;-3.04;-3.04;-3.04;-1;DOWN
2025-02-24T14:30;2025-02-24T14:45;59;EUR;MWh;NO;NO;116.17;-3.04;116.17;-3.04;2;UP_AND_DOWN
2025-02-24T14:45;2025-02-24T15:00;60;EUR;MWh;NO;NO;75.07;-2.9;-2.9;-2.9;-1;DOWN
2025-02-24T15:00;2025-02-24T15:15;61;EUR;MWh;NO;NO;130;-32.3;130;-32.3;2;UP_AND_DOWN
2025-02-24T15:15;2025-02-24T15:30;62;EUR;MWh;NO;NO;1895;-506.47;1895;-506.47;2;UP_AND_DOWN
2025-02-24T15:30;2025-02-24T15:45;63;EUR;MWh;NO;NO;1895;-525.57;1895;-525.57;2;UP_AND_DOWN
2025-02-24T15:45;2025-02-24T16:00;64;EUR;MWh;NO;NO;;-407.35;-407.35;-407.35;-1;DOWN
2025-02-24T16:00;2025-02-24T16:15;65;EUR;MWh;NO;NO;;-61.91;-61.91;-61.91;-1;DOWN
2025-02-24T16:15;2025-02-24T16:30;66;EUR;MWh;NO;NO;;-30;-30;-30;-1;DOWN
2025-02-24T16:30;2025-02-24T16:45;67;EUR;MWh;NO;NO;;-40;-40;-40;-1;DOWN
2025-02-24T16:45;2025-02-24T17:00;68;EUR;MWh;NO;NO;;-9.96;-9.96;-9.96;-1;DOWN
2025-02-24T17:00;2025-02-24T17:15;69;EUR;MWh;NO;NO;65.07;-2.58;79.16;-2.58;2;UP_AND_DOWN
2025-02-24T17:15;2025-02-24T17:30;70;EUR;MWh;NO;NO;107;-2.58;107;107;1;UP
2025-02-24T17:30;2025-02-24T17:45;71;EUR;MWh;NO;NO;62;18.89;79.16;18.89;2;UP_AND_DOWN
2025-02-24T17:45;2025-02-24T18:00;72;EUR;MWh;NO;NO;;18.89;18.89;18.89;-1;DOWN
2025-02-24T18:00;2025-02-24T18:15;73;EUR;MWh;NO;NO;;39.79;39.79;39.79;-1;DOWN
2025-02-24T18:15;2025-02-24T18:30;74;EUR;MWh;NO;NO;62;96.57;79.29;79.29;2;UP_AND_DOWN
2025-02-24T18:30;2025-02-24T18:45;75;EUR;MWh;NO;NO;;87.17;87.17;87.17;-1;DOWN
2025-02-24T18:45;2025-02-24T19:00;76;EUR;MWh;NO;NO;;86.57;86.57;86.57;-1;DOWN
2025-02-24T19:00;2025-02-24T19:15;77;EUR;MWh;NO;NO;;87.96;87.96;87.96;-1;DOWN
2025-02-24T19:15;2025-02-24T19:30;78;EUR;MWh;NO;NO;;92.96;92.96;92.96;-1;DOWN
2025-02-24T19:30;2025-02-24T19:45;79;EUR;MWh;NO;NO;;87.96;87.96;87.96;-1;DOWN
2025-02-24T19:45;2025-02-24T20:00;80;EUR;MWh;NO;NO;;67.57;67.57;67.57;-1;DOWN
2025-02-24T20:00;2025-02-24T20:15;81;EUR;MWh;NO;NO;;57.96;57.96;57.96;-1;DOWN
2025-02-24T20:15;2025-02-24T20:30;82;EUR;MWh;NO;NO;;57.96;57.96;57.96;-1;DOWN
2025-02-24T20:30;2025-02-24T20:45;83;EUR;MWh;NO;NO;;37.96;37.96;37.96;-1;DOWN
2025-02-24T20:45;2025-02-24T21:00;84;EUR;MWh;NO;NO;;31.8;31.8;31.8;-1;DOWN
2025-02-24T21:00;2025-02-24T21:15;85;EUR;MWh;NO;NO;100;62;100;62;2;UP_AND_DOWN
2025-02-24T21:15;2025-02-24T21:30;86;EUR;MWh;NO;NO;;74.17;74.17;74.17;-1;DOWN
2025-02-24T21:30;2025-02-24T21:45;87;EUR;MWh;NO;NO;;73.57;73.57;73.57;-1;DOWN
2025-02-24T21:45;2025-02-24T22:00;88;EUR;MWh;NO;NO;62;73.57;79.29;73.57;2;UP_AND_DOWN
2025-02-24T22:00;2025-02-24T22:15;89;EUR;MWh;NO;NO;;;0;0;-1;DOWN
2025-02-24T22:15;2025-02-24T22:30;90;EUR;MWh;NO;NO;;110.06;110.06;110.06;-1;DOWN
2025-02-24T22:30;2025-02-24T22:45;91;EUR;MWh;NO;NO;;62;62;62;-1;DOWN
2025-02-24T22:45;2025-02-24T23:00;92;EUR;MWh;NO;NO;;57.85;57.85;57.85;-1;DOWN
2025-02-24T23:00;2025-02-24T23:15;93;EUR;MWh;NO;NO;62;80.17;74.59;74.59;2;UP_AND_DOWN
2025-02-24T23:15;2025-02-24T23:30;94;EUR;MWh;NO;NO;;50;50;50;-1;DOWN
2025-02-24T23:30;2025-02-24T23:45;95;EUR;MWh;NO;NO;;62;62;62;-1;DOWN
2025-02-24T23:45;2025-02-25T00:00;96;EUR;MWh;NO;NO;;42.17;42.17;42.17;-1;DOWN
2025-02-25T00:00;2025-02-25T00:15;1;EUR;MWh;NO;NO;65.07;50;79.52;50;2;UP_AND_DOWN
2025-02-25T00:15;2025-02-25T00:30;2;EUR;MWh;NO;NO;116;;116;116;1;UP
2025-02-25T00:30;2025-02-25T00:45;3;EUR;MWh;NO;NO;125;;125;125;1;UP
2025-02-25T00:45;2025-02-25T01:00;4;EUR;MWh;NO;NO;125;;125;125;1;UP
2025-02-25T01:00;2025-02-25T01:15;5;EUR;MWh;NO;NO;149.07;;149.07;149.07;1;UP
2025-02-25T01:15;2025-02-25T01:30;6;EUR;MWh;NO;NO;134.3;;134.3;134.3;1;UP
2025-02-25T01:30;2025-02-25T01:45;7;EUR;MWh;NO;NO;108.24;;108.24;108.24;1;UP
2025-02-25T01:45;2025-02-25T02:00;8;EUR;MWh;NO;NO;;51.65;51.65;51.65;-1;DOWN
2025-02-25T02:00;2025-02-25T02:15;9;EUR;MWh;NO;NO;;51.65;104.5;104.5;0;STABLE
2025-02-25T02:15;2025-02-25T02:30;10;EUR;MWh;NO;NO;;147;147;147;-1;DOWN
2025-02-25T02:30;2025-02-25T02:45;11;EUR;MWh;NO;NO;;96.04;96.04;96.04;-1;DOWN
2025-02-25T02:45;2025-02-25T03:00;12;EUR;MWh;NO;NO;;93.04;93.04;93.04;-1;DOWN
2025-02-25T03:00;2025-02-25T03:15;13;EUR;MWh;NO;NO;125;66.65;125;66.65;2;UP_AND_DOWN
2025-02-25T03:15;2025-02-25T03:30;14;EUR;MWh;NO;NO;123;;123;123;1;UP
2025-02-25T03:30;2025-02-25T03:45;15;EUR;MWh;NO;NO;123;;80.56;80.56;0;STABLE
2025-02-25T03:45;2025-02-25T04:00;16;EUR;MWh;NO;NO;134.1;;134.1;134.1;1;UP
2025-02-25T04:00;2025-02-25T04:15;17;EUR;MWh;NO;NO;125;;125;125;1;UP
2025-02-25T04:15;2025-02-25T04:30;18;EUR;MWh;NO;NO;125;;125;125;1;UP
2025-02-25T04:30;2025-02-25T04:45;19;EUR;MWh;NO;NO;134;;134;134;1;UP
2025-02-25T04:45;2025-02-25T05:00;20;EUR;MWh;NO;NO;134;;134;134;1;UP
2025-02-25T05:00;2025-02-25T05:15;21;EUR;MWh;NO;NO;125;;125;125;1;UP
2025-02-25T05:15;2025-02-25T05:30;22;EUR;MWh;NO;NO;134;;134;134;1;UP
2025-02-25T05:30;2025-02-25T05:45;23;EUR;MWh;NO;NO;134;;134;134;1;UP
2025-02-25T05:45;2025-02-25T06:00;24;EUR;MWh;NO;NO;146.87;;146.87;146.87;1;UP
2025-02-25T06:00;2025-02-25T06:15;25;EUR;MWh;NO;NO;134;;134;134;1;UP
2025-02-25T06:15;2025-02-25T06:30;26;EUR;MWh;NO;NO;134;;134;134;1;UP
2025-02-25T06:30;2025-02-25T06:45;27;EUR;MWh;NO;NO;134;;134;134;1;UP
2025-02-25T06:45;2025-02-25T07:00;28;EUR;MWh;NO;NO;213.15;;213.15;213.15;1;UP
2025-02-25T07:00;2025-02-25T07:15;29;EUR;MWh;NO;NO;1895;;1895;1895;1;UP
2025-02-25T07:15;2025-02-25T07:30;30;EUR;MWh;NO;NO;500;;500;500;1;UP
2025-02-25T07:30;2025-02-25T07:45;31;EUR;MWh;NO;NO;1895;;1895;1895;1;UP
2025-02-25T07:45;2025-02-25T08:00;32;EUR;MWh;NO;NO;1895;;1895;1895;1;UP
2025-02-25T08:00;2025-02-25T08:15;33;EUR;MWh;NO;NO;1895;91.85;91.85;91.85;-1;DOWN
2025-02-25T08:15;2025-02-25T08:30;34;EUR;MWh;NO;NO;;87.57;87.57;87.57;-1;DOWN
2025-02-25T08:30;2025-02-25T08:45;35;EUR;MWh;NO;NO;;72.99;72.99;72.99;-1;DOWN
2025-02-25T08:45;2025-02-25T09:00;36;EUR;MWh;NO;NO;;72.99;72.99;72.99;-1;DOWN
2025-02-25T09:00;2025-02-25T09:15;37;EUR;MWh;NO;NO;;88.99;88.99;88.99;-1;DOWN
2025-02-25T09:15;2025-02-25T09:30;38;EUR;MWh;NO;NO;;63;63;63;-1;DOWN
2025-02-25T09:30;2025-02-25T09:45;39;EUR;MWh;NO;NO;;63;63;63;-1;DOWN
2025-02-25T09:45;2025-02-25T10:00;40;EUR;MWh;NO;NO;;52.11;52.11;52.11;-1;DOWN
2025-02-25T10:00;2025-02-25T10:15;41;EUR;MWh;NO;NO;;52.11;52.11;52.11;-1;DOWN
2025-02-25T10:15;2025-02-25T10:30;42;EUR;MWh;NO;NO;;62.08;62.08;62.08;-1;DOWN
2025-02-25T10:30;2025-02-25T10:45;43;EUR;MWh;NO;NO;;62.08;62.08;62.08;-1;DOWN
2025-02-25T10:45;2025-02-25T11:00;44;EUR;MWh;NO;NO;;51.65;51.65;51.65;-1;DOWN
2025-02-25T11:00;2025-02-25T11:15;45;EUR;MWh;NO;NO;;66.65;66.65;66.65;-1;DOWN
2025-02-25T11:15;2025-02-25T11:30;46;EUR;MWh;NO;NO;;82.68;82.68;82.68;-1;DOWN
2025-02-25T11:30;2025-02-25T11:45;47;EUR;MWh;NO;NO;;63;63;63;-1;DOWN
2025-02-25T11:45;2025-02-25T12:00;48;EUR;MWh;NO;NO;;86.52;86.52;86.52;-1;DOWN
2025-02-25T12:00;2025-02-25T12:15;49;EUR;MWh;NO;NO;;95;95;95;-1;DOWN
2025-02-25T12:15;2025-02-25T12:30;50;EUR;MWh;NO;NO;;95.44;95.44;95.44;-1;DOWN
2025-02-25T12:30;2025-02-25T12:45;51;EUR;MWh;NO;NO;;91.39;91.39;91.39;-1;DOWN
2025-02-25T12:45;2025-02-25T13:00;52;EUR;MWh;NO;NO;;90.04;90.04;90.04;-1;DOWN
2025-02-25T13:00;2025-02-25T13:15;53;EUR;MWh;NO;NO;;75.04;75.04;75.04;-1;DOWN
2025-02-25T13:15;2025-02-25T13:30;54;EUR;MWh;NO;NO;;86.8;86.8;86.8;-1;DOWN
2025-02-25T13:30;2025-02-25T13:45;55;EUR;MWh;NO;NO;;89.66;89.66;89.66;-1;DOWN
2025-02-25T13:45;2025-02-25T14:00;56;EUR;MWh;NO;NO;;85.99;85.99;85.99;-1;DOWN
2025-02-25T14:00;2025-02-25T14:15;57;EUR;MWh;NO;NO;;56.16;56.16;56.16;-1;DOWN
2025-02-25T14:15;2025-02-25T14:30;58;EUR;MWh;NO;NO;;78.99;78.99;78.99;-1;DOWN
2025-02-25T14:30;2025-02-25T14:45;59;EUR;MWh;NO;NO;;77.8;77.8;77.8;-1;DOWN
2025-02-25T14:45;2025-02-25T15:00;60;EUR;MWh;NO;NO;;98.04;98.04;98.04;-1;DOWN
2025-02-25T15:00;2025-02-25T15:15;61;EUR;MWh;NO;NO;;72.99;72.99;72.99;-1;DOWN
2025-02-25T15:15;2025-02-25T15:30;62;EUR;MWh;NO;NO;;90.04;90.04;90.04;-1;DOWN
2025-02-25T15:30;2025-02-25T15:45;63;EUR;MWh;NO;NO;134.3;104.86;134.3;85.72;2;UP_AND_DOWN
2025-02-25T15:45;2025-02-25T16:00;64;EUR;MWh;NO;NO;134.3;;134.3;134.3;1;UP
2025-02-25T16:00;2025-02-25T16:15;65;EUR;MWh;NO;NO;134.3;;134.3;134.3;1;UP
2025-02-25T16:15;2025-02-25T16:30;66;EUR;MWh;NO;NO;132.33;94.39;132.33;84.68;2;UP_AND_DOWN
2025-02-25T16:30;2025-02-25T16:45;67;EUR;MWh;NO;NO;;83.91;83.91;83.91;-1;DOWN
2025-02-25T16:45;2025-02-25T17:00;68;EUR;MWh;NO;NO;;95.04;95.04;95.04;-1;DOWN
2025-02-25T17:00;2025-02-25T17:15;69;EUR;MWh;NO;NO;;94.39;94.39;94.39;-1;DOWN
2025-02-25T17:15;2025-02-25T17:30;70;EUR;MWh;NO;NO;125;87.57;125;82.99;2;UP_AND_DOWN
2025-02-25T17:30;2025-02-25T17:45;71;EUR;MWh;NO;NO;179.06;;179.06;179.06;1;UP
2025-02-25T17:45;2025-02-25T18:00;72;EUR;MWh;NO;NO;209.06;;209.06;209.06;1;UP
2025-02-25T18:00;2025-02-25T18:15;73;EUR;MWh;NO;NO;125;;125;125;1;UP
2025-02-25T18:15;2025-02-25T18:30;74;EUR;MWh;NO;NO;235.34;;235.34;235.34;1;UP
2025-02-25T18:30;2025-02-25T18:45;75;EUR;MWh;NO;NO;149.06;;149.06;149.06;1;UP
2025-02-25T18:45;2025-02-25T19:00;76;EUR;MWh;NO;NO;172;;172;172;1;UP
2025-02-25T19:00;2025-02-25T19:15;77;EUR;MWh;NO;NO;149.06;;149.06;149.06;1;UP
2025-02-25T19:15;2025-02-25T19:30;78;EUR;MWh;NO;NO;125;;125;125;1;UP
2025-02-25T19:30;2025-02-25T19:45;79;EUR;MWh;NO;NO;132.49;;132.49;132.49;1;UP
2025-02-25T19:45;2025-02-25T20:00;80;EUR;MWh;NO;NO;;97.9;97.9;97.9;-1;DOWN
2025-02-25T20:00;2025-02-25T20:15;81;EUR;MWh;NO;NO;133.4;103.28;133.4;103.28;2;UP_AND_DOWN
2025-02-25T20:15;2025-02-25T20:30;82;EUR;MWh;NO;NO;131.11;;131.11;131.11;1;UP
2025-02-25T20:30;2025-02-25T20:45;83;EUR;MWh;NO;NO;125;100;125;94.5;2;UP_AND_DOWN
2025-02-25T20:45;2025-02-25T21:00;84;EUR;MWh;NO;NO;125;98.04;98.04;98.04;-1;DOWN
2025-02-25T21:00;2025-02-25T21:15;85;EUR;MWh;NO;NO;168.9;97.59;168.9;85.5;2;UP_AND_DOWN
2025-02-25T21:15;2025-02-25T21:30;86;EUR;MWh;NO;NO;114.06;95;114.06;85;2;UP_AND_DOWN
2025-02-25T21:30;2025-02-25T21:45;87;EUR;MWh;NO;NO;;80.04;80.04;80.04;-1;DOWN
2025-02-25T21:45;2025-02-25T22:00;88;EUR;MWh;NO;NO;;75.04;75.04;75.04;-1;DOWN
2025-02-25T22:00;2025-02-25T22:15;89;EUR;MWh;NO;NO;;85.99;85.99;85.99;-1;DOWN
2025-02-25T22:15;2025-02-25T22:30;90;EUR;MWh;NO;NO;114.06;95;114.06;83.17;2;UP_AND_DOWN
2025-02-25T22:30;2025-02-25T22:45;91;EUR;MWh;NO;NO;103.9;;103.9;103.9;1;UP
2025-02-25T22:45;2025-02-25T23:00;92;EUR;MWh;NO;NO;63;;63;63;1;UP
2025-02-25T23:00;2025-02-25T23:15;93;EUR;MWh;NO;NO;170.9;;170.9;170.9;1;UP
2025-02-25T23:15;2025-02-25T23:30;94;EUR;MWh;NO;NO;114.06;109;109;109;-1;DOWN
2025-02-25T23:30;2025-02-25T23:45;95;EUR;MWh;NO;NO;133.9;109;133.9;133.9;1;UP
2025-02-25T23:45;2025-02-26T00:00;96;EUR;MWh;NO;NO;133.9;95;95;95;-1;DOWN
2025-02-26T00:00;2025-02-26T00:15;1;EUR;MWh;NO;NO;65.07;95;85.04;85.04;2;UP_AND_DOWN
2025-02-26T00:15;2025-02-26T00:30;2;EUR;MWh;NO;NO;65.07;;65.07;65.07;1;UP
2025-02-26T00:30;2025-02-26T00:45;3;EUR;MWh;NO;NO;65.07;;65.07;65.07;1;UP
2025-02-26T00:45;2025-02-26T01:00;4;EUR;MWh;NO;NO;102.62;;102.62;102.62;1;UP
2025-02-26T01:00;2025-02-26T01:15;5;EUR;MWh;NO;NO;169.7;;169.7;169.7;1;UP
2025-02-26T01:15;2025-02-26T01:30;6;EUR;MWh;NO;NO;129.76;;129.76;129.76;1;UP
2025-02-26T01:30;2025-02-26T01:45;7;EUR;MWh;NO;NO;109.62;;109.62;109.62;1;UP
2025-02-26T01:45;2025-02-26T02:00;8;EUR;MWh;NO;NO;55.07;102.57;79.82;79.82;2;UP_AND_DOWN
2025-02-26T02:00;2025-02-26T02:15;9;EUR;MWh;NO;NO;;102.57;102.57;102.57;-1;DOWN
2025-02-26T02:15;2025-02-26T02:30;10;EUR;MWh;NO;NO;65.07;;65.07;65.07;1;UP
2025-02-26T02:30;2025-02-26T02:45;11;EUR;MWh;NO;NO;119.62;;119.62;119.62;1;UP
2025-02-26T02:45;2025-02-26T03:00;12;EUR;MWh;NO;NO;100.75;95;95;95;-1;DOWN
2025-02-26T03:00;2025-02-26T03:15;13;EUR;MWh;NO;NO;117.87;95;117.87;79.82;2;UP_AND_DOWN
2025-02-26T03:15;2025-02-26T03:30;14;EUR;MWh;NO;NO;118;;118;118;1;UP
2025-02-26T03:30;2025-02-26T03:45;15;EUR;MWh;NO;NO;55.07;;55.07;55.07;1;UP
2025-02-26T03:45;2025-02-26T04:00;16;EUR;MWh;NO;NO;104;;104;104;1;UP
2025-02-26T04:00;2025-02-26T04:15;17;EUR;MWh;NO;NO;55.07;100.57;79.82;79.82;2;UP_AND_DOWN
2025-02-26T04:15;2025-02-26T04:30;18;EUR;MWh;NO;NO;;90;90;90;-1;DOWN
2025-02-26T04:30;2025-02-26T04:45;19;EUR;MWh;NO;NO;65.07;103.57;80.61;80.61;2;UP_AND_DOWN
2025-02-26T04:45;2025-02-26T05:00;20;EUR;MWh;NO;NO;105;;105;105;1;UP
2025-02-26T05:00;2025-02-26T05:15;21;EUR;MWh;NO;NO;;86.72;86.72;86.72;-1;DOWN
2025-02-26T05:15;2025-02-26T05:30;22;EUR;MWh;NO;NO;105;104.57;105;79.82;2;UP_AND_DOWN
2025-02-26T05:30;2025-02-26T05:45;23;EUR;MWh;NO;NO;134.7;;134.7;134.7;1;UP
2025-02-26T05:45;2025-02-26T06:00;24;EUR;MWh;NO;NO;134.7;101.15;134.7;134.7;1;UP
2025-02-26T06:00;2025-02-26T06:15;25;EUR;MWh;NO;NO;134.7;66.41;66.41;66.41;-1;DOWN
2025-02-26T06:15;2025-02-26T06:30;26;EUR;MWh;NO;NO;;99.6;99.6;99.6;-1;DOWN
2025-02-26T06:30;2025-02-26T06:45;27;EUR;MWh;NO;NO;120.75;104.57;120.75;79.82;2;UP_AND_DOWN
2025-02-26T06:45;2025-02-26T07:00;28;EUR;MWh;NO;NO;134.5;;134.5;134.5;1;UP
2025-02-26T07:00;2025-02-26T07:15;29;EUR;MWh;NO;NO;172.2;;172.2;172.2;1;UP
2025-02-26T07:15;2025-02-26T07:30;30;EUR;MWh;NO;NO;172.2;;172.2;172.2;1;UP
2025-02-26T07:30;2025-02-26T07:45;31;EUR;MWh;NO;NO;140;;140;140;1;UP
2025-02-26T07:45;2025-02-26T08:00;32;EUR;MWh;NO;NO;112.76;;112.76;112.76;1;UP
2025-02-26T08:00;2025-02-26T08:15;33;EUR;MWh;NO;NO;191.2;;191.2;191.2;1;UP
2025-02-26T08:15;2025-02-26T08:30;34;EUR;MWh;NO;NO;170.4;;170.4;170.4;1;UP
2025-02-26T08:30;2025-02-26T08:45;35;EUR;MWh;NO;NO;140;;140;140;1;UP
2025-02-26T08:45;2025-02-26T09:00;36;EUR;MWh;NO;NO;129.03;;129.03;129.03;1;UP
2025-02-26T09:00;2025-02-26T09:15;37;EUR;MWh;NO;NO;111.52;;111.52;111.52;1;UP
2025-02-26T09:15;2025-02-26T09:30;38;EUR;MWh;NO;NO;134.9;106;134.9;106;2;UP_AND_DOWN
2025-02-26T09:30;2025-02-26T09:45;39;EUR;MWh;NO;NO;;88.38;88.38;88.38;-1;DOWN
2025-02-26T09:45;2025-02-26T10:00;40;EUR;MWh;NO;NO;;78.04;78.04;78.04;-1;DOWN
2025-02-26T10:00;2025-02-26T10:15;41;EUR;MWh;NO;NO;135.2;88.38;135.2;79.82;2;UP_AND_DOWN
2025-02-26T10:15;2025-02-26T10:30;42;EUR;MWh;NO;NO;154.03;;154.03;154.03;1;UP
2025-02-26T10:30;2025-02-26T10:45;43;EUR;MWh;NO;NO;110.04;80.38;110.04;79.82;2;UP_AND_DOWN
2025-02-26T10:45;2025-02-26T11:00;44;EUR;MWh;NO;NO;110.04;62;62;62;-1;DOWN
2025-02-26T11:00;2025-02-26T11:15;45;EUR;MWh;NO;NO;118.44;-31;118.44;-31;2;UP_AND_DOWN
2025-02-26T11:15;2025-02-26T11:30;46;EUR;MWh;NO;NO;115.56;65.04;115.56;65.04;2;UP_AND_DOWN
2025-02-26T11:30;2025-02-26T11:45;47;EUR;MWh;NO;NO;;12;12;12;-1;DOWN
2025-02-26T11:45;2025-02-26T12:00;48;EUR;MWh;NO;NO;;-134.6;-134.6;-134.6;-1;DOWN
2025-02-26T12:00;2025-02-26T12:15;49;EUR;MWh;NO;NO;108.04;-134.6;108.04;108.04;1;UP
2025-02-26T12:15;2025-02-26T12:30;50;EUR;MWh;NO;NO;;87;87;87;-1;DOWN
2025-02-26T12:30;2025-02-26T12:45;51;EUR;MWh;NO;NO;100;;100;100;1;UP
2025-02-26T12:45;2025-02-26T13:00;52;EUR;MWh;NO;NO;55.07;80.04;79.82;79.82;2;UP_AND_DOWN
2025-02-26T13:00;2025-02-26T13:15;53;EUR;MWh;NO;NO;;25;25;25;-1;DOWN
2025-02-26T13:15;2025-02-26T13:30;54;EUR;MWh;NO;NO;;49.57;49.57;49.57;-1;DOWN
2025-02-26T13:30;2025-02-26T13:45;55;EUR;MWh;NO;NO;;75.64;75.64;75.64;-1;DOWN
2025-02-26T13:45;2025-02-26T14:00;56;EUR;MWh;NO;NO;;71.12;71.12;71.12;-1;DOWN
2025-02-26T14:00;2025-02-26T14:15;57;EUR;MWh;NO;NO;;-30.1;-30.1;-30.1;-1;DOWN
2025-02-26T14:15;2025-02-26T14:30;58;EUR;MWh;NO;NO;;-9.06;-9.06;-9.06;-1;DOWN
2025-02-26T14:30;2025-02-26T14:45;59;EUR;MWh;NO;NO;;11;11;11;-1;DOWN
2025-02-26T14:45;2025-02-26T15:00;60;EUR;MWh;NO;NO;;10;10;10;-1;DOWN
2025-02-26T15:00;2025-02-26T15:15;61;EUR;MWh;NO;NO;;-48.66;-48.66;-48.66;-1;DOWN
2025-02-26T15:15;2025-02-26T15:30;62;EUR;MWh;NO;NO;;84.57;84.57;84.57;-1;DOWN
2025-02-26T15:30;2025-02-26T15:45;63;EUR;MWh;NO;NO;135.5;86;135.5;135.5;1;UP
2025-02-26T15:45;2025-02-26T16:00;64;EUR;MWh;NO;NO;135.4;;135.4;135.4;1;UP
2025-02-26T16:00;2025-02-26T16:15;65;EUR;MWh;NO;NO;120;93.31;120;79.82;2;UP_AND_DOWN
2025-02-26T16:15;2025-02-26T16:30;66;EUR;MWh;NO;NO;101;90.04;101;79.82;2;UP_AND_DOWN
2025-02-26T16:30;2025-02-26T16:45;67;EUR;MWh;NO;NO;105.06;;105.06;105.06;1;UP
2025-02-26T16:45;2025-02-26T17:00;68;EUR;MWh;NO;NO;110.93;80.14;110.93;79.82;2;UP_AND_DOWN
2025-02-26T17:00;2025-02-26T17:15;69;EUR;MWh;NO;NO;151.13;;151.13;151.13;1;UP
2025-02-26T17:15;2025-02-26T17:30;70;EUR;MWh;NO;NO;126.13;88.07;126.13;79.82;2;UP_AND_DOWN
2025-02-26T17:30;2025-02-26T17:45;71;EUR;MWh;NO;NO;126.13;;126.13;126.13;1;UP
2025-02-26T17:45;2025-02-26T18:00;72;EUR;MWh;NO;NO;169.3;;169.3;169.3;1;UP
2025-02-26T18:00;2025-02-26T18:15;73;EUR;MWh;NO;NO;169.3;;169.3;169.3;1;UP
2025-02-26T18:15;2025-02-26T18:30;74;EUR;MWh;NO;NO;176.13;;176.13;176.13;1;UP
2025-02-26T18:30;2025-02-26T18:45;75;EUR;MWh;NO;NO;176.13;;176.13;176.13;1;UP
2025-02-26T18:45;2025-02-26T19:00;76;EUR;MWh;NO;NO;156;;156;156;1;UP
2025-02-26T19:00;2025-02-26T19:15;77;EUR;MWh;NO;NO;176.13;;176.13;176.13;1;UP
2025-02-26T19:15;2025-02-26T19:30;78;EUR;MWh;NO;NO;135.1;;135.1;135.1;1;UP
2025-02-26T19:30;2025-02-26T19:45;79;EUR;MWh;NO;NO;124.43;87.77;124.43;87.77;2;UP_AND_DOWN
2025-02-26T19:45;2025-02-26T20:00;80;EUR;MWh;NO;NO;;80.87;80.87;80.87;-1;DOWN
2025-02-26T20:00;2025-02-26T20:15;81;EUR;MWh;NO;NO;;77.67;77.67;77.67;-1;DOWN
2025-02-26T20:15;2025-02-26T20:30;82;EUR;MWh;NO;NO;;78.91;78.91;78.91;-1;DOWN
2025-02-26T20:30;2025-02-26T20:45;83;EUR;MWh;NO;NO;;68.53;68.53;68.53;-1;DOWN
2025-02-26T20:45;2025-02-26T21:00;84;EUR;MWh;NO;NO;;62;62;62;-1;DOWN
2025-02-26T21:00;2025-02-26T21:15;85;EUR;MWh;NO;NO;135;67.67;135;67.67;2;UP_AND_DOWN
2025-02-26T21:15;2025-02-26T21:30;86;EUR;MWh;NO;NO;116;;116;116;1;UP
2025-02-26T21:30;2025-02-26T21:45;87;EUR;MWh;NO;NO;126;93.51;126;79.82;2;UP_AND_DOWN
2025-02-26T21:45;2025-02-26T22:00;88;EUR;MWh;NO;NO;108;90.51;108;79.82;2;UP_AND_DOWN
2025-02-26T22:00;2025-02-26T22:15;89;EUR;MWh;NO;NO;116;104.57;116;79.82;2;UP_AND_DOWN
2025-02-26T22:15;2025-02-26T22:30;90;EUR;MWh;NO;NO;135;;135;135;1;UP
2025-02-26T22:30;2025-02-26T22:45;91;EUR;MWh;NO;NO;101.55;107;101.55;81.04;2;UP_AND_DOWN
2025-02-26T22:45;2025-02-26T23:00;92;EUR;MWh;NO;NO;134.9;;134.9;134.9;1;UP
2025-02-26T23:00;2025-02-26T23:15;93;EUR;MWh;NO;NO;139.5;103.57;139.5;79.82;2;UP_AND_DOWN
2025-02-26T23:15;2025-02-26T23:30;94;EUR;MWh;NO;NO;116;76.69;76.69;76.69;-1;DOWN
2025-02-26T23:30;2025-02-26T23:45;95;EUR;MWh;NO;NO;;77.27;77.27;77.27;-1;DOWN
2025-02-26T23:45;2025-02-27T00:00;96;EUR;MWh;NO;NO;;74.04;74.04;74.04;-1;DOWN
2025-02-27T00:00;2025-02-27T00:15;1;EUR;MWh;NO;NO;;43.57;43.57;43.57;-1;DOWN
2025-02-27T00:15;2025-02-27T00:30;2;EUR;MWh;NO;NO;;34.57;34.57;34.57;-1;DOWN
2025-02-27T00:30;2025-02-27T00:45;3;EUR;MWh;NO;NO;103.85;72.31;103.85;72.31;2;UP_AND_DOWN
2025-02-27T00:45;2025-02-27T01:00;4;EUR;MWh;NO;NO;;87.04;87.04;87.04;-1;DOWN
2025-02-27T01:00;2025-02-27T01:15;5;EUR;MWh;NO;NO;;72.67;72.67;72.67;-1;DOWN
2025-02-27T01:15;2025-02-27T01:30;6;EUR;MWh;NO;NO;;60.57;60.57;60.57;-1;DOWN
2025-02-27T01:30;2025-02-27T01:45;7;EUR;MWh;NO;NO;;67.39;67.39;67.39;-1;DOWN
2025-02-27T01:45;2025-02-27T02:00;8;EUR;MWh;NO;NO;;56.57;56.57;56.57;-1;DOWN
2025-02-27T02:00;2025-02-27T02:15;9;EUR;MWh;NO;NO;;56.57;56.57;56.57;-1;DOWN
2025-02-27T02:15;2025-02-27T02:30;10;EUR;MWh;NO;NO;;73.82;73.82;73.82;-1;DOWN
2025-02-27T02:30;2025-02-27T02:45;11;EUR;MWh;NO;NO;;102.57;102.57;102.57;-1;DOWN
2025-02-27T02:45;2025-02-27T03:00;12;EUR;MWh;NO;NO;;59;59;59;-1;DOWN
2025-02-27T03:00;2025-02-27T03:15;13;EUR;MWh;NO;NO;;65.19;65.19;65.19;-1;DOWN
2025-02-27T03:15;2025-02-27T03:30;14;EUR;MWh;NO;NO;;65.04;65.04;65.04;-1;DOWN
2025-02-27T03:30;2025-02-27T03:45;15;EUR;MWh;NO;NO;;66.41;66.41;66.41;-1;DOWN
2025-02-27T03:45;2025-02-27T04:00;16;EUR;MWh;NO;NO;;82.9;82.9;82.9;-1;DOWN
2025-02-27T04:00;2025-02-27T04:15;17;EUR;MWh;NO;NO;;72.51;72.51;72.51;-1;DOWN
2025-02-27T04:15;2025-02-27T04:30;18;EUR;MWh;NO;NO;;62.39;62.39;62.39;-1;DOWN
2025-02-27T04:30;2025-02-27T04:45;19;EUR;MWh;NO;NO;;63.57;63.57;63.57;-1;DOWN
2025-02-27T04:45;2025-02-27T05:00;20;EUR;MWh;NO;NO;;69.57;69.57;69.57;-1;DOWN
2025-02-27T05:00;2025-02-27T05:15;21;EUR;MWh;NO;NO;;67.39;67.39;67.39;-1;DOWN
2025-02-27T05:15;2025-02-27T05:30;22;EUR;MWh;NO;NO;95.07;79.25;95.07;79.25;2;UP_AND_DOWN
2025-02-27T05:30;2025-02-27T05:45;23;EUR;MWh;NO;NO;110.84;99.26;110.84;81.79;2;UP_AND_DOWN
2025-02-27T05:45;2025-02-27T06:00;24;EUR;MWh;NO;NO;103.82;80.04;80.04;80.04;-1;DOWN
2025-02-27T06:00;2025-02-27T06:15;25;EUR;MWh;NO;NO;143.82;56.31;143.82;56.31;2;UP_AND_DOWN
2025-02-27T06:15;2025-02-27T06:30;26;EUR;MWh;NO;NO;130.87;104.57;130.87;81.79;2;UP_AND_DOWN
2025-02-27T06:30;2025-02-27T06:45;27;EUR;MWh;NO;NO;107.63;85.87;107.63;81.79;2;UP_AND_DOWN
2025-02-27T06:45;2025-02-27T07:00;28;EUR;MWh;NO;NO;110.87;;110.87;110.87;1;UP
2025-02-27T07:00;2025-02-27T07:15;29;EUR;MWh;NO;NO;125.8;101.76;101.76;101.76;-1;DOWN
2025-02-27T07:15;2025-02-27T07:30;30;EUR;MWh;NO;NO;125.07;;125.07;125.07;1;UP
2025-02-27T07:30;2025-02-27T07:45;31;EUR;MWh;NO;NO;97.72;;97.72;97.72;1;UP
2025-02-27T07:45;2025-02-27T08:00;32;EUR;MWh;NO;NO;110.87;;110.87;110.87;1;UP
2025-02-27T08:00;2025-02-27T08:15;33;EUR;MWh;NO;NO;110.87;;110.87;110.87;1;UP
2025-02-27T08:15;2025-02-27T08:30;34;EUR;MWh;NO;NO;95.07;;95.07;95.07;1;UP
2025-02-27T08:30;2025-02-27T08:45;35;EUR;MWh;NO;NO;;;107.54;107.54;0;STABLE
2025-02-27T08:45;2025-02-27T09:00;36;EUR;MWh;NO;NO;;;107.54;107.54;0;STABLE
2025-02-27T09:00;2025-02-27T09:15;37;EUR;MWh;NO;NO;120.87;76.01;120.87;76.01;2;UP_AND_DOWN
2025-02-27T09:15;2025-02-27T09:30;38;EUR;MWh;NO;NO;;79.86;79.86;79.86;-1;DOWN
2025-02-27T09:30;2025-02-27T09:45;39;EUR;MWh;NO;NO;;72.14;72.14;72.14;-1;DOWN
2025-02-27T09:45;2025-02-27T10:00;40;EUR;MWh;NO;NO;;73.87;73.87;73.87;-1;DOWN
2025-02-27T10:00;2025-02-27T10:15;41;EUR;MWh;NO;NO;110.87;82.58;110.87;110.87;1;UP
2025-02-27T10:15;2025-02-27T10:30;42;EUR;MWh;NO;NO;;68.72;68.72;68.72;-1;DOWN
2025-02-27T10:30;2025-02-27T10:45;43;EUR;MWh;NO;NO;;64.29;64.29;64.29;-1;DOWN
2025-02-27T10:45;2025-02-27T11:00;44;EUR;MWh;NO;NO;;53.57;53.57;53.57;-1;DOWN
2025-02-27T11:00;2025-02-27T11:15;45;EUR;MWh;NO;NO;;59;59;59;-1;DOWN
2025-02-27T11:15;2025-02-27T11:30;46;EUR;MWh;NO;NO;;44.67;44.67;44.67;-1;DOWN
2025-02-27T11:30;2025-02-27T11:45;47;EUR;MWh;NO;NO;;62.39;62.39;62.39;-1;DOWN
2025-02-27T11:45;2025-02-27T12:00;48;EUR;MWh;NO;NO;;64.71;64.71;64.71;-1;DOWN
2025-02-27T12:00;2025-02-27T12:15;49;EUR;MWh;NO;NO;115.87;67.39;115.87;67.39;2;UP_AND_DOWN
2025-02-27T12:15;2025-02-27T12:30;50;EUR;MWh;NO;NO;115.87;72.71;72.71;72.71;-1;DOWN
2025-02-27T12:30;2025-02-27T12:45;51;EUR;MWh;NO;NO;;71.02;71.02;71.02;-1;DOWN
2025-02-27T12:45;2025-02-27T13:00;52;EUR;MWh;NO;NO;;59.72;59.72;59.72;-1;DOWN
2025-02-27T13:00;2025-02-27T13:15;53;EUR;MWh;NO;NO;;57.39;57.39;57.39;-1;DOWN
2025-02-27T13:15;2025-02-27T13:30;54;EUR;MWh;NO;NO;;49.57;49.57;49.57;-1;DOWN
2025-02-27T13:30;2025-02-27T13:45;55;EUR;MWh;NO;NO;;68.72;68.72;68.72;-1;DOWN
2025-02-27T13:45;2025-02-27T14:00;56;EUR;MWh;NO;NO;;65;65;65;-1;DOWN
2025-02-27T14:00;2025-02-27T14:15;57;EUR;MWh;NO;NO;;49.66;49.66;49.66;-1;DOWN
2025-02-27T14:15;2025-02-27T14:30;58;EUR;MWh;NO;NO;106.8;65.57;106.8;65.57;2;UP_AND_DOWN
2025-02-27T14:30;2025-02-27T14:45;59;EUR;MWh;NO;NO;;80.74;80.74;80.74;-1;DOWN
2025-02-27T14:45;2025-02-27T15:00;60;EUR;MWh;NO;NO;104.72;85.12;104.72;71.29;2;UP_AND_DOWN
2025-02-27T15:00;2025-02-27T15:15;61;EUR;MWh;NO;NO;107.53;82.57;107.53;71.29;2;UP_AND_DOWN
2025-02-27T15:15;2025-02-27T15:30;62;EUR;MWh;NO;NO;59;74.72;71.29;71.29;2;UP_AND_DOWN
2025-02-27T15:30;2025-02-27T15:45;63;EUR;MWh;NO;NO;102.5;;102.5;102.5;1;UP
2025-02-27T15:45;2025-02-27T16:00;64;EUR;MWh;NO;NO;59;;59;59;1;UP
2025-02-27T16:00;2025-02-27T16:15;65;EUR;MWh;NO;NO;119.53;;119.53;119.53;1;UP
2025-02-27T16:15;2025-02-27T16:30;66;EUR;MWh;NO;NO;177.6;;177.6;177.6;1;UP
2025-02-27T16:30;2025-02-27T16:45;67;EUR;MWh;NO;NO;179.53;;179.53;179.53;1;UP
2025-02-27T16:45;2025-02-27T17:00;68;EUR;MWh;NO;NO;135.8;;135.8;135.8;1;UP
2025-02-27T17:00;2025-02-27T17:15;69;EUR;MWh;NO;NO;125.7;79.57;125.7;75.79;2;UP_AND_DOWN
2025-02-27T17:15;2025-02-27T17:30;70;EUR;MWh;NO;NO;154.53;79.57;154.53;154.53;1;UP
2025-02-27T17:30;2025-02-27T17:45;71;EUR;MWh;NO;NO;177.4;;177.4;177.4;1;UP
2025-02-27T17:45;2025-02-27T18:00;72;EUR;MWh;NO;NO;193.6;;193.6;193.6;1;UP
2025-02-27T18:00;2025-02-27T18:15;73;EUR;MWh;NO;NO;134.53;;134.53;134.53;1;UP
2025-02-27T18:15;2025-02-27T18:30;74;EUR;MWh;NO;NO;177.5;;177.5;177.5;1;UP
2025-02-27T18:30;2025-02-27T18:45;75;EUR;MWh;NO;NO;179.53;;179.53;179.53;1;UP
2025-02-27T18:45;2025-02-27T19:00;76;EUR;MWh;NO;NO;183.66;;183.66;183.66;1;UP
2025-02-27T19:00;2025-02-27T19:15;77;EUR;MWh;NO;NO;199;;199;199;1;UP
2025-02-27T19:15;2025-02-27T19:30;78;EUR;MWh;NO;NO;355;;355;355;1;UP
2025-02-27T19:30;2025-02-27T19:45;79;EUR;MWh;NO;NO;177.5;;177.5;177.5;1;UP
2025-02-27T19:45;2025-02-27T20:00;80;EUR;MWh;NO;NO;169.1;;169.1;169.1;1;UP
2025-02-27T20:00;2025-02-27T20:15;81;EUR;MWh;NO;NO;177.4;;177.4;177.4;1;UP
2025-02-27T20:15;2025-02-27T20:30;82;EUR;MWh;NO;NO;152.6;;152.6;152.6;1;UP
2025-02-27T20:30;2025-02-27T20:45;83;EUR;MWh;NO;NO;95.07;;95.07;95.07;1;UP
2025-02-27T20:45;2025-02-27T21:00;84;EUR;MWh;NO;NO;126.2;;126.2;126.2;1;UP
2025-02-27T21:00;2025-02-27T21:15;85;EUR;MWh;NO;NO;121.07;;121.07;121.07;1;UP
2025-02-27T21:15;2025-02-27T21:30;86;EUR;MWh;NO;NO;116;92.4;116;92.4;2;UP_AND_DOWN
2025-02-27T21:30;2025-02-27T21:45;87;EUR;MWh;NO;NO;100.67;90.9;104.5;90.9;2;UP_AND_DOWN
2025-02-27T21:45;2025-02-27T22:00;88;EUR;MWh;NO;NO;;83.4;83.4;83.4;-1;DOWN
2025-02-27T22:00;2025-02-27T22:15;89;EUR;MWh;NO;NO;107.64;88.77;107.64;84.5;2;UP_AND_DOWN
2025-02-27T22:15;2025-02-27T22:30;90;EUR;MWh;NO;NO;107.26;152;107.26;106.5;2;UP_AND_DOWN
2025-02-27T22:30;2025-02-27T22:45;91;EUR;MWh;NO;NO;126.2;137;126.2;98;2;UP_AND_DOWN
2025-02-27T22:45;2025-02-27T23:00;92;EUR;MWh;NO;NO;112.65;;112.65;112.65;1;UP
2025-02-27T23:00;2025-02-27T23:15;93;EUR;MWh;NO;NO;134.53;;134.53;134.53;1;UP
2025-02-27T23:15;2025-02-27T23:30;94;EUR;MWh;NO;NO;116;;116;116;1;UP
2025-02-27T23:30;2025-02-27T23:45;95;EUR;MWh;NO;NO;95.07;106.14;99.5;99.5;2;UP_AND_DOWN
2025-02-27T23:45;2025-02-28T00:00;96;EUR;MWh;NO;NO;102.56;90.57;102.56;82.85;2;UP_AND_DOWN
2025-02-28T00:00;2025-02-28T00:15;1;EUR;MWh;NO;NO;;86.65;86.65;86.65;-1;DOWN
2025-02-28T00:15;2025-02-28T00:30;2;EUR;MWh;NO;NO;;71.73;71.73;71.73;-1;DOWN
2025-02-28T00:30;2025-02-28T00:45;3;EUR;MWh;NO;NO;;67.35;67.35;67.35;-1;DOWN
2025-02-28T00:45;2025-02-28T01:00;4;EUR;MWh;NO;NO;;136;136;136;-1;DOWN
2025-02-28T01:00;2025-02-28T01:15;5;EUR;MWh;NO;NO;;124;124;124;-1;DOWN
2025-02-28T01:15;2025-02-28T01:30;6;EUR;MWh;NO;NO;123.92;;123.92;123.92;1;UP
2025-02-28T01:30;2025-02-28T01:45;7;EUR;MWh;NO;NO;103.35;93.19;93.19;93.19;-1;DOWN
2025-02-28T01:45;2025-02-28T02:00;8;EUR;MWh;NO;NO;;92.54;92.54;92.54;-1;DOWN
2025-02-28T02:00;2025-02-28T02:15;9;EUR;MWh;NO;NO;105;86.65;105;77.79;2;UP_AND_DOWN
2025-02-28T02:15;2025-02-28T02:30;10;EUR;MWh;NO;NO;105;;105;105;1;UP
2025-02-28T02:30;2025-02-28T02:45;11;EUR;MWh;NO;NO;55;;55;55;1;UP
2025-02-28T02:45;2025-02-28T03:00;12;EUR;MWh;NO;NO;;100.57;100.57;100.57;-1;DOWN
2025-02-28T03:00;2025-02-28T03:15;13;EUR;MWh;NO;NO;99.91;85.19;99.91;77.79;2;UP_AND_DOWN
2025-02-28T03:15;2025-02-28T03:30;14;EUR;MWh;NO;NO;105;;105;105;1;UP
2025-02-28T03:30;2025-02-28T03:45;15;EUR;MWh;NO;NO;105;;105;105;1;UP
2025-02-28T03:45;2025-02-28T04:00;16;EUR;MWh;NO;NO;102.03;;102.03;102.03;1;UP
2025-02-28T04:00;2025-02-28T04:15;17;EUR;MWh;NO;NO;102.03;97.19;97.19;97.19;-1;DOWN
2025-02-28T04:15;2025-02-28T04:30;18;EUR;MWh;NO;NO;105;97.19;105;105;1;UP
2025-02-28T04:30;2025-02-28T04:45;19;EUR;MWh;NO;NO;103.35;;103.35;103.35;1;UP
2025-02-28T04:45;2025-02-28T05:00;20;EUR;MWh;NO;NO;96.35;;96.35;96.35;1;UP
2025-02-28T05:00;2025-02-28T05:15;21;EUR;MWh;NO;NO;127.05;103.68;127.05;79.34;2;UP_AND_DOWN
2025-02-28T05:15;2025-02-28T05:30;22;EUR;MWh;NO;NO;134;;134;134;1;UP
2025-02-28T05:30;2025-02-28T05:45;23;EUR;MWh;NO;NO;111.91;;111.91;111.91;1;UP
2025-02-28T05:45;2025-02-28T06:00;24;EUR;MWh;NO;NO;96.35;69.55;96.35;69.55;2;UP_AND_DOWN
2025-02-28T06:00;2025-02-28T06:15;25;EUR;MWh;NO;NO;;43.65;43.65;43.65;-1;DOWN
2025-02-28T06:15;2025-02-28T06:30;26;EUR;MWh;NO;NO;;75.42;75.42;75.42;-1;DOWN
2025-02-28T06:30;2025-02-28T06:45;27;EUR;MWh;NO;NO;105.32;85.9;105.32;105.32;1;UP
2025-02-28T06:45;2025-02-28T07:00;28;EUR;MWh;NO;NO;105.32;85.8;105.32;77.79;2;UP_AND_DOWN
2025-02-28T07:00;2025-02-28T07:15;29;EUR;MWh;NO;NO;;87.29;87.29;87.29;-1;DOWN
2025-02-28T07:15;2025-02-28T07:30;30;EUR;MWh;NO;NO;;86.75;86.75;86.75;-1;DOWN
2025-02-28T07:30;2025-02-28T07:45;31;EUR;MWh;NO;NO;;80.19;80.19;80.19;-1;DOWN
2025-02-28T07:45;2025-02-28T08:00;32;EUR;MWh;NO;NO;;60.57;60.57;60.57;-1;DOWN
2025-02-28T08:00;2025-02-28T08:15;33;EUR;MWh;NO;NO;;80.19;80.19;80.19;-1;DOWN
2025-02-28T08:15;2025-02-28T08:30;34;EUR;MWh;NO;NO;;80.19;80.19;80.19;-1;DOWN
2025-02-28T08:30;2025-02-28T08:45;35;EUR;MWh;NO;NO;;86;86;86;-1;DOWN
2025-02-28T08:45;2025-02-28T09:00;36;EUR;MWh;NO;NO;;77.56;77.56;77.56;-1;DOWN
2025-02-28T09:00;2025-02-28T09:15;37;EUR;MWh;NO;NO;;78.19;78.19;78.19;-1;DOWN
2025-02-28T09:15;2025-02-28T09:30;38;EUR;MWh;NO;NO;;75.32;75.32;75.32;-1;DOWN
2025-02-28T09:30;2025-02-28T09:45;39;EUR;MWh;NO;NO;118;86.65;118;86.65;2;UP_AND_DOWN
2025-02-28T09:45;2025-02-28T10:00;40;EUR;MWh;NO;NO;109.26;90.57;109.26;90.57;2;UP_AND_DOWN
2025-02-28T10:00;2025-02-28T10:15;41;EUR;MWh;NO;NO;;86.75;86.75;86.75;-1;DOWN
2025-02-28T10:15;2025-02-28T10:30;42;EUR;MWh;NO;NO;102.15;90.57;105.54;90.57;2;UP_AND_DOWN
2025-02-28T10:30;2025-02-28T10:45;43;EUR;MWh;NO;NO;113.1;;113.1;113.1;1;UP
2025-02-28T10:45;2025-02-28T11:00;44;EUR;MWh;NO;NO;141.5;;141.5;141.5;1;UP
2025-02-28T11:00;2025-02-28T11:15;45;EUR;MWh;NO;NO;131.18;;131.18;131.18;1;UP
2025-02-28T11:15;2025-02-28T11:30;46;EUR;MWh;NO;NO;150;;150;150;1;UP
2025-02-28T11:30;2025-02-28T11:45;47;EUR;MWh;NO;NO;111.57;82.32;82.32;82.32;-1;DOWN
2025-02-28T11:45;2025-02-28T12:00;48;EUR;MWh;NO;NO;;82.32;82.32;82.32;-1;DOWN
2025-02-28T12:00;2025-02-28T12:15;49;EUR;MWh;NO;NO;120.9;73.75;120.9;73.75;2;UP_AND_DOWN
2025-02-28T12:15;2025-02-28T12:30;50;EUR;MWh;NO;NO;115.05;109;115.05;115.05;1;UP
2025-02-28T12:30;2025-02-28T12:45;51;EUR;MWh;NO;NO;115.05;91.57;91.57;91.57;-1;DOWN
2025-02-28T12:45;2025-02-28T13:00;52;EUR;MWh;NO;NO;106.53;94.57;106.53;106.53;1;UP
2025-02-28T13:00;2025-02-28T13:15;53;EUR;MWh;NO;NO;100.04;91.3;100.04;74.79;2;UP_AND_DOWN
2025-02-28T13:15;2025-02-28T13:30;54;EUR;MWh;NO;NO;122.14;;122.14;122.14;1;UP
2025-02-28T13:30;2025-02-28T13:45;55;EUR;MWh;NO;NO;131;;131;131;1;UP
2025-02-28T13:45;2025-02-28T14:00;56;EUR;MWh;NO;NO;118;89.14;118;74.79;2;UP_AND_DOWN
2025-02-28T14:00;2025-02-28T14:15;57;EUR;MWh;NO;NO;;90.89;90.89;90.89;-1;DOWN
2025-02-28T14:15;2025-02-28T14:30;58;EUR;MWh;NO;NO;;92.71;92.71;92.71;-1;DOWN
2025-02-28T14:30;2025-02-28T14:45;59;EUR;MWh;NO;NO;118;;118;118;1;UP
2025-02-28T14:45;2025-02-28T15:00;60;EUR;MWh;NO;NO;118;;118;118;1;UP
2025-02-28T15:00;2025-02-28T15:15;61;EUR;MWh;NO;NO;118;91.77;91.77;91.77;-1;DOWN
2025-02-28T15:15;2025-02-28T15:30;62;EUR;MWh;NO;NO;113.95;87.73;113.95;76.13;2;UP_AND_DOWN
2025-02-28T15:30;2025-02-28T15:45;63;EUR;MWh;NO;NO;132.14;;132.14;132.14;1;UP
2025-02-28T15:45;2025-02-28T16:00;64;EUR;MWh;NO;NO;140;91.2;91.2;91.2;-1;DOWN
2025-02-28T16:00;2025-02-28T16:15;65;EUR;MWh;NO;NO;;91.1;91.1;91.1;-1;DOWN
2025-02-28T16:15;2025-02-28T16:30;66;EUR;MWh;NO;NO;115;91.55;115;79.25;2;UP_AND_DOWN
2025-02-28T16:30;2025-02-28T16:45;67;EUR;MWh;NO;NO;121.2;91.76;121.2;79.25;2;UP_AND_DOWN
2025-02-28T16:45;2025-02-28T17:00;68;EUR;MWh;NO;NO;113.95;85.57;113.95;79.25;2;UP_AND_DOWN
2025-02-28T17:00;2025-02-28T17:15;69;EUR;MWh;NO;NO;108;81.26;108;75.63;2;UP_AND_DOWN
2025-02-28T17:15;2025-02-28T17:30;70;EUR;MWh;NO;NO;111.92;85.32;111.92;75.28;2;UP_AND_DOWN
2025-02-28T17:30;2025-02-28T17:45;71;EUR;MWh;NO;NO;110;92.46;110;75.58;2;UP_AND_DOWN
2025-02-28T17:45;2025-02-28T18:00;72;EUR;MWh;NO;NO;132.72;92.46;132.72;132.72;1;UP
2025-02-28T18:00;2025-02-28T18:15;73;EUR;MWh;NO;NO;141.63;;141.63;141.63;1;UP
2025-02-28T18:15;2025-02-28T18:30;74;EUR;MWh;NO;NO;146.1;;146.1;146.1;1;UP
2025-02-28T18:30;2025-02-28T18:45;75;EUR;MWh;NO;NO;148;;148;148;1;UP
2025-02-28T18:45;2025-02-28T19:00;76;EUR;MWh;NO;NO;159;;159;159;1;UP
2025-02-28T19:00;2025-02-28T19:15;77;EUR;MWh;NO;NO;140.37;;140.37;140.37;1;UP
2025-02-28T19:15;2025-02-28T19:30;78;EUR;MWh;NO;NO;108;;108;108;1;UP
2025-02-28T19:30;2025-02-28T19:45;79;EUR;MWh;NO;NO;55;;55;55;1;UP
2025-02-28T19:45;2025-02-28T20:00;80;EUR;MWh;NO;NO;108;;108;108;1;UP
2025-02-28T20:00;2025-02-28T20:15;81;EUR;MWh;NO;NO;130.14;153;130.14;104;2;UP_AND_DOWN
2025-02-28T20:15;2025-02-28T20:30;82;EUR;MWh;NO;NO;55;93.57;104;93.57;2;UP_AND_DOWN
2025-02-28T20:30;2025-02-28T20:45;83;EUR;MWh;NO;NO;;95.55;95.55;95.55;-1;DOWN
2025-02-28T20:45;2025-02-28T21:00;84;EUR;MWh;NO;NO;;95.55;95.55;95.55;-1;DOWN
2025-02-28T21:00;2025-02-28T21:15;85;EUR;MWh;NO;NO;103.66;93.47;103.66;93.47;2;UP_AND_DOWN
2025-02-28T21:15;2025-02-28T21:30;86;EUR;MWh;NO;NO;121.8;110;121.8;82.5;2;UP_AND_DOWN
2025-02-28T21:30;2025-02-28T21:45;87;EUR;MWh;NO;NO;115.37;95.55;115.37;79.5;2;UP_AND_DOWN
2025-02-28T21:45;2025-02-28T22:00;88;EUR;MWh;NO;NO;;93.77;93.77;93.77;-1;DOWN
2025-02-28T22:00;2025-02-28T22:15;89;EUR;MWh;NO;NO;112.14;94.57;112.14;75.28;2;UP_AND_DOWN
2025-02-28T22:15;2025-02-28T22:30;90;EUR;MWh;NO;NO;110.14;;110.14;110.14;1;UP
2025-02-28T22:30;2025-02-28T22:45;91;EUR;MWh;NO;NO;150.37;;150.37;150.37;1;UP
2025-02-28T22:45;2025-02-28T23:00;92;EUR;MWh;NO;NO;109.26;;109.26;109.26;1;UP
2025-02-28T23:00;2025-02-28T23:15;93;EUR;MWh;NO;NO;111.32;91.57;111.32;75.28;2;UP_AND_DOWN
2025-02-28T23:15;2025-02-28T23:30;94;EUR;MWh;NO;NO;115.37;;115.37;115.37;1;UP
2025-02-28T23:30;2025-02-28T23:45;95;EUR;MWh;NO;NO;119.3;;119.3;119.3;1;UP
2025-02-28T23:45;2025-03-01T00:00;96;EUR;MWh;NO;NO;107.42;95.55;107.42;75.28;2;UP_AND_DOWN
