Timeinterval Start Loc;Timeinterval End Loc;Isp;Currency Unit Name;Price Measurement Unit Name;Incident Reserve Up;Incident Reserve Down;Price Dispatch Up;Price Dispatch Down;Price Shortage;Price Surplus;Regulation State;Regulating Condition
2025-04-01T00:00;2025-04-01T00:15;1;EUR;MWh;NO;NO;;58;58;58;-1;DOWN
2025-04-01T00:15;2025-04-01T00:30;2;EUR;MWh;NO;NO;;58;58;58;-1;DOWN
2025-04-01T00:30;2025-04-01T00:45;3;EUR;MWh;NO;NO;;58;58;58;-1;DOWN
2025-04-01T00:45;2025-04-01T01:00;4;EUR;MWh;NO;NO;;9.57;9.57;9.57;-1;DOWN
2025-04-01T01:00;2025-04-01T01:15;5;EUR;MWh;NO;NO;;78.98;78.98;78.98;-1;DOWN
2025-04-01T01:15;2025-04-01T01:30;6;EUR;MWh;NO;NO;;27;27;27;-1;DOWN
2025-04-01T01:30;2025-04-01T01:45;7;EUR;MWh;NO;NO;;33.98;33.98;33.98;-1;DOWN
2025-04-01T01:45;2025-04-01T02:00;8;EUR;MWh;NO;NO;;60.98;60.98;60.98;-1;DOWN
2025-04-01T02:00;2025-04-01T02:15;9;EUR;MWh;NO;NO;99.98;68.52;99.98;68.52;2;UP_AND_DOWN
2025-04-01T02:15;2025-04-01T02:30;10;EUR;MWh;NO;NO;96.98;;96.98;96.98;1;UP
2025-04-01T02:30;2025-04-01T02:45;11;EUR;MWh;NO;NO;41;;41;41;1;UP
2025-04-01T02:45;2025-04-01T03:00;12;EUR;MWh;NO;NO;98.98;;98.98;98.98;1;UP
2025-04-01T03:00;2025-04-01T03:15;13;EUR;MWh;NO;NO;98.98;;98.98;98.98;1;UP
2025-04-01T03:15;2025-04-01T03:30;14;EUR;MWh;NO;NO;80;84.53;80;76.5;2;UP_AND_DOWN
2025-04-01T03:30;2025-04-01T03:45;15;EUR;MWh;NO;NO;;63.75;63.75;63.75;-1;DOWN
2025-04-01T03:45;2025-04-01T04:00;16;EUR;MWh;NO;NO;;64;64;64;-1;DOWN
2025-04-01T04:00;2025-04-01T04:15;17;EUR;MWh;NO;NO;;70.08;70.08;70.08;-1;DOWN
2025-04-01T04:15;2025-04-01T04:30;18;EUR;MWh;NO;NO;;70;70;70;-1;DOWN
2025-04-01T04:30;2025-04-01T04:45;19;EUR;MWh;NO;NO;;;67.71;67.71;0;STABLE
2025-04-01T04:45;2025-04-01T05:00;20;EUR;MWh;NO;NO;;70;70;70;-1;DOWN
2025-04-01T05:00;2025-04-01T05:15;21;EUR;MWh;NO;NO;;70;70;70;-1;DOWN
2025-04-01T05:15;2025-04-01T05:30;22;EUR;MWh;NO;NO;88.56;81.08;88.56;54.87;2;UP_AND_DOWN
2025-04-01T05:30;2025-04-01T05:45;23;EUR;MWh;NO;NO;110;70;110;55.07;2;UP_AND_DOWN
2025-04-01T05:45;2025-04-01T06:00;24;EUR;MWh;NO;NO;99.98;81.08;99.98;52.99;2;UP_AND_DOWN
2025-04-01T06:00;2025-04-01T06:15;25;EUR;MWh;NO;NO;124.5;80.88;124.5;65;2;UP_AND_DOWN
2025-04-01T06:15;2025-04-01T06:30;26;EUR;MWh;NO;NO;124.5;84.08;124.5;60.02;2;UP_AND_DOWN
2025-04-01T06:30;2025-04-01T06:45;27;EUR;MWh;NO;NO;140.98;;140.98;140.98;1;UP
2025-04-01T06:45;2025-04-01T07:00;28;EUR;MWh;NO;NO;150;;150;150;1;UP
2025-04-01T07:00;2025-04-01T07:15;29;EUR;MWh;NO;NO;142.4;;142.4;142.4;1;UP
2025-04-01T07:15;2025-04-01T07:30;30;EUR;MWh;NO;NO;150;;150;150;1;UP
2025-04-01T07:30;2025-04-01T07:45;31;EUR;MWh;NO;NO;150;;150;150;1;UP
2025-04-01T07:45;2025-04-01T08:00;32;EUR;MWh;NO;NO;150;;150;150;1;UP
2025-04-01T08:00;2025-04-01T08:15;33;EUR;MWh;NO;NO;156.6;;156.6;156.6;1;UP
2025-04-01T08:15;2025-04-01T08:30;34;EUR;MWh;NO;NO;144.37;;144.37;144.37;1;UP
2025-04-01T08:30;2025-04-01T08:45;35;EUR;MWh;NO;NO;124.1;;124.1;124.1;1;UP
2025-04-01T08:45;2025-04-01T09:00;36;EUR;MWh;NO;NO;110;87.94;110;76.5;2;UP_AND_DOWN
2025-04-01T09:00;2025-04-01T09:15;37;EUR;MWh;NO;NO;125.98;;125.98;125.98;1;UP
2025-04-01T09:15;2025-04-01T09:30;38;EUR;MWh;NO;NO;124.5;;124.5;124.5;1;UP
2025-04-01T09:30;2025-04-01T09:45;39;EUR;MWh;NO;NO;108.98;76.81;108.98;76.5;2;UP_AND_DOWN
2025-04-01T09:45;2025-04-01T10:00;40;EUR;MWh;NO;NO;;54;54;54;-1;DOWN
2025-04-01T10:00;2025-04-01T10:15;41;EUR;MWh;NO;NO;172.6;78.12;172.6;73.45;2;UP_AND_DOWN
2025-04-01T10:15;2025-04-01T10:30;42;EUR;MWh;NO;NO;124.3;-18.5;-18.5;-18.5;-1;DOWN
2025-04-01T10:30;2025-04-01T10:45;43;EUR;MWh;NO;NO;114.15;-4.1;114.15;-4.1;2;UP_AND_DOWN
2025-04-01T10:45;2025-04-01T11:00;44;EUR;MWh;NO;NO;114.15;54;54;54;-1;DOWN
2025-04-01T11:00;2025-04-01T11:15;45;EUR;MWh;NO;NO;100;75.98;100;55;2;UP_AND_DOWN
2025-04-01T11:15;2025-04-01T11:30;46;EUR;MWh;NO;NO;102.16;9.57;102.16;9.57;2;UP_AND_DOWN
2025-04-01T11:30;2025-04-01T11:45;47;EUR;MWh;NO;NO;102.16;-55;-55;-55;-1;DOWN
2025-04-01T11:45;2025-04-01T12:00;48;EUR;MWh;NO;NO;;-70;-70;-70;-1;DOWN
2025-04-01T12:00;2025-04-01T12:15;49;EUR;MWh;NO;NO;101.98;-31;101.98;-31;2;UP_AND_DOWN
2025-04-01T12:15;2025-04-01T12:30;50;EUR;MWh;NO;NO;;-58;-58;-58;-1;DOWN
2025-04-01T12:30;2025-04-01T12:45;51;EUR;MWh;NO;NO;;-65;-65;-65;-1;DOWN
2025-04-01T12:45;2025-04-01T13:00;52;EUR;MWh;NO;NO;;-55;-55;-55;-1;DOWN
2025-04-01T13:00;2025-04-01T13:15;53;EUR;MWh;NO;NO;;-30;-30;-30;-1;DOWN
2025-04-01T13:15;2025-04-01T13:30;54;EUR;MWh;NO;NO;;-77;-77;-77;-1;DOWN
2025-04-01T13:30;2025-04-01T13:45;55;EUR;MWh;NO;NO;;-59.9;-59.9;-59.9;-1;DOWN
2025-04-01T13:45;2025-04-01T14:00;56;EUR;MWh;NO;NO;;-70;-70;-70;-1;DOWN
2025-04-01T14:00;2025-04-01T14:15;57;EUR;MWh;NO;NO;;-31;-31;-31;-1;DOWN
2025-04-01T14:15;2025-04-01T14:30;58;EUR;MWh;NO;NO;;-75;-75;-75;-1;DOWN
2025-04-01T14:30;2025-04-01T14:45;59;EUR;MWh;NO;NO;;-47.6;-47.6;-47.6;-1;DOWN
2025-04-01T14:45;2025-04-01T15:00;60;EUR;MWh;NO;NO;;-83;-83;-83;-1;DOWN
2025-04-01T15:00;2025-04-01T15:15;61;EUR;MWh;NO;NO;;-60;-60;-60;-1;DOWN
2025-04-01T15:15;2025-04-01T15:30;62;EUR;MWh;NO;NO;;-70;-70;-70;-1;DOWN
2025-04-01T15:30;2025-04-01T15:45;63;EUR;MWh;NO;NO;;-60;-60;-60;-1;DOWN
2025-04-01T15:45;2025-04-01T16:00;64;EUR;MWh;NO;NO;;-31;-31;-31;-1;DOWN
2025-04-01T16:00;2025-04-01T16:15;65;EUR;MWh;NO;NO;;-105;-105;-105;-1;DOWN
2025-04-01T16:15;2025-04-01T16:30;66;EUR;MWh;NO;NO;;-70;-70;-70;-1;DOWN
2025-04-01T16:30;2025-04-01T16:45;67;EUR;MWh;NO;NO;;-31;-31;-31;-1;DOWN
2025-04-01T16:45;2025-04-01T17:00;68;EUR;MWh;NO;NO;;-30;-30;-30;-1;DOWN
2025-04-01T17:00;2025-04-01T17:15;69;EUR;MWh;NO;NO;;-31;-31;-31;-1;DOWN
2025-04-01T17:15;2025-04-01T17:30;70;EUR;MWh;NO;NO;;-504;-504;-504;-1;DOWN
2025-04-01T17:30;2025-04-01T17:45;71;EUR;MWh;NO;NO;78.56;-30;-30;-30;-1;DOWN
2025-04-01T17:45;2025-04-01T18:00;72;EUR;MWh;NO;NO;;-27.24;-27.24;-27.24;-1;DOWN
2025-04-01T18:00;2025-04-01T18:15;73;EUR;MWh;NO;NO;;-60;-60;-60;-1;DOWN
2025-04-01T18:15;2025-04-01T18:30;74;EUR;MWh;NO;NO;;53;53;53;-1;DOWN
2025-04-01T18:30;2025-04-01T18:45;75;EUR;MWh;NO;NO;;-10.77;-10.77;-10.77;-1;DOWN
2025-04-01T18:45;2025-04-01T19:00;76;EUR;MWh;NO;NO;103;68.91;103;68.91;2;UP_AND_DOWN
2025-04-01T19:00;2025-04-01T19:15;77;EUR;MWh;NO;NO;97.98;41.81;97.98;41.81;2;UP_AND_DOWN
2025-04-01T19:15;2025-04-01T19:30;78;EUR;MWh;NO;NO;;74.98;74.98;74.98;-1;DOWN
2025-04-01T19:30;2025-04-01T19:45;79;EUR;MWh;NO;NO;83.2;74.98;83.2;83.2;1;UP
2025-04-01T19:45;2025-04-01T20:00;80;EUR;MWh;NO;NO;104;;104;104;1;UP
2025-04-01T20:00;2025-04-01T20:15;81;EUR;MWh;NO;NO;124.4;;124.4;124.4;1;UP
2025-04-01T20:15;2025-04-01T20:30;82;EUR;MWh;NO;NO;124.8;;124.8;124.8;1;UP
2025-04-01T20:30;2025-04-01T20:45;83;EUR;MWh;NO;NO;124.8;77.1;124.8;124.8;1;UP
2025-04-01T20:45;2025-04-01T21:00;84;EUR;MWh;NO;NO;54;54;62.5;54;2;UP_AND_DOWN
2025-04-01T21:00;2025-04-01T21:15;85;EUR;MWh;NO;NO;98.56;59.08;98.56;59.08;2;UP_AND_DOWN
2025-04-01T21:15;2025-04-01T21:30;86;EUR;MWh;NO;NO;;44.98;44.98;44.98;-1;DOWN
2025-04-01T21:30;2025-04-01T21:45;87;EUR;MWh;NO;NO;;44.9;44.9;44.9;-1;DOWN
2025-04-01T21:45;2025-04-01T22:00;88;EUR;MWh;NO;NO;;27.98;27.98;27.98;-1;DOWN
2025-04-01T22:00;2025-04-01T22:15;89;EUR;MWh;NO;NO;88.56;-27.44;88.56;-27.44;2;UP_AND_DOWN
2025-04-01T22:15;2025-04-01T22:30;90;EUR;MWh;NO;NO;;54;54;54;-1;DOWN
2025-04-01T22:30;2025-04-01T22:45;91;EUR;MWh;NO;NO;;55;55;55;-1;DOWN
2025-04-01T22:45;2025-04-01T23:00;92;EUR;MWh;NO;NO;;54;54;54;-1;DOWN
2025-04-01T23:00;2025-04-01T23:15;93;EUR;MWh;NO;NO;;-10.5;-10.5;-10.5;-1;DOWN
2025-04-01T23:15;2025-04-01T23:30;94;EUR;MWh;NO;NO;;-10.7;-10.7;-10.7;-1;DOWN
2025-04-01T23:30;2025-04-01T23:45;95;EUR;MWh;NO;NO;;-10.3;-10.3;-10.3;-1;DOWN
2025-04-01T23:45;2025-04-02T00:00;96;EUR;MWh;NO;NO;;-5.16;-5.16;-5.16;-1;DOWN
2025-04-02T00:00;2025-04-02T00:15;1;EUR;MWh;NO;NO;;-20.3;-20.3;-20.3;-1;DOWN
2025-04-02T00:15;2025-04-02T00:30;2;EUR;MWh;NO;NO;;-20.3;-20.3;-20.3;-1;DOWN
2025-04-02T00:30;2025-04-02T00:45;3;EUR;MWh;NO;NO;;-8.97;-8.97;-8.97;-1;DOWN
2025-04-02T00:45;2025-04-02T01:00;4;EUR;MWh;NO;NO;;-18.9;-18.9;-18.9;-1;DOWN
2025-04-02T01:00;2025-04-02T01:15;5;EUR;MWh;NO;NO;;-22.18;-22.18;-22.18;-1;DOWN
2025-04-02T01:15;2025-04-02T01:30;6;EUR;MWh;NO;NO;;81;81;81;-1;DOWN
2025-04-02T01:30;2025-04-02T01:45;7;EUR;MWh;NO;NO;;-22.3;-22.3;-22.3;-1;DOWN
2025-04-02T01:45;2025-04-02T02:00;8;EUR;MWh;NO;NO;;-22.3;-22.3;-22.3;-1;DOWN
2025-04-02T02:00;2025-04-02T02:15;9;EUR;MWh;NO;NO;;-22.6;-22.6;-22.6;-1;DOWN
2025-04-02T02:15;2025-04-02T02:30;10;EUR;MWh;NO;NO;;-22.6;-22.6;-22.6;-1;DOWN
2025-04-02T02:30;2025-04-02T02:45;11;EUR;MWh;NO;NO;;9;9;9;-1;DOWN
2025-04-02T02:45;2025-04-02T03:00;12;EUR;MWh;NO;NO;;-22.6;-22.6;-22.6;-1;DOWN
2025-04-02T03:00;2025-04-02T03:15;13;EUR;MWh;NO;NO;;-25.23;-25.23;-25.23;-1;DOWN
2025-04-02T03:15;2025-04-02T03:30;14;EUR;MWh;NO;NO;;-21.9;-21.9;-21.9;-1;DOWN
2025-04-02T03:30;2025-04-02T03:45;15;EUR;MWh;NO;NO;;-21.9;-21.9;-21.9;-1;DOWN
2025-04-02T03:45;2025-04-02T04:00;16;EUR;MWh;NO;NO;;-21.9;-21.9;-21.9;-1;DOWN
2025-04-02T04:00;2025-04-02T04:15;17;EUR;MWh;NO;NO;;-21.5;-21.5;-21.5;-1;DOWN
2025-04-02T04:15;2025-04-02T04:30;18;EUR;MWh;NO;NO;;-21.5;-21.5;-21.5;-1;DOWN
2025-04-02T04:30;2025-04-02T04:45;19;EUR;MWh;NO;NO;;-21.28;-21.28;-21.28;-1;DOWN
2025-04-02T04:45;2025-04-02T05:00;20;EUR;MWh;NO;NO;;-21.5;-21.5;-21.5;-1;DOWN
2025-04-02T05:00;2025-04-02T05:15;21;EUR;MWh;NO;NO;;-10.8;-10.8;-10.8;-1;DOWN
2025-04-02T05:15;2025-04-02T05:30;22;EUR;MWh;NO;NO;;1.98;1.98;1.98;-1;DOWN
2025-04-02T05:30;2025-04-02T05:45;23;EUR;MWh;NO;NO;;-100;-100;-100;-1;DOWN
2025-04-02T05:45;2025-04-02T06:00;24;EUR;MWh;NO;NO;;-50.48;-50.48;-50.48;-1;DOWN
2025-04-02T06:00;2025-04-02T06:15;25;EUR;MWh;NO;NO;;13.3;13.3;13.3;-1;DOWN
2025-04-02T06:15;2025-04-02T06:30;26;EUR;MWh;NO;NO;97.98;13.3;97.98;97.98;1;UP
2025-04-02T06:30;2025-04-02T06:45;27;EUR;MWh;NO;NO;11;75.98;45.29;45.29;2;UP_AND_DOWN
2025-04-02T06:45;2025-04-02T07:00;28;EUR;MWh;NO;NO;11;79.57;45.29;45.29;2;UP_AND_DOWN
2025-04-02T07:00;2025-04-02T07:15;29;EUR;MWh;NO;NO;150;;150;150;1;UP
2025-04-02T07:15;2025-04-02T07:30;30;EUR;MWh;NO;NO;155.6;;155.6;155.6;1;UP
2025-04-02T07:30;2025-04-02T07:45;31;EUR;MWh;NO;NO;155.6;;155.6;155.6;1;UP
2025-04-02T07:45;2025-04-02T08:00;32;EUR;MWh;NO;NO;165;;165;165;1;UP
2025-04-02T08:00;2025-04-02T08:15;33;EUR;MWh;NO;NO;300;;300;300;1;UP
2025-04-02T08:15;2025-04-02T08:30;34;EUR;MWh;NO;NO;200;;200;200;1;UP
2025-04-02T08:30;2025-04-02T08:45;35;EUR;MWh;NO;NO;125.7;73;125.7;69.8;2;UP_AND_DOWN
2025-04-02T08:45;2025-04-02T09:00;36;EUR;MWh;NO;NO;91;58.98;91;58.98;2;UP_AND_DOWN
2025-04-02T09:00;2025-04-02T09:15;37;EUR;MWh;NO;NO;68.56;10;68.56;10;2;UP_AND_DOWN
2025-04-02T09:15;2025-04-02T09:30;38;EUR;MWh;NO;NO;;-1;-1;-1;-1;DOWN
2025-04-02T09:30;2025-04-02T09:45;39;EUR;MWh;NO;NO;;-9;-9;-9;-1;DOWN
2025-04-02T09:45;2025-04-02T10:00;40;EUR;MWh;NO;NO;;-9;-9;-9;-1;DOWN
2025-04-02T10:00;2025-04-02T10:15;41;EUR;MWh;NO;NO;88;-34;88;-34;2;UP_AND_DOWN
2025-04-02T10:15;2025-04-02T10:30;42;EUR;MWh;NO;NO;;-50;-50;-50;-1;DOWN
2025-04-02T10:30;2025-04-02T10:45;43;EUR;MWh;NO;NO;;-43.1;-43.1;-43.1;-1;DOWN
2025-04-02T10:45;2025-04-02T11:00;44;EUR;MWh;NO;NO;;-43.1;-43.1;-43.1;-1;DOWN
2025-04-02T11:00;2025-04-02T11:15;45;EUR;MWh;NO;NO;111;-85.68;111;-85.68;2;UP_AND_DOWN
2025-04-02T11:15;2025-04-02T11:30;46;EUR;MWh;NO;NO;87.58;-50;91;-50;2;UP_AND_DOWN
2025-04-02T11:30;2025-04-02T11:45;47;EUR;MWh;NO;NO;;-70;-70;-70;-1;DOWN
2025-04-02T11:45;2025-04-02T12:00;48;EUR;MWh;NO;NO;;-60;-60;-60;-1;DOWN
2025-04-02T12:00;2025-04-02T12:15;49;EUR;MWh;NO;NO;30;-60;48.29;-60;2;UP_AND_DOWN
2025-04-02T12:15;2025-04-02T12:30;50;EUR;MWh;NO;NO;;-43.8;-43.8;-43.8;-1;DOWN
2025-04-02T12:30;2025-04-02T12:45;51;EUR;MWh;NO;NO;;-49.8;-49.8;-49.8;-1;DOWN
2025-04-02T12:45;2025-04-02T13:00;52;EUR;MWh;NO;NO;;-50;-50;-50;-1;DOWN
2025-04-02T13:00;2025-04-02T13:15;53;EUR;MWh;NO;NO;;-32;-32;-32;-1;DOWN
2025-04-02T13:15;2025-04-02T13:30;54;EUR;MWh;NO;NO;;-55;-55;-55;-1;DOWN
2025-04-02T13:30;2025-04-02T13:45;55;EUR;MWh;NO;NO;;-65;-65;-65;-1;DOWN
2025-04-02T13:45;2025-04-02T14:00;56;EUR;MWh;NO;NO;;-60;-60;-60;-1;DOWN
2025-04-02T14:00;2025-04-02T14:15;57;EUR;MWh;NO;NO;;-106.88;-106.88;-106.88;-1;DOWN
2025-04-02T14:15;2025-04-02T14:30;58;EUR;MWh;NO;NO;;-107.9;-107.9;-107.9;-1;DOWN
2025-04-02T14:30;2025-04-02T14:45;59;EUR;MWh;NO;NO;;-30;-30;-30;-1;DOWN
2025-04-02T14:45;2025-04-02T15:00;60;EUR;MWh;NO;NO;;-40;-40;-40;-1;DOWN
2025-04-02T15:00;2025-04-02T15:15;61;EUR;MWh;NO;NO;;-70;-70;-70;-1;DOWN
2025-04-02T15:15;2025-04-02T15:30;62;EUR;MWh;NO;NO;;-40;-40;-40;-1;DOWN
2025-04-02T15:30;2025-04-02T15:45;63;EUR;MWh;NO;NO;1;-50;48.29;-50;2;UP_AND_DOWN
2025-04-02T15:45;2025-04-02T16:00;64;EUR;MWh;NO;NO;33.93;-104.9;48.29;-104.9;2;UP_AND_DOWN
2025-04-02T16:00;2025-04-02T16:15;65;EUR;MWh;NO;NO;;-93.5;-93.5;-93.5;-1;DOWN
2025-04-02T16:15;2025-04-02T16:30;66;EUR;MWh;NO;NO;;-50;-50;-50;-1;DOWN
2025-04-02T16:30;2025-04-02T16:45;67;EUR;MWh;NO;NO;;-32;-32;-32;-1;DOWN
2025-04-02T16:45;2025-04-02T17:00;68;EUR;MWh;NO;NO;1;-27.14;48.29;-27.14;2;UP_AND_DOWN
2025-04-02T17:00;2025-04-02T17:15;69;EUR;MWh;NO;NO;1;-80.59;48.29;-80.59;2;UP_AND_DOWN
2025-04-02T17:15;2025-04-02T17:30;70;EUR;MWh;NO;NO;125.4;-80;125.4;-80;2;UP_AND_DOWN
2025-04-02T17:30;2025-04-02T17:45;71;EUR;MWh;NO;NO;125.4;-75.82;125.4;-75.82;2;UP_AND_DOWN
2025-04-02T17:45;2025-04-02T18:00;72;EUR;MWh;NO;NO;1;-30;48.29;-30;2;UP_AND_DOWN
2025-04-02T18:00;2025-04-02T18:15;73;EUR;MWh;NO;NO;;-80;-80;-80;-1;DOWN
2025-04-02T18:15;2025-04-02T18:30;74;EUR;MWh;NO;NO;54;-8.43;-8.43;-8.43;-1;DOWN
2025-04-02T18:30;2025-04-02T18:45;75;EUR;MWh;NO;NO;88.56;-8.33;88.56;-8.33;2;UP_AND_DOWN
2025-04-02T18:45;2025-04-02T19:00;76;EUR;MWh;NO;NO;90;79.57;90;68;2;UP_AND_DOWN
2025-04-02T19:00;2025-04-02T19:15;77;EUR;MWh;NO;NO;;18.39;18.39;18.39;-1;DOWN
2025-04-02T19:15;2025-04-02T19:30;78;EUR;MWh;NO;NO;54;78.87;68.94;68.94;2;UP_AND_DOWN
2025-04-02T19:30;2025-04-02T19:45;79;EUR;MWh;NO;NO;58;82.87;68.94;68.94;2;UP_AND_DOWN
2025-04-02T19:45;2025-04-02T20:00;80;EUR;MWh;NO;NO;90;;90;90;1;UP
2025-04-02T20:00;2025-04-02T20:15;81;EUR;MWh;NO;NO;90;53;53;53;-1;DOWN
2025-04-02T20:15;2025-04-02T20:30;82;EUR;MWh;NO;NO;;64.31;64.31;64.31;-1;DOWN
2025-04-02T20:30;2025-04-02T20:45;83;EUR;MWh;NO;NO;68.56;74.98;68.56;68;2;UP_AND_DOWN
2025-04-02T20:45;2025-04-02T21:00;84;EUR;MWh;NO;NO;90;;90;90;1;UP
2025-04-02T21:00;2025-04-02T21:15;85;EUR;MWh;NO;NO;61;64.31;64.31;64.31;-1;DOWN
2025-04-02T21:15;2025-04-02T21:30;86;EUR;MWh;NO;NO;;53;53;53;-1;DOWN
2025-04-02T21:30;2025-04-02T21:45;87;EUR;MWh;NO;NO;;29.98;29.98;29.98;-1;DOWN
2025-04-02T21:45;2025-04-02T22:00;88;EUR;MWh;NO;NO;;4.09;4.09;4.09;-1;DOWN
2025-04-02T22:00;2025-04-02T22:15;89;EUR;MWh;NO;NO;86;-6.7;86;-6.7;2;UP_AND_DOWN
2025-04-02T22:15;2025-04-02T22:30;90;EUR;MWh;NO;NO;86;-6.7;-6.7;-6.7;-1;DOWN
2025-04-02T22:30;2025-04-02T22:45;91;EUR;MWh;NO;NO;;-6.7;-6.7;-6.7;-1;DOWN
2025-04-02T22:45;2025-04-02T23:00;92;EUR;MWh;NO;NO;;-2.83;-2.83;-2.83;-1;DOWN
2025-04-02T23:00;2025-04-02T23:15;93;EUR;MWh;NO;NO;94.18;-13.5;94.18;-13.5;2;UP_AND_DOWN
2025-04-02T23:15;2025-04-02T23:30;94;EUR;MWh;NO;NO;76;;76;76;1;UP
2025-04-02T23:30;2025-04-02T23:45;95;EUR;MWh;NO;NO;76;-15.48;-15.48;-15.48;-1;DOWN
2025-04-02T23:45;2025-04-03T00:00;96;EUR;MWh;NO;NO;78.56;-11.16;78.56;78.56;1;UP
2025-04-03T00:00;2025-04-03T00:15;1;EUR;MWh;NO;NO;79;;79;79;1;UP
2025-04-03T00:15;2025-04-03T00:30;2;EUR;MWh;NO;NO;79;-5.69;79;-5.69;2;UP_AND_DOWN
2025-04-03T00:30;2025-04-03T00:45;3;EUR;MWh;NO;NO;;-4.62;-4.62;-4.62;-1;DOWN
2025-04-03T00:45;2025-04-03T01:00;4;EUR;MWh;NO;NO;;-15.8;-15.8;-15.8;-1;DOWN
2025-04-03T01:00;2025-04-03T01:15;5;EUR;MWh;NO;NO;78.56;-23.37;78.56;-23.37;2;UP_AND_DOWN
2025-04-03T01:15;2025-04-03T01:30;6;EUR;MWh;NO;NO;85;-25.8;85;-25.8;2;UP_AND_DOWN
2025-04-03T01:30;2025-04-03T01:45;7;EUR;MWh;NO;NO;91;-25.8;91;-25.8;2;UP_AND_DOWN
2025-04-03T01:45;2025-04-03T02:00;8;EUR;MWh;NO;NO;78.56;-30;78.56;-30;2;UP_AND_DOWN
2025-04-03T02:00;2025-04-03T02:15;9;EUR;MWh;NO;NO;;10;10;10;-1;DOWN
2025-04-03T02:15;2025-04-03T02:30;10;EUR;MWh;NO;NO;;-24.2;-24.2;-24.2;-1;DOWN
2025-04-03T02:30;2025-04-03T02:45;11;EUR;MWh;NO;NO;91;-24.2;91;91;1;UP
2025-04-03T02:45;2025-04-03T03:00;12;EUR;MWh;NO;NO;91;-25;-25;-25;-1;DOWN
2025-04-03T03:00;2025-04-03T03:15;13;EUR;MWh;NO;NO;;-25;69.5;69.5;0;STABLE
2025-04-03T03:15;2025-04-03T03:30;14;EUR;MWh;NO;NO;88.56;;88.56;88.56;1;UP
2025-04-03T03:30;2025-04-03T03:45;15;EUR;MWh;NO;NO;58.56;;58.56;58.56;1;UP
2025-04-03T03:45;2025-04-03T04:00;16;EUR;MWh;NO;NO;103.98;;103.98;103.98;1;UP
2025-04-03T04:00;2025-04-03T04:15;17;EUR;MWh;NO;NO;78.56;-17;78.56;-17;2;UP_AND_DOWN
2025-04-03T04:15;2025-04-03T04:30;18;EUR;MWh;NO;NO;88;22;88;22;2;UP_AND_DOWN
2025-04-03T04:30;2025-04-03T04:45;19;EUR;MWh;NO;NO;90;22;90;90;1;UP
2025-04-03T04:45;2025-04-03T05:00;20;EUR;MWh;NO;NO;101;;101;101;1;UP
2025-04-03T05:00;2025-04-03T05:15;21;EUR;MWh;NO;NO;78.56;-12.8;78.56;-12.8;2;UP_AND_DOWN
2025-04-03T05:15;2025-04-03T05:30;22;EUR;MWh;NO;NO;88;78.98;88;69;2;UP_AND_DOWN
2025-04-03T05:30;2025-04-03T05:45;23;EUR;MWh;NO;NO;88;78.98;88;88;1;UP
2025-04-03T05:45;2025-04-03T06:00;24;EUR;MWh;NO;NO;88;-12.8;-12.8;-12.8;-1;DOWN
2025-04-03T06:00;2025-04-03T06:15;25;EUR;MWh;NO;NO;134.98;22;134.98;22;2;UP_AND_DOWN
2025-04-03T06:15;2025-04-03T06:30;26;EUR;MWh;NO;NO;125;66.98;125;66.98;2;UP_AND_DOWN
2025-04-03T06:30;2025-04-03T06:45;27;EUR;MWh;NO;NO;106.74;66.98;106.74;106.74;1;UP
2025-04-03T06:45;2025-04-03T07:00;28;EUR;MWh;NO;NO;128.7;;128.7;128.7;1;UP
2025-04-03T07:00;2025-04-03T07:15;29;EUR;MWh;NO;NO;128.7;;128.7;128.7;1;UP
2025-04-03T07:15;2025-04-03T07:30;30;EUR;MWh;NO;NO;157.1;;157.1;157.1;1;UP
2025-04-03T07:30;2025-04-03T07:45;31;EUR;MWh;NO;NO;150;;150;150;1;UP
2025-04-03T07:45;2025-04-03T08:00;32;EUR;MWh;NO;NO;150;;73.83;73.83;0;STABLE
2025-04-03T08:00;2025-04-03T08:15;33;EUR;MWh;NO;NO;85;;85;85;1;UP
2025-04-03T08:15;2025-04-03T08:30;34;EUR;MWh;NO;NO;86.9;78.46;86.9;73.83;2;UP_AND_DOWN
2025-04-03T08:30;2025-04-03T08:45;35;EUR;MWh;NO;NO;78.56;29.57;78.56;29.57;2;UP_AND_DOWN
2025-04-03T08:45;2025-04-03T09:00;36;EUR;MWh;NO;NO;;22;22;22;-1;DOWN
2025-04-03T09:00;2025-04-03T09:15;37;EUR;MWh;NO;NO;191.98;82;191.98;56.05;2;UP_AND_DOWN
2025-04-03T09:15;2025-04-03T09:30;38;EUR;MWh;NO;NO;111.98;;111.98;111.98;1;UP
2025-04-03T09:30;2025-04-03T09:45;39;EUR;MWh;NO;NO;68.56;;68.56;68.56;1;UP
2025-04-03T09:45;2025-04-03T10:00;40;EUR;MWh;NO;NO;;-9.39;-9.39;-9.39;-1;DOWN
2025-04-03T10:00;2025-04-03T10:15;41;EUR;MWh;NO;NO;159.98;-21.09;159.98;-21.09;2;UP_AND_DOWN
2025-04-03T10:15;2025-04-03T10:30;42;EUR;MWh;NO;NO;128.7;38;38;38;-1;DOWN
2025-04-03T10:30;2025-04-03T10:45;43;EUR;MWh;NO;NO;;-2.39;-2.39;-2.39;-1;DOWN
2025-04-03T10:45;2025-04-03T11:00;44;EUR;MWh;NO;NO;;-27.13;-27.13;-27.13;-1;DOWN
2025-04-03T11:00;2025-04-03T11:15;45;EUR;MWh;NO;NO;109.76;-3.33;109.76;-3.33;2;UP_AND_DOWN
2025-04-03T11:15;2025-04-03T11:30;46;EUR;MWh;NO;NO;102.98;-25.14;102.98;-25.14;2;UP_AND_DOWN
2025-04-03T11:30;2025-04-03T11:45;47;EUR;MWh;NO;NO;;-30;-30;-30;-1;DOWN
2025-04-03T11:45;2025-04-03T12:00;48;EUR;MWh;NO;NO;;-30;-30;-30;-1;DOWN
2025-04-03T12:00;2025-04-03T12:15;49;EUR;MWh;NO;NO;;-32;-32;-32;-1;DOWN
2025-04-03T12:15;2025-04-03T12:30;50;EUR;MWh;NO;NO;;-30;-30;-30;-1;DOWN
2025-04-03T12:30;2025-04-03T12:45;51;EUR;MWh;NO;NO;67;-60;67;-60;2;UP_AND_DOWN
2025-04-03T12:45;2025-04-03T13:00;52;EUR;MWh;NO;NO;;-70;-70;-70;-1;DOWN
2025-04-03T13:00;2025-04-03T13:15;53;EUR;MWh;NO;NO;;-38;-38;-38;-1;DOWN
2025-04-03T13:15;2025-04-03T13:30;54;EUR;MWh;NO;NO;;-50;-50;-50;-1;DOWN
2025-04-03T13:30;2025-04-03T13:45;55;EUR;MWh;NO;NO;;-59.8;-59.8;-59.8;-1;DOWN
2025-04-03T13:45;2025-04-03T14:00;56;EUR;MWh;NO;NO;;-70;-70;-70;-1;DOWN
2025-04-03T14:00;2025-04-03T14:15;57;EUR;MWh;NO;NO;;-27.44;-27.44;-27.44;-1;DOWN
2025-04-03T14:15;2025-04-03T14:30;58;EUR;MWh;NO;NO;;-37.9;-37.9;-37.9;-1;DOWN
2025-04-03T14:30;2025-04-03T14:45;59;EUR;MWh;NO;NO;;-30;-30;-30;-1;DOWN
2025-04-03T14:45;2025-04-03T15:00;60;EUR;MWh;NO;NO;;-30;-30;-30;-1;DOWN
2025-04-03T15:00;2025-04-03T15:15;61;EUR;MWh;NO;NO;;-49.9;-49.9;-49.9;-1;DOWN
2025-04-03T15:15;2025-04-03T15:30;62;EUR;MWh;NO;NO;;-50;-50;-50;-1;DOWN
2025-04-03T15:30;2025-04-03T15:45;63;EUR;MWh;NO;NO;;-27.24;-27.24;-27.24;-1;DOWN
2025-04-03T15:45;2025-04-03T16:00;64;EUR;MWh;NO;NO;;;0;0;-1;DOWN
2025-04-03T16:00;2025-04-03T16:15;65;EUR;MWh;NO;NO;;-83.1;-83.1;-83.1;-1;DOWN
2025-04-03T16:15;2025-04-03T16:30;66;EUR;MWh;NO;NO;;-30;-30;-30;-1;DOWN
2025-04-03T16:30;2025-04-03T16:45;67;EUR;MWh;NO;NO;;-25.35;-25.35;-25.35;-1;DOWN
2025-04-03T16:45;2025-04-03T17:00;68;EUR;MWh;NO;NO;68.56;78.98;70.28;70.28;2;UP_AND_DOWN
2025-04-03T17:00;2025-04-03T17:15;69;EUR;MWh;NO;NO;119.12;;119.12;119.12;1;UP
2025-04-03T17:15;2025-04-03T17:30;70;EUR;MWh;NO;NO;100.98;;100.98;0;2;UP_AND_DOWN
2025-04-03T17:30;2025-04-03T17:45;71;EUR;MWh;NO;NO;85;-12.22;85;-12.22;2;UP_AND_DOWN
2025-04-03T17:45;2025-04-03T18:00;72;EUR;MWh;NO;NO;106.98;29.57;106.98;29.57;2;UP_AND_DOWN
2025-04-03T18:00;2025-04-03T18:15;73;EUR;MWh;NO;NO;;31.5;31.5;31.5;-1;DOWN
2025-04-03T18:15;2025-04-03T18:30;74;EUR;MWh;NO;NO;129.7;33.98;129.7;33.98;2;UP_AND_DOWN
2025-04-03T18:30;2025-04-03T18:45;75;EUR;MWh;NO;NO;130.98;33.98;130.98;33.98;2;UP_AND_DOWN
2025-04-03T18:45;2025-04-03T19:00;76;EUR;MWh;NO;NO;165.1;;165.1;165.1;1;UP
2025-04-03T19:00;2025-04-03T19:15;77;EUR;MWh;NO;NO;134.2;89.54;134.2;72.82;2;UP_AND_DOWN
2025-04-03T19:15;2025-04-03T19:30;78;EUR;MWh;NO;NO;199.22;;199.22;199.22;1;UP
2025-04-03T19:30;2025-04-03T19:45;79;EUR;MWh;NO;NO;196.22;;196.22;196.22;1;UP
2025-04-03T19:45;2025-04-03T20:00;80;EUR;MWh;NO;NO;196.4;;196.4;196.4;1;UP
2025-04-03T20:00;2025-04-03T20:15;81;EUR;MWh;NO;NO;150;;150;150;1;UP
2025-04-03T20:15;2025-04-03T20:30;82;EUR;MWh;NO;NO;126.7;;126.7;126.7;1;UP
2025-04-03T20:30;2025-04-03T20:45;83;EUR;MWh;NO;NO;126.7;;126.7;126.7;1;UP
2025-04-03T20:45;2025-04-03T21:00;84;EUR;MWh;NO;NO;116.98;;116.98;116.98;1;UP
2025-04-03T21:00;2025-04-03T21:15;85;EUR;MWh;NO;NO;159;;159;159;1;UP
2025-04-03T21:15;2025-04-03T21:30;86;EUR;MWh;NO;NO;159;76.98;76.98;76.98;-1;DOWN
2025-04-03T21:30;2025-04-03T21:45;87;EUR;MWh;NO;NO;;56;56;56;-1;DOWN
2025-04-03T21:45;2025-04-03T22:00;88;EUR;MWh;NO;NO;;40;40;40;-1;DOWN
2025-04-03T22:00;2025-04-03T22:15;89;EUR;MWh;NO;NO;58.56;52;72.45;52;2;UP_AND_DOWN
2025-04-03T22:15;2025-04-03T22:30;90;EUR;MWh;NO;NO;58.56;56;72.45;56;2;UP_AND_DOWN
2025-04-03T22:30;2025-04-03T22:45;91;EUR;MWh;NO;NO;;63.98;63.98;63.98;-1;DOWN
2025-04-03T22:45;2025-04-03T23:00;92;EUR;MWh;NO;NO;;56;56;56;-1;DOWN
2025-04-03T23:00;2025-04-03T23:15;93;EUR;MWh;NO;NO;;56.56;56.56;56.56;-1;DOWN
2025-04-03T23:15;2025-04-03T23:30;94;EUR;MWh;NO;NO;;81;81;81;-1;DOWN
2025-04-03T23:30;2025-04-03T23:45;95;EUR;MWh;NO;NO;;78.98;78.98;78.98;-1;DOWN
2025-04-03T23:45;2025-04-04T00:00;96;EUR;MWh;NO;NO;134.45;;134.45;134.45;1;UP
2025-04-04T00:00;2025-04-04T00:15;1;EUR;MWh;NO;NO;89;79.57;89;71.8;2;UP_AND_DOWN
2025-04-04T00:15;2025-04-04T00:30;2;EUR;MWh;NO;NO;58.56;;58.56;58.56;1;UP
2025-04-04T00:30;2025-04-04T00:45;3;EUR;MWh;NO;NO;89;;89;89;1;UP
2025-04-04T00:45;2025-04-04T01:00;4;EUR;MWh;NO;NO;;79.57;79.57;79.57;-1;DOWN
2025-04-04T01:00;2025-04-04T01:15;5;EUR;MWh;NO;NO;92;76.48;92;71.8;2;UP_AND_DOWN
2025-04-04T01:15;2025-04-04T01:30;6;EUR;MWh;NO;NO;92;;92;92;1;UP
2025-04-04T01:30;2025-04-04T01:45;7;EUR;MWh;NO;NO;88.56;;88.56;88.56;1;UP
2025-04-04T01:45;2025-04-04T02:00;8;EUR;MWh;NO;NO;68.56;;68.56;68.56;1;UP
2025-04-04T02:00;2025-04-04T02:15;9;EUR;MWh;NO;NO;108.98;;108.98;108.98;1;UP
2025-04-04T02:15;2025-04-04T02:30;10;EUR;MWh;NO;NO;113.98;;113.98;113.98;1;UP
2025-04-04T02:30;2025-04-04T02:45;11;EUR;MWh;NO;NO;91;;91;91;1;UP
2025-04-04T02:45;2025-04-04T03:00;12;EUR;MWh;NO;NO;117.98;;117.98;117.98;1;UP
2025-04-04T03:00;2025-04-04T03:15;13;EUR;MWh;NO;NO;114.98;;114.98;114.98;1;UP
2025-04-04T03:15;2025-04-04T03:30;14;EUR;MWh;NO;NO;150;;150;150;1;UP
2025-04-04T03:30;2025-04-04T03:45;15;EUR;MWh;NO;NO;154.7;;154.7;154.7;1;UP
2025-04-04T03:45;2025-04-04T04:00;16;EUR;MWh;NO;NO;150;;150;150;1;UP
2025-04-04T04:00;2025-04-04T04:15;17;EUR;MWh;NO;NO;127;;127;127;1;UP
2025-04-04T04:15;2025-04-04T04:30;18;EUR;MWh;NO;NO;127;;127;127;1;UP
2025-04-04T04:30;2025-04-04T04:45;19;EUR;MWh;NO;NO;127;;127;127;1;UP
2025-04-04T04:45;2025-04-04T05:00;20;EUR;MWh;NO;NO;150;;150;150;1;UP
2025-04-04T05:00;2025-04-04T05:15;21;EUR;MWh;NO;NO;127;81.41;127;81.41;2;UP_AND_DOWN
2025-04-04T05:15;2025-04-04T05:30;22;EUR;MWh;NO;NO;127;;127;127;1;UP
2025-04-04T05:30;2025-04-04T05:45;23;EUR;MWh;NO;NO;119.98;83.98;119.98;83.98;2;UP_AND_DOWN
2025-04-04T05:45;2025-04-04T06:00;24;EUR;MWh;NO;NO;127;;127;127;1;UP
2025-04-04T06:00;2025-04-04T06:15;25;EUR;MWh;NO;NO;150;41;150;41;2;UP_AND_DOWN
2025-04-04T06:15;2025-04-04T06:30;26;EUR;MWh;NO;NO;155.1;41;155.1;155.1;1;UP
2025-04-04T06:30;2025-04-04T06:45;27;EUR;MWh;NO;NO;166.18;;166.18;166.18;1;UP
2025-04-04T06:45;2025-04-04T07:00;28;EUR;MWh;NO;NO;176.7;;176.7;176.7;1;UP
2025-04-04T07:00;2025-04-04T07:15;29;EUR;MWh;NO;NO;200;;200;200;1;UP
2025-04-04T07:15;2025-04-04T07:30;30;EUR;MWh;NO;NO;198.98;;198.98;198.98;1;UP
2025-04-04T07:30;2025-04-04T07:45;31;EUR;MWh;NO;NO;200;;200;200;1;UP
2025-04-04T07:45;2025-04-04T08:00;32;EUR;MWh;NO;NO;1672.26;85.03;1672.26;72;2;UP_AND_DOWN
2025-04-04T08:00;2025-04-04T08:15;33;EUR;MWh;NO;NO;1672.26;;1672.26;1672.26;1;UP
2025-04-04T08:15;2025-04-04T08:30;34;EUR;MWh;NO;NO;140.98;;140.98;140.98;1;UP
2025-04-04T08:30;2025-04-04T08:45;35;EUR;MWh;NO;NO;154.9;75;154.9;72;2;UP_AND_DOWN
2025-04-04T08:45;2025-04-04T09:00;36;EUR;MWh;NO;NO;154.9;57.23;57.23;57.23;-1;DOWN
2025-04-04T09:00;2025-04-04T09:15;37;EUR;MWh;NO;NO;154.6;;154.6;154.6;1;UP
2025-04-04T09:15;2025-04-04T09:30;38;EUR;MWh;NO;NO;95;50.1;95;50.1;2;UP_AND_DOWN
2025-04-04T09:30;2025-04-04T09:45;39;EUR;MWh;NO;NO;1895;;1895;1895;1;UP
2025-04-04T09:45;2025-04-04T10:00;40;EUR;MWh;NO;NO;95.45;52;95.45;52;2;UP_AND_DOWN
2025-04-04T10:00;2025-04-04T10:15;41;EUR;MWh;NO;NO;500;;500;500;1;UP
2025-04-04T10:15;2025-04-04T10:30;42;EUR;MWh;NO;NO;87.65;41;87.65;41;2;UP_AND_DOWN
2025-04-04T10:30;2025-04-04T10:45;43;EUR;MWh;NO;NO;;-70;-70;-70;-1;DOWN
2025-04-04T10:45;2025-04-04T11:00;44;EUR;MWh;NO;NO;91;-912.96;91;-912.96;2;UP_AND_DOWN
2025-04-04T11:00;2025-04-04T11:15;45;EUR;MWh;NO;NO;1895;-60;1895;-60;2;UP_AND_DOWN
2025-04-04T11:15;2025-04-04T11:30;46;EUR;MWh;NO;NO;149.7;32;149.7;32;2;UP_AND_DOWN
2025-04-04T11:30;2025-04-04T11:45;47;EUR;MWh;NO;NO;149.7;-30;-30;-30;-1;DOWN
2025-04-04T11:45;2025-04-04T12:00;48;EUR;MWh;NO;NO;;-40;-40;-40;-1;DOWN
2025-04-04T12:00;2025-04-04T12:15;49;EUR;MWh;NO;NO;;-24.24;-24.24;-24.24;-1;DOWN
2025-04-04T12:15;2025-04-04T12:30;50;EUR;MWh;NO;NO;;-30;-30;-30;-1;DOWN
2025-04-04T12:30;2025-04-04T12:45;51;EUR;MWh;NO;NO;;-49.8;-49.8;-49.8;-1;DOWN
2025-04-04T12:45;2025-04-04T13:00;52;EUR;MWh;NO;NO;;-34.9;-34.9;-34.9;-1;DOWN
2025-04-04T13:00;2025-04-04T13:15;53;EUR;MWh;NO;NO;107;-28;107;-28;2;UP_AND_DOWN
2025-04-04T13:15;2025-04-04T13:30;54;EUR;MWh;NO;NO;107;-28;-28;-28;-1;DOWN
2025-04-04T13:30;2025-04-04T13:45;55;EUR;MWh;NO;NO;87;-18.5;87;87;1;UP
2025-04-04T13:45;2025-04-04T14:00;56;EUR;MWh;NO;NO;74.91;-2.51;74.91;-2.51;2;UP_AND_DOWN
2025-04-04T14:00;2025-04-04T14:15;57;EUR;MWh;NO;NO;;-27.49;-27.49;-27.49;-1;DOWN
2025-04-04T14:15;2025-04-04T14:30;58;EUR;MWh;NO;NO;;-12;-12;-12;-1;DOWN
2025-04-04T14:30;2025-04-04T14:45;59;EUR;MWh;NO;NO;;-2.61;-2.61;-2.61;-1;DOWN
2025-04-04T14:45;2025-04-04T15:00;60;EUR;MWh;NO;NO;;-30;-30;-30;-1;DOWN
2025-04-04T15:00;2025-04-04T15:15;61;EUR;MWh;NO;NO;;-31;-31;-31;-1;DOWN
2025-04-04T15:15;2025-04-04T15:30;62;EUR;MWh;NO;NO;;-31;-31;-31;-1;DOWN
2025-04-04T15:30;2025-04-04T15:45;63;EUR;MWh;NO;NO;;-30;-30;-30;-1;DOWN
2025-04-04T15:45;2025-04-04T16:00;64;EUR;MWh;NO;NO;;10;10;10;-1;DOWN
2025-04-04T16:00;2025-04-04T16:15;65;EUR;MWh;NO;NO;;-49.8;-49.8;-49.8;-1;DOWN
2025-04-04T16:15;2025-04-04T16:30;66;EUR;MWh;NO;NO;;-58.9;-58.9;-58.9;-1;DOWN
2025-04-04T16:30;2025-04-04T16:45;67;EUR;MWh;NO;NO;;10;10;10;-1;DOWN
2025-04-04T16:45;2025-04-04T17:00;68;EUR;MWh;NO;NO;;79;79;79;-1;DOWN
2025-04-04T17:00;2025-04-04T17:15;69;EUR;MWh;NO;NO;125.5;-29.8;125.5;-29.8;2;UP_AND_DOWN
2025-04-04T17:15;2025-04-04T17:30;70;EUR;MWh;NO;NO;171;-29.8;171;171;1;UP
2025-04-04T17:30;2025-04-04T17:45;71;EUR;MWh;NO;NO;113.98;;113.98;0;2;UP_AND_DOWN
2025-04-04T17:45;2025-04-04T18:00;72;EUR;MWh;NO;NO;94.52;-16;94.52;-16;2;UP_AND_DOWN
2025-04-04T18:00;2025-04-04T18:15;73;EUR;MWh;NO;NO;107;79.57;107;69.58;2;UP_AND_DOWN
2025-04-04T18:15;2025-04-04T18:30;74;EUR;MWh;NO;NO;;16.1;16.1;16.1;-1;DOWN
2025-04-04T18:30;2025-04-04T18:45;75;EUR;MWh;NO;NO;;34.35;34.35;34.35;-1;DOWN
2025-04-04T18:45;2025-04-04T19:00;76;EUR;MWh;NO;NO;;61.44;61.44;61.44;-1;DOWN
2025-04-04T19:00;2025-04-04T19:15;77;EUR;MWh;NO;NO;;22.98;22.98;22.98;-1;DOWN
2025-04-04T19:15;2025-04-04T19:30;78;EUR;MWh;NO;NO;68.56;75.1;68.56;68.56;1;UP
2025-04-04T19:30;2025-04-04T19:45;79;EUR;MWh;NO;NO;113.98;;113.98;113.98;1;UP
2025-04-04T19:45;2025-04-04T20:00;80;EUR;MWh;NO;NO;112.98;;112.98;112.98;1;UP
2025-04-04T20:00;2025-04-04T20:15;81;EUR;MWh;NO;NO;150;;150;150;1;UP
2025-04-04T20:15;2025-04-04T20:30;82;EUR;MWh;NO;NO;119.12;79.67;79.67;79.67;-1;DOWN
2025-04-04T20:30;2025-04-04T20:45;83;EUR;MWh;NO;NO;104;79.87;104;72.33;2;UP_AND_DOWN
2025-04-04T20:45;2025-04-04T21:00;84;EUR;MWh;NO;NO;;54.35;54.35;54.35;-1;DOWN
2025-04-04T21:00;2025-04-04T21:15;85;EUR;MWh;NO;NO;107;78;107;69.26;2;UP_AND_DOWN
2025-04-04T21:15;2025-04-04T21:30;86;EUR;MWh;NO;NO;;74.44;74.44;74.44;-1;DOWN
2025-04-04T21:30;2025-04-04T21:45;87;EUR;MWh;NO;NO;;59.98;59.98;59.98;-1;DOWN
2025-04-04T21:45;2025-04-04T22:00;88;EUR;MWh;NO;NO;;56;56;56;-1;DOWN
2025-04-04T22:00;2025-04-04T22:15;89;EUR;MWh;NO;NO;;74.35;74.35;74.35;-1;DOWN
2025-04-04T22:15;2025-04-04T22:30;90;EUR;MWh;NO;NO;88.56;61.54;88.56;61.54;2;UP_AND_DOWN
2025-04-04T22:30;2025-04-04T22:45;91;EUR;MWh;NO;NO;107;;107;107;1;UP
2025-04-04T22:45;2025-04-04T23:00;92;EUR;MWh;NO;NO;126.98;;126.98;126.98;1;UP
2025-04-04T23:00;2025-04-04T23:15;93;EUR;MWh;NO;NO;95;.2;95;.2;2;UP_AND_DOWN
2025-04-04T23:15;2025-04-04T23:30;94;EUR;MWh;NO;NO;;39;39;39;-1;DOWN
2025-04-04T23:30;2025-04-04T23:45;95;EUR;MWh;NO;NO;;38;38;38;-1;DOWN
2025-04-04T23:45;2025-04-05T00:00;96;EUR;MWh;NO;NO;78.56;10;78.56;10;2;UP_AND_DOWN
2025-04-05T00:00;2025-04-05T00:15;1;EUR;MWh;NO;NO;109.98;79;109.98;69.28;2;UP_AND_DOWN
2025-04-05T00:15;2025-04-05T00:30;2;EUR;MWh;NO;NO;100;;100;100;1;UP
2025-04-05T00:30;2025-04-05T00:45;3;EUR;MWh;NO;NO;100;;100;100;1;UP
2025-04-05T00:45;2025-04-05T01:00;4;EUR;MWh;NO;NO;100;60;60;60;-1;DOWN
2025-04-05T01:00;2025-04-05T01:15;5;EUR;MWh;NO;NO;;34;34;34;-1;DOWN
2025-04-05T01:15;2025-04-05T01:30;6;EUR;MWh;NO;NO;;35;35;35;-1;DOWN
2025-04-05T01:30;2025-04-05T01:45;7;EUR;MWh;NO;NO;;52;52;52;-1;DOWN
2025-04-05T01:45;2025-04-05T02:00;8;EUR;MWh;NO;NO;;60;60;60;-1;DOWN
2025-04-05T02:00;2025-04-05T02:15;9;EUR;MWh;NO;NO;144;61.44;144;61.44;2;UP_AND_DOWN
2025-04-05T02:15;2025-04-05T02:30;10;EUR;MWh;NO;NO;100;;100;100;1;UP
2025-04-05T02:30;2025-04-05T02:45;11;EUR;MWh;NO;NO;100;;100;100;1;UP
2025-04-05T02:45;2025-04-05T03:00;12;EUR;MWh;NO;NO;103.44;;103.44;103.44;1;UP
2025-04-05T03:00;2025-04-05T03:15;13;EUR;MWh;NO;NO;103.44;79;79;79;-1;DOWN
2025-04-05T03:15;2025-04-05T03:30;14;EUR;MWh;NO;NO;90.44;;90.44;90.44;1;UP
2025-04-05T03:30;2025-04-05T03:45;15;EUR;MWh;NO;NO;100;;100;100;1;UP
2025-04-05T03:45;2025-04-05T04:00;16;EUR;MWh;NO;NO;86.98;34;34;34;-1;DOWN
2025-04-05T04:00;2025-04-05T04:15;17;EUR;MWh;NO;NO;;24.98;24.98;24.98;-1;DOWN
2025-04-05T04:15;2025-04-05T04:30;18;EUR;MWh;NO;NO;;16.98;16.98;16.98;-1;DOWN
2025-04-05T04:30;2025-04-05T04:45;19;EUR;MWh;NO;NO;;26.67;26.67;26.67;-1;DOWN
2025-04-05T04:45;2025-04-05T05:00;20;EUR;MWh;NO;NO;;24.57;24.57;24.57;-1;DOWN
2025-04-05T05:00;2025-04-05T05:15;21;EUR;MWh;NO;NO;;24.98;24.98;24.98;-1;DOWN
2025-04-05T05:15;2025-04-05T05:30;22;EUR;MWh;NO;NO;;;65.79;65.79;0;STABLE
2025-04-05T05:30;2025-04-05T05:45;23;EUR;MWh;NO;NO;89.98;;89.98;89.98;1;UP
2025-04-05T05:45;2025-04-05T06:00;24;EUR;MWh;NO;NO;91.34;;91.34;91.34;1;UP
2025-04-05T06:00;2025-04-05T06:15;25;EUR;MWh;NO;NO;58.56;59.07;65.79;59.07;2;UP_AND_DOWN
2025-04-05T06:15;2025-04-05T06:30;26;EUR;MWh;NO;NO;;59.07;65.79;65.79;0;STABLE
2025-04-05T06:30;2025-04-05T06:45;27;EUR;MWh;NO;NO;;;65.79;65.79;0;STABLE
2025-04-05T06:45;2025-04-05T07:00;28;EUR;MWh;NO;NO;85;;85;85;1;UP
2025-04-05T07:00;2025-04-05T07:15;29;EUR;MWh;NO;NO;58.56;;58.56;58.56;1;UP
2025-04-05T07:15;2025-04-05T07:30;30;EUR;MWh;NO;NO;85;;85;85;1;UP
2025-04-05T07:30;2025-04-05T07:45;31;EUR;MWh;NO;NO;;6.98;6.98;6.98;-1;DOWN
2025-04-05T07:45;2025-04-05T08:00;32;EUR;MWh;NO;NO;;1.98;1.98;1.98;-1;DOWN
2025-04-05T08:00;2025-04-05T08:15;33;EUR;MWh;NO;NO;;50;50;50;-1;DOWN
2025-04-05T08:15;2025-04-05T08:30;34;EUR;MWh;NO;NO;;2.2;2.2;2.2;-1;DOWN
2025-04-05T08:30;2025-04-05T08:45;35;EUR;MWh;NO;NO;;1;1;1;-1;DOWN
2025-04-05T08:45;2025-04-05T09:00;36;EUR;MWh;NO;NO;;2.2;2.2;2.2;-1;DOWN
2025-04-05T09:00;2025-04-05T09:15;37;EUR;MWh;NO;NO;;-25.71;-25.71;-25.71;-1;DOWN
2025-04-05T09:15;2025-04-05T09:30;38;EUR;MWh;NO;NO;;-11;-11;-11;-1;DOWN
2025-04-05T09:30;2025-04-05T09:45;39;EUR;MWh;NO;NO;95.98;-30;95.98;-30;2;UP_AND_DOWN
2025-04-05T09:45;2025-04-05T10:00;40;EUR;MWh;NO;NO;;-40;-40;-40;-1;DOWN
2025-04-05T10:00;2025-04-05T10:15;41;EUR;MWh;NO;NO;68.56;-30;68.56;-30;2;UP_AND_DOWN
2025-04-05T10:15;2025-04-05T10:30;42;EUR;MWh;NO;NO;;-5.56;-5.56;-5.56;-1;DOWN
2025-04-05T10:30;2025-04-05T10:45;43;EUR;MWh;NO;NO;;-42.26;-42.26;-42.26;-1;DOWN
2025-04-05T10:45;2025-04-05T11:00;44;EUR;MWh;NO;NO;;-50;-50;-50;-1;DOWN
2025-04-05T11:00;2025-04-05T11:15;45;EUR;MWh;NO;NO;30;-70;54.79;-70;2;UP_AND_DOWN
2025-04-05T11:15;2025-04-05T11:30;46;EUR;MWh;NO;NO;62.96;10;62.96;10;2;UP_AND_DOWN
2025-04-05T11:30;2025-04-05T11:45;47;EUR;MWh;NO;NO;;10;10;10;-1;DOWN
2025-04-05T11:45;2025-04-05T12:00;48;EUR;MWh;NO;NO;;-30;-30;-30;-1;DOWN
2025-04-05T12:00;2025-04-05T12:15;49;EUR;MWh;NO;NO;;-30;-30;-30;-1;DOWN
2025-04-05T12:15;2025-04-05T12:30;50;EUR;MWh;NO;NO;;-30;-30;-30;-1;DOWN
2025-04-05T12:30;2025-04-05T12:45;51;EUR;MWh;NO;NO;;-50;-50;-50;-1;DOWN
2025-04-05T12:45;2025-04-05T13:00;52;EUR;MWh;NO;NO;;-51.32;-51.32;-51.32;-1;DOWN
2025-04-05T13:00;2025-04-05T13:15;53;EUR;MWh;NO;NO;;-60;-60;-60;-1;DOWN
2025-04-05T13:15;2025-04-05T13:30;54;EUR;MWh;NO;NO;;-70;-70;-70;-1;DOWN
2025-04-05T13:30;2025-04-05T13:45;55;EUR;MWh;NO;NO;;-80.2;-80.2;-80.2;-1;DOWN
2025-04-05T13:45;2025-04-05T14:00;56;EUR;MWh;NO;NO;;-85.6;-85.6;-85.6;-1;DOWN
2025-04-05T14:00;2025-04-05T14:15;57;EUR;MWh;NO;NO;;-75;-75;-75;-1;DOWN
2025-04-05T14:15;2025-04-05T14:30;58;EUR;MWh;NO;NO;;-30;-30;-30;-1;DOWN
2025-04-05T14:30;2025-04-05T14:45;59;EUR;MWh;NO;NO;;-30;-30;-30;-1;DOWN
2025-04-05T14:45;2025-04-05T15:00;60;EUR;MWh;NO;NO;;-30;-30;-30;-1;DOWN
2025-04-05T15:00;2025-04-05T15:15;61;EUR;MWh;NO;NO;;-92.96;-92.96;-92.96;-1;DOWN
2025-04-05T15:15;2025-04-05T15:30;62;EUR;MWh;NO;NO;;-30;-30;-30;-1;DOWN
2025-04-05T15:30;2025-04-05T15:45;63;EUR;MWh;NO;NO;;-45;-45;-45;-1;DOWN
2025-04-05T15:45;2025-04-05T16:00;64;EUR;MWh;NO;NO;;-70;-70;-70;-1;DOWN
2025-04-05T16:00;2025-04-05T16:15;65;EUR;MWh;NO;NO;;-82.29;-82.29;-82.29;-1;DOWN
2025-04-05T16:15;2025-04-05T16:30;66;EUR;MWh;NO;NO;1;-80.9;40.29;-80.9;2;UP_AND_DOWN
2025-04-05T16:30;2025-04-05T16:45;67;EUR;MWh;NO;NO;1;;40.29;0;2;UP_AND_DOWN
2025-04-05T16:45;2025-04-05T17:00;68;EUR;MWh;NO;NO;1;-74;40.29;-74;2;UP_AND_DOWN
2025-04-05T17:00;2025-04-05T17:15;69;EUR;MWh;NO;NO;;-576.83;-576.83;-576.83;-1;DOWN
2025-04-05T17:15;2025-04-05T17:30;70;EUR;MWh;NO;NO;;-100.2;-100.2;-100.2;-1;DOWN
2025-04-05T17:30;2025-04-05T17:45;71;EUR;MWh;NO;NO;76.83;-502.18;76.83;-502.18;2;UP_AND_DOWN
2025-04-05T17:45;2025-04-05T18:00;72;EUR;MWh;NO;NO;78.56;;78.56;0;2;UP_AND_DOWN
2025-04-05T18:00;2025-04-05T18:15;73;EUR;MWh;NO;NO;;-54.9;-54.9;-54.9;-1;DOWN
2025-04-05T18:15;2025-04-05T18:30;74;EUR;MWh;NO;NO;;-45;-45;-45;-1;DOWN
2025-04-05T18:30;2025-04-05T18:45;75;EUR;MWh;NO;NO;;-35;-35;-35;-1;DOWN
2025-04-05T18:45;2025-04-05T19:00;76;EUR;MWh;NO;NO;;;0;0;-1;DOWN
2025-04-05T19:00;2025-04-05T19:15;77;EUR;MWh;NO;NO;69;-22.24;70;-22.24;2;UP_AND_DOWN
2025-04-05T19:15;2025-04-05T19:30;78;EUR;MWh;NO;NO;78.56;5.8;78.56;5.8;2;UP_AND_DOWN
2025-04-05T19:30;2025-04-05T19:45;79;EUR;MWh;NO;NO;78.56;5.8;78.56;5.8;2;UP_AND_DOWN
2025-04-05T19:45;2025-04-05T20:00;80;EUR;MWh;NO;NO;146.4;10;146.4;10;2;UP_AND_DOWN
2025-04-05T20:00;2025-04-05T20:15;81;EUR;MWh;NO;NO;146.4;24.57;24.57;24.57;-1;DOWN
2025-04-05T20:15;2025-04-05T20:30;82;EUR;MWh;NO;NO;;27.98;27.98;27.98;-1;DOWN
2025-04-05T20:30;2025-04-05T20:45;83;EUR;MWh;NO;NO;;16.98;16.98;16.98;-1;DOWN
2025-04-05T20:45;2025-04-05T21:00;84;EUR;MWh;NO;NO;;10;10;10;-1;DOWN
2025-04-05T21:00;2025-04-05T21:15;85;EUR;MWh;NO;NO;;-5.3;-5.3;-5.3;-1;DOWN
2025-04-05T21:15;2025-04-05T21:30;86;EUR;MWh;NO;NO;74;80;74;74;1;UP
2025-04-05T21:30;2025-04-05T21:45;87;EUR;MWh;NO;NO;;24.57;24.57;24.57;-1;DOWN
2025-04-05T21:45;2025-04-05T22:00;88;EUR;MWh;NO;NO;;52;52;52;-1;DOWN
2025-04-05T22:00;2025-04-05T22:15;89;EUR;MWh;NO;NO;58.56;-9.6;70;-9.6;2;UP_AND_DOWN
2025-04-05T22:15;2025-04-05T22:30;90;EUR;MWh;NO;NO;87;;87;0;2;UP_AND_DOWN
2025-04-05T22:30;2025-04-05T22:45;91;EUR;MWh;NO;NO;;-9.6;-9.6;-9.6;-1;DOWN
2025-04-05T22:45;2025-04-05T23:00;92;EUR;MWh;NO;NO;;-9.6;-9.6;-9.6;-1;DOWN
2025-04-05T23:00;2025-04-05T23:15;93;EUR;MWh;NO;NO;75;-13.56;75;-13.56;2;UP_AND_DOWN
2025-04-05T23:15;2025-04-05T23:30;94;EUR;MWh;NO;NO;75;10;10;10;-1;DOWN
2025-04-05T23:30;2025-04-05T23:45;95;EUR;MWh;NO;NO;;-10.91;-10.91;-10.91;-1;DOWN
2025-04-05T23:45;2025-04-06T00:00;96;EUR;MWh;NO;NO;;;0;0;-1;DOWN
2025-04-06T00:00;2025-04-06T00:15;1;EUR;MWh;NO;NO;;-15.6;-15.6;-15.6;-1;DOWN
2025-04-06T00:15;2025-04-06T00:30;2;EUR;MWh;NO;NO;;-7.13;-7.13;-7.13;-1;DOWN
2025-04-06T00:30;2025-04-06T00:45;3;EUR;MWh;NO;NO;;-8.63;-8.63;-8.63;-1;DOWN
2025-04-06T00:45;2025-04-06T01:00;4;EUR;MWh;NO;NO;87;-2.61;87;87;1;UP
2025-04-06T01:00;2025-04-06T01:15;5;EUR;MWh;NO;NO;78.3;;78.3;0;2;UP_AND_DOWN
2025-04-06T01:15;2025-04-06T01:30;6;EUR;MWh;NO;NO;;-14.69;-14.69;-14.69;-1;DOWN
2025-04-06T01:30;2025-04-06T01:45;7;EUR;MWh;NO;NO;;;0;0;-1;DOWN
2025-04-06T01:45;2025-04-06T02:00;8;EUR;MWh;NO;NO;88;;88;0;2;UP_AND_DOWN
2025-04-06T02:00;2025-04-06T02:15;9;EUR;MWh;NO;NO;58.56;-8.93;69.27;-8.93;2;UP_AND_DOWN
2025-04-06T02:15;2025-04-06T02:30;10;EUR;MWh;NO;NO;;63.09;63.09;63.09;-1;DOWN
2025-04-06T02:30;2025-04-06T02:45;11;EUR;MWh;NO;NO;58.56;63.09;69.27;63.09;2;UP_AND_DOWN
2025-04-06T02:45;2025-04-06T03:00;12;EUR;MWh;NO;NO;;-15.07;-15.07;-15.07;-1;DOWN
2025-04-06T03:00;2025-04-06T03:15;13;EUR;MWh;NO;NO;58.56;;64.99;0;2;UP_AND_DOWN
2025-04-06T03:15;2025-04-06T03:30;14;EUR;MWh;NO;NO;;50;50;50;-1;DOWN
2025-04-06T03:30;2025-04-06T03:45;15;EUR;MWh;NO;NO;;63.09;63.09;63.09;-1;DOWN
2025-04-06T03:45;2025-04-06T04:00;16;EUR;MWh;NO;NO;;50;50;50;-1;DOWN
2025-04-06T04:00;2025-04-06T04:15;17;EUR;MWh;NO;NO;;24.57;24.57;24.57;-1;DOWN
2025-04-06T04:15;2025-04-06T04:30;18;EUR;MWh;NO;NO;;50;50;50;-1;DOWN
2025-04-06T04:30;2025-04-06T04:45;19;EUR;MWh;NO;NO;;75.98;75.98;75.98;-1;DOWN
2025-04-06T04:45;2025-04-06T05:00;20;EUR;MWh;NO;NO;;24.57;24.57;24.57;-1;DOWN
2025-04-06T05:00;2025-04-06T05:15;21;EUR;MWh;NO;NO;;-2.08;-2.08;-2.08;-1;DOWN
2025-04-06T05:15;2025-04-06T05:30;22;EUR;MWh;NO;NO;;10;10;10;-1;DOWN
2025-04-06T05:30;2025-04-06T05:45;23;EUR;MWh;NO;NO;;;0;0;-1;DOWN
2025-04-06T05:45;2025-04-06T06:00;24;EUR;MWh;NO;NO;;-15.6;-15.6;-15.6;-1;DOWN
2025-04-06T06:00;2025-04-06T06:15;25;EUR;MWh;NO;NO;;-15.6;-15.6;-15.6;-1;DOWN
2025-04-06T06:15;2025-04-06T06:30;26;EUR;MWh;NO;NO;;;0;0;-1;DOWN
2025-04-06T06:30;2025-04-06T06:45;27;EUR;MWh;NO;NO;;50;50;50;-1;DOWN
2025-04-06T06:45;2025-04-06T07:00;28;EUR;MWh;NO;NO;;50;50;50;-1;DOWN
2025-04-06T07:00;2025-04-06T07:15;29;EUR;MWh;NO;NO;36.6;79.57;36.6;36.6;1;UP
2025-04-06T07:15;2025-04-06T07:30;30;EUR;MWh;NO;NO;36.6;79.98;36.6;36.6;1;UP
2025-04-06T07:30;2025-04-06T07:45;31;EUR;MWh;NO;NO;41.28;;57.44;0;2;UP_AND_DOWN
2025-04-06T07:45;2025-04-06T08:00;32;EUR;MWh;NO;NO;;-15.6;-15.6;-15.6;-1;DOWN
2025-04-06T08:00;2025-04-06T08:15;33;EUR;MWh;NO;NO;68.56;-18.5;68.56;-18.5;2;UP_AND_DOWN
2025-04-06T08:15;2025-04-06T08:30;34;EUR;MWh;NO;NO;30;-34.6;-34.6;-34.6;-1;DOWN
2025-04-06T08:30;2025-04-06T08:45;35;EUR;MWh;NO;NO;;-44;-44;-44;-1;DOWN
2025-04-06T08:45;2025-04-06T09:00;36;EUR;MWh;NO;NO;;-60;-60;-60;-1;DOWN
2025-04-06T09:00;2025-04-06T09:15;37;EUR;MWh;NO;NO;;-26.1;-26.1;-26.1;-1;DOWN
2025-04-06T09:15;2025-04-06T09:30;38;EUR;MWh;NO;NO;;-31;-31;-31;-1;DOWN
2025-04-06T09:30;2025-04-06T09:45;39;EUR;MWh;NO;NO;;-50;-50;-50;-1;DOWN
2025-04-06T09:45;2025-04-06T10:00;40;EUR;MWh;NO;NO;;-60;-60;-60;-1;DOWN
2025-04-06T10:00;2025-04-06T10:15;41;EUR;MWh;NO;NO;129.28;10;129.28;10;2;UP_AND_DOWN
2025-04-06T10:15;2025-04-06T10:30;42;EUR;MWh;NO;NO;78.56;-18.5;78.56;-18.5;2;UP_AND_DOWN
2025-04-06T10:30;2025-04-06T10:45;43;EUR;MWh;NO;NO;;-23.8;-23.8;-23.8;-1;DOWN
2025-04-06T10:45;2025-04-06T11:00;44;EUR;MWh;NO;NO;;-23.9;-23.9;-23.9;-1;DOWN
2025-04-06T11:00;2025-04-06T11:15;45;EUR;MWh;NO;NO;1;;40.49;0;2;UP_AND_DOWN
2025-04-06T11:15;2025-04-06T11:30;46;EUR;MWh;NO;NO;1;;1;1;1;UP
2025-04-06T11:30;2025-04-06T11:45;47;EUR;MWh;NO;NO;;-28.4;-28.4;-28.4;-1;DOWN
2025-04-06T11:45;2025-04-06T12:00;48;EUR;MWh;NO;NO;;-28.4;-28.4;-28.4;-1;DOWN
2025-04-06T12:00;2025-04-06T12:15;49;EUR;MWh;NO;NO;;-34;-34;-34;-1;DOWN
2025-04-06T12:15;2025-04-06T12:30;50;EUR;MWh;NO;NO;;-30;-30;-30;-1;DOWN
2025-04-06T12:30;2025-04-06T12:45;51;EUR;MWh;NO;NO;;-49.7;-49.7;-49.7;-1;DOWN
2025-04-06T12:45;2025-04-06T13:00;52;EUR;MWh;NO;NO;;-70;-70;-70;-1;DOWN
2025-04-06T13:00;2025-04-06T13:15;53;EUR;MWh;NO;NO;;-70;-70;-70;-1;DOWN
2025-04-06T13:15;2025-04-06T13:30;54;EUR;MWh;NO;NO;;-531.92;-531.92;-531.92;-1;DOWN
2025-04-06T13:30;2025-04-06T13:45;55;EUR;MWh;NO;NO;;-524.4;-524.4;-524.4;-1;DOWN
2025-04-06T13:45;2025-04-06T14:00;56;EUR;MWh;NO;NO;;-577.96;-577.96;-577.96;-1;DOWN
2025-04-06T14:00;2025-04-06T14:15;57;EUR;MWh;NO;NO;;-568.2;-568.2;-568.2;-1;DOWN
2025-04-06T14:15;2025-04-06T14:30;58;EUR;MWh;NO;NO;;-531.72;-531.72;-531.72;-1;DOWN
2025-04-06T14:30;2025-04-06T14:45;59;EUR;MWh;NO;NO;;-531.12;-531.12;-531.12;-1;DOWN
2025-04-06T14:45;2025-04-06T15:00;60;EUR;MWh;NO;NO;;-531.32;-531.32;-531.32;-1;DOWN
2025-04-06T15:00;2025-04-06T15:15;61;EUR;MWh;NO;NO;;-105;-105;-105;-1;DOWN
2025-04-06T15:15;2025-04-06T15:30;62;EUR;MWh;NO;NO;;-531.72;-531.72;-531.72;-1;DOWN
2025-04-06T15:30;2025-04-06T15:45;63;EUR;MWh;NO;NO;;-70;-70;-70;-1;DOWN
2025-04-06T15:45;2025-04-06T16:00;64;EUR;MWh;NO;NO;;;0;0;-1;DOWN
2025-04-06T16:00;2025-04-06T16:15;65;EUR;MWh;NO;NO;;-27.9;-27.9;-27.9;-1;DOWN
2025-04-06T16:15;2025-04-06T16:30;66;EUR;MWh;NO;NO;;-70;-70;-70;-1;DOWN
2025-04-06T16:30;2025-04-06T16:45;67;EUR;MWh;NO;NO;19;-59.9;39.99;-59.9;2;UP_AND_DOWN
2025-04-06T16:45;2025-04-06T17:00;68;EUR;MWh;NO;NO;78.56;10;10;10;-1;DOWN
2025-04-06T17:00;2025-04-06T17:15;69;EUR;MWh;NO;NO;80;-556.44;80;-556.44;2;UP_AND_DOWN
2025-04-06T17:15;2025-04-06T17:30;70;EUR;MWh;NO;NO;113.09;-48;113.09;-48;2;UP_AND_DOWN
2025-04-06T17:30;2025-04-06T17:45;71;EUR;MWh;NO;NO;114.82;-60;114.82;-60;2;UP_AND_DOWN
2025-04-06T17:45;2025-04-06T18:00;72;EUR;MWh;NO;NO;127.9;-522.14;127.9;-522.14;2;UP_AND_DOWN
2025-04-06T18:00;2025-04-06T18:15;73;EUR;MWh;NO;NO;1895;-522.14;1895;-522.14;2;UP_AND_DOWN
2025-04-06T18:15;2025-04-06T18:30;74;EUR;MWh;NO;NO;1895;-29.8;1895;-29.8;2;UP_AND_DOWN
2025-04-06T18:30;2025-04-06T18:45;75;EUR;MWh;NO;NO;94;-98.9;94;-98.9;2;UP_AND_DOWN
2025-04-06T18:45;2025-04-06T19:00;76;EUR;MWh;NO;NO;115.1;-2.23;115.1;-2.23;2;UP_AND_DOWN
2025-04-06T19:00;2025-04-06T19:15;77;EUR;MWh;NO;NO;;-31;-31;-31;-1;DOWN
2025-04-06T19:15;2025-04-06T19:30;78;EUR;MWh;NO;NO;;10;10;10;-1;DOWN
2025-04-06T19:30;2025-04-06T19:45;79;EUR;MWh;NO;NO;;50;50;50;-1;DOWN
2025-04-06T19:45;2025-04-06T20:00;80;EUR;MWh;NO;NO;78.56;77.98;78.56;64.99;2;UP_AND_DOWN
2025-04-06T20:00;2025-04-06T20:15;81;EUR;MWh;NO;NO;78.56;-110;-110;-110;-1;DOWN
2025-04-06T20:15;2025-04-06T20:30;82;EUR;MWh;NO;NO;94.61;53.42;94.61;48.07;2;UP_AND_DOWN
2025-04-06T20:30;2025-04-06T20:45;83;EUR;MWh;NO;NO;;22.98;22.98;22.98;-1;DOWN
2025-04-06T20:45;2025-04-06T21:00;84;EUR;MWh;NO;NO;;55.28;55.28;55.28;-1;DOWN
2025-04-06T21:00;2025-04-06T21:15;85;EUR;MWh;NO;NO;102.98;68.08;102.98;55.24;2;UP_AND_DOWN
2025-04-06T21:15;2025-04-06T21:30;86;EUR;MWh;NO;NO;102.98;47.46;47.46;47.46;-1;DOWN
2025-04-06T21:30;2025-04-06T21:45;87;EUR;MWh;NO;NO;;11.08;11.08;11.08;-1;DOWN
2025-04-06T21:45;2025-04-06T22:00;88;EUR;MWh;NO;NO;;18.98;18.98;18.98;-1;DOWN
2025-04-06T22:00;2025-04-06T22:15;89;EUR;MWh;NO;NO;;22.98;22.98;22.98;-1;DOWN
2025-04-06T22:15;2025-04-06T22:30;90;EUR;MWh;NO;NO;;31.57;31.57;31.57;-1;DOWN
2025-04-06T22:30;2025-04-06T22:45;91;EUR;MWh;NO;NO;;1;1;1;-1;DOWN
2025-04-06T22:45;2025-04-06T23:00;92;EUR;MWh;NO;NO;;-27.34;-27.34;-27.34;-1;DOWN
2025-04-06T23:00;2025-04-06T23:15;93;EUR;MWh;NO;NO;;-418.42;-418.42;-418.42;-1;DOWN
2025-04-06T23:15;2025-04-06T23:30;94;EUR;MWh;NO;NO;;-50;-50;-50;-1;DOWN
2025-04-06T23:30;2025-04-06T23:45;95;EUR;MWh;NO;NO;;;0;0;-1;DOWN
2025-04-06T23:45;2025-04-07T00:00;96;EUR;MWh;NO;NO;;;0;0;-1;DOWN
2025-04-07T00:00;2025-04-07T00:15;1;EUR;MWh;NO;NO;;53.44;53.44;53.44;-1;DOWN
2025-04-07T00:15;2025-04-07T00:30;2;EUR;MWh;NO;NO;;71.26;71.26;71.26;-1;DOWN
2025-04-07T00:30;2025-04-07T00:45;3;EUR;MWh;NO;NO;;62.46;62.46;62.46;-1;DOWN
2025-04-07T00:45;2025-04-07T01:00;4;EUR;MWh;NO;NO;;49;49;49;-1;DOWN
2025-04-07T01:00;2025-04-07T01:15;5;EUR;MWh;NO;NO;85;60.1;85;85;1;UP
2025-04-07T01:15;2025-04-07T01:30;6;EUR;MWh;NO;NO;85;64.46;85;64.46;2;UP_AND_DOWN
2025-04-07T01:30;2025-04-07T01:45;7;EUR;MWh;NO;NO;85;71.64;85;64.5;2;UP_AND_DOWN
2025-04-07T01:45;2025-04-07T02:00;8;EUR;MWh;NO;NO;85;62.46;62.46;62.46;-1;DOWN
2025-04-07T02:00;2025-04-07T02:15;9;EUR;MWh;NO;NO;93;75.91;93;64.5;2;UP_AND_DOWN
2025-04-07T02:15;2025-04-07T02:30;10;EUR;MWh;NO;NO;85;70.41;70.41;70.41;-1;DOWN
2025-04-07T02:30;2025-04-07T02:45;11;EUR;MWh;NO;NO;58.56;63.12;63.12;63.12;-1;DOWN
2025-04-07T02:45;2025-04-07T03:00;12;EUR;MWh;NO;NO;85.46;;85.46;85.46;1;UP
2025-04-07T03:00;2025-04-07T03:15;13;EUR;MWh;NO;NO;82.46;;82.46;82.46;1;UP
2025-04-07T03:15;2025-04-07T03:30;14;EUR;MWh;NO;NO;49;;49;49;1;UP
2025-04-07T03:30;2025-04-07T03:45;15;EUR;MWh;NO;NO;;80;80;80;-1;DOWN
2025-04-07T03:45;2025-04-07T04:00;16;EUR;MWh;NO;NO;;62.46;62.46;62.46;-1;DOWN
2025-04-07T04:00;2025-04-07T04:15;17;EUR;MWh;NO;NO;;62.46;62.46;62.46;-1;DOWN
2025-04-07T04:15;2025-04-07T04:30;18;EUR;MWh;NO;NO;;60.1;60.1;60.1;-1;DOWN
2025-04-07T04:30;2025-04-07T04:45;19;EUR;MWh;NO;NO;;75.43;75.43;75.43;-1;DOWN
2025-04-07T04:45;2025-04-07T05:00;20;EUR;MWh;NO;NO;;72.46;72.46;72.46;-1;DOWN
2025-04-07T05:00;2025-04-07T05:15;21;EUR;MWh;NO;NO;78.56;49;78.56;49;2;UP_AND_DOWN
2025-04-07T05:15;2025-04-07T05:30;22;EUR;MWh;NO;NO;85;80.2;85;65;2;UP_AND_DOWN
2025-04-07T05:30;2025-04-07T05:45;23;EUR;MWh;NO;NO;;56.63;56.63;56.63;-1;DOWN
2025-04-07T05:45;2025-04-07T06:00;24;EUR;MWh;NO;NO;114;56.63;114;114;1;UP
2025-04-07T06:00;2025-04-07T06:15;25;EUR;MWh;NO;NO;107.04;43.36;107.04;43.36;2;UP_AND_DOWN
2025-04-07T06:15;2025-04-07T06:30;26;EUR;MWh;NO;NO;108.59;84.73;108.59;66.87;2;UP_AND_DOWN
2025-04-07T06:30;2025-04-07T06:45;27;EUR;MWh;NO;NO;107.04;;107.04;107.04;1;UP
2025-04-07T06:45;2025-04-07T07:00;28;EUR;MWh;NO;NO;95;;95;95;1;UP
2025-04-07T07:00;2025-04-07T07:15;29;EUR;MWh;NO;NO;99;78.59;99;65.3;2;UP_AND_DOWN
2025-04-07T07:15;2025-04-07T07:30;30;EUR;MWh;NO;NO;113.5;;113.5;113.5;1;UP
2025-04-07T07:30;2025-04-07T07:45;31;EUR;MWh;NO;NO;113.5;79.98;79.98;79.98;-1;DOWN
2025-04-07T07:45;2025-04-07T08:00;32;EUR;MWh;NO;NO;;65.98;65.98;65.98;-1;DOWN
2025-04-07T08:00;2025-04-07T08:15;33;EUR;MWh;NO;NO;164;65.98;164;164;1;UP
2025-04-07T08:15;2025-04-07T08:30;34;EUR;MWh;NO;NO;164;55.14;55.14;55.14;-1;DOWN
2025-04-07T08:30;2025-04-07T08:45;35;EUR;MWh;NO;NO;;69.42;69.42;69.42;-1;DOWN
2025-04-07T08:45;2025-04-07T09:00;36;EUR;MWh;NO;NO;;64.42;64.42;64.42;-1;DOWN
2025-04-07T09:00;2025-04-07T09:15;37;EUR;MWh;NO;NO;;49;49;49;-1;DOWN
2025-04-07T09:15;2025-04-07T09:30;38;EUR;MWh;NO;NO;;10;10;10;-1;DOWN
2025-04-07T09:30;2025-04-07T09:45;39;EUR;MWh;NO;NO;;10;10;10;-1;DOWN
2025-04-07T09:45;2025-04-07T10:00;40;EUR;MWh;NO;NO;;-30;-30;-30;-1;DOWN
2025-04-07T10:00;2025-04-07T10:15;41;EUR;MWh;NO;NO;;1;1;1;-1;DOWN
2025-04-07T10:15;2025-04-07T10:30;42;EUR;MWh;NO;NO;85;10;85;10;2;UP_AND_DOWN
2025-04-07T10:30;2025-04-07T10:45;43;EUR;MWh;NO;NO;116.3;10;116.3;10;2;UP_AND_DOWN
2025-04-07T10:45;2025-04-07T11:00;44;EUR;MWh;NO;NO;66.56;10;66.56;10;2;UP_AND_DOWN
2025-04-07T11:00;2025-04-07T11:15;45;EUR;MWh;NO;NO;131.11;24.67;131.11;24.67;2;UP_AND_DOWN
2025-04-07T11:15;2025-04-07T11:30;46;EUR;MWh;NO;NO;34.99;30;30;30;-1;DOWN
2025-04-07T11:30;2025-04-07T11:45;47;EUR;MWh;NO;NO;;10;10;10;-1;DOWN
2025-04-07T11:45;2025-04-07T12:00;48;EUR;MWh;NO;NO;;;0;0;-1;DOWN
2025-04-07T12:00;2025-04-07T12:15;49;EUR;MWh;NO;NO;85;-23;85;-23;2;UP_AND_DOWN
2025-04-07T12:15;2025-04-07T12:30;50;EUR;MWh;NO;NO;68.56;10;69.78;10;2;UP_AND_DOWN
2025-04-07T12:30;2025-04-07T12:45;51;EUR;MWh;NO;NO;;-31;-31;-31;-1;DOWN
2025-04-07T12:45;2025-04-07T13:00;52;EUR;MWh;NO;NO;;-50;-50;-50;-1;DOWN
2025-04-07T13:00;2025-04-07T13:15;53;EUR;MWh;NO;NO;;10;10;10;-1;DOWN
2025-04-07T13:15;2025-04-07T13:30;54;EUR;MWh;NO;NO;;-40;-40;-40;-1;DOWN
2025-04-07T13:30;2025-04-07T13:45;55;EUR;MWh;NO;NO;;-31;-31;-31;-1;DOWN
2025-04-07T13:45;2025-04-07T14:00;56;EUR;MWh;NO;NO;;-30;-30;-30;-1;DOWN
2025-04-07T14:00;2025-04-07T14:15;57;EUR;MWh;NO;NO;;10;10;10;-1;DOWN
2025-04-07T14:15;2025-04-07T14:30;58;EUR;MWh;NO;NO;;10;10;10;-1;DOWN
2025-04-07T14:30;2025-04-07T14:45;59;EUR;MWh;NO;NO;;10.1;10.1;10.1;-1;DOWN
2025-04-07T14:45;2025-04-07T15:00;60;EUR;MWh;NO;NO;;-30;-30;-30;-1;DOWN
2025-04-07T15:00;2025-04-07T15:15;61;EUR;MWh;NO;NO;;-30;-30;-30;-1;DOWN
2025-04-07T15:15;2025-04-07T15:30;62;EUR;MWh;NO;NO;;-31;-31;-31;-1;DOWN
2025-04-07T15:30;2025-04-07T15:45;63;EUR;MWh;NO;NO;;10;10;10;-1;DOWN
2025-04-07T15:45;2025-04-07T16:00;64;EUR;MWh;NO;NO;;10;10;10;-1;DOWN
2025-04-07T16:00;2025-04-07T16:15;65;EUR;MWh;NO;NO;;-30;-30;-30;-1;DOWN
2025-04-07T16:15;2025-04-07T16:30;66;EUR;MWh;NO;NO;58.56;-30;65;-30;2;UP_AND_DOWN
2025-04-07T16:30;2025-04-07T16:45;67;EUR;MWh;NO;NO;;-18.5;-18.5;-18.5;-1;DOWN
2025-04-07T16:45;2025-04-07T17:00;68;EUR;MWh;NO;NO;;10;10;10;-1;DOWN
2025-04-07T17:00;2025-04-07T17:15;69;EUR;MWh;NO;NO;83.39;10;83.39;10;2;UP_AND_DOWN
2025-04-07T17:15;2025-04-07T17:30;70;EUR;MWh;NO;NO;85;10;85;10;2;UP_AND_DOWN
2025-04-07T17:30;2025-04-07T17:45;71;EUR;MWh;NO;NO;85;;85;85;1;UP
2025-04-07T17:45;2025-04-07T18:00;72;EUR;MWh;NO;NO;96.42;62.42;96.42;62.42;2;UP_AND_DOWN
2025-04-07T18:00;2025-04-07T18:15;73;EUR;MWh;NO;NO;88.56;71.08;88.56;65.3;2;UP_AND_DOWN
2025-04-07T18:15;2025-04-07T18:30;74;EUR;MWh;NO;NO;94.74;34.98;94.74;34.98;2;UP_AND_DOWN
2025-04-07T18:30;2025-04-07T18:45;75;EUR;MWh;NO;NO;98.98;59.76;98.98;59.76;2;UP_AND_DOWN
2025-04-07T18:45;2025-04-07T19:00;76;EUR;MWh;NO;NO;119.12;81.48;119.12;68.5;2;UP_AND_DOWN
2025-04-07T19:00;2025-04-07T19:15;77;EUR;MWh;NO;NO;100;3.59;100;3.59;2;UP_AND_DOWN
2025-04-07T19:15;2025-04-07T19:30;78;EUR;MWh;NO;NO;78.56;60;60;60;-1;DOWN
2025-04-07T19:30;2025-04-07T19:45;79;EUR;MWh;NO;NO;98;60;98;98;1;UP
2025-04-07T19:45;2025-04-07T20:00;80;EUR;MWh;NO;NO;100;78.49;100;73.28;2;UP_AND_DOWN
2025-04-07T20:00;2025-04-07T20:15;81;EUR;MWh;NO;NO;98;75.98;98;73.28;2;UP_AND_DOWN
2025-04-07T20:15;2025-04-07T20:30;82;EUR;MWh;NO;NO;;78.98;78.98;78.98;-1;DOWN
2025-04-07T20:30;2025-04-07T20:45;83;EUR;MWh;NO;NO;;79.57;79.57;79.57;-1;DOWN
2025-04-07T20:45;2025-04-07T21:00;84;EUR;MWh;NO;NO;114.4;81.19;114.4;73.28;2;UP_AND_DOWN
2025-04-07T21:00;2025-04-07T21:15;85;EUR;MWh;NO;NO;164.2;79.57;164.2;68.5;2;UP_AND_DOWN
2025-04-07T21:15;2025-04-07T21:30;86;EUR;MWh;NO;NO;100;72.98;72.98;72.98;-1;DOWN
2025-04-07T21:30;2025-04-07T21:45;87;EUR;MWh;NO;NO;;55;55;55;-1;DOWN
2025-04-07T21:45;2025-04-07T22:00;88;EUR;MWh;NO;NO;;49;49;49;-1;DOWN
2025-04-07T22:00;2025-04-07T22:15;89;EUR;MWh;NO;NO;;43.59;43.59;43.59;-1;DOWN
2025-04-07T22:15;2025-04-07T22:30;90;EUR;MWh;NO;NO;;59.98;59.98;59.98;-1;DOWN
2025-04-07T22:30;2025-04-07T22:45;91;EUR;MWh;NO;NO;;55;55;55;-1;DOWN
2025-04-07T22:45;2025-04-07T23:00;92;EUR;MWh;NO;NO;;43.98;43.98;43.98;-1;DOWN
2025-04-07T23:00;2025-04-07T23:15;93;EUR;MWh;NO;NO;;69.53;69.53;69.53;-1;DOWN
2025-04-07T23:15;2025-04-07T23:30;94;EUR;MWh;NO;NO;;55.93;55.93;55.93;-1;DOWN
2025-04-07T23:30;2025-04-07T23:45;95;EUR;MWh;NO;NO;;57.08;57.08;57.08;-1;DOWN
2025-04-07T23:45;2025-04-08T00:00;96;EUR;MWh;NO;NO;;22;22;22;-1;DOWN
2025-04-08T00:00;2025-04-08T00:15;1;EUR;MWh;NO;NO;;26.05;26.05;26.05;-1;DOWN
2025-04-08T00:15;2025-04-08T00:30;2;EUR;MWh;NO;NO;;60;60;60;-1;DOWN
2025-04-08T00:30;2025-04-08T00:45;3;EUR;MWh;NO;NO;;53.98;53.98;53.98;-1;DOWN
2025-04-08T00:45;2025-04-08T01:00;4;EUR;MWh;NO;NO;;60.05;60.05;60.05;-1;DOWN
2025-04-08T01:00;2025-04-08T01:15;5;EUR;MWh;NO;NO;;74.42;74.42;74.42;-1;DOWN
2025-04-08T01:15;2025-04-08T01:30;6;EUR;MWh;NO;NO;;70.98;70.98;70.98;-1;DOWN
2025-04-08T01:30;2025-04-08T01:45;7;EUR;MWh;NO;NO;;73.2;73.2;73.2;-1;DOWN
2025-04-08T01:45;2025-04-08T02:00;8;EUR;MWh;NO;NO;;75.84;75.84;75.84;-1;DOWN
2025-04-08T02:00;2025-04-08T02:15;9;EUR;MWh;NO;NO;;78.31;78.31;78.31;-1;DOWN
2025-04-08T02:15;2025-04-08T02:30;10;EUR;MWh;NO;NO;85.58;;85.58;85.58;1;UP
2025-04-08T02:30;2025-04-08T02:45;11;EUR;MWh;NO;NO;85.69;;85.69;85.69;1;UP
2025-04-08T02:45;2025-04-08T03:00;12;EUR;MWh;NO;NO;116.8;;116.8;116.8;1;UP
2025-04-08T03:00;2025-04-08T03:15;13;EUR;MWh;NO;NO;83.81;;83.81;83.81;1;UP
2025-04-08T03:15;2025-04-08T03:30;14;EUR;MWh;NO;NO;58.56;76.08;64.99;64.99;2;UP_AND_DOWN
2025-04-08T03:30;2025-04-08T03:45;15;EUR;MWh;NO;NO;;76.98;76.98;76.98;-1;DOWN
2025-04-08T03:45;2025-04-08T04:00;16;EUR;MWh;NO;NO;;79.57;79.57;79.57;-1;DOWN
2025-04-08T04:00;2025-04-08T04:15;17;EUR;MWh;NO;NO;;74.08;74.08;74.08;-1;DOWN
2025-04-08T04:15;2025-04-08T04:30;18;EUR;MWh;NO;NO;87;79.57;87;64.99;2;UP_AND_DOWN
2025-04-08T04:30;2025-04-08T04:45;19;EUR;MWh;NO;NO;88.91;;88.91;88.91;1;UP
2025-04-08T04:45;2025-04-08T05:00;20;EUR;MWh;NO;NO;87;80;80;80;-1;DOWN
2025-04-08T05:00;2025-04-08T05:15;21;EUR;MWh;NO;NO;;70.98;70.98;70.98;-1;DOWN
2025-04-08T05:15;2025-04-08T05:30;22;EUR;MWh;NO;NO;;77.6;77.6;77.6;-1;DOWN
2025-04-08T05:30;2025-04-08T05:45;23;EUR;MWh;NO;NO;99;78.88;99;99;1;UP
2025-04-08T05:45;2025-04-08T06:00;24;EUR;MWh;NO;NO;99;;99;99;1;UP
2025-04-08T06:00;2025-04-08T06:15;25;EUR;MWh;NO;NO;116.4;78.46;116.4;64.99;2;UP_AND_DOWN
2025-04-08T06:15;2025-04-08T06:30;26;EUR;MWh;NO;NO;116.3;;116.3;116.3;1;UP
2025-04-08T06:30;2025-04-08T06:45;27;EUR;MWh;NO;NO;144.8;;144.8;144.8;1;UP
2025-04-08T06:45;2025-04-08T07:00;28;EUR;MWh;NO;NO;162.09;;162.09;162.09;1;UP
2025-04-08T07:00;2025-04-08T07:15;29;EUR;MWh;NO;NO;93.34;79;93.34;64.99;2;UP_AND_DOWN
2025-04-08T07:15;2025-04-08T07:30;30;EUR;MWh;NO;NO;92;;92;92;1;UP
2025-04-08T07:30;2025-04-08T07:45;31;EUR;MWh;NO;NO;92;;92;92;1;UP
2025-04-08T07:45;2025-04-08T08:00;32;EUR;MWh;NO;NO;78.56;71.52;78.56;64.99;2;UP_AND_DOWN
2025-04-08T08:00;2025-04-08T08:15;33;EUR;MWh;NO;NO;160.4;65;160.4;64.99;2;UP_AND_DOWN
2025-04-08T08:15;2025-04-08T08:30;34;EUR;MWh;NO;NO;78.56;73;78.56;64.99;2;UP_AND_DOWN
2025-04-08T08:30;2025-04-08T08:45;35;EUR;MWh;NO;NO;92;60.1;92;60.1;2;UP_AND_DOWN
2025-04-08T08:45;2025-04-08T09:00;36;EUR;MWh;NO;NO;;59.02;59.02;59.02;-1;DOWN
2025-04-08T09:00;2025-04-08T09:15;37;EUR;MWh;NO;NO;96.23;10;96.23;10;2;UP_AND_DOWN
2025-04-08T09:15;2025-04-08T09:30;38;EUR;MWh;NO;NO;98.56;73;98.56;64;2;UP_AND_DOWN
2025-04-08T09:30;2025-04-08T09:45;39;EUR;MWh;NO;NO;98.56;24.57;24.57;24.57;-1;DOWN
2025-04-08T09:45;2025-04-08T10:00;40;EUR;MWh;NO;NO;;-59.9;-59.9;-59.9;-1;DOWN
2025-04-08T10:00;2025-04-08T10:15;41;EUR;MWh;NO;NO;87.83;-97.88;87.83;-97.88;2;UP_AND_DOWN
2025-04-08T10:15;2025-04-08T10:30;42;EUR;MWh;NO;NO;92;11.1;92;11.1;2;UP_AND_DOWN
2025-04-08T10:30;2025-04-08T10:45;43;EUR;MWh;NO;NO;;11;11;11;-1;DOWN
2025-04-08T10:45;2025-04-08T11:00;44;EUR;MWh;NO;NO;84.84;-18.5;84.84;-18.5;2;UP_AND_DOWN
2025-04-08T11:00;2025-04-08T11:15;45;EUR;MWh;NO;NO;88.56;-30;-30;-30;-1;DOWN
2025-04-08T11:15;2025-04-08T11:30;46;EUR;MWh;NO;NO;;-18.5;-18.5;-18.5;-1;DOWN
2025-04-08T11:30;2025-04-08T11:45;47;EUR;MWh;NO;NO;81.84;24.57;81.84;24.57;2;UP_AND_DOWN
2025-04-08T11:45;2025-04-08T12:00;48;EUR;MWh;NO;NO;;10;10;10;-1;DOWN
2025-04-08T12:00;2025-04-08T12:15;49;EUR;MWh;NO;NO;;-17.5;-17.5;-17.5;-1;DOWN
2025-04-08T12:15;2025-04-08T12:30;50;EUR;MWh;NO;NO;;-31;-31;-31;-1;DOWN
2025-04-08T12:30;2025-04-08T12:45;51;EUR;MWh;NO;NO;;-31;-31;-31;-1;DOWN
2025-04-08T12:45;2025-04-08T13:00;52;EUR;MWh;NO;NO;;-11;-11;-11;-1;DOWN
2025-04-08T13:00;2025-04-08T13:15;53;EUR;MWh;NO;NO;;-18.5;-18.5;-18.5;-1;DOWN
2025-04-08T13:15;2025-04-08T13:30;54;EUR;MWh;NO;NO;;-30;-30;-30;-1;DOWN
2025-04-08T13:30;2025-04-08T13:45;55;EUR;MWh;NO;NO;123;-19;123;-19;2;UP_AND_DOWN
2025-04-08T13:45;2025-04-08T14:00;56;EUR;MWh;NO;NO;65;-30;65;-30;2;UP_AND_DOWN
2025-04-08T14:00;2025-04-08T14:15;57;EUR;MWh;NO;NO;;-57.8;-57.8;-57.8;-1;DOWN
2025-04-08T14:15;2025-04-08T14:30;58;EUR;MWh;NO;NO;;10;10;10;-1;DOWN
2025-04-08T14:30;2025-04-08T14:45;59;EUR;MWh;NO;NO;;2.67;2.67;2.67;-1;DOWN
2025-04-08T14:45;2025-04-08T15:00;60;EUR;MWh;NO;NO;;1;1;1;-1;DOWN
2025-04-08T15:00;2025-04-08T15:15;61;EUR;MWh;NO;NO;;-60;-60;-60;-1;DOWN
2025-04-08T15:15;2025-04-08T15:30;62;EUR;MWh;NO;NO;;-30;-30;-30;-1;DOWN
2025-04-08T15:30;2025-04-08T15:45;63;EUR;MWh;NO;NO;;-29.06;-29.06;-29.06;-1;DOWN
2025-04-08T15:45;2025-04-08T16:00;64;EUR;MWh;NO;NO;;1.1;1.1;1.1;-1;DOWN
2025-04-08T16:00;2025-04-08T16:15;65;EUR;MWh;NO;NO;;24.57;24.57;24.57;-1;DOWN
2025-04-08T16:15;2025-04-08T16:30;66;EUR;MWh;NO;NO;;25;25;25;-1;DOWN
2025-04-08T16:30;2025-04-08T16:45;67;EUR;MWh;NO;NO;;59.32;59.32;59.32;-1;DOWN
2025-04-08T16:45;2025-04-08T17:00;68;EUR;MWh;NO;NO;;79;79;79;-1;DOWN
2025-04-08T17:00;2025-04-08T17:15;69;EUR;MWh;NO;NO;;10;10;10;-1;DOWN
2025-04-08T17:15;2025-04-08T17:30;70;EUR;MWh;NO;NO;114.4;70.1;114.4;114.4;1;UP
2025-04-08T17:30;2025-04-08T17:45;71;EUR;MWh;NO;NO;112.4;;112.4;112.4;1;UP
2025-04-08T17:45;2025-04-08T18:00;72;EUR;MWh;NO;NO;133;;133;133;1;UP
2025-04-08T18:00;2025-04-08T18:15;73;EUR;MWh;NO;NO;48;73.08;64.99;64.99;2;UP_AND_DOWN
2025-04-08T18:15;2025-04-08T18:30;74;EUR;MWh;NO;NO;138.7;73.08;138.7;138.7;1;UP
2025-04-08T18:30;2025-04-08T18:45;75;EUR;MWh;NO;NO;201.88;;201.88;201.88;1;UP
2025-04-08T18:45;2025-04-08T19:00;76;EUR;MWh;NO;NO;138.5;;138.5;138.5;1;UP
2025-04-08T19:00;2025-04-08T19:15;77;EUR;MWh;NO;NO;108.56;3.08;108.56;3.08;2;UP_AND_DOWN
2025-04-08T19:15;2025-04-08T19:30;78;EUR;MWh;NO;NO;;25;25;25;-1;DOWN
2025-04-08T19:30;2025-04-08T19:45;79;EUR;MWh;NO;NO;;25;68;68;0;STABLE
2025-04-08T19:45;2025-04-08T20:00;80;EUR;MWh;NO;NO;;;68;68;0;STABLE
2025-04-08T20:00;2025-04-08T20:15;81;EUR;MWh;NO;NO;;69.98;69.98;69.98;-1;DOWN
2025-04-08T20:15;2025-04-08T20:30;82;EUR;MWh;NO;NO;;72.08;72.08;72.08;-1;DOWN
2025-04-08T20:30;2025-04-08T20:45;83;EUR;MWh;NO;NO;;78.98;78.98;78.98;-1;DOWN
2025-04-08T20:45;2025-04-08T21:00;84;EUR;MWh;NO;NO;;63.08;63.08;63.08;-1;DOWN
2025-04-08T21:00;2025-04-08T21:15;85;EUR;MWh;NO;NO;113.7;71.98;113.7;68;2;UP_AND_DOWN
2025-04-08T21:15;2025-04-08T21:30;86;EUR;MWh;NO;NO;113.7;64.96;64.96;64.96;-1;DOWN
2025-04-08T21:30;2025-04-08T21:45;87;EUR;MWh;NO;NO;;53.02;53.02;53.02;-1;DOWN
2025-04-08T21:45;2025-04-08T22:00;88;EUR;MWh;NO;NO;;51.98;51.98;51.98;-1;DOWN
2025-04-08T22:00;2025-04-08T22:15;89;EUR;MWh;NO;NO;114;53.02;114;53.02;2;UP_AND_DOWN
2025-04-08T22:15;2025-04-08T22:30;90;EUR;MWh;NO;NO;133.4;76.89;133.4;68;2;UP_AND_DOWN
2025-04-08T22:30;2025-04-08T22:45;91;EUR;MWh;NO;NO;88.56;76.18;88.56;68;2;UP_AND_DOWN
2025-04-08T22:45;2025-04-08T23:00;92;EUR;MWh;NO;NO;;76.18;76.18;76.18;-1;DOWN
2025-04-08T23:00;2025-04-08T23:15;93;EUR;MWh;NO;NO;177;82.98;177;68;2;UP_AND_DOWN
2025-04-08T23:15;2025-04-08T23:30;94;EUR;MWh;NO;NO;131.81;;131.81;131.81;1;UP
2025-04-08T23:30;2025-04-08T23:45;95;EUR;MWh;NO;NO;92;78.08;78.08;78.08;-1;DOWN
2025-04-08T23:45;2025-04-09T00:00;96;EUR;MWh;NO;NO;;78.08;78.08;78.08;-1;DOWN
2025-04-09T00:00;2025-04-09T00:15;1;EUR;MWh;NO;NO;156.98;80.28;156.98;80.28;2;UP_AND_DOWN
2025-04-09T00:15;2025-04-09T00:30;2;EUR;MWh;NO;NO;90;;90;90;1;UP
2025-04-09T00:30;2025-04-09T00:45;3;EUR;MWh;NO;NO;;;80.77;80.77;0;STABLE
2025-04-09T00:45;2025-04-09T01:00;4;EUR;MWh;NO;NO;;82.98;82.98;82.98;-1;DOWN
2025-04-09T01:00;2025-04-09T01:15;5;EUR;MWh;NO;NO;116.98;82.98;116.98;80.77;2;UP_AND_DOWN
2025-04-09T01:15;2025-04-09T01:30;6;EUR;MWh;NO;NO;81.82;;81.82;81.82;1;UP
2025-04-09T01:30;2025-04-09T01:45;7;EUR;MWh;NO;NO;;78.75;78.75;78.75;-1;DOWN
2025-04-09T01:45;2025-04-09T02:00;8;EUR;MWh;NO;NO;91.98;81.98;91.98;80.77;2;UP_AND_DOWN
2025-04-09T02:00;2025-04-09T02:15;9;EUR;MWh;NO;NO;124.67;;124.67;124.67;1;UP
2025-04-09T02:15;2025-04-09T02:30;10;EUR;MWh;NO;NO;112.8;;112.8;112.8;1;UP
2025-04-09T02:30;2025-04-09T02:45;11;EUR;MWh;NO;NO;112.8;;112.8;112.8;1;UP
2025-04-09T02:45;2025-04-09T03:00;12;EUR;MWh;NO;NO;90;;90;90;1;UP
2025-04-09T03:00;2025-04-09T03:15;13;EUR;MWh;NO;NO;78.56;;78.56;78.56;1;UP
2025-04-09T03:15;2025-04-09T03:30;14;EUR;MWh;NO;NO;90;;90;90;1;UP
2025-04-09T03:30;2025-04-09T03:45;15;EUR;MWh;NO;NO;98.56;;98.56;98.56;1;UP
2025-04-09T03:45;2025-04-09T04:00;16;EUR;MWh;NO;NO;97.34;;97.34;97.34;1;UP
2025-04-09T04:00;2025-04-09T04:15;17;EUR;MWh;NO;NO;97.34;79.67;79.67;79.67;-1;DOWN
2025-04-09T04:15;2025-04-09T04:30;18;EUR;MWh;NO;NO;;61.14;61.14;61.14;-1;DOWN
2025-04-09T04:30;2025-04-09T04:45;19;EUR;MWh;NO;NO;;66.14;66.14;66.14;-1;DOWN
2025-04-09T04:45;2025-04-09T05:00;20;EUR;MWh;NO;NO;90.98;71.54;90.98;71.54;2;UP_AND_DOWN
2025-04-09T05:00;2025-04-09T05:15;21;EUR;MWh;NO;NO;110;71.14;110;65.99;2;UP_AND_DOWN
2025-04-09T05:15;2025-04-09T05:30;22;EUR;MWh;NO;NO;100;72.26;100;65.99;2;UP_AND_DOWN
2025-04-09T05:30;2025-04-09T05:45;23;EUR;MWh;NO;NO;135.3;;135.3;135.3;1;UP
2025-04-09T05:45;2025-04-09T06:00;24;EUR;MWh;NO;NO;128.98;72.01;128.98;65.99;2;UP_AND_DOWN
2025-04-09T06:00;2025-04-09T06:15;25;EUR;MWh;NO;NO;100;51.98;100;51.98;2;UP_AND_DOWN
2025-04-09T06:15;2025-04-09T06:30;26;EUR;MWh;NO;NO;100;51.98;100;100;1;UP
2025-04-09T06:30;2025-04-09T06:45;27;EUR;MWh;NO;NO;109.98;82.98;109.98;65.99;2;UP_AND_DOWN
2025-04-09T06:45;2025-04-09T07:00;28;EUR;MWh;NO;NO;100;;100;100;1;UP
2025-04-09T07:00;2025-04-09T07:15;29;EUR;MWh;NO;NO;100;;100;100;1;UP
2025-04-09T07:15;2025-04-09T07:30;30;EUR;MWh;NO;NO;112.5;;112.5;112.5;1;UP
2025-04-09T07:30;2025-04-09T07:45;31;EUR;MWh;NO;NO;88.56;79;79;79;-1;DOWN
2025-04-09T07:45;2025-04-09T08:00;32;EUR;MWh;NO;NO;99;78.98;99;65.99;2;UP_AND_DOWN
2025-04-09T08:00;2025-04-09T08:15;33;EUR;MWh;NO;NO;102.98;;102.98;102.98;1;UP
2025-04-09T08:15;2025-04-09T08:30;34;EUR;MWh;NO;NO;101;79;101;65.99;2;UP_AND_DOWN
2025-04-09T08:30;2025-04-09T08:45;35;EUR;MWh;NO;NO;112.4;80.02;112.4;65.99;2;UP_AND_DOWN
2025-04-09T08:45;2025-04-09T09:00;36;EUR;MWh;NO;NO;112.4;71.32;71.32;71.32;-1;DOWN
2025-04-09T09:00;2025-04-09T09:15;37;EUR;MWh;NO;NO;49;71.32;65.99;65.99;2;UP_AND_DOWN
2025-04-09T09:15;2025-04-09T09:30;38;EUR;MWh;NO;NO;132.6;61.3;132.6;61.3;2;UP_AND_DOWN
2025-04-09T09:30;2025-04-09T09:45;39;EUR;MWh;NO;NO;97.29;18;97.29;18;2;UP_AND_DOWN
2025-04-09T09:45;2025-04-09T10:00;40;EUR;MWh;NO;NO;;;65.99;65.99;0;STABLE
2025-04-09T10:00;2025-04-09T10:15;41;EUR;MWh;NO;NO;117.77;;117.77;117.77;1;UP
2025-04-09T10:15;2025-04-09T10:30;42;EUR;MWh;NO;NO;79;75.33;75.33;75.33;-1;DOWN
2025-04-09T10:30;2025-04-09T10:45;43;EUR;MWh;NO;NO;78.56;11.2;78.56;11.2;2;UP_AND_DOWN
2025-04-09T10:45;2025-04-09T11:00;44;EUR;MWh;NO;NO;;-15.2;-15.2;-15.2;-1;DOWN
2025-04-09T11:00;2025-04-09T11:15;45;EUR;MWh;NO;NO;112.3;79.57;112.3;70.77;2;UP_AND_DOWN
2025-04-09T11:15;2025-04-09T11:30;46;EUR;MWh;NO;NO;112.3;-14.07;-14.07;-14.07;-1;DOWN
2025-04-09T11:30;2025-04-09T11:45;47;EUR;MWh;NO;NO;;-14.07;-14.07;-14.07;-1;DOWN
2025-04-09T11:45;2025-04-09T12:00;48;EUR;MWh;NO;NO;;11;11;11;-1;DOWN
2025-04-09T12:00;2025-04-09T12:15;49;EUR;MWh;NO;NO;137;82.98;137;70.77;2;UP_AND_DOWN
2025-04-09T12:15;2025-04-09T12:30;50;EUR;MWh;NO;NO;100.98;;100.98;100.98;1;UP
2025-04-09T12:30;2025-04-09T12:45;51;EUR;MWh;NO;NO;;10;10;10;-1;DOWN
2025-04-09T12:45;2025-04-09T13:00;52;EUR;MWh;NO;NO;;10;10;10;-1;DOWN
2025-04-09T13:00;2025-04-09T13:15;53;EUR;MWh;NO;NO;;10;10;10;-1;DOWN
2025-04-09T13:15;2025-04-09T13:30;54;EUR;MWh;NO;NO;;-18.5;-18.5;-18.5;-1;DOWN
2025-04-09T13:30;2025-04-09T13:45;55;EUR;MWh;NO;NO;90.98;-18.5;90.98;-18.5;2;UP_AND_DOWN
2025-04-09T13:45;2025-04-09T14:00;56;EUR;MWh;NO;NO;;-22;-22;-22;-1;DOWN
2025-04-09T14:00;2025-04-09T14:15;57;EUR;MWh;NO;NO;;-21.7;-21.7;-21.7;-1;DOWN
2025-04-09T14:15;2025-04-09T14:30;58;EUR;MWh;NO;NO;;10;10;10;-1;DOWN
2025-04-09T14:30;2025-04-09T14:45;59;EUR;MWh;NO;NO;;10;10;10;-1;DOWN
2025-04-09T14:45;2025-04-09T15:00;60;EUR;MWh;NO;NO;;-17.71;-17.71;-17.71;-1;DOWN
2025-04-09T15:00;2025-04-09T15:15;61;EUR;MWh;NO;NO;;-12;-12;-12;-1;DOWN
2025-04-09T15:15;2025-04-09T15:30;62;EUR;MWh;NO;NO;96;-67.02;96;-67.02;2;UP_AND_DOWN
2025-04-09T15:30;2025-04-09T15:45;63;EUR;MWh;NO;NO;96;10;96;10;2;UP_AND_DOWN
2025-04-09T15:45;2025-04-09T16:00;64;EUR;MWh;NO;NO;;10;10;10;-1;DOWN
2025-04-09T16:00;2025-04-09T16:15;65;EUR;MWh;NO;NO;;25;25;25;-1;DOWN
2025-04-09T16:15;2025-04-09T16:30;66;EUR;MWh;NO;NO;;24.57;24.57;24.57;-1;DOWN
2025-04-09T16:30;2025-04-09T16:45;67;EUR;MWh;NO;NO;90;83;90;70.78;2;UP_AND_DOWN
2025-04-09T16:45;2025-04-09T17:00;68;EUR;MWh;NO;NO;86.98;;86.98;86.98;1;UP
2025-04-09T17:00;2025-04-09T17:15;69;EUR;MWh;NO;NO;99;-27.8;99;-27.8;2;UP_AND_DOWN
2025-04-09T17:15;2025-04-09T17:30;70;EUR;MWh;NO;NO;129.15;-27.8;129.15;129.15;1;UP
2025-04-09T17:30;2025-04-09T17:45;71;EUR;MWh;NO;NO;110;;110;110;1;UP
2025-04-09T17:45;2025-04-09T18:00;72;EUR;MWh;NO;NO;95.98;;95.98;95.98;1;UP
2025-04-09T18:00;2025-04-09T18:15;73;EUR;MWh;NO;NO;90;10;90;10;2;UP_AND_DOWN
2025-04-09T18:15;2025-04-09T18:30;74;EUR;MWh;NO;NO;90;25;90;25;2;UP_AND_DOWN
2025-04-09T18:30;2025-04-09T18:45;75;EUR;MWh;NO;NO;94.41;61.3;94.41;61.3;2;UP_AND_DOWN
2025-04-09T18:45;2025-04-09T19:00;76;EUR;MWh;NO;NO;96.53;79.98;96.53;66;2;UP_AND_DOWN
2025-04-09T19:00;2025-04-09T19:15;77;EUR;MWh;NO;NO;;-50.3;-50.3;-50.3;-1;DOWN
2025-04-09T19:15;2025-04-09T19:30;78;EUR;MWh;NO;NO;;49;49;49;-1;DOWN
2025-04-09T19:30;2025-04-09T19:45;79;EUR;MWh;NO;NO;;33.98;33.98;33.98;-1;DOWN
2025-04-09T19:45;2025-04-09T20:00;80;EUR;MWh;NO;NO;;61.3;61.3;61.3;-1;DOWN
2025-04-09T20:00;2025-04-09T20:15;81;EUR;MWh;NO;NO;;35.98;35.98;35.98;-1;DOWN
2025-04-09T20:15;2025-04-09T20:30;82;EUR;MWh;NO;NO;;49;49;49;-1;DOWN
2025-04-09T20:30;2025-04-09T20:45;83;EUR;MWh;NO;NO;;70.1;70.1;70.1;-1;DOWN
2025-04-09T20:45;2025-04-09T21:00;84;EUR;MWh;NO;NO;;72.98;72.98;72.98;-1;DOWN
2025-04-09T21:00;2025-04-09T21:15;85;EUR;MWh;NO;NO;90;79.67;90;66;2;UP_AND_DOWN
2025-04-09T21:15;2025-04-09T21:30;86;EUR;MWh;NO;NO;97.98;;97.98;97.98;1;UP
2025-04-09T21:30;2025-04-09T21:45;87;EUR;MWh;NO;NO;90;;90;90;1;UP
2025-04-09T21:45;2025-04-09T22:00;88;EUR;MWh;NO;NO;91.3;83;91.3;72;2;UP_AND_DOWN
2025-04-09T22:00;2025-04-09T22:15;89;EUR;MWh;NO;NO;49;79.77;72;72;2;UP_AND_DOWN
2025-04-09T22:15;2025-04-09T22:30;90;EUR;MWh;NO;NO;89.59;79.57;89.59;72;2;UP_AND_DOWN
2025-04-09T22:30;2025-04-09T22:45;91;EUR;MWh;NO;NO;;75.82;75.82;75.82;-1;DOWN
2025-04-09T22:45;2025-04-09T23:00;92;EUR;MWh;NO;NO;;75;75;75;-1;DOWN
2025-04-09T23:00;2025-04-09T23:15;93;EUR;MWh;NO;NO;;31.08;31.08;31.08;-1;DOWN
2025-04-09T23:15;2025-04-09T23:30;94;EUR;MWh;NO;NO;;77.19;77.19;77.19;-1;DOWN
2025-04-09T23:30;2025-04-09T23:45;95;EUR;MWh;NO;NO;;37.98;37.98;37.98;-1;DOWN
2025-04-09T23:45;2025-04-10T00:00;96;EUR;MWh;NO;NO;;-30;-30;-30;-1;DOWN
2025-04-10T00:00;2025-04-10T00:15;1;EUR;MWh;NO;NO;;10;10;10;-1;DOWN
2025-04-10T00:15;2025-04-10T00:30;2;EUR;MWh;NO;NO;;77.98;77.98;77.98;-1;DOWN
2025-04-10T00:30;2025-04-10T00:45;3;EUR;MWh;NO;NO;;65.98;65.98;65.98;-1;DOWN
2025-04-10T00:45;2025-04-10T01:00;4;EUR;MWh;NO;NO;;66.22;66.22;66.22;-1;DOWN
2025-04-10T01:00;2025-04-10T01:15;5;EUR;MWh;NO;NO;;60.98;60.98;60.98;-1;DOWN
2025-04-10T01:15;2025-04-10T01:30;6;EUR;MWh;NO;NO;;70.95;70.95;70.95;-1;DOWN
2025-04-10T01:30;2025-04-10T01:45;7;EUR;MWh;NO;NO;;68.91;68.91;68.91;-1;DOWN
2025-04-10T01:45;2025-04-10T02:00;8;EUR;MWh;NO;NO;;48;48;48;-1;DOWN
2025-04-10T02:00;2025-04-10T02:15;9;EUR;MWh;NO;NO;;56.98;56.98;56.98;-1;DOWN
2025-04-10T02:15;2025-04-10T02:30;10;EUR;MWh;NO;NO;;54.01;54.01;54.01;-1;DOWN
2025-04-10T02:30;2025-04-10T02:45;11;EUR;MWh;NO;NO;;70.98;70.98;70.98;-1;DOWN
2025-04-10T02:45;2025-04-10T03:00;12;EUR;MWh;NO;NO;;;69.77;69.77;0;STABLE
2025-04-10T03:00;2025-04-10T03:15;13;EUR;MWh;NO;NO;90;;90;90;1;UP
2025-04-10T03:15;2025-04-10T03:30;14;EUR;MWh;NO;NO;96.89;;96.89;96.89;1;UP
2025-04-10T03:30;2025-04-10T03:45;15;EUR;MWh;NO;NO;86.98;76.08;76.08;76.08;-1;DOWN
2025-04-10T03:45;2025-04-10T04:00;16;EUR;MWh;NO;NO;;61.28;61.28;61.28;-1;DOWN
2025-04-10T04:00;2025-04-10T04:15;17;EUR;MWh;NO;NO;;60.98;60.98;60.98;-1;DOWN
2025-04-10T04:15;2025-04-10T04:30;18;EUR;MWh;NO;NO;;65.88;65.88;65.88;-1;DOWN
2025-04-10T04:30;2025-04-10T04:45;19;EUR;MWh;NO;NO;;60.89;60.89;60.89;-1;DOWN
2025-04-10T04:45;2025-04-10T05:00;20;EUR;MWh;NO;NO;;60;60;60;-1;DOWN
2025-04-10T05:00;2025-04-10T05:15;21;EUR;MWh;NO;NO;81.81;10;81.81;10;2;UP_AND_DOWN
2025-04-10T05:15;2025-04-10T05:30;22;EUR;MWh;NO;NO;87.16;72.98;72.98;72.98;-1;DOWN
2025-04-10T05:30;2025-04-10T05:45;23;EUR;MWh;NO;NO;;47.98;47.98;47.98;-1;DOWN
2025-04-10T05:45;2025-04-10T06:00;24;EUR;MWh;NO;NO;;-30.1;-30.1;-30.1;-1;DOWN
2025-04-10T06:00;2025-04-10T06:15;25;EUR;MWh;NO;NO;130.6;49.98;130.6;130.6;1;UP
2025-04-10T06:15;2025-04-10T06:30;26;EUR;MWh;NO;NO;128.98;;128.98;128.98;1;UP
2025-04-10T06:30;2025-04-10T06:45;27;EUR;MWh;NO;NO;120;;120;120;1;UP
2025-04-10T06:45;2025-04-10T07:00;28;EUR;MWh;NO;NO;120;;120;120;1;UP
2025-04-10T07:00;2025-04-10T07:15;29;EUR;MWh;NO;NO;188;;188;188;1;UP
2025-04-10T07:15;2025-04-10T07:30;30;EUR;MWh;NO;NO;188;;188;188;1;UP
2025-04-10T07:30;2025-04-10T07:45;31;EUR;MWh;NO;NO;190.44;;190.44;190.44;1;UP
2025-04-10T07:45;2025-04-10T08:00;32;EUR;MWh;NO;NO;192.83;;192.83;192.83;1;UP
2025-04-10T08:00;2025-04-10T08:15;33;EUR;MWh;NO;NO;1895;10;1895;10;2;UP_AND_DOWN
2025-04-10T08:15;2025-04-10T08:30;34;EUR;MWh;NO;NO;141.52;18.98;141.52;18.98;2;UP_AND_DOWN
2025-04-10T08:30;2025-04-10T08:45;35;EUR;MWh;NO;NO;154.6;;154.6;154.6;1;UP
2025-04-10T08:45;2025-04-10T09:00;36;EUR;MWh;NO;NO;1895;;1895;1895;1;UP
2025-04-10T09:00;2025-04-10T09:15;37;EUR;MWh;NO;NO;126.9;;126.9;126.9;1;UP
2025-04-10T09:15;2025-04-10T09:30;38;EUR;MWh;NO;NO;91.98;;91.98;91.98;1;UP
2025-04-10T09:30;2025-04-10T09:45;39;EUR;MWh;NO;NO;125;;125;125;1;UP
2025-04-10T09:45;2025-04-10T10:00;40;EUR;MWh;NO;NO;125;65.98;65.98;65.98;-1;DOWN
2025-04-10T10:00;2025-04-10T10:15;41;EUR;MWh;NO;NO;124.8;49;124.8;49;2;UP_AND_DOWN
2025-04-10T10:15;2025-04-10T10:30;42;EUR;MWh;NO;NO;150;;150;150;1;UP
2025-04-10T10:30;2025-04-10T10:45;43;EUR;MWh;NO;NO;155.98;;155.98;155.98;1;UP
2025-04-10T10:45;2025-04-10T11:00;44;EUR;MWh;NO;NO;153.98;;153.98;153.98;1;UP
2025-04-10T11:00;2025-04-10T11:15;45;EUR;MWh;NO;NO;1895;;1895;1895;1;UP
2025-04-10T11:15;2025-04-10T11:30;46;EUR;MWh;NO;NO;124.98;;124.98;124.98;1;UP
2025-04-10T11:30;2025-04-10T11:45;47;EUR;MWh;NO;NO;101.91;;101.91;101.91;1;UP
2025-04-10T11:45;2025-04-10T12:00;48;EUR;MWh;NO;NO;90;;90;90;1;UP
2025-04-10T12:00;2025-04-10T12:15;49;EUR;MWh;NO;NO;236.57;;236.57;236.57;1;UP
2025-04-10T12:15;2025-04-10T12:30;50;EUR;MWh;NO;NO;236.57;79.57;79.57;79.57;-1;DOWN
2025-04-10T12:30;2025-04-10T12:45;51;EUR;MWh;NO;NO;111.2;79.57;111.2;75.4;2;UP_AND_DOWN
2025-04-10T12:45;2025-04-10T13:00;52;EUR;MWh;NO;NO;90;25;90;25;2;UP_AND_DOWN
2025-04-10T13:00;2025-04-10T13:15;53;EUR;MWh;NO;NO;229.57;97;229.57;77.78;2;UP_AND_DOWN
2025-04-10T13:15;2025-04-10T13:30;54;EUR;MWh;NO;NO;109.71;95;109.71;109.71;1;UP
2025-04-10T13:30;2025-04-10T13:45;55;EUR;MWh;NO;NO;;-30;-30;-30;-1;DOWN
2025-04-10T13:45;2025-04-10T14:00;56;EUR;MWh;NO;NO;;-31;-31;-31;-1;DOWN
2025-04-10T14:00;2025-04-10T14:15;57;EUR;MWh;NO;NO;;-10.91;-10.91;-10.91;-1;DOWN
2025-04-10T14:15;2025-04-10T14:30;58;EUR;MWh;NO;NO;;-49;-49;-49;-1;DOWN
2025-04-10T14:30;2025-04-10T14:45;59;EUR;MWh;NO;NO;;-55;-55;-55;-1;DOWN
2025-04-10T14:45;2025-04-10T15:00;60;EUR;MWh;NO;NO;;-30;-30;-30;-1;DOWN
2025-04-10T15:00;2025-04-10T15:15;61;EUR;MWh;NO;NO;;-28.49;-28.49;-28.49;-1;DOWN
2025-04-10T15:15;2025-04-10T15:30;62;EUR;MWh;NO;NO;;-31.61;-31.61;-31.61;-1;DOWN
2025-04-10T15:30;2025-04-10T15:45;63;EUR;MWh;NO;NO;;-31;-31;-31;-1;DOWN
2025-04-10T15:45;2025-04-10T16:00;64;EUR;MWh;NO;NO;;-14.26;-14.26;-14.26;-1;DOWN
2025-04-10T16:00;2025-04-10T16:15;65;EUR;MWh;NO;NO;;-28.49;-28.49;-28.49;-1;DOWN
2025-04-10T16:15;2025-04-10T16:30;66;EUR;MWh;NO;NO;101.02;-75.74;101.02;-75.74;2;UP_AND_DOWN
2025-04-10T16:30;2025-04-10T16:45;67;EUR;MWh;NO;NO;101.02;-31;-31;-31;-1;DOWN
2025-04-10T16:45;2025-04-10T17:00;68;EUR;MWh;NO;NO;;10;10;10;-1;DOWN
2025-04-10T17:00;2025-04-10T17:15;69;EUR;MWh;NO;NO;;-30;-30;-30;-1;DOWN
2025-04-10T17:15;2025-04-10T17:30;70;EUR;MWh;NO;NO;;-9.07;-9.07;-9.07;-1;DOWN
2025-04-10T17:30;2025-04-10T17:45;71;EUR;MWh;NO;NO;124;80;124;64.49;2;UP_AND_DOWN
2025-04-10T17:45;2025-04-10T18:00;72;EUR;MWh;NO;NO;123.56;;123.56;123.56;1;UP
2025-04-10T18:00;2025-04-10T18:15;73;EUR;MWh;NO;NO;48;-30;-30;-30;-1;DOWN
2025-04-10T18:15;2025-04-10T18:30;74;EUR;MWh;NO;NO;48;76.68;76.68;76.68;-1;DOWN
2025-04-10T18:30;2025-04-10T18:45;75;EUR;MWh;NO;NO;48;75.98;64.49;64.49;2;UP_AND_DOWN
2025-04-10T18:45;2025-04-10T19:00;76;EUR;MWh;NO;NO;;65.98;65.98;65.98;-1;DOWN
2025-04-10T19:00;2025-04-10T19:15;77;EUR;MWh;NO;NO;;10;10;10;-1;DOWN
2025-04-10T19:15;2025-04-10T19:30;78;EUR;MWh;NO;NO;88.98;68.98;88.98;68.98;2;UP_AND_DOWN
2025-04-10T19:30;2025-04-10T19:45;79;EUR;MWh;NO;NO;124.6;;124.6;124.6;1;UP
2025-04-10T19:45;2025-04-10T20:00;80;EUR;MWh;NO;NO;150;;150;150;1;UP
2025-04-10T20:00;2025-04-10T20:15;81;EUR;MWh;NO;NO;116;54.53;116;54.53;2;UP_AND_DOWN
2025-04-10T20:15;2025-04-10T20:30;82;EUR;MWh;NO;NO;;70.57;70.57;70.57;-1;DOWN
2025-04-10T20:30;2025-04-10T20:45;83;EUR;MWh;NO;NO;103.2;70.57;103.2;103.2;1;UP
2025-04-10T20:45;2025-04-10T21:00;84;EUR;MWh;NO;NO;111.3;;111.3;111.3;1;UP
2025-04-10T21:00;2025-04-10T21:15;85;EUR;MWh;NO;NO;93.92;72.51;93.92;64.49;2;UP_AND_DOWN
2025-04-10T21:15;2025-04-10T21:30;86;EUR;MWh;NO;NO;98.65;;98.65;98.65;1;UP
2025-04-10T21:30;2025-04-10T21:45;87;EUR;MWh;NO;NO;98.65;;98.65;98.65;1;UP
2025-04-10T21:45;2025-04-10T22:00;88;EUR;MWh;NO;NO;116;;116;116;1;UP
2025-04-10T22:00;2025-04-10T22:15;89;EUR;MWh;NO;NO;119.12;;119.12;119.12;1;UP
2025-04-10T22:15;2025-04-10T22:30;90;EUR;MWh;NO;NO;116;;116;116;1;UP
2025-04-10T22:30;2025-04-10T22:45;91;EUR;MWh;NO;NO;142.98;;142.98;142.98;1;UP
2025-04-10T22:45;2025-04-10T23:00;92;EUR;MWh;NO;NO;124.98;;124.98;124.98;1;UP
2025-04-10T23:00;2025-04-10T23:15;93;EUR;MWh;NO;NO;111.3;51;111.3;51;2;UP_AND_DOWN
2025-04-10T23:15;2025-04-10T23:30;94;EUR;MWh;NO;NO;88.61;67.08;88.61;64.49;2;UP_AND_DOWN
2025-04-10T23:30;2025-04-10T23:45;95;EUR;MWh;NO;NO;;70.98;70.98;70.98;-1;DOWN
2025-04-10T23:45;2025-04-11T00:00;96;EUR;MWh;NO;NO;94.52;77.23;94.52;64.49;2;UP_AND_DOWN
2025-04-11T00:00;2025-04-11T00:15;1;EUR;MWh;NO;NO;1672.26;;1672.26;1672.26;1;UP
2025-04-11T00:15;2025-04-11T00:30;2;EUR;MWh;NO;NO;107.1;65.68;65.68;65.68;-1;DOWN
2025-04-11T00:30;2025-04-11T00:45;3;EUR;MWh;NO;NO;;57.22;57.22;57.22;-1;DOWN
2025-04-11T00:45;2025-04-11T01:00;4;EUR;MWh;NO;NO;88.98;79.57;88.98;69.07;2;UP_AND_DOWN
2025-04-11T01:00;2025-04-11T01:15;5;EUR;MWh;NO;NO;101.57;;101.57;101.57;1;UP
2025-04-11T01:15;2025-04-11T01:30;6;EUR;MWh;NO;NO;99.98;;99.98;99.98;1;UP
2025-04-11T01:30;2025-04-11T01:45;7;EUR;MWh;NO;NO;87.98;;87.98;87.98;1;UP
2025-04-11T01:45;2025-04-11T02:00;8;EUR;MWh;NO;NO;88.98;;88.98;88.98;1;UP
2025-04-11T02:00;2025-04-11T02:15;9;EUR;MWh;NO;NO;58.56;75.98;69.07;69.07;2;UP_AND_DOWN
2025-04-11T02:15;2025-04-11T02:30;10;EUR;MWh;NO;NO;89.8;75.98;89.8;89.8;1;UP
2025-04-11T02:30;2025-04-11T02:45;11;EUR;MWh;NO;NO;101.98;;101.98;101.98;1;UP
2025-04-11T02:45;2025-04-11T03:00;12;EUR;MWh;NO;NO;92.98;;92.98;92.98;1;UP
2025-04-11T03:00;2025-04-11T03:15;13;EUR;MWh;NO;NO;81.32;;81.32;81.32;1;UP
2025-04-11T03:15;2025-04-11T03:30;14;EUR;MWh;NO;NO;81.32;;81.32;81.32;1;UP
2025-04-11T03:30;2025-04-11T03:45;15;EUR;MWh;NO;NO;90.98;;90.98;90.98;1;UP
2025-04-11T03:45;2025-04-11T04:00;16;EUR;MWh;NO;NO;92.42;;92.42;92.42;1;UP
2025-04-11T04:00;2025-04-11T04:15;17;EUR;MWh;NO;NO;103.98;;103.98;103.98;1;UP
2025-04-11T04:15;2025-04-11T04:30;18;EUR;MWh;NO;NO;107.2;;107.2;107.2;1;UP
2025-04-11T04:30;2025-04-11T04:45;19;EUR;MWh;NO;NO;120;;120;120;1;UP
2025-04-11T04:45;2025-04-11T05:00;20;EUR;MWh;NO;NO;120;;120;120;1;UP
2025-04-11T05:00;2025-04-11T05:15;21;EUR;MWh;NO;NO;123.56;;123.56;123.56;1;UP
2025-04-11T05:15;2025-04-11T05:30;22;EUR;MWh;NO;NO;121;;121;121;1;UP
2025-04-11T05:30;2025-04-11T05:45;23;EUR;MWh;NO;NO;124.5;;124.5;124.5;1;UP
2025-04-11T05:45;2025-04-11T06:00;24;EUR;MWh;NO;NO;124.5;;124.5;124.5;1;UP
2025-04-11T06:00;2025-04-11T06:15;25;EUR;MWh;NO;NO;106.9;;106.9;106.9;1;UP
2025-04-11T06:15;2025-04-11T06:30;26;EUR;MWh;NO;NO;140;;140;140;1;UP
2025-04-11T06:30;2025-04-11T06:45;27;EUR;MWh;NO;NO;155.98;;155.98;155.98;1;UP
2025-04-11T06:45;2025-04-11T07:00;28;EUR;MWh;NO;NO;150.98;;150.98;150.98;1;UP
2025-04-11T07:00;2025-04-11T07:15;29;EUR;MWh;NO;NO;120;45;120;45;2;UP_AND_DOWN
2025-04-11T07:15;2025-04-11T07:30;30;EUR;MWh;NO;NO;107.5;45;107.5;107.5;1;UP
2025-04-11T07:30;2025-04-11T07:45;31;EUR;MWh;NO;NO;90.53;;90.53;90.53;1;UP
2025-04-11T07:45;2025-04-11T08:00;32;EUR;MWh;NO;NO;88.56;;88.56;88.56;1;UP
2025-04-11T08:00;2025-04-11T08:15;33;EUR;MWh;NO;NO;124;;124;124;1;UP
2025-04-11T08:15;2025-04-11T08:30;34;EUR;MWh;NO;NO;68.56;71.28;68.56;62.29;2;UP_AND_DOWN
2025-04-11T08:30;2025-04-11T08:45;35;EUR;MWh;NO;NO;;30;30;30;-1;DOWN
2025-04-11T08:45;2025-04-11T09:00;36;EUR;MWh;NO;NO;;30;30;30;-1;DOWN
2025-04-11T09:00;2025-04-11T09:15;37;EUR;MWh;NO;NO;114.93;69;114.93;62.29;2;UP_AND_DOWN
2025-04-11T09:15;2025-04-11T09:30;38;EUR;MWh;NO;NO;114.93;10;10;10;-1;DOWN
2025-04-11T09:30;2025-04-11T09:45;39;EUR;MWh;NO;NO;114.78;24.57;114.78;24.57;2;UP_AND_DOWN
2025-04-11T09:45;2025-04-11T10:00;40;EUR;MWh;NO;NO;114.78;-106.54;-106.54;-106.54;-1;DOWN
2025-04-11T10:00;2025-04-11T10:15;41;EUR;MWh;NO;NO;1895;-848.26;1895;-848.26;2;UP_AND_DOWN
2025-04-11T10:15;2025-04-11T10:30;42;EUR;MWh;NO;NO;1895;-31;1895;-31;2;UP_AND_DOWN
2025-04-11T10:30;2025-04-11T10:45;43;EUR;MWh;NO;NO;;-31;-31;-31;-1;DOWN
2025-04-11T10:45;2025-04-11T11:00;44;EUR;MWh;NO;NO;;-70;-70;-70;-1;DOWN
2025-04-11T11:00;2025-04-11T11:15;45;EUR;MWh;NO;NO;;-70;-70;-70;-1;DOWN
2025-04-11T11:15;2025-04-11T11:30;46;EUR;MWh;NO;NO;73.21;10;73.21;10;2;UP_AND_DOWN
2025-04-11T11:30;2025-04-11T11:45;47;EUR;MWh;NO;NO;;-30;-30;-30;-1;DOWN
2025-04-11T11:45;2025-04-11T12:00;48;EUR;MWh;NO;NO;;-29.5;-29.5;-29.5;-1;DOWN
2025-04-11T12:00;2025-04-11T12:15;49;EUR;MWh;NO;NO;88.56;-29.6;88.56;-29.6;2;UP_AND_DOWN
2025-04-11T12:15;2025-04-11T12:30;50;EUR;MWh;NO;NO;88.56;10;10;10;-1;DOWN
2025-04-11T12:30;2025-04-11T12:45;51;EUR;MWh;NO;NO;57.34;-30;57.34;-30;2;UP_AND_DOWN
2025-04-11T12:45;2025-04-11T13:00;52;EUR;MWh;NO;NO;;-30;-30;-30;-1;DOWN
2025-04-11T13:00;2025-04-11T13:15;53;EUR;MWh;NO;NO;;-22.9;-22.9;-22.9;-1;DOWN
2025-04-11T13:15;2025-04-11T13:30;54;EUR;MWh;NO;NO;;-23;-23;-23;-1;DOWN
2025-04-11T13:30;2025-04-11T13:45;55;EUR;MWh;NO;NO;;-16.82;-16.82;-16.82;-1;DOWN
2025-04-11T13:45;2025-04-11T14:00;56;EUR;MWh;NO;NO;;-24.8;-24.8;-24.8;-1;DOWN
2025-04-11T14:00;2025-04-11T14:15;57;EUR;MWh;NO;NO;70.23;-29.7;70.23;70.23;1;UP
2025-04-11T14:15;2025-04-11T14:30;58;EUR;MWh;NO;NO;68.56;-30;68.56;-30;2;UP_AND_DOWN
2025-04-11T14:30;2025-04-11T14:45;59;EUR;MWh;NO;NO;;30;30;30;-1;DOWN
2025-04-11T14:45;2025-04-11T15:00;60;EUR;MWh;NO;NO;1;37.9;40.5;37.9;2;UP_AND_DOWN
2025-04-11T15:00;2025-04-11T15:15;61;EUR;MWh;NO;NO;1;;1;1;1;UP
2025-04-11T15:15;2025-04-11T15:30;62;EUR;MWh;NO;NO;1;;1;1;1;UP
2025-04-11T15:30;2025-04-11T15:45;63;EUR;MWh;NO;NO;;;40.5;40.5;0;STABLE
2025-04-11T15:45;2025-04-11T16:00;64;EUR;MWh;NO;NO;78.77;;78.77;78.77;1;UP
2025-04-11T16:00;2025-04-11T16:15;65;EUR;MWh;NO;NO;62.85;;62.85;62.85;1;UP
2025-04-11T16:15;2025-04-11T16:30;66;EUR;MWh;NO;NO;80.98;;80.98;80.98;1;UP
2025-04-11T16:30;2025-04-11T16:45;67;EUR;MWh;NO;NO;140.69;;140.69;140.69;1;UP
2025-04-11T16:45;2025-04-11T17:00;68;EUR;MWh;NO;NO;153.05;;153.05;153.05;1;UP
2025-04-11T17:00;2025-04-11T17:15;69;EUR;MWh;NO;NO;87.98;-4;87.98;-4;2;UP_AND_DOWN
2025-04-11T17:15;2025-04-11T17:30;70;EUR;MWh;NO;NO;78.56;-4.1;78.56;-4.1;2;UP_AND_DOWN
2025-04-11T17:30;2025-04-11T17:45;71;EUR;MWh;NO;NO;150;10;150;10;2;UP_AND_DOWN
2025-04-11T17:45;2025-04-11T18:00;72;EUR;MWh;NO;NO;209.07;10;209.07;10;2;UP_AND_DOWN
2025-04-11T18:00;2025-04-11T18:15;73;EUR;MWh;NO;NO;;9.98;9.98;9.98;-1;DOWN
2025-04-11T18:15;2025-04-11T18:30;74;EUR;MWh;NO;NO;;33;33;33;-1;DOWN
2025-04-11T18:30;2025-04-11T18:45;75;EUR;MWh;NO;NO;130;32.98;130;32.98;2;UP_AND_DOWN
2025-04-11T18:45;2025-04-11T19:00;76;EUR;MWh;NO;NO;150;54.98;150;54.98;2;UP_AND_DOWN
2025-04-11T19:00;2025-04-11T19:15;77;EUR;MWh;NO;NO;97.89;54.98;97.89;97.89;1;UP
2025-04-11T19:15;2025-04-11T19:30;78;EUR;MWh;NO;NO;144.6;;144.6;144.6;1;UP
2025-04-11T19:30;2025-04-11T19:45;79;EUR;MWh;NO;NO;298;;298;298;1;UP
2025-04-11T19:45;2025-04-11T20:00;80;EUR;MWh;NO;NO;1670.26;;1670.26;1670.26;1;UP
2025-04-11T20:00;2025-04-11T20:15;81;EUR;MWh;NO;NO;154.98;80;154.98;55;2;UP_AND_DOWN
2025-04-11T20:15;2025-04-11T20:30;82;EUR;MWh;NO;NO;106.6;80;106.6;106.6;1;UP
2025-04-11T20:30;2025-04-11T20:45;83;EUR;MWh;NO;NO;97.98;;97.98;97.98;1;UP
2025-04-11T20:45;2025-04-11T21:00;84;EUR;MWh;NO;NO;119;;119;119;1;UP
2025-04-11T21:00;2025-04-11T21:15;85;EUR;MWh;NO;NO;150;;150;150;1;UP
2025-04-11T21:15;2025-04-11T21:30;86;EUR;MWh;NO;NO;58.56;75.83;79.28;75.83;2;UP_AND_DOWN
2025-04-11T21:30;2025-04-11T21:45;87;EUR;MWh;NO;NO;78.56;70.2;79.28;70.2;2;UP_AND_DOWN
2025-04-11T21:45;2025-04-11T22:00;88;EUR;MWh;NO;NO;;63.98;63.98;63.98;-1;DOWN
2025-04-11T22:00;2025-04-11T22:15;89;EUR;MWh;NO;NO;101.98;72.43;101.98;72.43;2;UP_AND_DOWN
2025-04-11T22:15;2025-04-11T22:30;90;EUR;MWh;NO;NO;101.98;72.59;72.59;72.59;-1;DOWN
2025-04-11T22:30;2025-04-11T22:45;91;EUR;MWh;NO;NO;;73.08;73.08;73.08;-1;DOWN
2025-04-11T22:45;2025-04-11T23:00;92;EUR;MWh;NO;NO;87.96;71.48;87.96;69.28;2;UP_AND_DOWN
2025-04-11T23:00;2025-04-11T23:15;93;EUR;MWh;NO;NO;;72.43;72.43;72.43;-1;DOWN
2025-04-11T23:15;2025-04-11T23:30;94;EUR;MWh;NO;NO;119.12;75.98;119.12;62.5;2;UP_AND_DOWN
2025-04-11T23:30;2025-04-11T23:45;95;EUR;MWh;NO;NO;106.9;;106.9;106.9;1;UP
2025-04-11T23:45;2025-04-12T00:00;96;EUR;MWh;NO;NO;119.9;;119.9;119.9;1;UP
2025-04-12T00:00;2025-04-12T00:15;1;EUR;MWh;NO;NO;130;;130;130;1;UP
2025-04-12T00:15;2025-04-12T00:30;2;EUR;MWh;NO;NO;130;;130;130;1;UP
2025-04-12T00:30;2025-04-12T00:45;3;EUR;MWh;NO;NO;118.8;;118.8;118.8;1;UP
2025-04-12T00:45;2025-04-12T01:00;4;EUR;MWh;NO;NO;118.8;79.57;79.57;79.57;-1;DOWN
2025-04-12T01:00;2025-04-12T01:15;5;EUR;MWh;NO;NO;144.5;80;144.5;73.28;2;UP_AND_DOWN
2025-04-12T01:15;2025-04-12T01:30;6;EUR;MWh;NO;NO;130;;130;130;1;UP
2025-04-12T01:30;2025-04-12T01:45;7;EUR;MWh;NO;NO;105.5;;105.5;105.5;1;UP
2025-04-12T01:45;2025-04-12T02:00;8;EUR;MWh;NO;NO;130.98;;130.98;130.98;1;UP
2025-04-12T02:00;2025-04-12T02:15;9;EUR;MWh;NO;NO;105.5;;105.5;105.5;1;UP
2025-04-12T02:15;2025-04-12T02:30;10;EUR;MWh;NO;NO;91.98;;91.98;91.98;1;UP
2025-04-12T02:30;2025-04-12T02:45;11;EUR;MWh;NO;NO;105.5;;105.5;105.5;1;UP
2025-04-12T02:45;2025-04-12T03:00;12;EUR;MWh;NO;NO;93.98;;93.98;93.98;1;UP
2025-04-12T03:00;2025-04-12T03:15;13;EUR;MWh;NO;NO;91.98;;91.98;91.98;1;UP
2025-04-12T03:15;2025-04-12T03:30;14;EUR;MWh;NO;NO;105.5;;105.5;105.5;1;UP
2025-04-12T03:30;2025-04-12T03:45;15;EUR;MWh;NO;NO;58.56;;58.56;58.56;1;UP
2025-04-12T03:45;2025-04-12T04:00;16;EUR;MWh;NO;NO;58.56;79.57;79.57;79.57;-1;DOWN
2025-04-12T04:00;2025-04-12T04:15;17;EUR;MWh;NO;NO;58.56;73.98;73.28;73.28;2;UP_AND_DOWN
2025-04-12T04:15;2025-04-12T04:30;18;EUR;MWh;NO;NO;85.98;;85.98;85.98;1;UP
2025-04-12T04:30;2025-04-12T04:45;19;EUR;MWh;NO;NO;96.98;;96.98;96.98;1;UP
2025-04-12T04:45;2025-04-12T05:00;20;EUR;MWh;NO;NO;104.98;;104.98;104.98;1;UP
2025-04-12T05:00;2025-04-12T05:15;21;EUR;MWh;NO;NO;133.3;;133.3;133.3;1;UP
2025-04-12T05:15;2025-04-12T05:30;22;EUR;MWh;NO;NO;130;;130;130;1;UP
2025-04-12T05:30;2025-04-12T05:45;23;EUR;MWh;NO;NO;105.4;;105.4;105.4;1;UP
2025-04-12T05:45;2025-04-12T06:00;24;EUR;MWh;NO;NO;105.4;;105.4;105.4;1;UP
2025-04-12T06:00;2025-04-12T06:15;25;EUR;MWh;NO;NO;130;70.38;130;62;2;UP_AND_DOWN
2025-04-12T06:15;2025-04-12T06:30;26;EUR;MWh;NO;NO;130;;130;130;1;UP
2025-04-12T06:30;2025-04-12T06:45;27;EUR;MWh;NO;NO;;75.38;75.38;75.38;-1;DOWN
2025-04-12T06:45;2025-04-12T07:00;28;EUR;MWh;NO;NO;;70;70;70;-1;DOWN
2025-04-12T07:00;2025-04-12T07:15;29;EUR;MWh;NO;NO;94.02;79.57;94.02;66;2;UP_AND_DOWN
2025-04-12T07:15;2025-04-12T07:30;30;EUR;MWh;NO;NO;85.98;66.08;85.98;66;2;UP_AND_DOWN
2025-04-12T07:30;2025-04-12T07:45;31;EUR;MWh;NO;NO;91.98;50.96;91.98;50.96;2;UP_AND_DOWN
2025-04-12T07:45;2025-04-12T08:00;32;EUR;MWh;NO;NO;58.56;50.96;66;50.96;2;UP_AND_DOWN
2025-04-12T08:00;2025-04-12T08:15;33;EUR;MWh;NO;NO;78.56;80;78.56;66;2;UP_AND_DOWN
2025-04-12T08:15;2025-04-12T08:30;34;EUR;MWh;NO;NO;97.98;88;97.98;97.98;1;UP
2025-04-12T08:30;2025-04-12T08:45;35;EUR;MWh;NO;NO;;42;42;42;-1;DOWN
2025-04-12T08:45;2025-04-12T09:00;36;EUR;MWh;NO;NO;88.56;-28;88.56;-28;2;UP_AND_DOWN
2025-04-12T09:00;2025-04-12T09:15;37;EUR;MWh;NO;NO;113.2;;113.2;113.2;1;UP
2025-04-12T09:15;2025-04-12T09:30;38;EUR;MWh;NO;NO;130;;130;130;1;UP
2025-04-12T09:30;2025-04-12T09:45;39;EUR;MWh;NO;NO;130;;130;130;1;UP
2025-04-12T09:45;2025-04-12T10:00;40;EUR;MWh;NO;NO;78.56;30;78.56;30;2;UP_AND_DOWN
2025-04-12T10:00;2025-04-12T10:15;41;EUR;MWh;NO;NO;150;35;150;35;2;UP_AND_DOWN
2025-04-12T10:15;2025-04-12T10:30;42;EUR;MWh;NO;NO;86.98;80;86.98;55;2;UP_AND_DOWN
2025-04-12T10:30;2025-04-12T10:45;43;EUR;MWh;NO;NO;;-30;-30;-30;-1;DOWN
2025-04-12T10:45;2025-04-12T11:00;44;EUR;MWh;NO;NO;;-29.8;-29.8;-29.8;-1;DOWN
2025-04-12T11:00;2025-04-12T11:15;45;EUR;MWh;NO;NO;78.56;9;78.56;9;2;UP_AND_DOWN
2025-04-12T11:15;2025-04-12T11:30;46;EUR;MWh;NO;NO;;10;10;10;-1;DOWN
2025-04-12T11:30;2025-04-12T11:45;47;EUR;MWh;NO;NO;;-29.9;-29.9;-29.9;-1;DOWN
2025-04-12T11:45;2025-04-12T12:00;48;EUR;MWh;NO;NO;113.7;-30;113.7;-30;2;UP_AND_DOWN
2025-04-12T12:00;2025-04-12T12:15;49;EUR;MWh;NO;NO;130;-30;130;-30;2;UP_AND_DOWN
2025-04-12T12:15;2025-04-12T12:30;50;EUR;MWh;NO;NO;130;-27.8;-27.8;-27.8;-1;DOWN
2025-04-12T12:30;2025-04-12T12:45;51;EUR;MWh;NO;NO;;-30;-30;-30;-1;DOWN
2025-04-12T12:45;2025-04-12T13:00;52;EUR;MWh;NO;NO;;-49.9;-49.9;-49.9;-1;DOWN
2025-04-12T13:00;2025-04-12T13:15;53;EUR;MWh;NO;NO;;9;9;9;-1;DOWN
2025-04-12T13:15;2025-04-12T13:30;54;EUR;MWh;NO;NO;;-70;-70;-70;-1;DOWN
2025-04-12T13:30;2025-04-12T13:45;55;EUR;MWh;NO;NO;;-70;-70;-70;-1;DOWN
2025-04-12T13:45;2025-04-12T14:00;56;EUR;MWh;NO;NO;;-30;-30;-30;-1;DOWN
2025-04-12T14:00;2025-04-12T14:15;57;EUR;MWh;NO;NO;;-32.75;-32.75;-32.75;-1;DOWN
2025-04-12T14:15;2025-04-12T14:30;58;EUR;MWh;NO;NO;;-58;-58;-58;-1;DOWN
2025-04-12T14:30;2025-04-12T14:45;59;EUR;MWh;NO;NO;;-32.85;-32.85;-32.85;-1;DOWN
2025-04-12T14:45;2025-04-12T15:00;60;EUR;MWh;NO;NO;;-30;-30;-30;-1;DOWN
2025-04-12T15:00;2025-04-12T15:15;61;EUR;MWh;NO;NO;;9;9;9;-1;DOWN
2025-04-12T15:15;2025-04-12T15:30;62;EUR;MWh;NO;NO;;-24;-24;-24;-1;DOWN
2025-04-12T15:30;2025-04-12T15:45;63;EUR;MWh;NO;NO;;9;9;9;-1;DOWN
2025-04-12T15:45;2025-04-12T16:00;64;EUR;MWh;NO;NO;;10;10;10;-1;DOWN
2025-04-12T16:00;2025-04-12T16:15;65;EUR;MWh;NO;NO;;9;9;9;-1;DOWN
2025-04-12T16:15;2025-04-12T16:30;66;EUR;MWh;NO;NO;;-30;-30;-30;-1;DOWN
2025-04-12T16:30;2025-04-12T16:45;67;EUR;MWh;NO;NO;;;0;0;-1;DOWN
2025-04-12T16:45;2025-04-12T17:00;68;EUR;MWh;NO;NO;56.95;;68.48;0;2;UP_AND_DOWN
2025-04-12T17:00;2025-04-12T17:15;69;EUR;MWh;NO;NO;;-31;-31;-31;-1;DOWN
2025-04-12T17:15;2025-04-12T17:30;70;EUR;MWh;NO;NO;93.4;-18.5;93.4;-18.5;2;UP_AND_DOWN
2025-04-12T17:30;2025-04-12T17:45;71;EUR;MWh;NO;NO;93.98;-30;93.98;-30;2;UP_AND_DOWN
2025-04-12T17:45;2025-04-12T18:00;72;EUR;MWh;NO;NO;84.98;;84.98;0;2;UP_AND_DOWN
2025-04-12T18:00;2025-04-12T18:15;73;EUR;MWh;NO;NO;;-29.3;-29.3;-29.3;-1;DOWN
2025-04-12T18:15;2025-04-12T18:30;74;EUR;MWh;NO;NO;78.56;39.06;78.56;39.06;2;UP_AND_DOWN
2025-04-12T18:30;2025-04-12T18:45;75;EUR;MWh;NO;NO;130;73.08;130;61;2;UP_AND_DOWN
2025-04-12T18:45;2025-04-12T19:00;76;EUR;MWh;NO;NO;130;;130;130;1;UP
2025-04-12T19:00;2025-04-12T19:15;77;EUR;MWh;NO;NO;104.5;50.96;104.5;50.96;2;UP_AND_DOWN
2025-04-12T19:15;2025-04-12T19:30;78;EUR;MWh;NO;NO;130;50.96;130;130;1;UP
2025-04-12T19:30;2025-04-12T19:45;79;EUR;MWh;NO;NO;154.98;;154.98;154.98;1;UP
2025-04-12T19:45;2025-04-12T20:00;80;EUR;MWh;NO;NO;159.98;;159.98;159.98;1;UP
2025-04-12T20:00;2025-04-12T20:15;81;EUR;MWh;NO;NO;1995;;1995;1995;1;UP
2025-04-12T20:15;2025-04-12T20:30;82;EUR;MWh;YES;;2194.5;;2194.5;2194.5;1;UP
2025-04-12T20:30;2025-04-12T20:45;83;EUR;MWh;YES;;317.46;;317.46;317.46;1;UP
2025-04-12T20:45;2025-04-12T21:00;84;EUR;MWh;NO;NO;89.24;64.06;89.24;64.06;2;UP_AND_DOWN
2025-04-12T21:00;2025-04-12T21:15;85;EUR;MWh;NO;NO;;10;10;10;-1;DOWN
2025-04-12T21:15;2025-04-12T21:30;86;EUR;MWh;NO;NO;;40;40;40;-1;DOWN
2025-04-12T21:30;2025-04-12T21:45;87;EUR;MWh;NO;NO;;44;44;44;-1;DOWN
2025-04-12T21:45;2025-04-12T22:00;88;EUR;MWh;NO;NO;88.38;55;88.38;55;2;UP_AND_DOWN
2025-04-12T22:00;2025-04-12T22:15;89;EUR;MWh;NO;NO;88.38;-7;-7;-7;-1;DOWN
2025-04-12T22:15;2025-04-12T22:30;90;EUR;MWh;NO;NO;95.8;28.98;95.8;28.98;2;UP_AND_DOWN
2025-04-12T22:30;2025-04-12T22:45;91;EUR;MWh;NO;NO;95.8;44;44;44;-1;DOWN
2025-04-12T22:45;2025-04-12T23:00;92;EUR;MWh;NO;NO;;40;40;40;-1;DOWN
2025-04-12T23:00;2025-04-12T23:15;93;EUR;MWh;NO;NO;;-16.09;-16.09;-16.09;-1;DOWN
2025-04-12T23:15;2025-04-12T23:30;94;EUR;MWh;NO;NO;;24.57;24.57;24.57;-1;DOWN
2025-04-12T23:30;2025-04-12T23:45;95;EUR;MWh;NO;NO;;-13.95;-13.95;-13.95;-1;DOWN
2025-04-12T23:45;2025-04-13T00:00;96;EUR;MWh;NO;NO;90;-15.39;90;-15.39;2;UP_AND_DOWN
2025-04-13T00:00;2025-04-13T00:15;1;EUR;MWh;NO;NO;90;-26;-26;-26;-1;DOWN
2025-04-13T00:15;2025-04-13T00:30;2;EUR;MWh;NO;NO;141.9;-26;141.9;141.9;1;UP
2025-04-13T00:30;2025-04-13T00:45;3;EUR;MWh;NO;NO;76.56;;76.56;76.56;1;UP
2025-04-13T00:45;2025-04-13T01:00;4;EUR;MWh;NO;NO;68.35;10;10;10;-1;DOWN
2025-04-13T01:00;2025-04-13T01:15;5;EUR;MWh;NO;NO;;-4;-4;-4;-1;DOWN
2025-04-13T01:15;2025-04-13T01:30;6;EUR;MWh;NO;NO;68.56;-27.81;68.56;-27.81;2;UP_AND_DOWN
2025-04-13T01:30;2025-04-13T01:45;7;EUR;MWh;NO;NO;96.8;-27.89;96.8;-27.89;2;UP_AND_DOWN
2025-04-13T01:45;2025-04-13T02:00;8;EUR;MWh;NO;NO;97;74.98;97;60.89;2;UP_AND_DOWN
2025-04-13T02:00;2025-04-13T02:15;9;EUR;MWh;NO;NO;;9.98;9.98;9.98;-1;DOWN
2025-04-13T02:15;2025-04-13T02:30;10;EUR;MWh;NO;NO;94;24.57;94;24.57;2;UP_AND_DOWN
2025-04-13T02:30;2025-04-13T02:45;11;EUR;MWh;NO;NO;80;59.98;59.98;59.98;-1;DOWN
2025-04-13T02:45;2025-04-13T03:00;12;EUR;MWh;NO;NO;;5.98;5.98;5.98;-1;DOWN
2025-04-13T03:00;2025-04-13T03:15;13;EUR;MWh;NO;NO;167.98;-3.57;167.98;-3.57;2;UP_AND_DOWN
2025-04-13T03:15;2025-04-13T03:30;14;EUR;MWh;NO;NO;135;;135;135;1;UP
2025-04-13T03:30;2025-04-13T03:45;15;EUR;MWh;NO;NO;94;;94;94;1;UP
2025-04-13T03:45;2025-04-13T04:00;16;EUR;MWh;NO;NO;102.98;;102.98;102.98;1;UP
2025-04-13T04:00;2025-04-13T04:15;17;EUR;MWh;NO;NO;80;6.98;80;6.98;2;UP_AND_DOWN
2025-04-13T04:15;2025-04-13T04:30;18;EUR;MWh;NO;NO;;43;43;43;-1;DOWN
2025-04-13T04:30;2025-04-13T04:45;19;EUR;MWh;NO;NO;43.03;81;62.02;62.02;2;UP_AND_DOWN
2025-04-13T04:45;2025-04-13T05:00;20;EUR;MWh;NO;NO;49;81;63.57;63.57;2;UP_AND_DOWN
2025-04-13T05:00;2025-04-13T05:15;21;EUR;MWh;NO;NO;62;-10.51;65;-10.51;2;UP_AND_DOWN
2025-04-13T05:15;2025-04-13T05:30;22;EUR;MWh;NO;NO;;7.98;7.98;7.98;-1;DOWN
2025-04-13T05:30;2025-04-13T05:45;23;EUR;MWh;NO;NO;;47;47;47;-1;DOWN
2025-04-13T05:45;2025-04-13T06:00;24;EUR;MWh;NO;NO;80;;80;80;1;UP
2025-04-13T06:00;2025-04-13T06:15;25;EUR;MWh;NO;NO;104;72.98;104;62.5;2;UP_AND_DOWN
2025-04-13T06:15;2025-04-13T06:30;26;EUR;MWh;NO;NO;102;;102;102;1;UP
2025-04-13T06:30;2025-04-13T06:45;27;EUR;MWh;NO;NO;78.56;;78.56;78.56;1;UP
2025-04-13T06:45;2025-04-13T07:00;28;EUR;MWh;NO;NO;76.85;12;12;12;-1;DOWN
2025-04-13T07:00;2025-04-13T07:15;29;EUR;MWh;NO;NO;68.56;21;68.56;21;2;UP_AND_DOWN
2025-04-13T07:15;2025-04-13T07:30;30;EUR;MWh;NO;NO;;4.98;4.98;4.98;-1;DOWN
2025-04-13T07:30;2025-04-13T07:45;31;EUR;MWh;NO;NO;75.75;-2.38;75.75;-2.38;2;UP_AND_DOWN
2025-04-13T07:45;2025-04-13T08:00;32;EUR;MWh;NO;NO;69.03;10;10;10;-1;DOWN
2025-04-13T08:00;2025-04-13T08:15;33;EUR;MWh;NO;NO;;-29.19;-29.19;-29.19;-1;DOWN
2025-04-13T08:15;2025-04-13T08:30;34;EUR;MWh;NO;NO;;-20.73;-20.73;-20.73;-1;DOWN
2025-04-13T08:30;2025-04-13T08:45;35;EUR;MWh;NO;NO;;-12.83;-12.83;-12.83;-1;DOWN
2025-04-13T08:45;2025-04-13T09:00;36;EUR;MWh;NO;NO;;-2.61;-2.61;-2.61;-1;DOWN
2025-04-13T09:00;2025-04-13T09:15;37;EUR;MWh;NO;NO;;38.57;38.57;38.57;-1;DOWN
2025-04-13T09:15;2025-04-13T09:30;38;EUR;MWh;NO;NO;;81;59.58;59.58;0;STABLE
2025-04-13T09:30;2025-04-13T09:45;39;EUR;MWh;NO;NO;;-29.29;-29.29;-29.29;-1;DOWN
2025-04-13T09:45;2025-04-13T10:00;40;EUR;MWh;NO;NO;;-18.78;-18.78;-18.78;-1;DOWN
2025-04-13T10:00;2025-04-13T10:15;41;EUR;MWh;NO;NO;;24.57;24.57;24.57;-1;DOWN
2025-04-13T10:15;2025-04-13T10:30;42;EUR;MWh;NO;NO;;10;10;10;-1;DOWN
2025-04-13T10:30;2025-04-13T10:45;43;EUR;MWh;NO;NO;;-29.39;-29.39;-29.39;-1;DOWN
2025-04-13T10:45;2025-04-13T11:00;44;EUR;MWh;NO;NO;;-29.39;-29.39;-29.39;-1;DOWN
2025-04-13T11:00;2025-04-13T11:15;45;EUR;MWh;NO;NO;80;19.57;80;19.57;2;UP_AND_DOWN
2025-04-13T11:15;2025-04-13T11:30;46;EUR;MWh;NO;NO;80;76.57;76.57;76.57;-1;DOWN
2025-04-13T11:30;2025-04-13T11:45;47;EUR;MWh;NO;NO;;19.67;19.67;19.67;-1;DOWN
2025-04-13T11:45;2025-04-13T12:00;48;EUR;MWh;NO;NO;;20;20;20;-1;DOWN
2025-04-13T12:00;2025-04-13T12:15;49;EUR;MWh;NO;NO;142.8;-69.9;142.8;-69.9;2;UP_AND_DOWN
2025-04-13T12:15;2025-04-13T12:30;50;EUR;MWh;NO;NO;142.8;27.67;142.8;27.67;2;UP_AND_DOWN
2025-04-13T12:30;2025-04-13T12:45;51;EUR;MWh;NO;NO;142.8;7.57;7.57;7.57;-1;DOWN
2025-04-13T12:45;2025-04-13T13:00;52;EUR;MWh;NO;NO;;3.57;3.57;3.57;-1;DOWN
2025-04-13T13:00;2025-04-13T13:15;53;EUR;MWh;NO;NO;;-14.07;-14.07;-14.07;-1;DOWN
2025-04-13T13:15;2025-04-13T13:30;54;EUR;MWh;NO;NO;;-30;-30;-30;-1;DOWN
2025-04-13T13:30;2025-04-13T13:45;55;EUR;MWh;NO;NO;;5.57;5.57;5.57;-1;DOWN
2025-04-13T13:45;2025-04-13T14:00;56;EUR;MWh;NO;NO;;;0;0;-1;DOWN
2025-04-13T14:00;2025-04-13T14:15;57;EUR;MWh;NO;NO;;3.57;3.57;3.57;-1;DOWN
2025-04-13T14:15;2025-04-13T14:30;58;EUR;MWh;NO;NO;;1;1;1;-1;DOWN
2025-04-13T14:30;2025-04-13T14:45;59;EUR;MWh;NO;NO;;-30;-30;-30;-1;DOWN
2025-04-13T14:45;2025-04-13T15:00;60;EUR;MWh;NO;NO;;-30;-30;-30;-1;DOWN
2025-04-13T15:00;2025-04-13T15:15;61;EUR;MWh;NO;NO;;4.57;4.57;4.57;-1;DOWN
2025-04-13T15:15;2025-04-13T15:30;62;EUR;MWh;NO;NO;;-.1;-.1;-.1;-1;DOWN
2025-04-13T15:30;2025-04-13T15:45;63;EUR;MWh;NO;NO;;63.57;63.57;63.57;-1;DOWN
2025-04-13T15:45;2025-04-13T16:00;64;EUR;MWh;NO;NO;;78.57;78.57;78.57;-1;DOWN
2025-04-13T16:00;2025-04-13T16:15;65;EUR;MWh;NO;NO;;9.57;9.57;9.57;-1;DOWN
2025-04-13T16:15;2025-04-13T16:30;66;EUR;MWh;NO;NO;58.56;23.57;58.56;23.57;2;UP_AND_DOWN
2025-04-13T16:30;2025-04-13T16:45;67;EUR;MWh;NO;NO;80.98;;80.98;80.98;1;UP
2025-04-13T16:45;2025-04-13T17:00;68;EUR;MWh;NO;NO;95;78.57;95;69.78;2;UP_AND_DOWN
2025-04-13T17:00;2025-04-13T17:15;69;EUR;MWh;NO;NO;87.98;-4;87.98;-4;2;UP_AND_DOWN
2025-04-13T17:15;2025-04-13T17:30;70;EUR;MWh;NO;NO;58.56;3.57;65.5;3.57;2;UP_AND_DOWN
2025-04-13T17:30;2025-04-13T17:45;71;EUR;MWh;NO;NO;127.98;3.57;127.98;127.98;1;UP
2025-04-13T17:45;2025-04-13T18:00;72;EUR;MWh;NO;NO;113;;113;113;1;UP
2025-04-13T18:00;2025-04-13T18:15;73;EUR;MWh;NO;NO;;79.57;79.57;79.57;-1;DOWN
2025-04-13T18:15;2025-04-13T18:30;74;EUR;MWh;NO;NO;106.1;-2.06;106.1;-2.06;2;UP_AND_DOWN
2025-04-13T18:30;2025-04-13T18:45;75;EUR;MWh;NO;NO;112.9;10;112.9;10;2;UP_AND_DOWN
2025-04-13T18:45;2025-04-13T19:00;76;EUR;MWh;NO;NO;98.8;29.69;98.8;29.69;2;UP_AND_DOWN
2025-04-13T19:00;2025-04-13T19:15;77;EUR;MWh;NO;NO;;66.1;66.1;66.1;-1;DOWN
2025-04-13T19:15;2025-04-13T19:30;78;EUR;MWh;NO;NO;;56.12;56.12;56.12;-1;DOWN
2025-04-13T19:30;2025-04-13T19:45;79;EUR;MWh;NO;NO;;49.77;49.77;49.77;-1;DOWN
2025-04-13T19:45;2025-04-13T20:00;80;EUR;MWh;NO;NO;;34.03;34.03;34.03;-1;DOWN
2025-04-13T20:00;2025-04-13T20:15;81;EUR;MWh;NO;NO;;7.98;7.98;7.98;-1;DOWN
2025-04-13T20:15;2025-04-13T20:30;82;EUR;MWh;NO;NO;;40;40;40;-1;DOWN
2025-04-13T20:30;2025-04-13T20:45;83;EUR;MWh;NO;NO;;48.98;48.98;48.98;-1;DOWN
2025-04-13T20:45;2025-04-13T21:00;84;EUR;MWh;NO;NO;;70.17;70.17;70.17;-1;DOWN
2025-04-13T21:00;2025-04-13T21:15;85;EUR;MWh;NO;NO;;58.16;58.16;58.16;-1;DOWN
2025-04-13T21:15;2025-04-13T21:30;86;EUR;MWh;NO;NO;;59.69;59.69;59.69;-1;DOWN
2025-04-13T21:30;2025-04-13T21:45;87;EUR;MWh;NO;NO;68.56;56.12;69.78;56.12;2;UP_AND_DOWN
2025-04-13T21:45;2025-04-13T22:00;88;EUR;MWh;NO;NO;68.56;72.93;72.93;72.93;-1;DOWN
2025-04-13T22:00;2025-04-13T22:15;89;EUR;MWh;NO;NO;91.98;75.45;91.98;62.5;2;UP_AND_DOWN
2025-04-13T22:15;2025-04-13T22:30;90;EUR;MWh;NO;NO;91.98;72.98;72.98;72.98;-1;DOWN
2025-04-13T22:30;2025-04-13T22:45;91;EUR;MWh;NO;NO;58.56;75.6;62.5;62.5;2;UP_AND_DOWN
2025-04-13T22:45;2025-04-13T23:00;92;EUR;MWh;NO;NO;86.98;71.1;86.98;62.5;2;UP_AND_DOWN
2025-04-13T23:00;2025-04-13T23:15;93;EUR;MWh;NO;NO;83.98;70;83.98;62.5;2;UP_AND_DOWN
2025-04-13T23:15;2025-04-13T23:30;94;EUR;MWh;NO;NO;58.56;56.12;62.5;56.12;2;UP_AND_DOWN
2025-04-13T23:30;2025-04-13T23:45;95;EUR;MWh;NO;NO;;48.92;48.92;48.92;-1;DOWN
2025-04-13T23:45;2025-04-14T00:00;96;EUR;MWh;NO;NO;;41.62;41.62;41.62;-1;DOWN
2025-04-14T00:00;2025-04-14T00:15;1;EUR;MWh;NO;NO;;44.46;44.46;44.46;-1;DOWN
2025-04-14T00:15;2025-04-14T00:30;2;EUR;MWh;NO;NO;;44.46;44.46;44.46;-1;DOWN
2025-04-14T00:30;2025-04-14T00:45;3;EUR;MWh;NO;NO;;44.46;44.46;44.46;-1;DOWN
2025-04-14T00:45;2025-04-14T01:00;4;EUR;MWh;NO;NO;;44;44;44;-1;DOWN
2025-04-14T01:00;2025-04-14T01:15;5;EUR;MWh;NO;NO;;7.98;7.98;7.98;-1;DOWN
2025-04-14T01:15;2025-04-14T01:30;6;EUR;MWh;NO;NO;;53.46;53.46;53.46;-1;DOWN
2025-04-14T01:30;2025-04-14T01:45;7;EUR;MWh;NO;NO;;54.98;54.98;54.98;-1;DOWN
2025-04-14T01:45;2025-04-14T02:00;8;EUR;MWh;NO;NO;92.24;72.34;92.24;62.29;2;UP_AND_DOWN
2025-04-14T02:00;2025-04-14T02:15;9;EUR;MWh;NO;NO;120;;120;120;1;UP
2025-04-14T02:15;2025-04-14T02:30;10;EUR;MWh;NO;NO;120;;120;120;1;UP
2025-04-14T02:30;2025-04-14T02:45;11;EUR;MWh;NO;NO;102;;102;102;1;UP
2025-04-14T02:45;2025-04-14T03:00;12;EUR;MWh;NO;NO;78.56;;78.56;78.56;1;UP
2025-04-14T03:00;2025-04-14T03:15;13;EUR;MWh;NO;NO;81.98;;81.98;81.98;1;UP
2025-04-14T03:15;2025-04-14T03:30;14;EUR;MWh;NO;NO;116.95;;116.95;116.95;1;UP
2025-04-14T03:30;2025-04-14T03:45;15;EUR;MWh;NO;NO;123;;123;123;1;UP
2025-04-14T03:45;2025-04-14T04:00;16;EUR;MWh;NO;NO;120;;120;120;1;UP
2025-04-14T04:00;2025-04-14T04:15;17;EUR;MWh;NO;NO;100;;100;100;1;UP
2025-04-14T04:15;2025-04-14T04:30;18;EUR;MWh;NO;NO;86.89;;86.89;86.89;1;UP
2025-04-14T04:30;2025-04-14T04:45;19;EUR;MWh;NO;NO;58.56;;58.56;58.56;1;UP
2025-04-14T04:45;2025-04-14T05:00;20;EUR;MWh;NO;NO;;;70.77;70.77;0;STABLE
2025-04-14T05:00;2025-04-14T05:15;21;EUR;MWh;NO;NO;120;81;120;63;2;UP_AND_DOWN
2025-04-14T05:15;2025-04-14T05:30;22;EUR;MWh;NO;NO;120;;120;120;1;UP
2025-04-14T05:30;2025-04-14T05:45;23;EUR;MWh;NO;NO;105.8;74.91;105.8;63;2;UP_AND_DOWN
2025-04-14T05:45;2025-04-14T06:00;24;EUR;MWh;NO;NO;58.56;74.35;63;63;2;UP_AND_DOWN
2025-04-14T06:00;2025-04-14T06:15;25;EUR;MWh;NO;NO;150;72.18;150;63;2;UP_AND_DOWN
2025-04-14T06:15;2025-04-14T06:30;26;EUR;MWh;NO;NO;154.98;75.05;154.98;63;2;UP_AND_DOWN
2025-04-14T06:30;2025-04-14T06:45;27;EUR;MWh;NO;NO;;72.08;72.08;72.08;-1;DOWN
2025-04-14T06:45;2025-04-14T07:00;28;EUR;MWh;NO;NO;68.56;;68.56;68.56;1;UP
2025-04-14T07:00;2025-04-14T07:15;29;EUR;MWh;NO;NO;129.8;;129.8;129.8;1;UP
2025-04-14T07:15;2025-04-14T07:30;30;EUR;MWh;NO;NO;129.8;;129.8;129.8;1;UP
2025-04-14T07:30;2025-04-14T07:45;31;EUR;MWh;NO;NO;105.3;;105.3;105.3;1;UP
2025-04-14T07:45;2025-04-14T08:00;32;EUR;MWh;NO;NO;130;;130;130;1;UP
2025-04-14T08:00;2025-04-14T08:15;33;EUR;MWh;NO;NO;102.5;79.57;102.5;63;2;UP_AND_DOWN
2025-04-14T08:15;2025-04-14T08:30;34;EUR;MWh;NO;NO;113.7;;113.7;113.7;1;UP
2025-04-14T08:30;2025-04-14T08:45;35;EUR;MWh;NO;NO;113.7;72.08;113.7;63;2;UP_AND_DOWN
2025-04-14T08:45;2025-04-14T09:00;36;EUR;MWh;NO;NO;58.56;72.08;63;63;2;UP_AND_DOWN
2025-04-14T09:00;2025-04-14T09:15;37;EUR;MWh;NO;NO;68.56;68.77;68.56;63;2;UP_AND_DOWN
2025-04-14T09:15;2025-04-14T09:30;38;EUR;MWh;NO;NO;85.98;25.96;85.98;25.96;2;UP_AND_DOWN
2025-04-14T09:30;2025-04-14T09:45;39;EUR;MWh;NO;NO;;24.57;24.57;24.57;-1;DOWN
2025-04-14T09:45;2025-04-14T10:00;40;EUR;MWh;NO;NO;;40;40;40;-1;DOWN
2025-04-14T10:00;2025-04-14T10:15;41;EUR;MWh;NO;NO;;10;10;10;-1;DOWN
2025-04-14T10:15;2025-04-14T10:30;42;EUR;MWh;NO;NO;;-31;-31;-31;-1;DOWN
2025-04-14T10:30;2025-04-14T10:45;43;EUR;MWh;NO;NO;;-106.74;-106.74;-106.74;-1;DOWN
2025-04-14T10:45;2025-04-14T11:00;44;EUR;MWh;NO;NO;;-100;-100;-100;-1;DOWN
2025-04-14T11:00;2025-04-14T11:15;45;EUR;MWh;NO;NO;;-30;-30;-30;-1;DOWN
2025-04-14T11:15;2025-04-14T11:30;46;EUR;MWh;NO;NO;;5.98;5.98;5.98;-1;DOWN
2025-04-14T11:30;2025-04-14T11:45;47;EUR;MWh;NO;NO;;-30;-30;-30;-1;DOWN
2025-04-14T11:45;2025-04-14T12:00;48;EUR;MWh;NO;NO;;-5;-5;-5;-1;DOWN
2025-04-14T12:00;2025-04-14T12:15;49;EUR;MWh;NO;NO;;54;54;54;-1;DOWN
2025-04-14T12:15;2025-04-14T12:30;50;EUR;MWh;NO;NO;58.56;71.98;62.29;62.29;2;UP_AND_DOWN
2025-04-14T12:30;2025-04-14T12:45;51;EUR;MWh;NO;NO;;24.47;24.47;24.47;-1;DOWN
2025-04-14T12:45;2025-04-14T13:00;52;EUR;MWh;NO;NO;;40;40;40;-1;DOWN
2025-04-14T13:00;2025-04-14T13:15;53;EUR;MWh;NO;NO;75.85;36.98;75.85;36.98;2;UP_AND_DOWN
2025-04-14T13:15;2025-04-14T13:30;54;EUR;MWh;NO;NO;58;31;67.79;31;2;UP_AND_DOWN
2025-04-14T13:30;2025-04-14T13:45;55;EUR;MWh;NO;NO;;5.98;5.98;5.98;-1;DOWN
2025-04-14T13:45;2025-04-14T14:00;56;EUR;MWh;NO;NO;;-18.44;-18.44;-18.44;-1;DOWN
2025-04-14T14:00;2025-04-14T14:15;57;EUR;MWh;NO;NO;;-30;-30;-30;-1;DOWN
2025-04-14T14:15;2025-04-14T14:30;58;EUR;MWh;NO;NO;;8;8;8;-1;DOWN
2025-04-14T14:30;2025-04-14T14:45;59;EUR;MWh;NO;NO;57;-30;68.29;-30;2;UP_AND_DOWN
2025-04-14T14:45;2025-04-14T15:00;60;EUR;MWh;NO;NO;58.56;24.57;69.07;24.57;2;UP_AND_DOWN
2025-04-14T15:00;2025-04-14T15:15;61;EUR;MWh;NO;NO;;10;10;10;-1;DOWN
2025-04-14T15:15;2025-04-14T15:30;62;EUR;MWh;NO;NO;;-30;-30;-30;-1;DOWN
2025-04-14T15:30;2025-04-14T15:45;63;EUR;MWh;NO;NO;;40;40;40;-1;DOWN
2025-04-14T15:45;2025-04-14T16:00;64;EUR;MWh;NO;NO;;15.98;15.98;15.98;-1;DOWN
2025-04-14T16:00;2025-04-14T16:15;65;EUR;MWh;NO;NO;;-18.5;-18.5;-18.5;-1;DOWN
2025-04-14T16:15;2025-04-14T16:30;66;EUR;MWh;NO;NO;;-30;-30;-30;-1;DOWN
2025-04-14T16:30;2025-04-14T16:45;67;EUR;MWh;NO;NO;;10;10;10;-1;DOWN
2025-04-14T16:45;2025-04-14T17:00;68;EUR;MWh;NO;NO;;27.98;27.98;27.98;-1;DOWN
2025-04-14T17:00;2025-04-14T17:15;69;EUR;MWh;NO;NO;;15.98;15.98;15.98;-1;DOWN
2025-04-14T17:15;2025-04-14T17:30;70;EUR;MWh;NO;NO;;40;40;40;-1;DOWN
2025-04-14T17:30;2025-04-14T17:45;71;EUR;MWh;NO;NO;98;40;98;40;2;UP_AND_DOWN
2025-04-14T17:45;2025-04-14T18:00;72;EUR;MWh;NO;NO;98;42;98;42;2;UP_AND_DOWN
2025-04-14T18:00;2025-04-14T18:15;73;EUR;MWh;NO;NO;;4.98;4.98;4.98;-1;DOWN
2025-04-14T18:15;2025-04-14T18:30;74;EUR;MWh;NO;NO;54;24.57;54;54;1;UP
2025-04-14T18:30;2025-04-14T18:45;75;EUR;MWh;NO;NO;106.9;79.57;106.9;63;2;UP_AND_DOWN
2025-04-14T18:45;2025-04-14T19:00;76;EUR;MWh;NO;NO;130;;130;130;1;UP
2025-04-14T19:00;2025-04-14T19:15;77;EUR;MWh;NO;NO;58.56;50;72;50;2;UP_AND_DOWN
2025-04-14T19:15;2025-04-14T19:30;78;EUR;MWh;NO;NO;80.98;99;80.98;72;2;UP_AND_DOWN
2025-04-14T19:30;2025-04-14T19:45;79;EUR;MWh;NO;NO;102.98;;102.98;102.98;1;UP
2025-04-14T19:45;2025-04-14T20:00;80;EUR;MWh;NO;NO;130;;130;130;1;UP
2025-04-14T20:00;2025-04-14T20:15;81;EUR;MWh;NO;NO;106.8;79.57;106.8;78.78;2;UP_AND_DOWN
2025-04-14T20:15;2025-04-14T20:30;82;EUR;MWh;NO;NO;98.8;81;98.8;78.78;2;UP_AND_DOWN
2025-04-14T20:30;2025-04-14T20:45;83;EUR;MWh;NO;NO;80;79.57;80;78.78;2;UP_AND_DOWN
2025-04-14T20:45;2025-04-14T21:00;84;EUR;MWh;NO;NO;143.3;72.88;143.3;72.88;2;UP_AND_DOWN
2025-04-14T21:00;2025-04-14T21:15;85;EUR;MWh;NO;NO;130;76;76;76;-1;DOWN
2025-04-14T21:15;2025-04-14T21:30;86;EUR;MWh;NO;NO;;43.18;43.18;43.18;-1;DOWN
2025-04-14T21:30;2025-04-14T21:45;87;EUR;MWh;NO;NO;;40.98;40.98;40.98;-1;DOWN
2025-04-14T21:45;2025-04-14T22:00;88;EUR;MWh;NO;NO;;17.98;17.98;17.98;-1;DOWN
2025-04-14T22:00;2025-04-14T22:15;89;EUR;MWh;NO;NO;;-60;-60;-60;-1;DOWN
2025-04-14T22:15;2025-04-14T22:30;90;EUR;MWh;NO;NO;83.37;55.22;83.37;55.22;2;UP_AND_DOWN
2025-04-14T22:30;2025-04-14T22:45;91;EUR;MWh;NO;NO;76.54;28.18;76.54;28.18;2;UP_AND_DOWN
2025-04-14T22:45;2025-04-14T23:00;92;EUR;MWh;NO;NO;;50.22;50.22;50.22;-1;DOWN
2025-04-14T23:00;2025-04-14T23:15;93;EUR;MWh;NO;NO;130.68;;130.68;130.68;1;UP
2025-04-14T23:15;2025-04-14T23:30;94;EUR;MWh;NO;NO;130.68;36;36;36;-1;DOWN
2025-04-14T23:30;2025-04-14T23:45;95;EUR;MWh;NO;NO;;24.67;24.67;24.67;-1;DOWN
2025-04-14T23:45;2025-04-15T00:00;96;EUR;MWh;NO;NO;;-100;-100;-100;-1;DOWN
2025-04-15T00:00;2025-04-15T00:15;1;EUR;MWh;NO;NO;;-100;-100;-100;-1;DOWN
2025-04-15T00:15;2025-04-15T00:30;2;EUR;MWh;NO;NO;;-25.25;-25.25;-25.25;-1;DOWN
2025-04-15T00:30;2025-04-15T00:45;3;EUR;MWh;NO;NO;86.98;10;86.98;10;2;UP_AND_DOWN
2025-04-15T00:45;2025-04-15T01:00;4;EUR;MWh;NO;NO;95;;95;95;1;UP
2025-04-15T01:00;2025-04-15T01:15;5;EUR;MWh;NO;NO;68.56;-13.6;68.56;-13.6;2;UP_AND_DOWN
2025-04-15T01:15;2025-04-15T01:30;6;EUR;MWh;NO;NO;56;-43.61;-43.61;-43.61;-1;DOWN
2025-04-15T01:30;2025-04-15T01:45;7;EUR;MWh;NO;NO;;-38;-38;-38;-1;DOWN
2025-04-15T01:45;2025-04-15T02:00;8;EUR;MWh;NO;NO;;-13.6;-13.6;-13.6;-1;DOWN
2025-04-15T02:00;2025-04-15T02:15;9;EUR;MWh;NO;NO;;-16.8;-16.8;-16.8;-1;DOWN
2025-04-15T02:15;2025-04-15T02:30;10;EUR;MWh;NO;NO;;-16.8;-16.8;-16.8;-1;DOWN
2025-04-15T02:30;2025-04-15T02:45;11;EUR;MWh;NO;NO;;20;20;20;-1;DOWN
2025-04-15T02:45;2025-04-15T03:00;12;EUR;MWh;NO;NO;;-4.39;-4.39;-4.39;-1;DOWN
2025-04-15T03:00;2025-04-15T03:15;13;EUR;MWh;NO;NO;58.56;10;65.5;10;2;UP_AND_DOWN
2025-04-15T03:15;2025-04-15T03:30;14;EUR;MWh;NO;NO;;-9.41;-9.41;-9.41;-1;DOWN
2025-04-15T03:30;2025-04-15T03:45;15;EUR;MWh;NO;NO;;-4.39;-4.39;-4.39;-1;DOWN
2025-04-15T03:45;2025-04-15T04:00;16;EUR;MWh;NO;NO;57;81;66.5;66.5;2;UP_AND_DOWN
2025-04-15T04:00;2025-04-15T04:15;17;EUR;MWh;NO;NO;95;81;95;66.5;2;UP_AND_DOWN
2025-04-15T04:15;2025-04-15T04:30;18;EUR;MWh;NO;NO;90.98;-4.19;90.98;-4.19;2;UP_AND_DOWN
2025-04-15T04:30;2025-04-15T04:45;19;EUR;MWh;NO;NO;;-15.76;-15.76;-15.76;-1;DOWN
2025-04-15T04:45;2025-04-15T05:00;20;EUR;MWh;NO;NO;74;-17.31;74;-17.31;2;UP_AND_DOWN
2025-04-15T05:00;2025-04-15T05:15;21;EUR;MWh;NO;NO;123.01;-17.31;123.01;123.01;1;UP
2025-04-15T05:15;2025-04-15T05:30;22;EUR;MWh;NO;NO;101.5;-20.8;101.5;-20.8;2;UP_AND_DOWN
2025-04-15T05:30;2025-04-15T05:45;23;EUR;MWh;NO;NO;107.98;;107.98;107.98;1;UP
2025-04-15T05:45;2025-04-15T06:00;24;EUR;MWh;NO;NO;95;-19.79;95;-19.79;2;UP_AND_DOWN
2025-04-15T06:00;2025-04-15T06:15;25;EUR;MWh;NO;NO;115;-10.49;115;-10.49;2;UP_AND_DOWN
2025-04-15T06:15;2025-04-15T06:30;26;EUR;MWh;NO;NO;107.8;10;10;10;-1;DOWN
2025-04-15T06:30;2025-04-15T06:45;27;EUR;MWh;NO;NO;104.98;17.98;104.98;17.98;2;UP_AND_DOWN
2025-04-15T06:45;2025-04-15T07:00;28;EUR;MWh;NO;NO;100;-10.9;-10.9;-10.9;-1;DOWN
2025-04-15T07:00;2025-04-15T07:15;29;EUR;MWh;NO;NO;95;17.57;95;17.57;2;UP_AND_DOWN
2025-04-15T07:15;2025-04-15T07:30;30;EUR;MWh;NO;NO;88.56;17.97;88.56;17.97;2;UP_AND_DOWN
2025-04-15T07:30;2025-04-15T07:45;31;EUR;MWh;NO;NO;;5.57;5.57;5.57;-1;DOWN
2025-04-15T07:45;2025-04-15T08:00;32;EUR;MWh;NO;NO;;-30;-30;-30;-1;DOWN
2025-04-15T08:00;2025-04-15T08:15;33;EUR;MWh;NO;NO;;-31.82;-31.82;-31.82;-1;DOWN
2025-04-15T08:15;2025-04-15T08:30;34;EUR;MWh;NO;NO;72;44;72;44;2;UP_AND_DOWN
2025-04-15T08:30;2025-04-15T08:45;35;EUR;MWh;NO;NO;;23;23;23;-1;DOWN
2025-04-15T08:45;2025-04-15T09:00;36;EUR;MWh;NO;NO;;4.8;4.8;4.8;-1;DOWN
2025-04-15T09:00;2025-04-15T09:15;37;EUR;MWh;NO;NO;100.5;-524.23;100.5;-524.23;2;UP_AND_DOWN
2025-04-15T09:15;2025-04-15T09:30;38;EUR;MWh;NO;NO;107.98;-70;107.98;-70;2;UP_AND_DOWN
2025-04-15T09:30;2025-04-15T09:45;39;EUR;MWh;NO;NO;;-70.4;-70.4;-70.4;-1;DOWN
2025-04-15T09:45;2025-04-15T10:00;40;EUR;MWh;NO;NO;;-31;-31;-31;-1;DOWN
2025-04-15T10:00;2025-04-15T10:15;41;EUR;MWh;NO;NO;;-60;-60;-60;-1;DOWN
2025-04-15T10:15;2025-04-15T10:30;42;EUR;MWh;NO;NO;;-40;-40;-40;-1;DOWN
2025-04-15T10:30;2025-04-15T10:45;43;EUR;MWh;NO;NO;;-41;-41;-41;-1;DOWN
2025-04-15T10:45;2025-04-15T11:00;44;EUR;MWh;NO;NO;;-41;-41;-41;-1;DOWN
2025-04-15T11:00;2025-04-15T11:15;45;EUR;MWh;NO;NO;;-80.4;-80.4;-80.4;-1;DOWN
2025-04-15T11:15;2025-04-15T11:30;46;EUR;MWh;NO;NO;;-50;-50;-50;-1;DOWN
2025-04-15T11:30;2025-04-15T11:45;47;EUR;MWh;NO;NO;;-80.2;-80.2;-80.2;-1;DOWN
2025-04-15T11:45;2025-04-15T12:00;48;EUR;MWh;NO;NO;;-113;-113;-113;-1;DOWN
2025-04-15T12:00;2025-04-15T12:15;49;EUR;MWh;NO;NO;51;-70;-70;-70;-1;DOWN
2025-04-15T12:15;2025-04-15T12:30;50;EUR;MWh;NO;NO;50;-41;-41;-41;-1;DOWN
2025-04-15T12:30;2025-04-15T12:45;51;EUR;MWh;NO;NO;;-80;-80;-80;-1;DOWN
2025-04-15T12:45;2025-04-15T13:00;52;EUR;MWh;NO;NO;;-31;-31;-31;-1;DOWN
2025-04-15T13:00;2025-04-15T13:15;53;EUR;MWh;NO;NO;1895;-1310.43;1895;-1310.43;2;UP_AND_DOWN
2025-04-15T13:15;2025-04-15T13:30;54;EUR;MWh;NO;NO;1895;-1000;1895;-1000;2;UP_AND_DOWN
2025-04-15T13:30;2025-04-15T13:45;55;EUR;MWh;NO;NO;88.56;-965.8;88.56;88.56;1;UP
2025-04-15T13:45;2025-04-15T14:00;56;EUR;MWh;NO;NO;94;83;94;66.5;2;UP_AND_DOWN
2025-04-15T14:00;2025-04-15T14:15;57;EUR;MWh;NO;NO;123;-20.56;123;-20.56;2;UP_AND_DOWN
2025-04-15T14:15;2025-04-15T14:30;58;EUR;MWh;NO;NO;300;;300;300;1;UP
2025-04-15T14:30;2025-04-15T14:45;59;EUR;MWh;NO;NO;1672.26;;1672.26;1672.26;1;UP
2025-04-15T14:45;2025-04-15T15:00;60;EUR;MWh;NO;NO;96.7;8;96.7;8;2;UP_AND_DOWN
2025-04-15T15:00;2025-04-15T15:15;61;EUR;MWh;NO;NO;89.93;-60;89.93;-60;2;UP_AND_DOWN
2025-04-15T15:15;2025-04-15T15:30;62;EUR;MWh;NO;NO;160.7;-60;160.7;160.7;1;UP
2025-04-15T15:30;2025-04-15T15:45;63;EUR;MWh;NO;NO;95.98;10;95.98;10;2;UP_AND_DOWN
2025-04-15T15:45;2025-04-15T16:00;64;EUR;MWh;NO;NO;58.56;61;69.07;61;2;UP_AND_DOWN
2025-04-15T16:00;2025-04-15T16:15;65;EUR;MWh;NO;NO;96.4;46;96.4;46;2;UP_AND_DOWN
2025-04-15T16:15;2025-04-15T16:30;66;EUR;MWh;NO;NO;;12;12;12;-1;DOWN
2025-04-15T16:30;2025-04-15T16:45;67;EUR;MWh;NO;NO;;-30;-30;-30;-1;DOWN
2025-04-15T16:45;2025-04-15T17:00;68;EUR;MWh;NO;NO;116.1;-4.27;116.1;-4.27;2;UP_AND_DOWN
2025-04-15T17:00;2025-04-15T17:15;69;EUR;MWh;NO;NO;1895;-4.27;1895;1895;1;UP
2025-04-15T17:15;2025-04-15T17:30;70;EUR;MWh;NO;NO;143.7;77.23;143.7;61.79;2;UP_AND_DOWN
2025-04-15T17:30;2025-04-15T17:45;71;EUR;MWh;NO;NO;88.98;26;88.98;26;2;UP_AND_DOWN
2025-04-15T17:45;2025-04-15T18:00;72;EUR;MWh;NO;NO;86.98;69.08;86.98;63.5;2;UP_AND_DOWN
2025-04-15T18:00;2025-04-15T18:15;73;EUR;MWh;NO;NO;;50.88;50.88;50.88;-1;DOWN
2025-04-15T18:15;2025-04-15T18:30;74;EUR;MWh;NO;NO;;40;40;40;-1;DOWN
2025-04-15T18:30;2025-04-15T18:45;75;EUR;MWh;NO;NO;;42.57;42.57;42.57;-1;DOWN
2025-04-15T18:45;2025-04-15T19:00;76;EUR;MWh;NO;NO;;13.57;13.57;13.57;-1;DOWN
2025-04-15T19:00;2025-04-15T19:15;77;EUR;MWh;NO;NO;;9.57;9.57;9.57;-1;DOWN
2025-04-15T19:15;2025-04-15T19:30;78;EUR;MWh;NO;NO;;39.77;39.77;39.77;-1;DOWN
2025-04-15T19:30;2025-04-15T19:45;79;EUR;MWh;NO;NO;;65.57;65.57;65.57;-1;DOWN
2025-04-15T19:45;2025-04-15T20:00;80;EUR;MWh;NO;NO;;70.88;70.88;70.88;-1;DOWN
2025-04-15T20:00;2025-04-15T20:15;81;EUR;MWh;NO;NO;84;83;84;84;1;UP
2025-04-15T20:15;2025-04-15T20:30;82;EUR;MWh;NO;NO;144.9;;144.9;144.9;1;UP
2025-04-15T20:30;2025-04-15T20:45;83;EUR;MWh;NO;NO;150;;150;150;1;UP
2025-04-15T20:45;2025-04-15T21:00;84;EUR;MWh;NO;NO;161.98;;161.98;161.98;1;UP
2025-04-15T21:00;2025-04-15T21:15;85;EUR;MWh;NO;NO;350;;350;350;1;UP
2025-04-15T21:15;2025-04-15T21:30;86;EUR;MWh;NO;NO;161.98;;161.98;161.98;1;UP
2025-04-15T21:30;2025-04-15T21:45;87;EUR;MWh;NO;NO;121.92;;121.92;121.92;1;UP
2025-04-15T21:45;2025-04-15T22:00;88;EUR;MWh;NO;NO;130;;130;130;1;UP
2025-04-15T22:00;2025-04-15T22:15;89;EUR;MWh;NO;NO;130;76;76;76;-1;DOWN
2025-04-15T22:15;2025-04-15T22:30;90;EUR;MWh;NO;NO;120.98;97;120.98;79.28;2;UP_AND_DOWN
2025-04-15T22:30;2025-04-15T22:45;91;EUR;MWh;NO;NO;130;;130;130;1;UP
2025-04-15T22:45;2025-04-15T23:00;92;EUR;MWh;NO;NO;94;;94;94;1;UP
2025-04-15T23:00;2025-04-15T23:15;93;EUR;MWh;NO;NO;114.9;;114.9;114.9;1;UP
2025-04-15T23:15;2025-04-15T23:30;94;EUR;MWh;NO;NO;130;;130;130;1;UP
2025-04-15T23:30;2025-04-15T23:45;95;EUR;MWh;NO;NO;119.12;;119.12;119.12;1;UP
2025-04-15T23:45;2025-04-16T00:00;96;EUR;MWh;NO;NO;58.56;54.04;69.07;54.04;2;UP_AND_DOWN
2025-04-16T00:00;2025-04-16T00:15;1;EUR;MWh;NO;NO;112.81;67.17;112.81;67.17;2;UP_AND_DOWN
2025-04-16T00:15;2025-04-16T00:30;2;EUR;MWh;NO;NO;117.1;;117.1;117.1;1;UP
2025-04-16T00:30;2025-04-16T00:45;3;EUR;MWh;NO;NO;101.5;;101.5;101.5;1;UP
2025-04-16T00:45;2025-04-16T01:00;4;EUR;MWh;NO;NO;97.98;;97.98;97.98;1;UP
2025-04-16T01:00;2025-04-16T01:15;5;EUR;MWh;NO;NO;96.68;;96.68;96.68;1;UP
2025-04-16T01:15;2025-04-16T01:30;6;EUR;MWh;NO;NO;78.56;58.25;78.78;58.25;2;UP_AND_DOWN
2025-04-16T01:30;2025-04-16T01:45;7;EUR;MWh;NO;NO;;58.15;58.15;58.15;-1;DOWN
2025-04-16T01:45;2025-04-16T02:00;8;EUR;MWh;NO;NO;;10;10;10;-1;DOWN
2025-04-16T02:00;2025-04-16T02:15;9;EUR;MWh;NO;NO;;;0;0;-1;DOWN
2025-04-16T02:15;2025-04-16T02:30;10;EUR;MWh;NO;NO;;42.57;42.57;42.57;-1;DOWN
2025-04-16T02:30;2025-04-16T02:45;11;EUR;MWh;NO;NO;;42.57;42.57;42.57;-1;DOWN
2025-04-16T02:45;2025-04-16T03:00;12;EUR;MWh;NO;NO;;58.05;58.05;58.05;-1;DOWN
2025-04-16T03:00;2025-04-16T03:15;13;EUR;MWh;NO;NO;100;14;100;100;1;UP
2025-04-16T03:15;2025-04-16T03:30;14;EUR;MWh;NO;NO;97.04;;97.04;97.04;1;UP
2025-04-16T03:30;2025-04-16T03:45;15;EUR;MWh;NO;NO;94.05;72.75;72.75;72.75;-1;DOWN
2025-04-16T03:45;2025-04-16T04:00;16;EUR;MWh;NO;NO;;68.25;68.25;68.25;-1;DOWN
2025-04-16T04:00;2025-04-16T04:15;17;EUR;MWh;NO;NO;83.56;59.29;83.56;83.56;1;UP
2025-04-16T04:15;2025-04-16T04:30;18;EUR;MWh;NO;NO;88.56;;88.56;88.56;1;UP
2025-04-16T04:30;2025-04-16T04:45;19;EUR;MWh;NO;NO;87.98;;87.98;87.98;1;UP
2025-04-16T04:45;2025-04-16T05:00;20;EUR;MWh;NO;NO;;58.15;58.15;58.15;-1;DOWN
2025-04-16T05:00;2025-04-16T05:15;21;EUR;MWh;NO;NO;87.98;69.59;87.98;64.5;2;UP_AND_DOWN
2025-04-16T05:15;2025-04-16T05:30;22;EUR;MWh;NO;NO;94.98;74.09;94.98;72.5;2;UP_AND_DOWN
2025-04-16T05:30;2025-04-16T05:45;23;EUR;MWh;NO;NO;86.98;75.83;86.98;72.5;2;UP_AND_DOWN
2025-04-16T05:45;2025-04-16T06:00;24;EUR;MWh;NO;NO;79.98;58.05;79.98;58.05;2;UP_AND_DOWN
2025-04-16T06:00;2025-04-16T06:15;25;EUR;MWh;NO;NO;109.5;65.57;109.5;62.7;2;UP_AND_DOWN
2025-04-16T06:15;2025-04-16T06:30;26;EUR;MWh;NO;NO;109.98;55;109.98;55;2;UP_AND_DOWN
2025-04-16T06:30;2025-04-16T06:45;27;EUR;MWh;NO;NO;82.78;71.87;82.78;71.87;2;UP_AND_DOWN
2025-04-16T06:45;2025-04-16T07:00;28;EUR;MWh;NO;NO;72;71.77;72;60.97;2;UP_AND_DOWN
2025-04-16T07:00;2025-04-16T07:15;29;EUR;MWh;NO;NO;;72.67;72.67;72.67;-1;DOWN
2025-04-16T07:15;2025-04-16T07:30;30;EUR;MWh;NO;NO;90.69;75.93;90.69;90.69;1;UP
2025-04-16T07:30;2025-04-16T07:45;31;EUR;MWh;NO;NO;105;;105;105;1;UP
2025-04-16T07:45;2025-04-16T08:00;32;EUR;MWh;NO;NO;149.2;;149.2;149.2;1;UP
2025-04-16T08:00;2025-04-16T08:15;33;EUR;MWh;NO;NO;200;;200;200;1;UP
2025-04-16T08:15;2025-04-16T08:30;34;EUR;MWh;NO;NO;215.98;;215.98;215.98;1;UP
2025-04-16T08:30;2025-04-16T08:45;35;EUR;MWh;NO;NO;2445;;2445;2445;1;UP
2025-04-16T08:45;2025-04-16T09:00;36;EUR;MWh;NO;NO;2445;;2445;2445;1;UP
2025-04-16T09:00;2025-04-16T09:15;37;EUR;MWh;NO;NO;130;;130;130;1;UP
2025-04-16T09:15;2025-04-16T09:30;38;EUR;MWh;NO;NO;149.2;;149.2;149.2;1;UP
2025-04-16T09:30;2025-04-16T09:45;39;EUR;MWh;NO;NO;106.67;;106.67;106.67;1;UP
2025-04-16T09:45;2025-04-16T10:00;40;EUR;MWh;NO;NO;86.69;80.91;86.69;86.69;1;UP
2025-04-16T10:00;2025-04-16T10:15;41;EUR;MWh;NO;NO;;20;20;20;-1;DOWN
2025-04-16T10:15;2025-04-16T10:30;42;EUR;MWh;NO;NO;117.4;21.95;117.4;21.95;2;UP_AND_DOWN
2025-04-16T10:30;2025-04-16T10:45;43;EUR;MWh;NO;NO;109.7;50;110.5;50;2;UP_AND_DOWN
2025-04-16T10:45;2025-04-16T11:00;44;EUR;MWh;NO;NO;;-10.4;-10.4;-10.4;-1;DOWN
2025-04-16T11:00;2025-04-16T11:15;45;EUR;MWh;NO;NO;79.98;-23.4;125.49;-23.4;2;UP_AND_DOWN
2025-04-16T11:15;2025-04-16T11:30;46;EUR;MWh;NO;NO;78.56;;78.56;78.56;1;UP
2025-04-16T11:30;2025-04-16T11:45;47;EUR;MWh;NO;NO;;50;50;50;-1;DOWN
2025-04-16T11:45;2025-04-16T12:00;48;EUR;MWh;NO;NO;;50;50;50;-1;DOWN
2025-04-16T12:00;2025-04-16T12:15;49;EUR;MWh;NO;NO;;42.35;42.35;42.35;-1;DOWN
2025-04-16T12:15;2025-04-16T12:30;50;EUR;MWh;NO;NO;86.98;;86.98;86.98;1;UP
2025-04-16T12:30;2025-04-16T12:45;51;EUR;MWh;NO;NO;81.48;;81.48;81.48;1;UP
2025-04-16T12:45;2025-04-16T13:00;52;EUR;MWh;NO;NO;78.56;132;132;132;-1;DOWN
2025-04-16T13:00;2025-04-16T13:15;53;EUR;MWh;NO;NO;;77;77;77;-1;DOWN
2025-04-16T13:15;2025-04-16T13:30;54;EUR;MWh;NO;NO;;69.95;69.95;69.95;-1;DOWN
2025-04-16T13:30;2025-04-16T13:45;55;EUR;MWh;NO;NO;;133;133;133;-1;DOWN
2025-04-16T13:45;2025-04-16T14:00;56;EUR;MWh;NO;NO;;24.79;24.79;24.79;-1;DOWN
2025-04-16T14:00;2025-04-16T14:15;57;EUR;MWh;NO;NO;101;24.57;101.78;24.57;2;UP_AND_DOWN
2025-04-16T14:15;2025-04-16T14:30;58;EUR;MWh;NO;NO;130;;130;130;1;UP
2025-04-16T14:30;2025-04-16T14:45;59;EUR;MWh;NO;NO;148.8;;148.8;148.8;1;UP
2025-04-16T14:45;2025-04-16T15:00;60;EUR;MWh;NO;NO;119.12;;119.12;119.12;1;UP
2025-04-16T15:00;2025-04-16T15:15;61;EUR;MWh;NO;NO;91.98;30.05;91.98;30.05;2;UP_AND_DOWN
2025-04-16T15:15;2025-04-16T15:30;62;EUR;MWh;NO;NO;;50;50;50;-1;DOWN
2025-04-16T15:30;2025-04-16T15:45;63;EUR;MWh;NO;NO;94.98;30.05;119.78;30.05;2;UP_AND_DOWN
2025-04-16T15:45;2025-04-16T16:00;64;EUR;MWh;NO;NO;87.98;24.57;122.78;24.57;2;UP_AND_DOWN
2025-04-16T16:00;2025-04-16T16:15;65;EUR;MWh;NO;NO;;50;50;50;-1;DOWN
2025-04-16T16:15;2025-04-16T16:30;66;EUR;MWh;NO;NO;140;50;140;140;1;UP
2025-04-16T16:30;2025-04-16T16:45;67;EUR;MWh;NO;NO;200;;200;200;1;UP
2025-04-16T16:45;2025-04-16T17:00;68;EUR;MWh;NO;NO;183.98;;183.98;183.98;1;UP
2025-04-16T17:00;2025-04-16T17:15;69;EUR;MWh;NO;NO;300;;300;300;1;UP
2025-04-16T17:15;2025-04-16T17:30;70;EUR;MWh;NO;NO;173.97;;173.97;173.97;1;UP
2025-04-16T17:30;2025-04-16T17:45;71;EUR;MWh;NO;NO;215.98;;215.98;215.98;1;UP
2025-04-16T17:45;2025-04-16T18:00;72;EUR;MWh;NO;NO;148.7;;148.7;148.7;1;UP
2025-04-16T18:00;2025-04-16T18:15;73;EUR;MWh;NO;NO;95.98;;95.98;95.98;1;UP
2025-04-16T18:15;2025-04-16T18:30;74;EUR;MWh;NO;NO;232;;232;232;1;UP
2025-04-16T18:30;2025-04-16T18:45;75;EUR;MWh;NO;NO;215.98;;215.98;215.98;1;UP
2025-04-16T18:45;2025-04-16T19:00;76;EUR;MWh;NO;NO;151;;151;151;1;UP
2025-04-16T19:00;2025-04-16T19:15;77;EUR;MWh;NO;NO;151;69.57;69.57;69.57;-1;DOWN
2025-04-16T19:15;2025-04-16T19:30;78;EUR;MWh;NO;NO;;55.57;55.57;55.57;-1;DOWN
2025-04-16T19:30;2025-04-16T19:45;79;EUR;MWh;NO;NO;;64.95;64.95;64.95;-1;DOWN
2025-04-16T19:45;2025-04-16T20:00;80;EUR;MWh;NO;NO;;65.69;65.69;65.69;-1;DOWN
2025-04-16T20:00;2025-04-16T20:15;81;EUR;MWh;NO;NO;;79.39;79.39;79.39;-1;DOWN
2025-04-16T20:15;2025-04-16T20:30;82;EUR;MWh;NO;NO;109.98;79.39;109.98;109.98;1;UP
2025-04-16T20:30;2025-04-16T20:45;83;EUR;MWh;NO;NO;89.71;;89.71;89.71;1;UP
2025-04-16T20:45;2025-04-16T21:00;84;EUR;MWh;NO;NO;117.98;;117.98;117.98;1;UP
2025-04-16T21:00;2025-04-16T21:15;85;EUR;MWh;NO;NO;129;;129;129;1;UP
2025-04-16T21:15;2025-04-16T21:30;86;EUR;MWh;NO;NO;129;70.67;70.67;70.67;-1;DOWN
2025-04-16T21:30;2025-04-16T21:45;87;EUR;MWh;NO;NO;;67.57;67.57;67.57;-1;DOWN
2025-04-16T21:45;2025-04-16T22:00;88;EUR;MWh;NO;NO;87.98;69.82;87.98;62.7;2;UP_AND_DOWN
2025-04-16T22:00;2025-04-16T22:15;89;EUR;MWh;NO;NO;126.69;;126.69;126.69;1;UP
2025-04-16T22:15;2025-04-16T22:30;90;EUR;MWh;NO;NO;90.98;56;56;56;-1;DOWN
2025-04-16T22:30;2025-04-16T22:45;91;EUR;MWh;NO;NO;92.76;62.67;92.76;62.67;2;UP_AND_DOWN
2025-04-16T22:45;2025-04-16T23:00;92;EUR;MWh;NO;NO;;62.67;62.67;62.67;-1;DOWN
2025-04-16T23:00;2025-04-16T23:15;93;EUR;MWh;NO;NO;140;62.1;140;61;2;UP_AND_DOWN
2025-04-16T23:15;2025-04-16T23:30;94;EUR;MWh;NO;NO;95.56;;95.56;95.56;1;UP
2025-04-16T23:30;2025-04-16T23:45;95;EUR;MWh;NO;NO;105;71.67;105;61;2;UP_AND_DOWN
2025-04-16T23:45;2025-04-17T00:00;96;EUR;MWh;NO;NO;117.4;70.67;117.4;61.53;2;UP_AND_DOWN
2025-04-17T00:00;2025-04-17T00:15;1;EUR;MWh;NO;NO;83.56;73.4;83.56;73.4;2;UP_AND_DOWN
2025-04-17T00:15;2025-04-17T00:30;2;EUR;MWh;NO;NO;;68.78;68.78;68.78;-1;DOWN
2025-04-17T00:30;2025-04-17T00:45;3;EUR;MWh;NO;NO;95.57;;95.57;95.57;1;UP
2025-04-17T00:45;2025-04-17T01:00;4;EUR;MWh;NO;NO;78.56;;78.56;78.56;1;UP
2025-04-17T01:00;2025-04-17T01:15;5;EUR;MWh;NO;NO;;70.2;70.2;70.2;-1;DOWN
2025-04-17T01:15;2025-04-17T01:30;6;EUR;MWh;NO;NO;;71.98;71.98;71.98;-1;DOWN
2025-04-17T01:30;2025-04-17T01:45;7;EUR;MWh;NO;NO;;75.98;75.98;75.98;-1;DOWN
2025-04-17T01:45;2025-04-17T02:00;8;EUR;MWh;NO;NO;;76;76;76;-1;DOWN
2025-04-17T02:00;2025-04-17T02:15;9;EUR;MWh;NO;NO;78.56;58.67;79.07;58.67;2;UP_AND_DOWN
2025-04-17T02:15;2025-04-17T02:30;10;EUR;MWh;NO;NO;;59;59;59;-1;DOWN
2025-04-17T02:30;2025-04-17T02:45;11;EUR;MWh;NO;NO;79.29;72.98;79.29;72.98;2;UP_AND_DOWN
2025-04-17T02:45;2025-04-17T03:00;12;EUR;MWh;NO;NO;;71;71;71;-1;DOWN
2025-04-17T03:00;2025-04-17T03:15;13;EUR;MWh;NO;NO;;68.5;68.5;68.5;-1;DOWN
2025-04-17T03:15;2025-04-17T03:30;14;EUR;MWh;NO;NO;;56.77;56.77;56.77;-1;DOWN
2025-04-17T03:30;2025-04-17T03:45;15;EUR;MWh;NO;NO;;55.62;55.62;55.62;-1;DOWN
2025-04-17T03:45;2025-04-17T04:00;16;EUR;MWh;NO;NO;;61;61;61;-1;DOWN
2025-04-17T04:00;2025-04-17T04:15;17;EUR;MWh;NO;NO;87.9;75.98;87.9;75.98;2;UP_AND_DOWN
2025-04-17T04:15;2025-04-17T04:30;18;EUR;MWh;NO;NO;98.77;;98.77;98.77;1;UP
2025-04-17T04:30;2025-04-17T04:45;19;EUR;MWh;NO;NO;98.77;71.17;71.17;71.17;-1;DOWN
2025-04-17T04:45;2025-04-17T05:00;20;EUR;MWh;NO;NO;;74.98;74.98;74.98;-1;DOWN
2025-04-17T05:00;2025-04-17T05:15;21;EUR;MWh;NO;NO;85.78;68.97;85.78;63.16;2;UP_AND_DOWN
2025-04-17T05:15;2025-04-17T05:30;22;EUR;MWh;NO;NO;78.56;;78.56;78.56;1;UP
2025-04-17T05:30;2025-04-17T05:45;23;EUR;MWh;NO;NO;87.9;;87.9;87.9;1;UP
2025-04-17T05:45;2025-04-17T06:00;24;EUR;MWh;NO;NO;88.56;77.08;88.56;62.79;2;UP_AND_DOWN
2025-04-17T06:00;2025-04-17T06:15;25;EUR;MWh;NO;NO;89.09;60;89.09;60;2;UP_AND_DOWN
2025-04-17T06:15;2025-04-17T06:30;26;EUR;MWh;NO;NO;89.09;73.18;89.09;63.16;2;UP_AND_DOWN
2025-04-17T06:30;2025-04-17T06:45;27;EUR;MWh;NO;NO;82.9;74.98;82.9;63.16;2;UP_AND_DOWN
2025-04-17T06:45;2025-04-17T07:00;28;EUR;MWh;NO;NO;83.56;79.47;83.56;62.79;2;UP_AND_DOWN
2025-04-17T07:00;2025-04-17T07:15;29;EUR;MWh;NO;NO;;79.47;79.47;79.47;-1;DOWN
2025-04-17T07:15;2025-04-17T07:30;30;EUR;MWh;NO;NO;101;;101;101;1;UP
2025-04-17T07:30;2025-04-17T07:45;31;EUR;MWh;NO;NO;152.98;;152.98;152.98;1;UP
2025-04-17T07:45;2025-04-17T08:00;32;EUR;MWh;NO;NO;138.98;;138.98;138.98;1;UP
2025-04-17T08:00;2025-04-17T08:15;33;EUR;MWh;NO;NO;130;;130;130;1;UP
2025-04-17T08:15;2025-04-17T08:30;34;EUR;MWh;NO;NO;94.66;;94.66;94.66;1;UP
2025-04-17T08:30;2025-04-17T08:45;35;EUR;MWh;NO;NO;115.9;;115.9;115.9;1;UP
2025-04-17T08:45;2025-04-17T09:00;36;EUR;MWh;NO;NO;115.9;;115.9;115.9;1;UP
2025-04-17T09:00;2025-04-17T09:15;37;EUR;MWh;NO;NO;130;;130;130;1;UP
2025-04-17T09:15;2025-04-17T09:30;38;EUR;MWh;NO;NO;105.43;;105.43;105.43;1;UP
2025-04-17T09:30;2025-04-17T09:45;39;EUR;MWh;NO;NO;105.43;;105.43;105.43;1;UP
2025-04-17T09:45;2025-04-17T10:00;40;EUR;MWh;NO;NO;89.49;70.97;70.97;70.97;-1;DOWN
2025-04-17T10:00;2025-04-17T10:15;41;EUR;MWh;NO;NO;116.92;76.38;116.92;76.38;2;UP_AND_DOWN
2025-04-17T10:15;2025-04-17T10:30;42;EUR;MWh;NO;NO;92;;92;92;1;UP
2025-04-17T10:30;2025-04-17T10:45;43;EUR;MWh;NO;NO;105.9;;105.9;105.9;1;UP
2025-04-17T10:45;2025-04-17T11:00;44;EUR;MWh;NO;NO;130;;130;130;1;UP
2025-04-17T11:00;2025-04-17T11:15;45;EUR;MWh;NO;NO;97.62;;97.62;97.62;1;UP
2025-04-17T11:15;2025-04-17T11:30;46;EUR;MWh;NO;NO;93.56;68.97;97.5;68.97;2;UP_AND_DOWN
2025-04-17T11:30;2025-04-17T11:45;47;EUR;MWh;NO;NO;87.9;69.28;97.5;69.28;2;UP_AND_DOWN
2025-04-17T11:45;2025-04-17T12:00;48;EUR;MWh;NO;NO;93;73.88;97.5;73.88;2;UP_AND_DOWN
2025-04-17T12:00;2025-04-17T12:15;49;EUR;MWh;NO;NO;93;47.56;47.56;47.56;-1;DOWN
2025-04-17T12:15;2025-04-17T12:30;50;EUR;MWh;NO;NO;93;124;112.78;112.78;2;UP_AND_DOWN
2025-04-17T12:30;2025-04-17T12:45;51;EUR;MWh;NO;NO;78.56;61.07;112.78;61.07;2;UP_AND_DOWN
2025-04-17T12:45;2025-04-17T13:00;52;EUR;MWh;NO;NO;;56.56;56.56;56.56;-1;DOWN
2025-04-17T13:00;2025-04-17T13:15;53;EUR;MWh;NO;NO;88.56;50;109.78;50;2;UP_AND_DOWN
2025-04-17T13:15;2025-04-17T13:30;54;EUR;MWh;NO;NO;83.56;66.09;109.28;66.09;2;UP_AND_DOWN
2025-04-17T13:30;2025-04-17T13:45;55;EUR;MWh;NO;NO;;60.22;60.22;60.22;-1;DOWN
2025-04-17T13:45;2025-04-17T14:00;56;EUR;MWh;NO;NO;;59.94;59.94;59.94;-1;DOWN
2025-04-17T14:00;2025-04-17T14:15;57;EUR;MWh;NO;NO;98;60.22;98;60.22;2;UP_AND_DOWN
2025-04-17T14:15;2025-04-17T14:30;58;EUR;MWh;NO;NO;92.98;;92.98;92.98;1;UP
2025-04-17T14:30;2025-04-17T14:45;59;EUR;MWh;NO;NO;123;;123;123;1;UP
2025-04-17T14:45;2025-04-17T15:00;60;EUR;MWh;NO;NO;117.4;;117.4;117.4;1;UP
2025-04-17T15:00;2025-04-17T15:15;61;EUR;MWh;NO;NO;109.9;;109.9;109.9;1;UP
2025-04-17T15:15;2025-04-17T15:30;62;EUR;MWh;NO;NO;132.98;;132.98;132.98;1;UP
2025-04-17T15:30;2025-04-17T15:45;63;EUR;MWh;NO;NO;132.98;;132.98;132.98;1;UP
2025-04-17T15:45;2025-04-17T16:00;64;EUR;MWh;NO;NO;130.9;;130.9;130.9;1;UP
2025-04-17T16:00;2025-04-17T16:15;65;EUR;MWh;NO;NO;97.66;;97.66;97.66;1;UP
2025-04-17T16:15;2025-04-17T16:30;66;EUR;MWh;NO;NO;83;;83;83;1;UP
2025-04-17T16:30;2025-04-17T16:45;67;EUR;MWh;NO;NO;87.9;;87.9;87.9;1;UP
2025-04-17T16:45;2025-04-17T17:00;68;EUR;MWh;NO;NO;109.8;;109.8;109.8;1;UP
2025-04-17T17:00;2025-04-17T17:15;69;EUR;MWh;NO;NO;114.55;;114.55;114.55;1;UP
2025-04-17T17:15;2025-04-17T17:30;70;EUR;MWh;NO;NO;148.9;;148.9;148.9;1;UP
2025-04-17T17:30;2025-04-17T17:45;71;EUR;MWh;NO;NO;148.9;;148.9;148.9;1;UP
2025-04-17T17:45;2025-04-17T18:00;72;EUR;MWh;NO;NO;117.4;;117.4;117.4;1;UP
2025-04-17T18:00;2025-04-17T18:15;73;EUR;MWh;NO;NO;98.22;;98.22;98.22;1;UP
2025-04-17T18:15;2025-04-17T18:30;74;EUR;MWh;NO;NO;149;;149;149;1;UP
2025-04-17T18:30;2025-04-17T18:45;75;EUR;MWh;NO;NO;169.98;;169.98;169.98;1;UP
2025-04-17T18:45;2025-04-17T19:00;76;EUR;MWh;NO;NO;151.94;;151.94;151.94;1;UP
2025-04-17T19:00;2025-04-17T19:15;77;EUR;MWh;NO;NO;86.98;;86.98;86.98;1;UP
2025-04-17T19:15;2025-04-17T19:30;78;EUR;MWh;NO;NO;;131;131;131;-1;DOWN
2025-04-17T19:30;2025-04-17T19:45;79;EUR;MWh;NO;NO;;160;160;160;-1;DOWN
2025-04-17T19:45;2025-04-17T20:00;80;EUR;MWh;NO;NO;68.56;160;68.56;68.56;1;UP
2025-04-17T20:00;2025-04-17T20:15;81;EUR;MWh;NO;NO;149.1;;149.1;149.1;1;UP
2025-04-17T20:15;2025-04-17T20:30;82;EUR;MWh;NO;NO;145.48;;145.48;145.48;1;UP
2025-04-17T20:30;2025-04-17T20:45;83;EUR;MWh;NO;NO;145.48;;145.48;145.48;1;UP
2025-04-17T20:45;2025-04-17T21:00;84;EUR;MWh;NO;NO;123.24;;123.24;123.24;1;UP
2025-04-17T21:00;2025-04-17T21:15;85;EUR;MWh;NO;NO;95.24;;95.24;95.24;1;UP
2025-04-17T21:15;2025-04-17T21:30;86;EUR;MWh;NO;NO;106.98;92;106.98;92;2;UP_AND_DOWN
2025-04-17T21:30;2025-04-17T21:45;87;EUR;MWh;NO;NO;106.98;74.88;74.88;74.88;-1;DOWN
2025-04-17T21:45;2025-04-17T22:00;88;EUR;MWh;NO;NO;;61.66;61.66;61.66;-1;DOWN
2025-04-17T22:00;2025-04-17T22:15;89;EUR;MWh;NO;NO;103.98;59.19;103.98;59.19;2;UP_AND_DOWN
2025-04-17T22:15;2025-04-17T22:30;90;EUR;MWh;NO;NO;78.56;;78.56;78.56;1;UP
2025-04-17T22:30;2025-04-17T22:45;91;EUR;MWh;NO;NO;90.53;;90.53;90.53;1;UP
2025-04-17T22:45;2025-04-17T23:00;92;EUR;MWh;NO;NO;90.53;79.57;79.57;79.57;-1;DOWN
2025-04-17T23:00;2025-04-17T23:15;93;EUR;MWh;NO;NO;194;;194;194;1;UP
2025-04-17T23:15;2025-04-17T23:30;94;EUR;MWh;NO;NO;118.76;;118.76;118.76;1;UP
2025-04-17T23:30;2025-04-17T23:45;95;EUR;MWh;NO;NO;95.09;;95.09;95.09;1;UP
2025-04-17T23:45;2025-04-18T00:00;96;EUR;MWh;NO;NO;97.96;;97.96;97.96;1;UP
2025-04-18T00:00;2025-04-18T00:15;1;EUR;MWh;NO;NO;152.5;;152.5;152.5;1;UP
2025-04-18T00:15;2025-04-18T00:30;2;EUR;MWh;NO;NO;120.3;;120.3;120.3;1;UP
2025-04-18T00:30;2025-04-18T00:45;3;EUR;MWh;NO;NO;90;;90;90;1;UP
2025-04-18T00:45;2025-04-18T01:00;4;EUR;MWh;NO;NO;68.56;106;82.28;82.28;2;UP_AND_DOWN
2025-04-18T01:00;2025-04-18T01:15;5;EUR;MWh;NO;NO;;84;84;84;-1;DOWN
2025-04-18T01:15;2025-04-18T01:30;6;EUR;MWh;NO;NO;88.56;80.24;88.56;80.24;2;UP_AND_DOWN
2025-04-18T01:30;2025-04-18T01:45;7;EUR;MWh;NO;NO;;80.08;80.08;80.08;-1;DOWN
2025-04-18T01:45;2025-04-18T02:00;8;EUR;MWh;NO;NO;;72.98;72.98;72.98;-1;DOWN
2025-04-18T02:00;2025-04-18T02:15;9;EUR;MWh;NO;NO;90;87;90;72.78;2;UP_AND_DOWN
2025-04-18T02:15;2025-04-18T02:30;10;EUR;MWh;NO;NO;90;;90;90;1;UP
2025-04-18T02:30;2025-04-18T02:45;11;EUR;MWh;NO;NO;97.87;;97.87;97.87;1;UP
2025-04-18T02:45;2025-04-18T03:00;12;EUR;MWh;NO;NO;90;;90;90;1;UP
2025-04-18T03:00;2025-04-18T03:15;13;EUR;MWh;NO;NO;78.56;;78.56;78.56;1;UP
2025-04-18T03:15;2025-04-18T03:30;14;EUR;MWh;NO;NO;68.56;;68.56;68.56;1;UP
2025-04-18T03:30;2025-04-18T03:45;15;EUR;MWh;NO;NO;99.98;;99.98;99.98;1;UP
2025-04-18T03:45;2025-04-18T04:00;16;EUR;MWh;NO;NO;90;;90;90;1;UP
2025-04-18T04:00;2025-04-18T04:15;17;EUR;MWh;NO;NO;96;;96;96;1;UP
2025-04-18T04:15;2025-04-18T04:30;18;EUR;MWh;NO;NO;88.56;82.98;88.56;88.56;1;UP
2025-04-18T04:30;2025-04-18T04:45;19;EUR;MWh;NO;NO;;71.18;71.18;71.18;-1;DOWN
2025-04-18T04:45;2025-04-18T05:00;20;EUR;MWh;NO;NO;;72.23;72.23;72.23;-1;DOWN
2025-04-18T05:00;2025-04-18T05:15;21;EUR;MWh;NO;NO;86.54;70.98;86.54;65.99;2;UP_AND_DOWN
2025-04-18T05:15;2025-04-18T05:30;22;EUR;MWh;NO;NO;85.84;;85.84;85.84;1;UP
2025-04-18T05:30;2025-04-18T05:45;23;EUR;MWh;NO;NO;86;;86;86;1;UP
2025-04-18T05:45;2025-04-18T06:00;24;EUR;MWh;NO;NO;86;80.23;86;86;1;UP
2025-04-18T06:00;2025-04-18T06:15;25;EUR;MWh;NO;NO;86;74.98;74.98;74.98;-1;DOWN
2025-04-18T06:15;2025-04-18T06:30;26;EUR;MWh;NO;NO;90;;90;90;1;UP
2025-04-18T06:30;2025-04-18T06:45;27;EUR;MWh;NO;NO;92;;92;92;1;UP
2025-04-18T06:45;2025-04-18T07:00;28;EUR;MWh;NO;NO;92;;92;92;1;UP
2025-04-18T07:00;2025-04-18T07:15;29;EUR;MWh;NO;NO;90;71.98;90;65.99;2;UP_AND_DOWN
2025-04-18T07:15;2025-04-18T07:30;30;EUR;MWh;NO;NO;99;71.98;99;99;1;UP
2025-04-18T07:30;2025-04-18T07:45;31;EUR;MWh;NO;NO;99.34;;99.34;99.34;1;UP
2025-04-18T07:45;2025-04-18T08:00;32;EUR;MWh;NO;NO;97.62;;97.62;97.62;1;UP
2025-04-18T08:00;2025-04-18T08:15;33;EUR;MWh;NO;NO;134.51;;134.51;134.51;1;UP
2025-04-18T08:15;2025-04-18T08:30;34;EUR;MWh;NO;NO;112;;112;112;1;UP
2025-04-18T08:30;2025-04-18T08:45;35;EUR;MWh;NO;NO;106;;106;106;1;UP
2025-04-18T08:45;2025-04-18T09:00;36;EUR;MWh;NO;NO;97.62;;97.62;97.62;1;UP
2025-04-18T09:00;2025-04-18T09:15;37;EUR;MWh;NO;NO;99.34;;99.34;99.34;1;UP
2025-04-18T09:15;2025-04-18T09:30;38;EUR;MWh;NO;NO;99.34;50;50;50;-1;DOWN
2025-04-18T09:30;2025-04-18T09:45;39;EUR;MWh;NO;NO;;70.98;70.98;70.98;-1;DOWN
2025-04-18T09:45;2025-04-18T10:00;40;EUR;MWh;NO;NO;;62.03;62.03;62.03;-1;DOWN
2025-04-18T10:00;2025-04-18T10:15;41;EUR;MWh;NO;NO;;50.24;50.24;50.24;-1;DOWN
2025-04-18T10:15;2025-04-18T10:30;42;EUR;MWh;NO;NO;100.93;46.49;100.93;46.49;2;UP_AND_DOWN
2025-04-18T10:30;2025-04-18T10:45;43;EUR;MWh;NO;NO;68.56;64.95;68.56;64.95;2;UP_AND_DOWN
2025-04-18T10:45;2025-04-18T11:00;44;EUR;MWh;NO;NO;;57.11;57.11;57.11;-1;DOWN
2025-04-18T11:00;2025-04-18T11:15;45;EUR;MWh;NO;NO;85.33;62.83;85.33;62.83;2;UP_AND_DOWN
2025-04-18T11:15;2025-04-18T11:30;46;EUR;MWh;NO;NO;90;;90;90;1;UP
2025-04-18T11:30;2025-04-18T11:45;47;EUR;MWh;NO;NO;86.98;;86.98;86.98;1;UP
2025-04-18T11:45;2025-04-18T12:00;48;EUR;MWh;NO;NO;58.56;;58.56;58.56;1;UP
2025-04-18T12:00;2025-04-18T12:15;49;EUR;MWh;NO;NO;90;;90;90;1;UP
2025-04-18T12:15;2025-04-18T12:30;50;EUR;MWh;NO;NO;68.56;;68.56;68.56;1;UP
2025-04-18T12:30;2025-04-18T12:45;51;EUR;MWh;NO;NO;;-31;-31;-31;-1;DOWN
2025-04-18T12:45;2025-04-18T13:00;52;EUR;MWh;NO;NO;;-46.98;-46.98;-46.98;-1;DOWN
2025-04-18T13:00;2025-04-18T13:15;53;EUR;MWh;NO;NO;;-31;-31;-31;-1;DOWN
2025-04-18T13:15;2025-04-18T13:30;54;EUR;MWh;NO;NO;;-60;-60;-60;-1;DOWN
2025-04-18T13:30;2025-04-18T13:45;55;EUR;MWh;NO;NO;;-30;-30;-30;-1;DOWN
2025-04-18T13:45;2025-04-18T14:00;56;EUR;MWh;NO;NO;;-50;-50;-50;-1;DOWN
2025-04-18T14:00;2025-04-18T14:15;57;EUR;MWh;NO;NO;90;33;90;33;2;UP_AND_DOWN
2025-04-18T14:15;2025-04-18T14:30;58;EUR;MWh;NO;NO;58.56;;58.56;58.56;1;UP
2025-04-18T14:30;2025-04-18T14:45;59;EUR;MWh;NO;NO;58.56;49;71.77;49;2;UP_AND_DOWN
2025-04-18T14:45;2025-04-18T15:00;60;EUR;MWh;NO;NO;;-31;-31;-31;-1;DOWN
2025-04-18T15:00;2025-04-18T15:15;61;EUR;MWh;NO;NO;96;83;96;71.77;2;UP_AND_DOWN
2025-04-18T15:15;2025-04-18T15:30;62;EUR;MWh;NO;NO;80.99;83;83;83;-1;DOWN
2025-04-18T15:30;2025-04-18T15:45;63;EUR;MWh;NO;NO;;-30;-30;-30;-1;DOWN
2025-04-18T15:45;2025-04-18T16:00;64;EUR;MWh;NO;NO;;-50;-50;-50;-1;DOWN
2025-04-18T16:00;2025-04-18T16:15;65;EUR;MWh;NO;NO;;-60;-60;-60;-1;DOWN
2025-04-18T16:15;2025-04-18T16:30;66;EUR;MWh;NO;NO;;-31;-31;-31;-1;DOWN
2025-04-18T16:30;2025-04-18T16:45;67;EUR;MWh;NO;NO;;-50;-50;-50;-1;DOWN
2025-04-18T16:45;2025-04-18T17:00;68;EUR;MWh;NO;NO;68.56;33;68.56;33;2;UP_AND_DOWN
2025-04-18T17:00;2025-04-18T17:15;69;EUR;MWh;NO;NO;;-30;-30;-30;-1;DOWN
2025-04-18T17:15;2025-04-18T17:30;70;EUR;MWh;NO;NO;;14.98;14.98;14.98;-1;DOWN
2025-04-18T17:30;2025-04-18T17:45;71;EUR;MWh;NO;NO;;48.98;48.98;48.98;-1;DOWN
2025-04-18T17:45;2025-04-18T18:00;72;EUR;MWh;NO;NO;;50;50;50;-1;DOWN
2025-04-18T18:00;2025-04-18T18:15;73;EUR;MWh;NO;NO;;50;65.99;65.99;0;STABLE
2025-04-18T18:15;2025-04-18T18:30;74;EUR;MWh;NO;NO;;;65.99;65.99;0;STABLE
2025-04-18T18:30;2025-04-18T18:45;75;EUR;MWh;NO;NO;47;;65.99;65.99;0;STABLE
2025-04-18T18:45;2025-04-18T19:00;76;EUR;MWh;NO;NO;82.69;;82.69;82.69;1;UP
2025-04-18T19:00;2025-04-18T19:15;77;EUR;MWh;NO;NO;58.56;49.44;71.77;49.44;2;UP_AND_DOWN
2025-04-18T19:15;2025-04-18T19:30;78;EUR;MWh;NO;NO;90;82.98;90;71.77;2;UP_AND_DOWN
2025-04-18T19:30;2025-04-18T19:45;79;EUR;MWh;NO;NO;90;80.98;90;71.77;2;UP_AND_DOWN
2025-04-18T19:45;2025-04-18T20:00;80;EUR;MWh;NO;NO;90;;90;90;1;UP
2025-04-18T20:00;2025-04-18T20:15;81;EUR;MWh;NO;NO;105.7;;105.7;105.7;1;UP
2025-04-18T20:15;2025-04-18T20:30;82;EUR;MWh;NO;NO;120;;120;120;1;UP
2025-04-18T20:30;2025-04-18T20:45;83;EUR;MWh;NO;NO;90;;90;90;1;UP
2025-04-18T20:45;2025-04-18T21:00;84;EUR;MWh;NO;NO;90.98;;90.98;90.98;1;UP
2025-04-18T21:00;2025-04-18T21:15;85;EUR;MWh;NO;NO;112;;112;112;1;UP
2025-04-18T21:15;2025-04-18T21:30;86;EUR;MWh;NO;NO;93.98;;93.98;93.98;1;UP
2025-04-18T21:30;2025-04-18T21:45;87;EUR;MWh;NO;NO;109.98;62.74;109.98;62.74;2;UP_AND_DOWN
2025-04-18T21:45;2025-04-18T22:00;88;EUR;MWh;NO;NO;90;60.72;90;60.72;2;UP_AND_DOWN
2025-04-18T22:00;2025-04-18T22:15;89;EUR;MWh;NO;NO;90;65;65;65;-1;DOWN
2025-04-18T22:15;2025-04-18T22:30;90;EUR;MWh;NO;NO;;54.72;54.72;54.72;-1;DOWN
2025-04-18T22:30;2025-04-18T22:45;91;EUR;MWh;NO;NO;90;62.03;90;62.03;2;UP_AND_DOWN
2025-04-18T22:45;2025-04-18T23:00;92;EUR;MWh;NO;NO;90;;90;90;1;UP
2025-04-18T23:00;2025-04-18T23:15;93;EUR;MWh;NO;NO;119.12;;119.12;119.12;1;UP
2025-04-18T23:15;2025-04-18T23:30;94;EUR;MWh;NO;NO;86.98;57.11;86.98;57.11;2;UP_AND_DOWN
2025-04-18T23:30;2025-04-18T23:45;95;EUR;MWh;NO;NO;90;;90;90;1;UP
2025-04-18T23:45;2025-04-19T00:00;96;EUR;MWh;NO;NO;68.56;;68.56;68.56;1;UP
2025-04-19T00:00;2025-04-19T00:15;1;EUR;MWh;NO;NO;115;;115;115;1;UP
2025-04-19T00:15;2025-04-19T00:30;2;EUR;MWh;NO;NO;113;;113;113;1;UP
2025-04-19T00:30;2025-04-19T00:45;3;EUR;MWh;NO;NO;139.9;;139.9;139.9;1;UP
2025-04-19T00:45;2025-04-19T01:00;4;EUR;MWh;NO;NO;114;;114;114;1;UP
2025-04-19T01:00;2025-04-19T01:15;5;EUR;MWh;NO;NO;100;;100;100;1;UP
2025-04-19T01:15;2025-04-19T01:30;6;EUR;MWh;NO;NO;125.57;;125.57;125.57;1;UP
2025-04-19T01:30;2025-04-19T01:45;7;EUR;MWh;NO;NO;81.85;;81.85;81.85;1;UP
2025-04-19T01:45;2025-04-19T02:00;8;EUR;MWh;NO;NO;81.85;55;55;55;-1;DOWN
2025-04-19T02:00;2025-04-19T02:15;9;EUR;MWh;NO;NO;;65;65;65;-1;DOWN
2025-04-19T02:15;2025-04-19T02:30;10;EUR;MWh;NO;NO;;52.57;52.57;52.57;-1;DOWN
2025-04-19T02:30;2025-04-19T02:45;11;EUR;MWh;NO;NO;;47;47;47;-1;DOWN
2025-04-19T02:45;2025-04-19T03:00;12;EUR;MWh;NO;NO;;60.72;60.72;60.72;-1;DOWN
2025-04-19T03:00;2025-04-19T03:15;13;EUR;MWh;NO;NO;;60.72;60.72;60.72;-1;DOWN
2025-04-19T03:15;2025-04-19T03:30;14;EUR;MWh;NO;NO;;84;84;84;-1;DOWN
2025-04-19T03:30;2025-04-19T03:45;15;EUR;MWh;NO;NO;;;71.28;71.28;0;STABLE
2025-04-19T03:45;2025-04-19T04:00;16;EUR;MWh;NO;NO;88.56;;88.56;88.56;1;UP
2025-04-19T04:00;2025-04-19T04:15;17;EUR;MWh;NO;NO;115.1;;115.1;115.1;1;UP
2025-04-19T04:15;2025-04-19T04:30;18;EUR;MWh;NO;NO;115.1;;115.1;115.1;1;UP
2025-04-19T04:30;2025-04-19T04:45;19;EUR;MWh;NO;NO;123.56;;123.56;123.56;1;UP
2025-04-19T04:45;2025-04-19T05:00;20;EUR;MWh;NO;NO;104;;104;104;1;UP
2025-04-19T05:00;2025-04-19T05:15;21;EUR;MWh;NO;NO;125.57;;125.57;125.57;1;UP
2025-04-19T05:15;2025-04-19T05:30;22;EUR;MWh;NO;NO;114.57;;114.57;114.57;1;UP
2025-04-19T05:30;2025-04-19T05:45;23;EUR;MWh;NO;NO;115;;115;115;1;UP
2025-04-19T05:45;2025-04-19T06:00;24;EUR;MWh;NO;NO;114.57;;114.57;114.57;1;UP
2025-04-19T06:00;2025-04-19T06:15;25;EUR;MWh;NO;NO;164.57;;164.57;164.57;1;UP
2025-04-19T06:15;2025-04-19T06:30;26;EUR;MWh;NO;NO;162;;162;162;1;UP
2025-04-19T06:30;2025-04-19T06:45;27;EUR;MWh;NO;NO;114.9;;114.9;114.9;1;UP
2025-04-19T06:45;2025-04-19T07:00;28;EUR;MWh;NO;NO;58.56;94;94;94;-1;DOWN
2025-04-19T07:00;2025-04-19T07:15;29;EUR;MWh;NO;NO;;101;101;101;-1;DOWN
2025-04-19T07:15;2025-04-19T07:30;30;EUR;MWh;NO;NO;;61.27;61.27;61.27;-1;DOWN
2025-04-19T07:30;2025-04-19T07:45;31;EUR;MWh;NO;NO;;50;50;50;-1;DOWN
2025-04-19T07:45;2025-04-19T08:00;32;EUR;MWh;NO;NO;;48;48;48;-1;DOWN
2025-04-19T08:00;2025-04-19T08:15;33;EUR;MWh;NO;NO;;50;50;50;-1;DOWN
2025-04-19T08:15;2025-04-19T08:30;34;EUR;MWh;NO;NO;;24.57;24.57;24.57;-1;DOWN
2025-04-19T08:30;2025-04-19T08:45;35;EUR;MWh;NO;NO;;-19;-19;-19;-1;DOWN
2025-04-19T08:45;2025-04-19T09:00;36;EUR;MWh;NO;NO;;24.57;24.57;24.57;-1;DOWN
2025-04-19T09:00;2025-04-19T09:15;37;EUR;MWh;NO;NO;;12.2;12.2;12.2;-1;DOWN
2025-04-19T09:15;2025-04-19T09:30;38;EUR;MWh;NO;NO;90.04;12.2;90.04;90.04;1;UP
2025-04-19T09:30;2025-04-19T09:45;39;EUR;MWh;NO;NO;;10;10;10;-1;DOWN
2025-04-19T09:45;2025-04-19T10:00;40;EUR;MWh;NO;NO;;-29.9;-29.9;-29.9;-1;DOWN
2025-04-19T10:00;2025-04-19T10:15;41;EUR;MWh;NO;NO;81.35;;81.35;81.35;1;UP
2025-04-19T10:15;2025-04-19T10:30;42;EUR;MWh;NO;NO;58.56;-1;69.57;-1;2;UP_AND_DOWN
2025-04-19T10:30;2025-04-19T10:45;43;EUR;MWh;NO;NO;;-1;-1;-1;-1;DOWN
2025-04-19T10:45;2025-04-19T11:00;44;EUR;MWh;NO;NO;;10;10;10;-1;DOWN
2025-04-19T11:00;2025-04-19T11:15;45;EUR;MWh;NO;NO;81.35;84;81.35;58.1;2;UP_AND_DOWN
2025-04-19T11:15;2025-04-19T11:30;46;EUR;MWh;NO;NO;32.19;40.57;40.57;40.57;-1;DOWN
2025-04-19T11:30;2025-04-19T11:45;47;EUR;MWh;NO;NO;;40.57;40.57;40.57;-1;DOWN
2025-04-19T11:45;2025-04-19T12:00;48;EUR;MWh;NO;NO;;10;10;10;-1;DOWN
2025-04-19T12:00;2025-04-19T12:15;49;EUR;MWh;NO;NO;81.35;79.57;81.35;71.28;2;UP_AND_DOWN
2025-04-19T12:15;2025-04-19T12:30;50;EUR;MWh;NO;NO;85.87;;85.87;85.87;1;UP
2025-04-19T12:30;2025-04-19T12:45;51;EUR;MWh;NO;NO;85.87;10;10;10;-1;DOWN
2025-04-19T12:45;2025-04-19T13:00;52;EUR;MWh;NO;NO;;79.57;79.57;79.57;-1;DOWN
2025-04-19T13:00;2025-04-19T13:15;53;EUR;MWh;NO;NO;;84;84;84;-1;DOWN
2025-04-19T13:15;2025-04-19T13:30;54;EUR;MWh;NO;NO;;-11;-11;-11;-1;DOWN
2025-04-19T13:30;2025-04-19T13:45;55;EUR;MWh;NO;NO;;-11;-11;-11;-1;DOWN
2025-04-19T13:45;2025-04-19T14:00;56;EUR;MWh;NO;NO;;-9.9;-9.9;-9.9;-1;DOWN
2025-04-19T14:00;2025-04-19T14:15;57;EUR;MWh;NO;NO;;-60;-60;-60;-1;DOWN
2025-04-19T14:15;2025-04-19T14:30;58;EUR;MWh;NO;NO;;-31;-31;-31;-1;DOWN
2025-04-19T14:30;2025-04-19T14:45;59;EUR;MWh;NO;NO;;-50;-50;-50;-1;DOWN
2025-04-19T14:45;2025-04-19T15:00;60;EUR;MWh;NO;NO;;-69.79;-69.79;-69.79;-1;DOWN
2025-04-19T15:00;2025-04-19T15:15;61;EUR;MWh;NO;NO;;-22;-22;-22;-1;DOWN
2025-04-19T15:15;2025-04-19T15:30;62;EUR;MWh;NO;NO;;-22;-22;-22;-1;DOWN
2025-04-19T15:30;2025-04-19T15:45;63;EUR;MWh;NO;NO;;-30;-30;-30;-1;DOWN
2025-04-19T15:45;2025-04-19T16:00;64;EUR;MWh;NO;NO;;-18.5;-18.5;-18.5;-1;DOWN
2025-04-19T16:00;2025-04-19T16:15;65;EUR;MWh;NO;NO;;-531.32;-531.32;-531.32;-1;DOWN
2025-04-19T16:15;2025-04-19T16:30;66;EUR;MWh;NO;NO;;-31;-31;-31;-1;DOWN
2025-04-19T16:30;2025-04-19T16:45;67;EUR;MWh;NO;NO;;10;10;10;-1;DOWN
2025-04-19T16:45;2025-04-19T17:00;68;EUR;MWh;NO;NO;;10;10;10;-1;DOWN
2025-04-19T17:00;2025-04-19T17:15;69;EUR;MWh;NO;NO;;11;11;11;-1;DOWN
2025-04-19T17:15;2025-04-19T17:30;70;EUR;MWh;NO;NO;;-28.5;-28.5;-28.5;-1;DOWN
2025-04-19T17:30;2025-04-19T17:45;71;EUR;MWh;NO;NO;;11.2;11.2;11.2;-1;DOWN
2025-04-19T17:45;2025-04-19T18:00;72;EUR;MWh;NO;NO;81.83;24.47;81.83;24.47;2;UP_AND_DOWN
2025-04-19T18:00;2025-04-19T18:15;73;EUR;MWh;NO;NO;;47;47;47;-1;DOWN
2025-04-19T18:15;2025-04-19T18:30;74;EUR;MWh;NO;NO;113.7;47;113.7;113.7;1;UP
2025-04-19T18:30;2025-04-19T18:45;75;EUR;MWh;NO;NO;113.5;;113.5;113.5;1;UP
2025-04-19T18:45;2025-04-19T19:00;76;EUR;MWh;NO;NO;103.57;;103.57;103.57;1;UP
2025-04-19T19:00;2025-04-19T19:15;77;EUR;MWh;NO;NO;93;58.67;93;58.67;2;UP_AND_DOWN
2025-04-19T19:15;2025-04-19T19:30;78;EUR;MWh;NO;NO;114.3;;114.3;114.3;1;UP
2025-04-19T19:30;2025-04-19T19:45;79;EUR;MWh;NO;NO;122.4;;122.4;122.4;1;UP
2025-04-19T19:45;2025-04-19T20:00;80;EUR;MWh;NO;NO;154.1;;154.1;154.1;1;UP
2025-04-19T20:00;2025-04-19T20:15;81;EUR;MWh;NO;NO;144.57;84;84;84;-1;DOWN
2025-04-19T20:15;2025-04-19T20:30;82;EUR;MWh;NO;NO;;68.66;68.66;68.66;-1;DOWN
2025-04-19T20:30;2025-04-19T20:45;83;EUR;MWh;NO;NO;;73.66;73.66;73.66;-1;DOWN
2025-04-19T20:45;2025-04-19T21:00;84;EUR;MWh;NO;NO;98;122;98;98;1;UP
2025-04-19T21:00;2025-04-19T21:15;85;EUR;MWh;NO;NO;100;;100;100;1;UP
2025-04-19T21:15;2025-04-19T21:30;86;EUR;MWh;NO;NO;58.56;80;58.56;58.56;1;UP
2025-04-19T21:30;2025-04-19T21:45;87;EUR;MWh;NO;NO;;71.77;71.77;71.77;-1;DOWN
2025-04-19T21:45;2025-04-19T22:00;88;EUR;MWh;NO;NO;;64.47;64.47;64.47;-1;DOWN
2025-04-19T22:00;2025-04-19T22:15;89;EUR;MWh;NO;NO;96.41;57.1;96.41;57.1;2;UP_AND_DOWN
2025-04-19T22:15;2025-04-19T22:30;90;EUR;MWh;NO;NO;78.56;79;78.56;65.5;2;UP_AND_DOWN
2025-04-19T22:30;2025-04-19T22:45;91;EUR;MWh;NO;NO;;68.76;68.76;68.76;-1;DOWN
2025-04-19T22:45;2025-04-19T23:00;92;EUR;MWh;NO;NO;;68.76;68.76;68.76;-1;DOWN
2025-04-19T23:00;2025-04-19T23:15;93;EUR;MWh;NO;NO;116;68.76;116;116;1;UP
2025-04-19T23:15;2025-04-19T23:30;94;EUR;MWh;NO;NO;96.41;75.2;96.41;65.5;2;UP_AND_DOWN
2025-04-19T23:30;2025-04-19T23:45;95;EUR;MWh;NO;NO;88.13;70.2;88.13;65.5;2;UP_AND_DOWN
2025-04-19T23:45;2025-04-20T00:00;96;EUR;MWh;NO;NO;;73.56;73.56;73.56;-1;DOWN
2025-04-20T00:00;2025-04-20T00:15;1;EUR;MWh;NO;NO;95;84;95;65.5;2;UP_AND_DOWN
2025-04-20T00:15;2025-04-20T00:30;2;EUR;MWh;NO;NO;88.56;54.41;88.56;54.41;2;UP_AND_DOWN
2025-04-20T00:30;2025-04-20T00:45;3;EUR;MWh;NO;NO;;52;52;52;-1;DOWN
2025-04-20T00:45;2025-04-20T01:00;4;EUR;MWh;NO;NO;;46;46;46;-1;DOWN
2025-04-20T01:00;2025-04-20T01:15;5;EUR;MWh;NO;NO;;50;50;50;-1;DOWN
2025-04-20T01:15;2025-04-20T01:30;6;EUR;MWh;NO;NO;;61.16;61.16;61.16;-1;DOWN
2025-04-20T01:30;2025-04-20T01:45;7;EUR;MWh;NO;NO;;55;55;55;-1;DOWN
2025-04-20T01:45;2025-04-20T02:00;8;EUR;MWh;NO;NO;;54.41;54.41;54.41;-1;DOWN
2025-04-20T02:00;2025-04-20T02:15;9;EUR;MWh;NO;NO;;54.2;54.2;54.2;-1;DOWN
2025-04-20T02:15;2025-04-20T02:30;10;EUR;MWh;NO;NO;;39.16;39.16;39.16;-1;DOWN
2025-04-20T02:30;2025-04-20T02:45;11;EUR;MWh;NO;NO;;48.86;48.86;48.86;-1;DOWN
2025-04-20T02:45;2025-04-20T03:00;12;EUR;MWh;NO;NO;;54.41;54.41;54.41;-1;DOWN
2025-04-20T03:00;2025-04-20T03:15;13;EUR;MWh;NO;NO;;78.57;78.57;78.57;-1;DOWN
2025-04-20T03:15;2025-04-20T03:30;14;EUR;MWh;NO;NO;;;65.5;65.5;0;STABLE
2025-04-20T03:30;2025-04-20T03:45;15;EUR;MWh;NO;NO;;;65.5;65.5;0;STABLE
2025-04-20T03:45;2025-04-20T04:00;16;EUR;MWh;NO;NO;;77.13;77.13;77.13;-1;DOWN
2025-04-20T04:00;2025-04-20T04:15;17;EUR;MWh;NO;NO;;70.57;70.57;70.57;-1;DOWN
2025-04-20T04:15;2025-04-20T04:30;18;EUR;MWh;NO;NO;;84;84;84;-1;DOWN
2025-04-20T04:30;2025-04-20T04:45;19;EUR;MWh;NO;NO;88.98;;88.98;88.98;1;UP
2025-04-20T04:45;2025-04-20T05:00;20;EUR;MWh;NO;NO;90.41;63.37;63.37;63.37;-1;DOWN
2025-04-20T05:00;2025-04-20T05:15;21;EUR;MWh;NO;NO;58.56;53.86;53.86;53.86;-1;DOWN
2025-04-20T05:15;2025-04-20T05:30;22;EUR;MWh;NO;NO;100;;100;100;1;UP
2025-04-20T05:30;2025-04-20T05:45;23;EUR;MWh;NO;NO;94.98;;94.98;94.98;1;UP
2025-04-20T05:45;2025-04-20T06:00;24;EUR;MWh;NO;NO;88.56;;88.56;88.56;1;UP
2025-04-20T06:00;2025-04-20T06:15;25;EUR;MWh;NO;NO;78.56;;78.56;78.56;1;UP
2025-04-20T06:15;2025-04-20T06:30;26;EUR;MWh;NO;NO;88.56;;88.56;88.56;1;UP
2025-04-20T06:30;2025-04-20T06:45;27;EUR;MWh;NO;NO;58.56;82.57;65.5;65.5;2;UP_AND_DOWN
2025-04-20T06:45;2025-04-20T07:00;28;EUR;MWh;NO;NO;;75;75;75;-1;DOWN
2025-04-20T07:00;2025-04-20T07:15;29;EUR;MWh;NO;NO;90.98;76.16;90.98;65.5;2;UP_AND_DOWN
2025-04-20T07:15;2025-04-20T07:30;30;EUR;MWh;NO;NO;94.98;;94.98;94.98;1;UP
2025-04-20T07:30;2025-04-20T07:45;31;EUR;MWh;NO;NO;94.98;68.84;68.84;68.84;-1;DOWN
2025-04-20T07:45;2025-04-20T08:00;32;EUR;MWh;NO;NO;85.7;52.67;85.7;52.67;2;UP_AND_DOWN
2025-04-20T08:00;2025-04-20T08:15;33;EUR;MWh;NO;NO;115;;115;115;1;UP
2025-04-20T08:15;2025-04-20T08:30;34;EUR;MWh;NO;NO;100;;100;100;1;UP
2025-04-20T08:30;2025-04-20T08:45;35;EUR;MWh;NO;NO;85.15;75;85.15;63.89;2;UP_AND_DOWN
2025-04-20T08:45;2025-04-20T09:00;36;EUR;MWh;NO;NO;88.56;;88.56;88.56;1;UP
2025-04-20T09:00;2025-04-20T09:15;37;EUR;MWh;NO;NO;58.56;43.67;58.56;43.67;2;UP_AND_DOWN
2025-04-20T09:15;2025-04-20T09:30;38;EUR;MWh;NO;NO;68.56;84;71.28;71.28;2;UP_AND_DOWN
2025-04-20T09:30;2025-04-20T09:45;39;EUR;MWh;NO;NO;;-31;-31;-31;-1;DOWN
2025-04-20T09:45;2025-04-20T10:00;40;EUR;MWh;NO;NO;;-31;-31;-31;-1;DOWN
2025-04-20T10:00;2025-04-20T10:15;41;EUR;MWh;NO;NO;87.98;;87.98;87.98;1;UP
2025-04-20T10:15;2025-04-20T10:30;42;EUR;MWh;NO;NO;87.98;-30;-30;-30;-1;DOWN
2025-04-20T10:30;2025-04-20T10:45;43;EUR;MWh;NO;NO;;-30;-30;-30;-1;DOWN
2025-04-20T10:45;2025-04-20T11:00;44;EUR;MWh;NO;NO;60.43;;60.43;60.43;1;UP
2025-04-20T11:00;2025-04-20T11:15;45;EUR;MWh;NO;NO;58.56;;58.56;58.56;1;UP
2025-04-20T11:15;2025-04-20T11:30;46;EUR;MWh;NO;NO;68.56;;68.56;68.56;1;UP
2025-04-20T11:30;2025-04-20T11:45;47;EUR;MWh;NO;NO;1;;1;1;1;UP
2025-04-20T11:45;2025-04-20T12:00;48;EUR;MWh;NO;NO;60.2;;60.2;60.2;1;UP
2025-04-20T12:00;2025-04-20T12:15;49;EUR;MWh;NO;NO;58.56;-28.2;-28.2;-28.2;-1;DOWN
2025-04-20T12:15;2025-04-20T12:30;50;EUR;MWh;NO;NO;88.85;-29.8;88.85;-29.8;2;UP_AND_DOWN
2025-04-20T12:30;2025-04-20T12:45;51;EUR;MWh;NO;NO;88.85;-40;-40;-40;-1;DOWN
2025-04-20T12:45;2025-04-20T13:00;52;EUR;MWh;NO;NO;;-35;-35;-35;-1;DOWN
2025-04-20T13:00;2025-04-20T13:15;53;EUR;MWh;NO;NO;;-60;-60;-60;-1;DOWN
2025-04-20T13:15;2025-04-20T13:30;54;EUR;MWh;NO;NO;;-60;-60;-60;-1;DOWN
2025-04-20T13:30;2025-04-20T13:45;55;EUR;MWh;NO;NO;;-75;-75;-75;-1;DOWN
2025-04-20T13:45;2025-04-20T14:00;56;EUR;MWh;NO;NO;;-75;-75;-75;-1;DOWN
2025-04-20T14:00;2025-04-20T14:15;57;EUR;MWh;NO;NO;56.59;-60;56.59;-60;2;UP_AND_DOWN
2025-04-20T14:15;2025-04-20T14:30;58;EUR;MWh;NO;NO;1;-30;-30;-30;-1;DOWN
2025-04-20T14:30;2025-04-20T14:45;59;EUR;MWh;NO;NO;;-29.7;-29.7;-29.7;-1;DOWN
2025-04-20T14:45;2025-04-20T15:00;60;EUR;MWh;NO;NO;58.56;-70;58.56;-70;2;UP_AND_DOWN
2025-04-20T15:00;2025-04-20T15:15;61;EUR;MWh;NO;NO;64.93;-75;64.93;-75;2;UP_AND_DOWN
2025-04-20T15:15;2025-04-20T15:30;62;EUR;MWh;NO;NO;89.06;-75;89.06;89.06;1;UP
2025-04-20T15:30;2025-04-20T15:45;63;EUR;MWh;NO;NO;88;10.1;88;10.1;2;UP_AND_DOWN
2025-04-20T15:45;2025-04-20T16:00;64;EUR;MWh;NO;NO;106.98;;106.98;106.98;1;UP
2025-04-20T16:00;2025-04-20T16:15;65;EUR;MWh;NO;NO;88;-30;88;-30;2;UP_AND_DOWN
2025-04-20T16:15;2025-04-20T16:30;66;EUR;MWh;NO;NO;;-30;-30;-30;-1;DOWN
2025-04-20T16:30;2025-04-20T16:45;67;EUR;MWh;NO;NO;82.93;10;82.93;10;2;UP_AND_DOWN
2025-04-20T16:45;2025-04-20T17:00;68;EUR;MWh;NO;NO;88;;88;88;1;UP
2025-04-20T17:00;2025-04-20T17:15;69;EUR;MWh;NO;NO;;-59.8;-59.8;-59.8;-1;DOWN
2025-04-20T17:15;2025-04-20T17:30;70;EUR;MWh;NO;NO;;-59.8;-59.8;-59.8;-1;DOWN
2025-04-20T17:30;2025-04-20T17:45;71;EUR;MWh;NO;NO;86.99;76.02;86.99;74.45;2;UP_AND_DOWN
2025-04-20T17:45;2025-04-20T18:00;72;EUR;MWh;NO;NO;;70.57;70.57;70.57;-1;DOWN
2025-04-20T18:00;2025-04-20T18:15;73;EUR;MWh;NO;NO;;24.67;24.67;24.67;-1;DOWN
2025-04-20T18:15;2025-04-20T18:30;74;EUR;MWh;NO;NO;;34.11;34.11;34.11;-1;DOWN
2025-04-20T18:30;2025-04-20T18:45;75;EUR;MWh;NO;NO;88.56;74.11;88.56;65.99;2;UP_AND_DOWN
2025-04-20T18:45;2025-04-20T19:00;76;EUR;MWh;NO;NO;89;73.98;89;65.99;2;UP_AND_DOWN
2025-04-20T19:00;2025-04-20T19:15;77;EUR;MWh;NO;NO;;47;47;47;-1;DOWN
2025-04-20T19:15;2025-04-20T19:30;78;EUR;MWh;NO;NO;;69.52;69.52;69.52;-1;DOWN
2025-04-20T19:30;2025-04-20T19:45;79;EUR;MWh;NO;NO;;79.11;79.11;79.11;-1;DOWN
2025-04-20T19:45;2025-04-20T20:00;80;EUR;MWh;NO;NO;97.98;79.11;97.98;97.98;1;UP
2025-04-20T20:00;2025-04-20T20:15;81;EUR;MWh;NO;NO;94.98;53.98;94.98;53.98;2;UP_AND_DOWN
2025-04-20T20:15;2025-04-20T20:30;82;EUR;MWh;NO;NO;78.56;82.98;78.56;71.77;2;UP_AND_DOWN
2025-04-20T20:30;2025-04-20T20:45;83;EUR;MWh;NO;NO;91;;91;91;1;UP
2025-04-20T20:45;2025-04-20T21:00;84;EUR;MWh;NO;NO;101;;101;101;1;UP
2025-04-20T21:00;2025-04-20T21:15;85;EUR;MWh;NO;NO;156.98;;156.98;156.98;1;UP
2025-04-20T21:15;2025-04-20T21:30;86;EUR;MWh;NO;NO;145.98;;145.98;145.98;1;UP
2025-04-20T21:30;2025-04-20T21:45;87;EUR;MWh;NO;NO;109;;109;109;1;UP
2025-04-20T21:45;2025-04-20T22:00;88;EUR;MWh;NO;NO;89.98;;89.98;89.98;1;UP
2025-04-20T22:00;2025-04-20T22:15;89;EUR;MWh;NO;NO;101;;101;101;1;UP
2025-04-20T22:15;2025-04-20T22:30;90;EUR;MWh;NO;NO;101;70.2;70.2;70.2;-1;DOWN
2025-04-20T22:30;2025-04-20T22:45;91;EUR;MWh;NO;NO;;67.98;67.98;67.98;-1;DOWN
2025-04-20T22:45;2025-04-20T23:00;92;EUR;MWh;NO;NO;91.98;;91.98;91.98;1;UP
2025-04-20T23:00;2025-04-20T23:15;93;EUR;MWh;NO;NO;112.98;;112.98;112.98;1;UP
2025-04-20T23:15;2025-04-20T23:30;94;EUR;MWh;NO;NO;95;;95;95;1;UP
2025-04-20T23:30;2025-04-20T23:45;95;EUR;MWh;NO;NO;58.56;;58.56;58.56;1;UP
2025-04-20T23:45;2025-04-21T00:00;96;EUR;MWh;NO;NO;90.98;;90.98;90.98;1;UP
2025-04-21T00:00;2025-04-21T00:15;1;EUR;MWh;NO;NO;;72.27;72.27;72.27;-1;DOWN
2025-04-21T00:15;2025-04-21T00:30;2;EUR;MWh;NO;NO;;66;66;66;-1;DOWN
2025-04-21T00:30;2025-04-21T00:45;3;EUR;MWh;NO;NO;;66;66;66;-1;DOWN
2025-04-21T00:45;2025-04-21T01:00;4;EUR;MWh;NO;NO;;72.08;72.08;72.08;-1;DOWN
2025-04-21T01:00;2025-04-21T01:15;5;EUR;MWh;NO;NO;124.9;76.08;124.9;65.99;2;UP_AND_DOWN
2025-04-21T01:15;2025-04-21T01:30;6;EUR;MWh;NO;NO;93.58;;93.58;93.58;1;UP
2025-04-21T01:30;2025-04-21T01:45;7;EUR;MWh;NO;NO;124.9;;124.9;124.9;1;UP
2025-04-21T01:45;2025-04-21T02:00;8;EUR;MWh;NO;NO;84.57;;84.57;84.57;1;UP
2025-04-21T02:00;2025-04-21T02:15;9;EUR;MWh;NO;NO;105;;105;105;1;UP
2025-04-21T02:15;2025-04-21T02:30;10;EUR;MWh;NO;NO;110;;110;110;1;UP
2025-04-21T02:30;2025-04-21T02:45;11;EUR;MWh;NO;NO;87;;87;87;1;UP
2025-04-21T02:45;2025-04-21T03:00;12;EUR;MWh;NO;NO;86;;86;86;1;UP
2025-04-21T03:00;2025-04-21T03:15;13;EUR;MWh;NO;NO;84.3;;84.3;84.3;1;UP
2025-04-21T03:15;2025-04-21T03:30;14;EUR;MWh;NO;NO;58.56;77.98;71.77;71.77;2;UP_AND_DOWN
2025-04-21T03:30;2025-04-21T03:45;15;EUR;MWh;NO;NO;;80.98;80.98;80.98;-1;DOWN
2025-04-21T03:45;2025-04-21T04:00;16;EUR;MWh;NO;NO;93;;93;93;1;UP
2025-04-21T04:00;2025-04-21T04:15;17;EUR;MWh;NO;NO;93;;93;93;1;UP
2025-04-21T04:15;2025-04-21T04:30;18;EUR;MWh;NO;NO;95.98;;95.98;95.98;1;UP
2025-04-21T04:30;2025-04-21T04:45;19;EUR;MWh;NO;NO;93;;93;93;1;UP
2025-04-21T04:45;2025-04-21T05:00;20;EUR;MWh;NO;NO;103.58;;103.58;103.58;1;UP
2025-04-21T05:00;2025-04-21T05:15;21;EUR;MWh;NO;NO;112.7;;112.7;112.7;1;UP
2025-04-21T05:15;2025-04-21T05:30;22;EUR;MWh;NO;NO;109.98;;109.98;109.98;1;UP
2025-04-21T05:30;2025-04-21T05:45;23;EUR;MWh;NO;NO;101;;101;101;1;UP
2025-04-21T05:45;2025-04-21T06:00;24;EUR;MWh;NO;NO;92.98;;92.98;92.98;1;UP
2025-04-21T06:00;2025-04-21T06:15;25;EUR;MWh;NO;NO;92.98;;65.99;65.99;0;STABLE
2025-04-21T06:15;2025-04-21T06:30;26;EUR;MWh;NO;NO;;70.2;70.2;70.2;-1;DOWN
2025-04-21T06:30;2025-04-21T06:45;27;EUR;MWh;NO;NO;;72.57;72.57;72.57;-1;DOWN
2025-04-21T06:45;2025-04-21T07:00;28;EUR;MWh;NO;NO;;77.98;77.98;77.98;-1;DOWN
2025-04-21T07:00;2025-04-21T07:15;29;EUR;MWh;NO;NO;;66;66;66;-1;DOWN
2025-04-21T07:15;2025-04-21T07:30;30;EUR;MWh;NO;NO;;63.42;63.42;63.42;-1;DOWN
2025-04-21T07:30;2025-04-21T07:45;31;EUR;MWh;NO;NO;;60.81;60.81;60.81;-1;DOWN
2025-04-21T07:45;2025-04-21T08:00;32;EUR;MWh;NO;NO;;45.42;45.42;45.42;-1;DOWN
2025-04-21T08:00;2025-04-21T08:15;33;EUR;MWh;NO;NO;92.78;57.27;92.78;57.27;2;UP_AND_DOWN
2025-04-21T08:15;2025-04-21T08:30;34;EUR;MWh;NO;NO;92.98;45.42;92.98;45.42;2;UP_AND_DOWN
2025-04-21T08:30;2025-04-21T08:45;35;EUR;MWh;NO;NO;;37.57;37.57;37.57;-1;DOWN
2025-04-21T08:45;2025-04-21T09:00;36;EUR;MWh;NO;NO;110;60.91;110;60.91;2;UP_AND_DOWN
2025-04-21T09:00;2025-04-21T09:15;37;EUR;MWh;NO;NO;137.72;;137.72;137.72;1;UP
2025-04-21T09:15;2025-04-21T09:30;38;EUR;MWh;NO;NO;136.5;;136.5;136.5;1;UP
2025-04-21T09:30;2025-04-21T09:45;39;EUR;MWh;NO;NO;110;66.53;110;65.5;2;UP_AND_DOWN
2025-04-21T09:45;2025-04-21T10:00;40;EUR;MWh;NO;NO;129.1;;129.1;129.1;1;UP
2025-04-21T10:00;2025-04-21T10:15;41;EUR;MWh;NO;NO;99.97;;99.97;99.97;1;UP
2025-04-21T10:15;2025-04-21T10:30;42;EUR;MWh;NO;NO;108.91;65;108.91;65;2;UP_AND_DOWN
2025-04-21T10:30;2025-04-21T10:45;43;EUR;MWh;NO;NO;81.35;55;86.78;55;2;UP_AND_DOWN
2025-04-21T10:45;2025-04-21T11:00;44;EUR;MWh;NO;NO;88.56;;88.56;88.56;1;UP
2025-04-21T11:00;2025-04-21T11:15;45;EUR;MWh;NO;NO;110;;110;110;1;UP
2025-04-21T11:15;2025-04-21T11:30;46;EUR;MWh;NO;NO;110;67;67;67;-1;DOWN
2025-04-21T11:30;2025-04-21T11:45;47;EUR;MWh;NO;NO;68.56;63.57;80.78;63.57;2;UP_AND_DOWN
2025-04-21T11:45;2025-04-21T12:00;48;EUR;MWh;NO;NO;;55;55;55;-1;DOWN
2025-04-21T12:00;2025-04-21T12:15;49;EUR;MWh;NO;NO;78.56;66;78.56;66;2;UP_AND_DOWN
2025-04-21T12:15;2025-04-21T12:30;50;EUR;MWh;NO;NO;;66;66;66;-1;DOWN
2025-04-21T12:30;2025-04-21T12:45;51;EUR;MWh;NO;NO;58.56;66;71.28;66;2;UP_AND_DOWN
2025-04-21T12:45;2025-04-21T13:00;52;EUR;MWh;NO;NO;121;;121;121;1;UP
2025-04-21T13:00;2025-04-21T13:15;53;EUR;MWh;NO;NO;113.2;;113.2;113.2;1;UP
2025-04-21T13:15;2025-04-21T13:30;54;EUR;MWh;NO;NO;124.57;;124.57;124.57;1;UP
2025-04-21T13:30;2025-04-21T13:45;55;EUR;MWh;NO;NO;121.1;;121.1;121.1;1;UP
2025-04-21T13:45;2025-04-21T14:00;56;EUR;MWh;NO;NO;151.57;;151.57;151.57;1;UP
2025-04-21T14:00;2025-04-21T14:15;57;EUR;MWh;NO;NO;121;;121;121;1;UP
2025-04-21T14:15;2025-04-21T14:30;58;EUR;MWh;NO;NO;113.3;;113.3;113.3;1;UP
2025-04-21T14:30;2025-04-21T14:45;59;EUR;MWh;NO;NO;180;;180;180;1;UP
2025-04-21T14:45;2025-04-21T15:00;60;EUR;MWh;NO;NO;174;;174;174;1;UP
2025-04-21T15:00;2025-04-21T15:15;61;EUR;MWh;NO;NO;150.4;160;160;160;-1;DOWN
2025-04-21T15:15;2025-04-21T15:30;62;EUR;MWh;NO;NO;111;160;111;111;1;UP
2025-04-21T15:30;2025-04-21T15:45;63;EUR;MWh;NO;NO;144;;144;144;1;UP
2025-04-21T15:45;2025-04-21T16:00;64;EUR;MWh;NO;NO;127.57;;127.57;127.57;1;UP
2025-04-21T16:00;2025-04-21T16:15;65;EUR;MWh;NO;NO;113.9;;113.9;113.9;1;UP
2025-04-21T16:15;2025-04-21T16:30;66;EUR;MWh;NO;NO;110.91;;110.91;110.91;1;UP
2025-04-21T16:30;2025-04-21T16:45;67;EUR;MWh;NO;NO;111;;111;111;1;UP
2025-04-21T16:45;2025-04-21T17:00;68;EUR;MWh;NO;NO;103.16;;103.16;103.16;1;UP
2025-04-21T17:00;2025-04-21T17:15;69;EUR;MWh;NO;NO;99;;99;99;1;UP
2025-04-21T17:15;2025-04-21T17:30;70;EUR;MWh;NO;NO;99;;99;99;1;UP
2025-04-21T17:30;2025-04-21T17:45;71;EUR;MWh;NO;NO;99;121;109.28;109.28;2;UP_AND_DOWN
2025-04-21T17:45;2025-04-21T18:00;72;EUR;MWh;NO;NO;102.98;79.47;109.28;79.47;2;UP_AND_DOWN
2025-04-21T18:00;2025-04-21T18:15;73;EUR;MWh;NO;NO;114.9;121;114.9;103.5;2;UP_AND_DOWN
2025-04-21T18:15;2025-04-21T18:30;74;EUR;MWh;NO;NO;115.3;84.98;115.3;84.98;2;UP_AND_DOWN
2025-04-21T18:30;2025-04-21T18:45;75;EUR;MWh;NO;NO;129;;129;129;1;UP
2025-04-21T18:45;2025-04-21T19:00;76;EUR;MWh;NO;NO;126.98;;126.98;126.98;1;UP
2025-04-21T19:00;2025-04-21T19:15;77;EUR;MWh;NO;NO;112.4;66;112.4;66;2;UP_AND_DOWN
2025-04-21T19:15;2025-04-21T19:30;78;EUR;MWh;NO;NO;;71.18;71.18;71.18;-1;DOWN
2025-04-21T19:30;2025-04-21T19:45;79;EUR;MWh;NO;NO;;74.27;74.27;74.27;-1;DOWN
2025-04-21T19:45;2025-04-21T20:00;80;EUR;MWh;NO;NO;111;74.27;111;111;1;UP
2025-04-21T20:00;2025-04-21T20:15;81;EUR;MWh;NO;NO;97.24;64.98;97.24;64.98;2;UP_AND_DOWN
2025-04-21T20:15;2025-04-21T20:30;82;EUR;MWh;NO;NO;;66;66;66;-1;DOWN
2025-04-21T20:30;2025-04-21T20:45;83;EUR;MWh;NO;NO;93.1;79.37;93.1;78.78;2;UP_AND_DOWN
2025-04-21T20:45;2025-04-21T21:00;84;EUR;MWh;NO;NO;107.16;;107.16;107.16;1;UP
2025-04-21T21:00;2025-04-21T21:15;85;EUR;MWh;NO;NO;112.3;;112.3;112.3;1;UP
2025-04-21T21:15;2025-04-21T21:30;86;EUR;MWh;NO;NO;112.3;;78.78;78.78;0;STABLE
2025-04-21T21:30;2025-04-21T21:45;87;EUR;MWh;NO;NO;68.56;84;78.78;78.78;2;UP_AND_DOWN
2025-04-21T21:45;2025-04-21T22:00;88;EUR;MWh;NO;NO;;69.79;69.79;69.79;-1;DOWN
2025-04-21T22:00;2025-04-21T22:15;89;EUR;MWh;NO;NO;111;84;111;71.28;2;UP_AND_DOWN
2025-04-21T22:15;2025-04-21T22:30;90;EUR;MWh;NO;NO;92.78;;92.78;92.78;1;UP
2025-04-21T22:30;2025-04-21T22:45;91;EUR;MWh;NO;NO;89.98;;89.98;89.98;1;UP
2025-04-21T22:45;2025-04-21T23:00;92;EUR;MWh;NO;NO;93.98;;93.98;93.98;1;UP
2025-04-21T23:00;2025-04-21T23:15;93;EUR;MWh;NO;NO;112.8;84;112.8;112.8;1;UP
2025-04-21T23:15;2025-04-21T23:30;94;EUR;MWh;NO;NO;58.56;66;66;66;-1;DOWN
2025-04-21T23:30;2025-04-21T23:45;95;EUR;MWh;NO;NO;;65.64;65.64;65.64;-1;DOWN
2025-04-21T23:45;2025-04-22T00:00;96;EUR;MWh;NO;NO;;53.98;53.98;53.98;-1;DOWN
2025-04-22T00:00;2025-04-22T00:15;1;EUR;MWh;NO;NO;;28.98;28.98;28.98;-1;DOWN
2025-04-22T00:15;2025-04-22T00:30;2;EUR;MWh;NO;NO;;40;40;40;-1;DOWN
2025-04-22T00:30;2025-04-22T00:45;3;EUR;MWh;NO;NO;;44.98;44.98;44.98;-1;DOWN
2025-04-22T00:45;2025-04-22T01:00;4;EUR;MWh;NO;NO;;73.94;73.94;73.94;-1;DOWN
2025-04-22T01:00;2025-04-22T01:15;5;EUR;MWh;NO;NO;79.99;72.62;79.99;64.49;2;UP_AND_DOWN
2025-04-22T01:15;2025-04-22T01:30;6;EUR;MWh;NO;NO;103.94;;103.94;103.94;1;UP
2025-04-22T01:30;2025-04-22T01:45;7;EUR;MWh;NO;NO;82.94;72.62;82.94;65.5;2;UP_AND_DOWN
2025-04-22T01:45;2025-04-22T02:00;8;EUR;MWh;NO;NO;;69.98;69.98;69.98;-1;DOWN
2025-04-22T02:00;2025-04-22T02:15;9;EUR;MWh;NO;NO;;67.21;67.21;67.21;-1;DOWN
2025-04-22T02:15;2025-04-22T02:30;10;EUR;MWh;NO;NO;88.82;67.98;88.82;88.82;1;UP
2025-04-22T02:30;2025-04-22T02:45;11;EUR;MWh;NO;NO;108.4;;108.4;108.4;1;UP
2025-04-22T02:45;2025-04-22T03:00;12;EUR;MWh;NO;NO;83.07;77.62;83.07;65.5;2;UP_AND_DOWN
2025-04-22T03:00;2025-04-22T03:15;13;EUR;MWh;NO;NO;;72.62;72.62;72.62;-1;DOWN
2025-04-22T03:15;2025-04-22T03:30;14;EUR;MWh;NO;NO;;66.98;66.98;66.98;-1;DOWN
2025-04-22T03:30;2025-04-22T03:45;15;EUR;MWh;NO;NO;;73.88;73.88;73.88;-1;DOWN
2025-04-22T03:45;2025-04-22T04:00;16;EUR;MWh;NO;NO;;66.48;66.48;66.48;-1;DOWN
2025-04-22T04:00;2025-04-22T04:15;17;EUR;MWh;NO;NO;;70.1;70.1;70.1;-1;DOWN
2025-04-22T04:15;2025-04-22T04:30;18;EUR;MWh;NO;NO;;75;75;75;-1;DOWN
2025-04-22T04:30;2025-04-22T04:45;19;EUR;MWh;NO;NO;;62.98;62.98;62.98;-1;DOWN
2025-04-22T04:45;2025-04-22T05:00;20;EUR;MWh;NO;NO;;75;75;75;-1;DOWN
2025-04-22T05:00;2025-04-22T05:15;21;EUR;MWh;NO;NO;58.56;80.98;65.5;65.5;2;UP_AND_DOWN
2025-04-22T05:15;2025-04-22T05:30;22;EUR;MWh;NO;NO;58.56;79.08;65.5;65.5;2;UP_AND_DOWN
2025-04-22T05:30;2025-04-22T05:45;23;EUR;MWh;NO;NO;58.56;;58.56;58.56;1;UP
2025-04-22T05:45;2025-04-22T06:00;24;EUR;MWh;NO;NO;58.56;76.08;65.5;65.5;2;UP_AND_DOWN
2025-04-22T06:00;2025-04-22T06:15;25;EUR;MWh;NO;NO;132;57.98;132;57.98;2;UP_AND_DOWN
2025-04-22T06:15;2025-04-22T06:30;26;EUR;MWh;NO;NO;140;75.2;140;65.5;2;UP_AND_DOWN
2025-04-22T06:30;2025-04-22T06:45;27;EUR;MWh;NO;NO;;77.18;77.18;77.18;-1;DOWN
2025-04-22T06:45;2025-04-22T07:00;28;EUR;MWh;NO;NO;111.8;81.98;111.8;65.5;2;UP_AND_DOWN
2025-04-22T07:00;2025-04-22T07:15;29;EUR;MWh;NO;NO;100;69.08;100;65.5;2;UP_AND_DOWN
2025-04-22T07:15;2025-04-22T07:30;30;EUR;MWh;NO;NO;;79.57;79.57;79.57;-1;DOWN
2025-04-22T07:30;2025-04-22T07:45;31;EUR;MWh;NO;NO;;84;84;84;-1;DOWN
2025-04-22T07:45;2025-04-22T08:00;32;EUR;MWh;NO;NO;90.92;81.98;90.92;65.5;2;UP_AND_DOWN
2025-04-22T08:00;2025-04-22T08:15;33;EUR;MWh;NO;NO;119.9;;119.9;119.9;1;UP
2025-04-22T08:15;2025-04-22T08:30;34;EUR;MWh;NO;NO;98;;98;98;1;UP
2025-04-22T08:30;2025-04-22T08:45;35;EUR;MWh;NO;NO;108.1;;108.1;108.1;1;UP
2025-04-22T08:45;2025-04-22T09:00;36;EUR;MWh;NO;NO;104;76.08;104;65.5;2;UP_AND_DOWN
2025-04-22T09:00;2025-04-22T09:15;37;EUR;MWh;NO;NO;1895;79;1895;65.5;2;UP_AND_DOWN
2025-04-22T09:15;2025-04-22T09:30;38;EUR;MWh;NO;NO;1895;;1895;1895;1;UP
2025-04-22T09:30;2025-04-22T09:45;39;EUR;MWh;NO;NO;152.98;79.47;152.98;65.5;2;UP_AND_DOWN
2025-04-22T09:45;2025-04-22T10:00;40;EUR;MWh;NO;NO;135;73;135;73;2;UP_AND_DOWN
2025-04-22T10:00;2025-04-22T10:15;41;EUR;MWh;NO;NO;135;61.79;61.79;61.79;-1;DOWN
2025-04-22T10:15;2025-04-22T10:30;42;EUR;MWh;NO;NO;;60.5;60.5;60.5;-1;DOWN
2025-04-22T10:30;2025-04-22T10:45;43;EUR;MWh;NO;NO;106.7;78.88;106.7;78.88;2;UP_AND_DOWN
2025-04-22T10:45;2025-04-22T11:00;44;EUR;MWh;NO;NO;91.91;75;98;75;2;UP_AND_DOWN
2025-04-22T11:00;2025-04-22T11:15;45;EUR;MWh;NO;NO;;73.92;73.92;73.92;-1;DOWN
2025-04-22T11:15;2025-04-22T11:30;46;EUR;MWh;NO;NO;;56.02;56.02;56.02;-1;DOWN
2025-04-22T11:30;2025-04-22T11:45;47;EUR;MWh;NO;NO;;47;47;47;-1;DOWN
2025-04-22T11:45;2025-04-22T12:00;48;EUR;MWh;NO;NO;;45.5;45.5;45.5;-1;DOWN
2025-04-22T12:00;2025-04-22T12:15;49;EUR;MWh;NO;NO;;43;43;43;-1;DOWN
2025-04-22T12:15;2025-04-22T12:30;50;EUR;MWh;NO;NO;;49.66;49.66;49.66;-1;DOWN
2025-04-22T12:30;2025-04-22T12:45;51;EUR;MWh;NO;NO;;45.6;45.6;45.6;-1;DOWN
2025-04-22T12:45;2025-04-22T13:00;52;EUR;MWh;NO;NO;;67.5;67.5;67.5;-1;DOWN
2025-04-22T13:00;2025-04-22T13:15;53;EUR;MWh;NO;NO;120;67.5;120;120;1;UP
2025-04-22T13:15;2025-04-22T13:30;54;EUR;MWh;NO;NO;81.35;49.77;49.77;49.77;-1;DOWN
2025-04-22T13:30;2025-04-22T13:45;55;EUR;MWh;NO;NO;;49.67;49.67;49.67;-1;DOWN
2025-04-22T13:45;2025-04-22T14:00;56;EUR;MWh;NO;NO;;60.5;60.5;60.5;-1;DOWN
2025-04-22T14:00;2025-04-22T14:15;57;EUR;MWh;NO;NO;;75;75;75;-1;DOWN
2025-04-22T14:15;2025-04-22T14:30;58;EUR;MWh;NO;NO;;49.57;49.57;49.57;-1;DOWN
2025-04-22T14:30;2025-04-22T14:45;59;EUR;MWh;NO;NO;;48.27;48.27;48.27;-1;DOWN
2025-04-22T14:45;2025-04-22T15:00;60;EUR;MWh;NO;NO;80.05;67.5;80.05;67.5;2;UP_AND_DOWN
2025-04-22T15:00;2025-04-22T15:15;61;EUR;MWh;NO;NO;80.05;53.53;53.53;53.53;-1;DOWN
2025-04-22T15:15;2025-04-22T15:30;62;EUR;MWh;NO;NO;;65.63;65.63;65.63;-1;DOWN
2025-04-22T15:30;2025-04-22T15:45;63;EUR;MWh;NO;NO;;57.16;57.16;57.16;-1;DOWN
2025-04-22T15:45;2025-04-22T16:00;64;EUR;MWh;NO;NO;;60.5;60.5;60.5;-1;DOWN
2025-04-22T16:00;2025-04-22T16:15;65;EUR;MWh;NO;NO;;54.5;54.5;54.5;-1;DOWN
2025-04-22T16:15;2025-04-22T16:30;66;EUR;MWh;NO;NO;;54.5;54.5;54.5;-1;DOWN
2025-04-22T16:30;2025-04-22T16:45;67;EUR;MWh;NO;NO;;49.57;49.57;49.57;-1;DOWN
2025-04-22T16:45;2025-04-22T17:00;68;EUR;MWh;NO;NO;;73.23;73.23;73.23;-1;DOWN
2025-04-22T17:00;2025-04-22T17:15;69;EUR;MWh;NO;NO;;95.98;95.98;95.98;-1;DOWN
2025-04-22T17:15;2025-04-22T17:30;70;EUR;MWh;NO;NO;120;77.93;120;77.93;2;UP_AND_DOWN
2025-04-22T17:30;2025-04-22T17:45;71;EUR;MWh;NO;NO;140;67.6;140;67.6;2;UP_AND_DOWN
2025-04-22T17:45;2025-04-22T18:00;72;EUR;MWh;NO;NO;96.5;60.5;96.5;60.5;2;UP_AND_DOWN
2025-04-22T18:00;2025-04-22T18:15;73;EUR;MWh;NO;NO;;67;67;67;-1;DOWN
2025-04-22T18:15;2025-04-22T18:30;74;EUR;MWh;NO;NO;122.1;67;122.1;122.1;1;UP
2025-04-22T18:30;2025-04-22T18:45;75;EUR;MWh;NO;NO;152.98;;152.98;152.98;1;UP
2025-04-22T18:45;2025-04-22T19:00;76;EUR;MWh;NO;NO;166.98;;166.98;166.98;1;UP
2025-04-22T19:00;2025-04-22T19:15;77;EUR;MWh;NO;NO;120;67;120;67;2;UP_AND_DOWN
2025-04-22T19:15;2025-04-22T19:30;78;EUR;MWh;NO;NO;118;83.98;118;78.78;2;UP_AND_DOWN
2025-04-22T19:30;2025-04-22T19:45;79;EUR;MWh;NO;NO;146.11;;146.11;146.11;1;UP
2025-04-22T19:45;2025-04-22T20:00;80;EUR;MWh;NO;NO;152;;152;152;1;UP
2025-04-22T20:00;2025-04-22T20:15;81;EUR;MWh;NO;NO;111;89;111;89;2;UP_AND_DOWN
2025-04-22T20:15;2025-04-22T20:30;82;EUR;MWh;NO;NO;100.78;;100.78;100.78;1;UP
2025-04-22T20:30;2025-04-22T20:45;83;EUR;MWh;NO;NO;120;;120;120;1;UP
2025-04-22T20:45;2025-04-22T21:00;84;EUR;MWh;NO;NO;110.9;;110.9;110.9;1;UP
2025-04-22T21:00;2025-04-22T21:15;85;EUR;MWh;NO;NO;177.73;;177.73;177.73;1;UP
2025-04-22T21:15;2025-04-22T21:30;86;EUR;MWh;NO;NO;107.73;;107.73;107.73;1;UP
2025-04-22T21:30;2025-04-22T21:45;87;EUR;MWh;NO;NO;140;78.13;140;78.13;2;UP_AND_DOWN
2025-04-22T21:45;2025-04-22T22:00;88;EUR;MWh;NO;NO;112.1;77.32;112.1;77.32;2;UP_AND_DOWN
2025-04-22T22:00;2025-04-22T22:15;89;EUR;MWh;NO;NO;137.6;78.88;137.6;78.88;2;UP_AND_DOWN
2025-04-22T22:15;2025-04-22T22:30;90;EUR;MWh;NO;NO;177;;177;177;1;UP
2025-04-22T22:30;2025-04-22T22:45;91;EUR;MWh;NO;NO;168;;168;168;1;UP
2025-04-22T22:45;2025-04-22T23:00;92;EUR;MWh;NO;NO;163;;163;163;1;UP
2025-04-22T23:00;2025-04-22T23:15;93;EUR;MWh;NO;NO;90.5;76.18;90.5;76.18;2;UP_AND_DOWN
2025-04-22T23:15;2025-04-22T23:30;94;EUR;MWh;NO;NO;;76.98;76.98;76.98;-1;DOWN
2025-04-22T23:30;2025-04-22T23:45;95;EUR;MWh;NO;NO;;79.08;79.08;79.08;-1;DOWN
2025-04-22T23:45;2025-04-23T00:00;96;EUR;MWh;NO;NO;;79.47;79.47;79.47;-1;DOWN
2025-04-23T00:00;2025-04-23T00:15;1;EUR;MWh;NO;NO;68.56;77;68.56;68.5;2;UP_AND_DOWN
2025-04-23T00:15;2025-04-23T00:30;2;EUR;MWh;NO;NO;68.56;61.18;61.18;61.18;-1;DOWN
2025-04-23T00:30;2025-04-23T00:45;3;EUR;MWh;NO;NO;;63;63;63;-1;DOWN
2025-04-23T00:45;2025-04-23T01:00;4;EUR;MWh;NO;NO;;66;66;66;-1;DOWN
2025-04-23T01:00;2025-04-23T01:15;5;EUR;MWh;NO;NO;159.1;67.6;159.1;64.99;2;UP_AND_DOWN
2025-04-23T01:15;2025-04-23T01:30;6;EUR;MWh;NO;NO;114.7;;114.7;114.7;1;UP
2025-04-23T01:30;2025-04-23T01:45;7;EUR;MWh;NO;NO;101.51;;101.51;101.51;1;UP
2025-04-23T01:45;2025-04-23T02:00;8;EUR;MWh;NO;NO;101.51;;65.5;65.5;0;STABLE
2025-04-23T02:00;2025-04-23T02:15;9;EUR;MWh;NO;NO;101.51;84;101.51;65.5;2;UP_AND_DOWN
2025-04-23T02:15;2025-04-23T02:30;10;EUR;MWh;NO;NO;;;65.5;65.5;0;STABLE
2025-04-23T02:30;2025-04-23T02:45;11;EUR;MWh;NO;NO;;75.88;75.88;75.88;-1;DOWN
2025-04-23T02:45;2025-04-23T03:00;12;EUR;MWh;NO;NO;;78.58;78.58;78.58;-1;DOWN
2025-04-23T03:00;2025-04-23T03:15;13;EUR;MWh;NO;NO;90;78.58;90;65.5;2;UP_AND_DOWN
2025-04-23T03:15;2025-04-23T03:30;14;EUR;MWh;NO;NO;90.5;;90.5;90.5;1;UP
2025-04-23T03:30;2025-04-23T03:45;15;EUR;MWh;NO;NO;88.45;;88.45;88.45;1;UP
2025-04-23T03:45;2025-04-23T04:00;16;EUR;MWh;NO;NO;96.5;72;96.5;65.5;2;UP_AND_DOWN
2025-04-23T04:00;2025-04-23T04:15;17;EUR;MWh;NO;NO;48.56;73.38;65.5;65.5;2;UP_AND_DOWN
2025-04-23T04:15;2025-04-23T04:30;18;EUR;MWh;NO;NO;;72;72;72;-1;DOWN
2025-04-23T04:30;2025-04-23T04:45;19;EUR;MWh;NO;NO;86;77.98;86;65.5;2;UP_AND_DOWN
2025-04-23T04:45;2025-04-23T05:00;20;EUR;MWh;NO;NO;103.45;;103.45;103.45;1;UP
2025-04-23T05:00;2025-04-23T05:15;21;EUR;MWh;NO;NO;90;;90;90;1;UP
2025-04-23T05:15;2025-04-23T05:30;22;EUR;MWh;NO;NO;78.56;81.88;78.56;64.99;2;UP_AND_DOWN
2025-04-23T05:30;2025-04-23T05:45;23;EUR;MWh;NO;NO;;82.98;82.98;82.98;-1;DOWN
2025-04-23T05:45;2025-04-23T06:00;24;EUR;MWh;NO;NO;;81.98;81.98;81.98;-1;DOWN
2025-04-23T06:00;2025-04-23T06:15;25;EUR;MWh;NO;NO;96.51;57.98;96.51;57.98;2;UP_AND_DOWN
2025-04-23T06:15;2025-04-23T06:30;26;EUR;MWh;NO;NO;114.7;72.3;114.7;64.99;2;UP_AND_DOWN
2025-04-23T06:30;2025-04-23T06:45;27;EUR;MWh;NO;NO;;75.28;75.28;75.28;-1;DOWN
2025-04-23T06:45;2025-04-23T07:00;28;EUR;MWh;NO;NO;;78.98;78.98;78.98;-1;DOWN
2025-04-23T07:00;2025-04-23T07:15;29;EUR;MWh;NO;NO;;77.58;77.58;77.58;-1;DOWN
2025-04-23T07:15;2025-04-23T07:30;30;EUR;MWh;NO;NO;;82;82;82;-1;DOWN
2025-04-23T07:30;2025-04-23T07:45;31;EUR;MWh;NO;NO;;75.98;75.98;75.98;-1;DOWN
2025-04-23T07:45;2025-04-23T08:00;32;EUR;MWh;NO;NO;;72.1;72.1;72.1;-1;DOWN
2025-04-23T08:00;2025-04-23T08:15;33;EUR;MWh;NO;NO;;66.26;66.26;66.26;-1;DOWN
2025-04-23T08:15;2025-04-23T08:30;34;EUR;MWh;NO;NO;90;66.26;90;64.99;2;UP_AND_DOWN
2025-04-23T08:30;2025-04-23T08:45;35;EUR;MWh;NO;NO;47;72.67;64.99;64.99;2;UP_AND_DOWN
2025-04-23T08:45;2025-04-23T09:00;36;EUR;MWh;NO;NO;47;76;76;76;-1;DOWN
2025-04-23T09:00;2025-04-23T09:15;37;EUR;MWh;NO;NO;159.4;76;159.4;159.4;1;UP
2025-04-23T09:15;2025-04-23T09:30;38;EUR;MWh;NO;NO;110;;110;110;1;UP
2025-04-23T09:30;2025-04-23T09:45;39;EUR;MWh;NO;NO;88.56;;88.56;88.56;1;UP
2025-04-23T09:45;2025-04-23T10:00;40;EUR;MWh;NO;NO;130;77.58;130;130;1;UP
2025-04-23T10:00;2025-04-23T10:15;41;EUR;MWh;NO;NO;130;29.71;29.71;29.71;-1;DOWN
2025-04-23T10:15;2025-04-23T10:30;42;EUR;MWh;NO;NO;113.2;65.58;113.2;64.5;2;UP_AND_DOWN
2025-04-23T10:30;2025-04-23T10:45;43;EUR;MWh;NO;NO;113.2;;113.2;113.2;1;UP
2025-04-23T10:45;2025-04-23T11:00;44;EUR;MWh;NO;NO;113.2;72.87;72.87;72.87;-1;DOWN
2025-04-23T11:00;2025-04-23T11:15;45;EUR;MWh;NO;NO;110;73.39;110;110;1;UP
2025-04-23T11:15;2025-04-23T11:30;46;EUR;MWh;NO;NO;110;;110;110;1;UP
2025-04-23T11:30;2025-04-23T11:45;47;EUR;MWh;NO;NO;88.56;;88.56;88.56;1;UP
2025-04-23T11:45;2025-04-23T12:00;48;EUR;MWh;NO;NO;96.91;;96.91;96.91;1;UP
2025-04-23T12:00;2025-04-23T12:15;49;EUR;MWh;NO;NO;48.56;;48.56;48.56;1;UP
2025-04-23T12:15;2025-04-23T12:30;50;EUR;MWh;NO;NO;48.56;72.06;78.49;72.06;2;UP_AND_DOWN
2025-04-23T12:30;2025-04-23T12:45;51;EUR;MWh;NO;NO;;52;52;52;-1;DOWN
2025-04-23T12:45;2025-04-23T13:00;52;EUR;MWh;NO;NO;;49.28;49.28;49.28;-1;DOWN
2025-04-23T13:00;2025-04-23T13:15;53;EUR;MWh;NO;NO;113.3;60.68;113.3;113.3;1;UP
2025-04-23T13:15;2025-04-23T13:30;54;EUR;MWh;NO;NO;111.5;77.68;77.68;77.68;-1;DOWN
2025-04-23T13:30;2025-04-23T13:45;55;EUR;MWh;NO;NO;;77.58;77.58;77.58;-1;DOWN
2025-04-23T13:45;2025-04-23T14:00;56;EUR;MWh;NO;NO;110;75;110;75;2;UP_AND_DOWN
2025-04-23T14:00;2025-04-23T14:15;57;EUR;MWh;NO;NO;108.03;69;108.03;69;2;UP_AND_DOWN
2025-04-23T14:15;2025-04-23T14:30;58;EUR;MWh;NO;NO;;72.03;72.03;72.03;-1;DOWN
2025-04-23T14:30;2025-04-23T14:45;59;EUR;MWh;NO;NO;;64.28;64.28;64.28;-1;DOWN
2025-04-23T14:45;2025-04-23T15:00;60;EUR;MWh;NO;NO;48.56;70.96;78.49;70.96;2;UP_AND_DOWN
2025-04-23T15:00;2025-04-23T15:15;61;EUR;MWh;NO;NO;110;;110;110;1;UP
2025-04-23T15:15;2025-04-23T15:30;62;EUR;MWh;NO;NO;112.4;;112.4;112.4;1;UP
2025-04-23T15:30;2025-04-23T15:45;63;EUR;MWh;NO;NO;108;;108;108;1;UP
2025-04-23T15:45;2025-04-23T16:00;64;EUR;MWh;NO;NO;78.56;;78.56;78.56;1;UP
2025-04-23T16:00;2025-04-23T16:15;65;EUR;MWh;NO;NO;48.56;59.76;78.49;59.76;2;UP_AND_DOWN
2025-04-23T16:15;2025-04-23T16:30;66;EUR;MWh;NO;NO;;64.98;64.98;64.98;-1;DOWN
2025-04-23T16:30;2025-04-23T16:45;67;EUR;MWh;NO;NO;78.56;67.1;78.56;67.1;2;UP_AND_DOWN
2025-04-23T16:45;2025-04-23T17:00;68;EUR;MWh;NO;NO;89.26;;89.26;89.26;1;UP
2025-04-23T17:00;2025-04-23T17:15;69;EUR;MWh;NO;NO;120;;120;120;1;UP
2025-04-23T17:15;2025-04-23T17:30;70;EUR;MWh;NO;NO;120;;120;120;1;UP
2025-04-23T17:30;2025-04-23T17:45;71;EUR;MWh;NO;NO;120;82.98;120;64.99;2;UP_AND_DOWN
2025-04-23T17:45;2025-04-23T18:00;72;EUR;MWh;NO;NO;120;;120;120;1;UP
2025-04-23T18:00;2025-04-23T18:15;73;EUR;MWh;NO;NO;120;78.96;120;76.21;2;UP_AND_DOWN
2025-04-23T18:15;2025-04-23T18:30;74;EUR;MWh;NO;NO;152.98;82.98;152.98;64.99;2;UP_AND_DOWN
2025-04-23T18:30;2025-04-23T18:45;75;EUR;MWh;NO;NO;156.32;;156.32;156.32;1;UP
2025-04-23T18:45;2025-04-23T19:00;76;EUR;MWh;NO;NO;95;78.96;95;65.04;2;UP_AND_DOWN
2025-04-23T19:00;2025-04-23T19:15;77;EUR;MWh;NO;NO;48.56;72.57;73.78;72.57;2;UP_AND_DOWN
2025-04-23T19:15;2025-04-23T19:30;78;EUR;MWh;NO;NO;;73.98;73.98;73.98;-1;DOWN
2025-04-23T19:30;2025-04-23T19:45;79;EUR;MWh;NO;NO;;70.96;70.96;70.96;-1;DOWN
2025-04-23T19:45;2025-04-23T20:00;80;EUR;MWh;NO;NO;;75.98;75.98;75.98;-1;DOWN
2025-04-23T20:00;2025-04-23T20:15;81;EUR;MWh;NO;NO;;57.04;57.04;57.04;-1;DOWN
2025-04-23T20:15;2025-04-23T20:30;82;EUR;MWh;NO;NO;;53.98;53.98;53.98;-1;DOWN
2025-04-23T20:30;2025-04-23T20:45;83;EUR;MWh;NO;NO;;53.26;53.26;53.26;-1;DOWN
2025-04-23T20:45;2025-04-23T21:00;84;EUR;MWh;NO;NO;140;72.57;140;72.57;2;UP_AND_DOWN
2025-04-23T21:00;2025-04-23T21:15;85;EUR;MWh;NO;NO;158.79;75;158.79;73;2;UP_AND_DOWN
2025-04-23T21:15;2025-04-23T21:30;86;EUR;MWh;NO;NO;158.79;70;70;70;-1;DOWN
2025-04-23T21:30;2025-04-23T21:45;87;EUR;MWh;NO;NO;82.26;57.16;82.26;57.16;2;UP_AND_DOWN
2025-04-23T21:45;2025-04-23T22:00;88;EUR;MWh;NO;NO;;52.51;52.51;52.51;-1;DOWN
2025-04-23T22:00;2025-04-23T22:15;89;EUR;MWh;NO;NO;852.8;52.01;852.8;52.01;2;UP_AND_DOWN
2025-04-23T22:15;2025-04-23T22:30;90;EUR;MWh;NO;NO;300;75.98;300;300;1;UP
2025-04-23T22:30;2025-04-23T22:45;91;EUR;MWh;NO;NO;78.56;70;78.56;64.99;2;UP_AND_DOWN
2025-04-23T22:45;2025-04-23T23:00;92;EUR;MWh;NO;NO;95.26;57.22;95.26;57.22;2;UP_AND_DOWN
2025-04-23T23:00;2025-04-23T23:15;93;EUR;MWh;NO;NO;115;54.28;115;54.28;2;UP_AND_DOWN
2025-04-23T23:15;2025-04-23T23:30;94;EUR;MWh;NO;NO;95.26;57.98;57.98;57.98;-1;DOWN
2025-04-23T23:30;2025-04-23T23:45;95;EUR;MWh;NO;NO;;52.61;52.61;52.61;-1;DOWN
2025-04-23T23:45;2025-04-24T00:00;96;EUR;MWh;NO;NO;;53.26;53.26;53.26;-1;DOWN
2025-04-24T00:00;2025-04-24T00:15;1;EUR;MWh;NO;NO;;53.26;53.26;53.26;-1;DOWN
2025-04-24T00:15;2025-04-24T00:30;2;EUR;MWh;NO;NO;;36.98;36.98;36.98;-1;DOWN
2025-04-24T00:30;2025-04-24T00:45;3;EUR;MWh;NO;NO;;51;51;51;-1;DOWN
2025-04-24T00:45;2025-04-24T01:00;4;EUR;MWh;NO;NO;78.27;69.98;78.27;64;2;UP_AND_DOWN
2025-04-24T01:00;2025-04-24T01:15;5;EUR;MWh;NO;NO;135.5;;135.5;135.5;1;UP
2025-04-24T01:15;2025-04-24T01:30;6;EUR;MWh;NO;NO;109.06;;109.06;109.06;1;UP
2025-04-24T01:30;2025-04-24T01:45;7;EUR;MWh;NO;NO;;46.79;46.79;46.79;-1;DOWN
2025-04-24T01:45;2025-04-24T02:00;8;EUR;MWh;NO;NO;;46.62;46.62;46.62;-1;DOWN
2025-04-24T02:00;2025-04-24T02:15;9;EUR;MWh;NO;NO;;41.98;41.98;41.98;-1;DOWN
2025-04-24T02:15;2025-04-24T02:30;10;EUR;MWh;NO;NO;;82;82;82;-1;DOWN
2025-04-24T02:30;2025-04-24T02:45;11;EUR;MWh;NO;NO;93.27;;93.27;93.27;1;UP
2025-04-24T02:45;2025-04-24T03:00;12;EUR;MWh;NO;NO;83.5;79.57;83.5;70.28;2;UP_AND_DOWN
2025-04-24T03:00;2025-04-24T03:15;13;EUR;MWh;NO;NO;;64.57;64.57;64.57;-1;DOWN
2025-04-24T03:15;2025-04-24T03:30;14;EUR;MWh;NO;NO;;70.66;70.66;70.66;-1;DOWN
2025-04-24T03:30;2025-04-24T03:45;15;EUR;MWh;NO;NO;58.56;53.26;69.07;53.26;2;UP_AND_DOWN
2025-04-24T03:45;2025-04-24T04:00;16;EUR;MWh;NO;NO;;70.69;70.69;70.69;-1;DOWN
2025-04-24T04:00;2025-04-24T04:15;17;EUR;MWh;NO;NO;;64.14;64.14;64.14;-1;DOWN
2025-04-24T04:15;2025-04-24T04:30;18;EUR;MWh;NO;NO;87.31;64.14;87.31;87.31;1;UP
2025-04-24T04:30;2025-04-24T04:45;19;EUR;MWh;NO;NO;88;;88;88;1;UP
2025-04-24T04:45;2025-04-24T05:00;20;EUR;MWh;NO;NO;112.1;;112.1;112.1;1;UP
2025-04-24T05:00;2025-04-24T05:15;21;EUR;MWh;NO;NO;88;54.43;88;54.43;2;UP_AND_DOWN
2025-04-24T05:15;2025-04-24T05:30;22;EUR;MWh;NO;NO;;63.76;63.76;63.76;-1;DOWN
2025-04-24T05:30;2025-04-24T05:45;23;EUR;MWh;NO;NO;93.33;72.98;93.33;64;2;UP_AND_DOWN
2025-04-24T05:45;2025-04-24T06:00;24;EUR;MWh;NO;NO;87.38;70;87.38;64;2;UP_AND_DOWN
2025-04-24T06:00;2025-04-24T06:15;25;EUR;MWh;NO;NO;;56.98;56.98;56.98;-1;DOWN
2025-04-24T06:15;2025-04-24T06:30;26;EUR;MWh;NO;NO;;61.98;61.98;61.98;-1;DOWN
2025-04-24T06:30;2025-04-24T06:45;27;EUR;MWh;NO;NO;;72.98;72.98;72.98;-1;DOWN
2025-04-24T06:45;2025-04-24T07:00;28;EUR;MWh;NO;NO;112.1;;112.1;112.1;1;UP
2025-04-24T07:00;2025-04-24T07:15;29;EUR;MWh;NO;NO;98.19;18.6;98.19;18.6;2;UP_AND_DOWN
2025-04-24T07:15;2025-04-24T07:30;30;EUR;MWh;NO;NO;;51.98;51.98;51.98;-1;DOWN
2025-04-24T07:30;2025-04-24T07:45;31;EUR;MWh;NO;NO;155.3;69.26;155.3;64;2;UP_AND_DOWN
2025-04-24T07:45;2025-04-24T08:00;32;EUR;MWh;NO;NO;150;;150;150;1;UP
2025-04-24T08:00;2025-04-24T08:15;33;EUR;MWh;NO;NO;112.1;58.98;112.1;58.98;2;UP_AND_DOWN
2025-04-24T08:15;2025-04-24T08:30;34;EUR;MWh;NO;NO;;75.08;75.08;75.08;-1;DOWN
2025-04-24T08:30;2025-04-24T08:45;35;EUR;MWh;NO;NO;94;79.57;94;94;1;UP
2025-04-24T08:45;2025-04-24T09:00;36;EUR;MWh;NO;NO;135.5;;135.5;135.5;1;UP
2025-04-24T09:00;2025-04-24T09:15;37;EUR;MWh;NO;NO;90.98;57.54;90.98;57.54;2;UP_AND_DOWN
2025-04-24T09:15;2025-04-24T09:30;38;EUR;MWh;NO;NO;92.98;71.98;92.98;92.98;1;UP
2025-04-24T09:30;2025-04-24T09:45;39;EUR;MWh;NO;NO;90.93;;90.93;90.93;1;UP
2025-04-24T09:45;2025-04-24T10:00;40;EUR;MWh;NO;NO;94;72.08;102.5;72.08;2;UP_AND_DOWN
2025-04-24T10:00;2025-04-24T10:15;41;EUR;MWh;NO;NO;94;11;11;11;-1;DOWN
2025-04-24T10:15;2025-04-24T10:30;42;EUR;MWh;NO;NO;;59.36;59.36;59.36;-1;DOWN
2025-04-24T10:30;2025-04-24T10:45;43;EUR;MWh;NO;NO;;65.66;65.66;65.66;-1;DOWN
2025-04-24T10:45;2025-04-24T11:00;44;EUR;MWh;NO;NO;;46;46;46;-1;DOWN
2025-04-24T11:00;2025-04-24T11:15;45;EUR;MWh;NO;NO;;2.2;2.2;2.2;-1;DOWN
2025-04-24T11:15;2025-04-24T11:30;46;EUR;MWh;NO;NO;;49.44;49.44;49.44;-1;DOWN
2025-04-24T11:30;2025-04-24T11:45;47;EUR;MWh;NO;NO;;56.78;56.78;56.78;-1;DOWN
2025-04-24T11:45;2025-04-24T12:00;48;EUR;MWh;NO;NO;;56.04;56.04;56.04;-1;DOWN
2025-04-24T12:00;2025-04-24T12:15;49;EUR;MWh;NO;NO;99.33;70.1;99.33;45.29;2;UP_AND_DOWN
2025-04-24T12:15;2025-04-24T12:30;50;EUR;MWh;NO;NO;91.7;;91.7;91.7;1;UP
2025-04-24T12:30;2025-04-24T12:45;51;EUR;MWh;NO;NO;91.7;70.1;70.1;70.1;-1;DOWN
2025-04-24T12:45;2025-04-24T13:00;52;EUR;MWh;NO;NO;;56.96;56.96;56.96;-1;DOWN
2025-04-24T13:00;2025-04-24T13:15;53;EUR;MWh;NO;NO;88.94;56.92;88.94;56.92;2;UP_AND_DOWN
2025-04-24T13:15;2025-04-24T13:30;54;EUR;MWh;NO;NO;;49.57;49.57;49.57;-1;DOWN
2025-04-24T13:30;2025-04-24T13:45;55;EUR;MWh;NO;NO;;51;51;51;-1;DOWN
2025-04-24T13:45;2025-04-24T14:00;56;EUR;MWh;NO;NO;;47.98;47.98;47.98;-1;DOWN
2025-04-24T14:00;2025-04-24T14:15;57;EUR;MWh;NO;NO;;49.44;49.44;49.44;-1;DOWN
2025-04-24T14:15;2025-04-24T14:30;58;EUR;MWh;NO;NO;;64.57;64.57;64.57;-1;DOWN
2025-04-24T14:30;2025-04-24T14:45;59;EUR;MWh;NO;NO;;48.99;48.99;48.99;-1;DOWN
2025-04-24T14:45;2025-04-24T15:00;60;EUR;MWh;NO;NO;;47.98;47.98;47.98;-1;DOWN
2025-04-24T15:00;2025-04-24T15:15;61;EUR;MWh;NO;NO;;69.98;69.98;69.98;-1;DOWN
2025-04-24T15:15;2025-04-24T15:30;62;EUR;MWh;NO;NO;;70.1;70.1;70.1;-1;DOWN
2025-04-24T15:30;2025-04-24T15:45;63;EUR;MWh;NO;NO;;74.08;74.08;74.08;-1;DOWN
2025-04-24T15:45;2025-04-24T16:00;64;EUR;MWh;NO;NO;;65.76;65.76;65.76;-1;DOWN
2025-04-24T16:00;2025-04-24T16:15;65;EUR;MWh;NO;NO;;64.57;64.57;64.57;-1;DOWN
2025-04-24T16:15;2025-04-24T16:30;66;EUR;MWh;NO;NO;102;64.57;102;102;1;UP
2025-04-24T16:30;2025-04-24T16:45;67;EUR;MWh;NO;NO;131;;131;131;1;UP
2025-04-24T16:45;2025-04-24T17:00;68;EUR;MWh;NO;NO;150;;150;150;1;UP
2025-04-24T17:00;2025-04-24T17:15;69;EUR;MWh;NO;NO;122;;122;122;1;UP
2025-04-24T17:15;2025-04-24T17:30;70;EUR;MWh;NO;NO;122;;122;122;1;UP
2025-04-24T17:30;2025-04-24T17:45;71;EUR;MWh;NO;NO;122;;122;122;1;UP
2025-04-24T17:45;2025-04-24T18:00;72;EUR;MWh;NO;NO;95;76.49;95;70.61;2;UP_AND_DOWN
2025-04-24T18:00;2025-04-24T18:15;73;EUR;MWh;NO;NO;79;;79;79;1;UP
2025-04-24T18:15;2025-04-24T18:30;74;EUR;MWh;NO;NO;103;;103;103;1;UP
2025-04-24T18:30;2025-04-24T18:45;75;EUR;MWh;NO;NO;103;88;103;73;2;UP_AND_DOWN
2025-04-24T18:45;2025-04-24T19:00;76;EUR;MWh;NO;NO;91.52;97;91.52;73;2;UP_AND_DOWN
2025-04-24T19:00;2025-04-24T19:15;77;EUR;MWh;NO;NO;95;;95;95;1;UP
2025-04-24T19:15;2025-04-24T19:30;78;EUR;MWh;NO;NO;122;;122;122;1;UP
2025-04-24T19:30;2025-04-24T19:45;79;EUR;MWh;NO;NO;132;;132;132;1;UP
2025-04-24T19:45;2025-04-24T20:00;80;EUR;MWh;NO;NO;132.78;;132.78;132.78;1;UP
2025-04-24T20:00;2025-04-24T20:15;81;EUR;MWh;NO;NO;112.2;110;110;110;-1;DOWN
2025-04-24T20:15;2025-04-24T20:30;82;EUR;MWh;NO;NO;46;111;78.5;78.5;2;UP_AND_DOWN
2025-04-24T20:30;2025-04-24T20:45;83;EUR;MWh;NO;NO;84;;84;84;1;UP
2025-04-24T20:45;2025-04-24T21:00;84;EUR;MWh;NO;NO;108.98;;108.98;108.98;1;UP
2025-04-24T21:00;2025-04-24T21:15;85;EUR;MWh;NO;NO;135.6;;135.6;135.6;1;UP
2025-04-24T21:15;2025-04-24T21:30;86;EUR;MWh;NO;NO;120.57;;120.57;120.57;1;UP
2025-04-24T21:30;2025-04-24T21:45;87;EUR;MWh;NO;NO;91.66;;91.66;91.66;1;UP
2025-04-24T21:45;2025-04-24T22:00;88;EUR;MWh;NO;NO;91.66;73.98;73.98;73.98;-1;DOWN
2025-04-24T22:00;2025-04-24T22:15;89;EUR;MWh;NO;NO;84;79.57;84;73;2;UP_AND_DOWN
2025-04-24T22:15;2025-04-24T22:30;90;EUR;MWh;NO;NO;112.1;74.89;112.1;74.89;2;UP_AND_DOWN
2025-04-24T22:30;2025-04-24T22:45;91;EUR;MWh;NO;NO;84;74.99;99.5;74.99;2;UP_AND_DOWN
2025-04-24T22:45;2025-04-24T23:00;92;EUR;MWh;NO;NO;135.8;;135.8;135.8;1;UP
2025-04-24T23:00;2025-04-24T23:15;93;EUR;MWh;NO;NO;153.98;;153.98;153.98;1;UP
2025-04-24T23:15;2025-04-24T23:30;94;EUR;MWh;NO;NO;135.9;157;157;157;-1;DOWN
2025-04-24T23:30;2025-04-24T23:45;95;EUR;MWh;NO;NO;94.98;150;98;98;2;UP_AND_DOWN
2025-04-24T23:45;2025-04-25T00:00;96;EUR;MWh;NO;NO;111.98;;111.98;111.98;1;UP
2025-04-25T00:00;2025-04-25T00:15;1;EUR;MWh;NO;NO;95;;95;95;1;UP
2025-04-25T00:15;2025-04-25T00:30;2;EUR;MWh;NO;NO;111.6;;111.6;111.6;1;UP
2025-04-25T00:30;2025-04-25T00:45;3;EUR;MWh;NO;NO;135.2;;135.2;135.2;1;UP
2025-04-25T00:45;2025-04-25T01:00;4;EUR;MWh;NO;NO;132.98;;132.98;132.98;1;UP
2025-04-25T01:00;2025-04-25T01:15;5;EUR;MWh;NO;NO;127.98;;127.98;127.98;1;UP
2025-04-25T01:15;2025-04-25T01:30;6;EUR;MWh;NO;NO;111.6;;111.6;111.6;1;UP
2025-04-25T01:30;2025-04-25T01:45;7;EUR;MWh;NO;NO;90;;90;90;1;UP
2025-04-25T01:45;2025-04-25T02:00;8;EUR;MWh;NO;NO;90;79.57;79.57;79.57;-1;DOWN
2025-04-25T02:00;2025-04-25T02:15;9;EUR;MWh;NO;NO;;68;68;68;-1;DOWN
2025-04-25T02:15;2025-04-25T02:30;10;EUR;MWh;NO;NO;77.63;;77.63;77.63;1;UP
2025-04-25T02:30;2025-04-25T02:45;11;EUR;MWh;NO;NO;108;;108;108;1;UP
2025-04-25T02:45;2025-04-25T03:00;12;EUR;MWh;NO;NO;111.5;;111.5;111.5;1;UP
2025-04-25T03:00;2025-04-25T03:15;13;EUR;MWh;NO;NO;83.31;;83.31;83.31;1;UP
2025-04-25T03:15;2025-04-25T03:30;14;EUR;MWh;NO;NO;88.66;;88.66;88.66;1;UP
2025-04-25T03:30;2025-04-25T03:45;15;EUR;MWh;NO;NO;111.5;;111.5;111.5;1;UP
2025-04-25T03:45;2025-04-25T04:00;16;EUR;MWh;NO;NO;107.52;;107.52;107.52;1;UP
2025-04-25T04:00;2025-04-25T04:15;17;EUR;MWh;NO;NO;58.56;70.65;87;70.65;2;UP_AND_DOWN
2025-04-25T04:15;2025-04-25T04:30;18;EUR;MWh;NO;NO;58.56;79.57;87;79.57;2;UP_AND_DOWN
2025-04-25T04:30;2025-04-25T04:45;19;EUR;MWh;NO;NO;88.66;;88.66;88.66;1;UP
2025-04-25T04:45;2025-04-25T05:00;20;EUR;MWh;NO;NO;111.4;;111.4;111.4;1;UP
2025-04-25T05:00;2025-04-25T05:15;21;EUR;MWh;NO;NO;111.4;79.57;79.57;79.57;-1;DOWN
2025-04-25T05:15;2025-04-25T05:30;22;EUR;MWh;NO;NO;;77.43;77.43;77.43;-1;DOWN
2025-04-25T05:30;2025-04-25T05:45;23;EUR;MWh;NO;NO;;70.4;70.4;70.4;-1;DOWN
2025-04-25T05:45;2025-04-25T06:00;24;EUR;MWh;NO;NO;;49.57;49.57;49.57;-1;DOWN
2025-04-25T06:00;2025-04-25T06:15;25;EUR;MWh;NO;NO;95;68;95;68;2;UP_AND_DOWN
2025-04-25T06:15;2025-04-25T06:30;26;EUR;MWh;NO;NO;81.99;68;81.99;68;2;UP_AND_DOWN
2025-04-25T06:30;2025-04-25T06:45;27;EUR;MWh;NO;NO;;68.3;68.3;68.3;-1;DOWN
2025-04-25T06:45;2025-04-25T07:00;28;EUR;MWh;NO;NO;108;68.3;108;108;1;UP
2025-04-25T07:00;2025-04-25T07:15;29;EUR;MWh;NO;NO;108;;108;108;1;UP
2025-04-25T07:15;2025-04-25T07:30;30;EUR;MWh;NO;NO;107.52;;107.52;107.52;1;UP
2025-04-25T07:30;2025-04-25T07:45;31;EUR;MWh;NO;NO;99;;99;99;1;UP
2025-04-25T07:45;2025-04-25T08:00;32;EUR;MWh;NO;NO;108;;108;108;1;UP
2025-04-25T08:00;2025-04-25T08:15;33;EUR;MWh;NO;NO;46;106.98;46;46;1;UP
2025-04-25T08:15;2025-04-25T08:30;34;EUR;MWh;NO;NO;98.05;;98.05;98.05;1;UP
2025-04-25T08:30;2025-04-25T08:45;35;EUR;MWh;NO;NO;111.4;;111.4;111.4;1;UP
2025-04-25T08:45;2025-04-25T09:00;36;EUR;MWh;NO;NO;177.98;;177.98;177.98;1;UP
2025-04-25T09:00;2025-04-25T09:15;37;EUR;MWh;NO;NO;154.2;79.57;79.57;79.57;-1;DOWN
2025-04-25T09:15;2025-04-25T09:30;38;EUR;MWh;NO;NO;;79.57;79.57;79.57;-1;DOWN
2025-04-25T09:30;2025-04-25T09:45;39;EUR;MWh;NO;NO;128;107.98;128;81.5;2;UP_AND_DOWN
2025-04-25T09:45;2025-04-25T10:00;40;EUR;MWh;NO;NO;130;104.98;130;79;2;UP_AND_DOWN
2025-04-25T10:00;2025-04-25T10:15;41;EUR;MWh;NO;NO;130;58.99;58.99;58.99;-1;DOWN
2025-04-25T10:15;2025-04-25T10:30;42;EUR;MWh;NO;NO;225.98;71;225.98;71;2;UP_AND_DOWN
2025-04-25T10:30;2025-04-25T10:45;43;EUR;MWh;NO;NO;173.98;;173.98;173.98;1;UP
2025-04-25T10:45;2025-04-25T11:00;44;EUR;MWh;NO;NO;215.98;;215.98;215.98;1;UP
2025-04-25T11:00;2025-04-25T11:15;45;EUR;MWh;NO;NO;225.98;;225.98;225.98;1;UP
2025-04-25T11:15;2025-04-25T11:30;46;EUR;MWh;NO;NO;236.98;;236.98;236.98;1;UP
2025-04-25T11:30;2025-04-25T11:45;47;EUR;MWh;NO;NO;193.98;;193.98;193.98;1;UP
2025-04-25T11:45;2025-04-25T12:00;48;EUR;MWh;NO;NO;148.98;;148.98;148.98;1;UP
2025-04-25T12:00;2025-04-25T12:15;49;EUR;MWh;NO;NO;154.5;;154.5;154.5;1;UP
2025-04-25T12:15;2025-04-25T12:30;50;EUR;MWh;NO;NO;164.99;;164.99;164.99;1;UP
2025-04-25T12:30;2025-04-25T12:45;51;EUR;MWh;NO;NO;300;;300;300;1;UP
2025-04-25T12:45;2025-04-25T13:00;52;EUR;MWh;NO;NO;130.9;;130.9;130.9;1;UP
2025-04-25T13:00;2025-04-25T13:15;53;EUR;MWh;NO;NO;2400;;2400;2400;1;UP
2025-04-25T13:15;2025-04-25T13:30;54;EUR;MWh;NO;NO;1672.26;;1672.26;1672.26;1;UP
2025-04-25T13:30;2025-04-25T13:45;55;EUR;MWh;NO;NO;193.98;;193.98;193.98;1;UP
2025-04-25T13:45;2025-04-25T14:00;56;EUR;MWh;NO;NO;111.6;49.57;111.6;49.57;2;UP_AND_DOWN
2025-04-25T14:00;2025-04-25T14:15;57;EUR;MWh;NO;NO;300;;300;300;1;UP
2025-04-25T14:15;2025-04-25T14:30;58;EUR;MWh;NO;NO;151.98;;151.98;151.98;1;UP
2025-04-25T14:30;2025-04-25T14:45;59;EUR;MWh;NO;NO;300;;300;300;1;UP
2025-04-25T14:45;2025-04-25T15:00;60;EUR;MWh;NO;NO;155.1;;155.1;155.1;1;UP
2025-04-25T15:00;2025-04-25T15:15;61;EUR;MWh;NO;NO;130;;130;130;1;UP
2025-04-25T15:15;2025-04-25T15:30;62;EUR;MWh;NO;NO;58.56;79.57;101.5;79.57;2;UP_AND_DOWN
2025-04-25T15:30;2025-04-25T15:45;63;EUR;MWh;NO;NO;128.4;79.57;128.4;128.4;1;UP
2025-04-25T15:45;2025-04-25T16:00;64;EUR;MWh;NO;NO;225.98;;225.98;225.98;1;UP
2025-04-25T16:00;2025-04-25T16:15;65;EUR;MWh;NO;NO;151.98;;151.98;151.98;1;UP
2025-04-25T16:15;2025-04-25T16:30;66;EUR;MWh;NO;NO;68.56;;68.56;68.56;1;UP
2025-04-25T16:30;2025-04-25T16:45;67;EUR;MWh;NO;NO;111.5;;111.5;111.5;1;UP
2025-04-25T16:45;2025-04-25T17:00;68;EUR;MWh;NO;NO;87.48;71;87.48;71;2;UP_AND_DOWN
2025-04-25T17:00;2025-04-25T17:15;69;EUR;MWh;NO;NO;88.99;71;88.99;88.99;1;UP
2025-04-25T17:15;2025-04-25T17:30;70;EUR;MWh;NO;NO;111.4;;111.4;111.4;1;UP
2025-04-25T17:30;2025-04-25T17:45;71;EUR;MWh;NO;NO;128.6;;128.6;128.6;1;UP
2025-04-25T17:45;2025-04-25T18:00;72;EUR;MWh;NO;NO;111.3;109.98;111.3;77.99;2;UP_AND_DOWN
2025-04-25T18:00;2025-04-25T18:15;73;EUR;MWh;NO;NO;;76.8;76.8;76.8;-1;DOWN
2025-04-25T18:15;2025-04-25T18:30;74;EUR;MWh;NO;NO;;71;71;71;-1;DOWN
2025-04-25T18:30;2025-04-25T18:45;75;EUR;MWh;NO;NO;;149;149;149;-1;DOWN
2025-04-25T18:45;2025-04-25T19:00;76;EUR;MWh;NO;NO;111.43;109.98;111.43;77.99;2;UP_AND_DOWN
2025-04-25T19:00;2025-04-25T19:15;77;EUR;MWh;NO;NO;58.56;50.98;77.49;50.98;2;UP_AND_DOWN
2025-04-25T19:15;2025-04-25T19:30;78;EUR;MWh;NO;NO;;68;68;68;-1;DOWN
2025-04-25T19:30;2025-04-25T19:45;79;EUR;MWh;NO;NO;;96.98;96.98;96.98;-1;DOWN
2025-04-25T19:45;2025-04-25T20:00;80;EUR;MWh;NO;NO;140;96.98;140;140;1;UP
2025-04-25T20:00;2025-04-25T20:15;81;EUR;MWh;NO;NO;129.98;;129.98;129.98;1;UP
2025-04-25T20:15;2025-04-25T20:30;82;EUR;MWh;NO;NO;125.98;;125.98;125.98;1;UP
2025-04-25T20:30;2025-04-25T20:45;83;EUR;MWh;NO;NO;127.98;;127.98;127.98;1;UP
2025-04-25T20:45;2025-04-25T21:00;84;EUR;MWh;NO;NO;132.8;;132.8;132.8;1;UP
2025-04-25T21:00;2025-04-25T21:15;85;EUR;MWh;NO;NO;200;;200;200;1;UP
2025-04-25T21:15;2025-04-25T21:30;86;EUR;MWh;NO;NO;164.63;;164.63;164.63;1;UP
2025-04-25T21:30;2025-04-25T21:45;87;EUR;MWh;NO;NO;111.8;;111.8;111.8;1;UP
2025-04-25T21:45;2025-04-25T22:00;88;EUR;MWh;NO;NO;;130;130;130;-1;DOWN
2025-04-25T22:00;2025-04-25T22:15;89;EUR;MWh;NO;NO;123.98;144;123.98;94.5;2;UP_AND_DOWN
2025-04-25T22:15;2025-04-25T22:30;90;EUR;MWh;NO;NO;135;;135;135;1;UP
2025-04-25T22:30;2025-04-25T22:45;91;EUR;MWh;NO;NO;141.98;;141.98;141.98;1;UP
2025-04-25T22:45;2025-04-25T23:00;92;EUR;MWh;NO;NO;122.59;;122.59;122.59;1;UP
2025-04-25T23:00;2025-04-25T23:15;93;EUR;MWh;NO;NO;126.98;;126.98;126.98;1;UP
2025-04-25T23:15;2025-04-25T23:30;94;EUR;MWh;NO;NO;135.2;;135.2;135.2;1;UP
2025-04-25T23:30;2025-04-25T23:45;95;EUR;MWh;NO;NO;81.54;;81.54;81.54;1;UP
2025-04-25T23:45;2025-04-26T00:00;96;EUR;MWh;NO;NO;111.5;;111.5;111.5;1;UP
2025-04-26T00:00;2025-04-26T00:15;1;EUR;MWh;NO;NO;121.5;;121.5;121.5;1;UP
2025-04-26T00:15;2025-04-26T00:30;2;EUR;MWh;NO;NO;140.98;;140.98;140.98;1;UP
2025-04-26T00:30;2025-04-26T00:45;3;EUR;MWh;NO;NO;170.98;;170.98;170.98;1;UP
2025-04-26T00:45;2025-04-26T01:00;4;EUR;MWh;NO;NO;149;;149;149;1;UP
2025-04-26T01:00;2025-04-26T01:15;5;EUR;MWh;NO;NO;152.98;;152.98;152.98;1;UP
2025-04-26T01:15;2025-04-26T01:30;6;EUR;MWh;NO;NO;149;;149;149;1;UP
2025-04-26T01:30;2025-04-26T01:45;7;EUR;MWh;NO;NO;135.2;;135.2;135.2;1;UP
2025-04-26T01:45;2025-04-26T02:00;8;EUR;MWh;NO;NO;111.2;;111.2;111.2;1;UP
2025-04-26T02:00;2025-04-26T02:15;9;EUR;MWh;NO;NO;111.2;;111.2;111.2;1;UP
2025-04-26T02:15;2025-04-26T02:30;10;EUR;MWh;NO;NO;82.98;;82.98;82.98;1;UP
2025-04-26T02:30;2025-04-26T02:45;11;EUR;MWh;NO;NO;;66.43;66.43;66.43;-1;DOWN
2025-04-26T02:45;2025-04-26T03:00;12;EUR;MWh;NO;NO;;59.91;59.91;59.91;-1;DOWN
2025-04-26T03:00;2025-04-26T03:15;13;EUR;MWh;NO;NO;;71.51;71.51;71.51;-1;DOWN
2025-04-26T03:15;2025-04-26T03:30;14;EUR;MWh;NO;NO;;65;65;65;-1;DOWN
2025-04-26T03:30;2025-04-26T03:45;15;EUR;MWh;NO;NO;;58.01;58.01;58.01;-1;DOWN
2025-04-26T03:45;2025-04-26T04:00;16;EUR;MWh;NO;NO;;58.46;58.46;58.46;-1;DOWN
2025-04-26T04:00;2025-04-26T04:15;17;EUR;MWh;NO;NO;79.98;72.27;79.98;72.27;2;UP_AND_DOWN
2025-04-26T04:15;2025-04-26T04:30;18;EUR;MWh;NO;NO;111.1;;111.1;111.1;1;UP
2025-04-26T04:30;2025-04-26T04:45;19;EUR;MWh;NO;NO;123.56;;123.56;123.56;1;UP
2025-04-26T04:45;2025-04-26T05:00;20;EUR;MWh;NO;NO;96;;96;96;1;UP
2025-04-26T05:00;2025-04-26T05:15;21;EUR;MWh;NO;NO;111.1;;111.1;111.1;1;UP
2025-04-26T05:15;2025-04-26T05:30;22;EUR;MWh;NO;NO;88.56;77;88.56;62.29;2;UP_AND_DOWN
2025-04-26T05:30;2025-04-26T05:45;23;EUR;MWh;NO;NO;82.98;79.57;82.98;62.29;2;UP_AND_DOWN
2025-04-26T05:45;2025-04-26T06:00;24;EUR;MWh;NO;NO;90.98;;90.98;90.98;1;UP
2025-04-26T06:00;2025-04-26T06:15;25;EUR;MWh;NO;NO;78.98;;78.98;78.98;1;UP
2025-04-26T06:15;2025-04-26T06:30;26;EUR;MWh;NO;NO;78.56;;78.56;78.56;1;UP
2025-04-26T06:30;2025-04-26T06:45;27;EUR;MWh;NO;NO;82.98;;82.98;82.98;1;UP
2025-04-26T06:45;2025-04-26T07:00;28;EUR;MWh;NO;NO;88.56;;88.56;88.56;1;UP
2025-04-26T07:00;2025-04-26T07:15;29;EUR;MWh;NO;NO;140;;140;140;1;UP
2025-04-26T07:15;2025-04-26T07:30;30;EUR;MWh;NO;NO;111.1;;111.1;111.1;1;UP
2025-04-26T07:30;2025-04-26T07:45;31;EUR;MWh;NO;NO;111.1;;111.1;111.1;1;UP
2025-04-26T07:45;2025-04-26T08:00;32;EUR;MWh;NO;NO;109.1;;109.1;109.1;1;UP
2025-04-26T08:00;2025-04-26T08:15;33;EUR;MWh;NO;NO;135.2;;135.2;135.2;1;UP
2025-04-26T08:15;2025-04-26T08:30;34;EUR;MWh;NO;NO;111.3;;111.3;111.3;1;UP
2025-04-26T08:30;2025-04-26T08:45;35;EUR;MWh;NO;NO;129;;129;129;1;UP
2025-04-26T08:45;2025-04-26T09:00;36;EUR;MWh;NO;NO;88.56;;88.56;88.56;1;UP
2025-04-26T09:00;2025-04-26T09:15;37;EUR;MWh;NO;NO;103.79;;103.79;103.79;1;UP
2025-04-26T09:15;2025-04-26T09:30;38;EUR;MWh;NO;NO;88.56;42;103.26;42;2;UP_AND_DOWN
2025-04-26T09:30;2025-04-26T09:45;39;EUR;MWh;NO;NO;;-30;-30;-30;-1;DOWN
2025-04-26T09:45;2025-04-26T10:00;40;EUR;MWh;NO;NO;111.4;-31;111.4;111.4;1;UP
2025-04-26T10:00;2025-04-26T10:15;41;EUR;MWh;NO;NO;1895;-31;1895;1895;1;UP
2025-04-26T10:15;2025-04-26T10:30;42;EUR;MWh;NO;NO;78.56;-31;-31;-31;-1;DOWN
2025-04-26T10:30;2025-04-26T10:45;43;EUR;MWh;NO;NO;;-49.9;-49.9;-49.9;-1;DOWN
2025-04-26T10:45;2025-04-26T11:00;44;EUR;MWh;NO;NO;;-50;-50;-50;-1;DOWN
2025-04-26T11:00;2025-04-26T11:15;45;EUR;MWh;NO;NO;118.98;-29.6;118.98;-29.6;2;UP_AND_DOWN
2025-04-26T11:15;2025-04-26T11:30;46;EUR;MWh;NO;NO;;-30;-30;-30;-1;DOWN
2025-04-26T11:30;2025-04-26T11:45;47;EUR;MWh;NO;NO;61.33;-70;69;-70;2;UP_AND_DOWN
2025-04-26T11:45;2025-04-26T12:00;48;EUR;MWh;NO;NO;61.33;-30;-30;-30;-1;DOWN
2025-04-26T12:00;2025-04-26T12:15;49;EUR;MWh;NO;NO;;-587.47;-587.47;-587.47;-1;DOWN
2025-04-26T12:15;2025-04-26T12:30;50;EUR;MWh;NO;NO;58.56;-587.87;71;-587.87;2;UP_AND_DOWN
2025-04-26T12:30;2025-04-26T12:45;51;EUR;MWh;NO;NO;133;-898.26;133;133;1;UP
2025-04-26T12:45;2025-04-26T13:00;52;EUR;MWh;NO;NO;144;-1000;144;-1000;2;UP_AND_DOWN
2025-04-26T13:00;2025-04-26T13:15;53;EUR;MWh;NO;NO;99;-1000;99;-1000;2;UP_AND_DOWN
2025-04-26T13:15;2025-04-26T13:30;54;EUR;MWh;NO;NO;71.94;-1000;71.94;-1000;2;UP_AND_DOWN
2025-04-26T13:30;2025-04-26T13:45;55;EUR;MWh;NO;NO;1;-59.9;40.29;-59.9;2;UP_AND_DOWN
2025-04-26T13:45;2025-04-26T14:00;56;EUR;MWh;NO;NO;61.31;-56.2;61.31;-56.2;2;UP_AND_DOWN
2025-04-26T14:00;2025-04-26T14:15;57;EUR;MWh;NO;NO;58.29;-30;58.29;-30;2;UP_AND_DOWN
2025-04-26T14:15;2025-04-26T14:30;58;EUR;MWh;NO;NO;65.9;-29.8;65.9;-29.8;2;UP_AND_DOWN
2025-04-26T14:30;2025-04-26T14:45;59;EUR;MWh;NO;NO;58.27;-30;58.27;-30;2;UP_AND_DOWN
2025-04-26T14:45;2025-04-26T15:00;60;EUR;MWh;NO;NO;58.32;-51;58.32;-51;2;UP_AND_DOWN
2025-04-26T15:00;2025-04-26T15:15;61;EUR;MWh;NO;NO;1;-60;40.29;-60;2;UP_AND_DOWN
2025-04-26T15:15;2025-04-26T15:30;62;EUR;MWh;NO;NO;1;10;10;10;-1;DOWN
2025-04-26T15:30;2025-04-26T15:45;63;EUR;MWh;NO;NO;;10;10;10;-1;DOWN
2025-04-26T15:45;2025-04-26T16:00;64;EUR;MWh;NO;NO;;79.57;79.57;79.57;-1;DOWN
2025-04-26T16:00;2025-04-26T16:15;65;EUR;MWh;NO;NO;;-49.9;-49.9;-49.9;-1;DOWN
2025-04-26T16:15;2025-04-26T16:30;66;EUR;MWh;NO;NO;;-59.9;-59.9;-59.9;-1;DOWN
2025-04-26T16:30;2025-04-26T16:45;67;EUR;MWh;NO;NO;;10;10;10;-1;DOWN
2025-04-26T16:45;2025-04-26T17:00;68;EUR;MWh;NO;NO;;-30;-30;-30;-1;DOWN
2025-04-26T17:00;2025-04-26T17:15;69;EUR;MWh;NO;NO;;-501.1;-501.1;-501.1;-1;DOWN
2025-04-26T17:15;2025-04-26T17:30;70;EUR;MWh;NO;NO;;-50;-50;-50;-1;DOWN
2025-04-26T17:30;2025-04-26T17:45;71;EUR;MWh;NO;NO;;-32.11;-32.11;-32.11;-1;DOWN
2025-04-26T17:45;2025-04-26T18:00;72;EUR;MWh;NO;NO;;10;10;10;-1;DOWN
2025-04-26T18:00;2025-04-26T18:15;73;EUR;MWh;NO;NO;;42;42;42;-1;DOWN
2025-04-26T18:15;2025-04-26T18:30;74;EUR;MWh;NO;NO;78.56;57.98;78.56;57.98;2;UP_AND_DOWN
2025-04-26T18:30;2025-04-26T18:45;75;EUR;MWh;NO;NO;82.98;79.57;82.98;62.29;2;UP_AND_DOWN
2025-04-26T18:45;2025-04-26T19:00;76;EUR;MWh;NO;NO;78.56;10;78.56;10;2;UP_AND_DOWN
2025-04-26T19:00;2025-04-26T19:15;77;EUR;MWh;NO;NO;;69.98;69.98;69.98;-1;DOWN
2025-04-26T19:15;2025-04-26T19:30;78;EUR;MWh;NO;NO;83.06;;83.06;83.06;1;UP
2025-04-26T19:30;2025-04-26T19:45;79;EUR;MWh;NO;NO;86.06;;86.06;86.06;1;UP
2025-04-26T19:45;2025-04-26T20:00;80;EUR;MWh;NO;NO;111.1;;111.1;111.1;1;UP
2025-04-26T20:00;2025-04-26T20:15;81;EUR;MWh;NO;NO;95;74.8;95;62.29;2;UP_AND_DOWN
2025-04-26T20:15;2025-04-26T20:30;82;EUR;MWh;NO;NO;;69;69;69;-1;DOWN
2025-04-26T20:30;2025-04-26T20:45;83;EUR;MWh;NO;NO;95;62;95;62;2;UP_AND_DOWN
2025-04-26T20:45;2025-04-26T21:00;84;EUR;MWh;NO;NO;111.2;65;111.2;62.29;2;UP_AND_DOWN
2025-04-26T21:00;2025-04-26T21:15;85;EUR;MWh;NO;NO;;60.63;60.63;60.63;-1;DOWN
2025-04-26T21:15;2025-04-26T21:30;86;EUR;MWh;NO;NO;;51.43;51.43;51.43;-1;DOWN
2025-04-26T21:30;2025-04-26T21:45;87;EUR;MWh;NO;NO;;49;49;49;-1;DOWN
2025-04-26T21:45;2025-04-26T22:00;88;EUR;MWh;NO;NO;;20.53;20.53;20.53;-1;DOWN
2025-04-26T22:00;2025-04-26T22:15;89;EUR;MWh;NO;NO;111.3;40.53;111.3;40.53;2;UP_AND_DOWN
2025-04-26T22:15;2025-04-26T22:30;90;EUR;MWh;NO;NO;102;65;102;62.29;2;UP_AND_DOWN
2025-04-26T22:30;2025-04-26T22:45;91;EUR;MWh;NO;NO;;66;66;66;-1;DOWN
2025-04-26T22:45;2025-04-26T23:00;92;EUR;MWh;NO;NO;;66.1;66.1;66.1;-1;DOWN
2025-04-26T23:00;2025-04-26T23:15;93;EUR;MWh;NO;NO;58.56;57.33;62.29;57.33;2;UP_AND_DOWN
2025-04-26T23:15;2025-04-26T23:30;94;EUR;MWh;NO;NO;58.56;45.66;62.29;45.66;2;UP_AND_DOWN
2025-04-26T23:30;2025-04-26T23:45;95;EUR;MWh;NO;NO;;53.98;53.98;53.98;-1;DOWN
2025-04-26T23:45;2025-04-27T00:00;96;EUR;MWh;NO;NO;;65;65;65;-1;DOWN
2025-04-27T00:00;2025-04-27T00:15;1;EUR;MWh;NO;NO;68.56;58;69.77;58;2;UP_AND_DOWN
2025-04-27T00:15;2025-04-27T00:30;2;EUR;MWh;NO;NO;61.56;56.99;69.77;56.99;2;UP_AND_DOWN
2025-04-27T00:30;2025-04-27T00:45;3;EUR;MWh;NO;NO;;18;18;18;-1;DOWN
2025-04-27T00:45;2025-04-27T01:00;4;EUR;MWh;NO;NO;;18;18;18;-1;DOWN
2025-04-27T01:00;2025-04-27T01:15;5;EUR;MWh;NO;NO;61.56;54.98;61.56;61.56;1;UP
2025-04-27T01:15;2025-04-27T01:30;6;EUR;MWh;NO;NO;61.56;;61.56;61.56;1;UP
2025-04-27T01:30;2025-04-27T01:45;7;EUR;MWh;NO;NO;106;;106;106;1;UP
2025-04-27T01:45;2025-04-27T02:00;8;EUR;MWh;NO;NO;106;74.93;106;60.99;2;UP_AND_DOWN
2025-04-27T02:00;2025-04-27T02:15;9;EUR;MWh;NO;NO;108.4;73.98;108.4;60.99;2;UP_AND_DOWN
2025-04-27T02:15;2025-04-27T02:30;10;EUR;MWh;NO;NO;120;;120;120;1;UP
2025-04-27T02:30;2025-04-27T02:45;11;EUR;MWh;NO;NO;120;;120;120;1;UP
2025-04-27T02:45;2025-04-27T03:00;12;EUR;MWh;NO;NO;120;;120;120;1;UP
2025-04-27T03:00;2025-04-27T03:15;13;EUR;MWh;NO;NO;120;;120;120;1;UP
2025-04-27T03:15;2025-04-27T03:30;14;EUR;MWh;NO;NO;122;;122;122;1;UP
2025-04-27T03:30;2025-04-27T03:45;15;EUR;MWh;NO;NO;122;;122;122;1;UP
2025-04-27T03:45;2025-04-27T04:00;16;EUR;MWh;NO;NO;120;;120;120;1;UP
2025-04-27T04:00;2025-04-27T04:15;17;EUR;MWh;NO;NO;120;50.99;50.99;50.99;-1;DOWN
2025-04-27T04:15;2025-04-27T04:30;18;EUR;MWh;NO;NO;;58;58;58;-1;DOWN
2025-04-27T04:30;2025-04-27T04:45;19;EUR;MWh;NO;NO;78.56;58.98;102;58.98;2;UP_AND_DOWN
2025-04-27T04:45;2025-04-27T05:00;20;EUR;MWh;NO;NO;108.2;;108.2;108.2;1;UP
2025-04-27T05:00;2025-04-27T05:15;21;EUR;MWh;NO;NO;108.2;;106.78;106.78;0;STABLE
2025-04-27T05:15;2025-04-27T05:30;22;EUR;MWh;NO;NO;96.52;;96.52;96.52;1;UP
2025-04-27T05:30;2025-04-27T05:45;23;EUR;MWh;NO;NO;68.56;;68.56;68.56;1;UP
2025-04-27T05:45;2025-04-27T06:00;24;EUR;MWh;NO;NO;68.56;;68.56;68.56;1;UP
2025-04-27T06:00;2025-04-27T06:15;25;EUR;MWh;NO;NO;61.56;;61.56;61.56;1;UP
2025-04-27T06:15;2025-04-27T06:30;26;EUR;MWh;NO;NO;61.56;;61.56;61.56;1;UP
2025-04-27T06:30;2025-04-27T06:45;27;EUR;MWh;NO;NO;61.56;;61.56;61.56;1;UP
2025-04-27T06:45;2025-04-27T07:00;28;EUR;MWh;NO;NO;44;27.98;94.5;27.98;2;UP_AND_DOWN
2025-04-27T07:00;2025-04-27T07:15;29;EUR;MWh;NO;NO;;10;10;10;-1;DOWN
2025-04-27T07:15;2025-04-27T07:30;30;EUR;MWh;NO;NO;;-8.98;-8.98;-8.98;-1;DOWN
2025-04-27T07:30;2025-04-27T07:45;31;EUR;MWh;NO;NO;;3.98;3.98;3.98;-1;DOWN
2025-04-27T07:45;2025-04-27T08:00;32;EUR;MWh;NO;NO;;10;10;10;-1;DOWN
2025-04-27T08:00;2025-04-27T08:15;33;EUR;MWh;NO;NO;68.56;-30;68.56;-30;2;UP_AND_DOWN
2025-04-27T08:15;2025-04-27T08:30;34;EUR;MWh;NO;NO;61.56;59;59;59;-1;DOWN
2025-04-27T08:30;2025-04-27T08:45;35;EUR;MWh;NO;NO;;-30;-30;-30;-1;DOWN
2025-04-27T08:45;2025-04-27T09:00;36;EUR;MWh;NO;NO;;-40;-40;-40;-1;DOWN
2025-04-27T09:00;2025-04-27T09:15;37;EUR;MWh;NO;NO;95;-40;95;95;1;UP
2025-04-27T09:15;2025-04-27T09:30;38;EUR;MWh;NO;NO;130;;130;130;1;UP
2025-04-27T09:30;2025-04-27T09:45;39;EUR;MWh;NO;NO;130;-31;-31;-31;-1;DOWN
2025-04-27T09:45;2025-04-27T10:00;40;EUR;MWh;NO;NO;;-56.2;-56.2;-56.2;-1;DOWN
2025-04-27T10:00;2025-04-27T10:15;41;EUR;MWh;NO;NO;56.72;.2;56.72;.2;2;UP_AND_DOWN
2025-04-27T10:15;2025-04-27T10:30;42;EUR;MWh;NO;NO;5;-13;25;-13;2;UP_AND_DOWN
2025-04-27T10:30;2025-04-27T10:45;43;EUR;MWh;NO;NO;5;-30;25;-30;2;UP_AND_DOWN
2025-04-27T10:45;2025-04-27T11:00;44;EUR;MWh;NO;NO;1;;25;0;2;UP_AND_DOWN
2025-04-27T11:00;2025-04-27T11:15;45;EUR;MWh;NO;NO;1;.2;25;.2;2;UP_AND_DOWN
2025-04-27T11:15;2025-04-27T11:30;46;EUR;MWh;NO;NO;61.32;-41;61.32;-41;2;UP_AND_DOWN
2025-04-27T11:30;2025-04-27T11:45;47;EUR;MWh;NO;NO;1;-40;-40;-40;-1;DOWN
2025-04-27T11:45;2025-04-27T12:00;48;EUR;MWh;NO;NO;14;-75;14;-75;2;UP_AND_DOWN
2025-04-27T12:00;2025-04-27T12:15;49;EUR;MWh;NO;NO;;-99.8;-99.8;-99.8;-1;DOWN
2025-04-27T12:15;2025-04-27T12:30;50;EUR;MWh;NO;NO;;-50;-50;-50;-1;DOWN
2025-04-27T12:30;2025-04-27T12:45;51;EUR;MWh;NO;NO;;-50;-50;-50;-1;DOWN
2025-04-27T12:45;2025-04-27T13:00;52;EUR;MWh;NO;NO;;-50;-50;-50;-1;DOWN
2025-04-27T13:00;2025-04-27T13:15;53;EUR;MWh;NO;NO;;-70;-70;-70;-1;DOWN
2025-04-27T13:15;2025-04-27T13:30;54;EUR;MWh;NO;NO;;-99.8;-99.8;-99.8;-1;DOWN
2025-04-27T13:30;2025-04-27T13:45;55;EUR;MWh;NO;NO;;-76;-76;-76;-1;DOWN
2025-04-27T13:45;2025-04-27T14:00;56;EUR;MWh;NO;NO;;-70;-70;-70;-1;DOWN
2025-04-27T14:00;2025-04-27T14:15;57;EUR;MWh;NO;NO;1;-60;4;-60;2;UP_AND_DOWN
2025-04-27T14:15;2025-04-27T14:30;58;EUR;MWh;NO;NO;;-70;-70;-70;-1;DOWN
2025-04-27T14:30;2025-04-27T14:45;59;EUR;MWh;NO;NO;69.8;-60;69.8;-60;2;UP_AND_DOWN
2025-04-27T14:45;2025-04-27T15:00;60;EUR;MWh;NO;NO;88.56;-70;88.56;-70;2;UP_AND_DOWN
2025-04-27T15:00;2025-04-27T15:15;61;EUR;MWh;NO;NO;107.5;-70;107.5;107.5;1;UP
2025-04-27T15:15;2025-04-27T15:30;62;EUR;MWh;NO;NO;;10;10;10;-1;DOWN
2025-04-27T15:30;2025-04-27T15:45;63;EUR;MWh;NO;NO;40;10;40;10;2;UP_AND_DOWN
2025-04-27T15:45;2025-04-27T16:00;64;EUR;MWh;NO;NO;78.56;;78.56;78.56;1;UP
2025-04-27T16:00;2025-04-27T16:15;65;EUR;MWh;NO;NO;76.56;-30;-30;-30;-1;DOWN
2025-04-27T16:15;2025-04-27T16:30;66;EUR;MWh;NO;NO;;-50;-50;-50;-1;DOWN
2025-04-27T16:30;2025-04-27T16:45;67;EUR;MWh;NO;NO;;20;20;20;-1;DOWN
2025-04-27T16:45;2025-04-27T17:00;68;EUR;MWh;NO;NO;107.1;56;107.1;56;2;UP_AND_DOWN
2025-04-27T17:00;2025-04-27T17:15;69;EUR;MWh;NO;NO;129.98;-30;129.98;-30;2;UP_AND_DOWN
2025-04-27T17:15;2025-04-27T17:30;70;EUR;MWh;NO;NO;;-37;-37;-37;-1;DOWN
2025-04-27T17:30;2025-04-27T17:45;71;EUR;MWh;NO;NO;108;-37;108;108;1;UP
2025-04-27T17:45;2025-04-27T18:00;72;EUR;MWh;NO;NO;108;;108;108;1;UP
2025-04-27T18:00;2025-04-27T18:15;73;EUR;MWh;NO;NO;43;-30;53.5;-30;2;UP_AND_DOWN
2025-04-27T18:15;2025-04-27T18:30;74;EUR;MWh;NO;NO;88.56;58;88.56;54.55;2;UP_AND_DOWN
2025-04-27T18:30;2025-04-27T18:45;75;EUR;MWh;NO;NO;125.98;;125.98;125.98;1;UP
2025-04-27T18:45;2025-04-27T19:00;76;EUR;MWh;NO;NO;125.98;1;125.98;1;2;UP_AND_DOWN
2025-04-27T19:00;2025-04-27T19:15;77;EUR;MWh;NO;NO;;60.98;60.98;60.98;-1;DOWN
2025-04-27T19:15;2025-04-27T19:30;78;EUR;MWh;NO;NO;91.84;60.98;91.84;91.84;1;UP
2025-04-27T19:30;2025-04-27T19:45;79;EUR;MWh;NO;NO;119.7;;119.7;119.7;1;UP
2025-04-27T19:45;2025-04-27T20:00;80;EUR;MWh;NO;NO;122.98;;122.98;122.98;1;UP
2025-04-27T20:00;2025-04-27T20:15;81;EUR;MWh;NO;NO;108.1;74.85;108.1;66.5;2;UP_AND_DOWN
2025-04-27T20:15;2025-04-27T20:30;82;EUR;MWh;NO;NO;;89;89;89;-1;DOWN
2025-04-27T20:30;2025-04-27T20:45;83;EUR;MWh;NO;NO;122.3;;122.3;122.3;1;UP
2025-04-27T20:45;2025-04-27T21:00;84;EUR;MWh;NO;NO;108.1;;108.1;108.1;1;UP
2025-04-27T21:00;2025-04-27T21:15;85;EUR;MWh;NO;NO;133.06;;133.06;133.06;1;UP
2025-04-27T21:15;2025-04-27T21:30;86;EUR;MWh;NO;NO;133.06;67.31;67.31;67.31;-1;DOWN
2025-04-27T21:30;2025-04-27T21:45;87;EUR;MWh;NO;NO;;67.65;67.65;67.65;-1;DOWN
2025-04-27T21:45;2025-04-27T22:00;88;EUR;MWh;NO;NO;;53.28;53.28;53.28;-1;DOWN
2025-04-27T22:00;2025-04-27T22:15;89;EUR;MWh;NO;NO;108;58;108;58;2;UP_AND_DOWN
2025-04-27T22:15;2025-04-27T22:30;90;EUR;MWh;NO;NO;107.9;63.98;107.9;63.98;2;UP_AND_DOWN
2025-04-27T22:30;2025-04-27T22:45;91;EUR;MWh;NO;NO;44;59.93;66;59.93;2;UP_AND_DOWN
2025-04-27T22:45;2025-04-27T23:00;92;EUR;MWh;NO;NO;108.2;59.93;108.2;59.93;2;UP_AND_DOWN
2025-04-27T23:00;2025-04-27T23:15;93;EUR;MWh;NO;NO;78.56;54.98;78.56;54.98;2;UP_AND_DOWN
2025-04-27T23:15;2025-04-27T23:30;94;EUR;MWh;NO;NO;108.1;61.19;108.1;61.19;2;UP_AND_DOWN
2025-04-27T23:30;2025-04-27T23:45;95;EUR;MWh;NO;NO;108;59;108;59;2;UP_AND_DOWN
2025-04-27T23:45;2025-04-28T00:00;96;EUR;MWh;NO;NO;78.56;63.98;78.56;60.99;2;UP_AND_DOWN
2025-04-28T00:00;2025-04-28T00:15;1;EUR;MWh;NO;NO;108.4;50.98;108.4;50.98;2;UP_AND_DOWN
2025-04-28T00:15;2025-04-28T00:30;2;EUR;MWh;NO;NO;89.98;;89.98;89.98;1;UP
2025-04-28T00:30;2025-04-28T00:45;3;EUR;MWh;NO;NO;;71.77;71.77;71.77;-1;DOWN
2025-04-28T00:45;2025-04-28T01:00;4;EUR;MWh;NO;NO;;66.3;66.3;66.3;-1;DOWN
2025-04-28T01:00;2025-04-28T01:15;5;EUR;MWh;NO;NO;108.2;85;108.2;64.5;2;UP_AND_DOWN
2025-04-28T01:15;2025-04-28T01:30;6;EUR;MWh;NO;NO;111;;111;111;1;UP
2025-04-28T01:30;2025-04-28T01:45;7;EUR;MWh;NO;NO;95;;95;95;1;UP
2025-04-28T01:45;2025-04-28T02:00;8;EUR;MWh;NO;NO;68.56;66.3;68.56;61;2;UP_AND_DOWN
2025-04-28T02:00;2025-04-28T02:15;9;EUR;MWh;NO;NO;99.98;66.6;99.98;66.6;2;UP_AND_DOWN
2025-04-28T02:15;2025-04-28T02:30;10;EUR;MWh;NO;NO;91.98;;91.98;91.98;1;UP
2025-04-28T02:30;2025-04-28T02:45;11;EUR;MWh;NO;NO;91.98;;91.98;91.98;1;UP
2025-04-28T02:45;2025-04-28T03:00;12;EUR;MWh;NO;NO;84.98;;84.98;84.98;1;UP
2025-04-28T03:00;2025-04-28T03:15;13;EUR;MWh;NO;NO;92;;92;92;1;UP
2025-04-28T03:15;2025-04-28T03:30;14;EUR;MWh;NO;NO;84.98;;84.98;84.98;1;UP
2025-04-28T03:30;2025-04-28T03:45;15;EUR;MWh;NO;NO;84.98;;84.98;84.98;1;UP
2025-04-28T03:45;2025-04-28T04:00;16;EUR;MWh;NO;NO;84.98;;84.98;84.98;1;UP
2025-04-28T04:00;2025-04-28T04:15;17;EUR;MWh;NO;NO;58.56;;58.56;58.56;1;UP
2025-04-28T04:15;2025-04-28T04:30;18;EUR;MWh;NO;NO;58.56;;58.56;58.56;1;UP
2025-04-28T04:30;2025-04-28T04:45;19;EUR;MWh;NO;NO;58.56;;70.65;70.65;0;STABLE
2025-04-28T04:45;2025-04-28T05:00;20;EUR;MWh;NO;NO;84.98;73;84.98;58.5;2;UP_AND_DOWN
2025-04-28T05:00;2025-04-28T05:15;21;EUR;MWh;NO;NO;158;67.1;158;58.5;2;UP_AND_DOWN
2025-04-28T05:15;2025-04-28T05:30;22;EUR;MWh;NO;NO;150;71.79;150;59;2;UP_AND_DOWN
2025-04-28T05:30;2025-04-28T05:45;23;EUR;MWh;NO;NO;128.98;;128.98;128.98;1;UP
2025-04-28T05:45;2025-04-28T06:00;24;EUR;MWh;NO;NO;128.98;;128.98;128.98;1;UP
2025-04-28T06:00;2025-04-28T06:15;25;EUR;MWh;NO;NO;150;;150;150;1;UP
2025-04-28T06:15;2025-04-28T06:30;26;EUR;MWh;NO;NO;158;;158;158;1;UP
2025-04-28T06:30;2025-04-28T06:45;27;EUR;MWh;NO;NO;149;;149;149;1;UP
2025-04-28T06:45;2025-04-28T07:00;28;EUR;MWh;NO;NO;124.98;;124.98;124.98;1;UP
2025-04-28T07:00;2025-04-28T07:15;29;EUR;MWh;NO;NO;108.2;67.01;67.01;67.01;-1;DOWN
2025-04-28T07:15;2025-04-28T07:30;30;EUR;MWh;NO;NO;;44.98;44.98;44.98;-1;DOWN
2025-04-28T07:30;2025-04-28T07:45;31;EUR;MWh;NO;NO;;19.57;19.57;19.57;-1;DOWN
2025-04-28T07:45;2025-04-28T08:00;32;EUR;MWh;NO;NO;;18.98;18.98;18.98;-1;DOWN
2025-04-28T08:00;2025-04-28T08:15;33;EUR;MWh;NO;NO;;66.4;66.4;66.4;-1;DOWN
2025-04-28T08:15;2025-04-28T08:30;34;EUR;MWh;NO;NO;;44;44;44;-1;DOWN
2025-04-28T08:30;2025-04-28T08:45;35;EUR;MWh;NO;NO;;44;44;44;-1;DOWN
2025-04-28T08:45;2025-04-28T09:00;36;EUR;MWh;NO;NO;;35;35;35;-1;DOWN
2025-04-28T09:00;2025-04-28T09:15;37;EUR;MWh;NO;NO;150.2;-60;150.2;-60;2;UP_AND_DOWN
2025-04-28T09:15;2025-04-28T09:30;38;EUR;MWh;NO;NO;108.1;19.67;19.67;19.67;-1;DOWN
2025-04-28T09:30;2025-04-28T09:45;39;EUR;MWh;NO;NO;108.1;-12;-12;-12;-1;DOWN
2025-04-28T09:45;2025-04-28T10:00;40;EUR;MWh;NO;NO;;-21;-21;-21;-1;DOWN
2025-04-28T10:00;2025-04-28T10:15;41;EUR;MWh;NO;NO;133;66;133;49.58;2;UP_AND_DOWN
2025-04-28T10:15;2025-04-28T10:30;42;EUR;MWh;NO;NO;33.13;-30;50.57;-30;2;UP_AND_DOWN
2025-04-28T10:30;2025-04-28T10:45;43;EUR;MWh;NO;NO;;-30;-30;-30;-1;DOWN
2025-04-28T10:45;2025-04-28T11:00;44;EUR;MWh;NO;NO;;-30;-30;-30;-1;DOWN
2025-04-28T11:00;2025-04-28T11:15;45;EUR;MWh;NO;NO;99.98;-30;99.98;99.98;1;UP
2025-04-28T11:15;2025-04-28T11:30;46;EUR;MWh;NO;NO;68.56;;68.56;68.56;1;UP
2025-04-28T11:30;2025-04-28T11:45;47;EUR;MWh;NO;NO;51.1;-22;52.49;-22;2;UP_AND_DOWN
2025-04-28T11:45;2025-04-28T12:00;48;EUR;MWh;NO;NO;;-22;-22;-22;-1;DOWN
2025-04-28T12:00;2025-04-28T12:15;49;EUR;MWh;NO;NO;118.7;10;118.7;10;2;UP_AND_DOWN
2025-04-28T12:15;2025-04-28T12:30;50;EUR;MWh;NO;NO;118.7;10;10;10;-1;DOWN
2025-04-28T12:30;2025-04-28T12:45;51;EUR;MWh;NO;NO;49.65;19.57;53.32;19.57;2;UP_AND_DOWN
2025-04-28T12:45;2025-04-28T13:00;52;EUR;MWh;NO;NO;;-30;-30;-30;-1;DOWN
2025-04-28T13:00;2025-04-28T13:15;53;EUR;MWh;NO;NO;;-31;-31;-31;-1;DOWN
2025-04-28T13:15;2025-04-28T13:30;54;EUR;MWh;NO;NO;;-50;-50;-50;-1;DOWN
2025-04-28T13:30;2025-04-28T13:45;55;EUR;MWh;NO;NO;;-31;-31;-31;-1;DOWN
2025-04-28T13:45;2025-04-28T14:00;56;EUR;MWh;NO;NO;78.56;-60;78.56;-60;2;UP_AND_DOWN
2025-04-28T14:00;2025-04-28T14:15;57;EUR;MWh;NO;NO;82.79;-18.5;82.79;-18.5;2;UP_AND_DOWN
2025-04-28T14:15;2025-04-28T14:30;58;EUR;MWh;NO;NO;;-30;-30;-30;-1;DOWN
2025-04-28T14:30;2025-04-28T14:45;59;EUR;MWh;NO;NO;;-30;-30;-30;-1;DOWN
2025-04-28T14:45;2025-04-28T15:00;60;EUR;MWh;NO;NO;;-11;-11;-11;-1;DOWN
2025-04-28T15:00;2025-04-28T15:15;61;EUR;MWh;NO;NO;;-59.8;-59.8;-59.8;-1;DOWN
2025-04-28T15:15;2025-04-28T15:30;62;EUR;MWh;NO;NO;78.56;-41;78.56;-41;2;UP_AND_DOWN
2025-04-28T15:30;2025-04-28T15:45;63;EUR;MWh;NO;NO;;19.57;19.57;19.57;-1;DOWN
2025-04-28T15:45;2025-04-28T16:00;64;EUR;MWh;NO;NO;107.9;;107.9;107.9;1;UP
2025-04-28T16:00;2025-04-28T16:15;65;EUR;MWh;NO;NO;88.98;-22;88.98;-22;2;UP_AND_DOWN
2025-04-28T16:15;2025-04-28T16:30;66;EUR;MWh;NO;NO;140;-50;140;-50;2;UP_AND_DOWN
2025-04-28T16:30;2025-04-28T16:45;67;EUR;MWh;NO;NO;140;56.98;140;140;1;UP
2025-04-28T16:45;2025-04-28T17:00;68;EUR;MWh;NO;NO;107.3;;107.3;107.3;1;UP
2025-04-28T17:00;2025-04-28T17:15;69;EUR;MWh;NO;NO;85.98;10;85.98;10;2;UP_AND_DOWN
2025-04-28T17:15;2025-04-28T17:30;70;EUR;MWh;NO;NO;78.56;19.57;78.56;19.57;2;UP_AND_DOWN
2025-04-28T17:30;2025-04-28T17:45;71;EUR;MWh;NO;NO;107.2;80;107.2;66;2;UP_AND_DOWN
2025-04-28T17:45;2025-04-28T18:00;72;EUR;MWh;NO;NO;99.49;45;99.49;45;2;UP_AND_DOWN
2025-04-28T18:00;2025-04-28T18:15;73;EUR;MWh;NO;NO;;10;10;10;-1;DOWN
2025-04-28T18:15;2025-04-28T18:30;74;EUR;MWh;NO;NO;91.98;51.98;91.98;51.98;2;UP_AND_DOWN
2025-04-28T18:30;2025-04-28T18:45;75;EUR;MWh;NO;NO;108.1;54.98;108.1;54.98;2;UP_AND_DOWN
2025-04-28T18:45;2025-04-28T19:00;76;EUR;MWh;NO;NO;118.7;54.98;118.7;118.7;1;UP
2025-04-28T19:00;2025-04-28T19:15;77;EUR;MWh;NO;NO;58.56;-18.5;58.56;-18.5;2;UP_AND_DOWN
2025-04-28T19:15;2025-04-28T19:30;78;EUR;MWh;NO;NO;;47.98;47.98;47.98;-1;DOWN
2025-04-28T19:30;2025-04-28T19:45;79;EUR;MWh;NO;NO;119.8;47.98;119.8;119.8;1;UP
2025-04-28T19:45;2025-04-28T20:00;80;EUR;MWh;NO;NO;191.2;;191.2;191.2;1;UP
2025-04-28T20:00;2025-04-28T20:15;81;EUR;MWh;NO;NO;200;;200;200;1;UP
2025-04-28T20:15;2025-04-28T20:30;82;EUR;MWh;NO;NO;200;;200;200;1;UP
2025-04-28T20:30;2025-04-28T20:45;83;EUR;MWh;NO;NO;200;;200;200;1;UP
2025-04-28T20:45;2025-04-28T21:00;84;EUR;MWh;NO;NO;170.55;;170.55;170.55;1;UP
2025-04-28T21:00;2025-04-28T21:15;85;EUR;MWh;NO;NO;108.2;;108.2;108.2;1;UP
2025-04-28T21:15;2025-04-28T21:30;86;EUR;MWh;NO;NO;83.98;59.02;59.02;59.02;-1;DOWN
2025-04-28T21:30;2025-04-28T21:45;87;EUR;MWh;NO;NO;;59.98;59.98;59.98;-1;DOWN
2025-04-28T21:45;2025-04-28T22:00;88;EUR;MWh;NO;NO;;59.98;59.98;59.98;-1;DOWN
2025-04-28T22:00;2025-04-28T22:15;89;EUR;MWh;NO;NO;;64;64;64;-1;DOWN
2025-04-28T22:15;2025-04-28T22:30;90;EUR;MWh;NO;NO;;62.98;62.98;62.98;-1;DOWN
2025-04-28T22:30;2025-04-28T22:45;91;EUR;MWh;NO;NO;;63.98;63.98;63.98;-1;DOWN
2025-04-28T22:45;2025-04-28T23:00;92;EUR;MWh;NO;NO;;57.7;57.7;57.7;-1;DOWN
2025-04-28T23:00;2025-04-28T23:15;93;EUR;MWh;NO;NO;;53.02;53.02;53.02;-1;DOWN
2025-04-28T23:15;2025-04-28T23:30;94;EUR;MWh;NO;NO;;57.02;57.02;57.02;-1;DOWN
2025-04-28T23:30;2025-04-28T23:45;95;EUR;MWh;NO;NO;;57.02;57.02;57.02;-1;DOWN
2025-04-28T23:45;2025-04-29T00:00;96;EUR;MWh;NO;NO;78.56;66;78.56;60.5;2;UP_AND_DOWN
2025-04-29T00:00;2025-04-29T00:15;1;EUR;MWh;NO;NO;126.6;;126.6;126.6;1;UP
2025-04-29T00:15;2025-04-29T00:30;2;EUR;MWh;NO;NO;126.6;;126.6;126.6;1;UP
2025-04-29T00:30;2025-04-29T00:45;3;EUR;MWh;NO;NO;83.02;70.98;83.02;70.98;2;UP_AND_DOWN
2025-04-29T00:45;2025-04-29T01:00;4;EUR;MWh;NO;NO;59;65.2;70.99;65.2;2;UP_AND_DOWN
2025-04-29T01:00;2025-04-29T01:15;5;EUR;MWh;NO;NO;83.39;60;83.39;60;2;UP_AND_DOWN
2025-04-29T01:15;2025-04-29T01:30;6;EUR;MWh;NO;NO;70.56;73;71.5;71.5;2;UP_AND_DOWN
2025-04-29T01:30;2025-04-29T01:45;7;EUR;MWh;NO;NO;;74;74;74;-1;DOWN
2025-04-29T01:45;2025-04-29T02:00;8;EUR;MWh;NO;NO;;98.98;98.98;98.98;-1;DOWN
2025-04-29T02:00;2025-04-29T02:15;9;EUR;MWh;NO;NO;95;98.98;95;84.77;2;UP_AND_DOWN
2025-04-29T02:15;2025-04-29T02:30;10;EUR;MWh;NO;NO;78.56;;78.56;78.56;1;UP
2025-04-29T02:30;2025-04-29T02:45;11;EUR;MWh;NO;NO;90;;90;90;1;UP
2025-04-29T02:45;2025-04-29T03:00;12;EUR;MWh;NO;NO;90.39;;90.39;90.39;1;UP
2025-04-29T03:00;2025-04-29T03:15;13;EUR;MWh;NO;NO;90.39;;90.39;90.39;1;UP
2025-04-29T03:15;2025-04-29T03:30;14;EUR;MWh;NO;NO;88.56;;88.56;88.56;1;UP
2025-04-29T03:30;2025-04-29T03:45;15;EUR;MWh;NO;NO;103.09;;103.09;103.09;1;UP
2025-04-29T03:45;2025-04-29T04:00;16;EUR;MWh;NO;NO;103.09;;103.09;103.09;1;UP
2025-04-29T04:00;2025-04-29T04:15;17;EUR;MWh;NO;NO;93.09;;93.09;93.09;1;UP
2025-04-29T04:15;2025-04-29T04:30;18;EUR;MWh;NO;NO;107;;107;107;1;UP
2025-04-29T04:30;2025-04-29T04:45;19;EUR;MWh;NO;NO;126.98;;126.98;126.98;1;UP
2025-04-29T04:45;2025-04-29T05:00;20;EUR;MWh;NO;NO;110.98;;110.98;110.98;1;UP
2025-04-29T05:00;2025-04-29T05:15;21;EUR;MWh;NO;NO;94.57;74;94.57;70.99;2;UP_AND_DOWN
2025-04-29T05:15;2025-04-29T05:30;22;EUR;MWh;NO;NO;;71.48;71.48;71.48;-1;DOWN
2025-04-29T05:30;2025-04-29T05:45;23;EUR;MWh;NO;NO;103.09;63.23;103.09;63.23;2;UP_AND_DOWN
2025-04-29T05:45;2025-04-29T06:00;24;EUR;MWh;NO;NO;108.09;94;108.09;108.09;1;UP
2025-04-29T06:00;2025-04-29T06:15;25;EUR;MWh;NO;NO;117;63;117;63;2;UP_AND_DOWN
2025-04-29T06:15;2025-04-29T06:30;26;EUR;MWh;NO;NO;118.09;86;118.09;70.99;2;UP_AND_DOWN
2025-04-29T06:30;2025-04-29T06:45;27;EUR;MWh;NO;NO;;59.12;59.12;59.12;-1;DOWN
2025-04-29T06:45;2025-04-29T07:00;28;EUR;MWh;NO;NO;;59.47;59.47;59.47;-1;DOWN
2025-04-29T07:00;2025-04-29T07:15;29;EUR;MWh;NO;NO;;58.18;58.18;58.18;-1;DOWN
2025-04-29T07:15;2025-04-29T07:30;30;EUR;MWh;NO;NO;;55.52;55.52;55.52;-1;DOWN
2025-04-29T07:30;2025-04-29T07:45;31;EUR;MWh;NO;NO;;43;43;43;-1;DOWN
2025-04-29T07:45;2025-04-29T08:00;32;EUR;MWh;NO;NO;;33;33;33;-1;DOWN
2025-04-29T08:00;2025-04-29T08:15;33;EUR;MWh;NO;NO;60.94;-30;60.94;-30;2;UP_AND_DOWN
2025-04-29T08:15;2025-04-29T08:30;34;EUR;MWh;NO;NO;95;;95;95;1;UP
2025-04-29T08:30;2025-04-29T08:45;35;EUR;MWh;NO;NO;70.56;68.13;70.56;58.07;2;UP_AND_DOWN
2025-04-29T08:45;2025-04-29T09:00;36;EUR;MWh;NO;NO;;55.42;55.42;55.42;-1;DOWN
2025-04-29T09:00;2025-04-29T09:15;37;EUR;MWh;NO;NO;70.56;10.4;70.56;10.4;2;UP_AND_DOWN
2025-04-29T09:15;2025-04-29T09:30;38;EUR;MWh;NO;NO;108;10.3;108;10.3;2;UP_AND_DOWN
2025-04-29T09:30;2025-04-29T09:45;39;EUR;MWh;NO;NO;80.57;10.4;80.57;10.4;2;UP_AND_DOWN
2025-04-29T09:45;2025-04-29T10:00;40;EUR;MWh;NO;NO;80.57;9.57;9.57;9.57;-1;DOWN
2025-04-29T10:00;2025-04-29T10:15;41;EUR;MWh;NO;NO;;-49.9;-49.9;-49.9;-1;DOWN
2025-04-29T10:15;2025-04-29T10:30;42;EUR;MWh;NO;NO;30;-31;57.5;-31;2;UP_AND_DOWN
2025-04-29T10:30;2025-04-29T10:45;43;EUR;MWh;NO;NO;;-31;-31;-31;-1;DOWN
2025-04-29T10:45;2025-04-29T11:00;44;EUR;MWh;NO;NO;;-31;-31;-31;-1;DOWN
2025-04-29T11:00;2025-04-29T11:15;45;EUR;MWh;NO;NO;;-31;-31;-31;-1;DOWN
2025-04-29T11:15;2025-04-29T11:30;46;EUR;MWh;NO;NO;;-31;-31;-31;-1;DOWN
2025-04-29T11:30;2025-04-29T11:45;47;EUR;MWh;NO;NO;;-37;-37;-37;-1;DOWN
2025-04-29T11:45;2025-04-29T12:00;48;EUR;MWh;NO;NO;;-32.66;-32.66;-32.66;-1;DOWN
2025-04-29T12:00;2025-04-29T12:15;49;EUR;MWh;NO;NO;32;45;48.3;45;2;UP_AND_DOWN
2025-04-29T12:15;2025-04-29T12:30;50;EUR;MWh;NO;NO;;5;5;5;-1;DOWN
2025-04-29T12:30;2025-04-29T12:45;51;EUR;MWh;NO;NO;;9.57;9.57;9.57;-1;DOWN
2025-04-29T12:45;2025-04-29T13:00;52;EUR;MWh;NO;NO;;9.57;9.57;9.57;-1;DOWN
2025-04-29T13:00;2025-04-29T13:15;53;EUR;MWh;NO;NO;;38.98;38.98;38.98;-1;DOWN
2025-04-29T13:15;2025-04-29T13:30;54;EUR;MWh;NO;NO;;66.59;66.59;66.59;-1;DOWN
2025-04-29T13:30;2025-04-29T13:45;55;EUR;MWh;NO;NO;;9.57;9.57;9.57;-1;DOWN
2025-04-29T13:45;2025-04-29T14:00;56;EUR;MWh;NO;NO;;-30;-30;-30;-1;DOWN
2025-04-29T14:00;2025-04-29T14:15;57;EUR;MWh;NO;NO;;-30;-30;-30;-1;DOWN
2025-04-29T14:15;2025-04-29T14:30;58;EUR;MWh;NO;NO;;;0;0;-1;DOWN
2025-04-29T14:30;2025-04-29T14:45;59;EUR;MWh;NO;NO;;-18.5;-18.5;-18.5;-1;DOWN
2025-04-29T14:45;2025-04-29T15:00;60;EUR;MWh;NO;NO;;-18.5;-18.5;-18.5;-1;DOWN
2025-04-29T15:00;2025-04-29T15:15;61;EUR;MWh;NO;NO;;9.57;9.57;9.57;-1;DOWN
2025-04-29T15:15;2025-04-29T15:30;62;EUR;MWh;NO;NO;;;0;0;-1;DOWN
2025-04-29T15:30;2025-04-29T15:45;63;EUR;MWh;NO;NO;;9.57;9.57;9.57;-1;DOWN
2025-04-29T15:45;2025-04-29T16:00;64;EUR;MWh;NO;NO;;9.57;50;50;0;STABLE
2025-04-29T16:00;2025-04-29T16:15;65;EUR;MWh;NO;NO;;9.57;9.57;9.57;-1;DOWN
2025-04-29T16:15;2025-04-29T16:30;66;EUR;MWh;NO;NO;;9.57;9.57;9.57;-1;DOWN
2025-04-29T16:30;2025-04-29T16:45;67;EUR;MWh;NO;NO;;9.57;9.57;9.57;-1;DOWN
2025-04-29T16:45;2025-04-29T17:00;68;EUR;MWh;NO;NO;108.1;9.57;108.1;108.1;1;UP
2025-04-29T17:00;2025-04-29T17:15;69;EUR;MWh;NO;NO;94.57;;94.57;94.57;1;UP
2025-04-29T17:15;2025-04-29T17:30;70;EUR;MWh;NO;NO;95;;95;95;1;UP
2025-04-29T17:30;2025-04-29T17:45;71;EUR;MWh;NO;NO;124.57;69;124.57;50.5;2;UP_AND_DOWN
2025-04-29T17:45;2025-04-29T18:00;72;EUR;MWh;NO;NO;122;10;122;10;2;UP_AND_DOWN
2025-04-29T18:00;2025-04-29T18:15;73;EUR;MWh;NO;NO;;72.98;72.98;72.98;-1;DOWN
2025-04-29T18:15;2025-04-29T18:30;74;EUR;MWh;NO;NO;89.57;47.08;89.57;47.08;2;UP_AND_DOWN
2025-04-29T18:30;2025-04-29T18:45;75;EUR;MWh;NO;NO;122;70.18;122;61;2;UP_AND_DOWN
2025-04-29T18:45;2025-04-29T19:00;76;EUR;MWh;NO;NO;124.57;;124.57;124.57;1;UP
2025-04-29T19:00;2025-04-29T19:15;77;EUR;MWh;NO;NO;99;69;99;60.5;2;UP_AND_DOWN
2025-04-29T19:15;2025-04-29T19:30;78;EUR;MWh;NO;NO;108.1;;108.1;108.1;1;UP
2025-04-29T19:30;2025-04-29T19:45;79;EUR;MWh;NO;NO;167.98;;167.98;167.98;1;UP
2025-04-29T19:45;2025-04-29T20:00;80;EUR;MWh;NO;NO;168;;168;168;1;UP
2025-04-29T20:00;2025-04-29T20:15;81;EUR;MWh;NO;NO;166.49;77;166.49;73.78;2;UP_AND_DOWN
2025-04-29T20:15;2025-04-29T20:30;82;EUR;MWh;NO;NO;147.98;;147.98;147.98;1;UP
2025-04-29T20:30;2025-04-29T20:45;83;EUR;MWh;NO;NO;139.12;;139.12;139.12;1;UP
2025-04-29T20:45;2025-04-29T21:00;84;EUR;MWh;NO;NO;123.09;;123.09;123.09;1;UP
2025-04-29T21:00;2025-04-29T21:15;85;EUR;MWh;NO;NO;108.09;;108.09;108.09;1;UP
2025-04-29T21:15;2025-04-29T21:30;86;EUR;MWh;NO;NO;108.09;;108.09;108.09;1;UP
2025-04-29T21:30;2025-04-29T21:45;87;EUR;MWh;NO;NO;107.8;100;107.8;107.8;1;UP
2025-04-29T21:45;2025-04-29T22:00;88;EUR;MWh;NO;NO;107.8;68.98;68.98;68.98;-1;DOWN
2025-04-29T22:00;2025-04-29T22:15;89;EUR;MWh;NO;NO;;55.42;55.42;55.42;-1;DOWN
2025-04-29T22:15;2025-04-29T22:30;90;EUR;MWh;NO;NO;;58.13;58.13;58.13;-1;DOWN
2025-04-29T22:30;2025-04-29T22:45;91;EUR;MWh;NO;NO;;43;43;43;-1;DOWN
2025-04-29T22:45;2025-04-29T23:00;92;EUR;MWh;NO;NO;;33;33;33;-1;DOWN
2025-04-29T23:00;2025-04-29T23:15;93;EUR;MWh;NO;NO;43;40.98;65.5;40.98;2;UP_AND_DOWN
2025-04-29T23:15;2025-04-29T23:30;94;EUR;MWh;NO;NO;73.56;60;73.56;60;2;UP_AND_DOWN
2025-04-29T23:30;2025-04-29T23:45;95;EUR;MWh;NO;NO;;58.29;58.29;58.29;-1;DOWN
2025-04-29T23:45;2025-04-30T00:00;96;EUR;MWh;NO;NO;;49.42;49.42;49.42;-1;DOWN
2025-04-30T00:00;2025-04-30T00:15;1;EUR;MWh;NO;NO;;23.98;23.98;23.98;-1;DOWN
2025-04-30T00:15;2025-04-30T00:30;2;EUR;MWh;NO;NO;95;;95;95;1;UP
2025-04-30T00:30;2025-04-30T00:45;3;EUR;MWh;NO;NO;;69.11;69.11;69.11;-1;DOWN
2025-04-30T00:45;2025-04-30T01:00;4;EUR;MWh;NO;NO;;72.11;72.11;72.11;-1;DOWN
2025-04-30T01:00;2025-04-30T01:15;5;EUR;MWh;NO;NO;107.5;74.98;107.5;107.5;1;UP
2025-04-30T01:15;2025-04-30T01:30;6;EUR;MWh;NO;NO;90;;90;90;1;UP
2025-04-30T01:30;2025-04-30T01:45;7;EUR;MWh;NO;NO;107.5;;107.5;107.5;1;UP
2025-04-30T01:45;2025-04-30T02:00;8;EUR;MWh;NO;NO;82.42;;82.42;82.42;1;UP
2025-04-30T02:00;2025-04-30T02:15;9;EUR;MWh;NO;NO;150;;150;150;1;UP
2025-04-30T02:15;2025-04-30T02:30;10;EUR;MWh;NO;NO;121.01;;121.01;121.01;1;UP
2025-04-30T02:30;2025-04-30T02:45;11;EUR;MWh;NO;NO;112.42;;112.42;112.42;1;UP
2025-04-30T02:45;2025-04-30T03:00;12;EUR;MWh;NO;NO;107.8;;107.8;107.8;1;UP
2025-04-30T03:00;2025-04-30T03:15;13;EUR;MWh;NO;NO;96.01;;96.01;96.01;1;UP
2025-04-30T03:15;2025-04-30T03:30;14;EUR;MWh;NO;NO;81.98;;81.98;81.98;1;UP
2025-04-30T03:30;2025-04-30T03:45;15;EUR;MWh;NO;NO;51;;51;51;1;UP
2025-04-30T03:45;2025-04-30T04:00;16;EUR;MWh;NO;NO;58.56;;58.56;58.56;1;UP
2025-04-30T04:00;2025-04-30T04:15;17;EUR;MWh;NO;NO;63;;63;63;1;UP
2025-04-30T04:15;2025-04-30T04:30;18;EUR;MWh;NO;NO;63;;63;63;1;UP
2025-04-30T04:30;2025-04-30T04:45;19;EUR;MWh;NO;NO;107.6;;107.6;107.6;1;UP
2025-04-30T04:45;2025-04-30T05:00;20;EUR;MWh;NO;NO;92.42;;92.42;92.42;1;UP
2025-04-30T05:00;2025-04-30T05:15;21;EUR;MWh;NO;NO;79;100;100;100;-1;DOWN
2025-04-30T05:15;2025-04-30T05:30;22;EUR;MWh;NO;NO;102;97.98;102;71.5;2;UP_AND_DOWN
2025-04-30T05:30;2025-04-30T05:45;23;EUR;MWh;NO;NO;127.9;;127.9;127.9;1;UP
2025-04-30T05:45;2025-04-30T06:00;24;EUR;MWh;NO;NO;127.9;;127.9;127.9;1;UP
2025-04-30T06:00;2025-04-30T06:15;25;EUR;MWh;NO;NO;132.1;;132.1;132.1;1;UP
2025-04-30T06:15;2025-04-30T06:30;26;EUR;MWh;NO;NO;134.6;;134.6;134.6;1;UP
2025-04-30T06:30;2025-04-30T06:45;27;EUR;MWh;NO;NO;132.1;;132.1;132.1;1;UP
2025-04-30T06:45;2025-04-30T07:00;28;EUR;MWh;NO;NO;122.98;;122.98;122.98;1;UP
2025-04-30T07:00;2025-04-30T07:15;29;EUR;MWh;NO;NO;107.9;91;107.9;70.99;2;UP_AND_DOWN
2025-04-30T07:15;2025-04-30T07:30;30;EUR;MWh;NO;NO;107.9;63;63;63;-1;DOWN
2025-04-30T07:30;2025-04-30T07:45;31;EUR;MWh;NO;NO;;41.98;41.98;41.98;-1;DOWN
2025-04-30T07:45;2025-04-30T08:00;32;EUR;MWh;NO;NO;;34;34;34;-1;DOWN
2025-04-30T08:00;2025-04-30T08:15;33;EUR;MWh;NO;NO;;39.98;39.98;39.98;-1;DOWN
2025-04-30T08:15;2025-04-30T08:30;34;EUR;MWh;NO;NO;;43;43;43;-1;DOWN
2025-04-30T08:30;2025-04-30T08:45;35;EUR;MWh;NO;NO;;43;43;43;-1;DOWN
2025-04-30T08:45;2025-04-30T09:00;36;EUR;MWh;NO;NO;;66.2;66.2;66.2;-1;DOWN
2025-04-30T09:00;2025-04-30T09:15;37;EUR;MWh;NO;NO;123.7;14.57;123.7;14.57;2;UP_AND_DOWN
2025-04-30T09:15;2025-04-30T09:30;38;EUR;MWh;NO;NO;150;;150;150;1;UP
2025-04-30T09:30;2025-04-30T09:45;39;EUR;MWh;NO;NO;150;;150;150;1;UP
2025-04-30T09:45;2025-04-30T10:00;40;EUR;MWh;NO;NO;150;14.57;14.57;14.57;-1;DOWN
2025-04-30T10:00;2025-04-30T10:15;41;EUR;MWh;NO;NO;;10;10;10;-1;DOWN
2025-04-30T10:15;2025-04-30T10:30;42;EUR;MWh;NO;NO;68.56;-30;68.56;-30;2;UP_AND_DOWN
2025-04-30T10:30;2025-04-30T10:45;43;EUR;MWh;NO;NO;30;-30;49.5;-30;2;UP_AND_DOWN
2025-04-30T10:45;2025-04-30T11:00;44;EUR;MWh;NO;NO;;;56;56;0;STABLE
2025-04-30T11:00;2025-04-30T11:15;45;EUR;MWh;NO;NO;;;56;56;0;STABLE
2025-04-30T11:15;2025-04-30T11:30;46;EUR;MWh;NO;NO;;14.57;14.57;14.57;-1;DOWN
2025-04-30T11:30;2025-04-30T11:45;47;EUR;MWh;NO;NO;;-31;-31;-31;-1;DOWN
2025-04-30T11:45;2025-04-30T12:00;48;EUR;MWh;NO;NO;;-31;-31;-31;-1;DOWN
2025-04-30T12:00;2025-04-30T12:15;49;EUR;MWh;NO;NO;77.98;69;77.98;49.5;2;UP_AND_DOWN
2025-04-30T12:15;2025-04-30T12:30;50;EUR;MWh;NO;NO;;10;10;10;-1;DOWN
2025-04-30T12:30;2025-04-30T12:45;51;EUR;MWh;NO;NO;;-11;-11;-11;-1;DOWN
2025-04-30T12:45;2025-04-30T13:00;52;EUR;MWh;NO;NO;;-31;-31;-31;-1;DOWN
2025-04-30T13:00;2025-04-30T13:15;53;EUR;MWh;NO;NO;;-31;-31;-31;-1;DOWN
2025-04-30T13:15;2025-04-30T13:30;54;EUR;MWh;NO;NO;;-31;-31;-31;-1;DOWN
2025-04-30T13:30;2025-04-30T13:45;55;EUR;MWh;NO;NO;;-31;-31;-31;-1;DOWN
2025-04-30T13:45;2025-04-30T14:00;56;EUR;MWh;NO;NO;;-11;-11;-11;-1;DOWN
2025-04-30T14:00;2025-04-30T14:15;57;EUR;MWh;NO;NO;;-56.2;-56.2;-56.2;-1;DOWN
2025-04-30T14:15;2025-04-30T14:30;58;EUR;MWh;NO;NO;;-11;-11;-11;-1;DOWN
2025-04-30T14:30;2025-04-30T14:45;59;EUR;MWh;NO;NO;;-30;-30;-30;-1;DOWN
2025-04-30T14:45;2025-04-30T15:00;60;EUR;MWh;NO;NO;;1;1;1;-1;DOWN
2025-04-30T15:00;2025-04-30T15:15;61;EUR;MWh;NO;NO;;1;1;1;-1;DOWN
2025-04-30T15:15;2025-04-30T15:30;62;EUR;MWh;NO;NO;;-18.5;-18.5;-18.5;-1;DOWN
2025-04-30T15:30;2025-04-30T15:45;63;EUR;MWh;NO;NO;31;10;10;10;-1;DOWN
2025-04-30T15:45;2025-04-30T16:00;64;EUR;MWh;NO;NO;65.66;;65.66;65.66;1;UP
2025-04-30T16:00;2025-04-30T16:15;65;EUR;MWh;NO;NO;;-30;-30;-30;-1;DOWN
2025-04-30T16:15;2025-04-30T16:30;66;EUR;MWh;NO;NO;;-29.9;-29.9;-29.9;-1;DOWN
2025-04-30T16:30;2025-04-30T16:45;67;EUR;MWh;NO;NO;68.56;-11;68.56;-11;2;UP_AND_DOWN
2025-04-30T16:45;2025-04-30T17:00;68;EUR;MWh;NO;NO;39;;39;39;1;UP
2025-04-30T17:00;2025-04-30T17:15;69;EUR;MWh;NO;NO;;-30;-30;-30;-1;DOWN
2025-04-30T17:15;2025-04-30T17:30;70;EUR;MWh;NO;NO;107.5;10;107.5;10;2;UP_AND_DOWN
2025-04-30T17:30;2025-04-30T17:45;71;EUR;MWh;NO;NO;122.42;64.19;122.42;49;2;UP_AND_DOWN
2025-04-30T17:45;2025-04-30T18:00;72;EUR;MWh;NO;NO;78.56;14.57;78.56;14.57;2;UP_AND_DOWN
2025-04-30T18:00;2025-04-30T18:15;73;EUR;MWh;NO;NO;21;60.08;60.08;60.08;-1;DOWN
2025-04-30T18:15;2025-04-30T18:30;74;EUR;MWh;NO;NO;114.6;60.08;114.6;114.6;1;UP
2025-04-30T18:30;2025-04-30T18:45;75;EUR;MWh;NO;NO;135;54.42;135;50;2;UP_AND_DOWN
2025-04-30T18:45;2025-04-30T19:00;76;EUR;MWh;NO;NO;95;77;95;50;2;UP_AND_DOWN
2025-04-30T19:00;2025-04-30T19:15;77;EUR;MWh;NO;NO;58.56;72.98;58.56;50.5;2;UP_AND_DOWN
2025-04-30T19:15;2025-04-30T19:30;78;EUR;MWh;NO;NO;91.01;70.98;91.01;51.5;2;UP_AND_DOWN
2025-04-30T19:30;2025-04-30T19:45;79;EUR;MWh;NO;NO;97.42;;97.42;97.42;1;UP
2025-04-30T19:45;2025-04-30T20:00;80;EUR;MWh;NO;NO;108.6;;108.6;108.6;1;UP
2025-04-30T20:00;2025-04-30T20:15;81;EUR;MWh;NO;NO;73.98;69.11;73.98;67.78;2;UP_AND_DOWN
2025-04-30T20:15;2025-04-30T20:30;82;EUR;MWh;NO;NO;106.3;;106.3;106.3;1;UP
2025-04-30T20:30;2025-04-30T20:45;83;EUR;MWh;NO;NO;87.98;;87.98;87.98;1;UP
2025-04-30T20:45;2025-04-30T21:00;84;EUR;MWh;NO;NO;78.56;;78.56;78.56;1;UP
2025-04-30T21:00;2025-04-30T21:15;85;EUR;MWh;NO;NO;157;;157;157;1;UP
2025-04-30T21:15;2025-04-30T21:30;86;EUR;MWh;NO;NO;157;;157;157;1;UP
2025-04-30T21:30;2025-04-30T21:45;87;EUR;MWh;NO;NO;107.2;77;107.2;107.2;1;UP
2025-04-30T21:45;2025-04-30T22:00;88;EUR;MWh;NO;NO;107.7;69.11;107.7;60;2;UP_AND_DOWN
2025-04-30T22:00;2025-04-30T22:15;89;EUR;MWh;NO;NO;;61.8;61.8;61.8;-1;DOWN
2025-04-30T22:15;2025-04-30T22:30;90;EUR;MWh;NO;NO;;50;50;50;-1;DOWN
2025-04-30T22:30;2025-04-30T22:45;91;EUR;MWh;NO;NO;91.01;51;91.01;51;2;UP_AND_DOWN
2025-04-30T22:45;2025-04-30T23:00;92;EUR;MWh;NO;NO;43;56.98;56.98;56.98;-1;DOWN
2025-04-30T23:00;2025-04-30T23:15;93;EUR;MWh;NO;NO;82.42;50;82.42;50;2;UP_AND_DOWN
2025-04-30T23:15;2025-04-30T23:30;94;EUR;MWh;NO;NO;121.27;;121.27;121.27;1;UP
2025-04-30T23:30;2025-04-30T23:45;95;EUR;MWh;NO;NO;78.98;62;78.98;60;2;UP_AND_DOWN
2025-04-30T23:45;2025-05-01T00:00;96;EUR;MWh;NO;NO;;59.28;59.28;59.28;-1;DOWN
