Timeinterval Start Loc;Timeinterval End Loc;Isp;Currency Unit Name;Price Measurement Unit Name;Incident Reserve Up;Incident Reserve Down;Price Dispatch Up;Price Dispatch Down;Price Shortage;Price Surplus;Regulation State;Regulating Condition
2025-09-01T00:00;2025-09-01T00:15;1;EUR;MWh;NO;NO;;52.42;52.42;52.42;-1;DOWN
2025-09-01T00:15;2025-09-01T00:30;2;EUR;MWh;NO;NO;99.12;;99.12;99.12;1;UP
2025-09-01T00:30;2025-09-01T00:45;3;EUR;MWh;NO;NO;150;;150;150;1;UP
2025-09-01T00:45;2025-09-01T01:00;4;EUR;MWh;NO;NO;97;;97;97;1;UP
2025-09-01T01:00;2025-09-01T01:15;5;EUR;MWh;NO;NO;97;;97;97;1;UP
2025-09-01T01:15;2025-09-01T01:30;6;EUR;MWh;NO;NO;104.12;;104.12;104.12;1;UP
2025-09-01T01:30;2025-09-01T01:45;7;EUR;MWh;NO;NO;130.7;;130.7;130.7;1;UP
2025-09-01T01:45;2025-09-01T02:00;8;EUR;MWh;NO;NO;129.9;;129.9;129.9;1;UP
2025-09-01T02:00;2025-09-01T02:15;9;EUR;MWh;NO;NO;109.12;;109.12;109.12;1;UP
2025-09-01T02:15;2025-09-01T02:30;10;EUR;MWh;NO;NO;109.12;;109.12;109.12;1;UP
2025-09-01T02:30;2025-09-01T02:45;11;EUR;MWh;NO;NO;104.12;;104.12;104.12;1;UP
2025-09-01T02:45;2025-09-01T03:00;12;EUR;MWh;NO;NO;83.32;;83.32;83.32;1;UP
2025-09-01T03:00;2025-09-01T03:15;13;EUR;MWh;NO;NO;78.04;;78.04;78.04;1;UP
2025-09-01T03:15;2025-09-01T03:30;14;EUR;MWh;NO;NO;79.36;77.81;79.36;79.36;1;UP
2025-09-01T03:30;2025-09-01T03:45;15;EUR;MWh;NO;NO;94.12;;94.12;94.12;1;UP
2025-09-01T03:45;2025-09-01T04:00;16;EUR;MWh;NO;NO;84.12;;84.12;84.12;1;UP
2025-09-01T04:00;2025-09-01T04:15;17;EUR;MWh;NO;NO;89.9;;89.9;89.9;1;UP
2025-09-01T04:15;2025-09-01T04:30;18;EUR;MWh;NO;NO;;70.35;70.35;70.35;-1;DOWN
2025-09-01T04:30;2025-09-01T04:45;19;EUR;MWh;NO;NO;100;70.35;100;100;1;UP
2025-09-01T04:45;2025-09-01T05:00;20;EUR;MWh;NO;NO;109.12;;109.12;109.12;1;UP
2025-09-01T05:00;2025-09-01T05:15;21;EUR;MWh;NO;NO;129.8;;129.8;129.8;1;UP
2025-09-01T05:15;2025-09-01T05:30;22;EUR;MWh;NO;NO;91.12;;91.12;91.12;1;UP
2025-09-01T05:30;2025-09-01T05:45;23;EUR;MWh;NO;NO;100;;100;100;1;UP
2025-09-01T05:45;2025-09-01T06:00;24;EUR;MWh;NO;NO;104.12;75.57;104.12;61;2;UP_AND_DOWN
2025-09-01T06:00;2025-09-01T06:15;25;EUR;MWh;NO;NO;109.12;70.96;109.12;61;2;UP_AND_DOWN
2025-09-01T06:15;2025-09-01T06:30;26;EUR;MWh;NO;NO;129.7;;129.7;129.7;1;UP
2025-09-01T06:30;2025-09-01T06:45;27;EUR;MWh;NO;NO;130.9;;130.9;130.9;1;UP
2025-09-01T06:45;2025-09-01T07:00;28;EUR;MWh;NO;NO;130.9;;130.9;130.9;1;UP
2025-09-01T07:00;2025-09-01T07:15;29;EUR;MWh;NO;NO;150;;150;150;1;UP
2025-09-01T07:15;2025-09-01T07:30;30;EUR;MWh;NO;NO;150;;150;150;1;UP
2025-09-01T07:30;2025-09-01T07:45;31;EUR;MWh;NO;NO;130.9;;130.9;130.9;1;UP
2025-09-01T07:45;2025-09-01T08:00;32;EUR;MWh;NO;NO;107.3;;107.3;107.3;1;UP
2025-09-01T08:00;2025-09-01T08:15;33;EUR;MWh;NO;NO;112.1;;112.1;112.1;1;UP
2025-09-01T08:15;2025-09-01T08:30;34;EUR;MWh;NO;NO;97.77;82;97.77;97.77;1;UP
2025-09-01T08:30;2025-09-01T08:45;35;EUR;MWh;NO;NO;130.8;;130.8;130.8;1;UP
2025-09-01T08:45;2025-09-01T09:00;36;EUR;MWh;NO;NO;167;;167;167;1;UP
2025-09-01T09:00;2025-09-01T09:15;37;EUR;MWh;NO;NO;179;;179;179;1;UP
2025-09-01T09:15;2025-09-01T09:30;38;EUR;MWh;NO;NO;169;;169;169;1;UP
2025-09-01T09:30;2025-09-01T09:45;39;EUR;MWh;NO;NO;150;;150;150;1;UP
2025-09-01T09:45;2025-09-01T10:00;40;EUR;MWh;NO;NO;81.12;71.99;81.12;61;2;UP_AND_DOWN
2025-09-01T10:00;2025-09-01T10:15;41;EUR;MWh;NO;NO;;53;53;53;-1;DOWN
2025-09-01T10:15;2025-09-01T10:30;42;EUR;MWh;NO;NO;;49.57;49.57;49.57;-1;DOWN
2025-09-01T10:30;2025-09-01T10:45;43;EUR;MWh;NO;NO;;49.57;49.57;49.57;-1;DOWN
2025-09-01T10:45;2025-09-01T11:00;44;EUR;MWh;NO;NO;;45;45;45;-1;DOWN
2025-09-01T11:00;2025-09-01T11:15;45;EUR;MWh;NO;NO;500;75.57;500;57.84;2;UP_AND_DOWN
2025-09-01T11:15;2025-09-01T11:30;46;EUR;MWh;NO;NO;130.8;;130.8;130.8;1;UP
2025-09-01T11:30;2025-09-01T11:45;47;EUR;MWh;NO;NO;131;;131;131;1;UP
2025-09-01T11:45;2025-09-01T12:00;48;EUR;MWh;NO;NO;142.8;;142.8;142.8;1;UP
2025-09-01T12:00;2025-09-01T12:15;49;EUR;MWh;NO;NO;167;;167;167;1;UP
2025-09-01T12:15;2025-09-01T12:30;50;EUR;MWh;NO;NO;79.4;75.57;79.4;79.4;1;UP
2025-09-01T12:30;2025-09-01T12:45;51;EUR;MWh;NO;NO;61.14;75.57;57.79;57.79;0;STABLE
2025-09-01T12:45;2025-09-01T13:00;52;EUR;MWh;NO;NO;61.14;20;20;20;-1;DOWN
2025-09-01T13:00;2025-09-01T13:15;53;EUR;MWh;NO;NO;180;12.1;180;12.1;2;UP_AND_DOWN
2025-09-01T13:15;2025-09-01T13:30;54;EUR;MWh;NO;NO;87.12;40;87.12;40;2;UP_AND_DOWN
2025-09-01T13:30;2025-09-01T13:45;55;EUR;MWh;NO;NO;;10;10;10;-1;DOWN
2025-09-01T13:45;2025-09-01T14:00;56;EUR;MWh;NO;NO;;4.57;4.57;4.57;-1;DOWN
2025-09-01T14:00;2025-09-01T14:15;57;EUR;MWh;NO;NO;;-5.53;-5.53;-5.53;-1;DOWN
2025-09-01T14:15;2025-09-01T14:30;58;EUR;MWh;NO;NO;;-49;-49;-49;-1;DOWN
2025-09-01T14:30;2025-09-01T14:45;59;EUR;MWh;NO;NO;;-50;-50;-50;-1;DOWN
2025-09-01T14:45;2025-09-01T15:00;60;EUR;MWh;NO;NO;;-11;-11;-11;-1;DOWN
2025-09-01T15:00;2025-09-01T15:15;61;EUR;MWh;NO;NO;;10;10;10;-1;DOWN
2025-09-01T15:15;2025-09-01T15:30;62;EUR;MWh;NO;NO;;29;29;29;-1;DOWN
2025-09-01T15:30;2025-09-01T15:45;63;EUR;MWh;NO;NO;94.12;-60.2;94.12;-60.2;2;UP_AND_DOWN
2025-09-01T15:45;2025-09-01T16:00;64;EUR;MWh;NO;NO;;-2.6;-2.6;-2.6;-1;DOWN
2025-09-01T16:00;2025-09-01T16:15;65;EUR;MWh;NO;NO;;29;29;29;-1;DOWN
2025-09-01T16:15;2025-09-01T16:30;66;EUR;MWh;NO;NO;;9;9;9;-1;DOWN
2025-09-01T16:30;2025-09-01T16:45;67;EUR;MWh;NO;NO;84.12;10;84.12;10;2;UP_AND_DOWN
2025-09-01T16:45;2025-09-01T17:00;68;EUR;MWh;NO;NO;100;59.97;100;57.79;2;UP_AND_DOWN
2025-09-01T17:00;2025-09-01T17:15;69;EUR;MWh;NO;NO;130.7;;130.7;130.7;1;UP
2025-09-01T17:15;2025-09-01T17:30;70;EUR;MWh;NO;NO;167;;167;167;1;UP
2025-09-01T17:30;2025-09-01T17:45;71;EUR;MWh;NO;NO;230.05;;230.05;230.05;1;UP
2025-09-01T17:45;2025-09-01T18:00;72;EUR;MWh;NO;NO;677.4;;677.4;677.4;1;UP
2025-09-01T18:00;2025-09-01T18:15;73;EUR;MWh;NO;NO;91.02;62.42;91.02;61;2;UP_AND_DOWN
2025-09-01T18:15;2025-09-01T18:30;74;EUR;MWh;NO;NO;128;64.57;128;62;2;UP_AND_DOWN
2025-09-01T18:30;2025-09-01T18:45;75;EUR;MWh;NO;NO;153;65;153;65;2;UP_AND_DOWN
2025-09-01T18:45;2025-09-01T19:00;76;EUR;MWh;NO;NO;168;;168;168;1;UP
2025-09-01T19:00;2025-09-01T19:15;77;EUR;MWh;NO;NO;254.58;;254.58;254.58;1;UP
2025-09-01T19:15;2025-09-01T19:30;78;EUR;MWh;NO;NO;1935;;1935;1935;1;UP
2025-09-01T19:30;2025-09-01T19:45;79;EUR;MWh;NO;NO;1662;;1662;1662;1;UP
2025-09-01T19:45;2025-09-01T20:00;80;EUR;MWh;NO;NO;3965;;3965;3965;1;UP
2025-09-01T20:00;2025-09-01T20:15;81;EUR;MWh;NO;NO;400;;400;400;1;UP
2025-09-01T20:15;2025-09-01T20:30;82;EUR;MWh;NO;NO;170.7;;170.7;170.7;1;UP
2025-09-01T20:30;2025-09-01T20:45;83;EUR;MWh;NO;NO;175.4;;175.4;175.4;1;UP
2025-09-01T20:45;2025-09-01T21:00;84;EUR;MWh;NO;NO;130.9;;130.9;130.9;1;UP
2025-09-01T21:00;2025-09-01T21:15;85;EUR;MWh;NO;NO;169;;169;169;1;UP
2025-09-01T21:15;2025-09-01T21:30;86;EUR;MWh;NO;NO;130;70.16;130;70;2;UP_AND_DOWN
2025-09-01T21:30;2025-09-01T21:45;87;EUR;MWh;NO;NO;;65;65;65;-1;DOWN
2025-09-01T21:45;2025-09-01T22:00;88;EUR;MWh;NO;NO;;61.89;61.89;61.89;-1;DOWN
2025-09-01T22:00;2025-09-01T22:15;89;EUR;MWh;NO;NO;130.9;65;130.9;65;2;UP_AND_DOWN
2025-09-01T22:15;2025-09-01T22:30;90;EUR;MWh;NO;NO;129.9;68.16;129.9;68.16;2;UP_AND_DOWN
2025-09-01T22:30;2025-09-01T22:45;91;EUR;MWh;NO;NO;130.6;66.96;130.6;66.96;2;UP_AND_DOWN
2025-09-01T22:45;2025-09-01T23:00;92;EUR;MWh;NO;NO;;33.46;33.46;33.46;-1;DOWN
2025-09-01T23:00;2025-09-01T23:15;93;EUR;MWh;NO;NO;130.4;35.84;130.4;35.84;2;UP_AND_DOWN
2025-09-01T23:15;2025-09-01T23:30;94;EUR;MWh;NO;NO;106.79;;106.79;106.79;1;UP
2025-09-01T23:30;2025-09-01T23:45;95;EUR;MWh;NO;NO;106.79;68.97;68.97;68.97;-1;DOWN
2025-09-01T23:45;2025-09-02T00:00;96;EUR;MWh;NO;NO;;68.43;68.43;68.43;-1;DOWN
2025-09-02T00:00;2025-09-02T00:15;1;EUR;MWh;NO;NO;;68.31;68.31;68.31;-1;DOWN
2025-09-02T00:15;2025-09-02T00:30;2;EUR;MWh;NO;NO;73.56;74.24;73.56;62;2;UP_AND_DOWN
2025-09-02T00:30;2025-09-02T00:45;3;EUR;MWh;NO;NO;93.48;75;93.48;57.83;2;UP_AND_DOWN
2025-09-02T00:45;2025-09-02T01:00;4;EUR;MWh;NO;NO;92.44;55.68;92.44;55.68;2;UP_AND_DOWN
2025-09-02T01:00;2025-09-02T01:15;5;EUR;MWh;NO;NO;;45;45;45;-1;DOWN
2025-09-02T01:15;2025-09-02T01:30;6;EUR;MWh;NO;NO;58.56;49.57;49.57;49.57;-1;DOWN
2025-09-02T01:30;2025-09-02T01:45;7;EUR;MWh;NO;NO;58.56;71.76;58.56;57.83;2;UP_AND_DOWN
2025-09-02T01:45;2025-09-02T02:00;8;EUR;MWh;NO;NO;91.48;48.25;48.25;48.25;-1;DOWN
2025-09-02T02:00;2025-09-02T02:15;9;EUR;MWh;NO;NO;116.09;49.57;116.09;49.57;2;UP_AND_DOWN
2025-09-02T02:15;2025-09-02T02:30;10;EUR;MWh;NO;NO;131.2;;131.2;131.2;1;UP
2025-09-02T02:30;2025-09-02T02:45;11;EUR;MWh;NO;NO;139;;139;139;1;UP
2025-09-02T02:45;2025-09-02T03:00;12;EUR;MWh;NO;NO;102.86;;102.86;102.86;1;UP
2025-09-02T03:00;2025-09-02T03:15;13;EUR;MWh;NO;NO;139;;139;139;1;UP
2025-09-02T03:15;2025-09-02T03:30;14;EUR;MWh;NO;NO;;69.18;69.18;69.18;-1;DOWN
2025-09-02T03:30;2025-09-02T03:45;15;EUR;MWh;NO;NO;;70.65;70.65;70.65;-1;DOWN
2025-09-02T03:45;2025-09-02T04:00;16;EUR;MWh;NO;NO;108.27;90;108.27;65;2;UP_AND_DOWN
2025-09-02T04:00;2025-09-02T04:15;17;EUR;MWh;NO;NO;;72.68;72.68;72.68;-1;DOWN
2025-09-02T04:15;2025-09-02T04:30;18;EUR;MWh;NO;NO;131;83;131;131;1;UP
2025-09-02T04:30;2025-09-02T04:45;19;EUR;MWh;NO;NO;147.2;;147.2;147.2;1;UP
2025-09-02T04:45;2025-09-02T05:00;20;EUR;MWh;NO;NO;147.2;;147.2;147.2;1;UP
2025-09-02T05:00;2025-09-02T05:15;21;EUR;MWh;NO;NO;147.3;;147.3;147.3;1;UP
2025-09-02T05:15;2025-09-02T05:30;22;EUR;MWh;NO;NO;123;;123;123;1;UP
2025-09-02T05:30;2025-09-02T05:45;23;EUR;MWh;NO;NO;80;89;80;64.5;2;UP_AND_DOWN
2025-09-02T05:45;2025-09-02T06:00;24;EUR;MWh;NO;NO;80;49.57;80;49.57;2;UP_AND_DOWN
2025-09-02T06:00;2025-09-02T06:15;25;EUR;MWh;NO;NO;80;50.25;80;50.25;2;UP_AND_DOWN
2025-09-02T06:15;2025-09-02T06:30;26;EUR;MWh;NO;NO;137.3;50.25;137.3;137.3;1;UP
2025-09-02T06:30;2025-09-02T06:45;27;EUR;MWh;NO;NO;131.2;;131.2;131.2;1;UP
2025-09-02T06:45;2025-09-02T07:00;28;EUR;MWh;NO;NO;104.55;71.38;104.55;64;2;UP_AND_DOWN
2025-09-02T07:00;2025-09-02T07:15;29;EUR;MWh;NO;NO;73.56;63.25;73.56;63.25;2;UP_AND_DOWN
2025-09-02T07:15;2025-09-02T07:30;30;EUR;MWh;NO;NO;96.8;70.79;96.8;63.5;2;UP_AND_DOWN
2025-09-02T07:30;2025-09-02T07:45;31;EUR;MWh;NO;NO;125.93;82;125.93;63.5;2;UP_AND_DOWN
2025-09-02T07:45;2025-09-02T08:00;32;EUR;MWh;NO;NO;;55.28;55.28;55.28;-1;DOWN
2025-09-02T08:00;2025-09-02T08:15;33;EUR;MWh;NO;NO;120;55.87;120;55.87;2;UP_AND_DOWN
2025-09-02T08:15;2025-09-02T08:30;34;EUR;MWh;NO;NO;126.04;82;126.04;126.04;1;UP
2025-09-02T08:30;2025-09-02T08:45;35;EUR;MWh;NO;NO;91.73;70.15;91.73;61;2;UP_AND_DOWN
2025-09-02T08:45;2025-09-02T09:00;36;EUR;MWh;NO;NO;;61.35;61.35;61.35;-1;DOWN
2025-09-02T09:00;2025-09-02T09:15;37;EUR;MWh;NO;NO;130.8;75;130.8;61;2;UP_AND_DOWN
2025-09-02T09:15;2025-09-02T09:30;38;EUR;MWh;NO;NO;83.56;50.25;83.56;50.25;2;UP_AND_DOWN
2025-09-02T09:30;2025-09-02T09:45;39;EUR;MWh;NO;NO;42;-5;-5;-5;-1;DOWN
2025-09-02T09:45;2025-09-02T10:00;40;EUR;MWh;NO;NO;;47.07;47.07;47.07;-1;DOWN
2025-09-02T10:00;2025-09-02T10:15;41;EUR;MWh;NO;NO;91.23;46.98;91.23;46.98;2;UP_AND_DOWN
2025-09-02T10:15;2025-09-02T10:30;42;EUR;MWh;NO;NO;3965;46.98;3965;3965;1;UP
2025-09-02T10:30;2025-09-02T10:45;43;EUR;MWh;NO;NO;130.9;51;130.9;49.44;2;UP_AND_DOWN
2025-09-02T10:45;2025-09-02T11:00;44;EUR;MWh;NO;NO;101;-29.7;101;-29.7;2;UP_AND_DOWN
2025-09-02T11:00;2025-09-02T11:15;45;EUR;MWh;NO;NO;;-34.79;-34.79;-34.79;-1;DOWN
2025-09-02T11:15;2025-09-02T11:30;46;EUR;MWh;NO;NO;;4.57;4.57;4.57;-1;DOWN
2025-09-02T11:30;2025-09-02T11:45;47;EUR;MWh;NO;NO;;-30;-30;-30;-1;DOWN
2025-09-02T11:45;2025-09-02T12:00;48;EUR;MWh;NO;NO;69.86;-30;69.86;-30;2;UP_AND_DOWN
2025-09-02T12:00;2025-09-02T12:15;49;EUR;MWh;NO;NO;99;-30;99;-30;2;UP_AND_DOWN
2025-09-02T12:15;2025-09-02T12:30;50;EUR;MWh;NO;NO;;-35;-35;-35;-1;DOWN
2025-09-02T12:30;2025-09-02T12:45;51;EUR;MWh;NO;NO;;-30;-30;-30;-1;DOWN
2025-09-02T12:45;2025-09-02T13:00;52;EUR;MWh;NO;NO;;-35;-35;-35;-1;DOWN
2025-09-02T13:00;2025-09-02T13:15;53;EUR;MWh;NO;NO;144;-33.19;144;-33.19;2;UP_AND_DOWN
2025-09-02T13:15;2025-09-02T13:30;54;EUR;MWh;NO;NO;;-16.55;-16.55;-16.55;-1;DOWN
2025-09-02T13:30;2025-09-02T13:45;55;EUR;MWh;NO;NO;;-30;-30;-30;-1;DOWN
2025-09-02T13:45;2025-09-02T14:00;56;EUR;MWh;NO;NO;100;-18.5;100;-18.5;2;UP_AND_DOWN
2025-09-02T14:00;2025-09-02T14:15;57;EUR;MWh;NO;NO;130.9;-30;130.9;-30;2;UP_AND_DOWN
2025-09-02T14:15;2025-09-02T14:30;58;EUR;MWh;NO;NO;130.9;-34.19;-34.19;-34.19;-1;DOWN
2025-09-02T14:30;2025-09-02T14:45;59;EUR;MWh;NO;NO;83.46;-30;83.46;-30;2;UP_AND_DOWN
2025-09-02T14:45;2025-09-02T15:00;60;EUR;MWh;NO;NO;95;46.39;95;46.39;2;UP_AND_DOWN
2025-09-02T15:00;2025-09-02T15:15;61;EUR;MWh;NO;NO;;-6.14;-6.14;-6.14;-1;DOWN
2025-09-02T15:15;2025-09-02T15:30;62;EUR;MWh;NO;NO;95;-30;95;-30;2;UP_AND_DOWN
2025-09-02T15:30;2025-09-02T15:45;63;EUR;MWh;NO;NO;;-6.14;-6.14;-6.14;-1;DOWN
2025-09-02T15:45;2025-09-02T16:00;64;EUR;MWh;NO;NO;;-30;-30;-30;-1;DOWN
2025-09-02T16:00;2025-09-02T16:15;65;EUR;MWh;NO;NO;;-70;-70;-70;-1;DOWN
2025-09-02T16:15;2025-09-02T16:30;66;EUR;MWh;NO;NO;;-10.94;-10.94;-10.94;-1;DOWN
2025-09-02T16:30;2025-09-02T16:45;67;EUR;MWh;NO;NO;;-50.1;-50.1;-50.1;-1;DOWN
2025-09-02T16:45;2025-09-02T17:00;68;EUR;MWh;NO;NO;;-29.6;-29.6;-29.6;-1;DOWN
2025-09-02T17:00;2025-09-02T17:15;69;EUR;MWh;NO;NO;139;-15.08;139;139;1;UP
2025-09-02T17:15;2025-09-02T17:30;70;EUR;MWh;NO;NO;150;;150;150;1;UP
2025-09-02T17:30;2025-09-02T17:45;71;EUR;MWh;NO;NO;155;;155;155;1;UP
2025-09-02T17:45;2025-09-02T18:00;72;EUR;MWh;NO;NO;142.6;;142.6;142.6;1;UP
2025-09-02T18:00;2025-09-02T18:15;73;EUR;MWh;NO;NO;87.99;59.08;87.99;59.08;2;UP_AND_DOWN
2025-09-02T18:15;2025-09-02T18:30;74;EUR;MWh;NO;NO;;49.57;49.57;49.57;-1;DOWN
2025-09-02T18:30;2025-09-02T18:45;75;EUR;MWh;NO;NO;131.1;51.46;131.1;41;2;UP_AND_DOWN
2025-09-02T18:45;2025-09-02T19:00;76;EUR;MWh;NO;NO;131;;131;131;1;UP
2025-09-02T19:00;2025-09-02T19:15;77;EUR;MWh;NO;NO;131;55.76;55.76;55.76;-1;DOWN
2025-09-02T19:15;2025-09-02T19:30;78;EUR;MWh;NO;NO;;61.76;61.76;61.76;-1;DOWN
2025-09-02T19:30;2025-09-02T19:45;79;EUR;MWh;NO;NO;;55.76;55.76;55.76;-1;DOWN
2025-09-02T19:45;2025-09-02T20:00;80;EUR;MWh;NO;NO;;71.28;71.28;71.28;-1;DOWN
2025-09-02T20:00;2025-09-02T20:15;81;EUR;MWh;NO;NO;;63.76;63.76;63.76;-1;DOWN
2025-09-02T20:15;2025-09-02T20:30;82;EUR;MWh;NO;NO;78.56;63.76;63.76;63.76;-1;DOWN
2025-09-02T20:30;2025-09-02T20:45;83;EUR;MWh;NO;NO;96.09;68.76;96.09;61;2;UP_AND_DOWN
2025-09-02T20:45;2025-09-02T21:00;84;EUR;MWh;NO;NO;;50;50;50;-1;DOWN
2025-09-02T21:00;2025-09-02T21:15;85;EUR;MWh;NO;NO;180;61.38;180;61;2;UP_AND_DOWN
2025-09-02T21:15;2025-09-02T21:30;86;EUR;MWh;NO;NO;130.8;65.28;130.8;61;2;UP_AND_DOWN
2025-09-02T21:30;2025-09-02T21:45;87;EUR;MWh;NO;NO;87.99;53.76;87.99;53.76;2;UP_AND_DOWN
2025-09-02T21:45;2025-09-02T22:00;88;EUR;MWh;NO;NO;;50;50;50;-1;DOWN
2025-09-02T22:00;2025-09-02T22:15;89;EUR;MWh;NO;NO;78.56;54.92;78.56;54.92;2;UP_AND_DOWN
2025-09-02T22:15;2025-09-02T22:30;90;EUR;MWh;NO;NO;;62.78;62.78;62.78;-1;DOWN
2025-09-02T22:30;2025-09-02T22:45;91;EUR;MWh;NO;NO;;64;64;64;-1;DOWN
2025-09-02T22:45;2025-09-02T23:00;92;EUR;MWh;NO;NO;;66.25;66.25;66.25;-1;DOWN
2025-09-02T23:00;2025-09-02T23:15;93;EUR;MWh;NO;NO;107.08;68.98;107.08;61;2;UP_AND_DOWN
2025-09-02T23:15;2025-09-02T23:30;94;EUR;MWh;NO;NO;87.77;56.25;56.25;56.25;-1;DOWN
2025-09-02T23:30;2025-09-02T23:45;95;EUR;MWh;NO;NO;;50;50;50;-1;DOWN
2025-09-02T23:45;2025-09-03T00:00;96;EUR;MWh;NO;NO;99.89;66.25;99.89;61;2;UP_AND_DOWN
2025-09-03T00:00;2025-09-03T00:15;1;EUR;MWh;NO;NO;144.9;61.27;144.9;55.14;2;UP_AND_DOWN
2025-09-03T00:15;2025-09-03T00:30;2;EUR;MWh;NO;NO;180;;180;180;1;UP
2025-09-03T00:30;2025-09-03T00:45;3;EUR;MWh;NO;NO;90.13;29.41;90.13;29.41;2;UP_AND_DOWN
2025-09-03T00:45;2025-09-03T01:00;4;EUR;MWh;NO;NO;;50.27;50.27;50.27;-1;DOWN
2025-09-03T01:00;2025-09-03T01:15;5;EUR;MWh;NO;NO;110;50.27;110;110;1;UP
2025-09-03T01:15;2025-09-03T01:30;6;EUR;MWh;NO;NO;92.13;50;92.13;50;2;UP_AND_DOWN
2025-09-03T01:30;2025-09-03T01:45;7;EUR;MWh;NO;NO;;32.55;32.55;32.55;-1;DOWN
2025-09-03T01:45;2025-09-03T02:00;8;EUR;MWh;NO;NO;;50;50;50;-1;DOWN
2025-09-03T02:00;2025-09-03T02:15;9;EUR;MWh;NO;NO;85.13;67;85.13;85.13;1;UP
2025-09-03T02:15;2025-09-03T02:30;10;EUR;MWh;NO;NO;103;;103;103;1;UP
2025-09-03T02:30;2025-09-03T02:45;11;EUR;MWh;NO;NO;103;38;55.14;55.14;0;STABLE
2025-09-03T02:45;2025-09-03T03:00;12;EUR;MWh;NO;NO;;38;38;38;-1;DOWN
2025-09-03T03:00;2025-09-03T03:15;13;EUR;MWh;NO;NO;139;39;139;39;2;UP_AND_DOWN
2025-09-03T03:15;2025-09-03T03:30;14;EUR;MWh;NO;NO;92.13;;92.13;92.13;1;UP
2025-09-03T03:30;2025-09-03T03:45;15;EUR;MWh;NO;NO;100;;100;100;1;UP
2025-09-03T03:45;2025-09-03T04:00;16;EUR;MWh;NO;NO;104;;104;104;1;UP
2025-09-03T04:00;2025-09-03T04:15;17;EUR;MWh;NO;NO;104;;104;104;1;UP
2025-09-03T04:15;2025-09-03T04:30;18;EUR;MWh;NO;NO;105.13;;105.13;105.13;1;UP
2025-09-03T04:30;2025-09-03T04:45;19;EUR;MWh;NO;NO;90.13;;90.13;90.13;1;UP
2025-09-03T04:45;2025-09-03T05:00;20;EUR;MWh;NO;NO;90.13;;90.13;90.13;1;UP
2025-09-03T05:00;2025-09-03T05:15;21;EUR;MWh;NO;NO;100.13;60;100.13;55.14;2;UP_AND_DOWN
2025-09-03T05:15;2025-09-03T05:30;22;EUR;MWh;NO;NO;105;60;105;55.14;2;UP_AND_DOWN
2025-09-03T05:30;2025-09-03T05:45;23;EUR;MWh;NO;NO;105;;105;105;1;UP
2025-09-03T05:45;2025-09-03T06:00;24;EUR;MWh;NO;NO;92.13;-24.75;92.13;-24.75;2;UP_AND_DOWN
2025-09-03T06:00;2025-09-03T06:15;25;EUR;MWh;NO;NO;140;-9.9;140;-9.9;2;UP_AND_DOWN
2025-09-03T06:15;2025-09-03T06:30;26;EUR;MWh;NO;NO;139;;139;139;1;UP
2025-09-03T06:30;2025-09-03T06:45;27;EUR;MWh;NO;NO;132;;132;132;1;UP
2025-09-03T06:45;2025-09-03T07:00;28;EUR;MWh;NO;NO;101;-9.9;101;-9.9;2;UP_AND_DOWN
2025-09-03T07:00;2025-09-03T07:15;29;EUR;MWh;NO;NO;83.13;-5.4;83.13;-5.4;2;UP_AND_DOWN
2025-09-03T07:15;2025-09-03T07:30;30;EUR;MWh;NO;NO;132;;132;132;1;UP
2025-09-03T07:30;2025-09-03T07:45;31;EUR;MWh;NO;NO;132;82;132;61;2;UP_AND_DOWN
2025-09-03T07:45;2025-09-03T08:00;32;EUR;MWh;NO;NO;42;11;11;11;-1;DOWN
2025-09-03T08:00;2025-09-03T08:15;33;EUR;MWh;NO;NO;88.91;14;88.91;14;2;UP_AND_DOWN
2025-09-03T08:15;2025-09-03T08:30;34;EUR;MWh;NO;NO;88.91;-2.47;-2.47;-2.47;-1;DOWN
2025-09-03T08:30;2025-09-03T08:45;35;EUR;MWh;NO;NO;;1;1;1;-1;DOWN
2025-09-03T08:45;2025-09-03T09:00;36;EUR;MWh;NO;NO;;-10.94;-10.94;-10.94;-1;DOWN
2025-09-03T09:00;2025-09-03T09:15;37;EUR;MWh;NO;NO;42;-10.94;-10.94;-10.94;-1;DOWN
2025-09-03T09:15;2025-09-03T09:30;38;EUR;MWh;NO;NO;79.08;10;79.08;10;2;UP_AND_DOWN
2025-09-03T09:30;2025-09-03T09:45;39;EUR;MWh;NO;NO;131.9;10;131.9;131.9;1;UP
2025-09-03T09:45;2025-09-03T10:00;40;EUR;MWh;NO;NO;132.1;50.27;132.1;50.27;2;UP_AND_DOWN
2025-09-03T10:00;2025-09-03T10:15;41;EUR;MWh;NO;NO;88.91;10;88.91;10;2;UP_AND_DOWN
2025-09-03T10:15;2025-09-03T10:30;42;EUR;MWh;NO;NO;82.28;;82.28;82.28;1;UP
2025-09-03T10:30;2025-09-03T10:45;43;EUR;MWh;NO;NO;101;-27.86;101;-27.86;2;UP_AND_DOWN
2025-09-03T10:45;2025-09-03T11:00;44;EUR;MWh;NO;NO;82.28;-11.79;82.28;-11.79;2;UP_AND_DOWN
2025-09-03T11:00;2025-09-03T11:15;45;EUR;MWh;NO;NO;110;-30;110;-30;2;UP_AND_DOWN
2025-09-03T11:15;2025-09-03T11:30;46;EUR;MWh;NO;NO;;-12.77;-12.77;-12.77;-1;DOWN
2025-09-03T11:30;2025-09-03T11:45;47;EUR;MWh;NO;NO;;-11.79;-11.79;-11.79;-1;DOWN
2025-09-03T11:45;2025-09-03T12:00;48;EUR;MWh;NO;NO;55;-49;55;-49;2;UP_AND_DOWN
2025-09-03T12:00;2025-09-03T12:15;49;EUR;MWh;NO;NO;141;-67.8;141;-67.8;2;UP_AND_DOWN
2025-09-03T12:15;2025-09-03T12:30;50;EUR;MWh;NO;NO;40;-67.8;40;-67.8;2;UP_AND_DOWN
2025-09-03T12:30;2025-09-03T12:45;51;EUR;MWh;NO;NO;71.27;-60;71.27;-60;2;UP_AND_DOWN
2025-09-03T12:45;2025-09-03T13:00;52;EUR;MWh;NO;NO;;-44.46;-44.46;-44.46;-1;DOWN
2025-09-03T13:00;2025-09-03T13:15;53;EUR;MWh;NO;NO;;-56.68;-56.68;-56.68;-1;DOWN
2025-09-03T13:15;2025-09-03T13:30;54;EUR;MWh;NO;NO;;-49;-49;-49;-1;DOWN
2025-09-03T13:30;2025-09-03T13:45;55;EUR;MWh;NO;NO;;-48;-48;-48;-1;DOWN
2025-09-03T13:45;2025-09-03T14:00;56;EUR;MWh;NO;NO;;-44.46;-44.46;-44.46;-1;DOWN
2025-09-03T14:00;2025-09-03T14:15;57;EUR;MWh;NO;NO;80.28;-60;80.28;-60;2;UP_AND_DOWN
2025-09-03T14:15;2025-09-03T14:30;58;EUR;MWh;NO;NO;75;-50;75;-50;2;UP_AND_DOWN
2025-09-03T14:30;2025-09-03T14:45;59;EUR;MWh;NO;NO;86.18;-10.94;86.18;-10.94;2;UP_AND_DOWN
2025-09-03T14:45;2025-09-03T15:00;60;EUR;MWh;NO;NO;174.98;-17.46;174.98;-17.46;2;UP_AND_DOWN
2025-09-03T15:00;2025-09-03T15:15;61;EUR;MWh;NO;NO;1650;-85.56;1650;-85.56;2;UP_AND_DOWN
2025-09-03T15:15;2025-09-03T15:30;62;EUR;MWh;NO;NO;81;-70;81;-70;2;UP_AND_DOWN
2025-09-03T15:30;2025-09-03T15:45;63;EUR;MWh;NO;NO;113.29;-30;113.29;-30;2;UP_AND_DOWN
2025-09-03T15:45;2025-09-03T16:00;64;EUR;MWh;NO;NO;107;-80.8;107;-80.8;2;UP_AND_DOWN
2025-09-03T16:00;2025-09-03T16:15;65;EUR;MWh;NO;NO;55;-50;-50;-50;-1;DOWN
2025-09-03T16:15;2025-09-03T16:30;66;EUR;MWh;NO;NO;71.27;-15.94;71.27;-15.94;2;UP_AND_DOWN
2025-09-03T16:30;2025-09-03T16:45;67;EUR;MWh;NO;NO;109.28;-21.96;109.28;-21.96;2;UP_AND_DOWN
2025-09-03T16:45;2025-09-03T17:00;68;EUR;MWh;NO;NO;101;-56.09;101;-56.09;2;UP_AND_DOWN
2025-09-03T17:00;2025-09-03T17:15;69;EUR;MWh;NO;NO;40;-47.03;45.14;-47.03;2;UP_AND_DOWN
2025-09-03T17:15;2025-09-03T17:30;70;EUR;MWh;NO;NO;;-40.79;-40.79;-40.79;-1;DOWN
2025-09-03T17:30;2025-09-03T17:45;71;EUR;MWh;NO;NO;;-40.79;-40.79;-40.79;-1;DOWN
2025-09-03T17:45;2025-09-03T18:00;72;EUR;MWh;NO;NO;71.27;-40.68;71.27;-40.68;2;UP_AND_DOWN
2025-09-03T18:00;2025-09-03T18:15;73;EUR;MWh;NO;NO;71.27;-12.96;71.27;-12.96;2;UP_AND_DOWN
2025-09-03T18:15;2025-09-03T18:30;74;EUR;MWh;NO;NO;107;;107;107;1;UP
2025-09-03T18:30;2025-09-03T18:45;75;EUR;MWh;NO;NO;132;;132;132;1;UP
2025-09-03T18:45;2025-09-03T19:00;76;EUR;MWh;NO;NO;150;;150;150;1;UP
2025-09-03T19:00;2025-09-03T19:15;77;EUR;MWh;NO;NO;140;;140;140;1;UP
2025-09-03T19:15;2025-09-03T19:30;78;EUR;MWh;NO;NO;108;;108;108;1;UP
2025-09-03T19:30;2025-09-03T19:45;79;EUR;MWh;NO;NO;121;;121;121;1;UP
2025-09-03T19:45;2025-09-03T20:00;80;EUR;MWh;NO;NO;101;68.91;101;61;2;UP_AND_DOWN
2025-09-03T20:00;2025-09-03T20:15;81;EUR;MWh;NO;NO;101;-6.9;-6.9;-6.9;-1;DOWN
2025-09-03T20:15;2025-09-03T20:30;82;EUR;MWh;NO;NO;113.67;49;113.67;49;2;UP_AND_DOWN
2025-09-03T20:30;2025-09-03T20:45;83;EUR;MWh;NO;NO;83.67;50;83.67;50;2;UP_AND_DOWN
2025-09-03T20:45;2025-09-03T21:00;84;EUR;MWh;NO;NO;93.77;;93.77;93.77;1;UP
2025-09-03T21:00;2025-09-03T21:15;85;EUR;MWh;NO;NO;500;;500;500;1;UP
2025-09-03T21:15;2025-09-03T21:30;86;EUR;MWh;NO;NO;132;82;132;61;2;UP_AND_DOWN
2025-09-03T21:30;2025-09-03T21:45;87;EUR;MWh;NO;NO;71.27;82;71.27;71.27;1;UP
2025-09-03T21:45;2025-09-03T22:00;88;EUR;MWh;NO;NO;101;66.91;101;61;2;UP_AND_DOWN
2025-09-03T22:00;2025-09-03T22:15;89;EUR;MWh;NO;NO;82.28;1;82.28;1;2;UP_AND_DOWN
2025-09-03T22:15;2025-09-03T22:30;90;EUR;MWh;NO;NO;86;68.91;86;61;2;UP_AND_DOWN
2025-09-03T22:30;2025-09-03T22:45;91;EUR;MWh;NO;NO;71.27;50;71.27;50;2;UP_AND_DOWN
2025-09-03T22:45;2025-09-03T23:00;92;EUR;MWh;NO;NO;;50;50;50;-1;DOWN
2025-09-03T23:00;2025-09-03T23:15;93;EUR;MWh;NO;NO;103.67;;103.67;103.67;1;UP
2025-09-03T23:15;2025-09-03T23:30;94;EUR;MWh;NO;NO;88.91;;88.91;88.91;1;UP
2025-09-03T23:30;2025-09-03T23:45;95;EUR;MWh;NO;NO;88.91;-30;-30;-30;-1;DOWN
2025-09-03T23:45;2025-09-04T00:00;96;EUR;MWh;NO;NO;71.27;-16.41;-16.41;-16.41;-1;DOWN
2025-09-04T00:00;2025-09-04T00:15;1;EUR;MWh;NO;NO;78.56;1;78.56;1;2;UP_AND_DOWN
2025-09-04T00:15;2025-09-04T00:30;2;EUR;MWh;NO;NO;101;;101;101;1;UP
2025-09-04T00:30;2025-09-04T00:45;3;EUR;MWh;NO;NO;88.56;;88.56;88.56;1;UP
2025-09-04T00:45;2025-09-04T01:00;4;EUR;MWh;NO;NO;110;;110;110;1;UP
2025-09-04T01:00;2025-09-04T01:15;5;EUR;MWh;NO;NO;110;;110;110;1;UP
2025-09-04T01:15;2025-09-04T01:30;6;EUR;MWh;NO;NO;110;;110;110;1;UP
2025-09-04T01:30;2025-09-04T01:45;7;EUR;MWh;NO;NO;101;;101;101;1;UP
2025-09-04T01:45;2025-09-04T02:00;8;EUR;MWh;NO;NO;101;;101;101;1;UP
2025-09-04T02:00;2025-09-04T02:15;9;EUR;MWh;NO;NO;101;;101;101;1;UP
2025-09-04T02:15;2025-09-04T02:30;10;EUR;MWh;NO;NO;88.36;81;88.36;88.36;1;UP
2025-09-04T02:30;2025-09-04T02:45;11;EUR;MWh;NO;NO;76.16;85;76.16;62.5;2;UP_AND_DOWN
2025-09-04T02:45;2025-09-04T03:00;12;EUR;MWh;NO;NO;;85;85;85;-1;DOWN
2025-09-04T03:00;2025-09-04T03:15;13;EUR;MWh;NO;NO;;85;85;85;-1;DOWN
2025-09-04T03:15;2025-09-04T03:30;14;EUR;MWh;NO;NO;;;62.5;62.5;0;STABLE
2025-09-04T03:30;2025-09-04T03:45;15;EUR;MWh;NO;NO;;85;85;85;-1;DOWN
2025-09-04T03:45;2025-09-04T04:00;16;EUR;MWh;NO;NO;78.56;40;78.56;40;2;UP_AND_DOWN
2025-09-04T04:00;2025-09-04T04:15;17;EUR;MWh;NO;NO;;39;39;39;-1;DOWN
2025-09-04T04:15;2025-09-04T04:30;18;EUR;MWh;NO;NO;;39;39;39;-1;DOWN
2025-09-04T04:30;2025-09-04T04:45;19;EUR;MWh;NO;NO;;39;39;39;-1;DOWN
2025-09-04T04:45;2025-09-04T05:00;20;EUR;MWh;NO;NO;76.26;76;76;76;-1;DOWN
2025-09-04T05:00;2025-09-04T05:15;21;EUR;MWh;NO;NO;78.56;39;39;39;-1;DOWN
2025-09-04T05:15;2025-09-04T05:30;22;EUR;MWh;NO;NO;;65;65;65;-1;DOWN
2025-09-04T05:30;2025-09-04T05:45;23;EUR;MWh;NO;NO;76.8;50;50;50;-1;DOWN
2025-09-04T05:45;2025-09-04T06:00;24;EUR;MWh;NO;NO;;39;39;39;-1;DOWN
2025-09-04T06:00;2025-09-04T06:15;25;EUR;MWh;NO;NO;98.36;39;98.36;39;2;UP_AND_DOWN
2025-09-04T06:15;2025-09-04T06:30;26;EUR;MWh;NO;NO;89;;89;89;1;UP
2025-09-04T06:30;2025-09-04T06:45;27;EUR;MWh;NO;NO;125;;125;125;1;UP
2025-09-04T06:45;2025-09-04T07:00;28;EUR;MWh;NO;NO;125;;125;125;1;UP
2025-09-04T07:00;2025-09-04T07:15;29;EUR;MWh;NO;NO;101;;101;101;1;UP
2025-09-04T07:15;2025-09-04T07:30;30;EUR;MWh;NO;NO;101;;101;101;1;UP
2025-09-04T07:30;2025-09-04T07:45;31;EUR;MWh;NO;NO;88.56;82;88.56;88.56;1;UP
2025-09-04T07:45;2025-09-04T08:00;32;EUR;MWh;NO;NO;88;39;88;39;2;UP_AND_DOWN
2025-09-04T08:00;2025-09-04T08:15;33;EUR;MWh;NO;NO;76;11.1;76;11.1;2;UP_AND_DOWN
2025-09-04T08:15;2025-09-04T08:30;34;EUR;MWh;NO;NO;76;11.1;11.1;11.1;-1;DOWN
2025-09-04T08:30;2025-09-04T08:45;35;EUR;MWh;NO;NO;;11.1;11.1;11.1;-1;DOWN
2025-09-04T08:45;2025-09-04T09:00;36;EUR;MWh;NO;NO;42;-30;-30;-30;-1;DOWN
2025-09-04T09:00;2025-09-04T09:15;37;EUR;MWh;NO;NO;140;-50;140;-50;2;UP_AND_DOWN
2025-09-04T09:15;2025-09-04T09:30;38;EUR;MWh;NO;NO;92;76.41;92;61;2;UP_AND_DOWN
2025-09-04T09:30;2025-09-04T09:45;39;EUR;MWh;NO;NO;;-14.79;-14.79;-14.79;-1;DOWN
2025-09-04T09:45;2025-09-04T10:00;40;EUR;MWh;NO;NO;;-15.3;-15.3;-15.3;-1;DOWN
2025-09-04T10:00;2025-09-04T10:15;41;EUR;MWh;NO;NO;87.69;-12.77;87.69;-12.77;2;UP_AND_DOWN
2025-09-04T10:15;2025-09-04T10:30;42;EUR;MWh;NO;NO;78.56;-40;-40;-40;-1;DOWN
2025-09-04T10:30;2025-09-04T10:45;43;EUR;MWh;NO;NO;;-51.5;-51.5;-51.5;-1;DOWN
2025-09-04T10:45;2025-09-04T11:00;44;EUR;MWh;NO;NO;87.03;-60;87.03;-60;2;UP_AND_DOWN
2025-09-04T11:00;2025-09-04T11:15;45;EUR;MWh;NO;NO;78.56;-37;78.56;-37;2;UP_AND_DOWN
2025-09-04T11:15;2025-09-04T11:30;46;EUR;MWh;NO;NO;;-53.69;-53.69;-53.69;-1;DOWN
2025-09-04T11:30;2025-09-04T11:45;47;EUR;MWh;NO;NO;;-47;-47;-47;-1;DOWN
2025-09-04T11:45;2025-09-04T12:00;48;EUR;MWh;NO;NO;;-65;-65;-65;-1;DOWN
2025-09-04T12:00;2025-09-04T12:15;49;EUR;MWh;NO;NO;124.9;-86.66;124.9;-86.66;2;UP_AND_DOWN
2025-09-04T12:15;2025-09-04T12:30;50;EUR;MWh;NO;NO;88;-71.8;88;-71.8;2;UP_AND_DOWN
2025-09-04T12:30;2025-09-04T12:45;51;EUR;MWh;NO;NO;;-71.8;-71.8;-71.8;-1;DOWN
2025-09-04T12:45;2025-09-04T13:00;52;EUR;MWh;NO;NO;;-35.89;-35.89;-35.89;-1;DOWN
2025-09-04T13:00;2025-09-04T13:15;53;EUR;MWh;NO;NO;;-49;-49;-49;-1;DOWN
2025-09-04T13:15;2025-09-04T13:30;54;EUR;MWh;NO;NO;;-30;-30;-30;-1;DOWN
2025-09-04T13:30;2025-09-04T13:45;55;EUR;MWh;NO;NO;;-30.27;-30.27;-30.27;-1;DOWN
2025-09-04T13:45;2025-09-04T14:00;56;EUR;MWh;NO;NO;78.56;6.57;6.57;6.57;-1;DOWN
2025-09-04T14:00;2025-09-04T14:15;57;EUR;MWh;NO;NO;88;-18.5;88;-18.5;2;UP_AND_DOWN
2025-09-04T14:15;2025-09-04T14:30;58;EUR;MWh;NO;NO;88;1;88;1;2;UP_AND_DOWN
2025-09-04T14:30;2025-09-04T14:45;59;EUR;MWh;NO;NO;143.8;;143.8;143.8;1;UP
2025-09-04T14:45;2025-09-04T15:00;60;EUR;MWh;NO;NO;132.2;6.57;132.2;6.57;2;UP_AND_DOWN
2025-09-04T15:00;2025-09-04T15:15;61;EUR;MWh;NO;NO;;1;1;1;-1;DOWN
2025-09-04T15:15;2025-09-04T15:30;62;EUR;MWh;NO;NO;;-18.5;-18.5;-18.5;-1;DOWN
2025-09-04T15:30;2025-09-04T15:45;63;EUR;MWh;NO;NO;;1;1;1;-1;DOWN
2025-09-04T15:45;2025-09-04T16:00;64;EUR;MWh;NO;NO;95.9;50.1;95.9;45.05;2;UP_AND_DOWN
2025-09-04T16:00;2025-09-04T16:15;65;EUR;MWh;NO;NO;95.9;;58.31;58.31;0;STABLE
2025-09-04T16:15;2025-09-04T16:30;66;EUR;MWh;NO;NO;78.56;76.51;76.51;76.51;-1;DOWN
2025-09-04T16:30;2025-09-04T16:45;67;EUR;MWh;NO;NO;40;20;20;20;-1;DOWN
2025-09-04T16:45;2025-09-04T17:00;68;EUR;MWh;NO;NO;;76.42;58.3;58.3;0;STABLE
2025-09-04T17:00;2025-09-04T17:15;69;EUR;MWh;NO;NO;;11.9;11.9;11.9;-1;DOWN
2025-09-04T17:15;2025-09-04T17:30;70;EUR;MWh;NO;NO;78.56;6.57;78.56;6.57;2;UP_AND_DOWN
2025-09-04T17:30;2025-09-04T17:45;71;EUR;MWh;NO;NO;130;;130;130;1;UP
2025-09-04T17:45;2025-09-04T18:00;72;EUR;MWh;NO;NO;131.9;;131.9;131.9;1;UP
2025-09-04T18:00;2025-09-04T18:15;73;EUR;MWh;NO;NO;78.56;70.23;70.23;70.23;-1;DOWN
2025-09-04T18:15;2025-09-04T18:30;74;EUR;MWh;NO;NO;;14.9;14.9;14.9;-1;DOWN
2025-09-04T18:30;2025-09-04T18:45;75;EUR;MWh;NO;NO;;6.57;6.57;6.57;-1;DOWN
2025-09-04T18:45;2025-09-04T19:00;76;EUR;MWh;NO;NO;;14.9;14.9;14.9;-1;DOWN
2025-09-04T19:00;2025-09-04T19:15;77;EUR;MWh;NO;NO;;39;39;39;-1;DOWN
2025-09-04T19:15;2025-09-04T19:30;78;EUR;MWh;NO;NO;;25.23;25.23;25.23;-1;DOWN
2025-09-04T19:30;2025-09-04T19:45;79;EUR;MWh;NO;NO;129.6;73.23;129.6;61;2;UP_AND_DOWN
2025-09-04T19:45;2025-09-04T20:00;80;EUR;MWh;NO;NO;78.56;50.23;78.56;50.23;2;UP_AND_DOWN
2025-09-04T20:00;2025-09-04T20:15;81;EUR;MWh;NO;NO;131.9;50;131.9;50;2;UP_AND_DOWN
2025-09-04T20:15;2025-09-04T20:30;82;EUR;MWh;NO;NO;140;108;140;74;2;UP_AND_DOWN
2025-09-04T20:30;2025-09-04T20:45;83;EUR;MWh;NO;NO;100;68.88;100;68.88;2;UP_AND_DOWN
2025-09-04T20:45;2025-09-04T21:00;84;EUR;MWh;NO;NO;;65.23;65.23;65.23;-1;DOWN
2025-09-04T21:00;2025-09-04T21:15;85;EUR;MWh;NO;NO;131.7;75.72;131.7;61;2;UP_AND_DOWN
2025-09-04T21:15;2025-09-04T21:30;86;EUR;MWh;NO;NO;;52.2;52.2;52.2;-1;DOWN
2025-09-04T21:30;2025-09-04T21:45;87;EUR;MWh;NO;NO;;39;39;39;-1;DOWN
2025-09-04T21:45;2025-09-04T22:00;88;EUR;MWh;NO;NO;;41.58;41.58;41.58;-1;DOWN
2025-09-04T22:00;2025-09-04T22:15;89;EUR;MWh;NO;NO;120;70.23;120;61;2;UP_AND_DOWN
2025-09-04T22:15;2025-09-04T22:30;90;EUR;MWh;NO;NO;;76.51;76.51;76.51;-1;DOWN
2025-09-04T22:30;2025-09-04T22:45;91;EUR;MWh;NO;NO;120;82;120;120;1;UP
2025-09-04T22:45;2025-09-04T23:00;92;EUR;MWh;NO;NO;110;;110;110;1;UP
2025-09-04T23:00;2025-09-04T23:15;93;EUR;MWh;NO;NO;120;;120;120;1;UP
2025-09-04T23:15;2025-09-04T23:30;94;EUR;MWh;NO;NO;120;62.28;62.28;62.28;-1;DOWN
2025-09-04T23:30;2025-09-04T23:45;95;EUR;MWh;NO;NO;78.46;72.48;78.46;61;2;UP_AND_DOWN
2025-09-04T23:45;2025-09-05T00:00;96;EUR;MWh;NO;NO;;82;61;61;0;STABLE
2025-09-05T00:00;2025-09-05T00:15;1;EUR;MWh;NO;NO;;;61;61;0;STABLE
2025-09-05T00:15;2025-09-05T00:30;2;EUR;MWh;NO;NO;42;67.17;67.17;67.17;-1;DOWN
2025-09-05T00:30;2025-09-05T00:45;3;EUR;MWh;NO;NO;42;62.82;62.82;62.82;-1;DOWN
2025-09-05T00:45;2025-09-05T01:00;4;EUR;MWh;NO;NO;;69.18;69.18;69.18;-1;DOWN
2025-09-05T01:00;2025-09-05T01:15;5;EUR;MWh;NO;NO;42;67.17;67.17;67.17;-1;DOWN
2025-09-05T01:15;2025-09-05T01:30;6;EUR;MWh;NO;NO;;71.87;61;61;0;STABLE
2025-09-05T01:30;2025-09-05T01:45;7;EUR;MWh;NO;NO;;;61;61;0;STABLE
2025-09-05T01:45;2025-09-05T02:00;8;EUR;MWh;NO;NO;;71.88;61;61;0;STABLE
2025-09-05T02:00;2025-09-05T02:15;9;EUR;MWh;NO;NO;42;73.68;42;42;1;UP
2025-09-05T02:15;2025-09-05T02:30;10;EUR;MWh;NO;NO;81.34;;81.34;81.34;1;UP
2025-09-05T02:30;2025-09-05T02:45;11;EUR;MWh;NO;NO;94.34;;94.34;94.34;1;UP
2025-09-05T02:45;2025-09-05T03:00;12;EUR;MWh;NO;NO;94.34;57.95;57.95;57.95;-1;DOWN
2025-09-05T03:00;2025-09-05T03:15;13;EUR;MWh;NO;NO;;59;59;59;-1;DOWN
2025-09-05T03:15;2025-09-05T03:30;14;EUR;MWh;NO;NO;;59;59;59;-1;DOWN
2025-09-05T03:30;2025-09-05T03:45;15;EUR;MWh;NO;NO;;69.98;69.98;69.98;-1;DOWN
2025-09-05T03:45;2025-09-05T04:00;16;EUR;MWh;NO;NO;;69.24;69.24;69.24;-1;DOWN
2025-09-05T04:00;2025-09-05T04:15;17;EUR;MWh;NO;NO;;73.58;73.58;73.58;-1;DOWN
2025-09-05T04:15;2025-09-05T04:30;18;EUR;MWh;NO;NO;;;61;61;0;STABLE
2025-09-05T04:30;2025-09-05T04:45;19;EUR;MWh;NO;NO;97;;97;97;1;UP
2025-09-05T04:45;2025-09-05T05:00;20;EUR;MWh;NO;NO;78.56;;78.56;78.56;1;UP
2025-09-05T05:00;2025-09-05T05:15;21;EUR;MWh;NO;NO;78.56;56;56;56;-1;DOWN
2025-09-05T05:15;2025-09-05T05:30;22;EUR;MWh;NO;NO;88.56;62.88;88.56;61;2;UP_AND_DOWN
2025-09-05T05:30;2025-09-05T05:45;23;EUR;MWh;NO;NO;125;73.57;125;125;1;UP
2025-09-05T05:45;2025-09-05T06:00;24;EUR;MWh;NO;NO;100;73.57;100;61;2;UP_AND_DOWN
2025-09-05T06:00;2025-09-05T06:15;25;EUR;MWh;NO;NO;125;68.18;125;61;2;UP_AND_DOWN
2025-09-05T06:15;2025-09-05T06:30;26;EUR;MWh;NO;NO;120.82;;120.82;120.82;1;UP
2025-09-05T06:30;2025-09-05T06:45;27;EUR;MWh;NO;NO;131;;131;131;1;UP
2025-09-05T06:45;2025-09-05T07:00;28;EUR;MWh;NO;NO;131;;131;131;1;UP
2025-09-05T07:00;2025-09-05T07:15;29;EUR;MWh;NO;NO;135;;135;135;1;UP
2025-09-05T07:15;2025-09-05T07:30;30;EUR;MWh;NO;NO;131.1;;131.1;131.1;1;UP
2025-09-05T07:30;2025-09-05T07:45;31;EUR;MWh;NO;NO;88.56;82;88.56;61;2;UP_AND_DOWN
2025-09-05T07:45;2025-09-05T08:00;32;EUR;MWh;NO;NO;131.2;82;131.2;131.2;1;UP
2025-09-05T08:00;2025-09-05T08:15;33;EUR;MWh;NO;NO;131.2;;131.2;131.2;1;UP
2025-09-05T08:15;2025-09-05T08:30;34;EUR;MWh;NO;NO;131.3;;131.3;131.3;1;UP
2025-09-05T08:30;2025-09-05T08:45;35;EUR;MWh;NO;NO;149.2;;149.2;149.2;1;UP
2025-09-05T08:45;2025-09-05T09:00;36;EUR;MWh;NO;NO;90.82;;90.82;90.82;1;UP
2025-09-05T09:00;2025-09-05T09:15;37;EUR;MWh;NO;NO;119;82;119;119;1;UP
2025-09-05T09:15;2025-09-05T09:30;38;EUR;MWh;NO;NO;78.56;75;78.56;61;2;UP_AND_DOWN
2025-09-05T09:30;2025-09-05T09:45;39;EUR;MWh;NO;NO;;69.14;69.14;69.14;-1;DOWN
2025-09-05T09:45;2025-09-05T10:00;40;EUR;MWh;NO;NO;;61.06;61.06;61.06;-1;DOWN
2025-09-05T10:00;2025-09-05T10:15;41;EUR;MWh;NO;NO;78.56;7.51;78.56;7.51;2;UP_AND_DOWN
2025-09-05T10:15;2025-09-05T10:30;42;EUR;MWh;NO;NO;119;62.1;119;57.5;2;UP_AND_DOWN
2025-09-05T10:30;2025-09-05T10:45;43;EUR;MWh;NO;NO;94.58;74;94.58;59.77;2;UP_AND_DOWN
2025-09-05T10:45;2025-09-05T11:00;44;EUR;MWh;NO;NO;97.58;51.82;97.58;51.82;2;UP_AND_DOWN
2025-09-05T11:00;2025-09-05T11:15;45;EUR;MWh;NO;NO;;51.82;51.82;51.82;-1;DOWN
2025-09-05T11:15;2025-09-05T11:30;46;EUR;MWh;NO;NO;117.58;76.53;117.58;59.77;2;UP_AND_DOWN
2025-09-05T11:30;2025-09-05T11:45;47;EUR;MWh;NO;NO;131.1;;131.1;131.1;1;UP
2025-09-05T11:45;2025-09-05T12:00;48;EUR;MWh;NO;NO;119;;119;119;1;UP
2025-09-05T12:00;2025-09-05T12:15;49;EUR;MWh;NO;NO;172.58;;172.58;172.58;1;UP
2025-09-05T12:15;2025-09-05T12:30;50;EUR;MWh;NO;NO;144;80;144;60;2;UP_AND_DOWN
2025-09-05T12:30;2025-09-05T12:45;51;EUR;MWh;NO;NO;119;72.92;119;60.5;2;UP_AND_DOWN
2025-09-05T12:45;2025-09-05T13:00;52;EUR;MWh;NO;NO;88.56;62.82;88.56;62.5;2;UP_AND_DOWN
2025-09-05T13:00;2025-09-05T13:15;53;EUR;MWh;NO;NO;88.56;45;45;45;-1;DOWN
2025-09-05T13:15;2025-09-05T13:30;54;EUR;MWh;NO;NO;107;79.53;107;63;2;UP_AND_DOWN
2025-09-05T13:30;2025-09-05T13:45;55;EUR;MWh;NO;NO;;51.82;51.82;51.82;-1;DOWN
2025-09-05T13:45;2025-09-05T14:00;56;EUR;MWh;NO;NO;78.56;50.28;78.56;50.28;2;UP_AND_DOWN
2025-09-05T14:00;2025-09-05T14:15;57;EUR;MWh;NO;NO;119;50.28;119;119;1;UP
2025-09-05T14:15;2025-09-05T14:30;58;EUR;MWh;NO;NO;152.58;;152.58;152.58;1;UP
2025-09-05T14:30;2025-09-05T14:45;59;EUR;MWh;NO;NO;119;;119;119;1;UP
2025-09-05T14:45;2025-09-05T15:00;60;EUR;MWh;NO;NO;102.48;62.82;62.82;62.82;-1;DOWN
2025-09-05T15:00;2025-09-05T15:15;61;EUR;MWh;NO;NO;;62.82;62.82;62.82;-1;DOWN
2025-09-05T15:15;2025-09-05T15:30;62;EUR;MWh;NO;NO;;5.31;5.31;5.31;-1;DOWN
2025-09-05T15:30;2025-09-05T15:45;63;EUR;MWh;NO;NO;;25;25;25;-1;DOWN
2025-09-05T15:45;2025-09-05T16:00;64;EUR;MWh;NO;NO;;45;45;45;-1;DOWN
2025-09-05T16:00;2025-09-05T16:15;65;EUR;MWh;NO;NO;;51.82;51.82;51.82;-1;DOWN
2025-09-05T16:15;2025-09-05T16:30;66;EUR;MWh;NO;NO;;51.82;51.82;51.82;-1;DOWN
2025-09-05T16:30;2025-09-05T16:45;67;EUR;MWh;NO;NO;131.3;74.53;131.3;59.77;2;UP_AND_DOWN
2025-09-05T16:45;2025-09-05T17:00;68;EUR;MWh;NO;NO;131.2;;131.2;131.2;1;UP
2025-09-05T17:00;2025-09-05T17:15;69;EUR;MWh;NO;NO;131.2;82;131.2;61;2;UP_AND_DOWN
2025-09-05T17:15;2025-09-05T17:30;70;EUR;MWh;NO;NO;144;;144;144;1;UP
2025-09-05T17:30;2025-09-05T17:45;71;EUR;MWh;NO;NO;140;82;140;140;1;UP
2025-09-05T17:45;2025-09-05T18:00;72;EUR;MWh;NO;NO;141;;141;141;1;UP
2025-09-05T18:00;2025-09-05T18:15;73;EUR;MWh;NO;NO;88.56;71.53;88.56;61;2;UP_AND_DOWN
2025-09-05T18:15;2025-09-05T18:30;74;EUR;MWh;NO;NO;131;82;131;61;2;UP_AND_DOWN
2025-09-05T18:30;2025-09-05T18:45;75;EUR;MWh;NO;NO;131;;131;131;1;UP
2025-09-05T18:45;2025-09-05T19:00;76;EUR;MWh;NO;NO;143.6;;143.6;143.6;1;UP
2025-09-05T19:00;2025-09-05T19:15;77;EUR;MWh;NO;NO;140.82;61.53;140.82;61;2;UP_AND_DOWN
2025-09-05T19:15;2025-09-05T19:30;78;EUR;MWh;NO;NO;160;61.53;160;160;1;UP
2025-09-05T19:30;2025-09-05T19:45;79;EUR;MWh;NO;NO;160;;160;160;1;UP
2025-09-05T19:45;2025-09-05T20:00;80;EUR;MWh;NO;NO;150;;150;150;1;UP
2025-09-05T20:00;2025-09-05T20:15;81;EUR;MWh;NO;NO;150;;150;150;1;UP
2025-09-05T20:15;2025-09-05T20:30;82;EUR;MWh;NO;NO;158;;158;158;1;UP
2025-09-05T20:30;2025-09-05T20:45;83;EUR;MWh;NO;NO;141;;141;141;1;UP
2025-09-05T20:45;2025-09-05T21:00;84;EUR;MWh;NO;NO;130.9;;130.9;130.9;1;UP
2025-09-05T21:00;2025-09-05T21:15;85;EUR;MWh;NO;NO;131.1;82;131.1;131.1;1;UP
2025-09-05T21:15;2025-09-05T21:30;86;EUR;MWh;NO;NO;88.56;;88.56;88.56;1;UP
2025-09-05T21:30;2025-09-05T21:45;87;EUR;MWh;NO;NO;125;;125;125;1;UP
2025-09-05T21:45;2025-09-05T22:00;88;EUR;MWh;NO;NO;82.82;74.34;82.82;64;2;UP_AND_DOWN
2025-09-05T22:00;2025-09-05T22:15;89;EUR;MWh;NO;NO;;82;82;82;-1;DOWN
2025-09-05T22:15;2025-09-05T22:30;90;EUR;MWh;NO;NO;78.56;;78.56;78.56;1;UP
2025-09-05T22:30;2025-09-05T22:45;91;EUR;MWh;NO;NO;100;;100;100;1;UP
2025-09-05T22:45;2025-09-05T23:00;92;EUR;MWh;NO;NO;78.56;;78.56;78.56;1;UP
2025-09-05T23:00;2025-09-05T23:15;93;EUR;MWh;NO;NO;131;;131;131;1;UP
2025-09-05T23:15;2025-09-05T23:30;94;EUR;MWh;NO;NO;95.82;;95.82;95.82;1;UP
2025-09-05T23:30;2025-09-05T23:45;95;EUR;MWh;NO;NO;113;;113;113;1;UP
2025-09-05T23:45;2025-09-06T00:00;96;EUR;MWh;NO;NO;113;75.87;75.87;75.87;-1;DOWN
2025-09-06T00:00;2025-09-06T00:15;1;EUR;MWh;NO;NO;88.56;66.23;66.23;66.23;-1;DOWN
2025-09-06T00:15;2025-09-06T00:30;2;EUR;MWh;NO;NO;100;83;100;100;1;UP
2025-09-06T00:30;2025-09-06T00:45;3;EUR;MWh;NO;NO;120;;120;120;1;UP
2025-09-06T00:45;2025-09-06T01:00;4;EUR;MWh;NO;NO;93.82;;93.82;93.82;1;UP
2025-09-06T01:00;2025-09-06T01:15;5;EUR;MWh;NO;NO;120;;120;120;1;UP
2025-09-06T01:15;2025-09-06T01:30;6;EUR;MWh;NO;NO;120;;120;120;1;UP
2025-09-06T01:30;2025-09-06T01:45;7;EUR;MWh;NO;NO;120;83;120;120;1;UP
2025-09-06T01:45;2025-09-06T02:00;8;EUR;MWh;NO;NO;;83;61.5;61.5;0;STABLE
2025-09-06T02:00;2025-09-06T02:15;9;EUR;MWh;NO;NO;120;;120;120;1;UP
2025-09-06T02:15;2025-09-06T02:30;10;EUR;MWh;NO;NO;111;;111;111;1;UP
2025-09-06T02:30;2025-09-06T02:45;11;EUR;MWh;NO;NO;120;;120;120;1;UP
2025-09-06T02:45;2025-09-06T03:00;12;EUR;MWh;NO;NO;120;;120;120;1;UP
2025-09-06T03:00;2025-09-06T03:15;13;EUR;MWh;NO;NO;125;;125;125;1;UP
2025-09-06T03:15;2025-09-06T03:30;14;EUR;MWh;NO;NO;133.5;;133.5;133.5;1;UP
2025-09-06T03:30;2025-09-06T03:45;15;EUR;MWh;NO;NO;110.3;83;110.3;110.3;1;UP
2025-09-06T03:45;2025-09-06T04:00;16;EUR;MWh;NO;NO;100;83;100;100;1;UP
2025-09-06T04:00;2025-09-06T04:15;17;EUR;MWh;NO;NO;92.6;76.42;92.6;61.5;2;UP_AND_DOWN
2025-09-06T04:15;2025-09-06T04:30;18;EUR;MWh;NO;NO;111;;111;111;1;UP
2025-09-06T04:30;2025-09-06T04:45;19;EUR;MWh;NO;NO;127;;127;127;1;UP
2025-09-06T04:45;2025-09-06T05:00;20;EUR;MWh;NO;NO;120;;120;120;1;UP
2025-09-06T05:00;2025-09-06T05:15;21;EUR;MWh;NO;NO;120;;120;120;1;UP
2025-09-06T05:15;2025-09-06T05:30;22;EUR;MWh;NO;NO;88.56;67;88.56;61.5;2;UP_AND_DOWN
2025-09-06T05:30;2025-09-06T05:45;23;EUR;MWh;NO;NO;90;62.6;90;61.5;2;UP_AND_DOWN
2025-09-06T05:45;2025-09-06T06:00;24;EUR;MWh;NO;NO;78.56;49.6;78.56;49.6;2;UP_AND_DOWN
2025-09-06T06:00;2025-09-06T06:15;25;EUR;MWh;NO;NO;94.87;54.9;94.87;54.9;2;UP_AND_DOWN
2025-09-06T06:15;2025-09-06T06:30;26;EUR;MWh;NO;NO;106.84;66;106.84;61.5;2;UP_AND_DOWN
2025-09-06T06:30;2025-09-06T06:45;27;EUR;MWh;NO;NO;107.35;80;107.35;61.5;2;UP_AND_DOWN
2025-09-06T06:45;2025-09-06T07:00;28;EUR;MWh;NO;NO;104;68;104;61.5;2;UP_AND_DOWN
2025-09-06T07:00;2025-09-06T07:15;29;EUR;MWh;NO;NO;103;72.7;103;61.5;2;UP_AND_DOWN
2025-09-06T07:15;2025-09-06T07:30;30;EUR;MWh;NO;NO;140;;140;140;1;UP
2025-09-06T07:30;2025-09-06T07:45;31;EUR;MWh;NO;NO;133.3;;133.3;133.3;1;UP
2025-09-06T07:45;2025-09-06T08:00;32;EUR;MWh;NO;NO;80;80;80;80;1;UP
2025-09-06T08:00;2025-09-06T08:15;33;EUR;MWh;NO;NO;104;67.7;104;61.5;2;UP_AND_DOWN
2025-09-06T08:15;2025-09-06T08:30;34;EUR;MWh;NO;NO;94.91;30;94.91;30;2;UP_AND_DOWN
2025-09-06T08:30;2025-09-06T08:45;35;EUR;MWh;NO;NO;;6.57;6.57;6.57;-1;DOWN
2025-09-06T08:45;2025-09-06T09:00;36;EUR;MWh;NO;NO;;6.57;6.57;6.57;-1;DOWN
2025-09-06T09:00;2025-09-06T09:15;37;EUR;MWh;NO;NO;140;-49;140;-49;2;UP_AND_DOWN
2025-09-06T09:15;2025-09-06T09:30;38;EUR;MWh;NO;NO;107;-30;107;-30;2;UP_AND_DOWN
2025-09-06T09:30;2025-09-06T09:45;39;EUR;MWh;NO;NO;78.56;-27.61;78.56;-27.61;2;UP_AND_DOWN
2025-09-06T09:45;2025-09-06T10:00;40;EUR;MWh;NO;NO;133.7;-50;133.7;-50;2;UP_AND_DOWN
2025-09-06T10:00;2025-09-06T10:15;41;EUR;MWh;NO;NO;133.5;6.57;133.5;6.57;2;UP_AND_DOWN
2025-09-06T10:15;2025-09-06T10:30;42;EUR;MWh;NO;NO;;-30;-30;-30;-1;DOWN
2025-09-06T10:30;2025-09-06T10:45;43;EUR;MWh;NO;NO;;-30;-30;-30;-1;DOWN
2025-09-06T10:45;2025-09-06T11:00;44;EUR;MWh;NO;NO;;-65.25;-65.25;-65.25;-1;DOWN
2025-09-06T11:00;2025-09-06T11:15;45;EUR;MWh;NO;NO;;-50.2;-50.2;-50.2;-1;DOWN
2025-09-06T11:15;2025-09-06T11:30;46;EUR;MWh;NO;NO;;-49;-49;-49;-1;DOWN
2025-09-06T11:30;2025-09-06T11:45;47;EUR;MWh;NO;NO;;-49.9;-49.9;-49.9;-1;DOWN
2025-09-06T11:45;2025-09-06T12:00;48;EUR;MWh;NO;NO;;-50;-50;-50;-1;DOWN
2025-09-06T12:00;2025-09-06T12:15;49;EUR;MWh;NO;NO;;-49;-49;-49;-1;DOWN
2025-09-06T12:15;2025-09-06T12:30;50;EUR;MWh;NO;NO;;-49;-49;-49;-1;DOWN
2025-09-06T12:30;2025-09-06T12:45;51;EUR;MWh;NO;NO;;-49;-49;-49;-1;DOWN
2025-09-06T12:45;2025-09-06T13:00;52;EUR;MWh;NO;NO;;-49;-49;-49;-1;DOWN
2025-09-06T13:00;2025-09-06T13:15;53;EUR;MWh;NO;NO;;-41;-41;-41;-1;DOWN
2025-09-06T13:15;2025-09-06T13:30;54;EUR;MWh;NO;NO;;-30;-30;-30;-1;DOWN
2025-09-06T13:30;2025-09-06T13:45;55;EUR;MWh;NO;NO;;-30;-30;-30;-1;DOWN
2025-09-06T13:45;2025-09-06T14:00;56;EUR;MWh;NO;NO;;-30;-30;-30;-1;DOWN
2025-09-06T14:00;2025-09-06T14:15;57;EUR;MWh;NO;NO;;-59.6;-59.6;-59.6;-1;DOWN
2025-09-06T14:15;2025-09-06T14:30;58;EUR;MWh;NO;NO;;-41;-41;-41;-1;DOWN
2025-09-06T14:30;2025-09-06T14:45;59;EUR;MWh;NO;NO;;-30;-30;-30;-1;DOWN
2025-09-06T14:45;2025-09-06T15:00;60;EUR;MWh;NO;NO;;-18.5;-18.5;-18.5;-1;DOWN
2025-09-06T15:00;2025-09-06T15:15;61;EUR;MWh;NO;NO;;6.57;6.57;6.57;-1;DOWN
2025-09-06T15:15;2025-09-06T15:30;62;EUR;MWh;NO;NO;;-30;-30;-30;-1;DOWN
2025-09-06T15:30;2025-09-06T15:45;63;EUR;MWh;NO;NO;88.56;-29.9;88.56;-29.9;2;UP_AND_DOWN
2025-09-06T15:45;2025-09-06T16:00;64;EUR;MWh;NO;NO;88.56;6.57;88.56;6.57;2;UP_AND_DOWN
2025-09-06T16:00;2025-09-06T16:15;65;EUR;MWh;NO;NO;88.56;-70;-70;-70;-1;DOWN
2025-09-06T16:15;2025-09-06T16:30;66;EUR;MWh;NO;NO;40;-105;49.79;-105;2;UP_AND_DOWN
2025-09-06T16:30;2025-09-06T16:45;67;EUR;MWh;NO;NO;97;-50;97;-50;2;UP_AND_DOWN
2025-09-06T16:45;2025-09-06T17:00;68;EUR;MWh;NO;NO;80;-30;80;-30;2;UP_AND_DOWN
2025-09-06T17:00;2025-09-06T17:15;69;EUR;MWh;NO;NO;99;-65;99;-65;2;UP_AND_DOWN
2025-09-06T17:15;2025-09-06T17:30;70;EUR;MWh;NO;NO;99;59.57;99;99;1;UP
2025-09-06T17:30;2025-09-06T17:45;71;EUR;MWh;NO;NO;99;-59.9;99;-59.9;2;UP_AND_DOWN
2025-09-06T17:45;2025-09-06T18:00;72;EUR;MWh;NO;NO;98.56;-49;98.56;-49;2;UP_AND_DOWN
2025-09-06T18:00;2025-09-06T18:15;73;EUR;MWh;NO;NO;;43;43;43;-1;DOWN
2025-09-06T18:15;2025-09-06T18:30;74;EUR;MWh;NO;NO;145.1;43;145.1;43;2;UP_AND_DOWN
2025-09-06T18:30;2025-09-06T18:45;75;EUR;MWh;NO;NO;150;70.63;150;61.5;2;UP_AND_DOWN
2025-09-06T18:45;2025-09-06T19:00;76;EUR;MWh;NO;NO;172;83;172;172;1;UP
2025-09-06T19:00;2025-09-06T19:15;77;EUR;MWh;NO;NO;97;58.17;97;58.17;2;UP_AND_DOWN
2025-09-06T19:15;2025-09-06T19:30;78;EUR;MWh;NO;NO;;66.94;66.94;66.94;-1;DOWN
2025-09-06T19:30;2025-09-06T19:45;79;EUR;MWh;NO;NO;90;;90;90;1;UP
2025-09-06T19:45;2025-09-06T20:00;80;EUR;MWh;NO;NO;81;83;81;81;1;UP
2025-09-06T20:00;2025-09-06T20:15;81;EUR;MWh;NO;NO;86;76.13;86;61.5;2;UP_AND_DOWN
2025-09-06T20:15;2025-09-06T20:30;82;EUR;MWh;NO;NO;96;57.3;96;57.3;2;UP_AND_DOWN
2025-09-06T20:30;2025-09-06T20:45;83;EUR;MWh;NO;NO;;43;43;43;-1;DOWN
2025-09-06T20:45;2025-09-06T21:00;84;EUR;MWh;NO;NO;;6.57;6.57;6.57;-1;DOWN
2025-09-06T21:00;2025-09-06T21:15;85;EUR;MWh;NO;NO;;50;50;50;-1;DOWN
2025-09-06T21:15;2025-09-06T21:30;86;EUR;MWh;NO;NO;;30;30;30;-1;DOWN
2025-09-06T21:30;2025-09-06T21:45;87;EUR;MWh;NO;NO;;3.17;3.17;3.17;-1;DOWN
2025-09-06T21:45;2025-09-06T22:00;88;EUR;MWh;NO;NO;;3.62;3.62;3.62;-1;DOWN
2025-09-06T22:00;2025-09-06T22:15;89;EUR;MWh;NO;NO;78.46;-14.69;78.46;-14.69;2;UP_AND_DOWN
2025-09-06T22:15;2025-09-06T22:30;90;EUR;MWh;NO;NO;81;13;81;13;2;UP_AND_DOWN
2025-09-06T22:30;2025-09-06T22:45;91;EUR;MWh;NO;NO;79;49;79;49;2;UP_AND_DOWN
2025-09-06T22:45;2025-09-06T23:00;92;EUR;MWh;NO;NO;;49;49;49;-1;DOWN
2025-09-06T23:00;2025-09-06T23:15;93;EUR;MWh;NO;NO;99;59;99;59;2;UP_AND_DOWN
2025-09-06T23:15;2025-09-06T23:30;94;EUR;MWh;NO;NO;79;11.1;79;11.1;2;UP_AND_DOWN
2025-09-06T23:30;2025-09-06T23:45;95;EUR;MWh;NO;NO;78.56;50.97;78.56;50.97;2;UP_AND_DOWN
2025-09-06T23:45;2025-09-07T00:00;96;EUR;MWh;NO;NO;;-2.09;-2.09;-2.09;-1;DOWN
2025-09-07T00:00;2025-09-07T00:15;1;EUR;MWh;NO;NO;;-23.2;-23.2;-23.2;-1;DOWN
2025-09-07T00:15;2025-09-07T00:30;2;EUR;MWh;NO;NO;;-23.2;-23.2;-23.2;-1;DOWN
2025-09-07T00:30;2025-09-07T00:45;3;EUR;MWh;NO;NO;62.22;-23.2;-23.2;-23.2;-1;DOWN
2025-09-07T00:45;2025-09-07T01:00;4;EUR;MWh;NO;NO;;-23.2;-23.2;-23.2;-1;DOWN
2025-09-07T01:00;2025-09-07T01:15;5;EUR;MWh;NO;NO;;30;45;45;0;STABLE
2025-09-07T01:15;2025-09-07T01:30;6;EUR;MWh;NO;NO;;30;30;30;-1;DOWN
2025-09-07T01:30;2025-09-07T01:45;7;EUR;MWh;NO;NO;;11;11;11;-1;DOWN
2025-09-07T01:45;2025-09-07T02:00;8;EUR;MWh;NO;NO;;-27.1;-27.1;-27.1;-1;DOWN
2025-09-07T02:00;2025-09-07T02:15;9;EUR;MWh;NO;NO;;-4.38;-4.38;-4.38;-1;DOWN
2025-09-07T02:15;2025-09-07T02:30;10;EUR;MWh;NO;NO;;-28.9;-28.9;-28.9;-1;DOWN
2025-09-07T02:30;2025-09-07T02:45;11;EUR;MWh;NO;NO;;-28.9;-28.9;-28.9;-1;DOWN
2025-09-07T02:45;2025-09-07T03:00;12;EUR;MWh;NO;NO;;-28.9;-28.9;-28.9;-1;DOWN
2025-09-07T03:00;2025-09-07T03:15;13;EUR;MWh;NO;NO;;-2.44;-2.44;-2.44;-1;DOWN
2025-09-07T03:15;2025-09-07T03:30;14;EUR;MWh;NO;NO;;7.57;7.57;7.57;-1;DOWN
2025-09-07T03:30;2025-09-07T03:45;15;EUR;MWh;NO;NO;;;0;0;-1;DOWN
2025-09-07T03:45;2025-09-07T04:00;16;EUR;MWh;NO;NO;;7.57;45;45;0;STABLE
2025-09-07T04:00;2025-09-07T04:15;17;EUR;MWh;NO;NO;;7.57;7.57;7.57;-1;DOWN
2025-09-07T04:15;2025-09-07T04:30;18;EUR;MWh;NO;NO;;7.57;7.57;7.57;-1;DOWN
2025-09-07T04:30;2025-09-07T04:45;19;EUR;MWh;NO;NO;;7.57;7.57;7.57;-1;DOWN
2025-09-07T04:45;2025-09-07T05:00;20;EUR;MWh;NO;NO;;7.57;7.57;7.57;-1;DOWN
2025-09-07T05:00;2025-09-07T05:15;21;EUR;MWh;NO;NO;;-27.08;-27.08;-27.08;-1;DOWN
2025-09-07T05:15;2025-09-07T05:30;22;EUR;MWh;NO;NO;;-27.5;-27.5;-27.5;-1;DOWN
2025-09-07T05:30;2025-09-07T05:45;23;EUR;MWh;NO;NO;;-27.5;-27.5;-27.5;-1;DOWN
2025-09-07T05:45;2025-09-07T06:00;24;EUR;MWh;NO;NO;88.56;-27.5;88.56;-27.5;2;UP_AND_DOWN
2025-09-07T06:00;2025-09-07T06:15;25;EUR;MWh;NO;NO;96;-7.6;96;-7.6;2;UP_AND_DOWN
2025-09-07T06:15;2025-09-07T06:30;26;EUR;MWh;NO;NO;;-5.27;-5.27;-5.27;-1;DOWN
2025-09-07T06:30;2025-09-07T06:45;27;EUR;MWh;NO;NO;68.56;-11.64;68.56;-11.64;2;UP_AND_DOWN
2025-09-07T06:45;2025-09-07T07:00;28;EUR;MWh;NO;NO;68.56;-13.94;68.56;-13.94;2;UP_AND_DOWN
2025-09-07T07:00;2025-09-07T07:15;29;EUR;MWh;NO;NO;;-31.59;-31.59;-31.59;-1;DOWN
2025-09-07T07:15;2025-09-07T07:30;30;EUR;MWh;NO;NO;30;-30;-30;-30;-1;DOWN
2025-09-07T07:30;2025-09-07T07:45;31;EUR;MWh;NO;NO;;-12.61;-12.61;-12.61;-1;DOWN
2025-09-07T07:45;2025-09-07T08:00;32;EUR;MWh;NO;NO;;-30;-30;-30;-1;DOWN
2025-09-07T08:00;2025-09-07T08:15;33;EUR;MWh;NO;NO;;7.57;7.57;7.57;-1;DOWN
2025-09-07T08:15;2025-09-07T08:30;34;EUR;MWh;NO;NO;30;7.57;7.57;7.57;-1;DOWN
2025-09-07T08:30;2025-09-07T08:45;35;EUR;MWh;NO;NO;30;-59.47;-59.47;-59.47;-1;DOWN
2025-09-07T08:45;2025-09-07T09:00;36;EUR;MWh;NO;NO;140;-32.72;140;-32.72;2;UP_AND_DOWN
2025-09-07T09:00;2025-09-07T09:15;37;EUR;MWh;NO;NO;158.98;;158.98;158.98;1;UP
2025-09-07T09:15;2025-09-07T09:30;38;EUR;MWh;NO;NO;68.56;12.44;68.56;12.44;2;UP_AND_DOWN
2025-09-07T09:30;2025-09-07T09:45;39;EUR;MWh;NO;NO;72;-28;72;-28;2;UP_AND_DOWN
2025-09-07T09:45;2025-09-07T10:00;40;EUR;MWh;NO;NO;55;-70;55;-70;2;UP_AND_DOWN
2025-09-07T10:00;2025-09-07T10:15;41;EUR;MWh;NO;NO;102.68;-70.3;102.68;-70.3;2;UP_AND_DOWN
2025-09-07T10:15;2025-09-07T10:30;42;EUR;MWh;NO;NO;68.56;-56;68.56;-56;2;UP_AND_DOWN
2025-09-07T10:30;2025-09-07T10:45;43;EUR;MWh;NO;NO;59.77;-70.3;59.77;-70.3;2;UP_AND_DOWN
2025-09-07T10:45;2025-09-07T11:00;44;EUR;MWh;NO;NO;1;-499.9;-499.9;-499.9;-1;DOWN
2025-09-07T11:00;2025-09-07T11:15;45;EUR;MWh;NO;NO;1;-60;-60;-60;-1;DOWN
2025-09-07T11:15;2025-09-07T11:30;46;EUR;MWh;NO;NO;1;-80.7;25.5;-80.7;2;UP_AND_DOWN
2025-09-07T11:30;2025-09-07T11:45;47;EUR;MWh;NO;NO;2;-105;25.5;-105;2;UP_AND_DOWN
2025-09-07T11:45;2025-09-07T12:00;48;EUR;MWh;NO;NO;;-105;-105;-105;-1;DOWN
2025-09-07T12:00;2025-09-07T12:15;49;EUR;MWh;NO;NO;;-93.5;-93.5;-93.5;-1;DOWN
2025-09-07T12:15;2025-09-07T12:30;50;EUR;MWh;NO;NO;1;-105;-105;-105;-1;DOWN
2025-09-07T12:30;2025-09-07T12:45;51;EUR;MWh;NO;NO;;-1000;-1000;-1000;-1;DOWN
2025-09-07T12:45;2025-09-07T13:00;52;EUR;MWh;NO;NO;2;-1000;17.03;-1000;2;UP_AND_DOWN
2025-09-07T13:00;2025-09-07T13:15;53;EUR;MWh;NO;NO;3;-198;17.03;-198;2;UP_AND_DOWN
2025-09-07T13:15;2025-09-07T13:30;54;EUR;MWh;NO;NO;;-102;-102;-102;-1;DOWN
2025-09-07T13:30;2025-09-07T13:45;55;EUR;MWh;NO;NO;;-98.9;-98.9;-98.9;-1;DOWN
2025-09-07T13:45;2025-09-07T14:00;56;EUR;MWh;NO;NO;;-105;-105;-105;-1;DOWN
2025-09-07T14:00;2025-09-07T14:15;57;EUR;MWh;NO;NO;1;-108.4;-108.4;-108.4;-1;DOWN
2025-09-07T14:15;2025-09-07T14:30;58;EUR;MWh;NO;NO;2;-568.09;2;-568.09;2;UP_AND_DOWN
2025-09-07T14:30;2025-09-07T14:45;59;EUR;MWh;NO;NO;2;-105;17.03;-105;2;UP_AND_DOWN
2025-09-07T14:45;2025-09-07T15:00;60;EUR;MWh;NO;NO;2;-75;-75;-75;-1;DOWN
2025-09-07T15:00;2025-09-07T15:15;61;EUR;MWh;NO;NO;3;-60;17.03;-60;2;UP_AND_DOWN
2025-09-07T15:15;2025-09-07T15:30;62;EUR;MWh;NO;NO;2;-29;17.03;-29;2;UP_AND_DOWN
2025-09-07T15:30;2025-09-07T15:45;63;EUR;MWh;NO;NO;2;-67.7;17.03;-67.7;2;UP_AND_DOWN
2025-09-07T15:45;2025-09-07T16:00;64;EUR;MWh;NO;NO;;-30;-30;-30;-1;DOWN
2025-09-07T16:00;2025-09-07T16:15;65;EUR;MWh;NO;NO;1;-67.2;25.5;-67.2;2;UP_AND_DOWN
2025-09-07T16:15;2025-09-07T16:30;66;EUR;MWh;NO;NO;60;-121.06;60;-121.06;2;UP_AND_DOWN
2025-09-07T16:30;2025-09-07T16:45;67;EUR;MWh;NO;NO;70;-144.74;70;-144.74;2;UP_AND_DOWN
2025-09-07T16:45;2025-09-07T17:00;68;EUR;MWh;NO;NO;128.88;-69.4;128.88;-69.4;2;UP_AND_DOWN
2025-09-07T17:00;2025-09-07T17:15;69;EUR;MWh;NO;NO;97;-248.13;97;-248.13;2;UP_AND_DOWN
2025-09-07T17:15;2025-09-07T17:30;70;EUR;MWh;NO;NO;77;-94.5;77;-94.5;2;UP_AND_DOWN
2025-09-07T17:30;2025-09-07T17:45;71;EUR;MWh;NO;NO;88.56;;88.56;88.56;1;UP
2025-09-07T17:45;2025-09-07T18:00;72;EUR;MWh;NO;NO;102.3;7.57;102.3;102.3;1;UP
2025-09-07T18:00;2025-09-07T18:15;73;EUR;MWh;NO;NO;53;-30;61;-30;2;UP_AND_DOWN
2025-09-07T18:15;2025-09-07T18:30;74;EUR;MWh;NO;NO;100;-14;100;-14;2;UP_AND_DOWN
2025-09-07T18:30;2025-09-07T18:45;75;EUR;MWh;NO;NO;112.6;;112.6;112.6;1;UP
2025-09-07T18:45;2025-09-07T19:00;76;EUR;MWh;NO;NO;400;;400;400;1;UP
2025-09-07T19:00;2025-09-07T19:15;77;EUR;MWh;NO;NO;91.77;;91.77;91.77;1;UP
2025-09-07T19:15;2025-09-07T19:30;78;EUR;MWh;NO;NO;142.6;;142.6;142.6;1;UP
2025-09-07T19:30;2025-09-07T19:45;79;EUR;MWh;NO;NO;177;;177;177;1;UP
2025-09-07T19:45;2025-09-07T20:00;80;EUR;MWh;NO;NO;167.4;34;167.4;34;2;UP_AND_DOWN
2025-09-07T20:00;2025-09-07T20:15;81;EUR;MWh;NO;NO;89;11;89;11;2;UP_AND_DOWN
2025-09-07T20:15;2025-09-07T20:30;82;EUR;MWh;NO;NO;68.56;52;68.56;52;2;UP_AND_DOWN
2025-09-07T20:30;2025-09-07T20:45;83;EUR;MWh;NO;NO;;-2.61;-2.61;-2.61;-1;DOWN
2025-09-07T20:45;2025-09-07T21:00;84;EUR;MWh;NO;NO;;-25.68;-25.68;-25.68;-1;DOWN
2025-09-07T21:00;2025-09-07T21:15;85;EUR;MWh;NO;NO;141.6;-17.1;141.6;-17.1;2;UP_AND_DOWN
2025-09-07T21:15;2025-09-07T21:30;86;EUR;MWh;NO;NO;;-30;-30;-30;-1;DOWN
2025-09-07T21:30;2025-09-07T21:45;87;EUR;MWh;NO;NO;140;43;140;43;2;UP_AND_DOWN
2025-09-07T21:45;2025-09-07T22:00;88;EUR;MWh;NO;NO;88.56;38;88.56;38;2;UP_AND_DOWN
2025-09-07T22:00;2025-09-07T22:15;89;EUR;MWh;NO;NO;91.77;50;91.77;50;2;UP_AND_DOWN
2025-09-07T22:15;2025-09-07T22:30;90;EUR;MWh;NO;NO;100;27;100;27;2;UP_AND_DOWN
2025-09-07T22:30;2025-09-07T22:45;91;EUR;MWh;NO;NO;114.57;;114.57;114.57;1;UP
2025-09-07T22:45;2025-09-07T23:00;92;EUR;MWh;NO;NO;100;;100;100;1;UP
2025-09-07T23:00;2025-09-07T23:15;93;EUR;MWh;NO;NO;110;;110;110;1;UP
2025-09-07T23:15;2025-09-07T23:30;94;EUR;MWh;NO;NO;100;;100;100;1;UP
2025-09-07T23:30;2025-09-07T23:45;95;EUR;MWh;NO;NO;99.1;;99.1;99.1;1;UP
2025-09-07T23:45;2025-09-08T00:00;96;EUR;MWh;NO;NO;99.2;60;99.2;60;2;UP_AND_DOWN
2025-09-08T00:00;2025-09-08T00:15;1;EUR;MWh;NO;NO;118.6;59.57;118.6;58.5;2;UP_AND_DOWN
2025-09-08T00:15;2025-09-08T00:30;2;EUR;MWh;NO;NO;141;;141;141;1;UP
2025-09-08T00:30;2025-09-08T00:45;3;EUR;MWh;NO;NO;169.3;;169.3;169.3;1;UP
2025-09-08T00:45;2025-09-08T01:00;4;EUR;MWh;NO;NO;141;;141;141;1;UP
2025-09-08T01:00;2025-09-08T01:15;5;EUR;MWh;NO;NO;105.02;;105.02;105.02;1;UP
2025-09-08T01:15;2025-09-08T01:30;6;EUR;MWh;NO;NO;130.8;;130.8;130.8;1;UP
2025-09-08T01:30;2025-09-08T01:45;7;EUR;MWh;NO;NO;130.7;;130.7;130.7;1;UP
2025-09-08T01:45;2025-09-08T02:00;8;EUR;MWh;NO;NO;110.1;;110.1;110.1;1;UP
2025-09-08T02:00;2025-09-08T02:15;9;EUR;MWh;NO;NO;125.02;66;125.02;58.5;2;UP_AND_DOWN
2025-09-08T02:15;2025-09-08T02:30;10;EUR;MWh;NO;NO;100.02;;100.02;100.02;1;UP
2025-09-08T02:30;2025-09-08T02:45;11;EUR;MWh;NO;NO;111;;111;111;1;UP
2025-09-08T02:45;2025-09-08T03:00;12;EUR;MWh;NO;NO;111;;111;111;1;UP
2025-09-08T03:00;2025-09-08T03:15;13;EUR;MWh;NO;NO;140.7;;140.7;140.7;1;UP
2025-09-08T03:15;2025-09-08T03:30;14;EUR;MWh;NO;NO;130.6;;130.6;130.6;1;UP
2025-09-08T03:30;2025-09-08T03:45;15;EUR;MWh;NO;NO;105.02;;105.02;105.02;1;UP
2025-09-08T03:45;2025-09-08T04:00;16;EUR;MWh;NO;NO;130.5;;130.5;130.5;1;UP
2025-09-08T04:00;2025-09-08T04:15;17;EUR;MWh;NO;NO;88.56;;88.56;88.56;1;UP
2025-09-08T04:15;2025-09-08T04:30;18;EUR;MWh;NO;NO;78.56;59;78.56;59;2;UP_AND_DOWN
2025-09-08T04:30;2025-09-08T04:45;19;EUR;MWh;NO;NO;;59;59;59;-1;DOWN
2025-09-08T04:45;2025-09-08T05:00;20;EUR;MWh;NO;NO;100;59;100;59;2;UP_AND_DOWN
2025-09-08T05:00;2025-09-08T05:15;21;EUR;MWh;NO;NO;111;59.57;111;59.57;2;UP_AND_DOWN
2025-09-08T05:15;2025-09-08T05:30;22;EUR;MWh;NO;NO;105.02;;105.02;105.02;1;UP
2025-09-08T05:30;2025-09-08T05:45;23;EUR;MWh;NO;NO;128.25;59.77;128.25;128.25;1;UP
2025-09-08T05:45;2025-09-08T06:00;24;EUR;MWh;NO;NO;121.1;82;121.1;121.1;1;UP
2025-09-08T06:00;2025-09-08T06:15;25;EUR;MWh;NO;NO;78.56;82;78.56;78.56;1;UP
2025-09-08T06:15;2025-09-08T06:30;26;EUR;MWh;NO;NO;111;;111;111;1;UP
2025-09-08T06:30;2025-09-08T06:45;27;EUR;MWh;NO;NO;130.4;;130.4;130.4;1;UP
2025-09-08T06:45;2025-09-08T07:00;28;EUR;MWh;NO;NO;130.3;;130.3;130.3;1;UP
2025-09-08T07:00;2025-09-08T07:15;29;EUR;MWh;NO;NO;130.3;;130.3;130.3;1;UP
2025-09-08T07:15;2025-09-08T07:30;30;EUR;MWh;NO;NO;130.3;;130.3;130.3;1;UP
2025-09-08T07:30;2025-09-08T07:45;31;EUR;MWh;NO;NO;130.3;;130.3;130.3;1;UP
2025-09-08T07:45;2025-09-08T08:00;32;EUR;MWh;NO;NO;130.3;;130.3;130.3;1;UP
2025-09-08T08:00;2025-09-08T08:15;33;EUR;MWh;NO;NO;99;;99;99;1;UP
2025-09-08T08:15;2025-09-08T08:30;34;EUR;MWh;NO;NO;130.4;;130.4;130.4;1;UP
2025-09-08T08:30;2025-09-08T08:45;35;EUR;MWh;NO;NO;170.8;;170.8;170.8;1;UP
2025-09-08T08:45;2025-09-08T09:00;36;EUR;MWh;NO;NO;600;;600;600;1;UP
2025-09-08T09:00;2025-09-08T09:15;37;EUR;MWh;NO;NO;3973.15;;3973.15;3973.15;1;UP
2025-09-08T09:15;2025-09-08T09:30;38;EUR;MWh;NO;NO;170.6;;170.6;170.6;1;UP
2025-09-08T09:30;2025-09-08T09:45;39;EUR;MWh;NO;NO;140.5;;140.5;140.5;1;UP
2025-09-08T09:45;2025-09-08T10:00;40;EUR;MWh;NO;NO;99;47.6;99;47.6;2;UP_AND_DOWN
2025-09-08T10:00;2025-09-08T10:15;41;EUR;MWh;NO;NO;98.39;-31.18;98.39;98.39;1;UP
2025-09-08T10:15;2025-09-08T10:30;42;EUR;MWh;NO;NO;140.7;;140.7;140.7;1;UP
2025-09-08T10:30;2025-09-08T10:45;43;EUR;MWh;NO;NO;120.8;99;120.8;69.5;2;UP_AND_DOWN
2025-09-08T10:45;2025-09-08T11:00;44;EUR;MWh;NO;NO;88.56;57.52;88.56;57.52;2;UP_AND_DOWN
2025-09-08T11:00;2025-09-08T11:15;45;EUR;MWh;NO;NO;120.6;48;120.6;48;2;UP_AND_DOWN
2025-09-08T11:15;2025-09-08T11:30;46;EUR;MWh;NO;NO;141;10;141;10;2;UP_AND_DOWN
2025-09-08T11:30;2025-09-08T11:45;47;EUR;MWh;NO;NO;;6.57;6.57;6.57;-1;DOWN
2025-09-08T11:45;2025-09-08T12:00;48;EUR;MWh;NO;NO;;-.49;-.49;-.49;-1;DOWN
2025-09-08T12:00;2025-09-08T12:15;49;EUR;MWh;NO;NO;86.2;-.49;86.2;-.49;2;UP_AND_DOWN
2025-09-08T12:15;2025-09-08T12:30;50;EUR;MWh;NO;NO;78.56;35;78.56;35;2;UP_AND_DOWN
2025-09-08T12:30;2025-09-08T12:45;51;EUR;MWh;NO;NO;;-30;-30;-30;-1;DOWN
2025-09-08T12:45;2025-09-08T13:00;52;EUR;MWh;NO;NO;;-29.7;-29.7;-29.7;-1;DOWN
2025-09-08T13:00;2025-09-08T13:15;53;EUR;MWh;NO;NO;;;0;0;-1;DOWN
2025-09-08T13:15;2025-09-08T13:30;54;EUR;MWh;NO;NO;;6.57;6.57;6.57;-1;DOWN
2025-09-08T13:30;2025-09-08T13:45;55;EUR;MWh;NO;NO;;-30;-30;-30;-1;DOWN
2025-09-08T13:45;2025-09-08T14:00;56;EUR;MWh;NO;NO;;6.57;6.57;6.57;-1;DOWN
2025-09-08T14:00;2025-09-08T14:15;57;EUR;MWh;NO;NO;131;6.57;131;131;1;UP
2025-09-08T14:15;2025-09-08T14:30;58;EUR;MWh;NO;NO;169.1;;169.1;169.1;1;UP
2025-09-08T14:30;2025-09-08T14:45;59;EUR;MWh;NO;NO;170;;170;170;1;UP
2025-09-08T14:45;2025-09-08T15:00;60;EUR;MWh;NO;NO;96;;96;96;1;UP
2025-09-08T15:00;2025-09-08T15:15;61;EUR;MWh;NO;NO;;6.57;6.57;6.57;-1;DOWN
2025-09-08T15:15;2025-09-08T15:30;62;EUR;MWh;NO;NO;95.6;70.04;95.6;58.07;2;UP_AND_DOWN
2025-09-08T15:30;2025-09-08T15:45;63;EUR;MWh;NO;NO;106.4;76.13;106.4;106.4;1;UP
2025-09-08T15:45;2025-09-08T16:00;64;EUR;MWh;NO;NO;130.9;;130.9;130.9;1;UP
2025-09-08T16:00;2025-09-08T16:15;65;EUR;MWh;NO;NO;169.6;;169.6;169.6;1;UP
2025-09-08T16:15;2025-09-08T16:30;66;EUR;MWh;NO;NO;170;;170;170;1;UP
2025-09-08T16:30;2025-09-08T16:45;67;EUR;MWh;NO;NO;141;;141;141;1;UP
2025-09-08T16:45;2025-09-08T17:00;68;EUR;MWh;NO;NO;130.8;;130.8;130.8;1;UP
2025-09-08T17:00;2025-09-08T17:15;69;EUR;MWh;NO;NO;106.4;;106.4;106.4;1;UP
2025-09-08T17:15;2025-09-08T17:30;70;EUR;MWh;NO;NO;169;;169;169;1;UP
2025-09-08T17:30;2025-09-08T17:45;71;EUR;MWh;NO;NO;170.3;;170.3;170.3;1;UP
2025-09-08T17:45;2025-09-08T18:00;72;EUR;MWh;NO;NO;169;;169;169;1;UP
2025-09-08T18:00;2025-09-08T18:15;73;EUR;MWh;NO;NO;130.6;70.66;130.6;69.5;2;UP_AND_DOWN
2025-09-08T18:15;2025-09-08T18:30;74;EUR;MWh;NO;NO;170.7;;170.7;170.7;1;UP
2025-09-08T18:30;2025-09-08T18:45;75;EUR;MWh;NO;NO;500;;500;500;1;UP
2025-09-08T18:45;2025-09-08T19:00;76;EUR;MWh;NO;NO;1662;;1662;1662;1;UP
2025-09-08T19:00;2025-09-08T19:15;77;EUR;MWh;NO;NO;360;;360;360;1;UP
2025-09-08T19:15;2025-09-08T19:30;78;EUR;MWh;NO;NO;700;;700;700;1;UP
2025-09-08T19:30;2025-09-08T19:45;79;EUR;MWh;NO;NO;700;;700;700;1;UP
2025-09-08T19:45;2025-09-08T20:00;80;EUR;MWh;NO;NO;606.59;;606.59;606.59;1;UP
2025-09-08T20:00;2025-09-08T20:15;81;EUR;MWh;NO;NO;400;;400;400;1;UP
2025-09-08T20:15;2025-09-08T20:30;82;EUR;MWh;NO;NO;700;;700;700;1;UP
2025-09-08T20:30;2025-09-08T20:45;83;EUR;MWh;NO;NO;1662;;1662;1662;1;UP
2025-09-08T20:45;2025-09-08T21:00;84;EUR;MWh;NO;NO;500;;500;500;1;UP
2025-09-08T21:00;2025-09-08T21:15;85;EUR;MWh;NO;NO;150;72.14;150;72.14;2;UP_AND_DOWN
2025-09-08T21:15;2025-09-08T21:30;86;EUR;MWh;NO;NO;;71.74;71.74;71.74;-1;DOWN
2025-09-08T21:30;2025-09-08T21:45;87;EUR;MWh;NO;NO;96.4;73.54;96.4;73.54;2;UP_AND_DOWN
2025-09-08T21:45;2025-09-08T22:00;88;EUR;MWh;NO;NO;155;56.77;155;56.77;2;UP_AND_DOWN
2025-09-08T22:00;2025-09-08T22:15;89;EUR;MWh;NO;NO;129.52;55.74;129.52;55.74;2;UP_AND_DOWN
2025-09-08T22:15;2025-09-08T22:30;90;EUR;MWh;NO;NO;91.4;70;91.4;70;2;UP_AND_DOWN
2025-09-08T22:30;2025-09-08T22:45;91;EUR;MWh;NO;NO;78.56;70.84;70.84;70.84;-1;DOWN
2025-09-08T22:45;2025-09-08T23:00;92;EUR;MWh;NO;NO;129.7;70.56;129.7;70.56;2;UP_AND_DOWN
2025-09-08T23:00;2025-09-08T23:15;93;EUR;MWh;NO;NO;169;;169;169;1;UP
2025-09-08T23:15;2025-09-08T23:30;94;EUR;MWh;NO;NO;155;99;155;80;2;UP_AND_DOWN
2025-09-08T23:30;2025-09-08T23:45;95;EUR;MWh;NO;NO;138.7;99;138.7;80;2;UP_AND_DOWN
2025-09-08T23:45;2025-09-09T00:00;96;EUR;MWh;NO;NO;91.4;99;91.4;80;2;UP_AND_DOWN
2025-09-09T00:00;2025-09-09T00:15;1;EUR;MWh;NO;NO;136.46;76;136.46;61;2;UP_AND_DOWN
2025-09-09T00:15;2025-09-09T00:30;2;EUR;MWh;NO;NO;109.98;79.57;109.98;61;2;UP_AND_DOWN
2025-09-09T00:30;2025-09-09T00:45;3;EUR;MWh;NO;NO;81.37;79.57;81.37;81.37;1;UP
2025-09-09T00:45;2025-09-09T01:00;4;EUR;MWh;NO;NO;88.66;76;88.66;61;2;UP_AND_DOWN
2025-09-09T01:00;2025-09-09T01:15;5;EUR;MWh;NO;NO;106.27;76;106.27;61;2;UP_AND_DOWN
2025-09-09T01:15;2025-09-09T01:30;6;EUR;MWh;NO;NO;106.27;;106.27;106.27;1;UP
2025-09-09T01:30;2025-09-09T01:45;7;EUR;MWh;NO;NO;93.41;74.49;93.41;61;2;UP_AND_DOWN
2025-09-09T01:45;2025-09-09T02:00;8;EUR;MWh;NO;NO;85.34;76;85.34;61;2;UP_AND_DOWN
2025-09-09T02:00;2025-09-09T02:15;9;EUR;MWh;NO;NO;86.98;;86.98;86.98;1;UP
2025-09-09T02:15;2025-09-09T02:30;10;EUR;MWh;NO;NO;104.98;;104.98;104.98;1;UP
2025-09-09T02:30;2025-09-09T02:45;11;EUR;MWh;NO;NO;106.27;;106.27;106.27;1;UP
2025-09-09T02:45;2025-09-09T03:00;12;EUR;MWh;NO;NO;106.27;;106.27;106.27;1;UP
2025-09-09T03:00;2025-09-09T03:15;13;EUR;MWh;NO;NO;126.8;;126.8;126.8;1;UP
2025-09-09T03:15;2025-09-09T03:30;14;EUR;MWh;NO;NO;100;;100;100;1;UP
2025-09-09T03:30;2025-09-09T03:45;15;EUR;MWh;NO;NO;112.79;;112.79;112.79;1;UP
2025-09-09T03:45;2025-09-09T04:00;16;EUR;MWh;NO;NO;100;74.49;100;59.79;2;UP_AND_DOWN
2025-09-09T04:00;2025-09-09T04:15;17;EUR;MWh;NO;NO;112.79;;112.79;112.79;1;UP
2025-09-09T04:15;2025-09-09T04:30;18;EUR;MWh;NO;NO;130;;130;130;1;UP
2025-09-09T04:30;2025-09-09T04:45;19;EUR;MWh;NO;NO;126.9;;126.9;126.9;1;UP
2025-09-09T04:45;2025-09-09T05:00;20;EUR;MWh;NO;NO;109.98;;109.98;109.98;1;UP
2025-09-09T05:00;2025-09-09T05:15;21;EUR;MWh;NO;NO;42;59.39;59.39;59.39;-1;DOWN
2025-09-09T05:15;2025-09-09T05:30;22;EUR;MWh;NO;NO;;65.01;65.01;65.01;-1;DOWN
2025-09-09T05:30;2025-09-09T05:45;23;EUR;MWh;NO;NO;100;74;100;61;2;UP_AND_DOWN
2025-09-09T05:45;2025-09-09T06:00;24;EUR;MWh;NO;NO;138.8;;138.8;138.8;1;UP
2025-09-09T06:00;2025-09-09T06:15;25;EUR;MWh;NO;NO;150;74.2;150;61;2;UP_AND_DOWN
2025-09-09T06:15;2025-09-09T06:30;26;EUR;MWh;NO;NO;171;;171;171;1;UP
2025-09-09T06:30;2025-09-09T06:45;27;EUR;MWh;NO;NO;184.98;;184.98;184.98;1;UP
2025-09-09T06:45;2025-09-09T07:00;28;EUR;MWh;NO;NO;171;;171;171;1;UP
2025-09-09T07:00;2025-09-09T07:15;29;EUR;MWh;NO;NO;151;;151;151;1;UP
2025-09-09T07:15;2025-09-09T07:30;30;EUR;MWh;NO;NO;151;;151;151;1;UP
2025-09-09T07:30;2025-09-09T07:45;31;EUR;MWh;NO;NO;127.2;;127.2;127.2;1;UP
2025-09-09T07:45;2025-09-09T08:00;32;EUR;MWh;NO;NO;151;;151;151;1;UP
2025-09-09T08:00;2025-09-09T08:15;33;EUR;MWh;NO;NO;172;;172;172;1;UP
2025-09-09T08:15;2025-09-09T08:30;34;EUR;MWh;NO;NO;195;;195;195;1;UP
2025-09-09T08:30;2025-09-09T08:45;35;EUR;MWh;NO;NO;247;;247;247;1;UP
2025-09-09T08:45;2025-09-09T09:00;36;EUR;MWh;NO;NO;174.4;77.72;174.4;174.4;1;UP
2025-09-09T09:00;2025-09-09T09:15;37;EUR;MWh;NO;NO;134.88;82;134.88;134.88;1;UP
2025-09-09T09:15;2025-09-09T09:30;38;EUR;MWh;NO;NO;151;;151;151;1;UP
2025-09-09T09:30;2025-09-09T09:45;39;EUR;MWh;NO;NO;182;;182;182;1;UP
2025-09-09T09:45;2025-09-09T10:00;40;EUR;MWh;NO;NO;169;;169;169;1;UP
2025-09-09T10:00;2025-09-09T10:15;41;EUR;MWh;NO;NO;130.2;;130.2;130.2;1;UP
2025-09-09T10:15;2025-09-09T10:30;42;EUR;MWh;NO;NO;173.4;;173.4;173.4;1;UP
2025-09-09T10:30;2025-09-09T10:45;43;EUR;MWh;NO;NO;144;82;144;61;2;UP_AND_DOWN
2025-09-09T10:45;2025-09-09T11:00;44;EUR;MWh;NO;NO;140;;140;140;1;UP
2025-09-09T11:00;2025-09-09T11:15;45;EUR;MWh;NO;NO;151;;151;151;1;UP
2025-09-09T11:15;2025-09-09T11:30;46;EUR;MWh;NO;NO;140;77.52;140;140;1;UP
2025-09-09T11:30;2025-09-09T11:45;47;EUR;MWh;NO;NO;139.9;77.62;139.9;61;2;UP_AND_DOWN
2025-09-09T11:45;2025-09-09T12:00;48;EUR;MWh;NO;NO;130.5;;130.5;130.5;1;UP
2025-09-09T12:00;2025-09-09T12:15;49;EUR;MWh;NO;NO;104.98;54.57;104.98;54.57;2;UP_AND_DOWN
2025-09-09T12:15;2025-09-09T12:30;50;EUR;MWh;NO;NO;106.33;74.69;106.33;58.86;2;UP_AND_DOWN
2025-09-09T12:30;2025-09-09T12:45;51;EUR;MWh;NO;NO;110.54;77.72;110.54;110.54;1;UP
2025-09-09T12:45;2025-09-09T13:00;52;EUR;MWh;NO;NO;100;69.39;100;58.86;2;UP_AND_DOWN
2025-09-09T13:00;2025-09-09T13:15;53;EUR;MWh;NO;NO;91.07;69.57;91.07;57.3;2;UP_AND_DOWN
2025-09-09T13:15;2025-09-09T13:30;54;EUR;MWh;NO;NO;;66.98;66.98;66.98;-1;DOWN
2025-09-09T13:30;2025-09-09T13:45;55;EUR;MWh;NO;NO;100;54.57;100;54.57;2;UP_AND_DOWN
2025-09-09T13:45;2025-09-09T14:00;56;EUR;MWh;NO;NO;;41.98;41.98;41.98;-1;DOWN
2025-09-09T14:00;2025-09-09T14:15;57;EUR;MWh;NO;NO;123.3;57.9;123.3;57.9;2;UP_AND_DOWN
2025-09-09T14:15;2025-09-09T14:30;58;EUR;MWh;NO;NO;;54.57;54.57;54.57;-1;DOWN
2025-09-09T14:30;2025-09-09T14:45;59;EUR;MWh;NO;NO;;28.98;28.98;28.98;-1;DOWN
2025-09-09T14:45;2025-09-09T15:00;60;EUR;MWh;NO;NO;;-60;-60;-60;-1;DOWN
2025-09-09T15:00;2025-09-09T15:15;61;EUR;MWh;NO;NO;;60.98;60.98;60.98;-1;DOWN
2025-09-09T15:15;2025-09-09T15:30;62;EUR;MWh;NO;NO;;51.01;51.01;51.01;-1;DOWN
2025-09-09T15:30;2025-09-09T15:45;63;EUR;MWh;NO;NO;;24.98;24.98;24.98;-1;DOWN
2025-09-09T15:45;2025-09-09T16:00;64;EUR;MWh;NO;NO;;2.98;2.98;2.98;-1;DOWN
2025-09-09T16:00;2025-09-09T16:15;65;EUR;MWh;NO;NO;;3.98;3.98;3.98;-1;DOWN
2025-09-09T16:15;2025-09-09T16:30;66;EUR;MWh;NO;NO;;44.57;44.57;44.57;-1;DOWN
2025-09-09T16:30;2025-09-09T16:45;67;EUR;MWh;NO;NO;77.72;;61;61;0;STABLE
2025-09-09T16:45;2025-09-09T17:00;68;EUR;MWh;NO;NO;100;;100;100;1;UP
2025-09-09T17:00;2025-09-09T17:15;69;EUR;MWh;NO;NO;151;;151;151;1;UP
2025-09-09T17:15;2025-09-09T17:30;70;EUR;MWh;NO;NO;172;;172;172;1;UP
2025-09-09T17:30;2025-09-09T17:45;71;EUR;MWh;NO;NO;172.7;;172.7;172.7;1;UP
2025-09-09T17:45;2025-09-09T18:00;72;EUR;MWh;NO;NO;172;;172;172;1;UP
2025-09-09T18:00;2025-09-09T18:15;73;EUR;MWh;NO;NO;83.27;77.33;83.27;61;2;UP_AND_DOWN
2025-09-09T18:15;2025-09-09T18:30;74;EUR;MWh;NO;NO;94.98;;94.98;94.98;1;UP
2025-09-09T18:30;2025-09-09T18:45;75;EUR;MWh;NO;NO;131.27;73.23;131.27;61;2;UP_AND_DOWN
2025-09-09T18:45;2025-09-09T19:00;76;EUR;MWh;NO;NO;151;;151;151;1;UP
2025-09-09T19:00;2025-09-09T19:15;77;EUR;MWh;NO;NO;91.27;76.23;91.27;61;2;UP_AND_DOWN
2025-09-09T19:15;2025-09-09T19:30;78;EUR;MWh;NO;NO;86.88;;61;61;0;STABLE
2025-09-09T19:30;2025-09-09T19:45;79;EUR;MWh;NO;NO;169.4;;169.4;169.4;1;UP
2025-09-09T19:45;2025-09-09T20:00;80;EUR;MWh;NO;NO;168.9;;168.9;168.9;1;UP
2025-09-09T20:00;2025-09-09T20:15;81;EUR;MWh;NO;NO;94.39;;94.39;94.39;1;UP
2025-09-09T20:15;2025-09-09T20:30;82;EUR;MWh;NO;NO;100;;100;100;1;UP
2025-09-09T20:30;2025-09-09T20:45;83;EUR;MWh;NO;NO;108.56;;108.56;108.56;1;UP
2025-09-09T20:45;2025-09-09T21:00;84;EUR;MWh;NO;NO;130.1;;130.1;130.1;1;UP
2025-09-09T21:00;2025-09-09T21:15;85;EUR;MWh;NO;NO;181.27;92;181.27;181.27;1;UP
2025-09-09T21:15;2025-09-09T21:30;86;EUR;MWh;NO;NO;174.3;92;174.3;66;2;UP_AND_DOWN
2025-09-09T21:30;2025-09-09T21:45;87;EUR;MWh;NO;NO;94.88;72.2;94.88;66;2;UP_AND_DOWN
2025-09-09T21:45;2025-09-09T22:00;88;EUR;MWh;NO;NO;130;72.1;130;66;2;UP_AND_DOWN
2025-09-09T22:00;2025-09-09T22:15;89;EUR;MWh;NO;NO;125.9;92;125.9;125.9;1;UP
2025-09-09T22:15;2025-09-09T22:30;90;EUR;MWh;NO;NO;117.3;92;117.3;117.3;1;UP
2025-09-09T22:30;2025-09-09T22:45;91;EUR;MWh;NO;NO;42;71.2;71.2;71.2;-1;DOWN
2025-09-09T22:45;2025-09-09T23:00;92;EUR;MWh;NO;NO;;69.57;69.57;69.57;-1;DOWN
2025-09-09T23:00;2025-09-09T23:15;93;EUR;MWh;NO;NO;100;69.57;100;65;2;UP_AND_DOWN
2025-09-09T23:15;2025-09-09T23:30;94;EUR;MWh;NO;NO;126.98;70.64;126.98;64;2;UP_AND_DOWN
2025-09-09T23:30;2025-09-09T23:45;95;EUR;MWh;NO;NO;88.56;69.57;88.56;61.5;2;UP_AND_DOWN
2025-09-09T23:45;2025-09-10T00:00;96;EUR;MWh;NO;NO;93.8;77.62;93.8;61;2;UP_AND_DOWN
2025-09-10T00:00;2025-09-10T00:15;1;EUR;MWh;NO;NO;114.71;71.52;114.71;64;2;UP_AND_DOWN
2025-09-10T00:15;2025-09-10T00:30;2;EUR;MWh;NO;NO;106.17;;106.17;106.17;1;UP
2025-09-10T00:30;2025-09-10T00:45;3;EUR;MWh;NO;NO;102;;102;102;1;UP
2025-09-10T00:45;2025-09-10T01:00;4;EUR;MWh;NO;NO;94.71;77;94.71;64;2;UP_AND_DOWN
2025-09-10T01:00;2025-09-10T01:15;5;EUR;MWh;NO;NO;91.17;72.5;91.17;64;2;UP_AND_DOWN
2025-09-10T01:15;2025-09-10T01:30;6;EUR;MWh;NO;NO;44;71.58;64;64;2;UP_AND_DOWN
2025-09-10T01:30;2025-09-10T01:45;7;EUR;MWh;NO;NO;94.52;69.57;94.52;64;2;UP_AND_DOWN
2025-09-10T01:45;2025-09-10T02:00;8;EUR;MWh;NO;NO;44;69.7;69.7;69.7;-1;DOWN
2025-09-10T02:00;2025-09-10T02:15;9;EUR;MWh;NO;NO;98.56;73.28;98.56;64;2;UP_AND_DOWN
2025-09-10T02:15;2025-09-10T02:30;10;EUR;MWh;NO;NO;100;75.18;100;64;2;UP_AND_DOWN
2025-09-10T02:30;2025-09-10T02:45;11;EUR;MWh;NO;NO;89.82;76.16;89.82;64;2;UP_AND_DOWN
2025-09-10T02:45;2025-09-10T03:00;12;EUR;MWh;NO;NO;87.97;73.99;87.97;64;2;UP_AND_DOWN
2025-09-10T03:00;2025-09-10T03:15;13;EUR;MWh;NO;NO;82.59;;82.59;82.59;1;UP
2025-09-10T03:15;2025-09-10T03:30;14;EUR;MWh;NO;NO;89.72;88;89.72;64;2;UP_AND_DOWN
2025-09-10T03:30;2025-09-10T03:45;15;EUR;MWh;NO;NO;40;73.48;73.48;73.48;-1;DOWN
2025-09-10T03:45;2025-09-10T04:00;16;EUR;MWh;NO;NO;;69.57;69.57;69.57;-1;DOWN
2025-09-10T04:00;2025-09-10T04:15;17;EUR;MWh;NO;NO;;69.57;69.57;69.57;-1;DOWN
2025-09-10T04:15;2025-09-10T04:30;18;EUR;MWh;NO;NO;104.82;77.1;104.82;64;2;UP_AND_DOWN
2025-09-10T04:30;2025-09-10T04:45;19;EUR;MWh;NO;NO;96;;96;96;1;UP
2025-09-10T04:45;2025-09-10T05:00;20;EUR;MWh;NO;NO;96;75.28;96;64;2;UP_AND_DOWN
2025-09-10T05:00;2025-09-10T05:15;21;EUR;MWh;NO;NO;;75.08;75.08;75.08;-1;DOWN
2025-09-10T05:15;2025-09-10T05:30;22;EUR;MWh;NO;NO;100;;100;100;1;UP
2025-09-10T05:30;2025-09-10T05:45;23;EUR;MWh;NO;NO;104.82;;104.82;104.82;1;UP
2025-09-10T05:45;2025-09-10T06:00;24;EUR;MWh;NO;NO;97;76.08;97;97;1;UP
2025-09-10T06:00;2025-09-10T06:15;25;EUR;MWh;NO;NO;140;76.08;140;62;2;UP_AND_DOWN
2025-09-10T06:15;2025-09-10T06:30;26;EUR;MWh;NO;NO;136.4;;136.4;136.4;1;UP
2025-09-10T06:30;2025-09-10T06:45;27;EUR;MWh;NO;NO;159.4;;159.4;159.4;1;UP
2025-09-10T06:45;2025-09-10T07:00;28;EUR;MWh;NO;NO;159.4;;159.4;159.4;1;UP
2025-09-10T07:00;2025-09-10T07:15;29;EUR;MWh;NO;NO;159.4;88;159.4;64;2;UP_AND_DOWN
2025-09-10T07:15;2025-09-10T07:30;30;EUR;MWh;NO;NO;150;84;84;84;-1;DOWN
2025-09-10T07:30;2025-09-10T07:45;31;EUR;MWh;NO;NO;143.8;88;143.8;64;2;UP_AND_DOWN
2025-09-10T07:45;2025-09-10T08:00;32;EUR;MWh;NO;NO;159.2;;159.2;159.2;1;UP
2025-09-10T08:00;2025-09-10T08:15;33;EUR;MWh;NO;NO;159.1;;159.1;159.1;1;UP
2025-09-10T08:15;2025-09-10T08:30;34;EUR;MWh;NO;NO;171;;171;171;1;UP
2025-09-10T08:30;2025-09-10T08:45;35;EUR;MWh;NO;NO;109.82;;109.82;109.82;1;UP
2025-09-10T08:45;2025-09-10T09:00;36;EUR;MWh;NO;NO;139.8;;139.8;139.8;1;UP
2025-09-10T09:00;2025-09-10T09:15;37;EUR;MWh;NO;NO;136.2;77.88;136.2;64;2;UP_AND_DOWN
2025-09-10T09:15;2025-09-10T09:30;38;EUR;MWh;NO;NO;129.72;80.48;129.72;64;2;UP_AND_DOWN
2025-09-10T09:30;2025-09-10T09:45;39;EUR;MWh;NO;NO;;69.57;69.57;69.57;-1;DOWN
2025-09-10T09:45;2025-09-10T10:00;40;EUR;MWh;NO;NO;111;71.4;111;111;1;UP
2025-09-10T10:00;2025-09-10T10:15;41;EUR;MWh;NO;NO;158.13;71.83;158.13;64;2;UP_AND_DOWN
2025-09-10T10:15;2025-09-10T10:30;42;EUR;MWh;NO;NO;158.13;72.63;72.63;72.63;-1;DOWN
2025-09-10T10:30;2025-09-10T10:45;43;EUR;MWh;NO;NO;;66.4;66.4;66.4;-1;DOWN
2025-09-10T10:45;2025-09-10T11:00;44;EUR;MWh;NO;NO;;9.48;9.48;9.48;-1;DOWN
2025-09-10T11:00;2025-09-10T11:15;45;EUR;MWh;NO;NO;;49.86;49.86;49.86;-1;DOWN
2025-09-10T11:15;2025-09-10T11:30;46;EUR;MWh;NO;NO;;-49;-49;-49;-1;DOWN
2025-09-10T11:30;2025-09-10T11:45;47;EUR;MWh;NO;NO;;-30;-30;-30;-1;DOWN
2025-09-10T11:45;2025-09-10T12:00;48;EUR;MWh;NO;NO;;-30;-30;-30;-1;DOWN
2025-09-10T12:00;2025-09-10T12:15;49;EUR;MWh;NO;NO;;-49;-49;-49;-1;DOWN
2025-09-10T12:15;2025-09-10T12:30;50;EUR;MWh;NO;NO;;-65;-65;-65;-1;DOWN
2025-09-10T12:30;2025-09-10T12:45;51;EUR;MWh;NO;NO;;-49;-49;-49;-1;DOWN
2025-09-10T12:45;2025-09-10T13:00;52;EUR;MWh;NO;NO;100;-571.9;100;-571.9;2;UP_AND_DOWN
2025-09-10T13:00;2025-09-10T13:15;53;EUR;MWh;NO;NO;100;-107.34;100;-107.34;2;UP_AND_DOWN
2025-09-10T13:15;2025-09-10T13:30;54;EUR;MWh;NO;NO;98.46;-104.59;98.46;-104.59;2;UP_AND_DOWN
2025-09-10T13:30;2025-09-10T13:45;55;EUR;MWh;NO;NO;100.04;-337.12;100.04;-337.12;2;UP_AND_DOWN
2025-09-10T13:45;2025-09-10T14:00;56;EUR;MWh;NO;NO;;-70;-70;-70;-1;DOWN
2025-09-10T14:00;2025-09-10T14:15;57;EUR;MWh;NO;NO;;-65.8;-65.8;-65.8;-1;DOWN
2025-09-10T14:15;2025-09-10T14:30;58;EUR;MWh;NO;NO;;-106.64;-106.64;-106.64;-1;DOWN
2025-09-10T14:30;2025-09-10T14:45;59;EUR;MWh;NO;NO;;-49;-49;-49;-1;DOWN
2025-09-10T14:45;2025-09-10T15:00;60;EUR;MWh;NO;NO;;-30;-30;-30;-1;DOWN
2025-09-10T15:00;2025-09-10T15:15;61;EUR;MWh;NO;NO;170.04;-527.61;170.04;-527.61;2;UP_AND_DOWN
2025-09-10T15:15;2025-09-10T15:30;62;EUR;MWh;NO;NO;120;-30;120;-30;2;UP_AND_DOWN
2025-09-10T15:30;2025-09-10T15:45;63;EUR;MWh;NO;NO;120;-30;120;120;1;UP
2025-09-10T15:45;2025-09-10T16:00;64;EUR;MWh;NO;NO;120.04;34.86;120.04;34.86;2;UP_AND_DOWN
2025-09-10T16:00;2025-09-10T16:15;65;EUR;MWh;NO;NO;;10;10;10;-1;DOWN
2025-09-10T16:15;2025-09-10T16:30;66;EUR;MWh;NO;NO;;41.54;41.54;41.54;-1;DOWN
2025-09-10T16:30;2025-09-10T16:45;67;EUR;MWh;NO;NO;;52;52;52;-1;DOWN
2025-09-10T16:45;2025-09-10T17:00;68;EUR;MWh;NO;NO;;76.58;76.58;76.58;-1;DOWN
2025-09-10T17:00;2025-09-10T17:15;69;EUR;MWh;NO;NO;148.3;73.25;148.3;64;2;UP_AND_DOWN
2025-09-10T17:15;2025-09-10T17:30;70;EUR;MWh;NO;NO;177;;177;177;1;UP
2025-09-10T17:30;2025-09-10T17:45;71;EUR;MWh;NO;NO;151;;151;151;1;UP
2025-09-10T17:45;2025-09-10T18:00;72;EUR;MWh;NO;NO;96;71.54;96;64;2;UP_AND_DOWN
2025-09-10T18:00;2025-09-10T18:15;73;EUR;MWh;NO;NO;151;74.67;151;64;2;UP_AND_DOWN
2025-09-10T18:15;2025-09-10T18:30;74;EUR;MWh;NO;NO;148.1;79.26;148.1;64;2;UP_AND_DOWN
2025-09-10T18:30;2025-09-10T18:45;75;EUR;MWh;NO;NO;106.75;75.89;106.75;64;2;UP_AND_DOWN
2025-09-10T18:45;2025-09-10T19:00;76;EUR;MWh;NO;NO;136.4;;136.4;136.4;1;UP
2025-09-10T19:00;2025-09-10T19:15;77;EUR;MWh;NO;NO;135.31;;135.31;135.31;1;UP
2025-09-10T19:15;2025-09-10T19:30;78;EUR;MWh;NO;NO;96.9;98.8;96.9;96.9;1;UP
2025-09-10T19:30;2025-09-10T19:45;79;EUR;MWh;NO;NO;;78.58;78.58;78.58;-1;DOWN
2025-09-10T19:45;2025-09-10T20:00;80;EUR;MWh;NO;NO;44;75.89;75.89;75.89;-1;DOWN
2025-09-10T20:00;2025-09-10T20:15;81;EUR;MWh;NO;NO;107.84;75.89;107.84;107.84;1;UP
2025-09-10T20:15;2025-09-10T20:30;82;EUR;MWh;NO;NO;140;84;140;64;2;UP_AND_DOWN
2025-09-10T20:30;2025-09-10T20:45;83;EUR;MWh;NO;NO;100;84;100;64;2;UP_AND_DOWN
2025-09-10T20:45;2025-09-10T21:00;84;EUR;MWh;NO;NO;106.65;86;106.65;64;2;UP_AND_DOWN
2025-09-10T21:00;2025-09-10T21:15;85;EUR;MWh;NO;NO;149.2;74.64;149.2;64;2;UP_AND_DOWN
2025-09-10T21:15;2025-09-10T21:30;86;EUR;MWh;NO;NO;149.2;66;66;66;-1;DOWN
2025-09-10T21:30;2025-09-10T21:45;87;EUR;MWh;NO;NO;94.25;72.48;94.25;64;2;UP_AND_DOWN
2025-09-10T21:45;2025-09-10T22:00;88;EUR;MWh;NO;NO;97;78.79;97;64;2;UP_AND_DOWN
2025-09-10T22:00;2025-09-10T22:15;89;EUR;MWh;NO;NO;99;79.26;99;62;2;UP_AND_DOWN
2025-09-10T22:15;2025-09-10T22:30;90;EUR;MWh;NO;NO;136.4;77.39;136.4;62;2;UP_AND_DOWN
2025-09-10T22:30;2025-09-10T22:45;91;EUR;MWh;NO;NO;131;84;131;131;1;UP
2025-09-10T22:45;2025-09-10T23:00;92;EUR;MWh;NO;NO;131;84;131;62;2;UP_AND_DOWN
2025-09-10T23:00;2025-09-10T23:15;93;EUR;MWh;NO;NO;150;79.26;150;150;1;UP
2025-09-10T23:15;2025-09-10T23:30;94;EUR;MWh;NO;NO;87.74;74.44;87.74;60.09;2;UP_AND_DOWN
2025-09-10T23:30;2025-09-10T23:45;95;EUR;MWh;NO;NO;79.26;51;79.26;51;2;UP_AND_DOWN
2025-09-10T23:45;2025-09-11T00:00;96;EUR;MWh;NO;NO;;33;33;33;-1;DOWN
2025-09-11T00:00;2025-09-11T00:15;1;EUR;MWh;NO;NO;88.56;73.7;88.56;57.9;2;UP_AND_DOWN
2025-09-11T00:15;2025-09-11T00:30;2;EUR;MWh;NO;NO;73.3;71.43;73.3;56.94;2;UP_AND_DOWN
2025-09-11T00:30;2025-09-11T00:45;3;EUR;MWh;NO;NO;98;;98;98;1;UP
2025-09-11T00:45;2025-09-11T01:00;4;EUR;MWh;NO;NO;88.56;39;88.56;39;2;UP_AND_DOWN
2025-09-11T01:00;2025-09-11T01:15;5;EUR;MWh;NO;NO;109.9;8.57;109.9;8.57;2;UP_AND_DOWN
2025-09-11T01:15;2025-09-11T01:30;6;EUR;MWh;NO;NO;96.6;;96.6;96.6;1;UP
2025-09-11T01:30;2025-09-11T01:45;7;EUR;MWh;NO;NO;128;;128;128;1;UP
2025-09-11T01:45;2025-09-11T02:00;8;EUR;MWh;NO;NO;88.36;;88.36;88.36;1;UP
2025-09-11T02:00;2025-09-11T02:15;9;EUR;MWh;NO;NO;127;;127;127;1;UP
2025-09-11T02:15;2025-09-11T02:30;10;EUR;MWh;NO;NO;97;;97;97;1;UP
2025-09-11T02:30;2025-09-11T02:45;11;EUR;MWh;NO;NO;58.56;;58.56;58.56;1;UP
2025-09-11T02:45;2025-09-11T03:00;12;EUR;MWh;NO;NO;;39;39;39;-1;DOWN
2025-09-11T03:00;2025-09-11T03:15;13;EUR;MWh;NO;NO;107.7;52.29;107.7;46.15;2;UP_AND_DOWN
2025-09-11T03:15;2025-09-11T03:30;14;EUR;MWh;NO;NO;73.7;52.29;73.7;73.7;1;UP
2025-09-11T03:30;2025-09-11T03:45;15;EUR;MWh;NO;NO;88.46;;88.46;88.46;1;UP
2025-09-11T03:45;2025-09-11T04:00;16;EUR;MWh;NO;NO;88.56;;88.56;88.56;1;UP
2025-09-11T04:00;2025-09-11T04:15;17;EUR;MWh;NO;NO;108.02;;108.02;108.02;1;UP
2025-09-11T04:15;2025-09-11T04:30;18;EUR;MWh;NO;NO;108.02;;108.02;108.02;1;UP
2025-09-11T04:30;2025-09-11T04:45;19;EUR;MWh;NO;NO;109.7;;109.7;109.7;1;UP
2025-09-11T04:45;2025-09-11T05:00;20;EUR;MWh;NO;NO;109.5;;109.5;109.5;1;UP
2025-09-11T05:00;2025-09-11T05:15;21;EUR;MWh;NO;NO;68.56;-19.9;68.56;-19.9;2;UP_AND_DOWN
2025-09-11T05:15;2025-09-11T05:30;22;EUR;MWh;NO;NO;68.56;40;68.56;40;2;UP_AND_DOWN
2025-09-11T05:30;2025-09-11T05:45;23;EUR;MWh;NO;NO;93.6;74.08;93.6;93.6;1;UP
2025-09-11T05:45;2025-09-11T06:00;24;EUR;MWh;NO;NO;68.56;44;68.56;44;2;UP_AND_DOWN
2025-09-11T06:00;2025-09-11T06:15;25;EUR;MWh;NO;NO;103.42;-4.9;103.42;-4.9;2;UP_AND_DOWN
2025-09-11T06:15;2025-09-11T06:30;26;EUR;MWh;NO;NO;88.56;52.29;88.56;52.29;2;UP_AND_DOWN
2025-09-11T06:30;2025-09-11T06:45;27;EUR;MWh;NO;NO;137.2;;137.2;137.2;1;UP
2025-09-11T06:45;2025-09-11T07:00;28;EUR;MWh;NO;NO;137.3;70.09;137.3;61.5;2;UP_AND_DOWN
2025-09-11T07:00;2025-09-11T07:15;29;EUR;MWh;NO;NO;68.56;.9;68.56;.9;2;UP_AND_DOWN
2025-09-11T07:15;2025-09-11T07:30;30;EUR;MWh;NO;NO;84.32;65.97;84.32;61.5;2;UP_AND_DOWN
2025-09-11T07:30;2025-09-11T07:45;31;EUR;MWh;NO;NO;100;;100;100;1;UP
2025-09-11T07:45;2025-09-11T08:00;32;EUR;MWh;NO;NO;130.22;;130.22;130.22;1;UP
2025-09-11T08:00;2025-09-11T08:15;33;EUR;MWh;NO;NO;180;;180;180;1;UP
2025-09-11T08:15;2025-09-11T08:30;34;EUR;MWh;NO;NO;141;;141;141;1;UP
2025-09-11T08:30;2025-09-11T08:45;35;EUR;MWh;NO;NO;139.8;;139.8;139.8;1;UP
2025-09-11T08:45;2025-09-11T09:00;36;EUR;MWh;NO;NO;127;57;127;57;2;UP_AND_DOWN
2025-09-11T09:00;2025-09-11T09:15;37;EUR;MWh;NO;NO;128;66.91;128;61.5;2;UP_AND_DOWN
2025-09-11T09:15;2025-09-11T09:30;38;EUR;MWh;NO;NO;;-11.51;-11.51;-11.51;-1;DOWN
2025-09-11T09:30;2025-09-11T09:45;39;EUR;MWh;NO;NO;;;0;0;-1;DOWN
2025-09-11T09:45;2025-09-11T10:00;40;EUR;MWh;NO;NO;;-30;-30;-30;-1;DOWN
2025-09-11T10:00;2025-09-11T10:15;41;EUR;MWh;NO;NO;;-35.5;-35.5;-35.5;-1;DOWN
2025-09-11T10:15;2025-09-11T10:30;42;EUR;MWh;NO;NO;61;-35.7;61.5;-35.7;2;UP_AND_DOWN
2025-09-11T10:30;2025-09-11T10:45;43;EUR;MWh;NO;NO;;-35.8;-35.8;-35.8;-1;DOWN
2025-09-11T10:45;2025-09-11T11:00;44;EUR;MWh;NO;NO;;-35.3;-35.3;-35.3;-1;DOWN
2025-09-11T11:00;2025-09-11T11:15;45;EUR;MWh;NO;NO;;-49;-49;-49;-1;DOWN
2025-09-11T11:15;2025-09-11T11:30;46;EUR;MWh;NO;NO;40.1;-65;44.79;-65;2;UP_AND_DOWN
2025-09-11T11:30;2025-09-11T11:45;47;EUR;MWh;NO;NO;;-45;-45;-45;-1;DOWN
2025-09-11T11:45;2025-09-11T12:00;48;EUR;MWh;NO;NO;58.46;-734.32;58.46;-734.32;2;UP_AND_DOWN
2025-09-11T12:00;2025-09-11T12:15;49;EUR;MWh;NO;NO;189;-1000;189;-1000;2;UP_AND_DOWN
2025-09-11T12:15;2025-09-11T12:30;50;EUR;MWh;NO;NO;76.12;-40;76.12;-40;2;UP_AND_DOWN
2025-09-11T12:30;2025-09-11T12:45;51;EUR;MWh;NO;NO;;-30;-30;-30;-1;DOWN
2025-09-11T12:45;2025-09-11T13:00;52;EUR;MWh;NO;NO;52;-35.9;52;-35.9;2;UP_AND_DOWN
2025-09-11T13:00;2025-09-11T13:15;53;EUR;MWh;NO;NO;;-37;-37;-37;-1;DOWN
2025-09-11T13:15;2025-09-11T13:30;54;EUR;MWh;NO;NO;76.14;-30;76.14;-30;2;UP_AND_DOWN
2025-09-11T13:30;2025-09-11T13:45;55;EUR;MWh;NO;NO;88.56;-26.33;88.56;-26.33;2;UP_AND_DOWN
2025-09-11T13:45;2025-09-11T14:00;56;EUR;MWh;NO;NO;;-35.7;-35.7;-35.7;-1;DOWN
2025-09-11T14:00;2025-09-11T14:15;57;EUR;MWh;NO;NO;;-30;-30;-30;-1;DOWN
2025-09-11T14:15;2025-09-11T14:30;58;EUR;MWh;NO;NO;;-10;-10;-10;-1;DOWN
2025-09-11T14:30;2025-09-11T14:45;59;EUR;MWh;NO;NO;108;-10;108;-10;2;UP_AND_DOWN
2025-09-11T14:45;2025-09-11T15:00;60;EUR;MWh;NO;NO;88.56;-26.63;88.56;-26.63;2;UP_AND_DOWN
2025-09-11T15:00;2025-09-11T15:15;61;EUR;MWh;NO;NO;68.56;-37;68.56;-37;2;UP_AND_DOWN
2025-09-11T15:15;2025-09-11T15:30;62;EUR;MWh;NO;NO;;-26.63;-26.63;-26.63;-1;DOWN
2025-09-11T15:30;2025-09-11T15:45;63;EUR;MWh;NO;NO;100;-10.94;100;-10.94;2;UP_AND_DOWN
2025-09-11T15:45;2025-09-11T16:00;64;EUR;MWh;NO;NO;93.7;;93.7;93.7;1;UP
2025-09-11T16:00;2025-09-11T16:15;65;EUR;MWh;NO;NO;104;;104;104;1;UP
2025-09-11T16:15;2025-09-11T16:30;66;EUR;MWh;NO;NO;137.2;-26.33;137.2;-26.33;2;UP_AND_DOWN
2025-09-11T16:30;2025-09-11T16:45;67;EUR;MWh;NO;NO;186.9;;186.9;186.9;1;UP
2025-09-11T16:45;2025-09-11T17:00;68;EUR;MWh;NO;NO;189;-3.76;189;-3.76;2;UP_AND_DOWN
2025-09-11T17:00;2025-09-11T17:15;69;EUR;MWh;NO;NO;105;;105;105;1;UP
2025-09-11T17:15;2025-09-11T17:30;70;EUR;MWh;NO;NO;141;;141;141;1;UP
2025-09-11T17:30;2025-09-11T17:45;71;EUR;MWh;NO;NO;137.2;52.29;137.2;52.29;2;UP_AND_DOWN
2025-09-11T17:45;2025-09-11T18:00;72;EUR;MWh;NO;NO;115;;115;115;1;UP
2025-09-11T18:00;2025-09-11T18:15;73;EUR;MWh;NO;NO;87.8;49;87.8;49;2;UP_AND_DOWN
2025-09-11T18:15;2025-09-11T18:30;74;EUR;MWh;NO;NO;140;55;140;55;2;UP_AND_DOWN
2025-09-11T18:30;2025-09-11T18:45;75;EUR;MWh;NO;NO;136.9;;136.9;136.9;1;UP
2025-09-11T18:45;2025-09-11T19:00;76;EUR;MWh;NO;NO;136.9;60;136.9;60;2;UP_AND_DOWN
2025-09-11T19:00;2025-09-11T19:15;77;EUR;MWh;NO;NO;140;83;140;140;1;UP
2025-09-11T19:15;2025-09-11T19:30;78;EUR;MWh;NO;NO;122;83;122;122;1;UP
2025-09-11T19:30;2025-09-11T19:45;79;EUR;MWh;NO;NO;189;;189;189;1;UP
2025-09-11T19:45;2025-09-11T20:00;80;EUR;MWh;NO;NO;399.9;;399.9;399.9;1;UP
2025-09-11T20:00;2025-09-11T20:15;81;EUR;MWh;NO;NO;189;;189;189;1;UP
2025-09-11T20:15;2025-09-11T20:30;82;EUR;MWh;NO;NO;144.62;;144.62;144.62;1;UP
2025-09-11T20:30;2025-09-11T20:45;83;EUR;MWh;NO;NO;97;59.84;97;59.84;2;UP_AND_DOWN
2025-09-11T20:45;2025-09-11T21:00;84;EUR;MWh;NO;NO;;64.64;64.64;64.64;-1;DOWN
2025-09-11T21:00;2025-09-11T21:15;85;EUR;MWh;NO;NO;;49.74;49.74;49.74;-1;DOWN
2025-09-11T21:15;2025-09-11T21:30;86;EUR;MWh;NO;NO;;40;40;40;-1;DOWN
2025-09-11T21:30;2025-09-11T21:45;87;EUR;MWh;NO;NO;;8.57;8.57;8.57;-1;DOWN
2025-09-11T21:45;2025-09-11T22:00;88;EUR;MWh;NO;NO;137.2;-4.4;137.2;-4.4;2;UP_AND_DOWN
2025-09-11T22:00;2025-09-11T22:15;89;EUR;MWh;NO;NO;154.1;44.1;154.1;44.1;2;UP_AND_DOWN
2025-09-11T22:15;2025-09-11T22:30;90;EUR;MWh;NO;NO;79.33;51;79.33;51;2;UP_AND_DOWN
2025-09-11T22:30;2025-09-11T22:45;91;EUR;MWh;NO;NO;43;40;61.5;40;2;UP_AND_DOWN
2025-09-11T22:45;2025-09-11T23:00;92;EUR;MWh;NO;NO;88.46;40;88.46;40;2;UP_AND_DOWN
2025-09-11T23:00;2025-09-11T23:15;93;EUR;MWh;NO;NO;88.56;1;88.56;1;2;UP_AND_DOWN
2025-09-11T23:15;2025-09-11T23:30;94;EUR;MWh;NO;NO;;2;2;2;-1;DOWN
2025-09-11T23:30;2025-09-11T23:45;95;EUR;MWh;NO;NO;58.56;40;58.56;40;2;UP_AND_DOWN
2025-09-11T23:45;2025-09-12T00:00;96;EUR;MWh;NO;NO;35.94;14;14;14;-1;DOWN
2025-09-12T00:00;2025-09-12T00:15;1;EUR;MWh;NO;NO;100;-28.05;100;-28.05;2;UP_AND_DOWN
2025-09-12T00:15;2025-09-12T00:30;2;EUR;MWh;NO;NO;110;;110;110;1;UP
2025-09-12T00:30;2025-09-12T00:45;3;EUR;MWh;NO;NO;97;-19.61;97;-19.61;2;UP_AND_DOWN
2025-09-12T00:45;2025-09-12T01:00;4;EUR;MWh;NO;NO;68.56;-4.3;68.56;-4.3;2;UP_AND_DOWN
2025-09-12T01:00;2025-09-12T01:15;5;EUR;MWh;NO;NO;100;20;100;20;2;UP_AND_DOWN
2025-09-12T01:15;2025-09-12T01:30;6;EUR;MWh;NO;NO;100;;100;100;1;UP
2025-09-12T01:30;2025-09-12T01:45;7;EUR;MWh;NO;NO;100;;100;100;1;UP
2025-09-12T01:45;2025-09-12T02:00;8;EUR;MWh;NO;NO;97;42;97;41;2;UP_AND_DOWN
2025-09-12T02:00;2025-09-12T02:15;9;EUR;MWh;NO;NO;;46;46;46;-1;DOWN
2025-09-12T02:15;2025-09-12T02:30;10;EUR;MWh;NO;NO;99;56;99;48;2;UP_AND_DOWN
2025-09-12T02:30;2025-09-12T02:45;11;EUR;MWh;NO;NO;100;;100;100;1;UP
2025-09-12T02:45;2025-09-12T03:00;12;EUR;MWh;NO;NO;100;;100;100;1;UP
2025-09-12T03:00;2025-09-12T03:15;13;EUR;MWh;NO;NO;40;54;40;40;1;UP
2025-09-12T03:15;2025-09-12T03:30;14;EUR;MWh;NO;NO;70.25;54;70.25;47;2;UP_AND_DOWN
2025-09-12T03:30;2025-09-12T03:45;15;EUR;MWh;NO;NO;58.56;54;58.56;47.5;2;UP_AND_DOWN
2025-09-12T03:45;2025-09-12T04:00;16;EUR;MWh;NO;NO;;54;54;54;-1;DOWN
2025-09-12T04:00;2025-09-12T04:15;17;EUR;MWh;NO;NO;68.56;33;68.56;33;2;UP_AND_DOWN
2025-09-12T04:15;2025-09-12T04:30;18;EUR;MWh;NO;NO;86.43;54;86.43;47.5;2;UP_AND_DOWN
2025-09-12T04:30;2025-09-12T04:45;19;EUR;MWh;NO;NO;88.56;54;88.56;88.56;1;UP
2025-09-12T04:45;2025-09-12T05:00;20;EUR;MWh;NO;NO;98;53;98;46.5;2;UP_AND_DOWN
2025-09-12T05:00;2025-09-12T05:15;21;EUR;MWh;NO;NO;68.56;49;68.56;49;2;UP_AND_DOWN
2025-09-12T05:15;2025-09-12T05:30;22;EUR;MWh;NO;NO;98;-10.94;98;-10.94;2;UP_AND_DOWN
2025-09-12T05:30;2025-09-12T05:45;23;EUR;MWh;NO;NO;96.54;49;96.54;44.5;2;UP_AND_DOWN
2025-09-12T05:45;2025-09-12T06:00;24;EUR;MWh;NO;NO;88.56;47;88.56;43.5;2;UP_AND_DOWN
2025-09-12T06:00;2025-09-12T06:15;25;EUR;MWh;NO;NO;113.06;9.57;113.06;9.57;2;UP_AND_DOWN
2025-09-12T06:15;2025-09-12T06:30;26;EUR;MWh;NO;NO;136.7;;136.7;136.7;1;UP
2025-09-12T06:30;2025-09-12T06:45;27;EUR;MWh;NO;NO;96;41;96;41;2;UP_AND_DOWN
2025-09-12T06:45;2025-09-12T07:00;28;EUR;MWh;NO;NO;110;66;110;62;2;UP_AND_DOWN
2025-09-12T07:00;2025-09-12T07:15;29;EUR;MWh;NO;NO;122;84;122;122;1;UP
2025-09-12T07:15;2025-09-12T07:30;30;EUR;MWh;NO;NO;140;;140;140;1;UP
2025-09-12T07:30;2025-09-12T07:45;31;EUR;MWh;NO;NO;140;;140;140;1;UP
2025-09-12T07:45;2025-09-12T08:00;32;EUR;MWh;NO;NO;122;;122;122;1;UP
2025-09-12T08:00;2025-09-12T08:15;33;EUR;MWh;NO;NO;100;55;100;55;2;UP_AND_DOWN
2025-09-12T08:15;2025-09-12T08:30;34;EUR;MWh;NO;NO;78.56;84;78.56;62;2;UP_AND_DOWN
2025-09-12T08:30;2025-09-12T08:45;35;EUR;MWh;NO;NO;;14;14;14;-1;DOWN
2025-09-12T08:45;2025-09-12T09:00;36;EUR;MWh;NO;NO;;-12.4;-12.4;-12.4;-1;DOWN
2025-09-12T09:00;2025-09-12T09:15;37;EUR;MWh;NO;NO;;-54.3;-54.3;-54.3;-1;DOWN
2025-09-12T09:15;2025-09-12T09:30;38;EUR;MWh;NO;NO;;-37;-37;-37;-1;DOWN
2025-09-12T09:30;2025-09-12T09:45;39;EUR;MWh;NO;NO;;-54.3;-54.3;-54.3;-1;DOWN
2025-09-12T09:45;2025-09-12T10:00;40;EUR;MWh;NO;NO;60.04;-54.3;60.04;-54.3;2;UP_AND_DOWN
2025-09-12T10:00;2025-09-12T10:15;41;EUR;MWh;NO;NO;;-67.8;-67.8;-67.8;-1;DOWN
2025-09-12T10:15;2025-09-12T10:30;42;EUR;MWh;NO;NO;68.56;-67.8;68.56;-67.8;2;UP_AND_DOWN
2025-09-12T10:30;2025-09-12T10:45;43;EUR;MWh;NO;NO;1;-150.77;22.79;-150.77;2;UP_AND_DOWN
2025-09-12T10:45;2025-09-12T11:00;44;EUR;MWh;NO;NO;62.16;-146.02;62.16;-146.02;2;UP_AND_DOWN
2025-09-12T11:00;2025-09-12T11:15;45;EUR;MWh;NO;NO;;-502.6;-502.6;-502.6;-1;DOWN
2025-09-12T11:15;2025-09-12T11:30;46;EUR;MWh;NO;NO;2;-69.09;22.79;-69.09;2;UP_AND_DOWN
2025-09-12T11:30;2025-09-12T11:45;47;EUR;MWh;NO;NO;60.16;-68.98;60.16;-68.98;2;UP_AND_DOWN
2025-09-12T11:45;2025-09-12T12:00;48;EUR;MWh;NO;NO;1;-69.09;-69.09;-69.09;-1;DOWN
2025-09-12T12:00;2025-09-12T12:15;49;EUR;MWh;NO;NO;136.9;-37;136.9;-37;2;UP_AND_DOWN
2025-09-12T12:15;2025-09-12T12:30;50;EUR;MWh;NO;NO;2;-19.9;36.12;-19.9;2;UP_AND_DOWN
2025-09-12T12:30;2025-09-12T12:45;51;EUR;MWh;NO;NO;40;9.57;40;40;1;UP
2025-09-12T12:45;2025-09-12T13:00;52;EUR;MWh;NO;NO;1;9.57;36.12;9.57;2;UP_AND_DOWN
2025-09-12T13:00;2025-09-12T13:15;53;EUR;MWh;NO;NO;2;-37;-37;-37;-1;DOWN
2025-09-12T13:15;2025-09-12T13:30;54;EUR;MWh;NO;NO;78.56;-10.94;78.56;78.56;1;UP
2025-09-12T13:30;2025-09-12T13:45;55;EUR;MWh;NO;NO;40;-10.94;40;40;1;UP
2025-09-12T13:45;2025-09-12T14:00;56;EUR;MWh;NO;NO;2;-10.94;36.12;-10.94;2;UP_AND_DOWN
2025-09-12T14:00;2025-09-12T14:15;57;EUR;MWh;NO;NO;;-18.5;-18.5;-18.5;-1;DOWN
2025-09-12T14:15;2025-09-12T14:30;58;EUR;MWh;NO;NO;;-36.9;-36.9;-36.9;-1;DOWN
2025-09-12T14:30;2025-09-12T14:45;59;EUR;MWh;NO;NO;1;-40;-40;-40;-1;DOWN
2025-09-12T14:45;2025-09-12T15:00;60;EUR;MWh;NO;NO;2;-71.7;-71.7;-71.7;-1;DOWN
2025-09-12T15:00;2025-09-12T15:15;61;EUR;MWh;NO;NO;59.65;-37;59.65;-37;2;UP_AND_DOWN
2025-09-12T15:15;2025-09-12T15:30;62;EUR;MWh;NO;NO;59.65;-45.74;-45.74;-45.74;-1;DOWN
2025-09-12T15:30;2025-09-12T15:45;63;EUR;MWh;NO;NO;1;-70.3;36.12;-70.3;2;UP_AND_DOWN
2025-09-12T15:45;2025-09-12T16:00;64;EUR;MWh;NO;NO;2;-70.3;36.12;-70.3;2;UP_AND_DOWN
2025-09-12T16:00;2025-09-12T16:15;65;EUR;MWh;NO;NO;58.56;-67.29;58.56;-67.29;2;UP_AND_DOWN
2025-09-12T16:15;2025-09-12T16:30;66;EUR;MWh;NO;NO;75.71;-67.8;75.71;-67.8;2;UP_AND_DOWN
2025-09-12T16:30;2025-09-12T16:45;67;EUR;MWh;NO;NO;80;-30;80;-30;2;UP_AND_DOWN
2025-09-12T16:45;2025-09-12T17:00;68;EUR;MWh;NO;NO;84.65;;84.65;0;2;UP_AND_DOWN
2025-09-12T17:00;2025-09-12T17:15;69;EUR;MWh;NO;NO;95;-499.9;95;-499.9;2;UP_AND_DOWN
2025-09-12T17:15;2025-09-12T17:30;70;EUR;MWh;NO;NO;78.56;-49;78.56;-49;2;UP_AND_DOWN
2025-09-12T17:30;2025-09-12T17:45;71;EUR;MWh;NO;NO;100;-47.3;100;-47.3;2;UP_AND_DOWN
2025-09-12T17:45;2025-09-12T18:00;72;EUR;MWh;NO;NO;160;;160;160;1;UP
2025-09-12T18:00;2025-09-12T18:15;73;EUR;MWh;NO;NO;151.8;;151.8;151.8;1;UP
2025-09-12T18:15;2025-09-12T18:30;74;EUR;MWh;NO;NO;500;;500;500;1;UP
2025-09-12T18:30;2025-09-12T18:45;75;EUR;MWh;NO;NO;189.7;;189.7;189.7;1;UP
2025-09-12T18:45;2025-09-12T19:00;76;EUR;MWh;NO;NO;174.32;;174.32;174.32;1;UP
2025-09-12T19:00;2025-09-12T19:15;77;EUR;MWh;NO;NO;100;;100;100;1;UP
2025-09-12T19:15;2025-09-12T19:30;78;EUR;MWh;NO;NO;150;;150;150;1;UP
2025-09-12T19:30;2025-09-12T19:45;79;EUR;MWh;NO;NO;136.9;65.65;136.9;62;2;UP_AND_DOWN
2025-09-12T19:45;2025-09-12T20:00;80;EUR;MWh;NO;NO;145;84;145;145;1;UP
2025-09-12T20:00;2025-09-12T20:15;81;EUR;MWh;NO;NO;136.8;;136.8;136.8;1;UP
2025-09-12T20:15;2025-09-12T20:30;82;EUR;MWh;NO;NO;;63.73;63.73;63.73;-1;DOWN
2025-09-12T20:30;2025-09-12T20:45;83;EUR;MWh;NO;NO;;60.1;60.1;60.1;-1;DOWN
2025-09-12T20:45;2025-09-12T21:00;84;EUR;MWh;NO;NO;;22;22;22;-1;DOWN
2025-09-12T21:00;2025-09-12T21:15;85;EUR;MWh;NO;NO;44;29.55;29.55;29.55;-1;DOWN
2025-09-12T21:15;2025-09-12T21:30;86;EUR;MWh;NO;NO;100;46.35;100;46.35;2;UP_AND_DOWN
2025-09-12T21:30;2025-09-12T21:45;87;EUR;MWh;NO;NO;;55.55;55.55;55.55;-1;DOWN
2025-09-12T21:45;2025-09-12T22:00;88;EUR;MWh;NO;NO;100;76.71;100;62;2;UP_AND_DOWN
2025-09-12T22:00;2025-09-12T22:15;89;EUR;MWh;NO;NO;145;;145;145;1;UP
2025-09-12T22:15;2025-09-12T22:30;90;EUR;MWh;NO;NO;137;;137;137;1;UP
2025-09-12T22:30;2025-09-12T22:45;91;EUR;MWh;NO;NO;136.9;84;136.9;62;2;UP_AND_DOWN
2025-09-12T22:45;2025-09-12T23:00;92;EUR;MWh;NO;NO;95;84;95;95;1;UP
2025-09-12T23:00;2025-09-12T23:15;93;EUR;MWh;NO;NO;79.73;84;79.73;62;2;UP_AND_DOWN
2025-09-12T23:15;2025-09-12T23:30;94;EUR;MWh;NO;NO;95;;95;95;1;UP
2025-09-12T23:30;2025-09-12T23:45;95;EUR;MWh;NO;NO;95;84;95;95;1;UP
2025-09-12T23:45;2025-09-13T00:00;96;EUR;MWh;NO;NO;97;84;97;62;2;UP_AND_DOWN
2025-09-13T00:00;2025-09-13T00:15;1;EUR;MWh;NO;NO;152.7;;152.7;152.7;1;UP
2025-09-13T00:15;2025-09-13T00:30;2;EUR;MWh;NO;NO;88.56;;88.56;88.56;1;UP
2025-09-13T00:30;2025-09-13T00:45;3;EUR;MWh;NO;NO;78.56;;78.56;78.56;1;UP
2025-09-13T00:45;2025-09-13T01:00;4;EUR;MWh;NO;NO;79.48;68.35;79.48;79.48;1;UP
2025-09-13T01:00;2025-09-13T01:15;5;EUR;MWh;NO;NO;75;5.7;75;5.7;2;UP_AND_DOWN
2025-09-13T01:15;2025-09-13T01:30;6;EUR;MWh;NO;NO;75;;75;0;2;UP_AND_DOWN
2025-09-13T01:30;2025-09-13T01:45;7;EUR;MWh;NO;NO;;11;11;11;-1;DOWN
2025-09-13T01:45;2025-09-13T02:00;8;EUR;MWh;NO;NO;;;0;0;-1;DOWN
2025-09-13T02:00;2025-09-13T02:15;9;EUR;MWh;NO;NO;58.56;;58.56;0;2;UP_AND_DOWN
2025-09-13T02:15;2025-09-13T02:30;10;EUR;MWh;NO;NO;58.56;44;58.56;44;2;UP_AND_DOWN
2025-09-13T02:30;2025-09-13T02:45;11;EUR;MWh;NO;NO;68.56;45.2;68.56;45.2;2;UP_AND_DOWN
2025-09-13T02:45;2025-09-13T03:00;12;EUR;MWh;NO;NO;91.41;;91.41;91.41;1;UP
2025-09-13T03:00;2025-09-13T03:15;13;EUR;MWh;NO;NO;101.41;;101.41;101.41;1;UP
2025-09-13T03:15;2025-09-13T03:30;14;EUR;MWh;NO;NO;100;;100;100;1;UP
2025-09-13T03:30;2025-09-13T03:45;15;EUR;MWh;NO;NO;101.41;;101.41;101.41;1;UP
2025-09-13T03:45;2025-09-13T04:00;16;EUR;MWh;NO;NO;92.62;;92.62;92.62;1;UP
2025-09-13T04:00;2025-09-13T04:15;17;EUR;MWh;NO;NO;108;;108;108;1;UP
2025-09-13T04:15;2025-09-13T04:30;18;EUR;MWh;NO;NO;111.41;;111.41;111.41;1;UP
2025-09-13T04:30;2025-09-13T04:45;19;EUR;MWh;NO;NO;131;;131;131;1;UP
2025-09-13T04:45;2025-09-13T05:00;20;EUR;MWh;NO;NO;109.1;70.19;109.1;56.1;2;UP_AND_DOWN
2025-09-13T05:00;2025-09-13T05:15;21;EUR;MWh;NO;NO;68.56;33;33;33;-1;DOWN
2025-09-13T05:15;2025-09-13T05:30;22;EUR;MWh;NO;NO;68.56;65.2;68.56;56.1;2;UP_AND_DOWN
2025-09-13T05:30;2025-09-13T05:45;23;EUR;MWh;NO;NO;58.56;22;58.56;22;2;UP_AND_DOWN
2025-09-13T05:45;2025-09-13T06:00;24;EUR;MWh;NO;NO;58.56;-6.01;58.56;-6.01;2;UP_AND_DOWN
2025-09-13T06:00;2025-09-13T06:15;25;EUR;MWh;NO;NO;58.56;-16.14;70.28;-16.14;2;UP_AND_DOWN
2025-09-13T06:15;2025-09-13T06:30;26;EUR;MWh;NO;NO;;53;70.28;70.28;0;STABLE
2025-09-13T06:30;2025-09-13T06:45;27;EUR;MWh;NO;NO;58.56;82;82;82;-1;DOWN
2025-09-13T06:45;2025-09-13T07:00;28;EUR;MWh;NO;NO;;82;82;82;-1;DOWN
2025-09-13T07:00;2025-09-13T07:15;29;EUR;MWh;NO;NO;78.56;;78.56;78.56;1;UP
2025-09-13T07:15;2025-09-13T07:30;30;EUR;MWh;NO;NO;84.41;;84.41;84.41;1;UP
2025-09-13T07:30;2025-09-13T07:45;31;EUR;MWh;NO;NO;100;;100;100;1;UP
2025-09-13T07:45;2025-09-13T08:00;32;EUR;MWh;NO;NO;91.41;;91.41;91.41;1;UP
2025-09-13T08:00;2025-09-13T08:15;33;EUR;MWh;NO;NO;78.56;45;78.56;78.56;1;UP
2025-09-13T08:15;2025-09-13T08:30;34;EUR;MWh;NO;NO;78.56;22;78.56;22;2;UP_AND_DOWN
2025-09-13T08:30;2025-09-13T08:45;35;EUR;MWh;NO;NO;;-12.75;-12.75;-12.75;-1;DOWN
2025-09-13T08:45;2025-09-13T09:00;36;EUR;MWh;NO;NO;;-7.98;-7.98;-7.98;-1;DOWN
2025-09-13T09:00;2025-09-13T09:15;37;EUR;MWh;NO;NO;;5.7;5.7;5.7;-1;DOWN
2025-09-13T09:15;2025-09-13T09:30;38;EUR;MWh;NO;NO;73.41;10;73.41;10;2;UP_AND_DOWN
2025-09-13T09:30;2025-09-13T09:45;39;EUR;MWh;NO;NO;73.41;5.7;73.41;5.7;2;UP_AND_DOWN
2025-09-13T09:45;2025-09-13T10:00;40;EUR;MWh;NO;NO;;-2.42;-2.42;-2.42;-1;DOWN
2025-09-13T10:00;2025-09-13T10:15;41;EUR;MWh;NO;NO;;-7.86;-7.86;-7.86;-1;DOWN
2025-09-13T10:15;2025-09-13T10:30;42;EUR;MWh;NO;NO;;-37.85;-37.85;-37.85;-1;DOWN
2025-09-13T10:30;2025-09-13T10:45;43;EUR;MWh;NO;NO;;-49;-49;-49;-1;DOWN
2025-09-13T10:45;2025-09-13T11:00;44;EUR;MWh;NO;NO;58.29;-84.1;58.29;-84.1;2;UP_AND_DOWN
2025-09-13T11:00;2025-09-13T11:15;45;EUR;MWh;NO;NO;92.92;-95.1;92.92;-95.1;2;UP_AND_DOWN
2025-09-13T11:15;2025-09-13T11:30;46;EUR;MWh;NO;NO;20;-39;-39;-39;-1;DOWN
2025-09-13T11:30;2025-09-13T11:45;47;EUR;MWh;NO;NO;;-70;-70;-70;-1;DOWN
2025-09-13T11:45;2025-09-13T12:00;48;EUR;MWh;NO;NO;;-95.1;-95.1;-95.1;-1;DOWN
2025-09-13T12:00;2025-09-13T12:15;49;EUR;MWh;NO;NO;;-80.8;-80.8;-80.8;-1;DOWN
2025-09-13T12:15;2025-09-13T12:30;50;EUR;MWh;NO;NO;;-75;-75;-75;-1;DOWN
2025-09-13T12:30;2025-09-13T12:45;51;EUR;MWh;NO;NO;10;-80.8;-80.8;-80.8;-1;DOWN
2025-09-13T12:45;2025-09-13T13:00;52;EUR;MWh;NO;NO;20;-30;40.62;-30;2;UP_AND_DOWN
2025-09-13T13:00;2025-09-13T13:15;53;EUR;MWh;NO;NO;20;-31;-31;-31;-1;DOWN
2025-09-13T13:15;2025-09-13T13:30;54;EUR;MWh;NO;NO;66.96;-56;66.96;-56;2;UP_AND_DOWN
2025-09-13T13:30;2025-09-13T13:45;55;EUR;MWh;NO;NO;61.41;-63;61.41;61.41;1;UP
2025-09-13T13:45;2025-09-13T14:00;56;EUR;MWh;NO;NO;61.41;-30;-30;-30;-1;DOWN
2025-09-13T14:00;2025-09-13T14:15;57;EUR;MWh;NO;NO;20;-30;-30;-30;-1;DOWN
2025-09-13T14:15;2025-09-13T14:30;58;EUR;MWh;NO;NO;;-39;-39;-39;-1;DOWN
2025-09-13T14:30;2025-09-13T14:45;59;EUR;MWh;NO;NO;;-84;-84;-84;-1;DOWN
2025-09-13T14:45;2025-09-13T15:00;60;EUR;MWh;NO;NO;;-67.8;-67.8;-67.8;-1;DOWN
2025-09-13T15:00;2025-09-13T15:15;61;EUR;MWh;NO;NO;74.41;-67.8;74.41;-67.8;2;UP_AND_DOWN
2025-09-13T15:15;2025-09-13T15:30;62;EUR;MWh;NO;NO;133.7;-4.18;133.7;-4.18;2;UP_AND_DOWN
2025-09-13T15:30;2025-09-13T15:45;63;EUR;MWh;NO;NO;133.7;-67.8;133.7;-67.8;2;UP_AND_DOWN
2025-09-13T15:45;2025-09-13T16:00;64;EUR;MWh;NO;NO;68.56;-24.54;68.56;-24.54;2;UP_AND_DOWN
2025-09-13T16:00;2025-09-13T16:15;65;EUR;MWh;NO;NO;130;-22.28;130;-22.28;2;UP_AND_DOWN
2025-09-13T16:15;2025-09-13T16:30;66;EUR;MWh;NO;NO;133.7;;133.7;0;2;UP_AND_DOWN
2025-09-13T16:30;2025-09-13T16:45;67;EUR;MWh;NO;NO;152.41;;152.41;152.41;1;UP
2025-09-13T16:45;2025-09-13T17:00;68;EUR;MWh;NO;NO;185;;185;185;1;UP
2025-09-13T17:00;2025-09-13T17:15;69;EUR;MWh;NO;NO;199;;199;199;1;UP
2025-09-13T17:15;2025-09-13T17:30;70;EUR;MWh;NO;NO;185.3;;185.3;185.3;1;UP
2025-09-13T17:30;2025-09-13T17:45;71;EUR;MWh;NO;NO;157.41;32;157.41;32;2;UP_AND_DOWN
2025-09-13T17:45;2025-09-13T18:00;72;EUR;MWh;NO;NO;118.41;45;118.41;118.41;1;UP
2025-09-13T18:00;2025-09-13T18:15;73;EUR;MWh;NO;NO;133.5;5.7;133.5;5.7;2;UP_AND_DOWN
2025-09-13T18:15;2025-09-13T18:30;74;EUR;MWh;NO;NO;133.5;;133.5;133.5;1;UP
2025-09-13T18:30;2025-09-13T18:45;75;EUR;MWh;NO;NO;118.54;30.43;118.54;30.43;2;UP_AND_DOWN
2025-09-13T18:45;2025-09-13T19:00;76;EUR;MWh;NO;NO;167;;167;167;1;UP
2025-09-13T19:00;2025-09-13T19:15;77;EUR;MWh;NO;NO;156.02;;156.02;156.02;1;UP
2025-09-13T19:15;2025-09-13T19:30;78;EUR;MWh;NO;NO;130;;130;130;1;UP
2025-09-13T19:30;2025-09-13T19:45;79;EUR;MWh;NO;NO;130;;130;130;1;UP
2025-09-13T19:45;2025-09-13T20:00;80;EUR;MWh;NO;NO;133.1;;133.1;133.1;1;UP
2025-09-13T20:00;2025-09-13T20:15;81;EUR;MWh;NO;NO;100;76.33;100;62;2;UP_AND_DOWN
2025-09-13T20:15;2025-09-13T20:30;82;EUR;MWh;NO;NO;78.56;76.43;78.56;62;2;UP_AND_DOWN
2025-09-13T20:30;2025-09-13T20:45;83;EUR;MWh;NO;NO;111;;111;111;1;UP
2025-09-13T20:45;2025-09-13T21:00;84;EUR;MWh;NO;NO;103.02;82;103.02;103.02;1;UP
2025-09-13T21:00;2025-09-13T21:15;85;EUR;MWh;NO;NO;150.2;;150.2;150.2;1;UP
2025-09-13T21:15;2025-09-13T21:30;86;EUR;MWh;NO;NO;58.56;67.29;67.29;67.29;-1;DOWN
2025-09-13T21:30;2025-09-13T21:45;87;EUR;MWh;NO;NO;;63;63;63;-1;DOWN
2025-09-13T21:45;2025-09-13T22:00;88;EUR;MWh;NO;NO;;82;62;62;0;STABLE
2025-09-13T22:00;2025-09-13T22:15;89;EUR;MWh;NO;NO;150;;150;150;1;UP
2025-09-13T22:15;2025-09-13T22:30;90;EUR;MWh;NO;NO;140;;140;140;1;UP
2025-09-13T22:30;2025-09-13T22:45;91;EUR;MWh;NO;NO;152.6;;152.6;152.6;1;UP
2025-09-13T22:45;2025-09-13T23:00;92;EUR;MWh;NO;NO;122.02;82;122.02;122.02;1;UP
2025-09-13T23:00;2025-09-13T23:15;93;EUR;MWh;NO;NO;78.56;77.01;78.56;62;2;UP_AND_DOWN
2025-09-13T23:15;2025-09-13T23:30;94;EUR;MWh;NO;NO;78.56;77.01;77.01;77.01;-1;DOWN
2025-09-13T23:30;2025-09-13T23:45;95;EUR;MWh;NO;NO;68.56;82;68.56;65;2;UP_AND_DOWN
2025-09-13T23:45;2025-09-14T00:00;96;EUR;MWh;NO;NO;78.56;77.01;78.56;65;2;UP_AND_DOWN
2025-09-14T00:00;2025-09-14T00:15;1;EUR;MWh;NO;NO;99;77;99;61.5;2;UP_AND_DOWN
2025-09-14T00:15;2025-09-14T00:30;2;EUR;MWh;NO;NO;100;77;100;100;1;UP
2025-09-14T00:30;2025-09-14T00:45;3;EUR;MWh;NO;NO;108.79;;108.79;108.79;1;UP
2025-09-14T00:45;2025-09-14T01:00;4;EUR;MWh;NO;NO;58.56;75.2;61.5;61.5;2;UP_AND_DOWN
2025-09-14T01:00;2025-09-14T01:15;5;EUR;MWh;NO;NO;104.8;75.53;104.8;104.8;1;UP
2025-09-14T01:15;2025-09-14T01:30;6;EUR;MWh;NO;NO;108.7;83;108.7;108.7;1;UP
2025-09-14T01:30;2025-09-14T01:45;7;EUR;MWh;NO;NO;78.56;77;78.56;61.5;2;UP_AND_DOWN
2025-09-14T01:45;2025-09-14T02:00;8;EUR;MWh;NO;NO;;55;55;55;-1;DOWN
2025-09-14T02:00;2025-09-14T02:15;9;EUR;MWh;NO;NO;;63;63;63;-1;DOWN
2025-09-14T02:15;2025-09-14T02:30;10;EUR;MWh;NO;NO;;57.87;57.87;57.87;-1;DOWN
2025-09-14T02:30;2025-09-14T02:45;11;EUR;MWh;NO;NO;;63;63;63;-1;DOWN
2025-09-14T02:45;2025-09-14T03:00;12;EUR;MWh;NO;NO;;62;62;62;-1;DOWN
2025-09-14T03:00;2025-09-14T03:15;13;EUR;MWh;NO;NO;78.56;55;78.56;55;2;UP_AND_DOWN
2025-09-14T03:15;2025-09-14T03:30;14;EUR;MWh;NO;NO;85.01;83;85.01;85.01;1;UP
2025-09-14T03:30;2025-09-14T03:45;15;EUR;MWh;NO;NO;83.75;83;83.75;83.75;1;UP
2025-09-14T03:45;2025-09-14T04:00;16;EUR;MWh;NO;NO;100;;100;100;1;UP
2025-09-14T04:00;2025-09-14T04:15;17;EUR;MWh;NO;NO;100;;100;100;1;UP
2025-09-14T04:15;2025-09-14T04:30;18;EUR;MWh;NO;NO;100;74.34;100;61.5;2;UP_AND_DOWN
2025-09-14T04:30;2025-09-14T04:45;19;EUR;MWh;NO;NO;68.56;74.34;68.56;61.5;2;UP_AND_DOWN
2025-09-14T04:45;2025-09-14T05:00;20;EUR;MWh;NO;NO;58.56;64.8;64.8;64.8;-1;DOWN
2025-09-14T05:00;2025-09-14T05:15;21;EUR;MWh;NO;NO;104.8;75.43;104.8;104.8;1;UP
2025-09-14T05:15;2025-09-14T05:30;22;EUR;MWh;NO;NO;120;;120;120;1;UP
2025-09-14T05:30;2025-09-14T05:45;23;EUR;MWh;NO;NO;110.8;;110.8;110.8;1;UP
2025-09-14T05:45;2025-09-14T06:00;24;EUR;MWh;NO;NO;83.7;;83.7;83.7;1;UP
2025-09-14T06:00;2025-09-14T06:15;25;EUR;MWh;NO;NO;100;;100;100;1;UP
2025-09-14T06:15;2025-09-14T06:30;26;EUR;MWh;NO;NO;100;83;100;100;1;UP
2025-09-14T06:30;2025-09-14T06:45;27;EUR;MWh;NO;NO;100;;100;100;1;UP
2025-09-14T06:45;2025-09-14T07:00;28;EUR;MWh;NO;NO;99;;99;99;1;UP
2025-09-14T07:00;2025-09-14T07:15;29;EUR;MWh;NO;NO;100;83;100;61.5;2;UP_AND_DOWN
2025-09-14T07:15;2025-09-14T07:30;30;EUR;MWh;NO;NO;;61;61;61;-1;DOWN
2025-09-14T07:30;2025-09-14T07:45;31;EUR;MWh;NO;NO;108.7;77.24;108.7;61.5;2;UP_AND_DOWN
2025-09-14T07:45;2025-09-14T08:00;32;EUR;MWh;NO;NO;110;83;110;110;1;UP
2025-09-14T08:00;2025-09-14T08:15;33;EUR;MWh;NO;NO;107.12;83;107.12;107.12;1;UP
2025-09-14T08:15;2025-09-14T08:30;34;EUR;MWh;NO;NO;88.56;74.18;88.56;61.5;2;UP_AND_DOWN
2025-09-14T08:30;2025-09-14T08:45;35;EUR;MWh;NO;NO;77.52;72.86;77.52;61.5;2;UP_AND_DOWN
2025-09-14T08:45;2025-09-14T09:00;36;EUR;MWh;NO;NO;58.56;77;77;77;-1;DOWN
2025-09-14T09:00;2025-09-14T09:15;37;EUR;MWh;NO;NO;72.03;77;72.03;72.03;1;UP
2025-09-14T09:15;2025-09-14T09:30;38;EUR;MWh;NO;NO;108.13;64.7;108.13;61.5;2;UP_AND_DOWN
2025-09-14T09:30;2025-09-14T09:45;39;EUR;MWh;NO;NO;;10;10;10;-1;DOWN
2025-09-14T09:45;2025-09-14T10:00;40;EUR;MWh;NO;NO;;-49;-49;-49;-1;DOWN
2025-09-14T10:00;2025-09-14T10:15;41;EUR;MWh;NO;NO;68.56;;68.56;0;2;UP_AND_DOWN
2025-09-14T10:15;2025-09-14T10:30;42;EUR;MWh;NO;NO;100;61;100;58.5;2;UP_AND_DOWN
2025-09-14T10:30;2025-09-14T10:45;43;EUR;MWh;NO;NO;100;1.79;100;1.79;2;UP_AND_DOWN
2025-09-14T10:45;2025-09-14T11:00;44;EUR;MWh;NO;NO;79.03;-49;79.03;-49;2;UP_AND_DOWN
2025-09-14T11:00;2025-09-14T11:15;45;EUR;MWh;NO;NO;78.56;10;78.56;10;2;UP_AND_DOWN
2025-09-14T11:15;2025-09-14T11:30;46;EUR;MWh;NO;NO;;-30;-30;-30;-1;DOWN
2025-09-14T11:30;2025-09-14T11:45;47;EUR;MWh;NO;NO;;10;10;10;-1;DOWN
2025-09-14T11:45;2025-09-14T12:00;48;EUR;MWh;NO;NO;58.56;10;58.56;10;2;UP_AND_DOWN
2025-09-14T12:00;2025-09-14T12:15;49;EUR;MWh;NO;NO;100;41;100;40.93;2;UP_AND_DOWN
2025-09-14T12:15;2025-09-14T12:30;50;EUR;MWh;NO;NO;10;6;40.93;6;2;UP_AND_DOWN
2025-09-14T12:30;2025-09-14T12:45;51;EUR;MWh;NO;NO;10;-30;-30;-30;-1;DOWN
2025-09-14T12:45;2025-09-14T13:00;52;EUR;MWh;NO;NO;;-30;-30;-30;-1;DOWN
2025-09-14T13:00;2025-09-14T13:15;53;EUR;MWh;NO;NO;10;-2.72;40.93;-2.72;2;UP_AND_DOWN
2025-09-14T13:15;2025-09-14T13:30;54;EUR;MWh;NO;NO;;-30;-30;-30;-1;DOWN
2025-09-14T13:30;2025-09-14T13:45;55;EUR;MWh;NO;NO;;-59.9;-59.9;-59.9;-1;DOWN
2025-09-14T13:45;2025-09-14T14:00;56;EUR;MWh;NO;NO;;-60;-60;-60;-1;DOWN
2025-09-14T14:00;2025-09-14T14:15;57;EUR;MWh;NO;NO;;-65;-65;-65;-1;DOWN
2025-09-14T14:15;2025-09-14T14:30;58;EUR;MWh;NO;NO;;-70;-70;-70;-1;DOWN
2025-09-14T14:30;2025-09-14T14:45;59;EUR;MWh;NO;NO;;-29.8;-29.8;-29.8;-1;DOWN
2025-09-14T14:45;2025-09-14T15:00;60;EUR;MWh;NO;NO;66;-29.7;66;-29.7;2;UP_AND_DOWN
2025-09-14T15:00;2025-09-14T15:15;61;EUR;MWh;NO;NO;114.05;-29.8;114.05;-29.8;2;UP_AND_DOWN
2025-09-14T15:15;2025-09-14T15:30;62;EUR;MWh;NO;NO;58.56;-80.8;-80.8;-80.8;-1;DOWN
2025-09-14T15:30;2025-09-14T15:45;63;EUR;MWh;NO;NO;10;-30;-30;-30;-1;DOWN
2025-09-14T15:45;2025-09-14T16:00;64;EUR;MWh;NO;NO;68.56;64.8;68.56;68.56;1;UP
2025-09-14T16:00;2025-09-14T16:15;65;EUR;MWh;NO;NO;;-49;-49;-49;-1;DOWN
2025-09-14T16:15;2025-09-14T16:30;66;EUR;MWh;NO;NO;68.56;-60;68.56;-60;2;UP_AND_DOWN
2025-09-14T16:30;2025-09-14T16:45;67;EUR;MWh;NO;NO;78.56;-30;78.56;-30;2;UP_AND_DOWN
2025-09-14T16:45;2025-09-14T17:00;68;EUR;MWh;NO;NO;78.56;10;78.56;10;2;UP_AND_DOWN
2025-09-14T17:00;2025-09-14T17:15;69;EUR;MWh;NO;NO;95.23;19.21;95.23;19.21;2;UP_AND_DOWN
2025-09-14T17:15;2025-09-14T17:30;70;EUR;MWh;NO;NO;148;73.17;148;61.5;2;UP_AND_DOWN
2025-09-14T17:30;2025-09-14T17:45;71;EUR;MWh;NO;NO;526.31;;526.31;526.31;1;UP
2025-09-14T17:45;2025-09-14T18:00;72;EUR;MWh;NO;NO;184.1;;184.1;184.1;1;UP
2025-09-14T18:00;2025-09-14T18:15;73;EUR;MWh;NO;NO;135.2;41;135.2;41;2;UP_AND_DOWN
2025-09-14T18:15;2025-09-14T18:30;74;EUR;MWh;NO;NO;165;68.05;165;61.5;2;UP_AND_DOWN
2025-09-14T18:30;2025-09-14T18:45;75;EUR;MWh;NO;NO;165;;165;165;1;UP
2025-09-14T18:45;2025-09-14T19:00;76;EUR;MWh;NO;NO;165;;165;165;1;UP
2025-09-14T19:00;2025-09-14T19:15;77;EUR;MWh;NO;NO;132.9;;132.9;132.9;1;UP
2025-09-14T19:15;2025-09-14T19:30;78;EUR;MWh;NO;NO;135;;135;135;1;UP
2025-09-14T19:30;2025-09-14T19:45;79;EUR;MWh;NO;NO;133;;133;133;1;UP
2025-09-14T19:45;2025-09-14T20:00;80;EUR;MWh;NO;NO;134.9;;134.9;134.9;1;UP
2025-09-14T20:00;2025-09-14T20:15;81;EUR;MWh;NO;NO;150;;150;150;1;UP
2025-09-14T20:15;2025-09-14T20:30;82;EUR;MWh;NO;NO;150;76.9;76.9;76.9;-1;DOWN
2025-09-14T20:30;2025-09-14T20:45;83;EUR;MWh;NO;NO;68.56;41;41;41;-1;DOWN
2025-09-14T20:45;2025-09-14T21:00;84;EUR;MWh;NO;NO;;29.53;29.53;29.53;-1;DOWN
2025-09-14T21:00;2025-09-14T21:15;85;EUR;MWh;NO;NO;148.6;67.76;148.6;61.5;2;UP_AND_DOWN
2025-09-14T21:15;2025-09-14T21:30;86;EUR;MWh;NO;NO;78.56;;78.56;78.56;1;UP
2025-09-14T21:30;2025-09-14T21:45;87;EUR;MWh;NO;NO;100;83;100;61.5;2;UP_AND_DOWN
2025-09-14T21:45;2025-09-14T22:00;88;EUR;MWh;NO;NO;68.56;41;68.56;41;2;UP_AND_DOWN
2025-09-14T22:00;2025-09-14T22:15;89;EUR;MWh;NO;NO;110;52.1;110;52.1;2;UP_AND_DOWN
2025-09-14T22:15;2025-09-14T22:30;90;EUR;MWh;NO;NO;121;77;121;121;1;UP
2025-09-14T22:30;2025-09-14T22:45;91;EUR;MWh;NO;NO;86.05;60;86.05;58.5;2;UP_AND_DOWN
2025-09-14T22:45;2025-09-14T23:00;92;EUR;MWh;NO;NO;68.56;-10.94;68.56;-10.94;2;UP_AND_DOWN
2025-09-14T23:00;2025-09-14T23:15;93;EUR;MWh;NO;NO;121;-17.35;121;-17.35;2;UP_AND_DOWN
2025-09-14T23:15;2025-09-14T23:30;94;EUR;MWh;NO;NO;135;;135;135;1;UP
2025-09-14T23:30;2025-09-14T23:45;95;EUR;MWh;NO;NO;148.6;;148.6;148.6;1;UP
2025-09-14T23:45;2025-09-15T00:00;96;EUR;MWh;NO;NO;121;;121;121;1;UP
2025-09-15T00:00;2025-09-15T00:15;1;EUR;MWh;NO;NO;82.56;;82.56;82.56;1;UP
2025-09-15T00:15;2025-09-15T00:30;2;EUR;MWh;NO;NO;78.56;;78.56;78.56;1;UP
2025-09-15T00:30;2025-09-15T00:45;3;EUR;MWh;NO;NO;132.74;;132.74;132.74;1;UP
2025-09-15T00:45;2025-09-15T01:00;4;EUR;MWh;NO;NO;82.56;-30;82.56;-30;2;UP_AND_DOWN
2025-09-15T01:00;2025-09-15T01:15;5;EUR;MWh;NO;NO;125;-30;125;-30;2;UP_AND_DOWN
2025-09-15T01:15;2025-09-15T01:30;6;EUR;MWh;NO;NO;52;-25.1;52;-25.1;2;UP_AND_DOWN
2025-09-15T01:30;2025-09-15T01:45;7;EUR;MWh;NO;NO;;-18.8;-18.8;-18.8;-1;DOWN
2025-09-15T01:45;2025-09-15T02:00;8;EUR;MWh;NO;NO;49;-29.4;49;-29.4;2;UP_AND_DOWN
2025-09-15T02:00;2025-09-15T02:15;9;EUR;MWh;NO;NO;;-30;-30;-30;-1;DOWN
2025-09-15T02:15;2025-09-15T02:30;10;EUR;MWh;NO;NO;;-23.65;-23.65;-23.65;-1;DOWN
2025-09-15T02:30;2025-09-15T02:45;11;EUR;MWh;NO;NO;;-40;-40;-40;-1;DOWN
2025-09-15T02:45;2025-09-15T03:00;12;EUR;MWh;NO;NO;;-17;-17;-17;-1;DOWN
2025-09-15T03:00;2025-09-15T03:15;13;EUR;MWh;NO;NO;;-9.1;-9.1;-9.1;-1;DOWN
2025-09-15T03:15;2025-09-15T03:30;14;EUR;MWh;NO;NO;55;-18;55;-18;2;UP_AND_DOWN
2025-09-15T03:30;2025-09-15T03:45;15;EUR;MWh;NO;NO;;-39;-39;-39;-1;DOWN
2025-09-15T03:45;2025-09-15T04:00;16;EUR;MWh;NO;NO;;-40;-40;-40;-1;DOWN
2025-09-15T04:00;2025-09-15T04:15;17;EUR;MWh;NO;NO;58.79;-40;58.79;-40;2;UP_AND_DOWN
2025-09-15T04:15;2025-09-15T04:30;18;EUR;MWh;NO;NO;;-39;-39;-39;-1;DOWN
2025-09-15T04:30;2025-09-15T04:45;19;EUR;MWh;NO;NO;;-25;-25;-25;-1;DOWN
2025-09-15T04:45;2025-09-15T05:00;20;EUR;MWh;NO;NO;58.68;-17.62;58.68;-17.62;2;UP_AND_DOWN
2025-09-15T05:00;2025-09-15T05:15;21;EUR;MWh;NO;NO;55;-44.8;55;-44.8;2;UP_AND_DOWN
2025-09-15T05:15;2025-09-15T05:30;22;EUR;MWh;NO;NO;49;-40;-40;-40;-1;DOWN
2025-09-15T05:30;2025-09-15T05:45;23;EUR;MWh;NO;NO;58.71;-26;58.71;-26;2;UP_AND_DOWN
2025-09-15T05:45;2025-09-15T06:00;24;EUR;MWh;NO;NO;135.2;-20;135.2;-20;2;UP_AND_DOWN
2025-09-15T06:00;2025-09-15T06:15;25;EUR;MWh;NO;NO;600;-50;600;-50;2;UP_AND_DOWN
2025-09-15T06:15;2025-09-15T06:30;26;EUR;MWh;NO;NO;94;;94;94;1;UP
2025-09-15T06:30;2025-09-15T06:45;27;EUR;MWh;NO;NO;80;;80;80;1;UP
2025-09-15T06:45;2025-09-15T07:00;28;EUR;MWh;NO;NO;135.1;;135.1;135.1;1;UP
2025-09-15T07:00;2025-09-15T07:15;29;EUR;MWh;NO;NO;71;21.28;21.28;21.28;-1;DOWN
2025-09-15T07:15;2025-09-15T07:30;30;EUR;MWh;NO;NO;50;11;59.06;59.06;0;STABLE
2025-09-15T07:30;2025-09-15T07:45;31;EUR;MWh;NO;NO;;1.57;59.06;59.06;0;STABLE
2025-09-15T07:45;2025-09-15T08:00;32;EUR;MWh;NO;NO;76;;76;76;1;UP
2025-09-15T08:00;2025-09-15T08:15;33;EUR;MWh;NO;NO;76;30.01;76;76;1;UP
2025-09-15T08:15;2025-09-15T08:30;34;EUR;MWh;NO;NO;82.56;30.01;82.56;82.56;1;UP
2025-09-15T08:30;2025-09-15T08:45;35;EUR;MWh;NO;NO;;-35.9;-35.9;-35.9;-1;DOWN
2025-09-15T08:45;2025-09-15T09:00;36;EUR;MWh;NO;NO;;-39.8;-39.8;-39.8;-1;DOWN
2025-09-15T09:00;2025-09-15T09:15;37;EUR;MWh;NO;NO;10;-40;-40;-40;-1;DOWN
2025-09-15T09:15;2025-09-15T09:30;38;EUR;MWh;NO;NO;;-43.55;-43.55;-43.55;-1;DOWN
2025-09-15T09:30;2025-09-15T09:45;39;EUR;MWh;NO;NO;10;-50;-50;-50;-1;DOWN
2025-09-15T09:45;2025-09-15T10:00;40;EUR;MWh;NO;NO;42;-100.1;42;-100.1;2;UP_AND_DOWN
2025-09-15T10:00;2025-09-15T10:15;41;EUR;MWh;NO;NO;40;-165.62;40.93;-165.62;2;UP_AND_DOWN
2025-09-15T10:15;2025-09-15T10:30;42;EUR;MWh;NO;NO;2;-46.57;-46.57;-46.57;-1;DOWN
2025-09-15T10:30;2025-09-15T10:45;43;EUR;MWh;NO;NO;2;-39;36.43;-39;2;UP_AND_DOWN
2025-09-15T10:45;2025-09-15T11:00;44;EUR;MWh;NO;NO;2;-30;36.43;-30;2;UP_AND_DOWN
2025-09-15T11:00;2025-09-15T11:15;45;EUR;MWh;NO;NO;80.9;-36;80.9;-36;2;UP_AND_DOWN
2025-09-15T11:15;2025-09-15T11:30;46;EUR;MWh;NO;NO;56;-40;56;-40;2;UP_AND_DOWN
2025-09-15T11:30;2025-09-15T11:45;47;EUR;MWh;NO;NO;61.9;-36;61.9;-36;2;UP_AND_DOWN
2025-09-15T11:45;2025-09-15T12:00;48;EUR;MWh;NO;NO;1;-69.3;36.43;-69.3;2;UP_AND_DOWN
2025-09-15T12:00;2025-09-15T12:15;49;EUR;MWh;NO;NO;56;-60;56;-60;2;UP_AND_DOWN
2025-09-15T12:15;2025-09-15T12:30;50;EUR;MWh;NO;NO;56;-60;56;-60;2;UP_AND_DOWN
2025-09-15T12:30;2025-09-15T12:45;51;EUR;MWh;NO;NO;1;-60.1;36.43;-60.1;2;UP_AND_DOWN
2025-09-15T12:45;2025-09-15T13:00;52;EUR;MWh;NO;NO;;-42;-42;-42;-1;DOWN
2025-09-15T13:00;2025-09-15T13:15;53;EUR;MWh;NO;NO;;-40;-40;-40;-1;DOWN
2025-09-15T13:15;2025-09-15T13:30;54;EUR;MWh;NO;NO;52;-32.19;52;-32.19;2;UP_AND_DOWN
2025-09-15T13:30;2025-09-15T13:45;55;EUR;MWh;NO;NO;48;-10;48;-10;2;UP_AND_DOWN
2025-09-15T13:45;2025-09-15T14:00;56;EUR;MWh;NO;NO;35;-10.94;36.43;-10.94;2;UP_AND_DOWN
2025-09-15T14:00;2025-09-15T14:15;57;EUR;MWh;NO;NO;2;-10.94;36.43;-10.94;2;UP_AND_DOWN
2025-09-15T14:15;2025-09-15T14:30;58;EUR;MWh;NO;NO;;-55;-55;-55;-1;DOWN
2025-09-15T14:30;2025-09-15T14:45;59;EUR;MWh;NO;NO;;-42;-42;-42;-1;DOWN
2025-09-15T14:45;2025-09-15T15:00;60;EUR;MWh;NO;NO;2;-50;36.43;-50;2;UP_AND_DOWN
2025-09-15T15:00;2025-09-15T15:15;61;EUR;MWh;NO;NO;59.14;-55;59.14;-55;2;UP_AND_DOWN
2025-09-15T15:15;2025-09-15T15:30;62;EUR;MWh;NO;NO;19;-50.2;-50.2;-50.2;-1;DOWN
2025-09-15T15:30;2025-09-15T15:45;63;EUR;MWh;NO;NO;19;-29.6;-29.6;-29.6;-1;DOWN
2025-09-15T15:45;2025-09-15T16:00;64;EUR;MWh;NO;NO;1;-42;-42;-42;-1;DOWN
2025-09-15T16:00;2025-09-15T16:15;65;EUR;MWh;NO;NO;57.84;-69.7;57.84;-69.7;2;UP_AND_DOWN
2025-09-15T16:15;2025-09-15T16:30;66;EUR;MWh;NO;NO;82.56;-30;82.56;-30;2;UP_AND_DOWN
2025-09-15T16:30;2025-09-15T16:45;67;EUR;MWh;NO;NO;140;-11;140;-11;2;UP_AND_DOWN
2025-09-15T16:45;2025-09-15T17:00;68;EUR;MWh;NO;NO;134.6;-40;134.6;-40;2;UP_AND_DOWN
2025-09-15T17:00;2025-09-15T17:15;69;EUR;MWh;NO;NO;66;-3.65;66;-3.65;2;UP_AND_DOWN
2025-09-15T17:15;2025-09-15T17:30;70;EUR;MWh;NO;NO;82.56;-96.5;82.56;-96.5;2;UP_AND_DOWN
2025-09-15T17:30;2025-09-15T17:45;71;EUR;MWh;NO;NO;100;-11;100;-11;2;UP_AND_DOWN
2025-09-15T17:45;2025-09-15T18:00;72;EUR;MWh;NO;NO;134.9;;134.9;134.9;1;UP
2025-09-15T18:00;2025-09-15T18:15;73;EUR;MWh;NO;NO;93.8;;93.8;93.8;1;UP
2025-09-15T18:15;2025-09-15T18:30;74;EUR;MWh;NO;NO;134.6;-10.9;134.6;-10.9;2;UP_AND_DOWN
2025-09-15T18:30;2025-09-15T18:45;75;EUR;MWh;NO;NO;149.4;;149.4;149.4;1;UP
2025-09-15T18:45;2025-09-15T19:00;76;EUR;MWh;NO;NO;140;;140;140;1;UP
2025-09-15T19:00;2025-09-15T19:15;77;EUR;MWh;NO;NO;140;20;20;20;-1;DOWN
2025-09-15T19:15;2025-09-15T19:30;78;EUR;MWh;NO;NO;;13;13;13;-1;DOWN
2025-09-15T19:30;2025-09-15T19:45;79;EUR;MWh;NO;NO;;1.57;1.57;1.57;-1;DOWN
2025-09-15T19:45;2025-09-15T20:00;80;EUR;MWh;NO;NO;;21;21;21;-1;DOWN
2025-09-15T20:00;2025-09-15T20:15;81;EUR;MWh;NO;NO;;30;61.5;61.5;0;STABLE
2025-09-15T20:15;2025-09-15T20:30;82;EUR;MWh;NO;NO;68.56;30;68.56;68.56;1;UP
2025-09-15T20:30;2025-09-15T20:45;83;EUR;MWh;NO;NO;48;;48;48;1;UP
2025-09-15T20:45;2025-09-15T21:00;84;EUR;MWh;NO;NO;;19;19;19;-1;DOWN
2025-09-15T21:00;2025-09-15T21:15;85;EUR;MWh;NO;NO;;1;1;1;-1;DOWN
2025-09-15T21:15;2025-09-15T21:30;86;EUR;MWh;NO;NO;;-11;-11;-11;-1;DOWN
2025-09-15T21:30;2025-09-15T21:45;87;EUR;MWh;NO;NO;;-22.2;-22.2;-22.2;-1;DOWN
2025-09-15T21:45;2025-09-15T22:00;88;EUR;MWh;NO;NO;;-30;-30;-30;-1;DOWN
2025-09-15T22:00;2025-09-15T22:15;89;EUR;MWh;NO;NO;62;-30;62;-30;2;UP_AND_DOWN
2025-09-15T22:15;2025-09-15T22:30;90;EUR;MWh;NO;NO;;10;10;10;-1;DOWN
2025-09-15T22:30;2025-09-15T22:45;91;EUR;MWh;NO;NO;;-10.94;-10.94;-10.94;-1;DOWN
2025-09-15T22:45;2025-09-15T23:00;92;EUR;MWh;NO;NO;;-10.94;-10.94;-10.94;-1;DOWN
2025-09-15T23:00;2025-09-15T23:15;93;EUR;MWh;NO;NO;66;-3;66;-3;2;UP_AND_DOWN
2025-09-15T23:15;2025-09-15T23:30;94;EUR;MWh;NO;NO;47.9;-27.9;47.9;-27.9;2;UP_AND_DOWN
2025-09-15T23:30;2025-09-15T23:45;95;EUR;MWh;NO;NO;51.9;-28;51.9;-28;2;UP_AND_DOWN
2025-09-15T23:45;2025-09-16T00:00;96;EUR;MWh;NO;NO;43;-40;-40;-40;-1;DOWN
2025-09-16T00:00;2025-09-16T00:15;1;EUR;MWh;NO;NO;203.23;-109.87;203.23;-109.87;2;UP_AND_DOWN
2025-09-16T00:15;2025-09-16T00:30;2;EUR;MWh;NO;NO;203.23;-11;-11;-11;-1;DOWN
2025-09-16T00:30;2025-09-16T00:45;3;EUR;MWh;NO;NO;;-15;-15;-15;-1;DOWN
2025-09-16T00:45;2025-09-16T01:00;4;EUR;MWh;NO;NO;;-13;-13;-13;-1;DOWN
2025-09-16T01:00;2025-09-16T01:15;5;EUR;MWh;NO;NO;71;-.59;71;-.59;2;UP_AND_DOWN
2025-09-16T01:15;2025-09-16T01:30;6;EUR;MWh;NO;NO;55;-13;55;-13;2;UP_AND_DOWN
2025-09-16T01:30;2025-09-16T01:45;7;EUR;MWh;NO;NO;42;-10.94;42;-10.94;2;UP_AND_DOWN
2025-09-16T01:45;2025-09-16T02:00;8;EUR;MWh;NO;NO;33;-10.94;40.91;-10.94;2;UP_AND_DOWN
2025-09-16T02:00;2025-09-16T02:15;9;EUR;MWh;NO;NO;33;-10;-10;-10;-1;DOWN
2025-09-16T02:15;2025-09-16T02:30;10;EUR;MWh;NO;NO;46;-6.32;46;-6.32;2;UP_AND_DOWN
2025-09-16T02:30;2025-09-16T02:45;11;EUR;MWh;NO;NO;;-10;-10;-10;-1;DOWN
2025-09-16T02:45;2025-09-16T03:00;12;EUR;MWh;NO;NO;10;-28;40.91;-28;2;UP_AND_DOWN
2025-09-16T03:00;2025-09-16T03:15;13;EUR;MWh;NO;NO;30;-21;40.91;-21;2;UP_AND_DOWN
2025-09-16T03:15;2025-09-16T03:30;14;EUR;MWh;NO;NO;40;-10;40.91;-10;2;UP_AND_DOWN
2025-09-16T03:30;2025-09-16T03:45;15;EUR;MWh;NO;NO;39;-10;40.91;-10;2;UP_AND_DOWN
2025-09-16T03:45;2025-09-16T04:00;16;EUR;MWh;NO;NO;30;-15.94;40.91;-15.94;2;UP_AND_DOWN
2025-09-16T04:00;2025-09-16T04:15;17;EUR;MWh;NO;NO;70;-26.24;70;-26.24;2;UP_AND_DOWN
2025-09-16T04:15;2025-09-16T04:30;18;EUR;MWh;NO;NO;33;-10;-10;-10;-1;DOWN
2025-09-16T04:30;2025-09-16T04:45;19;EUR;MWh;NO;NO;;-10;-10;-10;-1;DOWN
2025-09-16T04:45;2025-09-16T05:00;20;EUR;MWh;NO;NO;42;-10.94;42;-10.94;2;UP_AND_DOWN
2025-09-16T05:00;2025-09-16T05:15;21;EUR;MWh;NO;NO;66.95;-30;66.95;-30;2;UP_AND_DOWN
2025-09-16T05:15;2025-09-16T05:30;22;EUR;MWh;NO;NO;70;-10;70;-10;2;UP_AND_DOWN
2025-09-16T05:30;2025-09-16T05:45;23;EUR;MWh;NO;NO;71;-1;71;71;1;UP
2025-09-16T05:45;2025-09-16T06:00;24;EUR;MWh;NO;NO;150;;150;150;1;UP
2025-09-16T06:00;2025-09-16T06:15;25;EUR;MWh;NO;NO;178.02;-335.08;178.02;-335.08;2;UP_AND_DOWN
2025-09-16T06:15;2025-09-16T06:30;26;EUR;MWh;NO;NO;;-335.08;36.59;36.59;0;STABLE
2025-09-16T06:30;2025-09-16T06:45;27;EUR;MWh;NO;NO;1.36;4;4;4;-1;DOWN
2025-09-16T06:45;2025-09-16T07:00;28;EUR;MWh;NO;NO;10;7;36.59;7;2;UP_AND_DOWN
2025-09-16T07:00;2025-09-16T07:15;29;EUR;MWh;NO;NO;85.02;;85.02;85.02;1;UP
2025-09-16T07:15;2025-09-16T07:30;30;EUR;MWh;NO;NO;58;7;58;7;2;UP_AND_DOWN
2025-09-16T07:30;2025-09-16T07:45;31;EUR;MWh;NO;NO;1.36;7;42.18;42.18;0;STABLE
2025-09-16T07:45;2025-09-16T08:00;32;EUR;MWh;NO;NO;;15.09;42.18;42.18;0;STABLE
2025-09-16T08:00;2025-09-16T08:15;33;EUR;MWh;NO;NO;1.36;10;10;10;-1;DOWN
2025-09-16T08:15;2025-09-16T08:30;34;EUR;MWh;NO;NO;;10;10;10;-1;DOWN
2025-09-16T08:30;2025-09-16T08:45;35;EUR;MWh;NO;NO;;-10.94;-10.94;-10.94;-1;DOWN
2025-09-16T08:45;2025-09-16T09:00;36;EUR;MWh;NO;NO;67.96;-10.94;-10.94;-10.94;-1;DOWN
2025-09-16T09:00;2025-09-16T09:15;37;EUR;MWh;NO;NO;77;-26.46;77;-26.46;2;UP_AND_DOWN
2025-09-16T09:15;2025-09-16T09:30;38;EUR;MWh;NO;NO;;-15;-15;-15;-1;DOWN
2025-09-16T09:30;2025-09-16T09:45;39;EUR;MWh;NO;NO;64.9;-60;64.9;-60;2;UP_AND_DOWN
2025-09-16T09:45;2025-09-16T10:00;40;EUR;MWh;NO;NO;37.9;-65;37.9;-65;2;UP_AND_DOWN
2025-09-16T10:00;2025-09-16T10:15;41;EUR;MWh;NO;NO;127.45;-60;127.45;-60;2;UP_AND_DOWN
2025-09-16T10:15;2025-09-16T10:30;42;EUR;MWh;NO;NO;111;-130;111;-130;2;UP_AND_DOWN
2025-09-16T10:30;2025-09-16T10:45;43;EUR;MWh;NO;NO;125.14;-105;125.14;-105;2;UP_AND_DOWN
2025-09-16T10:45;2025-09-16T11:00;44;EUR;MWh;NO;NO;;-109.65;-109.65;-109.65;-1;DOWN
2025-09-16T11:00;2025-09-16T11:15;45;EUR;MWh;NO;NO;;-53;-53;-53;-1;DOWN
2025-09-16T11:15;2025-09-16T11:30;46;EUR;MWh;NO;NO;;-40;-40;-40;-1;DOWN
2025-09-16T11:30;2025-09-16T11:45;47;EUR;MWh;NO;NO;;-55;-55;-55;-1;DOWN
2025-09-16T11:45;2025-09-16T12:00;48;EUR;MWh;NO;NO;;-65.22;-65.22;-65.22;-1;DOWN
2025-09-16T12:00;2025-09-16T12:15;49;EUR;MWh;NO;NO;30;-90;36.41;-90;2;UP_AND_DOWN
2025-09-16T12:15;2025-09-16T12:30;50;EUR;MWh;NO;NO;1;-36;36.41;-36;2;UP_AND_DOWN
2025-09-16T12:30;2025-09-16T12:45;51;EUR;MWh;NO;NO;1;-39;36.41;-39;2;UP_AND_DOWN
2025-09-16T12:45;2025-09-16T13:00;52;EUR;MWh;NO;NO;87.46;-25;87.46;-25;2;UP_AND_DOWN
2025-09-16T13:00;2025-09-16T13:15;53;EUR;MWh;NO;NO;109;-105;109;-105;2;UP_AND_DOWN
2025-09-16T13:15;2025-09-16T13:30;54;EUR;MWh;NO;NO;27;-48;33.19;-48;2;UP_AND_DOWN
2025-09-16T13:30;2025-09-16T13:45;55;EUR;MWh;NO;NO;2;-15.94;33.01;-15.94;2;UP_AND_DOWN
2025-09-16T13:45;2025-09-16T14:00;56;EUR;MWh;NO;NO;1;-10.94;-10.94;-10.94;-1;DOWN
2025-09-16T14:00;2025-09-16T14:15;57;EUR;MWh;NO;NO;77;-15.94;77;-15.94;2;UP_AND_DOWN
2025-09-16T14:15;2025-09-16T14:30;58;EUR;MWh;NO;NO;94;-34;94;-34;2;UP_AND_DOWN
2025-09-16T14:30;2025-09-16T14:45;59;EUR;MWh;NO;NO;71;-53;71;-53;2;UP_AND_DOWN
2025-09-16T14:45;2025-09-16T15:00;60;EUR;MWh;NO;NO;91;-70;91;-70;2;UP_AND_DOWN
2025-09-16T15:00;2025-09-16T15:15;61;EUR;MWh;NO;NO;81.36;-57;81.36;-57;2;UP_AND_DOWN
2025-09-16T15:15;2025-09-16T15:30;62;EUR;MWh;NO;NO;1;-12.09;33.56;-12.09;2;UP_AND_DOWN
2025-09-16T15:30;2025-09-16T15:45;63;EUR;MWh;NO;NO;32;-15.94;32;-15.94;2;UP_AND_DOWN
2025-09-16T15:45;2025-09-16T16:00;64;EUR;MWh;NO;NO;1;-50;30.43;-50;2;UP_AND_DOWN
2025-09-16T16:00;2025-09-16T16:15;65;EUR;MWh;NO;NO;125.79;-10.94;125.79;-10.94;2;UP_AND_DOWN
2025-09-16T16:15;2025-09-16T16:30;66;EUR;MWh;NO;NO;125;-15.94;125;-15.94;2;UP_AND_DOWN
2025-09-16T16:30;2025-09-16T16:45;67;EUR;MWh;NO;NO;131;-43;131;-43;2;UP_AND_DOWN
2025-09-16T16:45;2025-09-16T17:00;68;EUR;MWh;NO;NO;129;-10.94;129;-10.94;2;UP_AND_DOWN
2025-09-16T17:00;2025-09-16T17:15;69;EUR;MWh;NO;NO;150;-4.2;150;-4.2;2;UP_AND_DOWN
2025-09-16T17:15;2025-09-16T17:30;70;EUR;MWh;NO;NO;165.3;;165.3;165.3;1;UP
2025-09-16T17:30;2025-09-16T17:45;71;EUR;MWh;NO;NO;165.3;;165.3;165.3;1;UP
2025-09-16T17:45;2025-09-16T18:00;72;EUR;MWh;NO;NO;140;-8.99;140;-8.99;2;UP_AND_DOWN
2025-09-16T18:00;2025-09-16T18:15;73;EUR;MWh;NO;NO;80.11;-46;80.11;-46;2;UP_AND_DOWN
2025-09-16T18:15;2025-09-16T18:30;74;EUR;MWh;NO;NO;144.11;;144.11;144.11;1;UP
2025-09-16T18:30;2025-09-16T18:45;75;EUR;MWh;NO;NO;138;;138;138;1;UP
2025-09-16T18:45;2025-09-16T19:00;76;EUR;MWh;NO;NO;148;;148;148;1;UP
2025-09-16T19:00;2025-09-16T19:15;77;EUR;MWh;NO;NO;70.36;-1;70.36;-1;2;UP_AND_DOWN
2025-09-16T19:15;2025-09-16T19:30;78;EUR;MWh;NO;NO;33;-24.11;42.18;-24.11;2;UP_AND_DOWN
2025-09-16T19:30;2025-09-16T19:45;79;EUR;MWh;NO;NO;;10;10;10;-1;DOWN
2025-09-16T19:45;2025-09-16T20:00;80;EUR;MWh;NO;NO;;-10.94;-10.94;-10.94;-1;DOWN
2025-09-16T20:00;2025-09-16T20:15;81;EUR;MWh;NO;NO;;67;67;67;-1;DOWN
2025-09-16T20:15;2025-09-16T20:30;82;EUR;MWh;NO;NO;;76.32;76.32;76.32;-1;DOWN
2025-09-16T20:30;2025-09-16T20:45;83;EUR;MWh;NO;NO;;68.83;68.83;68.83;-1;DOWN
2025-09-16T20:45;2025-09-16T21:00;84;EUR;MWh;NO;NO;;66.79;66.79;66.79;-1;DOWN
2025-09-16T21:00;2025-09-16T21:15;85;EUR;MWh;NO;NO;80.08;;80.08;80.08;1;UP
2025-09-16T21:15;2025-09-16T21:30;86;EUR;MWh;NO;NO;75.53;;75.53;75.53;1;UP
2025-09-16T21:30;2025-09-16T21:45;87;EUR;MWh;NO;NO;83.95;76.11;83.95;42.18;2;UP_AND_DOWN
2025-09-16T21:45;2025-09-16T22:00;88;EUR;MWh;NO;NO;56;51.36;56;42.18;2;UP_AND_DOWN
2025-09-16T22:00;2025-09-16T22:15;89;EUR;MWh;NO;NO;;5.98;5.98;5.98;-1;DOWN
2025-09-16T22:15;2025-09-16T22:30;90;EUR;MWh;NO;NO;;41.4;41.4;41.4;-1;DOWN
2025-09-16T22:30;2025-09-16T22:45;91;EUR;MWh;NO;NO;1.36;67;67;67;-1;DOWN
2025-09-16T22:45;2025-09-16T23:00;92;EUR;MWh;NO;NO;;-11;-11;-11;-1;DOWN
2025-09-16T23:00;2025-09-16T23:15;93;EUR;MWh;NO;NO;77;-12.29;77;-12.29;2;UP_AND_DOWN
2025-09-16T23:15;2025-09-16T23:30;94;EUR;MWh;NO;NO;43;1;1;1;-1;DOWN
2025-09-16T23:30;2025-09-16T23:45;95;EUR;MWh;NO;NO;;43;43;43;-1;DOWN
2025-09-16T23:45;2025-09-17T00:00;96;EUR;MWh;NO;NO;;33;33;33;-1;DOWN
2025-09-17T00:00;2025-09-17T00:15;1;EUR;MWh;NO;NO;44;-17.44;61;-17.44;2;UP_AND_DOWN
2025-09-17T00:15;2025-09-17T00:30;2;EUR;MWh;NO;NO;;20;20;20;-1;DOWN
2025-09-17T00:30;2025-09-17T00:45;3;EUR;MWh;NO;NO;71;76.42;71;61;2;UP_AND_DOWN
2025-09-17T00:45;2025-09-17T01:00;4;EUR;MWh;NO;NO;;37.13;37.13;37.13;-1;DOWN
2025-09-17T01:00;2025-09-17T01:15;5;EUR;MWh;NO;NO;80.84;70.09;80.84;61;2;UP_AND_DOWN
2025-09-17T01:15;2025-09-17T01:30;6;EUR;MWh;NO;NO;70;16;70;16;2;UP_AND_DOWN
2025-09-17T01:30;2025-09-17T01:45;7;EUR;MWh;NO;NO;78.51;75.19;78.51;78.51;1;UP
2025-09-17T01:45;2025-09-17T02:00;8;EUR;MWh;NO;NO;111;;111;111;1;UP
2025-09-17T02:00;2025-09-17T02:15;9;EUR;MWh;NO;NO;133.8;;133.8;133.8;1;UP
2025-09-17T02:15;2025-09-17T02:30;10;EUR;MWh;NO;NO;111;;111;111;1;UP
2025-09-17T02:30;2025-09-17T02:45;11;EUR;MWh;NO;NO;111;;111;111;1;UP
2025-09-17T02:45;2025-09-17T03:00;12;EUR;MWh;NO;NO;133.7;;133.7;133.7;1;UP
2025-09-17T03:00;2025-09-17T03:15;13;EUR;MWh;NO;NO;90;;90;90;1;UP
2025-09-17T03:15;2025-09-17T03:30;14;EUR;MWh;NO;NO;90;82;90;61;2;UP_AND_DOWN
2025-09-17T03:30;2025-09-17T03:45;15;EUR;MWh;NO;NO;97;84;97;62;2;UP_AND_DOWN
2025-09-17T03:45;2025-09-17T04:00;16;EUR;MWh;NO;NO;133.6;84;133.6;133.6;1;UP
2025-09-17T04:00;2025-09-17T04:15;17;EUR;MWh;NO;NO;133.6;27.65;27.65;27.65;-1;DOWN
2025-09-17T04:15;2025-09-17T04:30;18;EUR;MWh;NO;NO;;35.89;35.89;35.89;-1;DOWN
2025-09-17T04:30;2025-09-17T04:45;19;EUR;MWh;NO;NO;120;83;120;61.5;2;UP_AND_DOWN
2025-09-17T04:45;2025-09-17T05:00;20;EUR;MWh;NO;NO;85.89;67.32;85.89;61;2;UP_AND_DOWN
2025-09-17T05:00;2025-09-17T05:15;21;EUR;MWh;NO;NO;133.9;73;133.9;61;2;UP_AND_DOWN
2025-09-17T05:15;2025-09-17T05:30;22;EUR;MWh;NO;NO;88.69;;88.69;88.69;1;UP
2025-09-17T05:30;2025-09-17T05:45;23;EUR;MWh;NO;NO;120;;120;120;1;UP
2025-09-17T05:45;2025-09-17T06:00;24;EUR;MWh;NO;NO;117;71;117;61;2;UP_AND_DOWN
2025-09-17T06:00;2025-09-17T06:15;25;EUR;MWh;NO;NO;200;77.87;200;61;2;UP_AND_DOWN
2025-09-17T06:15;2025-09-17T06:30;26;EUR;MWh;NO;NO;200;;200;200;1;UP
2025-09-17T06:30;2025-09-17T06:45;27;EUR;MWh;NO;NO;500;;500;500;1;UP
2025-09-17T06:45;2025-09-17T07:00;28;EUR;MWh;NO;NO;543.05;;543.05;543.05;1;UP
2025-09-17T07:00;2025-09-17T07:15;29;EUR;MWh;NO;NO;68.56;62.87;62.87;62.87;-1;DOWN
2025-09-17T07:15;2025-09-17T07:30;30;EUR;MWh;NO;NO;;79.83;79.83;79.83;-1;DOWN
2025-09-17T07:30;2025-09-17T07:45;31;EUR;MWh;NO;NO;84.1;71.83;84.1;62.5;2;UP_AND_DOWN
2025-09-17T07:45;2025-09-17T08:00;32;EUR;MWh;NO;NO;83.98;59.96;83.98;59.96;2;UP_AND_DOWN
2025-09-17T08:00;2025-09-17T08:15;33;EUR;MWh;NO;NO;;48.34;48.34;48.34;-1;DOWN
2025-09-17T08:15;2025-09-17T08:30;34;EUR;MWh;NO;NO;;71.83;71.83;71.83;-1;DOWN
2025-09-17T08:30;2025-09-17T08:45;35;EUR;MWh;NO;NO;88.23;74.68;88.23;61;2;UP_AND_DOWN
2025-09-17T08:45;2025-09-17T09:00;36;EUR;MWh;NO;NO;120;;120;120;1;UP
2025-09-17T09:00;2025-09-17T09:15;37;EUR;MWh;NO;NO;133.6;;133.6;133.6;1;UP
2025-09-17T09:15;2025-09-17T09:30;38;EUR;MWh;NO;NO;180.34;;180.34;180.34;1;UP
2025-09-17T09:30;2025-09-17T09:45;39;EUR;MWh;NO;NO;140;;140;140;1;UP
2025-09-17T09:45;2025-09-17T10:00;40;EUR;MWh;NO;NO;120;67.19;120;61;2;UP_AND_DOWN
2025-09-17T10:00;2025-09-17T10:15;41;EUR;MWh;NO;NO;120;1;1;1;-1;DOWN
2025-09-17T10:15;2025-09-17T10:30;42;EUR;MWh;NO;NO;;22;22;22;-1;DOWN
2025-09-17T10:30;2025-09-17T10:45;43;EUR;MWh;NO;NO;;-11.1;-11.1;-11.1;-1;DOWN
2025-09-17T10:45;2025-09-17T11:00;44;EUR;MWh;NO;NO;;-31;-31;-31;-1;DOWN
2025-09-17T11:00;2025-09-17T11:15;45;EUR;MWh;NO;NO;95.28;-626.77;95.28;-626.77;2;UP_AND_DOWN
2025-09-17T11:15;2025-09-17T11:30;46;EUR;MWh;NO;NO;;-334.04;-334.04;-334.04;-1;DOWN
2025-09-17T11:30;2025-09-17T11:45;47;EUR;MWh;NO;NO;;-49;-49;-49;-1;DOWN
2025-09-17T11:45;2025-09-17T12:00;48;EUR;MWh;NO;NO;68.56;-7;-7;-7;-1;DOWN
2025-09-17T12:00;2025-09-17T12:15;49;EUR;MWh;NO;NO;;-75;-75;-75;-1;DOWN
2025-09-17T12:15;2025-09-17T12:30;50;EUR;MWh;NO;NO;;-30.2;-30.2;-30.2;-1;DOWN
2025-09-17T12:30;2025-09-17T12:45;51;EUR;MWh;NO;NO;61;-30;61;-30;2;UP_AND_DOWN
2025-09-17T12:45;2025-09-17T13:00;52;EUR;MWh;NO;NO;;-4;-4;-4;-1;DOWN
2025-09-17T13:00;2025-09-17T13:15;53;EUR;MWh;NO;NO;90;-30;90;-30;2;UP_AND_DOWN
2025-09-17T13:15;2025-09-17T13:30;54;EUR;MWh;NO;NO;78.56;-30;78.56;-30;2;UP_AND_DOWN
2025-09-17T13:30;2025-09-17T13:45;55;EUR;MWh;NO;NO;;-54.4;-54.4;-54.4;-1;DOWN
2025-09-17T13:45;2025-09-17T14:00;56;EUR;MWh;NO;NO;;-58.5;-58.5;-58.5;-1;DOWN
2025-09-17T14:00;2025-09-17T14:15;57;EUR;MWh;NO;NO;;-73.2;-73.2;-73.2;-1;DOWN
2025-09-17T14:15;2025-09-17T14:30;58;EUR;MWh;NO;NO;;-18;-18;-18;-1;DOWN
2025-09-17T14:30;2025-09-17T14:45;59;EUR;MWh;NO;NO;;-15.03;-15.03;-15.03;-1;DOWN
2025-09-17T14:45;2025-09-17T15:00;60;EUR;MWh;NO;NO;61;-10.94;-10.94;-10.94;-1;DOWN
2025-09-17T15:00;2025-09-17T15:15;61;EUR;MWh;NO;NO;61;10.1;10.1;10.1;-1;DOWN
2025-09-17T15:15;2025-09-17T15:30;62;EUR;MWh;NO;NO;78.16;19;78.16;19;2;UP_AND_DOWN
2025-09-17T15:30;2025-09-17T15:45;63;EUR;MWh;NO;NO;61;-18.5;61;-18.5;2;UP_AND_DOWN
2025-09-17T15:45;2025-09-17T16:00;64;EUR;MWh;NO;NO;68.56;9.57;68.56;9.57;2;UP_AND_DOWN
2025-09-17T16:00;2025-09-17T16:15;65;EUR;MWh;NO;NO;100;78.06;100;100;1;UP
2025-09-17T16:15;2025-09-17T16:30;66;EUR;MWh;NO;NO;121.9;75.94;121.9;61;2;UP_AND_DOWN
2025-09-17T16:30;2025-09-17T16:45;67;EUR;MWh;NO;NO;150;;150;150;1;UP
2025-09-17T16:45;2025-09-17T17:00;68;EUR;MWh;NO;NO;147;;147;147;1;UP
2025-09-17T17:00;2025-09-17T17:15;69;EUR;MWh;NO;NO;119.3;;119.3;119.3;1;UP
2025-09-17T17:15;2025-09-17T17:30;70;EUR;MWh;NO;NO;150;;150;150;1;UP
2025-09-17T17:30;2025-09-17T17:45;71;EUR;MWh;NO;NO;150;82;150;150;1;UP
2025-09-17T17:45;2025-09-17T18:00;72;EUR;MWh;NO;NO;133.4;76.37;133.4;133.4;1;UP
2025-09-17T18:00;2025-09-17T18:15;73;EUR;MWh;NO;NO;68.56;57.53;68.56;57.53;2;UP_AND_DOWN
2025-09-17T18:15;2025-09-17T18:30;74;EUR;MWh;NO;NO;121;67.13;121;61;2;UP_AND_DOWN
2025-09-17T18:30;2025-09-17T18:45;75;EUR;MWh;NO;NO;183.3;;183.3;183.3;1;UP
2025-09-17T18:45;2025-09-17T19:00;76;EUR;MWh;NO;NO;184.5;;184.5;184.5;1;UP
2025-09-17T19:00;2025-09-17T19:15;77;EUR;MWh;NO;NO;180;;180;180;1;UP
2025-09-17T19:15;2025-09-17T19:30;78;EUR;MWh;NO;NO;180;;180;180;1;UP
2025-09-17T19:30;2025-09-17T19:45;79;EUR;MWh;NO;NO;180;;180;180;1;UP
2025-09-17T19:45;2025-09-17T20:00;80;EUR;MWh;NO;NO;164;;164;164;1;UP
2025-09-17T20:00;2025-09-17T20:15;81;EUR;MWh;NO;NO;133.8;82;133.8;63.5;2;UP_AND_DOWN
2025-09-17T20:15;2025-09-17T20:30;82;EUR;MWh;NO;NO;;69.93;69.93;69.93;-1;DOWN
2025-09-17T20:30;2025-09-17T20:45;83;EUR;MWh;NO;NO;;56.8;56.8;56.8;-1;DOWN
2025-09-17T20:45;2025-09-17T21:00;84;EUR;MWh;NO;NO;;59.43;59.43;59.43;-1;DOWN
2025-09-17T21:00;2025-09-17T21:15;85;EUR;MWh;NO;NO;133;58.24;133;58.24;2;UP_AND_DOWN
2025-09-17T21:15;2025-09-17T21:30;86;EUR;MWh;NO;NO;97.9;54.98;97.9;54.98;2;UP_AND_DOWN
2025-09-17T21:30;2025-09-17T21:45;87;EUR;MWh;NO;NO;88.26;50;88.26;50;2;UP_AND_DOWN
2025-09-17T21:45;2025-09-17T22:00;88;EUR;MWh;NO;NO;78.56;33;78.56;33;2;UP_AND_DOWN
2025-09-17T22:00;2025-09-17T22:15;89;EUR;MWh;NO;NO;;9.42;9.42;9.42;-1;DOWN
2025-09-17T22:15;2025-09-17T22:30;90;EUR;MWh;NO;NO;42;26.7;61;26.7;2;UP_AND_DOWN
2025-09-17T22:30;2025-09-17T22:45;91;EUR;MWh;NO;NO;;41;41;41;-1;DOWN
2025-09-17T22:45;2025-09-17T23:00;92;EUR;MWh;NO;NO;90;33;90;33;2;UP_AND_DOWN
2025-09-17T23:00;2025-09-17T23:15;93;EUR;MWh;NO;NO;42;-2.27;-2.27;-2.27;-1;DOWN
2025-09-17T23:15;2025-09-17T23:30;94;EUR;MWh;NO;NO;78.36;9.57;9.57;9.57;-1;DOWN
2025-09-17T23:30;2025-09-17T23:45;95;EUR;MWh;NO;NO;;-10.8;-10.8;-10.8;-1;DOWN
2025-09-17T23:45;2025-09-18T00:00;96;EUR;MWh;NO;NO;;-2.37;-2.37;-2.37;-1;DOWN
2025-09-18T00:00;2025-09-18T00:15;1;EUR;MWh;NO;NO;63.32;16;63.32;16;2;UP_AND_DOWN
2025-09-18T00:15;2025-09-18T00:30;2;EUR;MWh;NO;NO;68.34;1;68.34;1;2;UP_AND_DOWN
2025-09-18T00:30;2025-09-18T00:45;3;EUR;MWh;NO;NO;58.56;-11;58.56;-11;2;UP_AND_DOWN
2025-09-18T00:45;2025-09-18T01:00;4;EUR;MWh;NO;NO;58.56;-11;58.56;-11;2;UP_AND_DOWN
2025-09-18T01:00;2025-09-18T01:15;5;EUR;MWh;NO;NO;68.56;-22;68.56;-22;2;UP_AND_DOWN
2025-09-18T01:15;2025-09-18T01:30;6;EUR;MWh;NO;NO;;-29;-29;-29;-1;DOWN
2025-09-18T01:30;2025-09-18T01:45;7;EUR;MWh;NO;NO;43;-29.7;-29.7;-29.7;-1;DOWN
2025-09-18T01:45;2025-09-18T02:00;8;EUR;MWh;NO;NO;43;-10.94;46.41;-10.94;2;UP_AND_DOWN
2025-09-18T02:00;2025-09-18T02:15;9;EUR;MWh;NO;NO;68.56;-17.14;68.56;-17.14;2;UP_AND_DOWN
2025-09-18T02:15;2025-09-18T02:30;10;EUR;MWh;NO;NO;;-25.38;-25.38;-25.38;-1;DOWN
2025-09-18T02:30;2025-09-18T02:45;11;EUR;MWh;NO;NO;;-12.35;-12.35;-12.35;-1;DOWN
2025-09-18T02:45;2025-09-18T03:00;12;EUR;MWh;NO;NO;58.56;-24.45;58.56;-24.45;2;UP_AND_DOWN
2025-09-18T03:00;2025-09-18T03:15;13;EUR;MWh;NO;NO;58.56;-10.94;58.56;-10.94;2;UP_AND_DOWN
2025-09-18T03:15;2025-09-18T03:30;14;EUR;MWh;NO;NO;;-21.72;-21.72;-21.72;-1;DOWN
2025-09-18T03:30;2025-09-18T03:45;15;EUR;MWh;NO;NO;;-15.64;-15.64;-15.64;-1;DOWN
2025-09-18T03:45;2025-09-18T04:00;16;EUR;MWh;NO;NO;70;-10.94;70;-10.94;2;UP_AND_DOWN
2025-09-18T04:00;2025-09-18T04:15;17;EUR;MWh;NO;NO;70;;70;70;1;UP
2025-09-18T04:15;2025-09-18T04:30;18;EUR;MWh;NO;NO;84;;84;84;1;UP
2025-09-18T04:30;2025-09-18T04:45;19;EUR;MWh;NO;NO;89.9;;89.9;89.9;1;UP
2025-09-18T04:45;2025-09-18T05:00;20;EUR;MWh;NO;NO;70;-25.9;-25.9;-25.9;-1;DOWN
2025-09-18T05:00;2025-09-18T05:15;21;EUR;MWh;NO;NO;85.56;-11;85.56;-11;2;UP_AND_DOWN
2025-09-18T05:15;2025-09-18T05:30;22;EUR;MWh;NO;NO;68.56;-23;68.56;-23;2;UP_AND_DOWN
2025-09-18T05:30;2025-09-18T05:45;23;EUR;MWh;NO;NO;85.46;10.1;85.46;85.46;1;UP
2025-09-18T05:45;2025-09-18T06:00;24;EUR;MWh;NO;NO;85.36;2.46;85.36;2.46;2;UP_AND_DOWN
2025-09-18T06:00;2025-09-18T06:15;25;EUR;MWh;NO;NO;;2.36;2.36;2.36;-1;DOWN
2025-09-18T06:15;2025-09-18T06:30;26;EUR;MWh;NO;NO;86;-9.78;86;-9.78;2;UP_AND_DOWN
2025-09-18T06:30;2025-09-18T06:45;27;EUR;MWh;NO;NO;111;53.78;111;53.78;2;UP_AND_DOWN
2025-09-18T06:45;2025-09-18T07:00;28;EUR;MWh;NO;NO;93.9;83;93.9;93.9;1;UP
2025-09-18T07:00;2025-09-18T07:15;29;EUR;MWh;NO;NO;111;78.29;111;61.5;2;UP_AND_DOWN
2025-09-18T07:15;2025-09-18T07:30;30;EUR;MWh;NO;NO;85.56;78.19;85.56;61.5;2;UP_AND_DOWN
2025-09-18T07:30;2025-09-18T07:45;31;EUR;MWh;NO;NO;111;;111;111;1;UP
2025-09-18T07:45;2025-09-18T08:00;32;EUR;MWh;NO;NO;85.76;78.35;85.76;61.5;2;UP_AND_DOWN
2025-09-18T08:00;2025-09-18T08:15;33;EUR;MWh;NO;NO;95.9;83;95.9;95.9;1;UP
2025-09-18T08:15;2025-09-18T08:30;34;EUR;MWh;NO;NO;98;;98;98;1;UP
2025-09-18T08:30;2025-09-18T08:45;35;EUR;MWh;NO;NO;95.6;78.68;95.6;61.5;2;UP_AND_DOWN
2025-09-18T08:45;2025-09-18T09:00;36;EUR;MWh;NO;NO;94;78.29;94;61.5;2;UP_AND_DOWN
2025-09-18T09:00;2025-09-18T09:15;37;EUR;MWh;NO;NO;103;78.29;103;103;1;UP
2025-09-18T09:15;2025-09-18T09:30;38;EUR;MWh;NO;NO;111;;111;111;1;UP
2025-09-18T09:30;2025-09-18T09:45;39;EUR;MWh;NO;NO;90;66.14;90;61.5;2;UP_AND_DOWN
2025-09-18T09:45;2025-09-18T10:00;40;EUR;MWh;NO;NO;86.58;10;86.58;10;2;UP_AND_DOWN
2025-09-18T10:00;2025-09-18T10:15;41;EUR;MWh;NO;NO;123.9;-30;123.9;-30;2;UP_AND_DOWN
2025-09-18T10:15;2025-09-18T10:30;42;EUR;MWh;NO;NO;110.9;5;110.9;5;2;UP_AND_DOWN
2025-09-18T10:30;2025-09-18T10:45;43;EUR;MWh;NO;NO;111;2.36;111;2.36;2;UP_AND_DOWN
2025-09-18T10:45;2025-09-18T11:00;44;EUR;MWh;NO;NO;133.01;-9.7;133.01;-9.7;2;UP_AND_DOWN
2025-09-18T11:00;2025-09-18T11:15;45;EUR;MWh;NO;NO;180;;180;180;1;UP
2025-09-18T11:15;2025-09-18T11:30;46;EUR;MWh;NO;NO;134.2;;134.2;134.2;1;UP
2025-09-18T11:30;2025-09-18T11:45;47;EUR;MWh;NO;NO;126;52;126;126;1;UP
2025-09-18T11:45;2025-09-18T12:00;48;EUR;MWh;NO;NO;39.9;-5;46.5;-5;2;UP_AND_DOWN
2025-09-18T12:00;2025-09-18T12:15;49;EUR;MWh;NO;NO;58.56;-4;58.56;-4;2;UP_AND_DOWN
2025-09-18T12:15;2025-09-18T12:30;50;EUR;MWh;NO;NO;58.46;-10.94;-10.94;-10.94;-1;DOWN
2025-09-18T12:30;2025-09-18T12:45;51;EUR;MWh;NO;NO;111;-10.94;111;-10.94;2;UP_AND_DOWN
2025-09-18T12:45;2025-09-18T13:00;52;EUR;MWh;NO;NO;146.7;;146.7;146.7;1;UP
2025-09-18T13:00;2025-09-18T13:15;53;EUR;MWh;NO;NO;175.9;;175.9;175.9;1;UP
2025-09-18T13:15;2025-09-18T13:30;54;EUR;MWh;NO;NO;949.9;68;949.9;949.9;1;UP
2025-09-18T13:30;2025-09-18T13:45;55;EUR;MWh;NO;NO;114;10;114;10;2;UP_AND_DOWN
2025-09-18T13:45;2025-09-18T14:00;56;EUR;MWh;NO;NO;85.46;-17.45;85.46;-17.45;2;UP_AND_DOWN
2025-09-18T14:00;2025-09-18T14:15;57;EUR;MWh;NO;NO;114;-16.48;114;-16.48;2;UP_AND_DOWN
2025-09-18T14:15;2025-09-18T14:30;58;EUR;MWh;NO;NO;83.36;5;83.36;5;2;UP_AND_DOWN
2025-09-18T14:30;2025-09-18T14:45;59;EUR;MWh;NO;NO;83.36;-6.95;-6.95;-6.95;-1;DOWN
2025-09-18T14:45;2025-09-18T15:00;60;EUR;MWh;NO;NO;85.56;-7.15;-7.15;-7.15;-1;DOWN
2025-09-18T15:00;2025-09-18T15:15;61;EUR;MWh;NO;NO;100;66;100;100;1;UP
2025-09-18T15:15;2025-09-18T15:30;62;EUR;MWh;NO;NO;100;;100;100;1;UP
2025-09-18T15:30;2025-09-18T15:45;63;EUR;MWh;NO;NO;85.56;;85.56;85.56;1;UP
2025-09-18T15:45;2025-09-18T16:00;64;EUR;MWh;NO;NO;111;;111;111;1;UP
2025-09-18T16:00;2025-09-18T16:15;65;EUR;MWh;NO;NO;166;;166;166;1;UP
2025-09-18T16:15;2025-09-18T16:30;66;EUR;MWh;NO;NO;166;;166;166;1;UP
2025-09-18T16:30;2025-09-18T16:45;67;EUR;MWh;NO;NO;400;;400;400;1;UP
2025-09-18T16:45;2025-09-18T17:00;68;EUR;MWh;NO;NO;166;;166;166;1;UP
2025-09-18T17:00;2025-09-18T17:15;69;EUR;MWh;NO;NO;126;;126;126;1;UP
2025-09-18T17:15;2025-09-18T17:30;70;EUR;MWh;NO;NO;146;79;146;61.5;2;UP_AND_DOWN
2025-09-18T17:30;2025-09-18T17:45;71;EUR;MWh;NO;NO;134.1;;134.1;134.1;1;UP
2025-09-18T17:45;2025-09-18T18:00;72;EUR;MWh;NO;NO;155;50;155;50;2;UP_AND_DOWN
2025-09-18T18:00;2025-09-18T18:15;73;EUR;MWh;NO;NO;166;;166;166;1;UP
2025-09-18T18:15;2025-09-18T18:30;74;EUR;MWh;NO;NO;111;83;111;61.5;2;UP_AND_DOWN
2025-09-18T18:30;2025-09-18T18:45;75;EUR;MWh;NO;NO;166;;166;166;1;UP
2025-09-18T18:45;2025-09-18T19:00;76;EUR;MWh;NO;NO;180.8;;180.8;180.8;1;UP
2025-09-18T19:00;2025-09-18T19:15;77;EUR;MWh;NO;NO;110.9;83;110.9;61.5;2;UP_AND_DOWN
2025-09-18T19:15;2025-09-18T19:30;78;EUR;MWh;NO;NO;;75.53;75.53;75.53;-1;DOWN
2025-09-18T19:30;2025-09-18T19:45;79;EUR;MWh;NO;NO;110.8;83;110.8;110.8;1;UP
2025-09-18T19:45;2025-09-18T20:00;80;EUR;MWh;NO;NO;110.8;;110.8;110.8;1;UP
2025-09-18T20:00;2025-09-18T20:15;81;EUR;MWh;NO;NO;111;;111;111;1;UP
2025-09-18T20:15;2025-09-18T20:30;82;EUR;MWh;NO;NO;58.56;;58.56;58.56;1;UP
2025-09-18T20:30;2025-09-18T20:45;83;EUR;MWh;NO;NO;111;66.71;111;61.5;2;UP_AND_DOWN
2025-09-18T20:45;2025-09-18T21:00;84;EUR;MWh;NO;NO;43;75.81;75.81;75.81;-1;DOWN
2025-09-18T21:00;2025-09-18T21:15;85;EUR;MWh;NO;NO;148.1;;148.1;148.1;1;UP
2025-09-18T21:15;2025-09-18T21:30;86;EUR;MWh;NO;NO;111;;111;111;1;UP
2025-09-18T21:30;2025-09-18T21:45;87;EUR;MWh;NO;NO;130.97;83;130.97;61.5;2;UP_AND_DOWN
2025-09-18T21:45;2025-09-18T22:00;88;EUR;MWh;NO;NO;111;;111;111;1;UP
2025-09-18T22:00;2025-09-18T22:15;89;EUR;MWh;NO;NO;134.2;;134.2;134.2;1;UP
2025-09-18T22:15;2025-09-18T22:30;90;EUR;MWh;NO;NO;111;78.29;111;61.5;2;UP_AND_DOWN
2025-09-18T22:30;2025-09-18T22:45;91;EUR;MWh;NO;NO;132.87;74.09;132.87;61.5;2;UP_AND_DOWN
2025-09-18T22:45;2025-09-18T23:00;92;EUR;MWh;NO;NO;;62.81;62.81;62.81;-1;DOWN
2025-09-18T23:00;2025-09-18T23:15;93;EUR;MWh;NO;NO;111;35.05;111;35.05;2;UP_AND_DOWN
2025-09-18T23:15;2025-09-18T23:30;94;EUR;MWh;NO;NO;68.56;71.72;68.56;61.5;2;UP_AND_DOWN
2025-09-18T23:30;2025-09-18T23:45;95;EUR;MWh;NO;NO;68.56;74.09;74.09;74.09;-1;DOWN
2025-09-18T23:45;2025-09-19T00:00;96;EUR;MWh;NO;NO;;52;52;52;-1;DOWN
2025-09-19T00:00;2025-09-19T00:15;1;EUR;MWh;NO;NO;88.56;-27.7;88.56;-27.7;2;UP_AND_DOWN
2025-09-19T00:15;2025-09-19T00:30;2;EUR;MWh;NO;NO;82.81;;82.81;82.81;1;UP
2025-09-19T00:30;2025-09-19T00:45;3;EUR;MWh;NO;NO;82.28;;82.28;82.28;1;UP
2025-09-19T00:45;2025-09-19T01:00;4;EUR;MWh;NO;NO;77.87;77.22;77.87;58.61;2;UP_AND_DOWN
2025-09-19T01:00;2025-09-19T01:15;5;EUR;MWh;NO;NO;77.87;52;52;52;-1;DOWN
2025-09-19T01:15;2025-09-19T01:30;6;EUR;MWh;NO;NO;;52;52;52;-1;DOWN
2025-09-19T01:30;2025-09-19T01:45;7;EUR;MWh;NO;NO;;58.95;58.95;58.95;-1;DOWN
2025-09-19T01:45;2025-09-19T02:00;8;EUR;MWh;NO;NO;;14.1;14.1;14.1;-1;DOWN
2025-09-19T02:00;2025-09-19T02:15;9;EUR;MWh;NO;NO;;9.57;9.57;9.57;-1;DOWN
2025-09-19T02:15;2025-09-19T02:30;10;EUR;MWh;NO;NO;;59.84;59.84;59.84;-1;DOWN
2025-09-19T02:30;2025-09-19T02:45;11;EUR;MWh;NO;NO;;57.94;57.94;57.94;-1;DOWN
2025-09-19T02:45;2025-09-19T03:00;12;EUR;MWh;NO;NO;;38.99;38.99;38.99;-1;DOWN
2025-09-19T03:00;2025-09-19T03:15;13;EUR;MWh;NO;NO;80.23;47;80.23;47;2;UP_AND_DOWN
2025-09-19T03:15;2025-09-19T03:30;14;EUR;MWh;NO;NO;95;;95;95;1;UP
2025-09-19T03:30;2025-09-19T03:45;15;EUR;MWh;NO;NO;95;;95;95;1;UP
2025-09-19T03:45;2025-09-19T04:00;16;EUR;MWh;NO;NO;86.23;76.14;86.23;61.5;2;UP_AND_DOWN
2025-09-19T04:00;2025-09-19T04:15;17;EUR;MWh;NO;NO;99;70.16;99;61.5;2;UP_AND_DOWN
2025-09-19T04:15;2025-09-19T04:30;18;EUR;MWh;NO;NO;83;76.13;83;61.5;2;UP_AND_DOWN
2025-09-19T04:30;2025-09-19T04:45;19;EUR;MWh;NO;NO;95;;95;95;1;UP
2025-09-19T04:45;2025-09-19T05:00;20;EUR;MWh;NO;NO;134.5;72.46;134.5;61.5;2;UP_AND_DOWN
2025-09-19T05:00;2025-09-19T05:15;21;EUR;MWh;NO;NO;134.5;27.94;27.94;27.94;-1;DOWN
2025-09-19T05:15;2025-09-19T05:30;22;EUR;MWh;NO;NO;;41.67;41.67;41.67;-1;DOWN
2025-09-19T05:30;2025-09-19T05:45;23;EUR;MWh;NO;NO;85;58.33;85;58.33;2;UP_AND_DOWN
2025-09-19T05:45;2025-09-19T06:00;24;EUR;MWh;NO;NO;85;28.1;28.1;28.1;-1;DOWN
2025-09-19T06:00;2025-09-19T06:15;25;EUR;MWh;NO;NO;151.1;37.94;151.1;37.94;2;UP_AND_DOWN
2025-09-19T06:15;2025-09-19T06:30;26;EUR;MWh;NO;NO;144;55.46;144;55.46;2;UP_AND_DOWN
2025-09-19T06:30;2025-09-19T06:45;27;EUR;MWh;NO;NO;144;;144;144;1;UP
2025-09-19T06:45;2025-09-19T07:00;28;EUR;MWh;NO;NO;151.3;;151.3;151.3;1;UP
2025-09-19T07:00;2025-09-19T07:15;29;EUR;MWh;NO;NO;144;;144;144;1;UP
2025-09-19T07:15;2025-09-19T07:30;30;EUR;MWh;NO;NO;113.14;83;113.14;113.14;1;UP
2025-09-19T07:30;2025-09-19T07:45;31;EUR;MWh;NO;NO;151.4;;151.4;151.4;1;UP
2025-09-19T07:45;2025-09-19T08:00;32;EUR;MWh;NO;NO;151.5;;151.5;151.5;1;UP
2025-09-19T08:00;2025-09-19T08:15;33;EUR;MWh;NO;NO;151.5;;151.5;151.5;1;UP
2025-09-19T08:15;2025-09-19T08:30;34;EUR;MWh;NO;NO;116;76.92;116;61.5;2;UP_AND_DOWN
2025-09-19T08:30;2025-09-19T08:45;35;EUR;MWh;NO;NO;92.14;64.48;92.14;61.5;2;UP_AND_DOWN
2025-09-19T08:45;2025-09-19T09:00;36;EUR;MWh;NO;NO;88.46;64.86;88.46;61.5;2;UP_AND_DOWN
2025-09-19T09:00;2025-09-19T09:15;37;EUR;MWh;NO;NO;149.2;77.22;149.2;61.5;2;UP_AND_DOWN
2025-09-19T09:15;2025-09-19T09:30;38;EUR;MWh;NO;NO;134.6;83;134.6;134.6;1;UP
2025-09-19T09:30;2025-09-19T09:45;39;EUR;MWh;NO;NO;135;;135;135;1;UP
2025-09-19T09:45;2025-09-19T10:00;40;EUR;MWh;NO;NO;100;;100;100;1;UP
2025-09-19T10:00;2025-09-19T10:15;41;EUR;MWh;NO;NO;99;55;99;43.61;2;UP_AND_DOWN
2025-09-19T10:15;2025-09-19T10:30;42;EUR;MWh;NO;NO;58.56;46.09;58.56;43.61;2;UP_AND_DOWN
2025-09-19T10:30;2025-09-19T10:45;43;EUR;MWh;NO;NO;99;-49;99;-49;2;UP_AND_DOWN
2025-09-19T10:45;2025-09-19T11:00;44;EUR;MWh;NO;NO;31.89;-30;41;-30;2;UP_AND_DOWN
2025-09-19T11:00;2025-09-19T11:15;45;EUR;MWh;NO;NO;58.56;-70;58.56;-70;2;UP_AND_DOWN
2025-09-19T11:15;2025-09-19T11:30;46;EUR;MWh;NO;NO;58.56;-38;-38;-38;-1;DOWN
2025-09-19T11:30;2025-09-19T11:45;47;EUR;MWh;NO;NO;;-32;-32;-32;-1;DOWN
2025-09-19T11:45;2025-09-19T12:00;48;EUR;MWh;NO;NO;;-32;-32;-32;-1;DOWN
2025-09-19T12:00;2025-09-19T12:15;49;EUR;MWh;NO;NO;58.56;-549.75;58.56;-549.75;2;UP_AND_DOWN
2025-09-19T12:15;2025-09-19T12:30;50;EUR;MWh;NO;NO;;-60;-60;-60;-1;DOWN
2025-09-19T12:30;2025-09-19T12:45;51;EUR;MWh;NO;NO;;-60;-60;-60;-1;DOWN
2025-09-19T12:45;2025-09-19T13:00;52;EUR;MWh;NO;NO;;-49;-49;-49;-1;DOWN
2025-09-19T13:00;2025-09-19T13:15;53;EUR;MWh;NO;NO;10;-60;-60;-60;-1;DOWN
2025-09-19T13:15;2025-09-19T13:30;54;EUR;MWh;NO;NO;;-30;-30;-30;-1;DOWN
2025-09-19T13:30;2025-09-19T13:45;55;EUR;MWh;NO;NO;;-31;-31;-31;-1;DOWN
2025-09-19T13:45;2025-09-19T14:00;56;EUR;MWh;NO;NO;;-31;-31;-31;-1;DOWN
2025-09-19T14:00;2025-09-19T14:15;57;EUR;MWh;NO;NO;49;-49;49;-49;2;UP_AND_DOWN
2025-09-19T14:15;2025-09-19T14:30;58;EUR;MWh;NO;NO;;-75;-75;-75;-1;DOWN
2025-09-19T14:30;2025-09-19T14:45;59;EUR;MWh;NO;NO;49;-20;49;-20;2;UP_AND_DOWN
2025-09-19T14:45;2025-09-19T15:00;60;EUR;MWh;NO;NO;;-30;-30;-30;-1;DOWN
2025-09-19T15:00;2025-09-19T15:15;61;EUR;MWh;NO;NO;50;-1;-1;-1;-1;DOWN
2025-09-19T15:15;2025-09-19T15:30;62;EUR;MWh;NO;NO;65;14;65;14;2;UP_AND_DOWN
2025-09-19T15:30;2025-09-19T15:45;63;EUR;MWh;NO;NO;75;-30;75;-30;2;UP_AND_DOWN
2025-09-19T15:45;2025-09-19T16:00;64;EUR;MWh;NO;NO;88.56;-49.9;88.56;-49.9;2;UP_AND_DOWN
2025-09-19T16:00;2025-09-19T16:15;65;EUR;MWh;NO;NO;90;-49;90;-49;2;UP_AND_DOWN
2025-09-19T16:15;2025-09-19T16:30;66;EUR;MWh;NO;NO;100;;100;100;1;UP
2025-09-19T16:30;2025-09-19T16:45;67;EUR;MWh;NO;NO;93.19;;93.19;93.19;1;UP
2025-09-19T16:45;2025-09-19T17:00;68;EUR;MWh;NO;NO;82.19;66;82.19;82.19;1;UP
2025-09-19T17:00;2025-09-19T17:15;69;EUR;MWh;NO;NO;78.56;40;78.56;40;2;UP_AND_DOWN
2025-09-19T17:15;2025-09-19T17:30;70;EUR;MWh;NO;NO;166;67.62;166;166;1;UP
2025-09-19T17:30;2025-09-19T17:45;71;EUR;MWh;NO;NO;180;;180;180;1;UP
2025-09-19T17:45;2025-09-19T18:00;72;EUR;MWh;NO;NO;174;77.12;174;174;1;UP
2025-09-19T18:00;2025-09-19T18:15;73;EUR;MWh;NO;NO;58.56;12;12;12;-1;DOWN
2025-09-19T18:15;2025-09-19T18:30;74;EUR;MWh;NO;NO;174;83;174;174;1;UP
2025-09-19T18:30;2025-09-19T18:45;75;EUR;MWh;NO;NO;189;;189;189;1;UP
2025-09-19T18:45;2025-09-19T19:00;76;EUR;MWh;NO;NO;189;;189;189;1;UP
2025-09-19T19:00;2025-09-19T19:15;77;EUR;MWh;NO;NO;136.35;;136.35;136.35;1;UP
2025-09-19T19:15;2025-09-19T19:30;78;EUR;MWh;NO;NO;146.4;;146.4;146.4;1;UP
2025-09-19T19:30;2025-09-19T19:45;79;EUR;MWh;NO;NO;166;;166;166;1;UP
2025-09-19T19:45;2025-09-19T20:00;80;EUR;MWh;NO;NO;252;;252;252;1;UP
2025-09-19T20:00;2025-09-19T20:15;81;EUR;MWh;NO;NO;196;;196;196;1;UP
2025-09-19T20:15;2025-09-19T20:30;82;EUR;MWh;NO;NO;135;71.48;135;64;2;UP_AND_DOWN
2025-09-19T20:30;2025-09-19T20:45;83;EUR;MWh;NO;NO;58.56;47.86;64;47.86;2;UP_AND_DOWN
2025-09-19T20:45;2025-09-19T21:00;84;EUR;MWh;NO;NO;;55.36;55.36;55.36;-1;DOWN
2025-09-19T21:00;2025-09-19T21:15;85;EUR;MWh;NO;NO;86.19;63.28;86.19;63.28;2;UP_AND_DOWN
2025-09-19T21:15;2025-09-19T21:30;86;EUR;MWh;NO;NO;111;63.18;111;63.18;2;UP_AND_DOWN
2025-09-19T21:30;2025-09-19T21:45;87;EUR;MWh;NO;NO;77;40;77;40;2;UP_AND_DOWN
2025-09-19T21:45;2025-09-19T22:00;88;EUR;MWh;NO;NO;;16.2;16.2;16.2;-1;DOWN
2025-09-19T22:00;2025-09-19T22:15;89;EUR;MWh;NO;NO;58.56;-30;64;-30;2;UP_AND_DOWN
2025-09-19T22:15;2025-09-19T22:30;90;EUR;MWh;NO;NO;;50;50;50;-1;DOWN
2025-09-19T22:30;2025-09-19T22:45;91;EUR;MWh;NO;NO;;40;40;40;-1;DOWN
2025-09-19T22:45;2025-09-19T23:00;92;EUR;MWh;NO;NO;;10;10;10;-1;DOWN
2025-09-19T23:00;2025-09-19T23:15;93;EUR;MWh;NO;NO;43;-16.49;-16.49;-16.49;-1;DOWN
2025-09-19T23:15;2025-09-19T23:30;94;EUR;MWh;NO;NO;;58.74;58.74;58.74;-1;DOWN
2025-09-19T23:30;2025-09-19T23:45;95;EUR;MWh;NO;NO;;60;60;60;-1;DOWN
2025-09-19T23:45;2025-09-20T00:00;96;EUR;MWh;NO;NO;;-23.9;-23.9;-23.9;-1;DOWN
2025-09-20T00:00;2025-09-20T00:15;1;EUR;MWh;NO;NO;;-44.57;-44.57;-44.57;-1;DOWN
2025-09-20T00:15;2025-09-20T00:30;2;EUR;MWh;NO;NO;;-24.6;-24.6;-24.6;-1;DOWN
2025-09-20T00:30;2025-09-20T00:45;3;EUR;MWh;NO;NO;70;10;70;10;2;UP_AND_DOWN
2025-09-20T00:45;2025-09-20T01:00;4;EUR;MWh;NO;NO;67;25;25;25;-1;DOWN
2025-09-20T01:00;2025-09-20T01:15;5;EUR;MWh;NO;NO;136;42;136;136;1;UP
2025-09-20T01:15;2025-09-20T01:30;6;EUR;MWh;NO;NO;70;37;70;70;1;UP
2025-09-20T01:30;2025-09-20T01:45;7;EUR;MWh;NO;NO;90.36;10;90.36;90.36;1;UP
2025-09-20T01:45;2025-09-20T02:00;8;EUR;MWh;NO;NO;;17.97;17.97;17.97;-1;DOWN
2025-09-20T02:00;2025-09-20T02:15;9;EUR;MWh;NO;NO;90.56;10;90.56;10;2;UP_AND_DOWN
2025-09-20T02:15;2025-09-20T02:30;10;EUR;MWh;NO;NO;;;50.48;50.48;0;STABLE
2025-09-20T02:30;2025-09-20T02:45;11;EUR;MWh;NO;NO;;10;10;10;-1;DOWN
2025-09-20T02:45;2025-09-20T03:00;12;EUR;MWh;NO;NO;;10;50.48;50.48;0;STABLE
2025-09-20T03:00;2025-09-20T03:15;13;EUR;MWh;NO;NO;96;;96;96;1;UP
2025-09-20T03:15;2025-09-20T03:30;14;EUR;MWh;NO;NO;96;10;96;96;1;UP
2025-09-20T03:30;2025-09-20T03:45;15;EUR;MWh;NO;NO;95.27;;95.27;95.27;1;UP
2025-09-20T03:45;2025-09-20T04:00;16;EUR;MWh;NO;NO;68.56;9.57;68.56;68.56;1;UP
2025-09-20T04:00;2025-09-20T04:15;17;EUR;MWh;NO;NO;;10;50.48;50.48;0;STABLE
2025-09-20T04:15;2025-09-20T04:30;18;EUR;MWh;NO;NO;;-30;-30;-30;-1;DOWN
2025-09-20T04:30;2025-09-20T04:45;19;EUR;MWh;NO;NO;90.56;;90.56;90.56;1;UP
2025-09-20T04:45;2025-09-20T05:00;20;EUR;MWh;NO;NO;;-19.9;-19.9;-19.9;-1;DOWN
2025-09-20T05:00;2025-09-20T05:15;21;EUR;MWh;NO;NO;;43;43;43;-1;DOWN
2025-09-20T05:15;2025-09-20T05:30;22;EUR;MWh;NO;NO;;-3.5;-3.5;-3.5;-1;DOWN
2025-09-20T05:30;2025-09-20T05:45;23;EUR;MWh;NO;NO;;50.09;50.09;50.09;-1;DOWN
2025-09-20T05:45;2025-09-20T06:00;24;EUR;MWh;NO;NO;;45.49;45.49;45.49;-1;DOWN
2025-09-20T06:00;2025-09-20T06:15;25;EUR;MWh;NO;NO;68.56;73.64;68.56;68.56;1;UP
2025-09-20T06:15;2025-09-20T06:30;26;EUR;MWh;NO;NO;;83;83;83;-1;DOWN
2025-09-20T06:30;2025-09-20T06:45;27;EUR;MWh;NO;NO;100;83;100;100;1;UP
2025-09-20T06:45;2025-09-20T07:00;28;EUR;MWh;NO;NO;140;;140;140;1;UP
2025-09-20T07:00;2025-09-20T07:15;29;EUR;MWh;NO;NO;100.02;;100.02;100.02;1;UP
2025-09-20T07:15;2025-09-20T07:30;30;EUR;MWh;NO;NO;90.56;;90.56;90.56;1;UP
2025-09-20T07:30;2025-09-20T07:45;31;EUR;MWh;NO;NO;94;;94;94;1;UP
2025-09-20T07:45;2025-09-20T08:00;32;EUR;MWh;NO;NO;94;;94;94;1;UP
2025-09-20T08:00;2025-09-20T08:15;33;EUR;MWh;NO;NO;94.02;11;94.02;11;2;UP_AND_DOWN
2025-09-20T08:15;2025-09-20T08:30;34;EUR;MWh;NO;NO;58.56;83;61.5;61.5;2;UP_AND_DOWN
2025-09-20T08:30;2025-09-20T08:45;35;EUR;MWh;NO;NO;68.56;;68.56;0;2;UP_AND_DOWN
2025-09-20T08:45;2025-09-20T09:00;36;EUR;MWh;NO;NO;68.16;33;33;33;-1;DOWN
2025-09-20T09:00;2025-09-20T09:15;37;EUR;MWh;NO;NO;140;10;140;10;2;UP_AND_DOWN
2025-09-20T09:15;2025-09-20T09:30;38;EUR;MWh;NO;NO;68.56;10;68.56;10;2;UP_AND_DOWN
2025-09-20T09:30;2025-09-20T09:45;39;EUR;MWh;NO;NO;136.2;-4.49;136.2;-4.49;2;UP_AND_DOWN
2025-09-20T09:45;2025-09-20T10:00;40;EUR;MWh;NO;NO;68.56;-37.1;-37.1;-37.1;-1;DOWN
2025-09-20T10:00;2025-09-20T10:15;41;EUR;MWh;NO;NO;164;9.57;164;164;1;UP
2025-09-20T10:15;2025-09-20T10:30;42;EUR;MWh;NO;NO;164;9.57;164;164;1;UP
2025-09-20T10:30;2025-09-20T10:45;43;EUR;MWh;NO;NO;68.56;-36.8;68.56;-36.8;2;UP_AND_DOWN
2025-09-20T10:45;2025-09-20T11:00;44;EUR;MWh;NO;NO;;-49;-49;-49;-1;DOWN
2025-09-20T11:00;2025-09-20T11:15;45;EUR;MWh;NO;NO;90.56;-517.69;90.56;-517.69;2;UP_AND_DOWN
2025-09-20T11:15;2025-09-20T11:30;46;EUR;MWh;NO;NO;30.1;-55;-55;-55;-1;DOWN
2025-09-20T11:30;2025-09-20T11:45;47;EUR;MWh;NO;NO;136;1;136;1;2;UP_AND_DOWN
2025-09-20T11:45;2025-09-20T12:00;48;EUR;MWh;NO;NO;100;;100;100;1;UP
2025-09-20T12:00;2025-09-20T12:15;49;EUR;MWh;NO;NO;68.56;-18;68.56;-18;2;UP_AND_DOWN
2025-09-20T12:15;2025-09-20T12:30;50;EUR;MWh;NO;NO;164;;164;164;1;UP
2025-09-20T12:30;2025-09-20T12:45;51;EUR;MWh;NO;NO;148.1;10;148.1;148.1;1;UP
2025-09-20T12:45;2025-09-20T13:00;52;EUR;MWh;NO;NO;40;-18;-18;-18;-1;DOWN
2025-09-20T13:00;2025-09-20T13:15;53;EUR;MWh;NO;NO;148.2;-5;148.2;-5;2;UP_AND_DOWN
2025-09-20T13:15;2025-09-20T13:30;54;EUR;MWh;NO;NO;400;;400;400;1;UP
2025-09-20T13:30;2025-09-20T13:45;55;EUR;MWh;NO;NO;600;;600;600;1;UP
2025-09-20T13:45;2025-09-20T14:00;56;EUR;MWh;NO;NO;600;-2.09;600;-2.09;2;UP_AND_DOWN
2025-09-20T14:00;2025-09-20T14:15;57;EUR;MWh;NO;NO;;-6.78;-6.78;-6.78;-1;DOWN
2025-09-20T14:15;2025-09-20T14:30;58;EUR;MWh;NO;NO;133;-2.28;133;-2.28;2;UP_AND_DOWN
2025-09-20T14:30;2025-09-20T14:45;59;EUR;MWh;NO;NO;133;;133;133;1;UP
2025-09-20T14:45;2025-09-20T15:00;60;EUR;MWh;NO;NO;77;50;77;35.92;2;UP_AND_DOWN
2025-09-20T15:00;2025-09-20T15:15;61;EUR;MWh;NO;NO;58.56;-35;58.56;-35;2;UP_AND_DOWN
2025-09-20T15:15;2025-09-20T15:30;62;EUR;MWh;NO;NO;68.56;23.1;68.56;68.56;1;UP
2025-09-20T15:30;2025-09-20T15:45;63;EUR;MWh;NO;NO;;-12.56;-12.56;-12.56;-1;DOWN
2025-09-20T15:45;2025-09-20T16:00;64;EUR;MWh;NO;NO;68.56;-32.78;-32.78;-32.78;-1;DOWN
2025-09-20T16:00;2025-09-20T16:15;65;EUR;MWh;NO;NO;;;0;0;-1;DOWN
2025-09-20T16:15;2025-09-20T16:30;66;EUR;MWh;NO;NO;150;9.57;150;9.57;2;UP_AND_DOWN
2025-09-20T16:30;2025-09-20T16:45;67;EUR;MWh;NO;NO;149;;149;149;1;UP
2025-09-20T16:45;2025-09-20T17:00;68;EUR;MWh;NO;NO;149;;149;149;1;UP
2025-09-20T17:00;2025-09-20T17:15;69;EUR;MWh;NO;NO;100;83;100;100;1;UP
2025-09-20T17:15;2025-09-20T17:30;70;EUR;MWh;NO;NO;149;83;149;149;1;UP
2025-09-20T17:30;2025-09-20T17:45;71;EUR;MWh;NO;NO;149;;149;149;1;UP
2025-09-20T17:45;2025-09-20T18:00;72;EUR;MWh;NO;NO;136.1;;136.1;136.1;1;UP
2025-09-20T18:00;2025-09-20T18:15;73;EUR;MWh;NO;NO;136.2;78.14;136.2;61.5;2;UP_AND_DOWN
2025-09-20T18:15;2025-09-20T18:30;74;EUR;MWh;NO;NO;148.8;69.99;148.8;61.5;2;UP_AND_DOWN
2025-09-20T18:30;2025-09-20T18:45;75;EUR;MWh;NO;NO;149;;149;149;1;UP
2025-09-20T18:45;2025-09-20T19:00;76;EUR;MWh;NO;NO;100;50;100;50;2;UP_AND_DOWN
2025-09-20T19:00;2025-09-20T19:15;77;EUR;MWh;NO;NO;;13.6;13.6;13.6;-1;DOWN
2025-09-20T19:15;2025-09-20T19:30;78;EUR;MWh;NO;NO;;13.6;13.6;13.6;-1;DOWN
2025-09-20T19:30;2025-09-20T19:45;79;EUR;MWh;NO;NO;;25.1;25.1;25.1;-1;DOWN
2025-09-20T19:45;2025-09-20T20:00;80;EUR;MWh;NO;NO;;39.84;39.84;39.84;-1;DOWN
2025-09-20T20:00;2025-09-20T20:15;81;EUR;MWh;NO;NO;149;54.99;149;54.99;2;UP_AND_DOWN
2025-09-20T20:15;2025-09-20T20:30;82;EUR;MWh;NO;NO;;43;43;43;-1;DOWN
2025-09-20T20:30;2025-09-20T20:45;83;EUR;MWh;NO;NO;;30.09;30.09;30.09;-1;DOWN
2025-09-20T20:45;2025-09-20T21:00;84;EUR;MWh;NO;NO;43;52.53;52.53;52.53;-1;DOWN
2025-09-20T21:00;2025-09-20T21:15;85;EUR;MWh;NO;NO;149;53.43;149;53.43;2;UP_AND_DOWN
2025-09-20T21:15;2025-09-20T21:30;86;EUR;MWh;NO;NO;100;40.53;100;40.53;2;UP_AND_DOWN
2025-09-20T21:30;2025-09-20T21:45;87;EUR;MWh;NO;NO;68.56;53.43;68.56;53.43;2;UP_AND_DOWN
2025-09-20T21:45;2025-09-20T22:00;88;EUR;MWh;NO;NO;90.56;43;90.56;43;2;UP_AND_DOWN
2025-09-20T22:00;2025-09-20T22:15;89;EUR;MWh;NO;NO;43;-30.9;61.5;-30.9;2;UP_AND_DOWN
2025-09-20T22:15;2025-09-20T22:30;90;EUR;MWh;NO;NO;;-8.8;-8.8;-8.8;-1;DOWN
2025-09-20T22:30;2025-09-20T22:45;91;EUR;MWh;NO;NO;;-5;-5;-5;-1;DOWN
2025-09-20T22:45;2025-09-20T23:00;92;EUR;MWh;NO;NO;;-30.9;-30.9;-30.9;-1;DOWN
2025-09-20T23:00;2025-09-20T23:15;93;EUR;MWh;NO;NO;100;-55;100;-55;2;UP_AND_DOWN
2025-09-20T23:15;2025-09-20T23:30;94;EUR;MWh;NO;NO;100;-53.99;100;-53.99;2;UP_AND_DOWN
2025-09-20T23:30;2025-09-20T23:45;95;EUR;MWh;NO;NO;100;-55;100;-55;2;UP_AND_DOWN
2025-09-20T23:45;2025-09-21T00:00;96;EUR;MWh;NO;NO;149.5;-55;149.5;-55;2;UP_AND_DOWN
2025-09-21T00:00;2025-09-21T00:15;1;EUR;MWh;NO;NO;150;11;150;150;1;UP
2025-09-21T00:15;2025-09-21T00:30;2;EUR;MWh;NO;NO;90.56;;90.56;90.56;1;UP
2025-09-21T00:30;2025-09-21T00:45;3;EUR;MWh;NO;NO;77;9.57;77;77;1;UP
2025-09-21T00:45;2025-09-21T01:00;4;EUR;MWh;NO;NO;;10;46.78;46.78;0;STABLE
2025-09-21T01:00;2025-09-21T01:15;5;EUR;MWh;NO;NO;77;;77;77;1;UP
2025-09-21T01:15;2025-09-21T01:30;6;EUR;MWh;NO;NO;90.56;;90.56;90.56;1;UP
2025-09-21T01:30;2025-09-21T01:45;7;EUR;MWh;NO;NO;90.56;;90.56;90.56;1;UP
2025-09-21T01:45;2025-09-21T02:00;8;EUR;MWh;NO;NO;90.56;10;90.56;90.56;1;UP
2025-09-21T02:00;2025-09-21T02:15;9;EUR;MWh;NO;NO;;-28.32;-28.32;-28.32;-1;DOWN
2025-09-21T02:15;2025-09-21T02:30;10;EUR;MWh;NO;NO;;-14.59;-14.59;-14.59;-1;DOWN
2025-09-21T02:30;2025-09-21T02:45;11;EUR;MWh;NO;NO;;-30;-30;-30;-1;DOWN
2025-09-21T02:45;2025-09-21T03:00;12;EUR;MWh;NO;NO;;-20.86;-20.86;-20.86;-1;DOWN
2025-09-21T03:00;2025-09-21T03:15;13;EUR;MWh;NO;NO;;-29.57;-29.57;-29.57;-1;DOWN
2025-09-21T03:15;2025-09-21T03:30;14;EUR;MWh;NO;NO;;-18.44;-18.44;-18.44;-1;DOWN
2025-09-21T03:30;2025-09-21T03:45;15;EUR;MWh;NO;NO;;-28.87;-28.87;-28.87;-1;DOWN
2025-09-21T03:45;2025-09-21T04:00;16;EUR;MWh;NO;NO;;-16.49;-16.49;-16.49;-1;DOWN
2025-09-21T04:00;2025-09-21T04:15;17;EUR;MWh;NO;NO;;-26;-26;-26;-1;DOWN
2025-09-21T04:15;2025-09-21T04:30;18;EUR;MWh;NO;NO;;-18.23;-18.23;-18.23;-1;DOWN
2025-09-21T04:30;2025-09-21T04:45;19;EUR;MWh;NO;NO;;-11.49;-11.49;-11.49;-1;DOWN
2025-09-21T04:45;2025-09-21T05:00;20;EUR;MWh;NO;NO;;-26;-26;-26;-1;DOWN
2025-09-21T05:00;2025-09-21T05:15;21;EUR;MWh;NO;NO;;9.57;9.57;9.57;-1;DOWN
2025-09-21T05:15;2025-09-21T05:30;22;EUR;MWh;NO;NO;;-4;-4;-4;-1;DOWN
2025-09-21T05:30;2025-09-21T05:45;23;EUR;MWh;NO;NO;;-10.96;-10.96;-10.96;-1;DOWN
2025-09-21T05:45;2025-09-21T06:00;24;EUR;MWh;NO;NO;;-32.15;-32.15;-32.15;-1;DOWN
2025-09-21T06:00;2025-09-21T06:15;25;EUR;MWh;NO;NO;;-33;-33;-33;-1;DOWN
2025-09-21T06:15;2025-09-21T06:30;26;EUR;MWh;NO;NO;;-28;-28;-28;-1;DOWN
2025-09-21T06:30;2025-09-21T06:45;27;EUR;MWh;NO;NO;58.56;-15.83;-15.83;-15.83;-1;DOWN
2025-09-21T06:45;2025-09-21T07:00;28;EUR;MWh;NO;NO;;-32;-32;-32;-1;DOWN
2025-09-21T07:00;2025-09-21T07:15;29;EUR;MWh;NO;NO;85.63;-33.59;85.63;-33.59;2;UP_AND_DOWN
2025-09-21T07:15;2025-09-21T07:30;30;EUR;MWh;NO;NO;71.85;-40;71.85;-40;2;UP_AND_DOWN
2025-09-21T07:30;2025-09-21T07:45;31;EUR;MWh;NO;NO;90.56;-14.85;90.56;-14.85;2;UP_AND_DOWN
2025-09-21T07:45;2025-09-21T08:00;32;EUR;MWh;NO;NO;90;-3.8;90;-3.8;2;UP_AND_DOWN
2025-09-21T08:00;2025-09-21T08:15;33;EUR;MWh;NO;NO;85.63;-94.19;85.63;-94.19;2;UP_AND_DOWN
2025-09-21T08:15;2025-09-21T08:30;34;EUR;MWh;NO;NO;58.56;-30;58.56;-30;2;UP_AND_DOWN
2025-09-21T08:30;2025-09-21T08:45;35;EUR;MWh;NO;NO;;-30;-30;-30;-1;DOWN
2025-09-21T08:45;2025-09-21T09:00;36;EUR;MWh;NO;NO;81.63;-10;81.63;-10;2;UP_AND_DOWN
2025-09-21T09:00;2025-09-21T09:15;37;EUR;MWh;NO;NO;;-11.49;-11.49;-11.49;-1;DOWN
2025-09-21T09:15;2025-09-21T09:30;38;EUR;MWh;NO;NO;68.56;-4;68.56;-4;2;UP_AND_DOWN
2025-09-21T09:30;2025-09-21T09:45;39;EUR;MWh;NO;NO;;-11.49;-11.49;-11.49;-1;DOWN
2025-09-21T09:45;2025-09-21T10:00;40;EUR;MWh;NO;NO;;-25.25;-25.25;-25.25;-1;DOWN
2025-09-21T10:00;2025-09-21T10:15;41;EUR;MWh;NO;NO;;-41.63;-41.63;-41.63;-1;DOWN
2025-09-21T10:15;2025-09-21T10:30;42;EUR;MWh;NO;NO;;-54.12;-54.12;-54.12;-1;DOWN
2025-09-21T10:30;2025-09-21T10:45;43;EUR;MWh;NO;NO;;-80.8;-80.8;-80.8;-1;DOWN
2025-09-21T10:45;2025-09-21T11:00;44;EUR;MWh;NO;NO;;-80.8;-80.8;-80.8;-1;DOWN
2025-09-21T11:00;2025-09-21T11:15;45;EUR;MWh;NO;NO;;-54.29;-54.29;-54.29;-1;DOWN
2025-09-21T11:15;2025-09-21T11:30;46;EUR;MWh;NO;NO;68.56;-67.8;68.56;-67.8;2;UP_AND_DOWN
2025-09-21T11:30;2025-09-21T11:45;47;EUR;MWh;NO;NO;58.56;-67.8;58.56;-67.8;2;UP_AND_DOWN
2025-09-21T11:45;2025-09-21T12:00;48;EUR;MWh;NO;NO;30;-65.1;30;-65.1;2;UP_AND_DOWN
2025-09-21T12:00;2025-09-21T12:15;49;EUR;MWh;NO;NO;71.63;-67.8;71.63;-67.8;2;UP_AND_DOWN
2025-09-21T12:15;2025-09-21T12:30;50;EUR;MWh;NO;NO;61.26;-23;61.26;-23;2;UP_AND_DOWN
2025-09-21T12:30;2025-09-21T12:45;51;EUR;MWh;NO;NO;40;-37.44;40;-37.44;2;UP_AND_DOWN
2025-09-21T12:45;2025-09-21T13:00;52;EUR;MWh;NO;NO;64.25;-35;64.25;-35;2;UP_AND_DOWN
2025-09-21T13:00;2025-09-21T13:15;53;EUR;MWh;NO;NO;;-38.31;-38.31;-38.31;-1;DOWN
2025-09-21T13:15;2025-09-21T13:30;54;EUR;MWh;NO;NO;;-40;-40;-40;-1;DOWN
2025-09-21T13:30;2025-09-21T13:45;55;EUR;MWh;NO;NO;11;-22.46;-22.46;-22.46;-1;DOWN
2025-09-21T13:45;2025-09-21T14:00;56;EUR;MWh;NO;NO;11;-49;-49;-49;-1;DOWN
2025-09-21T14:00;2025-09-21T14:15;57;EUR;MWh;NO;NO;70;-31;70;-31;2;UP_AND_DOWN
2025-09-21T14:15;2025-09-21T14:30;58;EUR;MWh;NO;NO;10;-55;-55;-55;-1;DOWN
2025-09-21T14:30;2025-09-21T14:45;59;EUR;MWh;NO;NO;81.63;-74;81.63;-74;2;UP_AND_DOWN
2025-09-21T14:45;2025-09-21T15:00;60;EUR;MWh;NO;NO;70;-679.07;70;-679.07;2;UP_AND_DOWN
2025-09-21T15:00;2025-09-21T15:15;61;EUR;MWh;NO;NO;68.26;-498;-498;-498;-1;DOWN
2025-09-21T15:15;2025-09-21T15:30;62;EUR;MWh;NO;NO;;-194;-194;-194;-1;DOWN
2025-09-21T15:30;2025-09-21T15:45;63;EUR;MWh;NO;NO;;-105;-105;-105;-1;DOWN
2025-09-21T15:45;2025-09-21T16:00;64;EUR;MWh;NO;NO;;-224.89;-224.89;-224.89;-1;DOWN
2025-09-21T16:00;2025-09-21T16:15;65;EUR;MWh;NO;NO;68.26;-88.2;68.26;-88.2;2;UP_AND_DOWN
2025-09-21T16:15;2025-09-21T16:30;66;EUR;MWh;NO;NO;59;-1000;59;-1000;2;UP_AND_DOWN
2025-09-21T16:30;2025-09-21T16:45;67;EUR;MWh;NO;NO;;-241.39;-241.39;-241.39;-1;DOWN
2025-09-21T16:45;2025-09-21T17:00;68;EUR;MWh;NO;NO;100;-129.63;100;-129.63;2;UP_AND_DOWN
2025-09-21T17:00;2025-09-21T17:15;69;EUR;MWh;NO;NO;90.56;-140.09;90.56;-140.09;2;UP_AND_DOWN
2025-09-21T17:15;2025-09-21T17:30;70;EUR;MWh;NO;NO;90.56;-502.28;90.56;-502.28;2;UP_AND_DOWN
2025-09-21T17:30;2025-09-21T17:45;71;EUR;MWh;NO;NO;100;10;100;100;1;UP
2025-09-21T17:45;2025-09-21T18:00;72;EUR;MWh;NO;NO;100;5;100;100;1;UP
2025-09-21T18:00;2025-09-21T18:15;73;EUR;MWh;NO;NO;;1;1;1;-1;DOWN
2025-09-21T18:15;2025-09-21T18:30;74;EUR;MWh;NO;NO;68.56;9.57;68.56;9.57;2;UP_AND_DOWN
2025-09-21T18:30;2025-09-21T18:45;75;EUR;MWh;NO;NO;90.56;50;90.56;50;2;UP_AND_DOWN
2025-09-21T18:45;2025-09-21T19:00;76;EUR;MWh;NO;NO;130;83;130;61.5;2;UP_AND_DOWN
2025-09-21T19:00;2025-09-21T19:15;77;EUR;MWh;NO;NO;129.5;83;129.5;61.5;2;UP_AND_DOWN
2025-09-21T19:15;2025-09-21T19:30;78;EUR;MWh;NO;NO;130;;130;130;1;UP
2025-09-21T19:30;2025-09-21T19:45;79;EUR;MWh;NO;NO;140;;140;140;1;UP
2025-09-21T19:45;2025-09-21T20:00;80;EUR;MWh;NO;NO;3965;;3965;3965;1;UP
2025-09-21T20:00;2025-09-21T20:15;81;EUR;MWh;NO;NO;3965;;3965;3965;1;UP
2025-09-21T20:15;2025-09-21T20:30;82;EUR;MWh;NO;NO;180;;180;180;1;UP
2025-09-21T20:30;2025-09-21T20:45;83;EUR;MWh;NO;NO;109.91;;109.91;109.91;1;UP
2025-09-21T20:45;2025-09-21T21:00;84;EUR;MWh;NO;NO;102.82;78.37;102.82;61.5;2;UP_AND_DOWN
2025-09-21T21:00;2025-09-21T21:15;85;EUR;MWh;NO;NO;110.01;83;110.01;61.5;2;UP_AND_DOWN
2025-09-21T21:15;2025-09-21T21:30;86;EUR;MWh;NO;NO;130;;130;130;1;UP
2025-09-21T21:30;2025-09-21T21:45;87;EUR;MWh;NO;NO;130;;130;130;1;UP
2025-09-21T21:45;2025-09-21T22:00;88;EUR;MWh;NO;NO;90;73.87;90;61.5;2;UP_AND_DOWN
2025-09-21T22:00;2025-09-21T22:15;89;EUR;MWh;NO;NO;90;61.32;61.32;61.32;-1;DOWN
2025-09-21T22:15;2025-09-21T22:30;90;EUR;MWh;NO;NO;;63;63;63;-1;DOWN
2025-09-21T22:30;2025-09-21T22:45;91;EUR;MWh;NO;NO;;43;43;43;-1;DOWN
2025-09-21T22:45;2025-09-21T23:00;92;EUR;MWh;NO;NO;;;0;0;-1;DOWN
2025-09-21T23:00;2025-09-21T23:15;93;EUR;MWh;NO;NO;90.56;10.1;90.56;10.1;2;UP_AND_DOWN
2025-09-21T23:15;2025-09-21T23:30;94;EUR;MWh;NO;NO;111.1;;111.1;111.1;1;UP
2025-09-21T23:30;2025-09-21T23:45;95;EUR;MWh;NO;NO;95.2;44;95.2;44;2;UP_AND_DOWN
2025-09-21T23:45;2025-09-22T00:00;96;EUR;MWh;NO;NO;68.56;59;59;59;-1;DOWN
2025-09-22T00:00;2025-09-22T00:15;1;EUR;MWh;NO;NO;100;72.02;100;100;1;UP
2025-09-22T00:15;2025-09-22T00:30;2;EUR;MWh;NO;NO;97;;97;97;1;UP
2025-09-22T00:30;2025-09-22T00:45;3;EUR;MWh;NO;NO;97;;97;97;1;UP
2025-09-22T00:45;2025-09-22T01:00;4;EUR;MWh;NO;NO;133;;133;133;1;UP
2025-09-22T01:00;2025-09-22T01:15;5;EUR;MWh;NO;NO;110;;110;110;1;UP
2025-09-22T01:15;2025-09-22T01:30;6;EUR;MWh;NO;NO;78.86;64.58;78.86;58.15;2;UP_AND_DOWN
2025-09-22T01:30;2025-09-22T01:45;7;EUR;MWh;NO;NO;132;76.38;132;132;1;UP
2025-09-22T01:45;2025-09-22T02:00;8;EUR;MWh;NO;NO;98;68;98;98;1;UP
2025-09-22T02:00;2025-09-22T02:15;9;EUR;MWh;NO;NO;100;;100;100;1;UP
2025-09-22T02:15;2025-09-22T02:30;10;EUR;MWh;NO;NO;87.38;51.74;87.38;51.74;2;UP_AND_DOWN
2025-09-22T02:30;2025-09-22T02:45;11;EUR;MWh;NO;NO;80.25;62.67;80.25;57.59;2;UP_AND_DOWN
2025-09-22T02:45;2025-09-22T03:00;12;EUR;MWh;NO;NO;100.28;;100.28;100.28;1;UP
2025-09-22T03:00;2025-09-22T03:15;13;EUR;MWh;NO;NO;120;;120;120;1;UP
2025-09-22T03:15;2025-09-22T03:30;14;EUR;MWh;NO;NO;106;;106;106;1;UP
2025-09-22T03:30;2025-09-22T03:45;15;EUR;MWh;NO;NO;96;;96;96;1;UP
2025-09-22T03:45;2025-09-22T04:00;16;EUR;MWh;NO;NO;109.18;;109.18;109.18;1;UP
2025-09-22T04:00;2025-09-22T04:15;17;EUR;MWh;NO;NO;133;;133;133;1;UP
2025-09-22T04:15;2025-09-22T04:30;18;EUR;MWh;NO;NO;88.56;;88.56;88.56;1;UP
2025-09-22T04:30;2025-09-22T04:45;19;EUR;MWh;NO;NO;111;;111;111;1;UP
2025-09-22T04:45;2025-09-22T05:00;20;EUR;MWh;NO;NO;121;;121;121;1;UP
2025-09-22T05:00;2025-09-22T05:15;21;EUR;MWh;NO;NO;133.8;;133.8;133.8;1;UP
2025-09-22T05:15;2025-09-22T05:30;22;EUR;MWh;NO;NO;;66;66;66;-1;DOWN
2025-09-22T05:30;2025-09-22T05:45;23;EUR;MWh;NO;NO;;62.57;62.57;62.57;-1;DOWN
2025-09-22T05:45;2025-09-22T06:00;24;EUR;MWh;NO;NO;;-21.4;-21.4;-21.4;-1;DOWN
2025-09-22T06:00;2025-09-22T06:15;25;EUR;MWh;NO;NO;58.56;44;61.5;44;2;UP_AND_DOWN
2025-09-22T06:15;2025-09-22T06:30;26;EUR;MWh;NO;NO;120;;120;120;1;UP
2025-09-22T06:30;2025-09-22T06:45;27;EUR;MWh;NO;NO;107.3;;107.3;107.3;1;UP
2025-09-22T06:45;2025-09-22T07:00;28;EUR;MWh;NO;NO;88.56;83;83;83;-1;DOWN
2025-09-22T07:00;2025-09-22T07:15;29;EUR;MWh;NO;NO;87.7;83;87.7;87.7;1;UP
2025-09-22T07:15;2025-09-22T07:30;30;EUR;MWh;NO;NO;58.56;83;61.5;61.5;2;UP_AND_DOWN
2025-09-22T07:30;2025-09-22T07:45;31;EUR;MWh;NO;NO;157;;157;157;1;UP
2025-09-22T07:45;2025-09-22T08:00;32;EUR;MWh;NO;NO;157;;157;157;1;UP
2025-09-22T08:00;2025-09-22T08:15;33;EUR;MWh;NO;NO;134.5;;134.5;134.5;1;UP
2025-09-22T08:15;2025-09-22T08:30;34;EUR;MWh;NO;NO;115;;115;115;1;UP
2025-09-22T08:30;2025-09-22T08:45;35;EUR;MWh;NO;NO;140;;140;140;1;UP
2025-09-22T08:45;2025-09-22T09:00;36;EUR;MWh;NO;NO;134.6;74;134.6;61.5;2;UP_AND_DOWN
2025-09-22T09:00;2025-09-22T09:15;37;EUR;MWh;NO;NO;140;71.55;140;61.5;2;UP_AND_DOWN
2025-09-22T09:15;2025-09-22T09:30;38;EUR;MWh;NO;NO;100;78.24;100;61.5;2;UP_AND_DOWN
2025-09-22T09:30;2025-09-22T09:45;39;EUR;MWh;NO;NO;100;-7.3;100;-7.3;2;UP_AND_DOWN
2025-09-22T09:45;2025-09-22T10:00;40;EUR;MWh;NO;NO;;-30;-30;-30;-1;DOWN
2025-09-22T10:00;2025-09-22T10:15;41;EUR;MWh;NO;NO;99;-24.2;99;-24.2;2;UP_AND_DOWN
2025-09-22T10:15;2025-09-22T10:30;42;EUR;MWh;NO;NO;;-30;-30;-30;-1;DOWN
2025-09-22T10:30;2025-09-22T10:45;43;EUR;MWh;NO;NO;;-50;-50;-50;-1;DOWN
2025-09-22T10:45;2025-09-22T11:00;44;EUR;MWh;NO;NO;;-24.2;-24.2;-24.2;-1;DOWN
2025-09-22T11:00;2025-09-22T11:15;45;EUR;MWh;NO;NO;;-32.79;-32.79;-32.79;-1;DOWN
2025-09-22T11:15;2025-09-22T11:30;46;EUR;MWh;NO;NO;;-32.79;-32.79;-32.79;-1;DOWN
2025-09-22T11:30;2025-09-22T11:45;47;EUR;MWh;NO;NO;;-30;-30;-30;-1;DOWN
2025-09-22T11:45;2025-09-22T12:00;48;EUR;MWh;NO;NO;;-2.32;-2.32;-2.32;-1;DOWN
2025-09-22T12:00;2025-09-22T12:15;49;EUR;MWh;NO;NO;100;6.57;100;6.57;2;UP_AND_DOWN
2025-09-22T12:15;2025-09-22T12:30;50;EUR;MWh;NO;NO;100;2.51;2.51;2.51;-1;DOWN
2025-09-22T12:30;2025-09-22T12:45;51;EUR;MWh;NO;NO;;8.57;8.57;8.57;-1;DOWN
2025-09-22T12:45;2025-09-22T13:00;52;EUR;MWh;NO;NO;88.56;51.74;88.56;36.79;2;UP_AND_DOWN
2025-09-22T13:00;2025-09-22T13:15;53;EUR;MWh;NO;NO;91;;91;91;1;UP
2025-09-22T13:15;2025-09-22T13:30;54;EUR;MWh;NO;NO;;60.24;60.24;60.24;-1;DOWN
2025-09-22T13:30;2025-09-22T13:45;55;EUR;MWh;NO;NO;;62.57;62.57;62.57;-1;DOWN
2025-09-22T13:45;2025-09-22T14:00;56;EUR;MWh;NO;NO;;-1;-1;-1;-1;DOWN
2025-09-22T14:00;2025-09-22T14:15;57;EUR;MWh;NO;NO;;-1;-1;-1;-1;DOWN
2025-09-22T14:15;2025-09-22T14:30;58;EUR;MWh;NO;NO;;6.57;6.57;6.57;-1;DOWN
2025-09-22T14:30;2025-09-22T14:45;59;EUR;MWh;NO;NO;;-6;-6;-6;-1;DOWN
2025-09-22T14:45;2025-09-22T15:00;60;EUR;MWh;NO;NO;;-5.92;-5.92;-5.92;-1;DOWN
2025-09-22T15:00;2025-09-22T15:15;61;EUR;MWh;NO;NO;;-6;-6;-6;-1;DOWN
2025-09-22T15:15;2025-09-22T15:30;62;EUR;MWh;NO;NO;;10;10;10;-1;DOWN
2025-09-22T15:30;2025-09-22T15:45;63;EUR;MWh;NO;NO;;60.8;60.8;60.8;-1;DOWN
2025-09-22T15:45;2025-09-22T16:00;64;EUR;MWh;NO;NO;;-1;-1;-1;-1;DOWN
2025-09-22T16:00;2025-09-22T16:15;65;EUR;MWh;NO;NO;;6.57;6.57;6.57;-1;DOWN
2025-09-22T16:15;2025-09-22T16:30;66;EUR;MWh;NO;NO;;-28.6;-28.6;-28.6;-1;DOWN
2025-09-22T16:30;2025-09-22T16:45;67;EUR;MWh;NO;NO;;;0;0;-1;DOWN
2025-09-22T16:45;2025-09-22T17:00;68;EUR;MWh;NO;NO;;10;10;10;-1;DOWN
2025-09-22T17:00;2025-09-22T17:15;69;EUR;MWh;NO;NO;;;0;0;-1;DOWN
2025-09-22T17:15;2025-09-22T17:30;70;EUR;MWh;NO;NO;;35.76;35.76;35.76;-1;DOWN
2025-09-22T17:30;2025-09-22T17:45;71;EUR;MWh;NO;NO;600;51.74;600;51.74;2;UP_AND_DOWN
2025-09-22T17:45;2025-09-22T18:00;72;EUR;MWh;NO;NO;151.4;;151.4;151.4;1;UP
2025-09-22T18:00;2025-09-22T18:15;73;EUR;MWh;NO;NO;132.8;51.74;132.8;51.74;2;UP_AND_DOWN
2025-09-22T18:15;2025-09-22T18:30;74;EUR;MWh;NO;NO;133;71.42;133;61.5;2;UP_AND_DOWN
2025-09-22T18:30;2025-09-22T18:45;75;EUR;MWh;NO;NO;133;76.97;133;61.5;2;UP_AND_DOWN
2025-09-22T18:45;2025-09-22T19:00;76;EUR;MWh;NO;NO;103.09;60.01;103.09;60.01;2;UP_AND_DOWN
2025-09-22T19:00;2025-09-22T19:15;77;EUR;MWh;NO;NO;96;38.24;96;38.24;2;UP_AND_DOWN
2025-09-22T19:15;2025-09-22T19:30;78;EUR;MWh;NO;NO;96;39.7;39.7;39.7;-1;DOWN
2025-09-22T19:30;2025-09-22T19:45;79;EUR;MWh;NO;NO;;55;55;55;-1;DOWN
2025-09-22T19:45;2025-09-22T20:00;80;EUR;MWh;NO;NO;;71.9;71.9;71.9;-1;DOWN
2025-09-22T20:00;2025-09-22T20:15;81;EUR;MWh;NO;NO;;51.42;51.42;51.42;-1;DOWN
2025-09-22T20:15;2025-09-22T20:30;82;EUR;MWh;NO;NO;43;61.42;61.5;61.42;2;UP_AND_DOWN
2025-09-22T20:30;2025-09-22T20:45;83;EUR;MWh;NO;NO;;51.74;51.74;51.74;-1;DOWN
2025-09-22T20:45;2025-09-22T21:00;84;EUR;MWh;NO;NO;;56.42;56.42;56.42;-1;DOWN
2025-09-22T21:00;2025-09-22T21:15;85;EUR;MWh;NO;NO;134.2;71.9;134.2;61.5;2;UP_AND_DOWN
2025-09-22T21:15;2025-09-22T21:30;86;EUR;MWh;NO;NO;99;;99;99;1;UP
2025-09-22T21:30;2025-09-22T21:45;87;EUR;MWh;NO;NO;40;65.86;61.5;61.5;2;UP_AND_DOWN
2025-09-22T21:45;2025-09-22T22:00;88;EUR;MWh;NO;NO;78.76;65.76;78.76;61.5;2;UP_AND_DOWN
2025-09-22T22:00;2025-09-22T22:15;89;EUR;MWh;NO;NO;105;74.42;105;61.5;2;UP_AND_DOWN
2025-09-22T22:15;2025-09-22T22:30;90;EUR;MWh;NO;NO;105;;105;105;1;UP
2025-09-22T22:30;2025-09-22T22:45;91;EUR;MWh;NO;NO;134.5;73.25;134.5;61.5;2;UP_AND_DOWN
2025-09-22T22:45;2025-09-22T23:00;92;EUR;MWh;NO;NO;88.36;73.15;88.36;61.5;2;UP_AND_DOWN
2025-09-22T23:00;2025-09-22T23:15;93;EUR;MWh;NO;NO;68.56;70;68.56;61.5;2;UP_AND_DOWN
2025-09-22T23:15;2025-09-22T23:30;94;EUR;MWh;NO;NO;78.66;69.28;78.66;61.5;2;UP_AND_DOWN
2025-09-22T23:30;2025-09-22T23:45;95;EUR;MWh;NO;NO;;68.6;68.6;68.6;-1;DOWN
2025-09-22T23:45;2025-09-23T00:00;96;EUR;MWh;NO;NO;;33.62;33.62;33.62;-1;DOWN
2025-09-23T00:00;2025-09-23T00:15;1;EUR;MWh;NO;NO;;37.75;37.75;37.75;-1;DOWN
2025-09-23T00:15;2025-09-23T00:30;2;EUR;MWh;NO;NO;;59.8;59.8;59.8;-1;DOWN
2025-09-23T00:30;2025-09-23T00:45;3;EUR;MWh;NO;NO;;51.98;51.98;51.98;-1;DOWN
2025-09-23T00:45;2025-09-23T01:00;4;EUR;MWh;NO;NO;;51.98;51.98;51.98;-1;DOWN
2025-09-23T01:00;2025-09-23T01:15;5;EUR;MWh;NO;NO;;59.57;59.57;59.57;-1;DOWN
2025-09-23T01:15;2025-09-23T01:30;6;EUR;MWh;NO;NO;;59.15;59.15;59.15;-1;DOWN
2025-09-23T01:30;2025-09-23T01:45;7;EUR;MWh;NO;NO;99;81.47;99;64.06;2;UP_AND_DOWN
2025-09-23T01:45;2025-09-23T02:00;8;EUR;MWh;NO;NO;76.97;75.58;76.97;64.06;2;UP_AND_DOWN
2025-09-23T02:00;2025-09-23T02:15;9;EUR;MWh;NO;NO;;72.83;72.83;72.83;-1;DOWN
2025-09-23T02:15;2025-09-23T02:30;10;EUR;MWh;NO;NO;;69.8;69.8;69.8;-1;DOWN
2025-09-23T02:30;2025-09-23T02:45;11;EUR;MWh;NO;NO;;72.73;72.73;72.73;-1;DOWN
2025-09-23T02:45;2025-09-23T03:00;12;EUR;MWh;NO;NO;;73.58;73.58;73.58;-1;DOWN
2025-09-23T03:00;2025-09-23T03:15;13;EUR;MWh;NO;NO;;82;82;82;-1;DOWN
2025-09-23T03:15;2025-09-23T03:30;14;EUR;MWh;NO;NO;88.56;;88.56;88.56;1;UP
2025-09-23T03:30;2025-09-23T03:45;15;EUR;MWh;NO;NO;58.56;75.68;75.68;75.68;-1;DOWN
2025-09-23T03:45;2025-09-23T04:00;16;EUR;MWh;NO;NO;;72.7;72.7;72.7;-1;DOWN
2025-09-23T04:00;2025-09-23T04:15;17;EUR;MWh;NO;NO;;59.57;59.57;59.57;-1;DOWN
2025-09-23T04:15;2025-09-23T04:30;18;EUR;MWh;NO;NO;;59.99;59.99;59.99;-1;DOWN
2025-09-23T04:30;2025-09-23T04:45;19;EUR;MWh;NO;NO;;73.68;73.68;73.68;-1;DOWN
2025-09-23T04:45;2025-09-23T05:00;20;EUR;MWh;NO;NO;100;73.68;100;100;1;UP
2025-09-23T05:00;2025-09-23T05:15;21;EUR;MWh;NO;NO;119;;119;119;1;UP
2025-09-23T05:15;2025-09-23T05:30;22;EUR;MWh;NO;NO;111.56;;111.56;111.56;1;UP
2025-09-23T05:30;2025-09-23T05:45;23;EUR;MWh;NO;NO;135.1;;135.1;135.1;1;UP
2025-09-23T05:45;2025-09-23T06:00;24;EUR;MWh;NO;NO;94.9;74.2;94.9;94.9;1;UP
2025-09-23T06:00;2025-09-23T06:15;25;EUR;MWh;NO;NO;161.2;75.58;161.2;64.89;2;UP_AND_DOWN
2025-09-23T06:15;2025-09-23T06:30;26;EUR;MWh;NO;NO;161.2;;161.2;161.2;1;UP
2025-09-23T06:30;2025-09-23T06:45;27;EUR;MWh;NO;NO;136.56;;136.56;136.56;1;UP
2025-09-23T06:45;2025-09-23T07:00;28;EUR;MWh;NO;NO;181.7;;181.7;181.7;1;UP
2025-09-23T07:00;2025-09-23T07:15;29;EUR;MWh;NO;NO;140;83;140;64.89;2;UP_AND_DOWN
2025-09-23T07:15;2025-09-23T07:30;30;EUR;MWh;NO;NO;140;;140;140;1;UP
2025-09-23T07:30;2025-09-23T07:45;31;EUR;MWh;NO;NO;68.56;86;68.56;68.56;1;UP
2025-09-23T07:45;2025-09-23T08:00;32;EUR;MWh;NO;NO;101.56;71.51;101.56;66.5;2;UP_AND_DOWN
2025-09-23T08:00;2025-09-23T08:15;33;EUR;MWh;NO;NO;141;68.01;141;68;2;UP_AND_DOWN
2025-09-23T08:15;2025-09-23T08:30;34;EUR;MWh;NO;NO;111.56;74.57;111.56;68;2;UP_AND_DOWN
2025-09-23T08:30;2025-09-23T08:45;35;EUR;MWh;NO;NO;95.22;66;95.22;66;2;UP_AND_DOWN
2025-09-23T08:45;2025-09-23T09:00;36;EUR;MWh;NO;NO;;51.98;51.98;51.98;-1;DOWN
2025-09-23T09:00;2025-09-23T09:15;37;EUR;MWh;NO;NO;100;91;100;100;1;UP
2025-09-23T09:15;2025-09-23T09:30;38;EUR;MWh;NO;NO;85.19;59.57;85.19;59.57;2;UP_AND_DOWN
2025-09-23T09:30;2025-09-23T09:45;39;EUR;MWh;NO;NO;;9.57;9.57;9.57;-1;DOWN
2025-09-23T09:45;2025-09-23T10:00;40;EUR;MWh;NO;NO;;-29.9;-29.9;-29.9;-1;DOWN
2025-09-23T10:00;2025-09-23T10:15;41;EUR;MWh;NO;NO;;-94.72;-94.72;-94.72;-1;DOWN
2025-09-23T10:15;2025-09-23T10:30;42;EUR;MWh;NO;NO;;-50;-50;-50;-1;DOWN
2025-09-23T10:30;2025-09-23T10:45;43;EUR;MWh;NO;NO;;-47.98;-47.98;-47.98;-1;DOWN
2025-09-23T10:45;2025-09-23T11:00;44;EUR;MWh;NO;NO;;-40;-40;-40;-1;DOWN
2025-09-23T11:00;2025-09-23T11:15;45;EUR;MWh;NO;NO;72.1;-1000;72.1;-1000;2;UP_AND_DOWN
2025-09-23T11:15;2025-09-23T11:30;46;EUR;MWh;NO;NO;68.56;-49;-49;-49;-1;DOWN
2025-09-23T11:30;2025-09-23T11:45;47;EUR;MWh;NO;NO;;-1;-1;-1;-1;DOWN
2025-09-23T11:45;2025-09-23T12:00;48;EUR;MWh;NO;NO;58.56;44.21;44.21;44.21;-1;DOWN
2025-09-23T12:00;2025-09-23T12:15;49;EUR;MWh;NO;NO;58.56;62.02;62.02;62.02;-1;DOWN
2025-09-23T12:15;2025-09-23T12:30;50;EUR;MWh;NO;NO;100;80.25;100;70.41;2;UP_AND_DOWN
2025-09-23T12:30;2025-09-23T12:45;51;EUR;MWh;NO;NO;;77.92;77.92;77.92;-1;DOWN
2025-09-23T12:45;2025-09-23T13:00;52;EUR;MWh;NO;NO;76.97;71.91;76.97;76.97;1;UP
2025-09-23T13:00;2025-09-23T13:15;53;EUR;MWh;NO;NO;101.82;66;101.82;66;2;UP_AND_DOWN
2025-09-23T13:15;2025-09-23T13:30;54;EUR;MWh;NO;NO;91.64;;91.64;91.64;1;UP
2025-09-23T13:30;2025-09-23T13:45;55;EUR;MWh;NO;NO;86.64;;86.64;86.64;1;UP
2025-09-23T13:45;2025-09-23T14:00;56;EUR;MWh;NO;NO;88.46;;88.46;88.46;1;UP
2025-09-23T14:00;2025-09-23T14:15;57;EUR;MWh;NO;NO;150;;150;150;1;UP
2025-09-23T14:15;2025-09-23T14:30;58;EUR;MWh;NO;NO;155;;155;155;1;UP
2025-09-23T14:30;2025-09-23T14:45;59;EUR;MWh;NO;NO;150;;150;150;1;UP
2025-09-23T14:45;2025-09-23T15:00;60;EUR;MWh;NO;NO;188;;188;188;1;UP
2025-09-23T15:00;2025-09-23T15:15;61;EUR;MWh;NO;NO;95.9;;95.9;95.9;1;UP
2025-09-23T15:15;2025-09-23T15:30;62;EUR;MWh;NO;NO;100;;100;100;1;UP
2025-09-23T15:30;2025-09-23T15:45;63;EUR;MWh;NO;NO;100;76.18;100;70.78;2;UP_AND_DOWN
2025-09-23T15:45;2025-09-23T16:00;64;EUR;MWh;NO;NO;;51.98;51.98;51.98;-1;DOWN
2025-09-23T16:00;2025-09-23T16:15;65;EUR;MWh;NO;NO;;44.31;44.31;44.31;-1;DOWN
2025-09-23T16:15;2025-09-23T16:30;66;EUR;MWh;NO;NO;100;77.92;100;70.41;2;UP_AND_DOWN
2025-09-23T16:30;2025-09-23T16:45;67;EUR;MWh;NO;NO;68.56;;68.56;68.56;1;UP
2025-09-23T16:45;2025-09-23T17:00;68;EUR;MWh;NO;NO;;55;55;55;-1;DOWN
2025-09-23T17:00;2025-09-23T17:15;69;EUR;MWh;NO;NO;;33.54;33.54;33.54;-1;DOWN
2025-09-23T17:15;2025-09-23T17:30;70;EUR;MWh;NO;NO;;-30;-30;-30;-1;DOWN
2025-09-23T17:30;2025-09-23T17:45;71;EUR;MWh;NO;NO;111.95;49;111.95;49;2;UP_AND_DOWN
2025-09-23T17:45;2025-09-23T18:00;72;EUR;MWh;NO;NO;95.56;59.57;95.56;59.57;2;UP_AND_DOWN
2025-09-23T18:00;2025-09-23T18:15;73;EUR;MWh;NO;NO;88.56;67.97;88.56;63.44;2;UP_AND_DOWN
2025-09-23T18:15;2025-09-23T18:30;74;EUR;MWh;NO;NO;96;76.58;96;63.44;2;UP_AND_DOWN
2025-09-23T18:30;2025-09-23T18:45;75;EUR;MWh;NO;NO;133;80.48;133;63.53;2;UP_AND_DOWN
2025-09-23T18:45;2025-09-23T19:00;76;EUR;MWh;NO;NO;146.08;;146.08;146.08;1;UP
2025-09-23T19:00;2025-09-23T19:15;77;EUR;MWh;NO;NO;133;83;133;63.53;2;UP_AND_DOWN
2025-09-23T19:15;2025-09-23T19:30;78;EUR;MWh;NO;NO;91;83;91;63.53;2;UP_AND_DOWN
2025-09-23T19:30;2025-09-23T19:45;79;EUR;MWh;NO;NO;68.56;75.18;68.56;63.53;2;UP_AND_DOWN
2025-09-23T19:45;2025-09-23T20:00;80;EUR;MWh;NO;NO;;75.95;75.95;75.95;-1;DOWN
2025-09-23T20:00;2025-09-23T20:15;81;EUR;MWh;NO;NO;91.95;59.57;91.95;59.57;2;UP_AND_DOWN
2025-09-23T20:15;2025-09-23T20:30;82;EUR;MWh;NO;NO;;59.57;59.57;59.57;-1;DOWN
2025-09-23T20:30;2025-09-23T20:45;83;EUR;MWh;NO;NO;;52.67;52.67;52.67;-1;DOWN
2025-09-23T20:45;2025-09-23T21:00;84;EUR;MWh;NO;NO;;40;40;40;-1;DOWN
2025-09-23T21:00;2025-09-23T21:15;85;EUR;MWh;NO;NO;;49.57;49.57;49.57;-1;DOWN
2025-09-23T21:15;2025-09-23T21:30;86;EUR;MWh;NO;NO;43;44;44;44;-1;DOWN
2025-09-23T21:30;2025-09-23T21:45;87;EUR;MWh;NO;NO;;40;40;40;-1;DOWN
2025-09-23T21:45;2025-09-23T22:00;88;EUR;MWh;NO;NO;77.06;-9.4;-9.4;-9.4;-1;DOWN
2025-09-23T22:00;2025-09-23T22:15;89;EUR;MWh;NO;NO;80;77;80;63.95;2;UP_AND_DOWN
2025-09-23T22:15;2025-09-23T22:30;90;EUR;MWh;NO;NO;85.33;55;85.33;55;2;UP_AND_DOWN
2025-09-23T22:30;2025-09-23T22:45;91;EUR;MWh;NO;NO;79;55;79;55;2;UP_AND_DOWN
2025-09-23T22:45;2025-09-23T23:00;92;EUR;MWh;NO;NO;;51.98;51.98;51.98;-1;DOWN
2025-09-23T23:00;2025-09-23T23:15;93;EUR;MWh;NO;NO;76.87;60.18;76.87;60.18;2;UP_AND_DOWN
2025-09-23T23:15;2025-09-23T23:30;94;EUR;MWh;NO;NO;76.87;55;76.87;55;2;UP_AND_DOWN
2025-09-23T23:30;2025-09-23T23:45;95;EUR;MWh;NO;NO;80.5;52.68;80.5;52.68;2;UP_AND_DOWN
2025-09-23T23:45;2025-09-24T00:00;96;EUR;MWh;NO;NO;43;49.57;49.57;49.57;-1;DOWN
2025-09-24T00:00;2025-09-24T00:15;1;EUR;MWh;NO;NO;42;30;30;30;-1;DOWN
2025-09-24T00:15;2025-09-24T00:30;2;EUR;MWh;NO;NO;70;54.48;70;54.48;2;UP_AND_DOWN
2025-09-24T00:30;2025-09-24T00:45;3;EUR;MWh;NO;NO;88.56;58.31;88.56;58.31;2;UP_AND_DOWN
2025-09-24T00:45;2025-09-24T01:00;4;EUR;MWh;NO;NO;88.46;48.09;88.46;48.09;2;UP_AND_DOWN
2025-09-24T01:00;2025-09-24T01:15;5;EUR;MWh;NO;NO;88.56;71.31;88.56;56.32;2;UP_AND_DOWN
2025-09-24T01:15;2025-09-24T01:30;6;EUR;MWh;NO;NO;81;64.51;81;81;1;UP
2025-09-24T01:30;2025-09-24T01:45;7;EUR;MWh;NO;NO;86.81;;86.81;86.81;1;UP
2025-09-24T01:45;2025-09-24T02:00;8;EUR;MWh;NO;NO;77.42;40;77.42;40;2;UP_AND_DOWN
2025-09-24T02:00;2025-09-24T02:15;9;EUR;MWh;NO;NO;;50;50;50;-1;DOWN
2025-09-24T02:15;2025-09-24T02:30;10;EUR;MWh;NO;NO;;15;15;15;-1;DOWN
2025-09-24T02:30;2025-09-24T02:45;11;EUR;MWh;NO;NO;;30;30;30;-1;DOWN
2025-09-24T02:45;2025-09-24T03:00;12;EUR;MWh;NO;NO;;38.77;38.77;38.77;-1;DOWN
2025-09-24T03:00;2025-09-24T03:15;13;EUR;MWh;NO;NO;42;73.21;73.21;73.21;-1;DOWN
2025-09-24T03:15;2025-09-24T03:30;14;EUR;MWh;NO;NO;;70.54;70.54;70.54;-1;DOWN
2025-09-24T03:30;2025-09-24T03:45;15;EUR;MWh;NO;NO;87.11;;87.11;87.11;1;UP
2025-09-24T03:45;2025-09-24T04:00;16;EUR;MWh;NO;NO;88.56;;88.56;88.56;1;UP
2025-09-24T04:00;2025-09-24T04:15;17;EUR;MWh;NO;NO;;16;16;16;-1;DOWN
2025-09-24T04:15;2025-09-24T04:30;18;EUR;MWh;NO;NO;86;59.77;86;58.72;2;UP_AND_DOWN
2025-09-24T04:30;2025-09-24T04:45;19;EUR;MWh;NO;NO;86.91;;86.91;86.91;1;UP
2025-09-24T04:45;2025-09-24T05:00;20;EUR;MWh;NO;NO;70;;70;70;1;UP
2025-09-24T05:00;2025-09-24T05:15;21;EUR;MWh;NO;NO;70;42.1;42.1;42.1;-1;DOWN
2025-09-24T05:15;2025-09-24T05:30;22;EUR;MWh;NO;NO;42;63.87;58.72;58.72;2;UP_AND_DOWN
2025-09-24T05:30;2025-09-24T05:45;23;EUR;MWh;NO;NO;135.2;;135.2;135.2;1;UP
2025-09-24T05:45;2025-09-24T06:00;24;EUR;MWh;NO;NO;109.31;22;109.31;22;2;UP_AND_DOWN
2025-09-24T06:00;2025-09-24T06:15;25;EUR;MWh;NO;NO;88.56;22;88.56;22;2;UP_AND_DOWN
2025-09-24T06:15;2025-09-24T06:30;26;EUR;MWh;NO;NO;135.2;71.21;135.2;61;2;UP_AND_DOWN
2025-09-24T06:30;2025-09-24T06:45;27;EUR;MWh;NO;NO;133;71.01;133;133;1;UP
2025-09-24T06:45;2025-09-24T07:00;28;EUR;MWh;NO;NO;97;;97;97;1;UP
2025-09-24T07:00;2025-09-24T07:15;29;EUR;MWh;NO;NO;98;47;98;47;2;UP_AND_DOWN
2025-09-24T07:15;2025-09-24T07:30;30;EUR;MWh;NO;NO;;56;56;56;-1;DOWN
2025-09-24T07:30;2025-09-24T07:45;31;EUR;MWh;NO;NO;88.56;71.77;88.56;61;2;UP_AND_DOWN
2025-09-24T07:45;2025-09-24T08:00;32;EUR;MWh;NO;NO;97.1;82;97.1;97.1;1;UP
2025-09-24T08:00;2025-09-24T08:15;33;EUR;MWh;NO;NO;107;82;107;107;1;UP
2025-09-24T08:15;2025-09-24T08:30;34;EUR;MWh;NO;NO;58.56;77.34;77.34;77.34;-1;DOWN
2025-09-24T08:30;2025-09-24T08:45;35;EUR;MWh;NO;NO;107;;107;107;1;UP
2025-09-24T08:45;2025-09-24T09:00;36;EUR;MWh;NO;NO;135.2;;135.2;135.2;1;UP
2025-09-24T09:00;2025-09-24T09:15;37;EUR;MWh;NO;NO;163.6;;163.6;163.6;1;UP
2025-09-24T09:15;2025-09-24T09:30;38;EUR;MWh;NO;NO;140;;140;140;1;UP
2025-09-24T09:30;2025-09-24T09:45;39;EUR;MWh;NO;NO;135.2;69;135.2;61;2;UP_AND_DOWN
2025-09-24T09:45;2025-09-24T10:00;40;EUR;MWh;NO;NO;149;82;149;61;2;UP_AND_DOWN
2025-09-24T10:00;2025-09-24T10:15;41;EUR;MWh;NO;NO;88.56;87;88.56;88.56;1;UP
2025-09-24T10:15;2025-09-24T10:30;42;EUR;MWh;NO;NO;88.56;59.67;88.56;59.67;2;UP_AND_DOWN
2025-09-24T10:30;2025-09-24T10:45;43;EUR;MWh;NO;NO;68.56;-1;68.56;-1;2;UP_AND_DOWN
2025-09-24T10:45;2025-09-24T11:00;44;EUR;MWh;NO;NO;58.56;-1;-1;-1;-1;DOWN
2025-09-24T11:00;2025-09-24T11:15;45;EUR;MWh;NO;NO;180;10.1;180;10.1;2;UP_AND_DOWN
2025-09-24T11:15;2025-09-24T11:30;46;EUR;MWh;NO;NO;58.56;-11.98;64.5;-11.98;2;UP_AND_DOWN
2025-09-24T11:30;2025-09-24T11:45;47;EUR;MWh;NO;NO;109.01;-4.2;109.01;-4.2;2;UP_AND_DOWN
2025-09-24T11:45;2025-09-24T12:00;48;EUR;MWh;NO;NO;;-20.9;-20.9;-20.9;-1;DOWN
2025-09-24T12:00;2025-09-24T12:15;49;EUR;MWh;NO;NO;58.56;-29.9;58.56;-29.9;2;UP_AND_DOWN
2025-09-24T12:15;2025-09-24T12:30;50;EUR;MWh;NO;NO;58.36;-32;58.36;-32;2;UP_AND_DOWN
2025-09-24T12:30;2025-09-24T12:45;51;EUR;MWh;NO;NO;58.56;-30;58.56;-30;2;UP_AND_DOWN
2025-09-24T12:45;2025-09-24T13:00;52;EUR;MWh;NO;NO;;-22.71;-22.71;-22.71;-1;DOWN
2025-09-24T13:00;2025-09-24T13:15;53;EUR;MWh;NO;NO;;-31.9;-31.9;-31.9;-1;DOWN
2025-09-24T13:15;2025-09-24T13:30;54;EUR;MWh;NO;NO;;-40;-40;-40;-1;DOWN
2025-09-24T13:30;2025-09-24T13:45;55;EUR;MWh;NO;NO;68.56;-40;68.56;-40;2;UP_AND_DOWN
2025-09-24T13:45;2025-09-24T14:00;56;EUR;MWh;NO;NO;68.36;-65;68.36;-65;2;UP_AND_DOWN
2025-09-24T14:00;2025-09-24T14:15;57;EUR;MWh;NO;NO;;-37;-37;-37;-1;DOWN
2025-09-24T14:15;2025-09-24T14:30;58;EUR;MWh;NO;NO;66;-49;-49;-49;-1;DOWN
2025-09-24T14:30;2025-09-24T14:45;59;EUR;MWh;NO;NO;68.46;-49;68.46;-49;2;UP_AND_DOWN
2025-09-24T14:45;2025-09-24T15:00;60;EUR;MWh;NO;NO;67;-53.5;67;-53.5;2;UP_AND_DOWN
2025-09-24T15:00;2025-09-24T15:15;61;EUR;MWh;NO;NO;1662;-81.28;1662;-81.28;2;UP_AND_DOWN
2025-09-24T15:15;2025-09-24T15:30;62;EUR;MWh;NO;NO;90;-85.9;90;-85.9;2;UP_AND_DOWN
2025-09-24T15:30;2025-09-24T15:45;63;EUR;MWh;NO;NO;96.8;-31;96.8;-31;2;UP_AND_DOWN
2025-09-24T15:45;2025-09-24T16:00;64;EUR;MWh;NO;NO;96.8;-31;96.8;-31;2;UP_AND_DOWN
2025-09-24T16:00;2025-09-24T16:15;65;EUR;MWh;NO;NO;100;-41.1;100;-41.1;2;UP_AND_DOWN
2025-09-24T16:15;2025-09-24T16:30;66;EUR;MWh;NO;NO;100;-30;100;-30;2;UP_AND_DOWN
2025-09-24T16:30;2025-09-24T16:45;67;EUR;MWh;NO;NO;140;;140;140;1;UP
2025-09-24T16:45;2025-09-24T17:00;68;EUR;MWh;NO;NO;400;;400;400;1;UP
2025-09-24T17:00;2025-09-24T17:15;69;EUR;MWh;NO;NO;140;77.23;140;140;1;UP
2025-09-24T17:15;2025-09-24T17:30;70;EUR;MWh;NO;NO;1662;;1662;1662;1;UP
2025-09-24T17:30;2025-09-24T17:45;71;EUR;MWh;NO;NO;500.1;;500.1;500.1;1;UP
2025-09-24T17:45;2025-09-24T18:00;72;EUR;MWh;NO;NO;293.48;;293.48;293.48;1;UP
2025-09-24T18:00;2025-09-24T18:15;73;EUR;MWh;NO;NO;150;;150;150;1;UP
2025-09-24T18:15;2025-09-24T18:30;74;EUR;MWh;NO;NO;219.11;;219.11;219.11;1;UP
2025-09-24T18:30;2025-09-24T18:45;75;EUR;MWh;NO;NO;180;;180;180;1;UP
2025-09-24T18:45;2025-09-24T19:00;76;EUR;MWh;NO;NO;163.6;;163.6;163.6;1;UP
2025-09-24T19:00;2025-09-24T19:15;77;EUR;MWh;NO;NO;42;70.92;70.92;70.92;-1;DOWN
2025-09-24T19:15;2025-09-24T19:30;78;EUR;MWh;NO;NO;;68.23;68.23;68.23;-1;DOWN
2025-09-24T19:30;2025-09-24T19:45;79;EUR;MWh;NO;NO;;64.74;64.74;64.74;-1;DOWN
2025-09-24T19:45;2025-09-24T20:00;80;EUR;MWh;NO;NO;88.56;77.32;88.56;70;2;UP_AND_DOWN
2025-09-24T20:00;2025-09-24T20:15;81;EUR;MWh;NO;NO;93.81;40;93.81;40;2;UP_AND_DOWN
2025-09-24T20:15;2025-09-24T20:30;82;EUR;MWh;NO;NO;;40;40;40;-1;DOWN
2025-09-24T20:30;2025-09-24T20:45;83;EUR;MWh;NO;NO;42;45.92;45.92;45.92;-1;DOWN
2025-09-24T20:45;2025-09-24T21:00;84;EUR;MWh;NO;NO;;45.92;45.92;45.92;-1;DOWN
2025-09-24T21:00;2025-09-24T21:15;85;EUR;MWh;NO;NO;135.2;70.64;135.2;61;2;UP_AND_DOWN
2025-09-24T21:15;2025-09-24T21:30;86;EUR;MWh;NO;NO;93.81;50;93.81;50;2;UP_AND_DOWN
2025-09-24T21:30;2025-09-24T21:45;87;EUR;MWh;NO;NO;99.9;61;99.9;61;2;UP_AND_DOWN
2025-09-24T21:45;2025-09-24T22:00;88;EUR;MWh;NO;NO;;61;61;61;-1;DOWN
2025-09-24T22:00;2025-09-24T22:15;89;EUR;MWh;NO;NO;88.56;56;88.56;56;2;UP_AND_DOWN
2025-09-24T22:15;2025-09-24T22:30;90;EUR;MWh;NO;NO;85;59.57;85;59.57;2;UP_AND_DOWN
2025-09-24T22:30;2025-09-24T22:45;91;EUR;MWh;NO;NO;85;35;35;35;-1;DOWN
2025-09-24T22:45;2025-09-24T23:00;92;EUR;MWh;NO;NO;80.76;10;80.76;10;2;UP_AND_DOWN
2025-09-24T23:00;2025-09-24T23:15;93;EUR;MWh;NO;NO;42;10;10;10;-1;DOWN
2025-09-24T23:15;2025-09-24T23:30;94;EUR;MWh;NO;NO;131.2;40;131.2;131.2;1;UP
2025-09-24T23:30;2025-09-24T23:45;95;EUR;MWh;NO;NO;133;-4;133;-4;2;UP_AND_DOWN
2025-09-24T23:45;2025-09-25T00:00;96;EUR;MWh;NO;NO;;-27.34;-27.34;-27.34;-1;DOWN
2025-09-25T00:00;2025-09-25T00:15;1;EUR;MWh;NO;NO;43;-4.57;-4.57;-4.57;-1;DOWN
2025-09-25T00:15;2025-09-25T00:30;2;EUR;MWh;NO;NO;;13;13;13;-1;DOWN
2025-09-25T00:30;2025-09-25T00:45;3;EUR;MWh;NO;NO;;40;40;40;-1;DOWN
2025-09-25T00:45;2025-09-25T01:00;4;EUR;MWh;NO;NO;;8.05;8.05;8.05;-1;DOWN
2025-09-25T01:00;2025-09-25T01:15;5;EUR;MWh;NO;NO;;8.05;8.05;8.05;-1;DOWN
2025-09-25T01:15;2025-09-25T01:30;6;EUR;MWh;NO;NO;;11;11;11;-1;DOWN
2025-09-25T01:30;2025-09-25T01:45;7;EUR;MWh;NO;NO;;11;11;11;-1;DOWN
2025-09-25T01:45;2025-09-25T02:00;8;EUR;MWh;NO;NO;;-4;-4;-4;-1;DOWN
2025-09-25T02:00;2025-09-25T02:15;9;EUR;MWh;NO;NO;;-3.9;-3.9;-3.9;-1;DOWN
2025-09-25T02:15;2025-09-25T02:30;10;EUR;MWh;NO;NO;;11;11;11;-1;DOWN
2025-09-25T02:30;2025-09-25T02:45;11;EUR;MWh;NO;NO;;11;11;11;-1;DOWN
2025-09-25T02:45;2025-09-25T03:00;12;EUR;MWh;NO;NO;77;44;77;77;1;UP
2025-09-25T03:00;2025-09-25T03:15;13;EUR;MWh;NO;NO;77.77;;77.77;77.77;1;UP
2025-09-25T03:15;2025-09-25T03:30;14;EUR;MWh;NO;NO;;44;50.35;50.35;0;STABLE
2025-09-25T03:30;2025-09-25T03:45;15;EUR;MWh;NO;NO;;;50.35;50.35;0;STABLE
2025-09-25T03:45;2025-09-25T04:00;16;EUR;MWh;NO;NO;;22;22;22;-1;DOWN
2025-09-25T04:00;2025-09-25T04:15;17;EUR;MWh;NO;NO;43;33;33;33;-1;DOWN
2025-09-25T04:15;2025-09-25T04:30;18;EUR;MWh;NO;NO;89.9;;89.9;89.9;1;UP
2025-09-25T04:30;2025-09-25T04:45;19;EUR;MWh;NO;NO;100;;100;100;1;UP
2025-09-25T04:45;2025-09-25T05:00;20;EUR;MWh;NO;NO;95.8;;95.8;95.8;1;UP
2025-09-25T05:00;2025-09-25T05:15;21;EUR;MWh;NO;NO;90;10.9;90;10.9;2;UP_AND_DOWN
2025-09-25T05:15;2025-09-25T05:30;22;EUR;MWh;NO;NO;88.56;;88.56;88.56;1;UP
2025-09-25T05:30;2025-09-25T05:45;23;EUR;MWh;NO;NO;133;;133;133;1;UP
2025-09-25T05:45;2025-09-25T06:00;24;EUR;MWh;NO;NO;124.6;44;124.6;44;2;UP_AND_DOWN
2025-09-25T06:00;2025-09-25T06:15;25;EUR;MWh;NO;NO;104.28;22;104.28;22;2;UP_AND_DOWN
2025-09-25T06:15;2025-09-25T06:30;26;EUR;MWh;NO;NO;126.7;41.48;126.7;41.48;2;UP_AND_DOWN
2025-09-25T06:30;2025-09-25T06:45;27;EUR;MWh;NO;NO;90;;90;90;1;UP
2025-09-25T06:45;2025-09-25T07:00;28;EUR;MWh;NO;NO;90;;90;90;1;UP
2025-09-25T07:00;2025-09-25T07:15;29;EUR;MWh;NO;NO;142.8;61.68;142.8;61.5;2;UP_AND_DOWN
2025-09-25T07:15;2025-09-25T07:30;30;EUR;MWh;NO;NO;150;;150;150;1;UP
2025-09-25T07:30;2025-09-25T07:45;31;EUR;MWh;NO;NO;126.9;;126.9;126.9;1;UP
2025-09-25T07:45;2025-09-25T08:00;32;EUR;MWh;NO;NO;133;;133;133;1;UP
2025-09-25T08:00;2025-09-25T08:15;33;EUR;MWh;NO;NO;140;;140;140;1;UP
2025-09-25T08:15;2025-09-25T08:30;34;EUR;MWh;NO;NO;133;;133;133;1;UP
2025-09-25T08:30;2025-09-25T08:45;35;EUR;MWh;NO;NO;100;97;100;100;1;UP
2025-09-25T08:45;2025-09-25T09:00;36;EUR;MWh;NO;NO;;66.38;66.38;66.38;-1;DOWN
2025-09-25T09:00;2025-09-25T09:15;37;EUR;MWh;NO;NO;114;77.28;114;70;2;UP_AND_DOWN
2025-09-25T09:15;2025-09-25T09:30;38;EUR;MWh;NO;NO;100;83;100;70;2;UP_AND_DOWN
2025-09-25T09:30;2025-09-25T09:45;39;EUR;MWh;NO;NO;88.56;67;88.56;67;2;UP_AND_DOWN
2025-09-25T09:45;2025-09-25T10:00;40;EUR;MWh;NO;NO;68.56;44.23;44.23;44.23;-1;DOWN
2025-09-25T10:00;2025-09-25T10:15;41;EUR;MWh;NO;NO;88.26;22.1;88.26;22.1;2;UP_AND_DOWN
2025-09-25T10:15;2025-09-25T10:30;42;EUR;MWh;NO;NO;90;33;90;33;2;UP_AND_DOWN
2025-09-25T10:30;2025-09-25T10:45;43;EUR;MWh;NO;NO;90;8.05;8.05;8.05;-1;DOWN
2025-09-25T10:45;2025-09-25T11:00;44;EUR;MWh;NO;NO;88;11.1;88;11.1;2;UP_AND_DOWN
2025-09-25T11:00;2025-09-25T11:15;45;EUR;MWh;NO;NO;68.56;-4;68.56;-4;2;UP_AND_DOWN
2025-09-25T11:15;2025-09-25T11:30;46;EUR;MWh;NO;NO;;-31;-31;-31;-1;DOWN
2025-09-25T11:30;2025-09-25T11:45;47;EUR;MWh;NO;NO;;-30;-30;-30;-1;DOWN
2025-09-25T11:45;2025-09-25T12:00;48;EUR;MWh;NO;NO;;-30;-30;-30;-1;DOWN
2025-09-25T12:00;2025-09-25T12:15;49;EUR;MWh;NO;NO;100.81;-25.9;100.81;-25.9;2;UP_AND_DOWN
2025-09-25T12:15;2025-09-25T12:30;50;EUR;MWh;NO;NO;;-23.68;-23.68;-23.68;-1;DOWN
2025-09-25T12:30;2025-09-25T12:45;51;EUR;MWh;NO;NO;88.56;-30;88.56;-30;2;UP_AND_DOWN
2025-09-25T12:45;2025-09-25T13:00;52;EUR;MWh;NO;NO;80.05;-49.9;80.05;-49.9;2;UP_AND_DOWN
2025-09-25T13:00;2025-09-25T13:15;53;EUR;MWh;NO;NO;79.63;-51.32;79.63;-51.32;2;UP_AND_DOWN
2025-09-25T13:15;2025-09-25T13:30;54;EUR;MWh;NO;NO;56;-31;56;-31;2;UP_AND_DOWN
2025-09-25T13:30;2025-09-25T13:45;55;EUR;MWh;NO;NO;56;-45;-45;-45;-1;DOWN
2025-09-25T13:45;2025-09-25T14:00;56;EUR;MWh;NO;NO;;-31;-31;-31;-1;DOWN
2025-09-25T14:00;2025-09-25T14:15;57;EUR;MWh;NO;NO;90;-30;90;-30;2;UP_AND_DOWN
2025-09-25T14:15;2025-09-25T14:30;58;EUR;MWh;NO;NO;142.8;-16.49;142.8;-16.49;2;UP_AND_DOWN
2025-09-25T14:30;2025-09-25T14:45;59;EUR;MWh;NO;NO;150;-30.8;150;-30.8;2;UP_AND_DOWN
2025-09-25T14:45;2025-09-25T15:00;60;EUR;MWh;NO;NO;123;;123;123;1;UP
2025-09-25T15:00;2025-09-25T15:15;61;EUR;MWh;NO;NO;142.8;;142.8;142.8;1;UP
2025-09-25T15:15;2025-09-25T15:30;62;EUR;MWh;NO;NO;122.7;;122.7;122.7;1;UP
2025-09-25T15:30;2025-09-25T15:45;63;EUR;MWh;NO;NO;125;77.67;125;125;1;UP
2025-09-25T15:45;2025-09-25T16:00;64;EUR;MWh;NO;NO;126.9;-40;126.9;-40;2;UP_AND_DOWN
2025-09-25T16:00;2025-09-25T16:15;65;EUR;MWh;NO;NO;132.05;-32.19;132.05;-32.19;2;UP_AND_DOWN
2025-09-25T16:15;2025-09-25T16:30;66;EUR;MWh;NO;NO;125;77.57;125;64;2;UP_AND_DOWN
2025-09-25T16:30;2025-09-25T16:45;67;EUR;MWh;NO;NO;200;;200;200;1;UP
2025-09-25T16:45;2025-09-25T17:00;68;EUR;MWh;NO;NO;600;;600;600;1;UP
2025-09-25T17:00;2025-09-25T17:15;69;EUR;MWh;NO;NO;144;;144;144;1;UP
2025-09-25T17:15;2025-09-25T17:30;70;EUR;MWh;NO;NO;133;;133;133;1;UP
2025-09-25T17:30;2025-09-25T17:45;71;EUR;MWh;NO;NO;600;;600;600;1;UP
2025-09-25T17:45;2025-09-25T18:00;72;EUR;MWh;NO;NO;600;;600;600;1;UP
2025-09-25T18:00;2025-09-25T18:15;73;EUR;MWh;NO;NO;1000;;1000;1000;1;UP
2025-09-25T18:15;2025-09-25T18:30;74;EUR;MWh;NO;NO;5500;;5500;5500;1;UP
2025-09-25T18:30;2025-09-25T18:45;75;EUR;MWh;NO;NO;3962.69;;3962.69;3962.69;1;UP
2025-09-25T18:45;2025-09-25T19:00;76;EUR;MWh;YES;;4358.96;;4358.96;4358.96;1;UP
2025-09-25T19:00;2025-09-25T19:15;77;EUR;MWh;NO;NO;3962.69;41.95;41.95;41.95;-1;DOWN
2025-09-25T19:15;2025-09-25T19:30;78;EUR;MWh;NO;NO;58.56;44;58.56;58.56;1;UP
2025-09-25T19:30;2025-09-25T19:45;79;EUR;MWh;NO;NO;126.9;83;126.9;83;2;UP_AND_DOWN
2025-09-25T19:45;2025-09-25T20:00;80;EUR;MWh;NO;NO;68.56;77.1;84;77.1;2;UP_AND_DOWN
2025-09-25T20:00;2025-09-25T20:15;81;EUR;MWh;NO;NO;3962.69;77.48;3962.69;77.48;2;UP_AND_DOWN
2025-09-25T20:15;2025-09-25T20:30;82;EUR;MWh;NO;NO;133;126;133;133;1;UP
2025-09-25T20:30;2025-09-25T20:45;83;EUR;MWh;NO;NO;133;69.99;69.99;69.99;-1;DOWN
2025-09-25T20:45;2025-09-25T21:00;84;EUR;MWh;NO;NO;68.56;55;68.56;55;2;UP_AND_DOWN
2025-09-25T21:00;2025-09-25T21:15;85;EUR;MWh;NO;NO;43;50;66.5;50;2;UP_AND_DOWN
2025-09-25T21:15;2025-09-25T21:30;86;EUR;MWh;NO;NO;133;57.05;133;57.05;2;UP_AND_DOWN
2025-09-25T21:30;2025-09-25T21:45;87;EUR;MWh;NO;NO;88.56;83;88.56;66;2;UP_AND_DOWN
2025-09-25T21:45;2025-09-25T22:00;88;EUR;MWh;NO;NO;68.56;71.95;71.95;71.95;-1;DOWN
2025-09-25T22:00;2025-09-25T22:15;89;EUR;MWh;NO;NO;133;74.7;133;63.5;2;UP_AND_DOWN
2025-09-25T22:15;2025-09-25T22:30;90;EUR;MWh;NO;NO;126.9;;126.9;126.9;1;UP
2025-09-25T22:30;2025-09-25T22:45;91;EUR;MWh;NO;NO;100;85;100;100;1;UP
2025-09-25T22:45;2025-09-25T23:00;92;EUR;MWh;NO;NO;133;83;133;62.5;2;UP_AND_DOWN
2025-09-25T23:00;2025-09-25T23:15;93;EUR;MWh;NO;NO;133;54.33;133;54.33;2;UP_AND_DOWN
2025-09-25T23:15;2025-09-25T23:30;94;EUR;MWh;NO;NO;;50;50;50;-1;DOWN
2025-09-25T23:30;2025-09-25T23:45;95;EUR;MWh;NO;NO;;51.98;51.98;51.98;-1;DOWN
2025-09-25T23:45;2025-09-26T00:00;96;EUR;MWh;NO;NO;;44;44;44;-1;DOWN
2025-09-26T00:00;2025-09-26T00:15;1;EUR;MWh;NO;NO;141.6;65.98;141.6;59.99;2;UP_AND_DOWN
2025-09-26T00:15;2025-09-26T00:30;2;EUR;MWh;NO;NO;133;;133;133;1;UP
2025-09-26T00:30;2025-09-26T00:45;3;EUR;MWh;NO;NO;122.1;;122.1;122.1;1;UP
2025-09-26T00:45;2025-09-26T01:00;4;EUR;MWh;NO;NO;124.7;;124.7;124.7;1;UP
2025-09-26T01:00;2025-09-26T01:15;5;EUR;MWh;NO;NO;141.6;;141.6;141.6;1;UP
2025-09-26T01:15;2025-09-26T01:30;6;EUR;MWh;NO;NO;133;;133;133;1;UP
2025-09-26T01:30;2025-09-26T01:45;7;EUR;MWh;NO;NO;133;;133;133;1;UP
2025-09-26T01:45;2025-09-26T02:00;8;EUR;MWh;NO;NO;133;64.57;64.57;64.57;-1;DOWN
2025-09-26T02:00;2025-09-26T02:15;9;EUR;MWh;NO;NO;90.38;57.08;90.38;57.08;2;UP_AND_DOWN
2025-09-26T02:15;2025-09-26T02:30;10;EUR;MWh;NO;NO;88.56;96;88.56;88.56;1;UP
2025-09-26T02:30;2025-09-26T02:45;11;EUR;MWh;NO;NO;100;;100;100;1;UP
2025-09-26T02:45;2025-09-26T03:00;12;EUR;MWh;NO;NO;124.7;96;124.7;124.7;1;UP
2025-09-26T03:00;2025-09-26T03:15;13;EUR;MWh;NO;NO;108.32;77.08;108.32;68;2;UP_AND_DOWN
2025-09-26T03:15;2025-09-26T03:30;14;EUR;MWh;NO;NO;124.7;;124.7;124.7;1;UP
2025-09-26T03:30;2025-09-26T03:45;15;EUR;MWh;NO;NO;133;;133;133;1;UP
2025-09-26T03:45;2025-09-26T04:00;16;EUR;MWh;NO;NO;133;;133;133;1;UP
2025-09-26T04:00;2025-09-26T04:15;17;EUR;MWh;NO;NO;133;96;133;133;1;UP
2025-09-26T04:15;2025-09-26T04:30;18;EUR;MWh;NO;NO;42;;42;42;1;UP
2025-09-26T04:30;2025-09-26T04:45;19;EUR;MWh;NO;NO;42;96;96;96;-1;DOWN
2025-09-26T04:45;2025-09-26T05:00;20;EUR;MWh;NO;NO;88.36;96;88.36;68;2;UP_AND_DOWN
2025-09-26T05:00;2025-09-26T05:15;21;EUR;MWh;NO;NO;91.44;70.16;91.44;68;2;UP_AND_DOWN
2025-09-26T05:15;2025-09-26T05:30;22;EUR;MWh;NO;NO;88.56;96;88.56;68;2;UP_AND_DOWN
2025-09-26T05:30;2025-09-26T05:45;23;EUR;MWh;NO;NO;133;;133;133;1;UP
2025-09-26T05:45;2025-09-26T06:00;24;EUR;MWh;NO;NO;124.7;;124.7;124.7;1;UP
2025-09-26T06:00;2025-09-26T06:15;25;EUR;MWh;NO;NO;166;82;166;68;2;UP_AND_DOWN
2025-09-26T06:15;2025-09-26T06:30;26;EUR;MWh;NO;NO;166;;166;166;1;UP
2025-09-26T06:30;2025-09-26T06:45;27;EUR;MWh;NO;NO;168.98;;168.98;168.98;1;UP
2025-09-26T06:45;2025-09-26T07:00;28;EUR;MWh;NO;NO;180.3;;180.3;180.3;1;UP
2025-09-26T07:00;2025-09-26T07:15;29;EUR;MWh;NO;NO;132.9;82;132.9;132.9;1;UP
2025-09-26T07:15;2025-09-26T07:30;30;EUR;MWh;NO;NO;68.56;66;68.56;66;2;UP_AND_DOWN
2025-09-26T07:30;2025-09-26T07:45;31;EUR;MWh;NO;NO;42;71.88;68;68;2;UP_AND_DOWN
2025-09-26T07:45;2025-09-26T08:00;32;EUR;MWh;NO;NO;129.9;77.67;129.9;68;2;UP_AND_DOWN
2025-09-26T08:00;2025-09-26T08:15;33;EUR;MWh;NO;NO;140;72.28;140;67;2;UP_AND_DOWN
2025-09-26T08:15;2025-09-26T08:30;34;EUR;MWh;NO;NO;141.6;;141.6;141.6;1;UP
2025-09-26T08:30;2025-09-26T08:45;35;EUR;MWh;NO;NO;132.4;;132.4;132.4;1;UP
2025-09-26T08:45;2025-09-26T09:00;36;EUR;MWh;NO;NO;133;91;133;133;1;UP
2025-09-26T09:00;2025-09-26T09:15;37;EUR;MWh;NO;NO;166;;166;166;1;UP
2025-09-26T09:15;2025-09-26T09:30;38;EUR;MWh;NO;NO;299;;299;299;1;UP
2025-09-26T09:30;2025-09-26T09:45;39;EUR;MWh;NO;NO;166;;166;166;1;UP
2025-09-26T09:45;2025-09-26T10:00;40;EUR;MWh;NO;NO;150;77;150;65.5;2;UP_AND_DOWN
2025-09-26T10:00;2025-09-26T10:15;41;EUR;MWh;NO;NO;122.1;66;122.1;66;2;UP_AND_DOWN
2025-09-26T10:15;2025-09-26T10:30;42;EUR;MWh;NO;NO;133;;133;133;1;UP
2025-09-26T10:30;2025-09-26T10:45;43;EUR;MWh;NO;NO;140;;140;140;1;UP
2025-09-26T10:45;2025-09-26T11:00;44;EUR;MWh;NO;NO;180;;180;180;1;UP
2025-09-26T11:00;2025-09-26T11:15;45;EUR;MWh;NO;NO;180.3;;180.3;180.3;1;UP
2025-09-26T11:15;2025-09-26T11:30;46;EUR;MWh;NO;NO;180.3;;180.3;180.3;1;UP
2025-09-26T11:30;2025-09-26T11:45;47;EUR;MWh;NO;NO;141.6;;141.6;141.6;1;UP
2025-09-26T11:45;2025-09-26T12:00;48;EUR;MWh;NO;NO;102.55;66.57;66.57;66.57;-1;DOWN
2025-09-26T12:00;2025-09-26T12:15;49;EUR;MWh;NO;NO;100;66.2;100;58.84;2;UP_AND_DOWN
2025-09-26T12:15;2025-09-26T12:30;50;EUR;MWh;NO;NO;111;66.2;111;58.84;2;UP_AND_DOWN
2025-09-26T12:30;2025-09-26T12:45;51;EUR;MWh;NO;NO;133;;133;133;1;UP
2025-09-26T12:45;2025-09-26T13:00;52;EUR;MWh;NO;NO;124.7;;124.7;124.7;1;UP
2025-09-26T13:00;2025-09-26T13:15;53;EUR;MWh;NO;NO;140;;140;140;1;UP
2025-09-26T13:15;2025-09-26T13:30;54;EUR;MWh;NO;NO;122.1;77.27;122.1;74.5;2;UP_AND_DOWN
2025-09-26T13:30;2025-09-26T13:45;55;EUR;MWh;NO;NO;;76.9;76.9;76.9;-1;DOWN
2025-09-26T13:45;2025-09-26T14:00;56;EUR;MWh;NO;NO;;51.9;51.9;51.9;-1;DOWN
2025-09-26T14:00;2025-09-26T14:15;57;EUR;MWh;NO;NO;;2.98;2.98;2.98;-1;DOWN
2025-09-26T14:15;2025-09-26T14:30;58;EUR;MWh;NO;NO;;.98;.98;.98;-1;DOWN
2025-09-26T14:30;2025-09-26T14:45;59;EUR;MWh;NO;NO;;-33.95;-33.95;-33.95;-1;DOWN
2025-09-26T14:45;2025-09-26T15:00;60;EUR;MWh;NO;NO;;-44.07;-44.07;-44.07;-1;DOWN
2025-09-26T15:00;2025-09-26T15:15;61;EUR;MWh;NO;NO;;6.57;6.57;6.57;-1;DOWN
2025-09-26T15:15;2025-09-26T15:30;62;EUR;MWh;NO;NO;;-30;-30;-30;-1;DOWN
2025-09-26T15:30;2025-09-26T15:45;63;EUR;MWh;NO;NO;;10;10;10;-1;DOWN
2025-09-26T15:45;2025-09-26T16:00;64;EUR;MWh;NO;NO;;64.57;64.57;64.57;-1;DOWN
2025-09-26T16:00;2025-09-26T16:15;65;EUR;MWh;NO;NO;;63.98;63.98;63.98;-1;DOWN
2025-09-26T16:15;2025-09-26T16:30;66;EUR;MWh;NO;NO;;64.57;64.57;64.57;-1;DOWN
2025-09-26T16:30;2025-09-26T16:45;67;EUR;MWh;NO;NO;125.36;69.46;125.36;58.84;2;UP_AND_DOWN
2025-09-26T16:45;2025-09-26T17:00;68;EUR;MWh;NO;NO;124.7;62.44;124.7;59.25;2;UP_AND_DOWN
2025-09-26T17:00;2025-09-26T17:15;69;EUR;MWh;NO;NO;;64.57;64.57;64.57;-1;DOWN
2025-09-26T17:15;2025-09-26T17:30;70;EUR;MWh;NO;NO;58.56;82;58.56;58.56;1;UP
2025-09-26T17:30;2025-09-26T17:45;71;EUR;MWh;NO;NO;141.6;72.96;141.6;61;2;UP_AND_DOWN
2025-09-26T17:45;2025-09-26T18:00;72;EUR;MWh;NO;NO;141.6;;141.6;141.6;1;UP
2025-09-26T18:00;2025-09-26T18:15;73;EUR;MWh;NO;NO;141.6;74.11;74.11;74.11;-1;DOWN
2025-09-26T18:15;2025-09-26T18:30;74;EUR;MWh;NO;NO;42;82;61;61;0;STABLE
2025-09-26T18:30;2025-09-26T18:45;75;EUR;MWh;NO;NO;;65.66;65.66;65.66;-1;DOWN
2025-09-26T18:45;2025-09-26T19:00;76;EUR;MWh;NO;NO;;64.57;64.57;64.57;-1;DOWN
2025-09-26T19:00;2025-09-26T19:15;77;EUR;MWh;NO;NO;84.33;;84.33;84.33;1;UP
2025-09-26T19:15;2025-09-26T19:30;78;EUR;MWh;NO;NO;96;;96;96;1;UP
2025-09-26T19:30;2025-09-26T19:45;79;EUR;MWh;NO;NO;107;;107;107;1;UP
2025-09-26T19:45;2025-09-26T20:00;80;EUR;MWh;NO;NO;133;82;133;133;1;UP
2025-09-26T20:00;2025-09-26T20:15;81;EUR;MWh;NO;NO;88.23;;88.23;88.23;1;UP
2025-09-26T20:15;2025-09-26T20:30;82;EUR;MWh;NO;NO;88.56;;88.56;88.56;1;UP
2025-09-26T20:30;2025-09-26T20:45;83;EUR;MWh;NO;NO;108;;108;108;1;UP
2025-09-26T20:45;2025-09-26T21:00;84;EUR;MWh;NO;NO;124.6;;124.6;124.6;1;UP
2025-09-26T21:00;2025-09-26T21:15;85;EUR;MWh;NO;NO;133;;133;133;1;UP
2025-09-26T21:15;2025-09-26T21:30;86;EUR;MWh;NO;NO;124.6;;124.6;124.6;1;UP
2025-09-26T21:30;2025-09-26T21:45;87;EUR;MWh;NO;NO;129.6;;129.6;129.6;1;UP
2025-09-26T21:45;2025-09-26T22:00;88;EUR;MWh;NO;NO;124.5;66;124.5;61;2;UP_AND_DOWN
2025-09-26T22:00;2025-09-26T22:15;89;EUR;MWh;NO;NO;68.56;66;68.56;61;2;UP_AND_DOWN
2025-09-26T22:15;2025-09-26T22:30;90;EUR;MWh;NO;NO;119.9;;119.9;119.9;1;UP
2025-09-26T22:30;2025-09-26T22:45;91;EUR;MWh;NO;NO;117.4;;117.4;117.4;1;UP
2025-09-26T22:45;2025-09-26T23:00;92;EUR;MWh;NO;NO;120.1;;120.1;120.1;1;UP
2025-09-26T23:00;2025-09-26T23:15;93;EUR;MWh;NO;NO;100;;100;100;1;UP
2025-09-26T23:15;2025-09-26T23:30;94;EUR;MWh;NO;NO;88.26;;88.26;88.26;1;UP
2025-09-26T23:30;2025-09-26T23:45;95;EUR;MWh;NO;NO;96.9;;96.9;96.9;1;UP
2025-09-26T23:45;2025-09-27T00:00;96;EUR;MWh;NO;NO;107.92;75.2;107.92;61;2;UP_AND_DOWN
2025-09-27T00:00;2025-09-27T00:15;1;EUR;MWh;NO;NO;150;77.38;150;150;1;UP
2025-09-27T00:15;2025-09-27T00:30;2;EUR;MWh;NO;NO;133;;133;133;1;UP
2025-09-27T00:30;2025-09-27T00:45;3;EUR;MWh;NO;NO;58.56;;58.56;58.56;1;UP
2025-09-27T00:45;2025-09-27T01:00;4;EUR;MWh;NO;NO;129.96;;129.96;129.96;1;UP
2025-09-27T01:00;2025-09-27T01:15;5;EUR;MWh;NO;NO;126.1;;126.1;126.1;1;UP
2025-09-27T01:15;2025-09-27T01:30;6;EUR;MWh;NO;NO;90.06;76.84;90.06;61.5;2;UP_AND_DOWN
2025-09-27T01:30;2025-09-27T01:45;7;EUR;MWh;NO;NO;96.46;77;96.46;61.5;2;UP_AND_DOWN
2025-09-27T01:45;2025-09-27T02:00;8;EUR;MWh;NO;NO;94.96;70.2;94.96;61.5;2;UP_AND_DOWN
2025-09-27T02:00;2025-09-27T02:15;9;EUR;MWh;NO;NO;83.32;77;83.32;83.32;1;UP
2025-09-27T02:15;2025-09-27T02:30;10;EUR;MWh;NO;NO;100;;100;100;1;UP
2025-09-27T02:30;2025-09-27T02:45;11;EUR;MWh;NO;NO;133;;133;133;1;UP
2025-09-27T02:45;2025-09-27T03:00;12;EUR;MWh;NO;NO;133;;133;133;1;UP
2025-09-27T03:00;2025-09-27T03:15;13;EUR;MWh;NO;NO;133;;133;133;1;UP
2025-09-27T03:15;2025-09-27T03:30;14;EUR;MWh;NO;NO;111;77;111;61.5;2;UP_AND_DOWN
2025-09-27T03:30;2025-09-27T03:45;15;EUR;MWh;NO;NO;123.2;77;123.2;61.5;2;UP_AND_DOWN
2025-09-27T03:45;2025-09-27T04:00;16;EUR;MWh;NO;NO;109.42;70;70;70;-1;DOWN
2025-09-27T04:00;2025-09-27T04:15;17;EUR;MWh;NO;NO;80.52;69.98;80.52;61.5;2;UP_AND_DOWN
2025-09-27T04:15;2025-09-27T04:30;18;EUR;MWh;NO;NO;58.56;77;61.5;61.5;0;STABLE
2025-09-27T04:30;2025-09-27T04:45;19;EUR;MWh;NO;NO;89.32;;89.32;89.32;1;UP
2025-09-27T04:45;2025-09-27T05:00;20;EUR;MWh;NO;NO;100;;100;100;1;UP
2025-09-27T05:00;2025-09-27T05:15;21;EUR;MWh;NO;NO;126.1;;126.1;126.1;1;UP
2025-09-27T05:15;2025-09-27T05:30;22;EUR;MWh;NO;NO;126.1;;126.1;126.1;1;UP
2025-09-27T05:30;2025-09-27T05:45;23;EUR;MWh;NO;NO;126.1;;126.1;126.1;1;UP
2025-09-27T05:45;2025-09-27T06:00;24;EUR;MWh;NO;NO;123.2;;123.2;123.2;1;UP
2025-09-27T06:00;2025-09-27T06:15;25;EUR;MWh;NO;NO;43;64.98;61.5;61.5;2;UP_AND_DOWN
2025-09-27T06:15;2025-09-27T06:30;26;EUR;MWh;NO;NO;100;68.55;100;61.5;2;UP_AND_DOWN
2025-09-27T06:30;2025-09-27T06:45;27;EUR;MWh;NO;NO;100;;100;100;1;UP
2025-09-27T06:45;2025-09-27T07:00;28;EUR;MWh;NO;NO;111;;111;111;1;UP
2025-09-27T07:00;2025-09-27T07:15;29;EUR;MWh;NO;NO;111;;111;111;1;UP
2025-09-27T07:15;2025-09-27T07:30;30;EUR;MWh;NO;NO;100;;100;100;1;UP
2025-09-27T07:30;2025-09-27T07:45;31;EUR;MWh;NO;NO;111;;111;111;1;UP
2025-09-27T07:45;2025-09-27T08:00;32;EUR;MWh;NO;NO;123.2;;123.2;123.2;1;UP
2025-09-27T08:00;2025-09-27T08:15;33;EUR;MWh;NO;NO;100;;100;100;1;UP
2025-09-27T08:15;2025-09-27T08:30;34;EUR;MWh;NO;NO;120.02;;120.02;120.02;1;UP
2025-09-27T08:30;2025-09-27T08:45;35;EUR;MWh;NO;NO;123.75;;123.75;123.75;1;UP
2025-09-27T08:45;2025-09-27T09:00;36;EUR;MWh;NO;NO;143.1;;143.1;143.1;1;UP
2025-09-27T09:00;2025-09-27T09:15;37;EUR;MWh;NO;NO;139;;139;139;1;UP
2025-09-27T09:15;2025-09-27T09:30;38;EUR;MWh;NO;NO;123.2;;123.2;123.2;1;UP
2025-09-27T09:30;2025-09-27T09:45;39;EUR;MWh;NO;NO;140;78.99;140;61.5;2;UP_AND_DOWN
2025-09-27T09:45;2025-09-27T10:00;40;EUR;MWh;NO;NO;68.56;74.98;68.56;61.5;2;UP_AND_DOWN
2025-09-27T10:00;2025-09-27T10:15;41;EUR;MWh;NO;NO;100;75;100;58.99;2;UP_AND_DOWN
2025-09-27T10:15;2025-09-27T10:30;42;EUR;MWh;NO;NO;110.9;66;110.9;58.99;2;UP_AND_DOWN
2025-09-27T10:30;2025-09-27T10:45;43;EUR;MWh;NO;NO;99.82;72.93;99.82;68.5;2;UP_AND_DOWN
2025-09-27T10:45;2025-09-27T11:00;44;EUR;MWh;NO;NO;123.2;70;123.2;68.5;2;UP_AND_DOWN
2025-09-27T11:00;2025-09-27T11:15;45;EUR;MWh;NO;NO;166;70;166;166;1;UP
2025-09-27T11:15;2025-09-27T11:30;46;EUR;MWh;NO;NO;133;;133;133;1;UP
2025-09-27T11:30;2025-09-27T11:45;47;EUR;MWh;NO;NO;127.58;;127.58;127.58;1;UP
2025-09-27T11:45;2025-09-27T12:00;48;EUR;MWh;NO;NO;100;72.28;100;66.5;2;UP_AND_DOWN
2025-09-27T12:00;2025-09-27T12:15;49;EUR;MWh;NO;NO;133;77.67;133;66.5;2;UP_AND_DOWN
2025-09-27T12:15;2025-09-27T12:30;50;EUR;MWh;NO;NO;126;93;126;66.5;2;UP_AND_DOWN
2025-09-27T12:30;2025-09-27T12:45;51;EUR;MWh;NO;NO;58.56;71.98;66.5;66.5;2;UP_AND_DOWN
2025-09-27T12:45;2025-09-27T13:00;52;EUR;MWh;NO;NO;68.56;95;95;95;-1;DOWN
2025-09-27T13:00;2025-09-27T13:15;53;EUR;MWh;NO;NO;132;;132;132;1;UP
2025-09-27T13:15;2025-09-27T13:30;54;EUR;MWh;NO;NO;133;;133;133;1;UP
2025-09-27T13:30;2025-09-27T13:45;55;EUR;MWh;NO;NO;125.9;;125.9;125.9;1;UP
2025-09-27T13:45;2025-09-27T14:00;56;EUR;MWh;NO;NO;82.12;70;82.12;67.5;2;UP_AND_DOWN
2025-09-27T14:00;2025-09-27T14:15;57;EUR;MWh;NO;NO;58.56;96;96;96;-1;DOWN
2025-09-27T14:15;2025-09-27T14:30;58;EUR;MWh;NO;NO;68.56;96;68.56;68;2;UP_AND_DOWN
2025-09-27T14:30;2025-09-27T14:45;59;EUR;MWh;NO;NO;143.1;;143.1;143.1;1;UP
2025-09-27T14:45;2025-09-27T15:00;60;EUR;MWh;NO;NO;143.1;;143.1;143.1;1;UP
2025-09-27T15:00;2025-09-27T15:15;61;EUR;MWh;NO;NO;98.56;95;98.56;67.5;2;UP_AND_DOWN
2025-09-27T15:15;2025-09-27T15:30;62;EUR;MWh;NO;NO;123.2;;123.2;123.2;1;UP
2025-09-27T15:30;2025-09-27T15:45;63;EUR;MWh;NO;NO;140;;140;140;1;UP
2025-09-27T15:45;2025-09-27T16:00;64;EUR;MWh;NO;NO;126;59.23;126;59.23;2;UP_AND_DOWN
2025-09-27T16:00;2025-09-27T16:15;65;EUR;MWh;NO;NO;126;53.62;53.62;53.62;-1;DOWN
2025-09-27T16:15;2025-09-27T16:30;66;EUR;MWh;NO;NO;121.1;100;121.1;121.1;1;UP
2025-09-27T16:30;2025-09-27T16:45;67;EUR;MWh;NO;NO;133;;133;133;1;UP
2025-09-27T16:45;2025-09-27T17:00;68;EUR;MWh;NO;NO;126;97;126;126;1;UP
2025-09-27T17:00;2025-09-27T17:15;69;EUR;MWh;NO;NO;68.56;49.57;49.57;49.57;-1;DOWN
2025-09-27T17:15;2025-09-27T17:30;70;EUR;MWh;NO;NO;136;70;136;68.5;2;UP_AND_DOWN
2025-09-27T17:30;2025-09-27T17:45;71;EUR;MWh;NO;NO;143.1;83;143.1;68.5;2;UP_AND_DOWN
2025-09-27T17:45;2025-09-27T18:00;72;EUR;MWh;NO;NO;143.1;;143.1;143.1;1;UP
2025-09-27T18:00;2025-09-27T18:15;73;EUR;MWh;NO;NO;120;71.89;120;65;2;UP_AND_DOWN
2025-09-27T18:15;2025-09-27T18:30;74;EUR;MWh;NO;NO;123.2;;123.2;123.2;1;UP
2025-09-27T18:30;2025-09-27T18:45;75;EUR;MWh;NO;NO;123.2;92;123.2;66;2;UP_AND_DOWN
2025-09-27T18:45;2025-09-27T19:00;76;EUR;MWh;NO;NO;123.2;;123.2;123.2;1;UP
2025-09-27T19:00;2025-09-27T19:15;77;EUR;MWh;NO;NO;123.2;90;123.2;123.2;1;UP
2025-09-27T19:15;2025-09-27T19:30;78;EUR;MWh;NO;NO;123.2;;123.2;123.2;1;UP
2025-09-27T19:30;2025-09-27T19:45;79;EUR;MWh;NO;NO;123.2;;123.2;123.2;1;UP
2025-09-27T19:45;2025-09-27T20:00;80;EUR;MWh;NO;NO;126.1;;126.1;126.1;1;UP
2025-09-27T20:00;2025-09-27T20:15;81;EUR;MWh;NO;NO;150;;150;150;1;UP
2025-09-27T20:15;2025-09-27T20:30;82;EUR;MWh;NO;NO;126.1;;126.1;126.1;1;UP
2025-09-27T20:30;2025-09-27T20:45;83;EUR;MWh;NO;NO;137.99;;137.99;137.99;1;UP
2025-09-27T20:45;2025-09-27T21:00;84;EUR;MWh;NO;NO;126.1;79;126.1;61.5;2;UP_AND_DOWN
2025-09-27T21:00;2025-09-27T21:15;85;EUR;MWh;NO;NO;133;83;133;133;1;UP
2025-09-27T21:15;2025-09-27T21:30;86;EUR;MWh;NO;NO;133;81;133;61.5;2;UP_AND_DOWN
2025-09-27T21:30;2025-09-27T21:45;87;EUR;MWh;NO;NO;120;77.43;120;61.5;2;UP_AND_DOWN
2025-09-27T21:45;2025-09-27T22:00;88;EUR;MWh;NO;NO;58.56;76.59;61.5;61.5;2;UP_AND_DOWN
2025-09-27T22:00;2025-09-27T22:15;89;EUR;MWh;NO;NO;126.1;81;126.1;61.5;2;UP_AND_DOWN
2025-09-27T22:15;2025-09-27T22:30;90;EUR;MWh;NO;NO;143.1;;143.1;143.1;1;UP
2025-09-27T22:30;2025-09-27T22:45;91;EUR;MWh;NO;NO;143.1;;143.1;143.1;1;UP
2025-09-27T22:45;2025-09-27T23:00;92;EUR;MWh;NO;NO;126.1;77.31;126.1;61.5;2;UP_AND_DOWN
2025-09-27T23:00;2025-09-27T23:15;93;EUR;MWh;NO;NO;126.1;80;126.1;61.5;2;UP_AND_DOWN
2025-09-27T23:15;2025-09-27T23:30;94;EUR;MWh;NO;NO;43;69.18;69.18;69.18;-1;DOWN
2025-09-27T23:30;2025-09-27T23:45;95;EUR;MWh;NO;NO;120;71.79;120;61.5;2;UP_AND_DOWN
2025-09-27T23:45;2025-09-28T00:00;96;EUR;MWh;NO;NO;58.56;75.49;75.49;75.49;-1;DOWN
2025-09-28T00:00;2025-09-28T00:15;1;EUR;MWh;NO;NO;79.55;78.12;79.55;61.5;2;UP_AND_DOWN
2025-09-28T00:15;2025-09-28T00:30;2;EUR;MWh;NO;NO;101;81;101;101;1;UP
2025-09-28T00:30;2025-09-28T00:45;3;EUR;MWh;NO;NO;88;77.31;77.31;77.31;-1;DOWN
2025-09-28T00:45;2025-09-28T01:00;4;EUR;MWh;NO;NO;101;71.71;101;61.5;2;UP_AND_DOWN
2025-09-28T01:00;2025-09-28T01:15;5;EUR;MWh;NO;NO;88.56;69.01;88.56;59.66;2;UP_AND_DOWN
2025-09-28T01:15;2025-09-28T01:30;6;EUR;MWh;NO;NO;58.56;71.81;59.66;59.66;2;UP_AND_DOWN
2025-09-28T01:30;2025-09-28T01:45;7;EUR;MWh;NO;NO;;65.41;65.41;65.41;-1;DOWN
2025-09-28T01:45;2025-09-28T02:00;8;EUR;MWh;NO;NO;;64.57;64.57;64.57;-1;DOWN
2025-09-28T02:00;2025-09-28T02:15;9;EUR;MWh;NO;NO;121;62.51;121;59.66;2;UP_AND_DOWN
2025-09-28T02:15;2025-09-28T02:30;10;EUR;MWh;NO;NO;121;;121;121;1;UP
2025-09-28T02:30;2025-09-28T02:45;11;EUR;MWh;NO;NO;131.8;;131.8;131.8;1;UP
2025-09-28T02:45;2025-09-28T03:00;12;EUR;MWh;NO;NO;140;;140;140;1;UP
2025-09-28T03:00;2025-09-28T03:15;13;EUR;MWh;NO;NO;140;;140;140;1;UP
2025-09-28T03:15;2025-09-28T03:30;14;EUR;MWh;NO;NO;115.55;;115.55;115.55;1;UP
2025-09-28T03:30;2025-09-28T03:45;15;EUR;MWh;NO;NO;120;;120;120;1;UP
2025-09-28T03:45;2025-09-28T04:00;16;EUR;MWh;NO;NO;93.66;;93.66;93.66;1;UP
2025-09-28T04:00;2025-09-28T04:15;17;EUR;MWh;NO;NO;99;77.41;99;99;1;UP
2025-09-28T04:15;2025-09-28T04:30;18;EUR;MWh;NO;NO;99;78;99;99;1;UP
2025-09-28T04:30;2025-09-28T04:45;19;EUR;MWh;NO;NO;115.93;;115.93;115.93;1;UP
2025-09-28T04:45;2025-09-28T05:00;20;EUR;MWh;NO;NO;100.26;;100.26;100.26;1;UP
2025-09-28T05:00;2025-09-28T05:15;21;EUR;MWh;NO;NO;99;;99;99;1;UP
2025-09-28T05:15;2025-09-28T05:30;22;EUR;MWh;NO;NO;107.2;;107.2;107.2;1;UP
2025-09-28T05:30;2025-09-28T05:45;23;EUR;MWh;NO;NO;125.7;;125.7;125.7;1;UP
2025-09-28T05:45;2025-09-28T06:00;24;EUR;MWh;NO;NO;125.7;79;125.7;125.7;1;UP
2025-09-28T06:00;2025-09-28T06:15;25;EUR;MWh;NO;NO;113.5;79;113.5;61.5;2;UP_AND_DOWN
2025-09-28T06:15;2025-09-28T06:30;26;EUR;MWh;NO;NO;100;;100;100;1;UP
2025-09-28T06:30;2025-09-28T06:45;27;EUR;MWh;NO;NO;100.33;;100.33;100.33;1;UP
2025-09-28T06:45;2025-09-28T07:00;28;EUR;MWh;NO;NO;129;79;129;129;1;UP
2025-09-28T07:00;2025-09-28T07:15;29;EUR;MWh;NO;NO;93.02;83;93.02;93.02;1;UP
2025-09-28T07:15;2025-09-28T07:30;30;EUR;MWh;NO;NO;77.87;83;77.87;61.5;2;UP_AND_DOWN
2025-09-28T07:30;2025-09-28T07:45;31;EUR;MWh;NO;NO;;77;77;77;-1;DOWN
2025-09-28T07:45;2025-09-28T08:00;32;EUR;MWh;NO;NO;58.56;66.33;66.33;66.33;-1;DOWN
2025-09-28T08:00;2025-09-28T08:15;33;EUR;MWh;NO;NO;101;66.33;101;101;1;UP
2025-09-28T08:15;2025-09-28T08:30;34;EUR;MWh;NO;NO;100;;100;100;1;UP
2025-09-28T08:30;2025-09-28T08:45;35;EUR;MWh;NO;NO;100;;100;100;1;UP
2025-09-28T08:45;2025-09-28T09:00;36;EUR;MWh;NO;NO;43;70.46;70.46;70.46;-1;DOWN
2025-09-28T09:00;2025-09-28T09:15;37;EUR;MWh;NO;NO;143.1;73.31;143.1;61.5;2;UP_AND_DOWN
2025-09-28T09:15;2025-09-28T09:30;38;EUR;MWh;NO;NO;150;;150;150;1;UP
2025-09-28T09:30;2025-09-28T09:45;39;EUR;MWh;NO;NO;84.71;77;84.71;84.71;1;UP
2025-09-28T09:45;2025-09-28T10:00;40;EUR;MWh;NO;NO;58.56;;61.5;61.5;0;STABLE
2025-09-28T10:00;2025-09-28T10:15;41;EUR;MWh;NO;NO;138;;138;138;1;UP
2025-09-28T10:15;2025-09-28T10:30;42;EUR;MWh;NO;NO;133;50;133;50;2;UP_AND_DOWN
2025-09-28T10:30;2025-09-28T10:45;43;EUR;MWh;NO;NO;133;55;133;55;2;UP_AND_DOWN
2025-09-28T10:45;2025-09-28T11:00;44;EUR;MWh;NO;NO;37.87;67.19;67.19;67.19;-1;DOWN
2025-09-28T11:00;2025-09-28T11:15;45;EUR;MWh;NO;NO;125.7;79;125.7;55.82;2;UP_AND_DOWN
2025-09-28T11:15;2025-09-28T11:30;46;EUR;MWh;NO;NO;72.58;49.57;49.57;49.57;-1;DOWN
2025-09-28T11:30;2025-09-28T11:45;47;EUR;MWh;NO;NO;;10;10;10;-1;DOWN
2025-09-28T11:45;2025-09-28T12:00;48;EUR;MWh;NO;NO;;-30;-30;-30;-1;DOWN
2025-09-28T12:00;2025-09-28T12:15;49;EUR;MWh;NO;NO;;-30;-30;-30;-1;DOWN
2025-09-28T12:15;2025-09-28T12:30;50;EUR;MWh;NO;NO;;-30;-30;-30;-1;DOWN
2025-09-28T12:30;2025-09-28T12:45;51;EUR;MWh;NO;NO;;-30;-30;-30;-1;DOWN
2025-09-28T12:45;2025-09-28T13:00;52;EUR;MWh;NO;NO;;-49;-49;-49;-1;DOWN
2025-09-28T13:00;2025-09-28T13:15;53;EUR;MWh;NO;NO;;-30;-30;-30;-1;DOWN
2025-09-28T13:15;2025-09-28T13:30;54;EUR;MWh;NO;NO;;10;10;10;-1;DOWN
2025-09-28T13:30;2025-09-28T13:45;55;EUR;MWh;NO;NO;;16.86;16.86;16.86;-1;DOWN
2025-09-28T13:45;2025-09-28T14:00;56;EUR;MWh;NO;NO;;-30;-30;-30;-1;DOWN
2025-09-28T14:00;2025-09-28T14:15;57;EUR;MWh;NO;NO;;10;10;10;-1;DOWN
2025-09-28T14:15;2025-09-28T14:30;58;EUR;MWh;NO;NO;;28.52;28.52;28.52;-1;DOWN
2025-09-28T14:30;2025-09-28T14:45;59;EUR;MWh;NO;NO;;62;62;62;-1;DOWN
2025-09-28T14:45;2025-09-28T15:00;60;EUR;MWh;NO;NO;;;53.6;53.6;0;STABLE
2025-09-28T15:00;2025-09-28T15:15;61;EUR;MWh;NO;NO;;9.57;9.57;9.57;-1;DOWN
2025-09-28T15:15;2025-09-28T15:30;62;EUR;MWh;NO;NO;;10;10;10;-1;DOWN
2025-09-28T15:30;2025-09-28T15:45;63;EUR;MWh;NO;NO;125.7;64.57;125.7;125.7;1;UP
2025-09-28T15:45;2025-09-28T16:00;64;EUR;MWh;NO;NO;124.68;;124.68;124.68;1;UP
2025-09-28T16:00;2025-09-28T16:15;65;EUR;MWh;NO;NO;101.29;;101.29;101.29;1;UP
2025-09-28T16:15;2025-09-28T16:30;66;EUR;MWh;NO;NO;140;;140;140;1;UP
2025-09-28T16:30;2025-09-28T16:45;67;EUR;MWh;NO;NO;136.16;;136.16;136.16;1;UP
2025-09-28T16:45;2025-09-28T17:00;68;EUR;MWh;NO;NO;133;;133;133;1;UP
2025-09-28T17:00;2025-09-28T17:15;69;EUR;MWh;NO;NO;103;33.87;103;33.87;2;UP_AND_DOWN
2025-09-28T17:15;2025-09-28T17:30;70;EUR;MWh;NO;NO;106.56;49.57;106.56;49.57;2;UP_AND_DOWN
2025-09-28T17:30;2025-09-28T17:45;71;EUR;MWh;NO;NO;156;62;156;61.5;2;UP_AND_DOWN
2025-09-28T17:45;2025-09-28T18:00;72;EUR;MWh;NO;NO;166;74.51;166;61.5;2;UP_AND_DOWN
2025-09-28T18:00;2025-09-28T18:15;73;EUR;MWh;NO;NO;133;74.64;133;61.5;2;UP_AND_DOWN
2025-09-28T18:15;2025-09-28T18:30;74;EUR;MWh;NO;NO;143.1;;143.1;143.1;1;UP
2025-09-28T18:30;2025-09-28T18:45;75;EUR;MWh;NO;NO;133;77.3;133;61.5;2;UP_AND_DOWN
2025-09-28T18:45;2025-09-28T19:00;76;EUR;MWh;NO;NO;133;83;133;133;1;UP
2025-09-28T19:00;2025-09-28T19:15;77;EUR;MWh;NO;NO;125.7;83;125.7;125.7;1;UP
2025-09-28T19:15;2025-09-28T19:30;78;EUR;MWh;NO;NO;133;;133;133;1;UP
2025-09-28T19:30;2025-09-28T19:45;79;EUR;MWh;NO;NO;58.56;72.05;61.5;61.5;2;UP_AND_DOWN
2025-09-28T19:45;2025-09-28T20:00;80;EUR;MWh;NO;NO;88.56;73.31;88.56;61.5;2;UP_AND_DOWN
2025-09-28T20:00;2025-09-28T20:15;81;EUR;MWh;NO;NO;58.56;77.67;61.5;61.5;2;UP_AND_DOWN
2025-09-28T20:15;2025-09-28T20:30;82;EUR;MWh;NO;NO;43;76.08;76.08;76.08;-1;DOWN
2025-09-28T20:30;2025-09-28T20:45;83;EUR;MWh;NO;NO;125.7;69.99;125.7;61.5;2;UP_AND_DOWN
2025-09-28T20:45;2025-09-28T21:00;84;EUR;MWh;NO;NO;;69.99;69.99;69.99;-1;DOWN
2025-09-28T21:00;2025-09-28T21:15;85;EUR;MWh;NO;NO;131.8;83;131.8;131.8;1;UP
2025-09-28T21:15;2025-09-28T21:30;86;EUR;MWh;NO;NO;115.14;83;115.14;61.5;2;UP_AND_DOWN
2025-09-28T21:30;2025-09-28T21:45;87;EUR;MWh;NO;NO;100;83;100;100;1;UP
2025-09-28T21:45;2025-09-28T22:00;88;EUR;MWh;NO;NO;100;77.51;100;61.5;2;UP_AND_DOWN
2025-09-28T22:00;2025-09-28T22:15;89;EUR;MWh;NO;NO;100;83;100;100;1;UP
2025-09-28T22:15;2025-09-28T22:30;90;EUR;MWh;NO;NO;140;;140;140;1;UP
2025-09-28T22:30;2025-09-28T22:45;91;EUR;MWh;NO;NO;133;;133;133;1;UP
2025-09-28T22:45;2025-09-28T23:00;92;EUR;MWh;NO;NO;131.8;83;131.8;61.5;2;UP_AND_DOWN
2025-09-28T23:00;2025-09-28T23:15;93;EUR;MWh;NO;NO;90.26;83;90.26;61.5;2;UP_AND_DOWN
2025-09-28T23:15;2025-09-28T23:30;94;EUR;MWh;NO;NO;133;;133;133;1;UP
2025-09-28T23:30;2025-09-28T23:45;95;EUR;MWh;NO;NO;133;;133;133;1;UP
2025-09-28T23:45;2025-09-29T00:00;96;EUR;MWh;NO;NO;136.3;82;136.3;61.5;2;UP_AND_DOWN
2025-09-29T00:00;2025-09-29T00:15;1;EUR;MWh;NO;NO;100;;100;100;1;UP
2025-09-29T00:15;2025-09-29T00:30;2;EUR;MWh;NO;NO;81.25;;81.25;81.25;1;UP
2025-09-29T00:30;2025-09-29T00:45;3;EUR;MWh;NO;NO;86.33;61.91;86.33;61.5;2;UP_AND_DOWN
2025-09-29T00:45;2025-09-29T01:00;4;EUR;MWh;NO;NO;43;69.96;69.96;69.96;-1;DOWN
2025-09-29T01:00;2025-09-29T01:15;5;EUR;MWh;NO;NO;90.64;61.91;90.64;90.64;1;UP
2025-09-29T01:15;2025-09-29T01:30;6;EUR;MWh;NO;NO;90.22;83;90.22;90.22;1;UP
2025-09-29T01:30;2025-09-29T01:45;7;EUR;MWh;NO;NO;90.22;;90.22;90.22;1;UP
2025-09-29T01:45;2025-09-29T02:00;8;EUR;MWh;NO;NO;93;77.17;93;59.83;2;UP_AND_DOWN
2025-09-29T02:00;2025-09-29T02:15;9;EUR;MWh;NO;NO;93;;93;93;1;UP
2025-09-29T02:15;2025-09-29T02:30;10;EUR;MWh;NO;NO;93;77.17;77.17;77.17;-1;DOWN
2025-09-29T02:30;2025-09-29T02:45;11;EUR;MWh;NO;NO;58.56;71.91;59.83;59.83;2;UP_AND_DOWN
2025-09-29T02:45;2025-09-29T03:00;12;EUR;MWh;NO;NO;43;74.35;59.83;59.83;2;UP_AND_DOWN
2025-09-29T03:00;2025-09-29T03:15;13;EUR;MWh;NO;NO;77.77;79.65;77.77;59.83;2;UP_AND_DOWN
2025-09-29T03:15;2025-09-29T03:30;14;EUR;MWh;NO;NO;43;;43;43;1;UP
2025-09-29T03:30;2025-09-29T03:45;15;EUR;MWh;NO;NO;43;72.01;72.01;72.01;-1;DOWN
2025-09-29T03:45;2025-09-29T04:00;16;EUR;MWh;NO;NO;43;71.91;71.91;71.91;-1;DOWN
2025-09-29T04:00;2025-09-29T04:15;17;EUR;MWh;NO;NO;90.22;61.91;90.22;59.83;2;UP_AND_DOWN
2025-09-29T04:15;2025-09-29T04:30;18;EUR;MWh;NO;NO;111;72.01;111;59.83;2;UP_AND_DOWN
2025-09-29T04:30;2025-09-29T04:45;19;EUR;MWh;NO;NO;125.4;;125.4;125.4;1;UP
2025-09-29T04:45;2025-09-29T05:00;20;EUR;MWh;NO;NO;94;;94;94;1;UP
2025-09-29T05:00;2025-09-29T05:15;21;EUR;MWh;NO;NO;82.93;79.07;82.93;82.93;1;UP
2025-09-29T05:15;2025-09-29T05:30;22;EUR;MWh;NO;NO;122.8;61.91;122.8;61.5;2;UP_AND_DOWN
2025-09-29T05:30;2025-09-29T05:45;23;EUR;MWh;NO;NO;166;;166;166;1;UP
2025-09-29T05:45;2025-09-29T06:00;24;EUR;MWh;NO;NO;125.4;61.91;125.4;61.5;2;UP_AND_DOWN
2025-09-29T06:00;2025-09-29T06:15;25;EUR;MWh;NO;NO;200;36.95;200;36.95;2;UP_AND_DOWN
2025-09-29T06:15;2025-09-29T06:30;26;EUR;MWh;NO;NO;181.3;;181.3;181.3;1;UP
2025-09-29T06:30;2025-09-29T06:45;27;EUR;MWh;NO;NO;181.3;;181.3;181.3;1;UP
2025-09-29T06:45;2025-09-29T07:00;28;EUR;MWh;NO;NO;181.3;;181.3;181.3;1;UP
2025-09-29T07:00;2025-09-29T07:15;29;EUR;MWh;NO;NO;143.4;;143.4;143.4;1;UP
2025-09-29T07:15;2025-09-29T07:30;30;EUR;MWh;NO;NO;150;;150;150;1;UP
2025-09-29T07:30;2025-09-29T07:45;31;EUR;MWh;NO;NO;143.4;;143.4;143.4;1;UP
2025-09-29T07:45;2025-09-29T08:00;32;EUR;MWh;NO;NO;166;;166;166;1;UP
2025-09-29T08:00;2025-09-29T08:15;33;EUR;MWh;NO;NO;140;;140;140;1;UP
2025-09-29T08:15;2025-09-29T08:30;34;EUR;MWh;NO;NO;131;76;131;61.5;2;UP_AND_DOWN
2025-09-29T08:30;2025-09-29T08:45;35;EUR;MWh;NO;NO;93.92;84;93.92;62;2;UP_AND_DOWN
2025-09-29T08:45;2025-09-29T09:00;36;EUR;MWh;NO;NO;140;;140;140;1;UP
2025-09-29T09:00;2025-09-29T09:15;37;EUR;MWh;NO;NO;140;56.16;140;56.16;2;UP_AND_DOWN
2025-09-29T09:15;2025-09-29T09:30;38;EUR;MWh;NO;NO;81.21;49.57;81.21;49.57;2;UP_AND_DOWN
2025-09-29T09:30;2025-09-29T09:45;39;EUR;MWh;NO;NO;;29;29;29;-1;DOWN
2025-09-29T09:45;2025-09-29T10:00;40;EUR;MWh;NO;NO;;22.16;22.16;22.16;-1;DOWN
2025-09-29T10:00;2025-09-29T10:15;41;EUR;MWh;NO;NO;166;58.16;166;58.16;2;UP_AND_DOWN
2025-09-29T10:15;2025-09-29T10:30;42;EUR;MWh;NO;NO;;49.16;49.16;49.16;-1;DOWN
2025-09-29T10:30;2025-09-29T10:45;43;EUR;MWh;NO;NO;113.99;47.16;113.99;47.16;2;UP_AND_DOWN
2025-09-29T10:45;2025-09-29T11:00;44;EUR;MWh;NO;NO;97.12;49.57;97.12;49.57;2;UP_AND_DOWN
2025-09-29T11:00;2025-09-29T11:15;45;EUR;MWh;NO;NO;;22.88;22.88;22.88;-1;DOWN
2025-09-29T11:15;2025-09-29T11:30;46;EUR;MWh;NO;NO;58.56;62.16;62.16;62.16;-1;DOWN
2025-09-29T11:30;2025-09-29T11:45;47;EUR;MWh;NO;NO;;33;33;33;-1;DOWN
2025-09-29T11:45;2025-09-29T12:00;48;EUR;MWh;NO;NO;;33;33;33;-1;DOWN
2025-09-29T12:00;2025-09-29T12:15;49;EUR;MWh;NO;NO;;15.51;15.51;15.51;-1;DOWN
2025-09-29T12:15;2025-09-29T12:30;50;EUR;MWh;NO;NO;;-30;-30;-30;-1;DOWN
2025-09-29T12:30;2025-09-29T12:45;51;EUR;MWh;NO;NO;;9.57;9.57;9.57;-1;DOWN
2025-09-29T12:45;2025-09-29T13:00;52;EUR;MWh;NO;NO;;29;29;29;-1;DOWN
2025-09-29T13:00;2025-09-29T13:15;53;EUR;MWh;NO;NO;58.56;49.57;49.57;49.57;-1;DOWN
2025-09-29T13:15;2025-09-29T13:30;54;EUR;MWh;NO;NO;;54.55;54.55;54.55;-1;DOWN
2025-09-29T13:30;2025-09-29T13:45;55;EUR;MWh;NO;NO;122.8;70.21;122.8;59.82;2;UP_AND_DOWN
2025-09-29T13:45;2025-09-29T14:00;56;EUR;MWh;NO;NO;122.8;;122.8;122.8;1;UP
2025-09-29T14:00;2025-09-29T14:15;57;EUR;MWh;NO;NO;107.16;71.63;107.16;59.82;2;UP_AND_DOWN
2025-09-29T14:15;2025-09-29T14:30;58;EUR;MWh;NO;NO;98.16;72.36;98.16;59.82;2;UP_AND_DOWN
2025-09-29T14:30;2025-09-29T14:45;59;EUR;MWh;NO;NO;96;62.16;96;59.82;2;UP_AND_DOWN
2025-09-29T14:45;2025-09-29T15:00;60;EUR;MWh;NO;NO;107.31;49.57;107.31;49.57;2;UP_AND_DOWN
2025-09-29T15:00;2025-09-29T15:15;61;EUR;MWh;NO;NO;;-.43;-.43;-.43;-1;DOWN
2025-09-29T15:15;2025-09-29T15:30;62;EUR;MWh;NO;NO;97;21.63;21.63;21.63;-1;DOWN
2025-09-29T15:30;2025-09-29T15:45;63;EUR;MWh;NO;NO;122.6;68.09;122.6;59.82;2;UP_AND_DOWN
2025-09-29T15:45;2025-09-29T16:00;64;EUR;MWh;NO;NO;135;66.73;135;59.82;2;UP_AND_DOWN
2025-09-29T16:00;2025-09-29T16:15;65;EUR;MWh;NO;NO;68.56;47.16;68.56;47.16;2;UP_AND_DOWN
2025-09-29T16:15;2025-09-29T16:30;66;EUR;MWh;NO;NO;144;;144;144;1;UP
2025-09-29T16:30;2025-09-29T16:45;67;EUR;MWh;NO;NO;166;74.63;166;59.82;2;UP_AND_DOWN
2025-09-29T16:45;2025-09-29T17:00;68;EUR;MWh;NO;NO;166;46.63;166;46.63;2;UP_AND_DOWN
2025-09-29T17:00;2025-09-29T17:15;69;EUR;MWh;NO;NO;109;24.96;109;24.96;2;UP_AND_DOWN
2025-09-29T17:15;2025-09-29T17:30;70;EUR;MWh;NO;NO;122.1;55.39;122.1;55.39;2;UP_AND_DOWN
2025-09-29T17:30;2025-09-29T17:45;71;EUR;MWh;NO;NO;122.8;64.57;122.8;61.5;2;UP_AND_DOWN
2025-09-29T17:45;2025-09-29T18:00;72;EUR;MWh;NO;NO;125.4;75.49;125.4;125.4;1;UP
2025-09-29T18:00;2025-09-29T18:15;73;EUR;MWh;NO;NO;125.4;25.39;25.39;25.39;-1;DOWN
2025-09-29T18:15;2025-09-29T18:30;74;EUR;MWh;NO;NO;;62.48;62.48;62.48;-1;DOWN
2025-09-29T18:30;2025-09-29T18:45;75;EUR;MWh;NO;NO;109;72.98;109;61.5;2;UP_AND_DOWN
2025-09-29T18:45;2025-09-29T19:00;76;EUR;MWh;NO;NO;98.56;78.49;98.56;61.5;2;UP_AND_DOWN
2025-09-29T19:00;2025-09-29T19:15;77;EUR;MWh;NO;NO;109;80.73;109;109;1;UP
2025-09-29T19:15;2025-09-29T19:30;78;EUR;MWh;NO;NO;109;;109;109;1;UP
2025-09-29T19:30;2025-09-29T19:45;79;EUR;MWh;NO;NO;94.8;;94.8;94.8;1;UP
2025-09-29T19:45;2025-09-29T20:00;80;EUR;MWh;NO;NO;94.97;;94.97;94.97;1;UP
2025-09-29T20:00;2025-09-29T20:15;81;EUR;MWh;NO;NO;108;80.82;108;108;1;UP
2025-09-29T20:15;2025-09-29T20:30;82;EUR;MWh;NO;NO;92.95;83;92.95;61.5;2;UP_AND_DOWN
2025-09-29T20:30;2025-09-29T20:45;83;EUR;MWh;NO;NO;108;72.98;108;61.5;2;UP_AND_DOWN
2025-09-29T20:45;2025-09-29T21:00;84;EUR;MWh;NO;NO;58.56;64.57;61.5;61.5;2;UP_AND_DOWN
2025-09-29T21:00;2025-09-29T21:15;85;EUR;MWh;NO;NO;166;73.39;166;61.5;2;UP_AND_DOWN
2025-09-29T21:15;2025-09-29T21:30;86;EUR;MWh;NO;NO;108;80.32;108;61.5;2;UP_AND_DOWN
2025-09-29T21:30;2025-09-29T21:45;87;EUR;MWh;NO;NO;108;80.45;108;61.5;2;UP_AND_DOWN
2025-09-29T21:45;2025-09-29T22:00;88;EUR;MWh;NO;NO;107.8;79.02;107.8;61.5;2;UP_AND_DOWN
2025-09-29T22:00;2025-09-29T22:15;89;EUR;MWh;NO;NO;125.4;72.89;125.4;61.5;2;UP_AND_DOWN
2025-09-29T22:15;2025-09-29T22:30;90;EUR;MWh;NO;NO;108;;108;108;1;UP
2025-09-29T22:30;2025-09-29T22:45;91;EUR;MWh;NO;NO;100;;100;100;1;UP
2025-09-29T22:45;2025-09-29T23:00;92;EUR;MWh;NO;NO;94.35;76.17;94.35;61.5;2;UP_AND_DOWN
2025-09-29T23:00;2025-09-29T23:15;93;EUR;MWh;NO;NO;43;78.39;78.39;78.39;-1;DOWN
2025-09-29T23:15;2025-09-29T23:30;94;EUR;MWh;NO;NO;;76.49;76.49;76.49;-1;DOWN
2025-09-29T23:30;2025-09-29T23:45;95;EUR;MWh;NO;NO;43;71.83;71.83;71.83;-1;DOWN
2025-09-29T23:45;2025-09-30T00:00;96;EUR;MWh;NO;NO;43;64.57;64.57;64.57;-1;DOWN
2025-09-30T00:00;2025-09-30T00:15;1;EUR;MWh;NO;NO;43;62.97;62.97;62.97;-1;DOWN
2025-09-30T00:15;2025-09-30T00:30;2;EUR;MWh;NO;NO;;75.86;75.86;75.86;-1;DOWN
2025-09-30T00:30;2025-09-30T00:45;3;EUR;MWh;NO;NO;;64.21;64.21;64.21;-1;DOWN
2025-09-30T00:45;2025-09-30T01:00;4;EUR;MWh;NO;NO;86.31;70.67;86.31;61;2;UP_AND_DOWN
2025-09-30T01:00;2025-09-30T01:15;5;EUR;MWh;NO;NO;110.47;75.65;110.47;61;2;UP_AND_DOWN
2025-09-30T01:15;2025-09-30T01:30;6;EUR;MWh;NO;NO;43;;43;43;1;UP
2025-09-30T01:30;2025-09-30T01:45;7;EUR;MWh;NO;NO;43;80.77;61;61;0;STABLE
2025-09-30T01:45;2025-09-30T02:00;8;EUR;MWh;NO;NO;43;79.57;79.57;79.57;-1;DOWN
2025-09-30T02:00;2025-09-30T02:15;9;EUR;MWh;NO;NO;90.53;72.16;90.53;61;2;UP_AND_DOWN
2025-09-30T02:15;2025-09-30T02:30;10;EUR;MWh;NO;NO;;76.79;76.79;76.79;-1;DOWN
2025-09-30T02:30;2025-09-30T02:45;11;EUR;MWh;NO;NO;43;79.57;79.57;79.57;-1;DOWN
2025-09-30T02:45;2025-09-30T03:00;12;EUR;MWh;NO;NO;43;73.29;73.29;73.29;-1;DOWN
2025-09-30T03:00;2025-09-30T03:15;13;EUR;MWh;NO;NO;;79.57;79.57;79.57;-1;DOWN
2025-09-30T03:15;2025-09-30T03:30;14;EUR;MWh;NO;NO;;;61;61;0;STABLE
2025-09-30T03:30;2025-09-30T03:45;15;EUR;MWh;NO;NO;;;61;61;0;STABLE
2025-09-30T03:45;2025-09-30T04:00;16;EUR;MWh;NO;NO;;59.89;59.89;59.89;-1;DOWN
2025-09-30T04:00;2025-09-30T04:15;17;EUR;MWh;NO;NO;;71.09;71.09;71.09;-1;DOWN
2025-09-30T04:15;2025-09-30T04:30;18;EUR;MWh;NO;NO;43;80.09;61;61;0;STABLE
2025-09-30T04:30;2025-09-30T04:45;19;EUR;MWh;NO;NO;43;;43;43;1;UP
2025-09-30T04:45;2025-09-30T05:00;20;EUR;MWh;NO;NO;43;67.39;67.39;67.39;-1;DOWN
2025-09-30T05:00;2025-09-30T05:15;21;EUR;MWh;NO;NO;;51.91;51.91;51.91;-1;DOWN
2025-09-30T05:15;2025-09-30T05:30;22;EUR;MWh;NO;NO;43;62.16;61.5;61.5;2;UP_AND_DOWN
2025-09-30T05:30;2025-09-30T05:45;23;EUR;MWh;NO;NO;43;69.16;69.16;69.16;-1;DOWN
2025-09-30T05:45;2025-09-30T06:00;24;EUR;MWh;NO;NO;;60.75;60.75;60.75;-1;DOWN
2025-09-30T06:00;2025-09-30T06:15;25;EUR;MWh;NO;NO;135.3;55.6;135.3;55.6;2;UP_AND_DOWN
2025-09-30T06:15;2025-09-30T06:30;26;EUR;MWh;NO;NO;130;64.57;130;61.5;2;UP_AND_DOWN
2025-09-30T06:30;2025-09-30T06:45;27;EUR;MWh;NO;NO;158.5;60.75;158.5;60.75;2;UP_AND_DOWN
2025-09-30T06:45;2025-09-30T07:00;28;EUR;MWh;NO;NO;164;;164;164;1;UP
2025-09-30T07:00;2025-09-30T07:15;29;EUR;MWh;NO;NO;158.5;;158.5;158.5;1;UP
2025-09-30T07:15;2025-09-30T07:30;30;EUR;MWh;NO;NO;135.3;;135.3;135.3;1;UP
2025-09-30T07:30;2025-09-30T07:45;31;EUR;MWh;NO;NO;135.3;;135.3;135.3;1;UP
2025-09-30T07:45;2025-09-30T08:00;32;EUR;MWh;NO;NO;144;;144;144;1;UP
2025-09-30T08:00;2025-09-30T08:15;33;EUR;MWh;NO;NO;158.5;;158.5;158.5;1;UP
2025-09-30T08:15;2025-09-30T08:30;34;EUR;MWh;NO;NO;158.5;83;158.5;158.5;1;UP
2025-09-30T08:30;2025-09-30T08:45;35;EUR;MWh;NO;NO;140;83;140;61.5;2;UP_AND_DOWN
2025-09-30T08:45;2025-09-30T09:00;36;EUR;MWh;NO;NO;135.3;80.77;135.3;61.5;2;UP_AND_DOWN
2025-09-30T09:00;2025-09-30T09:15;37;EUR;MWh;NO;NO;147;71.6;147;61.5;2;UP_AND_DOWN
2025-09-30T09:15;2025-09-30T09:30;38;EUR;MWh;NO;NO;135.3;73.09;135.3;61.5;2;UP_AND_DOWN
2025-09-30T09:30;2025-09-30T09:45;39;EUR;MWh;NO;NO;89.37;76.59;89.37;61.5;2;UP_AND_DOWN
2025-09-30T09:45;2025-09-30T10:00;40;EUR;MWh;NO;NO;43;71.7;71.7;71.7;-1;DOWN
2025-09-30T10:00;2025-09-30T10:15;41;EUR;MWh;NO;NO;147;80.77;147;61.5;2;UP_AND_DOWN
2025-09-30T10:15;2025-09-30T10:30;42;EUR;MWh;NO;NO;147;70.95;147;61.5;2;UP_AND_DOWN
2025-09-30T10:30;2025-09-30T10:45;43;EUR;MWh;NO;NO;;70.75;70.75;70.75;-1;DOWN
2025-09-30T10:45;2025-09-30T11:00;44;EUR;MWh;NO;NO;100;54.81;100;54.81;2;UP_AND_DOWN
2025-09-30T11:00;2025-09-30T11:15;45;EUR;MWh;NO;NO;135.3;67.61;135.3;61.5;2;UP_AND_DOWN
2025-09-30T11:15;2025-09-30T11:30;46;EUR;MWh;NO;NO;85.73;72.71;85.73;61.5;2;UP_AND_DOWN
2025-09-30T11:30;2025-09-30T11:45;47;EUR;MWh;NO;NO;100.73;72.71;100.73;61.5;2;UP_AND_DOWN
2025-09-30T11:45;2025-09-30T12:00;48;EUR;MWh;NO;NO;94.83;68.7;94.83;61.5;2;UP_AND_DOWN
2025-09-30T12:00;2025-09-30T12:15;49;EUR;MWh;NO;NO;140;79.57;140;60.05;2;UP_AND_DOWN
2025-09-30T12:15;2025-09-30T12:30;50;EUR;MWh;NO;NO;135.3;69.61;135.3;60.05;2;UP_AND_DOWN
2025-09-30T12:30;2025-09-30T12:45;51;EUR;MWh;NO;NO;100;67.71;100;59.79;2;UP_AND_DOWN
2025-09-30T12:45;2025-09-30T13:00;52;EUR;MWh;NO;NO;100;49.57;49.57;49.57;-1;DOWN
2025-09-30T13:00;2025-09-30T13:15;53;EUR;MWh;NO;NO;;54.07;54.07;54.07;-1;DOWN
2025-09-30T13:15;2025-09-30T13:30;54;EUR;MWh;NO;NO;;46.6;46.6;46.6;-1;DOWN
2025-09-30T13:30;2025-09-30T13:45;55;EUR;MWh;NO;NO;;39.61;39.61;39.61;-1;DOWN
2025-09-30T13:45;2025-09-30T14:00;56;EUR;MWh;NO;NO;;44.98;44.98;44.98;-1;DOWN
2025-09-30T14:00;2025-09-30T14:15;57;EUR;MWh;NO;NO;92;61.01;92;92;1;UP
2025-09-30T14:15;2025-09-30T14:30;58;EUR;MWh;NO;NO;90.73;79.57;90.73;90.73;1;UP
2025-09-30T14:30;2025-09-30T14:45;59;EUR;MWh;NO;NO;90.73;79.57;90.73;90.73;1;UP
2025-09-30T14:45;2025-09-30T15:00;60;EUR;MWh;NO;NO;81.02;60.11;81.02;59.79;2;UP_AND_DOWN
2025-09-30T15:00;2025-09-30T15:15;61;EUR;MWh;NO;NO;;38.92;38.92;38.92;-1;DOWN
2025-09-30T15:15;2025-09-30T15:30;62;EUR;MWh;NO;NO;92;51.91;92;51.91;2;UP_AND_DOWN
2025-09-30T15:30;2025-09-30T15:45;63;EUR;MWh;NO;NO;92;58.11;92;58.11;2;UP_AND_DOWN
2025-09-30T15:45;2025-09-30T16:00;64;EUR;MWh;NO;NO;95.73;77.41;95.73;61.5;2;UP_AND_DOWN
2025-09-30T16:00;2025-09-30T16:15;65;EUR;MWh;NO;NO;95.73;64.57;64.57;64.57;-1;DOWN
2025-09-30T16:15;2025-09-30T16:30;66;EUR;MWh;NO;NO;78;51.91;51.91;51.91;-1;DOWN
2025-09-30T16:30;2025-09-30T16:45;67;EUR;MWh;NO;NO;70;61.7;70;61.5;2;UP_AND_DOWN
2025-09-30T16:45;2025-09-30T17:00;68;EUR;MWh;NO;NO;95.73;80.77;95.73;95.73;1;UP
2025-09-30T17:00;2025-09-30T17:15;69;EUR;MWh;NO;NO;92;52.75;92;52.75;2;UP_AND_DOWN
2025-09-30T17:15;2025-09-30T17:30;70;EUR;MWh;NO;NO;99;61.6;99;61.5;2;UP_AND_DOWN
2025-09-30T17:30;2025-09-30T17:45;71;EUR;MWh;NO;NO;158.5;75.36;158.5;61.5;2;UP_AND_DOWN
2025-09-30T17:45;2025-09-30T18:00;72;EUR;MWh;NO;NO;158.5;;158.5;158.5;1;UP
2025-09-30T18:00;2025-09-30T18:15;73;EUR;MWh;NO;NO;97;65.75;97;61.5;2;UP_AND_DOWN
2025-09-30T18:15;2025-09-30T18:30;74;EUR;MWh;NO;NO;104.37;75.75;104.37;61.5;2;UP_AND_DOWN
2025-09-30T18:30;2025-09-30T18:45;75;EUR;MWh;NO;NO;158.5;;158.5;158.5;1;UP
2025-09-30T18:45;2025-09-30T19:00;76;EUR;MWh;NO;NO;161.1;;161.1;161.1;1;UP
2025-09-30T19:00;2025-09-30T19:15;77;EUR;MWh;NO;NO;129.37;;129.37;129.37;1;UP
2025-09-30T19:15;2025-09-30T19:30;78;EUR;MWh;NO;NO;164;;164;164;1;UP
2025-09-30T19:30;2025-09-30T19:45;79;EUR;MWh;NO;NO;135.3;;135.3;135.3;1;UP
2025-09-30T19:45;2025-09-30T20:00;80;EUR;MWh;NO;NO;145;;145;145;1;UP
2025-09-30T20:00;2025-09-30T20:15;81;EUR;MWh;NO;NO;158.5;83;158.5;158.5;1;UP
2025-09-30T20:15;2025-09-30T20:30;82;EUR;MWh;NO;NO;140;74;140;61.5;2;UP_AND_DOWN
2025-09-30T20:30;2025-09-30T20:45;83;EUR;MWh;NO;NO;158.5;74;158.5;61.5;2;UP_AND_DOWN
2025-09-30T20:45;2025-09-30T21:00;84;EUR;MWh;NO;NO;158.5;74;158.5;61.5;2;UP_AND_DOWN
2025-09-30T21:00;2025-09-30T21:15;85;EUR;MWh;NO;NO;43;74;74;74;-1;DOWN
2025-09-30T21:15;2025-09-30T21:30;86;EUR;MWh;NO;NO;129.37;80.19;129.37;61.5;2;UP_AND_DOWN
2025-09-30T21:30;2025-09-30T21:45;87;EUR;MWh;NO;NO;135.3;83;135.3;61.5;2;UP_AND_DOWN
2025-09-30T21:45;2025-09-30T22:00;88;EUR;MWh;NO;NO;87;69.51;87;61.5;2;UP_AND_DOWN
2025-09-30T22:00;2025-09-30T22:15;89;EUR;MWh;NO;NO;113.4;70.65;113.4;61.5;2;UP_AND_DOWN
2025-09-30T22:15;2025-09-30T22:30;90;EUR;MWh;NO;NO;135.3;73.99;135.3;61.5;2;UP_AND_DOWN
2025-09-30T22:30;2025-09-30T22:45;91;EUR;MWh;NO;NO;43;73;73;73;-1;DOWN
2025-09-30T22:45;2025-09-30T23:00;92;EUR;MWh;NO;NO;90.73;69;90.73;61.5;2;UP_AND_DOWN
2025-09-30T23:00;2025-09-30T23:15;93;EUR;MWh;NO;NO;101.41;68.7;101.41;61.5;2;UP_AND_DOWN
2025-09-30T23:15;2025-09-30T23:30;94;EUR;MWh;NO;NO;100.73;83;100.73;100.73;1;UP
2025-09-30T23:30;2025-09-30T23:45;95;EUR;MWh;NO;NO;135.3;;135.3;135.3;1;UP
2025-09-30T23:45;2025-10-01T00:00;96;EUR;MWh;NO;NO;135.3;;135.3;135.3;1;UP
