Timeinterval Start Loc;Timeinterval End Loc;Isp;Currency Unit Name;Price Measurement Unit Name;Incident Reserve Up;Incident Reserve Down;Price Dispatch Up;Price Dispatch Down;Price Shortage;Price Surplus;Regulation State;Regulating Condition
2025-11-01T00:00;2025-11-01T00:15;1;EUR;MWh;NO;NO;;-48,6;-48,6;-48,6;-1;DOWN
2025-11-01T00:15;2025-11-01T00:30;2;EUR;MWh;NO;NO;40;-11,42;50,56;-11,42;2;UP_AND_DOWN
2025-11-01T00:30;2025-11-01T00:45;3;EUR;MWh;NO;NO;77,95;-4;77,95;-4;2;UP_AND_DOWN
2025-11-01T00:45;2025-11-01T01:00;4;EUR;MWh;NO;NO;;-31,91;-31,91;-31,91;-1;DOWN
2025-11-01T01:00;2025-11-01T01:15;5;EUR;MWh;NO;NO;;-35;-35;-35;-1;DOWN
2025-11-01T01:15;2025-11-01T01:30;6;EUR;MWh;NO;NO;77,95;-2,53;77,95;-2,53;2;UP_AND_DOWN
2025-11-01T01:30;2025-11-01T01:45;7;EUR;MWh;NO;NO;69;8;69;8;2;UP_AND_DOWN
2025-11-01T01:45;2025-11-01T02:00;8;EUR;MWh;NO;NO;58;-30;58;-30;2;UP_AND_DOWN
2025-11-01T02:00;2025-11-01T02:15;9;EUR;MWh;NO;NO;;-26,71;-26,71;-26,71;-1;DOWN
2025-11-01T02:15;2025-11-01T02:30;10;EUR;MWh;NO;NO;;-11,42;-11,42;-11,42;-1;DOWN
2025-11-01T02:30;2025-11-01T02:45;11;EUR;MWh;NO;NO;;-11,42;-11,42;-11,42;-1;DOWN
2025-11-01T02:45;2025-11-01T03:00;12;EUR;MWh;NO;NO;;-13,35;-13,35;-13,35;-1;DOWN
2025-11-01T03:00;2025-11-01T03:15;13;EUR;MWh;NO;NO;;-4;-4;-4;-1;DOWN
2025-11-01T03:15;2025-11-01T03:30;14;EUR;MWh;NO;NO;57;-10,63;57;-10,63;2;UP_AND_DOWN
2025-11-01T03:30;2025-11-01T03:45;15;EUR;MWh;NO;NO;;-10,63;-10,63;-10,63;-1;DOWN
2025-11-01T03:45;2025-11-01T04:00;16;EUR;MWh;NO;NO;41;-4;-4;-4;-1;DOWN
2025-11-01T04:00;2025-11-01T04:15;17;EUR;MWh;NO;NO;;-10,27;-10,27;-10,27;-1;DOWN
2025-11-01T04:15;2025-11-01T04:30;18;EUR;MWh;NO;NO;57;-11,42;57;-11,42;2;UP_AND_DOWN
2025-11-01T04:30;2025-11-01T04:45;19;EUR;MWh;NO;NO;57;-11,42;57;-11,42;2;UP_AND_DOWN
2025-11-01T04:45;2025-11-01T05:00;20;EUR;MWh;NO;NO;;-16,42;-16,42;-16,42;-1;DOWN
2025-11-01T05:00;2025-11-01T05:15;21;EUR;MWh;NO;NO;77,95;-11,42;77,95;-11,42;2;UP_AND_DOWN
2025-11-01T05:15;2025-11-01T05:30;22;EUR;MWh;NO;NO;96;-4;96;-4;2;UP_AND_DOWN
2025-11-01T05:30;2025-11-01T05:45;23;EUR;MWh;NO;NO;105;;105;0;2;UP_AND_DOWN
2025-11-01T05:45;2025-11-01T06:00;24;EUR;MWh;NO;NO;114,98;;114,98;114,98;1;UP
2025-11-01T06:00;2025-11-01T06:15;25;EUR;MWh;NO;NO;105;;105;105;1;UP
2025-11-01T06:15;2025-11-01T06:30;26;EUR;MWh;NO;NO;132,8;;132,8;132,8;1;UP
2025-11-01T06:30;2025-11-01T06:45;27;EUR;MWh;NO;NO;92,06;;92,06;92,06;1;UP
2025-11-01T06:45;2025-11-01T07:00;28;EUR;MWh;NO;NO;77,95;60;77,95;77,95;1;UP
2025-11-01T07:00;2025-11-01T07:15;29;EUR;MWh;NO;NO;77,95;-45;-45;-45;-1;DOWN
2025-11-01T07:15;2025-11-01T07:30;30;EUR;MWh;NO;NO;41;-10,63;-10,63;-10,63;-1;DOWN
2025-11-01T07:30;2025-11-01T07:45;31;EUR;MWh;NO;NO;;-30;-30;-30;-1;DOWN
2025-11-01T07:45;2025-11-01T08:00;32;EUR;MWh;NO;NO;67,95;-15,55;67,95;-15,55;2;UP_AND_DOWN
2025-11-01T08:00;2025-11-01T08:15;33;EUR;MWh;NO;NO;78;-35,39;78;-35,39;2;UP_AND_DOWN
2025-11-01T08:15;2025-11-01T08:30;34;EUR;MWh;NO;NO;67,95;-11,42;67,95;-11,42;2;UP_AND_DOWN
2025-11-01T08:30;2025-11-01T08:45;35;EUR;MWh;NO;NO;46,77;-4;60,5;-4;2;UP_AND_DOWN
2025-11-01T08:45;2025-11-01T09:00;36;EUR;MWh;NO;NO;41;;0;0;-1;DOWN
2025-11-01T09:00;2025-11-01T09:15;37;EUR;MWh;NO;NO;150;;150;0;2;UP_AND_DOWN
2025-11-01T09:15;2025-11-01T09:30;38;EUR;MWh;NO;NO;132,8;13;132,8;13;2;UP_AND_DOWN
2025-11-01T09:30;2025-11-01T09:45;39;EUR;MWh;NO;NO;77,95;-4;77,95;-4;2;UP_AND_DOWN
2025-11-01T09:45;2025-11-01T10:00;40;EUR;MWh;NO;NO;77,95;-24,72;-24,72;-24,72;-1;DOWN
2025-11-01T10:00;2025-11-01T10:15;41;EUR;MWh;NO;NO;45;-4;60,5;-4;2;UP_AND_DOWN
2025-11-01T10:15;2025-11-01T10:30;42;EUR;MWh;NO;NO;150;7,95;150;7,95;2;UP_AND_DOWN
2025-11-01T10:30;2025-11-01T10:45;43;EUR;MWh;NO;NO;161,3;;161,3;161,3;1;UP
2025-11-01T10:45;2025-11-01T11:00;44;EUR;MWh;NO;NO;87,95;25;87,95;25;2;UP_AND_DOWN
2025-11-01T11:00;2025-11-01T11:15;45;EUR;MWh;NO;NO;63;-9,25;63;-9,25;2;UP_AND_DOWN
2025-11-01T11:15;2025-11-01T11:30;46;EUR;MWh;NO;NO;92,56;;92,56;92,56;1;UP
2025-11-01T11:30;2025-11-01T11:45;47;EUR;MWh;NO;NO;100;47;100;100;1;UP
2025-11-01T11:45;2025-11-01T12:00;48;EUR;MWh;NO;NO;40;50;60,5;60,5;0;STABLE
2025-11-01T12:00;2025-11-01T12:15;49;EUR;MWh;NO;NO;;-9,24;-9,24;-9,24;-1;DOWN
2025-11-01T12:15;2025-11-01T12:30;50;EUR;MWh;NO;NO;;69;69;69;-1;DOWN
2025-11-01T12:30;2025-11-01T12:45;51;EUR;MWh;NO;NO;100;69;100;60,5;2;UP_AND_DOWN
2025-11-01T12:45;2025-11-01T13:00;52;EUR;MWh;NO;NO;105;;105;105;1;UP
2025-11-01T13:00;2025-11-01T13:15;53;EUR;MWh;NO;NO;132,8;-30;132,8;-30;2;UP_AND_DOWN
2025-11-01T13:15;2025-11-01T13:30;54;EUR;MWh;NO;NO;100;1;100;1;2;UP_AND_DOWN
2025-11-01T13:30;2025-11-01T13:45;55;EUR;MWh;NO;NO;132,8;;132,8;132,8;1;UP
2025-11-01T13:45;2025-11-01T14:00;56;EUR;MWh;NO;NO;140;;140;140;1;UP
2025-11-01T14:00;2025-11-01T14:15;57;EUR;MWh;NO;NO;94;;94;94;1;UP
2025-11-01T14:15;2025-11-01T14:30;58;EUR;MWh;NO;NO;77,95;;77,95;77,95;1;UP
2025-11-01T14:30;2025-11-01T14:45;59;EUR;MWh;NO;NO;77,95;-12,34;-12,34;-12,34;-1;DOWN
2025-11-01T14:45;2025-11-01T15:00;60;EUR;MWh;NO;NO;;-11,42;-11,42;-11,42;-1;DOWN
2025-11-01T15:00;2025-11-01T15:15;61;EUR;MWh;NO;NO;77,95;-30;77,95;-30;2;UP_AND_DOWN
2025-11-01T15:15;2025-11-01T15:30;62;EUR;MWh;NO;NO;;-18,77;-18,77;-18,77;-1;DOWN
2025-11-01T15:30;2025-11-01T15:45;63;EUR;MWh;NO;NO;;-43,8;-43,8;-43,8;-1;DOWN
2025-11-01T15:45;2025-11-01T16:00;64;EUR;MWh;NO;NO;;-28,62;-28,62;-28,62;-1;DOWN
2025-11-01T16:00;2025-11-01T16:15;65;EUR;MWh;NO;NO;132,8;-28,62;132,8;132,8;1;UP
2025-11-01T16:15;2025-11-01T16:30;66;EUR;MWh;NO;NO;100;;100;100;1;UP
2025-11-01T16:30;2025-11-01T16:45;67;EUR;MWh;NO;NO;100;81;100;100;1;UP
2025-11-01T16:45;2025-11-01T17:00;68;EUR;MWh;NO;NO;62;81;62;62;1;UP
2025-11-01T17:00;2025-11-01T17:15;69;EUR;MWh;NO;NO;161,3;-19,67;161,3;-19,67;2;UP_AND_DOWN
2025-11-01T17:15;2025-11-01T17:30;70;EUR;MWh;NO;NO;67,95;60;67,95;60;2;UP_AND_DOWN
2025-11-01T17:30;2025-11-01T17:45;71;EUR;MWh;NO;NO;68;60;68;60;2;UP_AND_DOWN
2025-11-01T17:45;2025-11-01T18:00;72;EUR;MWh;NO;NO;77,95;25;77,95;25;2;UP_AND_DOWN
2025-11-01T18:00;2025-11-01T18:15;73;EUR;MWh;NO;NO;132,8;62;132,8;60,5;2;UP_AND_DOWN
2025-11-01T18:15;2025-11-01T18:30;74;EUR;MWh;NO;NO;132,8;25;25;25;-1;DOWN
2025-11-01T18:30;2025-11-01T18:45;75;EUR;MWh;NO;NO;;7,95;7,95;7,95;-1;DOWN
2025-11-01T18:45;2025-11-01T19:00;76;EUR;MWh;NO;NO;41;41;41;41;-1;DOWN
2025-11-01T19:00;2025-11-01T19:15;77;EUR;MWh;NO;NO;41;50,51;50,51;50,51;-1;DOWN
2025-11-01T19:15;2025-11-01T19:30;78;EUR;MWh;NO;NO;41;42;60,5;42;2;UP_AND_DOWN
2025-11-01T19:30;2025-11-01T19:45;79;EUR;MWh;NO;NO;67,95;42;67,95;42;2;UP_AND_DOWN
2025-11-01T19:45;2025-11-01T20:00;80;EUR;MWh;NO;NO;77,95;;77,95;77,95;1;UP
2025-11-01T20:00;2025-11-01T20:15;81;EUR;MWh;NO;NO;67,95;71,98;67,95;60;2;UP_AND_DOWN
2025-11-01T20:15;2025-11-01T20:30;82;EUR;MWh;NO;NO;77,95;;77,95;77,95;1;UP
2025-11-01T20:30;2025-11-01T20:45;83;EUR;MWh;NO;NO;59;79,98;60,5;60,5;2;UP_AND_DOWN
2025-11-01T20:45;2025-11-01T21:00;84;EUR;MWh;NO;NO;;14,03;14,03;14,03;-1;DOWN
2025-11-01T21:00;2025-11-01T21:15;85;EUR;MWh;NO;NO;67,95;-17,59;67,95;-17,59;2;UP_AND_DOWN
2025-11-01T21:15;2025-11-01T21:30;86;EUR;MWh;NO;NO;;-10,24;-10,24;-10,24;-1;DOWN
2025-11-01T21:30;2025-11-01T21:45;87;EUR;MWh;NO;NO;;-10,24;-10,24;-10,24;-1;DOWN
2025-11-01T21:45;2025-11-01T22:00;88;EUR;MWh;NO;NO;;-26,9;-26,9;-26,9;-1;DOWN
2025-11-01T22:00;2025-11-01T22:15;89;EUR;MWh;NO;NO;45;-25,1;-25,1;-25,1;-1;DOWN
2025-11-01T22:15;2025-11-01T22:30;90;EUR;MWh;NO;NO;53;-11,42;-11,42;-11,42;-1;DOWN
2025-11-01T22:30;2025-11-01T22:45;91;EUR;MWh;NO;NO;77,95;-4;77,95;-4;2;UP_AND_DOWN
2025-11-01T22:45;2025-11-01T23:00;92;EUR;MWh;NO;NO;38;;0;0;-1;DOWN
2025-11-01T23:00;2025-11-01T23:15;93;EUR;MWh;NO;NO;38;8;8;8;-1;DOWN
2025-11-01T23:15;2025-11-01T23:30;94;EUR;MWh;NO;NO;;8;8;8;-1;DOWN
2025-11-01T23:30;2025-11-01T23:45;95;EUR;MWh;NO;NO;;-15,48;-15,48;-15,48;-1;DOWN
2025-11-01T23:45;2025-11-02T00:00;96;EUR;MWh;NO;NO;41;-28,28;-28,28;-28,28;-1;DOWN
2025-11-02T00:00;2025-11-02T00:15;1;EUR;MWh;NO;NO;80,72;24;80,72;24;2;UP_AND_DOWN
2025-11-02T00:15;2025-11-02T00:30;2;EUR;MWh;NO;NO;39;;39;39;1;UP
2025-11-02T00:30;2025-11-02T00:45;3;EUR;MWh;NO;NO;38;56,64;56,64;56,64;-1;DOWN
2025-11-02T00:45;2025-11-02T01:00;4;EUR;MWh;NO;NO;;14;14;14;-1;DOWN
2025-11-02T01:00;2025-11-02T01:15;5;EUR;MWh;NO;NO;80,72;14;80,72;80,72;1;UP
2025-11-02T01:15;2025-11-02T01:30;6;EUR;MWh;NO;NO;92,02;;92,02;92,02;1;UP
2025-11-02T01:30;2025-11-02T01:45;7;EUR;MWh;NO;NO;131,6;;131,6;131,6;1;UP
2025-11-02T01:45;2025-11-02T02:00;8;EUR;MWh;NO;NO;138,93;;138,93;138,93;1;UP
2025-11-02T02:00;2025-11-02T02:15;9;EUR;MWh;NO;NO;131,6;;131,6;131,6;1;UP
2025-11-02T02:15;2025-11-02T02:30;10;EUR;MWh;NO;NO;140;;140;140;1;UP
2025-11-02T02:30;2025-11-02T02:45;11;EUR;MWh;NO;NO;131,6;;131,6;131,6;1;UP
2025-11-02T02:45;2025-11-02T03:00;12;EUR;MWh;NO;NO;105;;105;105;1;UP
2025-11-02T03:00;2025-11-02T03:15;13;EUR;MWh;NO;NO;105;80;80;80;-1;DOWN
2025-11-02T03:15;2025-11-02T03:30;14;EUR;MWh;NO;NO;78,68;85;78,68;62,5;2;UP_AND_DOWN
2025-11-02T03:30;2025-11-02T03:45;15;EUR;MWh;NO;NO;131,6;;131,6;131,6;1;UP
2025-11-02T03:45;2025-11-02T04:00;16;EUR;MWh;NO;NO;160,6;;160,6;160,6;1;UP
2025-11-02T04:00;2025-11-02T04:15;17;EUR;MWh;NO;NO;131,6;;131,6;131,6;1;UP
2025-11-02T04:15;2025-11-02T04:30;18;EUR;MWh;NO;NO;131,6;;131,6;131,6;1;UP
2025-11-02T04:30;2025-11-02T04:45;19;EUR;MWh;NO;NO;100;;100;100;1;UP
2025-11-02T04:45;2025-11-02T05:00;20;EUR;MWh;NO;NO;131,6;;131,6;131,6;1;UP
2025-11-02T05:00;2025-11-02T05:15;21;EUR;MWh;NO;NO;99,02;;99,02;99,02;1;UP
2025-11-02T05:15;2025-11-02T05:30;22;EUR;MWh;NO;NO;99,02;;99,02;99,02;1;UP
2025-11-02T05:30;2025-11-02T05:45;23;EUR;MWh;NO;NO;89,27;86;89,27;63;2;UP_AND_DOWN
2025-11-02T05:45;2025-11-02T06:00;24;EUR;MWh;NO;NO;86,02;;86,02;86,02;1;UP
2025-11-02T06:00;2025-11-02T06:15;25;EUR;MWh;NO;NO;93,86;86;93,86;93,86;1;UP
2025-11-02T06:15;2025-11-02T06:30;26;EUR;MWh;NO;NO;93,86;;93,86;93,86;1;UP
2025-11-02T06:30;2025-11-02T06:45;27;EUR;MWh;NO;NO;89,27;;89,27;89,27;1;UP
2025-11-02T06:45;2025-11-02T07:00;28;EUR;MWh;NO;NO;50,54;86;50,54;50,54;1;UP
2025-11-02T07:00;2025-11-02T07:15;29;EUR;MWh;NO;NO;80,72;56,64;80,72;56,64;2;UP_AND_DOWN
2025-11-02T07:15;2025-11-02T07:30;30;EUR;MWh;NO;NO;;86;63;63;0;STABLE
2025-11-02T07:30;2025-11-02T07:45;31;EUR;MWh;NO;NO;;63,3;63,3;63,3;-1;DOWN
2025-11-02T07:45;2025-11-02T08:00;32;EUR;MWh;NO;NO;;63,3;63,3;63,3;-1;DOWN
2025-11-02T08:00;2025-11-02T08:15;33;EUR;MWh;NO;NO;80,72;56,64;80,72;56,64;2;UP_AND_DOWN
2025-11-02T08:15;2025-11-02T08:30;34;EUR;MWh;NO;NO;80,72;81;80,72;62;2;UP_AND_DOWN
2025-11-02T08:30;2025-11-02T08:45;35;EUR;MWh;NO;NO;;10;10;10;-1;DOWN
2025-11-02T08:45;2025-11-02T09:00;36;EUR;MWh;NO;NO;80,72;-30,6;80,72;-30,6;2;UP_AND_DOWN
2025-11-02T09:00;2025-11-02T09:15;37;EUR;MWh;NO;NO;86,14;20;86,14;20;2;UP_AND_DOWN
2025-11-02T09:15;2025-11-02T09:30;38;EUR;MWh;NO;NO;;42,18;42,18;42,18;-1;DOWN
2025-11-02T09:30;2025-11-02T09:45;39;EUR;MWh;NO;NO;;61,3;61,3;61,3;-1;DOWN
2025-11-02T09:45;2025-11-02T10:00;40;EUR;MWh;NO;NO;80,72;68;80,72;80,72;1;UP
2025-11-02T10:00;2025-11-02T10:15;41;EUR;MWh;NO;NO;131,6;;131,6;131,6;1;UP
2025-11-02T10:15;2025-11-02T10:30;42;EUR;MWh;NO;NO;101,14;;101,14;101,14;1;UP
2025-11-02T10:30;2025-11-02T10:45;43;EUR;MWh;NO;NO;92,14;27;92,14;27;2;UP_AND_DOWN
2025-11-02T10:45;2025-11-02T11:00;44;EUR;MWh;NO;NO;;-1;-1;-1;-1;DOWN
2025-11-02T11:00;2025-11-02T11:15;45;EUR;MWh;NO;NO;;-4;-4;-4;-1;DOWN
2025-11-02T11:15;2025-11-02T11:30;46;EUR;MWh;NO;NO;;-28;-28;-28;-1;DOWN
2025-11-02T11:30;2025-11-02T11:45;47;EUR;MWh;NO;NO;;-1;-1;-1;-1;DOWN
2025-11-02T11:45;2025-11-02T12:00;48;EUR;MWh;NO;NO;;-4;-4;-4;-1;DOWN
2025-11-02T12:00;2025-11-02T12:15;49;EUR;MWh;NO;NO;;-1;-1;-1;-1;DOWN
2025-11-02T12:15;2025-11-02T12:30;50;EUR;MWh;NO;NO;71;1;71;1;2;UP_AND_DOWN
2025-11-02T12:30;2025-11-02T12:45;51;EUR;MWh;NO;NO;89,02;56,64;89,02;89,02;1;UP
2025-11-02T12:45;2025-11-02T13:00;52;EUR;MWh;NO;NO;88,98;-34,4;88,98;-34,4;2;UP_AND_DOWN
2025-11-02T13:00;2025-11-02T13:15;53;EUR;MWh;NO;NO;78,68;-31,8;78,68;-31,8;2;UP_AND_DOWN
2025-11-02T13:15;2025-11-02T13:30;54;EUR;MWh;NO;NO;;-65;-65;-65;-1;DOWN
2025-11-02T13:30;2025-11-02T13:45;55;EUR;MWh;NO;NO;;-38;-38;-38;-1;DOWN
2025-11-02T13:45;2025-11-02T14:00;56;EUR;MWh;NO;NO;78,68;-31,8;78,68;-31,8;2;UP_AND_DOWN
2025-11-02T14:00;2025-11-02T14:15;57;EUR;MWh;NO;NO;78,68;-24,45;-24,45;-24,45;-1;DOWN
2025-11-02T14:15;2025-11-02T14:30;58;EUR;MWh;NO;NO;100;1;100;1;2;UP_AND_DOWN
2025-11-02T14:30;2025-11-02T14:45;59;EUR;MWh;NO;NO;131,6;;131,6;131,6;1;UP
2025-11-02T14:45;2025-11-02T15:00;60;EUR;MWh;NO;NO;92,12;;92,12;92,12;1;UP
2025-11-02T15:00;2025-11-02T15:15;61;EUR;MWh;NO;NO;63;7;63;7;2;UP_AND_DOWN
2025-11-02T15:15;2025-11-02T15:30;62;EUR;MWh;NO;NO;;81;60,5;60,5;0;STABLE
2025-11-02T15:30;2025-11-02T15:45;63;EUR;MWh;NO;NO;97;81;97;97;1;UP
2025-11-02T15:45;2025-11-02T16:00;64;EUR;MWh;NO;NO;92,22;81;92,22;60,5;2;UP_AND_DOWN
2025-11-02T16:00;2025-11-02T16:15;65;EUR;MWh;NO;NO;92,22;81;60,5;60,5;0;STABLE
2025-11-02T16:15;2025-11-02T16:30;66;EUR;MWh;NO;NO;;81;60,5;60,5;0;STABLE
2025-11-02T16:30;2025-11-02T16:45;67;EUR;MWh;NO;NO;;65,66;65,66;65,66;-1;DOWN
2025-11-02T16:45;2025-11-02T17:00;68;EUR;MWh;NO;NO;131,6;81;131,6;131,6;1;UP
2025-11-02T17:00;2025-11-02T17:15;69;EUR;MWh;NO;NO;96,92;81;96,92;96,92;1;UP
2025-11-02T17:15;2025-11-02T17:30;70;EUR;MWh;NO;NO;85,06;81;85,06;85,06;1;UP
2025-11-02T17:30;2025-11-02T17:45;71;EUR;MWh;NO;NO;;40,42;40,42;40,42;-1;DOWN
2025-11-02T17:45;2025-11-02T18:00;72;EUR;MWh;NO;NO;96;41;96;41;2;UP_AND_DOWN
2025-11-02T18:00;2025-11-02T18:15;73;EUR;MWh;NO;NO;105;75;105;60,5;2;UP_AND_DOWN
2025-11-02T18:15;2025-11-02T18:30;74;EUR;MWh;NO;NO;64,61;75;64,61;64,61;1;UP
2025-11-02T18:30;2025-11-02T18:45;75;EUR;MWh;NO;NO;80,72;;80,72;80,72;1;UP
2025-11-02T18:45;2025-11-02T19:00;76;EUR;MWh;NO;NO;75;81;81;81;-1;DOWN
2025-11-02T19:00;2025-11-02T19:15;77;EUR;MWh;NO;NO;80,72;81,09;80,72;80,72;1;UP
2025-11-02T19:15;2025-11-02T19:30;78;EUR;MWh;NO;NO;75;;75;75;1;UP
2025-11-02T19:30;2025-11-02T19:45;79;EUR;MWh;NO;NO;50,54;78,66;60,55;60,55;2;UP_AND_DOWN
2025-11-02T19:45;2025-11-02T20:00;80;EUR;MWh;NO;NO;41;73,22;73,22;73,22;-1;DOWN
2025-11-02T20:00;2025-11-02T20:15;81;EUR;MWh;NO;NO;105;71,48;105;60,64;2;UP_AND_DOWN
2025-11-02T20:15;2025-11-02T20:30;82;EUR;MWh;NO;NO;131,6;;131,6;131,6;1;UP
2025-11-02T20:30;2025-11-02T20:45;83;EUR;MWh;NO;NO;131,6;;131,6;131,6;1;UP
2025-11-02T20:45;2025-11-02T21:00;84;EUR;MWh;NO;NO;91,82;;91,82;91,82;1;UP
2025-11-02T21:00;2025-11-02T21:15;85;EUR;MWh;NO;NO;91,92;;91,92;91,92;1;UP
2025-11-02T21:15;2025-11-02T21:30;86;EUR;MWh;NO;NO;101;;101;101;1;UP
2025-11-02T21:30;2025-11-02T21:45;87;EUR;MWh;NO;NO;131,6;;131,6;131,6;1;UP
2025-11-02T21:45;2025-11-02T22:00;88;EUR;MWh;NO;NO;140;;140;140;1;UP
2025-11-02T22:00;2025-11-02T22:15;89;EUR;MWh;NO;NO;123;;123;123;1;UP
2025-11-02T22:15;2025-11-02T22:30;90;EUR;MWh;NO;NO;111,06;85;111,06;62,5;2;UP_AND_DOWN
2025-11-02T22:30;2025-11-02T22:45;91;EUR;MWh;NO;NO;92,46;81;92,46;64;2;UP_AND_DOWN
2025-11-02T22:45;2025-11-02T23:00;92;EUR;MWh;NO;NO;84,06;41,24;84,06;41,24;2;UP_AND_DOWN
2025-11-02T23:00;2025-11-02T23:15;93;EUR;MWh;NO;NO;;20;20;20;-1;DOWN
2025-11-02T23:15;2025-11-02T23:30;94;EUR;MWh;NO;NO;;46,18;46,18;46,18;-1;DOWN
2025-11-02T23:30;2025-11-02T23:45;95;EUR;MWh;NO;NO;;20;20;20;-1;DOWN
2025-11-02T23:45;2025-11-03T00:00;96;EUR;MWh;NO;NO;;20;20;20;-1;DOWN
2025-11-03T00:00;2025-11-03T00:15;1;EUR;MWh;NO;NO;;;0;0;-1;DOWN
2025-11-03T00:15;2025-11-03T00:30;2;EUR;MWh;NO;NO;;50,14;50,14;50,14;-1;DOWN
2025-11-03T00:30;2025-11-03T00:45;3;EUR;MWh;NO;NO;;56,14;56,14;56,14;-1;DOWN
2025-11-03T00:45;2025-11-03T01:00;4;EUR;MWh;NO;NO;;55,76;55,76;55,76;-1;DOWN
2025-11-03T01:00;2025-11-03T01:15;5;EUR;MWh;NO;NO;;50,14;50,14;50,14;-1;DOWN
2025-11-03T01:15;2025-11-03T01:30;6;EUR;MWh;NO;NO;;;59,55;59,55;0;STABLE
2025-11-03T01:30;2025-11-03T01:45;7;EUR;MWh;NO;NO;;;59,5;59,5;0;STABLE
2025-11-03T01:45;2025-11-03T02:00;8;EUR;MWh;NO;NO;;;66,89;66,89;0;STABLE
2025-11-03T02:00;2025-11-03T02:15;9;EUR;MWh;NO;NO;78,99;;78,99;78,99;1;UP
2025-11-03T02:15;2025-11-03T02:30;10;EUR;MWh;NO;NO;55,85;59,2;55,85;55,85;1;UP
2025-11-03T02:30;2025-11-03T02:45;11;EUR;MWh;NO;NO;;59,2;59,2;59,2;-1;DOWN
2025-11-03T02:45;2025-11-03T03:00;12;EUR;MWh;NO;NO;;8;8;8;-1;DOWN
2025-11-03T03:00;2025-11-03T03:15;13;EUR;MWh;NO;NO;;;0;0;-1;DOWN
2025-11-03T03:15;2025-11-03T03:30;14;EUR;MWh;NO;NO;;;0;0;-1;DOWN
2025-11-03T03:30;2025-11-03T03:45;15;EUR;MWh;NO;NO;;19;19;19;-1;DOWN
2025-11-03T03:45;2025-11-03T04:00;16;EUR;MWh;NO;NO;;;0;0;-1;DOWN
2025-11-03T04:00;2025-11-03T04:15;17;EUR;MWh;NO;NO;;15;15;15;-1;DOWN
2025-11-03T04:15;2025-11-03T04:30;18;EUR;MWh;NO;NO;;13;13;13;-1;DOWN
2025-11-03T04:30;2025-11-03T04:45;19;EUR;MWh;NO;NO;41;50,14;50,14;50,14;-1;DOWN
2025-11-03T04:45;2025-11-03T05:00;20;EUR;MWh;NO;NO;;20;20;20;-1;DOWN
2025-11-03T05:00;2025-11-03T05:15;21;EUR;MWh;NO;NO;;-3,8;-3,8;-3,8;-1;DOWN
2025-11-03T05:15;2025-11-03T05:30;22;EUR;MWh;NO;NO;63;;0;0;-1;DOWN
2025-11-03T05:30;2025-11-03T05:45;23;EUR;MWh;NO;NO;63;;63;63;1;UP
2025-11-03T05:45;2025-11-03T06:00;24;EUR;MWh;NO;NO;95,71;61,7;95,71;95,71;1;UP
2025-11-03T06:00;2025-11-03T06:15;25;EUR;MWh;NO;NO;165;;165;165;1;UP
2025-11-03T06:15;2025-11-03T06:30;26;EUR;MWh;NO;NO;138,15;81;138,15;138,15;1;UP
2025-11-03T06:30;2025-11-03T06:45;27;EUR;MWh;NO;NO;79,09;56,11;79,09;56,11;2;UP_AND_DOWN
2025-11-03T06:45;2025-11-03T07:00;28;EUR;MWh;NO;NO;132,3;56,11;132,3;56,11;2;UP_AND_DOWN
2025-11-03T07:00;2025-11-03T07:15;29;EUR;MWh;NO;NO;132,3;56,46;132,3;56,46;2;UP_AND_DOWN
2025-11-03T07:15;2025-11-03T07:30;30;EUR;MWh;NO;NO;95,61;69,57;95,61;95,61;1;UP
2025-11-03T07:30;2025-11-03T07:45;31;EUR;MWh;NO;NO;70;69,47;70;61;2;UP_AND_DOWN
2025-11-03T07:45;2025-11-03T08:00;32;EUR;MWh;NO;NO;78,03;60,93;78,03;60,93;2;UP_AND_DOWN
2025-11-03T08:00;2025-11-03T08:15;33;EUR;MWh;NO;NO;;-3,2;-3,2;-3,2;-1;DOWN
2025-11-03T08:15;2025-11-03T08:30;34;EUR;MWh;NO;NO;;20;20;20;-1;DOWN
2025-11-03T08:30;2025-11-03T08:45;35;EUR;MWh;NO;NO;;-3,2;-3,2;-3,2;-1;DOWN
2025-11-03T08:45;2025-11-03T09:00;36;EUR;MWh;NO;NO;;-4;-4;-4;-1;DOWN
2025-11-03T09:00;2025-11-03T09:15;37;EUR;MWh;NO;NO;;-18,98;-18,98;-18,98;-1;DOWN
2025-11-03T09:15;2025-11-03T09:30;38;EUR;MWh;NO;NO;;-18,88;-18,88;-18,88;-1;DOWN
2025-11-03T09:30;2025-11-03T09:45;39;EUR;MWh;NO;NO;;-6;-6;-6;-1;DOWN
2025-11-03T09:45;2025-11-03T10:00;40;EUR;MWh;NO;NO;78,99;10;78,99;10;2;UP_AND_DOWN
2025-11-03T10:00;2025-11-03T10:15;41;EUR;MWh;NO;NO;140;55,76;140;55,76;2;UP_AND_DOWN
2025-11-03T10:15;2025-11-03T10:30;42;EUR;MWh;NO;NO;78,89;56,52;78,89;56,52;2;UP_AND_DOWN
2025-11-03T10:30;2025-11-03T10:45;43;EUR;MWh;NO;NO;68;-4;68;-4;2;UP_AND_DOWN
2025-11-03T10:45;2025-11-03T11:00;44;EUR;MWh;NO;NO;;-24;-24;-24;-1;DOWN
2025-11-03T11:00;2025-11-03T11:15;45;EUR;MWh;NO;NO;;-30;-30;-30;-1;DOWN
2025-11-03T11:15;2025-11-03T11:30;46;EUR;MWh;NO;NO;;-29;-29;-29;-1;DOWN
2025-11-03T11:30;2025-11-03T11:45;47;EUR;MWh;NO;NO;;-29,8;-29,8;-29,8;-1;DOWN
2025-11-03T11:45;2025-11-03T12:00;48;EUR;MWh;NO;NO;63;-11,42;63;-11,42;2;UP_AND_DOWN
2025-11-03T12:00;2025-11-03T12:15;49;EUR;MWh;NO;NO;78,69;-11,42;78,69;-11,42;2;UP_AND_DOWN
2025-11-03T12:15;2025-11-03T12:30;50;EUR;MWh;NO;NO;55,85;56,11;56,11;56,11;-1;DOWN
2025-11-03T12:30;2025-11-03T12:45;51;EUR;MWh;NO;NO;61;56,11;61;61;1;UP
2025-11-03T12:45;2025-11-03T13:00;52;EUR;MWh;NO;NO;85,96;-5,11;85,96;-5,11;2;UP_AND_DOWN
2025-11-03T13:00;2025-11-03T13:15;53;EUR;MWh;NO;NO;85,96;9,98;9,98;9,98;-1;DOWN
2025-11-03T13:15;2025-11-03T13:30;54;EUR;MWh;NO;NO;;20;20;20;-1;DOWN
2025-11-03T13:30;2025-11-03T13:45;55;EUR;MWh;NO;NO;;-4;-4;-4;-1;DOWN
2025-11-03T13:45;2025-11-03T14:00;56;EUR;MWh;NO;NO;105;-29,3;105;-29,3;2;UP_AND_DOWN
2025-11-03T14:00;2025-11-03T14:15;57;EUR;MWh;NO;NO;131,99;-29,9;131,99;-29,9;2;UP_AND_DOWN
2025-11-03T14:15;2025-11-03T14:30;58;EUR;MWh;NO;NO;;-24,8;-24,8;-24,8;-1;DOWN
2025-11-03T14:30;2025-11-03T14:45;59;EUR;MWh;NO;NO;;-29,7;-29,7;-29,7;-1;DOWN
2025-11-03T14:45;2025-11-03T15:00;60;EUR;MWh;NO;NO;;-30,8;-30,8;-30,8;-1;DOWN
2025-11-03T15:00;2025-11-03T15:15;61;EUR;MWh;NO;NO;;-24,38;-24,38;-24,38;-1;DOWN
2025-11-03T15:15;2025-11-03T15:30;62;EUR;MWh;NO;NO;;-4;-4;-4;-1;DOWN
2025-11-03T15:30;2025-11-03T15:45;63;EUR;MWh;NO;NO;95,81;-4;95,81;-4;2;UP_AND_DOWN
2025-11-03T15:45;2025-11-03T16:00;64;EUR;MWh;NO;NO;86,26;77,54;86,26;86,26;1;UP
2025-11-03T16:00;2025-11-03T16:15;65;EUR;MWh;NO;NO;92,36;77,93;92,36;68,43;2;UP_AND_DOWN
2025-11-03T16:15;2025-11-03T16:30;66;EUR;MWh;NO;NO;99,9;61,67;99,9;61,67;2;UP_AND_DOWN
2025-11-03T16:30;2025-11-03T16:45;67;EUR;MWh;NO;NO;63;20;68,43;20;2;UP_AND_DOWN
2025-11-03T16:45;2025-11-03T17:00;68;EUR;MWh;NO;NO;63;56,36;56,36;56,36;-1;DOWN
2025-11-03T17:00;2025-11-03T17:15;69;EUR;MWh;NO;NO;67;50;50;50;-1;DOWN
2025-11-03T17:15;2025-11-03T17:30;70;EUR;MWh;NO;NO;;56,11;56,11;56,11;-1;DOWN
2025-11-03T17:30;2025-11-03T17:45;71;EUR;MWh;NO;NO;69;56,11;56,11;56,11;-1;DOWN
2025-11-03T17:45;2025-11-03T18:00;72;EUR;MWh;NO;NO;95,81;57;95,81;57;2;UP_AND_DOWN
2025-11-03T18:00;2025-11-03T18:15;73;EUR;MWh;NO;NO;86,26;47;86,26;47;2;UP_AND_DOWN
2025-11-03T18:15;2025-11-03T18:30;74;EUR;MWh;NO;NO;;56,11;56,11;56,11;-1;DOWN
2025-11-03T18:30;2025-11-03T18:45;75;EUR;MWh;NO;NO;;50;50;50;-1;DOWN
2025-11-03T18:45;2025-11-03T19:00;76;EUR;MWh;NO;NO;;50;50;50;-1;DOWN
2025-11-03T19:00;2025-11-03T19:15;77;EUR;MWh;NO;NO;71;56;56;56;-1;DOWN
2025-11-03T19:15;2025-11-03T19:30;78;EUR;MWh;NO;NO;78,89;81;78,89;78,89;1;UP
2025-11-03T19:30;2025-11-03T19:45;79;EUR;MWh;NO;NO;78,79;54;78,79;54;2;UP_AND_DOWN
2025-11-03T19:45;2025-11-03T20:00;80;EUR;MWh;NO;NO;71;50;50;50;-1;DOWN
2025-11-03T20:00;2025-11-03T20:15;81;EUR;MWh;NO;NO;72;-3,9;72;-3,9;2;UP_AND_DOWN
2025-11-03T20:15;2025-11-03T20:30;82;EUR;MWh;NO;NO;55,85;-3,5;61;-3,5;2;UP_AND_DOWN
2025-11-03T20:30;2025-11-03T20:45;83;EUR;MWh;NO;NO;71;55;55;55;-1;DOWN
2025-11-03T20:45;2025-11-03T21:00;84;EUR;MWh;NO;NO;86,06;56,11;86,06;56,11;2;UP_AND_DOWN
2025-11-03T21:00;2025-11-03T21:15;85;EUR;MWh;NO;NO;71;56,11;71;56,11;2;UP_AND_DOWN
2025-11-03T21:15;2025-11-03T21:30;86;EUR;MWh;NO;NO;69;;69;69;1;UP
2025-11-03T21:30;2025-11-03T21:45;87;EUR;MWh;NO;NO;86,36;56;86,36;86,36;1;UP
2025-11-03T21:45;2025-11-03T22:00;88;EUR;MWh;NO;NO;72;-11,42;72;-11,42;2;UP_AND_DOWN
2025-11-03T22:00;2025-11-03T22:15;89;EUR;MWh;NO;NO;95,81;-9,01;95,81;-9,01;2;UP_AND_DOWN
2025-11-03T22:15;2025-11-03T22:30;90;EUR;MWh;NO;NO;95,81;-4;-4;-4;-1;DOWN
2025-11-03T22:30;2025-11-03T22:45;91;EUR;MWh;NO;NO;78,89;62;78,89;62;2;UP_AND_DOWN
2025-11-03T22:45;2025-11-03T23:00;92;EUR;MWh;NO;NO;;-4;-4;-4;-1;DOWN
2025-11-03T23:00;2025-11-03T23:15;93;EUR;MWh;NO;NO;;-4;-4;-4;-1;DOWN
2025-11-03T23:15;2025-11-03T23:30;94;EUR;MWh;NO;NO;;-11,42;-11,42;-11,42;-1;DOWN
2025-11-03T23:30;2025-11-03T23:45;95;EUR;MWh;NO;NO;;-5,01;-5,01;-5,01;-1;DOWN
2025-11-03T23:45;2025-11-04T00:00;96;EUR;MWh;NO;NO;;-30;-30;-30;-1;DOWN
2025-11-04T00:00;2025-11-04T00:15;1;EUR;MWh;NO;NO;62,74;-15,29;62,74;-15,29;2;UP_AND_DOWN
2025-11-04T00:15;2025-11-04T00:30;2;EUR;MWh;NO;NO;;-16,42;-16,42;-16,42;-1;DOWN
2025-11-04T00:30;2025-11-04T00:45;3;EUR;MWh;NO;NO;;-10,27;-10,27;-10,27;-1;DOWN
2025-11-04T00:45;2025-11-04T01:00;4;EUR;MWh;NO;NO;;-29,9;-29,9;-29,9;-1;DOWN
2025-11-04T01:00;2025-11-04T01:15;5;EUR;MWh;NO;NO;;-20;-20;-20;-1;DOWN
2025-11-04T01:15;2025-11-04T01:30;6;EUR;MWh;NO;NO;;-4,11;-4,11;-4,11;-1;DOWN
2025-11-04T01:30;2025-11-04T01:45;7;EUR;MWh;NO;NO;;-19,9;-19,9;-19,9;-1;DOWN
2025-11-04T01:45;2025-11-04T02:00;8;EUR;MWh;NO;NO;;-9,44;-9,44;-9,44;-1;DOWN
2025-11-04T02:00;2025-11-04T02:15;9;EUR;MWh;NO;NO;;-32;-32;-32;-1;DOWN
2025-11-04T02:15;2025-11-04T02:30;10;EUR;MWh;NO;NO;;-19,79;-19,79;-19,79;-1;DOWN
2025-11-04T02:30;2025-11-04T02:45;11;EUR;MWh;NO;NO;;-19,9;-19,9;-19,9;-1;DOWN
2025-11-04T02:45;2025-11-04T03:00;12;EUR;MWh;NO;NO;61;-19,9;61;-19,9;2;UP_AND_DOWN
2025-11-04T03:00;2025-11-04T03:15;13;EUR;MWh;NO;NO;;-20;-20;-20;-1;DOWN
2025-11-04T03:15;2025-11-04T03:30;14;EUR;MWh;NO;NO;;-14,78;-14,78;-14,78;-1;DOWN
2025-11-04T03:30;2025-11-04T03:45;15;EUR;MWh;NO;NO;;-19,79;-19,79;-19,79;-1;DOWN
2025-11-04T03:45;2025-11-04T04:00;16;EUR;MWh;NO;NO;;-19,9;-19,9;-19,9;-1;DOWN
2025-11-04T04:00;2025-11-04T04:15;17;EUR;MWh;NO;NO;;-20;-20;-20;-1;DOWN
2025-11-04T04:15;2025-11-04T04:30;18;EUR;MWh;NO;NO;;-45;-45;-45;-1;DOWN
2025-11-04T04:30;2025-11-04T04:45;19;EUR;MWh;NO;NO;;-45;-45;-45;-1;DOWN
2025-11-04T04:45;2025-11-04T05:00;20;EUR;MWh;NO;NO;;-79,59;-79,59;-79,59;-1;DOWN
2025-11-04T05:00;2025-11-04T05:15;21;EUR;MWh;NO;NO;67;-49,7;67;-49,7;2;UP_AND_DOWN
2025-11-04T05:15;2025-11-04T05:30;22;EUR;MWh;NO;NO;61;-45;61;-45;2;UP_AND_DOWN
2025-11-04T05:30;2025-11-04T05:45;23;EUR;MWh;NO;NO;76,96;-19,79;76,96;-19,79;2;UP_AND_DOWN
2025-11-04T05:45;2025-11-04T06:00;24;EUR;MWh;NO;NO;62,74;-20;62,74;-20;2;UP_AND_DOWN
2025-11-04T06:00;2025-11-04T06:15;25;EUR;MWh;NO;NO;62,74;-19,8;62,74;-19,8;2;UP_AND_DOWN
2025-11-04T06:15;2025-11-04T06:30;26;EUR;MWh;NO;NO;50,85;-14,41;61;-14,41;2;UP_AND_DOWN
2025-11-04T06:30;2025-11-04T06:45;27;EUR;MWh;NO;NO;87,28;-14,41;87,28;87,28;1;UP
2025-11-04T06:45;2025-11-04T07:00;28;EUR;MWh;NO;NO;76,96;7,79;76,96;7,79;2;UP_AND_DOWN
2025-11-04T07:00;2025-11-04T07:15;29;EUR;MWh;NO;NO;131,9;-1,7;131,9;-1,7;2;UP_AND_DOWN
2025-11-04T07:15;2025-11-04T07:30;30;EUR;MWh;NO;NO;87,28;9;87,28;9;2;UP_AND_DOWN
2025-11-04T07:30;2025-11-04T07:45;31;EUR;MWh;NO;NO;66;81;66;66;1;UP
2025-11-04T07:45;2025-11-04T08:00;32;EUR;MWh;NO;NO;62,74;51,28;62,74;51,28;2;UP_AND_DOWN
2025-11-04T08:00;2025-11-04T08:15;33;EUR;MWh;NO;NO;41;51;51;51;-1;DOWN
2025-11-04T08:15;2025-11-04T08:30;34;EUR;MWh;NO;NO;62,74;54;54;54;-1;DOWN
2025-11-04T08:30;2025-11-04T08:45;35;EUR;MWh;NO;NO;76,96;81;76,96;61;2;UP_AND_DOWN
2025-11-04T08:45;2025-11-04T09:00;36;EUR;MWh;NO;NO;160,2;69;160,2;61;2;UP_AND_DOWN
2025-11-04T09:00;2025-11-04T09:15;37;EUR;MWh;NO;NO;188;57,28;188;57,28;2;UP_AND_DOWN
2025-11-04T09:15;2025-11-04T09:30;38;EUR;MWh;NO;NO;160,2;55;160,2;55;2;UP_AND_DOWN
2025-11-04T09:30;2025-11-04T09:45;39;EUR;MWh;NO;NO;72;-7,03;72;-7,03;2;UP_AND_DOWN
2025-11-04T09:45;2025-11-04T10:00;40;EUR;MWh;NO;NO;;-9,36;-9,36;-9,36;-1;DOWN
2025-11-04T10:00;2025-11-04T10:15;41;EUR;MWh;NO;NO;;-11,7;-11,7;-11,7;-1;DOWN
2025-11-04T10:15;2025-11-04T10:30;42;EUR;MWh;NO;NO;;-11,7;-11,7;-11,7;-1;DOWN
2025-11-04T10:30;2025-11-04T10:45;43;EUR;MWh;NO;NO;;-20;-20;-20;-1;DOWN
2025-11-04T10:45;2025-11-04T11:00;44;EUR;MWh;NO;NO;;-30;-30;-30;-1;DOWN
2025-11-04T11:00;2025-11-04T11:15;45;EUR;MWh;NO;NO;;-70;-70;-70;-1;DOWN
2025-11-04T11:15;2025-11-04T11:30;46;EUR;MWh;NO;NO;;-24,6;-24,6;-24,6;-1;DOWN
2025-11-04T11:30;2025-11-04T11:45;47;EUR;MWh;NO;NO;;-25;-25;-25;-1;DOWN
2025-11-04T11:45;2025-11-04T12:00;48;EUR;MWh;NO;NO;;-24,6;-24,6;-24,6;-1;DOWN
2025-11-04T12:00;2025-11-04T12:15;49;EUR;MWh;NO;NO;;-30,8;-30,8;-30,8;-1;DOWN
2025-11-04T12:15;2025-11-04T12:30;50;EUR;MWh;NO;NO;;-30,8;-30,8;-30,8;-1;DOWN
2025-11-04T12:30;2025-11-04T12:45;51;EUR;MWh;NO;NO;;-30,38;-30,38;-30,38;-1;DOWN
2025-11-04T12:45;2025-11-04T13:00;52;EUR;MWh;NO;NO;62,74;-49;62,74;-49;2;UP_AND_DOWN
2025-11-04T13:00;2025-11-04T13:15;53;EUR;MWh;NO;NO;;-65;-65;-65;-1;DOWN
2025-11-04T13:15;2025-11-04T13:30;54;EUR;MWh;NO;NO;;-27,2;-27,2;-27,2;-1;DOWN
2025-11-04T13:30;2025-11-04T13:45;55;EUR;MWh;NO;NO;;-26,68;-26,68;-26,68;-1;DOWN
2025-11-04T13:45;2025-11-04T14:00;56;EUR;MWh;NO;NO;105;-27,2;105;-27,2;2;UP_AND_DOWN
2025-11-04T14:00;2025-11-04T14:15;57;EUR;MWh;NO;NO;99;-4;99;-4;2;UP_AND_DOWN
2025-11-04T14:15;2025-11-04T14:30;58;EUR;MWh;NO;NO;160,2;81;160,2;160,2;1;UP
2025-11-04T14:30;2025-11-04T14:45;59;EUR;MWh;NO;NO;160,2;;160,2;160,2;1;UP
2025-11-04T14:45;2025-11-04T15:00;60;EUR;MWh;NO;NO;150;;150;150;1;UP
2025-11-04T15:00;2025-11-04T15:15;61;EUR;MWh;NO;NO;140;;140;140;1;UP
2025-11-04T15:15;2025-11-04T15:30;62;EUR;MWh;NO;NO;165;54;165;54;2;UP_AND_DOWN
2025-11-04T15:30;2025-11-04T15:45;63;EUR;MWh;NO;NO;185;;185;185;1;UP
2025-11-04T15:45;2025-11-04T16:00;64;EUR;MWh;NO;NO;180;41;180;41;2;UP_AND_DOWN
2025-11-04T16:00;2025-11-04T16:15;65;EUR;MWh;NO;NO;62,74;59,44;59,44;59,44;-1;DOWN
2025-11-04T16:15;2025-11-04T16:30;66;EUR;MWh;NO;NO;76,96;77,83;76,96;62;2;UP_AND_DOWN
2025-11-04T16:30;2025-11-04T16:45;67;EUR;MWh;NO;NO;50,85;77,83;64;64;2;UP_AND_DOWN
2025-11-04T16:45;2025-11-04T17:00;68;EUR;MWh;NO;NO;;77,81;77,81;77,81;-1;DOWN
2025-11-04T17:00;2025-11-04T17:15;69;EUR;MWh;NO;NO;;36,08;36,08;36,08;-1;DOWN
2025-11-04T17:15;2025-11-04T17:30;70;EUR;MWh;NO;NO;41;62,91;62,91;62,91;-1;DOWN
2025-11-04T17:30;2025-11-04T17:45;71;EUR;MWh;NO;NO;;45,35;45,35;45,35;-1;DOWN
2025-11-04T17:45;2025-11-04T18:00;72;EUR;MWh;NO;NO;41;51,28;61;51,28;2;UP_AND_DOWN
2025-11-04T18:00;2025-11-04T18:15;73;EUR;MWh;NO;NO;62,74;72;62,74;60,46;2;UP_AND_DOWN
2025-11-04T18:15;2025-11-04T18:30;74;EUR;MWh;NO;NO;105;62;105;60,46;2;UP_AND_DOWN
2025-11-04T18:30;2025-11-04T18:45;75;EUR;MWh;NO;NO;70;77,81;77,81;77,81;-1;DOWN
2025-11-04T18:45;2025-11-04T19:00;76;EUR;MWh;NO;NO;73;77,71;73;60,79;2;UP_AND_DOWN
2025-11-04T19:00;2025-11-04T19:15;77;EUR;MWh;NO;NO;131,9;69,78;131,9;60,79;2;UP_AND_DOWN
2025-11-04T19:15;2025-11-04T19:30;78;EUR;MWh;NO;NO;154,45;61;154,45;60,79;2;UP_AND_DOWN
2025-11-04T19:30;2025-11-04T19:45;79;EUR;MWh;NO;NO;41;59,44;59,44;59,44;-1;DOWN
2025-11-04T19:45;2025-11-04T20:00;80;EUR;MWh;NO;NO;41;30,72;30,72;30,72;-1;DOWN
2025-11-04T20:00;2025-11-04T20:15;81;EUR;MWh;NO;NO;41;57,28;57;57;2;UP_AND_DOWN
2025-11-04T20:15;2025-11-04T20:30;82;EUR;MWh;NO;NO;96;69;96;56,97;2;UP_AND_DOWN
2025-11-04T20:30;2025-11-04T20:45;83;EUR;MWh;NO;NO;50,85;69;56,97;56,97;2;UP_AND_DOWN
2025-11-04T20:45;2025-11-04T21:00;84;EUR;MWh;NO;NO;93,28;64;93,28;56,97;2;UP_AND_DOWN
2025-11-04T21:00;2025-11-04T21:15;85;EUR;MWh;NO;NO;131,9;;131,9;131,9;1;UP
2025-11-04T21:15;2025-11-04T21:30;86;EUR;MWh;NO;NO;131,9;;131,9;131,9;1;UP
2025-11-04T21:30;2025-11-04T21:45;87;EUR;MWh;NO;NO;129;71;129;57;2;UP_AND_DOWN
2025-11-04T21:45;2025-11-04T22:00;88;EUR;MWh;NO;NO;87;45,35;87;45,35;2;UP_AND_DOWN
2025-11-04T22:00;2025-11-04T22:15;89;EUR;MWh;NO;NO;62,74;51,28;62,74;51,28;2;UP_AND_DOWN
2025-11-04T22:15;2025-11-04T22:30;90;EUR;MWh;NO;NO;62,74;85;63;63;2;UP_AND_DOWN
2025-11-04T22:30;2025-11-04T22:45;91;EUR;MWh;NO;NO;89,66;85;89,66;63;2;UP_AND_DOWN
2025-11-04T22:45;2025-11-04T23:00;92;EUR;MWh;NO;NO;62,74;84;62,74;62,74;1;UP
2025-11-04T23:00;2025-11-04T23:15;93;EUR;MWh;NO;NO;76,96;84;76,96;62,5;2;UP_AND_DOWN
2025-11-04T23:15;2025-11-04T23:30;94;EUR;MWh;NO;NO;83,66;84;83,66;83,66;1;UP
2025-11-04T23:30;2025-11-04T23:45;95;EUR;MWh;NO;NO;131,9;;131,9;131,9;1;UP
2025-11-04T23:45;2025-11-05T00:00;96;EUR;MWh;NO;NO;62,74;59,44;62,74;44,11;2;UP_AND_DOWN
2025-11-05T00:00;2025-11-05T00:15;1;EUR;MWh;NO;NO;;-4;-4;-4;-1;DOWN
2025-11-05T00:15;2025-11-05T00:30;2;EUR;MWh;NO;NO;78,03;-4;78,03;-4;2;UP_AND_DOWN
2025-11-05T00:30;2025-11-05T00:45;3;EUR;MWh;NO;NO;;10,32;10,32;10,32;-1;DOWN
2025-11-05T00:45;2025-11-05T01:00;4;EUR;MWh;NO;NO;;56,83;56,83;56,83;-1;DOWN
2025-11-05T01:00;2025-11-05T01:15;5;EUR;MWh;NO;NO;121;56,91;121;56,91;2;UP_AND_DOWN
2025-11-05T01:15;2025-11-05T01:30;6;EUR;MWh;NO;NO;;70,4;70,4;70,4;-1;DOWN
2025-11-05T01:30;2025-11-05T01:45;7;EUR;MWh;NO;NO;;30,95;30,95;30,95;-1;DOWN
2025-11-05T01:45;2025-11-05T02:00;8;EUR;MWh;NO;NO;;30,95;30,95;30,95;-1;DOWN
2025-11-05T02:00;2025-11-05T02:15;9;EUR;MWh;NO;NO;;25,4;25,4;25,4;-1;DOWN
2025-11-05T02:15;2025-11-05T02:30;10;EUR;MWh;NO;NO;;30,95;30,95;30,95;-1;DOWN
2025-11-05T02:30;2025-11-05T02:45;11;EUR;MWh;NO;NO;;30,95;30,95;30,95;-1;DOWN
2025-11-05T02:45;2025-11-05T03:00;12;EUR;MWh;NO;NO;85;-4;85;-4;2;UP_AND_DOWN
2025-11-05T03:00;2025-11-05T03:15;13;EUR;MWh;NO;NO;97,33;25,4;97,33;25,4;2;UP_AND_DOWN
2025-11-05T03:15;2025-11-05T03:30;14;EUR;MWh;NO;NO;140;;140;140;1;UP
2025-11-05T03:30;2025-11-05T03:45;15;EUR;MWh;NO;NO;105;;105;105;1;UP
2025-11-05T03:45;2025-11-05T04:00;16;EUR;MWh;NO;NO;70;;70;70;1;UP
2025-11-05T04:00;2025-11-05T04:15;17;EUR;MWh;NO;NO;;-2,51;-2,51;-2,51;-1;DOWN
2025-11-05T04:15;2025-11-05T04:30;18;EUR;MWh;NO;NO;;5,4;5,4;5,4;-1;DOWN
2025-11-05T04:30;2025-11-05T04:45;19;EUR;MWh;NO;NO;;-2,81;-2,81;-2,81;-1;DOWN
2025-11-05T04:45;2025-11-05T05:00;20;EUR;MWh;NO;NO;;56,91;56,91;56,91;-1;DOWN
2025-11-05T05:00;2025-11-05T05:15;21;EUR;MWh;NO;NO;;-27,78;-27,78;-27,78;-1;DOWN
2025-11-05T05:15;2025-11-05T05:30;22;EUR;MWh;NO;NO;;30,95;30,95;30,95;-1;DOWN
2025-11-05T05:30;2025-11-05T05:45;23;EUR;MWh;NO;NO;100;70,4;100;61;2;UP_AND_DOWN
2025-11-05T05:45;2025-11-05T06:00;24;EUR;MWh;NO;NO;105;;105;105;1;UP
2025-11-05T06:00;2025-11-05T06:15;25;EUR;MWh;NO;NO;188;44;188;44;2;UP_AND_DOWN
2025-11-05T06:15;2025-11-05T06:30;26;EUR;MWh;NO;NO;115;;115;115;1;UP
2025-11-05T06:30;2025-11-05T06:45;27;EUR;MWh;NO;NO;140;;140;140;1;UP
2025-11-05T06:45;2025-11-05T07:00;28;EUR;MWh;NO;NO;140;;140;140;1;UP
2025-11-05T07:00;2025-11-05T07:15;29;EUR;MWh;NO;NO;105;30,95;105;30,95;2;UP_AND_DOWN
2025-11-05T07:15;2025-11-05T07:30;30;EUR;MWh;NO;NO;140;;140;140;1;UP
2025-11-05T07:30;2025-11-05T07:45;31;EUR;MWh;NO;NO;105;80;105;61;2;UP_AND_DOWN
2025-11-05T07:45;2025-11-05T08:00;32;EUR;MWh;NO;NO;105;-5,2;105;-5,2;2;UP_AND_DOWN
2025-11-05T08:00;2025-11-05T08:15;33;EUR;MWh;NO;NO;140;30,95;140;30,95;2;UP_AND_DOWN
2025-11-05T08:15;2025-11-05T08:30;34;EUR;MWh;NO;NO;164,7;;164,7;164,7;1;UP
2025-11-05T08:30;2025-11-05T08:45;35;EUR;MWh;NO;NO;188;;188;188;1;UP
2025-11-05T08:45;2025-11-05T09:00;36;EUR;MWh;NO;NO;140;;140;140;1;UP
2025-11-05T09:00;2025-11-05T09:15;37;EUR;MWh;NO;NO;400;;400;400;1;UP
2025-11-05T09:15;2025-11-05T09:30;38;EUR;MWh;NO;NO;200;;200;200;1;UP
2025-11-05T09:30;2025-11-05T09:45;39;EUR;MWh;NO;NO;168;;168;168;1;UP
2025-11-05T09:45;2025-11-05T10:00;40;EUR;MWh;NO;NO;164,7;;164,7;164,7;1;UP
2025-11-05T10:00;2025-11-05T10:15;41;EUR;MWh;NO;NO;164,7;88;164,7;164,7;1;UP
2025-11-05T10:15;2025-11-05T10:30;42;EUR;MWh;NO;NO;92,35;82;99,89;82;2;UP_AND_DOWN
2025-11-05T10:30;2025-11-05T10:45;43;EUR;MWh;NO;NO;;84;84;84;-1;DOWN
2025-11-05T10:45;2025-11-05T11:00;44;EUR;MWh;NO;NO;;-4;-4;-4;-1;DOWN
2025-11-05T11:00;2025-11-05T11:15;45;EUR;MWh;NO;NO;;-29,8;-29,8;-29,8;-1;DOWN
2025-11-05T11:15;2025-11-05T11:30;46;EUR;MWh;NO;NO;;-2,92;-2,92;-2,92;-1;DOWN
2025-11-05T11:30;2025-11-05T11:45;47;EUR;MWh;NO;NO;150;-1;150;-1;2;UP_AND_DOWN
2025-11-05T11:45;2025-11-05T12:00;48;EUR;MWh;NO;NO;;30,95;30,95;30,95;-1;DOWN
2025-11-05T12:00;2025-11-05T12:15;49;EUR;MWh;NO;NO;;45;45;45;-1;DOWN
2025-11-05T12:15;2025-11-05T12:30;50;EUR;MWh;NO;NO;;55,4;55,4;55,4;-1;DOWN
2025-11-05T12:30;2025-11-05T12:45;51;EUR;MWh;NO;NO;60;70,4;61;61;2;UP_AND_DOWN
2025-11-05T12:45;2025-11-05T13:00;52;EUR;MWh;NO;NO;;38;38;38;-1;DOWN
2025-11-05T13:00;2025-11-05T13:15;53;EUR;MWh;NO;NO;;65,4;65,4;65,4;-1;DOWN
2025-11-05T13:15;2025-11-05T13:30;54;EUR;MWh;NO;NO;92,35;82;92,35;92,35;1;UP
2025-11-05T13:30;2025-11-05T13:45;55;EUR;MWh;NO;NO;97,35;;97,35;97,35;1;UP
2025-11-05T13:45;2025-11-05T14:00;56;EUR;MWh;NO;NO;62;69;62;61;2;UP_AND_DOWN
2025-11-05T14:00;2025-11-05T14:15;57;EUR;MWh;NO;NO;60;55,4;55,4;55,4;-1;DOWN
2025-11-05T14:15;2025-11-05T14:30;58;EUR;MWh;NO;NO;;;61;61;0;STABLE
2025-11-05T14:30;2025-11-05T14:45;59;EUR;MWh;NO;NO;92,35;;92,35;92,35;1;UP
2025-11-05T14:45;2025-11-05T15:00;60;EUR;MWh;NO;NO;97,35;;97,35;97,35;1;UP
2025-11-05T15:00;2025-11-05T15:15;61;EUR;MWh;NO;NO;92,35;;92,35;92,35;1;UP
2025-11-05T15:15;2025-11-05T15:30;62;EUR;MWh;NO;NO;92,35;;92,35;92,35;1;UP
2025-11-05T15:30;2025-11-05T15:45;63;EUR;MWh;NO;NO;130;82;130;130;1;UP
2025-11-05T15:45;2025-11-05T16:00;64;EUR;MWh;NO;NO;130;72,38;72,38;72,38;-1;DOWN
2025-11-05T16:00;2025-11-05T16:15;65;EUR;MWh;NO;NO;;8;8;8;-1;DOWN
2025-11-05T16:15;2025-11-05T16:30;66;EUR;MWh;NO;NO;;56,91;56,91;56,91;-1;DOWN
2025-11-05T16:30;2025-11-05T16:45;67;EUR;MWh;NO;NO;;49;49;49;-1;DOWN
2025-11-05T16:45;2025-11-05T17:00;68;EUR;MWh;NO;NO;;61,08;61,08;61,08;-1;DOWN
2025-11-05T17:00;2025-11-05T17:15;69;EUR;MWh;NO;NO;;53,15;53,15;53,15;-1;DOWN
2025-11-05T17:15;2025-11-05T17:30;70;EUR;MWh;NO;NO;;63,92;63,92;63,92;-1;DOWN
2025-11-05T17:30;2025-11-05T17:45;71;EUR;MWh;NO;NO;;45;45;45;-1;DOWN
2025-11-05T17:45;2025-11-05T18:00;72;EUR;MWh;NO;NO;;35;35;35;-1;DOWN
2025-11-05T18:00;2025-11-05T18:15;73;EUR;MWh;NO;NO;83,79;35;83,79;83,79;1;UP
2025-11-05T18:15;2025-11-05T18:30;74;EUR;MWh;NO;NO;60;59,46;61;59,46;2;UP_AND_DOWN
2025-11-05T18:30;2025-11-05T18:45;75;EUR;MWh;NO;NO;60;70,4;61;61;2;UP_AND_DOWN
2025-11-05T18:45;2025-11-05T19:00;76;EUR;MWh;NO;NO;42;68,11;68,11;68,11;-1;DOWN
2025-11-05T19:00;2025-11-05T19:15;77;EUR;MWh;NO;NO;;53,15;53,15;53,15;-1;DOWN
2025-11-05T19:15;2025-11-05T19:30;78;EUR;MWh;NO;NO;;56,91;56,91;56,91;-1;DOWN
2025-11-05T19:30;2025-11-05T19:45;79;EUR;MWh;NO;NO;;56,91;56,91;56,91;-1;DOWN
2025-11-05T19:45;2025-11-05T20:00;80;EUR;MWh;NO;NO;;30,95;30,95;30,95;-1;DOWN
2025-11-05T20:00;2025-11-05T20:15;81;EUR;MWh;NO;NO;;-13,2;-13,2;-13,2;-1;DOWN
2025-11-05T20:15;2025-11-05T20:30;82;EUR;MWh;NO;NO;;-16,42;-16,42;-16,42;-1;DOWN
2025-11-05T20:30;2025-11-05T20:45;83;EUR;MWh;NO;NO;;2,6;2,6;2,6;-1;DOWN
2025-11-05T20:45;2025-11-05T21:00;84;EUR;MWh;NO;NO;;53,05;53,05;53,05;-1;DOWN
2025-11-05T21:00;2025-11-05T21:15;85;EUR;MWh;NO;NO;83,39;45;83,39;45;2;UP_AND_DOWN
2025-11-05T21:15;2025-11-05T21:30;86;EUR;MWh;NO;NO;61;;61;61;1;UP
2025-11-05T21:30;2025-11-05T21:45;87;EUR;MWh;NO;NO;89,49;;89,49;89,49;1;UP
2025-11-05T21:45;2025-11-05T22:00;88;EUR;MWh;NO;NO;105;;105;105;1;UP
2025-11-05T22:00;2025-11-05T22:15;89;EUR;MWh;NO;NO;64,07;56,91;64,07;56,91;2;UP_AND_DOWN
2025-11-05T22:15;2025-11-05T22:30;90;EUR;MWh;NO;NO;77;;77;77;1;UP
2025-11-05T22:30;2025-11-05T22:45;91;EUR;MWh;NO;NO;96,69;;96,69;96,69;1;UP
2025-11-05T22:45;2025-11-05T23:00;92;EUR;MWh;NO;NO;87,84;56,91;87,84;56,41;2;UP_AND_DOWN
2025-11-05T23:00;2025-11-05T23:15;93;EUR;MWh;NO;NO;78,13;56;78,13;56;2;UP_AND_DOWN
2025-11-05T23:15;2025-11-05T23:30;94;EUR;MWh;NO;NO;64,07;;64,07;64,07;1;UP
2025-11-05T23:30;2025-11-05T23:45;95;EUR;MWh;NO;NO;91,59;81;91,59;91,59;1;UP
2025-11-05T23:45;2025-11-06T00:00;96;EUR;MWh;NO;NO;50,11;-4;61;-4;2;UP_AND_DOWN
2025-11-06T00:00;2025-11-06T00:15;1;EUR;MWh;NO;NO;;34,63;34,63;34,63;-1;DOWN
2025-11-06T00:15;2025-11-06T00:30;2;EUR;MWh;NO;NO;;34,63;34,63;34,63;-1;DOWN
2025-11-06T00:30;2025-11-06T00:45;3;EUR;MWh;NO;NO;;34,63;34,63;34,63;-1;DOWN
2025-11-06T00:45;2025-11-06T01:00;4;EUR;MWh;NO;NO;;59,05;59,05;59,05;-1;DOWN
2025-11-06T01:00;2025-11-06T01:15;5;EUR;MWh;NO;NO;95,9;81;95,9;64,88;2;UP_AND_DOWN
2025-11-06T01:15;2025-11-06T01:30;6;EUR;MWh;NO;NO;96,1;;96,1;96,1;1;UP
2025-11-06T01:30;2025-11-06T01:45;7;EUR;MWh;NO;NO;96,8;66,63;96,8;64,88;2;UP_AND_DOWN
2025-11-06T01:45;2025-11-06T02:00;8;EUR;MWh;NO;NO;;59,73;59,73;59,73;-1;DOWN
2025-11-06T02:00;2025-11-06T02:15;9;EUR;MWh;NO;NO;43;70,63;70,63;70,63;-1;DOWN
2025-11-06T02:15;2025-11-06T02:30;10;EUR;MWh;NO;NO;;67,67;67,67;67,67;-1;DOWN
2025-11-06T02:30;2025-11-06T02:45;11;EUR;MWh;NO;NO;;64,63;64,63;64,63;-1;DOWN
2025-11-06T02:45;2025-11-06T03:00;12;EUR;MWh;NO;NO;81;68,15;81;64,88;2;UP_AND_DOWN
2025-11-06T03:00;2025-11-06T03:15;13;EUR;MWh;NO;NO;89,71;68,05;89,71;64,88;2;UP_AND_DOWN
2025-11-06T03:15;2025-11-06T03:30;14;EUR;MWh;NO;NO;;89,75;64,88;64,88;0;STABLE
2025-11-06T03:30;2025-11-06T03:45;15;EUR;MWh;NO;NO;111;;111;111;1;UP
2025-11-06T03:45;2025-11-06T04:00;16;EUR;MWh;NO;NO;85,61;;85,61;85,61;1;UP
2025-11-06T04:00;2025-11-06T04:15;17;EUR;MWh;NO;NO;;67,67;67,67;67,67;-1;DOWN
2025-11-06T04:15;2025-11-06T04:30;18;EUR;MWh;NO;NO;;53,05;53,05;53,05;-1;DOWN
2025-11-06T04:30;2025-11-06T04:45;19;EUR;MWh;NO;NO;;53,05;64,88;64,88;0;STABLE
2025-11-06T04:45;2025-11-06T05:00;20;EUR;MWh;NO;NO;79;89,75;79;79;1;UP
2025-11-06T05:00;2025-11-06T05:15;21;EUR;MWh;NO;NO;77;72,83;77;64,88;2;UP_AND_DOWN
2025-11-06T05:15;2025-11-06T05:30;22;EUR;MWh;NO;NO;95,9;72,83;95,9;64,88;2;UP_AND_DOWN
2025-11-06T05:30;2025-11-06T05:45;23;EUR;MWh;NO;NO;105;89,75;105;64,88;2;UP_AND_DOWN
2025-11-06T05:45;2025-11-06T06:00;24;EUR;MWh;NO;NO;;44,63;44,63;44,63;-1;DOWN
2025-11-06T06:00;2025-11-06T06:15;25;EUR;MWh;NO;NO;105;50,52;105;50,52;2;UP_AND_DOWN
2025-11-06T06:15;2025-11-06T06:30;26;EUR;MWh;NO;NO;95,8;83;95,8;95,8;1;UP
2025-11-06T06:30;2025-11-06T06:45;27;EUR;MWh;NO;NO;111;;111;111;1;UP
2025-11-06T06:45;2025-11-06T07:00;28;EUR;MWh;NO;NO;115;83;115;115;1;UP
2025-11-06T07:00;2025-11-06T07:15;29;EUR;MWh;NO;NO;154;;154;154;1;UP
2025-11-06T07:15;2025-11-06T07:30;30;EUR;MWh;NO;NO;154;;154;154;1;UP
2025-11-06T07:30;2025-11-06T07:45;31;EUR;MWh;NO;NO;147,4;;147,4;147,4;1;UP
2025-11-06T07:45;2025-11-06T08:00;32;EUR;MWh;NO;NO;111;;111;111;1;UP
2025-11-06T08:00;2025-11-06T08:15;33;EUR;MWh;NO;NO;154;;154;154;1;UP
2025-11-06T08:15;2025-11-06T08:30;34;EUR;MWh;NO;NO;150;;150;150;1;UP
2025-11-06T08:30;2025-11-06T08:45;35;EUR;MWh;NO;NO;124;84;124;64,88;2;UP_AND_DOWN
2025-11-06T08:45;2025-11-06T09:00;36;EUR;MWh;NO;NO;111;87;111;111;1;UP
2025-11-06T09:00;2025-11-06T09:15;37;EUR;MWh;NO;NO;103;67,99;103;64,88;2;UP_AND_DOWN
2025-11-06T09:15;2025-11-06T09:30;38;EUR;MWh;NO;NO;115;73,03;115;64,88;2;UP_AND_DOWN
2025-11-06T09:30;2025-11-06T09:45;39;EUR;MWh;NO;NO;147,4;;147,4;147,4;1;UP
2025-11-06T09:45;2025-11-06T10:00;40;EUR;MWh;NO;NO;78,84;66,24;78,84;64,88;2;UP_AND_DOWN
2025-11-06T10:00;2025-11-06T10:15;41;EUR;MWh;NO;NO;154;73,06;154;64,88;2;UP_AND_DOWN
2025-11-06T10:15;2025-11-06T10:30;42;EUR;MWh;NO;NO;111;;111;111;1;UP
2025-11-06T10:30;2025-11-06T10:45;43;EUR;MWh;NO;NO;132;;132;132;1;UP
2025-11-06T10:45;2025-11-06T11:00;44;EUR;MWh;NO;NO;119;71,24;119;64,88;2;UP_AND_DOWN
2025-11-06T11:00;2025-11-06T11:15;45;EUR;MWh;NO;NO;140;84;140;64,88;2;UP_AND_DOWN
2025-11-06T11:15;2025-11-06T11:30;46;EUR;MWh;NO;NO;100,2;;100,2;100,2;1;UP
2025-11-06T11:30;2025-11-06T11:45;47;EUR;MWh;NO;NO;140;84;140;64,88;2;UP_AND_DOWN
2025-11-06T11:45;2025-11-06T12:00;48;EUR;MWh;NO;NO;135,4;83;83;83;-1;DOWN
2025-11-06T12:00;2025-11-06T12:15;49;EUR;MWh;NO;NO;93,36;83;93,36;64,88;2;UP_AND_DOWN
2025-11-06T12:15;2025-11-06T12:30;50;EUR;MWh;NO;NO;109,5;89,75;109,5;64,88;2;UP_AND_DOWN
2025-11-06T12:30;2025-11-06T12:45;51;EUR;MWh;NO;NO;109,5;83;83;83;-1;DOWN
2025-11-06T12:45;2025-11-06T13:00;52;EUR;MWh;NO;NO;;66,24;66,24;66,24;-1;DOWN
2025-11-06T13:00;2025-11-06T13:15;53;EUR;MWh;NO;NO;;62,84;62,84;62,84;-1;DOWN
2025-11-06T13:15;2025-11-06T13:30;54;EUR;MWh;NO;NO;;71,34;71,34;71,34;-1;DOWN
2025-11-06T13:30;2025-11-06T13:45;55;EUR;MWh;NO;NO;;66;66;66;-1;DOWN
2025-11-06T13:45;2025-11-06T14:00;56;EUR;MWh;NO;NO;;66;66;66;-1;DOWN
2025-11-06T14:00;2025-11-06T14:15;57;EUR;MWh;NO;NO;;59;59;59;-1;DOWN
2025-11-06T14:15;2025-11-06T14:30;58;EUR;MWh;NO;NO;;67,67;67,67;67,67;-1;DOWN
2025-11-06T14:30;2025-11-06T14:45;59;EUR;MWh;NO;NO;109,85;66,36;109,85;64,88;2;UP_AND_DOWN
2025-11-06T14:45;2025-11-06T15:00;60;EUR;MWh;NO;NO;139,8;;139,8;139,8;1;UP
2025-11-06T15:00;2025-11-06T15:15;61;EUR;MWh;NO;NO;108,11;;108,11;108,11;1;UP
2025-11-06T15:15;2025-11-06T15:30;62;EUR;MWh;NO;NO;113,23;54;113,23;54;2;UP_AND_DOWN
2025-11-06T15:30;2025-11-06T15:45;63;EUR;MWh;NO;NO;147,4;;147,4;147,4;1;UP
2025-11-06T15:45;2025-11-06T16:00;64;EUR;MWh;NO;NO;105;;105;105;1;UP
2025-11-06T16:00;2025-11-06T16:15;65;EUR;MWh;NO;NO;;67,67;67,67;67,67;-1;DOWN
2025-11-06T16:15;2025-11-06T16:30;66;EUR;MWh;NO;NO;;67,67;67,67;67,67;-1;DOWN
2025-11-06T16:30;2025-11-06T16:45;67;EUR;MWh;NO;NO;;59,26;59,26;59,26;-1;DOWN
2025-11-06T16:45;2025-11-06T17:00;68;EUR;MWh;NO;NO;128;77,24;128;71,5;2;UP_AND_DOWN
2025-11-06T17:00;2025-11-06T17:15;69;EUR;MWh;NO;NO;111;;111;111;1;UP
2025-11-06T17:15;2025-11-06T17:30;70;EUR;MWh;NO;NO;140;;140;140;1;UP
2025-11-06T17:30;2025-11-06T17:45;71;EUR;MWh;NO;NO;104,9;;104,9;104,9;1;UP
2025-11-06T17:45;2025-11-06T18:00;72;EUR;MWh;NO;NO;101,99;;101,99;101,99;1;UP
2025-11-06T18:00;2025-11-06T18:15;73;EUR;MWh;NO;NO;98,8;83;98,8;98,8;1;UP
2025-11-06T18:15;2025-11-06T18:30;74;EUR;MWh;NO;NO;43;;64,88;64,88;0;STABLE
2025-11-06T18:30;2025-11-06T18:45;75;EUR;MWh;NO;NO;128;;128;128;1;UP
2025-11-06T18:45;2025-11-06T19:00;76;EUR;MWh;NO;NO;126;;126;126;1;UP
2025-11-06T19:00;2025-11-06T19:15;77;EUR;MWh;NO;NO;151;;151;151;1;UP
2025-11-06T19:15;2025-11-06T19:30;78;EUR;MWh;NO;NO;105,26;;105,26;105,26;1;UP
2025-11-06T19:30;2025-11-06T19:45;79;EUR;MWh;NO;NO;43;86;64,88;64,88;0;STABLE
2025-11-06T19:45;2025-11-06T20:00;80;EUR;MWh;NO;NO;43;76,32;76,32;76,32;-1;DOWN
2025-11-06T20:00;2025-11-06T20:15;81;EUR;MWh;NO;NO;;76,36;76,36;76,36;-1;DOWN
2025-11-06T20:15;2025-11-06T20:30;82;EUR;MWh;NO;NO;;67,67;67,67;67,67;-1;DOWN
2025-11-06T20:30;2025-11-06T20:45;83;EUR;MWh;NO;NO;43;77,14;77,14;77,14;-1;DOWN
2025-11-06T20:45;2025-11-06T21:00;84;EUR;MWh;NO;NO;;61,42;61,42;61,42;-1;DOWN
2025-11-06T21:00;2025-11-06T21:15;85;EUR;MWh;NO;NO;;66;66;66;-1;DOWN
2025-11-06T21:15;2025-11-06T21:30;86;EUR;MWh;NO;NO;;66;66;66;-1;DOWN
2025-11-06T21:30;2025-11-06T21:45;87;EUR;MWh;NO;NO;;65;65;65;-1;DOWN
2025-11-06T21:45;2025-11-06T22:00;88;EUR;MWh;NO;NO;;66;66;66;-1;DOWN
2025-11-06T22:00;2025-11-06T22:15;89;EUR;MWh;NO;NO;93,7;77,34;93,7;64,88;2;UP_AND_DOWN
2025-11-06T22:15;2025-11-06T22:30;90;EUR;MWh;NO;NO;111;83;111;64,88;2;UP_AND_DOWN
2025-11-06T22:30;2025-11-06T22:45;91;EUR;MWh;NO;NO;111;61,24;61,24;61,24;-1;DOWN
2025-11-06T22:45;2025-11-06T23:00;92;EUR;MWh;NO;NO;;63,86;63,86;63,86;-1;DOWN
2025-11-06T23:00;2025-11-06T23:15;93;EUR;MWh;NO;NO;;67,67;67,67;67,67;-1;DOWN
2025-11-06T23:15;2025-11-06T23:30;94;EUR;MWh;NO;NO;;81,19;81,19;81,19;-1;DOWN
2025-11-06T23:30;2025-11-06T23:45;95;EUR;MWh;NO;NO;95,9;89,75;95,9;64,88;2;UP_AND_DOWN
2025-11-06T23:45;2025-11-07T00:00;96;EUR;MWh;NO;NO;;83;64,88;64,88;0;STABLE
2025-11-07T00:00;2025-11-07T00:15;1;EUR;MWh;NO;NO;105;;105;105;1;UP
2025-11-07T00:15;2025-11-07T00:30;2;EUR;MWh;NO;NO;40;72,1;61;61;2;UP_AND_DOWN
2025-11-07T00:30;2025-11-07T00:45;3;EUR;MWh;NO;NO;91,54;58,92;91,54;58,92;2;UP_AND_DOWN
2025-11-07T00:45;2025-11-07T01:00;4;EUR;MWh;NO;NO;;59,36;59,36;59,36;-1;DOWN
2025-11-07T01:00;2025-11-07T01:15;5;EUR;MWh;NO;NO;89,43;68,26;89,43;61,77;2;UP_AND_DOWN
2025-11-07T01:15;2025-11-07T01:30;6;EUR;MWh;NO;NO;;50,47;50,47;50,47;-1;DOWN
2025-11-07T01:30;2025-11-07T01:45;7;EUR;MWh;NO;NO;;55,1;55,1;55,1;-1;DOWN
2025-11-07T01:45;2025-11-07T02:00;8;EUR;MWh;NO;NO;66,99;55;66,99;55;2;UP_AND_DOWN
2025-11-07T02:00;2025-11-07T02:15;9;EUR;MWh;NO;NO;;55;55;55;-1;DOWN
2025-11-07T02:15;2025-11-07T02:30;10;EUR;MWh;NO;NO;66,99;;61;61;0;STABLE
2025-11-07T02:30;2025-11-07T02:45;11;EUR;MWh;NO;NO;91,64;;91,64;91,64;1;UP
2025-11-07T02:45;2025-11-07T03:00;12;EUR;MWh;NO;NO;95,23;;95,23;95,23;1;UP
2025-11-07T03:00;2025-11-07T03:15;13;EUR;MWh;NO;NO;105;;105;105;1;UP
2025-11-07T03:15;2025-11-07T03:30;14;EUR;MWh;NO;NO;100;;100;100;1;UP
2025-11-07T03:30;2025-11-07T03:45;15;EUR;MWh;NO;NO;121,6;;121,6;121,6;1;UP
2025-11-07T03:45;2025-11-07T04:00;16;EUR;MWh;NO;NO;121,6;;121,6;121,6;1;UP
2025-11-07T04:00;2025-11-07T04:15;17;EUR;MWh;NO;NO;105;;105;105;1;UP
2025-11-07T04:15;2025-11-07T04:30;18;EUR;MWh;NO;NO;121,6;;121,6;121,6;1;UP
2025-11-07T04:30;2025-11-07T04:45;19;EUR;MWh;NO;NO;121,6;71,85;71,85;71,85;-1;DOWN
2025-11-07T04:45;2025-11-07T05:00;20;EUR;MWh;NO;NO;;59,26;59,26;59,26;-1;DOWN
2025-11-07T05:00;2025-11-07T05:15;21;EUR;MWh;NO;NO;82,24;70,24;82,24;66,42;2;UP_AND_DOWN
2025-11-07T05:15;2025-11-07T05:30;22;EUR;MWh;NO;NO;;55;55;55;-1;DOWN
2025-11-07T05:30;2025-11-07T05:45;23;EUR;MWh;NO;NO;66,99;55;66,99;55;2;UP_AND_DOWN
2025-11-07T05:45;2025-11-07T06:00;24;EUR;MWh;NO;NO;81,54;64,24;81,54;64,24;2;UP_AND_DOWN
2025-11-07T06:00;2025-11-07T06:15;25;EUR;MWh;NO;NO;125,77;69,22;125,77;61;2;UP_AND_DOWN
2025-11-07T06:15;2025-11-07T06:30;26;EUR;MWh;NO;NO;121,6;;121,6;121,6;1;UP
2025-11-07T06:30;2025-11-07T06:45;27;EUR;MWh;NO;NO;140;79,31;140;70,33;2;UP_AND_DOWN
2025-11-07T06:45;2025-11-07T07:00;28;EUR;MWh;NO;NO;140;;140;140;1;UP
2025-11-07T07:00;2025-11-07T07:15;29;EUR;MWh;NO;NO;121,6;;121,6;121,6;1;UP
2025-11-07T07:15;2025-11-07T07:30;30;EUR;MWh;NO;NO;121,6;;121,6;121,6;1;UP
2025-11-07T07:30;2025-11-07T07:45;31;EUR;MWh;NO;NO;121,6;;121,6;121,6;1;UP
2025-11-07T07:45;2025-11-07T08:00;32;EUR;MWh;NO;NO;121,6;;121,6;121,6;1;UP
2025-11-07T08:00;2025-11-07T08:15;33;EUR;MWh;NO;NO;121,6;;121,6;121,6;1;UP
2025-11-07T08:15;2025-11-07T08:30;34;EUR;MWh;NO;NO;140;82;140;140;1;UP
2025-11-07T08:30;2025-11-07T08:45;35;EUR;MWh;NO;NO;97,86;81,84;97,86;97,86;1;UP
2025-11-07T08:45;2025-11-07T09:00;36;EUR;MWh;NO;NO;121,6;75,4;121,6;75;2;UP_AND_DOWN
2025-11-07T09:00;2025-11-07T09:15;37;EUR;MWh;NO;NO;121,6;79,52;121,6;79,52;2;UP_AND_DOWN
2025-11-07T09:15;2025-11-07T09:30;38;EUR;MWh;NO;NO;121,6;73,41;121,6;71,28;2;UP_AND_DOWN
2025-11-07T09:30;2025-11-07T09:45;39;EUR;MWh;NO;NO;91,54;67,14;91,54;61;2;UP_AND_DOWN
2025-11-07T09:45;2025-11-07T10:00;40;EUR;MWh;NO;NO;91,54;64,4;91,54;64,4;2;UP_AND_DOWN
2025-11-07T10:00;2025-11-07T10:15;41;EUR;MWh;NO;NO;;58,92;58,92;58,92;-1;DOWN
2025-11-07T10:15;2025-11-07T10:30;42;EUR;MWh;NO;NO;;58,92;58,92;58,92;-1;DOWN
2025-11-07T10:30;2025-11-07T10:45;43;EUR;MWh;NO;NO;82,24;65;65;65;-1;DOWN
2025-11-07T10:45;2025-11-07T11:00;44;EUR;MWh;NO;NO;;58,92;58,92;58,92;-1;DOWN
2025-11-07T11:00;2025-11-07T11:15;45;EUR;MWh;NO;NO;151,8;74;151,8;69,08;2;UP_AND_DOWN
2025-11-07T11:15;2025-11-07T11:30;46;EUR;MWh;NO;NO;105,09;61,6;105,09;61,6;2;UP_AND_DOWN
2025-11-07T11:30;2025-11-07T11:45;47;EUR;MWh;NO;NO;105,09;69,43;105,09;69,43;2;UP_AND_DOWN
2025-11-07T11:45;2025-11-07T12:00;48;EUR;MWh;NO;NO;105,09;64,8;64,8;64,8;-1;DOWN
2025-11-07T12:00;2025-11-07T12:15;49;EUR;MWh;NO;NO;;66,4;66,4;66,4;-1;DOWN
2025-11-07T12:15;2025-11-07T12:30;50;EUR;MWh;NO;NO;;70,66;70,66;70,66;-1;DOWN
2025-11-07T12:30;2025-11-07T12:45;51;EUR;MWh;NO;NO;;66,52;66,52;66,52;-1;DOWN
2025-11-07T12:45;2025-11-07T13:00;52;EUR;MWh;NO;NO;;69,35;69,35;69,35;-1;DOWN
2025-11-07T13:00;2025-11-07T13:15;53;EUR;MWh;NO;NO;82,34;74,32;82,34;61;2;UP_AND_DOWN
2025-11-07T13:15;2025-11-07T13:30;54;EUR;MWh;NO;NO;91,64;67,11;91,64;61;2;UP_AND_DOWN
2025-11-07T13:30;2025-11-07T13:45;55;EUR;MWh;NO;NO;97;78,94;97;61;2;UP_AND_DOWN
2025-11-07T13:45;2025-11-07T14:00;56;EUR;MWh;NO;NO;97;;97;97;1;UP
2025-11-07T14:00;2025-11-07T14:15;57;EUR;MWh;NO;NO;103;77,54;103;61;2;UP_AND_DOWN
2025-11-07T14:15;2025-11-07T14:30;58;EUR;MWh;NO;NO;103;;103;103;1;UP
2025-11-07T14:30;2025-11-07T14:45;59;EUR;MWh;NO;NO;151,8;;151,8;151,8;1;UP
2025-11-07T14:45;2025-11-07T15:00;60;EUR;MWh;NO;NO;140;82;140;61;2;UP_AND_DOWN
2025-11-07T15:00;2025-11-07T15:15;61;EUR;MWh;NO;NO;91,34;66;91,34;61;2;UP_AND_DOWN
2025-11-07T15:15;2025-11-07T15:30;62;EUR;MWh;NO;NO;140;;140;140;1;UP
2025-11-07T15:30;2025-11-07T15:45;63;EUR;MWh;NO;NO;151,8;;151,8;151,8;1;UP
2025-11-07T15:45;2025-11-07T16:00;64;EUR;MWh;NO;NO;151,8;81,95;151,8;61;2;UP_AND_DOWN
2025-11-07T16:00;2025-11-07T16:15;65;EUR;MWh;NO;NO;151,8;;151,8;151,8;1;UP
2025-11-07T16:15;2025-11-07T16:30;66;EUR;MWh;NO;NO;140;;140;140;1;UP
2025-11-07T16:30;2025-11-07T16:45;67;EUR;MWh;NO;NO;151,8;;151,8;151,8;1;UP
2025-11-07T16:45;2025-11-07T17:00;68;EUR;MWh;NO;NO;151,8;;151,8;151,8;1;UP
2025-11-07T17:00;2025-11-07T17:15;69;EUR;MWh;NO;NO;151,8;;151,8;151,8;1;UP
2025-11-07T17:15;2025-11-07T17:30;70;EUR;MWh;NO;NO;121,6;;121,6;121,6;1;UP
2025-11-07T17:30;2025-11-07T17:45;71;EUR;MWh;NO;NO;121,6;;121,6;121,6;1;UP
2025-11-07T17:45;2025-11-07T18:00;72;EUR;MWh;NO;NO;121,6;85;121,6;121,6;1;UP
2025-11-07T18:00;2025-11-07T18:15;73;EUR;MWh;NO;NO;110,19;;110,19;110,19;1;UP
2025-11-07T18:15;2025-11-07T18:30;74;EUR;MWh;NO;NO;121,6;;121,6;121,6;1;UP
2025-11-07T18:30;2025-11-07T18:45;75;EUR;MWh;NO;NO;91,54;;91,54;91,54;1;UP
2025-11-07T18:45;2025-11-07T19:00;76;EUR;MWh;NO;NO;110,19;84;110,19;73,64;2;UP_AND_DOWN
2025-11-07T19:00;2025-11-07T19:15;77;EUR;MWh;NO;NO;120,19;;120,19;120,19;1;UP
2025-11-07T19:15;2025-11-07T19:30;78;EUR;MWh;NO;NO;121,6;;121,6;121,6;1;UP
2025-11-07T19:30;2025-11-07T19:45;79;EUR;MWh;NO;NO;121,6;;121,6;121,6;1;UP
2025-11-07T19:45;2025-11-07T20:00;80;EUR;MWh;NO;NO;151,8;;151,8;151,8;1;UP
2025-11-07T20:00;2025-11-07T20:15;81;EUR;MWh;NO;NO;42;82,05;69,73;69,73;2;UP_AND_DOWN
2025-11-07T20:15;2025-11-07T20:30;82;EUR;MWh;NO;NO;42;77,4;77,4;77,4;-1;DOWN
2025-11-07T20:30;2025-11-07T20:45;83;EUR;MWh;NO;NO;81,54;82,05;81,54;79,74;2;UP_AND_DOWN
2025-11-07T20:45;2025-11-07T21:00;84;EUR;MWh;NO;NO;90,29;82,05;90,29;78;2;UP_AND_DOWN
2025-11-07T21:00;2025-11-07T21:15;85;EUR;MWh;NO;NO;121,6;115;121,6;77,5;2;UP_AND_DOWN
2025-11-07T21:15;2025-11-07T21:30;86;EUR;MWh;NO;NO;151,8;103;151,8;77,5;2;UP_AND_DOWN
2025-11-07T21:30;2025-11-07T21:45;87;EUR;MWh;NO;NO;121,6;114;121,6;77;2;UP_AND_DOWN
2025-11-07T21:45;2025-11-07T22:00;88;EUR;MWh;NO;NO;121,6;75;121,6;75;2;UP_AND_DOWN
2025-11-07T22:00;2025-11-07T22:15;89;EUR;MWh;NO;NO;120,29;79;120,29;77;2;UP_AND_DOWN
2025-11-07T22:15;2025-11-07T22:30;90;EUR;MWh;NO;NO;42;74,92;77;74,92;2;UP_AND_DOWN
2025-11-07T22:30;2025-11-07T22:45;91;EUR;MWh;NO;NO;91,54;78,84;91,54;77;2;UP_AND_DOWN
2025-11-07T22:45;2025-11-07T23:00;92;EUR;MWh;NO;NO;42;113;113;113;-1;DOWN
2025-11-07T23:00;2025-11-07T23:15;93;EUR;MWh;NO;NO;121,6;103;121,6;76,5;2;UP_AND_DOWN
2025-11-07T23:15;2025-11-07T23:30;94;EUR;MWh;NO;NO;90,19;71,4;90,19;71,4;2;UP_AND_DOWN
2025-11-07T23:30;2025-11-07T23:45;95;EUR;MWh;NO;NO;;70,66;70,66;70,66;-1;DOWN
2025-11-07T23:45;2025-11-08T00:00;96;EUR;MWh;NO;NO;82,44;75,4;82,44;70,2;2;UP_AND_DOWN
2025-11-08T00:00;2025-11-08T00:15;1;EUR;MWh;NO;NO;82,44;71,72;71,72;71,72;-1;DOWN
2025-11-08T00:15;2025-11-08T00:30;2;EUR;MWh;NO;NO;86,39;;86,39;86,39;1;UP
2025-11-08T00:30;2025-11-08T00:45;3;EUR;MWh;NO;NO;90,26;;90,26;90,26;1;UP
2025-11-08T00:45;2025-11-08T01:00;4;EUR;MWh;NO;NO;42;;65,31;65,31;0;STABLE
2025-11-08T01:00;2025-11-08T01:15;5;EUR;MWh;NO;NO;;105;72,5;72,5;0;STABLE
2025-11-08T01:15;2025-11-08T01:30;6;EUR;MWh;NO;NO;;79;79;79;-1;DOWN
2025-11-08T01:30;2025-11-08T01:45;7;EUR;MWh;NO;NO;42;76,98;76,98;76,98;-1;DOWN
2025-11-08T01:45;2025-11-08T02:00;8;EUR;MWh;NO;NO;42;78,57;78,57;78,57;-1;DOWN
2025-11-08T02:00;2025-11-08T02:15;9;EUR;MWh;NO;NO;;78,95;78,95;78,95;-1;DOWN
2025-11-08T02:15;2025-11-08T02:30;10;EUR;MWh;NO;NO;80,62;82;82;82;-1;DOWN
2025-11-08T02:30;2025-11-08T02:45;11;EUR;MWh;NO;NO;94,11;78,64;94,11;69,5;2;UP_AND_DOWN
2025-11-08T02:45;2025-11-08T03:00;12;EUR;MWh;NO;NO;;65,65;65,65;65,65;-1;DOWN
2025-11-08T03:00;2025-11-08T03:15;13;EUR;MWh;NO;NO;;65,83;65,83;65,83;-1;DOWN
2025-11-08T03:15;2025-11-08T03:30;14;EUR;MWh;NO;NO;;66,4;66,4;66,4;-1;DOWN
2025-11-08T03:30;2025-11-08T03:45;15;EUR;MWh;NO;NO;;76,57;76,57;76,57;-1;DOWN
2025-11-08T03:45;2025-11-08T04:00;16;EUR;MWh;NO;NO;;73,14;73,14;73,14;-1;DOWN
2025-11-08T04:00;2025-11-08T04:15;17;EUR;MWh;NO;NO;88;81,21;88;65,31;2;UP_AND_DOWN
2025-11-08T04:15;2025-11-08T04:30;18;EUR;MWh;NO;NO;81;73,53;65,31;65,31;0;STABLE
2025-11-08T04:30;2025-11-08T04:45;19;EUR;MWh;NO;NO;;66,4;66,4;66,4;-1;DOWN
2025-11-08T04:45;2025-11-08T05:00;20;EUR;MWh;NO;NO;82;76,51;76,51;76,51;-1;DOWN
2025-11-08T05:00;2025-11-08T05:15;21;EUR;MWh;NO;NO;86,19;79,41;86,19;65,31;2;UP_AND_DOWN
2025-11-08T05:15;2025-11-08T05:30;22;EUR;MWh;NO;NO;86,19;71,4;86,19;65,31;2;UP_AND_DOWN
2025-11-08T05:30;2025-11-08T05:45;23;EUR;MWh;NO;NO;86,19;78,48;86,19;86,19;1;UP
2025-11-08T05:45;2025-11-08T06:00;24;EUR;MWh;NO;NO;;69,36;69,36;69,36;-1;DOWN
2025-11-08T06:00;2025-11-08T06:15;25;EUR;MWh;NO;NO;86,1;72,21;72,21;72,21;-1;DOWN
2025-11-08T06:15;2025-11-08T06:30;26;EUR;MWh;NO;NO;83;72,21;83;65,31;2;UP_AND_DOWN
2025-11-08T06:30;2025-11-08T06:45;27;EUR;MWh;NO;NO;42;;42;42;1;UP
2025-11-08T06:45;2025-11-08T07:00;28;EUR;MWh;NO;NO;83;82;83;83;1;UP
2025-11-08T07:00;2025-11-08T07:15;29;EUR;MWh;NO;NO;83;70,19;70,19;70,19;-1;DOWN
2025-11-08T07:15;2025-11-08T07:30;30;EUR;MWh;NO;NO;98;90,62;98;98;1;UP
2025-11-08T07:30;2025-11-08T07:45;31;EUR;MWh;NO;NO;121,4;;121,4;121,4;1;UP
2025-11-08T07:45;2025-11-08T08:00;32;EUR;MWh;NO;NO;121,4;;121,4;121,4;1;UP
2025-11-08T08:00;2025-11-08T08:15;33;EUR;MWh;NO;NO;104;;104;104;1;UP
2025-11-08T08:15;2025-11-08T08:30;34;EUR;MWh;NO;NO;98;;98;98;1;UP
2025-11-08T08:30;2025-11-08T08:45;35;EUR;MWh;NO;NO;100;;100;100;1;UP
2025-11-08T08:45;2025-11-08T09:00;36;EUR;MWh;NO;NO;97;90;97;65,31;2;UP_AND_DOWN
2025-11-08T09:00;2025-11-08T09:15;37;EUR;MWh;NO;NO;97;68,46;68,46;68,46;-1;DOWN
2025-11-08T09:15;2025-11-08T09:30;38;EUR;MWh;NO;NO;;66,4;66,4;66,4;-1;DOWN
2025-11-08T09:30;2025-11-08T09:45;39;EUR;MWh;NO;NO;;57,28;57,28;57,28;-1;DOWN
2025-11-08T09:45;2025-11-08T10:00;40;EUR;MWh;NO;NO;42;62,71;65,31;62,71;2;UP_AND_DOWN
2025-11-08T10:00;2025-11-08T10:15;41;EUR;MWh;NO;NO;;63;63;63;-1;DOWN
2025-11-08T10:15;2025-11-08T10:30;42;EUR;MWh;NO;NO;;60,99;60,99;60,99;-1;DOWN
2025-11-08T10:30;2025-11-08T10:45;43;EUR;MWh;NO;NO;;56,73;56,73;56,73;-1;DOWN
2025-11-08T10:45;2025-11-08T11:00;44;EUR;MWh;NO;NO;;55,11;55,11;55,11;-1;DOWN
2025-11-08T11:00;2025-11-08T11:15;45;EUR;MWh;NO;NO;83;58,19;83;58,19;2;UP_AND_DOWN
2025-11-08T11:15;2025-11-08T11:30;46;EUR;MWh;NO;NO;95,8;90,62;95,8;95,8;1;UP
2025-11-08T11:30;2025-11-08T11:45;47;EUR;MWh;NO;NO;92,18;76,81;92,18;65,31;2;UP_AND_DOWN
2025-11-08T11:45;2025-11-08T12:00;48;EUR;MWh;NO;NO;95,8;74,19;95,8;65,31;2;UP_AND_DOWN
2025-11-08T12:00;2025-11-08T12:15;49;EUR;MWh;NO;NO;95,8;70,41;95,8;65,31;2;UP_AND_DOWN
2025-11-08T12:15;2025-11-08T12:30;50;EUR;MWh;NO;NO;95,9;;95,9;95,9;1;UP
2025-11-08T12:30;2025-11-08T12:45;51;EUR;MWh;NO;NO;105;;105;105;1;UP
2025-11-08T12:45;2025-11-08T13:00;52;EUR;MWh;NO;NO;105;76,19;105;65,31;2;UP_AND_DOWN
2025-11-08T13:00;2025-11-08T13:15;53;EUR;MWh;NO;NO;105;73,78;73,78;73,78;-1;DOWN
2025-11-08T13:15;2025-11-08T13:30;54;EUR;MWh;NO;NO;91,88;77,65;91,88;65,5;2;UP_AND_DOWN
2025-11-08T13:30;2025-11-08T13:45;55;EUR;MWh;NO;NO;121,4;;121,4;121,4;1;UP
2025-11-08T13:45;2025-11-08T14:00;56;EUR;MWh;NO;NO;121,4;98;121,4;69;2;UP_AND_DOWN
2025-11-08T14:00;2025-11-08T14:15;57;EUR;MWh;NO;NO;120,39;55,11;120,39;55,11;2;UP_AND_DOWN
2025-11-08T14:15;2025-11-08T14:30;58;EUR;MWh;NO;NO;80,62;73,26;80,62;69,5;2;UP_AND_DOWN
2025-11-08T14:30;2025-11-08T14:45;59;EUR;MWh;NO;NO;80,62;102;80,62;71;2;UP_AND_DOWN
2025-11-08T14:45;2025-11-08T15:00;60;EUR;MWh;NO;NO;119,3;80,65;119,3;71;2;UP_AND_DOWN
2025-11-08T15:00;2025-11-08T15:15;61;EUR;MWh;NO;NO;121,4;;121,4;121,4;1;UP
2025-11-08T15:15;2025-11-08T15:30;62;EUR;MWh;NO;NO;150;;150;150;1;UP
2025-11-08T15:30;2025-11-08T15:45;63;EUR;MWh;NO;NO;155,9;;155,9;155,9;1;UP
2025-11-08T15:45;2025-11-08T16:00;64;EUR;MWh;NO;NO;164;;164;164;1;UP
2025-11-08T16:00;2025-11-08T16:15;65;EUR;MWh;NO;NO;150;;150;150;1;UP
2025-11-08T16:15;2025-11-08T16:30;66;EUR;MWh;NO;NO;150;111;150;150;1;UP
2025-11-08T16:30;2025-11-08T16:45;67;EUR;MWh;NO;NO;150;;150;150;1;UP
2025-11-08T16:45;2025-11-08T17:00;68;EUR;MWh;NO;NO;155,9;;155,9;155,9;1;UP
2025-11-08T17:00;2025-11-08T17:15;69;EUR;MWh;NO;NO;155,9;;155,9;155,9;1;UP
2025-11-08T17:15;2025-11-08T17:30;70;EUR;MWh;NO;NO;155,9;;155,9;155,9;1;UP
2025-11-08T17:30;2025-11-08T17:45;71;EUR;MWh;NO;NO;155,8;119;155,8;155,8;1;UP
2025-11-08T17:45;2025-11-08T18:00;72;EUR;MWh;NO;NO;121,4;;121,4;121,4;1;UP
2025-11-08T18:00;2025-11-08T18:15;73;EUR;MWh;NO;NO;139,94;;139,94;139,94;1;UP
2025-11-08T18:15;2025-11-08T18:30;74;EUR;MWh;NO;NO;140;119;140;79,5;2;UP_AND_DOWN
2025-11-08T18:30;2025-11-08T18:45;75;EUR;MWh;NO;NO;42;82;82;82;-1;DOWN
2025-11-08T18:45;2025-11-08T19:00;76;EUR;MWh;NO;NO;129,69;105;129,69;79,5;2;UP_AND_DOWN
2025-11-08T19:00;2025-11-08T19:15;77;EUR;MWh;NO;NO;150;;150;150;1;UP
2025-11-08T19:15;2025-11-08T19:30;78;EUR;MWh;NO;NO;121,4;105;121,4;79,5;2;UP_AND_DOWN
2025-11-08T19:30;2025-11-08T19:45;79;EUR;MWh;NO;NO;;76,29;76,29;76,29;-1;DOWN
2025-11-08T19:45;2025-11-08T20:00;80;EUR;MWh;NO;NO;121,4;82;121,4;79;2;UP_AND_DOWN
2025-11-08T20:00;2025-11-08T20:15;81;EUR;MWh;NO;NO;85,55;86,71;85,55;79;2;UP_AND_DOWN
2025-11-08T20:15;2025-11-08T20:30;82;EUR;MWh;NO;NO;121,4;70,41;121,4;70,41;2;UP_AND_DOWN
2025-11-08T20:30;2025-11-08T20:45;83;EUR;MWh;NO;NO;42;68,4;68,4;68,4;-1;DOWN
2025-11-08T20:45;2025-11-08T21:00;84;EUR;MWh;NO;NO;42;90,62;76,5;76,5;2;UP_AND_DOWN
2025-11-08T21:00;2025-11-08T21:15;85;EUR;MWh;NO;NO;121,4;87,87;121,4;76,5;2;UP_AND_DOWN
2025-11-08T21:15;2025-11-08T21:30;86;EUR;MWh;NO;NO;121,4;102;121,4;75;2;UP_AND_DOWN
2025-11-08T21:30;2025-11-08T21:45;87;EUR;MWh;NO;NO;121,4;90,62;121,4;75;2;UP_AND_DOWN
2025-11-08T21:45;2025-11-08T22:00;88;EUR;MWh;NO;NO;124;66;124;66;2;UP_AND_DOWN
2025-11-08T22:00;2025-11-08T22:15;89;EUR;MWh;NO;NO;93,88;66;93,88;66;2;UP_AND_DOWN
2025-11-08T22:15;2025-11-08T22:30;90;EUR;MWh;NO;NO;;90,62;90,62;90,62;-1;DOWN
2025-11-08T22:30;2025-11-08T22:45;91;EUR;MWh;NO;NO;93,98;108;93,98;74;2;UP_AND_DOWN
2025-11-08T22:45;2025-11-08T23:00;92;EUR;MWh;NO;NO;121,4;90,62;121,4;72,5;2;UP_AND_DOWN
2025-11-08T23:00;2025-11-08T23:15;93;EUR;MWh;NO;NO;121,4;90,62;121,4;70,5;2;UP_AND_DOWN
2025-11-08T23:15;2025-11-08T23:30;94;EUR;MWh;NO;NO;42;90,62;90,62;90,62;-1;DOWN
2025-11-08T23:30;2025-11-08T23:45;95;EUR;MWh;NO;NO;81,08;74,19;81,08;74,19;2;UP_AND_DOWN
2025-11-08T23:45;2025-11-09T00:00;96;EUR;MWh;NO;NO;80,62;73,24;80,62;72;2;UP_AND_DOWN
2025-11-09T00:00;2025-11-09T00:15;1;EUR;MWh;NO;NO;104;67,41;104;67,41;2;UP_AND_DOWN
2025-11-09T00:15;2025-11-09T00:30;2;EUR;MWh;NO;NO;120,3;82;120,3;69;2;UP_AND_DOWN
2025-11-09T00:30;2025-11-09T00:45;3;EUR;MWh;NO;NO;120,3;89;120,3;68,5;2;UP_AND_DOWN
2025-11-09T00:45;2025-11-09T01:00;4;EUR;MWh;NO;NO;92;75,13;92;67;2;UP_AND_DOWN
2025-11-09T01:00;2025-11-09T01:15;5;EUR;MWh;NO;NO;;75,27;75,27;75,27;-1;DOWN
2025-11-09T01:15;2025-11-09T01:30;6;EUR;MWh;NO;NO;42;70,7;70,7;70,7;-1;DOWN
2025-11-09T01:30;2025-11-09T01:45;7;EUR;MWh;NO;NO;;80,27;80,27;80,27;-1;DOWN
2025-11-09T01:45;2025-11-09T02:00;8;EUR;MWh;NO;NO;;80,27;80,27;80,27;-1;DOWN
2025-11-09T02:00;2025-11-09T02:15;9;EUR;MWh;NO;NO;124,93;80,27;124,93;64,09;2;UP_AND_DOWN
2025-11-09T02:15;2025-11-09T02:30;10;EUR;MWh;NO;NO;103;;103;103;1;UP
2025-11-09T02:30;2025-11-09T02:45;11;EUR;MWh;NO;NO;84,23;79,47;84,23;63,47;2;UP_AND_DOWN
2025-11-09T02:45;2025-11-09T03:00;12;EUR;MWh;NO;NO;86;80,37;86;64,13;2;UP_AND_DOWN
2025-11-09T03:00;2025-11-09T03:15;13;EUR;MWh;NO;NO;94,23;78,6;94,23;64,48;2;UP_AND_DOWN
2025-11-09T03:15;2025-11-09T03:30;14;EUR;MWh;NO;NO;103;79,26;103;64,35;2;UP_AND_DOWN
2025-11-09T03:30;2025-11-09T03:45;15;EUR;MWh;NO;NO;120,3;;120,3;120,3;1;UP
2025-11-09T03:45;2025-11-09T04:00;16;EUR;MWh;NO;NO;100,2;;100,2;100,2;1;UP
2025-11-09T04:00;2025-11-09T04:15;17;EUR;MWh;NO;NO;96,02;;96,02;96,02;1;UP
2025-11-09T04:15;2025-11-09T04:30;18;EUR;MWh;NO;NO;111,38;;111,38;111,38;1;UP
2025-11-09T04:30;2025-11-09T04:45;19;EUR;MWh;NO;NO;81;;81;81;1;UP
2025-11-09T04:45;2025-11-09T05:00;20;EUR;MWh;NO;NO;82;;82;82;1;UP
2025-11-09T05:00;2025-11-09T05:15;21;EUR;MWh;NO;NO;103;;103;103;1;UP
2025-11-09T05:15;2025-11-09T05:30;22;EUR;MWh;NO;NO;94,13;;94,13;94,13;1;UP
2025-11-09T05:30;2025-11-09T05:45;23;EUR;MWh;NO;NO;69,23;;69,23;69,23;1;UP
2025-11-09T05:45;2025-11-09T06:00;24;EUR;MWh;NO;NO;107,47;;107,47;107,47;1;UP
2025-11-09T06:00;2025-11-09T06:15;25;EUR;MWh;NO;NO;120,3;;120,3;120,3;1;UP
2025-11-09T06:15;2025-11-09T06:30;26;EUR;MWh;NO;NO;103;;103;103;1;UP
2025-11-09T06:30;2025-11-09T06:45;27;EUR;MWh;NO;NO;88;82;88;64,16;2;UP_AND_DOWN
2025-11-09T06:45;2025-11-09T07:00;28;EUR;MWh;NO;NO;91;;91;91;1;UP
2025-11-09T07:00;2025-11-09T07:15;29;EUR;MWh;NO;NO;93;76;93;61;2;UP_AND_DOWN
2025-11-09T07:15;2025-11-09T07:30;30;EUR;MWh;NO;NO;105;82;105;105;1;UP
2025-11-09T07:30;2025-11-09T07:45;31;EUR;MWh;NO;NO;93;73,14;93;61;2;UP_AND_DOWN
2025-11-09T07:45;2025-11-09T08:00;32;EUR;MWh;NO;NO;94,43;82;94,43;94,43;1;UP
2025-11-09T08:00;2025-11-09T08:15;33;EUR;MWh;NO;NO;140;75,37;140;61;2;UP_AND_DOWN
2025-11-09T08:15;2025-11-09T08:30;34;EUR;MWh;NO;NO;140;;140;140;1;UP
2025-11-09T08:30;2025-11-09T08:45;35;EUR;MWh;NO;NO;120,3;76,84;120,3;61;2;UP_AND_DOWN
2025-11-09T08:45;2025-11-09T09:00;36;EUR;MWh;NO;NO;120,3;86;120,3;120,3;1;UP
2025-11-09T09:00;2025-11-09T09:15;37;EUR;MWh;NO;NO;120,3;73,04;73,04;73,04;-1;DOWN
2025-11-09T09:15;2025-11-09T09:30;38;EUR;MWh;NO;NO;;73,24;73,24;73,24;-1;DOWN
2025-11-09T09:30;2025-11-09T09:45;39;EUR;MWh;NO;NO;;71,87;71,87;71,87;-1;DOWN
2025-11-09T09:45;2025-11-09T10:00;40;EUR;MWh;NO;NO;;62,67;62,67;62,67;-1;DOWN
2025-11-09T10:00;2025-11-09T10:15;41;EUR;MWh;NO;NO;;71,77;71,77;71,77;-1;DOWN
2025-11-09T10:15;2025-11-09T10:30;42;EUR;MWh;NO;NO;;77,04;77,04;77,04;-1;DOWN
2025-11-09T10:30;2025-11-09T10:45;43;EUR;MWh;NO;NO;87;79,97;79,97;79,97;-1;DOWN
2025-11-09T10:45;2025-11-09T11:00;44;EUR;MWh;NO;NO;;;61;61;0;STABLE
2025-11-09T11:00;2025-11-09T11:15;45;EUR;MWh;NO;NO;82;;61;61;0;STABLE
2025-11-09T11:15;2025-11-09T11:30;46;EUR;MWh;NO;NO;84,23;;84,23;84,23;1;UP
2025-11-09T11:30;2025-11-09T11:45;47;EUR;MWh;NO;NO;84,23;75,52;75,52;75,52;-1;DOWN
2025-11-09T11:45;2025-11-09T12:00;48;EUR;MWh;NO;NO;;62,67;62,67;62,67;-1;DOWN
2025-11-09T12:00;2025-11-09T12:15;49;EUR;MWh;NO;NO;98;65,7;98;98;1;UP
2025-11-09T12:15;2025-11-09T12:30;50;EUR;MWh;NO;NO;104,23;70,8;104,23;61;2;UP_AND_DOWN
2025-11-09T12:30;2025-11-09T12:45;51;EUR;MWh;NO;NO;84,23;78,6;84,23;61;2;UP_AND_DOWN
2025-11-09T12:45;2025-11-09T13:00;52;EUR;MWh;NO;NO;82,44;62,77;82,44;61;2;UP_AND_DOWN
2025-11-09T13:00;2025-11-09T13:15;53;EUR;MWh;NO;NO;;67,52;67,52;67,52;-1;DOWN
2025-11-09T13:15;2025-11-09T13:30;54;EUR;MWh;NO;NO;105;76,78;105;61;2;UP_AND_DOWN
2025-11-09T13:30;2025-11-09T13:45;55;EUR;MWh;NO;NO;105;75,37;75,37;75,37;-1;DOWN
2025-11-09T13:45;2025-11-09T14:00;56;EUR;MWh;NO;NO;120,3;76,94;120,3;61;2;UP_AND_DOWN
2025-11-09T14:00;2025-11-09T14:15;57;EUR;MWh;NO;NO;84,23;57,84;84,23;57,84;2;UP_AND_DOWN
2025-11-09T14:15;2025-11-09T14:30;58;EUR;MWh;NO;NO;;;61;61;0;STABLE
2025-11-09T14:30;2025-11-09T14:45;59;EUR;MWh;NO;NO;89;76,79;89;89;1;UP
2025-11-09T14:45;2025-11-09T15:00;60;EUR;MWh;NO;NO;84,23;75;84,23;61;2;UP_AND_DOWN
2025-11-09T15:00;2025-11-09T15:15;61;EUR;MWh;NO;NO;90;79,23;90;90;1;UP
2025-11-09T15:15;2025-11-09T15:30;62;EUR;MWh;NO;NO;90;82;90;90;1;UP
2025-11-09T15:30;2025-11-09T15:45;63;EUR;MWh;NO;NO;84,23;;84,23;84,23;1;UP
2025-11-09T15:45;2025-11-09T16:00;64;EUR;MWh;NO;NO;;70,62;70,62;70,62;-1;DOWN
2025-11-09T16:00;2025-11-09T16:15;65;EUR;MWh;NO;NO;120,3;70,62;120,3;120,3;1;UP
2025-11-09T16:15;2025-11-09T16:30;66;EUR;MWh;NO;NO;120,3;;120,3;120,3;1;UP
2025-11-09T16:30;2025-11-09T16:45;67;EUR;MWh;NO;NO;120,3;82;120,3;120,3;1;UP
2025-11-09T16:45;2025-11-09T17:00;68;EUR;MWh;NO;NO;120,3;;120,3;120,3;1;UP
2025-11-09T17:00;2025-11-09T17:15;69;EUR;MWh;NO;NO;120,3;82;120,3;120,3;1;UP
2025-11-09T17:15;2025-11-09T17:30;70;EUR;MWh;NO;NO;150;88;150;150;1;UP
2025-11-09T17:30;2025-11-09T17:45;71;EUR;MWh;NO;NO;150;;150;150;1;UP
2025-11-09T17:45;2025-11-09T18:00;72;EUR;MWh;NO;NO;150;78,18;150;71;2;UP_AND_DOWN
2025-11-09T18:00;2025-11-09T18:15;73;EUR;MWh;NO;NO;118;77,08;118;73,5;2;UP_AND_DOWN
2025-11-09T18:15;2025-11-09T18:30;74;EUR;MWh;NO;NO;;73,48;73,48;73,48;-1;DOWN
2025-11-09T18:30;2025-11-09T18:45;75;EUR;MWh;NO;NO;;75;75;75;-1;DOWN
2025-11-09T18:45;2025-11-09T19:00;76;EUR;MWh;NO;NO;;70,62;70,62;70,62;-1;DOWN
2025-11-09T19:00;2025-11-09T19:15;77;EUR;MWh;NO;NO;;75;75;75;-1;DOWN
2025-11-09T19:15;2025-11-09T19:30;78;EUR;MWh;NO;NO;42;67,5;67,5;67,5;-1;DOWN
2025-11-09T19:30;2025-11-09T19:45;79;EUR;MWh;NO;NO;92;78,18;92;61;2;UP_AND_DOWN
2025-11-09T19:45;2025-11-09T20:00;80;EUR;MWh;NO;NO;89,58;80,57;89,58;89,58;1;UP
2025-11-09T20:00;2025-11-09T20:15;81;EUR;MWh;NO;NO;98;80,98;98;98;1;UP
2025-11-09T20:15;2025-11-09T20:30;82;EUR;MWh;NO;NO;150;72,52;150;58,74;2;UP_AND_DOWN
2025-11-09T20:30;2025-11-09T20:45;83;EUR;MWh;NO;NO;120,3;75,52;120,3;58,51;2;UP_AND_DOWN
2025-11-09T20:45;2025-11-09T21:00;84;EUR;MWh;NO;NO;120,3;;120,3;120,3;1;UP
2025-11-09T21:00;2025-11-09T21:15;85;EUR;MWh;NO;NO;140;;140;140;1;UP
2025-11-09T21:15;2025-11-09T21:30;86;EUR;MWh;NO;NO;90;;90;90;1;UP
2025-11-09T21:30;2025-11-09T21:45;87;EUR;MWh;NO;NO;42;89;64,5;64,5;2;UP_AND_DOWN
2025-11-09T21:45;2025-11-09T22:00;88;EUR;MWh;NO;NO;140;79,34;140;69,5;2;UP_AND_DOWN
2025-11-09T22:00;2025-11-09T22:15;89;EUR;MWh;NO;NO;106;77,58;106;70,5;2;UP_AND_DOWN
2025-11-09T22:15;2025-11-09T22:30;90;EUR;MWh;NO;NO;42;101;70,5;70,5;2;UP_AND_DOWN
2025-11-09T22:30;2025-11-09T22:45;91;EUR;MWh;NO;NO;120,3;79;120,3;71,5;2;UP_AND_DOWN
2025-11-09T22:45;2025-11-09T23:00;92;EUR;MWh;NO;NO;120,3;73,85;120,3;71;2;UP_AND_DOWN
2025-11-09T23:00;2025-11-09T23:15;93;EUR;MWh;NO;NO;;62,07;62,07;62,07;-1;DOWN
2025-11-09T23:15;2025-11-09T23:30;94;EUR;MWh;NO;NO;;67,41;67,41;67,41;-1;DOWN
2025-11-09T23:30;2025-11-09T23:45;95;EUR;MWh;NO;NO;42;69,37;69,37;69,37;-1;DOWN
2025-11-09T23:45;2025-11-10T00:00;96;EUR;MWh;NO;NO;;62,67;62,67;62,67;-1;DOWN
2025-11-10T00:00;2025-11-10T00:15;1;EUR;MWh;NO;NO;;60,62;60,62;60,62;-1;DOWN
2025-11-10T00:15;2025-11-10T00:30;2;EUR;MWh;NO;NO;83,1;72,74;72,74;72,74;-1;DOWN
2025-11-10T00:30;2025-11-10T00:45;3;EUR;MWh;NO;NO;;80,1;80,1;80,1;-1;DOWN
2025-11-10T00:45;2025-11-10T01:00;4;EUR;MWh;NO;NO;83,51;80,1;83,51;83,51;1;UP
2025-11-10T01:00;2025-11-10T01:15;5;EUR;MWh;NO;NO;95,21;76,03;95,21;95,21;1;UP
2025-11-10T01:15;2025-11-10T01:30;6;EUR;MWh;NO;NO;95,21;73,93;73,93;73,93;-1;DOWN
2025-11-10T01:30;2025-11-10T01:45;7;EUR;MWh;NO;NO;;64,36;64,36;64,36;-1;DOWN
2025-11-10T01:45;2025-11-10T02:00;8;EUR;MWh;NO;NO;82,66;75,93;75,93;75,93;-1;DOWN
2025-11-10T02:00;2025-11-10T02:15;9;EUR;MWh;NO;NO;77,65;74,1;74,1;74,1;-1;DOWN
2025-11-10T02:15;2025-11-10T02:30;10;EUR;MWh;NO;NO;;71,15;71,15;71,15;-1;DOWN
2025-11-10T02:30;2025-11-10T02:45;11;EUR;MWh;NO;NO;;66,44;66,44;66,44;-1;DOWN
2025-11-10T02:45;2025-11-10T03:00;12;EUR;MWh;NO;NO;;54,94;54,94;54,94;-1;DOWN
2025-11-10T03:00;2025-11-10T03:15;13;EUR;MWh;NO;NO;;54,94;54,94;54,94;-1;DOWN
2025-11-10T03:15;2025-11-10T03:30;14;EUR;MWh;NO;NO;;55,1;55,1;55,1;-1;DOWN
2025-11-10T03:30;2025-11-10T03:45;15;EUR;MWh;NO;NO;;64;64;64;-1;DOWN
2025-11-10T03:45;2025-11-10T04:00;16;EUR;MWh;NO;NO;;55,1;55,1;55,1;-1;DOWN
2025-11-10T04:00;2025-11-10T04:15;17;EUR;MWh;NO;NO;;54,94;54,94;54,94;-1;DOWN
2025-11-10T04:15;2025-11-10T04:30;18;EUR;MWh;NO;NO;;59,31;59,31;59,31;-1;DOWN
2025-11-10T04:30;2025-11-10T04:45;19;EUR;MWh;NO;NO;81;71;71;71;-1;DOWN
2025-11-10T04:45;2025-11-10T05:00;20;EUR;MWh;NO;NO;81;77,65;62;62;0;STABLE
2025-11-10T05:00;2025-11-10T05:15;21;EUR;MWh;NO;NO;90,21;57,24;90,21;57,24;2;UP_AND_DOWN
2025-11-10T05:15;2025-11-10T05:30;22;EUR;MWh;NO;NO;81;60,62;81;60,62;2;UP_AND_DOWN
2025-11-10T05:30;2025-11-10T05:45;23;EUR;MWh;NO;NO;81;60,72;81;60,72;2;UP_AND_DOWN
2025-11-10T05:45;2025-11-10T06:00;24;EUR;MWh;NO;NO;95,11;60,62;95,11;60,62;2;UP_AND_DOWN
2025-11-10T06:00;2025-11-10T06:15;25;EUR;MWh;NO;NO;82;41;41;41;-1;DOWN
2025-11-10T06:15;2025-11-10T06:30;26;EUR;MWh;NO;NO;77,65;54,94;54,94;54,94;-1;DOWN
2025-11-10T06:30;2025-11-10T06:45;27;EUR;MWh;NO;NO;;60,62;60,62;60,62;-1;DOWN
2025-11-10T06:45;2025-11-10T07:00;28;EUR;MWh;NO;NO;96;77,35;96;62;2;UP_AND_DOWN
2025-11-10T07:00;2025-11-10T07:15;29;EUR;MWh;NO;NO;120,5;;120,5;120,5;1;UP
2025-11-10T07:15;2025-11-10T07:30;30;EUR;MWh;NO;NO;104,54;74,16;104,54;62;2;UP_AND_DOWN
2025-11-10T07:30;2025-11-10T07:45;31;EUR;MWh;NO;NO;120,5;82;120,5;120,5;1;UP
2025-11-10T07:45;2025-11-10T08:00;32;EUR;MWh;NO;NO;88;80,79;88;88;1;UP
2025-11-10T08:00;2025-11-10T08:15;33;EUR;MWh;NO;NO;;82;82;82;-1;DOWN
2025-11-10T08:15;2025-11-10T08:30;34;EUR;MWh;NO;NO;94,81;79;94,81;62;2;UP_AND_DOWN
2025-11-10T08:30;2025-11-10T08:45;35;EUR;MWh;NO;NO;;60,3;60,3;60,3;-1;DOWN
2025-11-10T08:45;2025-11-10T09:00;36;EUR;MWh;NO;NO;120,5;60,3;120,5;60,3;2;UP_AND_DOWN
2025-11-10T09:00;2025-11-10T09:15;37;EUR;MWh;NO;NO;120,5;80,61;120,5;72,5;2;UP_AND_DOWN
2025-11-10T09:15;2025-11-10T09:30;38;EUR;MWh;NO;NO;104,64;;104,64;104,64;1;UP
2025-11-10T09:30;2025-11-10T09:45;39;EUR;MWh;NO;NO;120,5;74;120,5;71;2;UP_AND_DOWN
2025-11-10T09:45;2025-11-10T10:00;40;EUR;MWh;NO;NO;105;73,4;105;71,5;2;UP_AND_DOWN
2025-11-10T10:00;2025-11-10T10:15;41;EUR;MWh;NO;NO;;92;92;92;-1;DOWN
2025-11-10T10:15;2025-11-10T10:30;42;EUR;MWh;NO;NO;;68,02;68,02;68,02;-1;DOWN
2025-11-10T10:30;2025-11-10T10:45;43;EUR;MWh;NO;NO;78,06;51,27;51,27;51,27;-1;DOWN
2025-11-10T10:45;2025-11-10T11:00;44;EUR;MWh;NO;NO;;32,77;32,77;32,77;-1;DOWN
2025-11-10T11:00;2025-11-10T11:15;45;EUR;MWh;NO;NO;93;52,69;93;52,69;2;UP_AND_DOWN
2025-11-10T11:15;2025-11-10T11:30;46;EUR;MWh;NO;NO;93;69;93;69;2;UP_AND_DOWN
2025-11-10T11:30;2025-11-10T11:45;47;EUR;MWh;NO;NO;;54,94;54,94;54,94;-1;DOWN
2025-11-10T11:45;2025-11-10T12:00;48;EUR;MWh;NO;NO;;59;59;59;-1;DOWN
2025-11-10T12:00;2025-11-10T12:15;49;EUR;MWh;NO;NO;;60,72;60,72;60,72;-1;DOWN
2025-11-10T12:15;2025-11-10T12:30;50;EUR;MWh;NO;NO;;54,94;54,94;54,94;-1;DOWN
2025-11-10T12:30;2025-11-10T12:45;51;EUR;MWh;NO;NO;;20;20;20;-1;DOWN
2025-11-10T12:45;2025-11-10T13:00;52;EUR;MWh;NO;NO;;-14;-14;-14;-1;DOWN
2025-11-10T13:00;2025-11-10T13:15;53;EUR;MWh;NO;NO;;-45;-45;-45;-1;DOWN
2025-11-10T13:15;2025-11-10T13:30;54;EUR;MWh;NO;NO;;14,42;14,42;14,42;-1;DOWN
2025-11-10T13:30;2025-11-10T13:45;55;EUR;MWh;NO;NO;;20;20;20;-1;DOWN
2025-11-10T13:45;2025-11-10T14:00;56;EUR;MWh;NO;NO;;4,64;4,64;4,64;-1;DOWN
2025-11-10T14:00;2025-11-10T14:15;57;EUR;MWh;NO;NO;90,54;23;90,54;23;2;UP_AND_DOWN
2025-11-10T14:15;2025-11-10T14:30;58;EUR;MWh;NO;NO;83;60,72;83;40,5;2;UP_AND_DOWN
2025-11-10T14:30;2025-11-10T14:45;59;EUR;MWh;NO;NO;92,54;74,1;92,54;40,5;2;UP_AND_DOWN
2025-11-10T14:45;2025-11-10T15:00;60;EUR;MWh;NO;NO;92,53;82;92,53;92,53;1;UP
2025-11-10T15:00;2025-11-10T15:15;61;EUR;MWh;NO;NO;100,31;;100,31;100,31;1;UP
2025-11-10T15:15;2025-11-10T15:30;62;EUR;MWh;NO;NO;120,5;;120,5;120,5;1;UP
2025-11-10T15:30;2025-11-10T15:45;63;EUR;MWh;NO;NO;120,5;;120,5;120,5;1;UP
2025-11-10T15:45;2025-11-10T16:00;64;EUR;MWh;NO;NO;120,5;;120,5;120,5;1;UP
2025-11-10T16:00;2025-11-10T16:15;65;EUR;MWh;NO;NO;120,5;83;120,5;120,5;1;UP
2025-11-10T16:15;2025-11-10T16:30;66;EUR;MWh;NO;NO;140;;140;140;1;UP
2025-11-10T16:30;2025-11-10T16:45;67;EUR;MWh;NO;NO;145;;145;145;1;UP
2025-11-10T16:45;2025-11-10T17:00;68;EUR;MWh;NO;NO;150;;150;150;1;UP
2025-11-10T17:00;2025-11-10T17:15;69;EUR;MWh;NO;NO;145;;145;145;1;UP
2025-11-10T17:15;2025-11-10T17:30;70;EUR;MWh;NO;NO;154,9;;154,9;154,9;1;UP
2025-11-10T17:30;2025-11-10T17:45;71;EUR;MWh;NO;NO;154,7;;154,7;154,7;1;UP
2025-11-10T17:45;2025-11-10T18:00;72;EUR;MWh;NO;NO;120,5;75,91;120,5;75,91;2;UP_AND_DOWN
2025-11-10T18:00;2025-11-10T18:15;73;EUR;MWh;NO;NO;;62,53;62,53;62,53;-1;DOWN
2025-11-10T18:15;2025-11-10T18:30;74;EUR;MWh;NO;NO;;54,94;54,94;54,94;-1;DOWN
2025-11-10T18:30;2025-11-10T18:45;75;EUR;MWh;NO;NO;;46,34;46,34;46,34;-1;DOWN
2025-11-10T18:45;2025-11-10T19:00;76;EUR;MWh;NO;NO;;54,94;54,94;54,94;-1;DOWN
2025-11-10T19:00;2025-11-10T19:15;77;EUR;MWh;NO;NO;97,32;63,27;97,32;63,27;2;UP_AND_DOWN
2025-11-10T19:15;2025-11-10T19:30;78;EUR;MWh;NO;NO;90,46;62,32;90,46;62,32;2;UP_AND_DOWN
2025-11-10T19:30;2025-11-10T19:45;79;EUR;MWh;NO;NO;;54,94;54,94;54,94;-1;DOWN
2025-11-10T19:45;2025-11-10T20:00;80;EUR;MWh;NO;NO;;54,94;54,94;54,94;-1;DOWN
2025-11-10T20:00;2025-11-10T20:15;81;EUR;MWh;NO;NO;120,5;57,41;120,5;57,41;2;UP_AND_DOWN
2025-11-10T20:15;2025-11-10T20:30;82;EUR;MWh;NO;NO;106,26;76,86;106,26;62;2;UP_AND_DOWN
2025-11-10T20:30;2025-11-10T20:45;83;EUR;MWh;NO;NO;120,5;82;120,5;120,5;1;UP
2025-11-10T20:45;2025-11-10T21:00;84;EUR;MWh;NO;NO;91,89;62,15;91,89;62;2;UP_AND_DOWN
2025-11-10T21:00;2025-11-10T21:15;85;EUR;MWh;NO;NO;140;54,94;140;54,94;2;UP_AND_DOWN
2025-11-10T21:15;2025-11-10T21:30;86;EUR;MWh;NO;NO;120,5;;120,5;120,5;1;UP
2025-11-10T21:30;2025-11-10T21:45;87;EUR;MWh;NO;NO;154,9;;154,9;154,9;1;UP
2025-11-10T21:45;2025-11-10T22:00;88;EUR;MWh;NO;NO;154,9;;154,9;154,9;1;UP
2025-11-10T22:00;2025-11-10T22:15;89;EUR;MWh;NO;NO;165;;165;165;1;UP
2025-11-10T22:15;2025-11-10T22:30;90;EUR;MWh;NO;NO;117;;117;117;1;UP
2025-11-10T22:30;2025-11-10T22:45;91;EUR;MWh;NO;NO;103,89;55,2;103,89;55,2;2;UP_AND_DOWN
2025-11-10T22:45;2025-11-10T23:00;92;EUR;MWh;NO;NO;93,79;54,94;93,79;54,94;2;UP_AND_DOWN
2025-11-10T23:00;2025-11-10T23:15;93;EUR;MWh;NO;NO;;54,94;54,94;54,94;-1;DOWN
2025-11-10T23:15;2025-11-10T23:30;94;EUR;MWh;NO;NO;83,51;64,31;64,31;64,31;-1;DOWN
2025-11-10T23:30;2025-11-10T23:45;95;EUR;MWh;NO;NO;93,89;117;93,89;79,5;2;UP_AND_DOWN
2025-11-10T23:45;2025-11-11T00:00;96;EUR;MWh;NO;NO;93,89;54,94;93,89;54,94;2;UP_AND_DOWN
2025-11-11T00:00;2025-11-11T00:15;1;EUR;MWh;NO;NO;93,08;-11,42;93,08;-11,42;2;UP_AND_DOWN
2025-11-11T00:15;2025-11-11T00:30;2;EUR;MWh;NO;NO;86,87;;86,87;86,87;1;UP
2025-11-11T00:30;2025-11-11T00:45;3;EUR;MWh;NO;NO;97,76;70,58;97,76;97,76;1;UP
2025-11-11T00:45;2025-11-11T01:00;4;EUR;MWh;NO;NO;80,82;;80,82;80,82;1;UP
2025-11-11T01:00;2025-11-11T01:15;5;EUR;MWh;NO;NO;76,95;111;76,95;76,95;1;UP
2025-11-11T01:15;2025-11-11T01:30;6;EUR;MWh;NO;NO;85,27;51,92;85,27;51,92;2;UP_AND_DOWN
2025-11-11T01:30;2025-11-11T01:45;7;EUR;MWh;NO;NO;37,65;60,37;60,37;60,37;-1;DOWN
2025-11-11T01:45;2025-11-11T02:00;8;EUR;MWh;NO;NO;87,82;24,2;87,82;24,2;2;UP_AND_DOWN
2025-11-11T02:00;2025-11-11T02:15;9;EUR;MWh;NO;NO;;46,38;46,38;46,38;-1;DOWN
2025-11-11T02:15;2025-11-11T02:30;10;EUR;MWh;NO;NO;;46,38;46,38;46,38;-1;DOWN
2025-11-11T02:30;2025-11-11T02:45;11;EUR;MWh;NO;NO;;-3,8;-3,8;-3,8;-1;DOWN
2025-11-11T02:45;2025-11-11T03:00;12;EUR;MWh;NO;NO;;11,96;11,96;11,96;-1;DOWN
2025-11-11T03:00;2025-11-11T03:15;13;EUR;MWh;NO;NO;;-2,48;-2,48;-2,48;-1;DOWN
2025-11-11T03:15;2025-11-11T03:30;14;EUR;MWh;NO;NO;;-2,28;-2,28;-2,28;-1;DOWN
2025-11-11T03:30;2025-11-11T03:45;15;EUR;MWh;NO;NO;;-2,28;-2,28;-2,28;-1;DOWN
2025-11-11T03:45;2025-11-11T04:00;16;EUR;MWh;NO;NO;87,82;31,42;87,82;31,42;2;UP_AND_DOWN
2025-11-11T04:00;2025-11-11T04:15;17;EUR;MWh;NO;NO;25,21;46,38;46,38;46,38;-1;DOWN
2025-11-11T04:15;2025-11-11T04:30;18;EUR;MWh;NO;NO;;;47,27;47,27;0;STABLE
2025-11-11T04:30;2025-11-11T04:45;19;EUR;MWh;NO;NO;25,21;;25,21;25,21;1;UP
2025-11-11T04:45;2025-11-11T05:00;20;EUR;MWh;NO;NO;92,58;;92,58;92,58;1;UP
2025-11-11T05:00;2025-11-11T05:15;21;EUR;MWh;NO;NO;83,38;;83,38;83,38;1;UP
2025-11-11T05:15;2025-11-11T05:30;22;EUR;MWh;NO;NO;83,08;;83,08;83,08;1;UP
2025-11-11T05:30;2025-11-11T05:45;23;EUR;MWh;NO;NO;87,98;;87,98;87,98;1;UP
2025-11-11T05:45;2025-11-11T06:00;24;EUR;MWh;NO;NO;82;;82;82;1;UP
2025-11-11T06:00;2025-11-11T06:15;25;EUR;MWh;NO;NO;82,98;20;82,98;20;2;UP_AND_DOWN
2025-11-11T06:15;2025-11-11T06:30;26;EUR;MWh;NO;NO;25,21;-486,53;53,61;-486,53;2;UP_AND_DOWN
2025-11-11T06:30;2025-11-11T06:45;27;EUR;MWh;NO;NO;25,21;57,45;57,45;57,45;-1;DOWN
2025-11-11T06:45;2025-11-11T07:00;28;EUR;MWh;NO;NO;119,5;;119,5;119,5;1;UP
2025-11-11T07:00;2025-11-11T07:15;29;EUR;MWh;NO;NO;119,5;;119,5;119,5;1;UP
2025-11-11T07:15;2025-11-11T07:30;30;EUR;MWh;NO;NO;148,7;;148,7;148,7;1;UP
2025-11-11T07:30;2025-11-11T07:45;31;EUR;MWh;NO;NO;119,5;;119,5;119,5;1;UP
2025-11-11T07:45;2025-11-11T08:00;32;EUR;MWh;NO;NO;109;;109;109;1;UP
2025-11-11T08:00;2025-11-11T08:15;33;EUR;MWh;NO;NO;150;;150;150;1;UP
2025-11-11T08:15;2025-11-11T08:30;34;EUR;MWh;NO;NO;119,5;;119,5;119,5;1;UP
2025-11-11T08:30;2025-11-11T08:45;35;EUR;MWh;NO;NO;84,49;73,99;84,49;69,11;2;UP_AND_DOWN
2025-11-11T08:45;2025-11-11T09:00;36;EUR;MWh;NO;NO;92,65;77,89;92,65;70,61;2;UP_AND_DOWN
2025-11-11T09:00;2025-11-11T09:15;37;EUR;MWh;NO;NO;80;66,65;80;66,65;2;UP_AND_DOWN
2025-11-11T09:15;2025-11-11T09:30;38;EUR;MWh;NO;NO;80;70,49;70,49;70,49;-1;DOWN
2025-11-11T09:30;2025-11-11T09:45;39;EUR;MWh;NO;NO;;-4;-4;-4;-1;DOWN
2025-11-11T09:45;2025-11-11T10:00;40;EUR;MWh;NO;NO;;-4;-4;-4;-1;DOWN
2025-11-11T10:00;2025-11-11T10:15;41;EUR;MWh;NO;NO;;58,65;58,65;58,65;-1;DOWN
2025-11-11T10:15;2025-11-11T10:30;42;EUR;MWh;NO;NO;79,8;76,46;79,8;66,61;2;UP_AND_DOWN
2025-11-11T10:30;2025-11-11T10:45;43;EUR;MWh;NO;NO;87,35;76,47;87,35;62,61;2;UP_AND_DOWN
2025-11-11T10:45;2025-11-11T11:00;44;EUR;MWh;NO;NO;93,45;82;93,45;93,45;1;UP
2025-11-11T11:00;2025-11-11T11:15;45;EUR;MWh;NO;NO;87,75;;87,75;87,75;1;UP
2025-11-11T11:15;2025-11-11T11:30;46;EUR;MWh;NO;NO;84;60,64;84;53,61;2;UP_AND_DOWN
2025-11-11T11:30;2025-11-11T11:45;47;EUR;MWh;NO;NO;;70,51;70,51;70,51;-1;DOWN
2025-11-11T11:45;2025-11-11T12:00;48;EUR;MWh;NO;NO;80;76;80;53,61;2;UP_AND_DOWN
2025-11-11T12:00;2025-11-11T12:15;49;EUR;MWh;NO;NO;86;76,92;86;53,61;2;UP_AND_DOWN
2025-11-11T12:15;2025-11-11T12:30;50;EUR;MWh;NO;NO;86;62,33;62,33;62,33;-1;DOWN
2025-11-11T12:30;2025-11-11T12:45;51;EUR;MWh;NO;NO;41;67,23;53,61;53,61;2;UP_AND_DOWN
2025-11-11T12:45;2025-11-11T13:00;52;EUR;MWh;NO;NO;92,75;76,48;92,75;53,61;2;UP_AND_DOWN
2025-11-11T13:00;2025-11-11T13:15;53;EUR;MWh;NO;NO;92,75;76,9;92,75;56,54;2;UP_AND_DOWN
2025-11-11T13:15;2025-11-11T13:30;54;EUR;MWh;NO;NO;82,75;64,81;82,75;61,21;2;UP_AND_DOWN
2025-11-11T13:30;2025-11-11T13:45;55;EUR;MWh;NO;NO;75;70,8;75;53,61;2;UP_AND_DOWN
2025-11-11T13:45;2025-11-11T14:00;56;EUR;MWh;NO;NO;;60,37;60,37;60,37;-1;DOWN
2025-11-11T14:00;2025-11-11T14:15;57;EUR;MWh;NO;NO;92,75;62,43;92,75;53,61;2;UP_AND_DOWN
2025-11-11T14:15;2025-11-11T14:30;58;EUR;MWh;NO;NO;75;78,32;75;53,61;2;UP_AND_DOWN
2025-11-11T14:30;2025-11-11T14:45;59;EUR;MWh;NO;NO;118,36;;118,36;118,36;1;UP
2025-11-11T14:45;2025-11-11T15:00;60;EUR;MWh;NO;NO;103,46;;103,46;103,46;1;UP
2025-11-11T15:00;2025-11-11T15:15;61;EUR;MWh;NO;NO;98,46;74,7;98,46;53,61;2;UP_AND_DOWN
2025-11-11T15:15;2025-11-11T15:30;62;EUR;MWh;NO;NO;98;82;98;53,61;2;UP_AND_DOWN
2025-11-11T15:30;2025-11-11T15:45;63;EUR;MWh;NO;NO;140;;140;140;1;UP
2025-11-11T15:45;2025-11-11T16:00;64;EUR;MWh;NO;NO;119,5;;119,5;119,5;1;UP
2025-11-11T16:00;2025-11-11T16:15;65;EUR;MWh;NO;NO;100;95;100;100;1;UP
2025-11-11T16:15;2025-11-11T16:30;66;EUR;MWh;NO;NO;99,42;;99,42;99,42;1;UP
2025-11-11T16:30;2025-11-11T16:45;67;EUR;MWh;NO;NO;119,5;;119,5;119,5;1;UP
2025-11-11T16:45;2025-11-11T17:00;68;EUR;MWh;NO;NO;140;;140;140;1;UP
2025-11-11T17:00;2025-11-11T17:15;69;EUR;MWh;NO;NO;87,52;60,37;87,52;60,37;2;UP_AND_DOWN
2025-11-11T17:15;2025-11-11T17:30;70;EUR;MWh;NO;NO;25,21;71,41;71,41;71,41;-1;DOWN
2025-11-11T17:30;2025-11-11T17:45;71;EUR;MWh;NO;NO;;58,12;58,12;58,12;-1;DOWN
2025-11-11T17:45;2025-11-11T18:00;72;EUR;MWh;NO;NO;;60,64;60,64;60,64;-1;DOWN
2025-11-11T18:00;2025-11-11T18:15;73;EUR;MWh;NO;NO;;59,24;59,24;59,24;-1;DOWN
2025-11-11T18:15;2025-11-11T18:30;74;EUR;MWh;NO;NO;99;71,09;99;61,61;2;UP_AND_DOWN
2025-11-11T18:30;2025-11-11T18:45;75;EUR;MWh;NO;NO;25,21;68,18;68,18;68,18;-1;DOWN
2025-11-11T18:45;2025-11-11T19:00;76;EUR;MWh;NO;NO;83;67,98;83;62,62;2;UP_AND_DOWN
2025-11-11T19:00;2025-11-11T19:15;77;EUR;MWh;NO;NO;53,75;82;53,75;53,75;1;UP
2025-11-11T19:15;2025-11-11T19:30;78;EUR;MWh;NO;NO;53,75;57,06;53,75;53,61;2;UP_AND_DOWN
2025-11-11T19:30;2025-11-11T19:45;79;EUR;MWh;NO;NO;25,21;35;35;35;-1;DOWN
2025-11-11T19:45;2025-11-11T20:00;80;EUR;MWh;NO;NO;;51,45;51,45;51,45;-1;DOWN
2025-11-11T20:00;2025-11-11T20:15;81;EUR;MWh;NO;NO;83,24;25,81;83,24;25,81;2;UP_AND_DOWN
2025-11-11T20:15;2025-11-11T20:30;82;EUR;MWh;NO;NO;95,77;61,86;95,77;53,61;2;UP_AND_DOWN
2025-11-11T20:30;2025-11-11T20:45;83;EUR;MWh;NO;NO;81;71,4;81;53,61;2;UP_AND_DOWN
2025-11-11T20:45;2025-11-11T21:00;84;EUR;MWh;NO;NO;79,1;;79,1;79,1;1;UP
2025-11-11T21:00;2025-11-11T21:15;85;EUR;MWh;NO;NO;119,5;;119,5;119,5;1;UP
2025-11-11T21:15;2025-11-11T21:30;86;EUR;MWh;NO;NO;83;;83;83;1;UP
2025-11-11T21:30;2025-11-11T21:45;87;EUR;MWh;NO;NO;89,74;;89,74;89,74;1;UP
2025-11-11T21:45;2025-11-11T22:00;88;EUR;MWh;NO;NO;86;46,38;86;46,38;2;UP_AND_DOWN
2025-11-11T22:00;2025-11-11T22:15;89;EUR;MWh;NO;NO;;46,38;46,38;46,38;-1;DOWN
2025-11-11T22:15;2025-11-11T22:30;90;EUR;MWh;NO;NO;;64,44;64,44;64,44;-1;DOWN
2025-11-11T22:30;2025-11-11T22:45;91;EUR;MWh;NO;NO;;42,88;42,88;42,88;-1;DOWN
2025-11-11T22:45;2025-11-11T23:00;92;EUR;MWh;NO;NO;25,21;45;45;45;-1;DOWN
2025-11-11T23:00;2025-11-11T23:15;93;EUR;MWh;NO;NO;;-4;-4;-4;-1;DOWN
2025-11-11T23:15;2025-11-11T23:30;94;EUR;MWh;NO;NO;;12,88;12,88;12,88;-1;DOWN
2025-11-11T23:30;2025-11-11T23:45;95;EUR;MWh;NO;NO;;35;35;35;-1;DOWN
2025-11-11T23:45;2025-11-12T00:00;96;EUR;MWh;NO;NO;;-4;-4;-4;-1;DOWN
2025-11-12T00:00;2025-11-12T00:15;1;EUR;MWh;NO;NO;60,7;-30;-30;-30;-1;DOWN
2025-11-12T00:15;2025-11-12T00:30;2;EUR;MWh;NO;NO;80,07;-4;80,07;-4;2;UP_AND_DOWN
2025-11-12T00:30;2025-11-12T00:45;3;EUR;MWh;NO;NO;;-4;-4;-4;-1;DOWN
2025-11-12T00:45;2025-11-12T01:00;4;EUR;MWh;NO;NO;68,78;-11,42;68,78;-11,42;2;UP_AND_DOWN
2025-11-12T01:00;2025-11-12T01:15;5;EUR;MWh;NO;NO;;32,79;32,79;32,79;-1;DOWN
2025-11-12T01:15;2025-11-12T01:30;6;EUR;MWh;NO;NO;;32,79;32,79;32,79;-1;DOWN
2025-11-12T01:30;2025-11-12T01:45;7;EUR;MWh;NO;NO;;32,79;32,79;32,79;-1;DOWN
2025-11-12T01:45;2025-11-12T02:00;8;EUR;MWh;NO;NO;;-4;-4;-4;-1;DOWN
2025-11-12T02:00;2025-11-12T02:15;9;EUR;MWh;NO;NO;;35;35;35;-1;DOWN
2025-11-12T02:15;2025-11-12T02:30;10;EUR;MWh;NO;NO;;50,73;62;62;0;STABLE
2025-11-12T02:30;2025-11-12T02:45;11;EUR;MWh;NO;NO;;50,49;62;62;0;STABLE
2025-11-12T02:45;2025-11-12T03:00;12;EUR;MWh;NO;NO;81;50,17;81;81;1;UP
2025-11-12T03:00;2025-11-12T03:15;13;EUR;MWh;NO;NO;60,7;43;62;43;2;UP_AND_DOWN
2025-11-12T03:15;2025-11-12T03:30;14;EUR;MWh;NO;NO;;32,79;32,79;32,79;-1;DOWN
2025-11-12T03:30;2025-11-12T03:45;15;EUR;MWh;NO;NO;;-4;-4;-4;-1;DOWN
2025-11-12T03:45;2025-11-12T04:00;16;EUR;MWh;NO;NO;;32,79;32,79;32,79;-1;DOWN
2025-11-12T04:00;2025-11-12T04:15;17;EUR;MWh;NO;NO;;;0;0;-1;DOWN
2025-11-12T04:15;2025-11-12T04:30;18;EUR;MWh;NO;NO;;-4;-4;-4;-1;DOWN
2025-11-12T04:30;2025-11-12T04:45;19;EUR;MWh;NO;NO;;32,79;32,79;32,79;-1;DOWN
2025-11-12T04:45;2025-11-12T05:00;20;EUR;MWh;NO;NO;68,78;32,79;68,78;32,79;2;UP_AND_DOWN
2025-11-12T05:00;2025-11-12T05:15;21;EUR;MWh;NO;NO;;32,79;32,79;32,79;-1;DOWN
2025-11-12T05:15;2025-11-12T05:30;22;EUR;MWh;NO;NO;;-4;-4;-4;-1;DOWN
2025-11-12T05:30;2025-11-12T05:45;23;EUR;MWh;NO;NO;88;-5,57;88;-5,57;2;UP_AND_DOWN
2025-11-12T05:45;2025-11-12T06:00;24;EUR;MWh;NO;NO;88;-5,41;88;-5,41;2;UP_AND_DOWN
2025-11-12T06:00;2025-11-12T06:15;25;EUR;MWh;NO;NO;68,78;-17,66;68,78;-17,66;2;UP_AND_DOWN
2025-11-12T06:15;2025-11-12T06:30;26;EUR;MWh;NO;NO;;-39,2;-39,2;-39,2;-1;DOWN
2025-11-12T06:30;2025-11-12T06:45;27;EUR;MWh;NO;NO;68,78;-4;68,78;-4;2;UP_AND_DOWN
2025-11-12T06:45;2025-11-12T07:00;28;EUR;MWh;NO;NO;146,1;-4;146,1;-4;2;UP_AND_DOWN
2025-11-12T07:00;2025-11-12T07:15;29;EUR;MWh;NO;NO;200;;200;200;1;UP
2025-11-12T07:15;2025-11-12T07:30;30;EUR;MWh;NO;NO;117,4;;117,4;117,4;1;UP
2025-11-12T07:30;2025-11-12T07:45;31;EUR;MWh;NO;NO;140;;140;140;1;UP
2025-11-12T07:45;2025-11-12T08:00;32;EUR;MWh;NO;NO;140;50;140;50;2;UP_AND_DOWN
2025-11-12T08:00;2025-11-12T08:15;33;EUR;MWh;NO;NO;117,4;-10,9;117,4;-10,9;2;UP_AND_DOWN
2025-11-12T08:15;2025-11-12T08:30;34;EUR;MWh;NO;NO;84,88;32,79;84,88;32,79;2;UP_AND_DOWN
2025-11-12T08:30;2025-11-12T08:45;35;EUR;MWh;NO;NO;;;0;0;-1;DOWN
2025-11-12T08:45;2025-11-12T09:00;36;EUR;MWh;NO;NO;146,1;;146,1;0;2;UP_AND_DOWN
2025-11-12T09:00;2025-11-12T09:15;37;EUR;MWh;NO;NO;117,4;-11,42;117,4;-11,42;2;UP_AND_DOWN
2025-11-12T09:15;2025-11-12T09:30;38;EUR;MWh;NO;NO;68,67;-4;74;-4;2;UP_AND_DOWN
2025-11-12T09:30;2025-11-12T09:45;39;EUR;MWh;NO;NO;80,39;;80,39;0;2;UP_AND_DOWN
2025-11-12T09:45;2025-11-12T10:00;40;EUR;MWh;NO;NO;42;-22,5;72;-22,5;2;UP_AND_DOWN
2025-11-12T10:00;2025-11-12T10:15;41;EUR;MWh;NO;NO;117,4;-31,8;117,4;-31,8;2;UP_AND_DOWN
2025-11-12T10:15;2025-11-12T10:30;42;EUR;MWh;NO;NO;81,48;;81,48;0;2;UP_AND_DOWN
2025-11-12T10:30;2025-11-12T10:45;43;EUR;MWh;NO;NO;67;8,93;67;8,93;2;UP_AND_DOWN
2025-11-12T10:45;2025-11-12T11:00;44;EUR;MWh;NO;NO;68,67;-8,23;68,67;-8,23;2;UP_AND_DOWN
2025-11-12T11:00;2025-11-12T11:15;45;EUR;MWh;NO;NO;88,56;-8,23;88,56;-8,23;2;UP_AND_DOWN
2025-11-12T11:15;2025-11-12T11:30;46;EUR;MWh;NO;NO;81,48;60,77;81,48;60,77;2;UP_AND_DOWN
2025-11-12T11:30;2025-11-12T11:45;47;EUR;MWh;NO;NO;88,56;42,8;88,56;42,8;2;UP_AND_DOWN
2025-11-12T11:45;2025-11-12T12:00;48;EUR;MWh;NO;NO;68,67;-1;68,67;-1;2;UP_AND_DOWN
2025-11-12T12:00;2025-11-12T12:15;49;EUR;MWh;NO;NO;68,15;-4;68,15;-4;2;UP_AND_DOWN
2025-11-12T12:15;2025-11-12T12:30;50;EUR;MWh;NO;NO;117,4;;117,4;117,4;1;UP
2025-11-12T12:30;2025-11-12T12:45;51;EUR;MWh;NO;NO;150;;150;150;1;UP
2025-11-12T12:45;2025-11-12T13:00;52;EUR;MWh;NO;NO;117,4;;117,4;117,4;1;UP
2025-11-12T13:00;2025-11-12T13:15;53;EUR;MWh;NO;NO;68,15;60,7;71;60,7;2;UP_AND_DOWN
2025-11-12T13:15;2025-11-12T13:30;54;EUR;MWh;NO;NO;74;35;76;35;2;UP_AND_DOWN
2025-11-12T13:30;2025-11-12T13:45;55;EUR;MWh;NO;NO;116,2;112;116,2;116,2;1;UP
2025-11-12T13:45;2025-11-12T14:00;56;EUR;MWh;NO;NO;116,2;-4,1;-4,1;-4,1;-1;DOWN
2025-11-12T14:00;2025-11-12T14:15;57;EUR;MWh;NO;NO;;-22,38;-22,38;-22,38;-1;DOWN
2025-11-12T14:15;2025-11-12T14:30;58;EUR;MWh;NO;NO;;-21,08;-21,08;-21,08;-1;DOWN
2025-11-12T14:30;2025-11-12T14:45;59;EUR;MWh;NO;NO;80;-20,88;80;-20,88;2;UP_AND_DOWN
2025-11-12T14:45;2025-11-12T15:00;60;EUR;MWh;NO;NO;;-6,25;-6,25;-6,25;-1;DOWN
2025-11-12T15:00;2025-11-12T15:15;61;EUR;MWh;NO;NO;;-7;-7;-7;-1;DOWN
2025-11-12T15:15;2025-11-12T15:30;62;EUR;MWh;NO;NO;;-7;-7;-7;-1;DOWN
2025-11-12T15:30;2025-11-12T15:45;63;EUR;MWh;NO;NO;;-30;-30;-30;-1;DOWN
2025-11-12T15:45;2025-11-12T16:00;64;EUR;MWh;NO;NO;600;-506,29;600;-506,29;2;UP_AND_DOWN
2025-11-12T16:00;2025-11-12T16:15;65;EUR;MWh;NO;NO;67;-69,9;67;-69,9;2;UP_AND_DOWN
2025-11-12T16:15;2025-11-12T16:30;66;EUR;MWh;NO;NO;;-4,9;-4,9;-4,9;-1;DOWN
2025-11-12T16:30;2025-11-12T16:45;67;EUR;MWh;NO;NO;;-4,9;-4,9;-4,9;-1;DOWN
2025-11-12T16:45;2025-11-12T17:00;68;EUR;MWh;NO;NO;150;;150;0;2;UP_AND_DOWN
2025-11-12T17:00;2025-11-12T17:15;69;EUR;MWh;NO;NO;117,4;-1,5;117,4;-1,5;2;UP_AND_DOWN
2025-11-12T17:15;2025-11-12T17:30;70;EUR;MWh;NO;NO;;-1,5;-1,5;-1,5;-1;DOWN
2025-11-12T17:30;2025-11-12T17:45;71;EUR;MWh;NO;NO;;-1,5;-1,5;-1,5;-1;DOWN
2025-11-12T17:45;2025-11-12T18:00;72;EUR;MWh;NO;NO;;-1,5;-1,5;-1,5;-1;DOWN
2025-11-12T18:00;2025-11-12T18:15;73;EUR;MWh;NO;NO;146,1;-4;146,1;-4;2;UP_AND_DOWN
2025-11-12T18:15;2025-11-12T18:30;74;EUR;MWh;NO;NO;100;;100;100;1;UP
2025-11-12T18:30;2025-11-12T18:45;75;EUR;MWh;NO;NO;100;82;100;62;2;UP_AND_DOWN
2025-11-12T18:45;2025-11-12T19:00;76;EUR;MWh;NO;NO;79;60,77;79;60,77;2;UP_AND_DOWN
2025-11-12T19:00;2025-11-12T19:15;77;EUR;MWh;NO;NO;92,52;60,77;92,52;92,52;1;UP
2025-11-12T19:15;2025-11-12T19:30;78;EUR;MWh;NO;NO;88,56;;88,56;88,56;1;UP
2025-11-12T19:30;2025-11-12T19:45;79;EUR;MWh;NO;NO;88,56;;88,56;88,56;1;UP
2025-11-12T19:45;2025-11-12T20:00;80;EUR;MWh;NO;NO;96;;96;96;1;UP
2025-11-12T20:00;2025-11-12T20:15;81;EUR;MWh;NO;NO;61;-4;77;-4;2;UP_AND_DOWN
2025-11-12T20:15;2025-11-12T20:30;82;EUR;MWh;NO;NO;;50,1;50,1;50,1;-1;DOWN
2025-11-12T20:30;2025-11-12T20:45;83;EUR;MWh;NO;NO;;-4;-4;-4;-1;DOWN
2025-11-12T20:45;2025-11-12T21:00;84;EUR;MWh;NO;NO;61;-23,6;80;-23,6;2;UP_AND_DOWN
2025-11-12T21:00;2025-11-12T21:15;85;EUR;MWh;NO;NO;;-32,1;-32,1;-32,1;-1;DOWN
2025-11-12T21:15;2025-11-12T21:30;86;EUR;MWh;NO;NO;;-29,8;-29,8;-29,8;-1;DOWN
2025-11-12T21:30;2025-11-12T21:45;87;EUR;MWh;NO;NO;;-24,9;-24,9;-24,9;-1;DOWN
2025-11-12T21:45;2025-11-12T22:00;88;EUR;MWh;NO;NO;;-4;-4;-4;-1;DOWN
2025-11-12T22:00;2025-11-12T22:15;89;EUR;MWh;NO;NO;;-4;-4;-4;-1;DOWN
2025-11-12T22:15;2025-11-12T22:30;90;EUR;MWh;NO;NO;56;-16,42;60,55;-16,42;2;UP_AND_DOWN
2025-11-12T22:30;2025-11-12T22:45;91;EUR;MWh;NO;NO;36,93;-2,24;58,47;-2,24;2;UP_AND_DOWN
2025-11-12T22:45;2025-11-12T23:00;92;EUR;MWh;NO;NO;;-8,69;-8,69;-8,69;-1;DOWN
2025-11-12T23:00;2025-11-12T23:15;93;EUR;MWh;NO;NO;;-11,42;-11,42;-11,42;-1;DOWN
2025-11-12T23:15;2025-11-12T23:30;94;EUR;MWh;NO;NO;;-8,69;-8,69;-8,69;-1;DOWN
2025-11-12T23:30;2025-11-12T23:45;95;EUR;MWh;NO;NO;59,8;45,79;60,68;45,79;2;UP_AND_DOWN
2025-11-12T23:45;2025-11-13T00:00;96;EUR;MWh;NO;NO;88,78;-35,3;88,78;-35,3;2;UP_AND_DOWN
2025-11-13T00:00;2025-11-13T00:15;1;EUR;MWh;NO;NO;116,8;-68,4;116,8;-68,4;2;UP_AND_DOWN
2025-11-13T00:15;2025-11-13T00:30;2;EUR;MWh;NO;NO;116,8;-4;-4;-4;-1;DOWN
2025-11-13T00:30;2025-11-13T00:45;3;EUR;MWh;NO;NO;;-4;-4;-4;-1;DOWN
2025-11-13T00:45;2025-11-13T01:00;4;EUR;MWh;NO;NO;116,8;-3,9;116,8;-3,9;2;UP_AND_DOWN
2025-11-13T01:00;2025-11-13T01:15;5;EUR;MWh;NO;NO;90;;90;90;1;UP
2025-11-13T01:15;2025-11-13T01:30;6;EUR;MWh;NO;NO;86,49;;86,49;86,49;1;UP
2025-11-13T01:30;2025-11-13T01:45;7;EUR;MWh;NO;NO;116,8;;116,8;116,8;1;UP
2025-11-13T01:45;2025-11-13T02:00;8;EUR;MWh;NO;NO;116,8;35;116,8;116,8;1;UP
2025-11-13T02:00;2025-11-13T02:15;9;EUR;MWh;NO;NO;114;2;114;2;2;UP_AND_DOWN
2025-11-13T02:15;2025-11-13T02:30;10;EUR;MWh;NO;NO;116,8;12;116,8;12;2;UP_AND_DOWN
2025-11-13T02:30;2025-11-13T02:45;11;EUR;MWh;NO;NO;116,8;13,13;13,13;13,13;-1;DOWN
2025-11-13T02:45;2025-11-13T03:00;12;EUR;MWh;NO;NO;;-4;-4;-4;-1;DOWN
2025-11-13T03:00;2025-11-13T03:15;13;EUR;MWh;NO;NO;66,8;-42,23;66,8;-42,23;2;UP_AND_DOWN
2025-11-13T03:15;2025-11-13T03:30;14;EUR;MWh;NO;NO;36,78;-30;44,39;-30;2;UP_AND_DOWN
2025-11-13T03:30;2025-11-13T03:45;15;EUR;MWh;NO;NO;;-11,42;-11,42;-11,42;-1;DOWN
2025-11-13T03:45;2025-11-13T04:00;16;EUR;MWh;NO;NO;;-26,9;-26,9;-26,9;-1;DOWN
2025-11-13T04:00;2025-11-13T04:15;17;EUR;MWh;NO;NO;;-30;-30;-30;-1;DOWN
2025-11-13T04:15;2025-11-13T04:30;18;EUR;MWh;NO;NO;;-45;-45;-45;-1;DOWN
2025-11-13T04:30;2025-11-13T04:45;19;EUR;MWh;NO;NO;116;-85,77;116;-85,77;2;UP_AND_DOWN
2025-11-13T04:45;2025-11-13T05:00;20;EUR;MWh;NO;NO;116;-43,06;-43,06;-43,06;-1;DOWN
2025-11-13T05:00;2025-11-13T05:15;21;EUR;MWh;NO;NO;;-30;-30;-30;-1;DOWN
2025-11-13T05:15;2025-11-13T05:30;22;EUR;MWh;NO;NO;;-17,77;-17,77;-17,77;-1;DOWN
2025-11-13T05:30;2025-11-13T05:45;23;EUR;MWh;NO;NO;;-45;-45;-45;-1;DOWN
2025-11-13T05:45;2025-11-13T06:00;24;EUR;MWh;NO;NO;;-11,67;-11,67;-11,67;-1;DOWN
2025-11-13T06:00;2025-11-13T06:15;25;EUR;MWh;NO;NO;;-11,42;-11,42;-11,42;-1;DOWN
2025-11-13T06:15;2025-11-13T06:30;26;EUR;MWh;NO;NO;54;-3,8;58,89;-3,8;2;UP_AND_DOWN
2025-11-13T06:30;2025-11-13T06:45;27;EUR;MWh;NO;NO;;-4;-4;-4;-1;DOWN
2025-11-13T06:45;2025-11-13T07:00;28;EUR;MWh;NO;NO;;-54,1;-54,1;-54,1;-1;DOWN
2025-11-13T07:00;2025-11-13T07:15;29;EUR;MWh;NO;NO;;-4;-4;-4;-1;DOWN
2025-11-13T07:15;2025-11-13T07:30;30;EUR;MWh;NO;NO;;1,89;1,89;1,89;-1;DOWN
2025-11-13T07:30;2025-11-13T07:45;31;EUR;MWh;NO;NO;;35,1;35,1;35,1;-1;DOWN
2025-11-13T07:45;2025-11-13T08:00;32;EUR;MWh;NO;NO;;35;35;35;-1;DOWN
2025-11-13T08:00;2025-11-13T08:15;33;EUR;MWh;NO;NO;76,35;51,68;76,35;51,68;2;UP_AND_DOWN
2025-11-13T08:15;2025-11-13T08:30;34;EUR;MWh;NO;NO;89,9;53,78;89,9;53,78;2;UP_AND_DOWN
2025-11-13T08:30;2025-11-13T08:45;35;EUR;MWh;NO;NO;93,68;53,78;93,68;93,68;1;UP
2025-11-13T08:45;2025-11-13T09:00;36;EUR;MWh;NO;NO;115;81;115;58,11;2;UP_AND_DOWN
2025-11-13T09:00;2025-11-13T09:15;37;EUR;MWh;NO;NO;91,77;51,78;91,77;51,78;2;UP_AND_DOWN
2025-11-13T09:15;2025-11-13T09:30;38;EUR;MWh;NO;NO;116;;116;116;1;UP
2025-11-13T09:30;2025-11-13T09:45;39;EUR;MWh;NO;NO;115,1;;115,1;115,1;1;UP
2025-11-13T09:45;2025-11-13T10:00;40;EUR;MWh;NO;NO;116,8;;116,8;116,8;1;UP
2025-11-13T10:00;2025-11-13T10:15;41;EUR;MWh;NO;NO;76,35;;76,35;76,35;1;UP
2025-11-13T10:15;2025-11-13T10:30;42;EUR;MWh;NO;NO;;;58,11;58,11;0;STABLE
2025-11-13T10:30;2025-11-13T10:45;43;EUR;MWh;NO;NO;;65;58,11;58,11;0;STABLE
2025-11-13T10:45;2025-11-13T11:00;44;EUR;MWh;NO;NO;116,19;67;116,19;58,11;2;UP_AND_DOWN
2025-11-13T11:00;2025-11-13T11:15;45;EUR;MWh;NO;NO;116,19;-8,31;-8,31;-8,31;-1;DOWN
2025-11-13T11:15;2025-11-13T11:30;46;EUR;MWh;NO;NO;;-11,8;-11,8;-11,8;-1;DOWN
2025-11-13T11:30;2025-11-13T11:45;47;EUR;MWh;NO;NO;;-19,7;-19,7;-19,7;-1;DOWN
2025-11-13T11:45;2025-11-13T12:00;48;EUR;MWh;NO;NO;;-19,7;-19,7;-19,7;-1;DOWN
2025-11-13T12:00;2025-11-13T12:15;49;EUR;MWh;NO;NO;;-18,31;-18,31;-18,31;-1;DOWN
2025-11-13T12:15;2025-11-13T12:30;50;EUR;MWh;NO;NO;;-16,6;-16,6;-16,6;-1;DOWN
2025-11-13T12:30;2025-11-13T12:45;51;EUR;MWh;NO;NO;79,95;-16,6;79,95;-16,6;2;UP_AND_DOWN
2025-11-13T12:45;2025-11-13T13:00;52;EUR;MWh;NO;NO;36,78;-4;58,11;-4;2;UP_AND_DOWN
2025-11-13T13:00;2025-11-13T13:15;53;EUR;MWh;NO;NO;85,9;21,97;85,9;21,97;2;UP_AND_DOWN
2025-11-13T13:15;2025-11-13T13:30;54;EUR;MWh;NO;NO;200;;200;200;1;UP
2025-11-13T13:30;2025-11-13T13:45;55;EUR;MWh;NO;NO;141,7;;141,7;141,7;1;UP
2025-11-13T13:45;2025-11-13T14:00;56;EUR;MWh;NO;NO;113,04;;113,04;113,04;1;UP
2025-11-13T14:00;2025-11-13T14:15;57;EUR;MWh;NO;NO;200;81;200;200;1;UP
2025-11-13T14:15;2025-11-13T14:30;58;EUR;MWh;NO;NO;85,9;67,99;85,9;58,11;2;UP_AND_DOWN
2025-11-13T14:30;2025-11-13T14:45;59;EUR;MWh;NO;NO;85,9;;85,9;85,9;1;UP
2025-11-13T14:45;2025-11-13T15:00;60;EUR;MWh;NO;NO;116,8;18,14;116,8;18,14;2;UP_AND_DOWN
2025-11-13T15:00;2025-11-13T15:15;61;EUR;MWh;NO;NO;116,8;-7,6;-7,6;-7,6;-1;DOWN
2025-11-13T15:15;2025-11-13T15:30;62;EUR;MWh;NO;NO;;56,44;56,44;56,44;-1;DOWN
2025-11-13T15:30;2025-11-13T15:45;63;EUR;MWh;NO;NO;;-4;-4;-4;-1;DOWN
2025-11-13T15:45;2025-11-13T16:00;64;EUR;MWh;NO;NO;;53,2;53,2;53,2;-1;DOWN
2025-11-13T16:00;2025-11-13T16:15;65;EUR;MWh;NO;NO;;45,51;45,51;45,51;-1;DOWN
2025-11-13T16:15;2025-11-13T16:30;66;EUR;MWh;NO;NO;35,21;51,68;51,68;51,68;-1;DOWN
2025-11-13T16:30;2025-11-13T16:45;67;EUR;MWh;NO;NO;36,78;80,09;70,63;70,63;2;UP_AND_DOWN
2025-11-13T16:45;2025-11-13T17:00;68;EUR;MWh;NO;NO;85,8;54,09;85,8;54,09;2;UP_AND_DOWN
2025-11-13T17:00;2025-11-13T17:15;69;EUR;MWh;NO;NO;77,02;57,68;77,02;57,68;2;UP_AND_DOWN
2025-11-13T17:15;2025-11-13T17:30;70;EUR;MWh;NO;NO;83,06;;83,06;83,06;1;UP
2025-11-13T17:30;2025-11-13T17:45;71;EUR;MWh;NO;NO;135;83;135;135;1;UP
2025-11-13T17:45;2025-11-13T18:00;72;EUR;MWh;NO;NO;116,8;;116,8;116,8;1;UP
2025-11-13T18:00;2025-11-13T18:15;73;EUR;MWh;NO;NO;114,6;82,28;114,6;114,6;1;UP
2025-11-13T18:15;2025-11-13T18:30;74;EUR;MWh;NO;NO;96,7;75,78;96,7;58,11;2;UP_AND_DOWN
2025-11-13T18:30;2025-11-13T18:45;75;EUR;MWh;NO;NO;77,22;74,69;77,22;58,11;2;UP_AND_DOWN
2025-11-13T18:45;2025-11-13T19:00;76;EUR;MWh;NO;NO;116,8;;116,8;116,8;1;UP
2025-11-13T19:00;2025-11-13T19:15;77;EUR;MWh;NO;NO;200;;200;200;1;UP
2025-11-13T19:15;2025-11-13T19:30;78;EUR;MWh;NO;NO;500;75,59;500;58,11;2;UP_AND_DOWN
2025-11-13T19:30;2025-11-13T19:45;79;EUR;MWh;NO;NO;120;80,01;120;120;1;UP
2025-11-13T19:45;2025-11-13T20:00;80;EUR;MWh;NO;NO;135;41;135;41;2;UP_AND_DOWN
2025-11-13T20:00;2025-11-13T20:15;81;EUR;MWh;NO;NO;116,8;22,46;116,8;22,46;2;UP_AND_DOWN
2025-11-13T20:15;2025-11-13T20:30;82;EUR;MWh;NO;NO;116,8;;116,8;116,8;1;UP
2025-11-13T20:30;2025-11-13T20:45;83;EUR;MWh;NO;NO;120;;120;120;1;UP
2025-11-13T20:45;2025-11-13T21:00;84;EUR;MWh;NO;NO;142,4;79;142,4;58,14;2;UP_AND_DOWN
2025-11-13T21:00;2025-11-13T21:15;85;EUR;MWh;NO;NO;120;;120;120;1;UP
2025-11-13T21:15;2025-11-13T21:30;86;EUR;MWh;NO;NO;120;72,79;120;58;2;UP_AND_DOWN
2025-11-13T21:30;2025-11-13T21:45;87;EUR;MWh;NO;NO;116,8;74,03;116,8;58,7;2;UP_AND_DOWN
2025-11-13T21:45;2025-11-13T22:00;88;EUR;MWh;NO;NO;76,35;76,29;76,29;76,29;-1;DOWN
2025-11-13T22:00;2025-11-13T22:15;89;EUR;MWh;NO;NO;120;;120;120;1;UP
2025-11-13T22:15;2025-11-13T22:30;90;EUR;MWh;NO;NO;140;;140;140;1;UP
2025-11-13T22:30;2025-11-13T22:45;91;EUR;MWh;NO;NO;135;;135;135;1;UP
2025-11-13T22:45;2025-11-13T23:00;92;EUR;MWh;NO;NO;87,88;74,57;87,88;58;2;UP_AND_DOWN
2025-11-13T23:00;2025-11-13T23:15;93;EUR;MWh;NO;NO;120;75;120;58;2;UP_AND_DOWN
2025-11-13T23:15;2025-11-13T23:30;94;EUR;MWh;NO;NO;116,8;81;116,8;58;2;UP_AND_DOWN
2025-11-13T23:30;2025-11-13T23:45;95;EUR;MWh;NO;NO;120;79,86;120;58;2;UP_AND_DOWN
2025-11-13T23:45;2025-11-14T00:00;96;EUR;MWh;NO;NO;87,78;76,63;87,78;58;2;UP_AND_DOWN
2025-11-14T00:00;2025-11-14T00:15;1;EUR;MWh;NO;NO;135;;135;135;1;UP
2025-11-14T00:15;2025-11-14T00:30;2;EUR;MWh;NO;NO;136,98;81;136,98;60,5;2;UP_AND_DOWN
2025-11-14T00:30;2025-11-14T00:45;3;EUR;MWh;NO;NO;118,76;;118,76;118,76;1;UP
2025-11-14T00:45;2025-11-14T01:00;4;EUR;MWh;NO;NO;86,81;80,01;86,81;86,81;1;UP
2025-11-14T01:00;2025-11-14T01:15;5;EUR;MWh;NO;NO;106,65;79,27;106,65;106,65;1;UP
2025-11-14T01:15;2025-11-14T01:30;6;EUR;MWh;NO;NO;112,78;;112,78;112,78;1;UP
2025-11-14T01:30;2025-11-14T01:45;7;EUR;MWh;NO;NO;117,3;;117,3;117,3;1;UP
2025-11-14T01:45;2025-11-14T02:00;8;EUR;MWh;NO;NO;93,01;70,77;93,01;59,59;2;UP_AND_DOWN
2025-11-14T02:00;2025-11-14T02:15;9;EUR;MWh;NO;NO;106,2;64,63;106,2;59,59;2;UP_AND_DOWN
2025-11-14T02:15;2025-11-14T02:30;10;EUR;MWh;NO;NO;87,54;78,42;87,54;87,54;1;UP
2025-11-14T02:30;2025-11-14T02:45;11;EUR;MWh;NO;NO;117,3;;117,3;117,3;1;UP
2025-11-14T02:45;2025-11-14T03:00;12;EUR;MWh;NO;NO;114,61;;114,61;114,61;1;UP
2025-11-14T03:00;2025-11-14T03:15;13;EUR;MWh;NO;NO;72,09;81,49;72,09;63,54;2;UP_AND_DOWN
2025-11-14T03:15;2025-11-14T03:30;14;EUR;MWh;NO;NO;72,09;77,5;72,09;63,45;2;UP_AND_DOWN
2025-11-14T03:30;2025-11-14T03:45;15;EUR;MWh;NO;NO;116,69;;116,69;116,69;1;UP
2025-11-14T03:45;2025-11-14T04:00;16;EUR;MWh;NO;NO;52,09;76,67;63,78;63,78;2;UP_AND_DOWN
2025-11-14T04:00;2025-11-14T04:15;17;EUR;MWh;NO;NO;62,09;72,48;68,63;68,63;2;UP_AND_DOWN
2025-11-14T04:15;2025-11-14T04:30;18;EUR;MWh;NO;NO;41;69,6;69,6;69,6;-1;DOWN
2025-11-14T04:30;2025-11-14T04:45;19;EUR;MWh;NO;NO;135;69,6;135;135;1;UP
2025-11-14T04:45;2025-11-14T05:00;20;EUR;MWh;NO;NO;116,29;73,54;116,29;69,08;2;UP_AND_DOWN
2025-11-14T05:00;2025-11-14T05:15;21;EUR;MWh;NO;NO;86,71;72,52;86,71;60,5;2;UP_AND_DOWN
2025-11-14T05:15;2025-11-14T05:30;22;EUR;MWh;NO;NO;76,82;72,52;76,82;66,5;2;UP_AND_DOWN
2025-11-14T05:30;2025-11-14T05:45;23;EUR;MWh;NO;NO;66;69,16;69,16;69,16;-1;DOWN
2025-11-14T05:45;2025-11-14T06:00;24;EUR;MWh;NO;NO;41;110,7;75,35;75,35;0;STABLE
2025-11-14T06:00;2025-11-14T06:15;25;EUR;MWh;NO;NO;;81;81;81;-1;DOWN
2025-11-14T06:15;2025-11-14T06:30;26;EUR;MWh;NO;NO;41;72,75;72,75;72,75;-1;DOWN
2025-11-14T06:30;2025-11-14T06:45;27;EUR;MWh;NO;NO;66;51,35;51,35;51,35;-1;DOWN
2025-11-14T06:45;2025-11-14T07:00;28;EUR;MWh;NO;NO;41;36,09;36,09;36,09;-1;DOWN
2025-11-14T07:00;2025-11-14T07:15;29;EUR;MWh;NO;NO;;37;37;37;-1;DOWN
2025-11-14T07:15;2025-11-14T07:30;30;EUR;MWh;NO;NO;66;64,53;72,84;64,53;2;UP_AND_DOWN
2025-11-14T07:30;2025-11-14T07:45;31;EUR;MWh;NO;NO;52,09;77,89;72,83;72,83;2;UP_AND_DOWN
2025-11-14T07:45;2025-11-14T08:00;32;EUR;MWh;NO;NO;;71,67;71,67;71,67;-1;DOWN
2025-11-14T08:00;2025-11-14T08:15;33;EUR;MWh;NO;NO;66;69,06;69,06;69,06;-1;DOWN
2025-11-14T08:15;2025-11-14T08:30;34;EUR;MWh;NO;NO;66,55;76,17;66,55;60,5;2;UP_AND_DOWN
2025-11-14T08:30;2025-11-14T08:45;35;EUR;MWh;NO;NO;66;71,57;71,57;71,57;-1;DOWN
2025-11-14T08:45;2025-11-14T09:00;36;EUR;MWh;NO;NO;105,9;79,7;105,9;105,9;1;UP
2025-11-14T09:00;2025-11-14T09:15;37;EUR;MWh;NO;NO;135;79,72;135;60,5;2;UP_AND_DOWN
2025-11-14T09:15;2025-11-14T09:30;38;EUR;MWh;NO;NO;117,3;81;117,3;117,3;1;UP
2025-11-14T09:30;2025-11-14T09:45;39;EUR;MWh;NO;NO;120;;120;120;1;UP
2025-11-14T09:45;2025-11-14T10:00;40;EUR;MWh;NO;NO;120;74,57;120;60,5;2;UP_AND_DOWN
2025-11-14T10:00;2025-11-14T10:15;41;EUR;MWh;NO;NO;107,22;69,71;107,22;60,5;2;UP_AND_DOWN
2025-11-14T10:15;2025-11-14T10:30;42;EUR;MWh;NO;NO;116,89;76,17;116,89;60,5;2;UP_AND_DOWN
2025-11-14T10:30;2025-11-14T10:45;43;EUR;MWh;NO;NO;110,71;73,33;110,71;60,5;2;UP_AND_DOWN
2025-11-14T10:45;2025-11-14T11:00;44;EUR;MWh;NO;NO;120;73,33;120;120;1;UP
2025-11-14T11:00;2025-11-14T11:15;45;EUR;MWh;NO;NO;118;;118;118;1;UP
2025-11-14T11:15;2025-11-14T11:30;46;EUR;MWh;NO;NO;140;;140;140;1;UP
2025-11-14T11:30;2025-11-14T11:45;47;EUR;MWh;NO;NO;145,8;;145,8;145,8;1;UP
2025-11-14T11:45;2025-11-14T12:00;48;EUR;MWh;NO;NO;140;;140;140;1;UP
2025-11-14T12:00;2025-11-14T12:15;49;EUR;MWh;NO;NO;145,8;108;145,8;74;2;UP_AND_DOWN
2025-11-14T12:15;2025-11-14T12:30;50;EUR;MWh;NO;NO;115;81;115;74;2;UP_AND_DOWN
2025-11-14T12:30;2025-11-14T12:45;51;EUR;MWh;NO;NO;140;81;140;140;1;UP
2025-11-14T12:45;2025-11-14T13:00;52;EUR;MWh;NO;NO;113,8;108;113,8;74;2;UP_AND_DOWN
2025-11-14T13:00;2025-11-14T13:15;53;EUR;MWh;NO;NO;;75;75;75;-1;DOWN
2025-11-14T13:15;2025-11-14T13:30;54;EUR;MWh;NO;NO;115;76,72;115;74;2;UP_AND_DOWN
2025-11-14T13:30;2025-11-14T13:45;55;EUR;MWh;NO;NO;140;;140;140;1;UP
2025-11-14T13:45;2025-11-14T14:00;56;EUR;MWh;NO;NO;117,3;66,97;117,3;66,97;2;UP_AND_DOWN
2025-11-14T14:00;2025-11-14T14:15;57;EUR;MWh;NO;NO;;50;50;50;-1;DOWN
2025-11-14T14:15;2025-11-14T14:30;58;EUR;MWh;NO;NO;;79,67;79,67;79,67;-1;DOWN
2025-11-14T14:30;2025-11-14T14:45;59;EUR;MWh;NO;NO;;79,1;79,1;79,1;-1;DOWN
2025-11-14T14:45;2025-11-14T15:00;60;EUR;MWh;NO;NO;112,8;80,01;112,8;58,47;2;UP_AND_DOWN
2025-11-14T15:00;2025-11-14T15:15;61;EUR;MWh;NO;NO;21,94;81;81;81;-1;DOWN
2025-11-14T15:15;2025-11-14T15:30;62;EUR;MWh;NO;NO;112,4;81;112,4;112,4;1;UP
2025-11-14T15:30;2025-11-14T15:45;63;EUR;MWh;NO;NO;112,54;;112,54;112,54;1;UP
2025-11-14T15:45;2025-11-14T16:00;64;EUR;MWh;NO;NO;120;;120;120;1;UP
2025-11-14T16:00;2025-11-14T16:15;65;EUR;MWh;NO;NO;120;;120;120;1;UP
2025-11-14T16:15;2025-11-14T16:30;66;EUR;MWh;NO;NO;135;;135;135;1;UP
2025-11-14T16:30;2025-11-14T16:45;67;EUR;MWh;NO;NO;140;;140;140;1;UP
2025-11-14T16:45;2025-11-14T17:00;68;EUR;MWh;NO;NO;143;;143;143;1;UP
2025-11-14T17:00;2025-11-14T17:15;69;EUR;MWh;NO;NO;135;79,29;135;63,97;2;UP_AND_DOWN
2025-11-14T17:15;2025-11-14T17:30;70;EUR;MWh;NO;NO;114,9;81;114,9;65,97;2;UP_AND_DOWN
2025-11-14T17:30;2025-11-14T17:45;71;EUR;MWh;NO;NO;116,08;81;116,08;65,97;2;UP_AND_DOWN
2025-11-14T17:45;2025-11-14T18:00;72;EUR;MWh;NO;NO;;68,67;68,67;68,67;-1;DOWN
2025-11-14T18:00;2025-11-14T18:15;73;EUR;MWh;NO;NO;;73,57;73,57;73,57;-1;DOWN
2025-11-14T18:15;2025-11-14T18:30;74;EUR;MWh;NO;NO;;59,75;59,75;59,75;-1;DOWN
2025-11-14T18:30;2025-11-14T18:45;75;EUR;MWh;NO;NO;;57,25;57,25;57,25;-1;DOWN
2025-11-14T18:45;2025-11-14T19:00;76;EUR;MWh;NO;NO;;59,75;59,75;59,75;-1;DOWN
2025-11-14T19:00;2025-11-14T19:15;77;EUR;MWh;NO;NO;41;65;65;65;-1;DOWN
2025-11-14T19:15;2025-11-14T19:30;78;EUR;MWh;NO;NO;99;76,34;99;66;2;UP_AND_DOWN
2025-11-14T19:30;2025-11-14T19:45;79;EUR;MWh;NO;NO;102;73,95;102;61;2;UP_AND_DOWN
2025-11-14T19:45;2025-11-14T20:00;80;EUR;MWh;NO;NO;41;68,29;68,29;68,29;-1;DOWN
2025-11-14T20:00;2025-11-14T20:15;81;EUR;MWh;NO;NO;117,78;;117,78;117,78;1;UP
2025-11-14T20:15;2025-11-14T20:30;82;EUR;MWh;NO;NO;109;76,47;109;61;2;UP_AND_DOWN
2025-11-14T20:30;2025-11-14T20:45;83;EUR;MWh;NO;NO;;74,45;74,45;74,45;-1;DOWN
2025-11-14T20:45;2025-11-14T21:00;84;EUR;MWh;NO;NO;117,3;70;117,3;61;2;UP_AND_DOWN
2025-11-14T21:00;2025-11-14T21:15;85;EUR;MWh;NO;NO;;51,03;51,03;51,03;-1;DOWN
2025-11-14T21:15;2025-11-14T21:30;86;EUR;MWh;NO;NO;;55,1;55,1;55,1;-1;DOWN
2025-11-14T21:30;2025-11-14T21:45;87;EUR;MWh;NO;NO;105;57,25;105;57,25;2;UP_AND_DOWN
2025-11-14T21:45;2025-11-14T22:00;88;EUR;MWh;NO;NO;90,04;53,29;90,04;53,29;2;UP_AND_DOWN
2025-11-14T22:00;2025-11-14T22:15;89;EUR;MWh;NO;NO;;43,29;43,29;43,29;-1;DOWN
2025-11-14T22:15;2025-11-14T22:30;90;EUR;MWh;NO;NO;;16,5;16,5;16,5;-1;DOWN
2025-11-14T22:30;2025-11-14T22:45;91;EUR;MWh;NO;NO;;23,29;23,29;23,29;-1;DOWN
2025-11-14T22:45;2025-11-14T23:00;92;EUR;MWh;NO;NO;;-4;-4;-4;-1;DOWN
2025-11-14T23:00;2025-11-14T23:15;93;EUR;MWh;NO;NO;87,15;-25,17;87,15;-25,17;2;UP_AND_DOWN
2025-11-14T23:15;2025-11-14T23:30;94;EUR;MWh;NO;NO;66,55;-4;-4;-4;-1;DOWN
2025-11-14T23:30;2025-11-14T23:45;95;EUR;MWh;NO;NO;;-4;-4;-4;-1;DOWN
2025-11-14T23:45;2025-11-15T00:00;96;EUR;MWh;NO;NO;;-4;-4;-4;-1;DOWN
2025-11-15T00:00;2025-11-15T00:15;1;EUR;MWh;NO;NO;22,01;-32,2;85,15;-32,2;2;UP_AND_DOWN
2025-11-15T00:15;2025-11-15T00:30;2;EUR;MWh;NO;NO;68,35;-32,2;84,09;-32,2;2;UP_AND_DOWN
2025-11-15T00:30;2025-11-15T00:45;3;EUR;MWh;NO;NO;96,31;-32,2;96,31;-32,2;2;UP_AND_DOWN
2025-11-15T00:45;2025-11-15T01:00;4;EUR;MWh;NO;NO;117,4;-24,9;117,4;-24,9;2;UP_AND_DOWN
2025-11-15T01:00;2025-11-15T01:15;5;EUR;MWh;NO;NO;106;;106;106;1;UP
2025-11-15T01:15;2025-11-15T01:30;6;EUR;MWh;NO;NO;106;;106;106;1;UP
2025-11-15T01:30;2025-11-15T01:45;7;EUR;MWh;NO;NO;106,1;;106,1;0;2;UP_AND_DOWN
2025-11-15T01:45;2025-11-15T02:00;8;EUR;MWh;NO;NO;106;-3,8;106;-3,8;2;UP_AND_DOWN
2025-11-15T02:00;2025-11-15T02:15;9;EUR;MWh;NO;NO;68,35;45,42;68,35;42,41;2;UP_AND_DOWN
2025-11-15T02:15;2025-11-15T02:30;10;EUR;MWh;NO;NO;106;;106;106;1;UP
2025-11-15T02:30;2025-11-15T02:45;11;EUR;MWh;NO;NO;;58;86,01;86,01;0;STABLE
2025-11-15T02:45;2025-11-15T03:00;12;EUR;MWh;NO;NO;117,4;;117,4;117,4;1;UP
2025-11-15T03:00;2025-11-15T03:15;13;EUR;MWh;NO;NO;117,4;;117,4;117,4;1;UP
2025-11-15T03:15;2025-11-15T03:30;14;EUR;MWh;NO;NO;117,4;;117,4;117,4;1;UP
2025-11-15T03:30;2025-11-15T03:45;15;EUR;MWh;NO;NO;117,4;;117,4;117,4;1;UP
2025-11-15T03:45;2025-11-15T04:00;16;EUR;MWh;NO;NO;117,4;82;117,4;117,4;1;UP
2025-11-15T04:00;2025-11-15T04:15;17;EUR;MWh;NO;NO;117,4;82;55,51;55,51;0;STABLE
2025-11-15T04:15;2025-11-15T04:30;18;EUR;MWh;NO;NO;22,01;86;58,01;58,01;2;UP_AND_DOWN
2025-11-15T04:30;2025-11-15T04:45;19;EUR;MWh;NO;NO;;89;89;89;-1;DOWN
2025-11-15T04:45;2025-11-15T05:00;20;EUR;MWh;NO;NO;68,35;89;58,51;58,51;0;STABLE
2025-11-15T05:00;2025-11-15T05:15;21;EUR;MWh;NO;NO;90;90;90;90;1;UP
2025-11-15T05:15;2025-11-15T05:30;22;EUR;MWh;NO;NO;;90;90;90;-1;DOWN
2025-11-15T05:30;2025-11-15T05:45;23;EUR;MWh;NO;NO;;90;90;90;-1;DOWN
2025-11-15T05:45;2025-11-15T06:00;24;EUR;MWh;NO;NO;68,35;90;68,35;58,51;2;UP_AND_DOWN
2025-11-15T06:00;2025-11-15T06:15;25;EUR;MWh;NO;NO;117,4;;117,4;117,4;1;UP
2025-11-15T06:15;2025-11-15T06:30;26;EUR;MWh;NO;NO;96,49;;96,49;96,49;1;UP
2025-11-15T06:30;2025-11-15T06:45;27;EUR;MWh;NO;NO;74,49;;74,49;74,49;1;UP
2025-11-15T06:45;2025-11-15T07:00;28;EUR;MWh;NO;NO;;56,67;56,67;56,67;-1;DOWN
2025-11-15T07:00;2025-11-15T07:15;29;EUR;MWh;NO;NO;84,39;90;84,39;56,51;2;UP_AND_DOWN
2025-11-15T07:15;2025-11-15T07:30;30;EUR;MWh;NO;NO;68,35;;68,35;68,35;1;UP
2025-11-15T07:30;2025-11-15T07:45;31;EUR;MWh;NO;NO;80,01;;80,01;80,01;1;UP
2025-11-15T07:45;2025-11-15T08:00;32;EUR;MWh;NO;NO;71,49;-4;71,49;-4;2;UP_AND_DOWN
2025-11-15T08:00;2025-11-15T08:15;33;EUR;MWh;NO;NO;108;-4;108;-4;2;UP_AND_DOWN
2025-11-15T08:15;2025-11-15T08:30;34;EUR;MWh;NO;NO;90;86;90;60,01;2;UP_AND_DOWN
2025-11-15T08:30;2025-11-15T08:45;35;EUR;MWh;NO;NO;116,77;;116,77;116,77;1;UP
2025-11-15T08:45;2025-11-15T09:00;36;EUR;MWh;NO;NO;108;;108;108;1;UP
2025-11-15T09:00;2025-11-15T09:15;37;EUR;MWh;NO;NO;140;;140;140;1;UP
2025-11-15T09:15;2025-11-15T09:30;38;EUR;MWh;NO;NO;140;84;140;140;1;UP
2025-11-15T09:30;2025-11-15T09:45;39;EUR;MWh;NO;NO;57,24;64,62;59,51;59,51;2;UP_AND_DOWN
2025-11-15T09:45;2025-11-15T10:00;40;EUR;MWh;NO;NO;117,4;64,62;117,4;59,51;2;UP_AND_DOWN
2025-11-15T10:00;2025-11-15T10:15;41;EUR;MWh;NO;NO;138,37;75,33;138,37;75,33;2;UP_AND_DOWN
2025-11-15T10:15;2025-11-15T10:30;42;EUR;MWh;NO;NO;117,29;89;117,29;55,51;2;UP_AND_DOWN
2025-11-15T10:30;2025-11-15T10:45;43;EUR;MWh;NO;NO;100;75,29;100;75,29;2;UP_AND_DOWN
2025-11-15T10:45;2025-11-15T11:00;44;EUR;MWh;NO;NO;;64,52;64,52;64,52;-1;DOWN
2025-11-15T11:00;2025-11-15T11:15;45;EUR;MWh;NO;NO;;75,37;75,37;75,37;-1;DOWN
2025-11-15T11:15;2025-11-15T11:30;46;EUR;MWh;NO;NO;;75,37;75,37;75,37;-1;DOWN
2025-11-15T11:30;2025-11-15T11:45;47;EUR;MWh;NO;NO;;75,37;75,37;75,37;-1;DOWN
2025-11-15T11:45;2025-11-15T12:00;48;EUR;MWh;NO;NO;100;75;100;75;2;UP_AND_DOWN
2025-11-15T12:00;2025-11-15T12:15;49;EUR;MWh;NO;NO;131,05;75;131,05;131,05;1;UP
2025-11-15T12:15;2025-11-15T12:30;50;EUR;MWh;NO;NO;89,5;80;89,5;89,5;1;UP
2025-11-15T12:30;2025-11-15T12:45;51;EUR;MWh;NO;NO;84;76,49;84;51,01;2;UP_AND_DOWN
2025-11-15T12:45;2025-11-15T13:00;52;EUR;MWh;NO;NO;22,01;72;51,01;51,01;2;UP_AND_DOWN
2025-11-15T13:00;2025-11-15T13:15;53;EUR;MWh;NO;NO;116,89;72,52;116,89;51,01;2;UP_AND_DOWN
2025-11-15T13:15;2025-11-15T13:30;54;EUR;MWh;NO;NO;136,72;71,23;136,72;51,01;2;UP_AND_DOWN
2025-11-15T13:30;2025-11-15T13:45;55;EUR;MWh;NO;NO;117,4;;117,4;117,4;1;UP
2025-11-15T13:45;2025-11-15T14:00;56;EUR;MWh;NO;NO;117,09;75,97;117,09;51,01;2;UP_AND_DOWN
2025-11-15T14:00;2025-11-15T14:15;57;EUR;MWh;NO;NO;140;80;140;51,01;2;UP_AND_DOWN
2025-11-15T14:15;2025-11-15T14:30;58;EUR;MWh;NO;NO;144,05;;144,05;144,05;1;UP
2025-11-15T14:30;2025-11-15T14:45;59;EUR;MWh;NO;NO;150;;150;150;1;UP
2025-11-15T14:45;2025-11-15T15:00;60;EUR;MWh;NO;NO;166;73,64;166;56,01;2;UP_AND_DOWN
2025-11-15T15:00;2025-11-15T15:15;61;EUR;MWh;NO;NO;166;75,23;75,23;75,23;-1;DOWN
2025-11-15T15:15;2025-11-15T15:30;62;EUR;MWh;NO;NO;117,4;95;117,4;117,4;1;UP
2025-11-15T15:30;2025-11-15T15:45;63;EUR;MWh;NO;NO;52,24;77,97;58,51;58,51;2;UP_AND_DOWN
2025-11-15T15:45;2025-11-15T16:00;64;EUR;MWh;NO;NO;117,4;88;117,4;117,4;1;UP
2025-11-15T16:00;2025-11-15T16:15;65;EUR;MWh;NO;NO;117,4;80,1;117,4;58,51;2;UP_AND_DOWN
2025-11-15T16:15;2025-11-15T16:30;66;EUR;MWh;NO;NO;117,4;;117,4;117,4;1;UP
2025-11-15T16:30;2025-11-15T16:45;67;EUR;MWh;NO;NO;117,4;;117,4;117,4;1;UP
2025-11-15T16:45;2025-11-15T17:00;68;EUR;MWh;NO;NO;117,4;88;117,4;57,51;2;UP_AND_DOWN
2025-11-15T17:00;2025-11-15T17:15;69;EUR;MWh;NO;NO;117,4;;117,4;117,4;1;UP
2025-11-15T17:15;2025-11-15T17:30;70;EUR;MWh;NO;NO;117,4;;117,4;117,4;1;UP
2025-11-15T17:30;2025-11-15T17:45;71;EUR;MWh;NO;NO;117,4;88;117,4;117,4;1;UP
2025-11-15T17:45;2025-11-15T18:00;72;EUR;MWh;NO;NO;81,15;80;81,15;57,55;2;UP_AND_DOWN
2025-11-15T18:00;2025-11-15T18:15;73;EUR;MWh;NO;NO;272;75,23;272;59,24;2;UP_AND_DOWN
2025-11-15T18:15;2025-11-15T18:30;74;EUR;MWh;NO;NO;22,01;80;80;80;-1;DOWN
2025-11-15T18:30;2025-11-15T18:45;75;EUR;MWh;NO;NO;;71,98;71,98;71,98;-1;DOWN
2025-11-15T18:45;2025-11-15T19:00;76;EUR;MWh;NO;NO;;70;70;70;-1;DOWN
2025-11-15T19:00;2025-11-15T19:15;77;EUR;MWh;NO;NO;;74,11;74,11;74,11;-1;DOWN
2025-11-15T19:15;2025-11-15T19:30;78;EUR;MWh;NO;NO;;72,92;72,92;72,92;-1;DOWN
2025-11-15T19:30;2025-11-15T19:45;79;EUR;MWh;NO;NO;;71,7;71,7;71,7;-1;DOWN
2025-11-15T19:45;2025-11-15T20:00;80;EUR;MWh;NO;NO;22,01;75,95;51,51;51,51;2;UP_AND_DOWN
2025-11-15T20:00;2025-11-15T20:15;81;EUR;MWh;NO;NO;116,69;79,65;116,69;51,72;2;UP_AND_DOWN
2025-11-15T20:15;2025-11-15T20:30;82;EUR;MWh;NO;NO;116,69;80;116,69;51,01;2;UP_AND_DOWN
2025-11-15T20:30;2025-11-15T20:45;83;EUR;MWh;NO;NO;117,4;;117,4;117,4;1;UP
2025-11-15T20:45;2025-11-15T21:00;84;EUR;MWh;NO;NO;117,4;80;117,4;117,4;1;UP
2025-11-15T21:00;2025-11-15T21:15;85;EUR;MWh;NO;NO;146,2;80;146,2;146,2;1;UP
2025-11-15T21:15;2025-11-15T21:30;86;EUR;MWh;NO;NO;117,4;;117,4;117,4;1;UP
2025-11-15T21:30;2025-11-15T21:45;87;EUR;MWh;NO;NO;116,79;;116,79;116,79;1;UP
2025-11-15T21:45;2025-11-15T22:00;88;EUR;MWh;NO;NO;117,4;;117,4;117,4;1;UP
2025-11-15T22:00;2025-11-15T22:15;89;EUR;MWh;NO;NO;99,9;85;99,9;57,51;2;UP_AND_DOWN
2025-11-15T22:15;2025-11-15T22:30;90;EUR;MWh;NO;NO;117,19;;117,19;117,19;1;UP
2025-11-15T22:30;2025-11-15T22:45;91;EUR;MWh;NO;NO;117,4;;117,4;117,4;1;UP
2025-11-15T22:45;2025-11-15T23:00;92;EUR;MWh;NO;NO;117,4;;117,4;117,4;1;UP
2025-11-15T23:00;2025-11-15T23:15;93;EUR;MWh;NO;NO;117,4;;117,4;117,4;1;UP
2025-11-15T23:15;2025-11-15T23:30;94;EUR;MWh;NO;NO;117,4;89;117,4;117,4;1;UP
2025-11-15T23:30;2025-11-15T23:45;95;EUR;MWh;NO;NO;88,05;72,83;88,05;58,51;2;UP_AND_DOWN
2025-11-15T23:45;2025-11-16T00:00;96;EUR;MWh;NO;NO;117,4;72,9;117,4;58,51;2;UP_AND_DOWN
2025-11-16T00:00;2025-11-16T00:15;1;EUR;MWh;NO;NO;117,4;67,45;67,45;67,45;-1;DOWN
2025-11-16T00:15;2025-11-16T00:30;2;EUR;MWh;NO;NO;119,2;94;119,2;119,2;1;UP
2025-11-16T00:30;2025-11-16T00:45;3;EUR;MWh;NO;NO;93,34;93;93,34;93,34;1;UP
2025-11-16T00:45;2025-11-16T01:00;4;EUR;MWh;NO;NO;;88;65,5;65,5;0;STABLE
2025-11-16T01:00;2025-11-16T01:15;5;EUR;MWh;NO;NO;120,27;88;120,27;120,27;1;UP
2025-11-16T01:15;2025-11-16T01:30;6;EUR;MWh;NO;NO;119,94;78,2;119,94;65,5;2;UP_AND_DOWN
2025-11-16T01:30;2025-11-16T01:45;7;EUR;MWh;NO;NO;90;58,35;90;58,35;2;UP_AND_DOWN
2025-11-16T01:45;2025-11-16T02:00;8;EUR;MWh;NO;NO;;58,35;58,35;58,35;-1;DOWN
2025-11-16T02:00;2025-11-16T02:15;9;EUR;MWh;NO;NO;87,64;78,2;87,64;65,5;2;UP_AND_DOWN
2025-11-16T02:15;2025-11-16T02:30;10;EUR;MWh;NO;NO;82,58;88;82,58;64,5;2;UP_AND_DOWN
2025-11-16T02:30;2025-11-16T02:45;11;EUR;MWh;NO;NO;90;86;90;90;1;UP
2025-11-16T02:45;2025-11-16T03:00;12;EUR;MWh;NO;NO;90;86;90;90;1;UP
2025-11-16T03:00;2025-11-16T03:15;13;EUR;MWh;NO;NO;119,78;;119,78;119,78;1;UP
2025-11-16T03:15;2025-11-16T03:30;14;EUR;MWh;NO;NO;123,88;;123,88;123,88;1;UP
2025-11-16T03:30;2025-11-16T03:45;15;EUR;MWh;NO;NO;105,66;81,64;105,66;63,5;2;UP_AND_DOWN
2025-11-16T03:45;2025-11-16T04:00;16;EUR;MWh;NO;NO;70;65,78;70;64,81;2;UP_AND_DOWN
2025-11-16T04:00;2025-11-16T04:15;17;EUR;MWh;NO;NO;89,8;55,54;89,8;89,8;1;UP
2025-11-16T04:15;2025-11-16T04:30;18;EUR;MWh;NO;NO;87,97;75,87;87,97;65,73;2;UP_AND_DOWN
2025-11-16T04:30;2025-11-16T04:45;19;EUR;MWh;NO;NO;;65,69;65,69;65,69;-1;DOWN
2025-11-16T04:45;2025-11-16T05:00;20;EUR;MWh;NO;NO;70;82;70;66,62;2;UP_AND_DOWN
2025-11-16T05:00;2025-11-16T05:15;21;EUR;MWh;NO;NO;;75,87;75,87;75,87;-1;DOWN
2025-11-16T05:15;2025-11-16T05:30;22;EUR;MWh;NO;NO;60;77;61;61;2;UP_AND_DOWN
2025-11-16T05:30;2025-11-16T05:45;23;EUR;MWh;NO;NO;80;75;80;61;2;UP_AND_DOWN
2025-11-16T05:45;2025-11-16T06:00;24;EUR;MWh;NO;NO;118,1;;118,1;118,1;1;UP
2025-11-16T06:00;2025-11-16T06:15;25;EUR;MWh;NO;NO;92,23;74;92,23;64,65;2;UP_AND_DOWN
2025-11-16T06:15;2025-11-16T06:30;26;EUR;MWh;NO;NO;89,27;76,62;89,27;89,27;1;UP
2025-11-16T06:30;2025-11-16T06:45;27;EUR;MWh;NO;NO;;74,32;74,32;74,32;-1;DOWN
2025-11-16T06:45;2025-11-16T07:00;28;EUR;MWh;NO;NO;;69,71;69,71;69,71;-1;DOWN
2025-11-16T07:00;2025-11-16T07:15;29;EUR;MWh;NO;NO;;76;76;76;-1;DOWN
2025-11-16T07:15;2025-11-16T07:30;30;EUR;MWh;NO;NO;60;81;60;60;1;UP
2025-11-16T07:30;2025-11-16T07:45;31;EUR;MWh;NO;NO;41;76;76;76;-1;DOWN
2025-11-16T07:45;2025-11-16T08:00;32;EUR;MWh;NO;NO;;64,77;64,77;64,77;-1;DOWN
2025-11-16T08:00;2025-11-16T08:15;33;EUR;MWh;NO;NO;;60,52;60,52;60,52;-1;DOWN
2025-11-16T08:15;2025-11-16T08:30;34;EUR;MWh;NO;NO;;71,84;71,84;71,84;-1;DOWN
2025-11-16T08:30;2025-11-16T08:45;35;EUR;MWh;NO;NO;91,2;67;91,2;60,5;2;UP_AND_DOWN
2025-11-16T08:45;2025-11-16T09:00;36;EUR;MWh;NO;NO;105,07;81;105,07;105,07;1;UP
2025-11-16T09:00;2025-11-16T09:15;37;EUR;MWh;NO;NO;106;;106;106;1;UP
2025-11-16T09:15;2025-11-16T09:30;38;EUR;MWh;NO;NO;119,2;;119,2;119,2;1;UP
2025-11-16T09:30;2025-11-16T09:45;39;EUR;MWh;NO;NO;106;;106;106;1;UP
2025-11-16T09:45;2025-11-16T10:00;40;EUR;MWh;NO;NO;140;;140;140;1;UP
2025-11-16T10:00;2025-11-16T10:15;41;EUR;MWh;NO;NO;120,27;;120,27;120,27;1;UP
2025-11-16T10:15;2025-11-16T10:30;42;EUR;MWh;NO;NO;107,3;83;107,3;107,3;1;UP
2025-11-16T10:30;2025-11-16T10:45;43;EUR;MWh;NO;NO;119,2;;119,2;119,2;1;UP
2025-11-16T10:45;2025-11-16T11:00;44;EUR;MWh;NO;NO;119,2;87;119,2;119,2;1;UP
2025-11-16T11:00;2025-11-16T11:15;45;EUR;MWh;NO;NO;;84,74;84,74;84,74;-1;DOWN
2025-11-16T11:15;2025-11-16T11:30;46;EUR;MWh;NO;NO;119,2;;119,2;119,2;1;UP
2025-11-16T11:30;2025-11-16T11:45;47;EUR;MWh;NO;NO;150,1;;150,1;150,1;1;UP
2025-11-16T11:45;2025-11-16T12:00;48;EUR;MWh;NO;NO;140;88;140;140;1;UP
2025-11-16T12:00;2025-11-16T12:15;49;EUR;MWh;NO;NO;119,2;;119,2;119,2;1;UP
2025-11-16T12:15;2025-11-16T12:30;50;EUR;MWh;NO;NO;93,32;;93,32;93,32;1;UP
2025-11-16T12:30;2025-11-16T12:45;51;EUR;MWh;NO;NO;150;;150;150;1;UP
2025-11-16T12:45;2025-11-16T13:00;52;EUR;MWh;NO;NO;153,6;;153,6;153,6;1;UP
2025-11-16T13:00;2025-11-16T13:15;53;EUR;MWh;NO;NO;153,6;;153,6;153,6;1;UP
2025-11-16T13:15;2025-11-16T13:30;54;EUR;MWh;NO;NO;150;;150;150;1;UP
2025-11-16T13:30;2025-11-16T13:45;55;EUR;MWh;NO;NO;120,27;;120,27;120,27;1;UP
2025-11-16T13:45;2025-11-16T14:00;56;EUR;MWh;NO;NO;119,2;;119,2;119,2;1;UP
2025-11-16T14:00;2025-11-16T14:15;57;EUR;MWh;NO;NO;153,6;;153,6;153,6;1;UP
2025-11-16T14:15;2025-11-16T14:30;58;EUR;MWh;NO;NO;140;;140;140;1;UP
2025-11-16T14:30;2025-11-16T14:45;59;EUR;MWh;NO;NO;150;;150;150;1;UP
2025-11-16T14:45;2025-11-16T15:00;60;EUR;MWh;NO;NO;150;;150;150;1;UP
2025-11-16T15:00;2025-11-16T15:15;61;EUR;MWh;NO;NO;119,2;;119,2;119,2;1;UP
2025-11-16T15:15;2025-11-16T15:30;62;EUR;MWh;NO;NO;119,2;;119,2;119,2;1;UP
2025-11-16T15:30;2025-11-16T15:45;63;EUR;MWh;NO;NO;80;;80;80;1;UP
2025-11-16T15:45;2025-11-16T16:00;64;EUR;MWh;NO;NO;119,2;;119,2;119,2;1;UP
2025-11-16T16:00;2025-11-16T16:15;65;EUR;MWh;NO;NO;81,42;76;81,42;69,45;2;UP_AND_DOWN
2025-11-16T16:15;2025-11-16T16:30;66;EUR;MWh;NO;NO;119,2;80,71;119,2;69,42;2;UP_AND_DOWN
2025-11-16T16:30;2025-11-16T16:45;67;EUR;MWh;NO;NO;119,2;;119,2;119,2;1;UP
2025-11-16T16:45;2025-11-16T17:00;68;EUR;MWh;NO;NO;119,2;;119,2;119,2;1;UP
2025-11-16T17:00;2025-11-16T17:15;69;EUR;MWh;NO;NO;153,6;;153,6;153,6;1;UP
2025-11-16T17:15;2025-11-16T17:30;70;EUR;MWh;NO;NO;140,1;;140,1;140,1;1;UP
2025-11-16T17:30;2025-11-16T17:45;71;EUR;MWh;NO;NO;119,2;;119,2;119,2;1;UP
2025-11-16T17:45;2025-11-16T18:00;72;EUR;MWh;NO;NO;153,6;;153,6;153,6;1;UP
2025-11-16T18:00;2025-11-16T18:15;73;EUR;MWh;NO;NO;200;;200;200;1;UP
2025-11-16T18:15;2025-11-16T18:30;74;EUR;MWh;NO;NO;166;;166;166;1;UP
2025-11-16T18:30;2025-11-16T18:45;75;EUR;MWh;NO;NO;166;;166;166;1;UP
2025-11-16T18:45;2025-11-16T19:00;76;EUR;MWh;NO;NO;140;87;140;140;1;UP
2025-11-16T19:00;2025-11-16T19:15;77;EUR;MWh;NO;NO;119,2;93;119,2;93;2;UP_AND_DOWN
2025-11-16T19:15;2025-11-16T19:30;78;EUR;MWh;NO;NO;119,2;;119,2;119,2;1;UP
2025-11-16T19:30;2025-11-16T19:45;79;EUR;MWh;NO;NO;;61,53;61,53;61,53;-1;DOWN
2025-11-16T19:45;2025-11-16T20:00;80;EUR;MWh;NO;NO;;67,53;67,53;67,53;-1;DOWN
2025-11-16T20:00;2025-11-16T20:15;81;EUR;MWh;NO;NO;119,2;65,25;119,2;65,25;2;UP_AND_DOWN
2025-11-16T20:15;2025-11-16T20:30;82;EUR;MWh;NO;NO;119,2;74,42;119,2;65,5;2;UP_AND_DOWN
2025-11-16T20:30;2025-11-16T20:45;83;EUR;MWh;NO;NO;41;81;63,5;63,5;0;STABLE
2025-11-16T20:45;2025-11-16T21:00;84;EUR;MWh;NO;NO;79,8;75,5;79,8;61;2;UP_AND_DOWN
2025-11-16T21:00;2025-11-16T21:15;85;EUR;MWh;NO;NO;140;75,5;140;140;1;UP
2025-11-16T21:15;2025-11-16T21:30;86;EUR;MWh;NO;NO;119,2;81;119,2;119,2;1;UP
2025-11-16T21:30;2025-11-16T21:45;87;EUR;MWh;NO;NO;118,49;;118,49;118,49;1;UP
2025-11-16T21:45;2025-11-16T22:00;88;EUR;MWh;NO;NO;41;70;70;70;-1;DOWN
2025-11-16T22:00;2025-11-16T22:15;89;EUR;MWh;NO;NO;100;63,35;100;63,35;2;UP_AND_DOWN
2025-11-16T22:15;2025-11-16T22:30;90;EUR;MWh;NO;NO;87,12;61,34;87,12;61,34;2;UP_AND_DOWN
2025-11-16T22:30;2025-11-16T22:45;91;EUR;MWh;NO;NO;;61,02;61,02;61,02;-1;DOWN
2025-11-16T22:45;2025-11-16T23:00;92;EUR;MWh;NO;NO;;-15,4;-15,4;-15,4;-1;DOWN
2025-11-16T23:00;2025-11-16T23:15;93;EUR;MWh;NO;NO;106,42;-21,1;106,42;-21,1;2;UP_AND_DOWN
2025-11-16T23:15;2025-11-16T23:30;94;EUR;MWh;NO;NO;85;70,78;85;61;2;UP_AND_DOWN
2025-11-16T23:30;2025-11-16T23:45;95;EUR;MWh;NO;NO;93,32;;93,32;93,32;1;UP
2025-11-16T23:45;2025-11-17T00:00;96;EUR;MWh;NO;NO;119,2;;119,2;119,2;1;UP
2025-11-17T00:00;2025-11-17T00:15;1;EUR;MWh;NO;NO;88,56;69,04;88,56;61;2;UP_AND_DOWN
2025-11-17T00:15;2025-11-17T00:30;2;EUR;MWh;NO;NO;88,56;45;88,56;45;2;UP_AND_DOWN
2025-11-17T00:30;2025-11-17T00:45;3;EUR;MWh;NO;NO;120,1;45;120,1;120,1;1;UP
2025-11-17T00:45;2025-11-17T01:00;4;EUR;MWh;NO;NO;100;51,32;100;51,32;2;UP_AND_DOWN
2025-11-17T01:00;2025-11-17T01:15;5;EUR;MWh;NO;NO;120,1;70;120,1;61;2;UP_AND_DOWN
2025-11-17T01:15;2025-11-17T01:30;6;EUR;MWh;NO;NO;1965;28,57;1965;28,57;2;UP_AND_DOWN
2025-11-17T01:30;2025-11-17T01:45;7;EUR;MWh;NO;NO;105,6;51,42;105,6;51,42;2;UP_AND_DOWN
2025-11-17T01:45;2025-11-17T02:00;8;EUR;MWh;NO;NO;78,66;57,32;78,66;57,32;2;UP_AND_DOWN
2025-11-17T02:00;2025-11-17T02:15;9;EUR;MWh;NO;NO;120,1;;120,1;120,1;1;UP
2025-11-17T02:15;2025-11-17T02:30;10;EUR;MWh;NO;NO;120,1;45,96;120,1;45,96;2;UP_AND_DOWN
2025-11-17T02:30;2025-11-17T02:45;11;EUR;MWh;NO;NO;68,56;51,52;68,56;51,52;2;UP_AND_DOWN
2025-11-17T02:45;2025-11-17T03:00;12;EUR;MWh;NO;NO;101,52;-29,2;101,52;-29,2;2;UP_AND_DOWN
2025-11-17T03:00;2025-11-17T03:15;13;EUR;MWh;NO;NO;;-37,52;-37,52;-37,52;-1;DOWN
2025-11-17T03:15;2025-11-17T03:30;14;EUR;MWh;NO;NO;;45,96;45,96;45,96;-1;DOWN
2025-11-17T03:30;2025-11-17T03:45;15;EUR;MWh;NO;NO;;28,57;28,57;28,57;-1;DOWN
2025-11-17T03:45;2025-11-17T04:00;16;EUR;MWh;NO;NO;;51,32;51,32;51,32;-1;DOWN
2025-11-17T04:00;2025-11-17T04:15;17;EUR;MWh;NO;NO;81;57,42;81;56,23;2;UP_AND_DOWN
2025-11-17T04:15;2025-11-17T04:30;18;EUR;MWh;NO;NO;115,99;-29,79;115,99;-29,79;2;UP_AND_DOWN
2025-11-17T04:30;2025-11-17T04:45;19;EUR;MWh;NO;NO;119,79;-24,9;119,79;-24,9;2;UP_AND_DOWN
2025-11-17T04:45;2025-11-17T05:00;20;EUR;MWh;NO;NO;106;;106;106;1;UP
2025-11-17T05:00;2025-11-17T05:15;21;EUR;MWh;NO;NO;111,76;;111,76;111,76;1;UP
2025-11-17T05:15;2025-11-17T05:30;22;EUR;MWh;NO;NO;99,9;;99,9;99,9;1;UP
2025-11-17T05:30;2025-11-17T05:45;23;EUR;MWh;NO;NO;76;71;76;56;2;UP_AND_DOWN
2025-11-17T05:45;2025-11-17T06:00;24;EUR;MWh;NO;NO;109;;109;109;1;UP
2025-11-17T06:00;2025-11-17T06:15;25;EUR;MWh;NO;NO;125;;125;125;1;UP
2025-11-17T06:15;2025-11-17T06:30;26;EUR;MWh;NO;NO;120,1;;120,1;120,1;1;UP
2025-11-17T06:30;2025-11-17T06:45;27;EUR;MWh;NO;NO;120,1;;120,1;120,1;1;UP
2025-11-17T06:45;2025-11-17T07:00;28;EUR;MWh;NO;NO;99,9;-24,27;-24,27;-24,27;-1;DOWN
2025-11-17T07:00;2025-11-17T07:15;29;EUR;MWh;NO;NO;;48,57;48,57;48,57;-1;DOWN
2025-11-17T07:15;2025-11-17T07:30;30;EUR;MWh;NO;NO;;48,57;48,57;48,57;-1;DOWN
2025-11-17T07:30;2025-11-17T07:45;31;EUR;MWh;NO;NO;;26,13;26,13;26,13;-1;DOWN
2025-11-17T07:45;2025-11-17T08:00;32;EUR;MWh;NO;NO;;66;66;66;-1;DOWN
2025-11-17T08:00;2025-11-17T08:15;33;EUR;MWh;NO;NO;;51,85;51,85;51,85;-1;DOWN
2025-11-17T08:15;2025-11-17T08:30;34;EUR;MWh;NO;NO;41;72;72;72;-1;DOWN
2025-11-17T08:30;2025-11-17T08:45;35;EUR;MWh;NO;NO;87,65;64,85;87,65;60,5;2;UP_AND_DOWN
2025-11-17T08:45;2025-11-17T09:00;36;EUR;MWh;NO;NO;166;72;166;60,5;2;UP_AND_DOWN
2025-11-17T09:00;2025-11-17T09:15;37;EUR;MWh;NO;NO;800;81;800;800;1;UP
2025-11-17T09:15;2025-11-17T09:30;38;EUR;MWh;NO;NO;140;;140;140;1;UP
2025-11-17T09:30;2025-11-17T09:45;39;EUR;MWh;NO;NO;120,1;;120,1;120,1;1;UP
2025-11-17T09:45;2025-11-17T10:00;40;EUR;MWh;NO;NO;140;81;140;60,5;2;UP_AND_DOWN
2025-11-17T10:00;2025-11-17T10:15;41;EUR;MWh;NO;NO;;75;75;75;-1;DOWN
2025-11-17T10:15;2025-11-17T10:30;42;EUR;MWh;NO;NO;88,46;72,47;88,46;60,5;2;UP_AND_DOWN
2025-11-17T10:30;2025-11-17T10:45;43;EUR;MWh;NO;NO;41;67,7;67,7;67,7;-1;DOWN
2025-11-17T10:45;2025-11-17T11:00;44;EUR;MWh;NO;NO;;-19,1;-19,1;-19,1;-1;DOWN
2025-11-17T11:00;2025-11-17T11:15;45;EUR;MWh;NO;NO;40;-29,9;-29,9;-29,9;-1;DOWN
2025-11-17T11:15;2025-11-17T11:30;46;EUR;MWh;NO;NO;;28,57;28,57;28,57;-1;DOWN
2025-11-17T11:30;2025-11-17T11:45;47;EUR;MWh;NO;NO;;-4;-4;-4;-1;DOWN
2025-11-17T11:45;2025-11-17T12:00;48;EUR;MWh;NO;NO;;-29,9;-29,9;-29,9;-1;DOWN
2025-11-17T12:00;2025-11-17T12:15;49;EUR;MWh;NO;NO;80,75;62;80,75;61;2;UP_AND_DOWN
2025-11-17T12:15;2025-11-17T12:30;50;EUR;MWh;NO;NO;120,1;75;120,1;61;2;UP_AND_DOWN
2025-11-17T12:30;2025-11-17T12:45;51;EUR;MWh;NO;NO;;70,95;70,95;70,95;-1;DOWN
2025-11-17T12:45;2025-11-17T13:00;52;EUR;MWh;NO;NO;;52;52;52;-1;DOWN
2025-11-17T13:00;2025-11-17T13:15;53;EUR;MWh;NO;NO;166;75;166;166;1;UP
2025-11-17T13:15;2025-11-17T13:30;54;EUR;MWh;NO;NO;166;75;75;75;-1;DOWN
2025-11-17T13:30;2025-11-17T13:45;55;EUR;MWh;NO;NO;107,8;75;107,8;61;2;UP_AND_DOWN
2025-11-17T13:45;2025-11-17T14:00;56;EUR;MWh;NO;NO;120,1;;120,1;120,1;1;UP
2025-11-17T14:00;2025-11-17T14:15;57;EUR;MWh;NO;NO;120,1;80,01;120,1;69,78;2;UP_AND_DOWN
2025-11-17T14:15;2025-11-17T14:30;58;EUR;MWh;NO;NO;139,9;;139,9;139,9;1;UP
2025-11-17T14:30;2025-11-17T14:45;59;EUR;MWh;NO;NO;120,1;;120,1;120,1;1;UP
2025-11-17T14:45;2025-11-17T15:00;60;EUR;MWh;NO;NO;120,1;88;120,1;120,1;1;UP
2025-11-17T15:00;2025-11-17T15:15;61;EUR;MWh;NO;NO;41;38,57;38,57;38,57;-1;DOWN
2025-11-17T15:15;2025-11-17T15:30;62;EUR;MWh;NO;NO;140;38,57;140;140;1;UP
2025-11-17T15:30;2025-11-17T15:45;63;EUR;MWh;NO;NO;166;;166;166;1;UP
2025-11-17T15:45;2025-11-17T16:00;64;EUR;MWh;NO;NO;188;;188;188;1;UP
2025-11-17T16:00;2025-11-17T16:15;65;EUR;MWh;NO;NO;120,1;;120,1;120,1;1;UP
2025-11-17T16:15;2025-11-17T16:30;66;EUR;MWh;NO;NO;117,49;76,62;117,49;67,5;2;UP_AND_DOWN
2025-11-17T16:30;2025-11-17T16:45;67;EUR;MWh;NO;NO;;62,07;62,07;62,07;-1;DOWN
2025-11-17T16:45;2025-11-17T17:00;68;EUR;MWh;NO;NO;;34,21;34,21;34,21;-1;DOWN
2025-11-17T17:00;2025-11-17T17:15;69;EUR;MWh;NO;NO;41;28,57;66,5;28,57;2;UP_AND_DOWN
2025-11-17T17:15;2025-11-17T17:30;70;EUR;MWh;NO;NO;120,1;89;120,1;120,1;1;UP
2025-11-17T17:30;2025-11-17T17:45;71;EUR;MWh;NO;NO;58,56;60,19;62;60,19;2;UP_AND_DOWN
2025-11-17T17:45;2025-11-17T18:00;72;EUR;MWh;NO;NO;120,1;76,72;120,1;61;2;UP_AND_DOWN
2025-11-17T18:00;2025-11-17T18:15;73;EUR;MWh;NO;NO;154,6;;154,6;154,6;1;UP
2025-11-17T18:15;2025-11-17T18:30;74;EUR;MWh;NO;NO;120,1;;120,1;120,1;1;UP
2025-11-17T18:30;2025-11-17T18:45;75;EUR;MWh;NO;NO;154,6;;154,6;154,6;1;UP
2025-11-17T18:45;2025-11-17T19:00;76;EUR;MWh;NO;NO;154,6;;154,6;154,6;1;UP
2025-11-17T19:00;2025-11-17T19:15;77;EUR;MWh;NO;NO;188;;188;188;1;UP
2025-11-17T19:15;2025-11-17T19:30;78;EUR;MWh;NO;NO;166;;166;166;1;UP
2025-11-17T19:30;2025-11-17T19:45;79;EUR;MWh;NO;NO;188;;188;188;1;UP
2025-11-17T19:45;2025-11-17T20:00;80;EUR;MWh;NO;NO;120,1;;120,1;120,1;1;UP
2025-11-17T20:00;2025-11-17T20:15;81;EUR;MWh;NO;NO;119,89;80,82;121,49;80,82;2;UP_AND_DOWN
2025-11-17T20:15;2025-11-17T20:30;82;EUR;MWh;NO;NO;119,09;85;167,68;85;2;UP_AND_DOWN
2025-11-17T20:30;2025-11-17T20:45;83;EUR;MWh;NO;NO;41;67,64;92,19;67,64;2;UP_AND_DOWN
2025-11-17T20:45;2025-11-17T21:00;84;EUR;MWh;NO;NO;;75,16;75,16;75,16;-1;DOWN
2025-11-17T21:00;2025-11-17T21:15;85;EUR;MWh;NO;NO;68,56;68,02;68,56;68;2;UP_AND_DOWN
2025-11-17T21:15;2025-11-17T21:30;86;EUR;MWh;NO;NO;93,85;75,16;93,85;68;2;UP_AND_DOWN
2025-11-17T21:30;2025-11-17T21:45;87;EUR;MWh;NO;NO;41;72,03;67,5;67,5;2;UP_AND_DOWN
2025-11-17T21:45;2025-11-17T22:00;88;EUR;MWh;NO;NO;;73,72;73,72;73,72;-1;DOWN
2025-11-17T22:00;2025-11-17T22:15;89;EUR;MWh;NO;NO;119,79;76,49;119,79;64,5;2;UP_AND_DOWN
2025-11-17T22:15;2025-11-17T22:30;90;EUR;MWh;NO;NO;119,79;70,48;70,48;70,48;-1;DOWN
2025-11-17T22:30;2025-11-17T22:45;91;EUR;MWh;NO;NO;;66,29;66,29;66,29;-1;DOWN
2025-11-17T22:45;2025-11-17T23:00;92;EUR;MWh;NO;NO;;-19;-19;-19;-1;DOWN
2025-11-17T23:00;2025-11-17T23:15;93;EUR;MWh;NO;NO;120,1;-22,2;120,1;-22,2;2;UP_AND_DOWN
2025-11-17T23:15;2025-11-17T23:30;94;EUR;MWh;NO;NO;107,06;59,32;59,32;59,32;-1;DOWN
2025-11-17T23:30;2025-11-17T23:45;95;EUR;MWh;NO;NO;;38,57;38,57;38,57;-1;DOWN
2025-11-17T23:45;2025-11-18T00:00;96;EUR;MWh;NO;NO;89,69;-22,08;89,69;-22,08;2;UP_AND_DOWN
2025-11-18T00:00;2025-11-18T00:15;1;EUR;MWh;NO;NO;119,5;-22,08;119,5;119,5;1;UP
2025-11-18T00:15;2025-11-18T00:30;2;EUR;MWh;NO;NO;166;;166;166;1;UP
2025-11-18T00:30;2025-11-18T00:45;3;EUR;MWh;NO;NO;156,6;;156,6;156,6;1;UP
2025-11-18T00:45;2025-11-18T01:00;4;EUR;MWh;NO;NO;140;;140;140;1;UP
2025-11-18T01:00;2025-11-18T01:15;5;EUR;MWh;NO;NO;68,56;;68,56;68,56;1;UP
2025-11-18T01:15;2025-11-18T01:30;6;EUR;MWh;NO;NO;86,13;;86,13;86,13;1;UP
2025-11-18T01:30;2025-11-18T01:45;7;EUR;MWh;NO;NO;141,23;;141,23;141,23;1;UP
2025-11-18T01:45;2025-11-18T02:00;8;EUR;MWh;NO;NO;119,5;76,24;119,5;119,5;1;UP
2025-11-18T02:00;2025-11-18T02:15;9;EUR;MWh;NO;NO;96,19;64,47;96,19;61,79;2;UP_AND_DOWN
2025-11-18T02:15;2025-11-18T02:30;10;EUR;MWh;NO;NO;58,56;77;61,53;61,53;2;UP_AND_DOWN
2025-11-18T02:30;2025-11-18T02:45;11;EUR;MWh;NO;NO;;51,18;51,18;51,18;-1;DOWN
2025-11-18T02:45;2025-11-18T03:00;12;EUR;MWh;NO;NO;76,82;56,66;76,82;56,66;2;UP_AND_DOWN
2025-11-18T03:00;2025-11-18T03:15;13;EUR;MWh;NO;NO;156,6;;156,6;156,6;1;UP
2025-11-18T03:15;2025-11-18T03:30;14;EUR;MWh;NO;NO;126,09;73;73;73;-1;DOWN
2025-11-18T03:30;2025-11-18T03:45;15;EUR;MWh;NO;NO;126,09;68,85;68,85;68,85;-1;DOWN
2025-11-18T03:45;2025-11-18T04:00;16;EUR;MWh;NO;NO;116,09;;116,09;116,09;1;UP
2025-11-18T04:00;2025-11-18T04:15;17;EUR;MWh;NO;NO;106,09;;106,09;106,09;1;UP
2025-11-18T04:15;2025-11-18T04:30;18;EUR;MWh;NO;NO;116,09;;116,09;116,09;1;UP
2025-11-18T04:30;2025-11-18T04:45;19;EUR;MWh;NO;NO;78,26;78;78,26;78,26;1;UP
2025-11-18T04:45;2025-11-18T05:00;20;EUR;MWh;NO;NO;96,09;51,47;96,09;51,47;2;UP_AND_DOWN
2025-11-18T05:00;2025-11-18T05:15;21;EUR;MWh;NO;NO;;-29,4;-29,4;-29,4;-1;DOWN
2025-11-18T05:15;2025-11-18T05:30;22;EUR;MWh;NO;NO;42;51,11;51,11;51,11;-1;DOWN
2025-11-18T05:30;2025-11-18T05:45;23;EUR;MWh;NO;NO;122,41;61,05;122,41;61,05;2;UP_AND_DOWN
2025-11-18T05:45;2025-11-18T06:00;24;EUR;MWh;NO;NO;109;51,92;109;51,92;2;UP_AND_DOWN
2025-11-18T06:00;2025-11-18T06:15;25;EUR;MWh;NO;NO;119,5;20,42;119,5;20,42;2;UP_AND_DOWN
2025-11-18T06:15;2025-11-18T06:30;26;EUR;MWh;NO;NO;98,92;66,65;98,92;66,65;2;UP_AND_DOWN
2025-11-18T06:30;2025-11-18T06:45;27;EUR;MWh;NO;NO;85;55,65;85;55,65;2;UP_AND_DOWN
2025-11-18T06:45;2025-11-18T07:00;28;EUR;MWh;NO;NO;109,81;74,46;109,81;109,81;1;UP
2025-11-18T07:00;2025-11-18T07:15;29;EUR;MWh;NO;NO;119,5;70,78;119,5;63,98;2;UP_AND_DOWN
2025-11-18T07:15;2025-11-18T07:30;30;EUR;MWh;NO;NO;109;65,65;109;62;2;UP_AND_DOWN
2025-11-18T07:30;2025-11-18T07:45;31;EUR;MWh;NO;NO;119,5;65,17;119,5;62;2;UP_AND_DOWN
2025-11-18T07:45;2025-11-18T08:00;32;EUR;MWh;NO;NO;119,5;78,07;119,5;65,03;2;UP_AND_DOWN
2025-11-18T08:00;2025-11-18T08:15;33;EUR;MWh;NO;NO;119,5;54,03;54,03;54,03;-1;DOWN
2025-11-18T08:15;2025-11-18T08:30;34;EUR;MWh;NO;NO;;54,03;54,03;54,03;-1;DOWN
2025-11-18T08:30;2025-11-18T08:45;35;EUR;MWh;NO;NO;;59,57;59,57;59,57;-1;DOWN
2025-11-18T08:45;2025-11-18T09:00;36;EUR;MWh;NO;NO;;66,44;66,44;66,44;-1;DOWN
2025-11-18T09:00;2025-11-18T09:15;37;EUR;MWh;NO;NO;119,5;67,53;119,5;61;2;UP_AND_DOWN
2025-11-18T09:15;2025-11-18T09:30;38;EUR;MWh;NO;NO;118,49;71,44;118,49;61;2;UP_AND_DOWN
2025-11-18T09:30;2025-11-18T09:45;39;EUR;MWh;NO;NO;83,33;70,98;83,33;61;2;UP_AND_DOWN
2025-11-18T09:45;2025-11-18T10:00;40;EUR;MWh;NO;NO;;73,46;73,46;73,46;-1;DOWN
2025-11-18T10:00;2025-11-18T10:15;41;EUR;MWh;NO;NO;106;67,19;106;61;2;UP_AND_DOWN
2025-11-18T10:15;2025-11-18T10:30;42;EUR;MWh;NO;NO;78,46;74,83;74,83;74,83;-1;DOWN
2025-11-18T10:30;2025-11-18T10:45;43;EUR;MWh;NO;NO;94;74,83;94;94;1;UP
2025-11-18T10:45;2025-11-18T11:00;44;EUR;MWh;NO;NO;68,56;73,56;68,56;61;2;UP_AND_DOWN
2025-11-18T11:00;2025-11-18T11:15;45;EUR;MWh;NO;NO;;59,57;59,57;59,57;-1;DOWN
2025-11-18T11:15;2025-11-18T11:30;46;EUR;MWh;NO;NO;99;69;99;61;2;UP_AND_DOWN
2025-11-18T11:30;2025-11-18T11:45;47;EUR;MWh;NO;NO;92,42;;92,42;92,42;1;UP
2025-11-18T11:45;2025-11-18T12:00;48;EUR;MWh;NO;NO;119,5;;119,5;119,5;1;UP
2025-11-18T12:00;2025-11-18T12:15;49;EUR;MWh;NO;NO;119,5;82;119,5;119,5;1;UP
2025-11-18T12:15;2025-11-18T12:30;50;EUR;MWh;NO;NO;100,42;72,65;72,65;72,65;-1;DOWN
2025-11-18T12:30;2025-11-18T12:45;51;EUR;MWh;NO;NO;;71;71;71;-1;DOWN
2025-11-18T12:45;2025-11-18T13:00;52;EUR;MWh;NO;NO;;42;42;42;-1;DOWN
2025-11-18T13:00;2025-11-18T13:15;53;EUR;MWh;NO;NO;115,2;42,3;115,2;42,3;2;UP_AND_DOWN
2025-11-18T13:15;2025-11-18T13:30;54;EUR;MWh;NO;NO;;63,06;63,06;63,06;-1;DOWN
2025-11-18T13:30;2025-11-18T13:45;55;EUR;MWh;NO;NO;106;73;106;66,45;2;UP_AND_DOWN
2025-11-18T13:45;2025-11-18T14:00;56;EUR;MWh;NO;NO;119,5;;119,5;119,5;1;UP
2025-11-18T14:00;2025-11-18T14:15;57;EUR;MWh;NO;NO;119,5;;119,5;119,5;1;UP
2025-11-18T14:15;2025-11-18T14:30;58;EUR;MWh;NO;NO;119,5;;119,5;119,5;1;UP
2025-11-18T14:30;2025-11-18T14:45;59;EUR;MWh;NO;NO;119,5;63;119,5;61;2;UP_AND_DOWN
2025-11-18T14:45;2025-11-18T15:00;60;EUR;MWh;NO;NO;105,9;71;105,9;61;2;UP_AND_DOWN
2025-11-18T15:00;2025-11-18T15:15;61;EUR;MWh;NO;NO;132,19;81;132,19;132,19;1;UP
2025-11-18T15:15;2025-11-18T15:30;62;EUR;MWh;NO;NO;156,6;;156,6;156,6;1;UP
2025-11-18T15:30;2025-11-18T15:45;63;EUR;MWh;NO;NO;140;78;78;78;-1;DOWN
2025-11-18T15:45;2025-11-18T16:00;64;EUR;MWh;NO;NO;;67,3;67,3;67,3;-1;DOWN
2025-11-18T16:00;2025-11-18T16:15;65;EUR;MWh;NO;NO;;10,6;10,6;10,6;-1;DOWN
2025-11-18T16:15;2025-11-18T16:30;66;EUR;MWh;NO;NO;;60,63;60,63;60,63;-1;DOWN
2025-11-18T16:30;2025-11-18T16:45;67;EUR;MWh;NO;NO;;33,2;33,2;33,2;-1;DOWN
2025-11-18T16:45;2025-11-18T17:00;68;EUR;MWh;NO;NO;;51;51;51;-1;DOWN
2025-11-18T17:00;2025-11-18T17:15;69;EUR;MWh;NO;NO;140;75;140;140;1;UP
2025-11-18T17:15;2025-11-18T17:30;70;EUR;MWh;NO;NO;156,6;;156,6;156,6;1;UP
2025-11-18T17:30;2025-11-18T17:45;71;EUR;MWh;NO;NO;141,1;80,01;141,1;141,1;1;UP
2025-11-18T17:45;2025-11-18T18:00;72;EUR;MWh;NO;NO;76;75,3;76;75,27;2;UP_AND_DOWN
2025-11-18T18:00;2025-11-18T18:15;73;EUR;MWh;NO;NO;;61,53;61,53;61,53;-1;DOWN
2025-11-18T18:15;2025-11-18T18:30;74;EUR;MWh;NO;NO;42;75;75;75;-1;DOWN
2025-11-18T18:30;2025-11-18T18:45;75;EUR;MWh;NO;NO;106,24;;106,24;106,24;1;UP
2025-11-18T18:45;2025-11-18T19:00;76;EUR;MWh;NO;NO;119,5;77,96;119,5;67,06;2;UP_AND_DOWN
2025-11-18T19:00;2025-11-18T19:15;77;EUR;MWh;NO;NO;119,5;75;119,5;62,91;2;UP_AND_DOWN
2025-11-18T19:15;2025-11-18T19:30;78;EUR;MWh;NO;NO;119,5;75;119,5;63,48;2;UP_AND_DOWN
2025-11-18T19:30;2025-11-18T19:45;79;EUR;MWh;NO;NO;119,5;67,3;119,5;64,54;2;UP_AND_DOWN
2025-11-18T19:45;2025-11-18T20:00;80;EUR;MWh;NO;NO;119,5;68,86;68,86;68,86;-1;DOWN
2025-11-18T20:00;2025-11-18T20:15;81;EUR;MWh;NO;NO;42;72,03;65;65;2;UP_AND_DOWN
2025-11-18T20:15;2025-11-18T20:30;82;EUR;MWh;NO;NO;91,32;75;91,32;66;2;UP_AND_DOWN
2025-11-18T20:30;2025-11-18T20:45;83;EUR;MWh;NO;NO;107,9;75;107,9;64;2;UP_AND_DOWN
2025-11-18T20:45;2025-11-18T21:00;84;EUR;MWh;NO;NO;78,56;53,56;78,56;53,56;2;UP_AND_DOWN
2025-11-18T21:00;2025-11-18T21:15;85;EUR;MWh;NO;NO;99;49;99;49;2;UP_AND_DOWN
2025-11-18T21:15;2025-11-18T21:30;86;EUR;MWh;NO;NO;92,09;;92,09;92,09;1;UP
2025-11-18T21:30;2025-11-18T21:45;87;EUR;MWh;NO;NO;42;77;77;77;-1;DOWN
2025-11-18T21:45;2025-11-18T22:00;88;EUR;MWh;NO;NO;91,42;58,37;91,42;58,37;2;UP_AND_DOWN
2025-11-18T22:00;2025-11-18T22:15;89;EUR;MWh;NO;NO;119,5;69,69;119,5;62;2;UP_AND_DOWN
2025-11-18T22:15;2025-11-18T22:30;90;EUR;MWh;NO;NO;93,32;72,66;93,32;62;2;UP_AND_DOWN
2025-11-18T22:30;2025-11-18T22:45;91;EUR;MWh;NO;NO;42;51,47;62,31;51,47;2;UP_AND_DOWN
2025-11-18T22:45;2025-11-18T23:00;92;EUR;MWh;NO;NO;;51,43;51,43;51,43;-1;DOWN
2025-11-18T23:00;2025-11-18T23:15;93;EUR;MWh;NO;NO;109;72,3;109;62;2;UP_AND_DOWN
2025-11-18T23:15;2025-11-18T23:30;94;EUR;MWh;NO;NO;;52,3;52,3;52,3;-1;DOWN
2025-11-18T23:30;2025-11-18T23:45;95;EUR;MWh;NO;NO;;36,01;36,01;36,01;-1;DOWN
2025-11-18T23:45;2025-11-19T00:00;96;EUR;MWh;NO;NO;;42,3;42,3;42,3;-1;DOWN
2025-11-19T00:00;2025-11-19T00:15;1;EUR;MWh;NO;NO;120,9;15,24;120,9;15,24;2;UP_AND_DOWN
2025-11-19T00:15;2025-11-19T00:30;2;EUR;MWh;NO;NO;82;32,58;32,58;32,58;-1;DOWN
2025-11-19T00:30;2025-11-19T00:45;3;EUR;MWh;NO;NO;;46,67;46,67;46,67;-1;DOWN
2025-11-19T00:45;2025-11-19T01:00;4;EUR;MWh;NO;NO;;25,66;25,66;25,66;-1;DOWN
2025-11-19T01:00;2025-11-19T01:15;5;EUR;MWh;NO;NO;;16;16;16;-1;DOWN
2025-11-19T01:15;2025-11-19T01:30;6;EUR;MWh;NO;NO;;44;44;44;-1;DOWN
2025-11-19T01:30;2025-11-19T01:45;7;EUR;MWh;NO;NO;;44;44;44;-1;DOWN
2025-11-19T01:45;2025-11-19T02:00;8;EUR;MWh;NO;NO;;48,01;48,01;48,01;-1;DOWN
2025-11-19T02:00;2025-11-19T02:15;9;EUR;MWh;NO;NO;75;62,02;75;62,02;2;UP_AND_DOWN
2025-11-19T02:15;2025-11-19T02:30;10;EUR;MWh;NO;NO;83,28;82,83;83,28;83,28;1;UP
2025-11-19T02:30;2025-11-19T02:45;11;EUR;MWh;NO;NO;;76,62;76,62;76,62;-1;DOWN
2025-11-19T02:45;2025-11-19T03:00;12;EUR;MWh;NO;NO;42;75,93;75,93;75,93;-1;DOWN
2025-11-19T03:00;2025-11-19T03:15;13;EUR;MWh;NO;NO;42;;62;62;0;STABLE
2025-11-19T03:15;2025-11-19T03:30;14;EUR;MWh;NO;NO;42;;62;62;0;STABLE
2025-11-19T03:30;2025-11-19T03:45;15;EUR;MWh;NO;NO;75;;75;75;1;UP
2025-11-19T03:45;2025-11-19T04:00;16;EUR;MWh;NO;NO;83,28;;83,28;83,28;1;UP
2025-11-19T04:00;2025-11-19T04:15;17;EUR;MWh;NO;NO;75;75,07;75;62;2;UP_AND_DOWN
2025-11-19T04:15;2025-11-19T04:30;18;EUR;MWh;NO;NO;75;;75;75;1;UP
2025-11-19T04:30;2025-11-19T04:45;19;EUR;MWh;NO;NO;75;82;75;75;1;UP
2025-11-19T04:45;2025-11-19T05:00;20;EUR;MWh;NO;NO;75;76,32;75;75;1;UP
2025-11-19T05:00;2025-11-19T05:15;21;EUR;MWh;NO;NO;105,9;;105,9;105,9;1;UP
2025-11-19T05:15;2025-11-19T05:30;22;EUR;MWh;NO;NO;83,18;77,36;83,18;62;2;UP_AND_DOWN
2025-11-19T05:30;2025-11-19T05:45;23;EUR;MWh;NO;NO;111,98;82;111,98;62;2;UP_AND_DOWN
2025-11-19T05:45;2025-11-19T06:00;24;EUR;MWh;NO;NO;109;;109;109;1;UP
2025-11-19T06:00;2025-11-19T06:15;25;EUR;MWh;NO;NO;131,16;62,02;131,16;62,02;2;UP_AND_DOWN
2025-11-19T06:15;2025-11-19T06:30;26;EUR;MWh;NO;NO;140;58;140;58;2;UP_AND_DOWN
2025-11-19T06:30;2025-11-19T06:45;27;EUR;MWh;NO;NO;120,9;80;120,9;120,9;1;UP
2025-11-19T06:45;2025-11-19T07:00;28;EUR;MWh;NO;NO;120,9;;120,9;120,9;1;UP
2025-11-19T07:00;2025-11-19T07:15;29;EUR;MWh;NO;NO;138,99;82;138,99;78,84;2;UP_AND_DOWN
2025-11-19T07:15;2025-11-19T07:30;30;EUR;MWh;NO;NO;165;;165;165;1;UP
2025-11-19T07:30;2025-11-19T07:45;31;EUR;MWh;NO;NO;158,2;;158,2;158,2;1;UP
2025-11-19T07:45;2025-11-19T08:00;32;EUR;MWh;NO;NO;149,9;;149,9;149,9;1;UP
2025-11-19T08:00;2025-11-19T08:15;33;EUR;MWh;NO;NO;140;84;84;84;-1;DOWN
2025-11-19T08:15;2025-11-19T08:30;34;EUR;MWh;NO;NO;;;66,95;66,95;0;STABLE
2025-11-19T08:30;2025-11-19T08:45;35;EUR;MWh;NO;NO;114,8;79,52;114,8;62,65;2;UP_AND_DOWN
2025-11-19T08:45;2025-11-19T09:00;36;EUR;MWh;NO;NO;;80;80;80;-1;DOWN
2025-11-19T09:00;2025-11-19T09:15;37;EUR;MWh;NO;NO;;76,02;76,02;76,02;-1;DOWN
2025-11-19T09:15;2025-11-19T09:30;38;EUR;MWh;NO;NO;;76,12;76,12;76,12;-1;DOWN
2025-11-19T09:30;2025-11-19T09:45;39;EUR;MWh;NO;NO;120,9;76,12;120,9;70;2;UP_AND_DOWN
2025-11-19T09:45;2025-11-19T10:00;40;EUR;MWh;NO;NO;135;80,52;135;70;2;UP_AND_DOWN
2025-11-19T10:00;2025-11-19T10:15;41;EUR;MWh;NO;NO;140;;140;140;1;UP
2025-11-19T10:15;2025-11-19T10:30;42;EUR;MWh;NO;NO;158,4;;158,4;158,4;1;UP
2025-11-19T10:30;2025-11-19T10:45;43;EUR;MWh;NO;NO;158,4;;158,4;158,4;1;UP
2025-11-19T10:45;2025-11-19T11:00;44;EUR;MWh;NO;NO;156,72;;156,72;156,72;1;UP
2025-11-19T11:00;2025-11-19T11:15;45;EUR;MWh;NO;NO;135;;135;135;1;UP
2025-11-19T11:15;2025-11-19T11:30;46;EUR;MWh;NO;NO;140;;140;140;1;UP
2025-11-19T11:30;2025-11-19T11:45;47;EUR;MWh;NO;NO;165;;165;165;1;UP
2025-11-19T11:45;2025-11-19T12:00;48;EUR;MWh;NO;NO;169,82;;169,82;169,82;1;UP
2025-11-19T12:00;2025-11-19T12:15;49;EUR;MWh;NO;NO;120,9;92;120,9;120,9;1;UP
2025-11-19T12:15;2025-11-19T12:30;50;EUR;MWh;NO;NO;140;;140;140;1;UP
2025-11-19T12:30;2025-11-19T12:45;51;EUR;MWh;NO;NO;135;;135;135;1;UP
2025-11-19T12:45;2025-11-19T13:00;52;EUR;MWh;NO;NO;78,21;61,02;78,21;61,02;2;UP_AND_DOWN
2025-11-19T13:00;2025-11-19T13:15;53;EUR;MWh;NO;NO;140;58,82;140;58,82;2;UP_AND_DOWN
2025-11-19T13:15;2025-11-19T13:30;54;EUR;MWh;NO;NO;145,39;;145,39;145,39;1;UP
2025-11-19T13:30;2025-11-19T13:45;55;EUR;MWh;NO;NO;150,1;;150,1;150,1;1;UP
2025-11-19T13:45;2025-11-19T14:00;56;EUR;MWh;NO;NO;158,4;;158,4;158,4;1;UP
2025-11-19T14:00;2025-11-19T14:15;57;EUR;MWh;NO;NO;205;;205;205;1;UP
2025-11-19T14:15;2025-11-19T14:30;58;EUR;MWh;NO;NO;266;;266;266;1;UP
2025-11-19T14:30;2025-11-19T14:45;59;EUR;MWh;NO;NO;266;;266;266;1;UP
2025-11-19T14:45;2025-11-19T15:00;60;EUR;MWh;NO;NO;195;;195;195;1;UP
2025-11-19T15:00;2025-11-19T15:15;61;EUR;MWh;NO;NO;175;;175;175;1;UP
2025-11-19T15:15;2025-11-19T15:30;62;EUR;MWh;NO;NO;158,4;;158,4;158,4;1;UP
2025-11-19T15:30;2025-11-19T15:45;63;EUR;MWh;NO;NO;164,9;;164,9;164,9;1;UP
2025-11-19T15:45;2025-11-19T16:00;64;EUR;MWh;NO;NO;140;;140;140;1;UP
2025-11-19T16:00;2025-11-19T16:15;65;EUR;MWh;NO;NO;158,4;;158,4;158,4;1;UP
2025-11-19T16:15;2025-11-19T16:30;66;EUR;MWh;NO;NO;165;;165;165;1;UP
2025-11-19T16:30;2025-11-19T16:45;67;EUR;MWh;NO;NO;200;;200;200;1;UP
2025-11-19T16:45;2025-11-19T17:00;68;EUR;MWh;NO;NO;176;;176;176;1;UP
2025-11-19T17:00;2025-11-19T17:15;69;EUR;MWh;NO;NO;165;80;165;68,5;2;UP_AND_DOWN
2025-11-19T17:15;2025-11-19T17:30;70;EUR;MWh;NO;NO;117,7;82;117,7;68,5;2;UP_AND_DOWN
2025-11-19T17:30;2025-11-19T17:45;71;EUR;MWh;NO;NO;120,9;82;120,9;68,5;2;UP_AND_DOWN
2025-11-19T17:45;2025-11-19T18:00;72;EUR;MWh;NO;NO;120,74;82;120,74;120,74;1;UP
2025-11-19T18:00;2025-11-19T18:15;73;EUR;MWh;NO;NO;120,9;76,62;120,9;72,03;2;UP_AND_DOWN
2025-11-19T18:15;2025-11-19T18:30;74;EUR;MWh;NO;NO;;76,72;76,72;76,72;-1;DOWN
2025-11-19T18:30;2025-11-19T18:45;75;EUR;MWh;NO;NO;;69,73;69,73;69,73;-1;DOWN
2025-11-19T18:45;2025-11-19T19:00;76;EUR;MWh;NO;NO;;62,28;62,28;62,28;-1;DOWN
2025-11-19T19:00;2025-11-19T19:15;77;EUR;MWh;NO;NO;;69,38;69,38;69,38;-1;DOWN
2025-11-19T19:15;2025-11-19T19:30;78;EUR;MWh;NO;NO;;67,72;67,72;67,72;-1;DOWN
2025-11-19T19:30;2025-11-19T19:45;79;EUR;MWh;NO;NO;;62,38;62,38;62,38;-1;DOWN
2025-11-19T19:45;2025-11-19T20:00;80;EUR;MWh;NO;NO;;61,02;61,02;61,02;-1;DOWN
2025-11-19T20:00;2025-11-19T20:15;81;EUR;MWh;NO;NO;;56,28;56,28;56,28;-1;DOWN
2025-11-19T20:15;2025-11-19T20:30;82;EUR;MWh;NO;NO;;61,92;61,92;61,92;-1;DOWN
2025-11-19T20:30;2025-11-19T20:45;83;EUR;MWh;NO;NO;68,16;62,38;62,38;62,38;-1;DOWN
2025-11-19T20:45;2025-11-19T21:00;84;EUR;MWh;NO;NO;108,66;82;108,66;62,16;2;UP_AND_DOWN
2025-11-19T21:00;2025-11-19T21:15;85;EUR;MWh;NO;NO;92,18;71,75;92,18;62,16;2;UP_AND_DOWN
2025-11-19T21:15;2025-11-19T21:30;86;EUR;MWh;NO;NO;120,9;76,02;120,9;68,97;2;UP_AND_DOWN
2025-11-19T21:30;2025-11-19T21:45;87;EUR;MWh;NO;NO;109;67,72;109;62,4;2;UP_AND_DOWN
2025-11-19T21:45;2025-11-19T22:00;88;EUR;MWh;NO;NO;105,72;80;105,72;62,16;2;UP_AND_DOWN
2025-11-19T22:00;2025-11-19T22:15;89;EUR;MWh;NO;NO;165;;165;165;1;UP
2025-11-19T22:15;2025-11-19T22:30;90;EUR;MWh;NO;NO;399;;399;399;1;UP
2025-11-19T22:30;2025-11-19T22:45;91;EUR;MWh;NO;NO;500;;500;500;1;UP
2025-11-19T22:45;2025-11-19T23:00;92;EUR;MWh;NO;NO;200;61,02;200;61,02;2;UP_AND_DOWN
2025-11-19T23:00;2025-11-19T23:15;93;EUR;MWh;NO;NO;120,9;62,48;190,69;62,48;2;UP_AND_DOWN
2025-11-19T23:15;2025-11-19T23:30;94;EUR;MWh;NO;NO;76,82;80;91,28;80;2;UP_AND_DOWN
2025-11-19T23:30;2025-11-19T23:45;95;EUR;MWh;NO;NO;85,38;80;85,38;70;2;UP_AND_DOWN
2025-11-19T23:45;2025-11-20T00:00;96;EUR;MWh;NO;NO;68,16;80;80;80;-1;DOWN
2025-11-20T00:00;2025-11-20T00:15;1;EUR;MWh;NO;NO;82,28;74,98;82,28;46,5;2;UP_AND_DOWN
2025-11-20T00:15;2025-11-20T00:30;2;EUR;MWh;NO;NO;109,71;;109,71;109,71;1;UP
2025-11-20T00:30;2025-11-20T00:45;3;EUR;MWh;NO;NO;120,8;;120,8;120,8;1;UP
2025-11-20T00:45;2025-11-20T01:00;4;EUR;MWh;NO;NO;89,61;63,08;63,08;63,08;-1;DOWN
2025-11-20T01:00;2025-11-20T01:15;5;EUR;MWh;NO;NO;;65,88;65,88;65,88;-1;DOWN
2025-11-20T01:15;2025-11-20T01:30;6;EUR;MWh;NO;NO;;50;50;50;-1;DOWN
2025-11-20T01:30;2025-11-20T01:45;7;EUR;MWh;NO;NO;;55,87;55,87;55,87;-1;DOWN
2025-11-20T01:45;2025-11-20T02:00;8;EUR;MWh;NO;NO;;48,24;48,24;48,24;-1;DOWN
2025-11-20T02:00;2025-11-20T02:15;9;EUR;MWh;NO;NO;43;41,5;41,5;41,5;-1;DOWN
2025-11-20T02:15;2025-11-20T02:30;10;EUR;MWh;NO;NO;96,71;83;96,71;46,52;2;UP_AND_DOWN
2025-11-20T02:30;2025-11-20T02:45;11;EUR;MWh;NO;NO;96,71;63,08;63,08;63,08;-1;DOWN
2025-11-20T02:45;2025-11-20T03:00;12;EUR;MWh;NO;NO;;57,88;57,88;57,88;-1;DOWN
2025-11-20T03:00;2025-11-20T03:15;13;EUR;MWh;NO;NO;;55,57;55,57;55,57;-1;DOWN
2025-11-20T03:15;2025-11-20T03:30;14;EUR;MWh;NO;NO;104,51;;104,51;104,51;1;UP
2025-11-20T03:30;2025-11-20T03:45;15;EUR;MWh;NO;NO;105;;105;105;1;UP
2025-11-20T03:45;2025-11-20T04:00;16;EUR;MWh;NO;NO;74;;74;74;1;UP
2025-11-20T04:00;2025-11-20T04:15;17;EUR;MWh;NO;NO;88,52;;88,52;88,52;1;UP
2025-11-20T04:15;2025-11-20T04:30;18;EUR;MWh;NO;NO;105;;105;105;1;UP
2025-11-20T04:30;2025-11-20T04:45;19;EUR;MWh;NO;NO;105;;105;105;1;UP
2025-11-20T04:45;2025-11-20T05:00;20;EUR;MWh;NO;NO;88,52;83;88,52;49,5;2;UP_AND_DOWN
2025-11-20T05:00;2025-11-20T05:15;21;EUR;MWh;NO;NO;108;60,01;108;53,18;2;UP_AND_DOWN
2025-11-20T05:15;2025-11-20T05:30;22;EUR;MWh;NO;NO;109;80;109;53,45;2;UP_AND_DOWN
2025-11-20T05:30;2025-11-20T05:45;23;EUR;MWh;NO;NO;43;69,96;69,96;69,96;-1;DOWN
2025-11-20T05:45;2025-11-20T06:00;24;EUR;MWh;NO;NO;;35;35;35;-1;DOWN
2025-11-20T06:00;2025-11-20T06:15;25;EUR;MWh;NO;NO;89,61;41,11;41,11;41,11;-1;DOWN
2025-11-20T06:15;2025-11-20T06:30;26;EUR;MWh;NO;NO;89,51;56,12;89,51;56,12;2;UP_AND_DOWN
2025-11-20T06:30;2025-11-20T06:45;27;EUR;MWh;NO;NO;43;63,07;66;63,07;2;UP_AND_DOWN
2025-11-20T06:45;2025-11-20T07:00;28;EUR;MWh;NO;NO;43;58,7;58,7;58,7;-1;DOWN
2025-11-20T07:00;2025-11-20T07:15;29;EUR;MWh;NO;NO;120,8;61,09;120,8;61,09;2;UP_AND_DOWN
2025-11-20T07:15;2025-11-20T07:30;30;EUR;MWh;NO;NO;120,8;83;120,8;120,8;1;UP
2025-11-20T07:30;2025-11-20T07:45;31;EUR;MWh;NO;NO;120,8;;120,8;120,8;1;UP
2025-11-20T07:45;2025-11-20T08:00;32;EUR;MWh;NO;NO;140;;140;140;1;UP
2025-11-20T08:00;2025-11-20T08:15;33;EUR;MWh;NO;NO;158,4;;158,4;158,4;1;UP
2025-11-20T08:15;2025-11-20T08:30;34;EUR;MWh;NO;NO;120,8;;120,8;120,8;1;UP
2025-11-20T08:30;2025-11-20T08:45;35;EUR;MWh;NO;NO;129,71;;129,71;129,71;1;UP
2025-11-20T08:45;2025-11-20T09:00;36;EUR;MWh;NO;NO;129,71;75;75;75;-1;DOWN
2025-11-20T09:00;2025-11-20T09:15;37;EUR;MWh;NO;NO;;75,03;75,03;75,03;-1;DOWN
2025-11-20T09:15;2025-11-20T09:30;38;EUR;MWh;NO;NO;;72,03;72,03;72,03;-1;DOWN
2025-11-20T09:30;2025-11-20T09:45;39;EUR;MWh;NO;NO;;50;50;50;-1;DOWN
2025-11-20T09:45;2025-11-20T10:00;40;EUR;MWh;NO;NO;;68,22;68,22;68,22;-1;DOWN
2025-11-20T10:00;2025-11-20T10:15;41;EUR;MWh;NO;NO;120,8;61,08;120,8;61,08;2;UP_AND_DOWN
2025-11-20T10:15;2025-11-20T10:30;42;EUR;MWh;NO;NO;92,71;65;92,71;64,5;2;UP_AND_DOWN
2025-11-20T10:30;2025-11-20T10:45;43;EUR;MWh;NO;NO;104;70,99;104;64,5;2;UP_AND_DOWN
2025-11-20T10:45;2025-11-20T11:00;44;EUR;MWh;NO;NO;120,8;68,22;120,8;64,5;2;UP_AND_DOWN
2025-11-20T11:00;2025-11-20T11:15;45;EUR;MWh;NO;NO;97;83;97;97;1;UP
2025-11-20T11:15;2025-11-20T11:30;46;EUR;MWh;NO;NO;76,72;67,5;76,72;64,5;2;UP_AND_DOWN
2025-11-20T11:30;2025-11-20T11:45;47;EUR;MWh;NO;NO;;63,76;63,76;63,76;-1;DOWN
2025-11-20T11:45;2025-11-20T12:00;48;EUR;MWh;NO;NO;89,91;68,22;89,91;64,5;2;UP_AND_DOWN
2025-11-20T12:00;2025-11-20T12:15;49;EUR;MWh;NO;NO;110;83;110;110;1;UP
2025-11-20T12:15;2025-11-20T12:30;50;EUR;MWh;NO;NO;120,8;;120,8;120,8;1;UP
2025-11-20T12:30;2025-11-20T12:45;51;EUR;MWh;NO;NO;120,8;;120,8;120,8;1;UP
2025-11-20T12:45;2025-11-20T13:00;52;EUR;MWh;NO;NO;153,3;;153,3;153,3;1;UP
2025-11-20T13:00;2025-11-20T13:15;53;EUR;MWh;NO;NO;165;;165;165;1;UP
2025-11-20T13:15;2025-11-20T13:30;54;EUR;MWh;NO;NO;165;;165;165;1;UP
2025-11-20T13:30;2025-11-20T13:45;55;EUR;MWh;NO;NO;178;;178;178;1;UP
2025-11-20T13:45;2025-11-20T14:00;56;EUR;MWh;NO;NO;88,3;;88,3;88,3;1;UP
2025-11-20T14:00;2025-11-20T14:15;57;EUR;MWh;NO;NO;;83;61,5;61,5;0;STABLE
2025-11-20T14:15;2025-11-20T14:30;58;EUR;MWh;NO;NO;120,8;79,61;120,8;64,5;2;UP_AND_DOWN
2025-11-20T14:30;2025-11-20T14:45;59;EUR;MWh;NO;NO;140;74,48;140;64,5;2;UP_AND_DOWN
2025-11-20T14:45;2025-11-20T15:00;60;EUR;MWh;NO;NO;158,4;84;158,4;158,4;1;UP
2025-11-20T15:00;2025-11-20T15:15;61;EUR;MWh;NO;NO;120,8;72,03;120,8;64,5;2;UP_AND_DOWN
2025-11-20T15:15;2025-11-20T15:30;62;EUR;MWh;NO;NO;140;;140;140;1;UP
2025-11-20T15:30;2025-11-20T15:45;63;EUR;MWh;NO;NO;158,4;83;158,4;64,5;2;UP_AND_DOWN
2025-11-20T15:45;2025-11-20T16:00;64;EUR;MWh;NO;NO;165;;165;165;1;UP
2025-11-20T16:00;2025-11-20T16:15;65;EUR;MWh;NO;NO;158,4;;158,4;158,4;1;UP
2025-11-20T16:15;2025-11-20T16:30;66;EUR;MWh;NO;NO;165;;165;165;1;UP
2025-11-20T16:30;2025-11-20T16:45;67;EUR;MWh;NO;NO;120,8;91;120,8;69;2;UP_AND_DOWN
2025-11-20T16:45;2025-11-20T17:00;68;EUR;MWh;NO;NO;120,8;74,64;120,8;69;2;UP_AND_DOWN
2025-11-20T17:00;2025-11-20T17:15;69;EUR;MWh;NO;NO;110,45;76,62;110,45;69;2;UP_AND_DOWN
2025-11-20T17:15;2025-11-20T17:30;70;EUR;MWh;NO;NO;120,8;80,01;120,8;68;2;UP_AND_DOWN
2025-11-20T17:30;2025-11-20T17:45;71;EUR;MWh;NO;NO;120,8;93;120,8;120,8;1;UP
2025-11-20T17:45;2025-11-20T18:00;72;EUR;MWh;NO;NO;145,08;;145,08;145,08;1;UP
2025-11-20T18:00;2025-11-20T18:15;73;EUR;MWh;NO;NO;165;;165;165;1;UP
2025-11-20T18:15;2025-11-20T18:30;74;EUR;MWh;NO;NO;165,35;;165,35;165,35;1;UP
2025-11-20T18:30;2025-11-20T18:45;75;EUR;MWh;NO;NO;158,4;;158,4;158,4;1;UP
2025-11-20T18:45;2025-11-20T19:00;76;EUR;MWh;NO;NO;165;;165;165;1;UP
2025-11-20T19:00;2025-11-20T19:15;77;EUR;MWh;NO;NO;165;;165;165;1;UP
2025-11-20T19:15;2025-11-20T19:30;78;EUR;MWh;NO;NO;165;;165;165;1;UP
2025-11-20T19:30;2025-11-20T19:45;79;EUR;MWh;NO;NO;165,35;;165,35;165,35;1;UP
2025-11-20T19:45;2025-11-20T20:00;80;EUR;MWh;NO;NO;165,35;;165,35;165,35;1;UP
2025-11-20T20:00;2025-11-20T20:15;81;EUR;MWh;NO;NO;165;;165;165;1;UP
2025-11-20T20:15;2025-11-20T20:30;82;EUR;MWh;NO;NO;165,35;;165,35;165,35;1;UP
2025-11-20T20:30;2025-11-20T20:45;83;EUR;MWh;NO;NO;165,35;;165,35;165,35;1;UP
2025-11-20T20:45;2025-11-20T21:00;84;EUR;MWh;NO;NO;158,4;70;158,4;70;2;UP_AND_DOWN
2025-11-20T21:00;2025-11-20T21:15;85;EUR;MWh;NO;NO;43;78,88;80,29;78,88;2;UP_AND_DOWN
2025-11-20T21:15;2025-11-20T21:30;86;EUR;MWh;NO;NO;120,8;70,91;120,8;70,91;2;UP_AND_DOWN
2025-11-20T21:30;2025-11-20T21:45;87;EUR;MWh;NO;NO;43;76,18;69,29;69,29;2;UP_AND_DOWN
2025-11-20T21:45;2025-11-20T22:00;88;EUR;MWh;NO;NO;;54,11;54,11;54,11;-1;DOWN
2025-11-20T22:00;2025-11-20T22:15;89;EUR;MWh;NO;NO;125,35;-6,5;125,35;-6,5;2;UP_AND_DOWN
2025-11-20T22:15;2025-11-20T22:30;90;EUR;MWh;NO;NO;158,4;70,09;158,4;66,05;2;UP_AND_DOWN
2025-11-20T22:30;2025-11-20T22:45;91;EUR;MWh;NO;NO;125,16;77,03;125,16;66;2;UP_AND_DOWN
2025-11-20T22:45;2025-11-20T23:00;92;EUR;MWh;NO;NO;94,4;76,22;94,4;67,48;2;UP_AND_DOWN
2025-11-20T23:00;2025-11-20T23:15;93;EUR;MWh;NO;NO;158,4;81,58;158,4;71,84;2;UP_AND_DOWN
2025-11-20T23:15;2025-11-20T23:30;94;EUR;MWh;NO;NO;140;;140;140;1;UP
2025-11-20T23:30;2025-11-20T23:45;95;EUR;MWh;NO;NO;125,35;70;125,35;70;2;UP_AND_DOWN
2025-11-20T23:45;2025-11-21T00:00;96;EUR;MWh;NO;NO;125,35;67,31;125,35;62,29;2;UP_AND_DOWN
