Timeinterval Start Loc;Timeinterval End Loc;Isp;Currency Unit Name;Price Measurement Unit Name;Incident Reserve Up;Incident Reserve Down;Price Dispatch Up;Price Dispatch Down;Price Shortage;Price Surplus;Regulation State;Regulating Condition
2024-10-01T00:00;2024-10-01T00:15;1;EUR;MWh;NO;NO;73.33;;73.33;0;2;UP_AND_DOWN
2024-10-01T00:15;2024-10-01T00:30;2;EUR;MWh;NO;NO;98.34;29.18;98.34;29.18;2;UP_AND_DOWN
2024-10-01T00:30;2024-10-01T00:45;3;EUR;MWh;NO;NO;83.61;;83.61;83.61;1;UP
2024-10-01T00:45;2024-10-01T01:00;4;EUR;MWh;NO;NO;83.61;;83.61;83.61;1;UP
2024-10-01T01:00;2024-10-01T01:15;5;EUR;MWh;NO;NO;95;;95;95;1;UP
2024-10-01T01:15;2024-10-01T01:30;6;EUR;MWh;NO;NO;113.1;;113.1;113.1;1;UP
2024-10-01T01:30;2024-10-01T01:45;7;EUR;MWh;NO;NO;83.21;-2;83.21;-2;2;UP_AND_DOWN
2024-10-01T01:45;2024-10-01T02:00;8;EUR;MWh;NO;NO;71.19;-30;71.19;-30;2;UP_AND_DOWN
2024-10-01T02:00;2024-10-01T02:15;9;EUR;MWh;NO;NO;113.5;-24.29;113.5;-24.29;2;UP_AND_DOWN
2024-10-01T02:15;2024-10-01T02:30;10;EUR;MWh;NO;NO;81.54;-4.94;81.54;-4.94;2;UP_AND_DOWN
2024-10-01T02:30;2024-10-01T02:45;11;EUR;MWh;NO;NO;95;-11.7;95;-11.7;2;UP_AND_DOWN
2024-10-01T02:45;2024-10-01T03:00;12;EUR;MWh;NO;NO;30;-20.19;-20.19;-20.19;-1;DOWN
2024-10-01T03:00;2024-10-01T03:15;13;EUR;MWh;NO;NO;81.93;-20.99;81.93;81.93;1;UP
2024-10-01T03:15;2024-10-01T03:30;14;EUR;MWh;NO;NO;51;-11.7;66.17;-11.7;2;UP_AND_DOWN
2024-10-01T03:30;2024-10-01T03:45;15;EUR;MWh;NO;NO;;-11.7;-11.7;-11.7;-1;DOWN
2024-10-01T03:45;2024-10-01T04:00;16;EUR;MWh;NO;NO;;-11.7;-11.7;-11.7;-1;DOWN
2024-10-01T04:00;2024-10-01T04:15;17;EUR;MWh;NO;NO;;;65.03;65.03;0;STABLE
2024-10-01T04:15;2024-10-01T04:30;18;EUR;MWh;NO;NO;;;59.53;59.53;0;STABLE
2024-10-01T04:30;2024-10-01T04:45;19;EUR;MWh;NO;NO;82.94;;82.94;82.94;1;UP
2024-10-01T04:45;2024-10-01T05:00;20;EUR;MWh;NO;NO;77.57;;77.57;77.57;1;UP
2024-10-01T05:00;2024-10-01T05:15;21;EUR;MWh;NO;NO;81.61;-27.08;81.61;-27.08;2;UP_AND_DOWN
2024-10-01T05:15;2024-10-01T05:30;22;EUR;MWh;NO;NO;102.94;;102.94;102.94;1;UP
2024-10-01T05:30;2024-10-01T05:45;23;EUR;MWh;NO;NO;108.3;;108.3;108.3;1;UP
2024-10-01T05:45;2024-10-01T06:00;24;EUR;MWh;NO;NO;93;29.18;93;29.18;2;UP_AND_DOWN
2024-10-01T06:00;2024-10-01T06:15;25;EUR;MWh;NO;NO;112.8;-30;112.8;-30;2;UP_AND_DOWN
2024-10-01T06:15;2024-10-01T06:30;26;EUR;MWh;NO;NO;102.94;;102.94;102.94;1;UP
2024-10-01T06:30;2024-10-01T06:45;27;EUR;MWh;NO;NO;112.8;;112.8;112.8;1;UP
2024-10-01T06:45;2024-10-01T07:00;28;EUR;MWh;NO;NO;96.06;;96.06;96.06;1;UP
2024-10-01T07:00;2024-10-01T07:15;29;EUR;MWh;NO;NO;113.3;;113.3;113.3;1;UP
2024-10-01T07:15;2024-10-01T07:30;30;EUR;MWh;NO;NO;141;;141;141;1;UP
2024-10-01T07:30;2024-10-01T07:45;31;EUR;MWh;NO;NO;113.3;;113.3;113.3;1;UP
2024-10-01T07:45;2024-10-01T08:00;32;EUR;MWh;NO;NO;93.13;;93.13;93.13;1;UP
2024-10-01T08:00;2024-10-01T08:15;33;EUR;MWh;NO;NO;98.13;;98.13;98.13;1;UP
2024-10-01T08:15;2024-10-01T08:30;34;EUR;MWh;NO;NO;95;;95;95;1;UP
2024-10-01T08:30;2024-10-01T08:45;35;EUR;MWh;NO;NO;96.61;;96.61;96.61;1;UP
2024-10-01T08:45;2024-10-01T09:00;36;EUR;MWh;NO;NO;390.27;;390.27;390.27;1;UP
2024-10-01T09:00;2024-10-01T09:15;37;EUR;MWh;NO;NO;1853.61;;1853.61;1853.61;1;UP
2024-10-01T09:15;2024-10-01T09:30;38;EUR;MWh;NO;NO;1853.61;;1853.61;1853.61;1;UP
2024-10-01T09:30;2024-10-01T09:45;39;EUR;MWh;NO;NO;113.13;;113.13;113.13;1;UP
2024-10-01T09:45;2024-10-01T10:00;40;EUR;MWh;NO;NO;112.08;;112.08;112.08;1;UP
2024-10-01T10:00;2024-10-01T10:15;41;EUR;MWh;NO;NO;110.9;;110.9;110.9;1;UP
2024-10-01T10:15;2024-10-01T10:30;42;EUR;MWh;NO;NO;110.9;;67.56;67.56;0;STABLE
2024-10-01T10:30;2024-10-01T10:45;43;EUR;MWh;NO;NO;;;66.57;66.57;0;STABLE
2024-10-01T10:45;2024-10-01T11:00;44;EUR;MWh;NO;NO;;85.24;85.24;85.24;-1;DOWN
2024-10-01T11:00;2024-10-01T11:15;45;EUR;MWh;NO;NO;95;64.84;95;64.84;2;UP_AND_DOWN
2024-10-01T11:15;2024-10-01T11:30;46;EUR;MWh;NO;NO;98.61;;98.61;98.61;1;UP
2024-10-01T11:30;2024-10-01T11:45;47;EUR;MWh;NO;NO;94.03;;94.03;94.03;1;UP
2024-10-01T11:45;2024-10-01T12:00;48;EUR;MWh;NO;NO;93;;93;93;1;UP
2024-10-01T12:00;2024-10-01T12:15;49;EUR;MWh;NO;NO;83.61;;83.61;83.61;1;UP
2024-10-01T12:15;2024-10-01T12:30;50;EUR;MWh;NO;NO;153.5;;153.5;153.5;1;UP
2024-10-01T12:30;2024-10-01T12:45;51;EUR;MWh;NO;NO;68.61;;68.61;68.61;1;UP
2024-10-01T12:45;2024-10-01T13:00;52;EUR;MWh;NO;NO;88.96;;88.96;88.96;1;UP
2024-10-01T13:00;2024-10-01T13:15;53;EUR;MWh;NO;NO;95;;95;95;1;UP
2024-10-01T13:15;2024-10-01T13:30;54;EUR;MWh;NO;NO;110.4;;110.4;110.4;1;UP
2024-10-01T13:30;2024-10-01T13:45;55;EUR;MWh;NO;NO;68.61;;68.61;68.61;1;UP
2024-10-01T13:45;2024-10-01T14:00;56;EUR;MWh;NO;NO;53.61;;53.61;53.61;1;UP
2024-10-01T14:00;2024-10-01T14:15;57;EUR;MWh;NO;NO;113.3;;113.3;113.3;1;UP
2024-10-01T14:15;2024-10-01T14:30;58;EUR;MWh;NO;NO;98.61;;98.61;98.61;1;UP
2024-10-01T14:30;2024-10-01T14:45;59;EUR;MWh;NO;NO;95;;95;95;1;UP
2024-10-01T14:45;2024-10-01T15:00;60;EUR;MWh;NO;NO;95;;95;95;1;UP
2024-10-01T15:00;2024-10-01T15:15;61;EUR;MWh;NO;NO;95;;95;95;1;UP
2024-10-01T15:15;2024-10-01T15:30;62;EUR;MWh;NO;NO;53.61;;53.61;53.61;1;UP
2024-10-01T15:30;2024-10-01T15:45;63;EUR;MWh;NO;NO;83.61;;83.61;83.61;1;UP
2024-10-01T15:45;2024-10-01T16:00;64;EUR;MWh;NO;NO;98.61;;98.61;98.61;1;UP
2024-10-01T16:00;2024-10-01T16:15;65;EUR;MWh;NO;NO;113.5;;113.5;113.5;1;UP
2024-10-01T16:15;2024-10-01T16:30;66;EUR;MWh;NO;NO;109.3;;109.3;109.3;1;UP
2024-10-01T16:30;2024-10-01T16:45;67;EUR;MWh;NO;NO;91.97;;91.97;91.97;1;UP
2024-10-01T16:45;2024-10-01T17:00;68;EUR;MWh;NO;NO;68.61;;68.61;68.61;1;UP
2024-10-01T17:00;2024-10-01T17:15;69;EUR;MWh;NO;NO;120.7;;120.7;120.7;1;UP
2024-10-01T17:15;2024-10-01T17:30;70;EUR;MWh;NO;NO;93.61;;93.61;93.61;1;UP
2024-10-01T17:30;2024-10-01T17:45;71;EUR;MWh;NO;NO;92.33;;92.33;92.33;1;UP
2024-10-01T17:45;2024-10-01T18:00;72;EUR;MWh;NO;NO;97.41;;97.41;97.41;1;UP
2024-10-01T18:00;2024-10-01T18:15;73;EUR;MWh;NO;NO;97.41;-36.44;-36.44;-36.44;-1;DOWN
2024-10-01T18:15;2024-10-01T18:30;74;EUR;MWh;NO;NO;;80.74;80.74;80.74;-1;DOWN
2024-10-01T18:30;2024-10-01T18:45;75;EUR;MWh;NO;NO;;85.24;85.24;85.24;-1;DOWN
2024-10-01T18:45;2024-10-01T19:00;76;EUR;MWh;NO;NO;120.4;;120.4;120.4;1;UP
2024-10-01T19:00;2024-10-01T19:15;77;EUR;MWh;NO;NO;113.2;;113.2;113.2;1;UP
2024-10-01T19:15;2024-10-01T19:30;78;EUR;MWh;NO;NO;101.34;;101.34;101.34;1;UP
2024-10-01T19:30;2024-10-01T19:45;79;EUR;MWh;NO;NO;235.42;;235.42;235.42;1;UP
2024-10-01T19:45;2024-10-01T20:00;80;EUR;MWh;NO;NO;135.41;;135.41;135.41;1;UP
2024-10-01T20:00;2024-10-01T20:15;81;EUR;MWh;NO;NO;95;;95;95;1;UP
2024-10-01T20:15;2024-10-01T20:30;82;EUR;MWh;NO;NO;;81.5;81.5;81.5;-1;DOWN
2024-10-01T20:30;2024-10-01T20:45;83;EUR;MWh;NO;NO;;79.81;79.81;79.81;-1;DOWN
2024-10-01T20:45;2024-10-01T21:00;84;EUR;MWh;NO;NO;94.5;81.5;94.5;66.25;2;UP_AND_DOWN
2024-10-01T21:00;2024-10-01T21:15;85;EUR;MWh;NO;NO;89.92;;89.92;89.92;1;UP
2024-10-01T21:15;2024-10-01T21:30;86;EUR;MWh;NO;NO;89.92;78;89.92;66.25;2;UP_AND_DOWN
2024-10-01T21:30;2024-10-01T21:45;87;EUR;MWh;NO;NO;;70.22;70.22;70.22;-1;DOWN
2024-10-01T21:45;2024-10-01T22:00;88;EUR;MWh;NO;NO;;64.81;64.81;64.81;-1;DOWN
2024-10-01T22:00;2024-10-01T22:15;89;EUR;MWh;NO;NO;98.61;;98.61;98.61;1;UP
2024-10-01T22:15;2024-10-01T22:30;90;EUR;MWh;NO;NO;100.21;;100.21;100.21;1;UP
2024-10-01T22:30;2024-10-01T22:45;91;EUR;MWh;NO;NO;95;;95;95;1;UP
2024-10-01T22:45;2024-10-01T23:00;92;EUR;MWh;NO;NO;110.21;;110.21;110.21;1;UP
2024-10-01T23:00;2024-10-01T23:15;93;EUR;MWh;NO;NO;113.61;;113.61;113.61;1;UP
2024-10-01T23:15;2024-10-01T23:30;94;EUR;MWh;NO;NO;112.72;;112.72;112.72;1;UP
2024-10-01T23:30;2024-10-01T23:45;95;EUR;MWh;NO;NO;108.3;;108.3;108.3;1;UP
2024-10-01T23:45;2024-10-02T00:00;96;EUR;MWh;NO;NO;113.6;86.11;113.6;113.6;1;UP
2024-10-02T00:00;2024-10-02T00:15;1;EUR;MWh;NO;NO;98.12;-248.09;98.12;-248.09;2;UP_AND_DOWN
2024-10-02T00:15;2024-10-02T00:30;2;EUR;MWh;NO;NO;95;-4.94;95;95;1;UP
2024-10-02T00:30;2024-10-02T00:45;3;EUR;MWh;NO;NO;95;-4.94;95;95;1;UP
2024-10-02T00:45;2024-10-02T01:00;4;EUR;MWh;NO;NO;98.61;-4.94;98.61;98.61;1;UP
2024-10-02T01:00;2024-10-02T01:15;5;EUR;MWh;NO;NO;87.42;-4.96;87.42;-4.96;2;UP_AND_DOWN
2024-10-02T01:15;2024-10-02T01:30;6;EUR;MWh;NO;NO;;-4.94;-4.94;-4.94;-1;DOWN
2024-10-02T01:30;2024-10-02T01:45;7;EUR;MWh;NO;NO;;-10.16;-10.16;-10.16;-1;DOWN
2024-10-02T01:45;2024-10-02T02:00;8;EUR;MWh;NO;NO;;-11.32;-11.32;-11.32;-1;DOWN
2024-10-02T02:00;2024-10-02T02:15;9;EUR;MWh;NO;NO;130.6;-5.02;130.6;130.6;1;UP
2024-10-02T02:15;2024-10-02T02:30;10;EUR;MWh;NO;NO;83.61;-4.94;85.54;-4.94;2;UP_AND_DOWN
2024-10-02T02:30;2024-10-02T02:45;11;EUR;MWh;NO;NO;102.47;-4.94;102.47;102.47;1;UP
2024-10-02T02:45;2024-10-02T03:00;12;EUR;MWh;NO;NO;83.61;-3.04;85.54;-3.04;2;UP_AND_DOWN
2024-10-02T03:00;2024-10-02T03:15;13;EUR;MWh;NO;NO;113.2;-4.94;113.2;-4.94;2;UP_AND_DOWN
2024-10-02T03:15;2024-10-02T03:30;14;EUR;MWh;NO;NO;99.5;-4.94;99.5;-4.94;2;UP_AND_DOWN
2024-10-02T03:30;2024-10-02T03:45;15;EUR;MWh;NO;NO;99.5;-4.94;-4.94;-4.94;-1;DOWN
2024-10-02T03:45;2024-10-02T04:00;16;EUR;MWh;NO;NO;;-4.94;-4.94;-4.94;-1;DOWN
2024-10-02T04:00;2024-10-02T04:15;17;EUR;MWh;NO;NO;102.47;-30;102.47;-30;2;UP_AND_DOWN
2024-10-02T04:15;2024-10-02T04:30;18;EUR;MWh;NO;NO;102.47;-10.2;-10.2;-10.2;-1;DOWN
2024-10-02T04:30;2024-10-02T04:45;19;EUR;MWh;NO;NO;;-30;-30;-30;-1;DOWN
2024-10-02T04:45;2024-10-02T05:00;20;EUR;MWh;NO;NO;;-45;-45;-45;-1;DOWN
2024-10-02T05:00;2024-10-02T05:15;21;EUR;MWh;NO;NO;;-3.16;-3.16;-3.16;-1;DOWN
2024-10-02T05:15;2024-10-02T05:30;22;EUR;MWh;NO;NO;;-5.09;-5.09;-5.09;-1;DOWN
2024-10-02T05:30;2024-10-02T05:45;23;EUR;MWh;NO;NO;;-5.14;-5.14;-5.14;-1;DOWN
2024-10-02T05:45;2024-10-02T06:00;24;EUR;MWh;NO;NO;;-37.22;-37.22;-37.22;-1;DOWN
2024-10-02T06:00;2024-10-02T06:15;25;EUR;MWh;NO;NO;1853.61;79.18;1853.61;79.18;2;UP_AND_DOWN
2024-10-02T06:15;2024-10-02T06:30;26;EUR;MWh;NO;NO;104.21;-100;104.21;-100;2;UP_AND_DOWN
2024-10-02T06:30;2024-10-02T06:45;27;EUR;MWh;NO;NO;103.75;31.54;103.75;31.54;2;UP_AND_DOWN
2024-10-02T06:45;2024-10-02T07:00;28;EUR;MWh;NO;NO;;-30;-30;-30;-1;DOWN
2024-10-02T07:00;2024-10-02T07:15;29;EUR;MWh;NO;NO;;45.29;45.29;45.29;-1;DOWN
2024-10-02T07:15;2024-10-02T07:30;30;EUR;MWh;NO;NO;262.09;53.12;262.09;53.12;2;UP_AND_DOWN
2024-10-02T07:30;2024-10-02T07:45;31;EUR;MWh;NO;NO;1853.61;65.62;1853.61;65.62;2;UP_AND_DOWN
2024-10-02T07:45;2024-10-02T08:00;32;EUR;MWh;NO;NO;141.66;75.62;141.66;75.62;2;UP_AND_DOWN
2024-10-02T08:00;2024-10-02T08:15;33;EUR;MWh;NO;NO;268.93;91.55;268.93;268.93;1;UP
2024-10-02T08:15;2024-10-02T08:30;34;EUR;MWh;NO;NO;600;91.55;600;600;1;UP
2024-10-02T08:30;2024-10-02T08:45;35;EUR;MWh;NO;NO;1853.61;91.55;1853.61;1853.61;1;UP
2024-10-02T08:45;2024-10-02T09:00;36;EUR;MWh;NO;NO;1227.92;91.5;1227.92;1227.92;1;UP
2024-10-02T09:00;2024-10-02T09:15;37;EUR;MWh;NO;NO;142.23;75.62;142.23;75.62;2;UP_AND_DOWN
2024-10-02T09:15;2024-10-02T09:30;38;EUR;MWh;NO;NO;156.69;64.86;156.69;156.69;1;UP
2024-10-02T09:30;2024-10-02T09:45;39;EUR;MWh;NO;NO;85.67;58.56;90.31;58.56;2;UP_AND_DOWN
2024-10-02T09:45;2024-10-02T10:00;40;EUR;MWh;NO;NO;93.69;33.18;93.69;93.69;1;UP
2024-10-02T10:00;2024-10-02T10:15;41;EUR;MWh;NO;NO;159.2;-27.73;159.2;159.2;1;UP
2024-10-02T10:15;2024-10-02T10:30;42;EUR;MWh;NO;NO;256.98;-29.73;256.98;256.98;1;UP
2024-10-02T10:30;2024-10-02T10:45;43;EUR;MWh;NO;NO;99.7;-28;99.7;-28;2;UP_AND_DOWN
2024-10-02T10:45;2024-10-02T11:00;44;EUR;MWh;NO;NO;99.7;69;69;69;-1;DOWN
2024-10-02T11:00;2024-10-02T11:15;45;EUR;MWh;NO;NO;;70.25;70.25;70.25;-1;DOWN
2024-10-02T11:15;2024-10-02T11:30;46;EUR;MWh;NO;NO;;-17.73;-17.73;-17.73;-1;DOWN
2024-10-02T11:30;2024-10-02T11:45;47;EUR;MWh;NO;NO;87.64;-17.73;87.64;87.64;1;UP
2024-10-02T11:45;2024-10-02T12:00;48;EUR;MWh;NO;NO;159.9;-28;159.9;159.9;1;UP
2024-10-02T12:00;2024-10-02T12:15;49;EUR;MWh;NO;NO;269.28;-3.04;269.28;269.28;1;UP
2024-10-02T12:15;2024-10-02T12:30;50;EUR;MWh;NO;NO;1853.61;-3.04;1853.61;1853.61;1;UP
2024-10-02T12:30;2024-10-02T12:45;51;EUR;MWh;NO;NO;1853.61;-3.26;1853.61;1853.61;1;UP
2024-10-02T12:45;2024-10-02T13:00;52;EUR;MWh;NO;NO;647.64;78.54;647.64;647.64;1;UP
2024-10-02T13:00;2024-10-02T13:15;53;EUR;MWh;NO;NO;647.64;-28;647.64;647.64;1;UP
2024-10-02T13:15;2024-10-02T13:30;54;EUR;MWh;NO;NO;600;-28;600;600;1;UP
2024-10-02T13:30;2024-10-02T13:45;55;EUR;MWh;NO;NO;1176;-3.04;1176;1176;1;UP
2024-10-02T13:45;2024-10-02T14:00;56;EUR;MWh;NO;NO;485.23;58.56;485.23;485.23;1;UP
2024-10-02T14:00;2024-10-02T14:15;57;EUR;MWh;NO;NO;155.7;52.81;155.7;52.81;2;UP_AND_DOWN
2024-10-02T14:15;2024-10-02T14:30;58;EUR;MWh;NO;NO;103.69;-19.73;103.69;103.69;1;UP
2024-10-02T14:30;2024-10-02T14:45;59;EUR;MWh;NO;NO;101.8;-19.73;101.8;101.8;1;UP
2024-10-02T14:45;2024-10-02T15:00;60;EUR;MWh;NO;NO;89.69;-3.04;89.69;89.69;1;UP
2024-10-02T15:00;2024-10-02T15:15;61;EUR;MWh;NO;NO;;-28;-28;-28;-1;DOWN
2024-10-02T15:15;2024-10-02T15:30;62;EUR;MWh;NO;NO;;49.18;49.18;49.18;-1;DOWN
2024-10-02T15:30;2024-10-02T15:45;63;EUR;MWh;NO;NO;;-19.02;-19.02;-19.02;-1;DOWN
2024-10-02T15:45;2024-10-02T16:00;64;EUR;MWh;NO;NO;;-4.84;-4.84;-4.84;-1;DOWN
2024-10-02T16:00;2024-10-02T16:15;65;EUR;MWh;NO;NO;;-20.55;-20.55;-20.55;-1;DOWN
2024-10-02T16:15;2024-10-02T16:30;66;EUR;MWh;NO;NO;92.64;31.18;92.64;31.18;2;UP_AND_DOWN
2024-10-02T16:30;2024-10-02T16:45;67;EUR;MWh;NO;NO;92.73;31.18;92.73;92.73;1;UP
2024-10-02T16:45;2024-10-02T17:00;68;EUR;MWh;NO;NO;112.6;-8.01;112.6;112.6;1;UP
2024-10-02T17:00;2024-10-02T17:15;69;EUR;MWh;NO;NO;188.73;72.72;188.73;188.73;1;UP
2024-10-02T17:15;2024-10-02T17:30;70;EUR;MWh;NO;NO;181.37;79.81;181.37;181.37;1;UP
2024-10-02T17:30;2024-10-02T17:45;71;EUR;MWh;NO;NO;114.9;80.02;114.9;114.9;1;UP
2024-10-02T17:45;2024-10-02T18:00;72;EUR;MWh;NO;NO;97;85.1;97;97;1;UP
2024-10-02T18:00;2024-10-02T18:15;73;EUR;MWh;NO;NO;114.02;85.24;114.02;114.02;1;UP
2024-10-02T18:15;2024-10-02T18:30;74;EUR;MWh;NO;NO;114.02;85.24;85.24;85.24;-1;DOWN
2024-10-02T18:30;2024-10-02T18:45;75;EUR;MWh;NO;NO;98.61;83.3;98.61;83.3;2;UP_AND_DOWN
2024-10-02T18:45;2024-10-02T19:00;76;EUR;MWh;NO;NO;102.95;85.21;102.95;102.95;1;UP
2024-10-02T19:00;2024-10-02T19:15;77;EUR;MWh;NO;NO;103.43;79.81;103.43;79.81;2;UP_AND_DOWN
2024-10-02T19:15;2024-10-02T19:30;78;EUR;MWh;NO;NO;141.32;79.81;141.32;141.32;1;UP
2024-10-02T19:30;2024-10-02T19:45;79;EUR;MWh;NO;NO;146.39;79.81;146.39;146.39;1;UP
2024-10-02T19:45;2024-10-02T20:00;80;EUR;MWh;NO;NO;98.19;79.81;79.81;79.81;-1;DOWN
2024-10-02T20:00;2024-10-02T20:15;81;EUR;MWh;NO;NO;90.64;79.81;95.76;79.81;2;UP_AND_DOWN
2024-10-02T20:15;2024-10-02T20:30;82;EUR;MWh;NO;NO;92.57;79.81;92.57;92.57;1;UP
2024-10-02T20:30;2024-10-02T20:45;83;EUR;MWh;NO;NO;;69;69;69;-1;DOWN
2024-10-02T20:45;2024-10-02T21:00;84;EUR;MWh;NO;NO;;-30;-30;-30;-1;DOWN
2024-10-02T21:00;2024-10-02T21:15;85;EUR;MWh;NO;NO;157.5;-100;157.5;-100;2;UP_AND_DOWN
2024-10-02T21:15;2024-10-02T21:30;86;EUR;MWh;NO;NO;92.7;74.2;74.2;74.2;-1;DOWN
2024-10-02T21:30;2024-10-02T21:45;87;EUR;MWh;NO;NO;;73.73;73.73;73.73;-1;DOWN
2024-10-02T21:45;2024-10-02T22:00;88;EUR;MWh;NO;NO;;49.18;49.18;49.18;-1;DOWN
2024-10-02T22:00;2024-10-02T22:15;89;EUR;MWh;NO;NO;;26.92;26.92;26.92;-1;DOWN
2024-10-02T22:15;2024-10-02T22:30;90;EUR;MWh;NO;NO;;69;69;69;-1;DOWN
2024-10-02T22:30;2024-10-02T22:45;91;EUR;MWh;NO;NO;;69;69;69;-1;DOWN
2024-10-02T22:45;2024-10-02T23:00;92;EUR;MWh;NO;NO;;68.73;68.73;68.73;-1;DOWN
2024-10-02T23:00;2024-10-02T23:15;93;EUR;MWh;NO;NO;93.08;-13.94;93.08;-13.94;2;UP_AND_DOWN
2024-10-02T23:15;2024-10-02T23:30;94;EUR;MWh;NO;NO;83.61;69;69;69;-1;DOWN
2024-10-02T23:30;2024-10-02T23:45;95;EUR;MWh;NO;NO;;19.18;19.18;19.18;-1;DOWN
2024-10-02T23:45;2024-10-03T00:00;96;EUR;MWh;NO;NO;;-13.84;-13.84;-13.84;-1;DOWN
2024-10-03T00:00;2024-10-03T00:15;1;EUR;MWh;NO;NO;;-57.39;-57.39;-57.39;-1;DOWN
2024-10-03T00:15;2024-10-03T00:30;2;EUR;MWh;NO;NO;;-43.65;-43.65;-43.65;-1;DOWN
2024-10-03T00:30;2024-10-03T00:45;3;EUR;MWh;NO;NO;;-20.22;-20.22;-20.22;-1;DOWN
2024-10-03T00:45;2024-10-03T01:00;4;EUR;MWh;NO;NO;;-13.97;-13.97;-13.97;-1;DOWN
2024-10-03T01:00;2024-10-03T01:15;5;EUR;MWh;NO;NO;;49;49;49;-1;DOWN
2024-10-03T01:15;2024-10-03T01:30;6;EUR;MWh;NO;NO;;-8.4;-8.4;-8.4;-1;DOWN
2024-10-03T01:30;2024-10-03T01:45;7;EUR;MWh;NO;NO;;-15.29;-15.29;-15.29;-1;DOWN
2024-10-03T01:45;2024-10-03T02:00;8;EUR;MWh;NO;NO;;-30;-30;-30;-1;DOWN
2024-10-03T02:00;2024-10-03T02:15;9;EUR;MWh;NO;NO;;-30.83;-30.83;-30.83;-1;DOWN
2024-10-03T02:15;2024-10-03T02:30;10;EUR;MWh;NO;NO;;-60.77;-60.77;-60.77;-1;DOWN
2024-10-03T02:30;2024-10-03T02:45;11;EUR;MWh;NO;NO;;-86.06;-86.06;-86.06;-1;DOWN
2024-10-03T02:45;2024-10-03T03:00;12;EUR;MWh;NO;NO;;-50;-50;-50;-1;DOWN
2024-10-03T03:00;2024-10-03T03:15;13;EUR;MWh;NO;NO;;80.31;80.31;80.31;-1;DOWN
2024-10-03T03:15;2024-10-03T03:30;14;EUR;MWh;NO;NO;;81.64;81.64;81.64;-1;DOWN
2024-10-03T03:30;2024-10-03T03:45;15;EUR;MWh;NO;NO;;-9.44;-9.44;-9.44;-1;DOWN
2024-10-03T03:45;2024-10-03T04:00;16;EUR;MWh;NO;NO;;-30;-30;-30;-1;DOWN
2024-10-03T04:00;2024-10-03T04:15;17;EUR;MWh;NO;NO;;-33.92;-33.92;-33.92;-1;DOWN
2024-10-03T04:15;2024-10-03T04:30;18;EUR;MWh;NO;NO;;-13.27;-13.27;-13.27;-1;DOWN
2024-10-03T04:30;2024-10-03T04:45;19;EUR;MWh;NO;NO;;-28.91;-28.91;-28.91;-1;DOWN
2024-10-03T04:45;2024-10-03T05:00;20;EUR;MWh;NO;NO;;49;49;49;-1;DOWN
2024-10-03T05:00;2024-10-03T05:15;21;EUR;MWh;NO;NO;;-14.88;-14.88;-14.88;-1;DOWN
2024-10-03T05:15;2024-10-03T05:30;22;EUR;MWh;NO;NO;;83.97;83.97;83.97;-1;DOWN
2024-10-03T05:30;2024-10-03T05:45;23;EUR;MWh;NO;NO;;84.15;84.15;84.15;-1;DOWN
2024-10-03T05:45;2024-10-03T06:00;24;EUR;MWh;NO;NO;53.61;;68.88;68.88;0;STABLE
2024-10-03T06:00;2024-10-03T06:15;25;EUR;MWh;NO;NO;53.61;84.15;68.88;68.88;2;UP_AND_DOWN
2024-10-03T06:15;2024-10-03T06:30;26;EUR;MWh;NO;NO;95;;95;95;1;UP
2024-10-03T06:30;2024-10-03T06:45;27;EUR;MWh;NO;NO;95;;95;95;1;UP
2024-10-03T06:45;2024-10-03T07:00;28;EUR;MWh;NO;NO;106.15;-30;106.15;-30;2;UP_AND_DOWN
2024-10-03T07:00;2024-10-03T07:15;29;EUR;MWh;NO;NO;99.88;-154.81;99.88;-154.81;2;UP_AND_DOWN
2024-10-03T07:15;2024-10-03T07:30;30;EUR;MWh;NO;NO;91.42;75.2;91.42;67.74;2;UP_AND_DOWN
2024-10-03T07:30;2024-10-03T07:45;31;EUR;MWh;NO;NO;;79.22;79.22;79.22;-1;DOWN
2024-10-03T07:45;2024-10-03T08:00;32;EUR;MWh;NO;NO;95;;95;95;1;UP
2024-10-03T08:00;2024-10-03T08:15;33;EUR;MWh;NO;NO;106.61;;106.61;106.61;1;UP
2024-10-03T08:15;2024-10-03T08:30;34;EUR;MWh;NO;NO;98.34;;98.34;98.34;1;UP
2024-10-03T08:30;2024-10-03T08:45;35;EUR;MWh;NO;NO;53.61;83.95;83.95;83.95;-1;DOWN
2024-10-03T08:45;2024-10-03T09:00;36;EUR;MWh;NO;NO;;-30;-30;-30;-1;DOWN
2024-10-03T09:00;2024-10-03T09:15;37;EUR;MWh;NO;NO;53.61;64.18;66.42;64.18;2;UP_AND_DOWN
2024-10-03T09:15;2024-10-03T09:30;38;EUR;MWh;NO;NO;;19;19;19;-1;DOWN
2024-10-03T09:30;2024-10-03T09:45;39;EUR;MWh;NO;NO;;-62.12;-62.12;-62.12;-1;DOWN
2024-10-03T09:45;2024-10-03T10:00;40;EUR;MWh;NO;NO;;-61.47;-61.47;-61.47;-1;DOWN
2024-10-03T10:00;2024-10-03T10:15;41;EUR;MWh;NO;NO;;-40.95;-40.95;-40.95;-1;DOWN
2024-10-03T10:15;2024-10-03T10:30;42;EUR;MWh;NO;NO;;-100;-100;-100;-1;DOWN
2024-10-03T10:30;2024-10-03T10:45;43;EUR;MWh;NO;NO;;-60;-60;-60;-1;DOWN
2024-10-03T10:45;2024-10-03T11:00;44;EUR;MWh;NO;NO;;-30;-30;-30;-1;DOWN
2024-10-03T11:00;2024-10-03T11:15;45;EUR;MWh;NO;NO;;-30;-30;-30;-1;DOWN
2024-10-03T11:15;2024-10-03T11:30;46;EUR;MWh;NO;NO;;-74;-74;-74;-1;DOWN
2024-10-03T11:30;2024-10-03T11:45;47;EUR;MWh;NO;NO;;-53.08;-53.08;-53.08;-1;DOWN
2024-10-03T11:45;2024-10-03T12:00;48;EUR;MWh;NO;NO;;-60;-60;-60;-1;DOWN
2024-10-03T12:00;2024-10-03T12:15;49;EUR;MWh;NO;NO;;-29.39;-29.39;-29.39;-1;DOWN
2024-10-03T12:15;2024-10-03T12:30;50;EUR;MWh;NO;NO;;-30;-30;-30;-1;DOWN
2024-10-03T12:30;2024-10-03T12:45;51;EUR;MWh;NO;NO;;-23.39;-23.39;-23.39;-1;DOWN
2024-10-03T12:45;2024-10-03T13:00;52;EUR;MWh;NO;NO;;-30;-30;-30;-1;DOWN
2024-10-03T13:00;2024-10-03T13:15;53;EUR;MWh;NO;NO;;-39.57;-39.57;-39.57;-1;DOWN
2024-10-03T13:15;2024-10-03T13:30;54;EUR;MWh;NO;NO;92.03;-74;92.03;-74;2;UP_AND_DOWN
2024-10-03T13:30;2024-10-03T13:45;55;EUR;MWh;NO;NO;1853.61;-124.83;1853.61;-124.83;2;UP_AND_DOWN
2024-10-03T13:45;2024-10-03T14:00;56;EUR;MWh;NO;NO;1853.61;-1230.59;1853.61;-1230.59;2;UP_AND_DOWN
2024-10-03T14:00;2024-10-03T14:15;57;EUR;MWh;NO;NO;87.6;-1000;87.6;87.6;1;UP
2024-10-03T14:15;2024-10-03T14:30;58;EUR;MWh;NO;NO;87.6;-1000;87.6;-1000;2;UP_AND_DOWN
2024-10-03T14:30;2024-10-03T14:45;59;EUR;MWh;NO;NO;140;-306.65;140;-306.65;2;UP_AND_DOWN
2024-10-03T14:45;2024-10-03T15:00;60;EUR;MWh;NO;NO;82.85;-1000;82.85;-1000;2;UP_AND_DOWN
2024-10-03T15:00;2024-10-03T15:15;61;EUR;MWh;NO;NO;66.84;-464.44;67.06;-464.44;2;UP_AND_DOWN
2024-10-03T15:15;2024-10-03T15:30;62;EUR;MWh;NO;NO;95.41;-242.02;95.41;-242.02;2;UP_AND_DOWN
2024-10-03T15:30;2024-10-03T15:45;63;EUR;MWh;NO;NO;87.6;-142.27;87.6;-142.27;2;UP_AND_DOWN
2024-10-03T15:45;2024-10-03T16:00;64;EUR;MWh;NO;NO;53.61;-30.51;-30.51;-30.51;-1;DOWN
2024-10-03T16:00;2024-10-03T16:15;65;EUR;MWh;NO;NO;;49;49;49;-1;DOWN
2024-10-03T16:15;2024-10-03T16:30;66;EUR;MWh;NO;NO;;-10.18;-10.18;-10.18;-1;DOWN
2024-10-03T16:30;2024-10-03T16:45;67;EUR;MWh;NO;NO;;-14.65;-14.65;-14.65;-1;DOWN
2024-10-03T16:45;2024-10-03T17:00;68;EUR;MWh;NO;NO;;;67.06;67.06;0;STABLE
2024-10-03T17:00;2024-10-03T17:15;69;EUR;MWh;NO;NO;;;68.16;68.16;0;STABLE
2024-10-03T17:15;2024-10-03T17:30;70;EUR;MWh;NO;NO;;80.5;80.5;80.5;-1;DOWN
2024-10-03T17:30;2024-10-03T17:45;71;EUR;MWh;NO;NO;;64.18;64.18;64.18;-1;DOWN
2024-10-03T17:45;2024-10-03T18:00;72;EUR;MWh;NO;NO;;73.72;73.72;73.72;-1;DOWN
2024-10-03T18:00;2024-10-03T18:15;73;EUR;MWh;NO;NO;;49;49;49;-1;DOWN
2024-10-03T18:15;2024-10-03T18:30;74;EUR;MWh;NO;NO;95;49;95;95;1;UP
2024-10-03T18:30;2024-10-03T18:45;75;EUR;MWh;NO;NO;137.63;;137.63;137.63;1;UP
2024-10-03T18:45;2024-10-03T19:00;76;EUR;MWh;NO;NO;123.8;;123.8;123.8;1;UP
2024-10-03T19:00;2024-10-03T19:15;77;EUR;MWh;NO;NO;123.8;88;88;88;-1;DOWN
2024-10-03T19:15;2024-10-03T19:30;78;EUR;MWh;NO;NO;;84.16;84.16;84.16;-1;DOWN
2024-10-03T19:30;2024-10-03T19:45;79;EUR;MWh;NO;NO;;82.66;82.66;82.66;-1;DOWN
2024-10-03T19:45;2024-10-03T20:00;80;EUR;MWh;NO;NO;;79.16;79.16;79.16;-1;DOWN
2024-10-03T20:00;2024-10-03T20:15;81;EUR;MWh;NO;NO;53.61;84.16;70.81;70.81;2;UP_AND_DOWN
2024-10-03T20:15;2024-10-03T20:30;82;EUR;MWh;NO;NO;53.61;;53.61;53.61;1;UP
2024-10-03T20:30;2024-10-03T20:45;83;EUR;MWh;NO;NO;;64.18;64.18;64.18;-1;DOWN
2024-10-03T20:45;2024-10-03T21:00;84;EUR;MWh;NO;NO;;49.18;49.18;49.18;-1;DOWN
2024-10-03T21:00;2024-10-03T21:15;85;EUR;MWh;NO;NO;;62.7;62.7;62.7;-1;DOWN
2024-10-03T21:15;2024-10-03T21:30;86;EUR;MWh;NO;NO;;59.7;59.7;59.7;-1;DOWN
2024-10-03T21:30;2024-10-03T21:45;87;EUR;MWh;NO;NO;;59.8;59.8;59.8;-1;DOWN
2024-10-03T21:45;2024-10-03T22:00;88;EUR;MWh;NO;NO;;-9;-9;-9;-1;DOWN
2024-10-03T22:00;2024-10-03T22:15;89;EUR;MWh;NO;NO;101.01;-74.16;101.01;-74.16;2;UP_AND_DOWN
2024-10-03T22:15;2024-10-03T22:30;90;EUR;MWh;NO;NO;101.01;;68.79;68.79;0;STABLE
2024-10-03T22:30;2024-10-03T22:45;91;EUR;MWh;NO;NO;;84.16;84.16;84.16;-1;DOWN
2024-10-03T22:45;2024-10-03T23:00;92;EUR;MWh;NO;NO;;83.97;83.97;83.97;-1;DOWN
2024-10-03T23:00;2024-10-03T23:15;93;EUR;MWh;NO;NO;;80.5;80.5;80.5;-1;DOWN
2024-10-03T23:15;2024-10-03T23:30;94;EUR;MWh;NO;NO;;60.6;60.6;60.6;-1;DOWN
2024-10-03T23:30;2024-10-03T23:45;95;EUR;MWh;NO;NO;;-9;-9;-9;-1;DOWN
2024-10-03T23:45;2024-10-04T00:00;96;EUR;MWh;NO;NO;;-9;-9;-9;-1;DOWN
2024-10-04T00:00;2024-10-04T00:15;1;EUR;MWh;NO;NO;98.61;80.3;98.61;98.61;1;UP
2024-10-04T00:15;2024-10-04T00:30;2;EUR;MWh;NO;NO;89.39;;89.39;89.39;1;UP
2024-10-04T00:30;2024-10-04T00:45;3;EUR;MWh;NO;NO;81.39;;81.39;81.39;1;UP
2024-10-04T00:45;2024-10-04T01:00;4;EUR;MWh;NO;NO;68.61;;68.61;68.61;1;UP
2024-10-04T01:00;2024-10-04T01:15;5;EUR;MWh;NO;NO;85.98;;85.98;85.98;1;UP
2024-10-04T01:15;2024-10-04T01:30;6;EUR;MWh;NO;NO;;74.98;74.98;74.98;-1;DOWN
2024-10-04T01:30;2024-10-04T01:45;7;EUR;MWh;NO;NO;;78.93;78.93;78.93;-1;DOWN
2024-10-04T01:45;2024-10-04T02:00;8;EUR;MWh;NO;NO;;57.5;57.5;57.5;-1;DOWN
2024-10-04T02:00;2024-10-04T02:15;9;EUR;MWh;NO;NO;;64.18;64.18;64.18;-1;DOWN
2024-10-04T02:15;2024-10-04T02:30;10;EUR;MWh;NO;NO;;77.31;77.31;77.31;-1;DOWN
2024-10-04T02:30;2024-10-04T02:45;11;EUR;MWh;NO;NO;84.39;77.48;84.39;84.39;1;UP
2024-10-04T02:45;2024-10-04T03:00;12;EUR;MWh;NO;NO;83.61;;83.61;83.61;1;UP
2024-10-04T03:00;2024-10-04T03:15;13;EUR;MWh;NO;NO;99.7;;99.7;99.7;1;UP
2024-10-04T03:15;2024-10-04T03:30;14;EUR;MWh;NO;NO;104.39;;104.39;104.39;1;UP
2024-10-04T03:30;2024-10-04T03:45;15;EUR;MWh;NO;NO;89.39;;89.39;89.39;1;UP
2024-10-04T03:45;2024-10-04T04:00;16;EUR;MWh;NO;NO;90.81;;90.81;90.81;1;UP
2024-10-04T04:00;2024-10-04T04:15;17;EUR;MWh;NO;NO;105;;105;105;1;UP
2024-10-04T04:15;2024-10-04T04:30;18;EUR;MWh;NO;NO;99.6;;99.6;99.6;1;UP
2024-10-04T04:30;2024-10-04T04:45;19;EUR;MWh;NO;NO;87.57;;87.57;87.57;1;UP
2024-10-04T04:45;2024-10-04T05:00;20;EUR;MWh;NO;NO;100.98;;100.98;100.98;1;UP
2024-10-04T05:00;2024-10-04T05:15;21;EUR;MWh;NO;NO;81.39;71.74;81.39;71.74;2;UP_AND_DOWN
2024-10-04T05:15;2024-10-04T05:30;22;EUR;MWh;NO;NO;85.98;71.74;85.98;85.98;1;UP
2024-10-04T05:30;2024-10-04T05:45;23;EUR;MWh;NO;NO;84.39;;84.39;84.39;1;UP
2024-10-04T05:45;2024-10-04T06:00;24;EUR;MWh;NO;NO;68.61;;68.61;68.61;1;UP
2024-10-04T06:00;2024-10-04T06:15;25;EUR;MWh;NO;NO;68.61;76.98;75.25;75.25;2;UP_AND_DOWN
2024-10-04T06:15;2024-10-04T06:30;26;EUR;MWh;NO;NO;;75.98;75.98;75.98;-1;DOWN
2024-10-04T06:30;2024-10-04T06:45;27;EUR;MWh;NO;NO;;81.88;81.88;81.88;-1;DOWN
2024-10-04T06:45;2024-10-04T07:00;28;EUR;MWh;NO;NO;;79.18;79.18;79.18;-1;DOWN
2024-10-04T07:00;2024-10-04T07:15;29;EUR;MWh;NO;NO;98.95;57.7;98.95;57.7;2;UP_AND_DOWN
2024-10-04T07:15;2024-10-04T07:30;30;EUR;MWh;NO;NO;100.44;57.7;100.44;100.44;1;UP
2024-10-04T07:30;2024-10-04T07:45;31;EUR;MWh;NO;NO;105;;105;105;1;UP
2024-10-04T07:45;2024-10-04T08:00;32;EUR;MWh;NO;NO;105;;105;105;1;UP
2024-10-04T08:00;2024-10-04T08:15;33;EUR;MWh;NO;NO;215.43;;215.43;215.43;1;UP
2024-10-04T08:15;2024-10-04T08:30;34;EUR;MWh;NO;NO;105;;105;105;1;UP
2024-10-04T08:30;2024-10-04T08:45;35;EUR;MWh;NO;NO;98.98;66.98;66.98;66.98;-1;DOWN
2024-10-04T08:45;2024-10-04T09:00;36;EUR;MWh;NO;NO;;42.98;42.98;42.98;-1;DOWN
2024-10-04T09:00;2024-10-04T09:15;37;EUR;MWh;NO;NO;1853.61;76.98;1853.61;76.26;2;UP_AND_DOWN
2024-10-04T09:15;2024-10-04T09:30;38;EUR;MWh;NO;NO;1853.61;57.5;57.5;57.5;-1;DOWN
2024-10-04T09:30;2024-10-04T09:45;39;EUR;MWh;NO;NO;;-100;-100;-100;-1;DOWN
2024-10-04T09:45;2024-10-04T10:00;40;EUR;MWh;NO;NO;136;-200;136;-200;2;UP_AND_DOWN
2024-10-04T10:00;2024-10-04T10:15;41;EUR;MWh;NO;NO;94.9;57.6;94.9;57.6;2;UP_AND_DOWN
2024-10-04T10:15;2024-10-04T10:30;42;EUR;MWh;NO;NO;;58.4;58.4;58.4;-1;DOWN
2024-10-04T10:30;2024-10-04T10:45;43;EUR;MWh;NO;NO;;50;50;50;-1;DOWN
2024-10-04T10:45;2024-10-04T11:00;44;EUR;MWh;NO;NO;;19.18;19.18;19.18;-1;DOWN
2024-10-04T11:00;2024-10-04T11:15;45;EUR;MWh;NO;NO;80;-65.85;80;-65.85;2;UP_AND_DOWN
2024-10-04T11:15;2024-10-04T11:30;46;EUR;MWh;NO;NO;80;34.18;34.18;34.18;-1;DOWN
2024-10-04T11:30;2024-10-04T11:45;47;EUR;MWh;NO;NO;;-30;-30;-30;-1;DOWN
2024-10-04T11:45;2024-10-04T12:00;48;EUR;MWh;NO;NO;;-45.49;-45.49;-45.49;-1;DOWN
2024-10-04T12:00;2024-10-04T12:15;49;EUR;MWh;NO;NO;;50;50;50;-1;DOWN
2024-10-04T12:15;2024-10-04T12:30;50;EUR;MWh;NO;NO;;50;50;50;-1;DOWN
2024-10-04T12:30;2024-10-04T12:45;51;EUR;MWh;NO;NO;;49.18;49.18;49.18;-1;DOWN
2024-10-04T12:45;2024-10-04T13:00;52;EUR;MWh;NO;NO;70;-51.49;74.8;-51.49;2;UP_AND_DOWN
2024-10-04T13:00;2024-10-04T13:15;53;EUR;MWh;NO;NO;240.5;-62.65;240.5;-62.65;2;UP_AND_DOWN
2024-10-04T13:15;2024-10-04T13:30;54;EUR;MWh;NO;NO;382.1;19.18;382.1;19.18;2;UP_AND_DOWN
2024-10-04T13:30;2024-10-04T13:45;55;EUR;MWh;NO;NO;89.6;50;89.6;50;2;UP_AND_DOWN
2024-10-04T13:45;2024-10-04T14:00;56;EUR;MWh;NO;NO;83.61;74.57;83.61;74.57;2;UP_AND_DOWN
2024-10-04T14:00;2024-10-04T14:15;57;EUR;MWh;NO;NO;240.5;-74;240.5;-74;2;UP_AND_DOWN
2024-10-04T14:15;2024-10-04T14:30;58;EUR;MWh;NO;NO;382.1;50;382.1;50;2;UP_AND_DOWN
2024-10-04T14:30;2024-10-04T14:45;59;EUR;MWh;NO;NO;87.44;50;87.44;87.44;1;UP
2024-10-04T14:45;2024-10-04T15:00;60;EUR;MWh;NO;NO;92.5;74.64;92.5;92.5;1;UP
2024-10-04T15:00;2024-10-04T15:15;61;EUR;MWh;NO;NO;70;-59.49;-59.49;-59.49;-1;DOWN
2024-10-04T15:15;2024-10-04T15:30;62;EUR;MWh;NO;NO;89.81;-59.49;89.81;89.81;1;UP
2024-10-04T15:30;2024-10-04T15:45;63;EUR;MWh;NO;NO;83.61;;83.61;83.61;1;UP
2024-10-04T15:45;2024-10-04T16:00;64;EUR;MWh;NO;NO;70;;70;70;1;UP
2024-10-04T16:00;2024-10-04T16:15;65;EUR;MWh;NO;NO;;69.98;69.98;69.98;-1;DOWN
2024-10-04T16:15;2024-10-04T16:30;66;EUR;MWh;NO;NO;;87.74;87.74;87.74;-1;DOWN
2024-10-04T16:30;2024-10-04T16:45;67;EUR;MWh;NO;NO;;89.74;89.74;89.74;-1;DOWN
2024-10-04T16:45;2024-10-04T17:00;68;EUR;MWh;NO;NO;;59.1;59.1;59.1;-1;DOWN
2024-10-04T17:00;2024-10-04T17:15;69;EUR;MWh;NO;NO;93.93;-1000;93.93;-1000;2;UP_AND_DOWN
2024-10-04T17:15;2024-10-04T17:30;70;EUR;MWh;NO;NO;93.93;70.44;70.44;70.44;-1;DOWN
2024-10-04T17:30;2024-10-04T17:45;71;EUR;MWh;NO;NO;;50;50;50;-1;DOWN
2024-10-04T17:45;2024-10-04T18:00;72;EUR;MWh;NO;NO;96.98;50;96.98;96.98;1;UP
2024-10-04T18:00;2024-10-04T18:15;73;EUR;MWh;NO;NO;93.86;58.98;93.86;58.98;2;UP_AND_DOWN
2024-10-04T18:15;2024-10-04T18:30;74;EUR;MWh;NO;NO;95.29;81.33;95.29;78.24;2;UP_AND_DOWN
2024-10-04T18:30;2024-10-04T18:45;75;EUR;MWh;NO;NO;105.7;;105.7;105.7;1;UP
2024-10-04T18:45;2024-10-04T19:00;76;EUR;MWh;NO;NO;119.98;;119.98;119.98;1;UP
2024-10-04T19:00;2024-10-04T19:15;77;EUR;MWh;NO;NO;105;;105;105;1;UP
2024-10-04T19:15;2024-10-04T19:30;78;EUR;MWh;NO;NO;168.63;;168.63;168.63;1;UP
2024-10-04T19:30;2024-10-04T19:45;79;EUR;MWh;NO;NO;106.06;;106.06;106.06;1;UP
2024-10-04T19:45;2024-10-04T20:00;80;EUR;MWh;NO;NO;99.8;;99.8;99.8;1;UP
2024-10-04T20:00;2024-10-04T20:15;81;EUR;MWh;NO;NO;94.39;;94.39;94.39;1;UP
2024-10-04T20:15;2024-10-04T20:30;82;EUR;MWh;NO;NO;68.61;;68.61;68.61;1;UP
2024-10-04T20:30;2024-10-04T20:45;83;EUR;MWh;NO;NO;;77.98;77.98;77.98;-1;DOWN
2024-10-04T20:45;2024-10-04T21:00;84;EUR;MWh;NO;NO;;75.98;75.98;75.98;-1;DOWN
2024-10-04T21:00;2024-10-04T21:15;85;EUR;MWh;NO;NO;105;80.64;105;78.56;2;UP_AND_DOWN
2024-10-04T21:15;2024-10-04T21:30;86;EUR;MWh;NO;NO;92.62;;92.62;92.62;1;UP
2024-10-04T21:30;2024-10-04T21:45;87;EUR;MWh;NO;NO;97.83;;97.83;97.83;1;UP
2024-10-04T21:45;2024-10-04T22:00;88;EUR;MWh;NO;NO;97.83;86.51;86.51;86.51;-1;DOWN
2024-10-04T22:00;2024-10-04T22:15;89;EUR;MWh;NO;NO;91.56;85.96;91.56;78.29;2;UP_AND_DOWN
2024-10-04T22:15;2024-10-04T22:30;90;EUR;MWh;NO;NO;90.28;;90.28;90.28;1;UP
2024-10-04T22:30;2024-10-04T22:45;91;EUR;MWh;NO;NO;93.56;;93.56;93.56;1;UP
2024-10-04T22:45;2024-10-04T23:00;92;EUR;MWh;NO;NO;83.61;83.99;83.61;83.61;1;UP
2024-10-04T23:00;2024-10-04T23:15;93;EUR;MWh;NO;NO;105;77.8;105;77.8;2;UP_AND_DOWN
2024-10-04T23:15;2024-10-04T23:30;94;EUR;MWh;NO;NO;87.53;;87.53;87.53;1;UP
2024-10-04T23:30;2024-10-04T23:45;95;EUR;MWh;NO;NO;84.59;;84.59;84.59;1;UP
2024-10-04T23:45;2024-10-05T00:00;96;EUR;MWh;NO;NO;68.61;77.79;77.79;77.79;-1;DOWN
2024-10-05T00:00;2024-10-05T00:15;1;EUR;MWh;NO;NO;;81.88;81.88;81.88;-1;DOWN
2024-10-05T00:15;2024-10-05T00:30;2;EUR;MWh;NO;NO;;;69.28;69.28;0;STABLE
2024-10-05T00:30;2024-10-05T00:45;3;EUR;MWh;NO;NO;91.35;83.33;91.35;91.35;1;UP
2024-10-05T00:45;2024-10-05T01:00;4;EUR;MWh;NO;NO;;73.71;73.71;73.71;-1;DOWN
2024-10-05T01:00;2024-10-05T01:15;5;EUR;MWh;NO;NO;86.08;68.44;86.08;68.44;2;UP_AND_DOWN
2024-10-05T01:15;2024-10-05T01:30;6;EUR;MWh;NO;NO;68.61;;68.61;68.61;1;UP
2024-10-05T01:30;2024-10-05T01:45;7;EUR;MWh;NO;NO;;;67.75;67.75;0;STABLE
2024-10-05T01:45;2024-10-05T02:00;8;EUR;MWh;NO;NO;;85.02;85.02;85.02;-1;DOWN
2024-10-05T02:00;2024-10-05T02:15;9;EUR;MWh;NO;NO;;81.53;81.53;81.53;-1;DOWN
2024-10-05T02:15;2024-10-05T02:30;10;EUR;MWh;NO;NO;;81.5;81.5;81.5;-1;DOWN
2024-10-05T02:30;2024-10-05T02:45;11;EUR;MWh;NO;NO;;84.75;84.75;84.75;-1;DOWN
2024-10-05T02:45;2024-10-05T03:00;12;EUR;MWh;NO;NO;85.76;;85.76;85.76;1;UP
2024-10-05T03:00;2024-10-05T03:15;13;EUR;MWh;NO;NO;94.18;;94.18;94.18;1;UP
2024-10-05T03:15;2024-10-05T03:30;14;EUR;MWh;NO;NO;90.77;;90.77;90.77;1;UP
2024-10-05T03:30;2024-10-05T03:45;15;EUR;MWh;NO;NO;94.02;;94.02;94.02;1;UP
2024-10-05T03:45;2024-10-05T04:00;16;EUR;MWh;NO;NO;94.04;;94.04;94.04;1;UP
2024-10-05T04:00;2024-10-05T04:15;17;EUR;MWh;NO;NO;;;67.75;67.75;0;STABLE
2024-10-05T04:15;2024-10-05T04:30;18;EUR;MWh;NO;NO;90.48;;90.48;90.48;1;UP
2024-10-05T04:30;2024-10-05T04:45;19;EUR;MWh;NO;NO;85.75;;85.75;85.75;1;UP
2024-10-05T04:45;2024-10-05T05:00;20;EUR;MWh;NO;NO;113;;113;113;1;UP
2024-10-05T05:00;2024-10-05T05:15;21;EUR;MWh;NO;NO;113;84.48;113;69.05;2;UP_AND_DOWN
2024-10-05T05:15;2024-10-05T05:30;22;EUR;MWh;NO;NO;85.98;;85.98;85.98;1;UP
2024-10-05T05:30;2024-10-05T05:45;23;EUR;MWh;NO;NO;83.61;;83.61;83.61;1;UP
2024-10-05T05:45;2024-10-05T06:00;24;EUR;MWh;NO;NO;90.48;81.23;90.48;69.05;2;UP_AND_DOWN
2024-10-05T06:00;2024-10-05T06:15;25;EUR;MWh;NO;NO;;75.98;75.98;75.98;-1;DOWN
2024-10-05T06:15;2024-10-05T06:30;26;EUR;MWh;NO;NO;;75.98;68.95;68.95;0;STABLE
2024-10-05T06:30;2024-10-05T06:45;27;EUR;MWh;NO;NO;89.34;;89.34;89.34;1;UP
2024-10-05T06:45;2024-10-05T07:00;28;EUR;MWh;NO;NO;100.98;;100.98;100.98;1;UP
2024-10-05T07:00;2024-10-05T07:15;29;EUR;MWh;NO;NO;53.61;79.18;67.3;67.3;2;UP_AND_DOWN
2024-10-05T07:15;2024-10-05T07:30;30;EUR;MWh;NO;NO;68.61;84.96;68.61;68.61;1;UP
2024-10-05T07:30;2024-10-05T07:45;31;EUR;MWh;NO;NO;88.8;;88.8;88.8;1;UP
2024-10-05T07:45;2024-10-05T08:00;32;EUR;MWh;NO;NO;88.8;;88.8;88.8;1;UP
2024-10-05T08:00;2024-10-05T08:15;33;EUR;MWh;NO;NO;113;;113;113;1;UP
2024-10-05T08:15;2024-10-05T08:30;34;EUR;MWh;NO;NO;108.16;;108.16;108.16;1;UP
2024-10-05T08:30;2024-10-05T08:45;35;EUR;MWh;NO;NO;102.25;;102.25;102.25;1;UP
2024-10-05T08:45;2024-10-05T09:00;36;EUR;MWh;NO;NO;102.25;65.31;65.31;65.31;-1;DOWN
2024-10-05T09:00;2024-10-05T09:15;37;EUR;MWh;NO;NO;74.01;79.16;74.01;68.88;2;UP_AND_DOWN
2024-10-05T09:15;2024-10-05T09:30;38;EUR;MWh;NO;NO;;64.18;64.18;64.18;-1;DOWN
2024-10-05T09:30;2024-10-05T09:45;39;EUR;MWh;NO;NO;;-100;-100;-100;-1;DOWN
2024-10-05T09:45;2024-10-05T10:00;40;EUR;MWh;NO;NO;91.98;-200;91.98;-200;2;UP_AND_DOWN
2024-10-05T10:00;2024-10-05T10:15;41;EUR;MWh;NO;NO;91.98;34.18;34.18;34.18;-1;DOWN
2024-10-05T10:15;2024-10-05T10:30;42;EUR;MWh;NO;NO;;58.4;58.4;58.4;-1;DOWN
2024-10-05T10:30;2024-10-05T10:45;43;EUR;MWh;NO;NO;;-38.38;-38.38;-38.38;-1;DOWN
2024-10-05T10:45;2024-10-05T11:00;44;EUR;MWh;NO;NO;;28.69;28.69;28.69;-1;DOWN
2024-10-05T11:00;2024-10-05T11:15;45;EUR;MWh;NO;NO;;43.69;43.69;43.69;-1;DOWN
2024-10-05T11:15;2024-10-05T11:30;46;EUR;MWh;NO;NO;91.8;51.69;91.8;51.69;2;UP_AND_DOWN
2024-10-05T11:30;2024-10-05T11:45;47;EUR;MWh;NO;NO;;51.9;51.9;51.9;-1;DOWN
2024-10-05T11:45;2024-10-05T12:00;48;EUR;MWh;NO;NO;;52.7;52.7;52.7;-1;DOWN
2024-10-05T12:00;2024-10-05T12:15;49;EUR;MWh;NO;NO;;64.18;64.18;64.18;-1;DOWN
2024-10-05T12:15;2024-10-05T12:30;50;EUR;MWh;NO;NO;;;48.35;48.35;0;STABLE
2024-10-05T12:30;2024-10-05T12:45;51;EUR;MWh;NO;NO;;86.69;86.69;86.69;-1;DOWN
2024-10-05T12:45;2024-10-05T13:00;52;EUR;MWh;NO;NO;;79.18;79.18;79.18;-1;DOWN
2024-10-05T13:00;2024-10-05T13:15;53;EUR;MWh;NO;NO;100;-43.69;100;-43.69;2;UP_AND_DOWN
2024-10-05T13:15;2024-10-05T13:30;54;EUR;MWh;NO;NO;10;-47.61;48.35;-47.61;2;UP_AND_DOWN
2024-10-05T13:30;2024-10-05T13:45;55;EUR;MWh;NO;NO;53.61;-30;70.15;-30;2;UP_AND_DOWN
2024-10-05T13:45;2024-10-05T14:00;56;EUR;MWh;NO;NO;;-30;-30;-30;-1;DOWN
2024-10-05T14:00;2024-10-05T14:15;57;EUR;MWh;NO;NO;89.3;-43.49;89.3;-43.49;2;UP_AND_DOWN
2024-10-05T14:15;2024-10-05T14:30;58;EUR;MWh;NO;NO;;-30;-30;-30;-1;DOWN
2024-10-05T14:30;2024-10-05T14:45;59;EUR;MWh;NO;NO;53.61;-30;68.47;-30;2;UP_AND_DOWN
2024-10-05T14:45;2024-10-05T15:00;60;EUR;MWh;NO;NO;53.61;-64.69;-64.69;-64.69;-1;DOWN
2024-10-05T15:00;2024-10-05T15:15;61;EUR;MWh;NO;NO;;-47.62;-47.62;-47.62;-1;DOWN
2024-10-05T15:15;2024-10-05T15:30;62;EUR;MWh;NO;NO;;-30;-30;-30;-1;DOWN
2024-10-05T15:30;2024-10-05T15:45;63;EUR;MWh;NO;NO;94.84;-30;94.84;-30;2;UP_AND_DOWN
2024-10-05T15:45;2024-10-05T16:00;64;EUR;MWh;NO;NO;94.84;-74;94.84;-74;2;UP_AND_DOWN
2024-10-05T16:00;2024-10-05T16:15;65;EUR;MWh;NO;NO;84;-122.86;-122.86;-122.86;-1;DOWN
2024-10-05T16:15;2024-10-05T16:30;66;EUR;MWh;NO;NO;84;-13.62;-13.62;-13.62;-1;DOWN
2024-10-05T16:30;2024-10-05T16:45;67;EUR;MWh;NO;NO;84;-30;84;-30;2;UP_AND_DOWN
2024-10-05T16:45;2024-10-05T17:00;68;EUR;MWh;NO;NO;84;79.18;84;78.08;2;UP_AND_DOWN
2024-10-05T17:00;2024-10-05T17:15;69;EUR;MWh;NO;NO;;32.82;32.82;32.82;-1;DOWN
2024-10-05T17:15;2024-10-05T17:30;70;EUR;MWh;NO;NO;;59.3;59.3;59.3;-1;DOWN
2024-10-05T17:30;2024-10-05T17:45;71;EUR;MWh;NO;NO;;34.18;34.18;34.18;-1;DOWN
2024-10-05T17:45;2024-10-05T18:00;72;EUR;MWh;NO;NO;84;;84;84;1;UP
2024-10-05T18:00;2024-10-05T18:15;73;EUR;MWh;NO;NO;100;71.07;100;71.07;2;UP_AND_DOWN
2024-10-05T18:15;2024-10-05T18:30;74;EUR;MWh;NO;NO;96.79;;96.79;96.79;1;UP
2024-10-05T18:30;2024-10-05T18:45;75;EUR;MWh;NO;NO;;94.49;94.49;94.49;-1;DOWN
2024-10-05T18:45;2024-10-05T19:00;76;EUR;MWh;NO;NO;;94.49;94.49;94.49;-1;DOWN
2024-10-05T19:00;2024-10-05T19:15;77;EUR;MWh;NO;NO;;84.98;84.98;84.98;-1;DOWN
2024-10-05T19:15;2024-10-05T19:30;78;EUR;MWh;NO;NO;;83.07;83.07;83.07;-1;DOWN
2024-10-05T19:30;2024-10-05T19:45;79;EUR;MWh;NO;NO;;58.2;58.2;58.2;-1;DOWN
2024-10-05T19:45;2024-10-05T20:00;80;EUR;MWh;NO;NO;;21.69;21.69;21.69;-1;DOWN
2024-10-05T20:00;2024-10-05T20:15;81;EUR;MWh;NO;NO;68.61;49.18;70.15;49.18;2;UP_AND_DOWN
2024-10-05T20:15;2024-10-05T20:30;82;EUR;MWh;NO;NO;;31.07;31.07;31.07;-1;DOWN
2024-10-05T20:30;2024-10-05T20:45;83;EUR;MWh;NO;NO;;27.69;27.69;27.69;-1;DOWN
2024-10-05T20:45;2024-10-05T21:00;84;EUR;MWh;NO;NO;53.61;52.17;70.15;52.17;2;UP_AND_DOWN
2024-10-05T21:00;2024-10-05T21:15;85;EUR;MWh;NO;NO;;71.69;71.69;71.69;-1;DOWN
2024-10-05T21:15;2024-10-05T21:30;86;EUR;MWh;NO;NO;;79.91;79.91;79.91;-1;DOWN
2024-10-05T21:30;2024-10-05T21:45;87;EUR;MWh;NO;NO;86.57;;86.57;86.57;1;UP
2024-10-05T21:45;2024-10-05T22:00;88;EUR;MWh;NO;NO;100;58.1;100;58.1;2;UP_AND_DOWN
2024-10-05T22:00;2024-10-05T22:15;89;EUR;MWh;NO;NO;;-42.06;-42.06;-42.06;-1;DOWN
2024-10-05T22:15;2024-10-05T22:30;90;EUR;MWh;NO;NO;;32.82;32.82;32.82;-1;DOWN
2024-10-05T22:30;2024-10-05T22:45;91;EUR;MWh;NO;NO;;76.64;76.64;76.64;-1;DOWN
2024-10-05T22:45;2024-10-05T23:00;92;EUR;MWh;NO;NO;;74.73;74.73;74.73;-1;DOWN
2024-10-05T23:00;2024-10-05T23:15;93;EUR;MWh;NO;NO;;51.5;51.5;51.5;-1;DOWN
2024-10-05T23:15;2024-10-05T23:30;94;EUR;MWh;NO;NO;;34.18;34.18;34.18;-1;DOWN
2024-10-05T23:30;2024-10-05T23:45;95;EUR;MWh;NO;NO;;79.84;79.84;79.84;-1;DOWN
2024-10-05T23:45;2024-10-06T00:00;96;EUR;MWh;NO;NO;;51.4;51.4;51.4;-1;DOWN
2024-10-06T00:00;2024-10-06T00:15;1;EUR;MWh;NO;NO;97.93;51.4;97.93;97.93;1;UP
2024-10-06T00:15;2024-10-06T00:30;2;EUR;MWh;NO;NO;;-28.01;-28.01;-28.01;-1;DOWN
2024-10-06T00:30;2024-10-06T00:45;3;EUR;MWh;NO;NO;;-20.12;-20.12;-20.12;-1;DOWN
2024-10-06T00:45;2024-10-06T01:00;4;EUR;MWh;NO;NO;;-19.76;-19.76;-19.76;-1;DOWN
2024-10-06T01:00;2024-10-06T01:15;5;EUR;MWh;NO;NO;;33.18;33.18;33.18;-1;DOWN
2024-10-06T01:15;2024-10-06T01:30;6;EUR;MWh;NO;NO;;83.07;83.07;83.07;-1;DOWN
2024-10-06T01:30;2024-10-06T01:45;7;EUR;MWh;NO;NO;;33.18;33.18;33.18;-1;DOWN
2024-10-06T01:45;2024-10-06T02:00;8;EUR;MWh;NO;NO;;-14.59;-14.59;-14.59;-1;DOWN
2024-10-06T02:00;2024-10-06T02:15;9;EUR;MWh;NO;NO;;83.07;83.07;83.07;-1;DOWN
2024-10-06T02:15;2024-10-06T02:30;10;EUR;MWh;NO;NO;54;;54;54;1;UP
2024-10-06T02:30;2024-10-06T02:45;11;EUR;MWh;NO;NO;83.61;;83.61;83.61;1;UP
2024-10-06T02:45;2024-10-06T03:00;12;EUR;MWh;NO;NO;75.9;;75.9;75.9;1;UP
2024-10-06T03:00;2024-10-06T03:15;13;EUR;MWh;NO;NO;100;;100;100;1;UP
2024-10-06T03:15;2024-10-06T03:30;14;EUR;MWh;NO;NO;100;;100;100;1;UP
2024-10-06T03:30;2024-10-06T03:45;15;EUR;MWh;NO;NO;75.6;;75.6;75.6;1;UP
2024-10-06T03:45;2024-10-06T04:00;16;EUR;MWh;NO;NO;67.58;;67.58;67.58;1;UP
2024-10-06T04:00;2024-10-06T04:15;17;EUR;MWh;NO;NO;;;63.34;63.34;0;STABLE
2024-10-06T04:15;2024-10-06T04:30;18;EUR;MWh;NO;NO;;;63.34;63.34;0;STABLE
2024-10-06T04:30;2024-10-06T04:45;19;EUR;MWh;NO;NO;;83.07;83.07;83.07;-1;DOWN
2024-10-06T04:45;2024-10-06T05:00;20;EUR;MWh;NO;NO;;33.18;33.18;33.18;-1;DOWN
2024-10-06T05:00;2024-10-06T05:15;21;EUR;MWh;NO;NO;;20;20;20;-1;DOWN
2024-10-06T05:15;2024-10-06T05:30;22;EUR;MWh;NO;NO;;-5.16;-5.16;-5.16;-1;DOWN
2024-10-06T05:30;2024-10-06T05:45;23;EUR;MWh;NO;NO;;-22.22;-22.22;-22.22;-1;DOWN
2024-10-06T05:45;2024-10-06T06:00;24;EUR;MWh;NO;NO;;-30;-30;-30;-1;DOWN
2024-10-06T06:00;2024-10-06T06:15;25;EUR;MWh;NO;NO;;-14.26;-14.26;-14.26;-1;DOWN
2024-10-06T06:15;2024-10-06T06:30;26;EUR;MWh;NO;NO;;43;43;43;-1;DOWN
2024-10-06T06:30;2024-10-06T06:45;27;EUR;MWh;NO;NO;;83.07;83.07;83.07;-1;DOWN
2024-10-06T06:45;2024-10-06T07:00;28;EUR;MWh;NO;NO;75.2;;75.2;75.2;1;UP
2024-10-06T07:00;2024-10-06T07:15;29;EUR;MWh;NO;NO;98.98;;98.98;98.98;1;UP
2024-10-06T07:15;2024-10-06T07:30;30;EUR;MWh;NO;NO;101.7;;101.7;101.7;1;UP
2024-10-06T07:30;2024-10-06T07:45;31;EUR;MWh;NO;NO;101.7;;101.7;101.7;1;UP
2024-10-06T07:45;2024-10-06T08:00;32;EUR;MWh;NO;NO;98.61;;98.61;98.61;1;UP
2024-10-06T08:00;2024-10-06T08:15;33;EUR;MWh;NO;NO;;77.98;77.98;77.98;-1;DOWN
2024-10-06T08:15;2024-10-06T08:30;34;EUR;MWh;NO;NO;48.12;83.07;63.34;63.34;2;UP_AND_DOWN
2024-10-06T08:30;2024-10-06T08:45;35;EUR;MWh;NO;NO;43.61;;43.61;43.61;1;UP
2024-10-06T08:45;2024-10-06T09:00;36;EUR;MWh;NO;NO;;33.18;33.18;33.18;-1;DOWN
2024-10-06T09:00;2024-10-06T09:15;37;EUR;MWh;NO;NO;;83.07;83.07;83.07;-1;DOWN
2024-10-06T09:15;2024-10-06T09:30;38;EUR;MWh;NO;NO;;43;43;43;-1;DOWN
2024-10-06T09:30;2024-10-06T09:45;39;EUR;MWh;NO;NO;;43;43;43;-1;DOWN
2024-10-06T09:45;2024-10-06T10:00;40;EUR;MWh;NO;NO;;83.07;83.07;83.07;-1;DOWN
2024-10-06T10:00;2024-10-06T10:15;41;EUR;MWh;NO;NO;;86.69;86.69;86.69;-1;DOWN
2024-10-06T10:15;2024-10-06T10:30;42;EUR;MWh;NO;NO;;86.69;86.69;86.69;-1;DOWN
2024-10-06T10:30;2024-10-06T10:45;43;EUR;MWh;NO;NO;;83.07;83.07;83.07;-1;DOWN
2024-10-06T10:45;2024-10-06T11:00;44;EUR;MWh;NO;NO;;-30;-30;-30;-1;DOWN
2024-10-06T11:00;2024-10-06T11:15;45;EUR;MWh;NO;NO;;-10.19;-10.19;-10.19;-1;DOWN
2024-10-06T11:15;2024-10-06T11:30;46;EUR;MWh;NO;NO;;33;33;33;-1;DOWN
2024-10-06T11:30;2024-10-06T11:45;47;EUR;MWh;NO;NO;;-14.9;-14.9;-14.9;-1;DOWN
2024-10-06T11:45;2024-10-06T12:00;48;EUR;MWh;NO;NO;;-15.17;-15.17;-15.17;-1;DOWN
2024-10-06T12:00;2024-10-06T12:15;49;EUR;MWh;NO;NO;100;-15.17;100;100;1;UP
2024-10-06T12:15;2024-10-06T12:30;50;EUR;MWh;NO;NO;76.7;;76.7;76.7;1;UP
2024-10-06T12:30;2024-10-06T12:45;51;EUR;MWh;NO;NO;77.4;;77.4;77.4;1;UP
2024-10-06T12:45;2024-10-06T13:00;52;EUR;MWh;NO;NO;;-15.38;-15.38;-15.38;-1;DOWN
2024-10-06T13:00;2024-10-06T13:15;53;EUR;MWh;NO;NO;;-30;-30;-30;-1;DOWN
2024-10-06T13:15;2024-10-06T13:30;54;EUR;MWh;NO;NO;;-60;-60;-60;-1;DOWN
2024-10-06T13:30;2024-10-06T13:45;55;EUR;MWh;NO;NO;;-60;-60;-60;-1;DOWN
2024-10-06T13:45;2024-10-06T14:00;56;EUR;MWh;NO;NO;;-68.39;-68.39;-68.39;-1;DOWN
2024-10-06T14:00;2024-10-06T14:15;57;EUR;MWh;NO;NO;;-45.89;-45.89;-45.89;-1;DOWN
2024-10-06T14:15;2024-10-06T14:30;58;EUR;MWh;NO;NO;;-36.89;-36.89;-36.89;-1;DOWN
2024-10-06T14:30;2024-10-06T14:45;59;EUR;MWh;NO;NO;;-60;-60;-60;-1;DOWN
2024-10-06T14:45;2024-10-06T15:00;60;EUR;MWh;NO;NO;;-53.08;-53.08;-53.08;-1;DOWN
2024-10-06T15:00;2024-10-06T15:15;61;EUR;MWh;NO;NO;;-553.06;-553.06;-553.06;-1;DOWN
2024-10-06T15:15;2024-10-06T15:30;62;EUR;MWh;NO;NO;;-285.5;-285.5;-285.5;-1;DOWN
2024-10-06T15:30;2024-10-06T15:45;63;EUR;MWh;NO;NO;135.16;-485.25;135.16;-485.25;2;UP_AND_DOWN
2024-10-06T15:45;2024-10-06T16:00;64;EUR;MWh;NO;NO;73.8;-510.41;73.8;-510.41;2;UP_AND_DOWN
2024-10-06T16:00;2024-10-06T16:15;65;EUR;MWh;NO;NO;;-30;-30;-30;-1;DOWN
2024-10-06T16:15;2024-10-06T16:30;66;EUR;MWh;NO;NO;;-50;-50;-50;-1;DOWN
2024-10-06T16:30;2024-10-06T16:45;67;EUR;MWh;NO;NO;;-40;-40;-40;-1;DOWN
2024-10-06T16:45;2024-10-06T17:00;68;EUR;MWh;NO;NO;;-31;-31;-31;-1;DOWN
2024-10-06T17:00;2024-10-06T17:15;69;EUR;MWh;NO;NO;1850.61;-91.81;1850.61;-91.81;2;UP_AND_DOWN
2024-10-06T17:15;2024-10-06T17:30;70;EUR;MWh;NO;NO;100;-30;100;-30;2;UP_AND_DOWN
2024-10-06T17:30;2024-10-06T17:45;71;EUR;MWh;NO;NO;94.6;33.18;94.6;33.18;2;UP_AND_DOWN
2024-10-06T17:45;2024-10-06T18:00;72;EUR;MWh;NO;NO;100;;100;100;1;UP
2024-10-06T18:00;2024-10-06T18:15;73;EUR;MWh;NO;NO;93.21;59.98;93.21;59.98;2;UP_AND_DOWN
2024-10-06T18:15;2024-10-06T18:30;74;EUR;MWh;NO;NO;92.85;83.07;92.85;63.34;2;UP_AND_DOWN
2024-10-06T18:30;2024-10-06T18:45;75;EUR;MWh;NO;NO;94.5;;94.5;94.5;1;UP
2024-10-06T18:45;2024-10-06T19:00;76;EUR;MWh;NO;NO;;;63.34;63.34;0;STABLE
2024-10-06T19:00;2024-10-06T19:15;77;EUR;MWh;NO;NO;;-6.44;-6.44;-6.44;-1;DOWN
2024-10-06T19:15;2024-10-06T19:30;78;EUR;MWh;NO;NO;54;;54;54;1;UP
2024-10-06T19:30;2024-10-06T19:45;79;EUR;MWh;NO;NO;43.61;;43.61;43.61;1;UP
2024-10-06T19:45;2024-10-06T20:00;80;EUR;MWh;NO;NO;;-4.97;-4.97;-4.97;-1;DOWN
2024-10-06T20:00;2024-10-06T20:15;81;EUR;MWh;NO;NO;;-30;-30;-30;-1;DOWN
2024-10-06T20:15;2024-10-06T20:30;82;EUR;MWh;NO;NO;;-22.79;-22.79;-22.79;-1;DOWN
2024-10-06T20:30;2024-10-06T20:45;83;EUR;MWh;NO;NO;;-5.03;-5.03;-5.03;-1;DOWN
2024-10-06T20:45;2024-10-06T21:00;84;EUR;MWh;NO;NO;;10;10;10;-1;DOWN
2024-10-06T21:00;2024-10-06T21:15;85;EUR;MWh;NO;NO;47.13;10;47.13;47.13;1;UP
2024-10-06T21:15;2024-10-06T21:30;86;EUR;MWh;NO;NO;49.98;;49.98;49.98;1;UP
2024-10-06T21:30;2024-10-06T21:45;87;EUR;MWh;NO;NO;51.94;;51.94;51.94;1;UP
2024-10-06T21:45;2024-10-06T22:00;88;EUR;MWh;NO;NO;75.8;;75.8;75.8;1;UP
2024-10-06T22:00;2024-10-06T22:15;89;EUR;MWh;NO;NO;100;;100;100;1;UP
2024-10-06T22:15;2024-10-06T22:30;90;EUR;MWh;NO;NO;106.98;;106.98;106.98;1;UP
2024-10-06T22:30;2024-10-06T22:45;91;EUR;MWh;NO;NO;92.98;;92.98;92.98;1;UP
2024-10-06T22:45;2024-10-06T23:00;92;EUR;MWh;NO;NO;40.78;;60.85;60.85;0;STABLE
2024-10-06T23:00;2024-10-06T23:15;93;EUR;MWh;NO;NO;272.52;;272.52;272.52;1;UP
2024-10-06T23:15;2024-10-06T23:30;94;EUR;MWh;NO;NO;103.55;;103.55;103.55;1;UP
2024-10-06T23:30;2024-10-06T23:45;95;EUR;MWh;NO;NO;100;10;10;10;-1;DOWN
2024-10-06T23:45;2024-10-07T00:00;96;EUR;MWh;NO;NO;102.45;10;102.45;102.45;1;UP
2024-10-07T00:00;2024-10-07T00:15;1;EUR;MWh;NO;NO;166.69;;166.69;166.69;1;UP
2024-10-07T00:15;2024-10-07T00:30;2;EUR;MWh;NO;NO;112.69;;112.69;112.69;1;UP
2024-10-07T00:30;2024-10-07T00:45;3;EUR;MWh;NO;NO;;;59.81;59.81;0;STABLE
2024-10-07T00:45;2024-10-07T01:00;4;EUR;MWh;NO;NO;;;59.81;59.81;0;STABLE
2024-10-07T01:00;2024-10-07T01:15;5;EUR;MWh;NO;NO;90;;90;90;1;UP
2024-10-07T01:15;2024-10-07T01:30;6;EUR;MWh;NO;NO;84.1;;84.1;84.1;1;UP
2024-10-07T01:30;2024-10-07T01:45;7;EUR;MWh;NO;NO;43.61;;43.61;43.61;1;UP
2024-10-07T01:45;2024-10-07T02:00;8;EUR;MWh;NO;NO;37.83;;37.83;37.83;1;UP
2024-10-07T02:00;2024-10-07T02:15;9;EUR;MWh;NO;NO;;11;11;11;-1;DOWN
2024-10-07T02:15;2024-10-07T02:30;10;EUR;MWh;NO;NO;;34.18;34.18;34.18;-1;DOWN
2024-10-07T02:30;2024-10-07T02:45;11;EUR;MWh;NO;NO;;-10.16;-10.16;-10.16;-1;DOWN
2024-10-07T02:45;2024-10-07T03:00;12;EUR;MWh;NO;NO;;34.18;34.18;34.18;-1;DOWN
2024-10-07T03:00;2024-10-07T03:15;13;EUR;MWh;NO;NO;;49.18;49.18;49.18;-1;DOWN
2024-10-07T03:15;2024-10-07T03:30;14;EUR;MWh;NO;NO;;79.18;79.18;79.18;-1;DOWN
2024-10-07T03:30;2024-10-07T03:45;15;EUR;MWh;NO;NO;;79.18;79.18;79.18;-1;DOWN
2024-10-07T03:45;2024-10-07T04:00;16;EUR;MWh;NO;NO;;11;11;11;-1;DOWN
2024-10-07T04:00;2024-10-07T04:15;17;EUR;MWh;NO;NO;90.8;-1;90.8;-1;2;UP_AND_DOWN
2024-10-07T04:15;2024-10-07T04:30;18;EUR;MWh;NO;NO;100;;100;100;1;UP
2024-10-07T04:30;2024-10-07T04:45;19;EUR;MWh;NO;NO;;;61.4;61.4;0;STABLE
2024-10-07T04:45;2024-10-07T05:00;20;EUR;MWh;NO;NO;;-40.38;-40.38;-40.38;-1;DOWN
2024-10-07T05:00;2024-10-07T05:15;21;EUR;MWh;NO;NO;;-59.46;-59.46;-59.46;-1;DOWN
2024-10-07T05:15;2024-10-07T05:30;22;EUR;MWh;NO;NO;;-30;-30;-30;-1;DOWN
2024-10-07T05:30;2024-10-07T05:45;23;EUR;MWh;NO;NO;;-10.06;-10.06;-10.06;-1;DOWN
2024-10-07T05:45;2024-10-07T06:00;24;EUR;MWh;NO;NO;43.61;79.18;61.4;61.4;0;STABLE
2024-10-07T06:00;2024-10-07T06:15;25;EUR;MWh;NO;NO;90;-35;90;-35;2;UP_AND_DOWN
2024-10-07T06:15;2024-10-07T06:30;26;EUR;MWh;NO;NO;;;62.3;62.3;0;STABLE
2024-10-07T06:30;2024-10-07T06:45;27;EUR;MWh;NO;NO;;;62.3;62.3;0;STABLE
2024-10-07T06:45;2024-10-07T07:00;28;EUR;MWh;NO;NO;65.61;;65.61;65.61;1;UP
2024-10-07T07:00;2024-10-07T07:15;29;EUR;MWh;NO;NO;1843.61;-144.86;1843.61;-144.86;2;UP_AND_DOWN
2024-10-07T07:15;2024-10-07T07:30;30;EUR;MWh;NO;NO;1843.61;-310.43;1843.61;-310.43;2;UP_AND_DOWN
2024-10-07T07:30;2024-10-07T07:45;31;EUR;MWh;NO;NO;;40.78;40.78;40.78;-1;DOWN
2024-10-07T07:45;2024-10-07T08:00;32;EUR;MWh;NO;NO;;55.78;55.78;55.78;-1;DOWN
2024-10-07T08:00;2024-10-07T08:15;33;EUR;MWh;NO;NO;140.78;-23.33;140.78;-23.33;2;UP_AND_DOWN
2024-10-07T08:15;2024-10-07T08:30;34;EUR;MWh;NO;NO;100;75.78;100;64.7;2;UP_AND_DOWN
2024-10-07T08:30;2024-10-07T08:45;35;EUR;MWh;NO;NO;;;64.09;64.09;0;STABLE
2024-10-07T08:45;2024-10-07T09:00;36;EUR;MWh;NO;NO;;74.57;74.57;74.57;-1;DOWN
2024-10-07T09:00;2024-10-07T09:15;37;EUR;MWh;NO;NO;122.03;83.01;122.03;63.31;2;UP_AND_DOWN
2024-10-07T09:15;2024-10-07T09:30;38;EUR;MWh;NO;NO;122.03;-20.19;-20.19;-20.19;-1;DOWN
2024-10-07T09:30;2024-10-07T09:45;39;EUR;MWh;NO;NO;;-30;-30;-30;-1;DOWN
2024-10-07T09:45;2024-10-07T10:00;40;EUR;MWh;NO;NO;62.57;-30.69;63.31;-30.69;2;UP_AND_DOWN
2024-10-07T10:00;2024-10-07T10:15;41;EUR;MWh;NO;NO;83.98;-35;83.98;-35;2;UP_AND_DOWN
2024-10-07T10:15;2024-10-07T10:30;42;EUR;MWh;NO;NO;;-37;-37;-37;-1;DOWN
2024-10-07T10:30;2024-10-07T10:45;43;EUR;MWh;NO;NO;;-56.2;-56.2;-56.2;-1;DOWN
2024-10-07T10:45;2024-10-07T11:00;44;EUR;MWh;NO;NO;;-200;-200;-200;-1;DOWN
2024-10-07T11:00;2024-10-07T11:15;45;EUR;MWh;NO;NO;65.61;-91.62;65.61;-91.62;2;UP_AND_DOWN
2024-10-07T11:15;2024-10-07T11:30;46;EUR;MWh;NO;NO;;-74;-74;-74;-1;DOWN
2024-10-07T11:30;2024-10-07T11:45;47;EUR;MWh;NO;NO;;-65;-65;-65;-1;DOWN
2024-10-07T11:45;2024-10-07T12:00;48;EUR;MWh;NO;NO;;-70;-70;-70;-1;DOWN
2024-10-07T12:00;2024-10-07T12:15;49;EUR;MWh;NO;NO;42.66;-35;60.92;-35;2;UP_AND_DOWN
2024-10-07T12:15;2024-10-07T12:30;50;EUR;MWh;NO;NO;42.66;-30;-30;-30;-1;DOWN
2024-10-07T12:30;2024-10-07T12:45;51;EUR;MWh;NO;NO;;-9.44;-9.44;-9.44;-1;DOWN
2024-10-07T12:45;2024-10-07T13:00;52;EUR;MWh;NO;NO;;-4.84;-4.84;-4.84;-1;DOWN
2024-10-07T13:00;2024-10-07T13:15;53;EUR;MWh;NO;NO;94.67;-18.89;94.67;-18.89;2;UP_AND_DOWN
2024-10-07T13:15;2024-10-07T13:30;54;EUR;MWh;NO;NO;1851.61;;1851.61;1851.61;1;UP
2024-10-07T13:30;2024-10-07T13:45;55;EUR;MWh;NO;NO;1851.61;-111.38;1851.61;-111.38;2;UP_AND_DOWN
2024-10-07T13:45;2024-10-07T14:00;56;EUR;MWh;NO;NO;70;-13.94;70;-13.94;2;UP_AND_DOWN
2024-10-07T14:00;2024-10-07T14:15;57;EUR;MWh;NO;NO;83.5;-55;83.5;-55;2;UP_AND_DOWN
2024-10-07T14:15;2024-10-07T14:30;58;EUR;MWh;NO;NO;90.1;-24.08;90.1;-24.08;2;UP_AND_DOWN
2024-10-07T14:30;2024-10-07T14:45;59;EUR;MWh;NO;NO;200;-9.44;200;-9.44;2;UP_AND_DOWN
2024-10-07T14:45;2024-10-07T15:00;60;EUR;MWh;NO;NO;150.98;-45;150.98;-45;2;UP_AND_DOWN
2024-10-07T15:00;2024-10-07T15:15;61;EUR;MWh;NO;NO;91;-224.15;91;-224.15;2;UP_AND_DOWN
2024-10-07T15:15;2024-10-07T15:30;62;EUR;MWh;NO;NO;91;-100;91;-100;2;UP_AND_DOWN
2024-10-07T15:30;2024-10-07T15:45;63;EUR;MWh;NO;NO;91;-60;91;-60;2;UP_AND_DOWN
2024-10-07T15:45;2024-10-07T16:00;64;EUR;MWh;NO;NO;65.61;-65;65.61;-65;2;UP_AND_DOWN
2024-10-07T16:00;2024-10-07T16:15;65;EUR;MWh;NO;NO;83.61;-40;83.61;-40;2;UP_AND_DOWN
2024-10-07T16:15;2024-10-07T16:30;66;EUR;MWh;NO;NO;83.61;85.17;85.17;85.17;-1;DOWN
2024-10-07T16:30;2024-10-07T16:45;67;EUR;MWh;NO;NO;;;64.39;64.39;0;STABLE
2024-10-07T16:45;2024-10-07T17:00;68;EUR;MWh;NO;NO;;83.67;83.67;83.67;-1;DOWN
2024-10-07T17:00;2024-10-07T17:15;69;EUR;MWh;NO;NO;43.61;83.01;83.01;83.01;-1;DOWN
2024-10-07T17:15;2024-10-07T17:30;70;EUR;MWh;NO;NO;142.59;;142.59;142.59;1;UP
2024-10-07T17:30;2024-10-07T17:45;71;EUR;MWh;NO;NO;139.32;;139.32;139.32;1;UP
2024-10-07T17:45;2024-10-07T18:00;72;EUR;MWh;NO;NO;127.59;;127.59;127.59;1;UP
2024-10-07T18:00;2024-10-07T18:15;73;EUR;MWh;NO;NO;54;-71.69;64.39;-71.69;2;UP_AND_DOWN
2024-10-07T18:15;2024-10-07T18:30;74;EUR;MWh;NO;NO;;47.56;47.56;47.56;-1;DOWN
2024-10-07T18:30;2024-10-07T18:45;75;EUR;MWh;NO;NO;54;47.56;54;54;1;UP
2024-10-07T18:45;2024-10-07T19:00;76;EUR;MWh;NO;NO;43.61;;43.61;43.61;1;UP
2024-10-07T19:00;2024-10-07T19:15;77;EUR;MWh;NO;NO;43.61;80.67;80.67;80.67;-1;DOWN
2024-10-07T19:15;2024-10-07T19:30;78;EUR;MWh;NO;NO;;76.17;76.17;76.17;-1;DOWN
2024-10-07T19:30;2024-10-07T19:45;79;EUR;MWh;NO;NO;;36.98;36.98;36.98;-1;DOWN
2024-10-07T19:45;2024-10-07T20:00;80;EUR;MWh;NO;NO;;37.94;37.94;37.94;-1;DOWN
2024-10-07T20:00;2024-10-07T20:15;81;EUR;MWh;NO;NO;54;37.94;54;54;1;UP
2024-10-07T20:15;2024-10-07T20:30;82;EUR;MWh;NO;NO;107.43;80.43;107.43;64.37;2;UP_AND_DOWN
2024-10-07T20:30;2024-10-07T20:45;83;EUR;MWh;NO;NO;;83.01;83.01;83.01;-1;DOWN
2024-10-07T20:45;2024-10-07T21:00;84;EUR;MWh;NO;NO;;76.17;76.17;76.17;-1;DOWN
2024-10-07T21:00;2024-10-07T21:15;85;EUR;MWh;NO;NO;103.7;70.47;103.7;64.34;2;UP_AND_DOWN
2024-10-07T21:15;2024-10-07T21:30;86;EUR;MWh;NO;NO;93.59;;93.59;93.59;1;UP
2024-10-07T21:30;2024-10-07T21:45;87;EUR;MWh;NO;NO;54;;54;54;1;UP
2024-10-07T21:45;2024-10-07T22:00;88;EUR;MWh;NO;NO;92.35;84.96;92.35;92.35;1;UP
2024-10-07T22:00;2024-10-07T22:15;89;EUR;MWh;NO;NO;54;79.73;63.8;63.8;2;UP_AND_DOWN
2024-10-07T22:15;2024-10-07T22:30;90;EUR;MWh;NO;NO;137.35;;137.35;137.35;1;UP
2024-10-07T22:30;2024-10-07T22:45;91;EUR;MWh;NO;NO;103.7;;103.7;103.7;1;UP
2024-10-07T22:45;2024-10-07T23:00;92;EUR;MWh;NO;NO;92.62;84.96;92.62;64.29;2;UP_AND_DOWN
2024-10-07T23:00;2024-10-07T23:15;93;EUR;MWh;NO;NO;92.62;82.59;82.59;82.59;-1;DOWN
2024-10-07T23:15;2024-10-07T23:30;94;EUR;MWh;NO;NO;;57.59;57.59;57.59;-1;DOWN
2024-10-07T23:30;2024-10-07T23:45;95;EUR;MWh;NO;NO;;-13.51;-13.51;-13.51;-1;DOWN
2024-10-07T23:45;2024-10-08T00:00;96;EUR;MWh;NO;NO;43.61;-30;64.09;-30;2;UP_AND_DOWN
2024-10-08T00:00;2024-10-08T00:15;1;EUR;MWh;NO;NO;101.9;-28.41;101.9;-28.41;2;UP_AND_DOWN
2024-10-08T00:15;2024-10-08T00:30;2;EUR;MWh;NO;NO;101.9;;101.9;101.9;1;UP
2024-10-08T00:30;2024-10-08T00:45;3;EUR;MWh;NO;NO;105.93;;105.93;105.93;1;UP
2024-10-08T00:45;2024-10-08T01:00;4;EUR;MWh;NO;NO;100.93;;100.93;100.93;1;UP
2024-10-08T01:00;2024-10-08T01:15;5;EUR;MWh;NO;NO;54;;54;54;1;UP
2024-10-08T01:15;2024-10-08T01:30;6;EUR;MWh;NO;NO;54;-21.31;81.59;-21.31;2;UP_AND_DOWN
2024-10-08T01:30;2024-10-08T01:45;7;EUR;MWh;NO;NO;;-10.28;-10.28;-10.28;-1;DOWN
2024-10-08T01:45;2024-10-08T02:00;8;EUR;MWh;NO;NO;;-10.34;-10.34;-10.34;-1;DOWN
2024-10-08T02:00;2024-10-08T02:15;9;EUR;MWh;NO;NO;;-10.38;-10.38;-10.38;-1;DOWN
2024-10-08T02:15;2024-10-08T02:30;10;EUR;MWh;NO;NO;;;81.59;81.59;0;STABLE
2024-10-08T02:30;2024-10-08T02:45;11;EUR;MWh;NO;NO;;19.18;19.18;19.18;-1;DOWN
2024-10-08T02:45;2024-10-08T03:00;12;EUR;MWh;NO;NO;;19.18;19.18;19.18;-1;DOWN
2024-10-08T03:00;2024-10-08T03:15;13;EUR;MWh;NO;NO;;;81.59;81.59;0;STABLE
2024-10-08T03:15;2024-10-08T03:30;14;EUR;MWh;NO;NO;;;81.59;81.59;0;STABLE
2024-10-08T03:30;2024-10-08T03:45;15;EUR;MWh;NO;NO;;-4.84;-4.84;-4.84;-1;DOWN
2024-10-08T03:45;2024-10-08T04:00;16;EUR;MWh;NO;NO;;-30;-30;-30;-1;DOWN
2024-10-08T04:00;2024-10-08T04:15;17;EUR;MWh;NO;NO;;-10.16;-10.16;-10.16;-1;DOWN
2024-10-08T04:15;2024-10-08T04:30;18;EUR;MWh;NO;NO;;68.98;68.98;68.98;-1;DOWN
2024-10-08T04:30;2024-10-08T04:45;19;EUR;MWh;NO;NO;;64.18;64.18;64.18;-1;DOWN
2024-10-08T04:45;2024-10-08T05:00;20;EUR;MWh;NO;NO;86.62;71.98;86.62;71.98;2;UP_AND_DOWN
2024-10-08T05:00;2024-10-08T05:15;21;EUR;MWh;NO;NO;89.69;;89.69;89.69;1;UP
2024-10-08T05:15;2024-10-08T05:30;22;EUR;MWh;NO;NO;;-35.93;-35.93;-35.93;-1;DOWN
2024-10-08T05:30;2024-10-08T05:45;23;EUR;MWh;NO;NO;;-5.04;-5.04;-5.04;-1;DOWN
2024-10-08T05:45;2024-10-08T06:00;24;EUR;MWh;NO;NO;;-30;-30;-30;-1;DOWN
2024-10-08T06:00;2024-10-08T06:15;25;EUR;MWh;NO;NO;;-30;96.4;96.4;0;STABLE
2024-10-08T06:15;2024-10-08T06:30;26;EUR;MWh;NO;NO;;67.84;67.84;67.84;-1;DOWN
2024-10-08T06:30;2024-10-08T06:45;27;EUR;MWh;NO;NO;;74.3;74.3;74.3;-1;DOWN
2024-10-08T06:45;2024-10-08T07:00;28;EUR;MWh;NO;NO;;94.18;94.18;94.18;-1;DOWN
2024-10-08T07:00;2024-10-08T07:15;29;EUR;MWh;NO;NO;90.96;-113.05;96.4;-113.05;2;UP_AND_DOWN
2024-10-08T07:15;2024-10-08T07:30;30;EUR;MWh;NO;NO;89.62;-100;-100;-100;-1;DOWN
2024-10-08T07:30;2024-10-08T07:45;31;EUR;MWh;NO;NO;90.11;-30;96.4;-30;2;UP_AND_DOWN
2024-10-08T07:45;2024-10-08T08:00;32;EUR;MWh;NO;NO;;19.18;19.18;19.18;-1;DOWN
2024-10-08T08:00;2024-10-08T08:15;33;EUR;MWh;NO;NO;;-30;-30;-30;-1;DOWN
2024-10-08T08:15;2024-10-08T08:30;34;EUR;MWh;NO;NO;;52.7;52.7;52.7;-1;DOWN
2024-10-08T08:30;2024-10-08T08:45;35;EUR;MWh;NO;NO;;-31;-31;-31;-1;DOWN
2024-10-08T08:45;2024-10-08T09:00;36;EUR;MWh;NO;NO;;-13.84;-13.84;-13.84;-1;DOWN
2024-10-08T09:00;2024-10-08T09:15;37;EUR;MWh;NO;NO;;-45.82;-45.82;-45.82;-1;DOWN
2024-10-08T09:15;2024-10-08T09:30;38;EUR;MWh;NO;NO;;-10.28;-10.28;-10.28;-1;DOWN
2024-10-08T09:30;2024-10-08T09:45;39;EUR;MWh;NO;NO;;-32;-32;-32;-1;DOWN
2024-10-08T09:45;2024-10-08T10:00;40;EUR;MWh;NO;NO;;-19.94;-19.94;-19.94;-1;DOWN
2024-10-08T10:00;2024-10-08T10:15;41;EUR;MWh;NO;NO;;-30;-30;-30;-1;DOWN
2024-10-08T10:15;2024-10-08T10:30;42;EUR;MWh;NO;NO;;-31;-31;-31;-1;DOWN
2024-10-08T10:30;2024-10-08T10:45;43;EUR;MWh;NO;NO;;-60;-60;-60;-1;DOWN
2024-10-08T10:45;2024-10-08T11:00;44;EUR;MWh;NO;NO;;-40.38;-40.38;-40.38;-1;DOWN
2024-10-08T11:00;2024-10-08T11:15;45;EUR;MWh;NO;NO;;-30;-30;-30;-1;DOWN
2024-10-08T11:15;2024-10-08T11:30;46;EUR;MWh;NO;NO;;-45;-45;-45;-1;DOWN
2024-10-08T11:30;2024-10-08T11:45;47;EUR;MWh;NO;NO;;-100;-100;-100;-1;DOWN
2024-10-08T11:45;2024-10-08T12:00;48;EUR;MWh;NO;NO;;-123.58;-123.58;-123.58;-1;DOWN
2024-10-08T12:00;2024-10-08T12:15;49;EUR;MWh;NO;NO;;-40;-40;-40;-1;DOWN
2024-10-08T12:15;2024-10-08T12:30;50;EUR;MWh;NO;NO;82.37;-123.58;-123.58;-123.58;-1;DOWN
2024-10-08T12:30;2024-10-08T12:45;51;EUR;MWh;NO;NO;90.6;-344.16;95.78;-344.16;2;UP_AND_DOWN
2024-10-08T12:45;2024-10-08T13:00;52;EUR;MWh;NO;NO;95.37;-203.24;95.78;-203.24;2;UP_AND_DOWN
2024-10-08T13:00;2024-10-08T13:15;53;EUR;MWh;NO;NO;1853.61;-103.31;1853.61;-103.31;2;UP_AND_DOWN
2024-10-08T13:15;2024-10-08T13:30;54;EUR;MWh;NO;NO;87.74;-74;-74;-74;-1;DOWN
2024-10-08T13:30;2024-10-08T13:45;55;EUR;MWh;NO;NO;90.5;-30;96.4;-30;2;UP_AND_DOWN
2024-10-08T13:45;2024-10-08T14:00;56;EUR;MWh;NO;NO;;-13.94;-13.94;-13.94;-1;DOWN
2024-10-08T14:00;2024-10-08T14:15;57;EUR;MWh;NO;NO;;-31;-31;-31;-1;DOWN
2024-10-08T14:15;2024-10-08T14:30;58;EUR;MWh;NO;NO;96.86;-34.99;96.86;-34.99;2;UP_AND_DOWN
2024-10-08T14:30;2024-10-08T14:45;59;EUR;MWh;NO;NO;25;-30;-30;-30;-1;DOWN
2024-10-08T14:45;2024-10-08T15:00;60;EUR;MWh;NO;NO;;-30;-30;-30;-1;DOWN
2024-10-08T15:00;2024-10-08T15:15;61;EUR;MWh;NO;NO;64.81;-25.38;87;-25.38;2;UP_AND_DOWN
2024-10-08T15:15;2024-10-08T15:30;62;EUR;MWh;NO;NO;64.87;52;87.03;52;2;UP_AND_DOWN
2024-10-08T15:30;2024-10-08T15:45;63;EUR;MWh;NO;NO;;78.94;78.94;78.94;-1;DOWN
2024-10-08T15:45;2024-10-08T16:00;64;EUR;MWh;NO;NO;;-30;-30;-30;-1;DOWN
2024-10-08T16:00;2024-10-08T16:15;65;EUR;MWh;NO;NO;89.6;-30;96.4;-30;2;UP_AND_DOWN
2024-10-08T16:15;2024-10-08T16:30;66;EUR;MWh;NO;NO;89.12;81.18;96.4;81.18;2;UP_AND_DOWN
2024-10-08T16:30;2024-10-08T16:45;67;EUR;MWh;NO;NO;;84.18;84.18;84.18;-1;DOWN
2024-10-08T16:45;2024-10-08T17:00;68;EUR;MWh;NO;NO;;109.18;109.18;109.18;-1;DOWN
2024-10-08T17:00;2024-10-08T17:15;69;EUR;MWh;NO;NO;;70.68;70.68;70.68;-1;DOWN
2024-10-08T17:15;2024-10-08T17:30;70;EUR;MWh;NO;NO;;84.18;84.18;84.18;-1;DOWN
2024-10-08T17:30;2024-10-08T17:45;71;EUR;MWh;NO;NO;;53.1;53.1;53.1;-1;DOWN
2024-10-08T17:45;2024-10-08T18:00;72;EUR;MWh;NO;NO;;83.69;83.69;83.69;-1;DOWN
2024-10-08T18:00;2024-10-08T18:15;73;EUR;MWh;NO;NO;382.1;-30;382.1;-30;2;UP_AND_DOWN
2024-10-08T18:15;2024-10-08T18:30;74;EUR;MWh;NO;NO;101.08;;101.08;101.08;1;UP
2024-10-08T18:30;2024-10-08T18:45;75;EUR;MWh;NO;NO;54;;54;54;1;UP
2024-10-08T18:45;2024-10-08T19:00;76;EUR;MWh;NO;NO;96.98;;96.98;96.98;1;UP
2024-10-08T19:00;2024-10-08T19:15;77;EUR;MWh;NO;NO;123.61;;123.61;123.61;1;UP
2024-10-08T19:15;2024-10-08T19:30;78;EUR;MWh;NO;NO;126.83;;126.83;126.83;1;UP
2024-10-08T19:30;2024-10-08T19:45;79;EUR;MWh;NO;NO;116.4;;116.4;116.4;1;UP
2024-10-08T19:45;2024-10-08T20:00;80;EUR;MWh;NO;NO;111.98;80.38;80.38;80.38;-1;DOWN
2024-10-08T20:00;2024-10-08T20:15;81;EUR;MWh;NO;NO;91.33;84.18;91.33;81.59;2;UP_AND_DOWN
2024-10-08T20:15;2024-10-08T20:30;82;EUR;MWh;NO;NO;54;70.68;81.59;70.68;2;UP_AND_DOWN
2024-10-08T20:30;2024-10-08T20:45;83;EUR;MWh;NO;NO;;-30;-30;-30;-1;DOWN
2024-10-08T20:45;2024-10-08T21:00;84;EUR;MWh;NO;NO;95.11;-31;95.11;-31;2;UP_AND_DOWN
2024-10-08T21:00;2024-10-08T21:15;85;EUR;MWh;NO;NO;;-30;-30;-30;-1;DOWN
2024-10-08T21:15;2024-10-08T21:30;86;EUR;MWh;NO;NO;87.61;-30;87.61;-30;2;UP_AND_DOWN
2024-10-08T21:30;2024-10-08T21:45;87;EUR;MWh;NO;NO;;-30;-30;-30;-1;DOWN
2024-10-08T21:45;2024-10-08T22:00;88;EUR;MWh;NO;NO;;-60;-60;-60;-1;DOWN
2024-10-08T22:00;2024-10-08T22:15;89;EUR;MWh;NO;NO;98.56;-23.65;98.56;-23.65;2;UP_AND_DOWN
2024-10-08T22:15;2024-10-08T22:30;90;EUR;MWh;NO;NO;83.61;76.63;83.61;76.63;2;UP_AND_DOWN
2024-10-08T22:30;2024-10-08T22:45;91;EUR;MWh;NO;NO;;-30;-30;-30;-1;DOWN
2024-10-08T22:45;2024-10-08T23:00;92;EUR;MWh;NO;NO;93.56;-30;93.56;-30;2;UP_AND_DOWN
2024-10-08T23:00;2024-10-08T23:15;93;EUR;MWh;NO;NO;;76.58;76.58;76.58;-1;DOWN
2024-10-08T23:15;2024-10-08T23:30;94;EUR;MWh;NO;NO;;76.54;76.54;76.54;-1;DOWN
2024-10-08T23:30;2024-10-08T23:45;95;EUR;MWh;NO;NO;;-15.38;-15.38;-15.38;-1;DOWN
2024-10-08T23:45;2024-10-09T00:00;96;EUR;MWh;NO;NO;;-13.54;-13.54;-13.54;-1;DOWN
2024-10-09T00:00;2024-10-09T00:15;1;EUR;MWh;NO;NO;;-8.18;-8.18;-8.18;-1;DOWN
2024-10-09T00:15;2024-10-09T00:30;2;EUR;MWh;NO;NO;;-13.79;-13.79;-13.79;-1;DOWN
2024-10-09T00:30;2024-10-09T00:45;3;EUR;MWh;NO;NO;;29.18;29.18;29.18;-1;DOWN
2024-10-09T00:45;2024-10-09T01:00;4;EUR;MWh;NO;NO;;82.19;82.19;82.19;-1;DOWN
2024-10-09T01:00;2024-10-09T01:15;5;EUR;MWh;NO;NO;87.01;82.19;87.01;87.01;1;UP
2024-10-09T01:15;2024-10-09T01:30;6;EUR;MWh;NO;NO;88.77;;88.77;88.77;1;UP
2024-10-09T01:30;2024-10-09T01:45;7;EUR;MWh;NO;NO;;;67.6;67.6;0;STABLE
2024-10-09T01:45;2024-10-09T02:00;8;EUR;MWh;NO;NO;;29.18;29.18;29.18;-1;DOWN
2024-10-09T02:00;2024-10-09T02:15;9;EUR;MWh;NO;NO;;29.18;29.18;29.18;-1;DOWN
2024-10-09T02:15;2024-10-09T02:30;10;EUR;MWh;NO;NO;;82.19;82.19;82.19;-1;DOWN
2024-10-09T02:30;2024-10-09T02:45;11;EUR;MWh;NO;NO;;82.19;82.19;82.19;-1;DOWN
2024-10-09T02:45;2024-10-09T03:00;12;EUR;MWh;NO;NO;;-13.8;-13.8;-13.8;-1;DOWN
2024-10-09T03:00;2024-10-09T03:15;13;EUR;MWh;NO;NO;;-24.95;-24.95;-24.95;-1;DOWN
2024-10-09T03:15;2024-10-09T03:30;14;EUR;MWh;NO;NO;;-30;-30;-30;-1;DOWN
2024-10-09T03:30;2024-10-09T03:45;15;EUR;MWh;NO;NO;;-34.29;-34.29;-34.29;-1;DOWN
2024-10-09T03:45;2024-10-09T04:00;16;EUR;MWh;NO;NO;;-45;-45;-45;-1;DOWN
2024-10-09T04:00;2024-10-09T04:15;17;EUR;MWh;NO;NO;90.8;-30;90.8;-30;2;UP_AND_DOWN
2024-10-09T04:15;2024-10-09T04:30;18;EUR;MWh;NO;NO;90.8;-22.29;-22.29;-22.29;-1;DOWN
2024-10-09T04:30;2024-10-09T04:45;19;EUR;MWh;NO;NO;;-8.39;-8.39;-8.39;-1;DOWN
2024-10-09T04:45;2024-10-09T05:00;20;EUR;MWh;NO;NO;;-20.17;-20.17;-20.17;-1;DOWN
2024-10-09T05:00;2024-10-09T05:15;21;EUR;MWh;NO;NO;;-24.76;-24.76;-24.76;-1;DOWN
2024-10-09T05:15;2024-10-09T05:30;22;EUR;MWh;NO;NO;;;66.32;66.32;0;STABLE
2024-10-09T05:30;2024-10-09T05:45;23;EUR;MWh;NO;NO;;29.18;29.18;29.18;-1;DOWN
2024-10-09T05:45;2024-10-09T06:00;24;EUR;MWh;NO;NO;;-30;-30;-30;-1;DOWN
2024-10-09T06:00;2024-10-09T06:15;25;EUR;MWh;NO;NO;92.13;-157.65;92.13;-157.65;2;UP_AND_DOWN
2024-10-09T06:15;2024-10-09T06:30;26;EUR;MWh;NO;NO;78.61;-49.33;78.61;-49.33;2;UP_AND_DOWN
2024-10-09T06:30;2024-10-09T06:45;27;EUR;MWh;NO;NO;78.61;-49.33;78.61;78.61;1;UP
2024-10-09T06:45;2024-10-09T07:00;28;EUR;MWh;NO;NO;78.61;;78.61;78.61;1;UP
2024-10-09T07:00;2024-10-09T07:15;29;EUR;MWh;NO;NO;90.3;16.3;90.3;16.3;2;UP_AND_DOWN
2024-10-09T07:15;2024-10-09T07:30;30;EUR;MWh;NO;NO;91.91;16.3;91.91;91.91;1;UP
2024-10-09T07:30;2024-10-09T07:45;31;EUR;MWh;NO;NO;91.93;;91.93;91.93;1;UP
2024-10-09T07:45;2024-10-09T08:00;32;EUR;MWh;NO;NO;95.15;;95.15;95.15;1;UP
2024-10-09T08:00;2024-10-09T08:15;33;EUR;MWh;NO;NO;97.49;;97.49;97.49;1;UP
2024-10-09T08:15;2024-10-09T08:30;34;EUR;MWh;NO;NO;90.3;;90.3;90.3;1;UP
2024-10-09T08:30;2024-10-09T08:45;35;EUR;MWh;NO;NO;;;73.31;73.31;0;STABLE
2024-10-09T08:45;2024-10-09T09:00;36;EUR;MWh;NO;NO;;53.25;53.25;53.25;-1;DOWN
2024-10-09T09:00;2024-10-09T09:15;37;EUR;MWh;NO;NO;;62.25;62.25;62.25;-1;DOWN
2024-10-09T09:15;2024-10-09T09:30;38;EUR;MWh;NO;NO;;-30;-30;-30;-1;DOWN
2024-10-09T09:30;2024-10-09T09:45;39;EUR;MWh;NO;NO;78.61;-25.89;78.61;-25.89;2;UP_AND_DOWN
2024-10-09T09:45;2024-10-09T10:00;40;EUR;MWh;NO;NO;;-35;-35;-35;-1;DOWN
2024-10-09T10:00;2024-10-09T10:15;41;EUR;MWh;NO;NO;;-20.12;-20.12;-20.12;-1;DOWN
2024-10-09T10:15;2024-10-09T10:30;42;EUR;MWh;NO;NO;;-35;-35;-35;-1;DOWN
2024-10-09T10:30;2024-10-09T10:45;43;EUR;MWh;NO;NO;;-30;-30;-30;-1;DOWN
2024-10-09T10:45;2024-10-09T11:00;44;EUR;MWh;NO;NO;;-14.9;-14.9;-14.9;-1;DOWN
2024-10-09T11:00;2024-10-09T11:15;45;EUR;MWh;NO;NO;;-30;-30;-30;-1;DOWN
2024-10-09T11:15;2024-10-09T11:30;46;EUR;MWh;NO;NO;85.05;-35;85.05;-35;2;UP_AND_DOWN
2024-10-09T11:30;2024-10-09T11:45;47;EUR;MWh;NO;NO;90.69;-15.28;90.69;-15.28;2;UP_AND_DOWN
2024-10-09T11:45;2024-10-09T12:00;48;EUR;MWh;NO;NO;;70.69;70.69;70.69;-1;DOWN
2024-10-09T12:00;2024-10-09T12:15;49;EUR;MWh;NO;NO;83.69;;83.69;83.69;1;UP
2024-10-09T12:15;2024-10-09T12:30;50;EUR;MWh;NO;NO;98.5;;98.5;98.5;1;UP
2024-10-09T12:30;2024-10-09T12:45;51;EUR;MWh;NO;NO;106.58;;106.58;106.58;1;UP
2024-10-09T12:45;2024-10-09T13:00;52;EUR;MWh;NO;NO;116.58;;116.58;116.58;1;UP
2024-10-09T13:00;2024-10-09T13:15;53;EUR;MWh;NO;NO;88.79;-14.19;88.79;-14.19;2;UP_AND_DOWN
2024-10-09T13:15;2024-10-09T13:30;54;EUR;MWh;NO;NO;10;-13.51;10;10;1;UP
2024-10-09T13:30;2024-10-09T13:45;55;EUR;MWh;NO;NO;;;72.6;72.6;0;STABLE
2024-10-09T13:45;2024-10-09T14:00;56;EUR;MWh;NO;NO;89.2;;89.2;89.2;1;UP
2024-10-09T14:00;2024-10-09T14:15;57;EUR;MWh;NO;NO;89.2;-30;89.2;-30;2;UP_AND_DOWN
2024-10-09T14:15;2024-10-09T14:30;58;EUR;MWh;NO;NO;91.25;79.63;91.25;72.6;2;UP_AND_DOWN
2024-10-09T14:30;2024-10-09T14:45;59;EUR;MWh;NO;NO;;79.58;79.58;79.58;-1;DOWN
2024-10-09T14:45;2024-10-09T15:00;60;EUR;MWh;NO;NO;78.61;-25;78.61;-25;2;UP_AND_DOWN
2024-10-09T15:00;2024-10-09T15:15;61;EUR;MWh;NO;NO;84.41;-28.43;84.41;-28.43;2;UP_AND_DOWN
2024-10-09T15:15;2024-10-09T15:30;62;EUR;MWh;NO;NO;84.41;-25;84.41;-25;2;UP_AND_DOWN
2024-10-09T15:30;2024-10-09T15:45;63;EUR;MWh;NO;NO;;;72.25;72.25;0;STABLE
2024-10-09T15:45;2024-10-09T16:00;64;EUR;MWh;NO;NO;90.87;;90.87;90.87;1;UP
2024-10-09T16:00;2024-10-09T16:15;65;EUR;MWh;NO;NO;140.87;;140.87;140.87;1;UP
2024-10-09T16:15;2024-10-09T16:30;66;EUR;MWh;NO;NO;140.88;80.88;80.88;80.88;-1;DOWN
2024-10-09T16:30;2024-10-09T16:45;67;EUR;MWh;NO;NO;;79.63;79.63;79.63;-1;DOWN
2024-10-09T16:45;2024-10-09T17:00;68;EUR;MWh;NO;NO;;79.63;79.63;79.63;-1;DOWN
2024-10-09T17:00;2024-10-09T17:15;69;EUR;MWh;NO;NO;;35.18;35.18;35.18;-1;DOWN
2024-10-09T17:15;2024-10-09T17:30;70;EUR;MWh;NO;NO;;75.25;75.25;75.25;-1;DOWN
2024-10-09T17:30;2024-10-09T17:45;71;EUR;MWh;NO;NO;;68.25;68.25;68.25;-1;DOWN
2024-10-09T17:45;2024-10-09T18:00;72;EUR;MWh;NO;NO;;77.94;77.94;77.94;-1;DOWN
2024-10-09T18:00;2024-10-09T18:15;73;EUR;MWh;NO;NO;;68.25;68.25;68.25;-1;DOWN
2024-10-09T18:15;2024-10-09T18:30;74;EUR;MWh;NO;NO;;55.89;55.89;55.89;-1;DOWN
2024-10-09T18:30;2024-10-09T18:45;75;EUR;MWh;NO;NO;90.8;83.89;90.8;68.95;2;UP_AND_DOWN
2024-10-09T18:45;2024-10-09T19:00;76;EUR;MWh;NO;NO;63.61;;63.61;63.61;1;UP
2024-10-09T19:00;2024-10-09T19:15;77;EUR;MWh;NO;NO;53;;53;53;1;UP
2024-10-09T19:15;2024-10-09T19:30;78;EUR;MWh;NO;NO;89.6;;89.6;89.6;1;UP
2024-10-09T19:30;2024-10-09T19:45;79;EUR;MWh;NO;NO;88.25;75.25;75.25;75.25;-1;DOWN
2024-10-09T19:45;2024-10-09T20:00;80;EUR;MWh;NO;NO;;62.25;62.25;62.25;-1;DOWN
2024-10-09T20:00;2024-10-09T20:15;81;EUR;MWh;NO;NO;89.5;60.81;89.5;60.81;2;UP_AND_DOWN
2024-10-09T20:15;2024-10-09T20:30;82;EUR;MWh;NO;NO;;75.81;75.81;75.81;-1;DOWN
2024-10-09T20:30;2024-10-09T20:45;83;EUR;MWh;NO;NO;;50.81;50.81;50.81;-1;DOWN
2024-10-09T20:45;2024-10-09T21:00;84;EUR;MWh;NO;NO;;50.81;50.81;50.81;-1;DOWN
2024-10-09T21:00;2024-10-09T21:15;85;EUR;MWh;NO;NO;86.85;62.25;86.85;62.25;2;UP_AND_DOWN
2024-10-09T21:15;2024-10-09T21:30;86;EUR;MWh;NO;NO;;;0;0;-1;DOWN
2024-10-09T21:30;2024-10-09T21:45;87;EUR;MWh;NO;NO;88.25;;88.25;0;2;UP_AND_DOWN
2024-10-09T21:45;2024-10-09T22:00;88;EUR;MWh;NO;NO;88.35;;88.35;0;2;UP_AND_DOWN
2024-10-09T22:00;2024-10-09T22:15;89;EUR;MWh;NO;NO;105.81;;105.81;0;2;UP_AND_DOWN
2024-10-09T22:15;2024-10-09T22:30;90;EUR;MWh;NO;NO;123.61;;123.61;123.61;1;UP
2024-10-09T22:30;2024-10-09T22:45;91;EUR;MWh;NO;NO;104.25;;104.25;104.25;1;UP
2024-10-09T22:45;2024-10-09T23:00;92;EUR;MWh;NO;NO;90.2;;90.2;0;2;UP_AND_DOWN
2024-10-09T23:00;2024-10-09T23:15;93;EUR;MWh;NO;NO;90.2;-30;90.2;-30;2;UP_AND_DOWN
2024-10-09T23:15;2024-10-09T23:30;94;EUR;MWh;NO;NO;88.05;;88.05;0;2;UP_AND_DOWN
2024-10-09T23:30;2024-10-09T23:45;95;EUR;MWh;NO;NO;;-30;-30;-30;-1;DOWN
2024-10-09T23:45;2024-10-10T00:00;96;EUR;MWh;NO;NO;;;0;0;-1;DOWN
2024-10-10T00:00;2024-10-10T00:15;1;EUR;MWh;NO;NO;;-23.39;-23.39;-23.39;-1;DOWN
2024-10-10T00:15;2024-10-10T00:30;2;EUR;MWh;NO;NO;;-19.84;-19.84;-19.84;-1;DOWN
2024-10-10T00:30;2024-10-10T00:45;3;EUR;MWh;NO;NO;;-16.01;-16.01;-16.01;-1;DOWN
2024-10-10T00:45;2024-10-10T01:00;4;EUR;MWh;NO;NO;;-30;-30;-30;-1;DOWN
2024-10-10T01:00;2024-10-10T01:15;5;EUR;MWh;NO;NO;123.6;19.18;123.6;19.18;2;UP_AND_DOWN
2024-10-10T01:15;2024-10-10T01:30;6;EUR;MWh;NO;NO;87.9;;87.9;87.9;1;UP
2024-10-10T01:30;2024-10-10T01:45;7;EUR;MWh;NO;NO;103.1;;103.1;103.1;1;UP
2024-10-10T01:45;2024-10-10T02:00;8;EUR;MWh;NO;NO;43.61;;43.61;43.61;1;UP
2024-10-10T02:00;2024-10-10T02:15;9;EUR;MWh;NO;NO;106.98;;106.98;106.98;1;UP
2024-10-10T02:15;2024-10-10T02:30;10;EUR;MWh;NO;NO;83.29;;83.29;83.29;1;UP
2024-10-10T02:30;2024-10-10T02:45;11;EUR;MWh;NO;NO;83.61;;83.61;83.61;1;UP
2024-10-10T02:45;2024-10-10T03:00;12;EUR;MWh;NO;NO;107.69;;107.69;107.69;1;UP
2024-10-10T03:00;2024-10-10T03:15;13;EUR;MWh;NO;NO;1853.61;-60;1853.61;-60;2;UP_AND_DOWN
2024-10-10T03:15;2024-10-10T03:30;14;EUR;MWh;NO;NO;1853.61;-161.88;-161.88;-161.88;-1;DOWN
2024-10-10T03:30;2024-10-10T03:45;15;EUR;MWh;NO;NO;;-100;-100;-100;-1;DOWN
2024-10-10T03:45;2024-10-10T04:00;16;EUR;MWh;NO;NO;;-56.62;-56.62;-56.62;-1;DOWN
2024-10-10T04:00;2024-10-10T04:15;17;EUR;MWh;NO;NO;;-33;-33;-33;-1;DOWN
2024-10-10T04:15;2024-10-10T04:30;18;EUR;MWh;NO;NO;;-22.45;-22.45;-22.45;-1;DOWN
2024-10-10T04:30;2024-10-10T04:45;19;EUR;MWh;NO;NO;;-35.7;-35.7;-35.7;-1;DOWN
2024-10-10T04:45;2024-10-10T05:00;20;EUR;MWh;NO;NO;;-78;-78;-78;-1;DOWN
2024-10-10T05:00;2024-10-10T05:15;21;EUR;MWh;NO;NO;;-100;-100;-100;-1;DOWN
2024-10-10T05:15;2024-10-10T05:30;22;EUR;MWh;NO;NO;;-45;-45;-45;-1;DOWN
2024-10-10T05:30;2024-10-10T05:45;23;EUR;MWh;NO;NO;;-45;-45;-45;-1;DOWN
2024-10-10T05:45;2024-10-10T06:00;24;EUR;MWh;NO;NO;;-5.05;-5.05;-5.05;-1;DOWN
2024-10-10T06:00;2024-10-10T06:15;25;EUR;MWh;NO;NO;;-24.49;-24.49;-24.49;-1;DOWN
2024-10-10T06:15;2024-10-10T06:30;26;EUR;MWh;NO;NO;;19.18;19.18;19.18;-1;DOWN
2024-10-10T06:30;2024-10-10T06:45;27;EUR;MWh;NO;NO;;-4.94;-4.94;-4.94;-1;DOWN
2024-10-10T06:45;2024-10-10T07:00;28;EUR;MWh;NO;NO;88.8;;88.8;88.8;1;UP
2024-10-10T07:00;2024-10-10T07:15;29;EUR;MWh;NO;NO;90.07;;90.07;90.07;1;UP
2024-10-10T07:15;2024-10-10T07:30;30;EUR;MWh;NO;NO;97.24;;97.24;97.24;1;UP
2024-10-10T07:30;2024-10-10T07:45;31;EUR;MWh;NO;NO;150.54;;150.54;150.54;1;UP
2024-10-10T07:45;2024-10-10T08:00;32;EUR;MWh;NO;NO;97.24;;97.24;97.24;1;UP
2024-10-10T08:00;2024-10-10T08:15;33;EUR;MWh;NO;NO;83.61;;83.61;83.61;1;UP
2024-10-10T08:15;2024-10-10T08:30;34;EUR;MWh;NO;NO;;19.18;19.18;19.18;-1;DOWN
2024-10-10T08:30;2024-10-10T08:45;35;EUR;MWh;NO;NO;;82.24;62.93;62.93;0;STABLE
2024-10-10T08:45;2024-10-10T09:00;36;EUR;MWh;NO;NO;;2.31;2.31;2.31;-1;DOWN
2024-10-10T09:00;2024-10-10T09:15;37;EUR;MWh;NO;NO;88.8;-30;-30;-30;-1;DOWN
2024-10-10T09:15;2024-10-10T09:30;38;EUR;MWh;NO;NO;102.24;-54.75;102.24;-54.75;2;UP_AND_DOWN
2024-10-10T09:30;2024-10-10T09:45;39;EUR;MWh;NO;NO;88.8;-30;88.8;-30;2;UP_AND_DOWN
2024-10-10T09:45;2024-10-10T10:00;40;EUR;MWh;NO;NO;;-41;-41;-41;-1;DOWN
2024-10-10T10:00;2024-10-10T10:15;41;EUR;MWh;NO;NO;43.61;-48.2;-48.2;-48.2;-1;DOWN
2024-10-10T10:15;2024-10-10T10:30;42;EUR;MWh;NO;NO;;-34.65;-34.65;-34.65;-1;DOWN
2024-10-10T10:30;2024-10-10T10:45;43;EUR;MWh;NO;NO;;-33.42;-33.42;-33.42;-1;DOWN
2024-10-10T10:45;2024-10-10T11:00;44;EUR;MWh;NO;NO;;-40;-40;-40;-1;DOWN
2024-10-10T11:00;2024-10-10T11:15;45;EUR;MWh;NO;NO;;-58.82;-58.82;-58.82;-1;DOWN
2024-10-10T11:15;2024-10-10T11:30;46;EUR;MWh;NO;NO;;-45;-45;-45;-1;DOWN
2024-10-10T11:30;2024-10-10T11:45;47;EUR;MWh;NO;NO;;-36;-36;-36;-1;DOWN
2024-10-10T11:45;2024-10-10T12:00;48;EUR;MWh;NO;NO;43.61;-33;61.32;-33;2;UP_AND_DOWN
2024-10-10T12:00;2024-10-10T12:15;49;EUR;MWh;NO;NO;89.9;-45;89.9;-45;2;UP_AND_DOWN
2024-10-10T12:15;2024-10-10T12:30;50;EUR;MWh;NO;NO;97.43;-98;97.43;-98;2;UP_AND_DOWN
2024-10-10T12:30;2024-10-10T12:45;51;EUR;MWh;NO;NO;87.72;-40;87.72;-40;2;UP_AND_DOWN
2024-10-10T12:45;2024-10-10T13:00;52;EUR;MWh;NO;NO;;-43;-43;-43;-1;DOWN
2024-10-10T13:00;2024-10-10T13:15;53;EUR;MWh;NO;NO;;-30;-30;-30;-1;DOWN
2024-10-10T13:15;2024-10-10T13:30;54;EUR;MWh;NO;NO;91.2;-36.66;91.2;-36.66;2;UP_AND_DOWN
2024-10-10T13:30;2024-10-10T13:45;55;EUR;MWh;NO;NO;84.72;-36;84.72;-36;2;UP_AND_DOWN
2024-10-10T13:45;2024-10-10T14:00;56;EUR;MWh;NO;NO;86.36;-33;86.36;-33;2;UP_AND_DOWN
2024-10-10T14:00;2024-10-10T14:15;57;EUR;MWh;NO;NO;80;-16.13;80;-16.13;2;UP_AND_DOWN
2024-10-10T14:15;2024-10-10T14:30;58;EUR;MWh;NO;NO;91.2;-23.98;91.2;-23.98;2;UP_AND_DOWN
2024-10-10T14:30;2024-10-10T14:45;59;EUR;MWh;NO;NO;68.61;-1;68.61;-1;2;UP_AND_DOWN
2024-10-10T14:45;2024-10-10T15:00;60;EUR;MWh;NO;NO;185.43;-1;185.43;185.43;1;UP
2024-10-10T15:00;2024-10-10T15:15;61;EUR;MWh;NO;NO;86.68;19.18;86.68;19.18;2;UP_AND_DOWN
2024-10-10T15:15;2024-10-10T15:30;62;EUR;MWh;NO;NO;138.58;;138.58;138.58;1;UP
2024-10-10T15:30;2024-10-10T15:45;63;EUR;MWh;NO;NO;238.58;78.47;238.58;238.58;1;UP
2024-10-10T15:45;2024-10-10T16:00;64;EUR;MWh;NO;NO;116.58;73.58;116.58;63.6;2;UP_AND_DOWN
2024-10-10T16:00;2024-10-10T16:15;65;EUR;MWh;NO;NO;236.58;-33;236.58;-33;2;UP_AND_DOWN
2024-10-10T16:15;2024-10-10T16:30;66;EUR;MWh;NO;NO;288.58;-512.2;288.58;-512.2;2;UP_AND_DOWN
2024-10-10T16:30;2024-10-10T16:45;67;EUR;MWh;NO;NO;1853.61;-126.75;1853.61;-126.75;2;UP_AND_DOWN
2024-10-10T16:45;2024-10-10T17:00;68;EUR;MWh;NO;NO;313.99;65.53;313.99;63.8;2;UP_AND_DOWN
2024-10-10T17:00;2024-10-10T17:15;69;EUR;MWh;NO;NO;235.18;-14.85;235.18;-14.85;2;UP_AND_DOWN
2024-10-10T17:15;2024-10-10T17:30;70;EUR;MWh;NO;NO;200;;200;200;1;UP
2024-10-10T17:30;2024-10-10T17:45;71;EUR;MWh;NO;NO;166.63;;166.63;166.63;1;UP
2024-10-10T17:45;2024-10-10T18:00;72;EUR;MWh;NO;NO;235.18;;235.18;235.18;1;UP
2024-10-10T18:00;2024-10-10T18:15;73;EUR;MWh;NO;NO;180.05;;180.05;180.05;1;UP
2024-10-10T18:15;2024-10-10T18:30;74;EUR;MWh;NO;NO;600;;600;600;1;UP
2024-10-10T18:30;2024-10-10T18:45;75;EUR;MWh;NO;NO;1853.61;;1853.61;1853.61;1;UP
2024-10-10T18:45;2024-10-10T19:00;76;EUR;MWh;NO;NO;1853.61;;1853.61;1853.61;1;UP
2024-10-10T19:00;2024-10-10T19:15;77;EUR;MWh;NO;NO;1853.61;;1853.61;1853.61;1;UP
2024-10-10T19:15;2024-10-10T19:30;78;EUR;MWh;NO;NO;1853.61;;1853.61;1853.61;1;UP
2024-10-10T19:30;2024-10-10T19:45;79;EUR;MWh;NO;NO;99.18;;99.18;99.18;1;UP
2024-10-10T19:45;2024-10-10T20:00;80;EUR;MWh;NO;NO;94.7;;94.7;94.7;1;UP
2024-10-10T20:00;2024-10-10T20:15;81;EUR;MWh;NO;NO;188.84;;188.84;188.84;1;UP
2024-10-10T20:15;2024-10-10T20:30;82;EUR;MWh;NO;NO;94.12;-30;-30;-30;-1;DOWN
2024-10-10T20:30;2024-10-10T20:45;83;EUR;MWh;NO;NO;238.84;54.18;238.84;54.18;2;UP_AND_DOWN
2024-10-10T20:45;2024-10-10T21:00;84;EUR;MWh;NO;NO;;-30;-30;-30;-1;DOWN
2024-10-10T21:00;2024-10-10T21:15;85;EUR;MWh;NO;NO;1853.61;-130.45;1853.61;-130.45;2;UP_AND_DOWN
2024-10-10T21:15;2024-10-10T21:30;86;EUR;MWh;NO;NO;1853.61;56.78;56.78;56.78;-1;DOWN
2024-10-10T21:30;2024-10-10T21:45;87;EUR;MWh;NO;NO;;53.98;53.98;53.98;-1;DOWN
2024-10-10T21:45;2024-10-10T22:00;88;EUR;MWh;NO;NO;;48.03;48.03;48.03;-1;DOWN
2024-10-10T22:00;2024-10-10T22:15;89;EUR;MWh;NO;NO;117.24;48.03;117.24;48.03;2;UP_AND_DOWN
2024-10-10T22:15;2024-10-10T22:30;90;EUR;MWh;NO;NO;98.21;;98.21;98.21;1;UP
2024-10-10T22:30;2024-10-10T22:45;91;EUR;MWh;NO;NO;51;79.59;51;51;1;UP
2024-10-10T22:45;2024-10-10T23:00;92;EUR;MWh;NO;NO;;-30;-30;-30;-1;DOWN
2024-10-10T23:00;2024-10-10T23:15;93;EUR;MWh;NO;NO;88.5;-33;88.5;-33;2;UP_AND_DOWN
2024-10-10T23:15;2024-10-10T23:30;94;EUR;MWh;NO;NO;112.5;19.18;112.5;19.18;2;UP_AND_DOWN
2024-10-10T23:30;2024-10-10T23:45;95;EUR;MWh;NO;NO;89.91;-21.46;89.91;-21.46;2;UP_AND_DOWN
2024-10-10T23:45;2024-10-11T00:00;96;EUR;MWh;NO;NO;139.02;-30;139.02;-30;2;UP_AND_DOWN
2024-10-11T00:00;2024-10-11T00:15;1;EUR;MWh;NO;NO;96.61;43.69;96.61;43.69;2;UP_AND_DOWN
2024-10-11T00:15;2024-10-11T00:30;2;EUR;MWh;NO;NO;;43.69;43.69;43.69;-1;DOWN
2024-10-11T00:30;2024-10-11T00:45;3;EUR;MWh;NO;NO;90.22;49.18;90.22;49.18;2;UP_AND_DOWN
2024-10-11T00:45;2024-10-11T01:00;4;EUR;MWh;NO;NO;112.8;-45;112.8;-45;2;UP_AND_DOWN
2024-10-11T01:00;2024-10-11T01:15;5;EUR;MWh;NO;NO;112.8;66.61;112.8;66.61;2;UP_AND_DOWN
2024-10-11T01:15;2024-10-11T01:30;6;EUR;MWh;NO;NO;;-13.94;-13.94;-13.94;-1;DOWN
2024-10-11T01:30;2024-10-11T01:45;7;EUR;MWh;NO;NO;;-29.39;-29.39;-29.39;-1;DOWN
2024-10-11T01:45;2024-10-11T02:00;8;EUR;MWh;NO;NO;51;-30;-30;-30;-1;DOWN
2024-10-11T02:00;2024-10-11T02:15;9;EUR;MWh;NO;NO;51;-192.75;68.85;-192.75;2;UP_AND_DOWN
2024-10-11T02:15;2024-10-11T02:30;10;EUR;MWh;NO;NO;89.61;35.69;89.61;89.61;1;UP
2024-10-11T02:30;2024-10-11T02:45;11;EUR;MWh;NO;NO;93.95;35.69;93.95;93.95;1;UP
2024-10-11T02:45;2024-10-11T03:00;12;EUR;MWh;NO;NO;51;-60;-60;-60;-1;DOWN
2024-10-11T03:00;2024-10-11T03:15;13;EUR;MWh;NO;NO;600;-60;600;-60;2;UP_AND_DOWN
2024-10-11T03:15;2024-10-11T03:30;14;EUR;MWh;NO;NO;113.1;60.61;113.1;60.61;2;UP_AND_DOWN
2024-10-11T03:30;2024-10-11T03:45;15;EUR;MWh;NO;NO;113;;113;113;1;UP
2024-10-11T03:45;2024-10-11T04:00;16;EUR;MWh;NO;NO;89.61;;89.61;89.61;1;UP
2024-10-11T04:00;2024-10-11T04:15;17;EUR;MWh;NO;NO;91.69;;91.69;91.69;1;UP
2024-10-11T04:15;2024-10-11T04:30;18;EUR;MWh;NO;NO;90.21;;90.21;90.21;1;UP
2024-10-11T04:30;2024-10-11T04:45;19;EUR;MWh;NO;NO;81.16;76.91;81.16;68.85;2;UP_AND_DOWN
2024-10-11T04:45;2024-10-11T05:00;20;EUR;MWh;NO;NO;;49.18;49.18;49.18;-1;DOWN
2024-10-11T05:00;2024-10-11T05:15;21;EUR;MWh;NO;NO;;-30;-30;-30;-1;DOWN
2024-10-11T05:15;2024-10-11T05:30;22;EUR;MWh;NO;NO;113.1;-90;113.1;-90;2;UP_AND_DOWN
2024-10-11T05:30;2024-10-11T05:45;23;EUR;MWh;NO;NO;124.74;-30;124.74;-30;2;UP_AND_DOWN
2024-10-11T05:45;2024-10-11T06:00;24;EUR;MWh;NO;NO;;-30;-30;-30;-1;DOWN
2024-10-11T06:00;2024-10-11T06:15;25;EUR;MWh;NO;NO;;61.69;61.69;61.69;-1;DOWN
2024-10-11T06:15;2024-10-11T06:30;26;EUR;MWh;NO;NO;113;-100;113;-100;2;UP_AND_DOWN
2024-10-11T06:30;2024-10-11T06:45;27;EUR;MWh;NO;NO;;86.69;86.69;86.69;-1;DOWN
2024-10-11T06:45;2024-10-11T07:00;28;EUR;MWh;NO;NO;;76.26;76.26;76.26;-1;DOWN
2024-10-11T07:00;2024-10-11T07:15;29;EUR;MWh;NO;NO;;55.96;55.96;55.96;-1;DOWN
2024-10-11T07:15;2024-10-11T07:30;30;EUR;MWh;NO;NO;99.26;76.26;99.26;75.15;2;UP_AND_DOWN
2024-10-11T07:30;2024-10-11T07:45;31;EUR;MWh;NO;NO;140.1;;140.1;140.1;1;UP
2024-10-11T07:45;2024-10-11T08:00;32;EUR;MWh;NO;NO;113;;113;113;1;UP
2024-10-11T08:00;2024-10-11T08:15;33;EUR;MWh;NO;NO;113;;113;113;1;UP
2024-10-11T08:15;2024-10-11T08:30;34;EUR;MWh;NO;NO;113;84.69;84.69;84.69;-1;DOWN
2024-10-11T08:30;2024-10-11T08:45;35;EUR;MWh;NO;NO;;84.69;84.69;84.69;-1;DOWN
2024-10-11T08:45;2024-10-11T09:00;36;EUR;MWh;NO;NO;;74.5;74.5;74.5;-1;DOWN
2024-10-11T09:00;2024-10-11T09:15;37;EUR;MWh;NO;NO;;84.69;84.69;84.69;-1;DOWN
2024-10-11T09:15;2024-10-11T09:30;38;EUR;MWh;NO;NO;;39.02;39.02;39.02;-1;DOWN
2024-10-11T09:30;2024-10-11T09:45;39;EUR;MWh;NO;NO;;19.18;19.18;19.18;-1;DOWN
2024-10-11T09:45;2024-10-11T10:00;40;EUR;MWh;NO;NO;;34.18;34.18;34.18;-1;DOWN
2024-10-11T10:00;2024-10-11T10:15;41;EUR;MWh;NO;NO;124.74;-35;124.74;-35;2;UP_AND_DOWN
2024-10-11T10:15;2024-10-11T10:30;42;EUR;MWh;NO;NO;89.26;69.26;89.26;69.26;2;UP_AND_DOWN
2024-10-11T10:30;2024-10-11T10:45;43;EUR;MWh;NO;NO;;-55;-55;-55;-1;DOWN
2024-10-11T10:45;2024-10-11T11:00;44;EUR;MWh;NO;NO;;8.26;8.26;8.26;-1;DOWN
2024-10-11T11:00;2024-10-11T11:15;45;EUR;MWh;NO;NO;97.47;-30;97.47;-30;2;UP_AND_DOWN
2024-10-11T11:15;2024-10-11T11:30;46;EUR;MWh;NO;NO;1853.61;-96.08;1853.61;-96.08;2;UP_AND_DOWN
2024-10-11T11:30;2024-10-11T11:45;47;EUR;MWh;NO;NO;1853.61;-1000;-1000;-1000;-1;DOWN
2024-10-11T11:45;2024-10-11T12:00;48;EUR;MWh;NO;NO;1853.61;-186.89;1853.61;-186.89;2;UP_AND_DOWN
2024-10-11T12:00;2024-10-11T12:15;49;EUR;MWh;NO;NO;99.26;-1000;99.26;-1000;2;UP_AND_DOWN
2024-10-11T12:15;2024-10-11T12:30;50;EUR;MWh;NO;NO;287.47;-196.98;287.47;-196.98;2;UP_AND_DOWN
2024-10-11T12:30;2024-10-11T12:45;51;EUR;MWh;NO;NO;139.26;-36;139.26;-36;2;UP_AND_DOWN
2024-10-11T12:45;2024-10-11T13:00;52;EUR;MWh;NO;NO;164.04;;164.04;164.04;1;UP
2024-10-11T13:00;2024-10-11T13:15;53;EUR;MWh;NO;NO;250;;250;250;1;UP
2024-10-11T13:15;2024-10-11T13:30;54;EUR;MWh;NO;NO;112.4;;112.4;112.4;1;UP
2024-10-11T13:30;2024-10-11T13:45;55;EUR;MWh;NO;NO;178.69;;178.69;178.69;1;UP
2024-10-11T13:45;2024-10-11T14:00;56;EUR;MWh;NO;NO;137.92;;137.92;137.92;1;UP
2024-10-11T14:00;2024-10-11T14:15;57;EUR;MWh;NO;NO;114.26;;114.26;114.26;1;UP
2024-10-11T14:15;2024-10-11T14:30;58;EUR;MWh;NO;NO;114.26;66.4;114.26;66.4;2;UP_AND_DOWN
2024-10-11T14:30;2024-10-11T14:45;59;EUR;MWh;NO;NO;;25.69;25.69;25.69;-1;DOWN
2024-10-11T14:45;2024-10-11T15:00;60;EUR;MWh;NO;NO;;49.18;49.18;49.18;-1;DOWN
2024-10-11T15:00;2024-10-11T15:15;61;EUR;MWh;NO;NO;1853.61;-112.09;1853.61;-112.09;2;UP_AND_DOWN
2024-10-11T15:15;2024-10-11T15:30;62;EUR;MWh;NO;NO;112.6;-210.24;112.6;-210.24;2;UP_AND_DOWN
2024-10-11T15:30;2024-10-11T15:45;63;EUR;MWh;NO;NO;186.4;-74;186.4;-74;2;UP_AND_DOWN
2024-10-11T15:45;2024-10-11T16:00;64;EUR;MWh;NO;NO;87.69;-47.41;87.69;-47.41;2;UP_AND_DOWN
2024-10-11T16:00;2024-10-11T16:15;65;EUR;MWh;NO;NO;;-30;-30;-30;-1;DOWN
2024-10-11T16:15;2024-10-11T16:30;66;EUR;MWh;NO;NO;;-30;-30;-30;-1;DOWN
2024-10-11T16:30;2024-10-11T16:45;67;EUR;MWh;NO;NO;;-36;-36;-36;-1;DOWN
2024-10-11T16:45;2024-10-11T17:00;68;EUR;MWh;NO;NO;;-30;-30;-30;-1;DOWN
2024-10-11T17:00;2024-10-11T17:15;69;EUR;MWh;NO;NO;;-32;-32;-32;-1;DOWN
2024-10-11T17:15;2024-10-11T17:30;70;EUR;MWh;NO;NO;;21.31;21.31;21.31;-1;DOWN
2024-10-11T17:30;2024-10-11T17:45;71;EUR;MWh;NO;NO;;84.81;84.81;84.81;-1;DOWN
2024-10-11T17:45;2024-10-11T18:00;72;EUR;MWh;NO;NO;97.54;86.69;97.54;97.54;1;UP
2024-10-11T18:00;2024-10-11T18:15;73;EUR;MWh;NO;NO;92.26;;92.26;92.26;1;UP
2024-10-11T18:15;2024-10-11T18:30;74;EUR;MWh;NO;NO;92.26;;92.26;92.26;1;UP
2024-10-11T18:30;2024-10-11T18:45;75;EUR;MWh;NO;NO;97.69;;97.69;97.69;1;UP
2024-10-11T18:45;2024-10-11T19:00;76;EUR;MWh;NO;NO;108.35;;108.35;108.35;1;UP
2024-10-11T19:00;2024-10-11T19:15;77;EUR;MWh;NO;NO;92.26;;92.26;92.26;1;UP
2024-10-11T19:15;2024-10-11T19:30;78;EUR;MWh;NO;NO;51;;51;51;1;UP
2024-10-11T19:30;2024-10-11T19:45;79;EUR;MWh;NO;NO;51;;51;51;1;UP
2024-10-11T19:45;2024-10-11T20:00;80;EUR;MWh;NO;NO;51;;51;51;1;UP
2024-10-11T20:00;2024-10-11T20:15;81;EUR;MWh;NO;NO;136;;136;136;1;UP
2024-10-11T20:15;2024-10-11T20:30;82;EUR;MWh;NO;NO;105.26;;105.26;105.26;1;UP
2024-10-11T20:30;2024-10-11T20:45;83;EUR;MWh;NO;NO;140;;140;140;1;UP
2024-10-11T20:45;2024-10-11T21:00;84;EUR;MWh;NO;NO;89.26;;89.26;89.26;1;UP
2024-10-11T21:00;2024-10-11T21:15;85;EUR;MWh;NO;NO;92.26;;92.26;92.26;1;UP
2024-10-11T21:15;2024-10-11T21:30;86;EUR;MWh;NO;NO;112.8;;112.8;112.8;1;UP
2024-10-11T21:30;2024-10-11T21:45;87;EUR;MWh;NO;NO;101.98;;101.98;101.98;1;UP
2024-10-11T21:45;2024-10-11T22:00;88;EUR;MWh;NO;NO;103.69;;103.69;103.69;1;UP
2024-10-11T22:00;2024-10-11T22:15;89;EUR;MWh;NO;NO;96.98;;96.98;96.98;1;UP
2024-10-11T22:15;2024-10-11T22:30;90;EUR;MWh;NO;NO;99.26;;99.26;99.26;1;UP
2024-10-11T22:30;2024-10-11T22:45;91;EUR;MWh;NO;NO;117.13;;117.13;117.13;1;UP
2024-10-11T22:45;2024-10-11T23:00;92;EUR;MWh;NO;NO;113;;113;113;1;UP
2024-10-11T23:00;2024-10-11T23:15;93;EUR;MWh;NO;NO;89.26;;89.26;89.26;1;UP
2024-10-11T23:15;2024-10-11T23:30;94;EUR;MWh;NO;NO;91.69;;91.69;91.69;1;UP
2024-10-11T23:30;2024-10-11T23:45;95;EUR;MWh;NO;NO;92.26;84.69;92.26;68.85;2;UP_AND_DOWN
2024-10-11T23:45;2024-10-12T00:00;96;EUR;MWh;NO;NO;89.69;71.44;89.69;68.85;2;UP_AND_DOWN
2024-10-12T00:00;2024-10-12T00:15;1;EUR;MWh;NO;NO;382.1;-100;382.1;-100;2;UP_AND_DOWN
2024-10-12T00:15;2024-10-12T00:30;2;EUR;MWh;NO;NO;100;69.23;69.23;69.23;-1;DOWN
2024-10-12T00:30;2024-10-12T00:45;3;EUR;MWh;NO;NO;43.61;69.22;62.88;62.88;2;UP_AND_DOWN
2024-10-12T00:45;2024-10-12T01:00;4;EUR;MWh;NO;NO;95.15;;95.15;95.15;1;UP
2024-10-12T01:00;2024-10-12T01:15;5;EUR;MWh;NO;NO;83.61;;83.61;83.61;1;UP
2024-10-12T01:15;2024-10-12T01:30;6;EUR;MWh;NO;NO;43.61;;43.61;43.61;1;UP
2024-10-12T01:30;2024-10-12T01:45;7;EUR;MWh;NO;NO;;;62.05;62.05;0;STABLE
2024-10-12T01:45;2024-10-12T02:00;8;EUR;MWh;NO;NO;89.42;;89.42;89.42;1;UP
2024-10-12T02:00;2024-10-12T02:15;9;EUR;MWh;NO;NO;147.43;;147.43;147.43;1;UP
2024-10-12T02:15;2024-10-12T02:30;10;EUR;MWh;NO;NO;93.41;;93.41;93.41;1;UP
2024-10-12T02:30;2024-10-12T02:45;11;EUR;MWh;NO;NO;117.6;;117.6;117.6;1;UP
2024-10-12T02:45;2024-10-12T03:00;12;EUR;MWh;NO;NO;107.92;;107.92;107.92;1;UP
2024-10-12T03:00;2024-10-12T03:15;13;EUR;MWh;NO;NO;100;;100;100;1;UP
2024-10-12T03:15;2024-10-12T03:30;14;EUR;MWh;NO;NO;84.12;;84.12;84.12;1;UP
2024-10-12T03:30;2024-10-12T03:45;15;EUR;MWh;NO;NO;84.11;;84.11;84.11;1;UP
2024-10-12T03:45;2024-10-12T04:00;16;EUR;MWh;NO;NO;;58.01;58.01;58.01;-1;DOWN
2024-10-12T04:00;2024-10-12T04:15;17;EUR;MWh;NO;NO;114.96;64.12;114.96;61.51;2;UP_AND_DOWN
2024-10-12T04:15;2024-10-12T04:30;18;EUR;MWh;NO;NO;102.64;;102.64;102.64;1;UP
2024-10-12T04:30;2024-10-12T04:45;19;EUR;MWh;NO;NO;100;;100;100;1;UP
2024-10-12T04:45;2024-10-12T05:00;20;EUR;MWh;NO;NO;100;80.05;80.05;80.05;-1;DOWN
2024-10-12T05:00;2024-10-12T05:15;21;EUR;MWh;NO;NO;;58.01;58.01;58.01;-1;DOWN
2024-10-12T05:15;2024-10-12T05:30;22;EUR;MWh;NO;NO;;7.95;7.95;7.95;-1;DOWN
2024-10-12T05:30;2024-10-12T05:45;23;EUR;MWh;NO;NO;53.61;-14.79;64.37;-14.79;2;UP_AND_DOWN
2024-10-12T05:45;2024-10-12T06:00;24;EUR;MWh;NO;NO;68.61;;68.61;68.61;1;UP
2024-10-12T06:00;2024-10-12T06:15;25;EUR;MWh;NO;NO;96.63;-28;96.63;-28;2;UP_AND_DOWN
2024-10-12T06:15;2024-10-12T06:30;26;EUR;MWh;NO;NO;43.61;;43.61;43.61;1;UP
2024-10-12T06:30;2024-10-12T06:45;27;EUR;MWh;NO;NO;53.61;;53.61;53.61;1;UP
2024-10-12T06:45;2024-10-12T07:00;28;EUR;MWh;NO;NO;103.55;;103.55;103.55;1;UP
2024-10-12T07:00;2024-10-12T07:15;29;EUR;MWh;NO;NO;109.63;73.63;109.63;64.37;2;UP_AND_DOWN
2024-10-12T07:15;2024-10-12T07:30;30;EUR;MWh;NO;NO;;7.95;7.95;7.95;-1;DOWN
2024-10-12T07:30;2024-10-12T07:45;31;EUR;MWh;NO;NO;;19.18;19.18;19.18;-1;DOWN
2024-10-12T07:45;2024-10-12T08:00;32;EUR;MWh;NO;NO;;62.09;62.09;62.09;-1;DOWN
2024-10-12T08:00;2024-10-12T08:15;33;EUR;MWh;NO;NO;;7.95;7.95;7.95;-1;DOWN
2024-10-12T08:15;2024-10-12T08:30;34;EUR;MWh;NO;NO;;36.96;36.96;36.96;-1;DOWN
2024-10-12T08:30;2024-10-12T08:45;35;EUR;MWh;NO;NO;;17.96;17.96;17.96;-1;DOWN
2024-10-12T08:45;2024-10-12T09:00;36;EUR;MWh;NO;NO;;28.03;28.03;28.03;-1;DOWN
2024-10-12T09:00;2024-10-12T09:15;37;EUR;MWh;NO;NO;;52.49;52.49;52.49;-1;DOWN
2024-10-12T09:15;2024-10-12T09:30;38;EUR;MWh;NO;NO;;55.71;55.71;55.71;-1;DOWN
2024-10-12T09:30;2024-10-12T09:45;39;EUR;MWh;NO;NO;;-22.1;-22.1;-22.1;-1;DOWN
2024-10-12T09:45;2024-10-12T10:00;40;EUR;MWh;NO;NO;;36.97;36.97;36.97;-1;DOWN
2024-10-12T10:00;2024-10-12T10:15;41;EUR;MWh;NO;NO;110.81;65.71;110.81;65.71;2;UP_AND_DOWN
2024-10-12T10:15;2024-10-12T10:30;42;EUR;MWh;NO;NO;100;85.13;100;67.16;2;UP_AND_DOWN
2024-10-12T10:30;2024-10-12T10:45;43;EUR;MWh;NO;NO;100;75.71;75.71;75.71;-1;DOWN
2024-10-12T10:45;2024-10-12T11:00;44;EUR;MWh;NO;NO;;32.49;32.49;32.49;-1;DOWN
2024-10-12T11:00;2024-10-12T11:15;45;EUR;MWh;NO;NO;98.59;-4.94;98.59;-4.94;2;UP_AND_DOWN
2024-10-12T11:15;2024-10-12T11:30;46;EUR;MWh;NO;NO;;-23.93;-23.93;-23.93;-1;DOWN
2024-10-12T11:30;2024-10-12T11:45;47;EUR;MWh;NO;NO;;-24.25;-24.25;-24.25;-1;DOWN
2024-10-12T11:45;2024-10-12T12:00;48;EUR;MWh;NO;NO;;-30;-30;-30;-1;DOWN
2024-10-12T12:00;2024-10-12T12:15;49;EUR;MWh;NO;NO;43.61;-10.22;-10.22;-10.22;-1;DOWN
2024-10-12T12:15;2024-10-12T12:30;50;EUR;MWh;NO;NO;43.61;91.87;91.87;91.87;-1;DOWN
2024-10-12T12:30;2024-10-12T12:45;51;EUR;MWh;NO;NO;;68.87;68.87;68.87;-1;DOWN
2024-10-12T12:45;2024-10-12T13:00;52;EUR;MWh;NO;NO;;33.87;33.87;33.87;-1;DOWN
2024-10-12T13:00;2024-10-12T13:15;53;EUR;MWh;NO;NO;100;85.13;100;67.74;2;UP_AND_DOWN
2024-10-12T13:15;2024-10-12T13:30;54;EUR;MWh;NO;NO;96;;96;96;1;UP
2024-10-12T13:30;2024-10-12T13:45;55;EUR;MWh;NO;NO;96;91.87;91.87;91.87;-1;DOWN
2024-10-12T13:45;2024-10-12T14:00;56;EUR;MWh;NO;NO;102.76;91.87;102.76;102.76;1;UP
2024-10-12T14:00;2024-10-12T14:15;57;EUR;MWh;NO;NO;99.83;68.87;68.87;68.87;-1;DOWN
2024-10-12T14:15;2024-10-12T14:30;58;EUR;MWh;NO;NO;;63.87;63.87;63.87;-1;DOWN
2024-10-12T14:30;2024-10-12T14:45;59;EUR;MWh;NO;NO;101.35;;101.35;101.35;1;UP
2024-10-12T14:45;2024-10-12T15:00;60;EUR;MWh;NO;NO;101.34;;101.34;101.34;1;UP
2024-10-12T15:00;2024-10-12T15:15;61;EUR;MWh;NO;NO;101.34;;67.74;67.74;0;STABLE
2024-10-12T15:15;2024-10-12T15:30;62;EUR;MWh;NO;NO;;52.48;52.48;52.48;-1;DOWN
2024-10-12T15:30;2024-10-12T15:45;63;EUR;MWh;NO;NO;;-30;45.94;-30;2;UP_AND_DOWN
2024-10-12T15:45;2024-10-12T16:00;64;EUR;MWh;NO;NO;43.61;;43.61;43.61;1;UP
2024-10-12T16:00;2024-10-12T16:15;65;EUR;MWh;NO;NO;;19.18;19.18;19.18;-1;DOWN
2024-10-12T16:15;2024-10-12T16:30;66;EUR;MWh;NO;NO;;;67.74;67.74;0;STABLE
2024-10-12T16:30;2024-10-12T16:45;67;EUR;MWh;NO;NO;118.44;;118.44;118.44;1;UP
2024-10-12T16:45;2024-10-12T17:00;68;EUR;MWh;NO;NO;456.78;91.87;456.78;456.78;1;UP
2024-10-12T17:00;2024-10-12T17:15;69;EUR;MWh;NO;NO;200;89.87;200;67.74;2;UP_AND_DOWN
2024-10-12T17:15;2024-10-12T17:30;70;EUR;MWh;NO;NO;200;;200;200;1;UP
2024-10-12T17:30;2024-10-12T17:45;71;EUR;MWh;NO;NO;456.78;;456.78;456.78;1;UP
2024-10-12T17:45;2024-10-12T18:00;72;EUR;MWh;NO;NO;1853.61;;1853.61;1853.61;1;UP
2024-10-12T18:00;2024-10-12T18:15;73;EUR;MWh;NO;NO;134.4;-58.52;134.4;-58.52;2;UP_AND_DOWN
2024-10-12T18:15;2024-10-12T18:30;74;EUR;MWh;NO;NO;98.67;63.87;98.67;63.87;2;UP_AND_DOWN
2024-10-12T18:30;2024-10-12T18:45;75;EUR;MWh;NO;NO;;-32.57;-32.57;-32.57;-1;DOWN
2024-10-12T18:45;2024-10-12T19:00;76;EUR;MWh;NO;NO;;73.87;73.87;73.87;-1;DOWN
2024-10-12T19:00;2024-10-12T19:15;77;EUR;MWh;NO;NO;1000;-47.43;1000;-47.43;2;UP_AND_DOWN
2024-10-12T19:15;2024-10-12T19:30;78;EUR;MWh;NO;NO;43.61;-34;-34;-34;-1;DOWN
2024-10-12T19:30;2024-10-12T19:45;79;EUR;MWh;NO;NO;43.61;-33.32;-33.32;-33.32;-1;DOWN
2024-10-12T19:45;2024-10-12T20:00;80;EUR;MWh;NO;NO;81.61;-32;-32;-32;-1;DOWN
2024-10-12T20:00;2024-10-12T20:15;81;EUR;MWh;NO;NO;456.78;-57.2;456.78;-57.2;2;UP_AND_DOWN
2024-10-12T20:15;2024-10-12T20:30;82;EUR;MWh;NO;NO;167.42;-60.07;167.42;-60.07;2;UP_AND_DOWN
2024-10-12T20:30;2024-10-12T20:45;83;EUR;MWh;NO;NO;167.42;-30;-30;-30;-1;DOWN
2024-10-12T20:45;2024-10-12T21:00;84;EUR;MWh;NO;NO;;-30;-30;-30;-1;DOWN
2024-10-12T21:00;2024-10-12T21:15;85;EUR;MWh;NO;NO;43.61;41.44;56.07;41.44;2;UP_AND_DOWN
2024-10-12T21:15;2024-10-12T21:30;86;EUR;MWh;NO;NO;118.44;41.44;118.44;118.44;1;UP
2024-10-12T21:30;2024-10-12T21:45;87;EUR;MWh;NO;NO;65.76;;65.76;65.76;1;UP
2024-10-12T21:45;2024-10-12T22:00;88;EUR;MWh;NO;NO;78.09;;78.09;78.09;1;UP
2024-10-12T22:00;2024-10-12T22:15;89;EUR;MWh;NO;NO;1853.61;;1853.61;1853.61;1;UP
2024-10-12T22:15;2024-10-12T22:30;90;EUR;MWh;NO;NO;198.77;19.18;198.77;19.18;2;UP_AND_DOWN
2024-10-12T22:30;2024-10-12T22:45;91;EUR;MWh;NO;NO;;36.97;36.97;36.97;-1;DOWN
2024-10-12T22:45;2024-10-12T23:00;92;EUR;MWh;NO;NO;;19.18;19.18;19.18;-1;DOWN
2024-10-12T23:00;2024-10-12T23:15;93;EUR;MWh;NO;NO;456.78;-34;456.78;-34;2;UP_AND_DOWN
2024-10-12T23:15;2024-10-12T23:30;94;EUR;MWh;NO;NO;96.63;;96.63;96.63;1;UP
2024-10-12T23:30;2024-10-12T23:45;95;EUR;MWh;NO;NO;68.61;;68.61;68.61;1;UP
2024-10-12T23:45;2024-10-13T00:00;96;EUR;MWh;NO;NO;;-30;-30;-30;-1;DOWN
2024-10-13T00:00;2024-10-13T00:15;1;EUR;MWh;NO;NO;77.47;-30;77.47;77.47;1;UP
2024-10-13T00:15;2024-10-13T00:30;2;EUR;MWh;NO;NO;106.31;;106.31;106.31;1;UP
2024-10-13T00:30;2024-10-13T00:45;3;EUR;MWh;NO;NO;103.63;;103.63;103.63;1;UP
2024-10-13T00:45;2024-10-13T01:00;4;EUR;MWh;NO;NO;103.63;;103.63;103.63;1;UP
2024-10-13T01:00;2024-10-13T01:15;5;EUR;MWh;NO;NO;547.3;;547.3;547.3;1;UP
2024-10-13T01:15;2024-10-13T01:30;6;EUR;MWh;NO;NO;100.94;;100.94;100.94;1;UP
2024-10-13T01:30;2024-10-13T01:45;7;EUR;MWh;NO;NO;90.38;-20.7;90.38;-20.7;2;UP_AND_DOWN
2024-10-13T01:45;2024-10-13T02:00;8;EUR;MWh;NO;NO;116.78;-30;116.78;-30;2;UP_AND_DOWN
2024-10-13T02:00;2024-10-13T02:15;9;EUR;MWh;NO;NO;94.63;-39;94.63;-39;2;UP_AND_DOWN
2024-10-13T02:15;2024-10-13T02:30;10;EUR;MWh;NO;NO;94.63;-34;-34;-34;-1;DOWN
2024-10-13T02:30;2024-10-13T02:45;11;EUR;MWh;NO;NO;;-38.16;-38.16;-38.16;-1;DOWN
2024-10-13T02:45;2024-10-13T03:00;12;EUR;MWh;NO;NO;90.45;-210.06;90.45;-210.06;2;UP_AND_DOWN
2024-10-13T03:00;2024-10-13T03:15;13;EUR;MWh;NO;NO;189.38;-178.5;189.38;-178.5;2;UP_AND_DOWN
2024-10-13T03:15;2024-10-13T03:30;14;EUR;MWh;NO;NO;189.38;-37;-37;-37;-1;DOWN
2024-10-13T03:30;2024-10-13T03:45;15;EUR;MWh;NO;NO;151.08;-35;151.08;-35;2;UP_AND_DOWN
2024-10-13T03:45;2024-10-13T04:00;16;EUR;MWh;NO;NO;100.94;-85.64;100.94;-85.64;2;UP_AND_DOWN
2024-10-13T04:00;2024-10-13T04:15;17;EUR;MWh;NO;NO;141.76;-21.88;141.76;-21.88;2;UP_AND_DOWN
2024-10-13T04:15;2024-10-13T04:30;18;EUR;MWh;NO;NO;141.76;-29.39;-29.39;-29.39;-1;DOWN
2024-10-13T04:30;2024-10-13T04:45;19;EUR;MWh;NO;NO;118.93;-37;118.93;-37;2;UP_AND_DOWN
2024-10-13T04:45;2024-10-13T05:00;20;EUR;MWh;NO;NO;94.04;-67.68;94.04;-67.68;2;UP_AND_DOWN
2024-10-13T05:00;2024-10-13T05:15;21;EUR;MWh;NO;NO;;-34;-34;-34;-1;DOWN
2024-10-13T05:15;2024-10-13T05:30;22;EUR;MWh;NO;NO;;-24.07;-24.07;-24.07;-1;DOWN
2024-10-13T05:30;2024-10-13T05:45;23;EUR;MWh;NO;NO;41.61;-30;-30;-30;-1;DOWN
2024-10-13T05:45;2024-10-13T06:00;24;EUR;MWh;NO;NO;79.62;-33;79.62;-33;2;UP_AND_DOWN
2024-10-13T06:00;2024-10-13T06:15;25;EUR;MWh;NO;NO;103.51;-26.29;103.51;-26.29;2;UP_AND_DOWN
2024-10-13T06:15;2024-10-13T06:30;26;EUR;MWh;NO;NO;98.8;-11;98.8;-11;2;UP_AND_DOWN
2024-10-13T06:30;2024-10-13T06:45;27;EUR;MWh;NO;NO;53.61;-28;62.87;-28;2;UP_AND_DOWN
2024-10-13T06:45;2024-10-13T07:00;28;EUR;MWh;NO;NO;111.61;-35;111.61;-35;2;UP_AND_DOWN
2024-10-13T07:00;2024-10-13T07:15;29;EUR;MWh;NO;NO;107.26;-197.12;107.26;-197.12;2;UP_AND_DOWN
2024-10-13T07:15;2024-10-13T07:30;30;EUR;MWh;NO;NO;83.61;-33;83.61;-33;2;UP_AND_DOWN
2024-10-13T07:30;2024-10-13T07:45;31;EUR;MWh;NO;NO;83.45;-14.73;83.45;-14.73;2;UP_AND_DOWN
2024-10-13T07:45;2024-10-13T08:00;32;EUR;MWh;NO;NO;83.45;-14.54;-14.54;-14.54;-1;DOWN
2024-10-13T08:00;2024-10-13T08:15;33;EUR;MWh;NO;NO;;19.18;19.18;19.18;-1;DOWN
2024-10-13T08:15;2024-10-13T08:30;34;EUR;MWh;NO;NO;;82.13;82.13;82.13;-1;DOWN
2024-10-13T08:30;2024-10-13T08:45;35;EUR;MWh;NO;NO;;82.13;56.07;56.07;0;STABLE
2024-10-13T08:45;2024-10-13T09:00;36;EUR;MWh;NO;NO;83.61;;83.61;83.61;1;UP
2024-10-13T09:00;2024-10-13T09:15;37;EUR;MWh;NO;NO;101.2;82.13;101.2;56.07;2;UP_AND_DOWN
2024-10-13T09:15;2024-10-13T09:30;38;EUR;MWh;NO;NO;53.61;-11.76;-11.76;-11.76;-1;DOWN
2024-10-13T09:30;2024-10-13T09:45;39;EUR;MWh;NO;NO;101.2;-41;101.2;-41;2;UP_AND_DOWN
2024-10-13T09:45;2024-10-13T10:00;40;EUR;MWh;NO;NO;103.51;-33;103.51;-33;2;UP_AND_DOWN
2024-10-13T10:00;2024-10-13T10:15;41;EUR;MWh;NO;NO;113.93;-26;113.93;113.93;1;UP
2024-10-13T10:15;2024-10-13T10:30;42;EUR;MWh;NO;NO;117.44;-37;117.44;-37;2;UP_AND_DOWN
2024-10-13T10:30;2024-10-13T10:45;43;EUR;MWh;NO;NO;95.86;-60;95.86;-60;2;UP_AND_DOWN
2024-10-13T10:45;2024-10-13T11:00;44;EUR;MWh;NO;NO;99.18;-82.04;99.18;-82.04;2;UP_AND_DOWN
2024-10-13T11:00;2024-10-13T11:15;45;EUR;MWh;NO;NO;95.87;-41;95.87;-41;2;UP_AND_DOWN
2024-10-13T11:15;2024-10-13T11:30;46;EUR;MWh;NO;NO;;-30;-30;-30;-1;DOWN
2024-10-13T11:30;2024-10-13T11:45;47;EUR;MWh;NO;NO;;-34;-34;-34;-1;DOWN
2024-10-13T11:45;2024-10-13T12:00;48;EUR;MWh;NO;NO;;-74;-74;-74;-1;DOWN
2024-10-13T12:00;2024-10-13T12:15;49;EUR;MWh;NO;NO;103.51;-352.07;103.51;-352.07;2;UP_AND_DOWN
2024-10-13T12:15;2024-10-13T12:30;50;EUR;MWh;NO;NO;382.1;-119.15;382.1;-119.15;2;UP_AND_DOWN
2024-10-13T12:30;2024-10-13T12:45;51;EUR;MWh;NO;NO;71.31;-25.69;71.31;-25.69;2;UP_AND_DOWN
2024-10-13T12:45;2024-10-13T13:00;52;EUR;MWh;NO;NO;50;-25.79;56.07;-25.79;2;UP_AND_DOWN
2024-10-13T13:00;2024-10-13T13:15;53;EUR;MWh;NO;NO;94.12;-15.87;94.12;-15.87;2;UP_AND_DOWN
2024-10-13T13:15;2024-10-13T13:30;54;EUR;MWh;NO;NO;43.61;-39;57.42;-39;2;UP_AND_DOWN
2024-10-13T13:30;2024-10-13T13:45;55;EUR;MWh;NO;NO;103.51;-41;103.51;-41;2;UP_AND_DOWN
2024-10-13T13:45;2024-10-13T14:00;56;EUR;MWh;NO;NO;125.7;-30;125.7;-30;2;UP_AND_DOWN
2024-10-13T14:00;2024-10-13T14:15;57;EUR;MWh;NO;NO;218.74;-60;218.74;-60;2;UP_AND_DOWN
2024-10-13T14:15;2024-10-13T14:30;58;EUR;MWh;NO;NO;104.72;-60;104.72;-60;2;UP_AND_DOWN
2024-10-13T14:30;2024-10-13T14:45;59;EUR;MWh;NO;NO;155.08;-33;155.08;-33;2;UP_AND_DOWN
2024-10-13T14:45;2024-10-13T15:00;60;EUR;MWh;NO;NO;303.76;-100;303.76;-100;2;UP_AND_DOWN
2024-10-13T15:00;2024-10-13T15:15;61;EUR;MWh;NO;NO;2000;-67.14;2000;-67.14;2;UP_AND_DOWN
2024-10-13T15:15;2024-10-13T15:30;62;EUR;MWh;NO;NO;130.94;-9.88;130.94;-9.88;2;UP_AND_DOWN
2024-10-13T15:30;2024-10-13T15:45;63;EUR;MWh;NO;NO;;-6.44;-6.44;-6.44;-1;DOWN
2024-10-13T15:45;2024-10-13T16:00;64;EUR;MWh;NO;NO;;-66.19;-66.19;-66.19;-1;DOWN
2024-10-13T16:00;2024-10-13T16:15;65;EUR;MWh;NO;NO;2600;-223.25;2600;-223.25;2;UP_AND_DOWN
2024-10-13T16:15;2024-10-13T16:30;66;EUR;MWh;NO;NO;382.1;-1000;382.1;-1000;2;UP_AND_DOWN
2024-10-13T16:30;2024-10-13T16:45;67;EUR;MWh;NO;NO;96.51;-337.81;96.51;-337.81;2;UP_AND_DOWN
2024-10-13T16:45;2024-10-13T17:00;68;EUR;MWh;NO;NO;154.4;-5.01;154.4;-5.01;2;UP_AND_DOWN
2024-10-13T17:00;2024-10-13T17:15;69;EUR;MWh;NO;NO;103.51;;103.51;103.51;1;UP
2024-10-13T17:15;2024-10-13T17:30;70;EUR;MWh;NO;NO;102.14;58.01;102.14;58.01;2;UP_AND_DOWN
2024-10-13T17:30;2024-10-13T17:45;71;EUR;MWh;NO;NO;473.15;;473.15;473.15;1;UP
2024-10-13T17:45;2024-10-13T18:00;72;EUR;MWh;NO;NO;178.9;;178.9;178.9;1;UP
2024-10-13T18:00;2024-10-13T18:15;73;EUR;MWh;NO;NO;;80.19;80.19;80.19;-1;DOWN
2024-10-13T18:15;2024-10-13T18:30;74;EUR;MWh;NO;NO;111.93;80.19;111.93;111.93;1;UP
2024-10-13T18:30;2024-10-13T18:45;75;EUR;MWh;NO;NO;111.19;72.96;111.19;67.29;2;UP_AND_DOWN
2024-10-13T18:45;2024-10-13T19:00;76;EUR;MWh;NO;NO;113.61;80.19;113.61;67.29;2;UP_AND_DOWN
2024-10-13T19:00;2024-10-13T19:15;77;EUR;MWh;NO;NO;113.61;67.93;113.61;67.27;2;UP_AND_DOWN
2024-10-13T19:15;2024-10-13T19:30;78;EUR;MWh;NO;NO;;63.77;63.77;63.77;-1;DOWN
2024-10-13T19:30;2024-10-13T19:45;79;EUR;MWh;NO;NO;;21.66;21.66;21.66;-1;DOWN
2024-10-13T19:45;2024-10-13T20:00;80;EUR;MWh;NO;NO;;-30;-30;-30;-1;DOWN
2024-10-13T20:00;2024-10-13T20:15;81;EUR;MWh;NO;NO;43.61;71.38;67.56;67.56;2;UP_AND_DOWN
2024-10-13T20:15;2024-10-13T20:30;82;EUR;MWh;NO;NO;;73.51;73.51;73.51;-1;DOWN
2024-10-13T20:30;2024-10-13T20:45;83;EUR;MWh;NO;NO;;77.14;77.14;77.14;-1;DOWN
2024-10-13T20:45;2024-10-13T21:00;84;EUR;MWh;NO;NO;;78.33;78.33;78.33;-1;DOWN
2024-10-13T21:00;2024-10-13T21:15;85;EUR;MWh;NO;NO;;79.52;79.52;79.52;-1;DOWN
2024-10-13T21:15;2024-10-13T21:30;86;EUR;MWh;NO;NO;43.61;78.68;65.99;65.99;2;UP_AND_DOWN
2024-10-13T21:30;2024-10-13T21:45;87;EUR;MWh;NO;NO;113.94;86.6;113.94;65.99;2;UP_AND_DOWN
2024-10-13T21:45;2024-10-13T22:00;88;EUR;MWh;NO;NO;113.94;82.1;82.1;82.1;-1;DOWN
2024-10-13T22:00;2024-10-13T22:15;89;EUR;MWh;NO;NO;43.61;80.48;66.05;66.05;2;UP_AND_DOWN
2024-10-13T22:15;2024-10-13T22:30;90;EUR;MWh;NO;NO;107.32;;107.32;107.32;1;UP
2024-10-13T22:30;2024-10-13T22:45;91;EUR;MWh;NO;NO;101.8;75.48;101.8;66.05;2;UP_AND_DOWN
2024-10-13T22:45;2024-10-13T23:00;92;EUR;MWh;NO;NO;;56.54;56.54;56.54;-1;DOWN
2024-10-13T23:00;2024-10-13T23:15;93;EUR;MWh;NO;NO;;-30;-30;-30;-1;DOWN
2024-10-13T23:15;2024-10-13T23:30;94;EUR;MWh;NO;NO;83.61;-30;-30;-30;-1;DOWN
2024-10-13T23:30;2024-10-13T23:45;95;EUR;MWh;NO;NO;100.16;40.29;100.16;40.29;2;UP_AND_DOWN
2024-10-13T23:45;2024-10-14T00:00;96;EUR;MWh;NO;NO;;31.17;31.17;31.17;-1;DOWN
2024-10-14T00:00;2024-10-14T00:15;1;EUR;MWh;NO;NO;87.16;-30;98.67;-30;2;UP_AND_DOWN
2024-10-14T00:15;2024-10-14T00:30;2;EUR;MWh;NO;NO;92.23;75.09;101.21;75.09;2;UP_AND_DOWN
2024-10-14T00:30;2024-10-14T00:45;3;EUR;MWh;NO;NO;;78.77;78.77;78.77;-1;DOWN
2024-10-14T00:45;2024-10-14T01:00;4;EUR;MWh;NO;NO;;82.13;82.13;82.13;-1;DOWN
2024-10-14T01:00;2024-10-14T01:15;5;EUR;MWh;NO;NO;;73.14;73.14;73.14;-1;DOWN
2024-10-14T01:15;2024-10-14T01:30;6;EUR;MWh;NO;NO;;72.01;72.01;72.01;-1;DOWN
2024-10-14T01:30;2024-10-14T01:45;7;EUR;MWh;NO;NO;;72.08;72.08;72.08;-1;DOWN
2024-10-14T01:45;2024-10-14T02:00;8;EUR;MWh;NO;NO;;30.18;30.18;30.18;-1;DOWN
2024-10-14T02:00;2024-10-14T02:15;9;EUR;MWh;NO;NO;96.35;67.73;98.68;67.73;2;UP_AND_DOWN
2024-10-14T02:15;2024-10-14T02:30;10;EUR;MWh;NO;NO;95.09;90.18;98.69;90.18;2;UP_AND_DOWN
2024-10-14T02:30;2024-10-14T02:45;11;EUR;MWh;NO;NO;92.2;90.18;101.19;90.18;2;UP_AND_DOWN
2024-10-14T02:45;2024-10-14T03:00;12;EUR;MWh;NO;NO;;70.18;70.18;70.18;-1;DOWN
2024-10-14T03:00;2024-10-14T03:15;13;EUR;MWh;NO;NO;103.13;110.18;103.13;103.13;1;UP
2024-10-14T03:15;2024-10-14T03:30;14;EUR;MWh;NO;NO;102.86;;102.86;102.86;1;UP
2024-10-14T03:30;2024-10-14T03:45;15;EUR;MWh;NO;NO;100.67;;100.67;100.67;1;UP
2024-10-14T03:45;2024-10-14T04:00;16;EUR;MWh;NO;NO;96.51;110.18;96.51;96.51;1;UP
2024-10-14T04:00;2024-10-14T04:15;17;EUR;MWh;NO;NO;96.51;80.99;80.99;80.99;-1;DOWN
2024-10-14T04:15;2024-10-14T04:30;18;EUR;MWh;NO;NO;;90.18;90.18;90.18;-1;DOWN
2024-10-14T04:30;2024-10-14T04:45;19;EUR;MWh;NO;NO;;90.18;90.18;90.18;-1;DOWN
2024-10-14T04:45;2024-10-14T05:00;20;EUR;MWh;NO;NO;;62.54;62.54;62.54;-1;DOWN
2024-10-14T05:00;2024-10-14T05:15;21;EUR;MWh;NO;NO;;-720;-720;-720;-1;DOWN
2024-10-14T05:15;2024-10-14T05:30;22;EUR;MWh;NO;NO;;28.24;28.24;28.24;-1;DOWN
2024-10-14T05:30;2024-10-14T05:45;23;EUR;MWh;NO;NO;;30.18;30.18;30.18;-1;DOWN
2024-10-14T05:45;2024-10-14T06:00;24;EUR;MWh;NO;NO;;71.86;71.86;71.86;-1;DOWN
2024-10-14T06:00;2024-10-14T06:15;25;EUR;MWh;NO;NO;;2.99;2.99;2.99;-1;DOWN
2024-10-14T06:15;2024-10-14T06:30;26;EUR;MWh;NO;NO;88.48;2.99;88.48;88.48;1;UP
2024-10-14T06:30;2024-10-14T06:45;27;EUR;MWh;NO;NO;94.67;;94.67;94.67;1;UP
2024-10-14T06:45;2024-10-14T07:00;28;EUR;MWh;NO;NO;95.98;;95.98;95.98;1;UP
2024-10-14T07:00;2024-10-14T07:15;29;EUR;MWh;NO;NO;100.67;;100.67;100.67;1;UP
2024-10-14T07:15;2024-10-14T07:30;30;EUR;MWh;NO;NO;121.43;;121.43;121.43;1;UP
2024-10-14T07:30;2024-10-14T07:45;31;EUR;MWh;NO;NO;1853.61;;1853.61;1853.61;1;UP
2024-10-14T07:45;2024-10-14T08:00;32;EUR;MWh;NO;NO;1853.61;;1853.61;1853.61;1;UP
2024-10-14T08:00;2024-10-14T08:15;33;EUR;MWh;NO;NO;111.43;92.96;111.43;111.43;1;UP
2024-10-14T08:15;2024-10-14T08:30;34;EUR;MWh;NO;NO;98.6;;98.6;98.6;1;UP
2024-10-14T08:30;2024-10-14T08:45;35;EUR;MWh;NO;NO;98.61;;98.61;98.61;1;UP
2024-10-14T08:45;2024-10-14T09:00;36;EUR;MWh;NO;NO;;86.42;86.42;86.42;-1;DOWN
2024-10-14T09:00;2024-10-14T09:15;37;EUR;MWh;NO;NO;;82.1;82.1;82.1;-1;DOWN
2024-10-14T09:15;2024-10-14T09:30;38;EUR;MWh;NO;NO;;82.1;82.1;82.1;-1;DOWN
2024-10-14T09:30;2024-10-14T09:45;39;EUR;MWh;NO;NO;;82.1;82.1;82.1;-1;DOWN
2024-10-14T09:45;2024-10-14T10:00;40;EUR;MWh;NO;NO;;82.1;82.1;82.1;-1;DOWN
2024-10-14T10:00;2024-10-14T10:15;41;EUR;MWh;NO;NO;;82.66;82.66;82.66;-1;DOWN
2024-10-14T10:15;2024-10-14T10:30;42;EUR;MWh;NO;NO;;82.66;82.66;82.66;-1;DOWN
2024-10-14T10:30;2024-10-14T10:45;43;EUR;MWh;NO;NO;;82.66;82.66;82.66;-1;DOWN
2024-10-14T10:45;2024-10-14T11:00;44;EUR;MWh;NO;NO;;75.16;75.16;75.16;-1;DOWN
2024-10-14T11:00;2024-10-14T11:15;45;EUR;MWh;NO;NO;;74.38;74.38;74.38;-1;DOWN
2024-10-14T11:15;2024-10-14T11:30;46;EUR;MWh;NO;NO;;78.04;78.04;78.04;-1;DOWN
2024-10-14T11:30;2024-10-14T11:45;47;EUR;MWh;NO;NO;;78.04;78.04;78.04;-1;DOWN
2024-10-14T11:45;2024-10-14T12:00;48;EUR;MWh;NO;NO;;70.18;70.18;70.18;-1;DOWN
2024-10-14T12:00;2024-10-14T12:15;49;EUR;MWh;NO;NO;;35.83;35.83;35.83;-1;DOWN
2024-10-14T12:15;2024-10-14T12:30;50;EUR;MWh;NO;NO;;70.18;70.18;70.18;-1;DOWN
2024-10-14T12:30;2024-10-14T12:45;51;EUR;MWh;NO;NO;;61.97;61.97;61.97;-1;DOWN
2024-10-14T12:45;2024-10-14T13:00;52;EUR;MWh;NO;NO;;17.09;17.09;17.09;-1;DOWN
2024-10-14T13:00;2024-10-14T13:15;53;EUR;MWh;NO;NO;;70.6;70.6;70.6;-1;DOWN
2024-10-14T13:15;2024-10-14T13:30;54;EUR;MWh;NO;NO;;70.18;70.18;70.18;-1;DOWN
2024-10-14T13:30;2024-10-14T13:45;55;EUR;MWh;NO;NO;;76.61;76.61;76.61;-1;DOWN
2024-10-14T13:45;2024-10-14T14:00;56;EUR;MWh;NO;NO;;63.35;63.35;63.35;-1;DOWN
2024-10-14T14:00;2024-10-14T14:15;57;EUR;MWh;NO;NO;86.98;65.62;86.98;86.98;1;UP
2024-10-14T14:15;2024-10-14T14:30;58;EUR;MWh;NO;NO;94.45;;94.45;94.45;1;UP
2024-10-14T14:30;2024-10-14T14:45;59;EUR;MWh;NO;NO;;110.18;110.18;110.18;-1;DOWN
2024-10-14T14:45;2024-10-14T15:00;60;EUR;MWh;NO;NO;;64.16;64.16;64.16;-1;DOWN
2024-10-14T15:00;2024-10-14T15:15;61;EUR;MWh;NO;NO;;66.39;66.39;66.39;-1;DOWN
2024-10-14T15:15;2024-10-14T15:30;62;EUR;MWh;NO;NO;;-30;-30;-30;-1;DOWN
2024-10-14T15:30;2024-10-14T15:45;63;EUR;MWh;NO;NO;;-74;-74;-74;-1;DOWN
2024-10-14T15:45;2024-10-14T16:00;64;EUR;MWh;NO;NO;;-200;-200;-200;-1;DOWN
2024-10-14T16:00;2024-10-14T16:15;65;EUR;MWh;NO;NO;70;39.54;90.09;39.54;2;UP_AND_DOWN
2024-10-14T16:15;2024-10-14T16:30;66;EUR;MWh;NO;NO;;-30;-30;-30;-1;DOWN
2024-10-14T16:30;2024-10-14T16:45;67;EUR;MWh;NO;NO;;-60;-60;-60;-1;DOWN
2024-10-14T16:45;2024-10-14T17:00;68;EUR;MWh;NO;NO;86.98;90.18;90.18;90.18;-1;DOWN
2024-10-14T17:00;2024-10-14T17:15;69;EUR;MWh;NO;NO;;78.04;78.04;78.04;-1;DOWN
2024-10-14T17:15;2024-10-14T17:30;70;EUR;MWh;NO;NO;157.13;78.04;157.13;157.13;1;UP
2024-10-14T17:30;2024-10-14T17:45;71;EUR;MWh;NO;NO;467.79;;467.79;467.79;1;UP
2024-10-14T17:45;2024-10-14T18:00;72;EUR;MWh;NO;NO;1853.61;;1853.61;1853.61;1;UP
2024-10-14T18:00;2024-10-14T18:15;73;EUR;MWh;YES;NO;2038.97;;2038.97;2038.97;1;UP
2024-10-14T18:15;2024-10-14T18:30;74;EUR;MWh;YES;NO;2038.97;;2038.97;2038.97;1;UP
2024-10-14T18:30;2024-10-14T18:45;75;EUR;MWh;YES;NO;2038.97;;2038.97;2038.97;1;UP
2024-10-14T18:45;2024-10-14T19:00;76;EUR;MWh;YES;NO;2038.97;;2038.97;2038.97;1;UP
2024-10-14T19:00;2024-10-14T19:15;77;EUR;MWh;YES;NO;2038.97;;2038.97;2038.97;1;UP
2024-10-14T19:15;2024-10-14T19:30;78;EUR;MWh;YES;NO;2038.97;;2038.97;2038.97;1;UP
2024-10-14T19:30;2024-10-14T19:45;79;EUR;MWh;YES;NO;2038.97;;2038.97;2038.97;1;UP
2024-10-14T19:45;2024-10-14T20:00;80;EUR;MWh;YES;NO;463.27;;463.27;463.27;1;UP
2024-10-14T20:00;2024-10-14T20:15;81;EUR;MWh;YES;NO;358;;358;358;1;UP
2024-10-14T20:15;2024-10-14T20:30;82;EUR;MWh;NO;NO;358;81.04;358;81.04;2;UP_AND_DOWN
2024-10-14T20:30;2024-10-14T20:45;83;EUR;MWh;NO;NO;95.59;78.04;101.87;78.04;2;UP_AND_DOWN
2024-10-14T20:45;2024-10-14T21:00;84;EUR;MWh;NO;NO;;70.25;70.25;70.25;-1;DOWN
2024-10-14T21:00;2024-10-14T21:15;85;EUR;MWh;NO;NO;;78.04;78.04;78.04;-1;DOWN
2024-10-14T21:15;2024-10-14T21:30;86;EUR;MWh;NO;NO;;77.54;77.54;77.54;-1;DOWN
2024-10-14T21:30;2024-10-14T21:45;87;EUR;MWh;NO;NO;;76.18;76.18;76.18;-1;DOWN
2024-10-14T21:45;2024-10-14T22:00;88;EUR;MWh;NO;NO;;71.04;71.04;71.04;-1;DOWN
2024-10-14T22:00;2024-10-14T22:15;89;EUR;MWh;NO;NO;87.09;78.04;98.64;78.04;2;UP_AND_DOWN
2024-10-14T22:15;2024-10-14T22:30;90;EUR;MWh;NO;NO;89.87;78.3;98.66;78.3;2;UP_AND_DOWN
2024-10-14T22:30;2024-10-14T22:45;91;EUR;MWh;NO;NO;96.45;;96.45;96.45;1;UP
2024-10-14T22:45;2024-10-14T23:00;92;EUR;MWh;NO;NO;95.98;110.18;95.98;95.98;1;UP
2024-10-14T23:00;2024-10-14T23:15;93;EUR;MWh;NO;NO;;81.04;81.04;81.04;-1;DOWN
2024-10-14T23:15;2024-10-14T23:30;94;EUR;MWh;NO;NO;91.48;;91.48;91.48;1;UP
2024-10-14T23:30;2024-10-14T23:45;95;EUR;MWh;NO;NO;96.94;110.18;98.58;98.58;2;UP_AND_DOWN
2024-10-14T23:45;2024-10-15T00:00;96;EUR;MWh;NO;NO;;62.3;62.3;62.3;-1;DOWN
2024-10-15T00:00;2024-10-15T00:15;1;EUR;MWh;NO;NO;86.05;11;86.05;11;2;UP_AND_DOWN
2024-10-15T00:15;2024-10-15T00:30;2;EUR;MWh;NO;NO;;64.91;64.91;64.91;-1;DOWN
2024-10-15T00:30;2024-10-15T00:45;3;EUR;MWh;NO;NO;;73.67;73.67;73.67;-1;DOWN
2024-10-15T00:45;2024-10-15T01:00;4;EUR;MWh;NO;NO;;40.67;40.67;40.67;-1;DOWN
2024-10-15T01:00;2024-10-15T01:15;5;EUR;MWh;NO;NO;;8.69;8.69;8.69;-1;DOWN
2024-10-15T01:15;2024-10-15T01:30;6;EUR;MWh;NO;NO;;32.69;32.69;32.69;-1;DOWN
2024-10-15T01:30;2024-10-15T01:45;7;EUR;MWh;NO;NO;;10.69;10.69;10.69;-1;DOWN
2024-10-15T01:45;2024-10-15T02:00;8;EUR;MWh;NO;NO;;8.69;8.69;8.69;-1;DOWN
2024-10-15T02:00;2024-10-15T02:15;9;EUR;MWh;NO;NO;;-10.72;-10.72;-10.72;-1;DOWN
2024-10-15T02:15;2024-10-15T02:30;10;EUR;MWh;NO;NO;;-10.72;-10.72;-10.72;-1;DOWN
2024-10-15T02:30;2024-10-15T02:45;11;EUR;MWh;NO;NO;;-30;-30;-30;-1;DOWN
2024-10-15T02:45;2024-10-15T03:00;12;EUR;MWh;NO;NO;;10.69;10.69;10.69;-1;DOWN
2024-10-15T03:00;2024-10-15T03:15;13;EUR;MWh;NO;NO;86.05;80.47;86.05;80.47;2;UP_AND_DOWN
2024-10-15T03:15;2024-10-15T03:30;14;EUR;MWh;NO;NO;;80.47;80.47;80.47;-1;DOWN
2024-10-15T03:30;2024-10-15T03:45;15;EUR;MWh;NO;NO;;73.47;73.47;73.47;-1;DOWN
2024-10-15T03:45;2024-10-15T04:00;16;EUR;MWh;NO;NO;;79;79;79;-1;DOWN
2024-10-15T04:00;2024-10-15T04:15;17;EUR;MWh;NO;NO;;73.11;73.11;73.11;-1;DOWN
2024-10-15T04:15;2024-10-15T04:30;18;EUR;MWh;NO;NO;;60.47;60.47;60.47;-1;DOWN
2024-10-15T04:30;2024-10-15T04:45;19;EUR;MWh;NO;NO;;70.47;70.47;70.47;-1;DOWN
2024-10-15T04:45;2024-10-15T05:00;20;EUR;MWh;NO;NO;;63.11;63.11;63.11;-1;DOWN
2024-10-15T05:00;2024-10-15T05:15;21;EUR;MWh;NO;NO;93.67;-159.82;93.67;-159.82;2;UP_AND_DOWN
2024-10-15T05:15;2024-10-15T05:30;22;EUR;MWh;NO;NO;84;79.32;84.74;79.32;2;UP_AND_DOWN
2024-10-15T05:30;2024-10-15T05:45;23;EUR;MWh;NO;NO;;49.32;49.32;49.32;-1;DOWN
2024-10-15T05:45;2024-10-15T06:00;24;EUR;MWh;NO;NO;;49.32;49.32;49.32;-1;DOWN
2024-10-15T06:00;2024-10-15T06:15;25;EUR;MWh;NO;NO;;12.69;12.69;12.69;-1;DOWN
2024-10-15T06:15;2024-10-15T06:30;26;EUR;MWh;NO;NO;;46.69;46.69;46.69;-1;DOWN
2024-10-15T06:30;2024-10-15T06:45;27;EUR;MWh;NO;NO;;80.39;80.39;80.39;-1;DOWN
2024-10-15T06:45;2024-10-15T07:00;28;EUR;MWh;NO;NO;;60.38;60.38;60.38;-1;DOWN
2024-10-15T07:00;2024-10-15T07:15;29;EUR;MWh;NO;NO;;50.39;50.39;50.39;-1;DOWN
2024-10-15T07:15;2024-10-15T07:30;30;EUR;MWh;NO;NO;;50.39;87.54;87.54;0;STABLE
2024-10-15T07:30;2024-10-15T07:45;31;EUR;MWh;NO;NO;120.06;;120.06;120.06;1;UP
2024-10-15T07:45;2024-10-15T08:00;32;EUR;MWh;NO;NO;105.38;;105.38;105.38;1;UP
2024-10-15T08:00;2024-10-15T08:15;33;EUR;MWh;NO;NO;174.69;;174.69;174.69;1;UP
2024-10-15T08:15;2024-10-15T08:30;34;EUR;MWh;NO;NO;110.69;;110.69;110.69;1;UP
2024-10-15T08:30;2024-10-15T08:45;35;EUR;MWh;NO;NO;;73.38;73.38;73.38;-1;DOWN
2024-10-15T08:45;2024-10-15T09:00;36;EUR;MWh;NO;NO;;70.38;70.38;70.38;-1;DOWN
2024-10-15T09:00;2024-10-15T09:15;37;EUR;MWh;NO;NO;;30.39;30.39;30.39;-1;DOWN
2024-10-15T09:15;2024-10-15T09:30;38;EUR;MWh;NO;NO;;15.69;15.69;15.69;-1;DOWN
2024-10-15T09:30;2024-10-15T09:45;39;EUR;MWh;NO;NO;;-99.15;-99.15;-99.15;-1;DOWN
2024-10-15T09:45;2024-10-15T10:00;40;EUR;MWh;NO;NO;96.58;-121.22;96.58;-121.22;2;UP_AND_DOWN
2024-10-15T10:00;2024-10-15T10:15;41;EUR;MWh;NO;NO;125.6;75.6;125.6;75.6;2;UP_AND_DOWN
2024-10-15T10:15;2024-10-15T10:30;42;EUR;MWh;NO;NO;89.58;70.6;89.58;70.6;2;UP_AND_DOWN
2024-10-15T10:30;2024-10-15T10:45;43;EUR;MWh;NO;NO;135.6;;135.6;135.6;1;UP
2024-10-15T10:45;2024-10-15T11:00;44;EUR;MWh;NO;NO;135.6;80.6;80.6;80.6;-1;DOWN
2024-10-15T11:00;2024-10-15T11:15;45;EUR;MWh;NO;NO;;10.69;10.69;10.69;-1;DOWN
2024-10-15T11:15;2024-10-15T11:30;46;EUR;MWh;NO;NO;;-10.25;-10.25;-10.25;-1;DOWN
2024-10-15T11:30;2024-10-15T11:45;47;EUR;MWh;NO;NO;;;0;0;-1;DOWN
2024-10-15T11:45;2024-10-15T12:00;48;EUR;MWh;NO;NO;86.29;-47;86.29;-47;2;UP_AND_DOWN
2024-10-15T12:00;2024-10-15T12:15;49;EUR;MWh;NO;NO;86.29;;86.31;86.31;0;STABLE
2024-10-15T12:15;2024-10-15T12:30;50;EUR;MWh;NO;NO;;19.18;19.18;19.18;-1;DOWN
2024-10-15T12:30;2024-10-15T12:45;51;EUR;MWh;NO;NO;;-7.91;-7.91;-7.91;-1;DOWN
2024-10-15T12:45;2024-10-15T13:00;52;EUR;MWh;NO;NO;89.58;-35;89.58;-35;2;UP_AND_DOWN
2024-10-15T13:00;2024-10-15T13:15;53;EUR;MWh;NO;NO;89.58;;89.58;89.58;1;UP
2024-10-15T13:15;2024-10-15T13:30;54;EUR;MWh;NO;NO;;11.69;11.69;11.69;-1;DOWN
2024-10-15T13:30;2024-10-15T13:45;55;EUR;MWh;NO;NO;;15;15;15;-1;DOWN
2024-10-15T13:45;2024-10-15T14:00;56;EUR;MWh;NO;NO;;-19.46;-19.46;-19.46;-1;DOWN
2024-10-15T14:00;2024-10-15T14:15;57;EUR;MWh;NO;NO;;19.18;19.18;19.18;-1;DOWN
2024-10-15T14:15;2024-10-15T14:30;58;EUR;MWh;NO;NO;;-30;-30;-30;-1;DOWN
2024-10-15T14:30;2024-10-15T14:45;59;EUR;MWh;NO;NO;;-30;-30;-30;-1;DOWN
2024-10-15T14:45;2024-10-15T15:00;60;EUR;MWh;NO;NO;;11.69;11.69;11.69;-1;DOWN
2024-10-15T15:00;2024-10-15T15:15;61;EUR;MWh;NO;NO;;-60;-60;-60;-1;DOWN
2024-10-15T15:15;2024-10-15T15:30;62;EUR;MWh;NO;NO;;-13.43;-13.43;-13.43;-1;DOWN
2024-10-15T15:30;2024-10-15T15:45;63;EUR;MWh;NO;NO;146.3;-15.33;146.3;-15.33;2;UP_AND_DOWN
2024-10-15T15:45;2024-10-15T16:00;64;EUR;MWh;NO;NO;146.3;68.69;146.3;68.69;2;UP_AND_DOWN
2024-10-15T16:00;2024-10-15T16:15;65;EUR;MWh;NO;NO;;-19.73;-19.73;-19.73;-1;DOWN
2024-10-15T16:15;2024-10-15T16:30;66;EUR;MWh;NO;NO;105;-19.73;105;105;1;UP
2024-10-15T16:30;2024-10-15T16:45;67;EUR;MWh;NO;NO;146.1;;146.1;146.1;1;UP
2024-10-15T16:45;2024-10-15T17:00;68;EUR;MWh;NO;NO;146.1;;146.1;146.1;1;UP
2024-10-15T17:00;2024-10-15T17:15;69;EUR;MWh;NO;NO;110.19;40.19;110.19;40.19;2;UP_AND_DOWN
2024-10-15T17:15;2024-10-15T17:30;70;EUR;MWh;NO;NO;125.19;;125.19;125.19;1;UP
2024-10-15T17:30;2024-10-15T17:45;71;EUR;MWh;NO;NO;154.69;;154.69;154.69;1;UP
2024-10-15T17:45;2024-10-15T18:00;72;EUR;MWh;NO;NO;1210.38;75.19;1210.38;75.19;2;UP_AND_DOWN
2024-10-15T18:00;2024-10-15T18:15;73;EUR;MWh;NO;NO;;-30;-30;-30;-1;DOWN
2024-10-15T18:15;2024-10-15T18:30;74;EUR;MWh;NO;NO;;-25.08;-25.08;-25.08;-1;DOWN
2024-10-15T18:30;2024-10-15T18:45;75;EUR;MWh;NO;NO;1210.38;-51;1210.38;-51;2;UP_AND_DOWN
2024-10-15T18:45;2024-10-15T19:00;76;EUR;MWh;NO;NO;1210.38;-263.72;1210.38;-263.72;2;UP_AND_DOWN
2024-10-15T19:00;2024-10-15T19:15;77;EUR;MWh;NO;NO;;-45.39;-45.39;-45.39;-1;DOWN
2024-10-15T19:15;2024-10-15T19:30;78;EUR;MWh;NO;NO;;8.69;8.69;8.69;-1;DOWN
2024-10-15T19:30;2024-10-15T19:45;79;EUR;MWh;NO;NO;;19.18;19.18;19.18;-1;DOWN
2024-10-15T19:45;2024-10-15T20:00;80;EUR;MWh;NO;NO;102.04;-20.62;102.04;-20.62;2;UP_AND_DOWN
2024-10-15T20:00;2024-10-15T20:15;81;EUR;MWh;NO;NO;90.38;-205.72;90.38;-205.72;2;UP_AND_DOWN
2024-10-15T20:15;2024-10-15T20:30;82;EUR;MWh;NO;NO;122.88;-27.58;122.88;-27.58;2;UP_AND_DOWN
2024-10-15T20:30;2024-10-15T20:45;83;EUR;MWh;NO;NO;89.69;22.69;89.69;22.69;2;UP_AND_DOWN
2024-10-15T20:45;2024-10-15T21:00;84;EUR;MWh;NO;NO;93.52;32.69;93.52;32.69;2;UP_AND_DOWN
2024-10-15T21:00;2024-10-15T21:15;85;EUR;MWh;NO;NO;119.1;;119.1;119.1;1;UP
2024-10-15T21:15;2024-10-15T21:30;86;EUR;MWh;NO;NO;89.69;65.14;89.69;65.14;2;UP_AND_DOWN
2024-10-15T21:30;2024-10-15T21:45;87;EUR;MWh;NO;NO;;23.69;23.69;23.69;-1;DOWN
2024-10-15T21:45;2024-10-15T22:00;88;EUR;MWh;NO;NO;;19.18;19.18;19.18;-1;DOWN
2024-10-15T22:00;2024-10-15T22:15;89;EUR;MWh;NO;NO;;37.69;37.69;37.69;-1;DOWN
2024-10-15T22:15;2024-10-15T22:30;90;EUR;MWh;NO;NO;;19.18;19.18;19.18;-1;DOWN
2024-10-15T22:30;2024-10-15T22:45;91;EUR;MWh;NO;NO;;28.69;28.69;28.69;-1;DOWN
2024-10-15T22:45;2024-10-15T23:00;92;EUR;MWh;NO;NO;;-5.96;-5.96;-5.96;-1;DOWN
2024-10-15T23:00;2024-10-15T23:15;93;EUR;MWh;NO;NO;105;-11.23;105;-11.23;2;UP_AND_DOWN
2024-10-15T23:15;2024-10-15T23:30;94;EUR;MWh;NO;NO;;-11.23;-11.23;-11.23;-1;DOWN
2024-10-15T23:30;2024-10-15T23:45;95;EUR;MWh;NO;NO;;-10.97;-10.97;-10.97;-1;DOWN
2024-10-15T23:45;2024-10-16T00:00;96;EUR;MWh;NO;NO;;-35;-35;-35;-1;DOWN
2024-10-16T00:00;2024-10-16T00:15;1;EUR;MWh;NO;NO;1850;-50;1850;-50;2;UP_AND_DOWN
2024-10-16T00:15;2024-10-16T00:30;2;EUR;MWh;NO;NO;1850;-5.92;-5.92;-5.92;-1;DOWN
2024-10-16T00:30;2024-10-16T00:45;3;EUR;MWh;NO;NO;;-5.68;-5.68;-5.68;-1;DOWN
2024-10-16T00:45;2024-10-16T01:00;4;EUR;MWh;NO;NO;;-5.28;-5.28;-5.28;-1;DOWN
2024-10-16T01:00;2024-10-16T01:15;5;EUR;MWh;NO;NO;45.18;-5.28;45.18;45.18;1;UP
2024-10-16T01:15;2024-10-16T01:30;6;EUR;MWh;NO;NO;30;25;49.59;25;2;UP_AND_DOWN
2024-10-16T01:30;2024-10-16T01:45;7;EUR;MWh;NO;NO;;-10.81;-10.81;-10.81;-1;DOWN
2024-10-16T01:45;2024-10-16T02:00;8;EUR;MWh;NO;NO;;8.69;8.69;8.69;-1;DOWN
2024-10-16T02:00;2024-10-16T02:15;9;EUR;MWh;NO;NO;;25;25;25;-1;DOWN
2024-10-16T02:15;2024-10-16T02:30;10;EUR;MWh;NO;NO;;25;25;25;-1;DOWN
2024-10-16T02:30;2024-10-16T02:45;11;EUR;MWh;NO;NO;;-12.83;-12.83;-12.83;-1;DOWN
2024-10-16T02:45;2024-10-16T03:00;12;EUR;MWh;NO;NO;;-29.96;-29.96;-29.96;-1;DOWN
2024-10-16T03:00;2024-10-16T03:15;13;EUR;MWh;NO;NO;78.18;-30;78.18;-30;2;UP_AND_DOWN
2024-10-16T03:15;2024-10-16T03:30;14;EUR;MWh;NO;NO;54;-23.32;54;-23.32;2;UP_AND_DOWN
2024-10-16T03:30;2024-10-16T03:45;15;EUR;MWh;NO;NO;;-38.77;-38.77;-38.77;-1;DOWN
2024-10-16T03:45;2024-10-16T04:00;16;EUR;MWh;NO;NO;30.3;-40.29;-40.29;-40.29;-1;DOWN
2024-10-16T04:00;2024-10-16T04:15;17;EUR;MWh;NO;NO;54;-45;57.18;-45;2;UP_AND_DOWN
2024-10-16T04:15;2024-10-16T04:30;18;EUR;MWh;NO;NO;;-50;-50;-50;-1;DOWN
2024-10-16T04:30;2024-10-16T04:45;19;EUR;MWh;NO;NO;45.18;-50;57.18;-50;2;UP_AND_DOWN
2024-10-16T04:45;2024-10-16T05:00;20;EUR;MWh;NO;NO;;-46.58;-46.58;-46.58;-1;DOWN
2024-10-16T05:00;2024-10-16T05:15;21;EUR;MWh;NO;NO;;-21.91;-21.91;-21.91;-1;DOWN
2024-10-16T05:15;2024-10-16T05:30;22;EUR;MWh;NO;NO;45.18;-40;57.18;-40;2;UP_AND_DOWN
2024-10-16T05:30;2024-10-16T05:45;23;EUR;MWh;NO;NO;45.18;-6.13;57.18;-6.13;2;UP_AND_DOWN
2024-10-16T05:45;2024-10-16T06:00;24;EUR;MWh;NO;NO;;-30;-30;-30;-1;DOWN
2024-10-16T06:00;2024-10-16T06:15;25;EUR;MWh;NO;NO;129.01;-45;129.01;-45;2;UP_AND_DOWN
2024-10-16T06:15;2024-10-16T06:30;26;EUR;MWh;NO;NO;96.9;-6.33;-6.33;-6.33;-1;DOWN
2024-10-16T06:30;2024-10-16T06:45;27;EUR;MWh;NO;NO;96.9;69.18;96.9;57.18;2;UP_AND_DOWN
2024-10-16T06:45;2024-10-16T07:00;28;EUR;MWh;NO;NO;95.16;-20.57;95.16;-20.57;2;UP_AND_DOWN
2024-10-16T07:00;2024-10-16T07:15;29;EUR;MWh;NO;NO;179.01;-30;179.01;-30;2;UP_AND_DOWN
2024-10-16T07:15;2024-10-16T07:30;30;EUR;MWh;NO;NO;90.29;-6.19;90.29;-6.19;2;UP_AND_DOWN
2024-10-16T07:30;2024-10-16T07:45;31;EUR;MWh;NO;NO;129.01;;129.01;129.01;1;UP
2024-10-16T07:45;2024-10-16T08:00;32;EUR;MWh;NO;NO;109.01;;109.01;109.01;1;UP
2024-10-16T08:00;2024-10-16T08:15;33;EUR;MWh;NO;NO;60.63;19.18;60.63;19.18;2;UP_AND_DOWN
2024-10-16T08:15;2024-10-16T08:30;34;EUR;MWh;NO;NO;60.42;;60.42;60.42;1;UP
2024-10-16T08:30;2024-10-16T08:45;35;EUR;MWh;NO;NO;87.46;;87.46;87.46;1;UP
2024-10-16T08:45;2024-10-16T09:00;36;EUR;MWh;NO;NO;84.47;;84.47;84.47;1;UP
2024-10-16T09:00;2024-10-16T09:15;37;EUR;MWh;NO;NO;85;;85;85;1;UP
2024-10-16T09:15;2024-10-16T09:30;38;EUR;MWh;NO;NO;76.75;-5.55;76.75;-5.55;2;UP_AND_DOWN
2024-10-16T09:30;2024-10-16T09:45;39;EUR;MWh;NO;NO;77.57;-30;77.57;-30;2;UP_AND_DOWN
2024-10-16T09:45;2024-10-16T10:00;40;EUR;MWh;NO;NO;97.5;-23.18;97.5;-23.18;2;UP_AND_DOWN
2024-10-16T10:00;2024-10-16T10:15;41;EUR;MWh;NO;NO;746.9;-100;746.9;-100;2;UP_AND_DOWN
2024-10-16T10:15;2024-10-16T10:30;42;EUR;MWh;NO;NO;1850;-135.51;1850;-135.51;2;UP_AND_DOWN
2024-10-16T10:30;2024-10-16T10:45;43;EUR;MWh;NO;NO;93.95;-45;93.95;-45;2;UP_AND_DOWN
2024-10-16T10:45;2024-10-16T11:00;44;EUR;MWh;NO;NO;107.11;-35.13;107.11;107.11;1;UP
2024-10-16T11:00;2024-10-16T11:15;45;EUR;MWh;NO;NO;1850;;1850;1850;1;UP
2024-10-16T11:15;2024-10-16T11:30;46;EUR;MWh;NO;NO;179.64;-30;179.64;-30;2;UP_AND_DOWN
2024-10-16T11:30;2024-10-16T11:45;47;EUR;MWh;NO;NO;118.3;;118.3;118.3;1;UP
2024-10-16T11:45;2024-10-16T12:00;48;EUR;MWh;NO;NO;85;-10.76;85;-10.76;2;UP_AND_DOWN
2024-10-16T12:00;2024-10-16T12:15;49;EUR;MWh;NO;NO;179.64;;179.64;179.64;1;UP
2024-10-16T12:15;2024-10-16T12:30;50;EUR;MWh;NO;NO;147.72;;147.72;147.72;1;UP
2024-10-16T12:30;2024-10-16T12:45;51;EUR;MWh;NO;NO;127.06;;127.06;127.06;1;UP
2024-10-16T12:45;2024-10-16T13:00;52;EUR;MWh;NO;NO;102.32;;102.32;102.32;1;UP
2024-10-16T13:00;2024-10-16T13:15;53;EUR;MWh;NO;NO;100.78;1;100.78;1;2;UP_AND_DOWN
2024-10-16T13:15;2024-10-16T13:30;54;EUR;MWh;NO;NO;104.64;;104.64;104.64;1;UP
2024-10-16T13:30;2024-10-16T13:45;55;EUR;MWh;NO;NO;102.34;;102.34;102.34;1;UP
2024-10-16T13:45;2024-10-16T14:00;56;EUR;MWh;NO;NO;70.44;-32;70.44;-32;2;UP_AND_DOWN
2024-10-16T14:00;2024-10-16T14:15;57;EUR;MWh;NO;NO;118.3;-65;118.3;-65;2;UP_AND_DOWN
2024-10-16T14:15;2024-10-16T14:30;58;EUR;MWh;NO;NO;84.64;-97.52;84.64;-97.52;2;UP_AND_DOWN
2024-10-16T14:30;2024-10-16T14:45;59;EUR;MWh;NO;NO;85;-27.19;85;85;1;UP
2024-10-16T14:45;2024-10-16T15:00;60;EUR;MWh;NO;NO;85;-38.88;85;-38.88;2;UP_AND_DOWN
2024-10-16T15:00;2024-10-16T15:15;61;EUR;MWh;NO;NO;118.5;-100;118.5;-100;2;UP_AND_DOWN
2024-10-16T15:15;2024-10-16T15:30;62;EUR;MWh;NO;NO;120.33;-76.17;120.33;-76.17;2;UP_AND_DOWN
2024-10-16T15:30;2024-10-16T15:45;63;EUR;MWh;NO;NO;85;-29.98;85;-29.98;2;UP_AND_DOWN
2024-10-16T15:45;2024-10-16T16:00;64;EUR;MWh;NO;NO;95.69;;95.69;95.69;1;UP
2024-10-16T16:00;2024-10-16T16:15;65;EUR;MWh;NO;NO;1850;-30;1850;-30;2;UP_AND_DOWN
2024-10-16T16:15;2024-10-16T16:30;66;EUR;MWh;NO;NO;1850;-80;1850;-80;2;UP_AND_DOWN
2024-10-16T16:30;2024-10-16T16:45;67;EUR;MWh;NO;NO;85;-4;85;-4;2;UP_AND_DOWN
2024-10-16T16:45;2024-10-16T17:00;68;EUR;MWh;NO;NO;97.28;;97.28;97.28;1;UP
2024-10-16T17:00;2024-10-16T17:15;69;EUR;MWh;NO;NO;118.3;-18.26;118.3;-18.26;2;UP_AND_DOWN
2024-10-16T17:15;2024-10-16T17:30;70;EUR;MWh;NO;NO;128.7;-5.22;128.7;-5.22;2;UP_AND_DOWN
2024-10-16T17:30;2024-10-16T17:45;71;EUR;MWh;NO;NO;118.2;-30;118.2;-30;2;UP_AND_DOWN
2024-10-16T17:45;2024-10-16T18:00;72;EUR;MWh;NO;NO;129.64;6.36;129.64;6.36;2;UP_AND_DOWN
2024-10-16T18:00;2024-10-16T18:15;73;EUR;MWh;NO;NO;84.64;-30;84.64;-30;2;UP_AND_DOWN
2024-10-16T18:15;2024-10-16T18:30;74;EUR;MWh;NO;NO;62.18;-18.62;65.33;-18.62;2;UP_AND_DOWN
2024-10-16T18:30;2024-10-16T18:45;75;EUR;MWh;NO;NO;62.18;-37.56;65.31;-37.56;2;UP_AND_DOWN
2024-10-16T18:45;2024-10-16T19:00;76;EUR;MWh;NO;NO;140.89;-35;140.89;-35;2;UP_AND_DOWN
2024-10-16T19:00;2024-10-16T19:15;77;EUR;MWh;NO;NO;97;;97;97;1;UP
2024-10-16T19:15;2024-10-16T19:30;78;EUR;MWh;NO;NO;54;-11.23;-11.23;-11.23;-1;DOWN
2024-10-16T19:30;2024-10-16T19:45;79;EUR;MWh;NO;NO;94.64;-11.23;94.64;-11.23;2;UP_AND_DOWN
2024-10-16T19:45;2024-10-16T20:00;80;EUR;MWh;NO;NO;66;-30;66;-30;2;UP_AND_DOWN
2024-10-16T20:00;2024-10-16T20:15;81;EUR;MWh;NO;NO;97;-40;97;-40;2;UP_AND_DOWN
2024-10-16T20:15;2024-10-16T20:30;82;EUR;MWh;NO;NO;128.9;-25.49;128.9;-25.49;2;UP_AND_DOWN
2024-10-16T20:30;2024-10-16T20:45;83;EUR;MWh;NO;NO;70.26;-11.87;70.26;-11.87;2;UP_AND_DOWN
2024-10-16T20:45;2024-10-16T21:00;84;EUR;MWh;NO;NO;94.64;-15.55;94.64;-15.55;2;UP_AND_DOWN
2024-10-16T21:00;2024-10-16T21:15;85;EUR;MWh;NO;NO;94.64;-4;-4;-4;-1;DOWN
2024-10-16T21:15;2024-10-16T21:30;86;EUR;MWh;NO;NO;68.72;-5;68.72;-5;2;UP_AND_DOWN
2024-10-16T21:30;2024-10-16T21:45;87;EUR;MWh;NO;NO;68.94;-5;68.94;-5;2;UP_AND_DOWN
2024-10-16T21:45;2024-10-16T22:00;88;EUR;MWh;NO;NO;68.94;-17.44;-17.44;-17.44;-1;DOWN
2024-10-16T22:00;2024-10-16T22:15;89;EUR;MWh;NO;NO;30;-5;49.59;-5;2;UP_AND_DOWN
2024-10-16T22:15;2024-10-16T22:30;90;EUR;MWh;NO;NO;33.83;-18.82;51.51;-18.82;2;UP_AND_DOWN
2024-10-16T22:30;2024-10-16T22:45;91;EUR;MWh;NO;NO;86.3;-30;86.3;-30;2;UP_AND_DOWN
2024-10-16T22:45;2024-10-16T23:00;92;EUR;MWh;NO;NO;80.03;-30;80.03;-30;2;UP_AND_DOWN
2024-10-16T23:00;2024-10-16T23:15;93;EUR;MWh;NO;NO;85.86;-33.53;85.86;85.86;1;UP
2024-10-16T23:15;2024-10-16T23:30;94;EUR;MWh;NO;NO;30;-31.36;49.59;-31.36;2;UP_AND_DOWN
2024-10-16T23:30;2024-10-16T23:45;95;EUR;MWh;NO;NO;;-30;-30;-30;-1;DOWN
2024-10-16T23:45;2024-10-17T00:00;96;EUR;MWh;NO;NO;30;-40;49.59;-40;2;UP_AND_DOWN
2024-10-17T00:00;2024-10-17T00:15;1;EUR;MWh;NO;NO;;-19.24;-19.24;-19.24;-1;DOWN
2024-10-17T00:15;2024-10-17T00:30;2;EUR;MWh;NO;NO;;;31.31;31.31;0;STABLE
2024-10-17T00:30;2024-10-17T00:45;3;EUR;MWh;NO;NO;;;31.31;31.31;0;STABLE
2024-10-17T00:45;2024-10-17T01:00;4;EUR;MWh;NO;NO;;-10.27;-10.27;-10.27;-1;DOWN
2024-10-17T01:00;2024-10-17T01:15;5;EUR;MWh;NO;NO;;-5.15;-5.15;-5.15;-1;DOWN
2024-10-17T01:15;2024-10-17T01:30;6;EUR;MWh;NO;NO;;-10.16;-10.16;-10.16;-1;DOWN
2024-10-17T01:30;2024-10-17T01:45;7;EUR;MWh;NO;NO;;-5.16;-5.16;-5.16;-1;DOWN
2024-10-17T01:45;2024-10-17T02:00;8;EUR;MWh;NO;NO;;82.02;82.02;82.02;-1;DOWN
2024-10-17T02:00;2024-10-17T02:15;9;EUR;MWh;NO;NO;;82.02;82.02;82.02;-1;DOWN
2024-10-17T02:15;2024-10-17T02:30;10;EUR;MWh;NO;NO;;-10.38;-10.38;-10.38;-1;DOWN
2024-10-17T02:30;2024-10-17T02:45;11;EUR;MWh;NO;NO;;-10.38;-10.38;-10.38;-1;DOWN
2024-10-17T02:45;2024-10-17T03:00;12;EUR;MWh;NO;NO;;-10.2;-10.2;-10.2;-1;DOWN
2024-10-17T03:00;2024-10-17T03:15;13;EUR;MWh;NO;NO;;;62.82;62.82;0;STABLE
2024-10-17T03:15;2024-10-17T03:30;14;EUR;MWh;NO;NO;;-10.79;-10.79;-10.79;-1;DOWN
2024-10-17T03:30;2024-10-17T03:45;15;EUR;MWh;NO;NO;;-5.04;-5.04;-5.04;-1;DOWN
2024-10-17T03:45;2024-10-17T04:00;16;EUR;MWh;NO;NO;;-11.16;-11.16;-11.16;-1;DOWN
2024-10-17T04:00;2024-10-17T04:15;17;EUR;MWh;NO;NO;;19.18;19.18;19.18;-1;DOWN
2024-10-17T04:15;2024-10-17T04:30;18;EUR;MWh;NO;NO;;80.78;80.78;80.78;-1;DOWN
2024-10-17T04:30;2024-10-17T04:45;19;EUR;MWh;NO;NO;;-14.95;-14.95;-14.95;-1;DOWN
2024-10-17T04:45;2024-10-17T05:00;20;EUR;MWh;NO;NO;;-30;-30;-30;-1;DOWN
2024-10-17T05:00;2024-10-17T05:15;21;EUR;MWh;NO;NO;;-30;-30;-30;-1;DOWN
2024-10-17T05:15;2024-10-17T05:30;22;EUR;MWh;NO;NO;;-32;-32;-32;-1;DOWN
2024-10-17T05:30;2024-10-17T05:45;23;EUR;MWh;NO;NO;43.61;-37;62.2;-37;2;UP_AND_DOWN
2024-10-17T05:45;2024-10-17T06:00;24;EUR;MWh;NO;NO;;-34;-34;-34;-1;DOWN
2024-10-17T06:00;2024-10-17T06:15;25;EUR;MWh;NO;NO;1813.61;-118.28;1813.61;-118.28;2;UP_AND_DOWN
2024-10-17T06:15;2024-10-17T06:30;26;EUR;MWh;NO;NO;104.87;-1000;104.87;-1000;2;UP_AND_DOWN
2024-10-17T06:30;2024-10-17T06:45;27;EUR;MWh;NO;NO;117.4;-32;117.4;-32;2;UP_AND_DOWN
2024-10-17T06:45;2024-10-17T07:00;28;EUR;MWh;NO;NO;128.1;-130;128.1;-130;2;UP_AND_DOWN
2024-10-17T07:00;2024-10-17T07:15;29;EUR;MWh;NO;NO;;19.18;19.18;19.18;-1;DOWN
2024-10-17T07:15;2024-10-17T07:30;30;EUR;MWh;NO;NO;98.74;48.04;98.74;98.74;1;UP
2024-10-17T07:30;2024-10-17T07:45;31;EUR;MWh;NO;NO;117.71;;117.71;117.71;1;UP
2024-10-17T07:45;2024-10-17T08:00;32;EUR;MWh;NO;NO;112.71;;112.71;112.71;1;UP
2024-10-17T08:00;2024-10-17T08:15;33;EUR;MWh;NO;NO;112.71;81.33;81.33;81.33;-1;DOWN
2024-10-17T08:15;2024-10-17T08:30;34;EUR;MWh;NO;NO;;81.33;81.33;81.33;-1;DOWN
2024-10-17T08:30;2024-10-17T08:45;35;EUR;MWh;NO;NO;;85.83;85.83;85.83;-1;DOWN
2024-10-17T08:45;2024-10-17T09:00;36;EUR;MWh;NO;NO;117.4;86.69;117.4;117.4;1;UP
2024-10-17T09:00;2024-10-17T09:15;37;EUR;MWh;NO;NO;117.4;;117.4;117.4;1;UP
2024-10-17T09:15;2024-10-17T09:30;38;EUR;MWh;NO;NO;100.12;;100.12;100.12;1;UP
2024-10-17T09:30;2024-10-17T09:45;39;EUR;MWh;NO;NO;110.12;;110.12;110.12;1;UP
2024-10-17T09:45;2024-10-17T10:00;40;EUR;MWh;NO;NO;100.12;;100.12;100.12;1;UP
2024-10-17T10:00;2024-10-17T10:15;41;EUR;MWh;NO;NO;109.74;-25;109.74;-25;2;UP_AND_DOWN
2024-10-17T10:15;2024-10-17T10:30;42;EUR;MWh;NO;NO;197.76;-30;197.76;-30;2;UP_AND_DOWN
2024-10-17T10:30;2024-10-17T10:45;43;EUR;MWh;NO;NO;43.61;52.01;65.15;52.01;2;UP_AND_DOWN
2024-10-17T10:45;2024-10-17T11:00;44;EUR;MWh;NO;NO;94.54;-74;94.54;-74;2;UP_AND_DOWN
2024-10-17T11:00;2024-10-17T11:15;45;EUR;MWh;NO;NO;94.54;76.83;76.83;76.83;-1;DOWN
2024-10-17T11:15;2024-10-17T11:30;46;EUR;MWh;NO;NO;;81.33;81.33;81.33;-1;DOWN
2024-10-17T11:30;2024-10-17T11:45;47;EUR;MWh;NO;NO;;70.83;70.83;70.83;-1;DOWN
2024-10-17T11:45;2024-10-17T12:00;48;EUR;MWh;NO;NO;;-27.34;-27.34;-27.34;-1;DOWN
2024-10-17T12:00;2024-10-17T12:15;49;EUR;MWh;NO;NO;;70.83;70.83;70.83;-1;DOWN
2024-10-17T12:15;2024-10-17T12:30;50;EUR;MWh;NO;NO;;-60;-60;-60;-1;DOWN
2024-10-17T12:30;2024-10-17T12:45;51;EUR;MWh;NO;NO;132.7;-74;132.7;-74;2;UP_AND_DOWN
2024-10-17T12:45;2024-10-17T13:00;52;EUR;MWh;NO;NO;53.61;79.74;53.61;42.92;2;UP_AND_DOWN
2024-10-17T13:00;2024-10-17T13:15;53;EUR;MWh;NO;NO;162.82;72.41;162.82;162.82;1;UP
2024-10-17T13:15;2024-10-17T13:30;54;EUR;MWh;NO;NO;147.16;;147.16;147.16;1;UP
2024-10-17T13:30;2024-10-17T13:45;55;EUR;MWh;NO;NO;187.82;;187.82;187.82;1;UP
2024-10-17T13:45;2024-10-17T14:00;56;EUR;MWh;NO;NO;208.15;;208.15;208.15;1;UP
2024-10-17T14:00;2024-10-17T14:15;57;EUR;MWh;NO;NO;131.15;;131.15;131.15;1;UP
2024-10-17T14:15;2024-10-17T14:30;58;EUR;MWh;NO;NO;111.15;;111.15;111.15;1;UP
2024-10-17T14:30;2024-10-17T14:45;59;EUR;MWh;NO;NO;97;;97;97;1;UP
2024-10-17T14:45;2024-10-17T15:00;60;EUR;MWh;NO;NO;97;;97;97;1;UP
2024-10-17T15:00;2024-10-17T15:15;61;EUR;MWh;NO;NO;89.81;84.33;89.81;64.72;2;UP_AND_DOWN
2024-10-17T15:15;2024-10-17T15:30;62;EUR;MWh;NO;NO;;-42.69;-42.69;-42.69;-1;DOWN
2024-10-17T15:30;2024-10-17T15:45;63;EUR;MWh;NO;NO;43.61;-42.69;43.61;43.61;1;UP
2024-10-17T15:45;2024-10-17T16:00;64;EUR;MWh;NO;NO;43.61;;43.61;43.61;1;UP
2024-10-17T16:00;2024-10-17T16:15;65;EUR;MWh;NO;NO;1235.29;-74;1235.29;-74;2;UP_AND_DOWN
2024-10-17T16:15;2024-10-17T16:30;66;EUR;MWh;NO;NO;1813.61;-172.74;1813.61;-172.74;2;UP_AND_DOWN
2024-10-17T16:30;2024-10-17T16:45;67;EUR;MWh;NO;NO;117.6;-1;117.6;-1;2;UP_AND_DOWN
2024-10-17T16:45;2024-10-17T17:00;68;EUR;MWh;NO;NO;102.71;-30;102.71;-30;2;UP_AND_DOWN
2024-10-17T17:00;2024-10-17T17:15;69;EUR;MWh;NO;NO;;60.04;60.04;60.04;-1;DOWN
2024-10-17T17:15;2024-10-17T17:30;70;EUR;MWh;NO;NO;;66.04;66.04;66.04;-1;DOWN
2024-10-17T17:30;2024-10-17T17:45;71;EUR;MWh;NO;NO;53.61;80.51;87.06;80.51;2;UP_AND_DOWN
2024-10-17T17:45;2024-10-17T18:00;72;EUR;MWh;NO;NO;97;96.36;97;70.99;2;UP_AND_DOWN
2024-10-17T18:00;2024-10-17T18:15;73;EUR;MWh;NO;NO;43.61;64.6;65.61;64.6;2;UP_AND_DOWN
2024-10-17T18:15;2024-10-17T18:30;74;EUR;MWh;NO;NO;;54.18;54.18;54.18;-1;DOWN
2024-10-17T18:30;2024-10-17T18:45;75;EUR;MWh;NO;NO;;54.37;54.37;54.37;-1;DOWN
2024-10-17T18:45;2024-10-17T19:00;76;EUR;MWh;NO;NO;;60.04;60.04;60.04;-1;DOWN
2024-10-17T19:00;2024-10-17T19:15;77;EUR;MWh;NO;NO;130;70.6;130;69.22;2;UP_AND_DOWN
2024-10-17T19:15;2024-10-17T19:30;78;EUR;MWh;NO;NO;92.29;85.83;92.29;69.22;2;UP_AND_DOWN
2024-10-17T19:30;2024-10-17T19:45;79;EUR;MWh;NO;NO;;84.33;84.33;84.33;-1;DOWN
2024-10-17T19:45;2024-10-17T20:00;80;EUR;MWh;NO;NO;;63.05;63.05;63.05;-1;DOWN
2024-10-17T20:00;2024-10-17T20:15;81;EUR;MWh;NO;NO;100.79;73.04;100.79;69.21;2;UP_AND_DOWN
2024-10-17T20:15;2024-10-17T20:30;82;EUR;MWh;NO;NO;100.79;92.8;92.8;92.8;-1;DOWN
2024-10-17T20:30;2024-10-17T20:45;83;EUR;MWh;NO;NO;43.61;88.8;69.21;69.21;2;UP_AND_DOWN
2024-10-17T20:45;2024-10-17T21:00;84;EUR;MWh;NO;NO;102.42;76.04;102.42;64.92;2;UP_AND_DOWN
2024-10-17T21:00;2024-10-17T21:15;85;EUR;MWh;NO;NO;679.1;65.39;679.1;64.92;2;UP_AND_DOWN
2024-10-17T21:15;2024-10-17T21:30;86;EUR;MWh;NO;NO;132;;132;132;1;UP
2024-10-17T21:30;2024-10-17T21:45;87;EUR;MWh;NO;NO;94.21;;94.21;94.21;1;UP
2024-10-17T21:45;2024-10-17T22:00;88;EUR;MWh;NO;NO;118.22;;118.22;118.22;1;UP
2024-10-17T22:00;2024-10-17T22:15;89;EUR;MWh;NO;NO;132.1;54.84;132.1;54.84;2;UP_AND_DOWN
2024-10-17T22:15;2024-10-17T22:30;90;EUR;MWh;NO;NO;337.7;80;337.7;64.66;2;UP_AND_DOWN
2024-10-17T22:30;2024-10-17T22:45;91;EUR;MWh;NO;NO;102.7;80;102.7;102.7;1;UP
2024-10-17T22:45;2024-10-17T23:00;92;EUR;MWh;NO;NO;108.9;;108.9;108.9;1;UP
2024-10-17T23:00;2024-10-17T23:15;93;EUR;MWh;NO;NO;1813.61;11.11;1813.61;11.11;2;UP_AND_DOWN
2024-10-17T23:15;2024-10-17T23:30;94;EUR;MWh;NO;NO;1813.61;-11.6;1813.61;-11.6;2;UP_AND_DOWN
2024-10-17T23:30;2024-10-17T23:45;95;EUR;MWh;NO;NO;53.61;25;65.04;25;2;UP_AND_DOWN
2024-10-17T23:45;2024-10-18T00:00;96;EUR;MWh;NO;NO;;63.84;63.84;63.84;-1;DOWN
2024-10-18T00:00;2024-10-18T00:15;1;EUR;MWh;NO;NO;243.1;63.84;243.1;243.1;1;UP
2024-10-18T00:15;2024-10-18T00:30;2;EUR;MWh;NO;NO;115.1;;115.1;115.1;1;UP
2024-10-18T00:30;2024-10-18T00:45;3;EUR;MWh;NO;NO;118.85;;118.85;118.85;1;UP
2024-10-18T00:45;2024-10-18T01:00;4;EUR;MWh;NO;NO;132.92;73.52;132.92;73.52;2;UP_AND_DOWN
2024-10-18T01:00;2024-10-18T01:15;5;EUR;MWh;NO;NO;138.85;73.52;138.85;138.85;1;UP
2024-10-18T01:15;2024-10-18T01:30;6;EUR;MWh;NO;NO;106.07;;106.07;106.07;1;UP
2024-10-18T01:30;2024-10-18T01:45;7;EUR;MWh;NO;NO;122.38;86.85;122.38;75.23;2;UP_AND_DOWN
2024-10-18T01:45;2024-10-18T02:00;8;EUR;MWh;NO;NO;117.28;;117.28;117.28;1;UP
2024-10-18T02:00;2024-10-18T02:15;9;EUR;MWh;NO;NO;95;;95;95;1;UP
2024-10-18T02:15;2024-10-18T02:30;10;EUR;MWh;NO;NO;63.61;86.08;86.08;86.08;-1;DOWN
2024-10-18T02:30;2024-10-18T02:45;11;EUR;MWh;NO;NO;91.43;82.88;91.43;74.85;2;UP_AND_DOWN
2024-10-18T02:45;2024-10-18T03:00;12;EUR;MWh;NO;NO;95;;95;95;1;UP
2024-10-18T03:00;2024-10-18T03:15;13;EUR;MWh;NO;NO;123.45;;123.45;123.45;1;UP
2024-10-18T03:15;2024-10-18T03:30;14;EUR;MWh;NO;NO;118.85;;118.85;118.85;1;UP
2024-10-18T03:30;2024-10-18T03:45;15;EUR;MWh;NO;NO;104.43;;104.43;104.43;1;UP
2024-10-18T03:45;2024-10-18T04:00;16;EUR;MWh;NO;NO;113.85;;113.85;113.85;1;UP
2024-10-18T04:00;2024-10-18T04:15;17;EUR;MWh;NO;NO;97.83;;97.83;97.83;1;UP
2024-10-18T04:15;2024-10-18T04:30;18;EUR;MWh;NO;NO;133.53;;133.53;133.53;1;UP
2024-10-18T04:30;2024-10-18T04:45;19;EUR;MWh;NO;NO;128.04;;128.04;128.04;1;UP
2024-10-18T04:45;2024-10-18T05:00;20;EUR;MWh;NO;NO;118.85;;118.85;118.85;1;UP
2024-10-18T05:00;2024-10-18T05:15;21;EUR;MWh;NO;NO;90;;90;90;1;UP
2024-10-18T05:15;2024-10-18T05:30;22;EUR;MWh;NO;NO;89.57;;89.57;89.57;1;UP
2024-10-18T05:30;2024-10-18T05:45;23;EUR;MWh;NO;NO;95;;95;95;1;UP
2024-10-18T05:45;2024-10-18T06:00;24;EUR;MWh;NO;NO;90.85;51.04;90.85;51.04;2;UP_AND_DOWN
2024-10-18T06:00;2024-10-18T06:15;25;EUR;MWh;NO;NO;170.58;53.7;170.58;170.58;1;UP
2024-10-18T06:15;2024-10-18T06:30;26;EUR;MWh;NO;NO;200.84;68;200.84;68;2;UP_AND_DOWN
2024-10-18T06:30;2024-10-18T06:45;27;EUR;MWh;NO;NO;121.78;79.18;121.78;74.85;2;UP_AND_DOWN
2024-10-18T06:45;2024-10-18T07:00;28;EUR;MWh;NO;NO;110.9;;110.9;110.9;1;UP
2024-10-18T07:00;2024-10-18T07:15;29;EUR;MWh;NO;NO;124.9;52.54;124.9;52.54;2;UP_AND_DOWN
2024-10-18T07:15;2024-10-18T07:30;30;EUR;MWh;NO;NO;124.93;75.9;124.93;75.9;2;UP_AND_DOWN
2024-10-18T07:30;2024-10-18T07:45;31;EUR;MWh;NO;NO;143.3;;143.3;143.3;1;UP
2024-10-18T07:45;2024-10-18T08:00;32;EUR;MWh;NO;NO;118.08;;118.08;118.08;1;UP
2024-10-18T08:00;2024-10-18T08:15;33;EUR;MWh;NO;NO;95.38;;95.38;95.38;1;UP
2024-10-18T08:15;2024-10-18T08:30;34;EUR;MWh;NO;NO;;77.35;77.35;77.35;-1;DOWN
2024-10-18T08:30;2024-10-18T08:45;35;EUR;MWh;NO;NO;97.41;86.83;97.41;75.22;2;UP_AND_DOWN
2024-10-18T08:45;2024-10-18T09:00;36;EUR;MWh;NO;NO;101.12;;101.12;101.12;1;UP
2024-10-18T09:00;2024-10-18T09:15;37;EUR;MWh;NO;NO;90.08;;90.08;90.08;1;UP
2024-10-18T09:15;2024-10-18T09:30;38;EUR;MWh;NO;NO;;86.96;86.96;86.96;-1;DOWN
2024-10-18T09:30;2024-10-18T09:45;39;EUR;MWh;NO;NO;;81.48;81.48;81.48;-1;DOWN
2024-10-18T09:45;2024-10-18T10:00;40;EUR;MWh;NO;NO;;73;73;73;-1;DOWN
2024-10-18T10:00;2024-10-18T10:15;41;EUR;MWh;NO;NO;86.26;68;86.26;68;2;UP_AND_DOWN
2024-10-18T10:15;2024-10-18T10:30;42;EUR;MWh;NO;NO;162.4;67;162.4;67;2;UP_AND_DOWN
2024-10-18T10:30;2024-10-18T10:45;43;EUR;MWh;NO;NO;162.4;62.6;62.6;62.6;-1;DOWN
2024-10-18T10:45;2024-10-18T11:00;44;EUR;MWh;NO;NO;117.52;66.04;117.52;66.04;2;UP_AND_DOWN
2024-10-18T11:00;2024-10-18T11:15;45;EUR;MWh;NO;NO;101.6;73.59;101.6;73.59;2;UP_AND_DOWN
2024-10-18T11:15;2024-10-18T11:30;46;EUR;MWh;NO;NO;96.17;;96.17;96.17;1;UP
2024-10-18T11:30;2024-10-18T11:45;47;EUR;MWh;NO;NO;89.59;56.75;89.59;56.75;2;UP_AND_DOWN
2024-10-18T11:45;2024-10-18T12:00;48;EUR;MWh;NO;NO;;37.65;37.65;37.65;-1;DOWN
2024-10-18T12:00;2024-10-18T12:15;49;EUR;MWh;NO;NO;99;61.46;99;61.46;2;UP_AND_DOWN
2024-10-18T12:15;2024-10-18T12:30;50;EUR;MWh;NO;NO;;7.29;7.29;7.29;-1;DOWN
2024-10-18T12:30;2024-10-18T12:45;51;EUR;MWh;NO;NO;;1.23;1.23;1.23;-1;DOWN
2024-10-18T12:45;2024-10-18T13:00;52;EUR;MWh;NO;NO;;6.99;6.99;6.99;-1;DOWN
2024-10-18T13:00;2024-10-18T13:15;53;EUR;MWh;NO;NO;;8.03;8.03;8.03;-1;DOWN
2024-10-18T13:15;2024-10-18T13:30;54;EUR;MWh;NO;NO;;-4.54;-4.54;-4.54;-1;DOWN
2024-10-18T13:30;2024-10-18T13:45;55;EUR;MWh;NO;NO;;65.86;65.86;65.86;-1;DOWN
2024-10-18T13:45;2024-10-18T14:00;56;EUR;MWh;NO;NO;163.03;68;163.03;68;2;UP_AND_DOWN
2024-10-18T14:00;2024-10-18T14:15;57;EUR;MWh;NO;NO;177.45;;177.45;177.45;1;UP
2024-10-18T14:15;2024-10-18T14:30;58;EUR;MWh;NO;NO;149;;149;149;1;UP
2024-10-18T14:30;2024-10-18T14:45;59;EUR;MWh;NO;NO;91.64;83.24;91.64;74.81;2;UP_AND_DOWN
2024-10-18T14:45;2024-10-18T15:00;60;EUR;MWh;NO;NO;95;73;95;73;2;UP_AND_DOWN
2024-10-18T15:00;2024-10-18T15:15;61;EUR;MWh;NO;NO;149;6.98;149;6.98;2;UP_AND_DOWN
2024-10-18T15:15;2024-10-18T15:30;62;EUR;MWh;NO;NO;149;86.03;149;86.03;2;UP_AND_DOWN
2024-10-18T15:30;2024-10-18T15:45;63;EUR;MWh;NO;NO;106.64;;106.64;106.64;1;UP
2024-10-18T15:45;2024-10-18T16:00;64;EUR;MWh;NO;NO;122.05;;122.05;122.05;1;UP
2024-10-18T16:00;2024-10-18T16:15;65;EUR;MWh;NO;NO;281.74;;281.74;281.74;1;UP
2024-10-18T16:15;2024-10-18T16:30;66;EUR;MWh;NO;NO;141.64;;141.64;141.64;1;UP
2024-10-18T16:30;2024-10-18T16:45;67;EUR;MWh;NO;NO;102.78;77.26;102.78;77.26;2;UP_AND_DOWN
2024-10-18T16:45;2024-10-18T17:00;68;EUR;MWh;NO;NO;93.41;;93.41;93.41;1;UP
2024-10-18T17:00;2024-10-18T17:15;69;EUR;MWh;NO;NO;101.47;98.1;101.47;50.05;2;UP_AND_DOWN
2024-10-18T17:15;2024-10-18T17:30;70;EUR;MWh;NO;NO;103.01;85.1;103.01;50;2;UP_AND_DOWN
2024-10-18T17:30;2024-10-18T17:45;71;EUR;MWh;NO;NO;96.31;;96.31;96.31;1;UP
2024-10-18T17:45;2024-10-18T18:00;72;EUR;MWh;NO;NO;103.01;;103.01;103.01;1;UP
2024-10-18T18:00;2024-10-18T18:15;73;EUR;MWh;NO;NO;154.61;85.9;154.61;66.9;2;UP_AND_DOWN
2024-10-18T18:15;2024-10-18T18:30;74;EUR;MWh;NO;NO;194.64;;194.64;194.64;1;UP
2024-10-18T18:30;2024-10-18T18:45;75;EUR;MWh;NO;NO;187.9;;187.9;187.9;1;UP
2024-10-18T18:45;2024-10-18T19:00;76;EUR;MWh;NO;NO;187.9;;187.9;187.9;1;UP
2024-10-18T19:00;2024-10-18T19:15;77;EUR;MWh;NO;NO;103.05;102;103.05;52;2;UP_AND_DOWN
2024-10-18T19:15;2024-10-18T19:30;78;EUR;MWh;NO;NO;103.05;81.33;81.33;81.33;-1;DOWN
2024-10-18T19:30;2024-10-18T19:45;79;EUR;MWh;NO;NO;;65.59;65.59;65.59;-1;DOWN
2024-10-18T19:45;2024-10-18T20:00;80;EUR;MWh;NO;NO;;66.04;66.04;66.04;-1;DOWN
2024-10-18T20:00;2024-10-18T20:15;81;EUR;MWh;NO;NO;;59.86;59.86;59.86;-1;DOWN
2024-10-18T20:15;2024-10-18T20:30;82;EUR;MWh;NO;NO;112.27;65;112.27;43.7;2;UP_AND_DOWN
2024-10-18T20:30;2024-10-18T20:45;83;EUR;MWh;NO;NO;95.52;67;95.52;43.7;2;UP_AND_DOWN
2024-10-18T20:45;2024-10-18T21:00;84;EUR;MWh;NO;NO;91.64;67;91.64;43.71;2;UP_AND_DOWN
2024-10-18T21:00;2024-10-18T21:15;85;EUR;MWh;NO;NO;;50.86;50.86;50.86;-1;DOWN
2024-10-18T21:15;2024-10-18T21:30;86;EUR;MWh;NO;NO;;68;68;68;-1;DOWN
2024-10-18T21:30;2024-10-18T21:45;87;EUR;MWh;NO;NO;118.66;67;118.66;43.83;2;UP_AND_DOWN
2024-10-18T21:45;2024-10-18T22:00;88;EUR;MWh;NO;NO;118.92;;118.92;118.92;1;UP
2024-10-18T22:00;2024-10-18T22:15;89;EUR;MWh;NO;NO;115.3;;115.3;115.3;1;UP
2024-10-18T22:15;2024-10-18T22:30;90;EUR;MWh;NO;NO;89.27;81.11;89.27;43.64;2;UP_AND_DOWN
2024-10-18T22:30;2024-10-18T22:45;91;EUR;MWh;NO;NO;89.27;81.48;89.27;43.64;2;UP_AND_DOWN
2024-10-18T22:45;2024-10-18T23:00;92;EUR;MWh;NO;NO;150;72.56;150;43.64;2;UP_AND_DOWN
2024-10-18T23:00;2024-10-18T23:15;93;EUR;MWh;NO;NO;94.7;86.03;94.7;44.02;2;UP_AND_DOWN
2024-10-18T23:15;2024-10-18T23:30;94;EUR;MWh;NO;NO;127.96;67;127.96;44.02;2;UP_AND_DOWN
2024-10-18T23:30;2024-10-18T23:45;95;EUR;MWh;NO;NO;99.48;67;99.48;44.02;2;UP_AND_DOWN
2024-10-18T23:45;2024-10-19T00:00;96;EUR;MWh;NO;NO;99;74.17;99;44.02;2;UP_AND_DOWN
2024-10-19T00:00;2024-10-19T00:15;1;EUR;MWh;NO;NO;88.91;76.91;88.91;44.46;2;UP_AND_DOWN
2024-10-19T00:15;2024-10-19T00:30;2;EUR;MWh;NO;NO;116.2;;116.2;116.2;1;UP
2024-10-19T00:30;2024-10-19T00:45;3;EUR;MWh;NO;NO;110;;110;110;1;UP
2024-10-19T00:45;2024-10-19T01:00;4;EUR;MWh;NO;NO;110;;110;110;1;UP
2024-10-19T01:00;2024-10-19T01:15;5;EUR;MWh;NO;NO;113.61;;113.61;113.61;1;UP
2024-10-19T01:15;2024-10-19T01:30;6;EUR;MWh;NO;NO;105.71;;105.71;105.71;1;UP
2024-10-19T01:30;2024-10-19T01:45;7;EUR;MWh;NO;NO;98.61;;98.61;98.61;1;UP
2024-10-19T01:45;2024-10-19T02:00;8;EUR;MWh;NO;NO;;73.59;73.59;73.59;-1;DOWN
2024-10-19T02:00;2024-10-19T02:15;9;EUR;MWh;NO;NO;116.2;76.91;116.2;44.46;2;UP_AND_DOWN
2024-10-19T02:15;2024-10-19T02:30;10;EUR;MWh;NO;NO;110;;110;110;1;UP
2024-10-19T02:30;2024-10-19T02:45;11;EUR;MWh;NO;NO;101.91;;101.91;101.91;1;UP
2024-10-19T02:45;2024-10-19T03:00;12;EUR;MWh;NO;NO;101.91;;44.46;44.46;0;STABLE
2024-10-19T03:00;2024-10-19T03:15;13;EUR;MWh;NO;NO;101.45;;101.45;101.45;1;UP
2024-10-19T03:15;2024-10-19T03:30;14;EUR;MWh;NO;NO;110;;110;110;1;UP
2024-10-19T03:30;2024-10-19T03:45;15;EUR;MWh;NO;NO;101.45;;101.45;101.45;1;UP
2024-10-19T03:45;2024-10-19T04:00;16;EUR;MWh;NO;NO;90.15;;90.15;90.15;1;UP
2024-10-19T04:00;2024-10-19T04:15;17;EUR;MWh;NO;NO;86.69;;86.69;86.69;1;UP
2024-10-19T04:15;2024-10-19T04:30;18;EUR;MWh;NO;NO;116;;116;116;1;UP
2024-10-19T04:30;2024-10-19T04:45;19;EUR;MWh;NO;NO;116;;41.85;41.85;0;STABLE
2024-10-19T04:45;2024-10-19T05:00;20;EUR;MWh;NO;NO;;55.69;55.69;55.69;-1;DOWN
2024-10-19T05:00;2024-10-19T05:15;21;EUR;MWh;NO;NO;;75;75;75;-1;DOWN
2024-10-19T05:15;2024-10-19T05:30;22;EUR;MWh;NO;NO;53.61;;53.61;53.61;1;UP
2024-10-19T05:30;2024-10-19T05:45;23;EUR;MWh;NO;NO;53.61;82.98;53.61;43.49;2;UP_AND_DOWN
2024-10-19T05:45;2024-10-19T06:00;24;EUR;MWh;NO;NO;68.61;;68.61;68.61;1;UP
2024-10-19T06:00;2024-10-19T06:15;25;EUR;MWh;NO;NO;116.3;;116.3;116.3;1;UP
2024-10-19T06:15;2024-10-19T06:30;26;EUR;MWh;NO;NO;116.3;;116.3;116.3;1;UP
2024-10-19T06:30;2024-10-19T06:45;27;EUR;MWh;NO;NO;86.69;;86.69;86.69;1;UP
2024-10-19T06:45;2024-10-19T07:00;28;EUR;MWh;NO;NO;83.61;84.87;83.61;44.44;2;UP_AND_DOWN
2024-10-19T07:00;2024-10-19T07:15;29;EUR;MWh;NO;NO;186.39;83.69;186.39;186.39;1;UP
2024-10-19T07:15;2024-10-19T07:30;30;EUR;MWh;NO;NO;336.39;75;336.39;44.2;2;UP_AND_DOWN
2024-10-19T07:30;2024-10-19T07:45;31;EUR;MWh;NO;NO;53.61;75;53.61;44.2;2;UP_AND_DOWN
2024-10-19T07:45;2024-10-19T08:00;32;EUR;MWh;NO;NO;83.61;;83.61;83.61;1;UP
2024-10-19T08:00;2024-10-19T08:15;33;EUR;MWh;NO;NO;;63.09;63.09;63.09;-1;DOWN
2024-10-19T08:15;2024-10-19T08:30;34;EUR;MWh;NO;NO;;71.39;71.39;71.39;-1;DOWN
2024-10-19T08:30;2024-10-19T08:45;35;EUR;MWh;NO;NO;98.61;;98.61;98.61;1;UP
2024-10-19T08:45;2024-10-19T09:00;36;EUR;MWh;NO;NO;136.39;;136.39;136.39;1;UP
2024-10-19T09:00;2024-10-19T09:15;37;EUR;MWh;NO;NO;140;;140;140;1;UP
2024-10-19T09:15;2024-10-19T09:30;38;EUR;MWh;NO;NO;111.76;;111.76;111.76;1;UP
2024-10-19T09:30;2024-10-19T09:45;39;EUR;MWh;NO;NO;116;;116;116;1;UP
2024-10-19T09:45;2024-10-19T10:00;40;EUR;MWh;NO;NO;100.14;;100.14;100.14;1;UP
2024-10-19T10:00;2024-10-19T10:15;41;EUR;MWh;NO;NO;117.63;;117.63;117.63;1;UP
2024-10-19T10:15;2024-10-19T10:30;42;EUR;MWh;NO;NO;140;;140;140;1;UP
2024-10-19T10:30;2024-10-19T10:45;43;EUR;MWh;NO;NO;150;66;150;43.27;2;UP_AND_DOWN
2024-10-19T10:45;2024-10-19T11:00;44;EUR;MWh;NO;NO;150;66;66;66;-1;DOWN
2024-10-19T11:00;2024-10-19T11:15;45;EUR;MWh;NO;NO;99;66;99;99;1;UP
2024-10-19T11:15;2024-10-19T11:30;46;EUR;MWh;NO;NO;53.61;82.79;53.61;53.61;1;UP
2024-10-19T11:30;2024-10-19T11:45;47;EUR;MWh;NO;NO;;10.93;10.93;10.93;-1;DOWN
2024-10-19T11:45;2024-10-19T12:00;48;EUR;MWh;NO;NO;;10.93;10.93;10.93;-1;DOWN
2024-10-19T12:00;2024-10-19T12:15;49;EUR;MWh;NO;NO;125.76;66;125.76;54.88;2;UP_AND_DOWN
2024-10-19T12:15;2024-10-19T12:30;50;EUR;MWh;NO;NO;113.61;;113.61;113.61;1;UP
2024-10-19T12:30;2024-10-19T12:45;51;EUR;MWh;NO;NO;101.45;;101.45;101.45;1;UP
2024-10-19T12:45;2024-10-19T13:00;52;EUR;MWh;NO;NO;98.3;;98.3;98.3;1;UP
2024-10-19T13:00;2024-10-19T13:15;53;EUR;MWh;NO;NO;368.89;;368.89;368.89;1;UP
2024-10-19T13:15;2024-10-19T13:30;54;EUR;MWh;NO;NO;140;80.47;140;43.79;2;UP_AND_DOWN
2024-10-19T13:30;2024-10-19T13:45;55;EUR;MWh;NO;NO;151.69;;151.69;151.69;1;UP
2024-10-19T13:45;2024-10-19T14:00;56;EUR;MWh;NO;NO;115.9;;115.9;115.9;1;UP
2024-10-19T14:00;2024-10-19T14:15;57;EUR;MWh;NO;NO;116;;116;116;1;UP
2024-10-19T14:15;2024-10-19T14:30;58;EUR;MWh;NO;NO;140;;140;140;1;UP
2024-10-19T14:30;2024-10-19T14:45;59;EUR;MWh;NO;NO;115.8;;115.8;115.8;1;UP
2024-10-19T14:45;2024-10-19T15:00;60;EUR;MWh;NO;NO;96.69;;96.69;96.69;1;UP
2024-10-19T15:00;2024-10-19T15:15;61;EUR;MWh;NO;NO;68.61;;68.61;68.61;1;UP
2024-10-19T15:15;2024-10-19T15:30;62;EUR;MWh;NO;NO;100;;100;100;1;UP
2024-10-19T15:30;2024-10-19T15:45;63;EUR;MWh;NO;NO;100;81;100;69.83;2;UP_AND_DOWN
2024-10-19T15:45;2024-10-19T16:00;64;EUR;MWh;NO;NO;91.95;-9.39;91.95;-9.39;2;UP_AND_DOWN
2024-10-19T16:00;2024-10-19T16:15;65;EUR;MWh;NO;NO;115.7;-30.79;115.7;-30.79;2;UP_AND_DOWN
2024-10-19T16:15;2024-10-19T16:30;66;EUR;MWh;NO;NO;115.7;;115.7;115.7;1;UP
2024-10-19T16:30;2024-10-19T16:45;67;EUR;MWh;NO;NO;115.7;;115.7;115.7;1;UP
2024-10-19T16:45;2024-10-19T17:00;68;EUR;MWh;NO;NO;115.6;;115.6;115.6;1;UP
2024-10-19T17:00;2024-10-19T17:15;69;EUR;MWh;NO;NO;119.21;;119.21;119.21;1;UP
2024-10-19T17:15;2024-10-19T17:30;70;EUR;MWh;NO;NO;117.63;;117.63;117.63;1;UP
2024-10-19T17:30;2024-10-19T17:45;71;EUR;MWh;NO;NO;113.61;85.83;85.83;85.83;-1;DOWN
2024-10-19T17:45;2024-10-19T18:00;72;EUR;MWh;NO;NO;;85.83;85.83;85.83;-1;DOWN
2024-10-19T18:00;2024-10-19T18:15;73;EUR;MWh;NO;NO;;;69.72;69.72;0;STABLE
2024-10-19T18:15;2024-10-19T18:30;74;EUR;MWh;NO;NO;;;69.72;69.72;0;STABLE
2024-10-19T18:30;2024-10-19T18:45;75;EUR;MWh;NO;NO;;;69.72;69.72;0;STABLE
2024-10-19T18:45;2024-10-19T19:00;76;EUR;MWh;NO;NO;68.61;59.97;69.72;59.97;2;UP_AND_DOWN
2024-10-19T19:00;2024-10-19T19:15;77;EUR;MWh;NO;NO;;80.13;80.13;80.13;-1;DOWN
2024-10-19T19:15;2024-10-19T19:30;78;EUR;MWh;NO;NO;100.04;;100.04;100.04;1;UP
2024-10-19T19:30;2024-10-19T19:45;79;EUR;MWh;NO;NO;;73.04;73.04;73.04;-1;DOWN
2024-10-19T19:45;2024-10-19T20:00;80;EUR;MWh;NO;NO;;50.05;50.05;50.05;-1;DOWN
2024-10-19T20:00;2024-10-19T20:15;81;EUR;MWh;NO;NO;53.61;35.69;67.31;35.69;2;UP_AND_DOWN
2024-10-19T20:15;2024-10-19T20:30;82;EUR;MWh;NO;NO;98.61;59.05;98.61;59.05;2;UP_AND_DOWN
2024-10-19T20:30;2024-10-19T20:45;83;EUR;MWh;NO;NO;68.61;55;68.61;55;2;UP_AND_DOWN
2024-10-19T20:45;2024-10-19T21:00;84;EUR;MWh;NO;NO;53.61;;53.61;53.61;1;UP
2024-10-19T21:00;2024-10-19T21:15;85;EUR;MWh;NO;NO;101.45;;101.45;101.45;1;UP
2024-10-19T21:15;2024-10-19T21:30;86;EUR;MWh;NO;NO;155.3;55.69;155.3;55.69;2;UP_AND_DOWN
2024-10-19T21:30;2024-10-19T21:45;87;EUR;MWh;NO;NO;88;31.69;88;31.69;2;UP_AND_DOWN
2024-10-19T21:45;2024-10-19T22:00;88;EUR;MWh;NO;NO;;31.69;31.69;31.69;-1;DOWN
2024-10-19T22:00;2024-10-19T22:15;89;EUR;MWh;NO;NO;53.61;25.05;67.31;25.05;2;UP_AND_DOWN
2024-10-19T22:15;2024-10-19T22:30;90;EUR;MWh;NO;NO;;28.69;28.69;28.69;-1;DOWN
2024-10-19T22:30;2024-10-19T22:45;91;EUR;MWh;NO;NO;90.3;28.69;90.3;90.3;1;UP
2024-10-19T22:45;2024-10-19T23:00;92;EUR;MWh;NO;NO;100;;100;100;1;UP
2024-10-19T23:00;2024-10-19T23:15;93;EUR;MWh;NO;NO;68.61;43.77;68.61;43.77;2;UP_AND_DOWN
2024-10-19T23:15;2024-10-19T23:30;94;EUR;MWh;NO;NO;72.83;65.05;72.83;65.05;2;UP_AND_DOWN
2024-10-19T23:30;2024-10-19T23:45;95;EUR;MWh;NO;NO;98.61;;98.61;98.61;1;UP
2024-10-19T23:45;2024-10-20T00:00;96;EUR;MWh;NO;NO;115.7;19.18;115.7;19.18;2;UP_AND_DOWN
2024-10-20T00:00;2024-10-20T00:15;1;EUR;MWh;NO;NO;1813.61;-1507.88;1813.61;-1507.88;2;UP_AND_DOWN
2024-10-20T00:15;2024-10-20T00:30;2;EUR;MWh;NO;NO;1813.61;-768.94;1813.61;-768.94;2;UP_AND_DOWN
2024-10-20T00:30;2024-10-20T00:45;3;EUR;MWh;NO;NO;114.2;-127.37;114.2;-127.37;2;UP_AND_DOWN
2024-10-20T00:45;2024-10-20T01:00;4;EUR;MWh;NO;NO;66;-30;66;-30;2;UP_AND_DOWN
2024-10-20T01:00;2024-10-20T01:15;5;EUR;MWh;NO;NO;75.62;-30;75.62;-30;2;UP_AND_DOWN
2024-10-20T01:15;2024-10-20T01:30;6;EUR;MWh;NO;NO;96;-30;96;-30;2;UP_AND_DOWN
2024-10-20T01:30;2024-10-20T01:45;7;EUR;MWh;NO;NO;81.98;55.32;81.98;81.98;1;UP
2024-10-20T01:45;2024-10-20T02:00;8;EUR;MWh;NO;NO;66;55.32;66;66;1;UP
2024-10-20T02:00;2024-10-20T02:15;9;EUR;MWh;NO;NO;101.04;55.32;101.04;101.04;1;UP
2024-10-20T02:15;2024-10-20T02:30;10;EUR;MWh;NO;NO;114.2;55.32;114.2;114.2;1;UP
2024-10-20T02:30;2024-10-20T02:45;11;EUR;MWh;NO;NO;114.1;55.32;114.1;114.1;1;UP
2024-10-20T02:45;2024-10-20T03:00;12;EUR;MWh;NO;NO;114.1;55.32;114.1;114.1;1;UP
2024-10-20T03:00;2024-10-20T03:15;13;EUR;MWh;NO;NO;114.1;55.23;114.1;114.1;1;UP
2024-10-20T03:15;2024-10-20T03:30;14;EUR;MWh;NO;NO;97.98;55.23;97.98;97.98;1;UP
2024-10-20T03:30;2024-10-20T03:45;15;EUR;MWh;NO;NO;106.41;55.23;106.41;106.41;1;UP
2024-10-20T03:45;2024-10-20T04:00;16;EUR;MWh;NO;NO;96;55.23;96;96;1;UP
2024-10-20T04:00;2024-10-20T04:15;17;EUR;MWh;NO;NO;85.98;55.23;85.98;55.23;2;UP_AND_DOWN
2024-10-20T04:15;2024-10-20T04:30;18;EUR;MWh;NO;NO;;55.23;55.23;55.23;-1;DOWN
2024-10-20T04:30;2024-10-20T04:45;19;EUR;MWh;NO;NO;;55.23;66.39;66.39;0;STABLE
2024-10-20T04:45;2024-10-20T05:00;20;EUR;MWh;NO;NO;;11;11;11;-1;DOWN
2024-10-20T05:00;2024-10-20T05:15;21;EUR;MWh;NO;NO;96;55.23;96;55.23;2;UP_AND_DOWN
2024-10-20T05:15;2024-10-20T05:30;22;EUR;MWh;NO;NO;;-16.59;-16.59;-16.59;-1;DOWN
2024-10-20T05:30;2024-10-20T05:45;23;EUR;MWh;NO;NO;;17.27;17.27;17.27;-1;DOWN
2024-10-20T05:45;2024-10-20T06:00;24;EUR;MWh;NO;NO;;19.18;19.18;19.18;-1;DOWN
2024-10-20T06:00;2024-10-20T06:15;25;EUR;MWh;NO;NO;96;55.23;96;55.23;2;UP_AND_DOWN
2024-10-20T06:15;2024-10-20T06:30;26;EUR;MWh;NO;NO;96;55.23;96;96;1;UP
2024-10-20T06:30;2024-10-20T06:45;27;EUR;MWh;NO;NO;96;55.23;96;96;1;UP
2024-10-20T06:45;2024-10-20T07:00;28;EUR;MWh;NO;NO;83.61;55.23;83.61;83.61;1;UP
2024-10-20T07:00;2024-10-20T07:15;29;EUR;MWh;NO;NO;68.61;55.13;68.61;68.61;1;UP
2024-10-20T07:15;2024-10-20T07:30;30;EUR;MWh;NO;NO;53.61;55.13;53.61;53.61;1;UP
2024-10-20T07:30;2024-10-20T07:45;31;EUR;MWh;NO;NO;83.61;55.13;83.61;55.13;2;UP_AND_DOWN
2024-10-20T07:45;2024-10-20T08:00;32;EUR;MWh;NO;NO;96;55.13;96;96;1;UP
2024-10-20T08:00;2024-10-20T08:15;33;EUR;MWh;NO;NO;83.98;-4.94;83.98;-4.94;2;UP_AND_DOWN
2024-10-20T08:15;2024-10-20T08:30;34;EUR;MWh;NO;NO;;-5.12;-5.12;-5.12;-1;DOWN
2024-10-20T08:30;2024-10-20T08:45;35;EUR;MWh;NO;NO;;55.23;55.23;55.23;-1;DOWN
2024-10-20T08:45;2024-10-20T09:00;36;EUR;MWh;NO;NO;96;55.23;96;96;1;UP
2024-10-20T09:00;2024-10-20T09:15;37;EUR;MWh;NO;NO;;;0;0;-1;DOWN
2024-10-20T09:15;2024-10-20T09:30;38;EUR;MWh;NO;NO;;-30.89;-30.89;-30.89;-1;DOWN
2024-10-20T09:30;2024-10-20T09:45;39;EUR;MWh;NO;NO;;-26.94;-26.94;-26.94;-1;DOWN
2024-10-20T09:45;2024-10-20T10:00;40;EUR;MWh;NO;NO;;-30;-30;-30;-1;DOWN
2024-10-20T10:00;2024-10-20T10:15;41;EUR;MWh;NO;NO;83.61;17.27;83.61;17.27;2;UP_AND_DOWN
2024-10-20T10:15;2024-10-20T10:30;42;EUR;MWh;NO;NO;;1;1;1;-1;DOWN
2024-10-20T10:30;2024-10-20T10:45;43;EUR;MWh;NO;NO;;-5.16;-5.16;-5.16;-1;DOWN
2024-10-20T10:45;2024-10-20T11:00;44;EUR;MWh;NO;NO;;-11.32;-11.32;-11.32;-1;DOWN
2024-10-20T11:00;2024-10-20T11:15;45;EUR;MWh;NO;NO;1813.61;-10.38;1813.61;-10.38;2;UP_AND_DOWN
2024-10-20T11:15;2024-10-20T11:30;46;EUR;MWh;NO;NO;96;-19.73;-19.73;-19.73;-1;DOWN
2024-10-20T11:30;2024-10-20T11:45;47;EUR;MWh;NO;NO;;-30;-30;-30;-1;DOWN
2024-10-20T11:45;2024-10-20T12:00;48;EUR;MWh;NO;NO;;-40;-40;-40;-1;DOWN
2024-10-20T12:00;2024-10-20T12:15;49;EUR;MWh;NO;NO;80;-30.93;80;-30.93;2;UP_AND_DOWN
2024-10-20T12:15;2024-10-20T12:30;50;EUR;MWh;NO;NO;;-31.23;-31.23;-31.23;-1;DOWN
2024-10-20T12:30;2024-10-20T12:45;51;EUR;MWh;NO;NO;;-60;-60;-60;-1;DOWN
2024-10-20T12:45;2024-10-20T13:00;52;EUR;MWh;NO;NO;;-100;-100;-100;-1;DOWN
2024-10-20T13:00;2024-10-20T13:15;53;EUR;MWh;NO;NO;;-67.19;-67.19;-67.19;-1;DOWN
2024-10-20T13:15;2024-10-20T13:30;54;EUR;MWh;NO;NO;;-104.71;-104.71;-104.71;-1;DOWN
2024-10-20T13:30;2024-10-20T13:45;55;EUR;MWh;NO;NO;;-221.11;-221.11;-221.11;-1;DOWN
2024-10-20T13:45;2024-10-20T14:00;56;EUR;MWh;NO;NO;;-246.25;-246.25;-246.25;-1;DOWN
2024-10-20T14:00;2024-10-20T14:15;57;EUR;MWh;NO;NO;89.41;-112.72;89.41;-112.72;2;UP_AND_DOWN
2024-10-20T14:15;2024-10-20T14:30;58;EUR;MWh;NO;NO;96;-334.28;96;-334.28;2;UP_AND_DOWN
2024-10-20T14:30;2024-10-20T14:45;59;EUR;MWh;NO;NO;;-30;-30;-30;-1;DOWN
2024-10-20T14:45;2024-10-20T15:00;60;EUR;MWh;NO;NO;2;-30;-30;-30;-1;DOWN
2024-10-20T15:00;2024-10-20T15:15;61;EUR;MWh;NO;NO;2;-180;28.99;-180;2;UP_AND_DOWN
2024-10-20T15:15;2024-10-20T15:30;62;EUR;MWh;NO;NO;51.8;-35;51.8;51.8;1;UP
2024-10-20T15:30;2024-10-20T15:45;63;EUR;MWh;NO;NO;101.55;-63.87;101.55;-63.87;2;UP_AND_DOWN
2024-10-20T15:45;2024-10-20T16:00;64;EUR;MWh;NO;NO;101.55;-10.79;101.55;-10.79;2;UP_AND_DOWN
2024-10-20T16:00;2024-10-20T16:15;65;EUR;MWh;NO;NO;40;-115.82;-115.82;-115.82;-1;DOWN
2024-10-20T16:15;2024-10-20T16:30;66;EUR;MWh;NO;NO;61.43;-33.8;61.43;-33.8;2;UP_AND_DOWN
2024-10-20T16:30;2024-10-20T16:45;67;EUR;MWh;NO;NO;83.61;-30;83.61;-30;2;UP_AND_DOWN
2024-10-20T16:45;2024-10-20T17:00;68;EUR;MWh;NO;NO;100.98;-33;100.98;-33;2;UP_AND_DOWN
2024-10-20T17:00;2024-10-20T17:15;69;EUR;MWh;NO;NO;52.93;-75.73;-75.73;-75.73;-1;DOWN
2024-10-20T17:15;2024-10-20T17:30;70;EUR;MWh;NO;NO;98.61;-30;98.61;-30;2;UP_AND_DOWN
2024-10-20T17:30;2024-10-20T17:45;71;EUR;MWh;NO;NO;101.3;-29.58;101.3;-29.58;2;UP_AND_DOWN
2024-10-20T17:45;2024-10-20T18:00;72;EUR;MWh;NO;NO;83.61;-37;-37;-37;-1;DOWN
2024-10-20T18:00;2024-10-20T18:15;73;EUR;MWh;NO;NO;96;-65;96;-65;2;UP_AND_DOWN
2024-10-20T18:15;2024-10-20T18:30;74;EUR;MWh;NO;NO;96;-24.4;-24.4;-24.4;-1;DOWN
2024-10-20T18:30;2024-10-20T18:45;75;EUR;MWh;NO;NO;44.96;-35;45.24;-35;2;UP_AND_DOWN
2024-10-20T18:45;2024-10-20T19:00;76;EUR;MWh;NO;NO;85.98;-30;85.98;-30;2;UP_AND_DOWN
2024-10-20T19:00;2024-10-20T19:15;77;EUR;MWh;NO;NO;114.2;-33;114.2;-33;2;UP_AND_DOWN
2024-10-20T19:15;2024-10-20T19:30;78;EUR;MWh;NO;NO;114.2;-9.44;-9.44;-9.44;-1;DOWN
2024-10-20T19:30;2024-10-20T19:45;79;EUR;MWh;NO;NO;;-4.84;-4.84;-4.84;-1;DOWN
2024-10-20T19:45;2024-10-20T20:00;80;EUR;MWh;NO;NO;36.04;-6.34;-6.34;-6.34;-1;DOWN
2024-10-20T20:00;2024-10-20T20:15;81;EUR;MWh;NO;NO;96;11;96;11;2;UP_AND_DOWN
2024-10-20T20:15;2024-10-20T20:30;82;EUR;MWh;NO;NO;30;-2.4;-2.4;-2.4;-1;DOWN
2024-10-20T20:30;2024-10-20T20:45;83;EUR;MWh;NO;NO;96;-17.34;96;-17.34;2;UP_AND_DOWN
2024-10-20T20:45;2024-10-20T21:00;84;EUR;MWh;NO;NO;96;-33;96;-33;2;UP_AND_DOWN
2024-10-20T21:00;2024-10-20T21:15;85;EUR;MWh;NO;NO;1813.61;-10.28;1813.61;-10.28;2;UP_AND_DOWN
2024-10-20T21:15;2024-10-20T21:30;86;EUR;MWh;NO;NO;127;55.23;127;127;1;UP
2024-10-20T21:30;2024-10-20T21:45;87;EUR;MWh;NO;NO;104.98;55.23;104.98;104.98;1;UP
2024-10-20T21:45;2024-10-20T22:00;88;EUR;MWh;NO;NO;96;56.01;96;96;1;UP
2024-10-20T22:00;2024-10-20T22:15;89;EUR;MWh;NO;NO;96;56.1;96;96;1;UP
2024-10-20T22:15;2024-10-20T22:30;90;EUR;MWh;NO;NO;30;-9.44;-9.44;-9.44;-1;DOWN
2024-10-20T22:30;2024-10-20T22:45;91;EUR;MWh;NO;NO;30;-65;55.24;-65;2;UP_AND_DOWN
2024-10-20T22:45;2024-10-20T23:00;92;EUR;MWh;NO;NO;30;-62.5;55.24;-62.5;2;UP_AND_DOWN
2024-10-20T23:00;2024-10-20T23:15;93;EUR;MWh;NO;NO;156.8;-199.86;156.8;-199.86;2;UP_AND_DOWN
2024-10-20T23:15;2024-10-20T23:30;94;EUR;MWh;NO;NO;30;-45;-45;-45;-1;DOWN
2024-10-20T23:30;2024-10-20T23:45;95;EUR;MWh;NO;NO;;-50;-50;-50;-1;DOWN
2024-10-20T23:45;2024-10-21T00:00;96;EUR;MWh;NO;NO;;-33;-33;-33;-1;DOWN
2024-10-21T00:00;2024-10-21T00:15;1;EUR;MWh;NO;NO;;-35;-35;-35;-1;DOWN
2024-10-21T00:15;2024-10-21T00:30;2;EUR;MWh;NO;NO;;-30.06;-30.06;-30.06;-1;DOWN
2024-10-21T00:30;2024-10-21T00:45;3;EUR;MWh;NO;NO;;-40;-40;-40;-1;DOWN
2024-10-21T00:45;2024-10-21T01:00;4;EUR;MWh;NO;NO;;-35;-35;-35;-1;DOWN
2024-10-21T01:00;2024-10-21T01:15;5;EUR;MWh;NO;NO;;-24.18;-24.18;-24.18;-1;DOWN
2024-10-21T01:15;2024-10-21T01:30;6;EUR;MWh;NO;NO;;-39.47;-39.47;-39.47;-1;DOWN
2024-10-21T01:30;2024-10-21T01:45;7;EUR;MWh;NO;NO;;-42.58;-42.58;-42.58;-1;DOWN
2024-10-21T01:45;2024-10-21T02:00;8;EUR;MWh;NO;NO;;-45;-45;-45;-1;DOWN
2024-10-21T02:00;2024-10-21T02:15;9;EUR;MWh;NO;NO;90.44;-56.2;90.44;-56.2;2;UP_AND_DOWN
2024-10-21T02:15;2024-10-21T02:30;10;EUR;MWh;NO;NO;;-45;-45;-45;-1;DOWN
2024-10-21T02:30;2024-10-21T02:45;11;EUR;MWh;NO;NO;82.63;-35;82.63;-35;2;UP_AND_DOWN
2024-10-21T02:45;2024-10-21T03:00;12;EUR;MWh;NO;NO;90.16;-45;-45;-45;-1;DOWN
2024-10-21T03:00;2024-10-21T03:15;13;EUR;MWh;NO;NO;;-41.26;-41.26;-41.26;-1;DOWN
2024-10-21T03:15;2024-10-21T03:30;14;EUR;MWh;NO;NO;;-35;-35;-35;-1;DOWN
2024-10-21T03:30;2024-10-21T03:45;15;EUR;MWh;NO;NO;;-23.02;-23.02;-23.02;-1;DOWN
2024-10-21T03:45;2024-10-21T04:00;16;EUR;MWh;NO;NO;;-30;-30;-30;-1;DOWN
2024-10-21T04:00;2024-10-21T04:15;17;EUR;MWh;NO;NO;;-35;-35;-35;-1;DOWN
2024-10-21T04:15;2024-10-21T04:30;18;EUR;MWh;NO;NO;;-30;-30;-30;-1;DOWN
2024-10-21T04:30;2024-10-21T04:45;19;EUR;MWh;NO;NO;96;-30;96;-30;2;UP_AND_DOWN
2024-10-21T04:45;2024-10-21T05:00;20;EUR;MWh;NO;NO;75.01;-12.6;75.01;-12.6;2;UP_AND_DOWN
2024-10-21T05:00;2024-10-21T05:15;21;EUR;MWh;NO;NO;;-50.3;-50.3;-50.3;-1;DOWN
2024-10-21T05:15;2024-10-21T05:30;22;EUR;MWh;NO;NO;;-63.15;-63.15;-63.15;-1;DOWN
2024-10-21T05:30;2024-10-21T05:45;23;EUR;MWh;NO;NO;66.54;25;67.04;25;2;UP_AND_DOWN
2024-10-21T05:45;2024-10-21T06:00;24;EUR;MWh;NO;NO;;-11.68;-11.68;-11.68;-1;DOWN
2024-10-21T06:00;2024-10-21T06:15;25;EUR;MWh;NO;NO;134.98;-100;134.98;-100;2;UP_AND_DOWN
2024-10-21T06:15;2024-10-21T06:30;26;EUR;MWh;NO;NO;91.5;-30.89;91.5;-30.89;2;UP_AND_DOWN
2024-10-21T06:30;2024-10-21T06:45;27;EUR;MWh;NO;NO;96;64.18;96;64.18;2;UP_AND_DOWN
2024-10-21T06:45;2024-10-21T07:00;28;EUR;MWh;NO;NO;96;-16.99;96;96;1;UP
2024-10-21T07:00;2024-10-21T07:15;29;EUR;MWh;NO;NO;111.9;-30;111.9;-30;2;UP_AND_DOWN
2024-10-21T07:15;2024-10-21T07:30;30;EUR;MWh;NO;NO;119.1;84.9;119.1;69.26;2;UP_AND_DOWN
2024-10-21T07:30;2024-10-21T07:45;31;EUR;MWh;NO;NO;77.38;;77.38;77.38;1;UP
2024-10-21T07:45;2024-10-21T08:00;32;EUR;MWh;NO;NO;53.61;34.18;69.26;34.18;2;UP_AND_DOWN
2024-10-21T08:00;2024-10-21T08:15;33;EUR;MWh;NO;NO;68;-30;-30;-30;-1;DOWN
2024-10-21T08:15;2024-10-21T08:30;34;EUR;MWh;NO;NO;68;-27.34;69.44;-27.34;2;UP_AND_DOWN
2024-10-21T08:30;2024-10-21T08:45;35;EUR;MWh;NO;NO;;78.44;78.44;78.44;-1;DOWN
2024-10-21T08:45;2024-10-21T09:00;36;EUR;MWh;NO;NO;;-30;-30;-30;-1;DOWN
2024-10-21T09:00;2024-10-21T09:15;37;EUR;MWh;NO;NO;125.34;-179.75;125.34;-179.75;2;UP_AND_DOWN
2024-10-21T09:15;2024-10-21T09:30;38;EUR;MWh;NO;NO;68;80.06;70.65;70.65;2;UP_AND_DOWN
2024-10-21T09:30;2024-10-21T09:45;39;EUR;MWh;NO;NO;;79.18;79.18;79.18;-1;DOWN
2024-10-21T09:45;2024-10-21T10:00;40;EUR;MWh;NO;NO;;-20;-20;-20;-1;DOWN
2024-10-21T10:00;2024-10-21T10:15;41;EUR;MWh;NO;NO;92.96;-70;92.96;-70;2;UP_AND_DOWN
2024-10-21T10:15;2024-10-21T10:30;42;EUR;MWh;NO;NO;92.96;11;11;11;-1;DOWN
2024-10-21T10:30;2024-10-21T10:45;43;EUR;MWh;NO;NO;;-40;-40;-40;-1;DOWN
2024-10-21T10:45;2024-10-21T11:00;44;EUR;MWh;NO;NO;;-20;-20;-20;-1;DOWN
2024-10-21T11:00;2024-10-21T11:15;45;EUR;MWh;NO;NO;;75.19;75.19;75.19;-1;DOWN
2024-10-21T11:15;2024-10-21T11:30;46;EUR;MWh;NO;NO;;-23.12;-23.12;-23.12;-1;DOWN
2024-10-21T11:30;2024-10-21T11:45;47;EUR;MWh;NO;NO;;-21.3;-21.3;-21.3;-1;DOWN
2024-10-21T11:45;2024-10-21T12:00;48;EUR;MWh;NO;NO;;52.07;52.07;52.07;-1;DOWN
2024-10-21T12:00;2024-10-21T12:15;49;EUR;MWh;NO;NO;;-30;-30;-30;-1;DOWN
2024-10-21T12:15;2024-10-21T12:30;50;EUR;MWh;NO;NO;;63.02;63.02;63.02;-1;DOWN
2024-10-21T12:30;2024-10-21T12:45;51;EUR;MWh;NO;NO;;-30;-30;-30;-1;DOWN
2024-10-21T12:45;2024-10-21T13:00;52;EUR;MWh;NO;NO;;-111.1;-111.1;-111.1;-1;DOWN
2024-10-21T13:00;2024-10-21T13:15;53;EUR;MWh;NO;NO;25;-180.05;56.58;-180.05;2;UP_AND_DOWN
2024-10-21T13:15;2024-10-21T13:30;54;EUR;MWh;NO;NO;25;-162.05;-162.05;-162.05;-1;DOWN
2024-10-21T13:30;2024-10-21T13:45;55;EUR;MWh;NO;NO;;-188;-188;-188;-1;DOWN
2024-10-21T13:45;2024-10-21T14:00;56;EUR;MWh;NO;NO;;-103.69;-103.69;-103.69;-1;DOWN
2024-10-21T14:00;2024-10-21T14:15;57;EUR;MWh;NO;NO;;-30;-30;-30;-1;DOWN
2024-10-21T14:15;2024-10-21T14:30;58;EUR;MWh;NO;NO;;-47.32;-47.32;-47.32;-1;DOWN
2024-10-21T14:30;2024-10-21T14:45;59;EUR;MWh;NO;NO;48;-69.19;53.85;-69.19;2;UP_AND_DOWN
2024-10-21T14:45;2024-10-21T15:00;60;EUR;MWh;NO;NO;91.78;-70;91.78;-70;2;UP_AND_DOWN
2024-10-21T15:00;2024-10-21T15:15;61;EUR;MWh;NO;NO;113.94;78.94;113.94;53.85;2;UP_AND_DOWN
2024-10-21T15:15;2024-10-21T15:30;62;EUR;MWh;NO;NO;113.94;-5;-5;-5;-1;DOWN
2024-10-21T15:30;2024-10-21T15:45;63;EUR;MWh;NO;NO;97.1;63.94;97.1;53.85;2;UP_AND_DOWN
2024-10-21T15:45;2024-10-21T16:00;64;EUR;MWh;NO;NO;96.69;49.18;96.69;49.18;2;UP_AND_DOWN
2024-10-21T16:00;2024-10-21T16:15;65;EUR;MWh;NO;NO;127.52;70.83;127.52;68.08;2;UP_AND_DOWN
2024-10-21T16:15;2024-10-21T16:30;66;EUR;MWh;NO;NO;;77.69;77.69;77.69;-1;DOWN
2024-10-21T16:30;2024-10-21T16:45;67;EUR;MWh;NO;NO;;81.33;81.33;81.33;-1;DOWN
2024-10-21T16:45;2024-10-21T17:00;68;EUR;MWh;NO;NO;102.52;85.15;102.52;68.08;2;UP_AND_DOWN
2024-10-21T17:00;2024-10-21T17:15;69;EUR;MWh;NO;NO;107.03;;107.03;107.03;1;UP
2024-10-21T17:15;2024-10-21T17:30;70;EUR;MWh;NO;NO;102.3;;102.3;102.3;1;UP
2024-10-21T17:30;2024-10-21T17:45;71;EUR;MWh;NO;NO;103.4;;103.4;103.4;1;UP
2024-10-21T17:45;2024-10-21T18:00;72;EUR;MWh;NO;NO;113.41;;113.41;113.41;1;UP
2024-10-21T18:00;2024-10-21T18:15;73;EUR;MWh;NO;NO;104.91;;104.91;104.91;1;UP
2024-10-21T18:15;2024-10-21T18:30;74;EUR;MWh;NO;NO;103.59;;103.59;103.59;1;UP
2024-10-21T18:30;2024-10-21T18:45;75;EUR;MWh;NO;NO;111.88;;111.88;111.88;1;UP
2024-10-21T18:45;2024-10-21T19:00;76;EUR;MWh;NO;NO;110.78;;110.78;110.78;1;UP
2024-10-21T19:00;2024-10-21T19:15;77;EUR;MWh;NO;NO;152.9;;152.9;152.9;1;UP
2024-10-21T19:15;2024-10-21T19:30;78;EUR;MWh;NO;NO;105.37;;105.37;105.37;1;UP
2024-10-21T19:30;2024-10-21T19:45;79;EUR;MWh;NO;NO;82;80.43;82;70.65;2;UP_AND_DOWN
2024-10-21T19:45;2024-10-21T20:00;80;EUR;MWh;NO;NO;;79.18;79.18;79.18;-1;DOWN
2024-10-21T20:00;2024-10-21T20:15;81;EUR;MWh;NO;NO;679.1;79.18;679.1;679.1;1;UP
2024-10-21T20:15;2024-10-21T20:30;82;EUR;MWh;NO;NO;97.55;80.61;97.55;70.65;2;UP_AND_DOWN
2024-10-21T20:30;2024-10-21T20:45;83;EUR;MWh;NO;NO;103.1;63.55;103.1;63.55;2;UP_AND_DOWN
2024-10-21T20:45;2024-10-21T21:00;84;EUR;MWh;NO;NO;;62.78;62.78;62.78;-1;DOWN
2024-10-21T21:00;2024-10-21T21:15;85;EUR;MWh;NO;NO;89.33;53.34;89.33;53.34;2;UP_AND_DOWN
2024-10-21T21:15;2024-10-21T21:30;86;EUR;MWh;NO;NO;82;73.34;82;70.65;2;UP_AND_DOWN
2024-10-21T21:30;2024-10-21T21:45;87;EUR;MWh;NO;NO;;58.97;58.97;58.97;-1;DOWN
2024-10-21T21:45;2024-10-21T22:00;88;EUR;MWh;NO;NO;1813.61;44;1813.61;44;2;UP_AND_DOWN
2024-10-21T22:00;2024-10-21T22:15;89;EUR;MWh;NO;NO;88.85;29.69;88.85;29.69;2;UP_AND_DOWN
2024-10-21T22:15;2024-10-21T22:30;90;EUR;MWh;NO;NO;100.69;;100.69;100.69;1;UP
2024-10-21T22:30;2024-10-21T22:45;91;EUR;MWh;NO;NO;82;80.39;82;82;1;UP
2024-10-21T22:45;2024-10-21T23:00;92;EUR;MWh;NO;NO;82;72.82;72.82;72.82;-1;DOWN
2024-10-21T23:00;2024-10-21T23:15;93;EUR;MWh;NO;NO;82;71.97;71.97;71.97;-1;DOWN
2024-10-21T23:15;2024-10-21T23:30;94;EUR;MWh;NO;NO;103.8;67.38;103.8;67.38;2;UP_AND_DOWN
2024-10-21T23:30;2024-10-21T23:45;95;EUR;MWh;NO;NO;93.46;68.34;93.46;68.34;2;UP_AND_DOWN
2024-10-21T23:45;2024-10-22T00:00;96;EUR;MWh;NO;NO;;64.97;64.97;64.97;-1;DOWN
2024-10-22T00:00;2024-10-22T00:15;1;EUR;MWh;NO;NO;;71.98;71.98;71.98;-1;DOWN
2024-10-22T00:15;2024-10-22T00:30;2;EUR;MWh;NO;NO;;-30;-30;-30;-1;DOWN
2024-10-22T00:30;2024-10-22T00:45;3;EUR;MWh;NO;NO;;65.16;65.16;65.16;-1;DOWN
2024-10-22T00:45;2024-10-22T01:00;4;EUR;MWh;NO;NO;89.98;78.85;89.98;68.48;2;UP_AND_DOWN
2024-10-22T01:00;2024-10-22T01:15;5;EUR;MWh;NO;NO;89.98;82.4;82.4;82.4;-1;DOWN
2024-10-22T01:15;2024-10-22T01:30;6;EUR;MWh;NO;NO;;82.13;82.13;82.13;-1;DOWN
2024-10-22T01:30;2024-10-22T01:45;7;EUR;MWh;NO;NO;;;68.17;68.17;0;STABLE
2024-10-22T01:45;2024-10-22T02:00;8;EUR;MWh;NO;NO;97.43;;97.43;97.43;1;UP
2024-10-22T02:00;2024-10-22T02:15;9;EUR;MWh;NO;NO;102.09;;102.09;102.09;1;UP
2024-10-22T02:15;2024-10-22T02:30;10;EUR;MWh;NO;NO;114.9;;114.9;114.9;1;UP
2024-10-22T02:30;2024-10-22T02:45;11;EUR;MWh;NO;NO;114.9;;114.9;114.9;1;UP
2024-10-22T02:45;2024-10-22T03:00;12;EUR;MWh;NO;NO;92.98;;92.98;92.98;1;UP
2024-10-22T03:00;2024-10-22T03:15;13;EUR;MWh;NO;NO;91.14;76.09;91.14;68.19;2;UP_AND_DOWN
2024-10-22T03:15;2024-10-22T03:30;14;EUR;MWh;NO;NO;89.77;82.77;89.77;68.19;2;UP_AND_DOWN
2024-10-22T03:30;2024-10-22T03:45;15;EUR;MWh;NO;NO;89.77;82.77;82.77;82.77;-1;DOWN
2024-10-22T03:45;2024-10-22T04:00;16;EUR;MWh;NO;NO;;81;81;81;-1;DOWN
2024-10-22T04:00;2024-10-22T04:15;17;EUR;MWh;NO;NO;98.98;;98.98;98.98;1;UP
2024-10-22T04:15;2024-10-22T04:30;18;EUR;MWh;NO;NO;95.19;;95.19;95.19;1;UP
2024-10-22T04:30;2024-10-22T04:45;19;EUR;MWh;NO;NO;95.19;73.98;73.98;73.98;-1;DOWN
2024-10-22T04:45;2024-10-22T05:00;20;EUR;MWh;NO;NO;;69.98;69.98;69.98;-1;DOWN
2024-10-22T05:00;2024-10-22T05:15;21;EUR;MWh;NO;NO;139.1;76.98;139.1;67.82;2;UP_AND_DOWN
2024-10-22T05:15;2024-10-22T05:30;22;EUR;MWh;NO;NO;107.44;;107.44;107.44;1;UP
2024-10-22T05:30;2024-10-22T05:45;23;EUR;MWh;NO;NO;98.98;;98.98;98.98;1;UP
2024-10-22T05:45;2024-10-22T06:00;24;EUR;MWh;NO;NO;98.98;30.75;30.75;30.75;-1;DOWN
2024-10-22T06:00;2024-10-22T06:15;25;EUR;MWh;NO;NO;1853.61;79.18;1853.61;67.95;2;UP_AND_DOWN
2024-10-22T06:15;2024-10-22T06:30;26;EUR;MWh;NO;NO;1853.61;64.18;64.18;64.18;-1;DOWN
2024-10-22T06:30;2024-10-22T06:45;27;EUR;MWh;NO;NO;;64.18;64.18;64.18;-1;DOWN
2024-10-22T06:45;2024-10-22T07:00;28;EUR;MWh;NO;NO;;56.45;56.45;56.45;-1;DOWN
2024-10-22T07:00;2024-10-22T07:15;29;EUR;MWh;NO;NO;;64.18;64.18;64.18;-1;DOWN
2024-10-22T07:15;2024-10-22T07:30;30;EUR;MWh;NO;NO;;73.98;73.98;73.98;-1;DOWN
2024-10-22T07:30;2024-10-22T07:45;31;EUR;MWh;NO;NO;102.77;73.98;102.77;102.77;1;UP
2024-10-22T07:45;2024-10-22T08:00;32;EUR;MWh;NO;NO;112.77;80.16;112.77;112.77;1;UP
2024-10-22T08:00;2024-10-22T08:15;33;EUR;MWh;NO;NO;112.77;64.18;64.18;64.18;-1;DOWN
2024-10-22T08:15;2024-10-22T08:30;34;EUR;MWh;NO;NO;;71.98;71.98;71.98;-1;DOWN
2024-10-22T08:30;2024-10-22T08:45;35;EUR;MWh;NO;NO;;69.98;69.98;69.98;-1;DOWN
2024-10-22T08:45;2024-10-22T09:00;36;EUR;MWh;NO;NO;;62.72;62.72;62.72;-1;DOWN
2024-10-22T09:00;2024-10-22T09:15;37;EUR;MWh;NO;NO;83.75;73.98;83.75;83.75;1;UP
2024-10-22T09:15;2024-10-22T09:30;38;EUR;MWh;NO;NO;102.49;74.54;102.49;68.75;2;UP_AND_DOWN
2024-10-22T09:30;2024-10-22T09:45;39;EUR;MWh;NO;NO;;74.98;74.98;74.98;-1;DOWN
2024-10-22T09:45;2024-10-22T10:00;40;EUR;MWh;NO;NO;;67.98;67.98;67.98;-1;DOWN
2024-10-22T10:00;2024-10-22T10:15;41;EUR;MWh;NO;NO;63.74;57.16;68.7;57.16;2;UP_AND_DOWN
2024-10-22T10:15;2024-10-22T10:30;42;EUR;MWh;NO;NO;;21.9;21.9;21.9;-1;DOWN
2024-10-22T10:30;2024-10-22T10:45;43;EUR;MWh;NO;NO;69.03;67.98;67.98;67.98;-1;DOWN
2024-10-22T10:45;2024-10-22T11:00;44;EUR;MWh;NO;NO;;69.95;69.95;69.95;-1;DOWN
2024-10-22T11:00;2024-10-22T11:15;45;EUR;MWh;NO;NO;;-30;-30;-30;-1;DOWN
2024-10-22T11:15;2024-10-22T11:30;46;EUR;MWh;NO;NO;97.64;68.19;97.64;67.6;2;UP_AND_DOWN
2024-10-22T11:30;2024-10-22T11:45;47;EUR;MWh;NO;NO;110;74.19;110;67.6;2;UP_AND_DOWN
2024-10-22T11:45;2024-10-22T12:00;48;EUR;MWh;NO;NO;68.61;3.89;3.89;3.89;-1;DOWN
2024-10-22T12:00;2024-10-22T12:15;49;EUR;MWh;NO;NO;;-30;-30;-30;-1;DOWN
2024-10-22T12:15;2024-10-22T12:30;50;EUR;MWh;NO;NO;;-34;-34;-34;-1;DOWN
2024-10-22T12:30;2024-10-22T12:45;51;EUR;MWh;NO;NO;;-30;-30;-30;-1;DOWN
2024-10-22T12:45;2024-10-22T13:00;52;EUR;MWh;NO;NO;;-38;-38;-38;-1;DOWN
2024-10-22T13:00;2024-10-22T13:15;53;EUR;MWh;NO;NO;25;-113.67;67.5;-113.67;2;UP_AND_DOWN
2024-10-22T13:15;2024-10-22T13:30;54;EUR;MWh;NO;NO;25;-113.39;67.5;-113.39;2;UP_AND_DOWN
2024-10-22T13:30;2024-10-22T13:45;55;EUR;MWh;NO;NO;94.1;-130;94.1;-130;2;UP_AND_DOWN
2024-10-22T13:45;2024-10-22T14:00;56;EUR;MWh;NO;NO;25;-279.25;52.09;-279.25;2;UP_AND_DOWN
2024-10-22T14:00;2024-10-22T14:15;57;EUR;MWh;NO;NO;;-56.2;-56.2;-56.2;-1;DOWN
2024-10-22T14:15;2024-10-22T14:30;58;EUR;MWh;NO;NO;25;-42.69;-42.69;-42.69;-1;DOWN
2024-10-22T14:30;2024-10-22T14:45;59;EUR;MWh;NO;NO;85.91;-72.12;85.91;-72.12;2;UP_AND_DOWN
2024-10-22T14:45;2024-10-22T15:00;60;EUR;MWh;NO;NO;;-38;-38;-38;-1;DOWN
2024-10-22T15:00;2024-10-22T15:15;61;EUR;MWh;NO;NO;;-30;-30;-30;-1;DOWN
2024-10-22T15:15;2024-10-22T15:30;62;EUR;MWh;NO;NO;;-20.93;-20.93;-20.93;-1;DOWN
2024-10-22T15:30;2024-10-22T15:45;63;EUR;MWh;NO;NO;110;-55;110;-55;2;UP_AND_DOWN
2024-10-22T15:45;2024-10-22T16:00;64;EUR;MWh;NO;NO;110;-56.2;110;-56.2;2;UP_AND_DOWN
2024-10-22T16:00;2024-10-22T16:15;65;EUR;MWh;NO;NO;92.64;79.18;92.64;69.63;2;UP_AND_DOWN
2024-10-22T16:15;2024-10-22T16:30;66;EUR;MWh;NO;NO;;58.98;58.98;58.98;-1;DOWN
2024-10-22T16:30;2024-10-22T16:45;67;EUR;MWh;NO;NO;;49.18;49.18;49.18;-1;DOWN
2024-10-22T16:45;2024-10-22T17:00;68;EUR;MWh;NO;NO;;62.64;62.64;62.64;-1;DOWN
2024-10-22T17:00;2024-10-22T17:15;69;EUR;MWh;NO;NO;97.25;-47.19;-47.19;-47.19;-1;DOWN
2024-10-22T17:15;2024-10-22T17:30;70;EUR;MWh;NO;NO;110;-36.49;110;-36.49;2;UP_AND_DOWN
2024-10-22T17:30;2024-10-22T17:45;71;EUR;MWh;NO;NO;;64.18;64.18;64.18;-1;DOWN
2024-10-22T17:45;2024-10-22T18:00;72;EUR;MWh;NO;NO;97.25;80.9;97.25;69.51;2;UP_AND_DOWN
2024-10-22T18:00;2024-10-22T18:15;73;EUR;MWh;NO;NO;127.8;44;127.8;44;2;UP_AND_DOWN
2024-10-22T18:15;2024-10-22T18:30;74;EUR;MWh;NO;NO;134.5;66.28;134.5;66.28;2;UP_AND_DOWN
2024-10-22T18:30;2024-10-22T18:45;75;EUR;MWh;NO;NO;;76.4;76.4;76.4;-1;DOWN
2024-10-22T18:45;2024-10-22T19:00;76;EUR;MWh;NO;NO;;76.4;76.4;76.4;-1;DOWN
2024-10-22T19:00;2024-10-22T19:15;77;EUR;MWh;NO;NO;;44;44;44;-1;DOWN
2024-10-22T19:15;2024-10-22T19:30;78;EUR;MWh;NO;NO;;56.98;56.98;56.98;-1;DOWN
2024-10-22T19:30;2024-10-22T19:45;79;EUR;MWh;NO;NO;;66.28;66.28;66.28;-1;DOWN
2024-10-22T19:45;2024-10-22T20:00;80;EUR;MWh;NO;NO;;60.98;60.98;60.98;-1;DOWN
2024-10-22T20:00;2024-10-22T20:15;81;EUR;MWh;NO;NO;115.59;72.08;115.59;69.44;2;UP_AND_DOWN
2024-10-22T20:15;2024-10-22T20:30;82;EUR;MWh;NO;NO;109;;109;109;1;UP
2024-10-22T20:30;2024-10-22T20:45;83;EUR;MWh;NO;NO;109;69.98;109;69.35;2;UP_AND_DOWN
2024-10-22T20:45;2024-10-22T21:00;84;EUR;MWh;NO;NO;;71.98;71.98;71.98;-1;DOWN
2024-10-22T21:00;2024-10-22T21:15;85;EUR;MWh;NO;NO;;70.09;70.09;70.09;-1;DOWN
2024-10-22T21:15;2024-10-22T21:30;86;EUR;MWh;NO;NO;99;85.09;99;69.58;2;UP_AND_DOWN
2024-10-22T21:30;2024-10-22T21:45;87;EUR;MWh;NO;NO;99;;99;99;1;UP
2024-10-22T21:45;2024-10-22T22:00;88;EUR;MWh;NO;NO;99;;99;99;1;UP
2024-10-22T22:00;2024-10-22T22:15;89;EUR;MWh;NO;NO;68.61;44;69.58;44;2;UP_AND_DOWN
2024-10-22T22:15;2024-10-22T22:30;90;EUR;MWh;NO;NO;;44;44;44;-1;DOWN
2024-10-22T22:30;2024-10-22T22:45;91;EUR;MWh;NO;NO;;44;44;44;-1;DOWN
2024-10-22T22:45;2024-10-22T23:00;92;EUR;MWh;NO;NO;;64.18;64.18;64.18;-1;DOWN
2024-10-22T23:00;2024-10-22T23:15;93;EUR;MWh;NO;NO;99;37.49;99;37.49;2;UP_AND_DOWN
2024-10-22T23:15;2024-10-22T23:30;94;EUR;MWh;NO;NO;92.49;73.98;92.49;69.55;2;UP_AND_DOWN
2024-10-22T23:30;2024-10-22T23:45;95;EUR;MWh;NO;NO;106.22;72.49;106.22;69.55;2;UP_AND_DOWN
2024-10-22T23:45;2024-10-23T00:00;96;EUR;MWh;NO;NO;106.22;78.66;78.66;78.66;-1;DOWN
2024-10-23T00:00;2024-10-23T00:15;1;EUR;MWh;NO;NO;90.93;76.61;90.93;76.61;2;UP_AND_DOWN
2024-10-23T00:15;2024-10-23T00:30;2;EUR;MWh;NO;NO;104.98;;104.98;104.98;1;UP
2024-10-23T00:30;2024-10-23T00:45;3;EUR;MWh;NO;NO;92.02;;92.02;92.02;1;UP
2024-10-23T00:45;2024-10-23T01:00;4;EUR;MWh;NO;NO;89.52;;89.52;89.52;1;UP
2024-10-23T01:00;2024-10-23T01:15;5;EUR;MWh;NO;NO;68.61;86.93;86.93;86.93;-1;DOWN
2024-10-23T01:15;2024-10-23T01:30;6;EUR;MWh;NO;NO;92.93;;92.93;92.93;1;UP
2024-10-23T01:30;2024-10-23T01:45;7;EUR;MWh;NO;NO;92.02;;92.02;92.02;1;UP
2024-10-23T01:45;2024-10-23T02:00;8;EUR;MWh;NO;NO;68.61;86.93;86.93;86.93;-1;DOWN
2024-10-23T02:00;2024-10-23T02:15;9;EUR;MWh;NO;NO;92.98;86.93;92.98;77.77;2;UP_AND_DOWN
2024-10-23T02:15;2024-10-23T02:30;10;EUR;MWh;NO;NO;89.04;;89.04;89.04;1;UP
2024-10-23T02:30;2024-10-23T02:45;11;EUR;MWh;NO;NO;89.48;;89.48;89.48;1;UP
2024-10-23T02:45;2024-10-23T03:00;12;EUR;MWh;NO;NO;105;;105;105;1;UP
2024-10-23T03:00;2024-10-23T03:15;13;EUR;MWh;NO;NO;101.76;;101.76;101.76;1;UP
2024-10-23T03:15;2024-10-23T03:30;14;EUR;MWh;NO;NO;102.28;;102.28;102.28;1;UP
2024-10-23T03:30;2024-10-23T03:45;15;EUR;MWh;NO;NO;107.05;;107.05;107.05;1;UP
2024-10-23T03:45;2024-10-23T04:00;16;EUR;MWh;NO;NO;105;;105;105;1;UP
2024-10-23T04:00;2024-10-23T04:15;17;EUR;MWh;NO;NO;116.2;;116.2;116.2;1;UP
2024-10-23T04:15;2024-10-23T04:30;18;EUR;MWh;NO;NO;116.8;;116.8;116.8;1;UP
2024-10-23T04:30;2024-10-23T04:45;19;EUR;MWh;NO;NO;95.98;85.7;85.7;85.7;-1;DOWN
2024-10-23T04:45;2024-10-23T05:00;20;EUR;MWh;NO;NO;;13.4;13.4;13.4;-1;DOWN
2024-10-23T05:00;2024-10-23T05:15;21;EUR;MWh;NO;NO;95.4;44.98;95.4;95.4;1;UP
2024-10-23T05:15;2024-10-23T05:30;22;EUR;MWh;NO;NO;95.26;;95.26;95.26;1;UP
2024-10-23T05:30;2024-10-23T05:45;23;EUR;MWh;NO;NO;95.98;;95.98;95.98;1;UP
2024-10-23T05:45;2024-10-23T06:00;24;EUR;MWh;NO;NO;90.98;74.25;90.98;74.25;2;UP_AND_DOWN
2024-10-23T06:00;2024-10-23T06:15;25;EUR;MWh;NO;NO;99.98;74.25;99.98;99.98;1;UP
2024-10-23T06:15;2024-10-23T06:30;26;EUR;MWh;NO;NO;103.98;63.98;103.98;63.98;2;UP_AND_DOWN
2024-10-23T06:30;2024-10-23T06:45;27;EUR;MWh;NO;NO;97.59;69.91;97.59;69.91;2;UP_AND_DOWN
2024-10-23T06:45;2024-10-23T07:00;28;EUR;MWh;NO;NO;83.61;65.02;83.61;65.02;2;UP_AND_DOWN
2024-10-23T07:00;2024-10-23T07:15;29;EUR;MWh;NO;NO;;54.98;54.98;54.98;-1;DOWN
2024-10-23T07:15;2024-10-23T07:30;30;EUR;MWh;NO;NO;;67.98;67.98;67.98;-1;DOWN
2024-10-23T07:30;2024-10-23T07:45;31;EUR;MWh;NO;NO;;87.65;87.65;87.65;-1;DOWN
2024-10-23T07:45;2024-10-23T08:00;32;EUR;MWh;NO;NO;189.98;;189.98;189.98;1;UP
2024-10-23T08:00;2024-10-23T08:15;33;EUR;MWh;NO;NO;142.3;;142.3;142.3;1;UP
2024-10-23T08:15;2024-10-23T08:30;34;EUR;MWh;NO;NO;116.7;;116.7;116.7;1;UP
2024-10-23T08:30;2024-10-23T08:45;35;EUR;MWh;NO;NO;164.98;85.65;164.98;73.33;2;UP_AND_DOWN
2024-10-23T08:45;2024-10-23T09:00;36;EUR;MWh;NO;NO;142.2;83.72;142.2;73.32;2;UP_AND_DOWN
2024-10-23T09:00;2024-10-23T09:15;37;EUR;MWh;NO;NO;142.2;83.68;83.68;83.68;-1;DOWN
2024-10-23T09:15;2024-10-23T09:30;38;EUR;MWh;NO;NO;;49.18;49.18;49.18;-1;DOWN
2024-10-23T09:30;2024-10-23T09:45;39;EUR;MWh;NO;NO;;34.18;34.18;34.18;-1;DOWN
2024-10-23T09:45;2024-10-23T10:00;40;EUR;MWh;NO;NO;;55.63;55.63;55.63;-1;DOWN
2024-10-23T10:00;2024-10-23T10:15;41;EUR;MWh;NO;NO;116.3;71.14;116.3;71.14;2;UP_AND_DOWN
2024-10-23T10:15;2024-10-23T10:30;42;EUR;MWh;NO;NO;198.04;;198.04;198.04;1;UP
2024-10-23T10:30;2024-10-23T10:45;43;EUR;MWh;NO;NO;679.1;;679.1;679.1;1;UP
2024-10-23T10:45;2024-10-23T11:00;44;EUR;MWh;NO;NO;167.17;;167.17;167.17;1;UP
2024-10-23T11:00;2024-10-23T11:15;45;EUR;MWh;NO;NO;128.73;;128.73;128.73;1;UP
2024-10-23T11:15;2024-10-23T11:30;46;EUR;MWh;NO;NO;116.5;79.18;116.5;116.5;1;UP
2024-10-23T11:30;2024-10-23T11:45;47;EUR;MWh;NO;NO;96.23;81.09;96.23;70.06;2;UP_AND_DOWN
2024-10-23T11:45;2024-10-23T12:00;48;EUR;MWh;NO;NO;109.11;79.11;109.11;70.06;2;UP_AND_DOWN
2024-10-23T12:00;2024-10-23T12:15;49;EUR;MWh;NO;NO;93.98;87.2;93.98;70.1;2;UP_AND_DOWN
2024-10-23T12:15;2024-10-23T12:30;50;EUR;MWh;NO;NO;109.2;;109.2;109.2;1;UP
2024-10-23T12:30;2024-10-23T12:45;51;EUR;MWh;NO;NO;151.14;;151.14;151.14;1;UP
2024-10-23T12:45;2024-10-23T13:00;52;EUR;MWh;NO;NO;134.86;;134.86;134.86;1;UP
2024-10-23T13:00;2024-10-23T13:15;53;EUR;MWh;NO;NO;98.98;;98.98;98.98;1;UP
2024-10-23T13:15;2024-10-23T13:30;54;EUR;MWh;NO;NO;90.98;66.98;90.98;66.98;2;UP_AND_DOWN
2024-10-23T13:30;2024-10-23T13:45;55;EUR;MWh;NO;NO;;69.98;69.98;69.98;-1;DOWN
2024-10-23T13:45;2024-10-23T14:00;56;EUR;MWh;NO;NO;;79.72;79.72;79.72;-1;DOWN
2024-10-23T14:00;2024-10-23T14:15;57;EUR;MWh;NO;NO;109.35;80.84;109.35;70.18;2;UP_AND_DOWN
2024-10-23T14:15;2024-10-23T14:30;58;EUR;MWh;NO;NO;116.5;;116.5;116.5;1;UP
2024-10-23T14:30;2024-10-23T14:45;59;EUR;MWh;NO;NO;116.6;;116.6;116.6;1;UP
2024-10-23T14:45;2024-10-23T15:00;60;EUR;MWh;NO;NO;133.8;;133.8;133.8;1;UP
2024-10-23T15:00;2024-10-23T15:15;61;EUR;MWh;NO;NO;133.7;;133.7;133.7;1;UP
2024-10-23T15:15;2024-10-23T15:30;62;EUR;MWh;NO;NO;107.22;;107.22;107.22;1;UP
2024-10-23T15:30;2024-10-23T15:45;63;EUR;MWh;NO;NO;106.8;;106.8;106.8;1;UP
2024-10-23T15:45;2024-10-23T16:00;64;EUR;MWh;NO;NO;108.24;;108.24;108.24;1;UP
2024-10-23T16:00;2024-10-23T16:15;65;EUR;MWh;NO;NO;107.22;;107.22;107.22;1;UP
2024-10-23T16:15;2024-10-23T16:30;66;EUR;MWh;NO;NO;134.86;;134.86;134.86;1;UP
2024-10-23T16:30;2024-10-23T16:45;67;EUR;MWh;NO;NO;123.31;82.16;82.16;82.16;-1;DOWN
2024-10-23T16:45;2024-10-23T17:00;68;EUR;MWh;NO;NO;95.98;84.64;95.98;78.92;2;UP_AND_DOWN
2024-10-23T17:00;2024-10-23T17:15;69;EUR;MWh;NO;NO;97.8;71.98;97.8;71.98;2;UP_AND_DOWN
2024-10-23T17:15;2024-10-23T17:30;70;EUR;MWh;NO;NO;163.4;76.98;163.4;76.98;2;UP_AND_DOWN
2024-10-23T17:30;2024-10-23T17:45;71;EUR;MWh;NO;NO;567.53;;567.53;567.53;1;UP
2024-10-23T17:45;2024-10-23T18:00;72;EUR;MWh;NO;NO;265.02;;265.02;265.02;1;UP
2024-10-23T18:00;2024-10-23T18:15;73;EUR;MWh;NO;NO;149.97;;149.97;149.97;1;UP
2024-10-23T18:15;2024-10-23T18:30;74;EUR;MWh;NO;NO;136.8;;136.8;136.8;1;UP
2024-10-23T18:30;2024-10-23T18:45;75;EUR;MWh;NO;NO;185.82;;185.82;185.82;1;UP
2024-10-23T18:45;2024-10-23T19:00;76;EUR;MWh;NO;NO;189.84;;189.84;189.84;1;UP
2024-10-23T19:00;2024-10-23T19:15;77;EUR;MWh;NO;NO;105;92.59;105;80.6;2;UP_AND_DOWN
2024-10-23T19:15;2024-10-23T19:30;78;EUR;MWh;NO;NO;;86.41;86.41;86.41;-1;DOWN
2024-10-23T19:30;2024-10-23T19:45;79;EUR;MWh;NO;NO;;84.91;84.91;84.91;-1;DOWN
2024-10-23T19:45;2024-10-23T20:00;80;EUR;MWh;NO;NO;109.07;79.86;109.07;79.86;2;UP_AND_DOWN
2024-10-23T20:00;2024-10-23T20:15;81;EUR;MWh;NO;NO;1853.61;74.6;1853.61;74.6;2;UP_AND_DOWN
2024-10-23T20:15;2024-10-23T20:30;82;EUR;MWh;NO;NO;93.06;70.38;93.06;70.38;2;UP_AND_DOWN
2024-10-23T20:30;2024-10-23T20:45;83;EUR;MWh;NO;NO;;84.6;84.6;84.6;-1;DOWN
2024-10-23T20:45;2024-10-23T21:00;84;EUR;MWh;NO;NO;;79.18;79.18;79.18;-1;DOWN
2024-10-23T21:00;2024-10-23T21:15;85;EUR;MWh;NO;NO;;81.87;81.87;81.87;-1;DOWN
2024-10-23T21:15;2024-10-23T21:30;86;EUR;MWh;NO;NO;141.6;92.5;141.6;80.56;2;UP_AND_DOWN
2024-10-23T21:30;2024-10-23T21:45;87;EUR;MWh;NO;NO;107.98;;107.98;107.98;1;UP
2024-10-23T21:45;2024-10-23T22:00;88;EUR;MWh;NO;NO;109.7;;109.7;109.7;1;UP
2024-10-23T22:00;2024-10-23T22:15;89;EUR;MWh;NO;NO;164.7;;164.7;164.7;1;UP
2024-10-23T22:15;2024-10-23T22:30;90;EUR;MWh;NO;NO;140;86.5;140;140;1;UP
2024-10-23T22:30;2024-10-23T22:45;91;EUR;MWh;NO;NO;112.98;83.09;112.98;80.56;2;UP_AND_DOWN
2024-10-23T22:45;2024-10-23T23:00;92;EUR;MWh;NO;NO;92.98;83.09;92.98;80.56;2;UP_AND_DOWN
2024-10-23T23:00;2024-10-23T23:15;93;EUR;MWh;NO;NO;92.98;78.47;78.47;78.47;-1;DOWN
2024-10-23T23:15;2024-10-23T23:30;94;EUR;MWh;NO;NO;;74.98;74.98;74.98;-1;DOWN
2024-10-23T23:30;2024-10-23T23:45;95;EUR;MWh;NO;NO;;75.42;75.42;75.42;-1;DOWN
2024-10-23T23:45;2024-10-24T00:00;96;EUR;MWh;NO;NO;;79.18;79.18;79.18;-1;DOWN
2024-10-24T00:00;2024-10-24T00:15;1;EUR;MWh;NO;NO;;-.57;-.57;-.57;-1;DOWN
2024-10-24T00:15;2024-10-24T00:30;2;EUR;MWh;NO;NO;;61.24;61.24;61.24;-1;DOWN
2024-10-24T00:30;2024-10-24T00:45;3;EUR;MWh;NO;NO;;55;55;55;-1;DOWN
2024-10-24T00:45;2024-10-24T01:00;4;EUR;MWh;NO;NO;;78.13;78.13;78.13;-1;DOWN
2024-10-24T01:00;2024-10-24T01:15;5;EUR;MWh;NO;NO;68.61;109.18;109.18;109.18;-1;DOWN
2024-10-24T01:15;2024-10-24T01:30;6;EUR;MWh;NO;NO;94.36;;94.36;94.36;1;UP
2024-10-24T01:30;2024-10-24T01:45;7;EUR;MWh;NO;NO;93.56;;93.56;93.56;1;UP
2024-10-24T01:45;2024-10-24T02:00;8;EUR;MWh;NO;NO;92.28;;92.28;92.28;1;UP
2024-10-24T02:00;2024-10-24T02:15;9;EUR;MWh;NO;NO;68.61;;68.61;68.61;1;UP
2024-10-24T02:15;2024-10-24T02:30;10;EUR;MWh;NO;NO;68.61;;68.61;68.61;1;UP
2024-10-24T02:30;2024-10-24T02:45;11;EUR;MWh;NO;NO;68.61;;88.9;88.9;0;STABLE
2024-10-24T02:45;2024-10-24T03:00;12;EUR;MWh;NO;NO;;51.48;51.48;51.48;-1;DOWN
2024-10-24T03:00;2024-10-24T03:15;13;EUR;MWh;NO;NO;68.61;49.18;88.9;49.18;2;UP_AND_DOWN
2024-10-24T03:15;2024-10-24T03:30;14;EUR;MWh;NO;NO;;84.43;84.43;84.43;-1;DOWN
2024-10-24T03:30;2024-10-24T03:45;15;EUR;MWh;NO;NO;;82.6;82.6;82.6;-1;DOWN
2024-10-24T03:45;2024-10-24T04:00;16;EUR;MWh;NO;NO;;81.23;81.23;81.23;-1;DOWN
2024-10-24T04:00;2024-10-24T04:15;17;EUR;MWh;NO;NO;;74.75;74.75;74.75;-1;DOWN
2024-10-24T04:15;2024-10-24T04:30;18;EUR;MWh;NO;NO;98.48;89.56;98.48;88.9;2;UP_AND_DOWN
2024-10-24T04:30;2024-10-24T04:45;19;EUR;MWh;NO;NO;118.5;;118.5;118.5;1;UP
2024-10-24T04:45;2024-10-24T05:00;20;EUR;MWh;NO;NO;118.5;;118.5;118.5;1;UP
2024-10-24T05:00;2024-10-24T05:15;21;EUR;MWh;NO;NO;141.56;;141.56;141.56;1;UP
2024-10-24T05:15;2024-10-24T05:30;22;EUR;MWh;NO;NO;144.8;;144.8;144.8;1;UP
2024-10-24T05:30;2024-10-24T05:45;23;EUR;MWh;NO;NO;144.39;;144.39;144.39;1;UP
2024-10-24T05:45;2024-10-24T06:00;24;EUR;MWh;NO;NO;118.4;80.21;118.4;80.21;2;UP_AND_DOWN
2024-10-24T06:00;2024-10-24T06:15;25;EUR;MWh;NO;NO;92.87;80.29;92.87;80.29;2;UP_AND_DOWN
2024-10-24T06:15;2024-10-24T06:30;26;EUR;MWh;NO;NO;119;73.98;119;73.98;2;UP_AND_DOWN
2024-10-24T06:30;2024-10-24T06:45;27;EUR;MWh;NO;NO;119;83.44;119;83.44;2;UP_AND_DOWN
2024-10-24T06:45;2024-10-24T07:00;28;EUR;MWh;NO;NO;99.32;73.73;99.32;73.73;2;UP_AND_DOWN
2024-10-24T07:00;2024-10-24T07:15;29;EUR;MWh;NO;NO;105;50.78;105;50.78;2;UP_AND_DOWN
2024-10-24T07:15;2024-10-24T07:30;30;EUR;MWh;NO;NO;118.9;50.78;118.9;118.9;1;UP
2024-10-24T07:30;2024-10-24T07:45;31;EUR;MWh;NO;NO;164.27;;164.27;164.27;1;UP
2024-10-24T07:45;2024-10-24T08:00;32;EUR;MWh;NO;NO;163.58;;163.58;163.58;1;UP
2024-10-24T08:00;2024-10-24T08:15;33;EUR;MWh;NO;NO;118.9;109.18;118.9;88.9;2;UP_AND_DOWN
2024-10-24T08:15;2024-10-24T08:30;34;EUR;MWh;NO;NO;140.31;;140.31;140.31;1;UP
2024-10-24T08:30;2024-10-24T08:45;35;EUR;MWh;NO;NO;146.8;;146.8;146.8;1;UP
2024-10-24T08:45;2024-10-24T09:00;36;EUR;MWh;NO;NO;144.68;;144.68;144.68;1;UP
2024-10-24T09:00;2024-10-24T09:15;37;EUR;MWh;NO;NO;115.31;28.61;28.61;28.61;-1;DOWN
2024-10-24T09:15;2024-10-24T09:30;38;EUR;MWh;NO;NO;;-30;-30;-30;-1;DOWN
2024-10-24T09:30;2024-10-24T09:45;39;EUR;MWh;NO;NO;;-30;-30;-30;-1;DOWN
2024-10-24T09:45;2024-10-24T10:00;40;EUR;MWh;NO;NO;100.49;51.98;100.49;100.49;1;UP
2024-10-24T10:00;2024-10-24T10:15;41;EUR;MWh;NO;NO;144.6;;144.6;144.6;1;UP
2024-10-24T10:15;2024-10-24T10:30;42;EUR;MWh;NO;NO;97.76;;97.76;97.76;1;UP
2024-10-24T10:30;2024-10-24T10:45;43;EUR;MWh;NO;NO;98.21;88.52;98.21;88.52;2;UP_AND_DOWN
2024-10-24T10:45;2024-10-24T11:00;44;EUR;MWh;NO;NO;68.61;;68.61;68.61;1;UP
2024-10-24T11:00;2024-10-24T11:15;45;EUR;MWh;NO;NO;102.04;;102.04;102.04;1;UP
2024-10-24T11:15;2024-10-24T11:30;46;EUR;MWh;NO;NO;111.79;42.77;111.79;42.77;2;UP_AND_DOWN
2024-10-24T11:30;2024-10-24T11:45;47;EUR;MWh;NO;NO;;49.18;49.18;49.18;-1;DOWN
2024-10-24T11:45;2024-10-24T12:00;48;EUR;MWh;NO;NO;;37.7;37.7;37.7;-1;DOWN
2024-10-24T12:00;2024-10-24T12:15;49;EUR;MWh;NO;NO;89.14;109.18;89.14;88.9;2;UP_AND_DOWN
2024-10-24T12:15;2024-10-24T12:30;50;EUR;MWh;NO;NO;118.7;79.99;118.7;79.99;2;UP_AND_DOWN
2024-10-24T12:30;2024-10-24T12:45;51;EUR;MWh;NO;NO;118.7;82.62;82.62;82.62;-1;DOWN
2024-10-24T12:45;2024-10-24T13:00;52;EUR;MWh;NO;NO;;84.32;84.32;84.32;-1;DOWN
2024-10-24T13:00;2024-10-24T13:15;53;EUR;MWh;NO;NO;103.99;83.99;103.99;83.99;2;UP_AND_DOWN
2024-10-24T13:15;2024-10-24T13:30;54;EUR;MWh;NO;NO;105;;105;105;1;UP
2024-10-24T13:30;2024-10-24T13:45;55;EUR;MWh;NO;NO;105;;105;105;1;UP
2024-10-24T13:45;2024-10-24T14:00;56;EUR;MWh;NO;NO;103.99;;103.99;103.99;1;UP
2024-10-24T14:00;2024-10-24T14:15;57;EUR;MWh;NO;NO;103.99;70;70;70;-1;DOWN
2024-10-24T14:15;2024-10-24T14:30;58;EUR;MWh;NO;NO;;94.41;94.41;94.41;-1;DOWN
2024-10-24T14:30;2024-10-24T14:45;59;EUR;MWh;NO;NO;;94.41;94.41;94.41;-1;DOWN
2024-10-24T14:45;2024-10-24T15:00;60;EUR;MWh;NO;NO;;83.05;83.05;83.05;-1;DOWN
2024-10-24T15:00;2024-10-24T15:15;61;EUR;MWh;NO;NO;;-.57;-.57;-.57;-1;DOWN
2024-10-24T15:15;2024-10-24T15:30;62;EUR;MWh;NO;NO;;85.21;85.21;85.21;-1;DOWN
2024-10-24T15:30;2024-10-24T15:45;63;EUR;MWh;NO;NO;99.58;85.21;99.58;85.21;2;UP_AND_DOWN
2024-10-24T15:45;2024-10-24T16:00;64;EUR;MWh;NO;NO;99.58;;99.58;99.58;1;UP
2024-10-24T16:00;2024-10-24T16:15;65;EUR;MWh;NO;NO;;;91.94;91.94;0;STABLE
2024-10-24T16:15;2024-10-24T16:30;66;EUR;MWh;NO;NO;118.6;115.31;118.6;118.6;1;UP
2024-10-24T16:30;2024-10-24T16:45;67;EUR;MWh;NO;NO;135.6;;135.6;135.6;1;UP
2024-10-24T16:45;2024-10-24T17:00;68;EUR;MWh;NO;NO;105.92;;105.92;105.92;1;UP
2024-10-24T17:00;2024-10-24T17:15;69;EUR;MWh;NO;NO;105;86.48;105;86.48;2;UP_AND_DOWN
2024-10-24T17:15;2024-10-24T17:30;70;EUR;MWh;NO;NO;113.18;83.46;113.18;83.46;2;UP_AND_DOWN
2024-10-24T17:30;2024-10-24T17:45;71;EUR;MWh;NO;NO;106.21;71.48;106.21;71.48;2;UP_AND_DOWN
2024-10-24T17:45;2024-10-24T18:00;72;EUR;MWh;NO;NO;117.58;102.85;117.58;88.9;2;UP_AND_DOWN
2024-10-24T18:00;2024-10-24T18:15;73;EUR;MWh;NO;NO;117.58;-150.62;-150.62;-150.62;-1;DOWN
2024-10-24T18:15;2024-10-24T18:30;74;EUR;MWh;NO;NO;;-.57;-.57;-.57;-1;DOWN
2024-10-24T18:30;2024-10-24T18:45;75;EUR;MWh;NO;NO;;68.33;68.33;68.33;-1;DOWN
2024-10-24T18:45;2024-10-24T19:00;76;EUR;MWh;NO;NO;;53.33;53.33;53.33;-1;DOWN
2024-10-24T19:00;2024-10-24T19:15;77;EUR;MWh;NO;NO;139.2;33.33;139.2;33.33;2;UP_AND_DOWN
2024-10-24T19:15;2024-10-24T19:30;78;EUR;MWh;NO;NO;139.2;68.33;68.33;68.33;-1;DOWN
2024-10-24T19:30;2024-10-24T19:45;79;EUR;MWh;NO;NO;;51.98;51.98;51.98;-1;DOWN
2024-10-24T19:45;2024-10-24T20:00;80;EUR;MWh;NO;NO;;28.91;28.91;28.91;-1;DOWN
2024-10-24T20:00;2024-10-24T20:15;81;EUR;MWh;NO;NO;;-30;-30;-30;-1;DOWN
2024-10-24T20:15;2024-10-24T20:30;82;EUR;MWh;NO;NO;118.7;-30;118.7;-30;2;UP_AND_DOWN
2024-10-24T20:30;2024-10-24T20:45;83;EUR;MWh;NO;NO;94.36;-.57;-.57;-.57;-1;DOWN
2024-10-24T20:45;2024-10-24T21:00;84;EUR;MWh;NO;NO;;79.98;79.98;79.98;-1;DOWN
2024-10-24T21:00;2024-10-24T21:15;85;EUR;MWh;NO;NO;107.81;87.71;107.81;87.71;2;UP_AND_DOWN
2024-10-24T21:15;2024-10-24T21:30;86;EUR;MWh;NO;NO;165.7;;165.7;165.7;1;UP
2024-10-24T21:30;2024-10-24T21:45;87;EUR;MWh;NO;NO;141.4;;141.4;141.4;1;UP
2024-10-24T21:45;2024-10-24T22:00;88;EUR;MWh;NO;NO;165.6;;165.6;165.6;1;UP
2024-10-24T22:00;2024-10-24T22:15;89;EUR;MWh;NO;NO;167.28;;167.28;167.28;1;UP
2024-10-24T22:15;2024-10-24T22:30;90;EUR;MWh;NO;NO;215.25;;215.25;215.25;1;UP
2024-10-24T22:30;2024-10-24T22:45;91;EUR;MWh;NO;NO;182.99;;182.99;182.99;1;UP
2024-10-24T22:45;2024-10-24T23:00;92;EUR;MWh;NO;NO;113.78;;113.78;113.78;1;UP
2024-10-24T23:00;2024-10-24T23:15;93;EUR;MWh;NO;NO;185.93;;185.93;185.93;1;UP
2024-10-24T23:15;2024-10-24T23:30;94;EUR;MWh;NO;NO;143.5;;143.5;143.5;1;UP
2024-10-24T23:30;2024-10-24T23:45;95;EUR;MWh;NO;NO;144.48;;144.48;144.48;1;UP
2024-10-24T23:45;2024-10-25T00:00;96;EUR;MWh;NO;NO;104.11;;104.11;104.11;1;UP
2024-10-25T00:00;2024-10-25T00:15;1;EUR;MWh;NO;NO;110.43;;110.43;110.43;1;UP
2024-10-25T00:15;2024-10-25T00:30;2;EUR;MWh;NO;NO;108.77;;108.77;108.77;1;UP
2024-10-25T00:30;2024-10-25T00:45;3;EUR;MWh;NO;NO;118;;118;118;1;UP
2024-10-25T00:45;2024-10-25T01:00;4;EUR;MWh;NO;NO;92.91;;92.91;92.91;1;UP
2024-10-25T01:00;2024-10-25T01:15;5;EUR;MWh;NO;NO;142;;142;142;1;UP
2024-10-25T01:15;2024-10-25T01:30;6;EUR;MWh;NO;NO;108.65;;108.65;108.65;1;UP
2024-10-25T01:30;2024-10-25T01:45;7;EUR;MWh;NO;NO;94.53;;94.53;94.53;1;UP
2024-10-25T01:45;2024-10-25T02:00;8;EUR;MWh;NO;NO;96.62;84.32;96.62;96.62;1;UP
2024-10-25T02:00;2024-10-25T02:15;9;EUR;MWh;NO;NO;;84.32;84.32;84.32;-1;DOWN
2024-10-25T02:15;2024-10-25T02:30;10;EUR;MWh;NO;NO;91.62;;91.62;91.62;1;UP
2024-10-25T02:30;2024-10-25T02:45;11;EUR;MWh;NO;NO;94.75;;94.75;94.75;1;UP
2024-10-25T02:45;2024-10-25T03:00;12;EUR;MWh;NO;NO;68.61;19.18;19.18;19.18;-1;DOWN
2024-10-25T03:00;2024-10-25T03:15;13;EUR;MWh;NO;NO;;19.18;19.18;19.18;-1;DOWN
2024-10-25T03:15;2024-10-25T03:30;14;EUR;MWh;NO;NO;;49.18;49.18;49.18;-1;DOWN
2024-10-25T03:30;2024-10-25T03:45;15;EUR;MWh;NO;NO;;64.18;64.18;64.18;-1;DOWN
2024-10-25T03:45;2024-10-25T04:00;16;EUR;MWh;NO;NO;108.84;;108.84;108.84;1;UP
2024-10-25T04:00;2024-10-25T04:15;17;EUR;MWh;NO;NO;168.06;;168.06;168.06;1;UP
2024-10-25T04:15;2024-10-25T04:30;18;EUR;MWh;NO;NO;174.2;;174.2;174.2;1;UP
2024-10-25T04:30;2024-10-25T04:45;19;EUR;MWh;NO;NO;193.84;;193.84;193.84;1;UP
2024-10-25T04:45;2024-10-25T05:00;20;EUR;MWh;NO;NO;143.84;;143.84;143.84;1;UP
2024-10-25T05:00;2024-10-25T05:15;21;EUR;MWh;NO;NO;94.83;;94.83;94.83;1;UP
2024-10-25T05:15;2024-10-25T05:30;22;EUR;MWh;NO;NO;94.86;;94.86;94.86;1;UP
2024-10-25T05:30;2024-10-25T05:45;23;EUR;MWh;NO;NO;99;;99;99;1;UP
2024-10-25T05:45;2024-10-25T06:00;24;EUR;MWh;NO;NO;92.91;49.18;92.91;49.18;2;UP_AND_DOWN
2024-10-25T06:00;2024-10-25T06:15;25;EUR;MWh;NO;NO;104;19.18;104;19.18;2;UP_AND_DOWN
2024-10-25T06:15;2024-10-25T06:30;26;EUR;MWh;NO;NO;91.62;22;91.62;22;2;UP_AND_DOWN
2024-10-25T06:30;2024-10-25T06:45;27;EUR;MWh;NO;NO;104;64.5;104;64.5;2;UP_AND_DOWN
2024-10-25T06:45;2024-10-25T07:00;28;EUR;MWh;NO;NO;104;;104;104;1;UP
2024-10-25T07:00;2024-10-25T07:15;29;EUR;MWh;NO;NO;104;62.9;62.9;62.9;-1;DOWN
2024-10-25T07:15;2024-10-25T07:30;30;EUR;MWh;NO;NO;;64.18;64.18;64.18;-1;DOWN
2024-10-25T07:30;2024-10-25T07:45;31;EUR;MWh;NO;NO;104;;104;104;1;UP
2024-10-25T07:45;2024-10-25T08:00;32;EUR;MWh;NO;NO;110.21;;110.21;110.21;1;UP
2024-10-25T08:00;2024-10-25T08:15;33;EUR;MWh;NO;NO;118.13;;118.13;118.13;1;UP
2024-10-25T08:15;2024-10-25T08:30;34;EUR;MWh;NO;NO;104;91;104;79.81;2;UP_AND_DOWN
2024-10-25T08:30;2024-10-25T08:45;35;EUR;MWh;NO;NO;107.97;87.12;107.97;79.81;2;UP_AND_DOWN
2024-10-25T08:45;2024-10-25T09:00;36;EUR;MWh;NO;NO;;84.47;84.47;84.47;-1;DOWN
2024-10-25T09:00;2024-10-25T09:15;37;EUR;MWh;NO;NO;;86.98;86.98;86.98;-1;DOWN
2024-10-25T09:15;2024-10-25T09:30;38;EUR;MWh;NO;NO;104;62.9;104;62.9;2;UP_AND_DOWN
2024-10-25T09:30;2024-10-25T09:45;39;EUR;MWh;NO;NO;142.18;79.98;142.18;78.3;2;UP_AND_DOWN
2024-10-25T09:45;2024-10-25T10:00;40;EUR;MWh;NO;NO;142.18;;79.72;79.72;0;STABLE
2024-10-25T10:00;2024-10-25T10:15;41;EUR;MWh;NO;NO;106.41;;106.41;106.41;1;UP
2024-10-25T10:15;2024-10-25T10:30;42;EUR;MWh;NO;NO;97.24;79.94;97.24;79.94;2;UP_AND_DOWN
2024-10-25T10:30;2024-10-25T10:45;43;EUR;MWh;NO;NO;102.24;91.69;102.24;81.15;2;UP_AND_DOWN
2024-10-25T10:45;2024-10-25T11:00;44;EUR;MWh;NO;NO;111;;111;111;1;UP
2024-10-25T11:00;2024-10-25T11:15;45;EUR;MWh;NO;NO;110.56;;110.56;110.56;1;UP
2024-10-25T11:15;2024-10-25T11:30;46;EUR;MWh;NO;NO;102.07;54.37;102.07;54.37;2;UP_AND_DOWN
2024-10-25T11:30;2024-10-25T11:45;47;EUR;MWh;NO;NO;;55.27;55.27;55.27;-1;DOWN
2024-10-25T11:45;2024-10-25T12:00;48;EUR;MWh;NO;NO;;22;22;22;-1;DOWN
2024-10-25T12:00;2024-10-25T12:15;49;EUR;MWh;NO;NO;119.56;22;119.56;22;2;UP_AND_DOWN
2024-10-25T12:15;2024-10-25T12:30;50;EUR;MWh;NO;NO;100.22;77;100.22;77;2;UP_AND_DOWN
2024-10-25T12:30;2024-10-25T12:45;51;EUR;MWh;NO;NO;100.22;65.5;65.5;65.5;-1;DOWN
2024-10-25T12:45;2024-10-25T13:00;52;EUR;MWh;NO;NO;;-15.69;-15.69;-15.69;-1;DOWN
2024-10-25T13:00;2024-10-25T13:15;53;EUR;MWh;NO;NO;;19.18;19.18;19.18;-1;DOWN
2024-10-25T13:15;2024-10-25T13:30;54;EUR;MWh;NO;NO;;55.55;55.55;55.55;-1;DOWN
2024-10-25T13:30;2024-10-25T13:45;55;EUR;MWh;NO;NO;;65.1;65.1;65.1;-1;DOWN
2024-10-25T13:45;2024-10-25T14:00;56;EUR;MWh;NO;NO;;22;22;22;-1;DOWN
2024-10-25T14:00;2024-10-25T14:15;57;EUR;MWh;NO;NO;;64.55;64.55;64.55;-1;DOWN
2024-10-25T14:15;2024-10-25T14:30;58;EUR;MWh;NO;NO;;;44.47;44.47;0;STABLE
2024-10-25T14:30;2024-10-25T14:45;59;EUR;MWh;NO;NO;68.61;;78.77;78.77;0;STABLE
2024-10-25T14:45;2024-10-25T15:00;60;EUR;MWh;NO;NO;93.55;;93.55;93.55;1;UP
2024-10-25T15:00;2024-10-25T15:15;61;EUR;MWh;NO;NO;93.55;34.18;34.18;34.18;-1;DOWN
2024-10-25T15:15;2024-10-25T15:30;62;EUR;MWh;NO;NO;;83.03;83.03;83.03;-1;DOWN
2024-10-25T15:30;2024-10-25T15:45;63;EUR;MWh;NO;NO;;84.32;84.32;84.32;-1;DOWN
2024-10-25T15:45;2024-10-25T16:00;64;EUR;MWh;NO;NO;;-74;-74;-74;-1;DOWN
2024-10-25T16:00;2024-10-25T16:15;65;EUR;MWh;NO;NO;97.1;19.18;19.18;19.18;-1;DOWN
2024-10-25T16:15;2024-10-25T16:30;66;EUR;MWh;NO;NO;104;73.08;104;73.08;2;UP_AND_DOWN
2024-10-25T16:30;2024-10-25T16:45;67;EUR;MWh;NO;NO;253.21;72.98;253.21;72.98;2;UP_AND_DOWN
2024-10-25T16:45;2024-10-25T17:00;68;EUR;MWh;NO;NO;142.1;85.47;142.1;79.77;2;UP_AND_DOWN
2024-10-25T17:00;2024-10-25T17:15;69;EUR;MWh;NO;NO;167.78;11;167.78;11;2;UP_AND_DOWN
2024-10-25T17:15;2024-10-25T17:30;70;EUR;MWh;NO;NO;233.47;73.86;233.47;73.86;2;UP_AND_DOWN
2024-10-25T17:30;2024-10-25T17:45;71;EUR;MWh;NO;NO;220.9;;220.9;220.9;1;UP
2024-10-25T17:45;2024-10-25T18:00;72;EUR;MWh;NO;NO;234.28;;234.28;234.28;1;UP
2024-10-25T18:00;2024-10-25T18:15;73;EUR;MWh;NO;NO;130.09;80.98;130.09;80.98;2;UP_AND_DOWN
2024-10-25T18:15;2024-10-25T18:30;74;EUR;MWh;NO;NO;120.09;88.98;122.8;88.98;2;UP_AND_DOWN
2024-10-25T18:30;2024-10-25T18:45;75;EUR;MWh;NO;NO;128.72;;128.72;128.72;1;UP
2024-10-25T18:45;2024-10-25T19:00;76;EUR;MWh;NO;NO;115.09;;115.09;115.09;1;UP
2024-10-25T19:00;2024-10-25T19:15;77;EUR;MWh;NO;NO;109.18;;109.18;109.18;1;UP
2024-10-25T19:15;2024-10-25T19:30;78;EUR;MWh;NO;NO;109.18;87.98;87.98;87.98;-1;DOWN
2024-10-25T19:30;2024-10-25T19:45;79;EUR;MWh;NO;NO;;67.98;67.98;67.98;-1;DOWN
2024-10-25T19:45;2024-10-25T20:00;80;EUR;MWh;NO;NO;104;65.98;104;65.98;2;UP_AND_DOWN
2024-10-25T20:00;2024-10-25T20:15;81;EUR;MWh;NO;NO;223.11;65.98;223.11;223.11;1;UP
2024-10-25T20:15;2024-10-25T20:30;82;EUR;MWh;NO;NO;104;85.98;104;84.8;2;UP_AND_DOWN
2024-10-25T20:30;2024-10-25T20:45;83;EUR;MWh;NO;NO;107.88;84.98;107.88;84.8;2;UP_AND_DOWN
2024-10-25T20:45;2024-10-25T21:00;84;EUR;MWh;NO;NO;;65.98;65.98;65.98;-1;DOWN
2024-10-25T21:00;2024-10-25T21:15;85;EUR;MWh;NO;NO;68.61;69.98;69.98;69.98;-1;DOWN
2024-10-25T21:15;2024-10-25T21:30;86;EUR;MWh;NO;NO;;78.98;78.98;78.98;-1;DOWN
2024-10-25T21:30;2024-10-25T21:45;87;EUR;MWh;NO;NO;112.01;85.81;122.8;85.81;2;UP_AND_DOWN
2024-10-25T21:45;2024-10-25T22:00;88;EUR;MWh;NO;NO;;74.98;74.98;74.98;-1;DOWN
2024-10-25T22:00;2024-10-25T22:15;89;EUR;MWh;NO;NO;;64.3;64.3;64.3;-1;DOWN
2024-10-25T22:15;2024-10-25T22:30;90;EUR;MWh;NO;NO;98.3;72.39;98.3;72.39;2;UP_AND_DOWN
2024-10-25T22:30;2024-10-25T22:45;91;EUR;MWh;NO;NO;108.3;;108.3;108.3;1;UP
2024-10-25T22:45;2024-10-25T23:00;92;EUR;MWh;NO;NO;118.3;;118.3;118.3;1;UP
2024-10-25T23:00;2024-10-25T23:15;93;EUR;MWh;NO;NO;100.55;84.88;100.55;100.55;1;UP
2024-10-25T23:15;2024-10-25T23:30;94;EUR;MWh;NO;NO;94.44;64.55;94.44;64.55;2;UP_AND_DOWN
2024-10-25T23:30;2024-10-25T23:45;95;EUR;MWh;NO;NO;91.62;64.18;91.62;64.18;2;UP_AND_DOWN
2024-10-25T23:45;2024-10-26T00:00;96;EUR;MWh;NO;NO;;81.63;81.63;81.63;-1;DOWN
2024-10-26T00:00;2024-10-26T00:15;1;EUR;MWh;NO;NO;133.98;83.06;133.98;78.09;2;UP_AND_DOWN
2024-10-26T00:15;2024-10-26T00:30;2;EUR;MWh;NO;NO;115.52;;115.52;115.52;1;UP
2024-10-26T00:30;2024-10-26T00:45;3;EUR;MWh;NO;NO;141.5;;141.5;141.5;1;UP
2024-10-26T00:45;2024-10-26T01:00;4;EUR;MWh;NO;NO;104.01;;104.01;104.01;1;UP
2024-10-26T01:00;2024-10-26T01:15;5;EUR;MWh;NO;NO;141.6;;141.6;141.6;1;UP
2024-10-26T01:15;2024-10-26T01:30;6;EUR;MWh;NO;NO;117.57;;117.57;117.57;1;UP
2024-10-26T01:30;2024-10-26T01:45;7;EUR;MWh;NO;NO;104;;104;104;1;UP
2024-10-26T01:45;2024-10-26T02:00;8;EUR;MWh;NO;NO;80.92;86.84;80.92;78.09;2;UP_AND_DOWN
2024-10-26T02:00;2024-10-26T02:15;9;EUR;MWh;NO;NO;128;86.68;128;78.06;2;UP_AND_DOWN
2024-10-26T02:15;2024-10-26T02:30;10;EUR;MWh;NO;NO;102.5;;102.5;102.5;1;UP
2024-10-26T02:30;2024-10-26T02:45;11;EUR;MWh;NO;NO;128;;128;128;1;UP
2024-10-26T02:45;2024-10-26T03:00;12;EUR;MWh;NO;NO;128;;128;128;1;UP
2024-10-26T03:00;2024-10-26T03:15;13;EUR;MWh;NO;NO;142.5;;142.5;142.5;1;UP
2024-10-26T03:15;2024-10-26T03:30;14;EUR;MWh;NO;NO;170;;170;170;1;UP
2024-10-26T03:30;2024-10-26T03:45;15;EUR;MWh;NO;NO;142.2;;142.2;142.2;1;UP
2024-10-26T03:45;2024-10-26T04:00;16;EUR;MWh;NO;NO;126;;126;126;1;UP
2024-10-26T04:00;2024-10-26T04:15;17;EUR;MWh;NO;NO;117.5;;117.5;117.5;1;UP
2024-10-26T04:15;2024-10-26T04:30;18;EUR;MWh;NO;NO;105.98;;105.98;105.98;1;UP
2024-10-26T04:30;2024-10-26T04:45;19;EUR;MWh;NO;NO;131;;131;131;1;UP
2024-10-26T04:45;2024-10-26T05:00;20;EUR;MWh;NO;NO;102.5;;102.5;102.5;1;UP
2024-10-26T05:00;2024-10-26T05:15;21;EUR;MWh;NO;NO;122.98;;122.98;122.98;1;UP
2024-10-26T05:15;2024-10-26T05:30;22;EUR;MWh;NO;NO;107.03;;107.03;107.03;1;UP
2024-10-26T05:30;2024-10-26T05:45;23;EUR;MWh;NO;NO;117.99;;117.99;117.99;1;UP
2024-10-26T05:45;2024-10-26T06:00;24;EUR;MWh;NO;NO;97.99;81.48;97.99;78.3;2;UP_AND_DOWN
2024-10-26T06:00;2024-10-26T06:15;25;EUR;MWh;NO;NO;93.41;79.18;79.18;79.18;-1;DOWN
2024-10-26T06:15;2024-10-26T06:30;26;EUR;MWh;NO;NO;133.98;;133.98;133.98;1;UP
2024-10-26T06:30;2024-10-26T06:45;27;EUR;MWh;NO;NO;131;;131;131;1;UP
2024-10-26T06:45;2024-10-26T07:00;28;EUR;MWh;NO;NO;131;86.62;86.62;86.62;-1;DOWN
2024-10-26T07:00;2024-10-26T07:15;29;EUR;MWh;NO;NO;126;86.73;126;78.27;2;UP_AND_DOWN
2024-10-26T07:15;2024-10-26T07:30;30;EUR;MWh;NO;NO;126;;126;126;1;UP
2024-10-26T07:30;2024-10-26T07:45;31;EUR;MWh;NO;NO;111;;111;111;1;UP
2024-10-26T07:45;2024-10-26T08:00;32;EUR;MWh;NO;NO;118;;118;118;1;UP
2024-10-26T08:00;2024-10-26T08:15;33;EUR;MWh;NO;NO;100.48;;100.48;100.48;1;UP
2024-10-26T08:15;2024-10-26T08:30;34;EUR;MWh;NO;NO;102.26;;102.26;102.26;1;UP
2024-10-26T08:30;2024-10-26T08:45;35;EUR;MWh;NO;NO;102.27;;102.27;102.27;1;UP
2024-10-26T08:45;2024-10-26T09:00;36;EUR;MWh;NO;NO;68.61;;68.61;68.61;1;UP
2024-10-26T09:00;2024-10-26T09:15;37;EUR;MWh;NO;NO;116.98;;116.98;116.98;1;UP
2024-10-26T09:15;2024-10-26T09:30;38;EUR;MWh;NO;NO;117;;117;117;1;UP
2024-10-26T09:30;2024-10-26T09:45;39;EUR;MWh;NO;NO;68.61;82.98;78.3;78.3;2;UP_AND_DOWN
2024-10-26T09:45;2024-10-26T10:00;40;EUR;MWh;NO;NO;97.98;82.12;97.98;78.3;2;UP_AND_DOWN
2024-10-26T10:00;2024-10-26T10:15;41;EUR;MWh;NO;NO;142.57;87.57;142.57;78.09;2;UP_AND_DOWN
2024-10-26T10:15;2024-10-26T10:30;42;EUR;MWh;NO;NO;142.57;;78.09;78.09;0;STABLE
2024-10-26T10:30;2024-10-26T10:45;43;EUR;MWh;NO;NO;;86.8;86.8;86.8;-1;DOWN
2024-10-26T10:45;2024-10-26T11:00;44;EUR;MWh;NO;NO;;63;63;63;-1;DOWN
2024-10-26T11:00;2024-10-26T11:15;45;EUR;MWh;NO;NO;;49.18;49.18;49.18;-1;DOWN
2024-10-26T11:15;2024-10-26T11:30;46;EUR;MWh;NO;NO;;83.39;83.39;83.39;-1;DOWN
2024-10-26T11:30;2024-10-26T11:45;47;EUR;MWh;NO;NO;;79.18;79.18;79.18;-1;DOWN
2024-10-26T11:45;2024-10-26T12:00;48;EUR;MWh;NO;NO;;76.42;76.42;76.42;-1;DOWN
2024-10-26T12:00;2024-10-26T12:15;49;EUR;MWh;NO;NO;102.97;76.42;102.97;102.97;1;UP
2024-10-26T12:15;2024-10-26T12:30;50;EUR;MWh;NO;NO;104;;104;104;1;UP
2024-10-26T12:30;2024-10-26T12:45;51;EUR;MWh;NO;NO;104;64;64;64;-1;DOWN
2024-10-26T12:45;2024-10-26T13:00;52;EUR;MWh;NO;NO;;42.97;42.97;42.97;-1;DOWN
2024-10-26T13:00;2024-10-26T13:15;53;EUR;MWh;NO;NO;68.61;62.7;78.09;62.7;2;UP_AND_DOWN
2024-10-26T13:15;2024-10-26T13:30;54;EUR;MWh;NO;NO;68.61;62.8;79.31;62.8;2;UP_AND_DOWN
2024-10-26T13:30;2024-10-26T13:45;55;EUR;MWh;NO;NO;;63.1;63.1;63.1;-1;DOWN
2024-10-26T13:45;2024-10-26T14:00;56;EUR;MWh;NO;NO;;64.2;64.2;64.2;-1;DOWN
2024-10-26T14:00;2024-10-26T14:15;57;EUR;MWh;NO;NO;;63.3;63.3;63.3;-1;DOWN
2024-10-26T14:15;2024-10-26T14:30;58;EUR;MWh;NO;NO;68.61;87.15;79.31;79.31;2;UP_AND_DOWN
2024-10-26T14:30;2024-10-26T14:45;59;EUR;MWh;NO;NO;92.69;;92.69;92.69;1;UP
2024-10-26T14:45;2024-10-26T15:00;60;EUR;MWh;NO;NO;104;;104;104;1;UP
2024-10-26T15:00;2024-10-26T15:15;61;EUR;MWh;NO;NO;104;79.18;104;79.18;2;UP_AND_DOWN
2024-10-26T15:15;2024-10-26T15:30;62;EUR;MWh;NO;NO;144.9;;144.9;144.9;1;UP
2024-10-26T15:30;2024-10-26T15:45;63;EUR;MWh;NO;NO;142;;142;142;1;UP
2024-10-26T15:45;2024-10-26T16:00;64;EUR;MWh;NO;NO;142.15;;142.15;142.15;1;UP
2024-10-26T16:00;2024-10-26T16:15;65;EUR;MWh;NO;NO;144.7;;144.7;144.7;1;UP
2024-10-26T16:15;2024-10-26T16:30;66;EUR;MWh;NO;NO;175.51;;175.51;175.51;1;UP
2024-10-26T16:30;2024-10-26T16:45;67;EUR;MWh;NO;NO;181.16;;181.16;181.16;1;UP
2024-10-26T16:45;2024-10-26T17:00;68;EUR;MWh;NO;NO;161.84;;161.84;161.84;1;UP
2024-10-26T17:00;2024-10-26T17:15;69;EUR;MWh;NO;NO;158.08;79.18;158.08;79.18;2;UP_AND_DOWN
2024-10-26T17:15;2024-10-26T17:30;70;EUR;MWh;NO;NO;156.5;;156.5;156.5;1;UP
2024-10-26T17:30;2024-10-26T17:45;71;EUR;MWh;NO;NO;159.93;;159.93;159.93;1;UP
2024-10-26T17:45;2024-10-26T18:00;72;EUR;MWh;NO;NO;140;;140;140;1;UP
2024-10-26T18:00;2024-10-26T18:15;73;EUR;MWh;NO;NO;140;;140;140;1;UP
2024-10-26T18:15;2024-10-26T18:30;74;EUR;MWh;NO;NO;144.3;;144.3;144.3;1;UP
2024-10-26T18:30;2024-10-26T18:45;75;EUR;MWh;NO;NO;140;;140;140;1;UP
2024-10-26T18:45;2024-10-26T19:00;76;EUR;MWh;NO;NO;116.98;;116.98;116.98;1;UP
2024-10-26T19:00;2024-10-26T19:15;77;EUR;MWh;NO;NO;95.98;;95.98;95.98;1;UP
2024-10-26T19:15;2024-10-26T19:30;78;EUR;MWh;NO;NO;145.5;90.12;145.5;145.5;1;UP
2024-10-26T19:30;2024-10-26T19:45;79;EUR;MWh;NO;NO;145.5;65.69;65.69;65.69;-1;DOWN
2024-10-26T19:45;2024-10-26T20:00;80;EUR;MWh;NO;NO;;64.1;64.1;64.1;-1;DOWN
2024-10-26T20:00;2024-10-26T20:15;81;EUR;MWh;NO;NO;168.98;77.04;168.98;77.04;2;UP_AND_DOWN
2024-10-26T20:15;2024-10-26T20:30;82;EUR;MWh;NO;NO;102.52;82.52;102.52;80.33;2;UP_AND_DOWN
2024-10-26T20:30;2024-10-26T20:45;83;EUR;MWh;NO;NO;;66.98;66.98;66.98;-1;DOWN
2024-10-26T20:45;2024-10-26T21:00;84;EUR;MWh;NO;NO;;42.52;42.52;42.52;-1;DOWN
2024-10-26T21:00;2024-10-26T21:15;85;EUR;MWh;NO;NO;133.98;72.52;133.98;72.52;2;UP_AND_DOWN
2024-10-26T21:15;2024-10-26T21:30;86;EUR;MWh;NO;NO;133.98;84.98;84.98;84.98;-1;DOWN
2024-10-26T21:30;2024-10-26T21:45;87;EUR;MWh;NO;NO;;71.69;71.69;71.69;-1;DOWN
2024-10-26T21:45;2024-10-26T22:00;88;EUR;MWh;NO;NO;;62.1;62.1;62.1;-1;DOWN
2024-10-26T22:00;2024-10-26T22:15;89;EUR;MWh;NO;NO;185.98;62.2;185.98;62.2;2;UP_AND_DOWN
2024-10-26T22:15;2024-10-26T22:30;90;EUR;MWh;NO;NO;133.98;;133.98;133.98;1;UP
2024-10-26T22:30;2024-10-26T22:45;91;EUR;MWh;NO;NO;144.7;;144.7;144.7;1;UP
2024-10-26T22:45;2024-10-26T23:00;92;EUR;MWh;NO;NO;137.46;;137.46;137.46;1;UP
2024-10-26T23:00;2024-10-26T23:15;93;EUR;MWh;NO;NO;132.6;;132.6;132.6;1;UP
2024-10-26T23:15;2024-10-26T23:30;94;EUR;MWh;NO;NO;102.88;;102.88;102.88;1;UP
2024-10-26T23:30;2024-10-26T23:45;95;EUR;MWh;NO;NO;97.88;;97.88;97.88;1;UP
2024-10-26T23:45;2024-10-27T00:00;96;EUR;MWh;NO;NO;97.88;;97.88;97.88;1;UP
2024-10-27T00:00;2024-10-27T00:15;1;EUR;MWh;NO;NO;104.11;;104.11;104.11;1;UP
2024-10-27T00:15;2024-10-27T00:30;2;EUR;MWh;NO;NO;102.43;;102.43;102.43;1;UP
2024-10-27T00:30;2024-10-27T00:45;3;EUR;MWh;NO;NO;;65;65;65;-1;DOWN
2024-10-27T00:45;2024-10-27T01:00;4;EUR;MWh;NO;NO;;65;65;65;-1;DOWN
2024-10-27T01:00;2024-10-27T01:15;5;EUR;MWh;NO;NO;;-1.81;-1.81;-1.81;-1;DOWN
2024-10-27T01:15;2024-10-27T01:30;6;EUR;MWh;NO;NO;;46.62;46.62;46.62;-1;DOWN
2024-10-27T01:30;2024-10-27T01:45;7;EUR;MWh;NO;NO;;52.19;52.19;52.19;-1;DOWN
2024-10-27T01:45;2024-10-27T02:00;8;EUR;MWh;NO;NO;98.42;52.19;98.42;98.42;1;UP
2024-10-27T02:00;2024-10-27T02:15;9;EUR;MWh;NO;NO;98.22;;98.22;98.22;1;UP
2024-10-27T02:00;2024-10-27T02:15;13;EUR;MWh;NO;NO;98.22;;98.22;98.22;1;UP
2024-10-27T02:15;2024-10-27T02:30;10;EUR;MWh;NO;NO;97.88;71.61;97.88;71.61;2;UP_AND_DOWN
2024-10-27T02:15;2024-10-27T02:30;14;EUR;MWh;NO;NO;97.88;71.61;97.88;97.88;1;UP
2024-10-27T02:30;2024-10-27T02:45;11;EUR;MWh;NO;NO;83.61;72.81;83.61;72.81;2;UP_AND_DOWN
2024-10-27T02:30;2024-10-27T02:45;15;EUR;MWh;NO;NO;83.61;72.81;83.61;83.61;1;UP
2024-10-27T02:45;2024-10-27T03:00;12;EUR;MWh;NO;NO;98.61;;98.61;98.61;1;UP
2024-10-27T02:45;2024-10-27T03:00;16;EUR;MWh;NO;NO;98.61;;98.61;98.61;1;UP
2024-10-27T03:00;2024-10-27T03:15;17;EUR;MWh;NO;NO;;90.5;90.5;90.5;-1;DOWN
2024-10-27T03:15;2024-10-27T03:30;18;EUR;MWh;NO;NO;;72.81;72.81;72.81;-1;DOWN
2024-10-27T03:30;2024-10-27T03:45;19;EUR;MWh;NO;NO;;90.5;90.5;90.5;-1;DOWN
2024-10-27T03:45;2024-10-27T04:00;20;EUR;MWh;NO;NO;;86.8;86.8;86.8;-1;DOWN
2024-10-27T04:00;2024-10-27T04:15;21;EUR;MWh;NO;NO;;88.25;88.25;88.25;-1;DOWN
2024-10-27T04:15;2024-10-27T04:30;22;EUR;MWh;NO;NO;;89.75;89.75;89.75;-1;DOWN
2024-10-27T04:30;2024-10-27T04:45;23;EUR;MWh;NO;NO;;88.25;88.25;88.25;-1;DOWN
2024-10-27T04:45;2024-10-27T05:00;24;EUR;MWh;NO;NO;;89.75;89.75;89.75;-1;DOWN
2024-10-27T05:00;2024-10-27T05:15;25;EUR;MWh;NO;NO;;89.1;89.1;89.1;-1;DOWN
2024-10-27T05:15;2024-10-27T05:30;26;EUR;MWh;NO;NO;;89.1;89.1;89.1;-1;DOWN
2024-10-27T05:30;2024-10-27T05:45;27;EUR;MWh;NO;NO;;65;65;65;-1;DOWN
2024-10-27T05:45;2024-10-27T06:00;28;EUR;MWh;NO;NO;83.61;72.81;83.61;72.81;2;UP_AND_DOWN
2024-10-27T06:00;2024-10-27T06:15;29;EUR;MWh;NO;NO;113.61;90.56;113.61;80.34;2;UP_AND_DOWN
2024-10-27T06:15;2024-10-27T06:30;30;EUR;MWh;NO;NO;140;;140;140;1;UP
2024-10-27T06:30;2024-10-27T06:45;31;EUR;MWh;NO;NO;140;;140;140;1;UP
2024-10-27T06:45;2024-10-27T07:00;32;EUR;MWh;NO;NO;145.45;;145.45;145.45;1;UP
2024-10-27T07:00;2024-10-27T07:15;33;EUR;MWh;NO;NO;140;;140;140;1;UP
2024-10-27T07:15;2024-10-27T07:30;34;EUR;MWh;NO;NO;93.7;;93.7;93.7;1;UP
2024-10-27T07:30;2024-10-27T07:45;35;EUR;MWh;NO;NO;100;;100;100;1;UP
2024-10-27T07:45;2024-10-27T08:00;36;EUR;MWh;NO;NO;104.11;;104.11;104.11;1;UP
2024-10-27T08:00;2024-10-27T08:15;37;EUR;MWh;NO;NO;141.9;;141.9;141.9;1;UP
2024-10-27T08:15;2024-10-27T08:30;38;EUR;MWh;NO;NO;93.7;;93.7;93.7;1;UP
2024-10-27T08:30;2024-10-27T08:45;39;EUR;MWh;NO;NO;83.61;74;83.61;74;2;UP_AND_DOWN
2024-10-27T08:45;2024-10-27T09:00;40;EUR;MWh;NO;NO;;68.32;68.32;68.32;-1;DOWN
2024-10-27T09:00;2024-10-27T09:15;41;EUR;MWh;NO;NO;;65.19;65.19;65.19;-1;DOWN
2024-10-27T09:15;2024-10-27T09:30;42;EUR;MWh;NO;NO;;-10.68;-10.68;-10.68;-1;DOWN
2024-10-27T09:30;2024-10-27T09:45;43;EUR;MWh;NO;NO;;-15.23;-15.23;-15.23;-1;DOWN
2024-10-27T09:45;2024-10-27T10:00;44;EUR;MWh;NO;NO;;-30;-30;-30;-1;DOWN
2024-10-27T10:00;2024-10-27T10:15;45;EUR;MWh;NO;NO;92.8;19.18;92.8;19.18;2;UP_AND_DOWN
2024-10-27T10:15;2024-10-27T10:30;46;EUR;MWh;NO;NO;;-74;-74;-74;-1;DOWN
2024-10-27T10:30;2024-10-27T10:45;47;EUR;MWh;NO;NO;;-60;-60;-60;-1;DOWN
2024-10-27T10:45;2024-10-27T11:00;48;EUR;MWh;NO;NO;;-17.87;-17.87;-17.87;-1;DOWN
2024-10-27T11:00;2024-10-27T11:15;49;EUR;MWh;NO;NO;;86.8;86.8;86.8;-1;DOWN
2024-10-27T11:15;2024-10-27T11:30;50;EUR;MWh;NO;NO;;81.69;81.69;81.69;-1;DOWN
2024-10-27T11:30;2024-10-27T11:45;51;EUR;MWh;NO;NO;;93.69;93.69;93.69;-1;DOWN
2024-10-27T11:45;2024-10-27T12:00;52;EUR;MWh;NO;NO;92.6;93.69;92.6;92.6;1;UP
2024-10-27T12:00;2024-10-27T12:15;53;EUR;MWh;NO;NO;149.7;;149.7;149.7;1;UP
2024-10-27T12:15;2024-10-27T12:30;54;EUR;MWh;NO;NO;152.01;;152.01;152.01;1;UP
2024-10-27T12:30;2024-10-27T12:45;55;EUR;MWh;NO;NO;107.05;;107.05;107.05;1;UP
2024-10-27T12:45;2024-10-27T13:00;56;EUR;MWh;NO;NO;132.93;;132.93;132.93;1;UP
2024-10-27T13:00;2024-10-27T13:15;57;EUR;MWh;NO;NO;100;-126.56;100;-126.56;2;UP_AND_DOWN
2024-10-27T13:15;2024-10-27T13:30;58;EUR;MWh;NO;NO;;81.69;81.69;81.69;-1;DOWN
2024-10-27T13:30;2024-10-27T13:45;59;EUR;MWh;NO;NO;;82.91;82.91;82.91;-1;DOWN
2024-10-27T13:45;2024-10-27T14:00;60;EUR;MWh;NO;NO;95.88;82.91;95.88;95.88;1;UP
2024-10-27T14:00;2024-10-27T14:15;61;EUR;MWh;NO;NO;93.3;;93.3;93.3;1;UP
2024-10-27T14:15;2024-10-27T14:30;62;EUR;MWh;NO;NO;97.66;;97.66;97.66;1;UP
2024-10-27T14:30;2024-10-27T14:45;63;EUR;MWh;NO;NO;100;;100;100;1;UP
2024-10-27T14:45;2024-10-27T15:00;64;EUR;MWh;NO;NO;93.94;;93.94;93.94;1;UP
2024-10-27T15:00;2024-10-27T15:15;65;EUR;MWh;NO;NO;105.14;-9.18;105.14;-9.18;2;UP_AND_DOWN
2024-10-27T15:15;2024-10-27T15:30;66;EUR;MWh;NO;NO;140.69;;140.69;140.69;1;UP
2024-10-27T15:30;2024-10-27T15:45;67;EUR;MWh;NO;NO;200;;200;200;1;UP
2024-10-27T15:45;2024-10-27T16:00;68;EUR;MWh;NO;NO;174.2;;174.2;174.2;1;UP
2024-10-27T16:00;2024-10-27T16:15;69;EUR;MWh;NO;NO;145.3;;145.3;145.3;1;UP
2024-10-27T16:15;2024-10-27T16:30;70;EUR;MWh;NO;NO;205.98;;205.98;205.98;1;UP
2024-10-27T16:30;2024-10-27T16:45;71;EUR;MWh;NO;NO;145.2;;145.2;145.2;1;UP
2024-10-27T16:45;2024-10-27T17:00;72;EUR;MWh;NO;NO;102.37;71.62;102.37;71.62;2;UP_AND_DOWN
2024-10-27T17:00;2024-10-27T17:15;73;EUR;MWh;NO;NO;217.11;71.62;217.11;217.11;1;UP
2024-10-27T17:15;2024-10-27T17:30;74;EUR;MWh;NO;NO;200;;200;200;1;UP
2024-10-27T17:30;2024-10-27T17:45;75;EUR;MWh;NO;NO;200;;200;200;1;UP
2024-10-27T17:45;2024-10-27T18:00;76;EUR;MWh;NO;NO;200;;200;200;1;UP
2024-10-27T18:00;2024-10-27T18:15;77;EUR;MWh;NO;NO;200;;200;200;1;UP
2024-10-27T18:15;2024-10-27T18:30;78;EUR;MWh;NO;NO;163.31;;163.31;163.31;1;UP
2024-10-27T18:30;2024-10-27T18:45;79;EUR;MWh;NO;NO;145.4;;145.4;145.4;1;UP
2024-10-27T18:45;2024-10-27T19:00;80;EUR;MWh;NO;NO;100;95.69;100;82.15;2;UP_AND_DOWN
2024-10-27T19:00;2024-10-27T19:15;81;EUR;MWh;NO;NO;92.2;95.69;92.2;82.15;2;UP_AND_DOWN
2024-10-27T19:15;2024-10-27T19:30;82;EUR;MWh;NO;NO;92.2;83.35;83.35;83.35;-1;DOWN
2024-10-27T19:30;2024-10-27T19:45;83;EUR;MWh;NO;NO;100;93.69;100;82.15;2;UP_AND_DOWN
2024-10-27T19:45;2024-10-27T20:00;84;EUR;MWh;NO;NO;155.67;;155.67;155.67;1;UP
2024-10-27T20:00;2024-10-27T20:15;85;EUR;MWh;NO;NO;171.4;;171.4;171.4;1;UP
2024-10-27T20:15;2024-10-27T20:30;86;EUR;MWh;NO;NO;144.4;86.72;144.4;144.4;1;UP
2024-10-27T20:30;2024-10-27T20:45;87;EUR;MWh;NO;NO;93.7;72.39;93.7;72.39;2;UP_AND_DOWN
2024-10-27T20:45;2024-10-27T21:00;88;EUR;MWh;NO;NO;93.7;20.03;20.03;20.03;-1;DOWN
2024-10-27T21:00;2024-10-27T21:15;89;EUR;MWh;NO;NO;142.6;15.96;142.6;15.96;2;UP_AND_DOWN
2024-10-27T21:15;2024-10-27T21:30;90;EUR;MWh;NO;NO;92.3;29.03;29.03;29.03;-1;DOWN
2024-10-27T21:30;2024-10-27T21:45;91;EUR;MWh;NO;NO;106.07;-10;106.07;-10;2;UP_AND_DOWN
2024-10-27T21:45;2024-10-27T22:00;92;EUR;MWh;NO;NO;92.2;9.69;9.69;9.69;-1;DOWN
2024-10-27T22:00;2024-10-27T22:15;93;EUR;MWh;NO;NO;;15.96;15.96;15.96;-1;DOWN
2024-10-27T22:15;2024-10-27T22:30;94;EUR;MWh;NO;NO;;-9.18;-9.18;-9.18;-1;DOWN
2024-10-27T22:30;2024-10-27T22:45;95;EUR;MWh;NO;NO;;-30;-30;-30;-1;DOWN
2024-10-27T22:45;2024-10-27T23:00;96;EUR;MWh;NO;NO;;-10;-10;-10;-1;DOWN
2024-10-27T23:00;2024-10-27T23:15;97;EUR;MWh;NO;NO;;-56.2;-56.2;-56.2;-1;DOWN
2024-10-27T23:15;2024-10-27T23:30;98;EUR;MWh;NO;NO;105.34;42.03;105.34;42.03;2;UP_AND_DOWN
2024-10-27T23:30;2024-10-27T23:45;99;EUR;MWh;NO;NO;92.5;83.06;92.5;82.15;2;UP_AND_DOWN
2024-10-27T23:45;2024-10-28T00:00;100;EUR;MWh;NO;NO;92.5;35.03;35.03;35.03;-1;DOWN
2024-10-28T00:00;2024-10-28T00:15;1;EUR;MWh;NO;NO;;69.73;69.73;69.73;-1;DOWN
2024-10-28T00:15;2024-10-28T00:30;2;EUR;MWh;NO;NO;;-1.81;-1.81;-1.81;-1;DOWN
2024-10-28T00:30;2024-10-28T00:45;3;EUR;MWh;NO;NO;;-10;-10;-10;-1;DOWN
2024-10-28T00:45;2024-10-28T01:00;4;EUR;MWh;NO;NO;;-10;-10;-10;-1;DOWN
2024-10-28T01:00;2024-10-28T01:15;5;EUR;MWh;NO;NO;100;19.18;100;19.18;2;UP_AND_DOWN
2024-10-28T01:15;2024-10-28T01:30;6;EUR;MWh;NO;NO;;-9.34;-9.34;-9.34;-1;DOWN
2024-10-28T01:30;2024-10-28T01:45;7;EUR;MWh;NO;NO;;-30;-30;-30;-1;DOWN
2024-10-28T01:45;2024-10-28T02:00;8;EUR;MWh;NO;NO;;-30;-30;-30;-1;DOWN
2024-10-28T02:00;2024-10-28T02:15;9;EUR;MWh;NO;NO;;-9.44;-9.44;-9.44;-1;DOWN
2024-10-28T02:15;2024-10-28T02:30;10;EUR;MWh;NO;NO;;-50;-50;-50;-1;DOWN
2024-10-28T02:30;2024-10-28T02:45;11;EUR;MWh;NO;NO;;-30;-30;-30;-1;DOWN
2024-10-28T02:45;2024-10-28T03:00;12;EUR;MWh;NO;NO;;-24.69;-24.69;-24.69;-1;DOWN
2024-10-28T03:00;2024-10-28T03:15;13;EUR;MWh;NO;NO;;-29.7;-29.7;-29.7;-1;DOWN
2024-10-28T03:15;2024-10-28T03:30;14;EUR;MWh;NO;NO;;-20.35;-20.35;-20.35;-1;DOWN
2024-10-28T03:30;2024-10-28T03:45;15;EUR;MWh;NO;NO;;-24.29;-24.29;-24.29;-1;DOWN
2024-10-28T03:45;2024-10-28T04:00;16;EUR;MWh;NO;NO;;-18.29;-18.29;-18.29;-1;DOWN
2024-10-28T04:00;2024-10-28T04:15;17;EUR;MWh;NO;NO;;-1.81;-1.81;-1.81;-1;DOWN
2024-10-28T04:15;2024-10-28T04:30;18;EUR;MWh;NO;NO;;20;20;20;-1;DOWN
2024-10-28T04:30;2024-10-28T04:45;19;EUR;MWh;NO;NO;;-28.14;-28.14;-28.14;-1;DOWN
2024-10-28T04:45;2024-10-28T05:00;20;EUR;MWh;NO;NO;;-28.14;-28.14;-28.14;-1;DOWN
2024-10-28T05:00;2024-10-28T05:15;21;EUR;MWh;NO;NO;;-46.83;-46.83;-46.83;-1;DOWN
2024-10-28T05:15;2024-10-28T05:30;22;EUR;MWh;NO;NO;;-47.98;-47.98;-47.98;-1;DOWN
2024-10-28T05:30;2024-10-28T05:45;23;EUR;MWh;NO;NO;;-30;-30;-30;-1;DOWN
2024-10-28T05:45;2024-10-28T06:00;24;EUR;MWh;NO;NO;;-21.48;-21.48;-21.48;-1;DOWN
2024-10-28T06:00;2024-10-28T06:15;25;EUR;MWh;NO;NO;;-1.81;-1.81;-1.81;-1;DOWN
2024-10-28T06:15;2024-10-28T06:30;26;EUR;MWh;NO;NO;;-5.7;-5.7;-5.7;-1;DOWN
2024-10-28T06:30;2024-10-28T06:45;27;EUR;MWh;NO;NO;;69.92;69.92;69.92;-1;DOWN
2024-10-28T06:45;2024-10-28T07:00;28;EUR;MWh;NO;NO;;49.18;49.18;49.18;-1;DOWN
2024-10-28T07:00;2024-10-28T07:15;29;EUR;MWh;NO;NO;;-19.84;-19.84;-19.84;-1;DOWN
2024-10-28T07:15;2024-10-28T07:30;30;EUR;MWh;NO;NO;;73.62;73.62;73.62;-1;DOWN
2024-10-28T07:30;2024-10-28T07:45;31;EUR;MWh;NO;NO;;72.99;72.99;72.99;-1;DOWN
2024-10-28T07:45;2024-10-28T08:00;32;EUR;MWh;NO;NO;;71.07;71.07;71.07;-1;DOWN
2024-10-28T08:00;2024-10-28T08:15;33;EUR;MWh;NO;NO;97.47;88.8;97.47;88.53;2;UP_AND_DOWN
2024-10-28T08:15;2024-10-28T08:30;34;EUR;MWh;NO;NO;103.93;49.18;103.93;49.18;2;UP_AND_DOWN
2024-10-28T08:30;2024-10-28T08:45;35;EUR;MWh;NO;NO;;-13.84;-13.84;-13.84;-1;DOWN
2024-10-28T08:45;2024-10-28T09:00;36;EUR;MWh;NO;NO;;-19.94;-19.94;-19.94;-1;DOWN
2024-10-28T09:00;2024-10-28T09:15;37;EUR;MWh;NO;NO;;-30;-30;-30;-1;DOWN
2024-10-28T09:15;2024-10-28T09:30;38;EUR;MWh;NO;NO;82.01;-35;87.29;-35;2;UP_AND_DOWN
2024-10-28T09:30;2024-10-28T09:45;39;EUR;MWh;NO;NO;;-8.3;-8.3;-8.3;-1;DOWN
2024-10-28T09:45;2024-10-28T10:00;40;EUR;MWh;NO;NO;;-13.36;-13.36;-13.36;-1;DOWN
2024-10-28T10:00;2024-10-28T10:15;41;EUR;MWh;NO;NO;;18.51;18.51;18.51;-1;DOWN
2024-10-28T10:15;2024-10-28T10:30;42;EUR;MWh;NO;NO;85;34.18;88.25;34.18;2;UP_AND_DOWN
2024-10-28T10:30;2024-10-28T10:45;43;EUR;MWh;NO;NO;;72.99;72.99;72.99;-1;DOWN
2024-10-28T10:45;2024-10-28T11:00;44;EUR;MWh;NO;NO;;72.99;72.99;72.99;-1;DOWN
2024-10-28T11:00;2024-10-28T11:15;45;EUR;MWh;NO;NO;102.4;;102.4;102.4;1;UP
2024-10-28T11:15;2024-10-28T11:30;46;EUR;MWh;NO;NO;101.3;70.9;101.3;70.9;2;UP_AND_DOWN
2024-10-28T11:30;2024-10-28T11:45;47;EUR;MWh;NO;NO;118.05;90.09;118.05;88.55;2;UP_AND_DOWN
2024-10-28T11:45;2024-10-28T12:00;48;EUR;MWh;NO;NO;110;;110;110;1;UP
2024-10-28T12:00;2024-10-28T12:15;49;EUR;MWh;NO;NO;110;66.95;66.95;66.95;-1;DOWN
2024-10-28T12:15;2024-10-28T12:30;50;EUR;MWh;NO;NO;;55.82;55.82;55.82;-1;DOWN
2024-10-28T12:30;2024-10-28T12:45;51;EUR;MWh;NO;NO;;49.18;49.18;49.18;-1;DOWN
2024-10-28T12:45;2024-10-28T13:00;52;EUR;MWh;NO;NO;;-30;-30;-30;-1;DOWN
2024-10-28T13:00;2024-10-28T13:15;53;EUR;MWh;NO;NO;;64.18;64.18;64.18;-1;DOWN
2024-10-28T13:15;2024-10-28T13:30;54;EUR;MWh;NO;NO;;90.44;90.44;90.44;-1;DOWN
2024-10-28T13:30;2024-10-28T13:45;55;EUR;MWh;NO;NO;;89.03;89.03;89.03;-1;DOWN
2024-10-28T13:45;2024-10-28T14:00;56;EUR;MWh;NO;NO;;90.44;90.44;90.44;-1;DOWN
2024-10-28T14:00;2024-10-28T14:15;57;EUR;MWh;NO;NO;;;88.55;88.55;0;STABLE
2024-10-28T14:15;2024-10-28T14:30;58;EUR;MWh;NO;NO;;70.22;70.22;70.22;-1;DOWN
2024-10-28T14:30;2024-10-28T14:45;59;EUR;MWh;NO;NO;;92.04;92.04;92.04;-1;DOWN
2024-10-28T14:45;2024-10-28T15:00;60;EUR;MWh;NO;NO;;92;92;92;-1;DOWN
2024-10-28T15:00;2024-10-28T15:15;61;EUR;MWh;NO;NO;;83.6;83.6;83.6;-1;DOWN
2024-10-28T15:15;2024-10-28T15:30;62;EUR;MWh;NO;NO;;34.18;34.18;34.18;-1;DOWN
2024-10-28T15:30;2024-10-28T15:45;63;EUR;MWh;NO;NO;;55.82;55.82;55.82;-1;DOWN
2024-10-28T15:45;2024-10-28T16:00;64;EUR;MWh;NO;NO;;21.03;21.03;21.03;-1;DOWN
2024-10-28T16:00;2024-10-28T16:15;65;EUR;MWh;NO;NO;;49.18;49.18;49.18;-1;DOWN
2024-10-28T16:15;2024-10-28T16:30;66;EUR;MWh;NO;NO;;68.5;68.5;68.5;-1;DOWN
2024-10-28T16:30;2024-10-28T16:45;67;EUR;MWh;NO;NO;;72.45;72.45;72.45;-1;DOWN
2024-10-28T16:45;2024-10-28T17:00;68;EUR;MWh;NO;NO;;71.03;71.03;71.03;-1;DOWN
2024-10-28T17:00;2024-10-28T17:15;69;EUR;MWh;NO;NO;218.41;-45;218.41;-45;2;UP_AND_DOWN
2024-10-28T17:15;2024-10-28T17:30;70;EUR;MWh;NO;NO;241.07;100.2;241.07;92.6;2;UP_AND_DOWN
2024-10-28T17:30;2024-10-28T17:45;71;EUR;MWh;NO;NO;130.71;;130.71;130.71;1;UP
2024-10-28T17:45;2024-10-28T18:00;72;EUR;MWh;NO;NO;148.34;;148.34;148.34;1;UP
2024-10-28T18:00;2024-10-28T18:15;73;EUR;MWh;NO;NO;110;88.99;110;88.99;2;UP_AND_DOWN
2024-10-28T18:15;2024-10-28T18:30;74;EUR;MWh;NO;NO;;90.56;90.56;90.56;-1;DOWN
2024-10-28T18:30;2024-10-28T18:45;75;EUR;MWh;NO;NO;;79.18;79.18;79.18;-1;DOWN
2024-10-28T18:45;2024-10-28T19:00;76;EUR;MWh;NO;NO;;79.18;79.18;79.18;-1;DOWN
2024-10-28T19:00;2024-10-28T19:15;77;EUR;MWh;NO;NO;110;83.7;110;83.7;2;UP_AND_DOWN
2024-10-28T19:15;2024-10-28T19:30;78;EUR;MWh;NO;NO;;83.06;83.06;83.06;-1;DOWN
2024-10-28T19:30;2024-10-28T19:45;79;EUR;MWh;NO;NO;;77.06;77.06;77.06;-1;DOWN
2024-10-28T19:45;2024-10-28T20:00;80;EUR;MWh;NO;NO;;64.18;64.18;64.18;-1;DOWN
2024-10-28T20:00;2024-10-28T20:15;81;EUR;MWh;NO;NO;123.69;87.56;123.69;87.56;2;UP_AND_DOWN
2024-10-28T20:15;2024-10-28T20:30;82;EUR;MWh;NO;NO;110;83.06;110;83.06;2;UP_AND_DOWN
2024-10-28T20:30;2024-10-28T20:45;83;EUR;MWh;NO;NO;;72.99;72.99;72.99;-1;DOWN
2024-10-28T20:45;2024-10-28T21:00;84;EUR;MWh;NO;NO;;84.27;84.27;84.27;-1;DOWN
2024-10-28T21:00;2024-10-28T21:15;85;EUR;MWh;NO;NO;;70.73;70.73;70.73;-1;DOWN
2024-10-28T21:15;2024-10-28T21:30;86;EUR;MWh;NO;NO;;64.18;64.18;64.18;-1;DOWN
2024-10-28T21:30;2024-10-28T21:45;87;EUR;MWh;NO;NO;;60;60;60;-1;DOWN
2024-10-28T21:45;2024-10-28T22:00;88;EUR;MWh;NO;NO;103.62;85.4;103.62;85.4;2;UP_AND_DOWN
2024-10-28T22:00;2024-10-28T22:15;89;EUR;MWh;NO;NO;110;82.52;110;82.52;2;UP_AND_DOWN
2024-10-28T22:15;2024-10-28T22:30;90;EUR;MWh;NO;NO;;84.28;84.28;84.28;-1;DOWN
2024-10-28T22:30;2024-10-28T22:45;91;EUR;MWh;NO;NO;;85.6;85.6;85.6;-1;DOWN
2024-10-28T22:45;2024-10-28T23:00;92;EUR;MWh;NO;NO;93.21;85.7;93.21;85.7;2;UP_AND_DOWN
2024-10-28T23:00;2024-10-28T23:15;93;EUR;MWh;NO;NO;141.4;74.75;141.4;74.75;2;UP_AND_DOWN
2024-10-28T23:15;2024-10-28T23:30;94;EUR;MWh;NO;NO;107.9;;107.9;107.9;1;UP
2024-10-28T23:30;2024-10-28T23:45;95;EUR;MWh;NO;NO;92.55;;92.55;92.55;1;UP
2024-10-28T23:45;2024-10-29T00:00;96;EUR;MWh;NO;NO;92.55;79.18;79.18;79.18;-1;DOWN
2024-10-29T00:00;2024-10-29T00:15;1;EUR;MWh;NO;NO;;64.45;64.45;64.45;-1;DOWN
2024-10-29T00:15;2024-10-29T00:30;2;EUR;MWh;NO;NO;;71.62;71.62;71.62;-1;DOWN
2024-10-29T00:30;2024-10-29T00:45;3;EUR;MWh;NO;NO;;71.61;71.61;71.61;-1;DOWN
2024-10-29T00:45;2024-10-29T01:00;4;EUR;MWh;NO;NO;128.68;84.34;128.68;84.34;2;UP_AND_DOWN
2024-10-29T01:00;2024-10-29T01:15;5;EUR;MWh;NO;NO;248;;248;248;1;UP
2024-10-29T01:15;2024-10-29T01:30;6;EUR;MWh;NO;NO;162.6;;162.6;162.6;1;UP
2024-10-29T01:30;2024-10-29T01:45;7;EUR;MWh;NO;NO;162.6;;162.6;162.6;1;UP
2024-10-29T01:45;2024-10-29T02:00;8;EUR;MWh;NO;NO;150;;150;150;1;UP
2024-10-29T02:00;2024-10-29T02:15;9;EUR;MWh;NO;NO;148.13;;148.13;148.13;1;UP
2024-10-29T02:15;2024-10-29T02:30;10;EUR;MWh;NO;NO;114.3;99.18;114.3;92.09;2;UP_AND_DOWN
2024-10-29T02:30;2024-10-29T02:45;11;EUR;MWh;NO;NO;162.6;;162.6;162.6;1;UP
2024-10-29T02:45;2024-10-29T03:00;12;EUR;MWh;NO;NO;123.59;;123.59;123.59;1;UP
2024-10-29T03:00;2024-10-29T03:15;13;EUR;MWh;NO;NO;126.69;;126.69;126.69;1;UP
2024-10-29T03:15;2024-10-29T03:30;14;EUR;MWh;NO;NO;148;;148;148;1;UP
2024-10-29T03:30;2024-10-29T03:45;15;EUR;MWh;NO;NO;115.99;;115.99;115.99;1;UP
2024-10-29T03:45;2024-10-29T04:00;16;EUR;MWh;NO;NO;119.5;72.22;119.5;72.22;2;UP_AND_DOWN
2024-10-29T04:00;2024-10-29T04:15;17;EUR;MWh;NO;NO;;24.54;24.54;24.54;-1;DOWN
2024-10-29T04:15;2024-10-29T04:30;18;EUR;MWh;NO;NO;;77.58;77.58;77.58;-1;DOWN
2024-10-29T04:30;2024-10-29T04:45;19;EUR;MWh;NO;NO;;74.69;74.69;74.69;-1;DOWN
2024-10-29T04:45;2024-10-29T05:00;20;EUR;MWh;NO;NO;;73.69;73.69;73.69;-1;DOWN
2024-10-29T05:00;2024-10-29T05:15;21;EUR;MWh;NO;NO;;76.33;76.33;76.33;-1;DOWN
2024-10-29T05:15;2024-10-29T05:30;22;EUR;MWh;NO;NO;150;99.18;150;92.09;2;UP_AND_DOWN
2024-10-29T05:30;2024-10-29T05:45;23;EUR;MWh;NO;NO;150;;150;150;1;UP
2024-10-29T05:45;2024-10-29T06:00;24;EUR;MWh;NO;NO;;72.15;72.15;72.15;-1;DOWN
2024-10-29T06:00;2024-10-29T06:15;25;EUR;MWh;NO;NO;150;49.18;150;49.18;2;UP_AND_DOWN
2024-10-29T06:15;2024-10-29T06:30;26;EUR;MWh;NO;NO;123.85;69.8;123.85;69.8;2;UP_AND_DOWN
2024-10-29T06:30;2024-10-29T06:45;27;EUR;MWh;NO;NO;125.5;87.09;125.5;87.09;2;UP_AND_DOWN
2024-10-29T06:45;2024-10-29T07:00;28;EUR;MWh;NO;NO;150;;150;150;1;UP
2024-10-29T07:00;2024-10-29T07:15;29;EUR;MWh;NO;NO;123.6;65;123.6;65;2;UP_AND_DOWN
2024-10-29T07:15;2024-10-29T07:30;30;EUR;MWh;NO;NO;114.2;89.05;114.2;89.05;2;UP_AND_DOWN
2024-10-29T07:30;2024-10-29T07:45;31;EUR;MWh;NO;NO;;85.69;85.69;85.69;-1;DOWN
2024-10-29T07:45;2024-10-29T08:00;32;EUR;MWh;NO;NO;;85.3;85.3;85.3;-1;DOWN
2024-10-29T08:00;2024-10-29T08:15;33;EUR;MWh;NO;NO;100.88;88.72;100.88;88.72;2;UP_AND_DOWN
2024-10-29T08:15;2024-10-29T08:30;34;EUR;MWh;NO;NO;100.88;;100.88;100.88;1;UP
2024-10-29T08:30;2024-10-29T08:45;35;EUR;MWh;NO;NO;123.7;;123.7;123.7;1;UP
2024-10-29T08:45;2024-10-29T09:00;36;EUR;MWh;NO;NO;106.35;90.61;106.35;90.61;2;UP_AND_DOWN
2024-10-29T09:00;2024-10-29T09:15;37;EUR;MWh;NO;NO;160;;160;160;1;UP
2024-10-29T09:15;2024-10-29T09:30;38;EUR;MWh;NO;NO;158;;158;158;1;UP
2024-10-29T09:30;2024-10-29T09:45;39;EUR;MWh;NO;NO;105.88;92.89;105.88;92.09;2;UP_AND_DOWN
2024-10-29T09:45;2024-10-29T10:00;40;EUR;MWh;NO;NO;105.88;75.61;75.61;75.61;-1;DOWN
2024-10-29T10:00;2024-10-29T10:15;41;EUR;MWh;NO;NO;85;72.42;92.09;72.42;2;UP_AND_DOWN
2024-10-29T10:15;2024-10-29T10:30;42;EUR;MWh;NO;NO;;79.18;79.18;79.18;-1;DOWN
2024-10-29T10:30;2024-10-29T10:45;43;EUR;MWh;NO;NO;;70.61;70.61;70.61;-1;DOWN
2024-10-29T10:45;2024-10-29T11:00;44;EUR;MWh;NO;NO;;64.18;64.18;64.18;-1;DOWN
2024-10-29T11:00;2024-10-29T11:15;45;EUR;MWh;NO;NO;111.2;64.18;111.2;64.18;2;UP_AND_DOWN
2024-10-29T11:15;2024-10-29T11:30;46;EUR;MWh;NO;NO;85;89.83;92.09;89.83;2;UP_AND_DOWN
2024-10-29T11:30;2024-10-29T11:45;47;EUR;MWh;NO;NO;;86;86;86;-1;DOWN
2024-10-29T11:45;2024-10-29T12:00;48;EUR;MWh;NO;NO;113;86;113;86;2;UP_AND_DOWN
2024-10-29T12:00;2024-10-29T12:15;49;EUR;MWh;NO;NO;;85.69;85.69;85.69;-1;DOWN
2024-10-29T12:15;2024-10-29T12:30;50;EUR;MWh;NO;NO;;79.18;79.18;79.18;-1;DOWN
2024-10-29T12:30;2024-10-29T12:45;51;EUR;MWh;NO;NO;;79.18;79.18;79.18;-1;DOWN
2024-10-29T12:45;2024-10-29T13:00;52;EUR;MWh;NO;NO;;86;86;86;-1;DOWN
2024-10-29T13:00;2024-10-29T13:15;53;EUR;MWh;NO;NO;;86;86;86;-1;DOWN
2024-10-29T13:15;2024-10-29T13:30;54;EUR;MWh;NO;NO;;90.33;90.33;90.33;-1;DOWN
2024-10-29T13:30;2024-10-29T13:45;55;EUR;MWh;NO;NO;;90.33;90.33;90.33;-1;DOWN
2024-10-29T13:45;2024-10-29T14:00;56;EUR;MWh;NO;NO;113.5;99.18;113.5;113.5;1;UP
2024-10-29T14:00;2024-10-29T14:15;57;EUR;MWh;NO;NO;113;87.83;113;87.83;2;UP_AND_DOWN
2024-10-29T14:15;2024-10-29T14:30;58;EUR;MWh;NO;NO;159.8;;159.8;159.8;1;UP
2024-10-29T14:30;2024-10-29T14:45;59;EUR;MWh;NO;NO;161.7;;161.7;161.7;1;UP
2024-10-29T14:45;2024-10-29T15:00;60;EUR;MWh;NO;NO;157.8;;157.8;157.8;1;UP
2024-10-29T15:00;2024-10-29T15:15;61;EUR;MWh;NO;NO;113;81.22;113;81.22;2;UP_AND_DOWN
2024-10-29T15:15;2024-10-29T15:30;62;EUR;MWh;NO;NO;;78.5;78.5;78.5;-1;DOWN
2024-10-29T15:30;2024-10-29T15:45;63;EUR;MWh;NO;NO;99.46;88.81;99.46;88.81;2;UP_AND_DOWN
2024-10-29T15:45;2024-10-29T16:00;64;EUR;MWh;NO;NO;113;;113;113;1;UP
2024-10-29T16:00;2024-10-29T16:15;65;EUR;MWh;NO;NO;106.1;99.18;106.1;92.76;2;UP_AND_DOWN
2024-10-29T16:15;2024-10-29T16:30;66;EUR;MWh;NO;NO;131.28;;131.28;131.28;1;UP
2024-10-29T16:30;2024-10-29T16:45;67;EUR;MWh;NO;NO;155;;155;155;1;UP
2024-10-29T16:45;2024-10-29T17:00;68;EUR;MWh;NO;NO;298.45;;298.45;298.45;1;UP
2024-10-29T17:00;2024-10-29T17:15;69;EUR;MWh;NO;NO;161.8;66.81;161.8;66.81;2;UP_AND_DOWN
2024-10-29T17:15;2024-10-29T17:30;70;EUR;MWh;NO;NO;662.03;66.81;662.03;662.03;1;UP
2024-10-29T17:30;2024-10-29T17:45;71;EUR;MWh;NO;NO;1853.61;;1853.61;1853.61;1;UP
2024-10-29T17:45;2024-10-29T18:00;72;EUR;MWh;NO;NO;1853.61;;1853.61;1853.61;1;UP
2024-10-29T18:00;2024-10-29T18:15;73;EUR;MWh;NO;NO;281.43;;281.43;281.43;1;UP
2024-10-29T18:15;2024-10-29T18:30;74;EUR;MWh;NO;NO;113;;113;113;1;UP
2024-10-29T18:30;2024-10-29T18:45;75;EUR;MWh;NO;NO;;;92.76;92.76;0;STABLE
2024-10-29T18:45;2024-10-29T19:00;76;EUR;MWh;NO;NO;;99.18;99.18;99.18;-1;DOWN
2024-10-29T19:00;2024-10-29T19:15;77;EUR;MWh;NO;NO;101.93;99.18;101.93;101.93;1;UP
2024-10-29T19:15;2024-10-29T19:30;78;EUR;MWh;NO;NO;105.7;92.98;105.7;92.98;2;UP_AND_DOWN
2024-10-29T19:30;2024-10-29T19:45;79;EUR;MWh;NO;NO;;88.98;88.98;88.98;-1;DOWN
2024-10-29T19:45;2024-10-29T20:00;80;EUR;MWh;NO;NO;;90.88;90.88;90.88;-1;DOWN
2024-10-29T20:00;2024-10-29T20:15;81;EUR;MWh;NO;NO;160.4;88.83;160.4;88.83;2;UP_AND_DOWN
2024-10-29T20:15;2024-10-29T20:30;82;EUR;MWh;NO;NO;160.4;88.92;88.92;88.92;-1;DOWN
2024-10-29T20:30;2024-10-29T20:45;83;EUR;MWh;NO;NO;;81.98;81.98;81.98;-1;DOWN
2024-10-29T20:45;2024-10-29T21:00;84;EUR;MWh;NO;NO;107.88;87.98;107.88;87.98;2;UP_AND_DOWN
2024-10-29T21:00;2024-10-29T21:15;85;EUR;MWh;NO;NO;125.9;;125.9;125.9;1;UP
2024-10-29T21:15;2024-10-29T21:30;86;EUR;MWh;NO;NO;168.67;;168.67;168.67;1;UP
2024-10-29T21:30;2024-10-29T21:45;87;EUR;MWh;NO;NO;126;86;126;86;2;UP_AND_DOWN
2024-10-29T21:45;2024-10-29T22:00;88;EUR;MWh;NO;NO;;78.08;78.08;78.08;-1;DOWN
2024-10-29T22:00;2024-10-29T22:15;89;EUR;MWh;NO;NO;;79.18;79.18;79.18;-1;DOWN
2024-10-29T22:15;2024-10-29T22:30;90;EUR;MWh;NO;NO;113;;113;113;1;UP
2024-10-29T22:30;2024-10-29T22:45;91;EUR;MWh;NO;NO;105.88;81.27;105.88;81.27;2;UP_AND_DOWN
2024-10-29T22:45;2024-10-29T23:00;92;EUR;MWh;NO;NO;139.82;83.95;139.82;83.95;2;UP_AND_DOWN
2024-10-29T23:00;2024-10-29T23:15;93;EUR;MWh;NO;NO;108.6;77.65;108.6;77.65;2;UP_AND_DOWN
2024-10-29T23:15;2024-10-29T23:30;94;EUR;MWh;NO;NO;92.37;;92.37;92.37;1;UP
2024-10-29T23:30;2024-10-29T23:45;95;EUR;MWh;NO;NO;113.88;;113.88;113.88;1;UP
2024-10-29T23:45;2024-10-30T00:00;96;EUR;MWh;NO;NO;92.37;99.18;95.78;95.78;2;UP_AND_DOWN
2024-10-30T00:00;2024-10-30T00:15;1;EUR;MWh;NO;NO;1853.61;99.18;1853.61;90.05;2;UP_AND_DOWN
2024-10-30T00:15;2024-10-30T00:30;2;EUR;MWh;NO;NO;118.49;;118.49;118.49;1;UP
2024-10-30T00:30;2024-10-30T00:45;3;EUR;MWh;NO;NO;105.32;;105.32;105.32;1;UP
2024-10-30T00:45;2024-10-30T01:00;4;EUR;MWh;NO;NO;80.92;85;90.05;85;2;UP_AND_DOWN
2024-10-30T01:00;2024-10-30T01:15;5;EUR;MWh;NO;NO;100.96;81;100.96;81;2;UP_AND_DOWN
2024-10-30T01:15;2024-10-30T01:30;6;EUR;MWh;NO;NO;;75.96;75.96;75.96;-1;DOWN
2024-10-30T01:30;2024-10-30T01:45;7;EUR;MWh;NO;NO;80.92;79.54;79.54;79.54;-1;DOWN
2024-10-30T01:45;2024-10-30T02:00;8;EUR;MWh;NO;NO;;79.51;79.51;79.51;-1;DOWN
2024-10-30T02:00;2024-10-30T02:15;9;EUR;MWh;NO;NO;112.9;;112.9;112.9;1;UP
2024-10-30T02:15;2024-10-30T02:30;10;EUR;MWh;NO;NO;100.27;;100.27;100.27;1;UP
2024-10-30T02:30;2024-10-30T02:45;11;EUR;MWh;NO;NO;;;90.05;90.05;0;STABLE
2024-10-30T02:45;2024-10-30T03:00;12;EUR;MWh;NO;NO;;90.9;90.9;90.9;-1;DOWN
2024-10-30T03:00;2024-10-30T03:15;13;EUR;MWh;NO;NO;117;93.9;117;90.05;2;UP_AND_DOWN
2024-10-30T03:15;2024-10-30T03:30;14;EUR;MWh;NO;NO;100.9;;100.9;100.9;1;UP
2024-10-30T03:30;2024-10-30T03:45;15;EUR;MWh;NO;NO;100.9;;100.9;100.9;1;UP
2024-10-30T03:45;2024-10-30T04:00;16;EUR;MWh;NO;NO;80.92;88;90.05;88;2;UP_AND_DOWN
2024-10-30T04:00;2024-10-30T04:15;17;EUR;MWh;NO;NO;;81;81;81;-1;DOWN
2024-10-30T04:15;2024-10-30T04:30;18;EUR;MWh;NO;NO;;84.8;84.8;84.8;-1;DOWN
2024-10-30T04:30;2024-10-30T04:45;19;EUR;MWh;NO;NO;;88.69;88.69;88.69;-1;DOWN
2024-10-30T04:45;2024-10-30T05:00;20;EUR;MWh;NO;NO;;99.18;99.18;99.18;-1;DOWN
2024-10-30T05:00;2024-10-30T05:15;21;EUR;MWh;NO;NO;80.92;92.64;92.64;92.64;-1;DOWN
2024-10-30T05:15;2024-10-30T05:30;22;EUR;MWh;NO;NO;134;;134;134;1;UP
2024-10-30T05:30;2024-10-30T05:45;23;EUR;MWh;NO;NO;135.72;84;135.72;84;2;UP_AND_DOWN
2024-10-30T05:45;2024-10-30T06:00;24;EUR;MWh;NO;NO;114.35;84.33;114.35;84.33;2;UP_AND_DOWN
2024-10-30T06:00;2024-10-30T06:15;25;EUR;MWh;NO;NO;162.85;83.5;162.85;83.5;2;UP_AND_DOWN
2024-10-30T06:15;2024-10-30T06:30;26;EUR;MWh;NO;NO;115.72;90.72;115.72;90.05;2;UP_AND_DOWN
2024-10-30T06:30;2024-10-30T06:45;27;EUR;MWh;NO;NO;147.74;93.72;147.74;90.05;2;UP_AND_DOWN
2024-10-30T06:45;2024-10-30T07:00;28;EUR;MWh;NO;NO;165.72;;165.72;165.72;1;UP
2024-10-30T07:00;2024-10-30T07:15;29;EUR;MWh;NO;NO;115.64;;115.64;115.64;1;UP
2024-10-30T07:15;2024-10-30T07:30;30;EUR;MWh;NO;NO;142.11;;142.11;142.11;1;UP
2024-10-30T07:30;2024-10-30T07:45;31;EUR;MWh;NO;NO;105.64;;105.64;105.64;1;UP
2024-10-30T07:45;2024-10-30T08:00;32;EUR;MWh;NO;NO;99.07;87.33;87.33;87.33;-1;DOWN
2024-10-30T08:00;2024-10-30T08:15;33;EUR;MWh;NO;NO;;87.69;87.69;87.69;-1;DOWN
2024-10-30T08:15;2024-10-30T08:30;34;EUR;MWh;NO;NO;112.1;96.33;112.1;90.05;2;UP_AND_DOWN
2024-10-30T08:30;2024-10-30T08:45;35;EUR;MWh;NO;NO;112.9;96.35;112.9;90.05;2;UP_AND_DOWN
2024-10-30T08:45;2024-10-30T09:00;36;EUR;MWh;NO;NO;;93.69;93.69;93.69;-1;DOWN
2024-10-30T09:00;2024-10-30T09:15;37;EUR;MWh;NO;NO;141.6;96.27;141.6;90.05;2;UP_AND_DOWN
2024-10-30T09:15;2024-10-30T09:30;38;EUR;MWh;NO;NO;122.9;;122.9;122.9;1;UP
2024-10-30T09:30;2024-10-30T09:45;39;EUR;MWh;NO;NO;122.9;88.69;88.69;88.69;-1;DOWN
2024-10-30T09:45;2024-10-30T10:00;40;EUR;MWh;NO;NO;;87.69;87.69;87.69;-1;DOWN
2024-10-30T10:00;2024-10-30T10:15;41;EUR;MWh;NO;NO;662.03;80.29;662.03;80.29;2;UP_AND_DOWN
2024-10-30T10:15;2024-10-30T10:30;42;EUR;MWh;NO;NO;115.29;71.39;115.29;71.39;2;UP_AND_DOWN
2024-10-30T10:30;2024-10-30T10:45;43;EUR;MWh;NO;NO;119;;119;119;1;UP
2024-10-30T10:45;2024-10-30T11:00;44;EUR;MWh;NO;NO;;;90.05;90.05;0;STABLE
2024-10-30T11:00;2024-10-30T11:15;45;EUR;MWh;NO;NO;96.84;;96.84;96.84;1;UP
2024-10-30T11:15;2024-10-30T11:30;46;EUR;MWh;NO;NO;115.3;;115.3;115.3;1;UP
2024-10-30T11:30;2024-10-30T11:45;47;EUR;MWh;NO;NO;119;;119;119;1;UP
2024-10-30T11:45;2024-10-30T12:00;48;EUR;MWh;NO;NO;119;;119;119;1;UP
2024-10-30T12:00;2024-10-30T12:15;49;EUR;MWh;NO;NO;220.92;;220.92;220.92;1;UP
2024-10-30T12:15;2024-10-30T12:30;50;EUR;MWh;NO;NO;155;;155;155;1;UP
2024-10-30T12:30;2024-10-30T12:45;51;EUR;MWh;NO;NO;158.9;;158.9;158.9;1;UP
2024-10-30T12:45;2024-10-30T13:00;52;EUR;MWh;NO;NO;158.9;;158.9;158.9;1;UP
2024-10-30T13:00;2024-10-30T13:15;53;EUR;MWh;NO;NO;158.9;;158.9;158.9;1;UP
2024-10-30T13:15;2024-10-30T13:30;54;EUR;MWh;NO;NO;662.03;;662.03;662.03;1;UP
2024-10-30T13:30;2024-10-30T13:45;55;EUR;MWh;NO;NO;220.06;;220.06;220.06;1;UP
2024-10-30T13:45;2024-10-30T14:00;56;EUR;MWh;NO;NO;220.06;;220.06;220.06;1;UP
2024-10-30T14:00;2024-10-30T14:15;57;EUR;MWh;NO;NO;662.03;;662.03;662.03;1;UP
2024-10-30T14:15;2024-10-30T14:30;58;EUR;MWh;NO;NO;206.3;;206.3;206.3;1;UP
2024-10-30T14:30;2024-10-30T14:45;59;EUR;MWh;NO;NO;188.03;;188.03;188.03;1;UP
2024-10-30T14:45;2024-10-30T15:00;60;EUR;MWh;NO;NO;159;;159;159;1;UP
2024-10-30T15:00;2024-10-30T15:15;61;EUR;MWh;NO;NO;119;84.45;119;84.45;2;UP_AND_DOWN
2024-10-30T15:15;2024-10-30T15:30;62;EUR;MWh;NO;NO;97.07;84.45;97.07;97.07;1;UP
2024-10-30T15:30;2024-10-30T15:45;63;EUR;MWh;NO;NO;122;;122;122;1;UP
2024-10-30T15:45;2024-10-30T16:00;64;EUR;MWh;NO;NO;124;;124;124;1;UP
2024-10-30T16:00;2024-10-30T16:15;65;EUR;MWh;NO;NO;102.25;59.85;102.25;59.85;2;UP_AND_DOWN
2024-10-30T16:15;2024-10-30T16:30;66;EUR;MWh;NO;NO;;81;81;81;-1;DOWN
2024-10-30T16:30;2024-10-30T16:45;67;EUR;MWh;NO;NO;119;83.33;119;83.33;2;UP_AND_DOWN
2024-10-30T16:45;2024-10-30T17:00;68;EUR;MWh;NO;NO;135.92;87.83;135.92;87.83;2;UP_AND_DOWN
2024-10-30T17:00;2024-10-30T17:15;69;EUR;MWh;NO;NO;100.85;68.42;68.42;68.42;-1;DOWN
2024-10-30T17:15;2024-10-30T17:30;70;EUR;MWh;NO;NO;105.85;88.69;105.85;88.69;2;UP_AND_DOWN
2024-10-30T17:30;2024-10-30T17:45;71;EUR;MWh;NO;NO;119;;119;119;1;UP
2024-10-30T17:45;2024-10-30T18:00;72;EUR;MWh;NO;NO;143.1;;143.1;143.1;1;UP
2024-10-30T18:00;2024-10-30T18:15;73;EUR;MWh;NO;NO;143.1;93.69;143.1;90.05;2;UP_AND_DOWN
2024-10-30T18:15;2024-10-30T18:30;74;EUR;MWh;NO;NO;;93.69;93.69;93.69;-1;DOWN
2024-10-30T18:30;2024-10-30T18:45;75;EUR;MWh;NO;NO;;88.69;88.69;88.69;-1;DOWN
2024-10-30T18:45;2024-10-30T19:00;76;EUR;MWh;NO;NO;;83.8;83.8;83.8;-1;DOWN
2024-10-30T19:00;2024-10-30T19:15;77;EUR;MWh;NO;NO;1853.61;93.32;1853.61;90.05;2;UP_AND_DOWN
2024-10-30T19:15;2024-10-30T19:30;78;EUR;MWh;NO;NO;119;;119;119;1;UP
2024-10-30T19:30;2024-10-30T19:45;79;EUR;MWh;NO;NO;111;89.69;111;89.69;2;UP_AND_DOWN
2024-10-30T19:45;2024-10-30T20:00;80;EUR;MWh;NO;NO;119;96.46;119;90.05;2;UP_AND_DOWN
2024-10-30T20:00;2024-10-30T20:15;81;EUR;MWh;NO;NO;163.48;;163.48;163.48;1;UP
2024-10-30T20:15;2024-10-30T20:30;82;EUR;MWh;NO;NO;127.4;;127.4;127.4;1;UP
2024-10-30T20:30;2024-10-30T20:45;83;EUR;MWh;NO;NO;149;;149;149;1;UP
2024-10-30T20:45;2024-10-30T21:00;84;EUR;MWh;NO;NO;149.76;;149.76;149.76;1;UP
2024-10-30T21:00;2024-10-30T21:15;85;EUR;MWh;NO;NO;119;;119;119;1;UP
2024-10-30T21:15;2024-10-30T21:30;86;EUR;MWh;NO;NO;110.96;;110.96;110.96;1;UP
2024-10-30T21:30;2024-10-30T21:45;87;EUR;MWh;NO;NO;80.92;;80.92;80.92;1;UP
2024-10-30T21:45;2024-10-30T22:00;88;EUR;MWh;NO;NO;111;90.42;111;90.05;2;UP_AND_DOWN
2024-10-30T22:00;2024-10-30T22:15;89;EUR;MWh;NO;NO;;85.2;85.2;85.2;-1;DOWN
2024-10-30T22:15;2024-10-30T22:30;90;EUR;MWh;NO;NO;100.41;85.41;100.41;100.41;1;UP
2024-10-30T22:30;2024-10-30T22:45;91;EUR;MWh;NO;NO;150.1;;150.1;150.1;1;UP
2024-10-30T22:45;2024-10-30T23:00;92;EUR;MWh;NO;NO;119;90.41;119;90.05;2;UP_AND_DOWN
2024-10-30T23:00;2024-10-30T23:15;93;EUR;MWh;NO;NO;119;90.49;119;90.05;2;UP_AND_DOWN
2024-10-30T23:15;2024-10-30T23:30;94;EUR;MWh;NO;NO;127.4;;127.4;127.4;1;UP
2024-10-30T23:30;2024-10-30T23:45;95;EUR;MWh;NO;NO;119;;119;119;1;UP
2024-10-30T23:45;2024-10-31T00:00;96;EUR;MWh;NO;NO;126;;126;126;1;UP
2024-10-31T00:00;2024-10-31T00:15;1;EUR;MWh;NO;NO;126;80;80;80;-1;DOWN
2024-10-31T00:15;2024-10-31T00:30;2;EUR;MWh;NO;NO;100.96;;100.96;100.96;1;UP
2024-10-31T00:30;2024-10-31T00:45;3;EUR;MWh;NO;NO;91.09;;91.09;91.09;1;UP
2024-10-31T00:45;2024-10-31T01:00;4;EUR;MWh;NO;NO;94.05;;94.05;94.05;1;UP
2024-10-31T01:00;2024-10-31T01:15;5;EUR;MWh;NO;NO;130;;130;130;1;UP
2024-10-31T01:15;2024-10-31T01:30;6;EUR;MWh;NO;NO;94.36;85.3;94.36;78.79;2;UP_AND_DOWN
2024-10-31T01:30;2024-10-31T01:45;7;EUR;MWh;NO;NO;91.12;83.27;91.12;78.88;2;UP_AND_DOWN
2024-10-31T01:45;2024-10-31T02:00;8;EUR;MWh;NO;NO;83.61;85;83.61;78.88;2;UP_AND_DOWN
2024-10-31T02:00;2024-10-31T02:15;9;EUR;MWh;NO;NO;141.14;89.14;141.14;78.88;2;UP_AND_DOWN
2024-10-31T02:15;2024-10-31T02:30;10;EUR;MWh;NO;NO;126.34;85.2;126.34;78.88;2;UP_AND_DOWN
2024-10-31T02:30;2024-10-31T02:45;11;EUR;MWh;NO;NO;114.47;85.1;114.47;78.88;2;UP_AND_DOWN
2024-10-31T02:45;2024-10-31T03:00;12;EUR;MWh;NO;NO;98.61;64.83;98.61;64.83;2;UP_AND_DOWN
2024-10-31T03:00;2024-10-31T03:15;13;EUR;MWh;NO;NO;;73.04;73.04;73.04;-1;DOWN
2024-10-31T03:15;2024-10-31T03:30;14;EUR;MWh;NO;NO;;79.3;79.3;79.3;-1;DOWN
2024-10-31T03:30;2024-10-31T03:45;15;EUR;MWh;NO;NO;;72.39;72.39;72.39;-1;DOWN
2024-10-31T03:45;2024-10-31T04:00;16;EUR;MWh;NO;NO;;57.39;57.39;57.39;-1;DOWN
2024-10-31T04:00;2024-10-31T04:15;17;EUR;MWh;NO;NO;;41.14;41.14;41.14;-1;DOWN
2024-10-31T04:15;2024-10-31T04:30;18;EUR;MWh;NO;NO;;79.51;79.51;79.51;-1;DOWN
2024-10-31T04:30;2024-10-31T04:45;19;EUR;MWh;NO;NO;;80;80;80;-1;DOWN
2024-10-31T04:45;2024-10-31T05:00;20;EUR;MWh;NO;NO;;67.53;67.53;67.53;-1;DOWN
2024-10-31T05:00;2024-10-31T05:15;21;EUR;MWh;NO;NO;;70.93;70.93;70.93;-1;DOWN
2024-10-31T05:15;2024-10-31T05:30;22;EUR;MWh;NO;NO;;80;80;80;-1;DOWN
2024-10-31T05:30;2024-10-31T05:45;23;EUR;MWh;NO;NO;114.08;85.1;114.08;78.85;2;UP_AND_DOWN
2024-10-31T05:45;2024-10-31T06:00;24;EUR;MWh;NO;NO;101.08;85.1;101.08;101.08;1;UP
2024-10-31T06:00;2024-10-31T06:15;25;EUR;MWh;NO;NO;116.97;64.62;116.97;64.62;2;UP_AND_DOWN
2024-10-31T06:15;2024-10-31T06:30;26;EUR;MWh;NO;NO;130;;130;130;1;UP
2024-10-31T06:30;2024-10-31T06:45;27;EUR;MWh;NO;NO;165.94;;165.94;165.94;1;UP
2024-10-31T06:45;2024-10-31T07:00;28;EUR;MWh;NO;NO;140.94;;140.94;140.94;1;UP
2024-10-31T07:00;2024-10-31T07:15;29;EUR;MWh;NO;NO;140.94;40.94;40.94;40.94;-1;DOWN
2024-10-31T07:15;2024-10-31T07:30;30;EUR;MWh;NO;NO;;65.26;65.26;65.26;-1;DOWN
2024-10-31T07:30;2024-10-31T07:45;31;EUR;MWh;NO;NO;;85.1;85.1;85.1;-1;DOWN
2024-10-31T07:45;2024-10-31T08:00;32;EUR;MWh;NO;NO;;85.1;85.1;85.1;-1;DOWN
2024-10-31T08:00;2024-10-31T08:15;33;EUR;MWh;NO;NO;130;97.4;130;83.01;2;UP_AND_DOWN
2024-10-31T08:15;2024-10-31T08:30;34;EUR;MWh;NO;NO;165.94;;165.94;165.94;1;UP
2024-10-31T08:30;2024-10-31T08:45;35;EUR;MWh;NO;NO;130;;130;130;1;UP
2024-10-31T08:45;2024-10-31T09:00;36;EUR;MWh;NO;NO;178.46;;178.46;178.46;1;UP
2024-10-31T09:00;2024-10-31T09:15;37;EUR;MWh;NO;NO;165;;165;165;1;UP
2024-10-31T09:15;2024-10-31T09:30;38;EUR;MWh;NO;NO;130;85.86;130;83.01;2;UP_AND_DOWN
2024-10-31T09:30;2024-10-31T09:45;39;EUR;MWh;NO;NO;189.53;86.53;189.53;82.31;2;UP_AND_DOWN
2024-10-31T09:45;2024-10-31T10:00;40;EUR;MWh;NO;NO;130;;130;130;1;UP
2024-10-31T10:00;2024-10-31T10:15;41;EUR;MWh;NO;NO;98.61;;98.61;98.61;1;UP
2024-10-31T10:15;2024-10-31T10:30;42;EUR;MWh;NO;NO;98.61;113.1;98.61;98.61;1;UP
2024-10-31T10:30;2024-10-31T10:45;43;EUR;MWh;NO;NO;116.14;89.14;116.14;89.14;2;UP_AND_DOWN
2024-10-31T10:45;2024-10-31T11:00;44;EUR;MWh;NO;NO;101.14;;101.14;101.14;1;UP
2024-10-31T11:00;2024-10-31T11:15;45;EUR;MWh;NO;NO;130;;130;130;1;UP
2024-10-31T11:15;2024-10-31T11:30;46;EUR;MWh;NO;NO;145.7;;145.7;145.7;1;UP
2024-10-31T11:30;2024-10-31T11:45;47;EUR;MWh;NO;NO;106.2;;106.2;106.2;1;UP
2024-10-31T11:45;2024-10-31T12:00;48;EUR;MWh;NO;NO;145.7;;145.7;145.7;1;UP
2024-10-31T12:00;2024-10-31T12:15;49;EUR;MWh;NO;NO;1853.61;;1853.61;1853.61;1;UP
2024-10-31T12:15;2024-10-31T12:30;50;EUR;MWh;NO;NO;130;;130;130;1;UP
2024-10-31T12:30;2024-10-31T12:45;51;EUR;MWh;NO;NO;190.66;;190.66;190.66;1;UP
2024-10-31T12:45;2024-10-31T13:00;52;EUR;MWh;NO;NO;662.03;;662.03;662.03;1;UP
2024-10-31T13:00;2024-10-31T13:15;53;EUR;MWh;NO;NO;140.83;;140.83;140.83;1;UP
2024-10-31T13:15;2024-10-31T13:30;54;EUR;MWh;NO;NO;148.8;;148.8;148.8;1;UP
2024-10-31T13:30;2024-10-31T13:45;55;EUR;MWh;NO;NO;165.83;;165.83;165.83;1;UP
2024-10-31T13:45;2024-10-31T14:00;56;EUR;MWh;NO;NO;159.13;;159.13;159.13;1;UP
2024-10-31T14:00;2024-10-31T14:15;57;EUR;MWh;NO;NO;110.47;55.39;110.47;55.39;2;UP_AND_DOWN
2024-10-31T14:15;2024-10-31T14:30;58;EUR;MWh;NO;NO;103.84;55.39;103.84;103.84;1;UP
2024-10-31T14:30;2024-10-31T14:45;59;EUR;MWh;NO;NO;111.99;122.62;111.99;95.62;2;UP_AND_DOWN
2024-10-31T14:45;2024-10-31T15:00;60;EUR;MWh;NO;NO;111.99;80.29;111.99;80.29;2;UP_AND_DOWN
2024-10-31T15:00;2024-10-31T15:15;61;EUR;MWh;NO;NO;111.99;38.57;38.57;38.57;-1;DOWN
2024-10-31T15:15;2024-10-31T15:30;62;EUR;MWh;NO;NO;;81.02;81.02;81.02;-1;DOWN
2024-10-31T15:30;2024-10-31T15:45;63;EUR;MWh;NO;NO;;80;80;80;-1;DOWN
2024-10-31T15:45;2024-10-31T16:00;64;EUR;MWh;NO;NO;;80;80;80;-1;DOWN
2024-10-31T16:00;2024-10-31T16:15;65;EUR;MWh;NO;NO;;53.15;53.15;53.15;-1;DOWN
2024-10-31T16:15;2024-10-31T16:30;66;EUR;MWh;NO;NO;;71.81;71.81;71.81;-1;DOWN
2024-10-31T16:30;2024-10-31T16:45;67;EUR;MWh;NO;NO;;69.44;69.44;69.44;-1;DOWN
2024-10-31T16:45;2024-10-31T17:00;68;EUR;MWh;NO;NO;130;89.37;130;89.37;2;UP_AND_DOWN
2024-10-31T17:00;2024-10-31T17:15;69;EUR;MWh;NO;NO;68.61;17.26;99.54;17.26;2;UP_AND_DOWN
2024-10-31T17:15;2024-10-31T17:30;70;EUR;MWh;NO;NO;;89.37;89.37;89.37;-1;DOWN
2024-10-31T17:30;2024-10-31T17:45;71;EUR;MWh;NO;NO;;82.9;82.9;82.9;-1;DOWN
2024-10-31T17:45;2024-10-31T18:00;72;EUR;MWh;NO;NO;;83.5;83.5;83.5;-1;DOWN
2024-10-31T18:00;2024-10-31T18:15;73;EUR;MWh;NO;NO;186.69;89.37;186.69;89.37;2;UP_AND_DOWN
2024-10-31T18:15;2024-10-31T18:30;74;EUR;MWh;NO;NO;68.61;84.2;92.16;84.2;2;UP_AND_DOWN
2024-10-31T18:30;2024-10-31T18:45;75;EUR;MWh;NO;NO;;82.8;82.8;82.8;-1;DOWN
2024-10-31T18:45;2024-10-31T19:00;76;EUR;MWh;NO;NO;;80;80;80;-1;DOWN
2024-10-31T19:00;2024-10-31T19:15;77;EUR;MWh;NO;NO;126.8;98.8;126.8;83.81;2;UP_AND_DOWN
2024-10-31T19:15;2024-10-31T19:30;78;EUR;MWh;NO;NO;83.61;89.37;83.71;83.71;2;UP_AND_DOWN
2024-10-31T19:30;2024-10-31T19:45;79;EUR;MWh;NO;NO;;89.37;89.37;89.37;-1;DOWN
2024-10-31T19:45;2024-10-31T20:00;80;EUR;MWh;NO;NO;;90.69;90.69;90.69;-1;DOWN
2024-10-31T20:00;2024-10-31T20:15;81;EUR;MWh;NO;NO;110.61;87.89;110.61;83.81;2;UP_AND_DOWN
2024-10-31T20:15;2024-10-31T20:30;82;EUR;MWh;NO;NO;134.41;;134.41;134.41;1;UP
2024-10-31T20:30;2024-10-31T20:45;83;EUR;MWh;NO;NO;145.3;;145.3;145.3;1;UP
2024-10-31T20:45;2024-10-31T21:00;84;EUR;MWh;NO;NO;218.66;;218.66;218.66;1;UP
2024-10-31T21:00;2024-10-31T21:15;85;EUR;MWh;NO;NO;259.39;;259.39;259.39;1;UP
2024-10-31T21:15;2024-10-31T21:30;86;EUR;MWh;NO;NO;130;;130;130;1;UP
2024-10-31T21:30;2024-10-31T21:45;87;EUR;MWh;NO;NO;123.72;;123.72;123.72;1;UP
2024-10-31T21:45;2024-10-31T22:00;88;EUR;MWh;NO;NO;128;;128;128;1;UP
2024-10-31T22:00;2024-10-31T22:15;89;EUR;MWh;NO;NO;144.6;;144.6;144.6;1;UP
2024-10-31T22:15;2024-10-31T22:30;90;EUR;MWh;NO;NO;130;;130;130;1;UP
2024-10-31T22:30;2024-10-31T22:45;91;EUR;MWh;NO;NO;126;84.3;84.3;84.3;-1;DOWN
2024-10-31T22:45;2024-10-31T23:00;92;EUR;MWh;NO;NO;89.37;84.6;89.81;84.6;2;UP_AND_DOWN
2024-10-31T23:00;2024-10-31T23:15;93;EUR;MWh;NO;NO;91.12;80;91.12;80;2;UP_AND_DOWN
2024-10-31T23:15;2024-10-31T23:30;94;EUR;MWh;NO;NO;82.76;80;83.81;80;2;UP_AND_DOWN
2024-10-31T23:30;2024-10-31T23:45;95;EUR;MWh;NO;NO;83.61;80;90.91;80;2;UP_AND_DOWN
2024-10-31T23:45;2024-11-01T00:00;96;EUR;MWh;NO;NO;99.31;83.8;99.31;83.8;2;UP_AND_DOWN
