Timeinterval Start Loc;Timeinterval End Loc;Isp;Currency Unit Name;Price Measurement Unit Name;Incident Reserve Up;Incident Reserve Down;Price Dispatch Up;Price Dispatch Down;Price Shortage;Price Surplus;Regulation State;Regulating Condition
2025-01-01T00:00;2025-01-01T00:15;1;EUR;MWh;NO;NO;;-105;-105;-105;-1;DOWN
2025-01-01T00:15;2025-01-01T00:30;2;EUR;MWh;NO;NO;112.05;-53;112.05;-53;2;UP_AND_DOWN
2025-01-01T00:30;2025-01-01T00:45;3;EUR;MWh;NO;NO;85.07;-50;85.07;-50;2;UP_AND_DOWN
2025-01-01T00:45;2025-01-01T01:00;4;EUR;MWh;NO;NO;95.07;-35;95.07;-35;2;UP_AND_DOWN
2025-01-01T01:00;2025-01-01T01:15;5;EUR;MWh;NO;NO;95.07;-55.51;95.07;-55.51;2;UP_AND_DOWN
2025-01-01T01:15;2025-01-01T01:30;6;EUR;MWh;NO;NO;95.07;-37;-37;-37;-1;DOWN
2025-01-01T01:30;2025-01-01T01:45;7;EUR;MWh;NO;NO;;-37;-37;-37;-1;DOWN
2025-01-01T01:45;2025-01-01T02:00;8;EUR;MWh;NO;NO;;-45;-45;-45;-1;DOWN
2025-01-01T02:00;2025-01-01T02:15;9;EUR;MWh;NO;NO;272.83;-32;272.83;-32;2;UP_AND_DOWN
2025-01-01T02:15;2025-01-01T02:30;10;EUR;MWh;NO;NO;102.49;-30;-30;-30;-1;DOWN
2025-01-01T02:30;2025-01-01T02:45;11;EUR;MWh;NO;NO;99;-35;99;-35;2;UP_AND_DOWN
2025-01-01T02:45;2025-01-01T03:00;12;EUR;MWh;NO;NO;30;-37;66.79;-37;2;UP_AND_DOWN
2025-01-01T03:00;2025-01-01T03:15;13;EUR;MWh;NO;NO;108.05;-32;108.05;-32;2;UP_AND_DOWN
2025-01-01T03:15;2025-01-01T03:30;14;EUR;MWh;NO;NO;85.07;;85.07;85.07;1;UP
2025-01-01T03:30;2025-01-01T03:45;15;EUR;MWh;NO;NO;;-16.73;-16.73;-16.73;-1;DOWN
2025-01-01T03:45;2025-01-01T04:00;16;EUR;MWh;NO;NO;;-40;-40;-40;-1;DOWN
2025-01-01T04:00;2025-01-01T04:15;17;EUR;MWh;NO;NO;135.4;-37;135.4;-37;2;UP_AND_DOWN
2025-01-01T04:15;2025-01-01T04:30;18;EUR;MWh;NO;NO;96.46;;96.46;96.46;1;UP
2025-01-01T04:30;2025-01-01T04:45;19;EUR;MWh;NO;NO;65.07;;65.07;65.07;1;UP
2025-01-01T04:45;2025-01-01T05:00;20;EUR;MWh;NO;NO;;-9.01;-9.01;-9.01;-1;DOWN
2025-01-01T05:00;2025-01-01T05:15;21;EUR;MWh;NO;NO;;-21.11;-21.11;-21.11;-1;DOWN
2025-01-01T05:15;2025-01-01T05:30;22;EUR;MWh;NO;NO;65.07;-25.38;65.07;65.07;1;UP
2025-01-01T05:30;2025-01-01T05:45;23;EUR;MWh;NO;NO;100.76;-32;100.76;-32;2;UP_AND_DOWN
2025-01-01T05:45;2025-01-01T06:00;24;EUR;MWh;NO;NO;94.66;-32;94.66;-32;2;UP_AND_DOWN
2025-01-01T06:00;2025-01-01T06:15;25;EUR;MWh;NO;NO;65.07;-51;67.09;-51;2;UP_AND_DOWN
2025-01-01T06:15;2025-01-01T06:30;26;EUR;MWh;NO;NO;135.4;-38.66;135.4;-38.66;2;UP_AND_DOWN
2025-01-01T06:30;2025-01-01T06:45;27;EUR;MWh;NO;NO;119.05;-45;119.05;-45;2;UP_AND_DOWN
2025-01-01T06:45;2025-01-01T07:00;28;EUR;MWh;NO;NO;;-35;-35;-35;-1;DOWN
2025-01-01T07:00;2025-01-01T07:15;29;EUR;MWh;NO;NO;;-91.85;-91.85;-91.85;-1;DOWN
2025-01-01T07:15;2025-01-01T07:30;30;EUR;MWh;NO;NO;;-60;-60;-60;-1;DOWN
2025-01-01T07:30;2025-01-01T07:45;31;EUR;MWh;NO;NO;;-42;-42;-42;-1;DOWN
2025-01-01T07:45;2025-01-01T08:00;32;EUR;MWh;NO;NO;;-51;-51;-51;-1;DOWN
2025-01-01T08:00;2025-01-01T08:15;33;EUR;MWh;NO;NO;;-51;-51;-51;-1;DOWN
2025-01-01T08:15;2025-01-01T08:30;34;EUR;MWh;NO;NO;;-60;-60;-60;-1;DOWN
2025-01-01T08:30;2025-01-01T08:45;35;EUR;MWh;NO;NO;;-51;-51;-51;-1;DOWN
2025-01-01T08:45;2025-01-01T09:00;36;EUR;MWh;NO;NO;;-85.68;-85.68;-85.68;-1;DOWN
2025-01-01T09:00;2025-01-01T09:15;37;EUR;MWh;NO;NO;;-42;-42;-42;-1;DOWN
2025-01-01T09:15;2025-01-01T09:30;38;EUR;MWh;NO;NO;;-60;-60;-60;-1;DOWN
2025-01-01T09:30;2025-01-01T09:45;39;EUR;MWh;NO;NO;;-81;-81;-81;-1;DOWN
2025-01-01T09:45;2025-01-01T10:00;40;EUR;MWh;NO;NO;54.1;-30;76.79;-30;2;UP_AND_DOWN
2025-01-01T10:00;2025-01-01T10:15;41;EUR;MWh;NO;NO;54.1;-88.1;-88.1;-88.1;-1;DOWN
2025-01-01T10:15;2025-01-01T10:30;42;EUR;MWh;NO;NO;;-30.12;-30.12;-30.12;-1;DOWN
2025-01-01T10:30;2025-01-01T10:45;43;EUR;MWh;NO;NO;99;-81;99;-81;2;UP_AND_DOWN
2025-01-01T10:45;2025-01-01T11:00;44;EUR;MWh;NO;NO;135.4;-121.76;135.4;-121.76;2;UP_AND_DOWN
2025-01-01T11:00;2025-01-01T11:15;45;EUR;MWh;NO;NO;;-132.04;-132.04;-132.04;-1;DOWN
2025-01-01T11:15;2025-01-01T11:30;46;EUR;MWh;NO;NO;;-90;-90;-90;-1;DOWN
2025-01-01T11:30;2025-01-01T11:45;47;EUR;MWh;NO;NO;65.07;103.57;68.27;68.27;2;UP_AND_DOWN
2025-01-01T11:45;2025-01-01T12:00;48;EUR;MWh;NO;NO;;103.57;70.99;70.99;0;STABLE
2025-01-01T12:00;2025-01-01T12:15;49;EUR;MWh;NO;NO;70;-12.69;70.17;-12.69;2;UP_AND_DOWN
2025-01-01T12:15;2025-01-01T12:30;50;EUR;MWh;NO;NO;135.5;-12.69;135.5;135.5;1;UP
2025-01-01T12:30;2025-01-01T12:45;51;EUR;MWh;NO;NO;124.16;;124.16;124.16;1;UP
2025-01-01T12:45;2025-01-01T13:00;52;EUR;MWh;NO;NO;120.7;;120.7;120.7;1;UP
2025-01-01T13:00;2025-01-01T13:15;53;EUR;MWh;NO;NO;35.46;;35.46;35.46;1;UP
2025-01-01T13:15;2025-01-01T13:30;54;EUR;MWh;NO;NO;37.19;;37.19;37.19;1;UP
2025-01-01T13:30;2025-01-01T13:45;55;EUR;MWh;NO;NO;37.25;;37.25;37.25;1;UP
2025-01-01T13:45;2025-01-01T14:00;56;EUR;MWh;NO;NO;;95.57;95.57;95.57;-1;DOWN
2025-01-01T14:00;2025-01-01T14:15;57;EUR;MWh;NO;NO;115;-17.88;115;-17.88;2;UP_AND_DOWN
2025-01-01T14:15;2025-01-01T14:30;58;EUR;MWh;NO;NO;135.5;;135.5;135.5;1;UP
2025-01-01T14:30;2025-01-01T14:45;59;EUR;MWh;NO;NO;70;;70;70;1;UP
2025-01-01T14:45;2025-01-01T15:00;60;EUR;MWh;NO;NO;70;-30;77.29;-30;2;UP_AND_DOWN
2025-01-01T15:00;2025-01-01T15:15;61;EUR;MWh;NO;NO;1000;-30;1000;1000;1;UP
2025-01-01T15:15;2025-01-01T15:30;62;EUR;MWh;NO;NO;115;-199;115;-199;2;UP_AND_DOWN
2025-01-01T15:30;2025-01-01T15:45;63;EUR;MWh;NO;NO;112.98;-30;112.98;-30;2;UP_AND_DOWN
2025-01-01T15:45;2025-01-01T16:00;64;EUR;MWh;NO;NO;166.7;-38.6;166.7;-38.6;2;UP_AND_DOWN
2025-01-01T16:00;2025-01-01T16:15;65;EUR;MWh;NO;NO;;-50;-50;-50;-1;DOWN
2025-01-01T16:15;2025-01-01T16:30;66;EUR;MWh;NO;NO;50;-35;77.29;-35;2;UP_AND_DOWN
2025-01-01T16:30;2025-01-01T16:45;67;EUR;MWh;NO;NO;;-21.29;-21.29;-21.29;-1;DOWN
2025-01-01T16:45;2025-01-01T17:00;68;EUR;MWh;NO;NO;111.14;-25.79;111.14;-25.79;2;UP_AND_DOWN
2025-01-01T17:00;2025-01-01T17:15;69;EUR;MWh;NO;NO;1870.07;-32;1870.07;-32;2;UP_AND_DOWN
2025-01-01T17:15;2025-01-01T17:30;70;EUR;MWh;NO;NO;1870.07;;1870.07;1870.07;1;UP
2025-01-01T17:30;2025-01-01T17:45;71;EUR;MWh;NO;NO;443.75;;443.75;443.75;1;UP
2025-01-01T17:45;2025-01-01T18:00;72;EUR;MWh;NO;NO;716.54;;716.54;716.54;1;UP
2025-01-01T18:00;2025-01-01T18:15;73;EUR;MWh;NO;NO;141.4;;141.4;141.4;1;UP
2025-01-01T18:15;2025-01-01T18:30;74;EUR;MWh;NO;NO;155.54;;155.54;155.54;1;UP
2025-01-01T18:30;2025-01-01T18:45;75;EUR;MWh;NO;NO;135.2;;135.2;135.2;1;UP
2025-01-01T18:45;2025-01-01T19:00;76;EUR;MWh;NO;NO;141.73;;141.73;141.73;1;UP
2025-01-01T19:00;2025-01-01T19:15;77;EUR;MWh;NO;NO;521.83;;521.83;521.83;1;UP
2025-01-01T19:15;2025-01-01T19:30;78;EUR;MWh;NO;NO;135.2;;135.2;135.2;1;UP
2025-01-01T19:30;2025-01-01T19:45;79;EUR;MWh;NO;NO;135.2;;135.2;135.2;1;UP
2025-01-01T19:45;2025-01-01T20:00;80;EUR;MWh;NO;NO;119.05;-34.39;119.05;-34.39;2;UP_AND_DOWN
2025-01-01T20:00;2025-01-01T20:15;81;EUR;MWh;NO;NO;;-35;-35;-35;-1;DOWN
2025-01-01T20:15;2025-01-01T20:30;82;EUR;MWh;NO;NO;;-30;-30;-30;-1;DOWN
2025-01-01T20:30;2025-01-01T20:45;83;EUR;MWh;NO;NO;;-44.89;-44.89;-44.89;-1;DOWN
2025-01-01T20:45;2025-01-01T21:00;84;EUR;MWh;NO;NO;;-35.29;-35.29;-35.29;-1;DOWN
2025-01-01T21:00;2025-01-01T21:15;85;EUR;MWh;NO;NO;;-50;-50;-50;-1;DOWN
2025-01-01T21:15;2025-01-01T21:30;86;EUR;MWh;NO;NO;;-51;-51;-51;-1;DOWN
2025-01-01T21:30;2025-01-01T21:45;87;EUR;MWh;NO;NO;112.06;-50;112.06;-50;2;UP_AND_DOWN
2025-01-01T21:45;2025-01-01T22:00;88;EUR;MWh;NO;NO;112.06;-45.79;-45.79;-45.79;-1;DOWN
2025-01-01T22:00;2025-01-01T22:15;89;EUR;MWh;NO;NO;;-38.1;-38.1;-38.1;-1;DOWN
2025-01-01T22:15;2025-01-01T22:30;90;EUR;MWh;NO;NO;65.07;-38.1;80.05;-38.1;2;UP_AND_DOWN
2025-01-01T22:30;2025-01-01T22:45;91;EUR;MWh;NO;NO;135.3;-37;135.3;135.3;1;UP
2025-01-01T22:45;2025-01-01T23:00;92;EUR;MWh;NO;NO;124.06;-60;-60;-60;-1;DOWN
2025-01-01T23:00;2025-01-01T23:15;93;EUR;MWh;NO;NO;;-57.29;-57.29;-57.29;-1;DOWN
2025-01-01T23:15;2025-01-01T23:30;94;EUR;MWh;NO;NO;;-40;-40;-40;-1;DOWN
2025-01-01T23:30;2025-01-01T23:45;95;EUR;MWh;NO;NO;;-42;-42;-42;-1;DOWN
2025-01-01T23:45;2025-01-02T00:00;96;EUR;MWh;NO;NO;;-35;-35;-35;-1;DOWN
2025-01-02T00:00;2025-01-02T00:15;1;EUR;MWh;NO;NO;121.01;-42;121.01;-42;2;UP_AND_DOWN
2025-01-02T00:15;2025-01-02T00:30;2;EUR;MWh;NO;NO;137.2;-40;137.2;-40;2;UP_AND_DOWN
2025-01-02T00:30;2025-01-02T00:45;3;EUR;MWh;NO;NO;;-41.24;-41.24;-41.24;-1;DOWN
2025-01-02T00:45;2025-01-02T01:00;4;EUR;MWh;NO;NO;;-35;-35;-35;-1;DOWN
2025-01-02T01:00;2025-01-02T01:15;5;EUR;MWh;NO;NO;137.2;35;137.2;137.2;1;UP
2025-01-02T01:15;2025-01-02T01:30;6;EUR;MWh;NO;NO;137.2;;137.2;137.2;1;UP
2025-01-02T01:30;2025-01-02T01:45;7;EUR;MWh;NO;NO;200;;200;200;1;UP
2025-01-02T01:45;2025-01-02T02:00;8;EUR;MWh;NO;NO;243.35;;243.35;243.35;1;UP
2025-01-02T02:00;2025-01-02T02:15;9;EUR;MWh;NO;NO;120;102.2;120;74.32;2;UP_AND_DOWN
2025-01-02T02:15;2025-01-02T02:30;10;EUR;MWh;NO;NO;125.64;;125.64;125.64;1;UP
2025-01-02T02:30;2025-01-02T02:45;11;EUR;MWh;NO;NO;115.95;48.13;115.95;48.13;2;UP_AND_DOWN
2025-01-02T02:45;2025-01-02T03:00;12;EUR;MWh;NO;NO;119.05;50.13;119.05;119.05;1;UP
2025-01-02T03:00;2025-01-02T03:15;13;EUR;MWh;NO;NO;111.94;101.9;111.94;74.32;2;UP_AND_DOWN
2025-01-02T03:15;2025-01-02T03:30;14;EUR;MWh;NO;NO;112.98;101.8;112.98;112.98;1;UP
2025-01-02T03:30;2025-01-02T03:45;15;EUR;MWh;NO;NO;112.06;99.57;112.06;74.32;2;UP_AND_DOWN
2025-01-02T03:45;2025-01-02T04:00;16;EUR;MWh;NO;NO;105.41;35;105.41;35;2;UP_AND_DOWN
2025-01-02T04:00;2025-01-02T04:15;17;EUR;MWh;NO;NO;102.74;103.57;102.74;74.32;2;UP_AND_DOWN
2025-01-02T04:15;2025-01-02T04:30;18;EUR;MWh;NO;NO;;-28;-28;-28;-1;DOWN
2025-01-02T04:30;2025-01-02T04:45;19;EUR;MWh;NO;NO;117.98;-28;117.98;117.98;1;UP
2025-01-02T04:45;2025-01-02T05:00;20;EUR;MWh;NO;NO;102.82;99.57;102.82;74.32;2;UP_AND_DOWN
2025-01-02T05:00;2025-01-02T05:15;21;EUR;MWh;NO;NO;124;99.57;124;124;1;UP
2025-01-02T05:15;2025-01-02T05:30;22;EUR;MWh;NO;NO;117.4;;117.4;117.4;1;UP
2025-01-02T05:30;2025-01-02T05:45;23;EUR;MWh;NO;NO;102.78;48.13;102.78;48.13;2;UP_AND_DOWN
2025-01-02T05:45;2025-01-02T06:00;24;EUR;MWh;NO;NO;;65;65;65;-1;DOWN
2025-01-02T06:00;2025-01-02T06:15;25;EUR;MWh;NO;NO;126.54;102.3;126.54;74.32;2;UP_AND_DOWN
2025-01-02T06:15;2025-01-02T06:30;26;EUR;MWh;NO;NO;137.3;;137.3;137.3;1;UP
2025-01-02T06:30;2025-01-02T06:45;27;EUR;MWh;NO;NO;133.23;;133.23;133.23;1;UP
2025-01-02T06:45;2025-01-02T07:00;28;EUR;MWh;NO;NO;45.07;65;74.32;65;2;UP_AND_DOWN
2025-01-02T07:00;2025-01-02T07:15;29;EUR;MWh;NO;NO;;-33.69;-33.69;-33.69;-1;DOWN
2025-01-02T07:15;2025-01-02T07:30;30;EUR;MWh;NO;NO;105.38;42.38;105.38;105.38;1;UP
2025-01-02T07:30;2025-01-02T07:45;31;EUR;MWh;NO;NO;128.99;42.38;128.99;128.99;1;UP
2025-01-02T07:45;2025-01-02T08:00;32;EUR;MWh;NO;NO;124.7;;124.7;124.7;1;UP
2025-01-02T08:00;2025-01-02T08:15;33;EUR;MWh;NO;NO;124.7;.9;.9;.9;-1;DOWN
2025-01-02T08:15;2025-01-02T08:30;34;EUR;MWh;NO;NO;117.4;85.9;117.4;117.4;1;UP
2025-01-02T08:30;2025-01-02T08:45;35;EUR;MWh;NO;NO;121.42;;121.42;121.42;1;UP
2025-01-02T08:45;2025-01-02T09:00;36;EUR;MWh;NO;NO;137.5;;137.5;137.5;1;UP
2025-01-02T09:00;2025-01-02T09:15;37;EUR;MWh;NO;NO;137.4;;137.4;137.4;1;UP
2025-01-02T09:15;2025-01-02T09:30;38;EUR;MWh;NO;NO;75.07;;75.07;75.07;1;UP
2025-01-02T09:30;2025-01-02T09:45;39;EUR;MWh;NO;NO;75.07;;75.07;75.07;1;UP
2025-01-02T09:45;2025-01-02T10:00;40;EUR;MWh;NO;NO;114.82;;114.82;114.82;1;UP
2025-01-02T10:00;2025-01-02T10:15;41;EUR;MWh;NO;NO;1895;;1895;1895;1;UP
2025-01-02T10:15;2025-01-02T10:30;42;EUR;MWh;NO;NO;120.7;25.9;120.7;25.9;2;UP_AND_DOWN
2025-01-02T10:30;2025-01-02T10:45;43;EUR;MWh;NO;NO;;59.57;59.57;59.57;-1;DOWN
2025-01-02T10:45;2025-01-02T11:00;44;EUR;MWh;NO;NO;;59.57;59.57;59.57;-1;DOWN
2025-01-02T11:00;2025-01-02T11:15;45;EUR;MWh;NO;NO;;49.42;49.42;49.42;-1;DOWN
2025-01-02T11:15;2025-01-02T11:30;46;EUR;MWh;NO;NO;;-3.57;-3.57;-3.57;-1;DOWN
2025-01-02T11:30;2025-01-02T11:45;47;EUR;MWh;NO;NO;;-10;-10;-10;-1;DOWN
2025-01-02T11:45;2025-01-02T12:00;48;EUR;MWh;NO;NO;;14.57;14.57;14.57;-1;DOWN
2025-01-02T12:00;2025-01-02T12:15;49;EUR;MWh;NO;NO;122.95;68.57;122.95;68.57;2;UP_AND_DOWN
2025-01-02T12:15;2025-01-02T12:30;50;EUR;MWh;NO;NO;122.95;49.42;49.42;49.42;-1;DOWN
2025-01-02T12:30;2025-01-02T12:45;51;EUR;MWh;NO;NO;;80.9;80.9;80.9;-1;DOWN
2025-01-02T12:45;2025-01-02T13:00;52;EUR;MWh;NO;NO;;35;35;35;-1;DOWN
2025-01-02T13:00;2025-01-02T13:15;53;EUR;MWh;NO;NO;100;24.42;100;24.42;2;UP_AND_DOWN
2025-01-02T13:15;2025-01-02T13:30;54;EUR;MWh;NO;NO;45.07;24.42;45.07;45.07;1;UP
2025-01-02T13:30;2025-01-02T13:45;55;EUR;MWh;NO;NO;75.07;;75.07;75.07;1;UP
2025-01-02T13:45;2025-01-02T14:00;56;EUR;MWh;NO;NO;118.38;94.42;118.38;74.32;2;UP_AND_DOWN
2025-01-02T14:00;2025-01-02T14:15;57;EUR;MWh;NO;NO;112.98;77.57;112.98;74.32;2;UP_AND_DOWN
2025-01-02T14:15;2025-01-02T14:30;58;EUR;MWh;NO;NO;137.8;;137.8;137.8;1;UP
2025-01-02T14:30;2025-01-02T14:45;59;EUR;MWh;NO;NO;166.28;;166.28;166.28;1;UP
2025-01-02T14:45;2025-01-02T15:00;60;EUR;MWh;NO;NO;153.1;;153.1;153.1;1;UP
2025-01-02T15:00;2025-01-02T15:15;61;EUR;MWh;NO;NO;137.8;68.57;137.8;68.57;2;UP_AND_DOWN
2025-01-02T15:15;2025-01-02T15:30;62;EUR;MWh;NO;NO;;86.57;86.57;86.57;-1;DOWN
2025-01-02T15:30;2025-01-02T15:45;63;EUR;MWh;NO;NO;;83.57;83.57;83.57;-1;DOWN
2025-01-02T15:45;2025-01-02T16:00;64;EUR;MWh;NO;NO;120.7;83.57;120.7;120.7;1;UP
2025-01-02T16:00;2025-01-02T16:15;65;EUR;MWh;NO;NO;112.14;89.42;89.42;89.42;-1;DOWN
2025-01-02T16:15;2025-01-02T16:30;66;EUR;MWh;NO;NO;177;93.5;177;177;1;UP
2025-01-02T16:30;2025-01-02T16:45;67;EUR;MWh;NO;NO;173.3;;173.3;173.3;1;UP
2025-01-02T16:45;2025-01-02T17:00;68;EUR;MWh;NO;NO;200;;200;200;1;UP
2025-01-02T17:00;2025-01-02T17:15;69;EUR;MWh;NO;NO;258;;258;258;1;UP
2025-01-02T17:15;2025-01-02T17:30;70;EUR;MWh;NO;NO;125.6;;125.6;125.6;1;UP
2025-01-02T17:30;2025-01-02T17:45;71;EUR;MWh;NO;NO;131.54;;131.54;131.54;1;UP
2025-01-02T17:45;2025-01-02T18:00;72;EUR;MWh;NO;NO;129.14;;129.14;129.14;1;UP
2025-01-02T18:00;2025-01-02T18:15;73;EUR;MWh;NO;NO;125.64;97.86;125.64;78.04;2;UP_AND_DOWN
2025-01-02T18:15;2025-01-02T18:30;74;EUR;MWh;NO;NO;125.64;80.9;80.9;80.9;-1;DOWN
2025-01-02T18:30;2025-01-02T18:45;75;EUR;MWh;NO;NO;;84.42;84.42;84.42;-1;DOWN
2025-01-02T18:45;2025-01-02T19:00;76;EUR;MWh;NO;NO;;77;77;77;-1;DOWN
2025-01-02T19:00;2025-01-02T19:15;77;EUR;MWh;NO;NO;;76.65;76.65;76.65;-1;DOWN
2025-01-02T19:15;2025-01-02T19:30;78;EUR;MWh;NO;NO;75.07;98.57;75.07;74.32;2;UP_AND_DOWN
2025-01-02T19:30;2025-01-02T19:45;79;EUR;MWh;NO;NO;75.07;102.8;75.07;75.07;1;UP
2025-01-02T19:45;2025-01-02T20:00;80;EUR;MWh;NO;NO;;89.42;89.42;89.42;-1;DOWN
2025-01-02T20:00;2025-01-02T20:15;81;EUR;MWh;NO;NO;137.7;95.9;137.7;74.32;2;UP_AND_DOWN
2025-01-02T20:15;2025-01-02T20:30;82;EUR;MWh;NO;NO;122.35;;122.35;122.35;1;UP
2025-01-02T20:30;2025-01-02T20:45;83;EUR;MWh;NO;NO;115.75;101.72;115.75;74.32;2;UP_AND_DOWN
2025-01-02T20:45;2025-01-02T21:00;84;EUR;MWh;NO;NO;;100.57;100.57;100.57;-1;DOWN
2025-01-02T21:00;2025-01-02T21:15;85;EUR;MWh;NO;NO;143.43;103.57;143.43;74.32;2;UP_AND_DOWN
2025-01-02T21:15;2025-01-02T21:30;86;EUR;MWh;NO;NO;159.34;;159.34;159.34;1;UP
2025-01-02T21:30;2025-01-02T21:45;87;EUR;MWh;NO;NO;65;98.34;74.32;74.32;2;UP_AND_DOWN
2025-01-02T21:45;2025-01-02T22:00;88;EUR;MWh;NO;NO;;55.07;55.07;55.07;-1;DOWN
2025-01-02T22:00;2025-01-02T22:15;89;EUR;MWh;NO;NO;136.6;68.57;136.6;68.57;2;UP_AND_DOWN
2025-01-02T22:15;2025-01-02T22:30;90;EUR;MWh;NO;NO;129.89;95.32;129.89;74.32;2;UP_AND_DOWN
2025-01-02T22:30;2025-01-02T22:45;91;EUR;MWh;NO;NO;135;98.32;135;74.32;2;UP_AND_DOWN
2025-01-02T22:45;2025-01-02T23:00;92;EUR;MWh;NO;NO;136.6;;136.6;136.6;1;UP
2025-01-02T23:00;2025-01-02T23:15;93;EUR;MWh;NO;NO;156.9;;156.9;156.9;1;UP
2025-01-02T23:15;2025-01-02T23:30;94;EUR;MWh;NO;NO;1000;;1000;1000;1;UP
2025-01-02T23:30;2025-01-02T23:45;95;EUR;MWh;NO;NO;1895;;1895;1895;1;UP
2025-01-02T23:45;2025-01-03T00:00;96;EUR;MWh;NO;NO;1000;;1000;1000;1;UP
2025-01-03T00:00;2025-01-03T00:15;1;EUR;MWh;NO;NO;200;11;11;11;-1;DOWN
2025-01-03T00:15;2025-01-03T00:30;2;EUR;MWh;NO;NO;121;11;121;11;2;UP_AND_DOWN
2025-01-03T00:30;2025-01-03T00:45;3;EUR;MWh;NO;NO;143.69;;143.69;143.69;1;UP
2025-01-03T00:45;2025-01-03T01:00;4;EUR;MWh;NO;NO;121.3;;121.3;121.3;1;UP
2025-01-03T01:00;2025-01-03T01:15;5;EUR;MWh;NO;NO;115;;115;115;1;UP
2025-01-03T01:15;2025-01-03T01:30;6;EUR;MWh;NO;NO;65.07;82.38;86.29;82.38;2;UP_AND_DOWN
2025-01-03T01:30;2025-01-03T01:45;7;EUR;MWh;NO;NO;;15;15;15;-1;DOWN
2025-01-03T01:45;2025-01-03T02:00;8;EUR;MWh;NO;NO;;-2.52;-2.52;-2.52;-1;DOWN
2025-01-03T02:00;2025-01-03T02:15;9;EUR;MWh;NO;NO;123.19;9.69;123.19;123.19;1;UP
2025-01-03T02:15;2025-01-03T02:30;10;EUR;MWh;NO;NO;121;;121;121;1;UP
2025-01-03T02:30;2025-01-03T02:45;11;EUR;MWh;NO;NO;137.5;101.51;137.5;86.29;2;UP_AND_DOWN
2025-01-03T02:45;2025-01-03T03:00;12;EUR;MWh;NO;NO;137.6;;137.6;137.6;1;UP
2025-01-03T03:00;2025-01-03T03:15;13;EUR;MWh;NO;NO;137.6;100.45;100.45;100.45;-1;DOWN
2025-01-03T03:15;2025-01-03T03:30;14;EUR;MWh;NO;NO;112.98;100.45;112.98;112.98;1;UP
2025-01-03T03:30;2025-01-03T03:45;15;EUR;MWh;NO;NO;95.07;100.45;95.07;86.29;2;UP_AND_DOWN
2025-01-03T03:45;2025-01-03T04:00;16;EUR;MWh;NO;NO;;11;11;11;-1;DOWN
2025-01-03T04:00;2025-01-03T04:15;17;EUR;MWh;NO;NO;111.31;-10.1;111.31;-10.1;2;UP_AND_DOWN
2025-01-03T04:15;2025-01-03T04:30;18;EUR;MWh;NO;NO;115.31;58.23;115.31;58.23;2;UP_AND_DOWN
2025-01-03T04:30;2025-01-03T04:45;19;EUR;MWh;NO;NO;115.56;22;115.56;22;2;UP_AND_DOWN
2025-01-03T04:45;2025-01-03T05:00;20;EUR;MWh;NO;NO;116.31;26.65;116.31;26.65;2;UP_AND_DOWN
2025-01-03T05:00;2025-01-03T05:15;21;EUR;MWh;NO;NO;181.32;;181.32;181.32;1;UP
2025-01-03T05:15;2025-01-03T05:30;22;EUR;MWh;NO;NO;121;;121;121;1;UP
2025-01-03T05:30;2025-01-03T05:45;23;EUR;MWh;NO;NO;75.07;65;86.29;65;2;UP_AND_DOWN
2025-01-03T05:45;2025-01-03T06:00;24;EUR;MWh;NO;NO;116.47;26.65;116.47;26.65;2;UP_AND_DOWN
2025-01-03T06:00;2025-01-03T06:15;25;EUR;MWh;NO;NO;118.81;26.65;26.65;26.65;-1;DOWN
2025-01-03T06:15;2025-01-03T06:30;26;EUR;MWh;NO;NO;;-11;-11;-11;-1;DOWN
2025-01-03T06:30;2025-01-03T06:45;27;EUR;MWh;NO;NO;116.47;-11;116.47;116.47;1;UP
2025-01-03T06:45;2025-01-03T07:00;28;EUR;MWh;NO;NO;112.99;;112.99;112.99;1;UP
2025-01-03T07:00;2025-01-03T07:15;29;EUR;MWh;NO;NO;112.99;-6.92;-6.92;-6.92;-1;DOWN
2025-01-03T07:15;2025-01-03T07:30;30;EUR;MWh;NO;NO;;11;11;11;-1;DOWN
2025-01-03T07:30;2025-01-03T07:45;31;EUR;MWh;NO;NO;171.69;-3.81;171.69;-3.81;2;UP_AND_DOWN
2025-01-03T07:45;2025-01-03T08:00;32;EUR;MWh;NO;NO;140;-3.9;-3.9;-3.9;-1;DOWN
2025-01-03T08:00;2025-01-03T08:15;33;EUR;MWh;NO;NO;118.38;11;118.38;11;2;UP_AND_DOWN
2025-01-03T08:15;2025-01-03T08:30;34;EUR;MWh;NO;NO;121;68.19;121;68.19;2;UP_AND_DOWN
2025-01-03T08:30;2025-01-03T08:45;35;EUR;MWh;NO;NO;;79.92;79.92;79.92;-1;DOWN
2025-01-03T08:45;2025-01-03T09:00;36;EUR;MWh;NO;NO;107.56;79.92;107.56;107.56;1;UP
2025-01-03T09:00;2025-01-03T09:15;37;EUR;MWh;NO;NO;121;49.92;121;49.92;2;UP_AND_DOWN
2025-01-03T09:15;2025-01-03T09:30;38;EUR;MWh;NO;NO;122.86;49.92;122.86;122.86;1;UP
2025-01-03T09:30;2025-01-03T09:45;39;EUR;MWh;NO;NO;110.04;34.9;110.04;34.9;2;UP_AND_DOWN
2025-01-03T09:45;2025-01-03T10:00;40;EUR;MWh;NO;NO;;34.9;34.9;34.9;-1;DOWN
2025-01-03T10:00;2025-01-03T10:15;41;EUR;MWh;NO;NO;;-68.6;-68.6;-68.6;-1;DOWN
2025-01-03T10:15;2025-01-03T10:30;42;EUR;MWh;NO;NO;107.38;-503.5;107.38;-503.5;2;UP_AND_DOWN
2025-01-03T10:30;2025-01-03T10:45;43;EUR;MWh;NO;NO;111;36;111;36;2;UP_AND_DOWN
2025-01-03T10:45;2025-01-03T11:00;44;EUR;MWh;NO;NO;;-503.6;-503.6;-503.6;-1;DOWN
2025-01-03T11:00;2025-01-03T11:15;45;EUR;MWh;NO;NO;1000;-49.51;1000;-49.51;2;UP_AND_DOWN
2025-01-03T11:15;2025-01-03T11:30;46;EUR;MWh;NO;NO;137.5;-445.6;137.5;-445.6;2;UP_AND_DOWN
2025-01-03T11:30;2025-01-03T11:45;47;EUR;MWh;NO;NO;150;-3.4;150;-3.4;2;UP_AND_DOWN
2025-01-03T11:45;2025-01-03T12:00;48;EUR;MWh;NO;NO;137.6;84.56;137.6;84.56;2;UP_AND_DOWN
2025-01-03T12:00;2025-01-03T12:15;49;EUR;MWh;NO;NO;134;;134;134;1;UP
2025-01-03T12:15;2025-01-03T12:30;50;EUR;MWh;NO;NO;171.1;;171.1;171.1;1;UP
2025-01-03T12:30;2025-01-03T12:45;51;EUR;MWh;NO;NO;173.1;;173.1;173.1;1;UP
2025-01-03T12:45;2025-01-03T13:00;52;EUR;MWh;NO;NO;143.79;;143.79;143.79;1;UP
2025-01-03T13:00;2025-01-03T13:15;53;EUR;MWh;NO;NO;151.05;;151.05;151.05;1;UP
2025-01-03T13:15;2025-01-03T13:30;54;EUR;MWh;NO;NO;132.53;;132.53;132.53;1;UP
2025-01-03T13:30;2025-01-03T13:45;55;EUR;MWh;NO;NO;116.56;;116.56;116.56;1;UP
2025-01-03T13:45;2025-01-03T14:00;56;EUR;MWh;NO;NO;133.41;100.28;133.41;84.29;2;UP_AND_DOWN
2025-01-03T14:00;2025-01-03T14:15;57;EUR;MWh;NO;NO;120.56;;120.56;120.56;1;UP
2025-01-03T14:15;2025-01-03T14:30;58;EUR;MWh;NO;NO;111;;111;111;1;UP
2025-01-03T14:30;2025-01-03T14:45;59;EUR;MWh;NO;NO;75.07;105.5;85.29;85.29;2;UP_AND_DOWN
2025-01-03T14:45;2025-01-03T15:00;60;EUR;MWh;NO;NO;;65;65;65;-1;DOWN
2025-01-03T15:00;2025-01-03T15:15;61;EUR;MWh;NO;NO;111;90;111;111;1;UP
2025-01-03T15:15;2025-01-03T15:30;62;EUR;MWh;NO;NO;65.07;80;85.29;80;2;UP_AND_DOWN
2025-01-03T15:30;2025-01-03T15:45;63;EUR;MWh;NO;NO;123.27;101;123.27;85.29;2;UP_AND_DOWN
2025-01-03T15:45;2025-01-03T16:00;64;EUR;MWh;NO;NO;114.73;85;85;85;-1;DOWN
2025-01-03T16:00;2025-01-03T16:15;65;EUR;MWh;NO;NO;143.8;18.57;143.8;18.57;2;UP_AND_DOWN
2025-01-03T16:15;2025-01-03T16:30;66;EUR;MWh;NO;NO;180.53;89.73;180.53;86.29;2;UP_AND_DOWN
2025-01-03T16:30;2025-01-03T16:45;67;EUR;MWh;NO;NO;137.8;65;137.8;65;2;UP_AND_DOWN
2025-01-03T16:45;2025-01-03T17:00;68;EUR;MWh;NO;NO;137.7;103.1;137.7;86.29;2;UP_AND_DOWN
2025-01-03T17:00;2025-01-03T17:15;69;EUR;MWh;NO;NO;164.36;;164.36;164.36;1;UP
2025-01-03T17:15;2025-01-03T17:30;70;EUR;MWh;NO;NO;175.8;;175.8;175.8;1;UP
2025-01-03T17:30;2025-01-03T17:45;71;EUR;MWh;NO;NO;175.8;;175.8;175.8;1;UP
2025-01-03T17:45;2025-01-03T18:00;72;EUR;MWh;NO;NO;134.93;;134.93;134.93;1;UP
2025-01-03T18:00;2025-01-03T18:15;73;EUR;MWh;NO;NO;137.6;;137.6;137.6;1;UP
2025-01-03T18:15;2025-01-03T18:30;74;EUR;MWh;NO;NO;1000;;1000;1000;1;UP
2025-01-03T18:30;2025-01-03T18:45;75;EUR;MWh;NO;NO;122.34;91.94;122.34;86.29;2;UP_AND_DOWN
2025-01-03T18:45;2025-01-03T19:00;76;EUR;MWh;NO;NO;115.08;;115.08;115.08;1;UP
2025-01-03T19:00;2025-01-03T19:15;77;EUR;MWh;NO;NO;123;;123;123;1;UP
2025-01-03T19:15;2025-01-03T19:30;78;EUR;MWh;NO;NO;167.35;;167.35;167.35;1;UP
2025-01-03T19:30;2025-01-03T19:45;79;EUR;MWh;NO;NO;191.9;;191.9;191.9;1;UP
2025-01-03T19:45;2025-01-03T20:00;80;EUR;MWh;NO;NO;200;;200;200;1;UP
2025-01-03T20:00;2025-01-03T20:15;81;EUR;MWh;NO;NO;174.2;102.06;174.2;86.29;2;UP_AND_DOWN
2025-01-03T20:15;2025-01-03T20:30;82;EUR;MWh;NO;NO;;93.73;93.73;93.73;-1;DOWN
2025-01-03T20:30;2025-01-03T20:45;83;EUR;MWh;NO;NO;;19.73;19.73;19.73;-1;DOWN
2025-01-03T20:45;2025-01-03T21:00;84;EUR;MWh;NO;NO;1895;58.47;1895;58.47;2;UP_AND_DOWN
2025-01-03T21:00;2025-01-03T21:15;85;EUR;MWh;NO;NO;174.2;;174.2;174.2;1;UP
2025-01-03T21:15;2025-01-03T21:30;86;EUR;MWh;NO;NO;180.2;;180.2;180.2;1;UP
2025-01-03T21:30;2025-01-03T21:45;87;EUR;MWh;NO;NO;174.2;;174.2;174.2;1;UP
2025-01-03T21:45;2025-01-03T22:00;88;EUR;MWh;NO;NO;118.81;84.56;118.81;84.56;2;UP_AND_DOWN
2025-01-03T22:00;2025-01-03T22:15;89;EUR;MWh;NO;NO;95.07;84.56;95.07;84.29;2;UP_AND_DOWN
2025-01-03T22:15;2025-01-03T22:30;90;EUR;MWh;NO;NO;136.4;84.56;136.4;136.4;1;UP
2025-01-03T22:30;2025-01-03T22:45;91;EUR;MWh;NO;NO;136.4;105.28;136.4;136.4;1;UP
2025-01-03T22:45;2025-01-03T23:00;92;EUR;MWh;NO;NO;136.4;80.56;80.56;80.56;-1;DOWN
2025-01-03T23:00;2025-01-03T23:15;93;EUR;MWh;NO;NO;174.3;79.44;174.3;174.3;1;UP
2025-01-03T23:15;2025-01-03T23:30;94;EUR;MWh;NO;NO;174.3;;174.3;174.3;1;UP
2025-01-03T23:30;2025-01-03T23:45;95;EUR;MWh;NO;NO;65;84.56;84.29;84.29;2;UP_AND_DOWN
2025-01-03T23:45;2025-01-04T00:00;96;EUR;MWh;NO;NO;;-75.41;-75.41;-75.41;-1;DOWN
2025-01-04T00:00;2025-01-04T00:15;1;EUR;MWh;NO;NO;130.18;26.65;130.18;26.65;2;UP_AND_DOWN
2025-01-04T00:15;2025-01-04T00:30;2;EUR;MWh;NO;NO;139.05;;139.05;139.05;1;UP
2025-01-04T00:30;2025-01-04T00:45;3;EUR;MWh;NO;NO;117;;117;117;1;UP
2025-01-04T00:45;2025-01-04T01:00;4;EUR;MWh;NO;NO;117;101.46;101.46;101.46;-1;DOWN
2025-01-04T01:00;2025-01-04T01:15;5;EUR;MWh;NO;NO;;96.37;96.37;96.37;-1;DOWN
2025-01-04T01:15;2025-01-04T01:30;6;EUR;MWh;NO;NO;110.46;95.21;110.46;86.93;2;UP_AND_DOWN
2025-01-04T01:30;2025-01-04T01:45;7;EUR;MWh;NO;NO;153.79;;153.79;153.79;1;UP
2025-01-04T01:45;2025-01-04T02:00;8;EUR;MWh;NO;NO;129.05;;129.05;129.05;1;UP
2025-01-04T02:00;2025-01-04T02:15;9;EUR;MWh;NO;NO;139.3;;139.3;139.3;1;UP
2025-01-04T02:15;2025-01-04T02:30;10;EUR;MWh;NO;NO;139.4;;139.4;139.4;1;UP
2025-01-04T02:30;2025-01-04T02:45;11;EUR;MWh;NO;NO;139.4;;139.4;139.4;1;UP
2025-01-04T02:45;2025-01-04T03:00;12;EUR;MWh;NO;NO;139.05;96.37;96.37;96.37;-1;DOWN
2025-01-04T03:00;2025-01-04T03:15;13;EUR;MWh;NO;NO;107.56;96.9;107.56;82.61;2;UP_AND_DOWN
2025-01-04T03:15;2025-01-04T03:30;14;EUR;MWh;NO;NO;108.07;;108.07;108.07;1;UP
2025-01-04T03:30;2025-01-04T03:45;15;EUR;MWh;NO;NO;112.07;;112.07;112.07;1;UP
2025-01-04T03:45;2025-01-04T04:00;16;EUR;MWh;NO;NO;117.36;;117.36;117.36;1;UP
2025-01-04T04:00;2025-01-04T04:15;17;EUR;MWh;NO;NO;108.29;106.15;108.29;85.61;2;UP_AND_DOWN
2025-01-04T04:15;2025-01-04T04:30;18;EUR;MWh;NO;NO;;85.73;85.73;85.73;-1;DOWN
2025-01-04T04:30;2025-01-04T04:45;19;EUR;MWh;NO;NO;;92.4;92.4;92.4;-1;DOWN
2025-01-04T04:45;2025-01-04T05:00;20;EUR;MWh;NO;NO;;95.21;95.21;95.21;-1;DOWN
2025-01-04T05:00;2025-01-04T05:15;21;EUR;MWh;NO;NO;;;80.82;80.82;0;STABLE
2025-01-04T05:15;2025-01-04T05:30;22;EUR;MWh;NO;NO;;;80.59;80.59;0;STABLE
2025-01-04T05:30;2025-01-04T05:45;23;EUR;MWh;NO;NO;104.56;;104.56;104.56;1;UP
2025-01-04T05:45;2025-01-04T06:00;24;EUR;MWh;NO;NO;66;103.76;66;66;1;UP
2025-01-04T06:00;2025-01-04T06:15;25;EUR;MWh;NO;NO;;84.38;84.38;84.38;-1;DOWN
2025-01-04T06:15;2025-01-04T06:30;26;EUR;MWh;NO;NO;118.24;106.48;118.24;85.78;2;UP_AND_DOWN
2025-01-04T06:30;2025-01-04T06:45;27;EUR;MWh;NO;NO;120.38;96.11;120.38;85.79;2;UP_AND_DOWN
2025-01-04T06:45;2025-01-04T07:00;28;EUR;MWh;NO;NO;105.66;95.66;105.66;85.77;2;UP_AND_DOWN
2025-01-04T07:00;2025-01-04T07:15;29;EUR;MWh;NO;NO;;42.92;42.92;42.92;-1;DOWN
2025-01-04T07:15;2025-01-04T07:30;30;EUR;MWh;NO;NO;;55;55;55;-1;DOWN
2025-01-04T07:30;2025-01-04T07:45;31;EUR;MWh;NO;NO;;32.15;32.15;32.15;-1;DOWN
2025-01-04T07:45;2025-01-04T08:00;32;EUR;MWh;NO;NO;;75.21;75.21;75.21;-1;DOWN
2025-01-04T08:00;2025-01-04T08:15;33;EUR;MWh;NO;NO;;40.21;40.21;40.21;-1;DOWN
2025-01-04T08:15;2025-01-04T08:30;34;EUR;MWh;NO;NO;;95.66;95.66;95.66;-1;DOWN
2025-01-04T08:30;2025-01-04T08:45;35;EUR;MWh;NO;NO;;92.66;92.66;92.66;-1;DOWN
2025-01-04T08:45;2025-01-04T09:00;36;EUR;MWh;NO;NO;;85.2;85.2;85.2;-1;DOWN
2025-01-04T09:00;2025-01-04T09:15;37;EUR;MWh;NO;NO;108.66;113.79;108.66;108.66;1;UP
2025-01-04T09:15;2025-01-04T09:30;38;EUR;MWh;NO;NO;;81.9;81.9;81.9;-1;DOWN
2025-01-04T09:30;2025-01-04T09:45;39;EUR;MWh;NO;NO;;84.7;84.7;84.7;-1;DOWN
2025-01-04T09:45;2025-01-04T10:00;40;EUR;MWh;NO;NO;75.07;;75.07;75.07;1;UP
2025-01-04T10:00;2025-01-04T10:15;41;EUR;MWh;NO;NO;117.14;;117.14;117.14;1;UP
2025-01-04T10:15;2025-01-04T10:30;42;EUR;MWh;NO;NO;115.66;;115.66;115.66;1;UP
2025-01-04T10:30;2025-01-04T10:45;43;EUR;MWh;NO;NO;;83.8;83.8;83.8;-1;DOWN
2025-01-04T10:45;2025-01-04T11:00;44;EUR;MWh;NO;NO;;55;55;55;-1;DOWN
2025-01-04T11:00;2025-01-04T11:15;45;EUR;MWh;NO;NO;;38.8;38.8;38.8;-1;DOWN
2025-01-04T11:15;2025-01-04T11:30;46;EUR;MWh;NO;NO;;52.02;52.02;52.02;-1;DOWN
2025-01-04T11:30;2025-01-04T11:45;47;EUR;MWh;NO;NO;;45.66;45.66;45.66;-1;DOWN
2025-01-04T11:45;2025-01-04T12:00;48;EUR;MWh;NO;NO;65.07;97.44;85.29;85.29;2;UP_AND_DOWN
2025-01-04T12:00;2025-01-04T12:15;49;EUR;MWh;NO;NO;130.18;;130.18;130.18;1;UP
2025-01-04T12:15;2025-01-04T12:30;50;EUR;MWh;NO;NO;117.14;;117.14;117.14;1;UP
2025-01-04T12:30;2025-01-04T12:45;51;EUR;MWh;NO;NO;85.07;;85.07;85.07;1;UP
2025-01-04T12:45;2025-01-04T13:00;52;EUR;MWh;NO;NO;85.07;;85.07;85.07;1;UP
2025-01-04T13:00;2025-01-04T13:15;53;EUR;MWh;NO;NO;125.23;;125.23;125.23;1;UP
2025-01-04T13:15;2025-01-04T13:30;54;EUR;MWh;NO;NO;125.24;105.14;125.24;86.91;2;UP_AND_DOWN
2025-01-04T13:30;2025-01-04T13:45;55;EUR;MWh;NO;NO;125.23;98.57;125.23;85.39;2;UP_AND_DOWN
2025-01-04T13:45;2025-01-04T14:00;56;EUR;MWh;NO;NO;131.83;;131.83;131.83;1;UP
2025-01-04T14:00;2025-01-04T14:15;57;EUR;MWh;NO;NO;121.01;110.53;121.01;87.8;2;UP_AND_DOWN
2025-01-04T14:15;2025-01-04T14:30;58;EUR;MWh;NO;NO;129.14;;129.14;129.14;1;UP
2025-01-04T14:30;2025-01-04T14:45;59;EUR;MWh;NO;NO;150.08;;150.08;150.08;1;UP
2025-01-04T14:45;2025-01-04T15:00;60;EUR;MWh;NO;NO;171;;171;171;1;UP
2025-01-04T15:00;2025-01-04T15:15;61;EUR;MWh;NO;NO;150;;150;150;1;UP
2025-01-04T15:15;2025-01-04T15:30;62;EUR;MWh;NO;NO;159.8;;159.8;159.8;1;UP
2025-01-04T15:30;2025-01-04T15:45;63;EUR;MWh;NO;NO;164.14;;164.14;164.14;1;UP
2025-01-04T15:45;2025-01-04T16:00;64;EUR;MWh;NO;NO;164.14;;164.14;164.14;1;UP
2025-01-04T16:00;2025-01-04T16:15;65;EUR;MWh;NO;NO;126.2;73.8;126.2;73.8;2;UP_AND_DOWN
2025-01-04T16:15;2025-01-04T16:30;66;EUR;MWh;NO;NO;121;104.6;121;86.93;2;UP_AND_DOWN
2025-01-04T16:30;2025-01-04T16:45;67;EUR;MWh;NO;NO;164.14;;164.14;164.14;1;UP
2025-01-04T16:45;2025-01-04T17:00;68;EUR;MWh;NO;NO;164.14;;164.14;164.14;1;UP
2025-01-04T17:00;2025-01-04T17:15;69;EUR;MWh;NO;NO;139.3;104.3;139.3;85.43;2;UP_AND_DOWN
2025-01-04T17:15;2025-01-04T17:30;70;EUR;MWh;NO;NO;139.3;84.93;84.93;84.93;-1;DOWN
2025-01-04T17:30;2025-01-04T17:45;71;EUR;MWh;NO;NO;121;84.93;121;121;1;UP
2025-01-04T17:45;2025-01-04T18:00;72;EUR;MWh;NO;NO;75.07;88.78;85.5;85.5;2;UP_AND_DOWN
2025-01-04T18:00;2025-01-04T18:15;73;EUR;MWh;NO;NO;65.07;104.1;89.49;89.49;2;UP_AND_DOWN
2025-01-04T18:15;2025-01-04T18:30;74;EUR;MWh;NO;NO;75.07;104;85.52;85.52;2;UP_AND_DOWN
2025-01-04T18:30;2025-01-04T18:45;75;EUR;MWh;NO;NO;;71.94;71.94;71.94;-1;DOWN
2025-01-04T18:45;2025-01-04T19:00;76;EUR;MWh;NO;NO;118.24;70.66;118.24;118.24;1;UP
2025-01-04T19:00;2025-01-04T19:15;77;EUR;MWh;NO;NO;156.63;;156.63;156.63;1;UP
2025-01-04T19:15;2025-01-04T19:30;78;EUR;MWh;NO;NO;156.63;103.1;103.1;103.1;-1;DOWN
2025-01-04T19:30;2025-01-04T19:45;79;EUR;MWh;NO;NO;126.88;101.46;126.88;85.52;2;UP_AND_DOWN
2025-01-04T19:45;2025-01-04T20:00;80;EUR;MWh;NO;NO;119.16;;119.16;119.16;1;UP
2025-01-04T20:00;2025-01-04T20:15;81;EUR;MWh;NO;NO;188.95;;188.95;188.95;1;UP
2025-01-04T20:15;2025-01-04T20:30;82;EUR;MWh;NO;NO;176.8;;176.8;176.8;1;UP
2025-01-04T20:30;2025-01-04T20:45;83;EUR;MWh;NO;NO;163.95;;163.95;163.95;1;UP
2025-01-04T20:45;2025-01-04T21:00;84;EUR;MWh;NO;NO;128.95;105.74;128.95;128.95;1;UP
2025-01-04T21:00;2025-01-04T21:15;85;EUR;MWh;NO;NO;128.95;93.27;93.27;93.27;-1;DOWN
2025-01-04T21:15;2025-01-04T21:30;86;EUR;MWh;NO;NO;65.07;100.21;82.64;82.64;2;UP_AND_DOWN
2025-01-04T21:30;2025-01-04T21:45;87;EUR;MWh;NO;NO;131.06;;131.06;131.06;1;UP
2025-01-04T21:45;2025-01-04T22:00;88;EUR;MWh;NO;NO;108.66;85.66;85.66;85.66;-1;DOWN
2025-01-04T22:00;2025-01-04T22:15;89;EUR;MWh;NO;NO;122;85.21;122;80.59;2;UP_AND_DOWN
2025-01-04T22:15;2025-01-04T22:30;90;EUR;MWh;NO;NO;;88.39;88.39;88.39;-1;DOWN
2025-01-04T22:30;2025-01-04T22:45;91;EUR;MWh;NO;NO;128.99;96.11;128.99;88.68;2;UP_AND_DOWN
2025-01-04T22:45;2025-01-04T23:00;92;EUR;MWh;NO;NO;75.07;;75.07;75.07;1;UP
2025-01-04T23:00;2025-01-04T23:15;93;EUR;MWh;NO;NO;133.79;;133.79;133.79;1;UP
2025-01-04T23:15;2025-01-04T23:30;94;EUR;MWh;NO;NO;129.68;;129.68;129.68;1;UP
2025-01-04T23:30;2025-01-04T23:45;95;EUR;MWh;NO;NO;138;;138;138;1;UP
2025-01-04T23:45;2025-01-05T00:00;96;EUR;MWh;NO;NO;108.66;79.66;79.66;79.66;-1;DOWN
2025-01-05T00:00;2025-01-05T00:15;1;EUR;MWh;NO;NO;;-226.65;-226.65;-226.65;-1;DOWN
2025-01-05T00:15;2025-01-05T00:30;2;EUR;MWh;NO;NO;;50;50;50;-1;DOWN
2025-01-05T00:30;2025-01-05T00:45;3;EUR;MWh;NO;NO;150.3;45;150.3;45;2;UP_AND_DOWN
2025-01-05T00:45;2025-01-05T01:00;4;EUR;MWh;NO;NO;131.8;;131.8;131.8;1;UP
2025-01-05T01:00;2025-01-05T01:15;5;EUR;MWh;NO;NO;126.99;;126.99;126.99;1;UP
2025-01-05T01:15;2025-01-05T01:30;6;EUR;MWh;NO;NO;131.2;;131.2;131.2;1;UP
2025-01-05T01:30;2025-01-05T01:45;7;EUR;MWh;NO;NO;149;;149;149;1;UP
2025-01-05T01:45;2025-01-05T02:00;8;EUR;MWh;NO;NO;149;;149;149;1;UP
2025-01-05T02:00;2025-01-05T02:15;9;EUR;MWh;NO;NO;200;;200;200;1;UP
2025-01-05T02:15;2025-01-05T02:30;10;EUR;MWh;NO;NO;186.6;;186.6;186.6;1;UP
2025-01-05T02:30;2025-01-05T02:45;11;EUR;MWh;NO;NO;176.2;;176.2;176.2;1;UP
2025-01-05T02:45;2025-01-05T03:00;12;EUR;MWh;NO;NO;153.6;46;46;46;-1;DOWN
2025-01-05T03:00;2025-01-05T03:15;13;EUR;MWh;NO;NO;155;96.11;155;80.59;2;UP_AND_DOWN
2025-01-05T03:15;2025-01-05T03:30;14;EUR;MWh;NO;NO;134;;134;134;1;UP
2025-01-05T03:30;2025-01-05T03:45;15;EUR;MWh;NO;NO;134.05;;134.05;134.05;1;UP
2025-01-05T03:45;2025-01-05T04:00;16;EUR;MWh;NO;NO;95.07;55;95.07;55;2;UP_AND_DOWN
2025-01-05T04:00;2025-01-05T04:15;17;EUR;MWh;NO;NO;150.31;;150.31;150.31;1;UP
2025-01-05T04:15;2025-01-05T04:30;18;EUR;MWh;NO;NO;131.06;;131.06;131.06;1;UP
2025-01-05T04:30;2025-01-05T04:45;19;EUR;MWh;NO;NO;161.15;;161.15;161.15;1;UP
2025-01-05T04:45;2025-01-05T05:00;20;EUR;MWh;NO;NO;128.63;;128.63;128.63;1;UP
2025-01-05T05:00;2025-01-05T05:15;21;EUR;MWh;NO;NO;304.72;;304.72;304.72;1;UP
2025-01-05T05:15;2025-01-05T05:30;22;EUR;MWh;NO;NO;199;;199;199;1;UP
2025-01-05T05:30;2025-01-05T05:45;23;EUR;MWh;NO;NO;200;;200;200;1;UP
2025-01-05T05:45;2025-01-05T06:00;24;EUR;MWh;NO;NO;155.66;;155.66;155.66;1;UP
2025-01-05T06:00;2025-01-05T06:15;25;EUR;MWh;NO;NO;114.4;;114.4;114.4;1;UP
2025-01-05T06:15;2025-01-05T06:30;26;EUR;MWh;NO;NO;116.61;;116.61;116.61;1;UP
2025-01-05T06:30;2025-01-05T06:45;27;EUR;MWh;NO;NO;115.88;;115.88;115.88;1;UP
2025-01-05T06:45;2025-01-05T07:00;28;EUR;MWh;NO;NO;133.8;;133.8;133.8;1;UP
2025-01-05T07:00;2025-01-05T07:15;29;EUR;MWh;NO;NO;115.88;9.22;115.88;9.22;2;UP_AND_DOWN
2025-01-05T07:15;2025-01-05T07:30;30;EUR;MWh;NO;NO;;45;45;45;-1;DOWN
2025-01-05T07:30;2025-01-05T07:45;31;EUR;MWh;NO;NO;114.47;45;114.47;45;2;UP_AND_DOWN
2025-01-05T07:45;2025-01-05T08:00;32;EUR;MWh;NO;NO;117;45;117;45;2;UP_AND_DOWN
2025-01-05T08:00;2025-01-05T08:15;33;EUR;MWh;NO;NO;;45;45;45;-1;DOWN
2025-01-05T08:15;2025-01-05T08:30;34;EUR;MWh;NO;NO;;45;45;45;-1;DOWN
2025-01-05T08:30;2025-01-05T08:45;35;EUR;MWh;NO;NO;116.62;45;116.62;116.62;1;UP
2025-01-05T08:45;2025-01-05T09:00;36;EUR;MWh;NO;NO;117.71;45;117.71;45;2;UP_AND_DOWN
2025-01-05T09:00;2025-01-05T09:15;37;EUR;MWh;NO;NO;116.67;-63.6;-63.6;-63.6;-1;DOWN
2025-01-05T09:15;2025-01-05T09:30;38;EUR;MWh;NO;NO;172.1;20;172.1;20;2;UP_AND_DOWN
2025-01-05T09:30;2025-01-05T09:45;39;EUR;MWh;NO;NO;225.98;-12.08;225.98;-12.08;2;UP_AND_DOWN
2025-01-05T09:45;2025-01-05T10:00;40;EUR;MWh;NO;NO;199;;199;199;1;UP
2025-01-05T10:00;2025-01-05T10:15;41;EUR;MWh;NO;NO;150;45;150;45;2;UP_AND_DOWN
2025-01-05T10:15;2025-01-05T10:30;42;EUR;MWh;NO;NO;165;;165;165;1;UP
2025-01-05T10:30;2025-01-05T10:45;43;EUR;MWh;NO;NO;150;;150;150;1;UP
2025-01-05T10:45;2025-01-05T11:00;44;EUR;MWh;NO;NO;150;;150;150;1;UP
2025-01-05T11:00;2025-01-05T11:15;45;EUR;MWh;NO;NO;150;;150;150;1;UP
2025-01-05T11:15;2025-01-05T11:30;46;EUR;MWh;NO;NO;150.31;;150.31;150.31;1;UP
2025-01-05T11:30;2025-01-05T11:45;47;EUR;MWh;NO;NO;119.15;;119.15;119.15;1;UP
2025-01-05T11:45;2025-01-05T12:00;48;EUR;MWh;NO;NO;183.73;;183.73;183.73;1;UP
2025-01-05T12:00;2025-01-05T12:15;49;EUR;MWh;NO;NO;199;;199;199;1;UP
2025-01-05T12:15;2025-01-05T12:30;50;EUR;MWh;NO;NO;200;;200;200;1;UP
2025-01-05T12:30;2025-01-05T12:45;51;EUR;MWh;NO;NO;158.2;;158.2;158.2;1;UP
2025-01-05T12:45;2025-01-05T13:00;52;EUR;MWh;NO;NO;159.8;;159.8;159.8;1;UP
2025-01-05T13:00;2025-01-05T13:15;53;EUR;MWh;NO;NO;134.05;;134.05;134.05;1;UP
2025-01-05T13:15;2025-01-05T13:30;54;EUR;MWh;NO;NO;114.38;;114.38;114.38;1;UP
2025-01-05T13:30;2025-01-05T13:45;55;EUR;MWh;NO;NO;115.88;;115.88;115.88;1;UP
2025-01-05T13:45;2025-01-05T14:00;56;EUR;MWh;NO;NO;114.38;200;132.54;132.54;2;UP_AND_DOWN
2025-01-05T14:00;2025-01-05T14:15;57;EUR;MWh;NO;NO;155.88;;155.88;155.88;1;UP
2025-01-05T14:15;2025-01-05T14:30;58;EUR;MWh;NO;NO;112.3;;112.3;112.3;1;UP
2025-01-05T14:30;2025-01-05T14:45;59;EUR;MWh;NO;NO;85.07;;85.07;85.07;1;UP
2025-01-05T14:45;2025-01-05T15:00;60;EUR;MWh;NO;NO;65.07;;65.07;65.07;1;UP
2025-01-05T15:00;2025-01-05T15:15;61;EUR;MWh;NO;NO;115.88;;115.88;115.88;1;UP
2025-01-05T15:15;2025-01-05T15:30;62;EUR;MWh;NO;NO;108.88;;108.88;108.88;1;UP
2025-01-05T15:30;2025-01-05T15:45;63;EUR;MWh;NO;NO;65.07;45;80.59;45;2;UP_AND_DOWN
2025-01-05T15:45;2025-01-05T16:00;64;EUR;MWh;NO;NO;115.88;26.65;115.88;26.65;2;UP_AND_DOWN
2025-01-05T16:00;2025-01-05T16:15;65;EUR;MWh;NO;NO;123.72;26.65;123.72;123.72;1;UP
2025-01-05T16:15;2025-01-05T16:30;66;EUR;MWh;NO;NO;113.8;70;113.8;70;2;UP_AND_DOWN
2025-01-05T16:30;2025-01-05T16:45;67;EUR;MWh;NO;NO;113.5;;113.5;113.5;1;UP
2025-01-05T16:45;2025-01-05T17:00;68;EUR;MWh;NO;NO;115.88;;115.88;115.88;1;UP
2025-01-05T17:00;2025-01-05T17:15;69;EUR;MWh;NO;NO;113.4;-22.04;113.4;-22.04;2;UP_AND_DOWN
2025-01-05T17:15;2025-01-05T17:30;70;EUR;MWh;NO;NO;139.71;26.65;139.71;139.71;1;UP
2025-01-05T17:30;2025-01-05T17:45;71;EUR;MWh;NO;NO;121.88;;121.88;121.88;1;UP
2025-01-05T17:45;2025-01-05T18:00;72;EUR;MWh;NO;NO;112.7;;112.7;112.7;1;UP
2025-01-05T18:00;2025-01-05T18:15;73;EUR;MWh;NO;NO;110.57;96.11;110.57;80.59;2;UP_AND_DOWN
2025-01-05T18:15;2025-01-05T18:30;74;EUR;MWh;NO;NO;114.45;-13.45;114.45;-13.45;2;UP_AND_DOWN
2025-01-05T18:30;2025-01-05T18:45;75;EUR;MWh;NO;NO;117.81;-23.74;117.81;-23.74;2;UP_AND_DOWN
2025-01-05T18:45;2025-01-05T19:00;76;EUR;MWh;NO;NO;115.88;-22.83;115.88;-22.83;2;UP_AND_DOWN
2025-01-05T19:00;2025-01-05T19:15;77;EUR;MWh;NO;NO;114.57;;114.57;114.57;1;UP
2025-01-05T19:15;2025-01-05T19:30;78;EUR;MWh;NO;NO;82.04;;82.04;82.04;1;UP
2025-01-05T19:30;2025-01-05T19:45;79;EUR;MWh;NO;NO;85.06;-14.12;85.06;-14.12;2;UP_AND_DOWN
2025-01-05T19:45;2025-01-05T20:00;80;EUR;MWh;NO;NO;95.07;-32.53;95.07;-32.53;2;UP_AND_DOWN
2025-01-05T20:00;2025-01-05T20:15;81;EUR;MWh;NO;NO;174;-32.53;174;174;1;UP
2025-01-05T20:15;2025-01-05T20:30;82;EUR;MWh;NO;NO;83.15;96.11;96.11;96.11;-1;DOWN
2025-01-05T20:30;2025-01-05T20:45;83;EUR;MWh;NO;NO;;-3.9;-3.9;-3.9;-1;DOWN
2025-01-05T20:45;2025-01-05T21:00;84;EUR;MWh;NO;NO;;-6.35;-6.35;-6.35;-1;DOWN
2025-01-05T21:00;2025-01-05T21:15;85;EUR;MWh;NO;NO;155;-6.35;155;155;1;UP
2025-01-05T21:15;2025-01-05T21:30;86;EUR;MWh;NO;NO;110.4;46;110.4;110.4;1;UP
2025-01-05T21:30;2025-01-05T21:45;87;EUR;MWh;NO;NO;110.4;-30;-30;-30;-1;DOWN
2025-01-05T21:45;2025-01-05T22:00;88;EUR;MWh;NO;NO;;-45.22;-45.22;-45.22;-1;DOWN
2025-01-05T22:00;2025-01-05T22:15;89;EUR;MWh;NO;NO;111.9;-20;111.9;-20;2;UP_AND_DOWN
2025-01-05T22:15;2025-01-05T22:30;90;EUR;MWh;NO;NO;43.91;-51.55;70.01;-51.55;2;UP_AND_DOWN
2025-01-05T22:30;2025-01-05T22:45;91;EUR;MWh;NO;NO;;-40;-40;-40;-1;DOWN
2025-01-05T22:45;2025-01-05T23:00;92;EUR;MWh;NO;NO;49.12;-23.13;-23.13;-23.13;-1;DOWN
2025-01-05T23:00;2025-01-05T23:15;93;EUR;MWh;NO;NO;101.55;-23.13;101.55;101.55;1;UP
2025-01-05T23:15;2025-01-05T23:30;94;EUR;MWh;NO;NO;85.06;-30;-30;-30;-1;DOWN
2025-01-05T23:30;2025-01-05T23:45;95;EUR;MWh;NO;NO;95.07;-30;95.07;-30;2;UP_AND_DOWN
2025-01-05T23:45;2025-01-06T00:00;96;EUR;MWh;NO;NO;95.07;-40;-40;-40;-1;DOWN
2025-01-06T00:00;2025-01-06T00:15;1;EUR;MWh;NO;NO;;-32;-32;-32;-1;DOWN
2025-01-06T00:15;2025-01-06T00:30;2;EUR;MWh;NO;NO;;-20;-20;-20;-1;DOWN
2025-01-06T00:30;2025-01-06T00:45;3;EUR;MWh;NO;NO;;-21.89;-21.89;-21.89;-1;DOWN
2025-01-06T00:45;2025-01-06T01:00;4;EUR;MWh;NO;NO;;-40;-40;-40;-1;DOWN
2025-01-06T01:00;2025-01-06T01:15;5;EUR;MWh;NO;NO;136.6;-50;136.6;-50;2;UP_AND_DOWN
2025-01-06T01:15;2025-01-06T01:30;6;EUR;MWh;NO;NO;;-55;-55;-55;-1;DOWN
2025-01-06T01:30;2025-01-06T01:45;7;EUR;MWh;NO;NO;;-30;-30;-30;-1;DOWN
2025-01-06T01:45;2025-01-06T02:00;8;EUR;MWh;NO;NO;;-30;-30;-30;-1;DOWN
2025-01-06T02:00;2025-01-06T02:15;9;EUR;MWh;NO;NO;99.12;-11.95;99.12;-11.95;2;UP_AND_DOWN
2025-01-06T02:15;2025-01-06T02:30;10;EUR;MWh;NO;NO;30;-11.96;63.06;-11.96;2;UP_AND_DOWN
2025-01-06T02:30;2025-01-06T02:45;11;EUR;MWh;NO;NO;;-30;-30;-30;-1;DOWN
2025-01-06T02:45;2025-01-06T03:00;12;EUR;MWh;NO;NO;;-32;-32;-32;-1;DOWN
2025-01-06T03:00;2025-01-06T03:15;13;EUR;MWh;NO;NO;;-30;-30;-30;-1;DOWN
2025-01-06T03:15;2025-01-06T03:30;14;EUR;MWh;NO;NO;;-26.69;-26.69;-26.69;-1;DOWN
2025-01-06T03:30;2025-01-06T03:45;15;EUR;MWh;NO;NO;;-30;-30;-30;-1;DOWN
2025-01-06T03:45;2025-01-06T04:00;16;EUR;MWh;NO;NO;;-24.12;-24.12;-24.12;-1;DOWN
2025-01-06T04:00;2025-01-06T04:15;17;EUR;MWh;NO;NO;;-11.9;-11.9;-11.9;-1;DOWN
2025-01-06T04:15;2025-01-06T04:30;18;EUR;MWh;NO;NO;63.07;-11.89;-11.89;-11.89;-1;DOWN
2025-01-06T04:30;2025-01-06T04:45;19;EUR;MWh;NO;NO;63.07;-18.22;79.59;-18.22;2;UP_AND_DOWN
2025-01-06T04:45;2025-01-06T05:00;20;EUR;MWh;NO;NO;85.07;-6.51;85.07;-6.51;2;UP_AND_DOWN
2025-01-06T05:00;2025-01-06T05:15;21;EUR;MWh;NO;NO;104.88;-30;104.88;-30;2;UP_AND_DOWN
2025-01-06T05:15;2025-01-06T05:30;22;EUR;MWh;NO;NO;101.11;-30;101.11;101.11;1;UP
2025-01-06T05:30;2025-01-06T05:45;23;EUR;MWh;NO;NO;97.77;96.11;97.77;97.77;1;UP
2025-01-06T05:45;2025-01-06T06:00;24;EUR;MWh;NO;NO;136.6;;136.6;136.6;1;UP
2025-01-06T06:00;2025-01-06T06:15;25;EUR;MWh;NO;NO;105.93;-30;105.93;-30;2;UP_AND_DOWN
2025-01-06T06:15;2025-01-06T06:30;26;EUR;MWh;NO;NO;115;;115;115;1;UP
2025-01-06T06:30;2025-01-06T06:45;27;EUR;MWh;NO;NO;124;;124;124;1;UP
2025-01-06T06:45;2025-01-06T07:00;28;EUR;MWh;NO;NO;136.9;;136.9;136.9;1;UP
2025-01-06T07:00;2025-01-06T07:15;29;EUR;MWh;NO;NO;105.93;96.11;105.93;80.59;2;UP_AND_DOWN
2025-01-06T07:15;2025-01-06T07:30;30;EUR;MWh;NO;NO;113.12;;113.12;113.12;1;UP
2025-01-06T07:30;2025-01-06T07:45;31;EUR;MWh;NO;NO;136.1;;136.1;136.1;1;UP
2025-01-06T07:45;2025-01-06T08:00;32;EUR;MWh;NO;NO;155;;155;155;1;UP
2025-01-06T08:00;2025-01-06T08:15;33;EUR;MWh;NO;NO;150.1;-15;150.1;-15;2;UP_AND_DOWN
2025-01-06T08:15;2025-01-06T08:30;34;EUR;MWh;NO;NO;121.81;-15;121.81;121.81;1;UP
2025-01-06T08:30;2025-01-06T08:45;35;EUR;MWh;NO;NO;126.93;;126.93;126.93;1;UP
2025-01-06T08:45;2025-01-06T09:00;36;EUR;MWh;NO;NO;135.9;;135.9;135.9;1;UP
2025-01-06T09:00;2025-01-06T09:15;37;EUR;MWh;NO;NO;130.07;-11;130.07;-11;2;UP_AND_DOWN
2025-01-06T09:15;2025-01-06T09:30;38;EUR;MWh;NO;NO;135.9;-3.45;135.9;-3.45;2;UP_AND_DOWN
2025-01-06T09:30;2025-01-06T09:45;39;EUR;MWh;NO;NO;134.19;-3.3;134.19;-3.3;2;UP_AND_DOWN
2025-01-06T09:45;2025-01-06T10:00;40;EUR;MWh;NO;NO;130.07;-5.29;130.07;130.07;1;UP
2025-01-06T10:00;2025-01-06T10:15;41;EUR;MWh;NO;NO;124.02;-24.8;124.02;-24.8;2;UP_AND_DOWN
2025-01-06T10:15;2025-01-06T10:30;42;EUR;MWh;NO;NO;124.08;-24.8;124.08;124.08;1;UP
2025-01-06T10:30;2025-01-06T10:45;43;EUR;MWh;NO;NO;121.81;-32;121.81;-32;2;UP_AND_DOWN
2025-01-06T10:45;2025-01-06T11:00;44;EUR;MWh;NO;NO;110;-32;110;110;1;UP
2025-01-06T11:00;2025-01-06T11:15;45;EUR;MWh;NO;NO;155;-32;155;155;1;UP
2025-01-06T11:15;2025-01-06T11:30;46;EUR;MWh;NO;NO;65.07;;65.07;65.07;1;UP
2025-01-06T11:30;2025-01-06T11:45;47;EUR;MWh;NO;NO;;-3.89;-3.89;-3.89;-1;DOWN
2025-01-06T11:45;2025-01-06T12:00;48;EUR;MWh;NO;NO;;20;20;20;-1;DOWN
2025-01-06T12:00;2025-01-06T12:15;49;EUR;MWh;NO;NO;;-27.33;-27.33;-27.33;-1;DOWN
2025-01-06T12:15;2025-01-06T12:30;50;EUR;MWh;NO;NO;;20;20;20;-1;DOWN
2025-01-06T12:30;2025-01-06T12:45;51;EUR;MWh;NO;NO;;66;66;66;-1;DOWN
2025-01-06T12:45;2025-01-06T13:00;52;EUR;MWh;NO;NO;;88.05;88.05;88.05;-1;DOWN
2025-01-06T13:00;2025-01-06T13:15;53;EUR;MWh;NO;NO;;-5.29;-5.29;-5.29;-1;DOWN
2025-01-06T13:15;2025-01-06T13:30;54;EUR;MWh;NO;NO;;20;20;20;-1;DOWN
2025-01-06T13:30;2025-01-06T13:45;55;EUR;MWh;NO;NO;89.3;30;89.3;30;2;UP_AND_DOWN
2025-01-06T13:45;2025-01-06T14:00;56;EUR;MWh;NO;NO;95.07;-3.86;95.07;-3.86;2;UP_AND_DOWN
2025-01-06T14:00;2025-01-06T14:15;57;EUR;MWh;NO;NO;106.81;-14.19;106.81;-14.19;2;UP_AND_DOWN
2025-01-06T14:15;2025-01-06T14:30;58;EUR;MWh;NO;NO;65.07;66;78.94;66;2;UP_AND_DOWN
2025-01-06T14:30;2025-01-06T14:45;59;EUR;MWh;NO;NO;;88.69;88.69;88.69;-1;DOWN
2025-01-06T14:45;2025-01-06T15:00;60;EUR;MWh;NO;NO;136.3;88.69;136.3;136.3;1;UP
2025-01-06T15:00;2025-01-06T15:15;61;EUR;MWh;NO;NO;124;;124;124;1;UP
2025-01-06T15:15;2025-01-06T15:30;62;EUR;MWh;NO;NO;172.48;;172.48;172.48;1;UP
2025-01-06T15:30;2025-01-06T15:45;63;EUR;MWh;NO;NO;147.67;;147.67;147.67;1;UP
2025-01-06T15:45;2025-01-06T16:00;64;EUR;MWh;NO;NO;136.7;;136.7;136.7;1;UP
2025-01-06T16:00;2025-01-06T16:15;65;EUR;MWh;NO;NO;121.81;;121.81;121.81;1;UP
2025-01-06T16:15;2025-01-06T16:30;66;EUR;MWh;NO;NO;137.6;;137.6;137.6;1;UP
2025-01-06T16:30;2025-01-06T16:45;67;EUR;MWh;NO;NO;130.07;;130.07;130.07;1;UP
2025-01-06T16:45;2025-01-06T17:00;68;EUR;MWh;NO;NO;200;;200;200;1;UP
2025-01-06T17:00;2025-01-06T17:15;69;EUR;MWh;NO;NO;203;;203;203;1;UP
2025-01-06T17:15;2025-01-06T17:30;70;EUR;MWh;NO;NO;167.7;;167.7;167.7;1;UP
2025-01-06T17:30;2025-01-06T17:45;71;EUR;MWh;NO;NO;167.7;;167.7;167.7;1;UP
2025-01-06T17:45;2025-01-06T18:00;72;EUR;MWh;NO;NO;195.8;;195.8;195.8;1;UP
2025-01-06T18:00;2025-01-06T18:15;73;EUR;MWh;NO;NO;1895;;1895;1895;1;UP
2025-01-06T18:15;2025-01-06T18:30;74;EUR;MWh;NO;NO;167.3;;167.3;167.3;1;UP
2025-01-06T18:30;2025-01-06T18:45;75;EUR;MWh;NO;NO;131.69;;131.69;131.69;1;UP
2025-01-06T18:45;2025-01-06T19:00;76;EUR;MWh;NO;NO;139.3;;139.3;139.3;1;UP
2025-01-06T19:00;2025-01-06T19:15;77;EUR;MWh;NO;NO;496.42;;496.42;496.42;1;UP
2025-01-06T19:15;2025-01-06T19:30;78;EUR;MWh;NO;NO;174.95;23.3;23.3;23.3;-1;DOWN
2025-01-06T19:30;2025-01-06T19:45;79;EUR;MWh;NO;NO;204;23.3;204;23.3;2;UP_AND_DOWN
2025-01-06T19:45;2025-01-06T20:00;80;EUR;MWh;NO;NO;289.95;23.3;289.95;23.3;2;UP_AND_DOWN
2025-01-06T20:00;2025-01-06T20:15;81;EUR;MWh;NO;NO;340;7.3;340;7.3;2;UP_AND_DOWN
2025-01-06T20:15;2025-01-06T20:30;82;EUR;MWh;NO;NO;198.7;;198.7;198.7;1;UP
2025-01-06T20:30;2025-01-06T20:45;83;EUR;MWh;NO;NO;66;7.3;78.94;7.3;2;UP_AND_DOWN
2025-01-06T20:45;2025-01-06T21:00;84;EUR;MWh;NO;NO;120;7.3;120;120;1;UP
2025-01-06T21:00;2025-01-06T21:15;85;EUR;MWh;NO;NO;177.7;-8.69;177.7;-8.69;2;UP_AND_DOWN
2025-01-06T21:15;2025-01-06T21:30;86;EUR;MWh;NO;NO;1895;;1895;1895;1;UP
2025-01-06T21:30;2025-01-06T21:45;87;EUR;MWh;NO;NO;173.28;-8.69;173.28;-8.69;2;UP_AND_DOWN
2025-01-06T21:45;2025-01-06T22:00;88;EUR;MWh;NO;NO;214;-14;214;-14;2;UP_AND_DOWN
2025-01-06T22:00;2025-01-06T22:15;89;EUR;MWh;NO;NO;1895;-13.9;1895;-13.9;2;UP_AND_DOWN
2025-01-06T22:15;2025-01-06T22:30;90;EUR;MWh;NO;NO;1895;;1895;1895;1;UP
2025-01-06T22:30;2025-01-06T22:45;91;EUR;MWh;NO;NO;83.36;-13.9;83.36;-13.9;2;UP_AND_DOWN
2025-01-06T22:45;2025-01-06T23:00;92;EUR;MWh;NO;NO;120;-12.02;120;-12.02;2;UP_AND_DOWN
2025-01-06T23:00;2025-01-06T23:15;93;EUR;MWh;NO;NO;1895;-30;1895;-30;2;UP_AND_DOWN
2025-01-06T23:15;2025-01-06T23:30;94;EUR;MWh;NO;NO;180;-12.9;-12.9;-12.9;-1;DOWN
2025-01-06T23:30;2025-01-06T23:45;95;EUR;MWh;NO;NO;120;-20.84;120;-20.84;2;UP_AND_DOWN
2025-01-06T23:45;2025-01-07T00:00;96;EUR;MWh;NO;NO;106.23;-33.6;-33.6;-33.6;-1;DOWN
2025-01-07T00:00;2025-01-07T00:15;1;EUR;MWh;NO;NO;;-64.2;-64.2;-64.2;-1;DOWN
2025-01-07T00:15;2025-01-07T00:30;2;EUR;MWh;NO;NO;;-30;-30;-30;-1;DOWN
2025-01-07T00:30;2025-01-07T00:45;3;EUR;MWh;NO;NO;120;-64.2;120;-64.2;2;UP_AND_DOWN
2025-01-07T00:45;2025-01-07T01:00;4;EUR;MWh;NO;NO;;-27.01;-27.01;-27.01;-1;DOWN
2025-01-07T01:00;2025-01-07T01:15;5;EUR;MWh;NO;NO;120;-9.68;120;-9.68;2;UP_AND_DOWN
2025-01-07T01:15;2025-01-07T01:30;6;EUR;MWh;NO;NO;75.07;-16.51;81.54;-16.51;2;UP_AND_DOWN
2025-01-07T01:30;2025-01-07T01:45;7;EUR;MWh;NO;NO;;-7.55;-7.55;-7.55;-1;DOWN
2025-01-07T01:45;2025-01-07T02:00;8;EUR;MWh;NO;NO;109.57;-22;109.57;-22;2;UP_AND_DOWN
2025-01-07T02:00;2025-01-07T02:15;9;EUR;MWh;NO;NO;160.57;-22;160.57;-22;2;UP_AND_DOWN
2025-01-07T02:15;2025-01-07T02:30;10;EUR;MWh;NO;NO;140;;140;140;1;UP
2025-01-07T02:30;2025-01-07T02:45;11;EUR;MWh;NO;NO;115.81;;115.81;115.81;1;UP
2025-01-07T02:45;2025-01-07T03:00;12;EUR;MWh;NO;NO;115.81;;115.81;115.81;1;UP
2025-01-07T03:00;2025-01-07T03:15;13;EUR;MWh;NO;NO;120;;120;120;1;UP
2025-01-07T03:15;2025-01-07T03:30;14;EUR;MWh;NO;NO;85.07;98;85.07;81.54;2;UP_AND_DOWN
2025-01-07T03:30;2025-01-07T03:45;15;EUR;MWh;NO;NO;65.07;;65.07;65.07;1;UP
2025-01-07T03:45;2025-01-07T04:00;16;EUR;MWh;NO;NO;;-9.59;-9.59;-9.59;-1;DOWN
2025-01-07T04:00;2025-01-07T04:15;17;EUR;MWh;NO;NO;;-40;-40;-40;-1;DOWN
2025-01-07T04:15;2025-01-07T04:30;18;EUR;MWh;NO;NO;120;-22;120;120;1;UP
2025-01-07T04:30;2025-01-07T04:45;19;EUR;MWh;NO;NO;120;-33.24;120;-33.24;2;UP_AND_DOWN
2025-01-07T04:45;2025-01-07T05:00;20;EUR;MWh;NO;NO;;-30;-30;-30;-1;DOWN
2025-01-07T05:00;2025-01-07T05:15;21;EUR;MWh;NO;NO;;-11.77;-11.77;-11.77;-1;DOWN
2025-01-07T05:15;2025-01-07T05:30;22;EUR;MWh;NO;NO;;-11.77;81.54;81.54;0;STABLE
2025-01-07T05:30;2025-01-07T05:45;23;EUR;MWh;NO;NO;65.07;98;81.54;81.54;2;UP_AND_DOWN
2025-01-07T05:45;2025-01-07T06:00;24;EUR;MWh;NO;NO;65.07;;65.07;65.07;1;UP
2025-01-07T06:00;2025-01-07T06:15;25;EUR;MWh;NO;NO;;-22;-22;-22;-1;DOWN
2025-01-07T06:15;2025-01-07T06:30;26;EUR;MWh;NO;NO;65.07;-24.8;-24.8;-24.8;-1;DOWN
2025-01-07T06:30;2025-01-07T06:45;27;EUR;MWh;NO;NO;180.1;-24.8;180.1;180.1;1;UP
2025-01-07T06:45;2025-01-07T07:00;28;EUR;MWh;NO;NO;180.1;;180.1;180.1;1;UP
2025-01-07T07:00;2025-01-07T07:15;29;EUR;MWh;NO;NO;133.57;;133.57;133.57;1;UP
2025-01-07T07:15;2025-01-07T07:30;30;EUR;MWh;NO;NO;99;92.64;99;81.54;2;UP_AND_DOWN
2025-01-07T07:30;2025-01-07T07:45;31;EUR;MWh;NO;NO;129.59;92.64;129.59;129.59;1;UP
2025-01-07T07:45;2025-01-07T08:00;32;EUR;MWh;NO;NO;139.9;;139.9;139.9;1;UP
2025-01-07T08:00;2025-01-07T08:15;33;EUR;MWh;NO;NO;128.34;66;128.34;66;2;UP_AND_DOWN
2025-01-07T08:15;2025-01-07T08:30;34;EUR;MWh;NO;NO;139.9;;139.9;139.9;1;UP
2025-01-07T08:30;2025-01-07T08:45;35;EUR;MWh;NO;NO;180.1;;180.1;180.1;1;UP
2025-01-07T08:45;2025-01-07T09:00;36;EUR;MWh;NO;NO;300;;300;300;1;UP
2025-01-07T09:00;2025-01-07T09:15;37;EUR;MWh;NO;NO;1895;;1895;1895;1;UP
2025-01-07T09:15;2025-01-07T09:30;38;EUR;MWh;NO;NO;1895;66;1895;66;2;UP_AND_DOWN
2025-01-07T09:30;2025-01-07T09:45;39;EUR;MWh;NO;NO;1895;26.65;1895;26.65;2;UP_AND_DOWN
2025-01-07T09:45;2025-01-07T10:00;40;EUR;MWh;NO;NO;1000;20;1000;20;2;UP_AND_DOWN
2025-01-07T10:00;2025-01-07T10:15;41;EUR;MWh;NO;NO;1000;15.9;15.9;15.9;-1;DOWN
2025-01-07T10:15;2025-01-07T10:30;42;EUR;MWh;NO;NO;1895;-6.54;1895;-6.54;2;UP_AND_DOWN
2025-01-07T10:30;2025-01-07T10:45;43;EUR;MWh;NO;NO;1895;-67.2;1895;-67.2;2;UP_AND_DOWN
2025-01-07T10:45;2025-01-07T11:00;44;EUR;MWh;NO;NO;200;-100.65;200;-100.65;2;UP_AND_DOWN
2025-01-07T11:00;2025-01-07T11:15;45;EUR;MWh;NO;NO;475.86;-11.77;475.86;-11.77;2;UP_AND_DOWN
2025-01-07T11:15;2025-01-07T11:30;46;EUR;MWh;NO;NO;66;-23.01;-23.01;-23.01;-1;DOWN
2025-01-07T11:30;2025-01-07T11:45;47;EUR;MWh;NO;NO;120;-12;120;-12;2;UP_AND_DOWN
2025-01-07T11:45;2025-01-07T12:00;48;EUR;MWh;NO;NO;;-50.72;-50.72;-50.72;-1;DOWN
2025-01-07T12:00;2025-01-07T12:15;49;EUR;MWh;NO;NO;139.9;-50.72;139.9;139.9;1;UP
2025-01-07T12:15;2025-01-07T12:30;50;EUR;MWh;NO;NO;120;-11.19;120;-11.19;2;UP_AND_DOWN
2025-01-07T12:30;2025-01-07T12:45;51;EUR;MWh;NO;NO;;-16.6;-16.6;-16.6;-1;DOWN
2025-01-07T12:45;2025-01-07T13:00;52;EUR;MWh;NO;NO;140.2;-511.99;140.2;-511.99;2;UP_AND_DOWN
2025-01-07T13:00;2025-01-07T13:15;53;EUR;MWh;NO;NO;178;-532.86;178;-532.86;2;UP_AND_DOWN
2025-01-07T13:15;2025-01-07T13:30;54;EUR;MWh;NO;NO;137.7;-532.86;137.7;-532.86;2;UP_AND_DOWN
2025-01-07T13:30;2025-01-07T13:45;55;EUR;MWh;NO;NO;139.8;-10;139.8;-10;2;UP_AND_DOWN
2025-01-07T13:45;2025-01-07T14:00;56;EUR;MWh;NO;NO;224;-6.54;224;-6.54;2;UP_AND_DOWN
2025-01-07T14:00;2025-01-07T14:15;57;EUR;MWh;NO;NO;177.7;-3.83;-3.83;-3.83;-1;DOWN
2025-01-07T14:15;2025-01-07T14:30;58;EUR;MWh;NO;NO;139.9;26.65;139.9;139.9;1;UP
2025-01-07T14:30;2025-01-07T14:45;59;EUR;MWh;NO;NO;139.8;;139.8;139.8;1;UP
2025-01-07T14:45;2025-01-07T15:00;60;EUR;MWh;NO;NO;140;;140;140;1;UP
2025-01-07T15:00;2025-01-07T15:15;61;EUR;MWh;NO;NO;120.11;-31;120.11;-31;2;UP_AND_DOWN
2025-01-07T15:15;2025-01-07T15:30;62;EUR;MWh;NO;NO;250;-4.7;250;-4.7;2;UP_AND_DOWN
2025-01-07T15:30;2025-01-07T15:45;63;EUR;MWh;NO;NO;200;26.65;200;26.65;2;UP_AND_DOWN
2025-01-07T15:45;2025-01-07T16:00;64;EUR;MWh;NO;NO;116.68;27;116.68;27;2;UP_AND_DOWN
2025-01-07T16:00;2025-01-07T16:15;65;EUR;MWh;NO;NO;116.68;-2.73;-2.73;-2.73;-1;DOWN
2025-01-07T16:15;2025-01-07T16:30;66;EUR;MWh;NO;NO;;62.18;62.18;62.18;-1;DOWN
2025-01-07T16:30;2025-01-07T16:45;67;EUR;MWh;NO;NO;;-18.41;-18.41;-18.41;-1;DOWN
2025-01-07T16:45;2025-01-07T17:00;68;EUR;MWh;NO;NO;139.59;27;139.59;27;2;UP_AND_DOWN
2025-01-07T17:00;2025-01-07T17:15;69;EUR;MWh;NO;NO;139.8;25.57;139.8;25.57;2;UP_AND_DOWN
2025-01-07T17:15;2025-01-07T17:30;70;EUR;MWh;NO;NO;175.1;55.8;175.1;55.8;2;UP_AND_DOWN
2025-01-07T17:30;2025-01-07T17:45;71;EUR;MWh;NO;NO;139.7;27;139.7;27;2;UP_AND_DOWN
2025-01-07T17:45;2025-01-07T18:00;72;EUR;MWh;NO;NO;139.7;-3.83;139.7;-3.83;2;UP_AND_DOWN
2025-01-07T18:00;2025-01-07T18:15;73;EUR;MWh;NO;NO;139.7;66.3;139.7;66.3;2;UP_AND_DOWN
2025-01-07T18:15;2025-01-07T18:30;74;EUR;MWh;NO;NO;135.69;66.3;135.69;66.3;2;UP_AND_DOWN
2025-01-07T18:30;2025-01-07T18:45;75;EUR;MWh;NO;NO;123.86;66.3;66.3;66.3;-1;DOWN
2025-01-07T18:45;2025-01-07T19:00;76;EUR;MWh;NO;NO;;66.3;66.3;66.3;-1;DOWN
2025-01-07T19:00;2025-01-07T19:15;77;EUR;MWh;NO;NO;139.7;66.3;139.7;139.7;1;UP
2025-01-07T19:15;2025-01-07T19:30;78;EUR;MWh;NO;NO;137.7;26.65;26.65;26.65;-1;DOWN
2025-01-07T19:30;2025-01-07T19:45;79;EUR;MWh;NO;NO;128.56;-3.83;128.56;-3.83;2;UP_AND_DOWN
2025-01-07T19:45;2025-01-07T20:00;80;EUR;MWh;NO;NO;128.56;;128.56;128.56;1;UP
2025-01-07T20:00;2025-01-07T20:15;81;EUR;MWh;NO;NO;139.7;;139.7;139.7;1;UP
2025-01-07T20:15;2025-01-07T20:30;82;EUR;MWh;NO;NO;120.98;;120.98;120.98;1;UP
2025-01-07T20:30;2025-01-07T20:45;83;EUR;MWh;NO;NO;129.11;;129.11;129.11;1;UP
2025-01-07T20:45;2025-01-07T21:00;84;EUR;MWh;NO;NO;139.7;;139.7;139.7;1;UP
2025-01-07T21:00;2025-01-07T21:15;85;EUR;MWh;NO;NO;120;42.6;120;42.6;2;UP_AND_DOWN
2025-01-07T21:15;2025-01-07T21:30;86;EUR;MWh;NO;NO;120;;120;120;1;UP
2025-01-07T21:30;2025-01-07T21:45;87;EUR;MWh;NO;NO;114.11;;114.11;114.11;1;UP
2025-01-07T21:45;2025-01-07T22:00;88;EUR;MWh;NO;NO;126.29;;126.29;126.29;1;UP
2025-01-07T22:00;2025-01-07T22:15;89;EUR;MWh;NO;NO;139.8;;139.8;139.8;1;UP
2025-01-07T22:15;2025-01-07T22:30;90;EUR;MWh;NO;NO;120;;120;120;1;UP
2025-01-07T22:30;2025-01-07T22:45;91;EUR;MWh;NO;NO;120;26.65;26.65;26.65;-1;DOWN
2025-01-07T22:45;2025-01-07T23:00;92;EUR;MWh;NO;NO;139.7;-6.9;139.7;-6.9;2;UP_AND_DOWN
2025-01-07T23:00;2025-01-07T23:15;93;EUR;MWh;NO;NO;200;-6.9;200;200;1;UP
2025-01-07T23:15;2025-01-07T23:30;94;EUR;MWh;NO;NO;139.7;27;139.7;27;2;UP_AND_DOWN
2025-01-07T23:30;2025-01-07T23:45;95;EUR;MWh;NO;NO;149.05;-8.6;149.05;-8.6;2;UP_AND_DOWN
2025-01-07T23:45;2025-01-08T00:00;96;EUR;MWh;NO;NO;85.07;-8.6;85.07;-8.6;2;UP_AND_DOWN
2025-01-08T00:00;2025-01-08T00:15;1;EUR;MWh;NO;NO;112.94;-3.9;112.94;-3.9;2;UP_AND_DOWN
2025-01-08T00:15;2025-01-08T00:30;2;EUR;MWh;NO;NO;112.95;-22.64;112.95;-22.64;2;UP_AND_DOWN
2025-01-08T00:30;2025-01-08T00:45;3;EUR;MWh;NO;NO;;-28.07;-28.07;-28.07;-1;DOWN
2025-01-08T00:45;2025-01-08T01:00;4;EUR;MWh;NO;NO;;27;27;27;-1;DOWN
2025-01-08T01:00;2025-01-08T01:15;5;EUR;MWh;NO;NO;135.8;-3.87;135.8;-3.87;2;UP_AND_DOWN
2025-01-08T01:15;2025-01-08T01:30;6;EUR;MWh;NO;NO;122.18;;122.18;122.18;1;UP
2025-01-08T01:30;2025-01-08T01:45;7;EUR;MWh;NO;NO;122.18;55;55;55;-1;DOWN
2025-01-08T01:45;2025-01-08T02:00;8;EUR;MWh;NO;NO;112.98;-6.86;112.98;-6.86;2;UP_AND_DOWN
2025-01-08T02:00;2025-01-08T02:15;9;EUR;MWh;NO;NO;120;-6.86;120;120;1;UP
2025-01-08T02:15;2025-01-08T02:30;10;EUR;MWh;NO;NO;107.94;65.17;107.94;65.17;2;UP_AND_DOWN
2025-01-08T02:30;2025-01-08T02:45;11;EUR;MWh;NO;NO;116.33;27;116.33;27;2;UP_AND_DOWN
2025-01-08T02:45;2025-01-08T03:00;12;EUR;MWh;NO;NO;116.65;;116.65;116.65;1;UP
2025-01-08T03:00;2025-01-08T03:15;13;EUR;MWh;NO;NO;112.74;27;112.74;27;2;UP_AND_DOWN
2025-01-08T03:15;2025-01-08T03:30;14;EUR;MWh;NO;NO;;27;27;27;-1;DOWN
2025-01-08T03:30;2025-01-08T03:45;15;EUR;MWh;NO;NO;;27;27;27;-1;DOWN
2025-01-08T03:45;2025-01-08T04:00;16;EUR;MWh;NO;NO;;27;27;27;-1;DOWN
2025-01-08T04:00;2025-01-08T04:15;17;EUR;MWh;NO;NO;;-39.79;-39.79;-39.79;-1;DOWN
2025-01-08T04:15;2025-01-08T04:30;18;EUR;MWh;NO;NO;65.07;-18.67;-18.67;-18.67;-1;DOWN
2025-01-08T04:30;2025-01-08T04:45;19;EUR;MWh;NO;NO;107.93;-8.91;107.93;-8.91;2;UP_AND_DOWN
2025-01-08T04:45;2025-01-08T05:00;20;EUR;MWh;NO;NO;;-6.47;-6.47;-6.47;-1;DOWN
2025-01-08T05:00;2025-01-08T05:15;21;EUR;MWh;NO;NO;;-12.53;-12.53;-12.53;-1;DOWN
2025-01-08T05:15;2025-01-08T05:30;22;EUR;MWh;NO;NO;125;-12.26;125;125;1;UP
2025-01-08T05:30;2025-01-08T05:45;23;EUR;MWh;NO;NO;127.74;;127.74;127.74;1;UP
2025-01-08T05:45;2025-01-08T06:00;24;EUR;MWh;NO;NO;107.84;76.65;107.84;107.84;1;UP
2025-01-08T06:00;2025-01-08T06:15;25;EUR;MWh;NO;NO;85.07;-8.95;-8.95;-8.95;-1;DOWN
2025-01-08T06:15;2025-01-08T06:30;26;EUR;MWh;NO;NO;119.25;-8.95;119.25;119.25;1;UP
2025-01-08T06:30;2025-01-08T06:45;27;EUR;MWh;NO;NO;135.4;;135.4;135.4;1;UP
2025-01-08T06:45;2025-01-08T07:00;28;EUR;MWh;NO;NO;135.4;;135.4;135.4;1;UP
2025-01-08T07:00;2025-01-08T07:15;29;EUR;MWh;NO;NO;120;;120;120;1;UP
2025-01-08T07:15;2025-01-08T07:30;30;EUR;MWh;NO;NO;120;99.57;120;83.29;2;UP_AND_DOWN
2025-01-08T07:30;2025-01-08T07:45;31;EUR;MWh;NO;NO;173.7;;173.7;173.7;1;UP
2025-01-08T07:45;2025-01-08T08:00;32;EUR;MWh;NO;NO;290.46;;290.46;290.46;1;UP
2025-01-08T08:00;2025-01-08T08:15;33;EUR;MWh;NO;NO;173.7;;173.7;173.7;1;UP
2025-01-08T08:15;2025-01-08T08:30;34;EUR;MWh;NO;NO;181.9;;181.9;181.9;1;UP
2025-01-08T08:30;2025-01-08T08:45;35;EUR;MWh;NO;NO;1895;87.95;1895;84.32;2;UP_AND_DOWN
2025-01-08T08:45;2025-01-08T09:00;36;EUR;MWh;NO;NO;135.4;76.65;135.4;76.65;2;UP_AND_DOWN
2025-01-08T09:00;2025-01-08T09:15;37;EUR;MWh;NO;NO;149.58;74.95;149.58;74.95;2;UP_AND_DOWN
2025-01-08T09:15;2025-01-08T09:30;38;EUR;MWh;NO;NO;;74.95;74.95;74.95;-1;DOWN
2025-01-08T09:30;2025-01-08T09:45;39;EUR;MWh;NO;NO;;27;27;27;-1;DOWN
2025-01-08T09:45;2025-01-08T10:00;40;EUR;MWh;NO;NO;;35.29;35.29;35.29;-1;DOWN
2025-01-08T10:00;2025-01-08T10:15;41;EUR;MWh;NO;NO;;30.9;30.9;30.9;-1;DOWN
2025-01-08T10:15;2025-01-08T10:30;42;EUR;MWh;NO;NO;;44;44;44;-1;DOWN
2025-01-08T10:30;2025-01-08T10:45;43;EUR;MWh;NO;NO;;34.06;34.06;34.06;-1;DOWN
2025-01-08T10:45;2025-01-08T11:00;44;EUR;MWh;NO;NO;;;0;0;-1;DOWN
2025-01-08T11:00;2025-01-08T11:15;45;EUR;MWh;NO;NO;;44;44;44;-1;DOWN
2025-01-08T11:15;2025-01-08T11:30;46;EUR;MWh;NO;NO;;44;44;44;-1;DOWN
2025-01-08T11:30;2025-01-08T11:45;47;EUR;MWh;NO;NO;;44.06;44.06;44.06;-1;DOWN
2025-01-08T11:45;2025-01-08T12:00;48;EUR;MWh;NO;NO;;44;44;44;-1;DOWN
2025-01-08T12:00;2025-01-08T12:15;49;EUR;MWh;NO;NO;;79.72;79.72;79.72;-1;DOWN
2025-01-08T12:15;2025-01-08T12:30;50;EUR;MWh;NO;NO;;62;62;62;-1;DOWN
2025-01-08T12:30;2025-01-08T12:45;51;EUR;MWh;NO;NO;;44;44;44;-1;DOWN
2025-01-08T12:45;2025-01-08T13:00;52;EUR;MWh;NO;NO;;62.57;62.57;62.57;-1;DOWN
2025-01-08T13:00;2025-01-08T13:15;53;EUR;MWh;NO;NO;;14.06;14.06;14.06;-1;DOWN
2025-01-08T13:15;2025-01-08T13:30;54;EUR;MWh;NO;NO;;76.65;76.65;76.65;-1;DOWN
2025-01-08T13:30;2025-01-08T13:45;55;EUR;MWh;NO;NO;65.07;79.06;79.06;79.06;-1;DOWN
2025-01-08T13:45;2025-01-08T14:00;56;EUR;MWh;NO;NO;110.22;79.06;110.22;110.22;1;UP
2025-01-08T14:00;2025-01-08T14:15;57;EUR;MWh;NO;NO;110.22;10.28;10.28;10.28;-1;DOWN
2025-01-08T14:15;2025-01-08T14:30;58;EUR;MWh;NO;NO;200;56.57;200;200;1;UP
2025-01-08T14:30;2025-01-08T14:45;59;EUR;MWh;NO;NO;1895;;1895;1895;1;UP
2025-01-08T14:45;2025-01-08T15:00;60;EUR;MWh;NO;NO;176.93;;176.93;176.93;1;UP
2025-01-08T15:00;2025-01-08T15:15;61;EUR;MWh;NO;NO;138.71;;138.71;138.71;1;UP
2025-01-08T15:15;2025-01-08T15:30;62;EUR;MWh;NO;NO;136;;136;136;1;UP
2025-01-08T15:30;2025-01-08T15:45;63;EUR;MWh;NO;NO;135.9;;135.9;135.9;1;UP
2025-01-08T15:45;2025-01-08T16:00;64;EUR;MWh;NO;NO;111.64;84.84;84.84;84.84;-1;DOWN
2025-01-08T16:00;2025-01-08T16:15;65;EUR;MWh;NO;NO;;24.06;24.06;24.06;-1;DOWN
2025-01-08T16:15;2025-01-08T16:30;66;EUR;MWh;NO;NO;109.56;44;109.56;109.56;1;UP
2025-01-08T16:30;2025-01-08T16:45;67;EUR;MWh;NO;NO;113.12;87.95;113.12;82.79;2;UP_AND_DOWN
2025-01-08T16:45;2025-01-08T17:00;68;EUR;MWh;NO;NO;237.31;93.23;237.31;237.31;1;UP
2025-01-08T17:00;2025-01-08T17:15;69;EUR;MWh;NO;NO;300;62;300;62;2;UP_AND_DOWN
2025-01-08T17:15;2025-01-08T17:30;70;EUR;MWh;NO;NO;;90.81;90.81;90.81;-1;DOWN
2025-01-08T17:30;2025-01-08T17:45;71;EUR;MWh;NO;NO;110.95;90.81;110.95;110.95;1;UP
2025-01-08T17:45;2025-01-08T18:00;72;EUR;MWh;NO;NO;62;98.31;82.79;82.79;2;UP_AND_DOWN
2025-01-08T18:00;2025-01-08T18:15;73;EUR;MWh;NO;NO;112;88;112;82.79;2;UP_AND_DOWN
2025-01-08T18:15;2025-01-08T18:30;74;EUR;MWh;NO;NO;;80.95;80.95;80.95;-1;DOWN
2025-01-08T18:30;2025-01-08T18:45;75;EUR;MWh;NO;NO;;95.31;95.31;95.31;-1;DOWN
2025-01-08T18:45;2025-01-08T19:00;76;EUR;MWh;NO;NO;112;103.57;112;82.79;2;UP_AND_DOWN
2025-01-08T19:00;2025-01-08T19:15;77;EUR;MWh;NO;NO;152.76;;152.76;152.76;1;UP
2025-01-08T19:15;2025-01-08T19:30;78;EUR;MWh;NO;NO;108.19;84.32;84.32;84.32;-1;DOWN
2025-01-08T19:30;2025-01-08T19:45;79;EUR;MWh;NO;NO;;55;55;55;-1;DOWN
2025-01-08T19:45;2025-01-08T20:00;80;EUR;MWh;NO;NO;;43;43;43;-1;DOWN
2025-01-08T20:00;2025-01-08T20:15;81;EUR;MWh;NO;NO;140.61;44;140.61;44;2;UP_AND_DOWN
2025-01-08T20:15;2025-01-08T20:30;82;EUR;MWh;NO;NO;120;;120;120;1;UP
2025-01-08T20:30;2025-01-08T20:45;83;EUR;MWh;NO;NO;62;;62;62;1;UP
2025-01-08T20:45;2025-01-08T21:00;84;EUR;MWh;NO;NO;120;105.73;120;84.67;2;UP_AND_DOWN
2025-01-08T21:00;2025-01-08T21:15;85;EUR;MWh;NO;NO;110.95;87.95;110.95;84.67;2;UP_AND_DOWN
2025-01-08T21:15;2025-01-08T21:30;86;EUR;MWh;NO;NO;110.95;105.84;110.95;84.67;2;UP_AND_DOWN
2025-01-08T21:30;2025-01-08T21:45;87;EUR;MWh;NO;NO;129.45;90.81;129.45;84.67;2;UP_AND_DOWN
2025-01-08T21:45;2025-01-08T22:00;88;EUR;MWh;NO;NO;129.44;90.81;129.44;84.67;2;UP_AND_DOWN
2025-01-08T22:00;2025-01-08T22:15;89;EUR;MWh;NO;NO;125.47;89.06;125.47;82.79;2;UP_AND_DOWN
2025-01-08T22:15;2025-01-08T22:30;90;EUR;MWh;NO;NO;103.95;90.38;103.95;84.67;2;UP_AND_DOWN
2025-01-08T22:30;2025-01-08T22:45;91;EUR;MWh;NO;NO;120;90.81;120;84.67;2;UP_AND_DOWN
2025-01-08T22:45;2025-01-08T23:00;92;EUR;MWh;NO;NO;;78;78;78;-1;DOWN
2025-01-08T23:00;2025-01-08T23:15;93;EUR;MWh;NO;NO;120;78;120;120;1;UP
2025-01-08T23:15;2025-01-08T23:30;94;EUR;MWh;NO;NO;110.95;74.67;74.67;74.67;-1;DOWN
2025-01-08T23:30;2025-01-08T23:45;95;EUR;MWh;NO;NO;;75.88;75.88;75.88;-1;DOWN
2025-01-08T23:45;2025-01-09T00:00;96;EUR;MWh;NO;NO;;49.24;49.24;49.24;-1;DOWN
2025-01-09T00:00;2025-01-09T00:15;1;EUR;MWh;NO;NO;200;80.93;200;80.93;2;UP_AND_DOWN
2025-01-09T00:15;2025-01-09T00:30;2;EUR;MWh;NO;NO;154.15;;154.15;154.15;1;UP
2025-01-09T00:30;2025-01-09T00:45;3;EUR;MWh;NO;NO;134.5;;134.5;134.5;1;UP
2025-01-09T00:45;2025-01-09T01:00;4;EUR;MWh;NO;NO;134.5;;134.5;134.5;1;UP
2025-01-09T01:00;2025-01-09T01:15;5;EUR;MWh;NO;NO;134.5;;134.5;134.5;1;UP
2025-01-09T01:15;2025-01-09T01:30;6;EUR;MWh;NO;NO;134.5;;134.5;134.5;1;UP
2025-01-09T01:30;2025-01-09T01:45;7;EUR;MWh;NO;NO;134.5;;134.5;134.5;1;UP
2025-01-09T01:45;2025-01-09T02:00;8;EUR;MWh;NO;NO;134.5;;134.5;134.5;1;UP
2025-01-09T02:00;2025-01-09T02:15;9;EUR;MWh;NO;NO;128.34;;128.34;128.34;1;UP
2025-01-09T02:15;2025-01-09T02:30;10;EUR;MWh;NO;NO;120;;120;120;1;UP
2025-01-09T02:30;2025-01-09T02:45;11;EUR;MWh;NO;NO;112.71;;112.71;112.71;1;UP
2025-01-09T02:45;2025-01-09T03:00;12;EUR;MWh;NO;NO;110.93;;110.93;110.93;1;UP
2025-01-09T03:00;2025-01-09T03:15;13;EUR;MWh;NO;NO;;86.65;86.65;86.65;-1;DOWN
2025-01-09T03:15;2025-01-09T03:30;14;EUR;MWh;NO;NO;;92.98;92.98;92.98;-1;DOWN
2025-01-09T03:30;2025-01-09T03:45;15;EUR;MWh;NO;NO;110.93;92.98;110.93;110.93;1;UP
2025-01-09T03:45;2025-01-09T04:00;16;EUR;MWh;NO;NO;100.93;83.14;83.14;83.14;-1;DOWN
2025-01-09T04:00;2025-01-09T04:15;17;EUR;MWh;NO;NO;120;77.93;120;77.93;2;UP_AND_DOWN
2025-01-09T04:15;2025-01-09T04:30;18;EUR;MWh;NO;NO;120;78.11;78.11;78.11;-1;DOWN
2025-01-09T04:30;2025-01-09T04:45;19;EUR;MWh;NO;NO;;83.14;83.14;83.14;-1;DOWN
2025-01-09T04:45;2025-01-09T05:00;20;EUR;MWh;NO;NO;134.89;;134.89;134.89;1;UP
2025-01-09T05:00;2025-01-09T05:15;21;EUR;MWh;NO;NO;136.07;;136.07;136.07;1;UP
2025-01-09T05:15;2025-01-09T05:30;22;EUR;MWh;NO;NO;135.85;;135.85;135.85;1;UP
2025-01-09T05:30;2025-01-09T05:45;23;EUR;MWh;NO;NO;173;;173;173;1;UP
2025-01-09T05:45;2025-01-09T06:00;24;EUR;MWh;NO;NO;134.4;;134.4;134.4;1;UP
2025-01-09T06:00;2025-01-09T06:15;25;EUR;MWh;NO;NO;134.6;;134.6;134.6;1;UP
2025-01-09T06:15;2025-01-09T06:30;26;EUR;MWh;NO;NO;141.04;;141.04;141.04;1;UP
2025-01-09T06:30;2025-01-09T06:45;27;EUR;MWh;NO;NO;134.6;;134.6;134.6;1;UP
2025-01-09T06:45;2025-01-09T07:00;28;EUR;MWh;NO;NO;172.9;;172.9;172.9;1;UP
2025-01-09T07:00;2025-01-09T07:15;29;EUR;MWh;NO;NO;134.7;91.67;134.7;84.32;2;UP_AND_DOWN
2025-01-09T07:15;2025-01-09T07:30;30;EUR;MWh;NO;NO;189.3;;189.3;189.3;1;UP
2025-01-09T07:30;2025-01-09T07:45;31;EUR;MWh;NO;NO;200;;200;200;1;UP
2025-01-09T07:45;2025-01-09T08:00;32;EUR;MWh;NO;NO;723.73;;723.73;723.73;1;UP
2025-01-09T08:00;2025-01-09T08:15;33;EUR;MWh;NO;NO;207.28;;207.28;207.28;1;UP
2025-01-09T08:15;2025-01-09T08:30;34;EUR;MWh;NO;NO;1000;;1000;1000;1;UP
2025-01-09T08:30;2025-01-09T08:45;35;EUR;MWh;NO;NO;1895;;1895;1895;1;UP
2025-01-09T08:45;2025-01-09T09:00;36;EUR;MWh;NO;NO;1895;;1895;1895;1;UP
2025-01-09T09:00;2025-01-09T09:15;37;EUR;MWh;NO;NO;1312.28;;1312.28;1312.28;1;UP
2025-01-09T09:15;2025-01-09T09:30;38;EUR;MWh;NO;NO;191.25;;191.25;191.25;1;UP
2025-01-09T09:30;2025-01-09T09:45;39;EUR;MWh;NO;NO;172.9;;172.9;172.9;1;UP
2025-01-09T09:45;2025-01-09T10:00;40;EUR;MWh;NO;NO;172.9;;172.9;172.9;1;UP
2025-01-09T10:00;2025-01-09T10:15;41;EUR;MWh;NO;NO;156.44;;156.44;156.44;1;UP
2025-01-09T10:15;2025-01-09T10:30;42;EUR;MWh;NO;NO;134.05;;134.05;134.05;1;UP
2025-01-09T10:30;2025-01-09T10:45;43;EUR;MWh;NO;NO;111.44;174;111.44;111.44;1;UP
2025-01-09T10:45;2025-01-09T11:00;44;EUR;MWh;NO;NO;111.44;100;100;100;-1;DOWN
2025-01-09T11:00;2025-01-09T11:15;45;EUR;MWh;NO;NO;;16.51;16.51;16.51;-1;DOWN
2025-01-09T11:15;2025-01-09T11:30;46;EUR;MWh;NO;NO;;56.65;56.65;56.65;-1;DOWN
2025-01-09T11:30;2025-01-09T11:45;47;EUR;MWh;NO;NO;;56.65;56.65;56.65;-1;DOWN
2025-01-09T11:45;2025-01-09T12:00;48;EUR;MWh;NO;NO;;6.51;6.51;6.51;-1;DOWN
2025-01-09T12:00;2025-01-09T12:15;49;EUR;MWh;NO;NO;171.8;77.57;171.8;77.57;2;UP_AND_DOWN
2025-01-09T12:15;2025-01-09T12:30;50;EUR;MWh;NO;NO;171.8;61;61;61;-1;DOWN
2025-01-09T12:30;2025-01-09T12:45;51;EUR;MWh;NO;NO;;42.57;42.57;42.57;-1;DOWN
2025-01-09T12:45;2025-01-09T13:00;52;EUR;MWh;NO;NO;;-301.93;-301.93;-301.93;-1;DOWN
2025-01-09T13:00;2025-01-09T13:15;53;EUR;MWh;NO;NO;136.1;66.74;136.1;66.74;2;UP_AND_DOWN
2025-01-09T13:15;2025-01-09T13:30;54;EUR;MWh;NO;NO;136.1;80.57;80.57;80.57;-1;DOWN
2025-01-09T13:30;2025-01-09T13:45;55;EUR;MWh;NO;NO;;82.57;82.57;82.57;-1;DOWN
2025-01-09T13:45;2025-01-09T14:00;56;EUR;MWh;NO;NO;;81.18;81.18;81.18;-1;DOWN
2025-01-09T14:00;2025-01-09T14:15;57;EUR;MWh;NO;NO;;66.51;66.51;66.51;-1;DOWN
2025-01-09T14:15;2025-01-09T14:30;58;EUR;MWh;NO;NO;126.44;96.57;126.44;77;2;UP_AND_DOWN
2025-01-09T14:30;2025-01-09T14:45;59;EUR;MWh;NO;NO;136.1;;136.1;136.1;1;UP
2025-01-09T14:45;2025-01-09T15:00;60;EUR;MWh;NO;NO;136;;136;136;1;UP
2025-01-09T15:00;2025-01-09T15:15;61;EUR;MWh;NO;NO;116.44;95.69;95.69;95.69;-1;DOWN
2025-01-09T15:15;2025-01-09T15:30;62;EUR;MWh;NO;NO;126.44;94.66;126.44;82.5;2;UP_AND_DOWN
2025-01-09T15:30;2025-01-09T15:45;63;EUR;MWh;NO;NO;124.44;101.57;124.44;124.44;1;UP
2025-01-09T15:45;2025-01-09T16:00;64;EUR;MWh;NO;NO;;90.69;90.69;90.69;-1;DOWN
2025-01-09T16:00;2025-01-09T16:15;65;EUR;MWh;NO;NO;111.18;97.57;111.18;81.29;2;UP_AND_DOWN
2025-01-09T16:15;2025-01-09T16:30;66;EUR;MWh;NO;NO;101.03;;101.03;101.03;1;UP
2025-01-09T16:30;2025-01-09T16:45;67;EUR;MWh;NO;NO;95.07;90.61;95.07;82.5;2;UP_AND_DOWN
2025-01-09T16:45;2025-01-09T17:00;68;EUR;MWh;NO;NO;128.92;99.57;128.92;128.92;1;UP
2025-01-09T17:00;2025-01-09T17:15;69;EUR;MWh;NO;NO;135.7;;135.7;135.7;1;UP
2025-01-09T17:15;2025-01-09T17:30;70;EUR;MWh;NO;NO;186.07;;186.07;186.07;1;UP
2025-01-09T17:30;2025-01-09T17:45;71;EUR;MWh;NO;NO;173.9;;173.9;173.9;1;UP
2025-01-09T17:45;2025-01-09T18:00;72;EUR;MWh;NO;NO;173.9;;173.9;173.9;1;UP
2025-01-09T18:00;2025-01-09T18:15;73;EUR;MWh;NO;NO;151;91.57;151;82.5;2;UP_AND_DOWN
2025-01-09T18:15;2025-01-09T18:30;74;EUR;MWh;NO;NO;111.18;89.63;111.18;82.5;2;UP_AND_DOWN
2025-01-09T18:30;2025-01-09T18:45;75;EUR;MWh;NO;NO;118.92;;118.92;118.92;1;UP
2025-01-09T18:45;2025-01-09T19:00;76;EUR;MWh;NO;NO;174;;174;174;1;UP
2025-01-09T19:00;2025-01-09T19:15;77;EUR;MWh;NO;NO;151;;151;151;1;UP
2025-01-09T19:15;2025-01-09T19:30;78;EUR;MWh;NO;NO;151;87;87;87;-1;DOWN
2025-01-09T19:30;2025-01-09T19:45;79;EUR;MWh;NO;NO;;88.18;88.18;88.18;-1;DOWN
2025-01-09T19:45;2025-01-09T20:00;80;EUR;MWh;NO;NO;136.2;;136.2;136.2;1;UP
2025-01-09T20:00;2025-01-09T20:15;81;EUR;MWh;NO;NO;136.2;;136.2;136.2;1;UP
2025-01-09T20:15;2025-01-09T20:30;82;EUR;MWh;NO;NO;118.92;;118.92;118.92;1;UP
2025-01-09T20:30;2025-01-09T20:45;83;EUR;MWh;NO;NO;61;;61;61;1;UP
2025-01-09T20:45;2025-01-09T21:00;84;EUR;MWh;NO;NO;;83.58;83.58;83.58;-1;DOWN
2025-01-09T21:00;2025-01-09T21:15;85;EUR;MWh;NO;NO;;71.65;71.65;71.65;-1;DOWN
2025-01-09T21:15;2025-01-09T21:30;86;EUR;MWh;NO;NO;85.07;104;85.07;82.5;2;UP_AND_DOWN
2025-01-09T21:30;2025-01-09T21:45;87;EUR;MWh;NO;NO;61;;61;61;1;UP
2025-01-09T21:45;2025-01-09T22:00;88;EUR;MWh;NO;NO;61;104;61;61;1;UP
2025-01-09T22:00;2025-01-09T22:15;89;EUR;MWh;NO;NO;;75.18;75.18;75.18;-1;DOWN
2025-01-09T22:15;2025-01-09T22:30;90;EUR;MWh;NO;NO;;71.65;71.65;71.65;-1;DOWN
2025-01-09T22:30;2025-01-09T22:45;91;EUR;MWh;NO;NO;;41.61;41.61;41.61;-1;DOWN
2025-01-09T22:45;2025-01-09T23:00;92;EUR;MWh;NO;NO;;39.36;39.36;39.36;-1;DOWN
2025-01-09T23:00;2025-01-09T23:15;93;EUR;MWh;NO;NO;;-24.01;-24.01;-24.01;-1;DOWN
2025-01-09T23:15;2025-01-09T23:30;94;EUR;MWh;NO;NO;115.6;64.34;115.6;64.34;2;UP_AND_DOWN
2025-01-09T23:30;2025-01-09T23:45;95;EUR;MWh;NO;NO;118.92;104;118.92;118.92;1;UP
2025-01-09T23:45;2025-01-10T00:00;96;EUR;MWh;NO;NO;136.3;;136.3;136.3;1;UP
2025-01-10T00:00;2025-01-10T00:15;1;EUR;MWh;NO;NO;113.62;21.57;21.57;21.57;-1;DOWN
2025-01-10T00:15;2025-01-10T00:30;2;EUR;MWh;NO;NO;109.05;16.57;109.05;16.57;2;UP_AND_DOWN
2025-01-10T00:30;2025-01-10T00:45;3;EUR;MWh;NO;NO;115.05;16.57;115.05;115.05;1;UP
2025-01-10T00:45;2025-01-10T01:00;4;EUR;MWh;NO;NO;131.5;;131.5;131.5;1;UP
2025-01-10T01:00;2025-01-10T01:15;5;EUR;MWh;NO;NO;129.34;;129.34;129.34;1;UP
2025-01-10T01:15;2025-01-10T01:30;6;EUR;MWh;NO;NO;131.4;;131.4;131.4;1;UP
2025-01-10T01:30;2025-01-10T01:45;7;EUR;MWh;NO;NO;131.4;;131.4;131.4;1;UP
2025-01-10T01:45;2025-01-10T02:00;8;EUR;MWh;NO;NO;124.05;;124.05;124.05;1;UP
2025-01-10T02:00;2025-01-10T02:15;9;EUR;MWh;NO;NO;126.11;;126.11;126.11;1;UP
2025-01-10T02:15;2025-01-10T02:30;10;EUR;MWh;NO;NO;112.18;80;112.18;77.84;2;UP_AND_DOWN
2025-01-10T02:30;2025-01-10T02:45;11;EUR;MWh;NO;NO;65.07;80;77.84;77.84;2;UP_AND_DOWN
2025-01-10T02:45;2025-01-10T03:00;12;EUR;MWh;NO;NO;120.17;;120.17;120.17;1;UP
2025-01-10T03:00;2025-01-10T03:15;13;EUR;MWh;NO;NO;132.18;;132.18;132.18;1;UP
2025-01-10T03:15;2025-01-10T03:30;14;EUR;MWh;NO;NO;124.05;;124.05;124.05;1;UP
2025-01-10T03:30;2025-01-10T03:45;15;EUR;MWh;NO;NO;124.05;26.65;26.65;26.65;-1;DOWN
2025-01-10T03:45;2025-01-10T04:00;16;EUR;MWh;NO;NO;;-5.29;-5.29;-5.29;-1;DOWN
2025-01-10T04:00;2025-01-10T04:15;17;EUR;MWh;NO;NO;;-10.42;-10.42;-10.42;-1;DOWN
2025-01-10T04:15;2025-01-10T04:30;18;EUR;MWh;NO;NO;;-12.79;-12.79;-12.79;-1;DOWN
2025-01-10T04:30;2025-01-10T04:45;19;EUR;MWh;NO;NO;117.18;-12.09;117.18;117.18;1;UP
2025-01-10T04:45;2025-01-10T05:00;20;EUR;MWh;NO;NO;115.05;71.65;71.65;71.65;-1;DOWN
2025-01-10T05:00;2025-01-10T05:15;21;EUR;MWh;NO;NO;;71.65;71.65;71.65;-1;DOWN
2025-01-10T05:15;2025-01-10T05:30;22;EUR;MWh;NO;NO;108.02;71.65;108.02;108.02;1;UP
2025-01-10T05:30;2025-01-10T05:45;23;EUR;MWh;NO;NO;85.07;87.69;85.07;77.78;2;UP_AND_DOWN
2025-01-10T05:45;2025-01-10T06:00;24;EUR;MWh;NO;NO;;72;72;72;-1;DOWN
2025-01-10T06:00;2025-01-10T06:15;25;EUR;MWh;NO;NO;131.6;72;131.6;72;2;UP_AND_DOWN
2025-01-10T06:15;2025-01-10T06:30;26;EUR;MWh;NO;NO;131.5;;131.5;131.5;1;UP
2025-01-10T06:30;2025-01-10T06:45;27;EUR;MWh;NO;NO;88.54;-3.85;88.54;-3.85;2;UP_AND_DOWN
2025-01-10T06:45;2025-01-10T07:00;28;EUR;MWh;NO;NO;117.18;-3.85;117.18;117.18;1;UP
2025-01-10T07:00;2025-01-10T07:15;29;EUR;MWh;NO;NO;167.7;103.57;167.7;167.7;1;UP
2025-01-10T07:15;2025-01-10T07:30;30;EUR;MWh;NO;NO;184.3;;184.3;184.3;1;UP
2025-01-10T07:30;2025-01-10T07:45;31;EUR;MWh;NO;NO;159.2;;159.2;159.2;1;UP
2025-01-10T07:45;2025-01-10T08:00;32;EUR;MWh;NO;NO;178.92;;178.92;178.92;1;UP
2025-01-10T08:00;2025-01-10T08:15;33;EUR;MWh;NO;NO;166.4;;166.4;166.4;1;UP
2025-01-10T08:15;2025-01-10T08:30;34;EUR;MWh;NO;NO;150;;150;150;1;UP
2025-01-10T08:30;2025-01-10T08:45;35;EUR;MWh;NO;NO;166.4;;166.4;166.4;1;UP
2025-01-10T08:45;2025-01-10T09:00;36;EUR;MWh;NO;NO;144.4;;144.4;144.4;1;UP
2025-01-10T09:00;2025-01-10T09:15;37;EUR;MWh;NO;NO;121.98;;121.98;121.98;1;UP
2025-01-10T09:15;2025-01-10T09:30;38;EUR;MWh;NO;NO;112.18;;112.18;112.18;1;UP
2025-01-10T09:30;2025-01-10T09:45;39;EUR;MWh;NO;NO;;80;80;80;-1;DOWN
2025-01-10T09:45;2025-01-10T10:00;40;EUR;MWh;NO;NO;;77.69;77.69;77.69;-1;DOWN
2025-01-10T10:00;2025-01-10T10:15;41;EUR;MWh;NO;NO;150;77.69;150;77.69;2;UP_AND_DOWN
2025-01-10T10:15;2025-01-10T10:30;42;EUR;MWh;NO;NO;150;71.65;71.65;71.65;-1;DOWN
2025-01-10T10:30;2025-01-10T10:45;43;EUR;MWh;NO;NO;;70.11;70.11;70.11;-1;DOWN
2025-01-10T10:45;2025-01-10T11:00;44;EUR;MWh;NO;NO;113.4;102.57;113.4;81.79;2;UP_AND_DOWN
2025-01-10T11:00;2025-01-10T11:15;45;EUR;MWh;NO;NO;127.18;97.35;127.18;127.18;1;UP
2025-01-10T11:15;2025-01-10T11:30;46;EUR;MWh;NO;NO;127.18;71.4;71.4;71.4;-1;DOWN
2025-01-10T11:30;2025-01-10T11:45;47;EUR;MWh;NO;NO;;71.4;71.4;71.4;-1;DOWN
2025-01-10T11:45;2025-01-10T12:00;48;EUR;MWh;NO;NO;;80;80;80;-1;DOWN
2025-01-10T12:00;2025-01-10T12:15;49;EUR;MWh;NO;NO;;71.4;71.4;71.4;-1;DOWN
2025-01-10T12:15;2025-01-10T12:30;50;EUR;MWh;NO;NO;;60;60;60;-1;DOWN
2025-01-10T12:30;2025-01-10T12:45;51;EUR;MWh;NO;NO;;50.57;50.57;50.57;-1;DOWN
2025-01-10T12:45;2025-01-10T13:00;52;EUR;MWh;NO;NO;;56.65;56.65;56.65;-1;DOWN
2025-01-10T13:00;2025-01-10T13:15;53;EUR;MWh;NO;NO;;50.57;50.57;50.57;-1;DOWN
2025-01-10T13:15;2025-01-10T13:30;54;EUR;MWh;NO;NO;;50.57;50.57;50.57;-1;DOWN
2025-01-10T13:30;2025-01-10T13:45;55;EUR;MWh;NO;NO;;46.98;46.98;46.98;-1;DOWN
2025-01-10T13:45;2025-01-10T14:00;56;EUR;MWh;NO;NO;;56.65;56.65;56.65;-1;DOWN
2025-01-10T14:00;2025-01-10T14:15;57;EUR;MWh;NO;NO;;42.69;42.69;42.69;-1;DOWN
2025-01-10T14:15;2025-01-10T14:30;58;EUR;MWh;NO;NO;;95.32;95.32;95.32;-1;DOWN
2025-01-10T14:30;2025-01-10T14:45;59;EUR;MWh;NO;NO;110.67;96.57;110.67;81.79;2;UP_AND_DOWN
2025-01-10T14:45;2025-01-10T15:00;60;EUR;MWh;NO;NO;110.41;103.57;110.41;110.41;1;UP
2025-01-10T15:00;2025-01-10T15:15;61;EUR;MWh;NO;NO;;-101.91;-101.91;-101.91;-1;DOWN
2025-01-10T15:15;2025-01-10T15:30;62;EUR;MWh;NO;NO;;72.69;72.69;72.69;-1;DOWN
2025-01-10T15:30;2025-01-10T15:45;63;EUR;MWh;NO;NO;;82.69;82.69;82.69;-1;DOWN
2025-01-10T15:45;2025-01-10T16:00;64;EUR;MWh;NO;NO;113.69;102.57;113.69;81.79;2;UP_AND_DOWN
2025-01-10T16:00;2025-01-10T16:15;65;EUR;MWh;NO;NO;107.4;60;107.4;60;2;UP_AND_DOWN
2025-01-10T16:15;2025-01-10T16:30;66;EUR;MWh;NO;NO;;82.69;82.69;82.69;-1;DOWN
2025-01-10T16:30;2025-01-10T16:45;67;EUR;MWh;NO;NO;112.18;72.06;112.18;72.06;2;UP_AND_DOWN
2025-01-10T16:45;2025-01-10T17:00;68;EUR;MWh;NO;NO;131.6;72.06;131.6;131.6;1;UP
2025-01-10T17:00;2025-01-10T17:15;69;EUR;MWh;NO;NO;127.6;70.57;127.6;70.57;2;UP_AND_DOWN
2025-01-10T17:15;2025-01-10T17:30;70;EUR;MWh;NO;NO;;87.4;87.4;87.4;-1;DOWN
2025-01-10T17:30;2025-01-10T17:45;71;EUR;MWh;NO;NO;;80;80;80;-1;DOWN
2025-01-10T17:45;2025-01-10T18:00;72;EUR;MWh;NO;NO;;43.57;43.57;43.57;-1;DOWN
2025-01-10T18:00;2025-01-10T18:15;73;EUR;MWh;NO;NO;;67.69;67.69;67.69;-1;DOWN
2025-01-10T18:15;2025-01-10T18:30;74;EUR;MWh;NO;NO;;60;60;60;-1;DOWN
2025-01-10T18:30;2025-01-10T18:45;75;EUR;MWh;NO;NO;;60;60;60;-1;DOWN
2025-01-10T18:45;2025-01-10T19:00;76;EUR;MWh;NO;NO;;76.57;76.57;76.57;-1;DOWN
2025-01-10T19:00;2025-01-10T19:15;77;EUR;MWh;NO;NO;157.18;84.4;157.18;157.18;1;UP
2025-01-10T19:15;2025-01-10T19:30;78;EUR;MWh;NO;NO;144;;144;144;1;UP
2025-01-10T19:30;2025-01-10T19:45;79;EUR;MWh;NO;NO;112.18;92.85;112.18;82.34;2;UP_AND_DOWN
2025-01-10T19:45;2025-01-10T20:00;80;EUR;MWh;NO;NO;;82.35;82.35;82.35;-1;DOWN
2025-01-10T20:00;2025-01-10T20:15;81;EUR;MWh;NO;NO;119.42;72;119.42;72;2;UP_AND_DOWN
2025-01-10T20:15;2025-01-10T20:30;82;EUR;MWh;NO;NO;119.82;86.65;119.82;82.28;2;UP_AND_DOWN
2025-01-10T20:30;2025-01-10T20:45;83;EUR;MWh;NO;NO;119.82;82.69;119.82;82.27;2;UP_AND_DOWN
2025-01-10T20:45;2025-01-10T21:00;84;EUR;MWh;NO;NO;;81.02;81.02;81.02;-1;DOWN
2025-01-10T21:00;2025-01-10T21:15;85;EUR;MWh;NO;NO;122.18;96.57;122.18;81.79;2;UP_AND_DOWN
2025-01-10T21:15;2025-01-10T21:30;86;EUR;MWh;NO;NO;60;;60;60;1;UP
2025-01-10T21:30;2025-01-10T21:45;87;EUR;MWh;NO;NO;99.81;;99.81;99.81;1;UP
2025-01-10T21:45;2025-01-10T22:00;88;EUR;MWh;NO;NO;;71.4;71.4;71.4;-1;DOWN
2025-01-10T22:00;2025-01-10T22:15;89;EUR;MWh;NO;NO;130.3;57.57;130.3;57.57;2;UP_AND_DOWN
2025-01-10T22:15;2025-01-10T22:30;90;EUR;MWh;NO;NO;102.36;99.43;102.36;81.79;2;UP_AND_DOWN
2025-01-10T22:30;2025-01-10T22:45;91;EUR;MWh;NO;NO;113.01;99.57;113.01;82.25;2;UP_AND_DOWN
2025-01-10T22:45;2025-01-10T23:00;92;EUR;MWh;NO;NO;166.3;;166.3;166.3;1;UP
2025-01-10T23:00;2025-01-10T23:15;93;EUR;MWh;NO;NO;166.3;71.65;71.65;71.65;-1;DOWN
2025-01-10T23:15;2025-01-10T23:30;94;EUR;MWh;NO;NO;115.04;77;115.04;77;2;UP_AND_DOWN
2025-01-10T23:30;2025-01-10T23:45;95;EUR;MWh;NO;NO;;78.75;78.75;78.75;-1;DOWN
2025-01-10T23:45;2025-01-11T00:00;96;EUR;MWh;NO;NO;;102.96;102.96;102.96;-1;DOWN
2025-01-11T00:00;2025-01-11T00:15;1;EUR;MWh;NO;NO;164.5;77;164.5;77;2;UP_AND_DOWN
2025-01-11T00:15;2025-01-11T00:30;2;EUR;MWh;NO;NO;170.57;;170.57;170.57;1;UP
2025-01-11T00:30;2025-01-11T00:45;3;EUR;MWh;NO;NO;130.79;;130.79;130.79;1;UP
2025-01-11T00:45;2025-01-11T01:00;4;EUR;MWh;NO;NO;149;;149;149;1;UP
2025-01-11T01:00;2025-01-11T01:15;5;EUR;MWh;NO;NO;155;98.31;155;79.79;2;UP_AND_DOWN
2025-01-11T01:15;2025-01-11T01:30;6;EUR;MWh;NO;NO;128.9;;128.9;128.9;1;UP
2025-01-11T01:30;2025-01-11T01:45;7;EUR;MWh;NO;NO;125.79;;125.79;125.79;1;UP
2025-01-11T01:45;2025-01-11T02:00;8;EUR;MWh;NO;NO;125.79;;125.79;125.79;1;UP
2025-01-11T02:00;2025-01-11T02:15;9;EUR;MWh;NO;NO;65.07;96.89;79.79;79.79;2;UP_AND_DOWN
2025-01-11T02:15;2025-01-11T02:30;10;EUR;MWh;NO;NO;103.56;;103.56;103.56;1;UP
2025-01-11T02:30;2025-01-11T02:45;11;EUR;MWh;NO;NO;85.07;;85.07;85.07;1;UP
2025-01-11T02:45;2025-01-11T03:00;12;EUR;MWh;NO;NO;121.51;;121.51;121.51;1;UP
2025-01-11T03:00;2025-01-11T03:15;13;EUR;MWh;NO;NO;155;;155;155;1;UP
2025-01-11T03:15;2025-01-11T03:30;14;EUR;MWh;NO;NO;128.8;;128.8;128.8;1;UP
2025-01-11T03:30;2025-01-11T03:45;15;EUR;MWh;NO;NO;120.79;;120.79;120.79;1;UP
2025-01-11T03:45;2025-01-11T04:00;16;EUR;MWh;NO;NO;117.59;90.49;117.59;79.79;2;UP_AND_DOWN
2025-01-11T04:00;2025-01-11T04:15;17;EUR;MWh;NO;NO;106.57;90.49;106.57;80.75;2;UP_AND_DOWN
2025-01-11T04:15;2025-01-11T04:30;18;EUR;MWh;NO;NO;85.07;;85.07;85.07;1;UP
2025-01-11T04:30;2025-01-11T04:45;19;EUR;MWh;NO;NO;99;;99;99;1;UP
2025-01-11T04:45;2025-01-11T05:00;20;EUR;MWh;NO;NO;107.79;;107.79;107.79;1;UP
2025-01-11T05:00;2025-01-11T05:15;21;EUR;MWh;NO;NO;109;;109;109;1;UP
2025-01-11T05:15;2025-01-11T05:30;22;EUR;MWh;NO;NO;128.6;;128.6;128.6;1;UP
2025-01-11T05:30;2025-01-11T05:45;23;EUR;MWh;NO;NO;115.79;;115.79;115.79;1;UP
2025-01-11T05:45;2025-01-11T06:00;24;EUR;MWh;NO;NO;123.15;;123.15;123.15;1;UP
2025-01-11T06:00;2025-01-11T06:15;25;EUR;MWh;NO;NO;128.7;;128.7;128.7;1;UP
2025-01-11T06:15;2025-01-11T06:30;26;EUR;MWh;NO;NO;128.7;;128.7;128.7;1;UP
2025-01-11T06:30;2025-01-11T06:45;27;EUR;MWh;NO;NO;125.79;;125.79;125.79;1;UP
2025-01-11T06:45;2025-01-11T07:00;28;EUR;MWh;NO;NO;114.57;88.02;88.02;88.02;-1;DOWN
2025-01-11T07:00;2025-01-11T07:15;29;EUR;MWh;NO;NO;;26.3;26.3;26.3;-1;DOWN
2025-01-11T07:15;2025-01-11T07:30;30;EUR;MWh;NO;NO;;17.3;17.3;17.3;-1;DOWN
2025-01-11T07:30;2025-01-11T07:45;31;EUR;MWh;NO;NO;;71.65;71.65;71.65;-1;DOWN
2025-01-11T07:45;2025-01-11T08:00;32;EUR;MWh;NO;NO;;90.53;90.53;90.53;-1;DOWN
2025-01-11T08:00;2025-01-11T08:15;33;EUR;MWh;NO;NO;;71.65;71.65;71.65;-1;DOWN
2025-01-11T08:15;2025-01-11T08:30;34;EUR;MWh;NO;NO;85.07;100.83;85.07;84.71;2;UP_AND_DOWN
2025-01-11T08:30;2025-01-11T08:45;35;EUR;MWh;NO;NO;124.63;;124.63;124.63;1;UP
2025-01-11T08:45;2025-01-11T09:00;36;EUR;MWh;NO;NO;128.7;;128.7;128.7;1;UP
2025-01-11T09:00;2025-01-11T09:15;37;EUR;MWh;NO;NO;129.63;;129.63;129.63;1;UP
2025-01-11T09:15;2025-01-11T09:30;38;EUR;MWh;NO;NO;122.32;;122.32;122.32;1;UP
2025-01-11T09:30;2025-01-11T09:45;39;EUR;MWh;NO;NO;105.57;105.33;105.57;105.57;1;UP
2025-01-11T09:45;2025-01-11T10:00;40;EUR;MWh;NO;NO;85.07;103.83;85.2;85.2;2;UP_AND_DOWN
2025-01-11T10:00;2025-01-11T10:15;41;EUR;MWh;NO;NO;105.57;93.46;105.57;82.67;2;UP_AND_DOWN
2025-01-11T10:15;2025-01-11T10:30;42;EUR;MWh;NO;NO;105.57;60;60;60;-1;DOWN
2025-01-11T10:30;2025-01-11T10:45;43;EUR;MWh;NO;NO;;26.07;26.07;26.07;-1;DOWN
2025-01-11T10:45;2025-01-11T11:00;44;EUR;MWh;NO;NO;;17.57;17.57;17.57;-1;DOWN
2025-01-11T11:00;2025-01-11T11:15;45;EUR;MWh;NO;NO;;46.57;46.57;46.57;-1;DOWN
2025-01-11T11:15;2025-01-11T11:30;46;EUR;MWh;NO;NO;;80.11;80.11;80.11;-1;DOWN
2025-01-11T11:30;2025-01-11T11:45;47;EUR;MWh;NO;NO;;74.3;74.3;74.3;-1;DOWN
2025-01-11T11:45;2025-01-11T12:00;48;EUR;MWh;NO;NO;99.84;100.57;99.84;81.79;2;UP_AND_DOWN
2025-01-11T12:00;2025-01-11T12:15;49;EUR;MWh;NO;NO;118.46;103.57;118.46;81.79;2;UP_AND_DOWN
2025-01-11T12:15;2025-01-11T12:30;50;EUR;MWh;NO;NO;125.79;;125.79;125.79;1;UP
2025-01-11T12:30;2025-01-11T12:45;51;EUR;MWh;NO;NO;65.07;68.15;68.15;68.15;-1;DOWN
2025-01-11T12:45;2025-01-11T13:00;52;EUR;MWh;NO;NO;;71.65;71.65;71.65;-1;DOWN
2025-01-11T13:00;2025-01-11T13:15;53;EUR;MWh;NO;NO;131.1;71.65;131.1;131.1;1;UP
2025-01-11T13:15;2025-01-11T13:30;54;EUR;MWh;NO;NO;118.46;;118.46;118.46;1;UP
2025-01-11T13:30;2025-01-11T13:45;55;EUR;MWh;NO;NO;60;;60;60;1;UP
2025-01-11T13:45;2025-01-11T14:00;56;EUR;MWh;NO;NO;60;86.65;86.65;86.65;-1;DOWN
2025-01-11T14:00;2025-01-11T14:15;57;EUR;MWh;NO;NO;;26.3;26.3;26.3;-1;DOWN
2025-01-11T14:15;2025-01-11T14:30;58;EUR;MWh;NO;NO;;26.3;26.3;26.3;-1;DOWN
2025-01-11T14:30;2025-01-11T14:45;59;EUR;MWh;NO;NO;114.4;32.3;114.4;114.4;1;UP
2025-01-11T14:45;2025-01-11T15:00;60;EUR;MWh;NO;NO;120.74;;120.74;120.74;1;UP
2025-01-11T15:00;2025-01-11T15:15;61;EUR;MWh;NO;NO;120.16;;120.16;120.16;1;UP
2025-01-11T15:15;2025-01-11T15:30;62;EUR;MWh;NO;NO;112.74;86.65;112.74;81.79;2;UP_AND_DOWN
2025-01-11T15:30;2025-01-11T15:45;63;EUR;MWh;NO;NO;107.34;;107.34;107.34;1;UP
2025-01-11T15:45;2025-01-11T16:00;64;EUR;MWh;NO;NO;102.84;76.07;102.84;76.07;2;UP_AND_DOWN
2025-01-11T16:00;2025-01-11T16:15;65;EUR;MWh;NO;NO;;61.99;61.99;61.99;-1;DOWN
2025-01-11T16:15;2025-01-11T16:30;66;EUR;MWh;NO;NO;;93.43;93.43;93.43;-1;DOWN
2025-01-11T16:30;2025-01-11T16:45;67;EUR;MWh;NO;NO;;82.62;82.62;82.62;-1;DOWN
2025-01-11T16:45;2025-01-11T17:00;68;EUR;MWh;NO;NO;60;88.57;81.79;81.79;2;UP_AND_DOWN
2025-01-11T17:00;2025-01-11T17:15;69;EUR;MWh;NO;NO;;24.21;24.21;24.21;-1;DOWN
2025-01-11T17:15;2025-01-11T17:30;70;EUR;MWh;NO;NO;;60;60;60;-1;DOWN
2025-01-11T17:30;2025-01-11T17:45;71;EUR;MWh;NO;NO;;60;60;60;-1;DOWN
2025-01-11T17:45;2025-01-11T18:00;72;EUR;MWh;NO;NO;;79;79;79;-1;DOWN
2025-01-11T18:00;2025-01-11T18:15;73;EUR;MWh;NO;NO;;79.69;79.69;79.69;-1;DOWN
2025-01-11T18:15;2025-01-11T18:30;74;EUR;MWh;NO;NO;;77;77;77;-1;DOWN
2025-01-11T18:30;2025-01-11T18:45;75;EUR;MWh;NO;NO;;62.46;62.46;62.46;-1;DOWN
2025-01-11T18:45;2025-01-11T19:00;76;EUR;MWh;NO;NO;;56.65;56.65;56.65;-1;DOWN
2025-01-11T19:00;2025-01-11T19:15;77;EUR;MWh;NO;NO;102.88;71.65;102.88;71.65;2;UP_AND_DOWN
2025-01-11T19:15;2025-01-11T19:30;78;EUR;MWh;NO;NO;114.57;100.57;114.57;81.79;2;UP_AND_DOWN
2025-01-11T19:30;2025-01-11T19:45;79;EUR;MWh;NO;NO;111.57;86.57;86.57;86.57;-1;DOWN
2025-01-11T19:45;2025-01-11T20:00;80;EUR;MWh;NO;NO;;81;81;81;-1;DOWN
2025-01-11T20:00;2025-01-11T20:15;81;EUR;MWh;NO;NO;119.57;96.46;119.57;81.79;2;UP_AND_DOWN
2025-01-11T20:15;2025-01-11T20:30;82;EUR;MWh;NO;NO;115.5;;115.5;115.5;1;UP
2025-01-11T20:30;2025-01-11T20:45;83;EUR;MWh;NO;NO;95.07;88.97;95.07;81.79;2;UP_AND_DOWN
2025-01-11T20:45;2025-01-11T21:00;84;EUR;MWh;NO;NO;;81.57;81.57;81.57;-1;DOWN
2025-01-11T21:00;2025-01-11T21:15;85;EUR;MWh;NO;NO;;86;86;86;-1;DOWN
2025-01-11T21:15;2025-01-11T21:30;86;EUR;MWh;NO;NO;;79.7;79.7;79.7;-1;DOWN
2025-01-11T21:30;2025-01-11T21:45;87;EUR;MWh;NO;NO;;79.69;79.69;79.69;-1;DOWN
2025-01-11T21:45;2025-01-11T22:00;88;EUR;MWh;NO;NO;;86.65;86.65;86.65;-1;DOWN
2025-01-11T22:00;2025-01-11T22:15;89;EUR;MWh;NO;NO;114.57;86.65;114.57;82.67;2;UP_AND_DOWN
2025-01-11T22:15;2025-01-11T22:30;90;EUR;MWh;NO;NO;;91.35;91.35;91.35;-1;DOWN
2025-01-11T22:30;2025-01-11T22:45;91;EUR;MWh;NO;NO;;94.57;94.57;94.57;-1;DOWN
2025-01-11T22:45;2025-01-11T23:00;92;EUR;MWh;NO;NO;;88.65;88.65;88.65;-1;DOWN
2025-01-11T23:00;2025-01-11T23:15;93;EUR;MWh;NO;NO;;91.35;91.35;91.35;-1;DOWN
2025-01-11T23:15;2025-01-11T23:30;94;EUR;MWh;NO;NO;105.92;91.57;105.92;81.79;2;UP_AND_DOWN
2025-01-11T23:30;2025-01-11T23:45;95;EUR;MWh;NO;NO;109.16;98.57;109.16;81.79;2;UP_AND_DOWN
2025-01-11T23:45;2025-01-12T00:00;96;EUR;MWh;NO;NO;108.94;;108.94;108.94;1;UP
2025-01-12T00:00;2025-01-12T00:15;1;EUR;MWh;NO;NO;99;88.05;99;78.38;2;UP_AND_DOWN
2025-01-12T00:15;2025-01-12T00:30;2;EUR;MWh;NO;NO;;88.43;88.43;88.43;-1;DOWN
2025-01-12T00:30;2025-01-12T00:45;3;EUR;MWh;NO;NO;;89.69;89.69;89.69;-1;DOWN
2025-01-12T00:45;2025-01-12T01:00;4;EUR;MWh;NO;NO;65.07;97.4;65.07;65.07;1;UP
2025-01-12T01:00;2025-01-12T01:15;5;EUR;MWh;NO;NO;148;;148;148;1;UP
2025-01-12T01:15;2025-01-12T01:30;6;EUR;MWh;NO;NO;142.6;;142.6;142.6;1;UP
2025-01-12T01:30;2025-01-12T01:45;7;EUR;MWh;NO;NO;162.6;;162.6;162.6;1;UP
2025-01-12T01:45;2025-01-12T02:00;8;EUR;MWh;NO;NO;148;;148;148;1;UP
2025-01-12T02:00;2025-01-12T02:15;9;EUR;MWh;NO;NO;132.2;;132.2;132.2;1;UP
2025-01-12T02:15;2025-01-12T02:30;10;EUR;MWh;NO;NO;120.06;71.65;71.65;71.65;-1;DOWN
2025-01-12T02:30;2025-01-12T02:45;11;EUR;MWh;NO;NO;;80.69;80.69;80.69;-1;DOWN
2025-01-12T02:45;2025-01-12T03:00;12;EUR;MWh;NO;NO;;86.54;86.54;86.54;-1;DOWN
2025-01-12T03:00;2025-01-12T03:15;13;EUR;MWh;NO;NO;155;87.9;155;76.85;2;UP_AND_DOWN
2025-01-12T03:15;2025-01-12T03:30;14;EUR;MWh;NO;NO;132.69;87.9;87.9;87.9;-1;DOWN
2025-01-12T03:30;2025-01-12T03:45;15;EUR;MWh;NO;NO;;91.35;91.35;91.35;-1;DOWN
2025-01-12T03:45;2025-01-12T04:00;16;EUR;MWh;NO;NO;;86.65;86.65;86.65;-1;DOWN
2025-01-12T04:00;2025-01-12T04:15;17;EUR;MWh;NO;NO;124.77;86.82;124.77;124.77;1;UP
2025-01-12T04:15;2025-01-12T04:30;18;EUR;MWh;NO;NO;132.3;56.65;132.3;56.65;2;UP_AND_DOWN
2025-01-12T04:30;2025-01-12T04:45;19;EUR;MWh;NO;NO;;46.36;46.36;46.36;-1;DOWN
2025-01-12T04:45;2025-01-12T05:00;20;EUR;MWh;NO;NO;;70;70;70;-1;DOWN
2025-01-12T05:00;2025-01-12T05:15;21;EUR;MWh;NO;NO;;74.69;74.69;74.69;-1;DOWN
2025-01-12T05:15;2025-01-12T05:30;22;EUR;MWh;NO;NO;;70;70;70;-1;DOWN
2025-01-12T05:30;2025-01-12T05:45;23;EUR;MWh;NO;NO;;70;70;70;-1;DOWN
2025-01-12T05:45;2025-01-12T06:00;24;EUR;MWh;NO;NO;;77;77;77;-1;DOWN
2025-01-12T06:00;2025-01-12T06:15;25;EUR;MWh;NO;NO;;70;70;70;-1;DOWN
2025-01-12T06:15;2025-01-12T06:30;26;EUR;MWh;NO;NO;;70;70;70;-1;DOWN
2025-01-12T06:30;2025-01-12T06:45;27;EUR;MWh;NO;NO;;102.44;102.44;102.44;-1;DOWN
2025-01-12T06:45;2025-01-12T07:00;28;EUR;MWh;NO;NO;;86.65;86.65;86.65;-1;DOWN
2025-01-12T07:00;2025-01-12T07:15;29;EUR;MWh;NO;NO;132.2;86.65;132.2;132.2;1;UP
2025-01-12T07:15;2025-01-12T07:30;30;EUR;MWh;NO;NO;132.2;93.84;132.2;81.27;2;UP_AND_DOWN
2025-01-12T07:30;2025-01-12T07:45;31;EUR;MWh;NO;NO;132.2;;132.2;132.2;1;UP
2025-01-12T07:45;2025-01-12T08:00;32;EUR;MWh;NO;NO;132.2;;132.2;132.2;1;UP
2025-01-12T08:00;2025-01-12T08:15;33;EUR;MWh;NO;NO;103.69;54.93;103.69;54.93;2;UP_AND_DOWN
2025-01-12T08:15;2025-01-12T08:30;34;EUR;MWh;NO;NO;102.68;59;102.68;59;2;UP_AND_DOWN
2025-01-12T08:30;2025-01-12T08:45;35;EUR;MWh;NO;NO;127.59;59;127.59;127.59;1;UP
2025-01-12T08:45;2025-01-12T09:00;36;EUR;MWh;NO;NO;127.69;;127.69;127.69;1;UP
2025-01-12T09:00;2025-01-12T09:15;37;EUR;MWh;NO;NO;111;;111;111;1;UP
2025-01-12T09:15;2025-01-12T09:30;38;EUR;MWh;NO;NO;122;;122;122;1;UP
2025-01-12T09:30;2025-01-12T09:45;39;EUR;MWh;NO;NO;142.6;;142.6;142.6;1;UP
2025-01-12T09:45;2025-01-12T10:00;40;EUR;MWh;NO;NO;152.6;;152.6;152.6;1;UP
2025-01-12T10:00;2025-01-12T10:15;41;EUR;MWh;NO;NO;152.6;;79.88;79.88;0;STABLE
2025-01-12T10:15;2025-01-12T10:30;42;EUR;MWh;NO;NO;;76.03;76.03;76.03;-1;DOWN
2025-01-12T10:30;2025-01-12T10:45;43;EUR;MWh;NO;NO;;66;66;66;-1;DOWN
2025-01-12T10:45;2025-01-12T11:00;44;EUR;MWh;NO;NO;;48;48;48;-1;DOWN
2025-01-12T11:00;2025-01-12T11:15;45;EUR;MWh;NO;NO;113;80.69;113;77.98;2;UP_AND_DOWN
2025-01-12T11:15;2025-01-12T11:30;46;EUR;MWh;NO;NO;;59;59;59;-1;DOWN
2025-01-12T11:30;2025-01-12T11:45;47;EUR;MWh;NO;NO;;56.65;56.65;56.65;-1;DOWN
2025-01-12T11:45;2025-01-12T12:00;48;EUR;MWh;NO;NO;;64.93;64.93;64.93;-1;DOWN
2025-01-12T12:00;2025-01-12T12:15;49;EUR;MWh;NO;NO;146.34;79;146.34;76.85;2;UP_AND_DOWN
2025-01-12T12:15;2025-01-12T12:30;50;EUR;MWh;NO;NO;146.34;78.33;78.33;78.33;-1;DOWN
2025-01-12T12:30;2025-01-12T12:45;51;EUR;MWh;NO;NO;;77.69;77.69;77.69;-1;DOWN
2025-01-12T12:45;2025-01-12T13:00;52;EUR;MWh;NO;NO;;77.69;77.69;77.69;-1;DOWN
2025-01-12T13:00;2025-01-12T13:15;53;EUR;MWh;NO;NO;;26.65;26.65;26.65;-1;DOWN
2025-01-12T13:15;2025-01-12T13:30;54;EUR;MWh;NO;NO;;7.69;7.69;7.69;-1;DOWN
2025-01-12T13:30;2025-01-12T13:45;55;EUR;MWh;NO;NO;;14.69;14.69;14.69;-1;DOWN
2025-01-12T13:45;2025-01-12T14:00;56;EUR;MWh;NO;NO;;14.69;14.69;14.69;-1;DOWN
2025-01-12T14:00;2025-01-12T14:15;57;EUR;MWh;NO;NO;;5.69;5.69;5.69;-1;DOWN
2025-01-12T14:15;2025-01-12T14:30;58;EUR;MWh;NO;NO;;75.43;75.43;75.43;-1;DOWN
2025-01-12T14:30;2025-01-12T14:45;59;EUR;MWh;NO;NO;59;79;79;79;-1;DOWN
2025-01-12T14:45;2025-01-12T15:00;60;EUR;MWh;NO;NO;122;96.52;122;77.76;2;UP_AND_DOWN
2025-01-12T15:00;2025-01-12T15:15;61;EUR;MWh;NO;NO;108.64;77;108.64;76.85;2;UP_AND_DOWN
2025-01-12T15:15;2025-01-12T15:30;62;EUR;MWh;NO;NO;132.8;84.11;132.8;76.85;2;UP_AND_DOWN
2025-01-12T15:30;2025-01-12T15:45;63;EUR;MWh;NO;NO;165.6;84.11;165.6;165.6;1;UP
2025-01-12T15:45;2025-01-12T16:00;64;EUR;MWh;NO;NO;165.7;;165.7;165.7;1;UP
2025-01-12T16:00;2025-01-12T16:15;65;EUR;MWh;NO;NO;144;97.7;144;78.35;2;UP_AND_DOWN
2025-01-12T16:15;2025-01-12T16:30;66;EUR;MWh;NO;NO;165.8;;165.8;165.8;1;UP
2025-01-12T16:30;2025-01-12T16:45;67;EUR;MWh;NO;NO;162.69;;162.69;162.69;1;UP
2025-01-12T16:45;2025-01-12T17:00;68;EUR;MWh;NO;NO;207.69;;207.69;207.69;1;UP
2025-01-12T17:00;2025-01-12T17:15;69;EUR;MWh;NO;NO;1895;;1895;1895;1;UP
2025-01-12T17:15;2025-01-12T17:30;70;EUR;MWh;NO;NO;1895;;1895;1895;1;UP
2025-01-12T17:30;2025-01-12T17:45;71;EUR;MWh;NO;NO;1381.33;;1381.33;1381.33;1;UP
2025-01-12T17:45;2025-01-12T18:00;72;EUR;MWh;NO;NO;950;;950;950;1;UP
2025-01-12T18:00;2025-01-12T18:15;73;EUR;MWh;NO;NO;300;;300;300;1;UP
2025-01-12T18:15;2025-01-12T18:30;74;EUR;MWh;NO;NO;167.69;;167.69;167.69;1;UP
2025-01-12T18:30;2025-01-12T18:45;75;EUR;MWh;NO;NO;166.5;;166.5;166.5;1;UP
2025-01-12T18:45;2025-01-12T19:00;76;EUR;MWh;NO;NO;124.1;;124.1;124.1;1;UP
2025-01-12T19:00;2025-01-12T19:15;77;EUR;MWh;NO;NO;85.07;79;79;79;-1;DOWN
2025-01-12T19:15;2025-01-12T19:30;78;EUR;MWh;NO;NO;;51.15;51.15;51.15;-1;DOWN
2025-01-12T19:30;2025-01-12T19:45;79;EUR;MWh;NO;NO;;27.19;27.19;27.19;-1;DOWN
2025-01-12T19:45;2025-01-12T20:00;80;EUR;MWh;NO;NO;;56.65;56.65;56.65;-1;DOWN
2025-01-12T20:00;2025-01-12T20:15;81;EUR;MWh;NO;NO;;66;66;66;-1;DOWN
2025-01-12T20:15;2025-01-12T20:30;82;EUR;MWh;NO;NO;;79;79;79;-1;DOWN
2025-01-12T20:30;2025-01-12T20:45;83;EUR;MWh;NO;NO;;79;79;79;-1;DOWN
2025-01-12T20:45;2025-01-12T21:00;84;EUR;MWh;NO;NO;;79;79;79;-1;DOWN
2025-01-12T21:00;2025-01-12T21:15;85;EUR;MWh;NO;NO;100.11;85.69;100.11;82.67;2;UP_AND_DOWN
2025-01-12T21:15;2025-01-12T21:30;86;EUR;MWh;NO;NO;155;;155;155;1;UP
2025-01-12T21:30;2025-01-12T21:45;87;EUR;MWh;NO;NO;113.11;97.13;113.11;82.69;2;UP_AND_DOWN
2025-01-12T21:45;2025-01-12T22:00;88;EUR;MWh;NO;NO;106.69;93.09;106.69;78.96;2;UP_AND_DOWN
2025-01-12T22:00;2025-01-12T22:15;89;EUR;MWh;NO;NO;100.11;98.76;98.76;98.76;-1;DOWN
2025-01-12T22:15;2025-01-12T22:30;90;EUR;MWh;NO;NO;123.82;;123.82;123.82;1;UP
2025-01-12T22:30;2025-01-12T22:45;91;EUR;MWh;NO;NO;157.69;;157.69;157.69;1;UP
2025-01-12T22:45;2025-01-12T23:00;92;EUR;MWh;NO;NO;113.29;97.3;97.3;97.3;-1;DOWN
2025-01-12T23:00;2025-01-12T23:15;93;EUR;MWh;NO;NO;110.07;83.33;110.07;76.85;2;UP_AND_DOWN
2025-01-12T23:15;2025-01-12T23:30;94;EUR;MWh;NO;NO;109.52;;109.52;109.52;1;UP
2025-01-12T23:30;2025-01-12T23:45;95;EUR;MWh;NO;NO;109.52;98.74;98.74;98.74;-1;DOWN
2025-01-12T23:45;2025-01-13T00:00;96;EUR;MWh;NO;NO;;90.46;90.46;90.46;-1;DOWN
2025-01-13T00:00;2025-01-13T00:15;1;EUR;MWh;NO;NO;;77.11;77.11;77.11;-1;DOWN
2025-01-13T00:15;2025-01-13T00:30;2;EUR;MWh;NO;NO;;73.66;73.66;73.66;-1;DOWN
2025-01-13T00:30;2025-01-13T00:45;3;EUR;MWh;NO;NO;;62.1;62.1;62.1;-1;DOWN
2025-01-13T00:45;2025-01-13T01:00;4;EUR;MWh;NO;NO;60;60;60;48.33;2;UP_AND_DOWN
2025-01-13T01:00;2025-01-13T01:15;5;EUR;MWh;NO;NO;131;;131;131;1;UP
2025-01-13T01:15;2025-01-13T01:30;6;EUR;MWh;NO;NO;131;;131;131;1;UP
2025-01-13T01:30;2025-01-13T01:45;7;EUR;MWh;NO;NO;143;;143;143;1;UP
2025-01-13T01:45;2025-01-13T02:00;8;EUR;MWh;NO;NO;123.1;;123.1;123.1;1;UP
2025-01-13T02:00;2025-01-13T02:15;9;EUR;MWh;NO;NO;147;;147;147;1;UP
2025-01-13T02:15;2025-01-13T02:30;10;EUR;MWh;NO;NO;134.92;;134.92;134.92;1;UP
2025-01-13T02:30;2025-01-13T02:45;11;EUR;MWh;NO;NO;130.1;;130.1;130.1;1;UP
2025-01-13T02:45;2025-01-13T03:00;12;EUR;MWh;NO;NO;130;80.88;130;48.33;2;UP_AND_DOWN
2025-01-13T03:00;2025-01-13T03:15;13;EUR;MWh;NO;NO;65.07;86.65;65.07;65.07;1;UP
2025-01-13T03:15;2025-01-13T03:30;14;EUR;MWh;NO;NO;99.55;;99.55;99.55;1;UP
2025-01-13T03:30;2025-01-13T03:45;15;EUR;MWh;NO;NO;99.54;84.11;99.54;48.33;2;UP_AND_DOWN
2025-01-13T03:45;2025-01-13T04:00;16;EUR;MWh;NO;NO;;84.11;84.11;84.11;-1;DOWN
2025-01-13T04:00;2025-01-13T04:15;17;EUR;MWh;NO;NO;;77;77;77;-1;DOWN
2025-01-13T04:15;2025-01-13T04:30;18;EUR;MWh;NO;NO;107.82;88.66;107.82;48.33;2;UP_AND_DOWN
2025-01-13T04:30;2025-01-13T04:45;19;EUR;MWh;NO;NO;;88.66;88.66;88.66;-1;DOWN
2025-01-13T04:45;2025-01-13T05:00;20;EUR;MWh;NO;NO;60;96.66;96.66;96.66;-1;DOWN
2025-01-13T05:00;2025-01-13T05:15;21;EUR;MWh;NO;NO;110.2;91.35;110.2;48.9;2;UP_AND_DOWN
2025-01-13T05:15;2025-01-13T05:30;22;EUR;MWh;NO;NO;123.81;;123.81;123.81;1;UP
2025-01-13T05:30;2025-01-13T05:45;23;EUR;MWh;NO;NO;118.81;;118.81;118.81;1;UP
2025-01-13T05:45;2025-01-13T06:00;24;EUR;MWh;NO;NO;122.85;38.66;122.85;38.66;2;UP_AND_DOWN
2025-01-13T06:00;2025-01-13T06:15;25;EUR;MWh;NO;NO;150;61.01;150;150;1;UP
2025-01-13T06:15;2025-01-13T06:30;26;EUR;MWh;NO;NO;129.6;;129.6;129.6;1;UP
2025-01-13T06:30;2025-01-13T06:45;27;EUR;MWh;NO;NO;118.81;;118.81;118.81;1;UP
2025-01-13T06:45;2025-01-13T07:00;28;EUR;MWh;NO;NO;130;;130;130;1;UP
2025-01-13T07:00;2025-01-13T07:15;29;EUR;MWh;NO;NO;85.07;62.69;85.07;47.47;2;UP_AND_DOWN
2025-01-13T07:15;2025-01-13T07:30;30;EUR;MWh;NO;NO;130.5;93.12;130.5;130.5;1;UP
2025-01-13T07:30;2025-01-13T07:45;31;EUR;MWh;NO;NO;165.8;;165.8;165.8;1;UP
2025-01-13T07:45;2025-01-13T08:00;32;EUR;MWh;NO;NO;182.1;;182.1;182.1;1;UP
2025-01-13T08:00;2025-01-13T08:15;33;EUR;MWh;NO;NO;165.8;94.93;165.8;49.58;2;UP_AND_DOWN
2025-01-13T08:15;2025-01-13T08:30;34;EUR;MWh;NO;NO;150;;150;150;1;UP
2025-01-13T08:30;2025-01-13T08:45;35;EUR;MWh;NO;NO;150;;150;150;1;UP
2025-01-13T08:45;2025-01-13T09:00;36;EUR;MWh;NO;NO;150;;150;150;1;UP
2025-01-13T09:00;2025-01-13T09:15;37;EUR;MWh;NO;NO;111.54;;111.54;111.54;1;UP
2025-01-13T09:15;2025-01-13T09:30;38;EUR;MWh;NO;NO;111.54;77.58;77.58;77.58;-1;DOWN
2025-01-13T09:30;2025-01-13T09:45;39;EUR;MWh;NO;NO;;26.65;26.65;26.65;-1;DOWN
2025-01-13T09:45;2025-01-13T10:00;40;EUR;MWh;NO;NO;;16.93;16.93;16.93;-1;DOWN
2025-01-13T10:00;2025-01-13T10:15;41;EUR;MWh;NO;NO;115;45.44;115;45.44;2;UP_AND_DOWN
2025-01-13T10:15;2025-01-13T10:30;42;EUR;MWh;NO;NO;115;26.93;26.93;26.93;-1;DOWN
2025-01-13T10:30;2025-01-13T10:45;43;EUR;MWh;NO;NO;;17.69;17.69;17.69;-1;DOWN
2025-01-13T10:45;2025-01-13T11:00;44;EUR;MWh;NO;NO;;-50;-50;-50;-1;DOWN
2025-01-13T11:00;2025-01-13T11:15;45;EUR;MWh;NO;NO;;15.58;15.58;15.58;-1;DOWN
2025-01-13T11:15;2025-01-13T11:30;46;EUR;MWh;NO;NO;;16.93;16.93;16.93;-1;DOWN
2025-01-13T11:30;2025-01-13T11:45;47;EUR;MWh;NO;NO;;-15;-15;-15;-1;DOWN
2025-01-13T11:45;2025-01-13T12:00;48;EUR;MWh;NO;NO;;-80;-80;-80;-1;DOWN
2025-01-13T12:00;2025-01-13T12:15;49;EUR;MWh;NO;NO;;-4.84;-4.84;-4.84;-1;DOWN
2025-01-13T12:15;2025-01-13T12:30;50;EUR;MWh;NO;NO;;36.69;36.69;36.69;-1;DOWN
2025-01-13T12:30;2025-01-13T12:45;51;EUR;MWh;NO;NO;;-15;-15;-15;-1;DOWN
2025-01-13T12:45;2025-01-13T13:00;52;EUR;MWh;NO;NO;;6.69;6.69;6.69;-1;DOWN
2025-01-13T13:00;2025-01-13T13:15;53;EUR;MWh;NO;NO;;3.11;3.11;3.11;-1;DOWN
2025-01-13T13:15;2025-01-13T13:30;54;EUR;MWh;NO;NO;;-37.44;-37.44;-37.44;-1;DOWN
2025-01-13T13:30;2025-01-13T13:45;55;EUR;MWh;NO;NO;;-39.27;-39.27;-39.27;-1;DOWN
2025-01-13T13:45;2025-01-13T14:00;56;EUR;MWh;NO;NO;;36.93;36.93;36.93;-1;DOWN
2025-01-13T14:00;2025-01-13T14:15;57;EUR;MWh;NO;NO;;6.93;6.93;6.93;-1;DOWN
2025-01-13T14:15;2025-01-13T14:30;58;EUR;MWh;NO;NO;;46.93;46.93;46.93;-1;DOWN
2025-01-13T14:30;2025-01-13T14:45;59;EUR;MWh;NO;NO;;15.69;15.69;15.69;-1;DOWN
2025-01-13T14:45;2025-01-13T15:00;60;EUR;MWh;NO;NO;;60.7;60.7;60.7;-1;DOWN
2025-01-13T15:00;2025-01-13T15:15;61;EUR;MWh;NO;NO;;-141.36;-141.36;-141.36;-1;DOWN
2025-01-13T15:15;2025-01-13T15:30;62;EUR;MWh;NO;NO;;77.72;77.72;77.72;-1;DOWN
2025-01-13T15:30;2025-01-13T15:45;63;EUR;MWh;NO;NO;132.7;88.69;132.7;78.1;2;UP_AND_DOWN
2025-01-13T15:45;2025-01-13T16:00;64;EUR;MWh;NO;NO;136.54;;136.54;136.54;1;UP
2025-01-13T16:00;2025-01-13T16:15;65;EUR;MWh;NO;NO;136.54;6.69;6.69;6.69;-1;DOWN
2025-01-13T16:15;2025-01-13T16:30;66;EUR;MWh;NO;NO;179.22;85.69;179.22;179.22;1;UP
2025-01-13T16:30;2025-01-13T16:45;67;EUR;MWh;NO;NO;167.2;;167.2;167.2;1;UP
2025-01-13T16:45;2025-01-13T17:00;68;EUR;MWh;NO;NO;167.3;;167.3;167.3;1;UP
2025-01-13T17:00;2025-01-13T17:15;69;EUR;MWh;NO;NO;167;;167;167;1;UP
2025-01-13T17:15;2025-01-13T17:30;70;EUR;MWh;NO;NO;172.38;;172.38;172.38;1;UP
2025-01-13T17:30;2025-01-13T17:45;71;EUR;MWh;NO;NO;171.54;;171.54;171.54;1;UP
2025-01-13T17:45;2025-01-13T18:00;72;EUR;MWh;NO;NO;104.11;71.65;71.65;71.65;-1;DOWN
2025-01-13T18:00;2025-01-13T18:15;73;EUR;MWh;NO;NO;;8.69;8.69;8.69;-1;DOWN
2025-01-13T18:15;2025-01-13T18:30;74;EUR;MWh;NO;NO;;6.93;6.93;6.93;-1;DOWN
2025-01-13T18:30;2025-01-13T18:45;75;EUR;MWh;NO;NO;;-50;-50;-50;-1;DOWN
2025-01-13T18:45;2025-01-13T19:00;76;EUR;MWh;NO;NO;;-30;-30;-30;-1;DOWN
2025-01-13T19:00;2025-01-13T19:15;77;EUR;MWh;NO;NO;151.54;36.93;151.54;36.93;2;UP_AND_DOWN
2025-01-13T19:15;2025-01-13T19:30;78;EUR;MWh;NO;NO;99.53;71.93;71.93;71.93;-1;DOWN
2025-01-13T19:30;2025-01-13T19:45;79;EUR;MWh;NO;NO;;71.93;71.93;71.93;-1;DOWN
2025-01-13T19:45;2025-01-13T20:00;80;EUR;MWh;NO;NO;;79.81;79.81;79.81;-1;DOWN
2025-01-13T20:00;2025-01-13T20:15;81;EUR;MWh;NO;NO;132.63;76.69;132.63;76.69;2;UP_AND_DOWN
2025-01-13T20:15;2025-01-13T20:30;82;EUR;MWh;NO;NO;129.9;91.49;129.9;78.33;2;UP_AND_DOWN
2025-01-13T20:30;2025-01-13T20:45;83;EUR;MWh;NO;NO;;80.69;80.69;80.69;-1;DOWN
2025-01-13T20:45;2025-01-13T21:00;84;EUR;MWh;NO;NO;;81.8;81.8;81.8;-1;DOWN
2025-01-13T21:00;2025-01-13T21:15;85;EUR;MWh;NO;NO;132.63;81.69;132.63;78.33;2;UP_AND_DOWN
2025-01-13T21:15;2025-01-13T21:30;86;EUR;MWh;NO;NO;130;;130;130;1;UP
2025-01-13T21:30;2025-01-13T21:45;87;EUR;MWh;NO;NO;129.9;;129.9;129.9;1;UP
2025-01-13T21:45;2025-01-13T22:00;88;EUR;MWh;NO;NO;130.01;;130.01;130.01;1;UP
2025-01-13T22:00;2025-01-13T22:15;89;EUR;MWh;NO;NO;100.58;89.69;89.69;89.69;-1;DOWN
2025-01-13T22:15;2025-01-13T22:30;90;EUR;MWh;NO;NO;;56.65;56.65;56.65;-1;DOWN
2025-01-13T22:30;2025-01-13T22:45;91;EUR;MWh;NO;NO;;35.06;35.06;35.06;-1;DOWN
2025-01-13T22:45;2025-01-13T23:00;92;EUR;MWh;NO;NO;;14.5;14.5;14.5;-1;DOWN
2025-01-13T23:00;2025-01-13T23:15;93;EUR;MWh;NO;NO;60;-10;-10;-10;-1;DOWN
2025-01-13T23:15;2025-01-13T23:30;94;EUR;MWh;NO;NO;110.03;-10;-10;-10;-1;DOWN
2025-01-13T23:30;2025-01-13T23:45;95;EUR;MWh;NO;NO;;-50;-50;-50;-1;DOWN
2025-01-13T23:45;2025-01-14T00:00;96;EUR;MWh;NO;NO;;-5.42;-5.42;-5.42;-1;DOWN
2025-01-14T00:00;2025-01-14T00:15;1;EUR;MWh;NO;NO;130.6;-30;130.6;-30;2;UP_AND_DOWN
2025-01-14T00:15;2025-01-14T00:30;2;EUR;MWh;NO;NO;111.87;;111.87;111.87;1;UP
2025-01-14T00:30;2025-01-14T00:45;3;EUR;MWh;NO;NO;120.58;;120.58;120.58;1;UP
2025-01-14T00:45;2025-01-14T01:00;4;EUR;MWh;NO;NO;60;;60;60;1;UP
2025-01-14T01:00;2025-01-14T01:15;5;EUR;MWh;NO;NO;157.18;;157.18;157.18;1;UP
2025-01-14T01:15;2025-01-14T01:30;6;EUR;MWh;NO;NO;128;;128;128;1;UP
2025-01-14T01:30;2025-01-14T01:45;7;EUR;MWh;NO;NO;105.67;;105.67;105.67;1;UP
2025-01-14T01:45;2025-01-14T02:00;8;EUR;MWh;NO;NO;;56.65;56.65;56.65;-1;DOWN
2025-01-14T02:00;2025-01-14T02:15;9;EUR;MWh;NO;NO;;60;60;60;-1;DOWN
2025-01-14T02:15;2025-01-14T02:30;10;EUR;MWh;NO;NO;;65.92;65.92;65.92;-1;DOWN
2025-01-14T02:30;2025-01-14T02:45;11;EUR;MWh;NO;NO;108.32;91.49;108.32;78.11;2;UP_AND_DOWN
2025-01-14T02:45;2025-01-14T03:00;12;EUR;MWh;NO;NO;;81.21;81.21;81.21;-1;DOWN
2025-01-14T03:00;2025-01-14T03:15;13;EUR;MWh;NO;NO;128;96.21;128;78.11;2;UP_AND_DOWN
2025-01-14T03:15;2025-01-14T03:30;14;EUR;MWh;NO;NO;113.58;56.65;113.58;56.65;2;UP_AND_DOWN
2025-01-14T03:30;2025-01-14T03:45;15;EUR;MWh;NO;NO;;56.65;56.65;56.65;-1;DOWN
2025-01-14T03:45;2025-01-14T04:00;16;EUR;MWh;NO;NO;;77.58;77.58;77.58;-1;DOWN
2025-01-14T04:00;2025-01-14T04:15;17;EUR;MWh;NO;NO;120.72;77.58;120.72;120.72;1;UP
2025-01-14T04:15;2025-01-14T04:30;18;EUR;MWh;NO;NO;120.72;86.21;86.21;86.21;-1;DOWN
2025-01-14T04:30;2025-01-14T04:45;19;EUR;MWh;NO;NO;;91.21;91.21;91.21;-1;DOWN
2025-01-14T04:45;2025-01-14T05:00;20;EUR;MWh;NO;NO;;86.65;86.65;86.65;-1;DOWN
2025-01-14T05:00;2025-01-14T05:15;21;EUR;MWh;NO;NO;;94.56;94.56;94.56;-1;DOWN
2025-01-14T05:15;2025-01-14T05:30;22;EUR;MWh;NO;NO;;91.21;91.21;91.21;-1;DOWN
2025-01-14T05:30;2025-01-14T05:45;23;EUR;MWh;NO;NO;118.39;102.76;118.39;81.38;2;UP_AND_DOWN
2025-01-14T05:45;2025-01-14T06:00;24;EUR;MWh;NO;NO;75.07;95.83;79.53;79.53;2;UP_AND_DOWN
2025-01-14T06:00;2025-01-14T06:15;25;EUR;MWh;NO;NO;;81.21;81.21;81.21;-1;DOWN
2025-01-14T06:15;2025-01-14T06:30;26;EUR;MWh;NO;NO;120.72;86.65;120.72;78.11;2;UP_AND_DOWN
2025-01-14T06:30;2025-01-14T06:45;27;EUR;MWh;NO;NO;124.01;86.65;124.01;124.01;1;UP
2025-01-14T06:45;2025-01-14T07:00;28;EUR;MWh;NO;NO;111.89;;111.89;111.89;1;UP
2025-01-14T07:00;2025-01-14T07:15;29;EUR;MWh;NO;NO;167.1;;167.1;167.1;1;UP
2025-01-14T07:15;2025-01-14T07:30;30;EUR;MWh;NO;NO;167.3;;167.3;167.3;1;UP
2025-01-14T07:30;2025-01-14T07:45;31;EUR;MWh;NO;NO;183.7;;183.7;183.7;1;UP
2025-01-14T07:45;2025-01-14T08:00;32;EUR;MWh;NO;NO;207.42;;207.42;207.42;1;UP
2025-01-14T08:00;2025-01-14T08:15;33;EUR;MWh;NO;NO;167.1;60;167.1;60;2;UP_AND_DOWN
2025-01-14T08:15;2025-01-14T08:30;34;EUR;MWh;NO;NO;75.07;89.3;89.3;89.3;-1;DOWN
2025-01-14T08:30;2025-01-14T08:45;35;EUR;MWh;NO;NO;164.35;;164.35;164.35;1;UP
2025-01-14T08:45;2025-01-14T09:00;36;EUR;MWh;NO;NO;124.35;102.55;102.55;102.55;-1;DOWN
2025-01-14T09:00;2025-01-14T09:15;37;EUR;MWh;NO;NO;164.35;;164.35;164.35;1;UP
2025-01-14T09:15;2025-01-14T09:30;38;EUR;MWh;NO;NO;164.35;;164.35;164.35;1;UP
2025-01-14T09:30;2025-01-14T09:45;39;EUR;MWh;NO;NO;130;;130;130;1;UP
2025-01-14T09:45;2025-01-14T10:00;40;EUR;MWh;NO;NO;130;102.57;102.57;102.57;-1;DOWN
2025-01-14T10:00;2025-01-14T10:15;41;EUR;MWh;NO;NO;130;100.13;130;130;1;UP
2025-01-14T10:15;2025-01-14T10:30;42;EUR;MWh;NO;NO;132.1;99.03;132.1;80.5;2;UP_AND_DOWN
2025-01-14T10:30;2025-01-14T10:45;43;EUR;MWh;NO;NO;104.89;;104.89;104.89;1;UP
2025-01-14T10:45;2025-01-14T11:00;44;EUR;MWh;NO;NO;60;;60;60;1;UP
2025-01-14T11:00;2025-01-14T11:15;45;EUR;MWh;NO;NO;168.4;;168.4;168.4;1;UP
2025-01-14T11:15;2025-01-14T11:30;46;EUR;MWh;NO;NO;130;95.83;95.83;95.83;-1;DOWN
2025-01-14T11:30;2025-01-14T11:45;47;EUR;MWh;NO;NO;;88.89;88.89;88.89;-1;DOWN
2025-01-14T11:45;2025-01-14T12:00;48;EUR;MWh;NO;NO;;90.19;90.19;90.19;-1;DOWN
2025-01-14T12:00;2025-01-14T12:15;49;EUR;MWh;NO;NO;130;93.15;130;80.5;2;UP_AND_DOWN
2025-01-14T12:15;2025-01-14T12:30;50;EUR;MWh;NO;NO;115.73;56;56;56;-1;DOWN
2025-01-14T12:30;2025-01-14T12:45;51;EUR;MWh;NO;NO;;1;1;1;-1;DOWN
2025-01-14T12:45;2025-01-14T13:00;52;EUR;MWh;NO;NO;;;0;0;-1;DOWN
2025-01-14T13:00;2025-01-14T13:15;53;EUR;MWh;NO;NO;;-23;-23;-23;-1;DOWN
2025-01-14T13:15;2025-01-14T13:30;54;EUR;MWh;NO;NO;;-26.29;-26.29;-26.29;-1;DOWN
2025-01-14T13:30;2025-01-14T13:45;55;EUR;MWh;NO;NO;;86.65;86.65;86.65;-1;DOWN
2025-01-14T13:45;2025-01-14T14:00;56;EUR;MWh;NO;NO;;56.65;56.65;56.65;-1;DOWN
2025-01-14T14:00;2025-01-14T14:15;57;EUR;MWh;NO;NO;;19.8;19.8;19.8;-1;DOWN
2025-01-14T14:15;2025-01-14T14:30;58;EUR;MWh;NO;NO;;91.21;91.21;91.21;-1;DOWN
2025-01-14T14:30;2025-01-14T14:45;59;EUR;MWh;NO;NO;;93.14;93.14;93.14;-1;DOWN
2025-01-14T14:45;2025-01-14T15:00;60;EUR;MWh;NO;NO;60;;60;60;1;UP
2025-01-14T15:00;2025-01-14T15:15;61;EUR;MWh;NO;NO;111.89;;111.89;111.89;1;UP
2025-01-14T15:15;2025-01-14T15:30;62;EUR;MWh;NO;NO;118.39;;118.39;118.39;1;UP
2025-01-14T15:30;2025-01-14T15:45;63;EUR;MWh;NO;NO;133.7;;133.7;133.7;1;UP
2025-01-14T15:45;2025-01-14T16:00;64;EUR;MWh;NO;NO;133.7;;133.7;133.7;1;UP
2025-01-14T16:00;2025-01-14T16:15;65;EUR;MWh;NO;NO;125.72;;125.72;125.72;1;UP
2025-01-14T16:15;2025-01-14T16:30;66;EUR;MWh;NO;NO;144.17;;144.17;144.17;1;UP
2025-01-14T16:30;2025-01-14T16:45;67;EUR;MWh;NO;NO;174;;174;174;1;UP
2025-01-14T16:45;2025-01-14T17:00;68;EUR;MWh;NO;NO;167.3;;167.3;167.3;1;UP
2025-01-14T17:00;2025-01-14T17:15;69;EUR;MWh;NO;NO;130;93.57;130;81.29;2;UP_AND_DOWN
2025-01-14T17:15;2025-01-14T17:30;70;EUR;MWh;NO;NO;186.35;102.57;186.35;186.35;1;UP
2025-01-14T17:30;2025-01-14T17:45;71;EUR;MWh;NO;NO;214.35;;214.35;214.35;1;UP
2025-01-14T17:45;2025-01-14T18:00;72;EUR;MWh;NO;NO;133.6;;133.6;133.6;1;UP
2025-01-14T18:00;2025-01-14T18:15;73;EUR;MWh;NO;NO;111.89;87.57;111.89;81.29;2;UP_AND_DOWN
2025-01-14T18:15;2025-01-14T18:30;74;EUR;MWh;NO;NO;;95.83;95.83;95.83;-1;DOWN
2025-01-14T18:30;2025-01-14T18:45;75;EUR;MWh;NO;NO;;93.57;93.57;93.57;-1;DOWN
2025-01-14T18:45;2025-01-14T19:00;76;EUR;MWh;NO;NO;;93.57;93.57;93.57;-1;DOWN
2025-01-14T19:00;2025-01-14T19:15;77;EUR;MWh;NO;NO;;84.55;84.55;84.55;-1;DOWN
2025-01-14T19:15;2025-01-14T19:30;78;EUR;MWh;NO;NO;;85.49;85.49;85.49;-1;DOWN
2025-01-14T19:30;2025-01-14T19:45;79;EUR;MWh;NO;NO;;93.57;93.57;93.57;-1;DOWN
2025-01-14T19:45;2025-01-14T20:00;80;EUR;MWh;NO;NO;;86.82;86.82;86.82;-1;DOWN
2025-01-14T20:00;2025-01-14T20:15;81;EUR;MWh;NO;NO;117.89;86.65;117.89;80.5;2;UP_AND_DOWN
2025-01-14T20:15;2025-01-14T20:30;82;EUR;MWh;NO;NO;124.35;;124.35;124.35;1;UP
2025-01-14T20:30;2025-01-14T20:45;83;EUR;MWh;NO;NO;60;;60;60;1;UP
2025-01-14T20:45;2025-01-14T21:00;84;EUR;MWh;NO;NO;60;;60;60;1;UP
2025-01-14T21:00;2025-01-14T21:15;85;EUR;MWh;NO;NO;166.97;;166.97;166.97;1;UP
2025-01-14T21:15;2025-01-14T21:30;86;EUR;MWh;NO;NO;167.2;;167.2;167.2;1;UP
2025-01-14T21:30;2025-01-14T21:45;87;EUR;MWh;NO;NO;133;;133;133;1;UP
2025-01-14T21:45;2025-01-14T22:00;88;EUR;MWh;NO;NO;133;90.19;90.19;90.19;-1;DOWN
2025-01-14T22:00;2025-01-14T22:15;89;EUR;MWh;NO;NO;;93.38;93.38;93.38;-1;DOWN
2025-01-14T22:15;2025-01-14T22:30;90;EUR;MWh;NO;NO;;91.21;91.21;91.21;-1;DOWN
2025-01-14T22:30;2025-01-14T22:45;91;EUR;MWh;NO;NO;;86.21;86.21;86.21;-1;DOWN
2025-01-14T22:45;2025-01-14T23:00;92;EUR;MWh;NO;NO;;91.79;91.79;91.79;-1;DOWN
2025-01-14T23:00;2025-01-14T23:15;93;EUR;MWh;NO;NO;167.1;102.36;167.1;81.18;2;UP_AND_DOWN
2025-01-14T23:15;2025-01-14T23:30;94;EUR;MWh;NO;NO;128.72;;128.72;128.72;1;UP
2025-01-14T23:30;2025-01-14T23:45;95;EUR;MWh;NO;NO;125.72;;125.72;125.72;1;UP
2025-01-14T23:45;2025-01-15T00:00;96;EUR;MWh;NO;NO;125.72;102.36;81.18;81.18;0;STABLE
2025-01-15T00:00;2025-01-15T00:15;1;EUR;MWh;NO;NO;104.89;105;104.89;92.85;2;UP_AND_DOWN
2025-01-15T00:15;2025-01-15T00:30;2;EUR;MWh;NO;NO;124.57;113.69;124.57;92.85;2;UP_AND_DOWN
2025-01-15T00:30;2025-01-15T00:45;3;EUR;MWh;NO;NO;150;;150;150;1;UP
2025-01-15T00:45;2025-01-15T01:00;4;EUR;MWh;NO;NO;120.59;;120.59;120.59;1;UP
2025-01-15T01:00;2025-01-15T01:15;5;EUR;MWh;NO;NO;153.56;;153.56;153.56;1;UP
2025-01-15T01:15;2025-01-15T01:30;6;EUR;MWh;NO;NO;120.42;105;120.42;92.85;2;UP_AND_DOWN
2025-01-15T01:30;2025-01-15T01:45;7;EUR;MWh;NO;NO;;104.69;104.69;104.69;-1;DOWN
2025-01-15T01:45;2025-01-15T02:00;8;EUR;MWh;NO;NO;;88.65;88.65;88.65;-1;DOWN
2025-01-15T02:00;2025-01-15T02:15;9;EUR;MWh;NO;NO;;88.65;88.65;88.65;-1;DOWN
2025-01-15T02:15;2025-01-15T02:30;10;EUR;MWh;NO;NO;;88.65;88.65;88.65;-1;DOWN
2025-01-15T02:30;2025-01-15T02:45;11;EUR;MWh;NO;NO;;86.65;86.65;86.65;-1;DOWN
2025-01-15T02:45;2025-01-15T03:00;12;EUR;MWh;NO;NO;;83.29;83.29;83.29;-1;DOWN
2025-01-15T03:00;2025-01-15T03:15;13;EUR;MWh;NO;NO;;86.65;86.65;86.65;-1;DOWN
2025-01-15T03:15;2025-01-15T03:30;14;EUR;MWh;NO;NO;;86.77;86.77;86.77;-1;DOWN
2025-01-15T03:30;2025-01-15T03:45;15;EUR;MWh;NO;NO;;88.65;88.65;88.65;-1;DOWN
2025-01-15T03:45;2025-01-15T04:00;16;EUR;MWh;NO;NO;;77;77;77;-1;DOWN
2025-01-15T04:00;2025-01-15T04:15;17;EUR;MWh;NO;NO;;89.77;89.77;89.77;-1;DOWN
2025-01-15T04:15;2025-01-15T04:30;18;EUR;MWh;NO;NO;;94.04;94.04;94.04;-1;DOWN
2025-01-15T04:30;2025-01-15T04:45;19;EUR;MWh;NO;NO;65.07;94.69;94.69;94.69;-1;DOWN
2025-01-15T04:45;2025-01-15T05:00;20;EUR;MWh;NO;NO;65.07;110.76;93.38;93.38;2;UP_AND_DOWN
2025-01-15T05:00;2025-01-15T05:15;21;EUR;MWh;NO;NO;65.07;112.69;112.69;112.69;-1;DOWN
2025-01-15T05:15;2025-01-15T05:30;22;EUR;MWh;NO;NO;75.07;86.77;93.38;86.77;2;UP_AND_DOWN
2025-01-15T05:30;2025-01-15T05:45;23;EUR;MWh;NO;NO;;87.69;87.69;87.69;-1;DOWN
2025-01-15T05:45;2025-01-15T06:00;24;EUR;MWh;NO;NO;;75;75;75;-1;DOWN
2025-01-15T06:00;2025-01-15T06:15;25;EUR;MWh;NO;NO;;75.53;75.53;75.53;-1;DOWN
2025-01-15T06:15;2025-01-15T06:30;26;EUR;MWh;NO;NO;;83.6;83.6;83.6;-1;DOWN
2025-01-15T06:30;2025-01-15T06:45;27;EUR;MWh;NO;NO;;80.98;80.98;80.98;-1;DOWN
2025-01-15T06:45;2025-01-15T07:00;28;EUR;MWh;NO;NO;120.07;104.9;120.07;93.38;2;UP_AND_DOWN
2025-01-15T07:00;2025-01-15T07:15;29;EUR;MWh;NO;NO;;78.89;78.89;78.89;-1;DOWN
2025-01-15T07:15;2025-01-15T07:30;30;EUR;MWh;NO;NO;128.71;105.6;105.6;105.6;-1;DOWN
2025-01-15T07:30;2025-01-15T07:45;31;EUR;MWh;NO;NO;200;105.6;200;200;1;UP
2025-01-15T07:45;2025-01-15T08:00;32;EUR;MWh;NO;NO;200;;200;200;1;UP
2025-01-15T08:00;2025-01-15T08:15;33;EUR;MWh;NO;NO;197.7;111.69;197.7;93.38;2;UP_AND_DOWN
2025-01-15T08:15;2025-01-15T08:30;34;EUR;MWh;NO;NO;175.5;;175.5;175.5;1;UP
2025-01-15T08:30;2025-01-15T08:45;35;EUR;MWh;NO;NO;200;;200;200;1;UP
2025-01-15T08:45;2025-01-15T09:00;36;EUR;MWh;NO;NO;277;;277;277;1;UP
2025-01-15T09:00;2025-01-15T09:15;37;EUR;MWh;NO;NO;200;;200;200;1;UP
2025-01-15T09:15;2025-01-15T09:30;38;EUR;MWh;NO;NO;160.75;;160.75;160.75;1;UP
2025-01-15T09:30;2025-01-15T09:45;39;EUR;MWh;NO;NO;160.75;;160.75;160.75;1;UP
2025-01-15T09:45;2025-01-15T10:00;40;EUR;MWh;NO;NO;139.9;;139.9;139.9;1;UP
2025-01-15T10:00;2025-01-15T10:15;41;EUR;MWh;NO;NO;75.07;;75.07;75.07;1;UP
2025-01-15T10:15;2025-01-15T10:30;42;EUR;MWh;NO;NO;;105;105;105;-1;DOWN
2025-01-15T10:30;2025-01-15T10:45;43;EUR;MWh;NO;NO;;104.69;104.69;104.69;-1;DOWN
2025-01-15T10:45;2025-01-15T11:00;44;EUR;MWh;NO;NO;;95.54;95.54;95.54;-1;DOWN
2025-01-15T11:00;2025-01-15T11:15;45;EUR;MWh;NO;NO;;95.69;95.69;95.69;-1;DOWN
2025-01-15T11:15;2025-01-15T11:30;46;EUR;MWh;NO;NO;;99.69;99.69;99.69;-1;DOWN
2025-01-15T11:30;2025-01-15T11:45;47;EUR;MWh;NO;NO;;99;99;99;-1;DOWN
2025-01-15T11:45;2025-01-15T12:00;48;EUR;MWh;NO;NO;;83.6;83.6;83.6;-1;DOWN
2025-01-15T12:00;2025-01-15T12:15;49;EUR;MWh;NO;NO;;95.54;95.54;95.54;-1;DOWN
2025-01-15T12:15;2025-01-15T12:30;50;EUR;MWh;NO;NO;138.32;114.69;138.32;92.85;2;UP_AND_DOWN
2025-01-15T12:30;2025-01-15T12:45;51;EUR;MWh;NO;NO;160.15;;160.15;160.15;1;UP
2025-01-15T12:45;2025-01-15T13:00;52;EUR;MWh;NO;NO;141.38;;141.38;141.38;1;UP
2025-01-15T13:00;2025-01-15T13:15;53;EUR;MWh;NO;NO;169.37;;169.37;169.37;1;UP
2025-01-15T13:15;2025-01-15T13:30;54;EUR;MWh;NO;NO;197.7;;197.7;197.7;1;UP
2025-01-15T13:30;2025-01-15T13:45;55;EUR;MWh;NO;NO;197.7;;197.7;197.7;1;UP
2025-01-15T13:45;2025-01-15T14:00;56;EUR;MWh;NO;NO;148.73;;148.73;148.73;1;UP
2025-01-15T14:00;2025-01-15T14:15;57;EUR;MWh;NO;NO;214.58;;214.58;214.58;1;UP
2025-01-15T14:15;2025-01-15T14:30;58;EUR;MWh;NO;NO;195;;195;195;1;UP
2025-01-15T14:30;2025-01-15T14:45;59;EUR;MWh;NO;NO;214.58;;214.58;214.58;1;UP
2025-01-15T14:45;2025-01-15T15:00;60;EUR;MWh;NO;NO;198.46;;198.46;198.46;1;UP
2025-01-15T15:00;2025-01-15T15:15;61;EUR;MWh;NO;NO;65.07;112.46;93.38;93.38;2;UP_AND_DOWN
2025-01-15T15:15;2025-01-15T15:30;62;EUR;MWh;NO;NO;158.15;;158.15;158.15;1;UP
2025-01-15T15:30;2025-01-15T15:45;63;EUR;MWh;NO;NO;181.11;;181.11;181.11;1;UP
2025-01-15T15:45;2025-01-15T16:00;64;EUR;MWh;NO;NO;195;;195;195;1;UP
2025-01-15T16:00;2025-01-15T16:15;65;EUR;MWh;NO;NO;157.01;107.15;107.15;107.15;-1;DOWN
2025-01-15T16:15;2025-01-15T16:30;66;EUR;MWh;NO;NO;235.75;;235.75;235.75;1;UP
2025-01-15T16:30;2025-01-15T16:45;67;EUR;MWh;NO;NO;248.92;;248.92;248.92;1;UP
2025-01-15T16:45;2025-01-15T17:00;68;EUR;MWh;NO;NO;200;;200;200;1;UP
2025-01-15T17:00;2025-01-15T17:15;69;EUR;MWh;NO;NO;202.65;;202.65;202.65;1;UP
2025-01-15T17:15;2025-01-15T17:30;70;EUR;MWh;NO;NO;300;;300;300;1;UP
2025-01-15T17:30;2025-01-15T17:45;71;EUR;MWh;NO;NO;273.28;;273.28;273.28;1;UP
2025-01-15T17:45;2025-01-15T18:00;72;EUR;MWh;NO;NO;233.75;;233.75;233.75;1;UP
2025-01-15T18:00;2025-01-15T18:15;73;EUR;MWh;NO;NO;138;99.04;138;92.85;2;UP_AND_DOWN
2025-01-15T18:15;2025-01-15T18:30;74;EUR;MWh;NO;NO;64;105;64;64;1;UP
2025-01-15T18:30;2025-01-15T18:45;75;EUR;MWh;NO;NO;64;;64;64;1;UP
2025-01-15T18:45;2025-01-15T19:00;76;EUR;MWh;NO;NO;136;;136;136;1;UP
2025-01-15T19:00;2025-01-15T19:15;77;EUR;MWh;NO;NO;247.42;;247.42;247.42;1;UP
2025-01-15T19:15;2025-01-15T19:30;78;EUR;MWh;NO;NO;240.15;112.46;240.15;240.15;1;UP
2025-01-15T19:30;2025-01-15T19:45;79;EUR;MWh;NO;NO;240.15;105;105;105;-1;DOWN
2025-01-15T19:45;2025-01-15T20:00;80;EUR;MWh;NO;NO;;107.82;107.82;107.82;-1;DOWN
2025-01-15T20:00;2025-01-15T20:15;81;EUR;MWh;NO;NO;235.75;106;235.75;92.85;2;UP_AND_DOWN
2025-01-15T20:15;2025-01-15T20:30;82;EUR;MWh;NO;NO;133.94;;133.94;133.94;1;UP
2025-01-15T20:30;2025-01-15T20:45;83;EUR;MWh;NO;NO;;106;106;106;-1;DOWN
2025-01-15T20:45;2025-01-15T21:00;84;EUR;MWh;NO;NO;;106;106;106;-1;DOWN
2025-01-15T21:00;2025-01-15T21:15;85;EUR;MWh;NO;NO;114.07;114.69;114.07;92.85;2;UP_AND_DOWN
2025-01-15T21:15;2025-01-15T21:30;86;EUR;MWh;NO;NO;64;105.5;92.85;92.85;2;UP_AND_DOWN
2025-01-15T21:30;2025-01-15T21:45;87;EUR;MWh;NO;NO;;106;106;106;-1;DOWN
2025-01-15T21:45;2025-01-15T22:00;88;EUR;MWh;NO;NO;;106;106;106;-1;DOWN
2025-01-15T22:00;2025-01-15T22:15;89;EUR;MWh;NO;NO;118.06;121.69;118.06;92.85;2;UP_AND_DOWN
2025-01-15T22:15;2025-01-15T22:30;90;EUR;MWh;NO;NO;118.06;;118.06;118.06;1;UP
2025-01-15T22:30;2025-01-15T22:45;91;EUR;MWh;NO;NO;130.36;;130.36;130.36;1;UP
2025-01-15T22:45;2025-01-15T23:00;92;EUR;MWh;NO;NO;;105.5;105.5;105.5;-1;DOWN
2025-01-15T23:00;2025-01-15T23:15;93;EUR;MWh;NO;NO;117.54;104.69;117.54;92.85;2;UP_AND_DOWN
2025-01-15T23:15;2025-01-15T23:30;94;EUR;MWh;NO;NO;;105.5;105.5;105.5;-1;DOWN
2025-01-15T23:30;2025-01-15T23:45;95;EUR;MWh;NO;NO;;105.5;105.5;105.5;-1;DOWN
2025-01-15T23:45;2025-01-16T00:00;96;EUR;MWh;NO;NO;64;;64;64;1;UP
2025-01-16T00:00;2025-01-16T00:15;1;EUR;MWh;NO;NO;222;;222;222;1;UP
2025-01-16T00:15;2025-01-16T00:30;2;EUR;MWh;NO;NO;195;102.7;195;195;1;UP
2025-01-16T00:30;2025-01-16T00:45;3;EUR;MWh;NO;NO;137.7;101.7;137.7;83.29;2;UP_AND_DOWN
2025-01-16T00:45;2025-01-16T01:00;4;EUR;MWh;NO;NO;137.7;98.57;98.57;98.57;-1;DOWN
2025-01-16T01:00;2025-01-16T01:15;5;EUR;MWh;NO;NO;175.7;90.57;175.7;83.29;2;UP_AND_DOWN
2025-01-16T01:15;2025-01-16T01:30;6;EUR;MWh;NO;NO;121.96;98.57;98.57;98.57;-1;DOWN
2025-01-16T01:30;2025-01-16T01:45;7;EUR;MWh;NO;NO;137.7;100.57;137.7;83.29;2;UP_AND_DOWN
2025-01-16T01:45;2025-01-16T02:00;8;EUR;MWh;NO;NO;65.07;98.57;83.29;83.29;2;UP_AND_DOWN
2025-01-16T02:00;2025-01-16T02:15;9;EUR;MWh;NO;NO;137.7;98.22;137.7;83.29;2;UP_AND_DOWN
2025-01-16T02:15;2025-01-16T02:30;10;EUR;MWh;NO;NO;109.97;101.57;101.57;101.57;-1;DOWN
2025-01-16T02:30;2025-01-16T02:45;11;EUR;MWh;NO;NO;;98.22;98.22;98.22;-1;DOWN
2025-01-16T02:45;2025-01-16T03:00;12;EUR;MWh;NO;NO;;98.22;98.22;98.22;-1;DOWN
2025-01-16T03:00;2025-01-16T03:15;13;EUR;MWh;NO;NO;107.05;99.57;107.05;83.29;2;UP_AND_DOWN
2025-01-16T03:15;2025-01-16T03:30;14;EUR;MWh;NO;NO;127.45;;127.45;127.45;1;UP
2025-01-16T03:30;2025-01-16T03:45;15;EUR;MWh;NO;NO;106.73;;106.73;106.73;1;UP
2025-01-16T03:45;2025-01-16T04:00;16;EUR;MWh;NO;NO;;99;99;99;-1;DOWN
2025-01-16T04:00;2025-01-16T04:15;17;EUR;MWh;NO;NO;;98.57;98.57;98.57;-1;DOWN
2025-01-16T04:15;2025-01-16T04:30;18;EUR;MWh;NO;NO;;97.57;97.57;97.57;-1;DOWN
2025-01-16T04:30;2025-01-16T04:45;19;EUR;MWh;NO;NO;;99.57;99.57;99.57;-1;DOWN
2025-01-16T04:45;2025-01-16T05:00;20;EUR;MWh;NO;NO;111;;111;111;1;UP
2025-01-16T05:00;2025-01-16T05:15;21;EUR;MWh;NO;NO;103.93;;103.93;103.93;1;UP
2025-01-16T05:15;2025-01-16T05:30;22;EUR;MWh;NO;NO;63;;63;63;1;UP
2025-01-16T05:30;2025-01-16T05:45;23;EUR;MWh;NO;NO;120.7;;120.7;120.7;1;UP
2025-01-16T05:45;2025-01-16T06:00;24;EUR;MWh;NO;NO;114.45;;114.45;114.45;1;UP
2025-01-16T06:00;2025-01-16T06:15;25;EUR;MWh;NO;NO;63;75.45;75.45;75.45;-1;DOWN
2025-01-16T06:15;2025-01-16T06:30;26;EUR;MWh;NO;NO;107.08;101.8;107.08;83.29;2;UP_AND_DOWN
2025-01-16T06:30;2025-01-16T06:45;27;EUR;MWh;NO;NO;136.8;101.3;136.8;85.28;2;UP_AND_DOWN
2025-01-16T06:45;2025-01-16T07:00;28;EUR;MWh;NO;NO;200;;200;200;1;UP
2025-01-16T07:00;2025-01-16T07:15;29;EUR;MWh;NO;NO;136.8;75;136.8;75;2;UP_AND_DOWN
2025-01-16T07:15;2025-01-16T07:30;30;EUR;MWh;NO;NO;151.6;75;151.6;151.6;1;UP
2025-01-16T07:30;2025-01-16T07:45;31;EUR;MWh;NO;NO;200;;200;200;1;UP
2025-01-16T07:45;2025-01-16T08:00;32;EUR;MWh;NO;NO;200;;200;200;1;UP
2025-01-16T08:00;2025-01-16T08:15;33;EUR;MWh;NO;NO;147.47;106.55;147.47;88.11;2;UP_AND_DOWN
2025-01-16T08:15;2025-01-16T08:30;34;EUR;MWh;NO;NO;131.37;;131.37;131.37;1;UP
2025-01-16T08:30;2025-01-16T08:45;35;EUR;MWh;NO;NO;173.09;;173.09;173.09;1;UP
2025-01-16T08:45;2025-01-16T09:00;36;EUR;MWh;NO;NO;173.7;;173.7;173.7;1;UP
2025-01-16T09:00;2025-01-16T09:15;37;EUR;MWh;NO;NO;137.7;;137.7;137.7;1;UP
2025-01-16T09:15;2025-01-16T09:30;38;EUR;MWh;NO;NO;121.6;;121.6;121.6;1;UP
2025-01-16T09:30;2025-01-16T09:45;39;EUR;MWh;NO;NO;129.6;;129.6;129.6;1;UP
2025-01-16T09:45;2025-01-16T10:00;40;EUR;MWh;NO;NO;63;111.15;87.08;87.08;2;UP_AND_DOWN
2025-01-16T10:00;2025-01-16T10:15;41;EUR;MWh;NO;NO;171.97;111.15;171.97;87.08;2;UP_AND_DOWN
2025-01-16T10:15;2025-01-16T10:30;42;EUR;MWh;NO;NO;129.16;;129.16;129.16;1;UP
2025-01-16T10:30;2025-01-16T10:45;43;EUR;MWh;NO;NO;75.07;;75.07;75.07;1;UP
2025-01-16T10:45;2025-01-16T11:00;44;EUR;MWh;NO;NO;137.9;;137.9;137.9;1;UP
2025-01-16T11:00;2025-01-16T11:15;45;EUR;MWh;NO;NO;211.27;;211.27;211.27;1;UP
2025-01-16T11:15;2025-01-16T11:30;46;EUR;MWh;NO;NO;140;;140;140;1;UP
2025-01-16T11:30;2025-01-16T11:45;47;EUR;MWh;NO;NO;178;;178;178;1;UP
2025-01-16T11:45;2025-01-16T12:00;48;EUR;MWh;NO;NO;135;;135;135;1;UP
2025-01-16T12:00;2025-01-16T12:15;49;EUR;MWh;NO;NO;1895;;1895;1895;1;UP
2025-01-16T12:15;2025-01-16T12:30;50;EUR;MWh;NO;NO;225;101.57;225;86.5;2;UP_AND_DOWN
2025-01-16T12:30;2025-01-16T12:45;51;EUR;MWh;NO;NO;221.07;101.57;221.07;221.07;1;UP
2025-01-16T12:45;2025-01-16T13:00;52;EUR;MWh;NO;NO;140;;140;140;1;UP
2025-01-16T13:00;2025-01-16T13:15;53;EUR;MWh;NO;NO;200;;200;200;1;UP
2025-01-16T13:15;2025-01-16T13:30;54;EUR;MWh;NO;NO;200;;200;200;1;UP
2025-01-16T13:30;2025-01-16T13:45;55;EUR;MWh;NO;NO;200;;200;200;1;UP
2025-01-16T13:45;2025-01-16T14:00;56;EUR;MWh;NO;NO;138;;138;138;1;UP
2025-01-16T14:00;2025-01-16T14:15;57;EUR;MWh;NO;NO;211.27;;211.27;211.27;1;UP
2025-01-16T14:15;2025-01-16T14:30;58;EUR;MWh;NO;NO;211.27;;211.27;211.27;1;UP
2025-01-16T14:30;2025-01-16T14:45;59;EUR;MWh;NO;NO;155.05;;155.05;155.05;1;UP
2025-01-16T14:45;2025-01-16T15:00;60;EUR;MWh;NO;NO;194;;194;194;1;UP
2025-01-16T15:00;2025-01-16T15:15;61;EUR;MWh;NO;NO;172.8;;172.8;172.8;1;UP
2025-01-16T15:15;2025-01-16T15:30;62;EUR;MWh;NO;NO;178;;178;178;1;UP
2025-01-16T15:30;2025-01-16T15:45;63;EUR;MWh;NO;NO;172.8;;172.8;172.8;1;UP
2025-01-16T15:45;2025-01-16T16:00;64;EUR;MWh;NO;NO;172.9;;172.9;172.9;1;UP
2025-01-16T16:00;2025-01-16T16:15;65;EUR;MWh;NO;NO;172.9;;172.9;172.9;1;UP
2025-01-16T16:15;2025-01-16T16:30;66;EUR;MWh;NO;NO;122.28;;122.28;122.28;1;UP
2025-01-16T16:30;2025-01-16T16:45;67;EUR;MWh;NO;NO;143.24;105.93;143.24;84.47;2;UP_AND_DOWN
2025-01-16T16:45;2025-01-16T17:00;68;EUR;MWh;NO;NO;168.37;;168.37;168.37;1;UP
2025-01-16T17:00;2025-01-16T17:15;69;EUR;MWh;NO;NO;168.37;100.57;100.57;100.57;-1;DOWN
2025-01-16T17:15;2025-01-16T17:30;70;EUR;MWh;NO;NO;180;111.02;180;180;1;UP
2025-01-16T17:30;2025-01-16T17:45;71;EUR;MWh;NO;NO;184.27;;184.27;184.27;1;UP
2025-01-16T17:45;2025-01-16T18:00;72;EUR;MWh;NO;NO;180;;180;180;1;UP
2025-01-16T18:00;2025-01-16T18:15;73;EUR;MWh;NO;NO;155.27;;155.27;155.27;1;UP
2025-01-16T18:15;2025-01-16T18:30;74;EUR;MWh;NO;NO;134.32;105.93;134.32;84.47;2;UP_AND_DOWN
2025-01-16T18:30;2025-01-16T18:45;75;EUR;MWh;NO;NO;121.84;101.57;121.84;87.05;2;UP_AND_DOWN
2025-01-16T18:45;2025-01-16T19:00;76;EUR;MWh;NO;NO;;102.7;102.7;102.7;-1;DOWN
2025-01-16T19:00;2025-01-16T19:15;77;EUR;MWh;NO;NO;186.27;102.6;186.27;86.98;2;UP_AND_DOWN
2025-01-16T19:15;2025-01-16T19:30;78;EUR;MWh;NO;NO;180;;180;180;1;UP
2025-01-16T19:30;2025-01-16T19:45;79;EUR;MWh;NO;NO;191.27;;191.27;191.27;1;UP
2025-01-16T19:45;2025-01-16T20:00;80;EUR;MWh;NO;NO;121.27;;121.27;121.27;1;UP
2025-01-16T20:00;2025-01-16T20:15;81;EUR;MWh;NO;NO;234.08;;234.08;234.08;1;UP
2025-01-16T20:15;2025-01-16T20:30;82;EUR;MWh;NO;NO;177.6;;177.6;177.6;1;UP
2025-01-16T20:30;2025-01-16T20:45;83;EUR;MWh;NO;NO;180;;180;180;1;UP
2025-01-16T20:45;2025-01-16T21:00;84;EUR;MWh;NO;NO;63;;63;63;1;UP
2025-01-16T21:00;2025-01-16T21:15;85;EUR;MWh;NO;NO;105.49;105.01;105.49;84.01;2;UP_AND_DOWN
2025-01-16T21:15;2025-01-16T21:30;86;EUR;MWh;NO;NO;115.43;98.42;115.43;84.08;2;UP_AND_DOWN
2025-01-16T21:30;2025-01-16T21:45;87;EUR;MWh;NO;NO;;97.57;97.57;97.57;-1;DOWN
2025-01-16T21:45;2025-01-16T22:00;88;EUR;MWh;NO;NO;;97.57;97.57;97.57;-1;DOWN
2025-01-16T22:00;2025-01-16T22:15;89;EUR;MWh;NO;NO;;99;99;99;-1;DOWN
2025-01-16T22:15;2025-01-16T22:30;90;EUR;MWh;NO;NO;110.5;;110.5;110.5;1;UP
2025-01-16T22:30;2025-01-16T22:45;91;EUR;MWh;NO;NO;75.07;93.79;83.34;83.34;2;UP_AND_DOWN
2025-01-16T22:45;2025-01-16T23:00;92;EUR;MWh;NO;NO;;93.79;93.79;93.79;-1;DOWN
2025-01-16T23:00;2025-01-16T23:15;93;EUR;MWh;NO;NO;139.75;94.57;139.75;83.29;2;UP_AND_DOWN
2025-01-16T23:15;2025-01-16T23:30;94;EUR;MWh;NO;NO;139.75;100.5;100.5;100.5;-1;DOWN
2025-01-16T23:30;2025-01-16T23:45;95;EUR;MWh;NO;NO;;99;99;99;-1;DOWN
2025-01-16T23:45;2025-01-17T00:00;96;EUR;MWh;NO;NO;;90.36;90.36;90.36;-1;DOWN
2025-01-17T00:00;2025-01-17T00:15;1;EUR;MWh;NO;NO;134.9;96.08;134.9;89.79;2;UP_AND_DOWN
2025-01-17T00:15;2025-01-17T00:30;2;EUR;MWh;NO;NO;112.57;;112.57;112.57;1;UP
2025-01-17T00:30;2025-01-17T00:45;3;EUR;MWh;NO;NO;134.8;;134.8;134.8;1;UP
2025-01-17T00:45;2025-01-17T01:00;4;EUR;MWh;NO;NO;134.8;;89.79;89.79;0;STABLE
2025-01-17T01:00;2025-01-17T01:15;5;EUR;MWh;NO;NO;135;;135;135;1;UP
2025-01-17T01:15;2025-01-17T01:30;6;EUR;MWh;NO;NO;120.76;;120.76;120.76;1;UP
2025-01-17T01:30;2025-01-17T01:45;7;EUR;MWh;NO;NO;118.57;;118.57;118.57;1;UP
2025-01-17T01:45;2025-01-17T02:00;8;EUR;MWh;NO;NO;108.57;90;90;90;-1;DOWN
2025-01-17T02:00;2025-01-17T02:15;9;EUR;MWh;NO;NO;;88;88;88;-1;DOWN
2025-01-17T02:15;2025-01-17T02:30;10;EUR;MWh;NO;NO;;100.84;100.84;100.84;-1;DOWN
2025-01-17T02:30;2025-01-17T02:45;11;EUR;MWh;NO;NO;;100.82;100.82;100.82;-1;DOWN
2025-01-17T02:45;2025-01-17T03:00;12;EUR;MWh;NO;NO;;88;88;88;-1;DOWN
2025-01-17T03:00;2025-01-17T03:15;13;EUR;MWh;NO;NO;;84.15;84.15;84.15;-1;DOWN
2025-01-17T03:15;2025-01-17T03:30;14;EUR;MWh;NO;NO;;93;93;93;-1;DOWN
2025-01-17T03:30;2025-01-17T03:45;15;EUR;MWh;NO;NO;;94.66;94.66;94.66;-1;DOWN
2025-01-17T03:45;2025-01-17T04:00;16;EUR;MWh;NO;NO;;100.57;100.57;100.57;-1;DOWN
2025-01-17T04:00;2025-01-17T04:15;17;EUR;MWh;NO;NO;105.57;97.68;105.57;82.29;2;UP_AND_DOWN
2025-01-17T04:15;2025-01-17T04:30;18;EUR;MWh;NO;NO;112.57;;112.57;112.57;1;UP
2025-01-17T04:30;2025-01-17T04:45;19;EUR;MWh;NO;NO;118.57;;118.57;118.57;1;UP
2025-01-17T04:45;2025-01-17T05:00;20;EUR;MWh;NO;NO;116.27;;116.27;116.27;1;UP
2025-01-17T05:00;2025-01-17T05:15;21;EUR;MWh;NO;NO;109.75;;109.75;109.75;1;UP
2025-01-17T05:15;2025-01-17T05:30;22;EUR;MWh;NO;NO;;;83.82;83.82;0;STABLE
2025-01-17T05:30;2025-01-17T05:45;23;EUR;MWh;NO;NO;;89.85;89.85;89.85;-1;DOWN
2025-01-17T05:45;2025-01-17T06:00;24;EUR;MWh;NO;NO;;101.57;101.57;101.57;-1;DOWN
2025-01-17T06:00;2025-01-17T06:15;25;EUR;MWh;NO;NO;;93.31;93.31;93.31;-1;DOWN
2025-01-17T06:15;2025-01-17T06:30;26;EUR;MWh;NO;NO;;99.5;99.5;99.5;-1;DOWN
2025-01-17T06:30;2025-01-17T06:45;27;EUR;MWh;NO;NO;133.57;99.5;133.57;133.57;1;UP
2025-01-17T06:45;2025-01-17T07:00;28;EUR;MWh;NO;NO;139.2;;139.2;139.2;1;UP
2025-01-17T07:00;2025-01-17T07:15;29;EUR;MWh;NO;NO;122.76;86.65;122.76;86.65;2;UP_AND_DOWN
2025-01-17T07:15;2025-01-17T07:30;30;EUR;MWh;NO;NO;200;86.65;200;200;1;UP
2025-01-17T07:30;2025-01-17T07:45;31;EUR;MWh;NO;NO;246.91;;246.91;246.91;1;UP
2025-01-17T07:45;2025-01-17T08:00;32;EUR;MWh;NO;NO;248.61;;248.61;248.61;1;UP
2025-01-17T08:00;2025-01-17T08:15;33;EUR;MWh;NO;NO;242;93;242;87;2;UP_AND_DOWN
2025-01-17T08:15;2025-01-17T08:30;34;EUR;MWh;NO;NO;200;93;200;200;1;UP
2025-01-17T08:30;2025-01-17T08:45;35;EUR;MWh;NO;NO;200;;200;200;1;UP
2025-01-17T08:45;2025-01-17T09:00;36;EUR;MWh;NO;NO;212.76;;212.76;212.76;1;UP
2025-01-17T09:00;2025-01-17T09:15;37;EUR;MWh;NO;NO;186;;186;186;1;UP
2025-01-17T09:15;2025-01-17T09:30;38;EUR;MWh;NO;NO;179.57;;179.57;179.57;1;UP
2025-01-17T09:30;2025-01-17T09:45;39;EUR;MWh;NO;NO;149.82;;149.82;149.82;1;UP
2025-01-17T09:45;2025-01-17T10:00;40;EUR;MWh;NO;NO;126.57;109.01;109.01;109.01;-1;DOWN
2025-01-17T10:00;2025-01-17T10:15;41;EUR;MWh;NO;NO;117.76;103.79;117.76;82.9;2;UP_AND_DOWN
2025-01-17T10:15;2025-01-17T10:30;42;EUR;MWh;NO;NO;111.57;103.16;111.57;85.44;2;UP_AND_DOWN
2025-01-17T10:30;2025-01-17T10:45;43;EUR;MWh;NO;NO;;101.46;101.46;101.46;-1;DOWN
2025-01-17T10:45;2025-01-17T11:00;44;EUR;MWh;NO;NO;;102.57;102.57;102.57;-1;DOWN
2025-01-17T11:00;2025-01-17T11:15;45;EUR;MWh;NO;NO;200;108.19;200;86.63;2;UP_AND_DOWN
2025-01-17T11:15;2025-01-17T11:30;46;EUR;MWh;NO;NO;186;;186;186;1;UP
2025-01-17T11:30;2025-01-17T11:45;47;EUR;MWh;NO;NO;137.76;;137.76;137.76;1;UP
2025-01-17T11:45;2025-01-17T12:00;48;EUR;MWh;NO;NO;135.76;;135.76;135.76;1;UP
2025-01-17T12:00;2025-01-17T12:15;49;EUR;MWh;NO;NO;226.44;;226.44;226.44;1;UP
2025-01-17T12:15;2025-01-17T12:30;50;EUR;MWh;NO;NO;186;;186;186;1;UP
2025-01-17T12:30;2025-01-17T12:45;51;EUR;MWh;NO;NO;179.57;;179.57;179.57;1;UP
2025-01-17T12:45;2025-01-17T13:00;52;EUR;MWh;NO;NO;186;;186;186;1;UP
2025-01-17T13:00;2025-01-17T13:15;53;EUR;MWh;NO;NO;195.57;;195.57;195.57;1;UP
2025-01-17T13:15;2025-01-17T13:30;54;EUR;MWh;NO;NO;212.76;;212.76;212.76;1;UP
2025-01-17T13:30;2025-01-17T13:45;55;EUR;MWh;NO;NO;211.34;;211.34;211.34;1;UP
2025-01-17T13:45;2025-01-17T14:00;56;EUR;MWh;NO;NO;200;;200;200;1;UP
2025-01-17T14:00;2025-01-17T14:15;57;EUR;MWh;NO;NO;200;;200;200;1;UP
2025-01-17T14:15;2025-01-17T14:30;58;EUR;MWh;NO;NO;180;;180;180;1;UP
2025-01-17T14:30;2025-01-17T14:45;59;EUR;MWh;NO;NO;165.57;;165.57;165.57;1;UP
2025-01-17T14:45;2025-01-17T15:00;60;EUR;MWh;NO;NO;179.57;;179.57;179.57;1;UP
2025-01-17T15:00;2025-01-17T15:15;61;EUR;MWh;NO;NO;159.2;;159.2;159.2;1;UP
2025-01-17T15:15;2025-01-17T15:30;62;EUR;MWh;NO;NO;170.57;;170.57;170.57;1;UP
2025-01-17T15:30;2025-01-17T15:45;63;EUR;MWh;NO;NO;179.57;;179.57;179.57;1;UP
2025-01-17T15:45;2025-01-17T16:00;64;EUR;MWh;NO;NO;169.82;;169.82;169.82;1;UP
2025-01-17T16:00;2025-01-17T16:15;65;EUR;MWh;NO;NO;146.03;97.57;146.03;97.57;2;UP_AND_DOWN
2025-01-17T16:15;2025-01-17T16:30;66;EUR;MWh;NO;NO;127.17;97.57;127.17;127.17;1;UP
2025-01-17T16:30;2025-01-17T16:45;67;EUR;MWh;NO;NO;121.45;;121.45;121.45;1;UP
2025-01-17T16:45;2025-01-17T17:00;68;EUR;MWh;NO;NO;130.92;;130.92;130.92;1;UP
2025-01-17T17:00;2025-01-17T17:15;69;EUR;MWh;NO;NO;126.57;99.57;126.57;88.5;2;UP_AND_DOWN
2025-01-17T17:15;2025-01-17T17:30;70;EUR;MWh;NO;NO;143.57;99.57;143.57;143.57;1;UP
2025-01-17T17:30;2025-01-17T17:45;71;EUR;MWh;NO;NO;149.38;;149.38;149.38;1;UP
2025-01-17T17:45;2025-01-17T18:00;72;EUR;MWh;NO;NO;156.41;;156.41;156.41;1;UP
2025-01-17T18:00;2025-01-17T18:15;73;EUR;MWh;NO;NO;179.57;;179.57;179.57;1;UP
2025-01-17T18:15;2025-01-17T18:30;74;EUR;MWh;NO;NO;160.57;;160.57;160.57;1;UP
2025-01-17T18:30;2025-01-17T18:45;75;EUR;MWh;NO;NO;142.43;;142.43;142.43;1;UP
2025-01-17T18:45;2025-01-17T19:00;76;EUR;MWh;NO;NO;113.57;;113.57;113.57;1;UP
2025-01-17T19:00;2025-01-17T19:15;77;EUR;MWh;NO;NO;300;;300;300;1;UP
2025-01-17T19:15;2025-01-17T19:30;78;EUR;MWh;NO;NO;213.57;;213.57;213.57;1;UP
2025-01-17T19:30;2025-01-17T19:45;79;EUR;MWh;NO;NO;131.57;;131.57;131.57;1;UP
2025-01-17T19:45;2025-01-17T20:00;80;EUR;MWh;NO;NO;112.67;;112.67;112.67;1;UP
2025-01-17T20:00;2025-01-17T20:15;81;EUR;MWh;NO;NO;201.57;;201.57;201.57;1;UP
2025-01-17T20:15;2025-01-17T20:30;82;EUR;MWh;NO;NO;112.93;;112.93;112.93;1;UP
2025-01-17T20:30;2025-01-17T20:45;83;EUR;MWh;NO;NO;137.57;106.19;137.57;92.54;2;UP_AND_DOWN
2025-01-17T20:45;2025-01-17T21:00;84;EUR;MWh;NO;NO;62;106.32;92.89;92.89;2;UP_AND_DOWN
2025-01-17T21:00;2025-01-17T21:15;85;EUR;MWh;NO;NO;111.18;;111.18;111.18;1;UP
2025-01-17T21:15;2025-01-17T21:30;86;EUR;MWh;NO;NO;102.35;;102.35;102.35;1;UP
2025-01-17T21:30;2025-01-17T21:45;87;EUR;MWh;NO;NO;;;89.97;89.97;0;STABLE
2025-01-17T21:45;2025-01-17T22:00;88;EUR;MWh;NO;NO;;;90.1;90.1;0;STABLE
2025-01-17T22:00;2025-01-17T22:15;89;EUR;MWh;NO;NO;117.76;;117.76;117.76;1;UP
2025-01-17T22:15;2025-01-17T22:30;90;EUR;MWh;NO;NO;150.57;;150.57;150.57;1;UP
2025-01-17T22:30;2025-01-17T22:45;91;EUR;MWh;NO;NO;104.18;100;104.18;88.5;2;UP_AND_DOWN
2025-01-17T22:45;2025-01-17T23:00;92;EUR;MWh;NO;NO;;100;100;100;-1;DOWN
2025-01-17T23:00;2025-01-17T23:15;93;EUR;MWh;NO;NO;199;115;199;88.5;2;UP_AND_DOWN
2025-01-17T23:15;2025-01-17T23:30;94;EUR;MWh;NO;NO;127.76;;127.76;127.76;1;UP
2025-01-17T23:30;2025-01-17T23:45;95;EUR;MWh;NO;NO;134.22;;134.22;134.22;1;UP
2025-01-17T23:45;2025-01-18T00:00;96;EUR;MWh;NO;NO;134.38;;134.38;134.38;1;UP
2025-01-18T00:00;2025-01-18T00:15;1;EUR;MWh;NO;NO;155.57;;155.57;155.57;1;UP
2025-01-18T00:15;2025-01-18T00:30;2;EUR;MWh;NO;NO;134.3;;134.3;134.3;1;UP
2025-01-18T00:30;2025-01-18T00:45;3;EUR;MWh;NO;NO;200;;200;200;1;UP
2025-01-18T00:45;2025-01-18T01:00;4;EUR;MWh;NO;NO;136.82;;136.82;136.82;1;UP
2025-01-18T01:00;2025-01-18T01:15;5;EUR;MWh;NO;NO;180.57;;180.57;180.57;1;UP
2025-01-18T01:15;2025-01-18T01:30;6;EUR;MWh;NO;NO;134.2;;134.2;134.2;1;UP
2025-01-18T01:30;2025-01-18T01:45;7;EUR;MWh;NO;NO;131.24;;131.24;131.24;1;UP
2025-01-18T01:45;2025-01-18T02:00;8;EUR;MWh;NO;NO;117.27;;117.27;117.27;1;UP
2025-01-18T02:00;2025-01-18T02:15;9;EUR;MWh;NO;NO;111.67;;111.67;111.67;1;UP
2025-01-18T02:15;2025-01-18T02:30;10;EUR;MWh;NO;NO;134.1;;134.1;134.1;1;UP
2025-01-18T02:30;2025-01-18T02:45;11;EUR;MWh;NO;NO;185.57;;185.57;185.57;1;UP
2025-01-18T02:45;2025-01-18T03:00;12;EUR;MWh;NO;NO;166.82;;166.82;166.82;1;UP
2025-01-18T03:00;2025-01-18T03:15;13;EUR;MWh;NO;NO;163.54;;163.54;163.54;1;UP
2025-01-18T03:15;2025-01-18T03:30;14;EUR;MWh;NO;NO;164.05;;164.05;164.05;1;UP
2025-01-18T03:30;2025-01-18T03:45;15;EUR;MWh;NO;NO;142.57;;142.57;142.57;1;UP
2025-01-18T03:45;2025-01-18T04:00;16;EUR;MWh;NO;NO;142.57;;142.57;142.57;1;UP
2025-01-18T04:00;2025-01-18T04:15;17;EUR;MWh;NO;NO;134;;134;134;1;UP
2025-01-18T04:15;2025-01-18T04:30;18;EUR;MWh;NO;NO;133.38;;133.38;133.38;1;UP
2025-01-18T04:30;2025-01-18T04:45;19;EUR;MWh;NO;NO;122.04;;122.04;122.04;1;UP
2025-01-18T04:45;2025-01-18T05:00;20;EUR;MWh;NO;NO;118.38;;118.38;118.38;1;UP
2025-01-18T05:00;2025-01-18T05:15;21;EUR;MWh;NO;NO;117.27;;117.27;117.27;1;UP
2025-01-18T05:15;2025-01-18T05:30;22;EUR;MWh;NO;NO;104.27;;104.27;104.27;1;UP
2025-01-18T05:30;2025-01-18T05:45;23;EUR;MWh;NO;NO;;;87.45;87.45;0;STABLE
2025-01-18T05:45;2025-01-18T06:00;24;EUR;MWh;NO;NO;;;87.12;87.12;0;STABLE
2025-01-18T06:00;2025-01-18T06:15;25;EUR;MWh;NO;NO;125.15;;125.15;125.15;1;UP
2025-01-18T06:15;2025-01-18T06:30;26;EUR;MWh;NO;NO;123.57;101.57;123.57;91.78;2;UP_AND_DOWN
2025-01-18T06:30;2025-01-18T06:45;27;EUR;MWh;NO;NO;;101.51;101.51;101.51;-1;DOWN
2025-01-18T06:45;2025-01-18T07:00;28;EUR;MWh;NO;NO;;102.57;102.57;102.57;-1;DOWN
2025-01-18T07:00;2025-01-18T07:15;29;EUR;MWh;NO;NO;;98.57;98.57;98.57;-1;DOWN
2025-01-18T07:15;2025-01-18T07:30;30;EUR;MWh;NO;NO;;100;100;100;-1;DOWN
2025-01-18T07:30;2025-01-18T07:45;31;EUR;MWh;NO;NO;112.88;;112.88;112.88;1;UP
2025-01-18T07:45;2025-01-18T08:00;32;EUR;MWh;NO;NO;137.02;;137.02;137.02;1;UP
2025-01-18T08:00;2025-01-18T08:15;33;EUR;MWh;NO;NO;133.38;;133.38;133.38;1;UP
2025-01-18T08:15;2025-01-18T08:30;34;EUR;MWh;NO;NO;133.38;;133.38;133.38;1;UP
2025-01-18T08:30;2025-01-18T08:45;35;EUR;MWh;NO;NO;175;;175;175;1;UP
2025-01-18T08:45;2025-01-18T09:00;36;EUR;MWh;NO;NO;155;;155;155;1;UP
2025-01-18T09:00;2025-01-18T09:15;37;EUR;MWh;NO;NO;134.3;;134.3;134.3;1;UP
2025-01-18T09:15;2025-01-18T09:30;38;EUR;MWh;NO;NO;134.3;;134.3;134.3;1;UP
2025-01-18T09:30;2025-01-18T09:45;39;EUR;MWh;NO;NO;129.1;;129.1;129.1;1;UP
2025-01-18T09:45;2025-01-18T10:00;40;EUR;MWh;NO;NO;133.38;;133.38;133.38;1;UP
2025-01-18T10:00;2025-01-18T10:15;41;EUR;MWh;NO;NO;132.64;100;132.64;86.65;2;UP_AND_DOWN
2025-01-18T10:15;2025-01-18T10:30;42;EUR;MWh;NO;NO;133.7;100;133.7;133.7;1;UP
2025-01-18T10:30;2025-01-18T10:45;43;EUR;MWh;NO;NO;132.33;;132.33;132.33;1;UP
2025-01-18T10:45;2025-01-18T11:00;44;EUR;MWh;NO;NO;128.27;;128.27;128.27;1;UP
2025-01-18T11:00;2025-01-18T11:15;45;EUR;MWh;NO;NO;133;;133;133;1;UP
2025-01-18T11:15;2025-01-18T11:30;46;EUR;MWh;NO;NO;133;;133;133;1;UP
2025-01-18T11:30;2025-01-18T11:45;47;EUR;MWh;NO;NO;133;;133;133;1;UP
2025-01-18T11:45;2025-01-18T12:00;48;EUR;MWh;NO;NO;140;;140;140;1;UP
2025-01-18T12:00;2025-01-18T12:15;49;EUR;MWh;NO;NO;293.33;;293.33;293.33;1;UP
2025-01-18T12:15;2025-01-18T12:30;50;EUR;MWh;NO;NO;168.57;;168.57;168.57;1;UP
2025-01-18T12:30;2025-01-18T12:45;51;EUR;MWh;NO;NO;175.4;;175.4;175.4;1;UP
2025-01-18T12:45;2025-01-18T13:00;52;EUR;MWh;NO;NO;176.41;;176.41;176.41;1;UP
2025-01-18T13:00;2025-01-18T13:15;53;EUR;MWh;NO;NO;215.01;;215.01;215.01;1;UP
2025-01-18T13:15;2025-01-18T13:30;54;EUR;MWh;NO;NO;213.38;;213.38;213.38;1;UP
2025-01-18T13:30;2025-01-18T13:45;55;EUR;MWh;NO;NO;211;;211;211;1;UP
2025-01-18T13:45;2025-01-18T14:00;56;EUR;MWh;NO;NO;416.73;;416.73;416.73;1;UP
2025-01-18T14:00;2025-01-18T14:15;57;EUR;MWh;NO;NO;150;;150;150;1;UP
2025-01-18T14:15;2025-01-18T14:30;58;EUR;MWh;NO;NO;200;;200;200;1;UP
2025-01-18T14:30;2025-01-18T14:45;59;EUR;MWh;NO;NO;216.82;;216.82;216.82;1;UP
2025-01-18T14:45;2025-01-18T15:00;60;EUR;MWh;NO;NO;213.38;;213.38;213.38;1;UP
2025-01-18T15:00;2025-01-18T15:15;61;EUR;MWh;NO;NO;209;151.94;209;106.97;2;UP_AND_DOWN
2025-01-18T15:15;2025-01-18T15:30;62;EUR;MWh;NO;NO;149;;149;149;1;UP
2025-01-18T15:30;2025-01-18T15:45;63;EUR;MWh;NO;NO;188;;188;188;1;UP
2025-01-18T15:45;2025-01-18T16:00;64;EUR;MWh;NO;NO;200;;200;200;1;UP
2025-01-18T16:00;2025-01-18T16:15;65;EUR;MWh;NO;NO;136.4;;136.4;136.4;1;UP
2025-01-18T16:15;2025-01-18T16:30;66;EUR;MWh;NO;NO;152.02;;152.02;152.02;1;UP
2025-01-18T16:30;2025-01-18T16:45;67;EUR;MWh;NO;NO;188;;188;188;1;UP
2025-01-18T16:45;2025-01-18T17:00;68;EUR;MWh;NO;NO;188;;188;188;1;UP
2025-01-18T17:00;2025-01-18T17:15;69;EUR;MWh;NO;NO;126.4;110.1;126.4;110.1;2;UP_AND_DOWN
2025-01-18T17:15;2025-01-18T17:30;70;EUR;MWh;NO;NO;211;;211;211;1;UP
2025-01-18T17:30;2025-01-18T17:45;71;EUR;MWh;NO;NO;213.38;;213.38;213.38;1;UP
2025-01-18T17:45;2025-01-18T18:00;72;EUR;MWh;NO;NO;213.38;;213.38;213.38;1;UP
2025-01-18T18:00;2025-01-18T18:15;73;EUR;MWh;NO;NO;211;;211;211;1;UP
2025-01-18T18:15;2025-01-18T18:30;74;EUR;MWh;NO;NO;211;;211;211;1;UP
2025-01-18T18:30;2025-01-18T18:45;75;EUR;MWh;NO;NO;190.57;;190.57;190.57;1;UP
2025-01-18T18:45;2025-01-18T19:00;76;EUR;MWh;NO;NO;134.1;;134.1;134.1;1;UP
2025-01-18T19:00;2025-01-18T19:15;77;EUR;MWh;NO;NO;213.38;;213.38;213.38;1;UP
2025-01-18T19:15;2025-01-18T19:30;78;EUR;MWh;NO;NO;188.51;;188.51;188.51;1;UP
2025-01-18T19:30;2025-01-18T19:45;79;EUR;MWh;NO;NO;185.57;;185.57;185.57;1;UP
2025-01-18T19:45;2025-01-18T20:00;80;EUR;MWh;NO;NO;129.82;110.94;129.82;97.41;2;UP_AND_DOWN
2025-01-18T20:00;2025-01-18T20:15;81;EUR;MWh;NO;NO;177;110.1;177;92.56;2;UP_AND_DOWN
2025-01-18T20:15;2025-01-18T20:30;82;EUR;MWh;NO;NO;123.38;;123.38;123.38;1;UP
2025-01-18T20:30;2025-01-18T20:45;83;EUR;MWh;NO;NO;;110.94;110.94;110.94;-1;DOWN
2025-01-18T20:45;2025-01-18T21:00;84;EUR;MWh;NO;NO;;110.94;110.94;110.94;-1;DOWN
2025-01-18T21:00;2025-01-18T21:15;85;EUR;MWh;NO;NO;;113.94;113.94;113.94;-1;DOWN
2025-01-18T21:15;2025-01-18T21:30;86;EUR;MWh;NO;NO;;112.96;112.96;112.96;-1;DOWN
2025-01-18T21:30;2025-01-18T21:45;87;EUR;MWh;NO;NO;;;87.5;87.5;0;STABLE
2025-01-18T21:45;2025-01-18T22:00;88;EUR;MWh;NO;NO;;;91.64;91.64;0;STABLE
2025-01-18T22:00;2025-01-18T22:15;89;EUR;MWh;NO;NO;133.7;;133.7;133.7;1;UP
2025-01-18T22:15;2025-01-18T22:30;90;EUR;MWh;NO;NO;123.38;;123.38;123.38;1;UP
2025-01-18T22:30;2025-01-18T22:45;91;EUR;MWh;NO;NO;123.38;;123.38;123.38;1;UP
2025-01-18T22:45;2025-01-18T23:00;92;EUR;MWh;NO;NO;147.04;;147.04;147.04;1;UP
2025-01-18T23:00;2025-01-18T23:15;93;EUR;MWh;NO;NO;163.38;;163.38;163.38;1;UP
2025-01-18T23:15;2025-01-18T23:30;94;EUR;MWh;NO;NO;133.8;;133.8;133.8;1;UP
2025-01-18T23:30;2025-01-18T23:45;95;EUR;MWh;NO;NO;144;;144;144;1;UP
2025-01-18T23:45;2025-01-19T00:00;96;EUR;MWh;NO;NO;65.07;102.84;88.5;88.5;2;UP_AND_DOWN
2025-01-19T00:00;2025-01-19T00:15;1;EUR;MWh;NO;NO;190.02;;190.02;190.02;1;UP
2025-01-19T00:15;2025-01-19T00:30;2;EUR;MWh;NO;NO;190.02;;190.02;190.02;1;UP
2025-01-19T00:30;2025-01-19T00:45;3;EUR;MWh;NO;NO;170;;170;170;1;UP
2025-01-19T00:45;2025-01-19T01:00;4;EUR;MWh;NO;NO;135.8;;135.8;135.8;1;UP
2025-01-19T01:00;2025-01-19T01:15;5;EUR;MWh;NO;NO;135.8;;135.8;135.8;1;UP
2025-01-19T01:15;2025-01-19T01:30;6;EUR;MWh;NO;NO;118.88;;118.88;118.88;1;UP
2025-01-19T01:30;2025-01-19T01:45;7;EUR;MWh;NO;NO;85.07;;85.07;85.07;1;UP
2025-01-19T01:45;2025-01-19T02:00;8;EUR;MWh;NO;NO;85.07;;85.07;85.07;1;UP
2025-01-19T02:00;2025-01-19T02:15;9;EUR;MWh;NO;NO;135.8;;135.8;135.8;1;UP
2025-01-19T02:15;2025-01-19T02:30;10;EUR;MWh;NO;NO;135.8;;135.8;135.8;1;UP
2025-01-19T02:30;2025-01-19T02:45;11;EUR;MWh;NO;NO;154.8;;154.8;154.8;1;UP
2025-01-19T02:45;2025-01-19T03:00;12;EUR;MWh;NO;NO;112.88;;112.88;112.88;1;UP
2025-01-19T03:00;2025-01-19T03:15;13;EUR;MWh;NO;NO;166;;166;166;1;UP
2025-01-19T03:15;2025-01-19T03:30;14;EUR;MWh;NO;NO;139.8;;139.8;139.8;1;UP
2025-01-19T03:30;2025-01-19T03:45;15;EUR;MWh;NO;NO;119.5;;119.5;119.5;1;UP
2025-01-19T03:45;2025-01-19T04:00;16;EUR;MWh;NO;NO;115.4;;115.4;115.4;1;UP
2025-01-19T04:00;2025-01-19T04:15;17;EUR;MWh;NO;NO;;115;115;115;-1;DOWN
2025-01-19T04:15;2025-01-19T04:30;18;EUR;MWh;NO;NO;;115;115;115;-1;DOWN
2025-01-19T04:30;2025-01-19T04:45;19;EUR;MWh;NO;NO;;115;115;115;-1;DOWN
2025-01-19T04:45;2025-01-19T05:00;20;EUR;MWh;NO;NO;;115;115;115;-1;DOWN
2025-01-19T05:00;2025-01-19T05:15;21;EUR;MWh;NO;NO;;113.41;113.41;113.41;-1;DOWN
2025-01-19T05:15;2025-01-19T05:30;22;EUR;MWh;NO;NO;;112.43;112.43;112.43;-1;DOWN
2025-01-19T05:30;2025-01-19T05:45;23;EUR;MWh;NO;NO;;115;115;115;-1;DOWN
2025-01-19T05:45;2025-01-19T06:00;24;EUR;MWh;NO;NO;;115;115;115;-1;DOWN
2025-01-19T06:00;2025-01-19T06:15;25;EUR;MWh;NO;NO;;93.57;93.57;93.57;-1;DOWN
2025-01-19T06:15;2025-01-19T06:30;26;EUR;MWh;NO;NO;;;89;89;0;STABLE
2025-01-19T06:30;2025-01-19T06:45;27;EUR;MWh;NO;NO;;;89;89;0;STABLE
2025-01-19T06:45;2025-01-19T07:00;28;EUR;MWh;NO;NO;;115;115;115;-1;DOWN
2025-01-19T07:00;2025-01-19T07:15;29;EUR;MWh;NO;NO;;100.57;100.57;100.57;-1;DOWN
2025-01-19T07:15;2025-01-19T07:30;30;EUR;MWh;NO;NO;;116.61;116.61;116.61;-1;DOWN
2025-01-19T07:30;2025-01-19T07:45;31;EUR;MWh;NO;NO;135.4;;135.4;135.4;1;UP
2025-01-19T07:45;2025-01-19T08:00;32;EUR;MWh;NO;NO;155;;155;155;1;UP
2025-01-19T08:00;2025-01-19T08:15;33;EUR;MWh;NO;NO;133.57;100.57;133.57;100.57;2;UP_AND_DOWN
2025-01-19T08:15;2025-01-19T08:30;34;EUR;MWh;NO;NO;119.88;100.57;119.88;119.88;1;UP
2025-01-19T08:30;2025-01-19T08:45;35;EUR;MWh;NO;NO;122.03;;122.03;122.03;1;UP
2025-01-19T08:45;2025-01-19T09:00;36;EUR;MWh;NO;NO;122.03;102.57;102.57;102.57;-1;DOWN
2025-01-19T09:00;2025-01-19T09:15;37;EUR;MWh;NO;NO;;103.48;103.48;103.48;-1;DOWN
2025-01-19T09:15;2025-01-19T09:30;38;EUR;MWh;NO;NO;;98.76;98.76;98.76;-1;DOWN
2025-01-19T09:30;2025-01-19T09:45;39;EUR;MWh;NO;NO;;98.76;98.76;98.76;-1;DOWN
2025-01-19T09:45;2025-01-19T10:00;40;EUR;MWh;NO;NO;124.37;111.08;124.37;124.37;1;UP
2025-01-19T10:00;2025-01-19T10:15;41;EUR;MWh;NO;NO;135.5;;135.5;135.5;1;UP
2025-01-19T10:15;2025-01-19T10:30;42;EUR;MWh;NO;NO;135.6;;135.6;135.6;1;UP
2025-01-19T10:30;2025-01-19T10:45;43;EUR;MWh;NO;NO;135.7;;135.7;135.7;1;UP
2025-01-19T10:45;2025-01-19T11:00;44;EUR;MWh;NO;NO;158.27;;158.27;158.27;1;UP
2025-01-19T11:00;2025-01-19T11:15;45;EUR;MWh;NO;NO;200;;200;200;1;UP
2025-01-19T11:15;2025-01-19T11:30;46;EUR;MWh;NO;NO;193;;193;193;1;UP
2025-01-19T11:30;2025-01-19T11:45;47;EUR;MWh;NO;NO;200;;200;200;1;UP
2025-01-19T11:45;2025-01-19T12:00;48;EUR;MWh;NO;NO;200;;200;200;1;UP
2025-01-19T12:00;2025-01-19T12:15;49;EUR;MWh;NO;NO;200;;200;200;1;UP
2025-01-19T12:15;2025-01-19T12:30;50;EUR;MWh;NO;NO;255;;255;255;1;UP
2025-01-19T12:30;2025-01-19T12:45;51;EUR;MWh;NO;NO;200;;200;200;1;UP
2025-01-19T12:45;2025-01-19T13:00;52;EUR;MWh;NO;NO;200;;200;200;1;UP
2025-01-19T13:00;2025-01-19T13:15;53;EUR;MWh;NO;NO;219;;219;219;1;UP
2025-01-19T13:15;2025-01-19T13:30;54;EUR;MWh;NO;NO;200;;200;200;1;UP
2025-01-19T13:30;2025-01-19T13:45;55;EUR;MWh;NO;NO;264.8;;264.8;264.8;1;UP
2025-01-19T13:45;2025-01-19T14:00;56;EUR;MWh;NO;NO;207.51;;207.51;207.51;1;UP
2025-01-19T14:00;2025-01-19T14:15;57;EUR;MWh;NO;NO;171.81;;171.81;171.81;1;UP
2025-01-19T14:15;2025-01-19T14:30;58;EUR;MWh;NO;NO;166;;166;166;1;UP
2025-01-19T14:30;2025-01-19T14:45;59;EUR;MWh;NO;NO;200;;200;200;1;UP
2025-01-19T14:45;2025-01-19T15:00;60;EUR;MWh;NO;NO;171.81;;171.81;171.81;1;UP
2025-01-19T15:00;2025-01-19T15:15;61;EUR;MWh;NO;NO;137.6;;137.6;137.6;1;UP
2025-01-19T15:15;2025-01-19T15:30;62;EUR;MWh;NO;NO;140;;140;140;1;UP
2025-01-19T15:30;2025-01-19T15:45;63;EUR;MWh;NO;NO;170;;170;170;1;UP
2025-01-19T15:45;2025-01-19T16:00;64;EUR;MWh;NO;NO;193.6;;193.6;193.6;1;UP
2025-01-19T16:00;2025-01-19T16:15;65;EUR;MWh;NO;NO;157.57;;157.57;157.57;1;UP
2025-01-19T16:15;2025-01-19T16:30;66;EUR;MWh;NO;NO;157.57;;157.57;157.57;1;UP
2025-01-19T16:30;2025-01-19T16:45;67;EUR;MWh;NO;NO;136.5;;136.5;136.5;1;UP
2025-01-19T16:45;2025-01-19T17:00;68;EUR;MWh;NO;NO;151;;151;151;1;UP
2025-01-19T17:00;2025-01-19T17:15;69;EUR;MWh;NO;NO;134.8;71.64;134.8;71.64;2;UP_AND_DOWN
2025-01-19T17:15;2025-01-19T17:30;70;EUR;MWh;NO;NO;129.52;97.57;129.52;97.57;2;UP_AND_DOWN
2025-01-19T17:30;2025-01-19T17:45;71;EUR;MWh;NO;NO;134.8;97.57;134.8;134.8;1;UP
2025-01-19T17:45;2025-01-19T18:00;72;EUR;MWh;NO;NO;168.57;;168.57;168.57;1;UP
2025-01-19T18:00;2025-01-19T18:15;73;EUR;MWh;NO;NO;179.19;;179.19;179.19;1;UP
2025-01-19T18:15;2025-01-19T18:30;74;EUR;MWh;NO;NO;193.32;;193.32;193.32;1;UP
2025-01-19T18:30;2025-01-19T18:45;75;EUR;MWh;NO;NO;191.3;;191.3;191.3;1;UP
2025-01-19T18:45;2025-01-19T19:00;76;EUR;MWh;NO;NO;136.3;;136.3;136.3;1;UP
2025-01-19T19:00;2025-01-19T19:15;77;EUR;MWh;NO;NO;165.02;;165.02;165.02;1;UP
2025-01-19T19:15;2025-01-19T19:30;78;EUR;MWh;NO;NO;165.02;;165.02;165.02;1;UP
2025-01-19T19:30;2025-01-19T19:45;79;EUR;MWh;NO;NO;136.2;;136.2;136.2;1;UP
2025-01-19T19:45;2025-01-19T20:00;80;EUR;MWh;NO;NO;166;;166;166;1;UP
2025-01-19T20:00;2025-01-19T20:15;81;EUR;MWh;NO;NO;166;;166;166;1;UP
2025-01-19T20:15;2025-01-19T20:30;82;EUR;MWh;NO;NO;166;;166;166;1;UP
2025-01-19T20:30;2025-01-19T20:45;83;EUR;MWh;NO;NO;136.2;;136.2;136.2;1;UP
2025-01-19T20:45;2025-01-19T21:00;84;EUR;MWh;NO;NO;116.8;;116.8;116.8;1;UP
2025-01-19T21:00;2025-01-19T21:15;85;EUR;MWh;NO;NO;165.02;;165.02;165.02;1;UP
2025-01-19T21:15;2025-01-19T21:30;86;EUR;MWh;NO;NO;136.1;;136.1;136.1;1;UP
2025-01-19T21:30;2025-01-19T21:45;87;EUR;MWh;NO;NO;136.1;;90.2;90.2;0;STABLE
2025-01-19T21:45;2025-01-19T22:00;88;EUR;MWh;NO;NO;;;90.38;90.38;0;STABLE
2025-01-19T22:00;2025-01-19T22:15;89;EUR;MWh;NO;NO;116.8;;116.8;116.8;1;UP
2025-01-19T22:15;2025-01-19T22:30;90;EUR;MWh;NO;NO;120.8;;120.8;120.8;1;UP
2025-01-19T22:30;2025-01-19T22:45;91;EUR;MWh;NO;NO;;;89;89;0;STABLE
2025-01-19T22:45;2025-01-19T23:00;92;EUR;MWh;NO;NO;;115;115;115;-1;DOWN
2025-01-19T23:00;2025-01-19T23:15;93;EUR;MWh;NO;NO;134.8;115;134.8;89;2;UP_AND_DOWN
2025-01-19T23:15;2025-01-19T23:30;94;EUR;MWh;NO;NO;85.07;;85.07;85.07;1;UP
2025-01-19T23:30;2025-01-19T23:45;95;EUR;MWh;NO;NO;;;89;89;0;STABLE
2025-01-19T23:45;2025-01-20T00:00;96;EUR;MWh;NO;NO;;100.15;100.15;100.15;-1;DOWN
2025-01-20T00:00;2025-01-20T00:15;1;EUR;MWh;NO;NO;174.8;101.2;174.8;89;2;UP_AND_DOWN
2025-01-20T00:15;2025-01-20T00:30;2;EUR;MWh;NO;NO;146.69;;146.69;146.69;1;UP
2025-01-20T00:30;2025-01-20T00:45;3;EUR;MWh;NO;NO;63;;63;63;1;UP
2025-01-20T00:45;2025-01-20T01:00;4;EUR;MWh;NO;NO;109.09;;109.09;109.09;1;UP
2025-01-20T01:00;2025-01-20T01:15;5;EUR;MWh;NO;NO;191.9;;191.9;191.9;1;UP
2025-01-20T01:15;2025-01-20T01:30;6;EUR;MWh;NO;NO;136.1;;136.1;136.1;1;UP
2025-01-20T01:30;2025-01-20T01:45;7;EUR;MWh;NO;NO;112.62;;112.62;112.62;1;UP
2025-01-20T01:45;2025-01-20T02:00;8;EUR;MWh;NO;NO;136.1;;136.1;136.1;1;UP
2025-01-20T02:00;2025-01-20T02:15;9;EUR;MWh;NO;NO;140.28;;140.28;140.28;1;UP
2025-01-20T02:15;2025-01-20T02:30;10;EUR;MWh;NO;NO;119.88;115;119.88;89;2;UP_AND_DOWN
2025-01-20T02:30;2025-01-20T02:45;11;EUR;MWh;NO;NO;136.1;;136.1;136.1;1;UP
2025-01-20T02:45;2025-01-20T03:00;12;EUR;MWh;NO;NO;136.1;;136.1;136.1;1;UP
2025-01-20T03:00;2025-01-20T03:15;13;EUR;MWh;NO;NO;112.62;115;115;115;-1;DOWN
2025-01-20T03:15;2025-01-20T03:30;14;EUR;MWh;NO;NO;163.2;108.57;163.2;89;2;UP_AND_DOWN
2025-01-20T03:30;2025-01-20T03:45;15;EUR;MWh;NO;NO;136.1;;136.1;136.1;1;UP
2025-01-20T03:45;2025-01-20T04:00;16;EUR;MWh;NO;NO;136.1;;136.1;136.1;1;UP
2025-01-20T04:00;2025-01-20T04:15;17;EUR;MWh;NO;NO;136.1;95.12;95.12;95.12;-1;DOWN
2025-01-20T04:15;2025-01-20T04:30;18;EUR;MWh;NO;NO;;100;100;100;-1;DOWN
2025-01-20T04:30;2025-01-20T04:45;19;EUR;MWh;NO;NO;136.57;116.57;136.57;136.57;1;UP
2025-01-20T04:45;2025-01-20T05:00;20;EUR;MWh;NO;NO;136.1;106.57;106.57;106.57;-1;DOWN
2025-01-20T05:00;2025-01-20T05:15;21;EUR;MWh;NO;NO;;85;85;85;-1;DOWN
2025-01-20T05:15;2025-01-20T05:30;22;EUR;MWh;NO;NO;;92.57;92.57;92.57;-1;DOWN
2025-01-20T05:30;2025-01-20T05:45;23;EUR;MWh;NO;NO;;96.57;96.57;96.57;-1;DOWN
2025-01-20T05:45;2025-01-20T06:00;24;EUR;MWh;NO;NO;140;101.2;155.88;101.2;2;UP_AND_DOWN
2025-01-20T06:00;2025-01-20T06:15;25;EUR;MWh;NO;NO;140;61.57;61.57;61.57;-1;DOWN
2025-01-20T06:15;2025-01-20T06:30;26;EUR;MWh;NO;NO;175.05;61.57;175.05;175.05;1;UP
2025-01-20T06:30;2025-01-20T06:45;27;EUR;MWh;NO;NO;186.57;;186.57;186.57;1;UP
2025-01-20T06:45;2025-01-20T07:00;28;EUR;MWh;NO;NO;191.8;;191.8;191.8;1;UP
2025-01-20T07:00;2025-01-20T07:15;29;EUR;MWh;NO;NO;191.8;76.82;76.82;76.82;-1;DOWN
2025-01-20T07:15;2025-01-20T07:30;30;EUR;MWh;NO;NO;;111.65;111.65;111.65;-1;DOWN
2025-01-20T07:30;2025-01-20T07:45;31;EUR;MWh;NO;NO;191.69;139.5;191.69;120.74;2;UP_AND_DOWN
2025-01-20T07:45;2025-01-20T08:00;32;EUR;MWh;NO;NO;166.69;;166.69;166.69;1;UP
2025-01-20T08:00;2025-01-20T08:15;33;EUR;MWh;NO;NO;155.05;;155.05;155.05;1;UP
2025-01-20T08:15;2025-01-20T08:30;34;EUR;MWh;NO;NO;207.57;;207.57;207.57;1;UP
2025-01-20T08:30;2025-01-20T08:45;35;EUR;MWh;NO;NO;259.35;;259.35;259.35;1;UP
2025-01-20T08:45;2025-01-20T09:00;36;EUR;MWh;NO;NO;259.35;;259.35;259.35;1;UP
2025-01-20T09:00;2025-01-20T09:15;37;EUR;MWh;NO;NO;203.69;;203.69;203.69;1;UP
2025-01-20T09:15;2025-01-20T09:30;38;EUR;MWh;NO;NO;155.05;;155.05;155.05;1;UP
2025-01-20T09:30;2025-01-20T09:45;39;EUR;MWh;NO;NO;175.05;;175.05;175.05;1;UP
2025-01-20T09:45;2025-01-20T10:00;40;EUR;MWh;NO;NO;136.57;109.5;109.5;109.5;-1;DOWN
2025-01-20T10:00;2025-01-20T10:15;41;EUR;MWh;NO;NO;154.57;107.57;154.57;107.57;2;UP_AND_DOWN
2025-01-20T10:15;2025-01-20T10:30;42;EUR;MWh;NO;NO;117.57;;117.57;117.57;1;UP
2025-01-20T10:30;2025-01-20T10:45;43;EUR;MWh;NO;NO;113.57;110.33;110.33;110.33;-1;DOWN
2025-01-20T10:45;2025-01-20T11:00;44;EUR;MWh;NO;NO;;107.57;107.57;107.57;-1;DOWN
2025-01-20T11:00;2025-01-20T11:15;45;EUR;MWh;NO;NO;204.43;;204.43;204.43;1;UP
2025-01-20T11:15;2025-01-20T11:30;46;EUR;MWh;NO;NO;201.57;;201.57;201.57;1;UP
2025-01-20T11:30;2025-01-20T11:45;47;EUR;MWh;NO;NO;250;;250;250;1;UP
2025-01-20T11:45;2025-01-20T12:00;48;EUR;MWh;NO;NO;204.8;;204.8;204.8;1;UP
2025-01-20T12:00;2025-01-20T12:15;49;EUR;MWh;NO;NO;375.05;;375.05;375.05;1;UP
2025-01-20T12:15;2025-01-20T12:30;50;EUR;MWh;NO;NO;350.05;;350.05;350.05;1;UP
2025-01-20T12:30;2025-01-20T12:45;51;EUR;MWh;NO;NO;326.13;;326.13;326.13;1;UP
2025-01-20T12:45;2025-01-20T13:00;52;EUR;MWh;NO;NO;266.69;;266.69;266.69;1;UP
2025-01-20T13:00;2025-01-20T13:15;53;EUR;MWh;NO;NO;341.69;;341.69;341.69;1;UP
2025-01-20T13:15;2025-01-20T13:30;54;EUR;MWh;NO;NO;350;;350;350;1;UP
2025-01-20T13:30;2025-01-20T13:45;55;EUR;MWh;NO;NO;316.69;;316.69;316.69;1;UP
2025-01-20T13:45;2025-01-20T14:00;56;EUR;MWh;NO;NO;259.61;;259.61;259.61;1;UP
2025-01-20T14:00;2025-01-20T14:15;57;EUR;MWh;NO;NO;200;;200;200;1;UP
2025-01-20T14:15;2025-01-20T14:30;58;EUR;MWh;NO;NO;266.69;;266.69;266.69;1;UP
2025-01-20T14:30;2025-01-20T14:45;59;EUR;MWh;NO;NO;266.69;;266.69;266.69;1;UP
2025-01-20T14:45;2025-01-20T15:00;60;EUR;MWh;NO;NO;200;;200;200;1;UP
2025-01-20T15:00;2025-01-20T15:15;61;EUR;MWh;NO;NO;200;115;115;115;-1;DOWN
2025-01-20T15:15;2025-01-20T15:30;62;EUR;MWh;NO;NO;275.05;107.57;275.05;107.57;2;UP_AND_DOWN
2025-01-20T15:30;2025-01-20T15:45;63;EUR;MWh;NO;NO;316.69;;316.69;316.69;1;UP
2025-01-20T15:45;2025-01-20T16:00;64;EUR;MWh;NO;NO;316.69;;316.69;316.69;1;UP
2025-01-20T16:00;2025-01-20T16:15;65;EUR;MWh;NO;NO;212.57;120;212.57;120;2;UP_AND_DOWN
2025-01-20T16:15;2025-01-20T16:30;66;EUR;MWh;NO;NO;116.57;120;116.57;116.57;1;UP
2025-01-20T16:30;2025-01-20T16:45;67;EUR;MWh;NO;NO;300;;300;300;1;UP
2025-01-20T16:45;2025-01-20T17:00;68;EUR;MWh;NO;NO;300;;300;300;1;UP
2025-01-20T17:00;2025-01-20T17:15;69;EUR;MWh;NO;NO;160.57;102.7;160.57;102.7;2;UP_AND_DOWN
2025-01-20T17:15;2025-01-20T17:30;70;EUR;MWh;NO;NO;341.69;102.7;341.69;341.69;1;UP
2025-01-20T17:30;2025-01-20T17:45;71;EUR;MWh;NO;NO;300;;300;300;1;UP
2025-01-20T17:45;2025-01-20T18:00;72;EUR;MWh;NO;NO;266.69;;266.69;266.69;1;UP
2025-01-20T18:00;2025-01-20T18:15;73;EUR;MWh;NO;NO;200;;200;200;1;UP
2025-01-20T18:15;2025-01-20T18:30;74;EUR;MWh;NO;NO;171.57;;171.57;171.57;1;UP
2025-01-20T18:30;2025-01-20T18:45;75;EUR;MWh;NO;NO;129.57;;129.57;129.57;1;UP
2025-01-20T18:45;2025-01-20T19:00;76;EUR;MWh;NO;NO;200;;200;200;1;UP
2025-01-20T19:00;2025-01-20T19:15;77;EUR;MWh;NO;NO;325.05;;325.05;325.05;1;UP
2025-01-20T19:15;2025-01-20T19:30;78;EUR;MWh;NO;NO;280.57;;280.57;280.57;1;UP
2025-01-20T19:30;2025-01-20T19:45;79;EUR;MWh;NO;NO;177.57;153.31;177.57;177.57;1;UP
2025-01-20T19:45;2025-01-20T20:00;80;EUR;MWh;NO;NO;177.57;102.2;102.2;102.2;-1;DOWN
2025-01-20T20:00;2025-01-20T20:15;81;EUR;MWh;NO;NO;275.05;102.2;275.05;102.2;2;UP_AND_DOWN
2025-01-20T20:15;2025-01-20T20:30;82;EUR;MWh;NO;NO;148.57;106.26;106.26;106.26;-1;DOWN
2025-01-20T20:30;2025-01-20T20:45;83;EUR;MWh;NO;NO;;101.2;101.2;101.2;-1;DOWN
2025-01-20T20:45;2025-01-20T21:00;84;EUR;MWh;NO;NO;;101;101;101;-1;DOWN
2025-01-20T21:00;2025-01-20T21:15;85;EUR;MWh;NO;NO;63;139.5;101.25;101.25;2;UP_AND_DOWN
2025-01-20T21:15;2025-01-20T21:30;86;EUR;MWh;NO;NO;120;;120;120;1;UP
2025-01-20T21:30;2025-01-20T21:45;87;EUR;MWh;NO;NO;63;;63;63;1;UP
2025-01-20T21:45;2025-01-20T22:00;88;EUR;MWh;NO;NO;63;;63;63;1;UP
2025-01-20T22:00;2025-01-20T22:15;89;EUR;MWh;NO;NO;63;;63;63;1;UP
2025-01-20T22:15;2025-01-20T22:30;90;EUR;MWh;NO;NO;174.5;;174.5;174.5;1;UP
2025-01-20T22:30;2025-01-20T22:45;91;EUR;MWh;NO;NO;200.05;;200.05;200.05;1;UP
2025-01-20T22:45;2025-01-20T23:00;92;EUR;MWh;NO;NO;139.29;;139.29;139.29;1;UP
2025-01-20T23:00;2025-01-20T23:15;93;EUR;MWh;NO;NO;114.31;;114.31;114.31;1;UP
2025-01-20T23:15;2025-01-20T23:30;94;EUR;MWh;NO;NO;122.03;100.8;122.03;89;2;UP_AND_DOWN
2025-01-20T23:30;2025-01-20T23:45;95;EUR;MWh;NO;NO;;99.57;99.57;99.57;-1;DOWN
2025-01-20T23:45;2025-01-21T00:00;96;EUR;MWh;NO;NO;;100.57;100.57;100.57;-1;DOWN
2025-01-21T00:00;2025-01-21T00:15;1;EUR;MWh;NO;NO;114.21;56.75;114.21;56.75;2;UP_AND_DOWN
2025-01-21T00:15;2025-01-21T00:30;2;EUR;MWh;NO;NO;136.3;;136.3;136.3;1;UP
2025-01-21T00:30;2025-01-21T00:45;3;EUR;MWh;NO;NO;164.02;;164.02;164.02;1;UP
2025-01-21T00:45;2025-01-21T01:00;4;EUR;MWh;NO;NO;136.7;;136.7;136.7;1;UP
2025-01-21T01:00;2025-01-21T01:15;5;EUR;MWh;NO;NO;122.63;;122.63;122.63;1;UP
2025-01-21T01:15;2025-01-21T01:30;6;EUR;MWh;NO;NO;95.07;102.35;102.35;102.35;-1;DOWN
2025-01-21T01:30;2025-01-21T01:45;7;EUR;MWh;NO;NO;115.45;102.35;115.45;89;2;UP_AND_DOWN
2025-01-21T01:45;2025-01-21T02:00;8;EUR;MWh;NO;NO;85.07;;85.07;85.07;1;UP
2025-01-21T02:00;2025-01-21T02:15;9;EUR;MWh;NO;NO;139;;139;139;1;UP
2025-01-21T02:15;2025-01-21T02:30;10;EUR;MWh;NO;NO;135;;135;135;1;UP
2025-01-21T02:30;2025-01-21T02:45;11;EUR;MWh;NO;NO;137.3;;137.3;137.3;1;UP
2025-01-21T02:45;2025-01-21T03:00;12;EUR;MWh;NO;NO;114.72;;114.72;114.72;1;UP
2025-01-21T03:00;2025-01-21T03:15;13;EUR;MWh;NO;NO;135;;135;135;1;UP
2025-01-21T03:15;2025-01-21T03:30;14;EUR;MWh;NO;NO;119.99;;119.99;119.99;1;UP
2025-01-21T03:30;2025-01-21T03:45;15;EUR;MWh;NO;NO;;104.57;104.57;104.57;-1;DOWN
2025-01-21T03:45;2025-01-21T04:00;16;EUR;MWh;NO;NO;;97.03;97.03;97.03;-1;DOWN
2025-01-21T04:00;2025-01-21T04:15;17;EUR;MWh;NO;NO;;83.15;83.15;83.15;-1;DOWN
2025-01-21T04:15;2025-01-21T04:30;18;EUR;MWh;NO;NO;;103.57;103.57;103.57;-1;DOWN
2025-01-21T04:30;2025-01-21T04:45;19;EUR;MWh;NO;NO;;100.6;100.6;100.6;-1;DOWN
2025-01-21T04:45;2025-01-21T05:00;20;EUR;MWh;NO;NO;;103.57;103.57;103.57;-1;DOWN
2025-01-21T05:00;2025-01-21T05:15;21;EUR;MWh;NO;NO;;100.6;100.6;100.6;-1;DOWN
2025-01-21T05:15;2025-01-21T05:30;22;EUR;MWh;NO;NO;;137.88;137.88;137.88;-1;DOWN
2025-01-21T05:30;2025-01-21T05:45;23;EUR;MWh;NO;NO;;106.65;106.65;106.65;-1;DOWN
2025-01-21T05:45;2025-01-21T06:00;24;EUR;MWh;NO;NO;113.15;96.87;113.15;96.87;2;UP_AND_DOWN
2025-01-21T06:00;2025-01-21T06:15;25;EUR;MWh;NO;NO;;64.88;64.88;64.88;-1;DOWN
2025-01-21T06:15;2025-01-21T06:30;26;EUR;MWh;NO;NO;140;106.65;140;95.86;2;UP_AND_DOWN
2025-01-21T06:30;2025-01-21T06:45;27;EUR;MWh;NO;NO;173.8;;173.8;173.8;1;UP
2025-01-21T06:45;2025-01-21T07:00;28;EUR;MWh;NO;NO;166.01;;166.01;166.01;1;UP
2025-01-21T07:00;2025-01-21T07:15;29;EUR;MWh;NO;NO;166.01;-30;-30;-30;-1;DOWN
2025-01-21T07:15;2025-01-21T07:30;30;EUR;MWh;NO;NO;165;-30;165;165;1;UP
2025-01-21T07:30;2025-01-21T07:45;31;EUR;MWh;NO;NO;200;;200;200;1;UP
2025-01-21T07:45;2025-01-21T08:00;32;EUR;MWh;NO;NO;201.57;;201.57;201.57;1;UP
2025-01-21T08:00;2025-01-21T08:15;33;EUR;MWh;NO;NO;165;83.88;165;83.88;2;UP_AND_DOWN
2025-01-21T08:15;2025-01-21T08:30;34;EUR;MWh;NO;NO;198.32;106.65;198.32;106.65;2;UP_AND_DOWN
2025-01-21T08:30;2025-01-21T08:45;35;EUR;MWh;NO;NO;190.6;;190.6;190.6;1;UP
2025-01-21T08:45;2025-01-21T09:00;36;EUR;MWh;NO;NO;173.7;;173.7;173.7;1;UP
2025-01-21T09:00;2025-01-21T09:15;37;EUR;MWh;NO;NO;266.01;;266.01;266.01;1;UP
2025-01-21T09:15;2025-01-21T09:30;38;EUR;MWh;NO;NO;173.8;;173.8;173.8;1;UP
2025-01-21T09:30;2025-01-21T09:45;39;EUR;MWh;NO;NO;173.8;;173.8;173.8;1;UP
2025-01-21T09:45;2025-01-21T10:00;40;EUR;MWh;NO;NO;165;;165;165;1;UP
2025-01-21T10:00;2025-01-21T10:15;41;EUR;MWh;NO;NO;225;;225;225;1;UP
2025-01-21T10:15;2025-01-21T10:30;42;EUR;MWh;NO;NO;154.57;;154.57;154.57;1;UP
2025-01-21T10:30;2025-01-21T10:45;43;EUR;MWh;NO;NO;189.01;103;189.01;97.83;2;UP_AND_DOWN
2025-01-21T10:45;2025-01-21T11:00;44;EUR;MWh;NO;NO;189.01;101.4;101.4;101.4;-1;DOWN
2025-01-21T11:00;2025-01-21T11:15;45;EUR;MWh;NO;NO;301.01;110.22;301.01;86.61;2;UP_AND_DOWN
2025-01-21T11:15;2025-01-21T11:30;46;EUR;MWh;NO;NO;216.01;;216.01;216.01;1;UP
2025-01-21T11:30;2025-01-21T11:45;47;EUR;MWh;NO;NO;194.6;;194.6;194.6;1;UP
2025-01-21T11:45;2025-01-21T12:00;48;EUR;MWh;NO;NO;200;;200;200;1;UP
2025-01-21T12:00;2025-01-21T12:15;49;EUR;MWh;NO;NO;165;;165;165;1;UP
2025-01-21T12:15;2025-01-21T12:30;50;EUR;MWh;NO;NO;200;;200;200;1;UP
2025-01-21T12:30;2025-01-21T12:45;51;EUR;MWh;NO;NO;165;;165;165;1;UP
2025-01-21T12:45;2025-01-21T13:00;52;EUR;MWh;NO;NO;227.01;;227.01;227.01;1;UP
2025-01-21T13:00;2025-01-21T13:15;53;EUR;MWh;NO;NO;301.01;;301.01;301.01;1;UP
2025-01-21T13:15;2025-01-21T13:30;54;EUR;MWh;NO;NO;216.01;;216.01;216.01;1;UP
2025-01-21T13:30;2025-01-21T13:45;55;EUR;MWh;NO;NO;243.54;;243.54;243.54;1;UP
2025-01-21T13:45;2025-01-21T14:00;56;EUR;MWh;NO;NO;243.54;;243.54;243.54;1;UP
2025-01-21T14:00;2025-01-21T14:15;57;EUR;MWh;NO;NO;263.4;;263.4;263.4;1;UP
2025-01-21T14:15;2025-01-21T14:30;58;EUR;MWh;NO;NO;230.66;;230.66;230.66;1;UP
2025-01-21T14:30;2025-01-21T14:45;59;EUR;MWh;NO;NO;261.4;;261.4;261.4;1;UP
2025-01-21T14:45;2025-01-21T15:00;60;EUR;MWh;NO;NO;292.2;;292.2;292.2;1;UP
2025-01-21T15:00;2025-01-21T15:15;61;EUR;MWh;NO;NO;265.21;;265.21;265.21;1;UP
2025-01-21T15:15;2025-01-21T15:30;62;EUR;MWh;NO;NO;266.01;;266.01;266.01;1;UP
2025-01-21T15:30;2025-01-21T15:45;63;EUR;MWh;NO;NO;270.48;;270.48;270.48;1;UP
2025-01-21T15:45;2025-01-21T16:00;64;EUR;MWh;NO;NO;271;;271;271;1;UP
2025-01-21T16:00;2025-01-21T16:15;65;EUR;MWh;NO;NO;300;;300;300;1;UP
2025-01-21T16:15;2025-01-21T16:30;66;EUR;MWh;NO;NO;256.36;;256.36;256.36;1;UP
2025-01-21T16:30;2025-01-21T16:45;67;EUR;MWh;NO;NO;257.77;;257.77;257.77;1;UP
2025-01-21T16:45;2025-01-21T17:00;68;EUR;MWh;NO;NO;442.25;;442.25;442.25;1;UP
2025-01-21T17:00;2025-01-21T17:15;69;EUR;MWh;NO;NO;311.39;100;311.39;100;2;UP_AND_DOWN
2025-01-21T17:15;2025-01-21T17:30;70;EUR;MWh;NO;NO;442.25;100;442.25;442.25;1;UP
2025-01-21T17:30;2025-01-21T17:45;71;EUR;MWh;NO;NO;450;;450;450;1;UP
2025-01-21T17:45;2025-01-21T18:00;72;EUR;MWh;NO;NO;267.52;;267.52;267.52;1;UP
2025-01-21T18:00;2025-01-21T18:15;73;EUR;MWh;NO;NO;893.82;;893.82;893.82;1;UP
2025-01-21T18:15;2025-01-21T18:30;74;EUR;MWh;NO;NO;201.57;;201.57;201.57;1;UP
2025-01-21T18:30;2025-01-21T18:45;75;EUR;MWh;NO;NO;189;;189;189;1;UP
2025-01-21T18:45;2025-01-21T19:00;76;EUR;MWh;NO;NO;175.2;;175.2;175.2;1;UP
2025-01-21T19:00;2025-01-21T19:15;77;EUR;MWh;NO;NO;442.25;;442.25;442.25;1;UP
2025-01-21T19:15;2025-01-21T19:30;78;EUR;MWh;NO;NO;201.57;;201.57;201.57;1;UP
2025-01-21T19:30;2025-01-21T19:45;79;EUR;MWh;NO;NO;180.57;;180.57;180.57;1;UP
2025-01-21T19:45;2025-01-21T20:00;80;EUR;MWh;NO;NO;147.43;;147.43;147.43;1;UP
2025-01-21T20:00;2025-01-21T20:15;81;EUR;MWh;NO;NO;462.16;;462.16;462.16;1;UP
2025-01-21T20:15;2025-01-21T20:30;82;EUR;MWh;NO;NO;192.43;;192.43;192.43;1;UP
2025-01-21T20:30;2025-01-21T20:45;83;EUR;MWh;NO;NO;166.7;;166.7;166.7;1;UP
2025-01-21T20:45;2025-01-21T21:00;84;EUR;MWh;NO;NO;174.21;;174.21;174.21;1;UP
2025-01-21T21:00;2025-01-21T21:15;85;EUR;MWh;NO;NO;234.71;;234.71;234.71;1;UP
2025-01-21T21:15;2025-01-21T21:30;86;EUR;MWh;NO;NO;189;;189;189;1;UP
2025-01-21T21:30;2025-01-21T21:45;87;EUR;MWh;NO;NO;175.2;;175.2;175.2;1;UP
2025-01-21T21:45;2025-01-21T22:00;88;EUR;MWh;NO;NO;175.2;;175.2;175.2;1;UP
2025-01-21T22:00;2025-01-21T22:15;89;EUR;MWh;NO;NO;200;;200;200;1;UP
2025-01-21T22:15;2025-01-21T22:30;90;EUR;MWh;NO;NO;192.43;;192.43;192.43;1;UP
2025-01-21T22:30;2025-01-21T22:45;91;EUR;MWh;NO;NO;192.43;;192.43;192.43;1;UP
2025-01-21T22:45;2025-01-21T23:00;92;EUR;MWh;NO;NO;195.57;;195.57;195.57;1;UP
2025-01-21T23:00;2025-01-21T23:15;93;EUR;MWh;NO;NO;217.43;;217.43;217.43;1;UP
2025-01-21T23:15;2025-01-21T23:30;94;EUR;MWh;NO;NO;189;;189;189;1;UP
2025-01-21T23:30;2025-01-21T23:45;95;EUR;MWh;NO;NO;189;;189;189;1;UP
2025-01-21T23:45;2025-01-22T00:00;96;EUR;MWh;NO;NO;112.4;;112.4;112.4;1;UP
2025-01-22T00:00;2025-01-22T00:15;1;EUR;MWh;NO;NO;111.93;;111.93;111.93;1;UP
2025-01-22T00:15;2025-01-22T00:30;2;EUR;MWh;NO;NO;164.49;;164.49;164.49;1;UP
2025-01-22T00:30;2025-01-22T00:45;3;EUR;MWh;NO;NO;141.91;;141.91;141.91;1;UP
2025-01-22T00:45;2025-01-22T01:00;4;EUR;MWh;NO;NO;115.07;;115.07;115.07;1;UP
2025-01-22T01:00;2025-01-22T01:15;5;EUR;MWh;NO;NO;124.57;;124.57;124.57;1;UP
2025-01-22T01:15;2025-01-22T01:30;6;EUR;MWh;NO;NO;130.01;;130.01;130.01;1;UP
2025-01-22T01:30;2025-01-22T01:45;7;EUR;MWh;NO;NO;130.01;;130.01;130.01;1;UP
2025-01-22T01:45;2025-01-22T02:00;8;EUR;MWh;NO;NO;131.91;;131.91;131.91;1;UP
2025-01-22T02:00;2025-01-22T02:15;9;EUR;MWh;NO;NO;141.91;;141.91;141.91;1;UP
2025-01-22T02:15;2025-01-22T02:30;10;EUR;MWh;NO;NO;139;;139;139;1;UP
2025-01-22T02:30;2025-01-22T02:45;11;EUR;MWh;NO;NO;117.33;109.27;117.33;86.64;2;UP_AND_DOWN
2025-01-22T02:45;2025-01-22T03:00;12;EUR;MWh;NO;NO;135.83;;135.83;135.83;1;UP
2025-01-22T03:00;2025-01-22T03:15;13;EUR;MWh;NO;NO;139;;139;139;1;UP
2025-01-22T03:15;2025-01-22T03:30;14;EUR;MWh;NO;NO;115.07;;115.07;115.07;1;UP
2025-01-22T03:30;2025-01-22T03:45;15;EUR;MWh;NO;NO;135.07;;135.07;135.07;1;UP
2025-01-22T03:45;2025-01-22T04:00;16;EUR;MWh;NO;NO;130.83;;130.83;130.83;1;UP
2025-01-22T04:00;2025-01-22T04:15;17;EUR;MWh;NO;NO;133.71;;133.71;133.71;1;UP
2025-01-22T04:15;2025-01-22T04:30;18;EUR;MWh;NO;NO;126.91;;126.91;126.91;1;UP
2025-01-22T04:30;2025-01-22T04:45;19;EUR;MWh;NO;NO;130.83;;130.83;130.83;1;UP
2025-01-22T04:45;2025-01-22T05:00;20;EUR;MWh;NO;NO;126.91;;126.91;126.91;1;UP
2025-01-22T05:00;2025-01-22T05:15;21;EUR;MWh;NO;NO;130.83;;130.83;130.83;1;UP
2025-01-22T05:15;2025-01-22T05:30;22;EUR;MWh;NO;NO;134.32;;134.32;134.32;1;UP
2025-01-22T05:30;2025-01-22T05:45;23;EUR;MWh;NO;NO;139.3;;139.3;139.3;1;UP
2025-01-22T05:45;2025-01-22T06:00;24;EUR;MWh;NO;NO;139.4;;139.4;139.4;1;UP
2025-01-22T06:00;2025-01-22T06:15;25;EUR;MWh;NO;NO;130.44;86.9;130.44;86.9;2;UP_AND_DOWN
2025-01-22T06:15;2025-01-22T06:30;26;EUR;MWh;NO;NO;140;86.9;140;140;1;UP
2025-01-22T06:30;2025-01-22T06:45;27;EUR;MWh;NO;NO;180.7;;180.7;180.7;1;UP
2025-01-22T06:45;2025-01-22T07:00;28;EUR;MWh;NO;NO;199.11;;199.11;199.11;1;UP
2025-01-22T07:00;2025-01-22T07:15;29;EUR;MWh;NO;NO;175;103.9;175;103.9;2;UP_AND_DOWN
2025-01-22T07:15;2025-01-22T07:30;30;EUR;MWh;NO;NO;170.91;;170.91;170.91;1;UP
2025-01-22T07:30;2025-01-22T07:45;31;EUR;MWh;NO;NO;211.57;;211.57;211.57;1;UP
2025-01-22T07:45;2025-01-22T08:00;32;EUR;MWh;NO;NO;234.57;;234.57;234.57;1;UP
2025-01-22T08:00;2025-01-22T08:15;33;EUR;MWh;NO;NO;228.57;;228.57;228.57;1;UP
2025-01-22T08:15;2025-01-22T08:30;34;EUR;MWh;NO;NO;180.7;;180.7;180.7;1;UP
2025-01-22T08:30;2025-01-22T08:45;35;EUR;MWh;NO;NO;163.88;;163.88;163.88;1;UP
2025-01-22T08:45;2025-01-22T09:00;36;EUR;MWh;NO;NO;115.07;;115.07;115.07;1;UP
2025-01-22T09:00;2025-01-22T09:15;37;EUR;MWh;NO;NO;;114.82;114.82;114.82;-1;DOWN
2025-01-22T09:15;2025-01-22T09:30;38;EUR;MWh;NO;NO;;104.54;104.54;104.54;-1;DOWN
2025-01-22T09:30;2025-01-22T09:45;39;EUR;MWh;NO;NO;;105.57;105.57;105.57;-1;DOWN
2025-01-22T09:45;2025-01-22T10:00;40;EUR;MWh;NO;NO;;105.58;105.58;105.58;-1;DOWN
2025-01-22T10:00;2025-01-22T10:15;41;EUR;MWh;NO;NO;155.91;105.58;155.91;155.91;1;UP
2025-01-22T10:15;2025-01-22T10:30;42;EUR;MWh;NO;NO;122.8;;122.8;122.8;1;UP
2025-01-22T10:30;2025-01-22T10:45;43;EUR;MWh;NO;NO;85;;85;85;1;UP
2025-01-22T10:45;2025-01-22T11:00;44;EUR;MWh;NO;NO;114.51;;114.51;114.51;1;UP
2025-01-22T11:00;2025-01-22T11:15;45;EUR;MWh;NO;NO;114.08;;114.08;114.08;1;UP
2025-01-22T11:15;2025-01-22T11:30;46;EUR;MWh;NO;NO;119.57;;119.57;119.57;1;UP
2025-01-22T11:30;2025-01-22T11:45;47;EUR;MWh;NO;NO;105.07;108.57;108.57;108.57;-1;DOWN
2025-01-22T11:45;2025-01-22T12:00;48;EUR;MWh;NO;NO;;96.54;96.54;96.54;-1;DOWN
2025-01-22T12:00;2025-01-22T12:15;49;EUR;MWh;NO;NO;;87.22;87.22;87.22;-1;DOWN
2025-01-22T12:15;2025-01-22T12:30;50;EUR;MWh;NO;NO;;95;95;95;-1;DOWN
2025-01-22T12:30;2025-01-22T12:45;51;EUR;MWh;NO;NO;;98.57;98.57;98.57;-1;DOWN
2025-01-22T12:45;2025-01-22T13:00;52;EUR;MWh;NO;NO;;95;95;95;-1;DOWN
2025-01-22T13:00;2025-01-22T13:15;53;EUR;MWh;NO;NO;;91.65;91.65;91.65;-1;DOWN
2025-01-22T13:15;2025-01-22T13:30;54;EUR;MWh;NO;NO;;104.54;104.54;104.54;-1;DOWN
2025-01-22T13:30;2025-01-22T13:45;55;EUR;MWh;NO;NO;;106.54;106.54;106.54;-1;DOWN
2025-01-22T13:45;2025-01-22T14:00;56;EUR;MWh;NO;NO;;96.99;96.99;96.99;-1;DOWN
2025-01-22T14:00;2025-01-22T14:15;57;EUR;MWh;NO;NO;92;101.54;92;88.5;2;UP_AND_DOWN
2025-01-22T14:15;2025-01-22T14:30;58;EUR;MWh;NO;NO;142.7;;142.7;142.7;1;UP
2025-01-22T14:30;2025-01-22T14:45;59;EUR;MWh;NO;NO;183.7;;183.7;183.7;1;UP
2025-01-22T14:45;2025-01-22T15:00;60;EUR;MWh;NO;NO;200;;200;200;1;UP
2025-01-22T15:00;2025-01-22T15:15;61;EUR;MWh;NO;NO;200;;200;200;1;UP
2025-01-22T15:15;2025-01-22T15:30;62;EUR;MWh;NO;NO;183.7;;183.7;183.7;1;UP
2025-01-22T15:30;2025-01-22T15:45;63;EUR;MWh;NO;NO;178.68;;178.68;178.68;1;UP
2025-01-22T15:45;2025-01-22T16:00;64;EUR;MWh;NO;NO;183.7;;183.7;183.7;1;UP
2025-01-22T16:00;2025-01-22T16:15;65;EUR;MWh;NO;NO;159.32;;159.32;159.32;1;UP
2025-01-22T16:15;2025-01-22T16:30;66;EUR;MWh;NO;NO;156.99;;156.99;156.99;1;UP
2025-01-22T16:30;2025-01-22T16:45;67;EUR;MWh;NO;NO;151.67;;151.67;151.67;1;UP
2025-01-22T16:45;2025-01-22T17:00;68;EUR;MWh;NO;NO;158.57;;158.57;158.57;1;UP
2025-01-22T17:00;2025-01-22T17:15;69;EUR;MWh;NO;NO;156.91;;156.91;156.91;1;UP
2025-01-22T17:15;2025-01-22T17:30;70;EUR;MWh;NO;NO;143.57;;143.57;143.57;1;UP
2025-01-22T17:30;2025-01-22T17:45;71;EUR;MWh;NO;NO;142.5;;142.5;142.5;1;UP
2025-01-22T17:45;2025-01-22T18:00;72;EUR;MWh;NO;NO;120.57;;120.57;120.57;1;UP
2025-01-22T18:00;2025-01-22T18:15;73;EUR;MWh;NO;NO;138;;138;138;1;UP
2025-01-22T18:15;2025-01-22T18:30;74;EUR;MWh;NO;NO;131.42;;131.42;131.42;1;UP
2025-01-22T18:30;2025-01-22T18:45;75;EUR;MWh;NO;NO;121.42;;121.42;121.42;1;UP
2025-01-22T18:45;2025-01-22T19:00;76;EUR;MWh;NO;NO;142.4;;142.4;142.4;1;UP
2025-01-22T19:00;2025-01-22T19:15;77;EUR;MWh;NO;NO;170.91;;170.91;170.91;1;UP
2025-01-22T19:15;2025-01-22T19:30;78;EUR;MWh;NO;NO;133.07;;133.07;133.07;1;UP
2025-01-22T19:30;2025-01-22T19:45;79;EUR;MWh;NO;NO;66;;66;66;1;UP
2025-01-22T19:45;2025-01-22T20:00;80;EUR;MWh;NO;NO;;116.32;116.32;116.32;-1;DOWN
2025-01-22T20:00;2025-01-22T20:15;81;EUR;MWh;NO;NO;;95;95;95;-1;DOWN
2025-01-22T20:15;2025-01-22T20:30;82;EUR;MWh;NO;NO;;95;95;95;-1;DOWN
2025-01-22T20:30;2025-01-22T20:45;83;EUR;MWh;NO;NO;;93.34;93.34;93.34;-1;DOWN
2025-01-22T20:45;2025-01-22T21:00;84;EUR;MWh;NO;NO;;91.54;91.54;91.54;-1;DOWN
2025-01-22T21:00;2025-01-22T21:15;85;EUR;MWh;NO;NO;;82.46;82.46;82.46;-1;DOWN
2025-01-22T21:15;2025-01-22T21:30;86;EUR;MWh;NO;NO;;84.67;84.67;84.67;-1;DOWN
2025-01-22T21:30;2025-01-22T21:45;87;EUR;MWh;NO;NO;;80.68;80.68;80.68;-1;DOWN
2025-01-22T21:45;2025-01-22T22:00;88;EUR;MWh;NO;NO;;68.57;68.57;68.57;-1;DOWN
2025-01-22T22:00;2025-01-22T22:15;89;EUR;MWh;NO;NO;;58.93;58.93;58.93;-1;DOWN
2025-01-22T22:15;2025-01-22T22:30;90;EUR;MWh;NO;NO;;;79.29;79.29;0;STABLE
2025-01-22T22:30;2025-01-22T22:45;91;EUR;MWh;NO;NO;;;79.29;79.29;0;STABLE
2025-01-22T22:45;2025-01-22T23:00;92;EUR;MWh;NO;NO;;108.57;87.29;87.29;0;STABLE
2025-01-22T23:00;2025-01-22T23:15;93;EUR;MWh;NO;NO;;97.95;97.95;97.95;-1;DOWN
2025-01-22T23:15;2025-01-22T23:30;94;EUR;MWh;NO;NO;;;87.29;87.29;0;STABLE
2025-01-22T23:30;2025-01-22T23:45;95;EUR;MWh;NO;NO;125.17;86.34;125.17;86.34;2;UP_AND_DOWN
2025-01-22T23:45;2025-01-23T00:00;96;EUR;MWh;NO;NO;;80.34;80.34;80.34;-1;DOWN
2025-01-23T00:00;2025-01-23T00:15;1;EUR;MWh;NO;NO;124.57;91;124.57;87.9;2;UP_AND_DOWN
2025-01-23T00:15;2025-01-23T00:30;2;EUR;MWh;NO;NO;159.57;;159.57;159.57;1;UP
2025-01-23T00:30;2025-01-23T00:45;3;EUR;MWh;NO;NO;144.2;;144.2;144.2;1;UP
2025-01-23T00:45;2025-01-23T01:00;4;EUR;MWh;NO;NO;140.32;;140.32;140.32;1;UP
2025-01-23T01:00;2025-01-23T01:15;5;EUR;MWh;NO;NO;116.34;101.57;116.34;87.79;2;UP_AND_DOWN
2025-01-23T01:15;2025-01-23T01:30;6;EUR;MWh;NO;NO;116.34;80.95;80.95;80.95;-1;DOWN
2025-01-23T01:30;2025-01-23T01:45;7;EUR;MWh;NO;NO;;61.37;61.37;61.37;-1;DOWN
2025-01-23T01:45;2025-01-23T02:00;8;EUR;MWh;NO;NO;;9.1;9.1;9.1;-1;DOWN
2025-01-23T02:00;2025-01-23T02:15;9;EUR;MWh;NO;NO;;30.95;30.95;30.95;-1;DOWN
2025-01-23T02:15;2025-01-23T02:30;10;EUR;MWh;NO;NO;;67;67;67;-1;DOWN
2025-01-23T02:30;2025-01-23T02:45;11;EUR;MWh;NO;NO;;71.34;71.34;71.34;-1;DOWN
2025-01-23T02:45;2025-01-23T03:00;12;EUR;MWh;NO;NO;;62;62;62;-1;DOWN
2025-01-23T03:00;2025-01-23T03:15;13;EUR;MWh;NO;NO;185.9;62;185.9;185.9;1;UP
2025-01-23T03:15;2025-01-23T03:30;14;EUR;MWh;NO;NO;158.1;;158.1;158.1;1;UP
2025-01-23T03:30;2025-01-23T03:45;15;EUR;MWh;NO;NO;144.7;;144.7;144.7;1;UP
2025-01-23T03:45;2025-01-23T04:00;16;EUR;MWh;NO;NO;114.83;;114.83;114.83;1;UP
2025-01-23T04:00;2025-01-23T04:15;17;EUR;MWh;NO;NO;105.07;93.34;105.07;74.67;2;UP_AND_DOWN
2025-01-23T04:15;2025-01-23T04:30;18;EUR;MWh;NO;NO;;88;88;88;-1;DOWN
2025-01-23T04:30;2025-01-23T04:45;19;EUR;MWh;NO;NO;;88;88;88;-1;DOWN
2025-01-23T04:45;2025-01-23T05:00;20;EUR;MWh;NO;NO;;66;66;66;-1;DOWN
2025-01-23T05:00;2025-01-23T05:15;21;EUR;MWh;NO;NO;;67;67;67;-1;DOWN
2025-01-23T05:15;2025-01-23T05:30;22;EUR;MWh;NO;NO;;20;20;20;-1;DOWN
2025-01-23T05:30;2025-01-23T05:45;23;EUR;MWh;NO;NO;;48.45;48.45;48.45;-1;DOWN
2025-01-23T05:45;2025-01-23T06:00;24;EUR;MWh;NO;NO;;-5.19;-5.19;-5.19;-1;DOWN
2025-01-23T06:00;2025-01-23T06:15;25;EUR;MWh;NO;NO;144.7;-39.89;144.7;-39.89;2;UP_AND_DOWN
2025-01-23T06:15;2025-01-23T06:30;26;EUR;MWh;NO;NO;142.8;75.95;142.8;75.95;2;UP_AND_DOWN
2025-01-23T06:30;2025-01-23T06:45;27;EUR;MWh;NO;NO;;75.95;75.95;75.95;-1;DOWN
2025-01-23T06:45;2025-01-23T07:00;28;EUR;MWh;NO;NO;105.07;80.32;105.07;80.32;2;UP_AND_DOWN
2025-01-23T07:00;2025-01-23T07:15;29;EUR;MWh;NO;NO;;90.95;90.95;90.95;-1;DOWN
2025-01-23T07:15;2025-01-23T07:30;30;EUR;MWh;NO;NO;;67;67;67;-1;DOWN
2025-01-23T07:30;2025-01-23T07:45;31;EUR;MWh;NO;NO;116.32;80.32;116.32;80.32;2;UP_AND_DOWN
2025-01-23T07:45;2025-01-23T08:00;32;EUR;MWh;NO;NO;144.2;;144.2;144.2;1;UP
2025-01-23T08:00;2025-01-23T08:15;33;EUR;MWh;NO;NO;144;;144;144;1;UP
2025-01-23T08:15;2025-01-23T08:30;34;EUR;MWh;NO;NO;144.1;;144.1;144.1;1;UP
2025-01-23T08:30;2025-01-23T08:45;35;EUR;MWh;NO;NO;144.1;;144.1;144.1;1;UP
2025-01-23T08:45;2025-01-23T09:00;36;EUR;MWh;NO;NO;200;;200;200;1;UP
2025-01-23T09:00;2025-01-23T09:15;37;EUR;MWh;NO;NO;158.07;;158.07;158.07;1;UP
2025-01-23T09:15;2025-01-23T09:30;38;EUR;MWh;NO;NO;144.1;;144.1;144.1;1;UP
2025-01-23T09:30;2025-01-23T09:45;39;EUR;MWh;NO;NO;140.93;102;140.93;102;2;UP_AND_DOWN
2025-01-23T09:45;2025-01-23T10:00;40;EUR;MWh;NO;NO;105.07;52;112.54;52;2;UP_AND_DOWN
2025-01-23T10:00;2025-01-23T10:15;41;EUR;MWh;NO;NO;;-48;-48;-48;-1;DOWN
2025-01-23T10:15;2025-01-23T10:30;42;EUR;MWh;NO;NO;;50;50;50;-1;DOWN
2025-01-23T10:30;2025-01-23T10:45;43;EUR;MWh;NO;NO;;29.7;29.7;29.7;-1;DOWN
2025-01-23T10:45;2025-01-23T11:00;44;EUR;MWh;NO;NO;134;28;134;134;1;UP
2025-01-23T11:00;2025-01-23T11:15;45;EUR;MWh;NO;NO;116.32;114.02;116.32;90.51;2;UP_AND_DOWN
2025-01-23T11:15;2025-01-23T11:30;46;EUR;MWh;NO;NO;;16.5;16.5;16.5;-1;DOWN
2025-01-23T11:30;2025-01-23T11:45;47;EUR;MWh;NO;NO;200;2;200;2;2;UP_AND_DOWN
2025-01-23T11:45;2025-01-23T12:00;48;EUR;MWh;NO;NO;177.2;;177.2;177.2;1;UP
2025-01-23T12:00;2025-01-23T12:15;49;EUR;MWh;NO;NO;1895;;1895;1895;1;UP
2025-01-23T12:15;2025-01-23T12:30;50;EUR;MWh;NO;NO;144;-8.19;144;-8.19;2;UP_AND_DOWN
2025-01-23T12:30;2025-01-23T12:45;51;EUR;MWh;NO;NO;;.5;.5;.5;-1;DOWN
2025-01-23T12:45;2025-01-23T13:00;52;EUR;MWh;NO;NO;130.07;80.32;130.07;80.32;2;UP_AND_DOWN
2025-01-23T13:00;2025-01-23T13:15;53;EUR;MWh;NO;NO;140;67;140;67;2;UP_AND_DOWN
2025-01-23T13:15;2025-01-23T13:30;54;EUR;MWh;NO;NO;142.5;;142.5;142.5;1;UP
2025-01-23T13:30;2025-01-23T13:45;55;EUR;MWh;NO;NO;122.32;;122.32;122.32;1;UP
2025-01-23T13:45;2025-01-23T14:00;56;EUR;MWh;NO;NO;134;101.07;134;78.79;2;UP_AND_DOWN
2025-01-23T14:00;2025-01-23T14:15;57;EUR;MWh;NO;NO;;77.74;77.74;77.74;-1;DOWN
2025-01-23T14:15;2025-01-23T14:30;58;EUR;MWh;NO;NO;;44;44;44;-1;DOWN
2025-01-23T14:30;2025-01-23T14:45;59;EUR;MWh;NO;NO;;-4;-4;-4;-1;DOWN
2025-01-23T14:45;2025-01-23T15:00;60;EUR;MWh;NO;NO;;11;11;11;-1;DOWN
2025-01-23T15:00;2025-01-23T15:15;61;EUR;MWh;NO;NO;;77;77;77;-1;DOWN
2025-01-23T15:15;2025-01-23T15:30;62;EUR;MWh;NO;NO;;-35.69;-35.69;-35.69;-1;DOWN
2025-01-23T15:30;2025-01-23T15:45;63;EUR;MWh;NO;NO;;34;34;34;-1;DOWN
2025-01-23T15:45;2025-01-23T16:00;64;EUR;MWh;NO;NO;;1.6;1.6;1.6;-1;DOWN
2025-01-23T16:00;2025-01-23T16:15;65;EUR;MWh;NO;NO;67;2;2;2;-1;DOWN
2025-01-23T16:15;2025-01-23T16:30;66;EUR;MWh;NO;NO;67;2;67;67;1;UP
2025-01-23T16:30;2025-01-23T16:45;67;EUR;MWh;NO;NO;130.07;40.31;130.07;40.31;2;UP_AND_DOWN
2025-01-23T16:45;2025-01-23T17:00;68;EUR;MWh;NO;NO;137.42;77;137.42;77;2;UP_AND_DOWN
2025-01-23T17:00;2025-01-23T17:15;69;EUR;MWh;NO;NO;;14.5;14.5;14.5;-1;DOWN
2025-01-23T17:15;2025-01-23T17:30;70;EUR;MWh;NO;NO;120.32;67;120.32;67;2;UP_AND_DOWN
2025-01-23T17:30;2025-01-23T17:45;71;EUR;MWh;NO;NO;130.07;;130.07;130.07;1;UP
2025-01-23T17:45;2025-01-23T18:00;72;EUR;MWh;NO;NO;138;;138;138;1;UP
2025-01-23T18:00;2025-01-23T18:15;73;EUR;MWh;NO;NO;136;40;136;40;2;UP_AND_DOWN
2025-01-23T18:15;2025-01-23T18:30;74;EUR;MWh;NO;NO;111.07;83.32;111.07;75.16;2;UP_AND_DOWN
2025-01-23T18:30;2025-01-23T18:45;75;EUR;MWh;NO;NO;;16.89;16.89;16.89;-1;DOWN
2025-01-23T18:45;2025-01-23T19:00;76;EUR;MWh;NO;NO;;16.89;16.89;16.89;-1;DOWN
2025-01-23T19:00;2025-01-23T19:15;77;EUR;MWh;NO;NO;128.07;10.5;128.07;10.5;2;UP_AND_DOWN
2025-01-23T19:15;2025-01-23T19:30;78;EUR;MWh;NO;NO;115;67.46;115;67.46;2;UP_AND_DOWN
2025-01-23T19:30;2025-01-23T19:45;79;EUR;MWh;NO;NO;;51.32;51.32;51.32;-1;DOWN
2025-01-23T19:45;2025-01-23T20:00;80;EUR;MWh;NO;NO;;60.32;60.32;60.32;-1;DOWN
2025-01-23T20:00;2025-01-23T20:15;81;EUR;MWh;NO;NO;126.8;-1;126.8;-1;2;UP_AND_DOWN
2025-01-23T20:15;2025-01-23T20:30;82;EUR;MWh;NO;NO;144.5;;144.5;144.5;1;UP
2025-01-23T20:30;2025-01-23T20:45;83;EUR;MWh;NO;NO;144.5;-1.1;-1.1;-1.1;-1;DOWN
2025-01-23T20:45;2025-01-23T21:00;84;EUR;MWh;NO;NO;144.5;-1.1;144.5;-1.1;2;UP_AND_DOWN
2025-01-23T21:00;2025-01-23T21:15;85;EUR;MWh;NO;NO;130.07;102.42;130.07;130.07;1;UP
2025-01-23T21:15;2025-01-23T21:30;86;EUR;MWh;NO;NO;84.89;60.32;60.32;60.32;-1;DOWN
2025-01-23T21:30;2025-01-23T21:45;87;EUR;MWh;NO;NO;115;60.32;115;115;1;UP
2025-01-23T21:45;2025-01-23T22:00;88;EUR;MWh;NO;NO;67;64;67;67;1;UP
2025-01-23T22:00;2025-01-23T22:15;89;EUR;MWh;NO;NO;154.32;63.32;154.32;154.32;1;UP
2025-01-23T22:15;2025-01-23T22:30;90;EUR;MWh;NO;NO;115;-1;115;-1;2;UP_AND_DOWN
2025-01-23T22:30;2025-01-23T22:45;91;EUR;MWh;NO;NO;116;65;116;116;1;UP
2025-01-23T22:45;2025-01-23T23:00;92;EUR;MWh;NO;NO;116;56.32;116;56.32;2;UP_AND_DOWN
2025-01-23T23:00;2025-01-23T23:15;93;EUR;MWh;NO;NO;156.32;;156.32;156.32;1;UP
2025-01-23T23:15;2025-01-23T23:30;94;EUR;MWh;NO;NO;116.32;44;44;44;-1;DOWN
2025-01-23T23:30;2025-01-23T23:45;95;EUR;MWh;NO;NO;;-10;-10;-10;-1;DOWN
2025-01-23T23:45;2025-01-24T00:00;96;EUR;MWh;NO;NO;;-8.91;-8.91;-8.91;-1;DOWN
2025-01-24T00:00;2025-01-24T00:15;1;EUR;MWh;NO;NO;;-6.76;-6.76;-6.76;-1;DOWN
2025-01-24T00:15;2025-01-24T00:30;2;EUR;MWh;NO;NO;69.61;86.65;85.5;85.5;2;UP_AND_DOWN
2025-01-24T00:30;2025-01-24T00:45;3;EUR;MWh;NO;NO;109;80.32;109;75.16;2;UP_AND_DOWN
2025-01-24T00:45;2025-01-24T01:00;4;EUR;MWh;NO;NO;65.91;;65.91;65.91;1;UP
2025-01-24T01:00;2025-01-24T01:15;5;EUR;MWh;NO;NO;;;75.22;75.22;0;STABLE
2025-01-24T01:15;2025-01-24T01:30;6;EUR;MWh;NO;NO;;86.65;86.65;86.65;-1;DOWN
2025-01-24T01:30;2025-01-24T01:45;7;EUR;MWh;NO;NO;;55.65;55.65;55.65;-1;DOWN
2025-01-24T01:45;2025-01-24T02:00;8;EUR;MWh;NO;NO;;55.65;55.65;55.65;-1;DOWN
2025-01-24T02:00;2025-01-24T02:15;9;EUR;MWh;NO;NO;109;1;109;1;2;UP_AND_DOWN
2025-01-24T02:15;2025-01-24T02:30;10;EUR;MWh;NO;NO;95.07;;95.07;95.07;1;UP
2025-01-24T02:30;2025-01-24T02:45;11;EUR;MWh;NO;NO;;-10.76;-10.76;-10.76;-1;DOWN
2025-01-24T02:45;2025-01-24T03:00;12;EUR;MWh;NO;NO;;-23;-23;-23;-1;DOWN
2025-01-24T03:00;2025-01-24T03:15;13;EUR;MWh;NO;NO;;10;10;10;-1;DOWN
2025-01-24T03:15;2025-01-24T03:30;14;EUR;MWh;NO;NO;;-30;-30;-30;-1;DOWN
2025-01-24T03:30;2025-01-24T03:45;15;EUR;MWh;NO;NO;;-30;-30;-30;-1;DOWN
2025-01-24T03:45;2025-01-24T04:00;16;EUR;MWh;NO;NO;;-35;-35;-35;-1;DOWN
2025-01-24T04:00;2025-01-24T04:15;17;EUR;MWh;NO;NO;;-30;-30;-30;-1;DOWN
2025-01-24T04:15;2025-01-24T04:30;18;EUR;MWh;NO;NO;;-55;-55;-55;-1;DOWN
2025-01-24T04:30;2025-01-24T04:45;19;EUR;MWh;NO;NO;105.7;-50;105.7;-50;2;UP_AND_DOWN
2025-01-24T04:45;2025-01-24T05:00;20;EUR;MWh;NO;NO;;-55;-55;-55;-1;DOWN
2025-01-24T05:00;2025-01-24T05:15;21;EUR;MWh;NO;NO;;-19.3;-19.3;-19.3;-1;DOWN
2025-01-24T05:15;2025-01-24T05:30;22;EUR;MWh;NO;NO;;-19.3;-19.3;-19.3;-1;DOWN
2025-01-24T05:30;2025-01-24T05:45;23;EUR;MWh;NO;NO;;-19.3;-19.3;-19.3;-1;DOWN
2025-01-24T05:45;2025-01-24T06:00;24;EUR;MWh;NO;NO;;-42;-42;-42;-1;DOWN
2025-01-24T06:00;2025-01-24T06:15;25;EUR;MWh;NO;NO;121;-28.05;121;121;1;UP
2025-01-24T06:15;2025-01-24T06:30;26;EUR;MWh;NO;NO;128.01;-28.05;128.01;128.01;1;UP
2025-01-24T06:30;2025-01-24T06:45;27;EUR;MWh;NO;NO;121;;121;121;1;UP
2025-01-24T06:45;2025-01-24T07:00;28;EUR;MWh;NO;NO;127.91;-7.5;127.91;-7.5;2;UP_AND_DOWN
2025-01-24T07:00;2025-01-24T07:15;29;EUR;MWh;NO;NO;133.37;-6.85;133.37;133.37;1;UP
2025-01-24T07:15;2025-01-24T07:30;30;EUR;MWh;NO;NO;139.37;;139.37;139.37;1;UP
2025-01-24T07:30;2025-01-24T07:45;31;EUR;MWh;NO;NO;129.01;;129.01;129.01;1;UP
2025-01-24T07:45;2025-01-24T08:00;32;EUR;MWh;NO;NO;149.01;;149.01;149.01;1;UP
2025-01-24T08:00;2025-01-24T08:15;33;EUR;MWh;NO;NO;122;55.65;122;55.65;2;UP_AND_DOWN
2025-01-24T08:15;2025-01-24T08:30;34;EUR;MWh;NO;NO;122;55.65;122;122;1;UP
2025-01-24T08:30;2025-01-24T08:45;35;EUR;MWh;NO;NO;115.07;;115.07;115.07;1;UP
2025-01-24T08:45;2025-01-24T09:00;36;EUR;MWh;NO;NO;133.25;;133.25;133.25;1;UP
2025-01-24T09:00;2025-01-24T09:15;37;EUR;MWh;NO;NO;133.25;4.9;4.9;4.9;-1;DOWN
2025-01-24T09:15;2025-01-24T09:30;38;EUR;MWh;NO;NO;;51;51;51;-1;DOWN
2025-01-24T09:30;2025-01-24T09:45;39;EUR;MWh;NO;NO;;51;51;51;-1;DOWN
2025-01-24T09:45;2025-01-24T10:00;40;EUR;MWh;NO;NO;;20.65;20.65;20.65;-1;DOWN
2025-01-24T10:00;2025-01-24T10:15;41;EUR;MWh;NO;NO;122;-.7;122;-.7;2;UP_AND_DOWN
2025-01-24T10:15;2025-01-24T10:30;42;EUR;MWh;NO;NO;;13;13;13;-1;DOWN
2025-01-24T10:30;2025-01-24T10:45;43;EUR;MWh;NO;NO;;6;6;6;-1;DOWN
2025-01-24T10:45;2025-01-24T11:00;44;EUR;MWh;NO;NO;;10;10;10;-1;DOWN
2025-01-24T11:00;2025-01-24T11:15;45;EUR;MWh;NO;NO;;-6;-6;-6;-1;DOWN
2025-01-24T11:15;2025-01-24T11:30;46;EUR;MWh;NO;NO;;86.65;86.65;86.65;-1;DOWN
2025-01-24T11:30;2025-01-24T11:45;47;EUR;MWh;NO;NO;;86.65;86.65;86.65;-1;DOWN
2025-01-24T11:45;2025-01-24T12:00;48;EUR;MWh;NO;NO;;86.65;86.65;86.65;-1;DOWN
2025-01-24T12:00;2025-01-24T12:15;49;EUR;MWh;NO;NO;;86.65;86.65;86.65;-1;DOWN
2025-01-24T12:15;2025-01-24T12:30;50;EUR;MWh;NO;NO;117;;117;117;1;UP
2025-01-24T12:30;2025-01-24T12:45;51;EUR;MWh;NO;NO;103.21;86.65;103.21;103.21;1;UP
2025-01-24T12:45;2025-01-24T13:00;52;EUR;MWh;NO;NO;;65;65;65;-1;DOWN
2025-01-24T13:00;2025-01-24T13:15;53;EUR;MWh;NO;NO;117;86.65;117;73.33;2;UP_AND_DOWN
2025-01-24T13:15;2025-01-24T13:30;54;EUR;MWh;NO;NO;65;-12.4;75.83;-12.4;2;UP_AND_DOWN
2025-01-24T13:30;2025-01-24T13:45;55;EUR;MWh;NO;NO;122;71.65;122;71.65;2;UP_AND_DOWN
2025-01-24T13:45;2025-01-24T14:00;56;EUR;MWh;NO;NO;122;;122;122;1;UP
2025-01-24T14:00;2025-01-24T14:15;57;EUR;MWh;NO;NO;119.01;-12.7;119.01;-12.7;2;UP_AND_DOWN
2025-01-24T14:15;2025-01-24T14:30;58;EUR;MWh;NO;NO;127;-12.7;127;-12.7;2;UP_AND_DOWN
2025-01-24T14:30;2025-01-24T14:45;59;EUR;MWh;NO;NO;128.98;-20;128.98;-20;2;UP_AND_DOWN
2025-01-24T14:45;2025-01-24T15:00;60;EUR;MWh;NO;NO;;-23;-23;-23;-1;DOWN
2025-01-24T15:00;2025-01-24T15:15;61;EUR;MWh;NO;NO;122;20.65;122;20.65;2;UP_AND_DOWN
2025-01-24T15:15;2025-01-24T15:30;62;EUR;MWh;NO;NO;;-9.6;-9.6;-9.6;-1;DOWN
2025-01-24T15:30;2025-01-24T15:45;63;EUR;MWh;NO;NO;;20.65;20.65;20.65;-1;DOWN
2025-01-24T15:45;2025-01-24T16:00;64;EUR;MWh;NO;NO;;-4;-4;-4;-1;DOWN
2025-01-24T16:00;2025-01-24T16:15;65;EUR;MWh;NO;NO;;-8.3;-8.3;-8.3;-1;DOWN
2025-01-24T16:15;2025-01-24T16:30;66;EUR;MWh;NO;NO;;-8.69;-8.69;-8.69;-1;DOWN
2025-01-24T16:30;2025-01-24T16:45;67;EUR;MWh;NO;NO;;-29;-29;-29;-1;DOWN
2025-01-24T16:45;2025-01-24T17:00;68;EUR;MWh;NO;NO;;-5.8;-5.8;-5.8;-1;DOWN
2025-01-24T17:00;2025-01-24T17:15;69;EUR;MWh;NO;NO;;-2.3;-2.3;-2.3;-1;DOWN
2025-01-24T17:15;2025-01-24T17:30;70;EUR;MWh;NO;NO;;-2.1;-2.1;-2.1;-1;DOWN
2025-01-24T17:30;2025-01-24T17:45;71;EUR;MWh;NO;NO;;-1;-1;-1;-1;DOWN
2025-01-24T17:45;2025-01-24T18:00;72;EUR;MWh;NO;NO;;-1;-1;-1;-1;DOWN
2025-01-24T18:00;2025-01-24T18:15;73;EUR;MWh;NO;NO;;-29;-29;-29;-1;DOWN
2025-01-24T18:15;2025-01-24T18:30;74;EUR;MWh;NO;NO;82;-30;82;-30;2;UP_AND_DOWN
2025-01-24T18:30;2025-01-24T18:45;75;EUR;MWh;NO;NO;81;-30;-30;-30;-1;DOWN
2025-01-24T18:45;2025-01-24T19:00;76;EUR;MWh;NO;NO;;-40;-40;-40;-1;DOWN
2025-01-24T19:00;2025-01-24T19:15;77;EUR;MWh;NO;NO;79;3;80.8;3;2;UP_AND_DOWN
2025-01-24T19:15;2025-01-24T19:30;78;EUR;MWh;NO;NO;;-10.38;-10.38;-10.38;-1;DOWN
2025-01-24T19:30;2025-01-24T19:45;79;EUR;MWh;NO;NO;;2;2;2;-1;DOWN
2025-01-24T19:45;2025-01-24T20:00;80;EUR;MWh;NO;NO;;2;2;2;-1;DOWN
2025-01-24T20:00;2025-01-24T20:15;81;EUR;MWh;NO;NO;;-3.3;-3.3;-3.3;-1;DOWN
2025-01-24T20:15;2025-01-24T20:30;82;EUR;MWh;NO;NO;;-8.76;-8.76;-8.76;-1;DOWN
2025-01-24T20:30;2025-01-24T20:45;83;EUR;MWh;NO;NO;123;-1;123;-1;2;UP_AND_DOWN
2025-01-24T20:45;2025-01-24T21:00;84;EUR;MWh;NO;NO;105.7;-3.3;-3.3;-3.3;-1;DOWN
2025-01-24T21:00;2025-01-24T21:15;85;EUR;MWh;NO;NO;139.01;-3.28;139.01;139.01;1;UP
2025-01-24T21:15;2025-01-24T21:30;86;EUR;MWh;NO;NO;140.9;-6.7;140.9;-6.7;2;UP_AND_DOWN
2025-01-24T21:30;2025-01-24T21:45;87;EUR;MWh;NO;NO;140.9;-6.43;140.9;-6.43;2;UP_AND_DOWN
2025-01-24T21:45;2025-01-24T22:00;88;EUR;MWh;NO;NO;140.9;68.59;140.9;68.59;2;UP_AND_DOWN
2025-01-24T22:00;2025-01-24T22:15;89;EUR;MWh;NO;NO;124;68.59;124;124;1;UP
2025-01-24T22:15;2025-01-24T22:30;90;EUR;MWh;NO;NO;102;;102;102;1;UP
2025-01-24T22:30;2025-01-24T22:45;91;EUR;MWh;NO;NO;129.57;;129.57;129.57;1;UP
2025-01-24T22:45;2025-01-24T23:00;92;EUR;MWh;NO;NO;140.12;1.7;140.12;1.7;2;UP_AND_DOWN
2025-01-24T23:00;2025-01-24T23:15;93;EUR;MWh;NO;NO;141.5;-3;141.5;-3;2;UP_AND_DOWN
2025-01-24T23:15;2025-01-24T23:30;94;EUR;MWh;NO;NO;141.4;20;141.4;20;2;UP_AND_DOWN
2025-01-24T23:30;2025-01-24T23:45;95;EUR;MWh;NO;NO;135.3;20;135.3;20;2;UP_AND_DOWN
2025-01-24T23:45;2025-01-25T00:00;96;EUR;MWh;NO;NO;134.05;-32;-32;-32;-1;DOWN
2025-01-25T00:00;2025-01-25T00:15;1;EUR;MWh;NO;NO;138.48;-33.88;138.48;-33.88;2;UP_AND_DOWN
2025-01-25T00:15;2025-01-25T00:30;2;EUR;MWh;NO;NO;142.1;;142.1;142.1;1;UP
2025-01-25T00:30;2025-01-25T00:45;3;EUR;MWh;NO;NO;;-3.3;-3.3;-3.3;-1;DOWN
2025-01-25T00:45;2025-01-25T01:00;4;EUR;MWh;NO;NO;;-11.98;-11.98;-11.98;-1;DOWN
2025-01-25T01:00;2025-01-25T01:15;5;EUR;MWh;NO;NO;;57.87;57.87;57.87;-1;DOWN
2025-01-25T01:15;2025-01-25T01:30;6;EUR;MWh;NO;NO;;24.57;24.57;24.57;-1;DOWN
2025-01-25T01:30;2025-01-25T01:45;7;EUR;MWh;NO;NO;;29.57;29.57;29.57;-1;DOWN
2025-01-25T01:45;2025-01-25T02:00;8;EUR;MWh;NO;NO;;1;1;1;-1;DOWN
2025-01-25T02:00;2025-01-25T02:15;9;EUR;MWh;NO;NO;;-27.22;-27.22;-27.22;-1;DOWN
2025-01-25T02:15;2025-01-25T02:30;10;EUR;MWh;NO;NO;;-12.42;-12.42;-12.42;-1;DOWN
2025-01-25T02:30;2025-01-25T02:45;11;EUR;MWh;NO;NO;;2.57;2.57;2.57;-1;DOWN
2025-01-25T02:45;2025-01-25T03:00;12;EUR;MWh;NO;NO;;48.57;48.57;48.57;-1;DOWN
2025-01-25T03:00;2025-01-25T03:15;13;EUR;MWh;NO;NO;;-10.5;-10.5;-10.5;-1;DOWN
2025-01-25T03:15;2025-01-25T03:30;14;EUR;MWh;NO;NO;;71.12;71.12;71.12;-1;DOWN
2025-01-25T03:30;2025-01-25T03:45;15;EUR;MWh;NO;NO;;77.4;77.4;77.4;-1;DOWN
2025-01-25T03:45;2025-01-25T04:00;16;EUR;MWh;NO;NO;;9.57;9.57;9.57;-1;DOWN
2025-01-25T04:00;2025-01-25T04:15;17;EUR;MWh;NO;NO;;-13.5;-13.5;-13.5;-1;DOWN
2025-01-25T04:15;2025-01-25T04:30;18;EUR;MWh;NO;NO;;29.57;29.57;29.57;-1;DOWN
2025-01-25T04:30;2025-01-25T04:45;19;EUR;MWh;NO;NO;;23.35;23.35;23.35;-1;DOWN
2025-01-25T04:45;2025-01-25T05:00;20;EUR;MWh;NO;NO;;50;50;50;-1;DOWN
2025-01-25T05:00;2025-01-25T05:15;21;EUR;MWh;NO;NO;95.07;97.57;95.07;84.29;2;UP_AND_DOWN
2025-01-25T05:15;2025-01-25T05:30;22;EUR;MWh;NO;NO;82;;82;82;1;UP
2025-01-25T05:30;2025-01-25T05:45;23;EUR;MWh;NO;NO;82;94.57;94.57;94.57;-1;DOWN
2025-01-25T05:45;2025-01-25T06:00;24;EUR;MWh;NO;NO;;93.57;93.57;93.57;-1;DOWN
2025-01-25T06:00;2025-01-25T06:15;25;EUR;MWh;NO;NO;;84.01;84.01;84.01;-1;DOWN
2025-01-25T06:15;2025-01-25T06:30;26;EUR;MWh;NO;NO;79;;79;79;1;UP
2025-01-25T06:30;2025-01-25T06:45;27;EUR;MWh;NO;NO;79;103.57;79;79;1;UP
2025-01-25T06:45;2025-01-25T07:00;28;EUR;MWh;NO;NO;;30;30;30;-1;DOWN
2025-01-25T07:00;2025-01-25T07:15;29;EUR;MWh;NO;NO;;23.35;23.35;23.35;-1;DOWN
2025-01-25T07:15;2025-01-25T07:30;30;EUR;MWh;NO;NO;;84.09;84.09;84.09;-1;DOWN
2025-01-25T07:30;2025-01-25T07:45;31;EUR;MWh;NO;NO;;93.57;93.57;93.57;-1;DOWN
2025-01-25T07:45;2025-01-25T08:00;32;EUR;MWh;NO;NO;;29.57;29.57;29.57;-1;DOWN
2025-01-25T08:00;2025-01-25T08:15;33;EUR;MWh;NO;NO;;29.57;29.57;29.57;-1;DOWN
2025-01-25T08:15;2025-01-25T08:30;34;EUR;MWh;NO;NO;;79.4;79.4;79.4;-1;DOWN
2025-01-25T08:30;2025-01-25T08:45;35;EUR;MWh;NO;NO;;85.4;85.4;85.4;-1;DOWN
2025-01-25T08:45;2025-01-25T09:00;36;EUR;MWh;NO;NO;;90;90;90;-1;DOWN
2025-01-25T09:00;2025-01-25T09:15;37;EUR;MWh;NO;NO;;103.57;103.57;103.57;-1;DOWN
2025-01-25T09:15;2025-01-25T09:30;38;EUR;MWh;NO;NO;;103.57;103.57;103.57;-1;DOWN
2025-01-25T09:30;2025-01-25T09:45;39;EUR;MWh;NO;NO;;48.57;48.57;48.57;-1;DOWN
2025-01-25T09:45;2025-01-25T10:00;40;EUR;MWh;NO;NO;;9.57;9.57;9.57;-1;DOWN
2025-01-25T10:00;2025-01-25T10:15;41;EUR;MWh;NO;NO;;-1303.35;-1303.35;-1303.35;-1;DOWN
2025-01-25T10:15;2025-01-25T10:30;42;EUR;MWh;NO;NO;;-100;-100;-100;-1;DOWN
2025-01-25T10:30;2025-01-25T10:45;43;EUR;MWh;NO;NO;;-11.58;-11.58;-11.58;-1;DOWN
2025-01-25T10:45;2025-01-25T11:00;44;EUR;MWh;NO;NO;;2.57;2.57;2.57;-1;DOWN
2025-01-25T11:00;2025-01-25T11:15;45;EUR;MWh;NO;NO;;-1303.35;-1303.35;-1303.35;-1;DOWN
2025-01-25T11:15;2025-01-25T11:30;46;EUR;MWh;NO;NO;;-30;-30;-30;-1;DOWN
2025-01-25T11:30;2025-01-25T11:45;47;EUR;MWh;NO;NO;;-50;-50;-50;-1;DOWN
2025-01-25T11:45;2025-01-25T12:00;48;EUR;MWh;NO;NO;;-30;-30;-30;-1;DOWN
2025-01-25T12:00;2025-01-25T12:15;49;EUR;MWh;NO;NO;87;2.81;87;2.81;2;UP_AND_DOWN
2025-01-25T12:15;2025-01-25T12:30;50;EUR;MWh;NO;NO;87;75;75;75;-1;DOWN
2025-01-25T12:30;2025-01-25T12:45;51;EUR;MWh;NO;NO;;-31;-31;-31;-1;DOWN
2025-01-25T12:45;2025-01-25T13:00;52;EUR;MWh;NO;NO;;84.54;84.54;84.54;-1;DOWN
2025-01-25T13:00;2025-01-25T13:15;53;EUR;MWh;NO;NO;;-52.91;-52.91;-52.91;-1;DOWN
2025-01-25T13:15;2025-01-25T13:30;54;EUR;MWh;NO;NO;;-177.92;-177.92;-177.92;-1;DOWN
2025-01-25T13:30;2025-01-25T13:45;55;EUR;MWh;NO;NO;;-1303.35;-1303.35;-1303.35;-1;DOWN
2025-01-25T13:45;2025-01-25T14:00;56;EUR;MWh;NO;NO;;1;1;1;-1;DOWN
2025-01-25T14:00;2025-01-25T14:15;57;EUR;MWh;NO;NO;;2.57;2.57;2.57;-1;DOWN
2025-01-25T14:15;2025-01-25T14:30;58;EUR;MWh;NO;NO;;8.57;8.57;8.57;-1;DOWN
2025-01-25T14:30;2025-01-25T14:45;59;EUR;MWh;NO;NO;;65.09;65.09;65.09;-1;DOWN
2025-01-25T14:45;2025-01-25T15:00;60;EUR;MWh;NO;NO;111.9;75;111.9;75;2;UP_AND_DOWN
2025-01-25T15:00;2025-01-25T15:15;61;EUR;MWh;NO;NO;117.03;;117.03;117.03;1;UP
2025-01-25T15:15;2025-01-25T15:30;62;EUR;MWh;NO;NO;116.57;;116.57;116.57;1;UP
2025-01-25T15:30;2025-01-25T15:45;63;EUR;MWh;NO;NO;80;57.57;84.29;57.57;2;UP_AND_DOWN
2025-01-25T15:45;2025-01-25T16:00;64;EUR;MWh;NO;NO;;76.8;76.8;76.8;-1;DOWN
2025-01-25T16:00;2025-01-25T16:15;65;EUR;MWh;NO;NO;;2.66;2.66;2.66;-1;DOWN
2025-01-25T16:15;2025-01-25T16:30;66;EUR;MWh;NO;NO;;77.1;77.1;77.1;-1;DOWN
2025-01-25T16:30;2025-01-25T16:45;67;EUR;MWh;NO;NO;;62.5;62.5;62.5;-1;DOWN
2025-01-25T16:45;2025-01-25T17:00;68;EUR;MWh;NO;NO;;65;65;65;-1;DOWN
2025-01-25T17:00;2025-01-25T17:15;69;EUR;MWh;NO;NO;135.57;84.91;135.57;84.29;2;UP_AND_DOWN
2025-01-25T17:15;2025-01-25T17:30;70;EUR;MWh;NO;NO;150;84.91;150;150;1;UP
2025-01-25T17:30;2025-01-25T17:45;71;EUR;MWh;NO;NO;150;;150;150;1;UP
2025-01-25T17:45;2025-01-25T18:00;72;EUR;MWh;NO;NO;126.55;;126.55;126.55;1;UP
2025-01-25T18:00;2025-01-25T18:15;73;EUR;MWh;NO;NO;150;;150;150;1;UP
2025-01-25T18:15;2025-01-25T18:30;74;EUR;MWh;NO;NO;171.5;;171.5;171.5;1;UP
2025-01-25T18:30;2025-01-25T18:45;75;EUR;MWh;NO;NO;167.1;;167.1;167.1;1;UP
2025-01-25T18:45;2025-01-25T19:00;76;EUR;MWh;NO;NO;172.6;;172.6;172.6;1;UP
2025-01-25T19:00;2025-01-25T19:15;77;EUR;MWh;NO;NO;187.57;;187.57;187.57;1;UP
2025-01-25T19:15;2025-01-25T19:30;78;EUR;MWh;NO;NO;128.7;;128.7;128.7;1;UP
2025-01-25T19:30;2025-01-25T19:45;79;EUR;MWh;NO;NO;129.35;97.57;129.35;86.06;2;UP_AND_DOWN
2025-01-25T19:45;2025-01-25T20:00;80;EUR;MWh;NO;NO;;102.4;102.4;102.4;-1;DOWN
2025-01-25T20:00;2025-01-25T20:15;81;EUR;MWh;NO;NO;;97.57;97.57;97.57;-1;DOWN
2025-01-25T20:15;2025-01-25T20:30;82;EUR;MWh;NO;NO;;78;78;78;-1;DOWN
2025-01-25T20:30;2025-01-25T20:45;83;EUR;MWh;NO;NO;;77;77;77;-1;DOWN
2025-01-25T20:45;2025-01-25T21:00;84;EUR;MWh;NO;NO;;74.1;74.1;74.1;-1;DOWN
2025-01-25T21:00;2025-01-25T21:15;85;EUR;MWh;NO;NO;;90;90;90;-1;DOWN
2025-01-25T21:15;2025-01-25T21:30;86;EUR;MWh;NO;NO;115.4;99;115.4;84.32;2;UP_AND_DOWN
2025-01-25T21:30;2025-01-25T21:45;87;EUR;MWh;NO;NO;123.89;85.4;123.89;84.32;2;UP_AND_DOWN
2025-01-25T21:45;2025-01-25T22:00;88;EUR;MWh;NO;NO;123.89;74;74;74;-1;DOWN
2025-01-25T22:00;2025-01-25T22:15;89;EUR;MWh;NO;NO;122;97.31;122;84.32;2;UP_AND_DOWN
2025-01-25T22:15;2025-01-25T22:30;90;EUR;MWh;NO;NO;99;;99;99;1;UP
2025-01-25T22:30;2025-01-25T22:45;91;EUR;MWh;NO;NO;;101.95;101.95;101.95;-1;DOWN
2025-01-25T22:45;2025-01-25T23:00;92;EUR;MWh;NO;NO;137.57;103.57;137.57;84.32;2;UP_AND_DOWN
2025-01-25T23:00;2025-01-25T23:15;93;EUR;MWh;NO;NO;109.6;95;109.6;86.05;2;UP_AND_DOWN
2025-01-25T23:15;2025-01-25T23:30;94;EUR;MWh;NO;NO;75.07;95;86.06;86.06;2;UP_AND_DOWN
2025-01-25T23:30;2025-01-25T23:45;95;EUR;MWh;NO;NO;133.08;103.27;133.08;86.05;2;UP_AND_DOWN
2025-01-25T23:45;2025-01-26T00:00;96;EUR;MWh;NO;NO;134.92;103.38;134.92;86.05;2;UP_AND_DOWN
2025-01-26T00:00;2025-01-26T00:15;1;EUR;MWh;NO;NO;134.92;79.62;79.62;79.62;-1;DOWN
2025-01-26T00:15;2025-01-26T00:30;2;EUR;MWh;NO;NO;;102.02;102.02;102.02;-1;DOWN
2025-01-26T00:30;2025-01-26T00:45;3;EUR;MWh;NO;NO;;85.62;85.62;85.62;-1;DOWN
2025-01-26T00:45;2025-01-26T01:00;4;EUR;MWh;NO;NO;;77;77;77;-1;DOWN
2025-01-26T01:00;2025-01-26T01:15;5;EUR;MWh;NO;NO;;79.62;79.62;79.62;-1;DOWN
2025-01-26T01:15;2025-01-26T01:30;6;EUR;MWh;NO;NO;;;90.09;90.09;0;STABLE
2025-01-26T01:30;2025-01-26T01:45;7;EUR;MWh;NO;NO;;;90.11;90.11;0;STABLE
2025-01-26T01:45;2025-01-26T02:00;8;EUR;MWh;NO;NO;;95;95;95;-1;DOWN
2025-01-26T02:00;2025-01-26T02:15;9;EUR;MWh;NO;NO;111.6;115.23;111.6;90.12;2;UP_AND_DOWN
2025-01-26T02:15;2025-01-26T02:30;10;EUR;MWh;NO;NO;111.8;;111.8;111.8;1;UP
2025-01-26T02:30;2025-01-26T02:45;11;EUR;MWh;NO;NO;65;;65;65;1;UP
2025-01-26T02:45;2025-01-26T03:00;12;EUR;MWh;NO;NO;;93.32;93.32;93.32;-1;DOWN
2025-01-26T03:00;2025-01-26T03:15;13;EUR;MWh;NO;NO;121.62;95;121.62;121.62;1;UP
2025-01-26T03:15;2025-01-26T03:30;14;EUR;MWh;NO;NO;133.61;;133.61;133.61;1;UP
2025-01-26T03:30;2025-01-26T03:45;15;EUR;MWh;NO;NO;136.75;;136.75;136.75;1;UP
2025-01-26T03:45;2025-01-26T04:00;16;EUR;MWh;NO;NO;112.43;;112.43;112.43;1;UP
2025-01-26T04:00;2025-01-26T04:15;17;EUR;MWh;NO;NO;123.68;;123.68;123.68;1;UP
2025-01-26T04:15;2025-01-26T04:30;18;EUR;MWh;NO;NO;109.4;;109.4;109.4;1;UP
2025-01-26T04:30;2025-01-26T04:45;19;EUR;MWh;NO;NO;109.3;104.25;109.3;90.12;2;UP_AND_DOWN
2025-01-26T04:45;2025-01-26T05:00;20;EUR;MWh;NO;NO;109.2;104.53;109.2;84.77;2;UP_AND_DOWN
2025-01-26T05:00;2025-01-26T05:15;21;EUR;MWh;NO;NO;109.1;94.36;109.1;90.09;2;UP_AND_DOWN
2025-01-26T05:15;2025-01-26T05:30;22;EUR;MWh;NO;NO;;61.01;61.01;61.01;-1;DOWN
2025-01-26T05:30;2025-01-26T05:45;23;EUR;MWh;NO;NO;;46.7;46.7;46.7;-1;DOWN
2025-01-26T05:45;2025-01-26T06:00;24;EUR;MWh;NO;NO;;70.62;70.62;70.62;-1;DOWN
2025-01-26T06:00;2025-01-26T06:15;25;EUR;MWh;NO;NO;;66.57;66.57;66.57;-1;DOWN
2025-01-26T06:15;2025-01-26T06:30;26;EUR;MWh;NO;NO;;79.88;79.88;79.88;-1;DOWN
2025-01-26T06:30;2025-01-26T06:45;27;EUR;MWh;NO;NO;;58.23;58.23;58.23;-1;DOWN
2025-01-26T06:45;2025-01-26T07:00;28;EUR;MWh;NO;NO;;63.79;63.79;63.79;-1;DOWN
2025-01-26T07:00;2025-01-26T07:15;29;EUR;MWh;NO;NO;;65;65;65;-1;DOWN
2025-01-26T07:15;2025-01-26T07:30;30;EUR;MWh;NO;NO;;46.71;46.71;46.71;-1;DOWN
2025-01-26T07:30;2025-01-26T07:45;31;EUR;MWh;NO;NO;;21.65;21.65;21.65;-1;DOWN
2025-01-26T07:45;2025-01-26T08:00;32;EUR;MWh;NO;NO;;58.23;58.23;58.23;-1;DOWN
2025-01-26T08:00;2025-01-26T08:15;33;EUR;MWh;NO;NO;65.07;72.57;65.07;65.07;1;UP
2025-01-26T08:15;2025-01-26T08:30;34;EUR;MWh;NO;NO;85.07;;85.07;85.07;1;UP
2025-01-26T08:30;2025-01-26T08:45;35;EUR;MWh;NO;NO;109.6;;109.6;109.6;1;UP
2025-01-26T08:45;2025-01-26T09:00;36;EUR;MWh;NO;NO;145.57;;145.57;145.57;1;UP
2025-01-26T09:00;2025-01-26T09:15;37;EUR;MWh;NO;NO;140;;140;140;1;UP
2025-01-26T09:15;2025-01-26T09:30;38;EUR;MWh;NO;NO;145.46;;145.46;145.46;1;UP
2025-01-26T09:30;2025-01-26T09:45;39;EUR;MWh;NO;NO;116.57;;116.57;116.57;1;UP
2025-01-26T09:45;2025-01-26T10:00;40;EUR;MWh;NO;NO;116.57;100.57;100.57;100.57;-1;DOWN
2025-01-26T10:00;2025-01-26T10:15;41;EUR;MWh;NO;NO;109.3;108.57;109.3;87.79;2;UP_AND_DOWN
2025-01-26T10:15;2025-01-26T10:30;42;EUR;MWh;NO;NO;109.4;55;109.4;55;2;UP_AND_DOWN
2025-01-26T10:30;2025-01-26T10:45;43;EUR;MWh;NO;NO;;40;40;40;-1;DOWN
2025-01-26T10:45;2025-01-26T11:00;44;EUR;MWh;NO;NO;;65;65;65;-1;DOWN
2025-01-26T11:00;2025-01-26T11:15;45;EUR;MWh;NO;NO;125;65;125;65;2;UP_AND_DOWN
2025-01-26T11:15;2025-01-26T11:30;46;EUR;MWh;NO;NO;125;56;56;56;-1;DOWN
2025-01-26T11:30;2025-01-26T11:45;47;EUR;MWh;NO;NO;;65;65;65;-1;DOWN
2025-01-26T11:45;2025-01-26T12:00;48;EUR;MWh;NO;NO;110.2;64.57;110.2;64.57;2;UP_AND_DOWN
2025-01-26T12:00;2025-01-26T12:15;49;EUR;MWh;NO;NO;121.88;;121.88;121.88;1;UP
2025-01-26T12:15;2025-01-26T12:30;50;EUR;MWh;NO;NO;112.8;;112.8;112.8;1;UP
2025-01-26T12:30;2025-01-26T12:45;51;EUR;MWh;NO;NO;112.57;95;112.57;87.79;2;UP_AND_DOWN
2025-01-26T12:45;2025-01-26T13:00;52;EUR;MWh;NO;NO;;77;77;77;-1;DOWN
2025-01-26T13:00;2025-01-26T13:15;53;EUR;MWh;NO;NO;112.8;77;112.8;77;2;UP_AND_DOWN
2025-01-26T13:15;2025-01-26T13:30;54;EUR;MWh;NO;NO;121;;121;121;1;UP
2025-01-26T13:30;2025-01-26T13:45;55;EUR;MWh;NO;NO;112.8;;112.8;112.8;1;UP
2025-01-26T13:45;2025-01-26T14:00;56;EUR;MWh;NO;NO;130;;130;130;1;UP
2025-01-26T14:00;2025-01-26T14:15;57;EUR;MWh;NO;NO;128.7;;128.7;128.7;1;UP
2025-01-26T14:15;2025-01-26T14:30;58;EUR;MWh;NO;NO;65.07;;65.07;65.07;1;UP
2025-01-26T14:30;2025-01-26T14:45;59;EUR;MWh;NO;NO;130;;130;130;1;UP
2025-01-26T14:45;2025-01-26T15:00;60;EUR;MWh;NO;NO;1000;;1000;1000;1;UP
2025-01-26T15:00;2025-01-26T15:15;61;EUR;MWh;NO;NO;130;;130;130;1;UP
2025-01-26T15:15;2025-01-26T15:30;62;EUR;MWh;NO;NO;113.4;;113.4;113.4;1;UP
2025-01-26T15:30;2025-01-26T15:45;63;EUR;MWh;NO;NO;130;;130;130;1;UP
2025-01-26T15:45;2025-01-26T16:00;64;EUR;MWh;NO;NO;130;;130;130;1;UP
2025-01-26T16:00;2025-01-26T16:15;65;EUR;MWh;NO;NO;113.3;34.57;113.3;34.57;2;UP_AND_DOWN
2025-01-26T16:15;2025-01-26T16:30;66;EUR;MWh;NO;NO;113.3;95;113.3;87.79;2;UP_AND_DOWN
2025-01-26T16:30;2025-01-26T16:45;67;EUR;MWh;NO;NO;113.3;95;113.3;113.3;1;UP
2025-01-26T16:45;2025-01-26T17:00;68;EUR;MWh;NO;NO;114.57;;114.57;114.57;1;UP
2025-01-26T17:00;2025-01-26T17:15;69;EUR;MWh;NO;NO;113.3;19.7;113.3;19.7;2;UP_AND_DOWN
2025-01-26T17:15;2025-01-26T17:30;70;EUR;MWh;NO;NO;113.3;95;113.3;113.3;1;UP
2025-01-26T17:30;2025-01-26T17:45;71;EUR;MWh;NO;NO;116.57;;116.57;116.57;1;UP
2025-01-26T17:45;2025-01-26T18:00;72;EUR;MWh;NO;NO;114.57;;114.57;114.57;1;UP
2025-01-26T18:00;2025-01-26T18:15;73;EUR;MWh;NO;NO;113.4;95;95;95;-1;DOWN
2025-01-26T18:15;2025-01-26T18:30;74;EUR;MWh;NO;NO;;28.57;28.57;28.57;-1;DOWN
2025-01-26T18:30;2025-01-26T18:45;75;EUR;MWh;NO;NO;;81.57;81.57;81.57;-1;DOWN
2025-01-26T18:45;2025-01-26T19:00;76;EUR;MWh;NO;NO;;10.57;10.57;10.57;-1;DOWN
2025-01-26T19:00;2025-01-26T19:15;77;EUR;MWh;NO;NO;;-7.5;-7.5;-7.5;-1;DOWN
2025-01-26T19:15;2025-01-26T19:30;78;EUR;MWh;NO;NO;65;33;95;33;2;UP_AND_DOWN
2025-01-26T19:30;2025-01-26T19:45;79;EUR;MWh;NO;NO;;10.57;10.57;10.57;-1;DOWN
2025-01-26T19:45;2025-01-26T20:00;80;EUR;MWh;NO;NO;;33;33;33;-1;DOWN
2025-01-26T20:00;2025-01-26T20:15;81;EUR;MWh;NO;NO;;15.64;15.64;15.64;-1;DOWN
2025-01-26T20:15;2025-01-26T20:30;82;EUR;MWh;NO;NO;;28.57;28.57;28.57;-1;DOWN
2025-01-26T20:30;2025-01-26T20:45;83;EUR;MWh;NO;NO;;17.57;17.57;17.57;-1;DOWN
2025-01-26T20:45;2025-01-26T21:00;84;EUR;MWh;NO;NO;;55.57;55.57;55.57;-1;DOWN
2025-01-26T21:00;2025-01-26T21:15;85;EUR;MWh;NO;NO;;72.57;72.57;72.57;-1;DOWN
2025-01-26T21:15;2025-01-26T21:30;86;EUR;MWh;NO;NO;;50;50;50;-1;DOWN
2025-01-26T21:30;2025-01-26T21:45;87;EUR;MWh;NO;NO;;17.57;17.57;17.57;-1;DOWN
2025-01-26T21:45;2025-01-26T22:00;88;EUR;MWh;NO;NO;;10.57;10.57;10.57;-1;DOWN
2025-01-26T22:00;2025-01-26T22:15;89;EUR;MWh;NO;NO;113.5;10;113.5;10;2;UP_AND_DOWN
2025-01-26T22:15;2025-01-26T22:30;90;EUR;MWh;NO;NO;;33;33;33;-1;DOWN
2025-01-26T22:30;2025-01-26T22:45;91;EUR;MWh;NO;NO;;46.57;46.57;46.57;-1;DOWN
2025-01-26T22:45;2025-01-26T23:00;92;EUR;MWh;NO;NO;;10;10;10;-1;DOWN
2025-01-26T23:00;2025-01-26T23:15;93;EUR;MWh;NO;NO;111.7;10;111.7;10;2;UP_AND_DOWN
2025-01-26T23:15;2025-01-26T23:30;94;EUR;MWh;NO;NO;84.06;72.57;87.82;72.57;2;UP_AND_DOWN
2025-01-26T23:30;2025-01-26T23:45;95;EUR;MWh;NO;NO;;10;10;10;-1;DOWN
2025-01-26T23:45;2025-01-27T00:00;96;EUR;MWh;NO;NO;;9.57;9.57;9.57;-1;DOWN
2025-01-27T00:00;2025-01-27T00:15;1;EUR;MWh;NO;NO;164.9;-46;164.9;-46;2;UP_AND_DOWN
2025-01-27T00:15;2025-01-27T00:30;2;EUR;MWh;NO;NO;148;;148;148;1;UP
2025-01-27T00:30;2025-01-27T00:45;3;EUR;MWh;NO;NO;65.07;-26;-26;-26;-1;DOWN
2025-01-27T00:45;2025-01-27T01:00;4;EUR;MWh;NO;NO;64.06;-46;75.36;-46;2;UP_AND_DOWN
2025-01-27T01:00;2025-01-27T01:15;5;EUR;MWh;NO;NO;106.88;-50;106.88;-50;2;UP_AND_DOWN
2025-01-27T01:15;2025-01-27T01:30;6;EUR;MWh;NO;NO;82.77;-42;82.77;-42;2;UP_AND_DOWN
2025-01-27T01:30;2025-01-27T01:45;7;EUR;MWh;NO;NO;;-32;-32;-32;-1;DOWN
2025-01-27T01:45;2025-01-27T02:00;8;EUR;MWh;NO;NO;;-40;-40;-40;-1;DOWN
2025-01-27T02:00;2025-01-27T02:15;9;EUR;MWh;NO;NO;121.88;-40;121.88;121.88;1;UP
2025-01-27T02:15;2025-01-27T02:30;10;EUR;MWh;NO;NO;121.88;-35.9;-35.9;-35.9;-1;DOWN
2025-01-27T02:30;2025-01-27T02:45;11;EUR;MWh;NO;NO;;-31.8;-31.8;-31.8;-1;DOWN
2025-01-27T02:45;2025-01-27T03:00;12;EUR;MWh;NO;NO;;-31;-31;-31;-1;DOWN
2025-01-27T03:00;2025-01-27T03:15;13;EUR;MWh;NO;NO;113.4;-31;113.4;113.4;1;UP
2025-01-27T03:15;2025-01-27T03:30;14;EUR;MWh;NO;NO;97.23;-30.02;97.23;-30.02;2;UP_AND_DOWN
2025-01-27T03:30;2025-01-27T03:45;15;EUR;MWh;NO;NO;97.6;65;97.6;97.6;1;UP
2025-01-27T03:45;2025-01-27T04:00;16;EUR;MWh;NO;NO;61.4;-17.7;-17.7;-17.7;-1;DOWN
2025-01-27T04:00;2025-01-27T04:15;17;EUR;MWh;NO;NO;81.24;-61;81.24;-61;2;UP_AND_DOWN
2025-01-27T04:15;2025-01-27T04:30;18;EUR;MWh;NO;NO;113.5;-65;113.5;113.5;1;UP
2025-01-27T04:30;2025-01-27T04:45;19;EUR;MWh;NO;NO;88.15;-31;88.15;-31;2;UP_AND_DOWN
2025-01-27T04:45;2025-01-27T05:00;20;EUR;MWh;NO;NO;;-32;-32;-32;-1;DOWN
2025-01-27T05:00;2025-01-27T05:15;21;EUR;MWh;NO;NO;65.07;-35;-35;-35;-1;DOWN
2025-01-27T05:15;2025-01-27T05:30;22;EUR;MWh;NO;NO;75.07;-58;75.07;-58;2;UP_AND_DOWN
2025-01-27T05:30;2025-01-27T05:45;23;EUR;MWh;NO;NO;113.6;-64.3;113.6;-64.3;2;UP_AND_DOWN
2025-01-27T05:45;2025-01-27T06:00;24;EUR;MWh;NO;NO;120;-65.4;120;-65.4;2;UP_AND_DOWN
2025-01-27T06:00;2025-01-27T06:15;25;EUR;MWh;NO;NO;101.92;-70;101.92;-70;2;UP_AND_DOWN
2025-01-27T06:15;2025-01-27T06:30;26;EUR;MWh;NO;NO;83.49;-35;83.49;-35;2;UP_AND_DOWN
2025-01-27T06:30;2025-01-27T06:45;27;EUR;MWh;NO;NO;113.6;-28;113.6;-28;2;UP_AND_DOWN
2025-01-27T06:45;2025-01-27T07:00;28;EUR;MWh;NO;NO;139.54;;139.54;139.54;1;UP
2025-01-27T07:00;2025-01-27T07:15;29;EUR;MWh;NO;NO;93.07;-503.11;-503.11;-503.11;-1;DOWN
2025-01-27T07:15;2025-01-27T07:30;30;EUR;MWh;NO;NO;118.58;-30;118.58;-30;2;UP_AND_DOWN
2025-01-27T07:30;2025-01-27T07:45;31;EUR;MWh;NO;NO;200;-30;200;-30;2;UP_AND_DOWN
2025-01-27T07:45;2025-01-27T08:00;32;EUR;MWh;NO;NO;324;;324;324;1;UP
2025-01-27T08:00;2025-01-27T08:15;33;EUR;MWh;NO;NO;152;-75;152;-75;2;UP_AND_DOWN
2025-01-27T08:15;2025-01-27T08:30;34;EUR;MWh;NO;NO;152;-183.9;152;-183.9;2;UP_AND_DOWN
2025-01-27T08:30;2025-01-27T08:45;35;EUR;MWh;NO;NO;137.54;-75;137.54;137.54;1;UP
2025-01-27T08:45;2025-01-27T09:00;36;EUR;MWh;NO;NO;137.54;-14.05;137.54;-14.05;2;UP_AND_DOWN
2025-01-27T09:00;2025-01-27T09:15;37;EUR;MWh;NO;NO;121.84;68.34;121.84;68.34;2;UP_AND_DOWN
2025-01-27T09:15;2025-01-27T09:30;38;EUR;MWh;NO;NO;121.84;-43.63;-43.63;-43.63;-1;DOWN
2025-01-27T09:30;2025-01-27T09:45;39;EUR;MWh;NO;NO;;-139.23;-139.23;-139.23;-1;DOWN
2025-01-27T09:45;2025-01-27T10:00;40;EUR;MWh;NO;NO;;-104.19;-104.19;-104.19;-1;DOWN
2025-01-27T10:00;2025-01-27T10:15;41;EUR;MWh;NO;NO;;-512.8;-512.8;-512.8;-1;DOWN
2025-01-27T10:15;2025-01-27T10:30;42;EUR;MWh;NO;NO;;-512.8;-512.8;-512.8;-1;DOWN
2025-01-27T10:30;2025-01-27T10:45;43;EUR;MWh;NO;NO;75.07;-351.19;-351.19;-351.19;-1;DOWN
2025-01-27T10:45;2025-01-27T11:00;44;EUR;MWh;NO;NO;;-514.4;-514.4;-514.4;-1;DOWN
2025-01-27T11:00;2025-01-27T11:15;45;EUR;MWh;NO;NO;;-514.4;-514.4;-514.4;-1;DOWN
2025-01-27T11:15;2025-01-27T11:30;46;EUR;MWh;NO;NO;113.4;-63.31;113.4;-63.31;2;UP_AND_DOWN
2025-01-27T11:30;2025-01-27T11:45;47;EUR;MWh;NO;NO;113.4;-317.47;-317.47;-317.47;-1;DOWN
2025-01-27T11:45;2025-01-27T12:00;48;EUR;MWh;NO;NO;109.7;-78;109.7;-78;2;UP_AND_DOWN
2025-01-27T12:00;2025-01-27T12:15;49;EUR;MWh;NO;NO;200;-126.5;200;-126.5;2;UP_AND_DOWN
2025-01-27T12:15;2025-01-27T12:30;50;EUR;MWh;NO;NO;;-502;-502;-502;-1;DOWN
2025-01-27T12:30;2025-01-27T12:45;51;EUR;MWh;NO;NO;77;-124.5;77;-124.5;2;UP_AND_DOWN
2025-01-27T12:45;2025-01-27T13:00;52;EUR;MWh;NO;NO;152;-106.5;152;-106.5;2;UP_AND_DOWN
2025-01-27T13:00;2025-01-27T13:15;53;EUR;MWh;NO;NO;152.54;-46.6;152.54;-46.6;2;UP_AND_DOWN
2025-01-27T13:15;2025-01-27T13:30;54;EUR;MWh;NO;NO;127.54;-45;127.54;127.54;1;UP
2025-01-27T13:30;2025-01-27T13:45;55;EUR;MWh;NO;NO;132.54;;132.54;132.54;1;UP
2025-01-27T13:45;2025-01-27T14:00;56;EUR;MWh;NO;NO;113.7;;113.7;113.7;1;UP
2025-01-27T14:00;2025-01-27T14:15;57;EUR;MWh;NO;NO;95.07;-77.77;-77.77;-77.77;-1;DOWN
2025-01-27T14:15;2025-01-27T14:30;58;EUR;MWh;NO;NO;81.14;-75;81.14;-75;2;UP_AND_DOWN
2025-01-27T14:30;2025-01-27T14:45;59;EUR;MWh;NO;NO;;-60;-60;-60;-1;DOWN
2025-01-27T14:45;2025-01-27T15:00;60;EUR;MWh;NO;NO;;-78;-78;-78;-1;DOWN
2025-01-27T15:00;2025-01-27T15:15;61;EUR;MWh;NO;NO;144.3;-164.33;144.3;-164.33;2;UP_AND_DOWN
2025-01-27T15:15;2025-01-27T15:30;62;EUR;MWh;NO;NO;132.54;-75;132.54;-75;2;UP_AND_DOWN
2025-01-27T15:30;2025-01-27T15:45;63;EUR;MWh;NO;NO;;-45;-45;-45;-1;DOWN
2025-01-27T15:45;2025-01-27T16:00;64;EUR;MWh;NO;NO;65.07;-30;76.34;-30;2;UP_AND_DOWN
2025-01-27T16:00;2025-01-27T16:15;65;EUR;MWh;NO;NO;;-155;-155;-155;-1;DOWN
2025-01-27T16:15;2025-01-27T16:30;66;EUR;MWh;NO;NO;65;25;78.84;25;2;UP_AND_DOWN
2025-01-27T16:30;2025-01-27T16:45;67;EUR;MWh;NO;NO;113.4;16;113.4;16;2;UP_AND_DOWN
2025-01-27T16:45;2025-01-27T17:00;68;EUR;MWh;NO;NO;115.67;-2.5;115.67;-2.5;2;UP_AND_DOWN
2025-01-27T17:00;2025-01-27T17:15;69;EUR;MWh;NO;NO;115.67;-35;-35;-35;-1;DOWN
2025-01-27T17:15;2025-01-27T17:30;70;EUR;MWh;NO;NO;113.4;13.1;113.4;113.4;1;UP
2025-01-27T17:30;2025-01-27T17:45;71;EUR;MWh;NO;NO;95.07;;95.07;95.07;1;UP
2025-01-27T17:45;2025-01-27T18:00;72;EUR;MWh;NO;NO;;85.67;85.67;85.67;-1;DOWN
2025-01-27T18:00;2025-01-27T18:15;73;EUR;MWh;NO;NO;113.3;85.67;113.3;78.84;2;UP_AND_DOWN
2025-01-27T18:15;2025-01-27T18:30;74;EUR;MWh;NO;NO;65;;65;65;1;UP
2025-01-27T18:30;2025-01-27T18:45;75;EUR;MWh;NO;NO;;13.5;13.5;13.5;-1;DOWN
2025-01-27T18:45;2025-01-27T19:00;76;EUR;MWh;NO;NO;65;20;78.84;20;2;UP_AND_DOWN
2025-01-27T19:00;2025-01-27T19:15;77;EUR;MWh;NO;NO;65;17.91;65;65;1;UP
2025-01-27T19:15;2025-01-27T19:30;78;EUR;MWh;NO;NO;113.3;;113.3;113.3;1;UP
2025-01-27T19:30;2025-01-27T19:45;79;EUR;MWh;NO;NO;95.07;20;95.07;20;2;UP_AND_DOWN
2025-01-27T19:45;2025-01-27T20:00;80;EUR;MWh;NO;NO;125;20;125;20;2;UP_AND_DOWN
2025-01-27T20:00;2025-01-27T20:15;81;EUR;MWh;NO;NO;113.3;;113.3;113.3;1;UP
2025-01-27T20:15;2025-01-27T20:30;82;EUR;MWh;NO;NO;113.3;;113.3;113.3;1;UP
2025-01-27T20:30;2025-01-27T20:45;83;EUR;MWh;NO;NO;113.3;;113.3;113.3;1;UP
2025-01-27T20:45;2025-01-27T21:00;84;EUR;MWh;NO;NO;85.07;;85.07;85.07;1;UP
2025-01-27T21:00;2025-01-27T21:15;85;EUR;MWh;NO;NO;132.54;;132.54;0;2;UP_AND_DOWN
2025-01-27T21:15;2025-01-27T21:30;86;EUR;MWh;NO;NO;127.54;-5.93;-5.93;-5.93;-1;DOWN
2025-01-27T21:30;2025-01-27T21:45;87;EUR;MWh;NO;NO;115.67;-10.75;115.67;-10.75;2;UP_AND_DOWN
2025-01-27T21:45;2025-01-27T22:00;88;EUR;MWh;NO;NO;113.3;-10.75;113.3;-10.75;2;UP_AND_DOWN
2025-01-27T22:00;2025-01-27T22:15;89;EUR;MWh;NO;NO;138.44;21.65;138.44;21.65;2;UP_AND_DOWN
2025-01-27T22:15;2025-01-27T22:30;90;EUR;MWh;NO;NO;117.54;;117.54;117.54;1;UP
2025-01-27T22:30;2025-01-27T22:45;91;EUR;MWh;NO;NO;65;-3.89;-3.89;-3.89;-1;DOWN
2025-01-27T22:45;2025-01-27T23:00;92;EUR;MWh;NO;NO;65;-3.77;-3.77;-3.77;-1;DOWN
2025-01-27T23:00;2025-01-27T23:15;93;EUR;MWh;NO;NO;113.3;;113.3;113.3;1;UP
2025-01-27T23:15;2025-01-27T23:30;94;EUR;MWh;NO;NO;113.3;-18.55;-18.55;-18.55;-1;DOWN
2025-01-27T23:30;2025-01-27T23:45;95;EUR;MWh;NO;NO;;-24.8;-24.8;-24.8;-1;DOWN
2025-01-27T23:45;2025-01-28T00:00;96;EUR;MWh;NO;NO;;-24.8;-24.8;-24.8;-1;DOWN
2025-01-28T00:00;2025-01-28T00:15;1;EUR;MWh;NO;NO;;-28.37;-28.37;-28.37;-1;DOWN
2025-01-28T00:15;2025-01-28T00:30;2;EUR;MWh;NO;NO;;-22.73;-22.73;-22.73;-1;DOWN
2025-01-28T00:30;2025-01-28T00:45;3;EUR;MWh;NO;NO;;-23.3;-23.3;-23.3;-1;DOWN
2025-01-28T00:45;2025-01-28T01:00;4;EUR;MWh;NO;NO;;-23.3;-23.3;-23.3;-1;DOWN
2025-01-28T01:00;2025-01-28T01:15;5;EUR;MWh;NO;NO;;-35;-35;-35;-1;DOWN
2025-01-28T01:15;2025-01-28T01:30;6;EUR;MWh;NO;NO;;-29;-29;-29;-1;DOWN
2025-01-28T01:30;2025-01-28T01:45;7;EUR;MWh;NO;NO;;-29;-29;-29;-1;DOWN
2025-01-28T01:45;2025-01-28T02:00;8;EUR;MWh;NO;NO;;-29;-29;-29;-1;DOWN
2025-01-28T02:00;2025-01-28T02:15;9;EUR;MWh;NO;NO;113.2;-34.74;113.2;113.2;1;UP
2025-01-28T02:15;2025-01-28T02:30;10;EUR;MWh;NO;NO;113.2;;113.2;113.2;1;UP
2025-01-28T02:30;2025-01-28T02:45;11;EUR;MWh;NO;NO;113.2;;113.2;113.2;1;UP
2025-01-28T02:45;2025-01-28T03:00;12;EUR;MWh;NO;NO;108.78;;108.78;108.78;1;UP
2025-01-28T03:00;2025-01-28T03:15;13;EUR;MWh;NO;NO;113.2;;113.2;113.2;1;UP
2025-01-28T03:15;2025-01-28T03:30;14;EUR;MWh;NO;NO;113.2;;113.2;113.2;1;UP
2025-01-28T03:30;2025-01-28T03:45;15;EUR;MWh;NO;NO;109.55;;109.55;109.55;1;UP
2025-01-28T03:45;2025-01-28T04:00;16;EUR;MWh;NO;NO;113.2;;113.2;113.2;1;UP
2025-01-28T04:00;2025-01-28T04:15;17;EUR;MWh;NO;NO;113.2;-40;-40;-40;-1;DOWN
2025-01-28T04:15;2025-01-28T04:30;18;EUR;MWh;NO;NO;;-27;-27;-27;-1;DOWN
2025-01-28T04:30;2025-01-28T04:45;19;EUR;MWh;NO;NO;;-15.74;-15.74;-15.74;-1;DOWN
2025-01-28T04:45;2025-01-28T05:00;20;EUR;MWh;NO;NO;;;0;0;-1;DOWN
2025-01-28T05:00;2025-01-28T05:15;21;EUR;MWh;NO;NO;;21.65;21.65;21.65;-1;DOWN
2025-01-28T05:15;2025-01-28T05:30;22;EUR;MWh;NO;NO;;-11;-11;-11;-1;DOWN
2025-01-28T05:30;2025-01-28T05:45;23;EUR;MWh;NO;NO;;-11.63;-11.63;-11.63;-1;DOWN
2025-01-28T05:45;2025-01-28T06:00;24;EUR;MWh;NO;NO;;-50;-50;-50;-1;DOWN
2025-01-28T06:00;2025-01-28T06:15;25;EUR;MWh;NO;NO;120;-80;120;-80;2;UP_AND_DOWN
2025-01-28T06:15;2025-01-28T06:30;26;EUR;MWh;NO;NO;120;-98;120;-98;2;UP_AND_DOWN
2025-01-28T06:30;2025-01-28T06:45;27;EUR;MWh;NO;NO;;-41.02;-41.02;-41.02;-1;DOWN
2025-01-28T06:45;2025-01-28T07:00;28;EUR;MWh;NO;NO;125;-41.02;125;125;1;UP
2025-01-28T07:00;2025-01-28T07:15;29;EUR;MWh;NO;NO;125;-22.42;125;-22.42;2;UP_AND_DOWN
2025-01-28T07:15;2025-01-28T07:30;30;EUR;MWh;NO;NO;150.9;;150.9;150.9;1;UP
2025-01-28T07:30;2025-01-28T07:45;31;EUR;MWh;NO;NO;200;;200;200;1;UP
2025-01-28T07:45;2025-01-28T08:00;32;EUR;MWh;NO;NO;200;;200;200;1;UP
2025-01-28T08:00;2025-01-28T08:15;33;EUR;MWh;NO;NO;200;;200;200;1;UP
2025-01-28T08:15;2025-01-28T08:30;34;EUR;MWh;NO;NO;113.2;;113.2;113.2;1;UP
2025-01-28T08:30;2025-01-28T08:45;35;EUR;MWh;NO;NO;113.2;;113.2;113.2;1;UP
2025-01-28T08:45;2025-01-28T09:00;36;EUR;MWh;NO;NO;120.56;;120.56;120.56;1;UP
2025-01-28T09:00;2025-01-28T09:15;37;EUR;MWh;NO;NO;120;;120;120;1;UP
2025-01-28T09:15;2025-01-28T09:30;38;EUR;MWh;NO;NO;113.2;;113.2;113.2;1;UP
2025-01-28T09:30;2025-01-28T09:45;39;EUR;MWh;NO;NO;113.2;-1;-1;-1;-1;DOWN
2025-01-28T09:45;2025-01-28T10:00;40;EUR;MWh;NO;NO;;11;11;11;-1;DOWN
2025-01-28T10:00;2025-01-28T10:15;41;EUR;MWh;NO;NO;;7.5;7.5;7.5;-1;DOWN
2025-01-28T10:15;2025-01-28T10:30;42;EUR;MWh;NO;NO;;-34.78;-34.78;-34.78;-1;DOWN
2025-01-28T10:30;2025-01-28T10:45;43;EUR;MWh;NO;NO;;-35;-35;-35;-1;DOWN
2025-01-28T10:45;2025-01-28T11:00;44;EUR;MWh;NO;NO;;-32;-32;-32;-1;DOWN
2025-01-28T11:00;2025-01-28T11:15;45;EUR;MWh;NO;NO;;-40;-40;-40;-1;DOWN
2025-01-28T11:15;2025-01-28T11:30;46;EUR;MWh;NO;NO;113.3;-30;113.3;113.3;1;UP
2025-01-28T11:30;2025-01-28T11:45;47;EUR;MWh;NO;NO;113.3;5.8;113.3;5.8;2;UP_AND_DOWN
2025-01-28T11:45;2025-01-28T12:00;48;EUR;MWh;NO;NO;167.27;5.8;167.27;167.27;1;UP
2025-01-28T12:00;2025-01-28T12:15;49;EUR;MWh;NO;NO;177.79;;177.79;177.79;1;UP
2025-01-28T12:15;2025-01-28T12:30;50;EUR;MWh;NO;NO;130.56;;130.56;130.56;1;UP
2025-01-28T12:30;2025-01-28T12:45;51;EUR;MWh;NO;NO;160;;160;160;1;UP
2025-01-28T12:45;2025-01-28T13:00;52;EUR;MWh;NO;NO;160;;160;160;1;UP
2025-01-28T13:00;2025-01-28T13:15;53;EUR;MWh;NO;NO;120;65.3;120;65.3;2;UP_AND_DOWN
2025-01-28T13:15;2025-01-28T13:30;54;EUR;MWh;NO;NO;140;;140;140;1;UP
2025-01-28T13:30;2025-01-28T13:45;55;EUR;MWh;NO;NO;132.09;;132.09;132.09;1;UP
2025-01-28T13:45;2025-01-28T14:00;56;EUR;MWh;NO;NO;160;;160;160;1;UP
2025-01-28T14:00;2025-01-28T14:15;57;EUR;MWh;NO;NO;65.07;8.3;8.3;8.3;-1;DOWN
2025-01-28T14:15;2025-01-28T14:30;58;EUR;MWh;NO;NO;85.07;94.7;85.07;83.04;2;UP_AND_DOWN
2025-01-28T14:30;2025-01-28T14:45;59;EUR;MWh;NO;NO;;45.87;45.87;45.87;-1;DOWN
2025-01-28T14:45;2025-01-28T15:00;60;EUR;MWh;NO;NO;;64;64;64;-1;DOWN
2025-01-28T15:00;2025-01-28T15:15;61;EUR;MWh;NO;NO;;66.79;66.79;66.79;-1;DOWN
2025-01-28T15:15;2025-01-28T15:30;62;EUR;MWh;NO;NO;;79.87;79.87;79.87;-1;DOWN
2025-01-28T15:30;2025-01-28T15:45;63;EUR;MWh;NO;NO;120;79.87;120;120;1;UP
2025-01-28T15:45;2025-01-28T16:00;64;EUR;MWh;NO;NO;130.07;;130.07;130.07;1;UP
2025-01-28T16:00;2025-01-28T16:15;65;EUR;MWh;NO;NO;121.87;91.79;121.87;79.4;2;UP_AND_DOWN
2025-01-28T16:15;2025-01-28T16:30;66;EUR;MWh;NO;NO;;92.87;92.87;92.87;-1;DOWN
2025-01-28T16:30;2025-01-28T16:45;67;EUR;MWh;NO;NO;;;79.4;79.4;0;STABLE
2025-01-28T16:45;2025-01-28T17:00;68;EUR;MWh;NO;NO;113.4;;113.4;113.4;1;UP
2025-01-28T17:00;2025-01-28T17:15;69;EUR;MWh;NO;NO;113.3;;113.3;113.3;1;UP
2025-01-28T17:15;2025-01-28T17:30;70;EUR;MWh;NO;NO;162.09;;162.09;162.09;1;UP
2025-01-28T17:30;2025-01-28T17:45;71;EUR;MWh;NO;NO;162.09;;162.09;162.09;1;UP
2025-01-28T17:45;2025-01-28T18:00;72;EUR;MWh;NO;NO;120.53;;120.53;120.53;1;UP
2025-01-28T18:00;2025-01-28T18:15;73;EUR;MWh;NO;NO;120;;120;120;1;UP
2025-01-28T18:15;2025-01-28T18:30;74;EUR;MWh;NO;NO;117.09;;117.09;117.09;1;UP
2025-01-28T18:30;2025-01-28T18:45;75;EUR;MWh;NO;NO;121.87;;121.87;121.87;1;UP
2025-01-28T18:45;2025-01-28T19:00;76;EUR;MWh;NO;NO;127.09;;127.09;127.09;1;UP
2025-01-28T19:00;2025-01-28T19:15;77;EUR;MWh;NO;NO;153.05;;153.05;153.05;1;UP
2025-01-28T19:15;2025-01-28T19:30;78;EUR;MWh;NO;NO;65.07;;65.07;65.07;1;UP
2025-01-28T19:30;2025-01-28T19:45;79;EUR;MWh;NO;NO;64;64;64;64;-1;DOWN
2025-01-28T19:45;2025-01-28T20:00;80;EUR;MWh;NO;NO;113.2;66.79;113.2;66.79;2;UP_AND_DOWN
2025-01-28T20:00;2025-01-28T20:15;81;EUR;MWh;NO;NO;85.07;91.79;90;90;2;UP_AND_DOWN
2025-01-28T20:15;2025-01-28T20:30;82;EUR;MWh;NO;NO;65.07;116;65.07;65.07;1;UP
2025-01-28T20:30;2025-01-28T20:45;83;EUR;MWh;NO;NO;;21.63;21.63;21.63;-1;DOWN
2025-01-28T20:45;2025-01-28T21:00;84;EUR;MWh;NO;NO;;-2.4;-2.4;-2.4;-1;DOWN
2025-01-28T21:00;2025-01-28T21:15;85;EUR;MWh;NO;NO;;75;75;75;-1;DOWN
2025-01-28T21:15;2025-01-28T21:30;86;EUR;MWh;NO;NO;;50;50;50;-1;DOWN
2025-01-28T21:30;2025-01-28T21:45;87;EUR;MWh;NO;NO;;21.61;21.61;21.61;-1;DOWN
2025-01-28T21:45;2025-01-28T22:00;88;EUR;MWh;NO;NO;;-10;-10;-10;-1;DOWN
2025-01-28T22:00;2025-01-28T22:15;89;EUR;MWh;NO;NO;75.07;-30;78.44;-30;2;UP_AND_DOWN
2025-01-28T22:15;2025-01-28T22:30;90;EUR;MWh;NO;NO;113.2;-30;113.2;-30;2;UP_AND_DOWN
2025-01-28T22:30;2025-01-28T22:45;91;EUR;MWh;NO;NO;;-45;-45;-45;-1;DOWN
2025-01-28T22:45;2025-01-28T23:00;92;EUR;MWh;NO;NO;;.1;.1;.1;-1;DOWN
2025-01-28T23:00;2025-01-28T23:15;93;EUR;MWh;NO;NO;113.2;21.65;113.2;21.65;2;UP_AND_DOWN
2025-01-28T23:15;2025-01-28T23:30;94;EUR;MWh;NO;NO;113.2;;113.2;113.2;1;UP
2025-01-28T23:30;2025-01-28T23:45;95;EUR;MWh;NO;NO;113.2;-29.2;-29.2;-29.2;-1;DOWN
2025-01-28T23:45;2025-01-29T00:00;96;EUR;MWh;NO;NO;113.2;-29.2;113.2;-29.2;2;UP_AND_DOWN
2025-01-29T00:00;2025-01-29T00:15;1;EUR;MWh;NO;NO;97.41;-38;97.41;-38;2;UP_AND_DOWN
2025-01-29T00:15;2025-01-29T00:30;2;EUR;MWh;NO;NO;;-38;-38;-38;-1;DOWN
2025-01-29T00:30;2025-01-29T00:45;3;EUR;MWh;NO;NO;;-48;-48;-48;-1;DOWN
2025-01-29T00:45;2025-01-29T01:00;4;EUR;MWh;NO;NO;;-34;-34;-34;-1;DOWN
2025-01-29T01:00;2025-01-29T01:15;5;EUR;MWh;NO;NO;89.24;-8.97;89.24;-8.97;2;UP_AND_DOWN
2025-01-29T01:15;2025-01-29T01:30;6;EUR;MWh;NO;NO;75;-24.8;77.2;-24.8;2;UP_AND_DOWN
2025-01-29T01:30;2025-01-29T01:45;7;EUR;MWh;NO;NO;75;-49.41;77.2;-49.41;2;UP_AND_DOWN
2025-01-29T01:45;2025-01-29T02:00;8;EUR;MWh;NO;NO;;-45;-45;-45;-1;DOWN
2025-01-29T02:00;2025-01-29T02:15;9;EUR;MWh;NO;NO;109.7;10.74;109.7;10.74;2;UP_AND_DOWN
2025-01-29T02:15;2025-01-29T02:30;10;EUR;MWh;NO;NO;85.07;;85.07;85.07;1;UP
2025-01-29T02:30;2025-01-29T02:45;11;EUR;MWh;NO;NO;85.07;-23.5;-23.5;-23.5;-1;DOWN
2025-01-29T02:45;2025-01-29T03:00;12;EUR;MWh;NO;NO;;-7.04;-7.04;-7.04;-1;DOWN
2025-01-29T03:00;2025-01-29T03:15;13;EUR;MWh;NO;NO;;-24.9;-24.9;-24.9;-1;DOWN
2025-01-29T03:15;2025-01-29T03:30;14;EUR;MWh;NO;NO;;-24.9;-24.9;-24.9;-1;DOWN
2025-01-29T03:30;2025-01-29T03:45;15;EUR;MWh;NO;NO;;-24.9;-24.9;-24.9;-1;DOWN
2025-01-29T03:45;2025-01-29T04:00;16;EUR;MWh;NO;NO;;-11.37;-11.37;-11.37;-1;DOWN
2025-01-29T04:00;2025-01-29T04:15;17;EUR;MWh;NO;NO;;-21.4;-21.4;-21.4;-1;DOWN
2025-01-29T04:15;2025-01-29T04:30;18;EUR;MWh;NO;NO;;78.39;78.39;78.39;-1;DOWN
2025-01-29T04:30;2025-01-29T04:45;19;EUR;MWh;NO;NO;;20;20;20;-1;DOWN
2025-01-29T04:45;2025-01-29T05:00;20;EUR;MWh;NO;NO;;-33.82;-33.82;-33.82;-1;DOWN
2025-01-29T05:00;2025-01-29T05:15;21;EUR;MWh;NO;NO;;-53.19;-53.19;-53.19;-1;DOWN
2025-01-29T05:15;2025-01-29T05:30;22;EUR;MWh;NO;NO;;86.65;86.65;86.65;-1;DOWN
2025-01-29T05:30;2025-01-29T05:45;23;EUR;MWh;NO;NO;65.07;63;63;63;-1;DOWN
2025-01-29T05:45;2025-01-29T06:00;24;EUR;MWh;NO;NO;85.07;63;85.07;85.07;1;UP
2025-01-29T06:00;2025-01-29T06:15;25;EUR;MWh;NO;NO;125;-7.7;125;-7.7;2;UP_AND_DOWN
2025-01-29T06:15;2025-01-29T06:30;26;EUR;MWh;NO;NO;125;;125;125;1;UP
2025-01-29T06:30;2025-01-29T06:45;27;EUR;MWh;NO;NO;115;;115;115;1;UP
2025-01-29T06:45;2025-01-29T07:00;28;EUR;MWh;NO;NO;125;;125;125;1;UP
2025-01-29T07:00;2025-01-29T07:15;29;EUR;MWh;NO;NO;162.05;;162.05;162.05;1;UP
2025-01-29T07:15;2025-01-29T07:30;30;EUR;MWh;NO;NO;128;;128;128;1;UP
2025-01-29T07:30;2025-01-29T07:45;31;EUR;MWh;NO;NO;142.05;;142.05;142.05;1;UP
2025-01-29T07:45;2025-01-29T08:00;32;EUR;MWh;NO;NO;162.05;;162.05;162.05;1;UP
2025-01-29T08:00;2025-01-29T08:15;33;EUR;MWh;NO;NO;122;;122;122;1;UP
2025-01-29T08:15;2025-01-29T08:30;34;EUR;MWh;NO;NO;126;;126;126;1;UP
2025-01-29T08:30;2025-01-29T08:45;35;EUR;MWh;NO;NO;108.8;;108.8;108.8;1;UP
2025-01-29T08:45;2025-01-29T09:00;36;EUR;MWh;NO;NO;85.07;84.61;85.54;84.61;2;UP_AND_DOWN
2025-01-29T09:00;2025-01-29T09:15;37;EUR;MWh;NO;NO;108.9;46.7;108.9;46.7;2;UP_AND_DOWN
2025-01-29T09:15;2025-01-29T09:30;38;EUR;MWh;NO;NO;;31.7;31.7;31.7;-1;DOWN
2025-01-29T09:30;2025-01-29T09:45;39;EUR;MWh;NO;NO;;34.41;34.41;34.41;-1;DOWN
2025-01-29T09:45;2025-01-29T10:00;40;EUR;MWh;NO;NO;;31.7;31.7;31.7;-1;DOWN
2025-01-29T10:00;2025-01-29T10:15;41;EUR;MWh;NO;NO;;56.7;56.7;56.7;-1;DOWN
2025-01-29T10:15;2025-01-29T10:30;42;EUR;MWh;NO;NO;;84.61;84.61;84.61;-1;DOWN
2025-01-29T10:30;2025-01-29T10:45;43;EUR;MWh;NO;NO;127;78.61;127;77.85;2;UP_AND_DOWN
2025-01-29T10:45;2025-01-29T11:00;44;EUR;MWh;NO;NO;128;;128;128;1;UP
2025-01-29T11:00;2025-01-29T11:15;45;EUR;MWh;NO;NO;109.8;64;64;64;-1;DOWN
2025-01-29T11:15;2025-01-29T11:30;46;EUR;MWh;NO;NO;;64;64;64;-1;DOWN
2025-01-29T11:30;2025-01-29T11:45;47;EUR;MWh;NO;NO;122;86.65;122;122;1;UP
2025-01-29T11:45;2025-01-29T12:00;48;EUR;MWh;NO;NO;122;;122;122;1;UP
2025-01-29T12:00;2025-01-29T12:15;49;EUR;MWh;NO;NO;109.8;-30;109.8;-30;2;UP_AND_DOWN
2025-01-29T12:15;2025-01-29T12:30;50;EUR;MWh;NO;NO;109.8;16.7;109.8;16.7;2;UP_AND_DOWN
2025-01-29T12:30;2025-01-29T12:45;51;EUR;MWh;NO;NO;122;;122;122;1;UP
2025-01-29T12:45;2025-01-29T13:00;52;EUR;MWh;NO;NO;185;;185;185;1;UP
2025-01-29T13:00;2025-01-29T13:15;53;EUR;MWh;NO;NO;166.72;;166.72;166.72;1;UP
2025-01-29T13:15;2025-01-29T13:30;54;EUR;MWh;NO;NO;109.8;;109.8;109.8;1;UP
2025-01-29T13:30;2025-01-29T13:45;55;EUR;MWh;NO;NO;109.8;;109.8;109.8;1;UP
2025-01-29T13:45;2025-01-29T14:00;56;EUR;MWh;NO;NO;114.61;;114.61;114.61;1;UP
2025-01-29T14:00;2025-01-29T14:15;57;EUR;MWh;NO;NO;109.9;56.7;109.9;56.7;2;UP_AND_DOWN
2025-01-29T14:15;2025-01-29T14:30;58;EUR;MWh;NO;NO;122;91.7;122;122;1;UP
2025-01-29T14:30;2025-01-29T14:45;59;EUR;MWh;NO;NO;122;;122;122;1;UP
2025-01-29T14:45;2025-01-29T15:00;60;EUR;MWh;NO;NO;118.75;;118.75;118.75;1;UP
2025-01-29T15:00;2025-01-29T15:15;61;EUR;MWh;NO;NO;109.9;9.5;9.5;9.5;-1;DOWN
2025-01-29T15:15;2025-01-29T15:30;62;EUR;MWh;NO;NO;122;9.5;122;9.5;2;UP_AND_DOWN
2025-01-29T15:30;2025-01-29T15:45;63;EUR;MWh;NO;NO;140;9.5;140;140;1;UP
2025-01-29T15:45;2025-01-29T16:00;64;EUR;MWh;NO;NO;108.81;77;108.81;77;2;UP_AND_DOWN
2025-01-29T16:00;2025-01-29T16:15;65;EUR;MWh;NO;NO;108.81;77;77;77;-1;DOWN
2025-01-29T16:15;2025-01-29T16:30;66;EUR;MWh;NO;NO;128.89;86.65;128.89;84.49;2;UP_AND_DOWN
2025-01-29T16:30;2025-01-29T16:45;67;EUR;MWh;NO;NO;144.11;;144.11;144.11;1;UP
2025-01-29T16:45;2025-01-29T17:00;68;EUR;MWh;NO;NO;136.11;;136.11;136.11;1;UP
2025-01-29T17:00;2025-01-29T17:15;69;EUR;MWh;NO;NO;64;-1000;88.39;-1000;2;UP_AND_DOWN
2025-01-29T17:15;2025-01-29T17:30;70;EUR;MWh;NO;NO;;94.99;94.99;94.99;-1;DOWN
2025-01-29T17:30;2025-01-29T17:45;71;EUR;MWh;NO;NO;;100.47;100.47;100.47;-1;DOWN
2025-01-29T17:45;2025-01-29T18:00;72;EUR;MWh;NO;NO;;96.28;96.28;96.28;-1;DOWN
2025-01-29T18:00;2025-01-29T18:15;73;EUR;MWh;NO;NO;95.07;101.57;95.07;84.49;2;UP_AND_DOWN
2025-01-29T18:15;2025-01-29T18:30;74;EUR;MWh;NO;NO;;17;17;17;-1;DOWN
2025-01-29T18:30;2025-01-29T18:45;75;EUR;MWh;NO;NO;;33;33;33;-1;DOWN
2025-01-29T18:45;2025-01-29T19:00;76;EUR;MWh;NO;NO;;29.57;29.57;29.57;-1;DOWN
2025-01-29T19:00;2025-01-29T19:15;77;EUR;MWh;NO;NO;64;75;84.29;75;2;UP_AND_DOWN
2025-01-29T19:15;2025-01-29T19:30;78;EUR;MWh;NO;NO;;74.99;74.99;74.99;-1;DOWN
2025-01-29T19:30;2025-01-29T19:45;79;EUR;MWh;NO;NO;;89.99;89.99;89.99;-1;DOWN
2025-01-29T19:45;2025-01-29T20:00;80;EUR;MWh;NO;NO;;95.38;95.38;95.38;-1;DOWN
2025-01-29T20:00;2025-01-29T20:15;81;EUR;MWh;NO;NO;64;102.02;84.41;84.41;2;UP_AND_DOWN
2025-01-29T20:15;2025-01-29T20:30;82;EUR;MWh;NO;NO;64;96.28;80.14;80.14;2;UP_AND_DOWN
2025-01-29T20:30;2025-01-29T20:45;83;EUR;MWh;NO;NO;109.1;;109.1;109.1;1;UP
2025-01-29T20:45;2025-01-29T21:00;84;EUR;MWh;NO;NO;85.07;;85.07;85.07;1;UP
2025-01-29T21:00;2025-01-29T21:15;85;EUR;MWh;NO;NO;85.07;59.99;59.99;59.99;-1;DOWN
2025-01-29T21:15;2025-01-29T21:30;86;EUR;MWh;NO;NO;109.1;104.97;109.1;84.49;2;UP_AND_DOWN
2025-01-29T21:30;2025-01-29T21:45;87;EUR;MWh;NO;NO;64;104.97;64;64;1;UP
2025-01-29T21:45;2025-01-29T22:00;88;EUR;MWh;NO;NO;109;112.93;109;88.47;2;UP_AND_DOWN
2025-01-29T22:00;2025-01-29T22:15;89;EUR;MWh;NO;NO;127.73;;127.73;127.73;1;UP
2025-01-29T22:15;2025-01-29T22:30;90;EUR;MWh;NO;NO;126.11;;126.11;126.11;1;UP
2025-01-29T22:30;2025-01-29T22:45;91;EUR;MWh;NO;NO;127.73;;127.73;127.73;1;UP
2025-01-29T22:45;2025-01-29T23:00;92;EUR;MWh;NO;NO;114.61;;114.61;114.61;1;UP
2025-01-29T23:00;2025-01-29T23:15;93;EUR;MWh;NO;NO;109.5;86.65;109.5;86.65;2;UP_AND_DOWN
2025-01-29T23:15;2025-01-29T23:30;94;EUR;MWh;NO;NO;125;86.65;125;125;1;UP
2025-01-29T23:30;2025-01-29T23:45;95;EUR;MWh;NO;NO;110.6;;110.6;110.6;1;UP
2025-01-29T23:45;2025-01-30T00:00;96;EUR;MWh;NO;NO;109.7;;109.7;109.7;1;UP
2025-01-30T00:00;2025-01-30T00:15;1;EUR;MWh;NO;NO;146.74;;146.74;146.74;1;UP
2025-01-30T00:15;2025-01-30T00:30;2;EUR;MWh;NO;NO;130;118.58;118.58;118.58;-1;DOWN
2025-01-30T00:30;2025-01-30T00:45;3;EUR;MWh;NO;NO;64;92.4;91.29;91.29;2;UP_AND_DOWN
2025-01-30T00:45;2025-01-30T01:00;4;EUR;MWh;NO;NO;;92.4;92.4;92.4;-1;DOWN
2025-01-30T01:00;2025-01-30T01:15;5;EUR;MWh;NO;NO;125;97.4;125;90.65;2;UP_AND_DOWN
2025-01-30T01:15;2025-01-30T01:30;6;EUR;MWh;NO;NO;120.07;117.27;120.07;90.64;2;UP_AND_DOWN
2025-01-30T01:30;2025-01-30T01:45;7;EUR;MWh;NO;NO;;97.4;97.4;97.4;-1;DOWN
2025-01-30T01:45;2025-01-30T02:00;8;EUR;MWh;NO;NO;;107.57;107.57;107.57;-1;DOWN
2025-01-30T02:00;2025-01-30T02:15;9;EUR;MWh;NO;NO;125;108.57;125;87.29;2;UP_AND_DOWN
2025-01-30T02:15;2025-01-30T02:30;10;EUR;MWh;NO;NO;111.5;;111.5;111.5;1;UP
2025-01-30T02:30;2025-01-30T02:45;11;EUR;MWh;NO;NO;85.07;93.7;93.7;93.7;-1;DOWN
2025-01-30T02:45;2025-01-30T03:00;12;EUR;MWh;NO;NO;;96;96;96;-1;DOWN
2025-01-30T03:00;2025-01-30T03:15;13;EUR;MWh;NO;NO;;92.4;92.4;92.4;-1;DOWN
2025-01-30T03:15;2025-01-30T03:30;14;EUR;MWh;NO;NO;;94.4;94.4;94.4;-1;DOWN
2025-01-30T03:30;2025-01-30T03:45;15;EUR;MWh;NO;NO;;94.33;94.33;94.33;-1;DOWN
2025-01-30T03:45;2025-01-30T04:00;16;EUR;MWh;NO;NO;95.07;112.21;95.07;88.11;2;UP_AND_DOWN
2025-01-30T04:00;2025-01-30T04:15;17;EUR;MWh;NO;NO;117;;117;117;1;UP
2025-01-30T04:15;2025-01-30T04:30;18;EUR;MWh;NO;NO;120.42;;120.42;120.42;1;UP
2025-01-30T04:30;2025-01-30T04:45;19;EUR;MWh;NO;NO;125;;125;125;1;UP
2025-01-30T04:45;2025-01-30T05:00;20;EUR;MWh;NO;NO;75.07;100;87.29;87.29;2;UP_AND_DOWN
2025-01-30T05:00;2025-01-30T05:15;21;EUR;MWh;NO;NO;;89.4;89.4;89.4;-1;DOWN
2025-01-30T05:15;2025-01-30T05:30;22;EUR;MWh;NO;NO;;92.4;92.4;92.4;-1;DOWN
2025-01-30T05:30;2025-01-30T05:45;23;EUR;MWh;NO;NO;127.04;108.57;127.04;87.29;2;UP_AND_DOWN
2025-01-30T05:45;2025-01-30T06:00;24;EUR;MWh;NO;NO;127.04;99.4;127.04;87.29;2;UP_AND_DOWN
2025-01-30T06:00;2025-01-30T06:15;25;EUR;MWh;NO;NO;119.86;50;119.86;50;2;UP_AND_DOWN
2025-01-30T06:15;2025-01-30T06:30;26;EUR;MWh;NO;NO;120.23;50;120.23;120.23;1;UP
2025-01-30T06:30;2025-01-30T06:45;27;EUR;MWh;NO;NO;116.78;;116.78;116.78;1;UP
2025-01-30T06:45;2025-01-30T07:00;28;EUR;MWh;NO;NO;116.65;110.57;116.65;91.31;2;UP_AND_DOWN
2025-01-30T07:00;2025-01-30T07:15;29;EUR;MWh;NO;NO;116.65;72.57;72.57;72.57;-1;DOWN
2025-01-30T07:15;2025-01-30T07:30;30;EUR;MWh;NO;NO;;92.67;92.67;92.67;-1;DOWN
2025-01-30T07:30;2025-01-30T07:45;31;EUR;MWh;NO;NO;110;97.76;110;87.29;2;UP_AND_DOWN
2025-01-30T07:45;2025-01-30T08:00;32;EUR;MWh;NO;NO;136.99;;136.99;136.99;1;UP
2025-01-30T08:00;2025-01-30T08:15;33;EUR;MWh;NO;NO;136.82;;136.82;136.82;1;UP
2025-01-30T08:15;2025-01-30T08:30;34;EUR;MWh;NO;NO;65.07;;65.07;65.07;1;UP
2025-01-30T08:30;2025-01-30T08:45;35;EUR;MWh;NO;NO;136.99;;136.99;136.99;1;UP
2025-01-30T08:45;2025-01-30T09:00;36;EUR;MWh;NO;NO;125;;125;125;1;UP
2025-01-30T09:00;2025-01-30T09:15;37;EUR;MWh;NO;NO;85.07;102.01;87.51;87.51;2;UP_AND_DOWN
2025-01-30T09:15;2025-01-30T09:30;38;EUR;MWh;NO;NO;;56.81;56.81;56.81;-1;DOWN
2025-01-30T09:30;2025-01-30T09:45;39;EUR;MWh;NO;NO;;56.81;56.81;56.81;-1;DOWN
2025-01-30T09:45;2025-01-30T10:00;40;EUR;MWh;NO;NO;;64;64;64;-1;DOWN
2025-01-30T10:00;2025-01-30T10:15;41;EUR;MWh;NO;NO;;64;64;64;-1;DOWN
2025-01-30T10:15;2025-01-30T10:30;42;EUR;MWh;NO;NO;;95.89;95.89;95.89;-1;DOWN
2025-01-30T10:30;2025-01-30T10:45;43;EUR;MWh;NO;NO;;50.89;50.89;50.89;-1;DOWN
2025-01-30T10:45;2025-01-30T11:00;44;EUR;MWh;NO;NO;;60.89;60.89;60.89;-1;DOWN
2025-01-30T11:00;2025-01-30T11:15;45;EUR;MWh;NO;NO;;90.57;90.57;90.57;-1;DOWN
2025-01-30T11:15;2025-01-30T11:30;46;EUR;MWh;NO;NO;;78;78;78;-1;DOWN
2025-01-30T11:30;2025-01-30T11:45;47;EUR;MWh;NO;NO;;71.78;71.78;71.78;-1;DOWN
2025-01-30T11:45;2025-01-30T12:00;48;EUR;MWh;NO;NO;;72.57;72.57;72.57;-1;DOWN
2025-01-30T12:00;2025-01-30T12:15;49;EUR;MWh;NO;NO;;80.89;80.89;80.89;-1;DOWN
2025-01-30T12:15;2025-01-30T12:30;50;EUR;MWh;NO;NO;171.1;103.56;171.1;87.82;2;UP_AND_DOWN
2025-01-30T12:30;2025-01-30T12:45;51;EUR;MWh;NO;NO;126.99;;126.99;126.99;1;UP
2025-01-30T12:45;2025-01-30T13:00;52;EUR;MWh;NO;NO;120;105.57;105.57;105.57;-1;DOWN
2025-01-30T13:00;2025-01-30T13:15;53;EUR;MWh;NO;NO;110.2;101.14;110.2;87.82;2;UP_AND_DOWN
2025-01-30T13:15;2025-01-30T13:30;54;EUR;MWh;NO;NO;122.78;;122.78;122.78;1;UP
2025-01-30T13:30;2025-01-30T13:45;55;EUR;MWh;NO;NO;125;;125;125;1;UP
2025-01-30T13:45;2025-01-30T14:00;56;EUR;MWh;NO;NO;65.07;106.29;87.82;87.82;2;UP_AND_DOWN
2025-01-30T14:00;2025-01-30T14:15;57;EUR;MWh;NO;NO;65.07;106.29;65.07;65.07;1;UP
2025-01-30T14:15;2025-01-30T14:30;58;EUR;MWh;NO;NO;65.07;107.2;91.24;91.24;2;UP_AND_DOWN
2025-01-30T14:30;2025-01-30T14:45;59;EUR;MWh;NO;NO;;96.78;96.78;96.78;-1;DOWN
2025-01-30T14:45;2025-01-30T15:00;60;EUR;MWh;NO;NO;;72.57;72.57;72.57;-1;DOWN
2025-01-30T15:00;2025-01-30T15:15;61;EUR;MWh;NO;NO;;55.46;55.46;55.46;-1;DOWN
2025-01-30T15:15;2025-01-30T15:30;62;EUR;MWh;NO;NO;;83.25;83.25;83.25;-1;DOWN
2025-01-30T15:30;2025-01-30T15:45;63;EUR;MWh;NO;NO;;82.89;82.89;82.89;-1;DOWN
2025-01-30T15:45;2025-01-30T16:00;64;EUR;MWh;NO;NO;;90.57;90.57;90.57;-1;DOWN
2025-01-30T16:00;2025-01-30T16:15;65;EUR;MWh;NO;NO;;80.78;80.78;80.78;-1;DOWN
2025-01-30T16:15;2025-01-30T16:30;66;EUR;MWh;NO;NO;;81.57;81.57;81.57;-1;DOWN
2025-01-30T16:30;2025-01-30T16:45;67;EUR;MWh;NO;NO;;85.89;85.89;85.89;-1;DOWN
2025-01-30T16:45;2025-01-30T17:00;68;EUR;MWh;NO;NO;85.07;85.89;85.07;85.07;1;UP
2025-01-30T17:00;2025-01-30T17:15;69;EUR;MWh;NO;NO;122.65;93.78;122.65;87.82;2;UP_AND_DOWN
2025-01-30T17:15;2025-01-30T17:30;70;EUR;MWh;NO;NO;125;;125;125;1;UP
2025-01-30T17:30;2025-01-30T17:45;71;EUR;MWh;NO;NO;144;;144;144;1;UP
2025-01-30T17:45;2025-01-30T18:00;72;EUR;MWh;NO;NO;154.49;;154.49;154.49;1;UP
2025-01-30T18:00;2025-01-30T18:15;73;EUR;MWh;NO;NO;124.5;;124.5;124.5;1;UP
2025-01-30T18:15;2025-01-30T18:30;74;EUR;MWh;NO;NO;109.1;;109.1;109.1;1;UP
2025-01-30T18:30;2025-01-30T18:45;75;EUR;MWh;NO;NO;;96.78;96.78;96.78;-1;DOWN
2025-01-30T18:45;2025-01-30T19:00;76;EUR;MWh;NO;NO;;80.78;80.78;80.78;-1;DOWN
2025-01-30T19:00;2025-01-30T19:15;77;EUR;MWh;NO;NO;108.9;88;108.9;87.93;2;UP_AND_DOWN
2025-01-30T19:15;2025-01-30T19:30;78;EUR;MWh;NO;NO;;82.26;82.26;82.26;-1;DOWN
2025-01-30T19:30;2025-01-30T19:45;79;EUR;MWh;NO;NO;;80;80;80;-1;DOWN
2025-01-30T19:45;2025-01-30T20:00;80;EUR;MWh;NO;NO;;81.57;81.57;81.57;-1;DOWN
2025-01-30T20:00;2025-01-30T20:15;81;EUR;MWh;NO;NO;125;86.65;125;86.65;2;UP_AND_DOWN
2025-01-30T20:15;2025-01-30T20:30;82;EUR;MWh;NO;NO;123;107.6;123;87.94;2;UP_AND_DOWN
2025-01-30T20:30;2025-01-30T20:45;83;EUR;MWh;NO;NO;65.07;102.57;88;88;2;UP_AND_DOWN
2025-01-30T20:45;2025-01-30T21:00;84;EUR;MWh;NO;NO;;99;99;99;-1;DOWN
2025-01-30T21:00;2025-01-30T21:15;85;EUR;MWh;NO;NO;;86.65;86.65;86.65;-1;DOWN
2025-01-30T21:15;2025-01-30T21:30;86;EUR;MWh;NO;NO;;84.03;84.03;84.03;-1;DOWN
2025-01-30T21:30;2025-01-30T21:45;87;EUR;MWh;NO;NO;113.51;84.03;113.51;113.51;1;UP
2025-01-30T21:45;2025-01-30T22:00;88;EUR;MWh;NO;NO;125;;125;125;1;UP
2025-01-30T22:00;2025-01-30T22:15;89;EUR;MWh;NO;NO;125;;125;125;1;UP
2025-01-30T22:15;2025-01-30T22:30;90;EUR;MWh;NO;NO;167.04;;167.04;167.04;1;UP
2025-01-30T22:30;2025-01-30T22:45;91;EUR;MWh;NO;NO;155.28;;155.28;155.28;1;UP
2025-01-30T22:45;2025-01-30T23:00;92;EUR;MWh;NO;NO;171.4;;171.4;171.4;1;UP
2025-01-30T23:00;2025-01-30T23:15;93;EUR;MWh;NO;NO;125;;125;125;1;UP
2025-01-30T23:15;2025-01-30T23:30;94;EUR;MWh;NO;NO;111.5;;111.5;111.5;1;UP
2025-01-30T23:30;2025-01-30T23:45;95;EUR;MWh;NO;NO;143.83;;143.83;143.83;1;UP
2025-01-30T23:45;2025-01-31T00:00;96;EUR;MWh;NO;NO;109.4;99;99;99;-1;DOWN
2025-01-31T00:00;2025-01-31T00:15;1;EUR;MWh;NO;NO;;91.88;91.88;91.88;-1;DOWN
2025-01-31T00:15;2025-01-31T00:30;2;EUR;MWh;NO;NO;;99;99;99;-1;DOWN
2025-01-31T00:30;2025-01-31T00:45;3;EUR;MWh;NO;NO;125;99;125;99;2;UP_AND_DOWN
2025-01-31T00:45;2025-01-31T01:00;4;EUR;MWh;NO;NO;122.81;99;122.81;99;2;UP_AND_DOWN
2025-01-31T01:00;2025-01-31T01:15;5;EUR;MWh;NO;NO;131.78;105.48;131.78;101.55;2;UP_AND_DOWN
2025-01-31T01:15;2025-01-31T01:30;6;EUR;MWh;NO;NO;131.78;98.76;98.76;98.76;-1;DOWN
2025-01-31T01:30;2025-01-31T01:45;7;EUR;MWh;NO;NO;;77.8;77.8;77.8;-1;DOWN
2025-01-31T01:45;2025-01-31T02:00;8;EUR;MWh;NO;NO;;77.7;77.7;77.7;-1;DOWN
2025-01-31T02:00;2025-01-31T02:15;9;EUR;MWh;NO;NO;;77.7;77.7;77.7;-1;DOWN
2025-01-31T02:15;2025-01-31T02:30;10;EUR;MWh;NO;NO;;84.43;84.43;84.43;-1;DOWN
2025-01-31T02:30;2025-01-31T02:45;11;EUR;MWh;NO;NO;125;99;125;99;2;UP_AND_DOWN
2025-01-31T02:45;2025-01-31T03:00;12;EUR;MWh;NO;NO;;86.93;86.93;86.93;-1;DOWN
2025-01-31T03:00;2025-01-31T03:15;13;EUR;MWh;NO;NO;95.07;78.3;101.55;78.3;2;UP_AND_DOWN
2025-01-31T03:15;2025-01-31T03:30;14;EUR;MWh;NO;NO;95.07;105.47;101.55;101.55;2;UP_AND_DOWN
2025-01-31T03:30;2025-01-31T03:45;15;EUR;MWh;NO;NO;132.9;113.03;132.9;132.9;1;UP
2025-01-31T03:45;2025-01-31T04:00;16;EUR;MWh;NO;NO;136.78;;136.78;136.78;1;UP
2025-01-31T04:00;2025-01-31T04:15;17;EUR;MWh;NO;NO;155;;155;155;1;UP
2025-01-31T04:15;2025-01-31T04:30;18;EUR;MWh;NO;NO;152.08;;152.08;152.08;1;UP
2025-01-31T04:30;2025-01-31T04:45;19;EUR;MWh;NO;NO;115.07;105.48;115.07;92.02;2;UP_AND_DOWN
2025-01-31T04:45;2025-01-31T05:00;20;EUR;MWh;NO;NO;80;99;99;99;-1;DOWN
2025-01-31T05:00;2025-01-31T05:15;21;EUR;MWh;NO;NO;;95.53;95.53;95.53;-1;DOWN
2025-01-31T05:15;2025-01-31T05:30;22;EUR;MWh;NO;NO;;100;100;100;-1;DOWN
2025-01-31T05:30;2025-01-31T05:45;23;EUR;MWh;NO;NO;;;101.55;101.55;0;STABLE
2025-01-31T05:45;2025-01-31T06:00;24;EUR;MWh;NO;NO;;82.04;82.04;82.04;-1;DOWN
2025-01-31T06:00;2025-01-31T06:15;25;EUR;MWh;NO;NO;179;81.6;179;81.6;2;UP_AND_DOWN
2025-01-31T06:15;2025-01-31T06:30;26;EUR;MWh;NO;NO;163.03;;163.03;163.03;1;UP
2025-01-31T06:30;2025-01-31T06:45;27;EUR;MWh;NO;NO;99;;99;99;1;UP
2025-01-31T06:45;2025-01-31T07:00;28;EUR;MWh;NO;NO;181;;181;181;1;UP
2025-01-31T07:00;2025-01-31T07:15;29;EUR;MWh;NO;NO;149.28;99;149.28;99;2;UP_AND_DOWN
2025-01-31T07:15;2025-01-31T07:30;30;EUR;MWh;NO;NO;138;104.57;138;103.96;2;UP_AND_DOWN
2025-01-31T07:30;2025-01-31T07:45;31;EUR;MWh;NO;NO;200;;200;200;1;UP
2025-01-31T07:45;2025-01-31T08:00;32;EUR;MWh;NO;NO;200;;200;200;1;UP
2025-01-31T08:00;2025-01-31T08:15;33;EUR;MWh;NO;NO;140;99;140;99;2;UP_AND_DOWN
2025-01-31T08:15;2025-01-31T08:30;34;EUR;MWh;NO;NO;136;99;136;136;1;UP
2025-01-31T08:30;2025-01-31T08:45;35;EUR;MWh;NO;NO;119.78;;119.78;119.78;1;UP
2025-01-31T08:45;2025-01-31T09:00;36;EUR;MWh;NO;NO;140;;140;140;1;UP
2025-01-31T09:00;2025-01-31T09:15;37;EUR;MWh;NO;NO;195.81;;195.81;195.81;1;UP
2025-01-31T09:15;2025-01-31T09:30;38;EUR;MWh;NO;NO;195.81;103.84;103.84;103.84;-1;DOWN
2025-01-31T09:30;2025-01-31T09:45;39;EUR;MWh;NO;NO;;88.95;88.95;88.95;-1;DOWN
2025-01-31T09:45;2025-01-31T10:00;40;EUR;MWh;NO;NO;;88.95;88.95;88.95;-1;DOWN
2025-01-31T10:00;2025-01-31T10:15;41;EUR;MWh;NO;NO;151;99;151;99;2;UP_AND_DOWN
2025-01-31T10:15;2025-01-31T10:30;42;EUR;MWh;NO;NO;151;96.78;96.78;96.78;-1;DOWN
2025-01-31T10:30;2025-01-31T10:45;43;EUR;MWh;NO;NO;;95.69;95.69;95.69;-1;DOWN
2025-01-31T10:45;2025-01-31T11:00;44;EUR;MWh;NO;NO;;72.57;72.57;72.57;-1;DOWN
2025-01-31T11:00;2025-01-31T11:15;45;EUR;MWh;NO;NO;;73.09;73.09;73.09;-1;DOWN
2025-01-31T11:15;2025-01-31T11:30;46;EUR;MWh;NO;NO;115.07;105.88;115.07;102.82;2;UP_AND_DOWN
2025-01-31T11:30;2025-01-31T11:45;47;EUR;MWh;NO;NO;;87.88;87.88;87.88;-1;DOWN
2025-01-31T11:45;2025-01-31T12:00;48;EUR;MWh;NO;NO;;78.4;78.4;78.4;-1;DOWN
2025-01-31T12:00;2025-01-31T12:15;49;EUR;MWh;NO;NO;;78.4;78.4;78.4;-1;DOWN
2025-01-31T12:15;2025-01-31T12:30;50;EUR;MWh;NO;NO;;82.42;82.42;82.42;-1;DOWN
2025-01-31T12:30;2025-01-31T12:45;51;EUR;MWh;NO;NO;;82.88;82.88;82.88;-1;DOWN
2025-01-31T12:45;2025-01-31T13:00;52;EUR;MWh;NO;NO;;78.2;78.2;78.2;-1;DOWN
2025-01-31T13:00;2025-01-31T13:15;53;EUR;MWh;NO;NO;;78.1;78.1;78.1;-1;DOWN
2025-01-31T13:15;2025-01-31T13:30;54;EUR;MWh;NO;NO;;83.72;83.72;83.72;-1;DOWN
2025-01-31T13:30;2025-01-31T13:45;55;EUR;MWh;NO;NO;;96.78;96.78;96.78;-1;DOWN
2025-01-31T13:45;2025-01-31T14:00;56;EUR;MWh;NO;NO;;93.78;93.78;93.78;-1;DOWN
2025-01-31T14:00;2025-01-31T14:15;57;EUR;MWh;NO;NO;;89.15;89.15;89.15;-1;DOWN
2025-01-31T14:15;2025-01-31T14:30;58;EUR;MWh;NO;NO;;93.78;93.78;93.78;-1;DOWN
2025-01-31T14:30;2025-01-31T14:45;59;EUR;MWh;NO;NO;;82.88;82.88;82.88;-1;DOWN
2025-01-31T14:45;2025-01-31T15:00;60;EUR;MWh;NO;NO;;87.88;87.88;87.88;-1;DOWN
2025-01-31T15:00;2025-01-31T15:15;61;EUR;MWh;NO;NO;;82.88;82.88;82.88;-1;DOWN
2025-01-31T15:15;2025-01-31T15:30;62;EUR;MWh;NO;NO;;111.34;111.34;111.34;-1;DOWN
2025-01-31T15:30;2025-01-31T15:45;63;EUR;MWh;NO;NO;137.28;110.62;137.28;96.38;2;UP_AND_DOWN
2025-01-31T15:45;2025-01-31T16:00;64;EUR;MWh;NO;NO;158.95;;158.95;158.95;1;UP
2025-01-31T16:00;2025-01-31T16:15;65;EUR;MWh;NO;NO;142.01;89.69;142.01;89.69;2;UP_AND_DOWN
2025-01-31T16:15;2025-01-31T16:30;66;EUR;MWh;NO;NO;115.07;104.69;115.07;115.07;1;UP
2025-01-31T16:30;2025-01-31T16:45;67;EUR;MWh;NO;NO;120;;120;120;1;UP
2025-01-31T16:45;2025-01-31T17:00;68;EUR;MWh;NO;NO;119.78;;119.78;119.78;1;UP
2025-01-31T17:00;2025-01-31T17:15;69;EUR;MWh;NO;NO;119.78;78.4;78.4;78.4;-1;DOWN
2025-01-31T17:15;2025-01-31T17:30;70;EUR;MWh;NO;NO;104;91.88;104;90.33;2;UP_AND_DOWN
2025-01-31T17:30;2025-01-31T17:45;71;EUR;MWh;NO;NO;123.19;91.88;123.19;123.19;1;UP
2025-01-31T17:45;2025-01-31T18:00;72;EUR;MWh;NO;NO;184.4;;184.4;184.4;1;UP
2025-01-31T18:00;2025-01-31T18:15;73;EUR;MWh;NO;NO;164.24;;164.24;164.24;1;UP
2025-01-31T18:15;2025-01-31T18:30;74;EUR;MWh;NO;NO;125;;125;125;1;UP
2025-01-31T18:30;2025-01-31T18:45;75;EUR;MWh;NO;NO;105.07;;105.07;105.07;1;UP
2025-01-31T18:45;2025-01-31T19:00;76;EUR;MWh;NO;NO;68;;68;68;1;UP
2025-01-31T19:00;2025-01-31T19:15;77;EUR;MWh;NO;NO;131.11;;131.11;131.11;1;UP
2025-01-31T19:15;2025-01-31T19:30;78;EUR;MWh;NO;NO;138;;138;138;1;UP
2025-01-31T19:30;2025-01-31T19:45;79;EUR;MWh;NO;NO;153.9;;153.9;153.9;1;UP
2025-01-31T19:45;2025-01-31T20:00;80;EUR;MWh;NO;NO;133;;133;133;1;UP
2025-01-31T20:00;2025-01-31T20:15;81;EUR;MWh;NO;NO;119.92;;119.92;119.92;1;UP
2025-01-31T20:15;2025-01-31T20:30;82;EUR;MWh;NO;NO;179.3;;179.3;179.3;1;UP
2025-01-31T20:30;2025-01-31T20:45;83;EUR;MWh;NO;NO;163;;163;163;1;UP
2025-01-31T20:45;2025-01-31T21:00;84;EUR;MWh;NO;NO;163;107.57;107.57;107.57;-1;DOWN
2025-01-31T21:00;2025-01-31T21:15;85;EUR;MWh;NO;NO;116.17;;116.17;116.17;1;UP
2025-01-31T21:15;2025-01-31T21:30;86;EUR;MWh;NO;NO;162.26;;162.26;162.26;1;UP
2025-01-31T21:30;2025-01-31T21:45;87;EUR;MWh;NO;NO;125.17;;125.17;125.17;1;UP
2025-01-31T21:45;2025-01-31T22:00;88;EUR;MWh;NO;NO;95.07;;95.07;95.07;1;UP
2025-01-31T22:00;2025-01-31T22:15;89;EUR;MWh;NO;NO;95.07;105.57;95.07;89.29;2;UP_AND_DOWN
2025-01-31T22:15;2025-01-31T22:30;90;EUR;MWh;NO;NO;154.49;;154.49;154.49;1;UP
2025-01-31T22:30;2025-01-31T22:45;91;EUR;MWh;NO;NO;190.4;;190.4;190.4;1;UP
2025-01-31T22:45;2025-01-31T23:00;92;EUR;MWh;NO;NO;190.6;;190.6;190.6;1;UP
2025-01-31T23:00;2025-01-31T23:15;93;EUR;MWh;NO;NO;188;;188;188;1;UP
2025-01-31T23:15;2025-01-31T23:30;94;EUR;MWh;NO;NO;188;;188;188;1;UP
2025-01-31T23:30;2025-01-31T23:45;95;EUR;MWh;NO;NO;125;;125;125;1;UP
2025-01-31T23:45;2025-02-01T00:00;96;EUR;MWh;NO;NO;129.46;97.03;129.46;89.29;2;UP_AND_DOWN
