Timeinterval Start Loc;Timeinterval End Loc;Isp;Currency Unit Name;Price Measurement Unit Name;Incident Reserve Up;Incident Reserve Down;Price Dispatch Up;Price Dispatch Down;Price Shortage;Price Surplus;Regulation State;Regulating Condition
2025-03-01T00:00;2025-03-01T00:15;1;EUR;MWh;NO;NO;163.4;;163.4;163.4;1;UP
2025-03-01T00:15;2025-03-01T00:30;2;EUR;MWh;NO;NO;163.2;;163.2;163.2;1;UP
2025-03-01T00:30;2025-03-01T00:45;3;EUR;MWh;NO;NO;147.12;;147.12;147.12;1;UP
2025-03-01T00:45;2025-03-01T01:00;4;EUR;MWh;NO;NO;107.15;86.65;86.65;86.65;-1;DOWN
2025-03-01T01:00;2025-03-01T01:15;5;EUR;MWh;NO;NO;95.07;90.32;95.07;95.07;1;UP
2025-03-01T01:15;2025-03-01T01:30;6;EUR;MWh;NO;NO;95.07;87.96;87.96;87.96;-1;DOWN
2025-03-01T01:30;2025-03-01T01:45;7;EUR;MWh;NO;NO;;90.6;90.6;90.6;-1;DOWN
2025-03-01T01:45;2025-03-01T02:00;8;EUR;MWh;NO;NO;95.07;;95.07;95.07;1;UP
2025-03-01T02:00;2025-03-01T02:15;9;EUR;MWh;NO;NO;137.12;;137.12;137.12;1;UP
2025-03-01T02:15;2025-03-01T02:30;10;EUR;MWh;NO;NO;127.12;;127.12;127.12;1;UP
2025-03-01T02:30;2025-03-01T02:45;11;EUR;MWh;NO;NO;139;;139;139;1;UP
2025-03-01T02:45;2025-03-01T03:00;12;EUR;MWh;NO;NO;109.37;;109.37;109.37;1;UP
2025-03-01T03:00;2025-03-01T03:15;13;EUR;MWh;NO;NO;139;;139;139;1;UP
2025-03-01T03:15;2025-03-01T03:30;14;EUR;MWh;NO;NO;107.13;;107.13;107.13;1;UP
2025-03-01T03:30;2025-03-01T03:45;15;EUR;MWh;NO;NO;116.93;;116.93;116.93;1;UP
2025-03-01T03:45;2025-03-01T04:00;16;EUR;MWh;NO;NO;116.93;;77.91;77.91;0;STABLE
2025-03-01T04:00;2025-03-01T04:15;17;EUR;MWh;NO;NO;115.12;;115.12;115.12;1;UP
2025-03-01T04:15;2025-03-01T04:30;18;EUR;MWh;NO;NO;163.2;;163.2;163.2;1;UP
2025-03-01T04:30;2025-03-01T04:45;19;EUR;MWh;NO;NO;125;;125;125;1;UP
2025-03-01T04:45;2025-03-01T05:00;20;EUR;MWh;NO;NO;122.3;;122.3;122.3;1;UP
2025-03-01T05:00;2025-03-01T05:15;21;EUR;MWh;NO;NO;122.3;91.81;91.81;91.81;-1;DOWN
2025-03-01T05:15;2025-03-01T05:30;22;EUR;MWh;NO;NO;;88.81;88.81;88.81;-1;DOWN
2025-03-01T05:30;2025-03-01T05:45;23;EUR;MWh;NO;NO;;88.81;88.81;88.81;-1;DOWN
2025-03-01T05:45;2025-03-01T06:00;24;EUR;MWh;NO;NO;;81.41;81.41;81.41;-1;DOWN
2025-03-01T06:00;2025-03-01T06:15;25;EUR;MWh;NO;NO;;79.02;79.02;79.02;-1;DOWN
2025-03-01T06:15;2025-03-01T06:30;26;EUR;MWh;NO;NO;;83.81;83.81;83.81;-1;DOWN
2025-03-01T06:30;2025-03-01T06:45;27;EUR;MWh;NO;NO;;84.2;84.2;84.2;-1;DOWN
2025-03-01T06:45;2025-03-01T07:00;28;EUR;MWh;NO;NO;;86.65;86.65;86.65;-1;DOWN
2025-03-01T07:00;2025-03-01T07:15;29;EUR;MWh;NO;NO;;88.04;88.04;88.04;-1;DOWN
2025-03-01T07:15;2025-03-01T07:30;30;EUR;MWh;NO;NO;95.07;;95.07;95.07;1;UP
2025-03-01T07:30;2025-03-01T07:45;31;EUR;MWh;NO;NO;95.07;;95.07;95.07;1;UP
2025-03-01T07:45;2025-03-01T08:00;32;EUR;MWh;NO;NO;95.07;;95.07;95.07;1;UP
2025-03-01T08:00;2025-03-01T08:15;33;EUR;MWh;NO;NO;95.07;93.14;95.07;78.16;2;UP_AND_DOWN
2025-03-01T08:15;2025-03-01T08:30;34;EUR;MWh;NO;NO;;88.2;88.2;88.2;-1;DOWN
2025-03-01T08:30;2025-03-01T08:45;35;EUR;MWh;NO;NO;;86.02;86.02;86.02;-1;DOWN
2025-03-01T08:45;2025-03-01T09:00;36;EUR;MWh;NO;NO;;85;85;85;-1;DOWN
2025-03-01T09:00;2025-03-01T09:15;37;EUR;MWh;NO;NO;125.9;94.31;125.9;78.22;2;UP_AND_DOWN
2025-03-01T09:15;2025-03-01T09:30;38;EUR;MWh;NO;NO;;88.98;88.98;88.98;-1;DOWN
2025-03-01T09:30;2025-03-01T09:45;39;EUR;MWh;NO;NO;;85.48;85.48;85.48;-1;DOWN
2025-03-01T09:45;2025-03-01T10:00;40;EUR;MWh;NO;NO;;88.86;88.86;88.86;-1;DOWN
2025-03-01T10:00;2025-03-01T10:15;41;EUR;MWh;NO;NO;124.3;86.65;124.3;77.99;2;UP_AND_DOWN
2025-03-01T10:15;2025-03-01T10:30;42;EUR;MWh;NO;NO;137.3;142;137.3;137.3;1;UP
2025-03-01T10:30;2025-03-01T10:45;43;EUR;MWh;NO;NO;137.3;105;137.3;82.5;2;UP_AND_DOWN
2025-03-01T10:45;2025-03-01T11:00;44;EUR;MWh;NO;NO;139.44;;139.44;139.44;1;UP
2025-03-01T11:00;2025-03-01T11:15;45;EUR;MWh;NO;NO;147.3;;147.3;147.3;1;UP
2025-03-01T11:15;2025-03-01T11:30;46;EUR;MWh;NO;NO;139;;139;139;1;UP
2025-03-01T11:30;2025-03-01T11:45;47;EUR;MWh;NO;NO;127.2;;127.2;127.2;1;UP
2025-03-01T11:45;2025-03-01T12:00;48;EUR;MWh;NO;NO;157.3;;157.3;157.3;1;UP
2025-03-01T12:00;2025-03-01T12:15;49;EUR;MWh;NO;NO;176.2;;176.2;176.2;1;UP
2025-03-01T12:15;2025-03-01T12:30;50;EUR;MWh;NO;NO;171.54;;171.54;171.54;1;UP
2025-03-01T12:30;2025-03-01T12:45;51;EUR;MWh;NO;NO;133.3;;133.3;133.3;1;UP
2025-03-01T12:45;2025-03-01T13:00;52;EUR;MWh;NO;NO;139;;139;139;1;UP
2025-03-01T13:00;2025-03-01T13:15;53;EUR;MWh;NO;NO;139;;139;139;1;UP
2025-03-01T13:15;2025-03-01T13:30;54;EUR;MWh;NO;NO;98.4;110;98.4;98.4;1;UP
2025-03-01T13:30;2025-03-01T13:45;55;EUR;MWh;NO;NO;98.4;89.18;89.18;89.18;-1;DOWN
2025-03-01T13:45;2025-03-01T14:00;56;EUR;MWh;NO;NO;;88.98;88.98;88.98;-1;DOWN
2025-03-01T14:00;2025-03-01T14:15;57;EUR;MWh;NO;NO;;110;110;110;-1;DOWN
2025-03-01T14:15;2025-03-01T14:30;58;EUR;MWh;NO;NO;101.4;;101.4;101.4;1;UP
2025-03-01T14:30;2025-03-01T14:45;59;EUR;MWh;NO;NO;108.23;;108.23;108.23;1;UP
2025-03-01T14:45;2025-03-01T15:00;60;EUR;MWh;NO;NO;127.4;;127.4;127.4;1;UP
2025-03-01T15:00;2025-03-01T15:15;61;EUR;MWh;NO;NO;127.4;;127.4;127.4;1;UP
2025-03-01T15:15;2025-03-01T15:30;62;EUR;MWh;NO;NO;127.4;;127.4;127.4;1;UP
2025-03-01T15:30;2025-03-01T15:45;63;EUR;MWh;NO;NO;143.57;;143.57;143.57;1;UP
2025-03-01T15:45;2025-03-01T16:00;64;EUR;MWh;NO;NO;139;;139;139;1;UP
2025-03-01T16:00;2025-03-01T16:15;65;EUR;MWh;NO;NO;124.6;;124.6;124.6;1;UP
2025-03-01T16:15;2025-03-01T16:30;66;EUR;MWh;NO;NO;124.6;;124.6;124.6;1;UP
2025-03-01T16:30;2025-03-01T16:45;67;EUR;MWh;NO;NO;115.02;;115.02;115.02;1;UP
2025-03-01T16:45;2025-03-01T17:00;68;EUR;MWh;NO;NO;115.02;90;115.02;81.29;2;UP_AND_DOWN
2025-03-01T17:00;2025-03-01T17:15;69;EUR;MWh;NO;NO;;86.02;86.02;86.02;-1;DOWN
2025-03-01T17:15;2025-03-01T17:30;70;EUR;MWh;NO;NO;112.82;86.65;112.82;79.64;2;UP_AND_DOWN
2025-03-01T17:30;2025-03-01T17:45;71;EUR;MWh;NO;NO;183;86.02;183;79.65;2;UP_AND_DOWN
2025-03-01T17:45;2025-03-01T18:00;72;EUR;MWh;NO;NO;192.92;;192.92;192.92;1;UP
2025-03-01T18:00;2025-03-01T18:15;73;EUR;MWh;NO;NO;161.54;;161.54;161.54;1;UP
2025-03-01T18:15;2025-03-01T18:30;74;EUR;MWh;NO;NO;155;;155;155;1;UP
2025-03-01T18:30;2025-03-01T18:45;75;EUR;MWh;NO;NO;139.2;;139.2;139.2;1;UP
2025-03-01T18:45;2025-03-01T19:00;76;EUR;MWh;NO;NO;192.21;;192.21;192.21;1;UP
2025-03-01T19:00;2025-03-01T19:15;77;EUR;MWh;NO;NO;162.6;;162.6;162.6;1;UP
2025-03-01T19:15;2025-03-01T19:30;78;EUR;MWh;NO;NO;166.76;;166.76;166.76;1;UP
2025-03-01T19:30;2025-03-01T19:45;79;EUR;MWh;NO;NO;182.11;;182.11;182.11;1;UP
2025-03-01T19:45;2025-03-01T20:00;80;EUR;MWh;NO;NO;163;;163;163;1;UP
2025-03-01T20:00;2025-03-01T20:15;81;EUR;MWh;NO;NO;139;79.02;79.02;79.02;-1;DOWN
2025-03-01T20:15;2025-03-01T20:30;82;EUR;MWh;NO;NO;139;79.02;139;79.02;2;UP_AND_DOWN
2025-03-01T20:30;2025-03-01T20:45;83;EUR;MWh;NO;NO;107.29;87.93;107.29;87.93;2;UP_AND_DOWN
2025-03-01T20:45;2025-03-01T21:00;84;EUR;MWh;NO;NO;;88.05;88.05;88.05;-1;DOWN
2025-03-01T21:00;2025-03-01T21:15;85;EUR;MWh;NO;NO;95.07;91;95.07;91;2;UP_AND_DOWN
2025-03-01T21:15;2025-03-01T21:30;86;EUR;MWh;NO;NO;;71.79;71.79;71.79;-1;DOWN
2025-03-01T21:30;2025-03-01T21:45;87;EUR;MWh;NO;NO;;73.02;73.02;73.02;-1;DOWN
2025-03-01T21:45;2025-03-01T22:00;88;EUR;MWh;NO;NO;;91.57;91.57;91.57;-1;DOWN
2025-03-01T22:00;2025-03-01T22:15;89;EUR;MWh;NO;NO;119.43;91.27;119.43;77.99;2;UP_AND_DOWN
2025-03-01T22:15;2025-03-01T22:30;90;EUR;MWh;NO;NO;126.1;91.1;126.1;77.99;2;UP_AND_DOWN
2025-03-01T22:30;2025-03-01T22:45;91;EUR;MWh;NO;NO;177.8;;177.8;177.8;1;UP
2025-03-01T22:45;2025-03-01T23:00;92;EUR;MWh;NO;NO;177.8;;177.8;177.8;1;UP
2025-03-01T23:00;2025-03-01T23:15;93;EUR;MWh;NO;NO;143.85;;143.85;143.85;1;UP
2025-03-01T23:15;2025-03-01T23:30;94;EUR;MWh;NO;NO;163.48;;163.48;163.48;1;UP
2025-03-01T23:30;2025-03-01T23:45;95;EUR;MWh;NO;NO;126.1;92.18;126.1;92.18;2;UP_AND_DOWN
2025-03-01T23:45;2025-03-02T00:00;96;EUR;MWh;NO;NO;127.3;91;127.3;91;2;UP_AND_DOWN
2025-03-02T00:00;2025-03-02T00:15;1;EUR;MWh;NO;NO;125.4;;125.4;125.4;1;UP
2025-03-02T00:15;2025-03-02T00:30;2;EUR;MWh;NO;NO;125.4;;125.4;125.4;1;UP
2025-03-02T00:30;2025-03-02T00:45;3;EUR;MWh;NO;NO;119.59;;119.59;119.59;1;UP
2025-03-02T00:45;2025-03-02T01:00;4;EUR;MWh;NO;NO;119.59;87;87;87;-1;DOWN
2025-03-02T01:00;2025-03-02T01:15;5;EUR;MWh;NO;NO;156.9;93.23;156.9;93.23;2;UP_AND_DOWN
2025-03-02T01:15;2025-03-02T01:30;6;EUR;MWh;NO;NO;160.41;;160.41;160.41;1;UP
2025-03-02T01:30;2025-03-02T01:45;7;EUR;MWh;NO;NO;144;;144;144;1;UP
2025-03-02T01:45;2025-03-02T02:00;8;EUR;MWh;NO;NO;111.14;;111.14;111.14;1;UP
2025-03-02T02:00;2025-03-02T02:15;9;EUR;MWh;NO;NO;137;;137;137;1;UP
2025-03-02T02:15;2025-03-02T02:30;10;EUR;MWh;NO;NO;113.39;;113.39;113.39;1;UP
2025-03-02T02:30;2025-03-02T02:45;11;EUR;MWh;NO;NO;60;;60;60;1;UP
2025-03-02T02:45;2025-03-02T03:00;12;EUR;MWh;NO;NO;101.57;;101.57;101.57;1;UP
2025-03-02T03:00;2025-03-02T03:15;13;EUR;MWh;NO;NO;150;;150;150;1;UP
2025-03-02T03:15;2025-03-02T03:30;14;EUR;MWh;NO;NO;133.5;;133.5;133.5;1;UP
2025-03-02T03:30;2025-03-02T03:45;15;EUR;MWh;NO;NO;150;;150;150;1;UP
2025-03-02T03:45;2025-03-02T04:00;16;EUR;MWh;NO;NO;150;;150;150;1;UP
2025-03-02T04:00;2025-03-02T04:15;17;EUR;MWh;NO;NO;149.49;;149.49;149.49;1;UP
2025-03-02T04:15;2025-03-02T04:30;18;EUR;MWh;NO;NO;150;;150;150;1;UP
2025-03-02T04:30;2025-03-02T04:45;19;EUR;MWh;NO;NO;123.1;;123.1;123.1;1;UP
2025-03-02T04:45;2025-03-02T05:00;20;EUR;MWh;NO;NO;125.4;;125.4;125.4;1;UP
2025-03-02T05:00;2025-03-02T05:15;21;EUR;MWh;NO;NO;113.5;;113.5;113.5;1;UP
2025-03-02T05:15;2025-03-02T05:30;22;EUR;MWh;NO;NO;106.57;;106.57;106.57;1;UP
2025-03-02T05:30;2025-03-02T05:45;23;EUR;MWh;NO;NO;114.46;;114.46;114.46;1;UP
2025-03-02T05:45;2025-03-02T06:00;24;EUR;MWh;NO;NO;97.84;91.28;99.5;91.28;2;UP_AND_DOWN
2025-03-02T06:00;2025-03-02T06:15;25;EUR;MWh;NO;NO;85.07;85.23;99.5;85.23;2;UP_AND_DOWN
2025-03-02T06:15;2025-03-02T06:30;26;EUR;MWh;NO;NO;85.07;;85.07;85.07;1;UP
2025-03-02T06:30;2025-03-02T06:45;27;EUR;MWh;NO;NO;65.07;93.23;100;93.23;2;UP_AND_DOWN
2025-03-02T06:45;2025-03-02T07:00;28;EUR;MWh;NO;NO;;76.78;76.78;76.78;-1;DOWN
2025-03-02T07:00;2025-03-02T07:15;29;EUR;MWh;NO;NO;107.88;76.88;107.88;76.88;2;UP_AND_DOWN
2025-03-02T07:15;2025-03-02T07:30;30;EUR;MWh;NO;NO;101.57;76.88;101.57;76.88;2;UP_AND_DOWN
2025-03-02T07:30;2025-03-02T07:45;31;EUR;MWh;NO;NO;;75;75;75;-1;DOWN
2025-03-02T07:45;2025-03-02T08:00;32;EUR;MWh;NO;NO;;45.23;45.23;45.23;-1;DOWN
2025-03-02T08:00;2025-03-02T08:15;33;EUR;MWh;NO;NO;143;60;143;60;2;UP_AND_DOWN
2025-03-02T08:15;2025-03-02T08:30;34;EUR;MWh;NO;NO;65.07;10;10;10;-1;DOWN
2025-03-02T08:30;2025-03-02T08:45;35;EUR;MWh;NO;NO;;6.57;6.57;6.57;-1;DOWN
2025-03-02T08:45;2025-03-02T09:00;36;EUR;MWh;NO;NO;;-40.27;-40.27;-40.27;-1;DOWN
2025-03-02T09:00;2025-03-02T09:15;37;EUR;MWh;NO;NO;;-80.9;-80.9;-80.9;-1;DOWN
2025-03-02T09:15;2025-03-02T09:30;38;EUR;MWh;NO;NO;;-99.8;-99.8;-99.8;-1;DOWN
2025-03-02T09:30;2025-03-02T09:45;39;EUR;MWh;NO;NO;;-81;-81;-81;-1;DOWN
2025-03-02T09:45;2025-03-02T10:00;40;EUR;MWh;NO;NO;;24.57;24.57;24.57;-1;DOWN
2025-03-02T10:00;2025-03-02T10:15;41;EUR;MWh;NO;NO;75.07;38.57;75.07;38.57;2;UP_AND_DOWN
2025-03-02T10:15;2025-03-02T10:30;42;EUR;MWh;NO;NO;48.89;75;70.73;70.73;2;UP_AND_DOWN
2025-03-02T10:30;2025-03-02T10:45;43;EUR;MWh;NO;NO;105.65;26.65;105.65;26.65;2;UP_AND_DOWN
2025-03-02T10:45;2025-03-02T11:00;44;EUR;MWh;NO;NO;;-45;-45;-45;-1;DOWN
2025-03-02T11:00;2025-03-02T11:15;45;EUR;MWh;NO;NO;;26.65;26.65;26.65;-1;DOWN
2025-03-02T11:15;2025-03-02T11:30;46;EUR;MWh;NO;NO;;26.65;26.65;26.65;-1;DOWN
2025-03-02T11:30;2025-03-02T11:45;47;EUR;MWh;NO;NO;;-30;-30;-30;-1;DOWN
2025-03-02T11:45;2025-03-02T12:00;48;EUR;MWh;NO;NO;;-31;-31;-31;-1;DOWN
2025-03-02T12:00;2025-03-02T12:15;49;EUR;MWh;NO;NO;40.49;-27.5;80.25;-27.5;2;UP_AND_DOWN
2025-03-02T12:15;2025-03-02T12:30;50;EUR;MWh;NO;NO;;-30;-30;-30;-1;DOWN
2025-03-02T12:30;2025-03-02T12:45;51;EUR;MWh;NO;NO;;-31;-31;-31;-1;DOWN
2025-03-02T12:45;2025-03-02T13:00;52;EUR;MWh;NO;NO;;-60;-60;-60;-1;DOWN
2025-03-02T13:00;2025-03-02T13:15;53;EUR;MWh;NO;NO;;-40;-40;-40;-1;DOWN
2025-03-02T13:15;2025-03-02T13:30;54;EUR;MWh;NO;NO;;-31;-31;-31;-1;DOWN
2025-03-02T13:30;2025-03-02T13:45;55;EUR;MWh;NO;NO;;-32;-32;-32;-1;DOWN
2025-03-02T13:45;2025-03-02T14:00;56;EUR;MWh;NO;NO;;-31;-31;-31;-1;DOWN
2025-03-02T14:00;2025-03-02T14:15;57;EUR;MWh;NO;NO;;-99.6;-99.6;-99.6;-1;DOWN
2025-03-02T14:15;2025-03-02T14:30;58;EUR;MWh;NO;NO;;-58.86;-58.86;-58.86;-1;DOWN
2025-03-02T14:30;2025-03-02T14:45;59;EUR;MWh;NO;NO;;-32;-32;-32;-1;DOWN
2025-03-02T14:45;2025-03-02T15:00;60;EUR;MWh;NO;NO;;-31;-31;-31;-1;DOWN
2025-03-02T15:00;2025-03-02T15:15;61;EUR;MWh;NO;NO;;30.7;30.7;30.7;-1;DOWN
2025-03-02T15:15;2025-03-02T15:30;62;EUR;MWh;NO;NO;;-45;-45;-45;-1;DOWN
2025-03-02T15:30;2025-03-02T15:45;63;EUR;MWh;NO;NO;109.49;65.7;109.49;109.49;1;UP
2025-03-02T15:45;2025-03-02T16:00;64;EUR;MWh;NO;NO;112.88;75;75;75;-1;DOWN
2025-03-02T16:00;2025-03-02T16:15;65;EUR;MWh;NO;NO;;-50;-50;-50;-1;DOWN
2025-03-02T16:15;2025-03-02T16:30;66;EUR;MWh;NO;NO;;66.57;66.57;66.57;-1;DOWN
2025-03-02T16:30;2025-03-02T16:45;67;EUR;MWh;NO;NO;133;68.57;133;68.57;2;UP_AND_DOWN
2025-03-02T16:45;2025-03-02T17:00;68;EUR;MWh;NO;NO;136.8;6.57;136.8;6.57;2;UP_AND_DOWN
2025-03-02T17:00;2025-03-02T17:15;69;EUR;MWh;NO;NO;136.8;31.57;136.8;31.57;2;UP_AND_DOWN
2025-03-02T17:15;2025-03-02T17:30;70;EUR;MWh;NO;NO;175.1;93.43;175.1;79.5;2;UP_AND_DOWN
2025-03-02T17:30;2025-03-02T17:45;71;EUR;MWh;NO;NO;182.57;;182.57;182.57;1;UP
2025-03-02T17:45;2025-03-02T18:00;72;EUR;MWh;NO;NO;174.8;;174.8;174.8;1;UP
2025-03-02T18:00;2025-03-02T18:15;73;EUR;MWh;NO;NO;151;;151;151;1;UP
2025-03-02T18:15;2025-03-02T18:30;74;EUR;MWh;NO;NO;;80.23;80.23;80.23;-1;DOWN
2025-03-02T18:30;2025-03-02T18:45;75;EUR;MWh;NO;NO;;;79.78;79.78;0;STABLE
2025-03-02T18:45;2025-03-02T19:00;76;EUR;MWh;NO;NO;;;90;90;0;STABLE
2025-03-02T19:00;2025-03-02T19:15;77;EUR;MWh;NO;NO;;70.57;70.57;70.57;-1;DOWN
2025-03-02T19:15;2025-03-02T19:30;78;EUR;MWh;NO;NO;;61.88;61.88;61.88;-1;DOWN
2025-03-02T19:30;2025-03-02T19:45;79;EUR;MWh;NO;NO;;63.57;63.57;63.57;-1;DOWN
2025-03-02T19:45;2025-03-02T20:00;80;EUR;MWh;NO;NO;;60;60;60;-1;DOWN
2025-03-02T20:00;2025-03-02T20:15;81;EUR;MWh;NO;NO;131.57;;131.57;131.57;1;UP
2025-03-02T20:15;2025-03-02T20:30;82;EUR;MWh;NO;NO;124.6;91.26;124.6;79.78;2;UP_AND_DOWN
2025-03-02T20:30;2025-03-02T20:45;83;EUR;MWh;NO;NO;124.6;91.26;124.6;79.78;2;UP_AND_DOWN
2025-03-02T20:45;2025-03-02T21:00;84;EUR;MWh;NO;NO;124.8;;124.8;124.8;1;UP
2025-03-02T21:00;2025-03-02T21:15;85;EUR;MWh;NO;NO;150;;150;150;1;UP
2025-03-02T21:15;2025-03-02T21:30;86;EUR;MWh;NO;NO;138;;138;138;1;UP
2025-03-02T21:30;2025-03-02T21:45;87;EUR;MWh;NO;NO;155;96.71;155;155;1;UP
2025-03-02T21:45;2025-03-02T22:00;88;EUR;MWh;NO;NO;151;96.71;151;151;1;UP
2025-03-02T22:00;2025-03-02T22:15;89;EUR;MWh;NO;NO;156.9;;156.9;156.9;1;UP
2025-03-02T22:15;2025-03-02T22:30;90;EUR;MWh;NO;NO;112.88;;112.88;112.88;1;UP
2025-03-02T22:30;2025-03-02T22:45;91;EUR;MWh;NO;NO;157.29;;157.29;157.29;1;UP
2025-03-02T22:45;2025-03-02T23:00;92;EUR;MWh;NO;NO;124.8;;124.8;124.8;1;UP
2025-03-02T23:00;2025-03-02T23:15;93;EUR;MWh;NO;NO;111.5;;111.5;111.5;1;UP
2025-03-02T23:15;2025-03-02T23:30;94;EUR;MWh;NO;NO;124.7;81.67;124.7;81.67;2;UP_AND_DOWN
2025-03-02T23:30;2025-03-02T23:45;95;EUR;MWh;NO;NO;111.69;84.57;111.69;84.57;2;UP_AND_DOWN
2025-03-02T23:45;2025-03-03T00:00;96;EUR;MWh;NO;NO;;70.88;70.88;70.88;-1;DOWN
2025-03-03T00:00;2025-03-03T00:15;1;EUR;MWh;NO;NO;;57.71;57.71;57.71;-1;DOWN
2025-03-03T00:15;2025-03-03T00:30;2;EUR;MWh;NO;NO;;76.88;76.88;76.88;-1;DOWN
2025-03-03T00:30;2025-03-03T00:45;3;EUR;MWh;NO;NO;106.88;72.88;106.88;72.88;2;UP_AND_DOWN
2025-03-03T00:45;2025-03-03T01:00;4;EUR;MWh;NO;NO;100.48;70.88;100.48;70.88;2;UP_AND_DOWN
2025-03-03T01:00;2025-03-03T01:15;5;EUR;MWh;NO;NO;125.2;;125.2;125.2;1;UP
2025-03-03T01:15;2025-03-03T01:30;6;EUR;MWh;NO;NO;107.4;;107.4;107.4;1;UP
2025-03-03T01:30;2025-03-03T01:45;7;EUR;MWh;NO;NO;119.35;77;119.35;77;2;UP_AND_DOWN
2025-03-03T01:45;2025-03-03T02:00;8;EUR;MWh;NO;NO;97.09;73.16;97.09;73.16;2;UP_AND_DOWN
2025-03-03T02:00;2025-03-03T02:15;9;EUR;MWh;NO;NO;97.1;90.8;97.1;77.75;2;UP_AND_DOWN
2025-03-03T02:15;2025-03-03T02:30;10;EUR;MWh;NO;NO;106.88;85.5;106.88;77.75;2;UP_AND_DOWN
2025-03-03T02:30;2025-03-03T02:45;11;EUR;MWh;NO;NO;117.47;;117.47;117.47;1;UP
2025-03-03T02:45;2025-03-03T03:00;12;EUR;MWh;NO;NO;96.97;;96.97;96.97;1;UP
2025-03-03T03:00;2025-03-03T03:15;13;EUR;MWh;NO;NO;113.64;;113.64;113.64;1;UP
2025-03-03T03:15;2025-03-03T03:30;14;EUR;MWh;NO;NO;125;;125;125;1;UP
2025-03-03T03:30;2025-03-03T03:45;15;EUR;MWh;NO;NO;102;;102;102;1;UP
2025-03-03T03:45;2025-03-03T04:00;16;EUR;MWh;NO;NO;139;;139;139;1;UP
2025-03-03T04:00;2025-03-03T04:15;17;EUR;MWh;NO;NO;123.2;;123.2;123.2;1;UP
2025-03-03T04:15;2025-03-03T04:30;18;EUR;MWh;NO;NO;125.2;;125.2;125.2;1;UP
2025-03-03T04:30;2025-03-03T04:45;19;EUR;MWh;NO;NO;125.1;;125.1;125.1;1;UP
2025-03-03T04:45;2025-03-03T05:00;20;EUR;MWh;NO;NO;125.1;;125.1;125.1;1;UP
2025-03-03T05:00;2025-03-03T05:15;21;EUR;MWh;NO;NO;110.88;95.5;110.88;77.75;2;UP_AND_DOWN
2025-03-03T05:15;2025-03-03T05:30;22;EUR;MWh;NO;NO;;85.5;85.5;85.5;-1;DOWN
2025-03-03T05:30;2025-03-03T05:45;23;EUR;MWh;NO;NO;;84.08;84.08;84.08;-1;DOWN
2025-03-03T05:45;2025-03-03T06:00;24;EUR;MWh;NO;NO;;61.88;61.88;61.88;-1;DOWN
2025-03-03T06:00;2025-03-03T06:15;25;EUR;MWh;NO;NO;;87.62;87.62;87.62;-1;DOWN
2025-03-03T06:15;2025-03-03T06:30;26;EUR;MWh;NO;NO;;79.63;79.63;79.63;-1;DOWN
2025-03-03T06:30;2025-03-03T06:45;27;EUR;MWh;NO;NO;65.07;90.7;81.98;81.98;2;UP_AND_DOWN
2025-03-03T06:45;2025-03-03T07:00;28;EUR;MWh;NO;NO;122.55;;122.55;122.55;1;UP
2025-03-03T07:00;2025-03-03T07:15;29;EUR;MWh;NO;NO;122.55;67.67;67.67;67.67;-1;DOWN
2025-03-03T07:15;2025-03-03T07:30;30;EUR;MWh;NO;NO;;98.57;98.57;98.57;-1;DOWN
2025-03-03T07:30;2025-03-03T07:45;31;EUR;MWh;NO;NO;;99.57;99.57;99.57;-1;DOWN
2025-03-03T07:45;2025-03-03T08:00;32;EUR;MWh;NO;NO;;90.4;90.4;90.4;-1;DOWN
2025-03-03T08:00;2025-03-03T08:15;33;EUR;MWh;NO;NO;109.68;90.4;109.68;82.32;2;UP_AND_DOWN
2025-03-03T08:15;2025-03-03T08:30;34;EUR;MWh;NO;NO;;47.79;47.79;47.79;-1;DOWN
2025-03-03T08:30;2025-03-03T08:45;35;EUR;MWh;NO;NO;;3.57;3.57;3.57;-1;DOWN
2025-03-03T08:45;2025-03-03T09:00;36;EUR;MWh;NO;NO;;11.65;11.65;11.65;-1;DOWN
2025-03-03T09:00;2025-03-03T09:15;37;EUR;MWh;NO;NO;1895;-1000;1895;1895;1;UP
2025-03-03T09:15;2025-03-03T09:30;38;EUR;MWh;NO;NO;200;-1303.35;-1303.35;-1303.35;-1;DOWN
2025-03-03T09:30;2025-03-03T09:45;39;EUR;MWh;NO;NO;;-1303.35;-1303.35;-1303.35;-1;DOWN
2025-03-03T09:45;2025-03-03T10:00;40;EUR;MWh;NO;NO;;-1000;-1000;-1000;-1;DOWN
2025-03-03T10:00;2025-03-03T10:15;41;EUR;MWh;NO;NO;1895;-402.99;1895;-402.99;2;UP_AND_DOWN
2025-03-03T10:15;2025-03-03T10:30;42;EUR;MWh;NO;NO;149.7;35;35;35;-1;DOWN
2025-03-03T10:30;2025-03-03T10:45;43;EUR;MWh;NO;NO;;10;10;10;-1;DOWN
2025-03-03T10:45;2025-03-03T11:00;44;EUR;MWh;NO;NO;;-31;-31;-31;-1;DOWN
2025-03-03T11:00;2025-03-03T11:15;45;EUR;MWh;NO;NO;;-30;-30;-30;-1;DOWN
2025-03-03T11:15;2025-03-03T11:30;46;EUR;MWh;NO;NO;;21.4;21.4;21.4;-1;DOWN
2025-03-03T11:30;2025-03-03T11:45;47;EUR;MWh;NO;NO;;-31;-31;-31;-1;DOWN
2025-03-03T11:45;2025-03-03T12:00;48;EUR;MWh;NO;NO;;-33.82;-33.82;-33.82;-1;DOWN
2025-03-03T12:00;2025-03-03T12:15;49;EUR;MWh;NO;NO;;-30;-30;-30;-1;DOWN
2025-03-03T12:15;2025-03-03T12:30;50;EUR;MWh;NO;NO;;-31;-31;-31;-1;DOWN
2025-03-03T12:30;2025-03-03T12:45;51;EUR;MWh;NO;NO;;-50;-50;-50;-1;DOWN
2025-03-03T12:45;2025-03-03T13:00;52;EUR;MWh;NO;NO;;-31;-31;-31;-1;DOWN
2025-03-03T13:00;2025-03-03T13:15;53;EUR;MWh;NO;NO;;-31;-31;-31;-1;DOWN
2025-03-03T13:15;2025-03-03T13:30;54;EUR;MWh;NO;NO;;-31;-31;-31;-1;DOWN
2025-03-03T13:30;2025-03-03T13:45;55;EUR;MWh;NO;NO;;-30;-30;-30;-1;DOWN
2025-03-03T13:45;2025-03-03T14:00;56;EUR;MWh;NO;NO;;-31;-31;-31;-1;DOWN
2025-03-03T14:00;2025-03-03T14:15;57;EUR;MWh;NO;NO;;-30;-30;-30;-1;DOWN
2025-03-03T14:15;2025-03-03T14:30;58;EUR;MWh;NO;NO;;-31;-31;-31;-1;DOWN
2025-03-03T14:30;2025-03-03T14:45;59;EUR;MWh;NO;NO;96.9;76.98;96.9;74.48;2;UP_AND_DOWN
2025-03-03T14:45;2025-03-03T15:00;60;EUR;MWh;NO;NO;98.4;70;98.4;70;2;UP_AND_DOWN
2025-03-03T15:00;2025-03-03T15:15;61;EUR;MWh;NO;NO;;-31;-31;-31;-1;DOWN
2025-03-03T15:15;2025-03-03T15:30;62;EUR;MWh;NO;NO;;11.65;11.65;11.65;-1;DOWN
2025-03-03T15:30;2025-03-03T15:45;63;EUR;MWh;NO;NO;;70;70;70;-1;DOWN
2025-03-03T15:45;2025-03-03T16:00;64;EUR;MWh;NO;NO;;70.1;70.1;70.1;-1;DOWN
2025-03-03T16:00;2025-03-03T16:15;65;EUR;MWh;NO;NO;;-50;-50;-50;-1;DOWN
2025-03-03T16:15;2025-03-03T16:30;66;EUR;MWh;NO;NO;;11.65;11.65;11.65;-1;DOWN
2025-03-03T16:30;2025-03-03T16:45;67;EUR;MWh;NO;NO;117.83;60;117.83;60;2;UP_AND_DOWN
2025-03-03T16:45;2025-03-03T17:00;68;EUR;MWh;NO;NO;126.4;60;126.4;126.4;1;UP
2025-03-03T17:00;2025-03-03T17:15;69;EUR;MWh;NO;NO;126.4;33.57;33.57;33.57;-1;DOWN
2025-03-03T17:15;2025-03-03T17:30;70;EUR;MWh;NO;NO;;70;70;70;-1;DOWN
2025-03-03T17:30;2025-03-03T17:45;71;EUR;MWh;NO;NO;;52.57;52.57;52.57;-1;DOWN
2025-03-03T17:45;2025-03-03T18:00;72;EUR;MWh;NO;NO;139;97.57;139;139;1;UP
2025-03-03T18:00;2025-03-03T18:15;73;EUR;MWh;NO;NO;139;83.57;139;79.79;2;UP_AND_DOWN
2025-03-03T18:15;2025-03-03T18:30;74;EUR;MWh;NO;NO;60;99.56;79.79;79.79;2;UP_AND_DOWN
2025-03-03T18:30;2025-03-03T18:45;75;EUR;MWh;NO;NO;100.05;;100.05;100.05;1;UP
2025-03-03T18:45;2025-03-03T19:00;76;EUR;MWh;NO;NO;141;;141;141;1;UP
2025-03-03T19:00;2025-03-03T19:15;77;EUR;MWh;NO;NO;160.82;;160.82;160.82;1;UP
2025-03-03T19:15;2025-03-03T19:30;78;EUR;MWh;NO;NO;113.47;;113.47;113.47;1;UP
2025-03-03T19:30;2025-03-03T19:45;79;EUR;MWh;NO;NO;113.47;;79.79;79.79;0;STABLE
2025-03-03T19:45;2025-03-03T20:00;80;EUR;MWh;NO;NO;;70;70;70;-1;DOWN
2025-03-03T20:00;2025-03-03T20:15;81;EUR;MWh;NO;NO;;70;70;70;-1;DOWN
2025-03-03T20:15;2025-03-03T20:30;82;EUR;MWh;NO;NO;;85.57;85.57;85.57;-1;DOWN
2025-03-03T20:30;2025-03-03T20:45;83;EUR;MWh;NO;NO;;71;71;71;-1;DOWN
2025-03-03T20:45;2025-03-03T21:00;84;EUR;MWh;NO;NO;;70.88;70.88;70.88;-1;DOWN
2025-03-03T21:00;2025-03-03T21:15;85;EUR;MWh;NO;NO;117.47;86.75;117.47;81.78;2;UP_AND_DOWN
2025-03-03T21:15;2025-03-03T21:30;86;EUR;MWh;NO;NO;;83.82;83.82;83.82;-1;DOWN
2025-03-03T21:30;2025-03-03T21:45;87;EUR;MWh;NO;NO;110.88;88;110.88;81.79;2;UP_AND_DOWN
2025-03-03T21:45;2025-03-03T22:00;88;EUR;MWh;NO;NO;;83.57;83.57;83.57;-1;DOWN
2025-03-03T22:00;2025-03-03T22:15;89;EUR;MWh;NO;NO;112.33;89.57;112.33;79.79;2;UP_AND_DOWN
2025-03-03T22:15;2025-03-03T22:30;90;EUR;MWh;NO;NO;;93.06;93.06;93.06;-1;DOWN
2025-03-03T22:30;2025-03-03T22:45;91;EUR;MWh;NO;NO;115.47;98.54;115.47;79.79;2;UP_AND_DOWN
2025-03-03T22:45;2025-03-03T23:00;92;EUR;MWh;NO;NO;177.11;;177.11;177.11;1;UP
2025-03-03T23:00;2025-03-03T23:15;93;EUR;MWh;NO;NO;106.88;;106.88;106.88;1;UP
2025-03-03T23:15;2025-03-03T23:30;94;EUR;MWh;NO;NO;60;81.63;81.63;81.63;-1;DOWN
2025-03-03T23:30;2025-03-03T23:45;95;EUR;MWh;NO;NO;153;88.57;153;79.79;2;UP_AND_DOWN
2025-03-03T23:45;2025-03-04T00:00;96;EUR;MWh;NO;NO;130.83;90.52;130.83;79.79;2;UP_AND_DOWN
2025-03-04T00:00;2025-03-04T00:15;1;EUR;MWh;NO;NO;102.44;;102.44;102.44;1;UP
2025-03-04T00:15;2025-03-04T00:30;2;EUR;MWh;NO;NO;112.88;137;112.88;112.88;1;UP
2025-03-04T00:30;2025-03-04T00:45;3;EUR;MWh;NO;NO;137.29;101.57;137.29;137.29;1;UP
2025-03-04T00:45;2025-03-04T01:00;4;EUR;MWh;NO;NO;107.46;;107.46;107.46;1;UP
2025-03-04T01:00;2025-03-04T01:15;5;EUR;MWh;NO;NO;110.89;;110.89;110.89;1;UP
2025-03-04T01:15;2025-03-04T01:30;6;EUR;MWh;NO;NO;125.1;;125.1;125.1;1;UP
2025-03-04T01:30;2025-03-04T01:45;7;EUR;MWh;NO;NO;115;;115;115;1;UP
2025-03-04T01:45;2025-03-04T02:00;8;EUR;MWh;NO;NO;99.88;86;99.88;80.29;2;UP_AND_DOWN
2025-03-04T02:00;2025-03-04T02:15;9;EUR;MWh;NO;NO;;66;66;66;-1;DOWN
2025-03-04T02:15;2025-03-04T02:30;10;EUR;MWh;NO;NO;125.1;66;125.1;125.1;1;UP
2025-03-04T02:30;2025-03-04T02:45;11;EUR;MWh;NO;NO;154.4;;154.4;154.4;1;UP
2025-03-04T02:45;2025-03-04T03:00;12;EUR;MWh;NO;NO;101;;101;101;1;UP
2025-03-04T03:00;2025-03-04T03:15;13;EUR;MWh;NO;NO;116;;116;116;1;UP
2025-03-04T03:15;2025-03-04T03:30;14;EUR;MWh;NO;NO;118;;118;118;1;UP
2025-03-04T03:30;2025-03-04T03:45;15;EUR;MWh;NO;NO;125;;125;125;1;UP
2025-03-04T03:45;2025-03-04T04:00;16;EUR;MWh;NO;NO;156;;156;156;1;UP
2025-03-04T04:00;2025-03-04T04:15;17;EUR;MWh;NO;NO;155.1;;155.1;155.1;1;UP
2025-03-04T04:15;2025-03-04T04:30;18;EUR;MWh;NO;NO;154.5;;154.5;154.5;1;UP
2025-03-04T04:30;2025-03-04T04:45;19;EUR;MWh;NO;NO;137.08;;137.08;137.08;1;UP
2025-03-04T04:45;2025-03-04T05:00;20;EUR;MWh;NO;NO;121.88;;121.88;121.88;1;UP
2025-03-04T05:00;2025-03-04T05:15;21;EUR;MWh;NO;NO;121.88;98.27;98.27;98.27;-1;DOWN
2025-03-04T05:15;2025-03-04T05:30;22;EUR;MWh;NO;NO;95.07;110.3;95.07;95.07;1;UP
2025-03-04T05:30;2025-03-04T05:45;23;EUR;MWh;NO;NO;95.07;91.92;91.92;91.92;-1;DOWN
2025-03-04T05:45;2025-03-04T06:00;24;EUR;MWh;NO;NO;;79.08;79.08;79.08;-1;DOWN
2025-03-04T06:00;2025-03-04T06:15;25;EUR;MWh;NO;NO;116.46;59;116.46;59;2;UP_AND_DOWN
2025-03-04T06:15;2025-03-04T06:30;26;EUR;MWh;NO;NO;65.07;90.3;81;81;2;UP_AND_DOWN
2025-03-04T06:30;2025-03-04T06:45;27;EUR;MWh;NO;NO;95.07;98.17;95.07;80.5;2;UP_AND_DOWN
2025-03-04T06:45;2025-03-04T07:00;28;EUR;MWh;NO;NO;95.07;;95.07;95.07;1;UP
2025-03-04T07:00;2025-03-04T07:15;29;EUR;MWh;NO;NO;75.07;99.72;85.54;85.54;2;UP_AND_DOWN
2025-03-04T07:15;2025-03-04T07:30;30;EUR;MWh;NO;NO;110;;110;110;1;UP
2025-03-04T07:30;2025-03-04T07:45;31;EUR;MWh;NO;NO;110;100.99;100.99;100.99;-1;DOWN
2025-03-04T07:45;2025-03-04T08:00;32;EUR;MWh;NO;NO;;106;106;106;-1;DOWN
2025-03-04T08:00;2025-03-04T08:15;33;EUR;MWh;NO;NO;200;106;200;200;1;UP
2025-03-04T08:15;2025-03-04T08:30;34;EUR;MWh;NO;NO;124.9;79.46;124.9;79.46;2;UP_AND_DOWN
2025-03-04T08:30;2025-03-04T08:45;35;EUR;MWh;NO;NO;;30.13;30.13;30.13;-1;DOWN
2025-03-04T08:45;2025-03-04T09:00;36;EUR;MWh;NO;NO;105;30.83;105;30.83;2;UP_AND_DOWN
2025-03-04T09:00;2025-03-04T09:15;37;EUR;MWh;NO;NO;105;90;105;80.29;2;UP_AND_DOWN
2025-03-04T09:15;2025-03-04T09:30;38;EUR;MWh;NO;NO;105;39.56;39.56;39.56;-1;DOWN
2025-03-04T09:30;2025-03-04T09:45;39;EUR;MWh;NO;NO;105;15;105;15;2;UP_AND_DOWN
2025-03-04T09:45;2025-03-04T10:00;40;EUR;MWh;NO;NO;;15;15;15;-1;DOWN
2025-03-04T10:00;2025-03-04T10:15;41;EUR;MWh;NO;NO;;-30;-30;-30;-1;DOWN
2025-03-04T10:15;2025-03-04T10:30;42;EUR;MWh;NO;NO;100.65;31.53;100.65;31.53;2;UP_AND_DOWN
2025-03-04T10:30;2025-03-04T10:45;43;EUR;MWh;NO;NO;;-30;-30;-30;-1;DOWN
2025-03-04T10:45;2025-03-04T11:00;44;EUR;MWh;NO;NO;;-30;-30;-30;-1;DOWN
2025-03-04T11:00;2025-03-04T11:15;45;EUR;MWh;NO;NO;;11.65;11.65;11.65;-1;DOWN
2025-03-04T11:15;2025-03-04T11:30;46;EUR;MWh;NO;NO;;-14.9;-14.9;-14.9;-1;DOWN
2025-03-04T11:30;2025-03-04T11:45;47;EUR;MWh;NO;NO;;-50;-50;-50;-1;DOWN
2025-03-04T11:45;2025-03-04T12:00;48;EUR;MWh;NO;NO;;-50;-50;-50;-1;DOWN
2025-03-04T12:00;2025-03-04T12:15;49;EUR;MWh;NO;NO;;-19.12;-19.12;-19.12;-1;DOWN
2025-03-04T12:15;2025-03-04T12:30;50;EUR;MWh;NO;NO;;-45;-45;-45;-1;DOWN
2025-03-04T12:30;2025-03-04T12:45;51;EUR;MWh;NO;NO;;-103;-103;-103;-1;DOWN
2025-03-04T12:45;2025-03-04T13:00;52;EUR;MWh;NO;NO;1895;-440.9;1895;1895;1;UP
2025-03-04T13:00;2025-03-04T13:15;53;EUR;MWh;NO;NO;136.7;-1378.81;136.7;-1378.81;2;UP_AND_DOWN
2025-03-04T13:15;2025-03-04T13:30;54;EUR;MWh;NO;NO;;-105;-105;-105;-1;DOWN
2025-03-04T13:30;2025-03-04T13:45;55;EUR;MWh;NO;NO;;-441.1;-441.1;-441.1;-1;DOWN
2025-03-04T13:45;2025-03-04T14:00;56;EUR;MWh;NO;NO;121.59;-45;121.59;-45;2;UP_AND_DOWN
2025-03-04T14:00;2025-03-04T14:15;57;EUR;MWh;NO;NO;121.59;-51.56;-51.56;-51.56;-1;DOWN
2025-03-04T14:15;2025-03-04T14:30;58;EUR;MWh;NO;NO;;;0;0;-1;DOWN
2025-03-04T14:30;2025-03-04T14:45;59;EUR;MWh;NO;NO;;12.4;12.4;12.4;-1;DOWN
2025-03-04T14:45;2025-03-04T15:00;60;EUR;MWh;NO;NO;;12.5;12.5;12.5;-1;DOWN
2025-03-04T15:00;2025-03-04T15:15;61;EUR;MWh;NO;NO;;-54;-54;-54;-1;DOWN
2025-03-04T15:15;2025-03-04T15:30;62;EUR;MWh;NO;NO;132.5;40.1;132.5;132.5;1;UP
2025-03-04T15:30;2025-03-04T15:45;63;EUR;MWh;NO;NO;100.65;;100.65;100.65;1;UP
2025-03-04T15:45;2025-03-04T16:00;64;EUR;MWh;NO;NO;102.14;61.62;102.14;102.14;1;UP
2025-03-04T16:00;2025-03-04T16:15;65;EUR;MWh;NO;NO;102.14;;0;0;-1;DOWN
2025-03-04T16:15;2025-03-04T16:30;66;EUR;MWh;NO;NO;120.4;;120.4;120.4;1;UP
2025-03-04T16:30;2025-03-04T16:45;67;EUR;MWh;NO;NO;126.4;79.56;126.4;48.73;2;UP_AND_DOWN
2025-03-04T16:45;2025-03-04T17:00;68;EUR;MWh;NO;NO;105.04;79.56;105.04;105.04;1;UP
2025-03-04T17:00;2025-03-04T17:15;69;EUR;MWh;NO;NO;59;-5;-5;-5;-1;DOWN
2025-03-04T17:15;2025-03-04T17:30;70;EUR;MWh;NO;NO;;11.65;11.65;11.65;-1;DOWN
2025-03-04T17:30;2025-03-04T17:45;71;EUR;MWh;NO;NO;;83.77;83.77;83.77;-1;DOWN
2025-03-04T17:45;2025-03-04T18:00;72;EUR;MWh;NO;NO;109.46;86.46;109.46;82.6;2;UP_AND_DOWN
2025-03-04T18:00;2025-03-04T18:15;73;EUR;MWh;NO;NO;75.07;59;80.29;59;2;UP_AND_DOWN
2025-03-04T18:15;2025-03-04T18:30;74;EUR;MWh;NO;NO;;68.96;68.96;68.96;-1;DOWN
2025-03-04T18:30;2025-03-04T18:45;75;EUR;MWh;NO;NO;;67;67;67;-1;DOWN
2025-03-04T18:45;2025-03-04T19:00;76;EUR;MWh;NO;NO;129.53;79.6;129.53;79.6;2;UP_AND_DOWN
2025-03-04T19:00;2025-03-04T19:15;77;EUR;MWh;NO;NO;128.12;;128.12;128.12;1;UP
2025-03-04T19:15;2025-03-04T19:30;78;EUR;MWh;NO;NO;128.12;79.46;79.46;79.46;-1;DOWN
2025-03-04T19:30;2025-03-04T19:45;79;EUR;MWh;NO;NO;;50;50;50;-1;DOWN
2025-03-04T19:45;2025-03-04T20:00;80;EUR;MWh;NO;NO;;39.46;39.46;39.46;-1;DOWN
2025-03-04T20:00;2025-03-04T20:15;81;EUR;MWh;NO;NO;;73.56;73.56;73.56;-1;DOWN
2025-03-04T20:15;2025-03-04T20:30;82;EUR;MWh;NO;NO;;73.46;73.46;73.46;-1;DOWN
2025-03-04T20:30;2025-03-04T20:45;83;EUR;MWh;NO;NO;;79.46;79.46;79.46;-1;DOWN
2025-03-04T20:45;2025-03-04T21:00;84;EUR;MWh;NO;NO;125.6;77;125.6;77;2;UP_AND_DOWN
2025-03-04T21:00;2025-03-04T21:15;85;EUR;MWh;NO;NO;113.04;;113.04;113.04;1;UP
2025-03-04T21:15;2025-03-04T21:30;86;EUR;MWh;NO;NO;110.04;;110.04;110.04;1;UP
2025-03-04T21:30;2025-03-04T21:45;87;EUR;MWh;NO;NO;113.04;;113.04;113.04;1;UP
2025-03-04T21:45;2025-03-04T22:00;88;EUR;MWh;NO;NO;143.22;;143.22;143.22;1;UP
2025-03-04T22:00;2025-03-04T22:15;89;EUR;MWh;NO;NO;100.85;73.46;100.85;73.46;2;UP_AND_DOWN
2025-03-04T22:15;2025-03-04T22:30;90;EUR;MWh;NO;NO;108.42;90;108.42;80.29;2;UP_AND_DOWN
2025-03-04T22:30;2025-03-04T22:45;91;EUR;MWh;NO;NO;;66.67;66.67;66.67;-1;DOWN
2025-03-04T22:45;2025-03-04T23:00;92;EUR;MWh;NO;NO;;50;50;50;-1;DOWN
2025-03-04T23:00;2025-03-04T23:15;93;EUR;MWh;NO;NO;;39.66;39.66;39.66;-1;DOWN
2025-03-04T23:15;2025-03-04T23:30;94;EUR;MWh;NO;NO;59;11.75;74.5;11.75;2;UP_AND_DOWN
2025-03-04T23:30;2025-03-04T23:45;95;EUR;MWh;NO;NO;95.07;;95.07;0;2;UP_AND_DOWN
2025-03-04T23:45;2025-03-05T00:00;96;EUR;MWh;NO;NO;;-15;-15;-15;-1;DOWN
2025-03-05T00:00;2025-03-05T00:15;1;EUR;MWh;NO;NO;107.99;-17.73;107.99;-17.73;2;UP_AND_DOWN
2025-03-05T00:15;2025-03-05T00:30;2;EUR;MWh;NO;NO;111.21;-35;111.21;-35;2;UP_AND_DOWN
2025-03-05T00:30;2025-03-05T00:45;3;EUR;MWh;NO;NO;;-20.71;-20.71;-20.71;-1;DOWN
2025-03-05T00:45;2025-03-05T01:00;4;EUR;MWh;NO;NO;;-29.7;-29.7;-29.7;-1;DOWN
2025-03-05T01:00;2025-03-05T01:15;5;EUR;MWh;NO;NO;107.99;1.7;107.99;1.7;2;UP_AND_DOWN
2025-03-05T01:15;2025-03-05T01:30;6;EUR;MWh;NO;NO;60;-7.1;72.5;-7.1;2;UP_AND_DOWN
2025-03-05T01:30;2025-03-05T01:45;7;EUR;MWh;NO;NO;99;-21;99;-21;2;UP_AND_DOWN
2025-03-05T01:45;2025-03-05T02:00;8;EUR;MWh;NO;NO;107.99;-25;107.99;-25;2;UP_AND_DOWN
2025-03-05T02:00;2025-03-05T02:15;9;EUR;MWh;NO;NO;101.23;62.99;62.99;62.99;-1;DOWN
2025-03-05T02:15;2025-03-05T02:30;10;EUR;MWh;NO;NO;;29.6;29.6;29.6;-1;DOWN
2025-03-05T02:30;2025-03-05T02:45;11;EUR;MWh;NO;NO;;29.6;29.6;29.6;-1;DOWN
2025-03-05T02:45;2025-03-05T03:00;12;EUR;MWh;NO;NO;112.47;77.99;112.47;72.5;2;UP_AND_DOWN
2025-03-05T03:00;2025-03-05T03:15;13;EUR;MWh;NO;NO;128;;128;128;1;UP
2025-03-05T03:15;2025-03-05T03:30;14;EUR;MWh;NO;NO;107.99;;107.99;107.99;1;UP
2025-03-05T03:30;2025-03-05T03:45;15;EUR;MWh;NO;NO;;50;50;50;-1;DOWN
2025-03-05T03:45;2025-03-05T04:00;16;EUR;MWh;NO;NO;;-8.09;-8.09;-8.09;-1;DOWN
2025-03-05T04:00;2025-03-05T04:15;17;EUR;MWh;NO;NO;;-3.32;-3.32;-3.32;-1;DOWN
2025-03-05T04:15;2025-03-05T04:30;18;EUR;MWh;NO;NO;;-6.9;-6.9;-6.9;-1;DOWN
2025-03-05T04:30;2025-03-05T04:45;19;EUR;MWh;NO;NO;;-6.9;-6.9;-6.9;-1;DOWN
2025-03-05T04:45;2025-03-05T05:00;20;EUR;MWh;NO;NO;;-6.9;-6.9;-6.9;-1;DOWN
2025-03-05T05:00;2025-03-05T05:15;21;EUR;MWh;NO;NO;;-3.97;-3.97;-3.97;-1;DOWN
2025-03-05T05:15;2025-03-05T05:30;22;EUR;MWh;NO;NO;;1.2;1.2;1.2;-1;DOWN
2025-03-05T05:30;2025-03-05T05:45;23;EUR;MWh;NO;NO;;1.2;1.2;1.2;-1;DOWN
2025-03-05T05:45;2025-03-05T06:00;24;EUR;MWh;NO;NO;122.82;-53.63;122.82;-53.63;2;UP_AND_DOWN
2025-03-05T06:00;2025-03-05T06:15;25;EUR;MWh;NO;NO;;-1.89;-1.89;-1.89;-1;DOWN
2025-03-05T06:15;2025-03-05T06:30;26;EUR;MWh;NO;NO;;66.61;66.61;66.61;-1;DOWN
2025-03-05T06:30;2025-03-05T06:45;27;EUR;MWh;NO;NO;;60;60;60;-1;DOWN
2025-03-05T06:45;2025-03-05T07:00;28;EUR;MWh;NO;NO;;25.86;25.86;25.86;-1;DOWN
2025-03-05T07:00;2025-03-05T07:15;29;EUR;MWh;NO;NO;;-23.63;-23.63;-23.63;-1;DOWN
2025-03-05T07:15;2025-03-05T07:30;30;EUR;MWh;NO;NO;;35.65;35.65;35.65;-1;DOWN
2025-03-05T07:30;2025-03-05T07:45;31;EUR;MWh;NO;NO;;25;25;25;-1;DOWN
2025-03-05T07:45;2025-03-05T08:00;32;EUR;MWh;NO;NO;;39.7;39.7;39.7;-1;DOWN
2025-03-05T08:00;2025-03-05T08:15;33;EUR;MWh;NO;NO;123.14;40.5;123.14;40.5;2;UP_AND_DOWN
2025-03-05T08:15;2025-03-05T08:30;34;EUR;MWh;NO;NO;;-48.81;-48.81;-48.81;-1;DOWN
2025-03-05T08:30;2025-03-05T08:45;35;EUR;MWh;NO;NO;;-30;-30;-30;-1;DOWN
2025-03-05T08:45;2025-03-05T09:00;36;EUR;MWh;NO;NO;;-17.27;-17.27;-17.27;-1;DOWN
2025-03-05T09:00;2025-03-05T09:15;37;EUR;MWh;NO;NO;;-229.27;-229.27;-229.27;-1;DOWN
2025-03-05T09:15;2025-03-05T09:30;38;EUR;MWh;NO;NO;1895;-16.6;1895;-16.6;2;UP_AND_DOWN
2025-03-05T09:30;2025-03-05T09:45;39;EUR;MWh;NO;NO;1895;-80;-80;-80;-1;DOWN
2025-03-05T09:45;2025-03-05T10:00;40;EUR;MWh;NO;NO;;-172.69;-172.69;-172.69;-1;DOWN
2025-03-05T10:00;2025-03-05T10:15;41;EUR;MWh;NO;NO;;-68.9;-68.9;-68.9;-1;DOWN
2025-03-05T10:15;2025-03-05T10:30;42;EUR;MWh;NO;NO;125.57;-80;125.57;-80;2;UP_AND_DOWN
2025-03-05T10:30;2025-03-05T10:45;43;EUR;MWh;NO;NO;74.96;-68.9;-68.9;-68.9;-1;DOWN
2025-03-05T10:45;2025-03-05T11:00;44;EUR;MWh;NO;NO;105;-68.9;105;105;1;UP
2025-03-05T11:00;2025-03-05T11:15;45;EUR;MWh;NO;NO;127.57;-1000;127.57;-1000;2;UP_AND_DOWN
2025-03-05T11:15;2025-03-05T11:30;46;EUR;MWh;NO;NO;144.23;-101.83;144.23;-101.83;2;UP_AND_DOWN
2025-03-05T11:30;2025-03-05T11:45;47;EUR;MWh;NO;NO;144.23;-55;-55;-55;-1;DOWN
2025-03-05T11:45;2025-03-05T12:00;48;EUR;MWh;NO;NO;;-55;-55;-55;-1;DOWN
2025-03-05T12:00;2025-03-05T12:15;49;EUR;MWh;NO;NO;56;-70;-70;-70;-1;DOWN
2025-03-05T12:15;2025-03-05T12:30;50;EUR;MWh;NO;NO;;-45;-45;-45;-1;DOWN
2025-03-05T12:30;2025-03-05T12:45;51;EUR;MWh;NO;NO;;-55;-55;-55;-1;DOWN
2025-03-05T12:45;2025-03-05T13:00;52;EUR;MWh;NO;NO;;-55;-55;-55;-1;DOWN
2025-03-05T13:00;2025-03-05T13:15;53;EUR;MWh;NO;NO;;-55;-55;-55;-1;DOWN
2025-03-05T13:15;2025-03-05T13:30;54;EUR;MWh;NO;NO;;-35;-35;-35;-1;DOWN
2025-03-05T13:30;2025-03-05T13:45;55;EUR;MWh;NO;NO;;-13.92;-13.92;-13.92;-1;DOWN
2025-03-05T13:45;2025-03-05T14:00;56;EUR;MWh;NO;NO;;-30;-30;-30;-1;DOWN
2025-03-05T14:00;2025-03-05T14:15;57;EUR;MWh;NO;NO;;-40;-40;-40;-1;DOWN
2025-03-05T14:15;2025-03-05T14:30;58;EUR;MWh;NO;NO;;-18.42;-18.42;-18.42;-1;DOWN
2025-03-05T14:30;2025-03-05T14:45;59;EUR;MWh;NO;NO;103.31;10;103.31;10;2;UP_AND_DOWN
2025-03-05T14:45;2025-03-05T15:00;60;EUR;MWh;NO;NO;111.65;;111.65;111.65;1;UP
2025-03-05T15:00;2025-03-05T15:15;61;EUR;MWh;NO;NO;111.65;-72;-72;-72;-1;DOWN
2025-03-05T15:15;2025-03-05T15:30;62;EUR;MWh;NO;NO;111.65;-30;111.65;-30;2;UP_AND_DOWN
2025-03-05T15:30;2025-03-05T15:45;63;EUR;MWh;NO;NO;116.57;-30;116.57;116.57;1;UP
2025-03-05T15:45;2025-03-05T16:00;64;EUR;MWh;NO;NO;145.65;-385.77;145.65;-385.77;2;UP_AND_DOWN
2025-03-05T16:00;2025-03-05T16:15;65;EUR;MWh;NO;NO;121.26;-172.39;121.26;-172.39;2;UP_AND_DOWN
2025-03-05T16:15;2025-03-05T16:30;66;EUR;MWh;NO;NO;126.89;-35;126.89;-35;2;UP_AND_DOWN
2025-03-05T16:30;2025-03-05T16:45;67;EUR;MWh;NO;NO;148.57;-35;148.57;148.57;1;UP
2025-03-05T16:45;2025-03-05T17:00;68;EUR;MWh;NO;NO;142.37;69.75;142.37;69.75;2;UP_AND_DOWN
2025-03-05T17:00;2025-03-05T17:15;69;EUR;MWh;NO;NO;;41.61;41.61;41.61;-1;DOWN
2025-03-05T17:15;2025-03-05T17:30;70;EUR;MWh;NO;NO;75.07;85.86;85.86;85.86;-1;DOWN
2025-03-05T17:30;2025-03-05T17:45;71;EUR;MWh;NO;NO;131;83.88;131;78.91;2;UP_AND_DOWN
2025-03-05T17:45;2025-03-05T18:00;72;EUR;MWh;NO;NO;131.3;;131.3;131.3;1;UP
2025-03-05T18:00;2025-03-05T18:15;73;EUR;MWh;NO;NO;109;89.67;109;77.05;2;UP_AND_DOWN
2025-03-05T18:15;2025-03-05T18:30;74;EUR;MWh;NO;NO;85;;85;85;1;UP
2025-03-05T18:30;2025-03-05T18:45;75;EUR;MWh;NO;NO;;86.61;86.61;86.61;-1;DOWN
2025-03-05T18:45;2025-03-05T19:00;76;EUR;MWh;NO;NO;113.32;87.57;113.32;113.32;1;UP
2025-03-05T19:00;2025-03-05T19:15;77;EUR;MWh;NO;NO;161.01;;161.01;161.01;1;UP
2025-03-05T19:15;2025-03-05T19:30;78;EUR;MWh;NO;NO;161.5;;161.5;161.5;1;UP
2025-03-05T19:30;2025-03-05T19:45;79;EUR;MWh;NO;NO;130.7;;130.7;130.7;1;UP
2025-03-05T19:45;2025-03-05T20:00;80;EUR;MWh;NO;NO;161.01;;161.01;161.01;1;UP
2025-03-05T20:00;2025-03-05T20:15;81;EUR;MWh;NO;NO;159;;159;159;1;UP
2025-03-05T20:15;2025-03-05T20:30;82;EUR;MWh;NO;NO;159;;159;159;1;UP
2025-03-05T20:30;2025-03-05T20:45;83;EUR;MWh;NO;NO;158.79;;158.79;158.79;1;UP
2025-03-05T20:45;2025-03-05T21:00;84;EUR;MWh;NO;NO;202.57;;202.57;202.57;1;UP
2025-03-05T21:00;2025-03-05T21:15;85;EUR;MWh;NO;NO;100;-30;100;-30;2;UP_AND_DOWN
2025-03-05T21:15;2025-03-05T21:30;86;EUR;MWh;NO;NO;131.1;73.61;131.1;70.84;2;UP_AND_DOWN
2025-03-05T21:30;2025-03-05T21:45;87;EUR;MWh;NO;NO;58;;58;58;1;UP
2025-03-05T21:45;2025-03-05T22:00;88;EUR;MWh;NO;NO;100;83.88;100;75.44;2;UP_AND_DOWN
2025-03-05T22:00;2025-03-05T22:15;89;EUR;MWh;NO;NO;123.57;79;123.57;71;2;UP_AND_DOWN
2025-03-05T22:15;2025-03-05T22:30;90;EUR;MWh;NO;NO;145.23;;145.23;145.23;1;UP
2025-03-05T22:30;2025-03-05T22:45;91;EUR;MWh;NO;NO;131;;131;131;1;UP
2025-03-05T22:45;2025-03-05T23:00;92;EUR;MWh;NO;NO;100;;100;100;1;UP
2025-03-05T23:00;2025-03-05T23:15;93;EUR;MWh;NO;NO;131;;131;131;1;UP
2025-03-05T23:15;2025-03-05T23:30;94;EUR;MWh;NO;NO;105.29;;105.29;105.29;1;UP
2025-03-05T23:30;2025-03-05T23:45;95;EUR;MWh;NO;NO;100;;100;100;1;UP
2025-03-05T23:45;2025-03-06T00:00;96;EUR;MWh;NO;NO;108;90.16;108;75.38;2;UP_AND_DOWN
2025-03-06T00:00;2025-03-06T00:15;1;EUR;MWh;NO;NO;108.07;91;108.07;88;2;UP_AND_DOWN
2025-03-06T00:15;2025-03-06T00:30;2;EUR;MWh;NO;NO;122.69;;122.69;122.69;1;UP
2025-03-06T00:30;2025-03-06T00:45;3;EUR;MWh;NO;NO;105.07;;105.07;105.07;1;UP
2025-03-06T00:45;2025-03-06T01:00;4;EUR;MWh;NO;NO;105.07;68.6;68.6;68.6;-1;DOWN
2025-03-06T01:00;2025-03-06T01:15;5;EUR;MWh;NO;NO;127.6;68.6;127.6;127.6;1;UP
2025-03-06T01:15;2025-03-06T01:30;6;EUR;MWh;NO;NO;120.69;;120.69;120.69;1;UP
2025-03-06T01:30;2025-03-06T01:45;7;EUR;MWh;NO;NO;75.07;81.6;75.07;75.07;1;UP
2025-03-06T01:45;2025-03-06T02:00;8;EUR;MWh;NO;NO;;51.22;51.22;51.22;-1;DOWN
2025-03-06T02:00;2025-03-06T02:15;9;EUR;MWh;NO;NO;110.6;68.6;110.6;68.6;2;UP_AND_DOWN
2025-03-06T02:15;2025-03-06T02:30;10;EUR;MWh;NO;NO;92.12;50;92.12;50;2;UP_AND_DOWN
2025-03-06T02:30;2025-03-06T02:45;11;EUR;MWh;NO;NO;92.04;58.1;92.04;58.1;2;UP_AND_DOWN
2025-03-06T02:45;2025-03-06T03:00;12;EUR;MWh;NO;NO;58;60;60;60;-1;DOWN
2025-03-06T03:00;2025-03-06T03:15;13;EUR;MWh;NO;NO;;60;60;60;-1;DOWN
2025-03-06T03:15;2025-03-06T03:30;14;EUR;MWh;NO;NO;;58;58;58;-1;DOWN
2025-03-06T03:30;2025-03-06T03:45;15;EUR;MWh;NO;NO;;34.69;34.69;34.69;-1;DOWN
2025-03-06T03:45;2025-03-06T04:00;16;EUR;MWh;NO;NO;;46.65;46.65;46.65;-1;DOWN
2025-03-06T04:00;2025-03-06T04:15;17;EUR;MWh;NO;NO;;60;60;60;-1;DOWN
2025-03-06T04:15;2025-03-06T04:30;18;EUR;MWh;NO;NO;127.1;69.89;127.1;69.8;2;UP_AND_DOWN
2025-03-06T04:30;2025-03-06T04:45;19;EUR;MWh;NO;NO;127.1;;127.1;127.1;1;UP
2025-03-06T04:45;2025-03-06T05:00;20;EUR;MWh;NO;NO;124.67;;124.67;124.67;1;UP
2025-03-06T05:00;2025-03-06T05:15;21;EUR;MWh;NO;NO;124.93;;124.93;124.93;1;UP
2025-03-06T05:15;2025-03-06T05:30;22;EUR;MWh;NO;NO;104.79;60;104.79;60;2;UP_AND_DOWN
2025-03-06T05:30;2025-03-06T05:45;23;EUR;MWh;NO;NO;108.69;;108.69;108.69;1;UP
2025-03-06T05:45;2025-03-06T06:00;24;EUR;MWh;NO;NO;110.6;60;110.6;60;2;UP_AND_DOWN
2025-03-06T06:00;2025-03-06T06:15;25;EUR;MWh;NO;NO;140;80.13;140;75.3;2;UP_AND_DOWN
2025-03-06T06:15;2025-03-06T06:30;26;EUR;MWh;NO;NO;140;;140;140;1;UP
2025-03-06T06:30;2025-03-06T06:45;27;EUR;MWh;NO;NO;139;85;139;75.3;2;UP_AND_DOWN
2025-03-06T06:45;2025-03-06T07:00;28;EUR;MWh;NO;NO;152.87;;152.87;152.87;1;UP
2025-03-06T07:00;2025-03-06T07:15;29;EUR;MWh;NO;NO;127.6;;127.6;127.6;1;UP
2025-03-06T07:15;2025-03-06T07:30;30;EUR;MWh;NO;NO;127.6;;127.6;127.6;1;UP
2025-03-06T07:30;2025-03-06T07:45;31;EUR;MWh;NO;NO;127.6;85.73;85.73;85.73;-1;DOWN
2025-03-06T07:45;2025-03-06T08:00;32;EUR;MWh;NO;NO;;54;54;54;-1;DOWN
2025-03-06T08:00;2025-03-06T08:15;33;EUR;MWh;NO;NO;110;5;110;110;1;UP
2025-03-06T08:15;2025-03-06T08:30;34;EUR;MWh;NO;NO;127.1;58;127.1;58;2;UP_AND_DOWN
2025-03-06T08:30;2025-03-06T08:45;35;EUR;MWh;NO;NO;85.07;54;90;54;2;UP_AND_DOWN
2025-03-06T08:45;2025-03-06T09:00;36;EUR;MWh;NO;NO;;28.69;28.69;28.69;-1;DOWN
2025-03-06T09:00;2025-03-06T09:15;37;EUR;MWh;NO;NO;127.6;29.57;127.6;29.57;2;UP_AND_DOWN
2025-03-06T09:15;2025-03-06T09:30;38;EUR;MWh;NO;NO;110;;110;110;1;UP
2025-03-06T09:30;2025-03-06T09:45;39;EUR;MWh;NO;NO;110;60;110;60;2;UP_AND_DOWN
2025-03-06T09:45;2025-03-06T10:00;40;EUR;MWh;NO;NO;110;50.69;50.69;50.69;-1;DOWN
2025-03-06T10:00;2025-03-06T10:15;41;EUR;MWh;NO;NO;110.07;40;110.07;40;2;UP_AND_DOWN
2025-03-06T10:15;2025-03-06T10:30;42;EUR;MWh;NO;NO;110;123;110;99.04;2;UP_AND_DOWN
2025-03-06T10:30;2025-03-06T10:45;43;EUR;MWh;NO;NO;;-10;-10;-10;-1;DOWN
2025-03-06T10:45;2025-03-06T11:00;44;EUR;MWh;NO;NO;;-26;-26;-26;-1;DOWN
2025-03-06T11:00;2025-03-06T11:15;45;EUR;MWh;NO;NO;447.01;;447.01;0;2;UP_AND_DOWN
2025-03-06T11:15;2025-03-06T11:30;46;EUR;MWh;NO;NO;141.03;;141.03;141.03;1;UP
2025-03-06T11:30;2025-03-06T11:45;47;EUR;MWh;NO;NO;141.03;-30;-30;-30;-1;DOWN
2025-03-06T11:45;2025-03-06T12:00;48;EUR;MWh;NO;NO;100.98;-44.9;100.98;-44.9;2;UP_AND_DOWN
2025-03-06T12:00;2025-03-06T12:15;49;EUR;MWh;NO;NO;100;-20;102.54;-20;2;UP_AND_DOWN
2025-03-06T12:15;2025-03-06T12:30;50;EUR;MWh;NO;NO;;-29.7;-29.7;-29.7;-1;DOWN
2025-03-06T12:30;2025-03-06T12:45;51;EUR;MWh;NO;NO;;-29.8;-29.8;-29.8;-1;DOWN
2025-03-06T12:45;2025-03-06T13:00;52;EUR;MWh;NO;NO;;-30;-30;-30;-1;DOWN
2025-03-06T13:00;2025-03-06T13:15;53;EUR;MWh;NO;NO;;;0;0;-1;DOWN
2025-03-06T13:15;2025-03-06T13:30;54;EUR;MWh;NO;NO;;-28;-28;-28;-1;DOWN
2025-03-06T13:30;2025-03-06T13:45;55;EUR;MWh;NO;NO;;-20;-20;-20;-1;DOWN
2025-03-06T13:45;2025-03-06T14:00;56;EUR;MWh;NO;NO;;-30;-30;-30;-1;DOWN
2025-03-06T14:00;2025-03-06T14:15;57;EUR;MWh;NO;NO;;-28;-28;-28;-1;DOWN
2025-03-06T14:15;2025-03-06T14:30;58;EUR;MWh;NO;NO;;-70;-70;-70;-1;DOWN
2025-03-06T14:30;2025-03-06T14:45;59;EUR;MWh;NO;NO;;46.65;46.65;46.65;-1;DOWN
2025-03-06T14:45;2025-03-06T15:00;60;EUR;MWh;NO;NO;;;0;0;-1;DOWN
2025-03-06T15:00;2025-03-06T15:15;61;EUR;MWh;NO;NO;100;46.65;100;46.65;2;UP_AND_DOWN
2025-03-06T15:15;2025-03-06T15:30;62;EUR;MWh;NO;NO;102;;102;102;1;UP
2025-03-06T15:30;2025-03-06T15:45;63;EUR;MWh;NO;NO;127.6;;127.6;127.6;1;UP
2025-03-06T15:45;2025-03-06T16:00;64;EUR;MWh;NO;NO;140;85;140;140;1;UP
2025-03-06T16:00;2025-03-06T16:15;65;EUR;MWh;NO;NO;;-32;-32;-32;-1;DOWN
2025-03-06T16:15;2025-03-06T16:30;66;EUR;MWh;NO;NO;147.9;-32;147.9;147.9;1;UP
2025-03-06T16:30;2025-03-06T16:45;67;EUR;MWh;NO;NO;135;;135;135;1;UP
2025-03-06T16:45;2025-03-06T17:00;68;EUR;MWh;NO;NO;148.1;;148.1;148.1;1;UP
2025-03-06T17:00;2025-03-06T17:15;69;EUR;MWh;NO;NO;127.69;76.9;127.69;71.98;2;UP_AND_DOWN
2025-03-06T17:15;2025-03-06T17:30;70;EUR;MWh;NO;NO;202.15;;202.15;202.15;1;UP
2025-03-06T17:30;2025-03-06T17:45;71;EUR;MWh;NO;NO;306.82;;306.82;306.82;1;UP
2025-03-06T17:45;2025-03-06T18:00;72;EUR;MWh;NO;NO;708.12;;708.12;708.12;1;UP
2025-03-06T18:00;2025-03-06T18:15;73;EUR;MWh;NO;NO;204.69;;204.69;204.69;1;UP
2025-03-06T18:15;2025-03-06T18:30;74;EUR;MWh;NO;NO;210.73;;210.73;210.73;1;UP
2025-03-06T18:30;2025-03-06T18:45;75;EUR;MWh;NO;NO;204.69;;204.69;204.69;1;UP
2025-03-06T18:45;2025-03-06T19:00;76;EUR;MWh;NO;NO;255.73;;255.73;255.73;1;UP
2025-03-06T19:00;2025-03-06T19:15;77;EUR;MWh;NO;NO;700;;700;700;1;UP
2025-03-06T19:15;2025-03-06T19:30;78;EUR;MWh;NO;NO;215.19;;215.19;215.19;1;UP
2025-03-06T19:30;2025-03-06T19:45;79;EUR;MWh;NO;NO;139;;139;139;1;UP
2025-03-06T19:45;2025-03-06T20:00;80;EUR;MWh;NO;NO;184.87;;184.87;184.87;1;UP
2025-03-06T20:00;2025-03-06T20:15;81;EUR;MWh;NO;NO;200;;200;200;1;UP
2025-03-06T20:15;2025-03-06T20:30;82;EUR;MWh;NO;NO;96.03;155;109;109;2;UP_AND_DOWN
2025-03-06T20:30;2025-03-06T20:45;83;EUR;MWh;NO;NO;;85;85;85;-1;DOWN
2025-03-06T20:45;2025-03-06T21:00;84;EUR;MWh;NO;NO;107.03;85;107.03;85;2;UP_AND_DOWN
2025-03-06T21:00;2025-03-06T21:15;85;EUR;MWh;NO;NO;122.69;;122.69;122.69;1;UP
2025-03-06T21:15;2025-03-06T21:30;86;EUR;MWh;NO;NO;125.94;;125.94;125.94;1;UP
2025-03-06T21:30;2025-03-06T21:45;87;EUR;MWh;NO;NO;127.5;;127.5;127.5;1;UP
2025-03-06T21:45;2025-03-06T22:00;88;EUR;MWh;NO;NO;116.77;130;116.77;94;2;UP_AND_DOWN
2025-03-06T22:00;2025-03-06T22:15;89;EUR;MWh;NO;NO;200;70;200;70;2;UP_AND_DOWN
2025-03-06T22:15;2025-03-06T22:30;90;EUR;MWh;NO;NO;172;;172;172;1;UP
2025-03-06T22:30;2025-03-06T22:45;91;EUR;MWh;NO;NO;75.07;4.5;94;4.5;2;UP_AND_DOWN
2025-03-06T22:45;2025-03-06T23:00;92;EUR;MWh;NO;NO;;4.5;4.5;4.5;-1;DOWN
2025-03-06T23:00;2025-03-06T23:15;93;EUR;MWh;NO;NO;;-3.9;-3.9;-3.9;-1;DOWN
2025-03-06T23:15;2025-03-06T23:30;94;EUR;MWh;NO;NO;;56.69;56.69;56.69;-1;DOWN
2025-03-06T23:30;2025-03-06T23:45;95;EUR;MWh;NO;NO;;47.69;47.69;47.69;-1;DOWN
2025-03-06T23:45;2025-03-07T00:00;96;EUR;MWh;NO;NO;;48.48;48.48;48.48;-1;DOWN
2025-03-07T00:00;2025-03-07T00:15;1;EUR;MWh;NO;NO;;59.69;59.69;59.69;-1;DOWN
2025-03-07T00:15;2025-03-07T00:30;2;EUR;MWh;NO;NO;101.18;70;101.18;70;2;UP_AND_DOWN
2025-03-07T00:30;2025-03-07T00:45;3;EUR;MWh;NO;NO;95.74;59.69;59.69;59.69;-1;DOWN
2025-03-07T00:45;2025-03-07T01:00;4;EUR;MWh;NO;NO;;55;55;55;-1;DOWN
2025-03-07T01:00;2025-03-07T01:15;5;EUR;MWh;NO;NO;;50.1;50.1;50.1;-1;DOWN
2025-03-07T01:15;2025-03-07T01:30;6;EUR;MWh;NO;NO;101.18;85.63;101.18;70.32;2;UP_AND_DOWN
2025-03-07T01:30;2025-03-07T01:45;7;EUR;MWh;NO;NO;99.18;;99.18;99.18;1;UP
2025-03-07T01:45;2025-03-07T02:00;8;EUR;MWh;NO;NO;96.69;82.15;96.69;70.32;2;UP_AND_DOWN
2025-03-07T02:00;2025-03-07T02:15;9;EUR;MWh;NO;NO;100.75;78.18;100.75;74.35;2;UP_AND_DOWN
2025-03-07T02:15;2025-03-07T02:30;10;EUR;MWh;NO;NO;101.18;;101.18;101.18;1;UP
2025-03-07T02:30;2025-03-07T02:45;11;EUR;MWh;NO;NO;101.18;;101.18;101.18;1;UP
2025-03-07T02:45;2025-03-07T03:00;12;EUR;MWh;NO;NO;109.69;;109.69;109.69;1;UP
2025-03-07T03:00;2025-03-07T03:15;13;EUR;MWh;NO;NO;95.69;55;95.69;55;2;UP_AND_DOWN
2025-03-07T03:15;2025-03-07T03:30;14;EUR;MWh;NO;NO;;67.69;67.69;67.69;-1;DOWN
2025-03-07T03:30;2025-03-07T03:45;15;EUR;MWh;NO;NO;;90.69;90.69;90.69;-1;DOWN
2025-03-07T03:45;2025-03-07T04:00;16;EUR;MWh;NO;NO;103.03;;103.03;103.03;1;UP
2025-03-07T04:00;2025-03-07T04:15;17;EUR;MWh;NO;NO;122.9;83.59;122.9;83.59;2;UP_AND_DOWN
2025-03-07T04:15;2025-03-07T04:30;18;EUR;MWh;NO;NO;127.69;;127.69;127.69;1;UP
2025-03-07T04:30;2025-03-07T04:45;19;EUR;MWh;NO;NO;122.9;;122.9;122.9;1;UP
2025-03-07T04:45;2025-03-07T05:00;20;EUR;MWh;NO;NO;116.18;70;70;70;-1;DOWN
2025-03-07T05:00;2025-03-07T05:15;21;EUR;MWh;NO;NO;93.64;71.28;93.64;71.28;2;UP_AND_DOWN
2025-03-07T05:15;2025-03-07T05:30;22;EUR;MWh;NO;NO;139;71.28;139;139;1;UP
2025-03-07T05:30;2025-03-07T05:45;23;EUR;MWh;NO;NO;151.69;;151.69;151.69;1;UP
2025-03-07T05:45;2025-03-07T06:00;24;EUR;MWh;NO;NO;139;70.79;70.79;70.79;-1;DOWN
2025-03-07T06:00;2025-03-07T06:15;25;EUR;MWh;NO;NO;139;58.46;58.46;58.46;-1;DOWN
2025-03-07T06:15;2025-03-07T06:30;26;EUR;MWh;NO;NO;115;58.46;115;115;1;UP
2025-03-07T06:30;2025-03-07T06:45;27;EUR;MWh;NO;NO;139;;139;139;1;UP
2025-03-07T06:45;2025-03-07T07:00;28;EUR;MWh;NO;NO;153.5;;153.5;153.5;1;UP
2025-03-07T07:00;2025-03-07T07:15;29;EUR;MWh;NO;NO;200;;200;200;1;UP
2025-03-07T07:15;2025-03-07T07:30;30;EUR;MWh;NO;NO;200;;200;200;1;UP
2025-03-07T07:30;2025-03-07T07:45;31;EUR;MWh;NO;NO;450;;450;450;1;UP
2025-03-07T07:45;2025-03-07T08:00;32;EUR;MWh;NO;NO;426.59;;426.59;426.59;1;UP
2025-03-07T08:00;2025-03-07T08:15;33;EUR;MWh;NO;NO;153.4;67.69;67.69;67.69;-1;DOWN
2025-03-07T08:15;2025-03-07T08:30;34;EUR;MWh;NO;NO;;58.46;58.46;58.46;-1;DOWN
2025-03-07T08:30;2025-03-07T08:45;35;EUR;MWh;NO;NO;121.78;55;121.78;55;2;UP_AND_DOWN
2025-03-07T08:45;2025-03-07T09:00;36;EUR;MWh;NO;NO;;-30;-30;-30;-1;DOWN
2025-03-07T09:00;2025-03-07T09:15;37;EUR;MWh;NO;NO;92.83;-104.65;92.83;-104.65;2;UP_AND_DOWN
2025-03-07T09:15;2025-03-07T09:30;38;EUR;MWh;NO;NO;188.69;;188.69;188.69;1;UP
2025-03-07T09:30;2025-03-07T09:45;39;EUR;MWh;NO;NO;150.8;73.46;150.8;68.23;2;UP_AND_DOWN
2025-03-07T09:45;2025-03-07T10:00;40;EUR;MWh;NO;NO;94.75;;94.75;94.75;1;UP
2025-03-07T10:00;2025-03-07T10:15;41;EUR;MWh;NO;NO;75.07;81.46;75.07;68.98;2;UP_AND_DOWN
2025-03-07T10:15;2025-03-07T10:30;42;EUR;MWh;NO;NO;108;;108;108;1;UP
2025-03-07T10:30;2025-03-07T10:45;43;EUR;MWh;NO;NO;108;-45.49;-45.49;-45.49;-1;DOWN
2025-03-07T10:45;2025-03-07T11:00;44;EUR;MWh;NO;NO;108;-50;108;-50;2;UP_AND_DOWN
2025-03-07T11:00;2025-03-07T11:15;45;EUR;MWh;NO;NO;110.07;-15;110.07;-15;2;UP_AND_DOWN
2025-03-07T11:15;2025-03-07T11:30;46;EUR;MWh;NO;NO;;;0;0;-1;DOWN
2025-03-07T11:30;2025-03-07T11:45;47;EUR;MWh;NO;NO;;16.6;16.6;16.6;-1;DOWN
2025-03-07T11:45;2025-03-07T12:00;48;EUR;MWh;NO;NO;;;0;0;-1;DOWN
2025-03-07T12:00;2025-03-07T12:15;49;EUR;MWh;NO;NO;91.75;-50;91.75;-50;2;UP_AND_DOWN
2025-03-07T12:15;2025-03-07T12:30;50;EUR;MWh;NO;NO;91.75;-50;-50;-50;-1;DOWN
2025-03-07T12:30;2025-03-07T12:45;51;EUR;MWh;NO;NO;113;-60;113;113;1;UP
2025-03-07T12:45;2025-03-07T13:00;52;EUR;MWh;NO;NO;108;-30;-30;-30;-1;DOWN
2025-03-07T13:00;2025-03-07T13:15;53;EUR;MWh;NO;NO;;-30;-30;-30;-1;DOWN
2025-03-07T13:15;2025-03-07T13:30;54;EUR;MWh;NO;NO;;-7.7;-7.7;-7.7;-1;DOWN
2025-03-07T13:30;2025-03-07T13:45;55;EUR;MWh;NO;NO;;;0;0;-1;DOWN
2025-03-07T13:45;2025-03-07T14:00;56;EUR;MWh;NO;NO;;-49.9;-49.9;-49.9;-1;DOWN
2025-03-07T14:00;2025-03-07T14:15;57;EUR;MWh;NO;NO;;-100;-100;-100;-1;DOWN
2025-03-07T14:15;2025-03-07T14:30;58;EUR;MWh;NO;NO;;-30;-30;-30;-1;DOWN
2025-03-07T14:30;2025-03-07T14:45;59;EUR;MWh;NO;NO;;11.65;11.65;11.65;-1;DOWN
2025-03-07T14:45;2025-03-07T15:00;60;EUR;MWh;NO;NO;;19;19;19;-1;DOWN
2025-03-07T15:00;2025-03-07T15:15;61;EUR;MWh;NO;NO;;11.65;11.65;11.65;-1;DOWN
2025-03-07T15:15;2025-03-07T15:30;62;EUR;MWh;NO;NO;75.07;55;55;55;-1;DOWN
2025-03-07T15:30;2025-03-07T15:45;63;EUR;MWh;NO;NO;108;55;108;108;1;UP
2025-03-07T15:45;2025-03-07T16:00;64;EUR;MWh;NO;NO;95.69;-1.54;-1.54;-1.54;-1;DOWN
2025-03-07T16:00;2025-03-07T16:15;65;EUR;MWh;NO;NO;146.7;55;146.7;55;2;UP_AND_DOWN
2025-03-07T16:15;2025-03-07T16:30;66;EUR;MWh;NO;NO;128;70;128;68.23;2;UP_AND_DOWN
2025-03-07T16:30;2025-03-07T16:45;67;EUR;MWh;NO;NO;;1.57;1.57;1.57;-1;DOWN
2025-03-07T16:45;2025-03-07T17:00;68;EUR;MWh;NO;NO;98.47;70.71;98.47;69.74;2;UP_AND_DOWN
2025-03-07T17:00;2025-03-07T17:15;69;EUR;MWh;NO;NO;139;81.36;139;69.44;2;UP_AND_DOWN
2025-03-07T17:15;2025-03-07T17:30;70;EUR;MWh;NO;NO;139;;139;139;1;UP
2025-03-07T17:30;2025-03-07T17:45;71;EUR;MWh;NO;NO;500;;500;500;1;UP
2025-03-07T17:45;2025-03-07T18:00;72;EUR;MWh;NO;NO;1895;;1895;1895;1;UP
2025-03-07T18:00;2025-03-07T18:15;73;EUR;MWh;NO;NO;1895;;1895;1895;1;UP
2025-03-07T18:15;2025-03-07T18:30;74;EUR;MWh;NO;NO;1895;;1895;1895;1;UP
2025-03-07T18:30;2025-03-07T18:45;75;EUR;MWh;NO;NO;1895;;1895;1895;1;UP
2025-03-07T18:45;2025-03-07T19:00;76;EUR;MWh;NO;NO;450;;450;450;1;UP
2025-03-07T19:00;2025-03-07T19:15;77;EUR;MWh;NO;NO;1000;;1000;1000;1;UP
2025-03-07T19:15;2025-03-07T19:30;78;EUR;MWh;NO;NO;147.4;;147.4;147.4;1;UP
2025-03-07T19:30;2025-03-07T19:45;79;EUR;MWh;NO;NO;108;;108;108;1;UP
2025-03-07T19:45;2025-03-07T20:00;80;EUR;MWh;NO;NO;119;;119;119;1;UP
2025-03-07T20:00;2025-03-07T20:15;81;EUR;MWh;NO;NO;186.69;;186.69;186.69;1;UP
2025-03-07T20:15;2025-03-07T20:30;82;EUR;MWh;NO;NO;123.1;;123.1;123.1;1;UP
2025-03-07T20:30;2025-03-07T20:45;83;EUR;MWh;NO;NO;103.03;;103.03;103.03;1;UP
2025-03-07T20:45;2025-03-07T21:00;84;EUR;MWh;NO;NO;121;;121;121;1;UP
2025-03-07T21:00;2025-03-07T21:15;85;EUR;MWh;NO;NO;1895;;1895;1895;1;UP
2025-03-07T21:15;2025-03-07T21:30;86;EUR;MWh;NO;NO;408.55;;408.55;408.55;1;UP
2025-03-07T21:30;2025-03-07T21:45;87;EUR;MWh;NO;NO;164.56;;164.56;164.56;1;UP
2025-03-07T21:45;2025-03-07T22:00;88;EUR;MWh;NO;NO;122.8;;122.8;122.8;1;UP
2025-03-07T22:00;2025-03-07T22:15;89;EUR;MWh;NO;NO;122.8;71.01;71.01;71.01;-1;DOWN
2025-03-07T22:15;2025-03-07T22:30;90;EUR;MWh;NO;NO;122.7;81.67;122.7;81.67;2;UP_AND_DOWN
2025-03-07T22:30;2025-03-07T22:45;91;EUR;MWh;NO;NO;115;81.67;115;115;1;UP
2025-03-07T22:45;2025-03-07T23:00;92;EUR;MWh;NO;NO;115;81.56;81.56;81.56;-1;DOWN
2025-03-07T23:00;2025-03-07T23:15;93;EUR;MWh;NO;NO;;70.71;70.71;70.71;-1;DOWN
2025-03-07T23:15;2025-03-07T23:30;94;EUR;MWh;NO;NO;55;79.57;79.57;79.57;-1;DOWN
2025-03-07T23:30;2025-03-07T23:45;95;EUR;MWh;NO;NO;;73.92;73.92;73.92;-1;DOWN
2025-03-07T23:45;2025-03-08T00:00;96;EUR;MWh;NO;NO;55;70;81.61;70;2;UP_AND_DOWN
2025-03-08T00:00;2025-03-08T00:15;1;EUR;MWh;NO;NO;;66.57;66.57;66.57;-1;DOWN
2025-03-08T00:15;2025-03-08T00:30;2;EUR;MWh;NO;NO;;80;80;80;-1;DOWN
2025-03-08T00:30;2025-03-08T00:45;3;EUR;MWh;NO;NO;;70.4;70.4;70.4;-1;DOWN
2025-03-08T00:45;2025-03-08T01:00;4;EUR;MWh;NO;NO;;71.65;71.65;71.65;-1;DOWN
2025-03-08T01:00;2025-03-08T01:15;5;EUR;MWh;NO;NO;105;80;105;67.79;2;UP_AND_DOWN
2025-03-08T01:15;2025-03-08T01:30;6;EUR;MWh;NO;NO;;75.57;75.57;75.57;-1;DOWN
2025-03-08T01:30;2025-03-08T01:45;7;EUR;MWh;NO;NO;;73.46;73.46;73.46;-1;DOWN
2025-03-08T01:45;2025-03-08T02:00;8;EUR;MWh;NO;NO;;78.84;78.84;78.84;-1;DOWN
2025-03-08T02:00;2025-03-08T02:15;9;EUR;MWh;NO;NO;100.57;80;100.57;80;2;UP_AND_DOWN
2025-03-08T02:15;2025-03-08T02:30;10;EUR;MWh;NO;NO;;73.08;73.08;73.08;-1;DOWN
2025-03-08T02:30;2025-03-08T02:45;11;EUR;MWh;NO;NO;;68.81;68.81;68.81;-1;DOWN
2025-03-08T02:45;2025-03-08T03:00;12;EUR;MWh;NO;NO;;80.72;80.72;80.72;-1;DOWN
2025-03-08T03:00;2025-03-08T03:15;13;EUR;MWh;NO;NO;;73.49;73.49;73.49;-1;DOWN
2025-03-08T03:15;2025-03-08T03:30;14;EUR;MWh;NO;NO;105;81;105;76.85;2;UP_AND_DOWN
2025-03-08T03:30;2025-03-08T03:45;15;EUR;MWh;NO;NO;105;81;81;81;-1;DOWN
2025-03-08T03:45;2025-03-08T04:00;16;EUR;MWh;NO;NO;;81.46;81.46;81.46;-1;DOWN
2025-03-08T04:00;2025-03-08T04:15;17;EUR;MWh;NO;NO;86.57;82.97;86.57;74.82;2;UP_AND_DOWN
2025-03-08T04:15;2025-03-08T04:30;18;EUR;MWh;NO;NO;100.57;;100.57;100.57;1;UP
2025-03-08T04:30;2025-03-08T04:45;19;EUR;MWh;NO;NO;142;;142;142;1;UP
2025-03-08T04:45;2025-03-08T05:00;20;EUR;MWh;NO;NO;142;;142;142;1;UP
2025-03-08T05:00;2025-03-08T05:15;21;EUR;MWh;NO;NO;95.07;88.99;95.07;70;2;UP_AND_DOWN
2025-03-08T05:15;2025-03-08T05:30;22;EUR;MWh;NO;NO;;81.87;81.87;81.87;-1;DOWN
2025-03-08T05:30;2025-03-08T05:45;23;EUR;MWh;NO;NO;;79.67;79.67;79.67;-1;DOWN
2025-03-08T05:45;2025-03-08T06:00;24;EUR;MWh;NO;NO;95.07;82.8;95.07;82.8;2;UP_AND_DOWN
2025-03-08T06:00;2025-03-08T06:15;25;EUR;MWh;NO;NO;95.07;63.46;63.46;63.46;-1;DOWN
2025-03-08T06:15;2025-03-08T06:30;26;EUR;MWh;NO;NO;100.57;84.9;100.57;69.95;2;UP_AND_DOWN
2025-03-08T06:30;2025-03-08T06:45;27;EUR;MWh;NO;NO;110.5;;110.5;110.5;1;UP
2025-03-08T06:45;2025-03-08T07:00;28;EUR;MWh;NO;NO;110.5;;110.5;110.5;1;UP
2025-03-08T07:00;2025-03-08T07:15;29;EUR;MWh;NO;NO;167.57;;167.57;167.57;1;UP
2025-03-08T07:15;2025-03-08T07:30;30;EUR;MWh;NO;NO;118.57;;118.57;118.57;1;UP
2025-03-08T07:30;2025-03-08T07:45;31;EUR;MWh;NO;NO;118.57;71.4;71.4;71.4;-1;DOWN
2025-03-08T07:45;2025-03-08T08:00;32;EUR;MWh;NO;NO;;6.77;6.77;6.77;-1;DOWN
2025-03-08T08:00;2025-03-08T08:15;33;EUR;MWh;NO;NO;96.57;-70;96.57;-70;2;UP_AND_DOWN
2025-03-08T08:15;2025-03-08T08:30;34;EUR;MWh;NO;NO;105;8.57;8.57;8.57;-1;DOWN
2025-03-08T08:30;2025-03-08T08:45;35;EUR;MWh;NO;NO;65.07;6.57;66.5;6.57;2;UP_AND_DOWN
2025-03-08T08:45;2025-03-08T09:00;36;EUR;MWh;NO;NO;;47.57;47.57;47.57;-1;DOWN
2025-03-08T09:00;2025-03-08T09:15;37;EUR;MWh;NO;NO;109.1;81.57;109.1;57.42;2;UP_AND_DOWN
2025-03-08T09:15;2025-03-08T09:30;38;EUR;MWh;NO;NO;85.07;75;85.07;57.42;2;UP_AND_DOWN
2025-03-08T09:30;2025-03-08T09:45;39;EUR;MWh;NO;NO;;62.57;62.57;62.57;-1;DOWN
2025-03-08T09:45;2025-03-08T10:00;40;EUR;MWh;NO;NO;30.43;59.57;56.22;56.22;2;UP_AND_DOWN
2025-03-08T10:00;2025-03-08T10:15;41;EUR;MWh;NO;NO;95.07;75;95.07;56;2;UP_AND_DOWN
2025-03-08T10:15;2025-03-08T10:30;42;EUR;MWh;NO;NO;120.3;8.57;120.3;8.57;2;UP_AND_DOWN
2025-03-08T10:30;2025-03-08T10:45;43;EUR;MWh;NO;NO;;-50;-50;-50;-1;DOWN
2025-03-08T10:45;2025-03-08T11:00;44;EUR;MWh;NO;NO;154.1;-58;154.1;154.1;1;UP
2025-03-08T11:00;2025-03-08T11:15;45;EUR;MWh;NO;NO;145;-31;145;-31;2;UP_AND_DOWN
2025-03-08T11:15;2025-03-08T11:30;46;EUR;MWh;NO;NO;;-42;-42;-42;-1;DOWN
2025-03-08T11:30;2025-03-08T11:45;47;EUR;MWh;NO;NO;;-31;-31;-31;-1;DOWN
2025-03-08T11:45;2025-03-08T12:00;48;EUR;MWh;NO;NO;;-27.9;-27.9;-27.9;-1;DOWN
2025-03-08T12:00;2025-03-08T12:15;49;EUR;MWh;NO;NO;;-31;-31;-31;-1;DOWN
2025-03-08T12:15;2025-03-08T12:30;50;EUR;MWh;NO;NO;;-50;-50;-50;-1;DOWN
2025-03-08T12:30;2025-03-08T12:45;51;EUR;MWh;NO;NO;;-49.9;-49.9;-49.9;-1;DOWN
2025-03-08T12:45;2025-03-08T13:00;52;EUR;MWh;NO;NO;43.37;-70;43.37;43.37;1;UP
2025-03-08T13:00;2025-03-08T13:15;53;EUR;MWh;NO;NO;67.25;-31;92.54;-31;2;UP_AND_DOWN
2025-03-08T13:15;2025-03-08T13:30;54;EUR;MWh;NO;NO;;-30;-30;-30;-1;DOWN
2025-03-08T13:30;2025-03-08T13:45;55;EUR;MWh;NO;NO;;-31;-31;-31;-1;DOWN
2025-03-08T13:45;2025-03-08T14:00;56;EUR;MWh;NO;NO;;-29.9;-29.9;-29.9;-1;DOWN
2025-03-08T14:00;2025-03-08T14:15;57;EUR;MWh;NO;NO;;-39;-39;-39;-1;DOWN
2025-03-08T14:15;2025-03-08T14:30;58;EUR;MWh;NO;NO;;-31;-31;-31;-1;DOWN
2025-03-08T14:30;2025-03-08T14:45;59;EUR;MWh;NO;NO;;.57;.57;.57;-1;DOWN
2025-03-08T14:45;2025-03-08T15:00;60;EUR;MWh;NO;NO;;-30;-30;-30;-1;DOWN
2025-03-08T15:00;2025-03-08T15:15;61;EUR;MWh;NO;NO;;-30;-30;-30;-1;DOWN
2025-03-08T15:15;2025-03-08T15:30;62;EUR;MWh;NO;NO;;62.57;62.57;62.57;-1;DOWN
2025-03-08T15:30;2025-03-08T15:45;63;EUR;MWh;NO;NO;;.57;.57;.57;-1;DOWN
2025-03-08T15:45;2025-03-08T16:00;64;EUR;MWh;NO;NO;;-28;-28;-28;-1;DOWN
2025-03-08T16:00;2025-03-08T16:15;65;EUR;MWh;NO;NO;;-30;-30;-30;-1;DOWN
2025-03-08T16:15;2025-03-08T16:30;66;EUR;MWh;NO;NO;;-2.79;-2.79;-2.79;-1;DOWN
2025-03-08T16:30;2025-03-08T16:45;67;EUR;MWh;NO;NO;85.07;4.57;85.07;4.57;2;UP_AND_DOWN
2025-03-08T16:45;2025-03-08T17:00;68;EUR;MWh;NO;NO;;10;10;10;-1;DOWN
2025-03-08T17:00;2025-03-08T17:15;69;EUR;MWh;NO;NO;;66.4;66.4;66.4;-1;DOWN
2025-03-08T17:15;2025-03-08T17:30;70;EUR;MWh;NO;NO;100;74.34;100;66.67;2;UP_AND_DOWN
2025-03-08T17:30;2025-03-08T17:45;71;EUR;MWh;NO;NO;153.4;66.8;153.4;66.8;2;UP_AND_DOWN
2025-03-08T17:45;2025-03-08T18:00;72;EUR;MWh;NO;NO;153.5;;153.5;153.5;1;UP
2025-03-08T18:00;2025-03-08T18:15;73;EUR;MWh;NO;NO;100;;100;100;1;UP
2025-03-08T18:15;2025-03-08T18:30;74;EUR;MWh;NO;NO;100;78.57;78.57;78.57;-1;DOWN
2025-03-08T18:30;2025-03-08T18:45;75;EUR;MWh;NO;NO;;60;60;60;-1;DOWN
2025-03-08T18:45;2025-03-08T19:00;76;EUR;MWh;NO;NO;;50;50;50;-1;DOWN
2025-03-08T19:00;2025-03-08T19:15;77;EUR;MWh;NO;NO;132.61;60;132.61;60;2;UP_AND_DOWN
2025-03-08T19:15;2025-03-08T19:30;78;EUR;MWh;NO;NO;75.07;59.34;75.07;59.34;2;UP_AND_DOWN
2025-03-08T19:30;2025-03-08T19:45;79;EUR;MWh;NO;NO;;51;51;51;-1;DOWN
2025-03-08T19:45;2025-03-08T20:00;80;EUR;MWh;NO;NO;116.57;29.57;116.57;29.57;2;UP_AND_DOWN
2025-03-08T20:00;2025-03-08T20:15;81;EUR;MWh;NO;NO;105.69;-.94;-.94;-.94;-1;DOWN
2025-03-08T20:15;2025-03-08T20:30;82;EUR;MWh;NO;NO;;6.57;6.57;6.57;-1;DOWN
2025-03-08T20:30;2025-03-08T20:45;83;EUR;MWh;NO;NO;;-26;-26;-26;-1;DOWN
2025-03-08T20:45;2025-03-08T21:00;84;EUR;MWh;NO;NO;;.57;.57;.57;-1;DOWN
2025-03-08T21:00;2025-03-08T21:15;85;EUR;MWh;NO;NO;;19.57;19.57;19.57;-1;DOWN
2025-03-08T21:15;2025-03-08T21:30;86;EUR;MWh;NO;NO;;8;8;8;-1;DOWN
2025-03-08T21:30;2025-03-08T21:45;87;EUR;MWh;NO;NO;;-16.6;-16.6;-16.6;-1;DOWN
2025-03-08T21:45;2025-03-08T22:00;88;EUR;MWh;NO;NO;;10.57;10.57;10.57;-1;DOWN
2025-03-08T22:00;2025-03-08T22:15;89;EUR;MWh;NO;NO;;6.57;6.57;6.57;-1;DOWN
2025-03-08T22:15;2025-03-08T22:30;90;EUR;MWh;NO;NO;;6;6;6;-1;DOWN
2025-03-08T22:30;2025-03-08T22:45;91;EUR;MWh;NO;NO;;6.57;6.57;6.57;-1;DOWN
2025-03-08T22:45;2025-03-08T23:00;92;EUR;MWh;NO;NO;;10.57;10.57;10.57;-1;DOWN
2025-03-08T23:00;2025-03-08T23:15;93;EUR;MWh;NO;NO;;19.57;19.57;19.57;-1;DOWN
2025-03-08T23:15;2025-03-08T23:30;94;EUR;MWh;NO;NO;;19.57;19.57;19.57;-1;DOWN
2025-03-08T23:30;2025-03-08T23:45;95;EUR;MWh;NO;NO;;26.57;26.57;26.57;-1;DOWN
2025-03-08T23:45;2025-03-09T00:00;96;EUR;MWh;NO;NO;;50;50;50;-1;DOWN
2025-03-09T00:00;2025-03-09T00:15;1;EUR;MWh;NO;NO;;30;30;30;-1;DOWN
2025-03-09T00:15;2025-03-09T00:30;2;EUR;MWh;NO;NO;;44.57;44.57;44.57;-1;DOWN
2025-03-09T00:30;2025-03-09T00:45;3;EUR;MWh;NO;NO;;89.57;71.29;71.29;0;STABLE
2025-03-09T00:45;2025-03-09T01:00;4;EUR;MWh;NO;NO;;79.57;79.57;79.57;-1;DOWN
2025-03-09T01:00;2025-03-09T01:15;5;EUR;MWh;NO;NO;;88.57;88.57;88.57;-1;DOWN
2025-03-09T01:15;2025-03-09T01:30;6;EUR;MWh;NO;NO;;67.57;67.57;67.57;-1;DOWN
2025-03-09T01:30;2025-03-09T01:45;7;EUR;MWh;NO;NO;;30;30;30;-1;DOWN
2025-03-09T01:45;2025-03-09T02:00;8;EUR;MWh;NO;NO;;30;30;30;-1;DOWN
2025-03-09T02:00;2025-03-09T02:15;9;EUR;MWh;NO;NO;;30;30;30;-1;DOWN
2025-03-09T02:15;2025-03-09T02:30;10;EUR;MWh;NO;NO;;30;30;30;-1;DOWN
2025-03-09T02:30;2025-03-09T02:45;11;EUR;MWh;NO;NO;;50;50;50;-1;DOWN
2025-03-09T02:45;2025-03-09T03:00;12;EUR;MWh;NO;NO;90;86.57;90;71.29;2;UP_AND_DOWN
2025-03-09T03:00;2025-03-09T03:15;13;EUR;MWh;NO;NO;90;;90;90;1;UP
2025-03-09T03:15;2025-03-09T03:30;14;EUR;MWh;NO;NO;85.07;;85.07;85.07;1;UP
2025-03-09T03:30;2025-03-09T03:45;15;EUR;MWh;NO;NO;90;;90;90;1;UP
2025-03-09T03:45;2025-03-09T04:00;16;EUR;MWh;NO;NO;90;74.1;90;74.1;2;UP_AND_DOWN
2025-03-09T04:00;2025-03-09T04:15;17;EUR;MWh;NO;NO;90;89.57;90;90;1;UP
2025-03-09T04:15;2025-03-09T04:30;18;EUR;MWh;NO;NO;90;;90;90;1;UP
2025-03-09T04:30;2025-03-09T04:45;19;EUR;MWh;NO;NO;95.07;;95.07;95.07;1;UP
2025-03-09T04:45;2025-03-09T05:00;20;EUR;MWh;NO;NO;90;;90;90;1;UP
2025-03-09T05:00;2025-03-09T05:15;21;EUR;MWh;NO;NO;;34.83;34.83;34.83;-1;DOWN
2025-03-09T05:15;2025-03-09T05:30;22;EUR;MWh;NO;NO;;74.3;74.3;74.3;-1;DOWN
2025-03-09T05:30;2025-03-09T05:45;23;EUR;MWh;NO;NO;;69.83;69.83;69.83;-1;DOWN
2025-03-09T05:45;2025-03-09T06:00;24;EUR;MWh;NO;NO;;74.83;74.83;74.83;-1;DOWN
2025-03-09T06:00;2025-03-09T06:15;25;EUR;MWh;NO;NO;99;89.57;99;99;1;UP
2025-03-09T06:15;2025-03-09T06:30;26;EUR;MWh;NO;NO;100.56;59.83;100.56;59.83;2;UP_AND_DOWN
2025-03-09T06:30;2025-03-09T06:45;27;EUR;MWh;NO;NO;90;64.83;90;64.83;2;UP_AND_DOWN
2025-03-09T06:45;2025-03-09T07:00;28;EUR;MWh;NO;NO;90;59.83;90;59.83;2;UP_AND_DOWN
2025-03-09T07:00;2025-03-09T07:15;29;EUR;MWh;NO;NO;124;73.57;124;124;1;UP
2025-03-09T07:15;2025-03-09T07:30;30;EUR;MWh;NO;NO;120.57;82;120.57;120.57;1;UP
2025-03-09T07:30;2025-03-09T07:45;31;EUR;MWh;NO;NO;112.8;74.83;112.8;71.29;2;UP_AND_DOWN
2025-03-09T07:45;2025-03-09T08:00;32;EUR;MWh;NO;NO;112.8;48.57;48.57;48.57;-1;DOWN
2025-03-09T08:00;2025-03-09T08:15;33;EUR;MWh;NO;NO;;5.57;5.57;5.57;-1;DOWN
2025-03-09T08:15;2025-03-09T08:30;34;EUR;MWh;NO;NO;;21.65;21.65;21.65;-1;DOWN
2025-03-09T08:30;2025-03-09T08:45;35;EUR;MWh;NO;NO;;-50;-50;-50;-1;DOWN
2025-03-09T08:45;2025-03-09T09:00;36;EUR;MWh;NO;NO;;-60;-60;-60;-1;DOWN
2025-03-09T09:00;2025-03-09T09:15;37;EUR;MWh;NO;NO;90;-60;90;90;1;UP
2025-03-09T09:15;2025-03-09T09:30;38;EUR;MWh;NO;NO;90;;90;90;1;UP
2025-03-09T09:30;2025-03-09T09:45;39;EUR;MWh;NO;NO;110.6;38;110.6;38;2;UP_AND_DOWN
2025-03-09T09:45;2025-03-09T10:00;40;EUR;MWh;NO;NO;85.07;29.57;85.07;29.57;2;UP_AND_DOWN
2025-03-09T10:00;2025-03-09T10:15;41;EUR;MWh;NO;NO;90;82;90;59.79;2;UP_AND_DOWN
2025-03-09T10:15;2025-03-09T10:30;42;EUR;MWh;NO;NO;85.07;80;85.07;59.79;2;UP_AND_DOWN
2025-03-09T10:30;2025-03-09T10:45;43;EUR;MWh;NO;NO;75.07;21.65;75.07;21.65;2;UP_AND_DOWN
2025-03-09T10:45;2025-03-09T11:00;44;EUR;MWh;NO;NO;;-43;-43;-43;-1;DOWN
2025-03-09T11:00;2025-03-09T11:15;45;EUR;MWh;NO;NO;108.2;10;108.2;10;2;UP_AND_DOWN
2025-03-09T11:15;2025-03-09T11:30;46;EUR;MWh;NO;NO;90.57;64.83;90.57;59.79;2;UP_AND_DOWN
2025-03-09T11:30;2025-03-09T11:45;47;EUR;MWh;NO;NO;30;59.83;59.79;59.79;2;UP_AND_DOWN
2025-03-09T11:45;2025-03-09T12:00;48;EUR;MWh;NO;NO;;81;81;81;-1;DOWN
2025-03-09T12:00;2025-03-09T12:15;49;EUR;MWh;NO;NO;53;69.83;59.79;59.79;2;UP_AND_DOWN
2025-03-09T12:15;2025-03-09T12:30;50;EUR;MWh;NO;NO;;78;78;78;-1;DOWN
2025-03-09T12:30;2025-03-09T12:45;51;EUR;MWh;NO;NO;;64.83;64.83;64.83;-1;DOWN
2025-03-09T12:45;2025-03-09T13:00;52;EUR;MWh;NO;NO;;34.83;34.83;34.83;-1;DOWN
2025-03-09T13:00;2025-03-09T13:15;53;EUR;MWh;NO;NO;;-31;-31;-31;-1;DOWN
2025-03-09T13:15;2025-03-09T13:30;54;EUR;MWh;NO;NO;;3.57;3.57;3.57;-1;DOWN
2025-03-09T13:30;2025-03-09T13:45;55;EUR;MWh;NO;NO;;-3.7;-3.7;-3.7;-1;DOWN
2025-03-09T13:45;2025-03-09T14:00;56;EUR;MWh;NO;NO;;11.57;11.57;11.57;-1;DOWN
2025-03-09T14:00;2025-03-09T14:15;57;EUR;MWh;NO;NO;75.07;59.83;75.07;59.83;2;UP_AND_DOWN
2025-03-09T14:15;2025-03-09T14:30;58;EUR;MWh;NO;NO;104.4;59.83;104.4;104.4;1;UP
2025-03-09T14:30;2025-03-09T14:45;59;EUR;MWh;NO;NO;104.3;;104.3;104.3;1;UP
2025-03-09T14:45;2025-03-09T15:00;60;EUR;MWh;NO;NO;109.57;;109.57;109.57;1;UP
2025-03-09T15:00;2025-03-09T15:15;61;EUR;MWh;NO;NO;109.57;5.57;5.57;5.57;-1;DOWN
2025-03-09T15:15;2025-03-09T15:30;62;EUR;MWh;NO;NO;;13.57;13.57;13.57;-1;DOWN
2025-03-09T15:30;2025-03-09T15:45;63;EUR;MWh;NO;NO;91.8;13.57;91.8;91.8;1;UP
2025-03-09T15:45;2025-03-09T16:00;64;EUR;MWh;NO;NO;116.57;;116.57;116.57;1;UP
2025-03-09T16:00;2025-03-09T16:15;65;EUR;MWh;NO;NO;130.7;;130.7;130.7;1;UP
2025-03-09T16:15;2025-03-09T16:30;66;EUR;MWh;NO;NO;130.7;;130.7;130.7;1;UP
2025-03-09T16:30;2025-03-09T16:45;67;EUR;MWh;NO;NO;108.15;;108.15;108.15;1;UP
2025-03-09T16:45;2025-03-09T17:00;68;EUR;MWh;NO;NO;100.57;;100.57;100.57;1;UP
2025-03-09T17:00;2025-03-09T17:15;69;EUR;MWh;NO;NO;130.8;;130.8;130.8;1;UP
2025-03-09T17:15;2025-03-09T17:30;70;EUR;MWh;NO;NO;157.8;;157.8;157.8;1;UP
2025-03-09T17:30;2025-03-09T17:45;71;EUR;MWh;NO;NO;157.9;82.83;157.9;71.29;2;UP_AND_DOWN
2025-03-09T17:45;2025-03-09T18:00;72;EUR;MWh;NO;NO;141.57;86.67;141.57;71.29;2;UP_AND_DOWN
2025-03-09T18:00;2025-03-09T18:15;73;EUR;MWh;NO;NO;;53;53;53;-1;DOWN
2025-03-09T18:15;2025-03-09T18:30;74;EUR;MWh;NO;NO;96.5;88.99;96.5;71.29;2;UP_AND_DOWN
2025-03-09T18:30;2025-03-09T18:45;75;EUR;MWh;NO;NO;53;;53;53;1;UP
2025-03-09T18:45;2025-03-09T19:00;76;EUR;MWh;NO;NO;;84.3;84.3;84.3;-1;DOWN
2025-03-09T19:00;2025-03-09T19:15;77;EUR;MWh;NO;NO;53;84.3;74.21;74.21;2;UP_AND_DOWN
2025-03-09T19:15;2025-03-09T19:30;78;EUR;MWh;NO;NO;;95.41;95.41;95.41;-1;DOWN
2025-03-09T19:30;2025-03-09T19:45;79;EUR;MWh;NO;NO;;79.27;79.27;79.27;-1;DOWN
2025-03-09T19:45;2025-03-09T20:00;80;EUR;MWh;NO;NO;;30;30;30;-1;DOWN
2025-03-09T20:00;2025-03-09T20:15;81;EUR;MWh;NO;NO;;46.57;46.57;46.57;-1;DOWN
2025-03-09T20:15;2025-03-09T20:30;82;EUR;MWh;NO;NO;;53;53;53;-1;DOWN
2025-03-09T20:30;2025-03-09T20:45;83;EUR;MWh;NO;NO;;30;30;30;-1;DOWN
2025-03-09T20:45;2025-03-09T21:00;84;EUR;MWh;NO;NO;;21.65;21.65;21.65;-1;DOWN
2025-03-09T21:00;2025-03-09T21:15;85;EUR;MWh;NO;NO;;73.26;73.26;73.26;-1;DOWN
2025-03-09T21:15;2025-03-09T21:30;86;EUR;MWh;NO;NO;;67.39;67.39;67.39;-1;DOWN
2025-03-09T21:30;2025-03-09T21:45;87;EUR;MWh;NO;NO;95.07;89.57;95.07;95.07;1;UP
2025-03-09T21:45;2025-03-09T22:00;88;EUR;MWh;NO;NO;;53;53;53;-1;DOWN
2025-03-09T22:00;2025-03-09T22:15;89;EUR;MWh;NO;NO;;40.69;40.69;40.69;-1;DOWN
2025-03-09T22:15;2025-03-09T22:30;90;EUR;MWh;NO;NO;;30;30;30;-1;DOWN
2025-03-09T22:30;2025-03-09T22:45;91;EUR;MWh;NO;NO;;29.96;29.96;29.96;-1;DOWN
2025-03-09T22:45;2025-03-09T23:00;92;EUR;MWh;NO;NO;;30;30;30;-1;DOWN
2025-03-09T23:00;2025-03-09T23:15;93;EUR;MWh;NO;NO;;47.1;47.1;47.1;-1;DOWN
2025-03-09T23:15;2025-03-09T23:30;94;EUR;MWh;NO;NO;;74.83;74.83;74.83;-1;DOWN
2025-03-09T23:30;2025-03-09T23:45;95;EUR;MWh;NO;NO;;82;82;82;-1;DOWN
2025-03-09T23:45;2025-03-10T00:00;96;EUR;MWh;NO;NO;;92.89;92.89;92.89;-1;DOWN
2025-03-10T00:00;2025-03-10T00:15;1;EUR;MWh;NO;NO;98.93;84.69;98.93;84.69;2;UP_AND_DOWN
2025-03-10T00:15;2025-03-10T00:30;2;EUR;MWh;NO;NO;88.56;79;88.63;79;2;UP_AND_DOWN
2025-03-10T00:30;2025-03-10T00:45;3;EUR;MWh;NO;NO;124;76.02;124;76.02;2;UP_AND_DOWN
2025-03-10T00:45;2025-03-10T01:00;4;EUR;MWh;NO;NO;114.9;84.79;114.9;84.79;2;UP_AND_DOWN
2025-03-10T01:00;2025-03-10T01:15;5;EUR;MWh;NO;NO;114.8;68.79;114.8;68.79;2;UP_AND_DOWN
2025-03-10T01:15;2025-03-10T01:30;6;EUR;MWh;NO;NO;;67.79;67.79;67.79;-1;DOWN
2025-03-10T01:30;2025-03-10T01:45;7;EUR;MWh;NO;NO;;75.69;75.69;75.69;-1;DOWN
2025-03-10T01:45;2025-03-10T02:00;8;EUR;MWh;NO;NO;;67.49;67.49;67.49;-1;DOWN
2025-03-10T02:00;2025-03-10T02:15;9;EUR;MWh;NO;NO;98.56;82;98.56;82;2;UP_AND_DOWN
2025-03-10T02:15;2025-03-10T02:30;10;EUR;MWh;NO;NO;;81.22;81.22;81.22;-1;DOWN
2025-03-10T02:30;2025-03-10T02:45;11;EUR;MWh;NO;NO;98.93;87.69;98.93;87.69;2;UP_AND_DOWN
2025-03-10T02:45;2025-03-10T03:00;12;EUR;MWh;NO;NO;;82;82;82;-1;DOWN
2025-03-10T03:00;2025-03-10T03:15;13;EUR;MWh;NO;NO;115.4;84.02;115.4;115.4;1;UP
2025-03-10T03:15;2025-03-10T03:30;14;EUR;MWh;NO;NO;123.93;;123.93;123.93;1;UP
2025-03-10T03:30;2025-03-10T03:45;15;EUR;MWh;NO;NO;136.6;;136.6;136.6;1;UP
2025-03-10T03:45;2025-03-10T04:00;16;EUR;MWh;NO;NO;136.6;;136.6;136.6;1;UP
2025-03-10T04:00;2025-03-10T04:15;17;EUR;MWh;NO;NO;143.93;;143.93;143.93;1;UP
2025-03-10T04:15;2025-03-10T04:30;18;EUR;MWh;NO;NO;144;;144;144;1;UP
2025-03-10T04:30;2025-03-10T04:45;19;EUR;MWh;NO;NO;138.8;;138.8;138.8;1;UP
2025-03-10T04:45;2025-03-10T05:00;20;EUR;MWh;NO;NO;138.9;;138.9;138.9;1;UP
2025-03-10T05:00;2025-03-10T05:15;21;EUR;MWh;NO;NO;88.56;83.89;83.89;83.89;-1;DOWN
2025-03-10T05:15;2025-03-10T05:30;22;EUR;MWh;NO;NO;95.81;;95.81;95.81;1;UP
2025-03-10T05:30;2025-03-10T05:45;23;EUR;MWh;NO;NO;166;;166;166;1;UP
2025-03-10T05:45;2025-03-10T06:00;24;EUR;MWh;NO;NO;166;67.86;67.86;67.86;-1;DOWN
2025-03-10T06:00;2025-03-10T06:15;25;EUR;MWh;NO;NO;115.1;52;115.1;52;2;UP_AND_DOWN
2025-03-10T06:15;2025-03-10T06:30;26;EUR;MWh;NO;NO;124;52;124;124;1;UP
2025-03-10T06:30;2025-03-10T06:45;27;EUR;MWh;NO;NO;103.87;88.79;103.87;88.68;2;UP_AND_DOWN
2025-03-10T06:45;2025-03-10T07:00;28;EUR;MWh;NO;NO;;82.69;82.69;82.69;-1;DOWN
2025-03-10T07:00;2025-03-10T07:15;29;EUR;MWh;NO;NO;;83.69;83.69;83.69;-1;DOWN
2025-03-10T07:15;2025-03-10T07:30;30;EUR;MWh;NO;NO;108.57;83.69;108.57;108.57;1;UP
2025-03-10T07:30;2025-03-10T07:45;31;EUR;MWh;NO;NO;98.93;80.8;98.93;80.8;2;UP_AND_DOWN
2025-03-10T07:45;2025-03-10T08:00;32;EUR;MWh;NO;NO;;84.89;84.89;84.89;-1;DOWN
2025-03-10T08:00;2025-03-10T08:15;33;EUR;MWh;NO;NO;139.12;86.89;139.12;139.12;1;UP
2025-03-10T08:15;2025-03-10T08:30;34;EUR;MWh;NO;NO;139.12;64.57;64.57;64.57;-1;DOWN
2025-03-10T08:30;2025-03-10T08:45;35;EUR;MWh;NO;NO;;64.57;64.57;64.57;-1;DOWN
2025-03-10T08:45;2025-03-10T09:00;36;EUR;MWh;NO;NO;;52;52;52;-1;DOWN
2025-03-10T09:00;2025-03-10T09:15;37;EUR;MWh;NO;NO;;-50;-50;-50;-1;DOWN
2025-03-10T09:15;2025-03-10T09:30;38;EUR;MWh;NO;NO;103.28;76.92;103.28;67.5;2;UP_AND_DOWN
2025-03-10T09:30;2025-03-10T09:45;39;EUR;MWh;NO;NO;93.68;76.1;93.68;67.5;2;UP_AND_DOWN
2025-03-10T09:45;2025-03-10T10:00;40;EUR;MWh;NO;NO;;65.38;65.38;65.38;-1;DOWN
2025-03-10T10:00;2025-03-10T10:15;41;EUR;MWh;NO;NO;;24.75;24.75;24.75;-1;DOWN
2025-03-10T10:15;2025-03-10T10:30;42;EUR;MWh;NO;NO;;14.57;14.57;14.57;-1;DOWN
2025-03-10T10:30;2025-03-10T10:45;43;EUR;MWh;NO;NO;;76.92;76.92;76.92;-1;DOWN
2025-03-10T10:45;2025-03-10T11:00;44;EUR;MWh;NO;NO;89.18;76;89.18;67.5;2;UP_AND_DOWN
2025-03-10T11:00;2025-03-10T11:15;45;EUR;MWh;NO;NO;90.68;65.55;90.68;65.55;2;UP_AND_DOWN
2025-03-10T11:15;2025-03-10T11:30;46;EUR;MWh;NO;NO;;48.08;48.08;48.08;-1;DOWN
2025-03-10T11:30;2025-03-10T11:45;47;EUR;MWh;NO;NO;;38.57;38.57;38.57;-1;DOWN
2025-03-10T11:45;2025-03-10T12:00;48;EUR;MWh;NO;NO;;49.57;49.57;49.57;-1;DOWN
2025-03-10T12:00;2025-03-10T12:15;49;EUR;MWh;NO;NO;;41.43;41.43;41.43;-1;DOWN
2025-03-10T12:15;2025-03-10T12:30;50;EUR;MWh;NO;NO;;49;49;49;-1;DOWN
2025-03-10T12:30;2025-03-10T12:45;51;EUR;MWh;NO;NO;;65.3;65.3;65.3;-1;DOWN
2025-03-10T12:45;2025-03-10T13:00;52;EUR;MWh;NO;NO;;74.49;74.49;74.49;-1;DOWN
2025-03-10T13:00;2025-03-10T13:15;53;EUR;MWh;NO;NO;115.3;76.92;115.3;67.5;2;UP_AND_DOWN
2025-03-10T13:15;2025-03-10T13:30;54;EUR;MWh;NO;NO;114.9;;114.9;114.9;1;UP
2025-03-10T13:30;2025-03-10T13:45;55;EUR;MWh;NO;NO;93.68;;93.68;93.68;1;UP
2025-03-10T13:45;2025-03-10T14:00;56;EUR;MWh;NO;NO;90.68;79.92;90.68;65.96;2;UP_AND_DOWN
2025-03-10T14:00;2025-03-10T14:15;57;EUR;MWh;NO;NO;90.68;72.12;90.68;72.12;2;UP_AND_DOWN
2025-03-10T14:15;2025-03-10T14:30;58;EUR;MWh;NO;NO;124.2;;124.2;124.2;1;UP
2025-03-10T14:30;2025-03-10T14:45;59;EUR;MWh;NO;NO;117.91;;117.91;117.91;1;UP
2025-03-10T14:45;2025-03-10T15:00;60;EUR;MWh;NO;NO;107.91;;107.91;107.91;1;UP
2025-03-10T15:00;2025-03-10T15:15;61;EUR;MWh;NO;NO;116.2;79.57;116.2;79.57;2;UP_AND_DOWN
2025-03-10T15:15;2025-03-10T15:30;62;EUR;MWh;NO;NO;113;79.77;113;79.77;2;UP_AND_DOWN
2025-03-10T15:30;2025-03-10T15:45;63;EUR;MWh;NO;NO;126;77.12;126;77.12;2;UP_AND_DOWN
2025-03-10T15:45;2025-03-10T16:00;64;EUR;MWh;NO;NO;137.91;71;137.91;71;2;UP_AND_DOWN
2025-03-10T16:00;2025-03-10T16:15;65;EUR;MWh;NO;NO;;31.92;31.92;31.92;-1;DOWN
2025-03-10T16:15;2025-03-10T16:30;66;EUR;MWh;NO;NO;;64.57;64.57;64.57;-1;DOWN
2025-03-10T16:30;2025-03-10T16:45;67;EUR;MWh;NO;NO;107.91;68.39;107.91;66.06;2;UP_AND_DOWN
2025-03-10T16:45;2025-03-10T17:00;68;EUR;MWh;NO;NO;113.5;67.89;113.5;65.96;2;UP_AND_DOWN
2025-03-10T17:00;2025-03-10T17:15;69;EUR;MWh;NO;NO;;59.69;59.69;59.69;-1;DOWN
2025-03-10T17:15;2025-03-10T17:30;70;EUR;MWh;NO;NO;100.14;84.79;100.14;84.79;2;UP_AND_DOWN
2025-03-10T17:30;2025-03-10T17:45;71;EUR;MWh;NO;NO;119;84.79;119;84.79;2;UP_AND_DOWN
2025-03-10T17:45;2025-03-10T18:00;72;EUR;MWh;NO;NO;119;90.06;119;119;1;UP
2025-03-10T18:00;2025-03-10T18:15;73;EUR;MWh;NO;NO;;81;81;81;-1;DOWN
2025-03-10T18:15;2025-03-10T18:30;74;EUR;MWh;NO;NO;;81;81;81;-1;DOWN
2025-03-10T18:30;2025-03-10T18:45;75;EUR;MWh;NO;NO;;79.57;79.57;79.57;-1;DOWN
2025-03-10T18:45;2025-03-10T19:00;76;EUR;MWh;NO;NO;;65.69;65.69;65.69;-1;DOWN
2025-03-10T19:00;2025-03-10T19:15;77;EUR;MWh;NO;NO;;68;68;68;-1;DOWN
2025-03-10T19:15;2025-03-10T19:30;78;EUR;MWh;NO;NO;;84.02;84.02;84.02;-1;DOWN
2025-03-10T19:30;2025-03-10T19:45;79;EUR;MWh;NO;NO;;78.69;78.69;78.69;-1;DOWN
2025-03-10T19:45;2025-03-10T20:00;80;EUR;MWh;NO;NO;;71.69;71.69;71.69;-1;DOWN
2025-03-10T20:00;2025-03-10T20:15;81;EUR;MWh;NO;NO;119;72.44;119;71.28;2;UP_AND_DOWN
2025-03-10T20:15;2025-03-10T20:30;82;EUR;MWh;NO;NO;;80.5;80.5;80.5;-1;DOWN
2025-03-10T20:30;2025-03-10T20:45;83;EUR;MWh;NO;NO;;77.69;77.69;77.69;-1;DOWN
2025-03-10T20:45;2025-03-10T21:00;84;EUR;MWh;NO;NO;;81;81;81;-1;DOWN
2025-03-10T21:00;2025-03-10T21:15;85;EUR;MWh;NO;NO;103.49;86.69;103.49;71.28;2;UP_AND_DOWN
2025-03-10T21:15;2025-03-10T21:30;86;EUR;MWh;NO;NO;52;;52;52;1;UP
2025-03-10T21:30;2025-03-10T21:45;87;EUR;MWh;NO;NO;;75.69;75.69;75.69;-1;DOWN
2025-03-10T21:45;2025-03-10T22:00;88;EUR;MWh;NO;NO;;77.69;77.69;77.69;-1;DOWN
2025-03-10T22:00;2025-03-10T22:15;89;EUR;MWh;NO;NO;52;83.69;83.69;83.69;-1;DOWN
2025-03-10T22:15;2025-03-10T22:30;90;EUR;MWh;NO;NO;;82.69;82.69;82.69;-1;DOWN
2025-03-10T22:30;2025-03-10T22:45;91;EUR;MWh;NO;NO;;84.69;84.69;84.69;-1;DOWN
2025-03-10T22:45;2025-03-10T23:00;92;EUR;MWh;NO;NO;;79.15;79.15;79.15;-1;DOWN
2025-03-10T23:00;2025-03-10T23:15;93;EUR;MWh;NO;NO;93.68;79.57;93.68;71.99;2;UP_AND_DOWN
2025-03-10T23:15;2025-03-10T23:30;94;EUR;MWh;NO;NO;52;83.79;83.79;83.79;-1;DOWN
2025-03-10T23:30;2025-03-10T23:45;95;EUR;MWh;NO;NO;;74.39;74.39;74.39;-1;DOWN
2025-03-10T23:45;2025-03-11T00:00;96;EUR;MWh;NO;NO;;66.41;66.41;66.41;-1;DOWN
2025-03-11T00:00;2025-03-11T00:15;1;EUR;MWh;NO;NO;;67.31;67.31;67.31;-1;DOWN
2025-03-11T00:15;2025-03-11T00:30;2;EUR;MWh;NO;NO;;79.57;79.57;79.57;-1;DOWN
2025-03-11T00:30;2025-03-11T00:45;3;EUR;MWh;NO;NO;;79.57;79.57;79.57;-1;DOWN
2025-03-11T00:45;2025-03-11T01:00;4;EUR;MWh;NO;NO;;80.7;80.7;80.7;-1;DOWN
2025-03-11T01:00;2025-03-11T01:15;5;EUR;MWh;NO;NO;;86.79;86.79;86.79;-1;DOWN
2025-03-11T01:15;2025-03-11T01:30;6;EUR;MWh;NO;NO;89.02;87.98;89.02;81.07;2;UP_AND_DOWN
2025-03-11T01:30;2025-03-11T01:45;7;EUR;MWh;NO;NO;87.68;91.69;87.68;81.01;2;UP_AND_DOWN
2025-03-11T01:45;2025-03-11T02:00;8;EUR;MWh;NO;NO;87.68;82.7;82.7;82.7;-1;DOWN
2025-03-11T02:00;2025-03-11T02:15;9;EUR;MWh;NO;NO;;86.97;86.97;86.97;-1;DOWN
2025-03-11T02:15;2025-03-11T02:30;10;EUR;MWh;NO;NO;;79.69;79.69;79.69;-1;DOWN
2025-03-11T02:30;2025-03-11T02:45;11;EUR;MWh;NO;NO;;81;81;81;-1;DOWN
2025-03-11T02:45;2025-03-11T03:00;12;EUR;MWh;NO;NO;;82.7;82.7;82.7;-1;DOWN
2025-03-11T03:00;2025-03-11T03:15;13;EUR;MWh;NO;NO;;81;81;81;-1;DOWN
2025-03-11T03:15;2025-03-11T03:30;14;EUR;MWh;NO;NO;;81;81;81;-1;DOWN
2025-03-11T03:30;2025-03-11T03:45;15;EUR;MWh;NO;NO;;89.69;89.69;89.69;-1;DOWN
2025-03-11T03:45;2025-03-11T04:00;16;EUR;MWh;NO;NO;;82.8;82.8;82.8;-1;DOWN
2025-03-11T04:00;2025-03-11T04:15;17;EUR;MWh;NO;NO;;83;83;83;-1;DOWN
2025-03-11T04:15;2025-03-11T04:30;18;EUR;MWh;NO;NO;;79.97;79.97;79.97;-1;DOWN
2025-03-11T04:30;2025-03-11T04:45;19;EUR;MWh;NO;NO;;76.19;76.19;76.19;-1;DOWN
2025-03-11T04:45;2025-03-11T05:00;20;EUR;MWh;NO;NO;;74.69;74.69;74.69;-1;DOWN
2025-03-11T05:00;2025-03-11T05:15;21;EUR;MWh;NO;NO;89.23;79.57;89.23;89.23;1;UP
2025-03-11T05:15;2025-03-11T05:30;22;EUR;MWh;NO;NO;105;84.97;105;72.85;2;UP_AND_DOWN
2025-03-11T05:30;2025-03-11T05:45;23;EUR;MWh;NO;NO;;79.97;79.97;79.97;-1;DOWN
2025-03-11T05:45;2025-03-11T06:00;24;EUR;MWh;NO;NO;;75.7;75.7;75.7;-1;DOWN
2025-03-11T06:00;2025-03-11T06:15;25;EUR;MWh;NO;NO;119;69.48;119;69.48;2;UP_AND_DOWN
2025-03-11T06:15;2025-03-11T06:30;26;EUR;MWh;NO;NO;118.31;82.8;118.31;72.85;2;UP_AND_DOWN
2025-03-11T06:30;2025-03-11T06:45;27;EUR;MWh;NO;NO;;77.74;77.74;77.74;-1;DOWN
2025-03-11T06:45;2025-03-11T07:00;28;EUR;MWh;NO;NO;;79.97;79.97;79.97;-1;DOWN
2025-03-11T07:00;2025-03-11T07:15;29;EUR;MWh;NO;NO;;80.8;80.8;80.8;-1;DOWN
2025-03-11T07:15;2025-03-11T07:30;30;EUR;MWh;NO;NO;;81.69;81.69;81.69;-1;DOWN
2025-03-11T07:30;2025-03-11T07:45;31;EUR;MWh;NO;NO;108.31;85.27;108.31;85.27;2;UP_AND_DOWN
2025-03-11T07:45;2025-03-11T08:00;32;EUR;MWh;NO;NO;110.2;;110.2;110.2;1;UP
2025-03-11T08:00;2025-03-11T08:15;33;EUR;MWh;NO;NO;110.2;88.69;88.69;88.69;-1;DOWN
2025-03-11T08:15;2025-03-11T08:30;34;EUR;MWh;NO;NO;119;88.69;119;119;1;UP
2025-03-11T08:30;2025-03-11T08:45;35;EUR;MWh;NO;NO;140;;140;140;1;UP
2025-03-11T08:45;2025-03-11T09:00;36;EUR;MWh;NO;NO;118.31;;118.31;118.31;1;UP
2025-03-11T09:00;2025-03-11T09:15;37;EUR;MWh;NO;NO;119;;119;119;1;UP
2025-03-11T09:15;2025-03-11T09:30;38;EUR;MWh;NO;NO;109.9;90.69;109.9;82;2;UP_AND_DOWN
2025-03-11T09:30;2025-03-11T09:45;39;EUR;MWh;NO;NO;159.8;;159.8;159.8;1;UP
2025-03-11T09:45;2025-03-11T10:00;40;EUR;MWh;NO;NO;119;;119;119;1;UP
2025-03-11T10:00;2025-03-11T10:15;41;EUR;MWh;NO;NO;105.48;;105.48;105.48;1;UP
2025-03-11T10:15;2025-03-11T10:30;42;EUR;MWh;NO;NO;119.34;;119.34;119.34;1;UP
2025-03-11T10:30;2025-03-11T10:45;43;EUR;MWh;NO;NO;173;;173;173;1;UP
2025-03-11T10:45;2025-03-11T11:00;44;EUR;MWh;NO;NO;112.14;;112.14;112.14;1;UP
2025-03-11T11:00;2025-03-11T11:15;45;EUR;MWh;NO;NO;119.34;;119.34;119.34;1;UP
2025-03-11T11:15;2025-03-11T11:30;46;EUR;MWh;NO;NO;112.3;;112.3;112.3;1;UP
2025-03-11T11:30;2025-03-11T11:45;47;EUR;MWh;NO;NO;109.4;;109.4;109.4;1;UP
2025-03-11T11:45;2025-03-11T12:00;48;EUR;MWh;NO;NO;92.74;126;92.74;90.5;2;UP_AND_DOWN
2025-03-11T12:00;2025-03-11T12:15;49;EUR;MWh;NO;NO;109.4;90.69;109.4;88;2;UP_AND_DOWN
2025-03-11T12:15;2025-03-11T12:30;50;EUR;MWh;NO;NO;112.2;89.69;112.2;88;2;UP_AND_DOWN
2025-03-11T12:30;2025-03-11T12:45;51;EUR;MWh;NO;NO;88.56;87.23;88.56;82.5;2;UP_AND_DOWN
2025-03-11T12:45;2025-03-11T13:00;52;EUR;MWh;NO;NO;;80.8;80.8;80.8;-1;DOWN
2025-03-11T13:00;2025-03-11T13:15;53;EUR;MWh;NO;NO;90.26;84.69;90.26;72;2;UP_AND_DOWN
2025-03-11T13:15;2025-03-11T13:30;54;EUR;MWh;NO;NO;105.48;86.89;105.48;72;2;UP_AND_DOWN
2025-03-11T13:30;2025-03-11T13:45;55;EUR;MWh;NO;NO;;85.17;85.17;85.17;-1;DOWN
2025-03-11T13:45;2025-03-11T14:00;56;EUR;MWh;NO;NO;;85.27;85.27;85.27;-1;DOWN
2025-03-11T14:00;2025-03-11T14:15;57;EUR;MWh;NO;NO;;75.07;75.07;75.07;-1;DOWN
2025-03-11T14:15;2025-03-11T14:30;58;EUR;MWh;NO;NO;;84.97;84.97;84.97;-1;DOWN
2025-03-11T14:30;2025-03-11T14:45;59;EUR;MWh;NO;NO;;85.17;85.17;85.17;-1;DOWN
2025-03-11T14:45;2025-03-11T15:00;60;EUR;MWh;NO;NO;;76.89;76.89;76.89;-1;DOWN
2025-03-11T15:00;2025-03-11T15:15;61;EUR;MWh;NO;NO;;18.09;18.09;18.09;-1;DOWN
2025-03-11T15:15;2025-03-11T15:30;62;EUR;MWh;NO;NO;;70.5;70.5;70.5;-1;DOWN
2025-03-11T15:30;2025-03-11T15:45;63;EUR;MWh;NO;NO;;83.1;83.1;83.1;-1;DOWN
2025-03-11T15:45;2025-03-11T16:00;64;EUR;MWh;NO;NO;;41.89;41.89;41.89;-1;DOWN
2025-03-11T16:00;2025-03-11T16:15;65;EUR;MWh;NO;NO;;-413.17;-413.17;-413.17;-1;DOWN
2025-03-11T16:15;2025-03-11T16:30;66;EUR;MWh;NO;NO;100;84.79;100;71.35;2;UP_AND_DOWN
2025-03-11T16:30;2025-03-11T16:45;67;EUR;MWh;NO;NO;;70.45;70.45;70.45;-1;DOWN
2025-03-11T16:45;2025-03-11T17:00;68;EUR;MWh;NO;NO;;86.69;86.69;86.69;-1;DOWN
2025-03-11T17:00;2025-03-11T17:15;69;EUR;MWh;NO;NO;106.31;82.7;82.7;82.7;-1;DOWN
2025-03-11T17:15;2025-03-11T17:30;70;EUR;MWh;NO;NO;98.19;69.48;98.19;69.48;2;UP_AND_DOWN
2025-03-11T17:30;2025-03-11T17:45;71;EUR;MWh;NO;NO;107.19;82.7;107.19;107.19;1;UP
2025-03-11T17:45;2025-03-11T18:00;72;EUR;MWh;NO;NO;109.7;82.7;109.7;109.7;1;UP
2025-03-11T18:00;2025-03-11T18:15;73;EUR;MWh;NO;NO;109.7;70.59;70.59;70.59;-1;DOWN
2025-03-11T18:15;2025-03-11T18:30;74;EUR;MWh;NO;NO;;79.77;79.77;79.77;-1;DOWN
2025-03-11T18:30;2025-03-11T18:45;75;EUR;MWh;NO;NO;;83;83;83;-1;DOWN
2025-03-11T18:45;2025-03-11T19:00;76;EUR;MWh;NO;NO;;84.97;84.97;84.97;-1;DOWN
2025-03-11T19:00;2025-03-11T19:15;77;EUR;MWh;NO;NO;159.5;84.97;159.5;159.5;1;UP
2025-03-11T19:15;2025-03-11T19:30;78;EUR;MWh;NO;NO;110.3;;110.3;110.3;1;UP
2025-03-11T19:30;2025-03-11T19:45;79;EUR;MWh;NO;NO;88.56;85.27;85.27;85.27;-1;DOWN
2025-03-11T19:45;2025-03-11T20:00;80;EUR;MWh;NO;NO;;84.69;84.69;84.69;-1;DOWN
2025-03-11T20:00;2025-03-11T20:15;81;EUR;MWh;NO;NO;119;93.41;119;90.99;2;UP_AND_DOWN
2025-03-11T20:15;2025-03-11T20:30;82;EUR;MWh;NO;NO;94.41;;94.41;94.41;1;UP
2025-03-11T20:30;2025-03-11T20:45;83;EUR;MWh;NO;NO;109.34;92.69;109.34;91.18;2;UP_AND_DOWN
2025-03-11T20:45;2025-03-11T21:00;84;EUR;MWh;NO;NO;109.34;82.69;82.69;82.69;-1;DOWN
2025-03-11T21:00;2025-03-11T21:15;85;EUR;MWh;NO;NO;119;83;119;83;2;UP_AND_DOWN
2025-03-11T21:15;2025-03-11T21:30;86;EUR;MWh;NO;NO;126.9;93.51;126.9;91.14;2;UP_AND_DOWN
2025-03-11T21:30;2025-03-11T21:45;87;EUR;MWh;NO;NO;126.9;87.17;87.17;87.17;-1;DOWN
2025-03-11T21:45;2025-03-11T22:00;88;EUR;MWh;NO;NO;;83;83;83;-1;DOWN
2025-03-11T22:00;2025-03-11T22:15;89;EUR;MWh;NO;NO;;83;83;83;-1;DOWN
2025-03-11T22:15;2025-03-11T22:30;90;EUR;MWh;NO;NO;;81.89;81.89;81.89;-1;DOWN
2025-03-11T22:30;2025-03-11T22:45;91;EUR;MWh;NO;NO;;82.69;82.69;82.69;-1;DOWN
2025-03-11T22:45;2025-03-11T23:00;92;EUR;MWh;NO;NO;;84.69;84.69;84.69;-1;DOWN
2025-03-11T23:00;2025-03-11T23:15;93;EUR;MWh;NO;NO;127.4;;127.4;127.4;1;UP
2025-03-11T23:15;2025-03-11T23:30;94;EUR;MWh;NO;NO;100.45;81.79;108.78;81.79;2;UP_AND_DOWN
2025-03-11T23:30;2025-03-11T23:45;95;EUR;MWh;NO;NO;;79.57;79.57;79.57;-1;DOWN
2025-03-11T23:45;2025-03-12T00:00;96;EUR;MWh;NO;NO;;82.7;82.7;82.7;-1;DOWN
2025-03-12T00:00;2025-03-12T00:15;1;EUR;MWh;NO;NO;;80.06;80.06;80.06;-1;DOWN
2025-03-12T00:15;2025-03-12T00:30;2;EUR;MWh;NO;NO;;92;92;92;-1;DOWN
2025-03-12T00:30;2025-03-12T00:45;3;EUR;MWh;NO;NO;100.29;94.69;100.29;74.85;2;UP_AND_DOWN
2025-03-12T00:45;2025-03-12T01:00;4;EUR;MWh;NO;NO;;79.57;79.57;79.57;-1;DOWN
2025-03-12T01:00;2025-03-12T01:15;5;EUR;MWh;NO;NO;118.68;89.69;118.68;118.68;1;UP
2025-03-12T01:15;2025-03-12T01:30;6;EUR;MWh;NO;NO;130.8;;130.8;130.8;1;UP
2025-03-12T01:30;2025-03-12T01:45;7;EUR;MWh;NO;NO;102.06;;102.06;102.06;1;UP
2025-03-12T01:45;2025-03-12T02:00;8;EUR;MWh;NO;NO;;84.69;84.69;84.69;-1;DOWN
2025-03-12T02:00;2025-03-12T02:15;9;EUR;MWh;NO;NO;128.46;93.69;128.46;74.85;2;UP_AND_DOWN
2025-03-12T02:15;2025-03-12T02:30;10;EUR;MWh;NO;NO;128.46;88.69;88.69;88.69;-1;DOWN
2025-03-12T02:30;2025-03-12T02:45;11;EUR;MWh;NO;NO;;80.26;80.26;80.26;-1;DOWN
2025-03-12T02:45;2025-03-12T03:00;12;EUR;MWh;NO;NO;;77.06;77.06;77.06;-1;DOWN
2025-03-12T03:00;2025-03-12T03:15;13;EUR;MWh;NO;NO;;86.89;86.89;86.89;-1;DOWN
2025-03-12T03:15;2025-03-12T03:30;14;EUR;MWh;NO;NO;;93.15;93.15;93.15;-1;DOWN
2025-03-12T03:30;2025-03-12T03:45;15;EUR;MWh;NO;NO;;92.69;92.69;92.69;-1;DOWN
2025-03-12T03:45;2025-03-12T04:00;16;EUR;MWh;NO;NO;;89.66;89.66;89.66;-1;DOWN
2025-03-12T04:00;2025-03-12T04:15;17;EUR;MWh;NO;NO;108.76;80.26;108.76;80.26;2;UP_AND_DOWN
2025-03-12T04:15;2025-03-12T04:30;18;EUR;MWh;NO;NO;114.1;;114.1;114.1;1;UP
2025-03-12T04:30;2025-03-12T04:45;19;EUR;MWh;NO;NO;115.6;;115.6;115.6;1;UP
2025-03-12T04:45;2025-03-12T05:00;20;EUR;MWh;NO;NO;;88.69;88.69;88.69;-1;DOWN
2025-03-12T05:00;2025-03-12T05:15;21;EUR;MWh;NO;NO;;89.46;89.46;89.46;-1;DOWN
2025-03-12T05:15;2025-03-12T05:30;22;EUR;MWh;NO;NO;;90.09;90.09;90.09;-1;DOWN
2025-03-12T05:30;2025-03-12T05:45;23;EUR;MWh;NO;NO;110;85.99;110;74.85;2;UP_AND_DOWN
2025-03-12T05:45;2025-03-12T06:00;24;EUR;MWh;NO;NO;105.46;92.79;105.46;105.46;1;UP
2025-03-12T06:00;2025-03-12T06:15;25;EUR;MWh;NO;NO;114;83.69;114;74.9;2;UP_AND_DOWN
2025-03-12T06:15;2025-03-12T06:30;26;EUR;MWh;NO;NO;139;;139;139;1;UP
2025-03-12T06:30;2025-03-12T06:45;27;EUR;MWh;NO;NO;139;;139;139;1;UP
2025-03-12T06:45;2025-03-12T07:00;28;EUR;MWh;NO;NO;133.56;90.68;90.68;90.68;-1;DOWN
2025-03-12T07:00;2025-03-12T07:15;29;EUR;MWh;NO;NO;;83.69;83.69;83.69;-1;DOWN
2025-03-12T07:15;2025-03-12T07:30;30;EUR;MWh;NO;NO;;94.69;94.69;94.69;-1;DOWN
2025-03-12T07:30;2025-03-12T07:45;31;EUR;MWh;NO;NO;;;91.63;91.63;0;STABLE
2025-03-12T07:45;2025-03-12T08:00;32;EUR;MWh;NO;NO;;85.79;85.79;85.79;-1;DOWN
2025-03-12T08:00;2025-03-12T08:15;33;EUR;MWh;NO;NO;;90.69;90.69;90.69;-1;DOWN
2025-03-12T08:15;2025-03-12T08:30;34;EUR;MWh;NO;NO;;70.69;70.69;70.69;-1;DOWN
2025-03-12T08:30;2025-03-12T08:45;35;EUR;MWh;NO;NO;;64;64;64;-1;DOWN
2025-03-12T08:45;2025-03-12T09:00;36;EUR;MWh;NO;NO;;-30;-30;-30;-1;DOWN
2025-03-12T09:00;2025-03-12T09:15;37;EUR;MWh;NO;NO;;-3.44;-3.44;-3.44;-1;DOWN
2025-03-12T09:15;2025-03-12T09:30;38;EUR;MWh;NO;NO;;79.57;79.57;79.57;-1;DOWN
2025-03-12T09:30;2025-03-12T09:45;39;EUR;MWh;NO;NO;;68.69;68.69;68.69;-1;DOWN
2025-03-12T09:45;2025-03-12T10:00;40;EUR;MWh;NO;NO;;64.57;64.57;64.57;-1;DOWN
2025-03-12T10:00;2025-03-12T10:15;41;EUR;MWh;NO;NO;;64.57;64.57;64.57;-1;DOWN
2025-03-12T10:15;2025-03-12T10:30;42;EUR;MWh;NO;NO;104.79;80.07;104.79;72.79;2;UP_AND_DOWN
2025-03-12T10:30;2025-03-12T10:45;43;EUR;MWh;NO;NO;114.4;94.57;114.4;72.79;2;UP_AND_DOWN
2025-03-12T10:45;2025-03-12T11:00;44;EUR;MWh;NO;NO;100.83;;100.83;100.83;1;UP
2025-03-12T11:00;2025-03-12T11:15;45;EUR;MWh;NO;NO;101.79;;101.79;101.79;1;UP
2025-03-12T11:15;2025-03-12T11:30;46;EUR;MWh;NO;NO;107.26;;107.26;107.26;1;UP
2025-03-12T11:30;2025-03-12T11:45;47;EUR;MWh;NO;NO;104.79;72.6;104.79;72.6;2;UP_AND_DOWN
2025-03-12T11:45;2025-03-12T12:00;48;EUR;MWh;NO;NO;;71.26;71.26;71.26;-1;DOWN
2025-03-12T12:00;2025-03-12T12:15;49;EUR;MWh;NO;NO;;-31;-31;-31;-1;DOWN
2025-03-12T12:15;2025-03-12T12:30;50;EUR;MWh;NO;NO;;49.57;49.57;49.57;-1;DOWN
2025-03-12T12:30;2025-03-12T12:45;51;EUR;MWh;NO;NO;;37.57;37.57;37.57;-1;DOWN
2025-03-12T12:45;2025-03-12T13:00;52;EUR;MWh;NO;NO;;71.26;71.26;71.26;-1;DOWN
2025-03-12T13:00;2025-03-12T13:15;53;EUR;MWh;NO;NO;113.56;72.15;113.56;72.15;2;UP_AND_DOWN
2025-03-12T13:15;2025-03-12T13:30;54;EUR;MWh;NO;NO;154.21;;154.21;154.21;1;UP
2025-03-12T13:30;2025-03-12T13:45;55;EUR;MWh;NO;NO;119;;119;119;1;UP
2025-03-12T13:45;2025-03-12T14:00;56;EUR;MWh;NO;NO;122.79;;122.79;122.79;1;UP
2025-03-12T14:00;2025-03-12T14:15;57;EUR;MWh;NO;NO;167.86;;167.86;167.86;1;UP
2025-03-12T14:15;2025-03-12T14:30;58;EUR;MWh;NO;NO;169.32;;169.32;169.32;1;UP
2025-03-12T14:30;2025-03-12T14:45;59;EUR;MWh;NO;NO;166.28;;166.28;166.28;1;UP
2025-03-12T14:45;2025-03-12T15:00;60;EUR;MWh;NO;NO;150.57;;150.57;150.57;1;UP
2025-03-12T15:00;2025-03-12T15:15;61;EUR;MWh;NO;NO;109;92.95;109;75.79;2;UP_AND_DOWN
2025-03-12T15:15;2025-03-12T15:30;62;EUR;MWh;NO;NO;112.6;;112.6;112.6;1;UP
2025-03-12T15:30;2025-03-12T15:45;63;EUR;MWh;NO;NO;105.6;;105.6;105.6;1;UP
2025-03-12T15:45;2025-03-12T16:00;64;EUR;MWh;NO;NO;105.72;74.49;105.72;74.48;2;UP_AND_DOWN
2025-03-12T16:00;2025-03-12T16:15;65;EUR;MWh;NO;NO;108.78;60.3;108.78;60.3;2;UP_AND_DOWN
2025-03-12T16:15;2025-03-12T16:30;66;EUR;MWh;NO;NO;;7.57;7.57;7.57;-1;DOWN
2025-03-12T16:30;2025-03-12T16:45;67;EUR;MWh;NO;NO;;79;79;79;-1;DOWN
2025-03-12T16:45;2025-03-12T17:00;68;EUR;MWh;NO;NO;;76.9;76.9;76.9;-1;DOWN
2025-03-12T17:00;2025-03-12T17:15;69;EUR;MWh;NO;NO;;79.57;79.57;79.57;-1;DOWN
2025-03-12T17:15;2025-03-12T17:30;70;EUR;MWh;NO;NO;114.2;86.67;114.2;75.79;2;UP_AND_DOWN
2025-03-12T17:30;2025-03-12T17:45;71;EUR;MWh;NO;NO;244;;244;244;1;UP
2025-03-12T17:45;2025-03-12T18:00;72;EUR;MWh;NO;NO;250.43;;250.43;250.43;1;UP
2025-03-12T18:00;2025-03-12T18:15;73;EUR;MWh;NO;NO;121;88.56;121;77.5;2;UP_AND_DOWN
2025-03-12T18:15;2025-03-12T18:30;74;EUR;MWh;NO;NO;164.5;;164.5;164.5;1;UP
2025-03-12T18:30;2025-03-12T18:45;75;EUR;MWh;NO;NO;167;;167;167;1;UP
2025-03-12T18:45;2025-03-12T19:00;76;EUR;MWh;NO;NO;139.38;;139.38;139.38;1;UP
2025-03-12T19:00;2025-03-12T19:15;77;EUR;MWh;NO;NO;163.8;;163.8;163.8;1;UP
2025-03-12T19:15;2025-03-12T19:30;78;EUR;MWh;NO;NO;163.8;;163.8;163.8;1;UP
2025-03-12T19:30;2025-03-12T19:45;79;EUR;MWh;NO;NO;130.5;;130.5;130.5;1;UP
2025-03-12T19:45;2025-03-12T20:00;80;EUR;MWh;NO;NO;116.22;;116.22;116.22;1;UP
2025-03-12T20:00;2025-03-12T20:15;81;EUR;MWh;NO;NO;185;;185;185;1;UP
2025-03-12T20:15;2025-03-12T20:30;82;EUR;MWh;NO;NO;163.5;;163.5;163.5;1;UP
2025-03-12T20:30;2025-03-12T20:45;83;EUR;MWh;NO;NO;163.5;;163.5;163.5;1;UP
2025-03-12T20:45;2025-03-12T21:00;84;EUR;MWh;NO;NO;131;;131;131;1;UP
2025-03-12T21:00;2025-03-12T21:15;85;EUR;MWh;NO;NO;106.45;;106.45;106.45;1;UP
2025-03-12T21:15;2025-03-12T21:30;86;EUR;MWh;NO;NO;131.2;;131.2;131.2;1;UP
2025-03-12T21:30;2025-03-12T21:45;87;EUR;MWh;NO;NO;121;;121;121;1;UP
2025-03-12T21:45;2025-03-12T22:00;88;EUR;MWh;NO;NO;109.22;90.67;90.67;90.67;-1;DOWN
2025-03-12T22:00;2025-03-12T22:15;89;EUR;MWh;NO;NO;;87.3;87.3;87.3;-1;DOWN
2025-03-12T22:15;2025-03-12T22:30;90;EUR;MWh;NO;NO;111.22;102.17;111.22;102.17;2;UP_AND_DOWN
2025-03-12T22:30;2025-03-12T22:45;91;EUR;MWh;NO;NO;98.83;152;98.83;98.83;1;UP
2025-03-12T22:45;2025-03-12T23:00;92;EUR;MWh;NO;NO;;97.57;97.57;97.57;-1;DOWN
2025-03-12T23:00;2025-03-12T23:15;93;EUR;MWh;NO;NO;108.82;95.74;108.82;77.5;2;UP_AND_DOWN
2025-03-12T23:15;2025-03-12T23:30;94;EUR;MWh;NO;NO;98.56;;98.56;98.56;1;UP
2025-03-12T23:30;2025-03-12T23:45;95;EUR;MWh;NO;NO;131.8;94.67;131.8;94.67;2;UP_AND_DOWN
2025-03-12T23:45;2025-03-13T00:00;96;EUR;MWh;NO;NO;114.9;91.15;114.9;75.84;2;UP_AND_DOWN
2025-03-13T00:00;2025-03-13T00:15;1;EUR;MWh;NO;NO;139;;139;139;1;UP
2025-03-13T00:15;2025-03-13T00:30;2;EUR;MWh;NO;NO;146.02;;146.02;146.02;1;UP
2025-03-13T00:30;2025-03-13T00:45;3;EUR;MWh;NO;NO;122.8;;122.8;122.8;1;UP
2025-03-13T00:45;2025-03-13T01:00;4;EUR;MWh;NO;NO;119.11;82.95;119.11;82.95;2;UP_AND_DOWN
2025-03-13T01:00;2025-03-13T01:15;5;EUR;MWh;NO;NO;120.9;88.9;120.9;120.9;1;UP
2025-03-13T01:15;2025-03-13T01:30;6;EUR;MWh;NO;NO;119.57;89.45;119.57;89.45;2;UP_AND_DOWN
2025-03-13T01:30;2025-03-13T01:45;7;EUR;MWh;NO;NO;;79.57;79.57;79.57;-1;DOWN
2025-03-13T01:45;2025-03-13T02:00;8;EUR;MWh;NO;NO;;79.57;79.57;79.57;-1;DOWN
2025-03-13T02:00;2025-03-13T02:15;9;EUR;MWh;NO;NO;117.57;78.26;117.57;76.29;2;UP_AND_DOWN
2025-03-13T02:15;2025-03-13T02:30;10;EUR;MWh;NO;NO;;85;85;85;-1;DOWN
2025-03-13T02:30;2025-03-13T02:45;11;EUR;MWh;NO;NO;94.26;89.2;94.26;76.29;2;UP_AND_DOWN
2025-03-13T02:45;2025-03-13T03:00;12;EUR;MWh;NO;NO;94.26;79.57;79.57;79.57;-1;DOWN
2025-03-13T03:00;2025-03-13T03:15;13;EUR;MWh;NO;NO;;80.07;80.07;80.07;-1;DOWN
2025-03-13T03:15;2025-03-13T03:30;14;EUR;MWh;NO;NO;111.8;;111.8;111.8;1;UP
2025-03-13T03:30;2025-03-13T03:45;15;EUR;MWh;NO;NO;139;;139;139;1;UP
2025-03-13T03:45;2025-03-13T04:00;16;EUR;MWh;NO;NO;126.57;;126.57;126.57;1;UP
2025-03-13T04:00;2025-03-13T04:15;17;EUR;MWh;NO;NO;94.26;;94.26;94.26;1;UP
2025-03-13T04:15;2025-03-13T04:30;18;EUR;MWh;NO;NO;96.57;;96.57;96.57;1;UP
2025-03-13T04:30;2025-03-13T04:45;19;EUR;MWh;NO;NO;111.7;;111.7;111.7;1;UP
2025-03-13T04:45;2025-03-13T05:00;20;EUR;MWh;NO;NO;107.26;;107.26;107.26;1;UP
2025-03-13T05:00;2025-03-13T05:15;21;EUR;MWh;NO;NO;107.26;94.57;94.57;94.57;-1;DOWN
2025-03-13T05:15;2025-03-13T05:30;22;EUR;MWh;NO;NO;;84;84;84;-1;DOWN
2025-03-13T05:30;2025-03-13T05:45;23;EUR;MWh;NO;NO;;88.81;88.81;88.81;-1;DOWN
2025-03-13T05:45;2025-03-13T06:00;24;EUR;MWh;NO;NO;;81.36;81.36;81.36;-1;DOWN
2025-03-13T06:00;2025-03-13T06:15;25;EUR;MWh;NO;NO;156;85.47;156;78.46;2;UP_AND_DOWN
2025-03-13T06:15;2025-03-13T06:30;26;EUR;MWh;NO;NO;156;;156;156;1;UP
2025-03-13T06:30;2025-03-13T06:45;27;EUR;MWh;NO;NO;156;;156;156;1;UP
2025-03-13T06:45;2025-03-13T07:00;28;EUR;MWh;NO;NO;156;;156;156;1;UP
2025-03-13T07:00;2025-03-13T07:15;29;EUR;MWh;NO;NO;156;84;156;84;2;UP_AND_DOWN
2025-03-13T07:15;2025-03-13T07:30;30;EUR;MWh;NO;NO;88.56;93.15;92.07;92.07;2;UP_AND_DOWN
2025-03-13T07:30;2025-03-13T07:45;31;EUR;MWh;NO;NO;139;;139;139;1;UP
2025-03-13T07:45;2025-03-13T08:00;32;EUR;MWh;NO;NO;139;;92.78;92.78;0;STABLE
2025-03-13T08:00;2025-03-13T08:15;33;EUR;MWh;NO;NO;115.41;;115.41;115.41;1;UP
2025-03-13T08:15;2025-03-13T08:30;34;EUR;MWh;NO;NO;93.19;94.57;94.17;94.17;2;UP_AND_DOWN
2025-03-13T08:30;2025-03-13T08:45;35;EUR;MWh;NO;NO;;73.19;73.19;73.19;-1;DOWN
2025-03-13T08:45;2025-03-13T09:00;36;EUR;MWh;NO;NO;;55.75;55.75;55.75;-1;DOWN
2025-03-13T09:00;2025-03-13T09:15;37;EUR;MWh;NO;NO;;63.44;63.44;63.44;-1;DOWN
2025-03-13T09:15;2025-03-13T09:30;38;EUR;MWh;NO;NO;;64.57;64.57;64.57;-1;DOWN
2025-03-13T09:30;2025-03-13T09:45;39;EUR;MWh;NO;NO;;49.57;49.57;49.57;-1;DOWN
2025-03-13T09:45;2025-03-13T10:00;40;EUR;MWh;NO;NO;;37.57;37.57;37.57;-1;DOWN
2025-03-13T10:00;2025-03-13T10:15;41;EUR;MWh;NO;NO;;67.67;67.67;67.67;-1;DOWN
2025-03-13T10:15;2025-03-13T10:30;42;EUR;MWh;NO;NO;;84;84;84;-1;DOWN
2025-03-13T10:30;2025-03-13T10:45;43;EUR;MWh;NO;NO;410.2;88.7;410.2;80.29;2;UP_AND_DOWN
2025-03-13T10:45;2025-03-13T11:00;44;EUR;MWh;NO;NO;220.4;;220.4;220.4;1;UP
2025-03-13T11:00;2025-03-13T11:15;45;EUR;MWh;NO;NO;123;;123;123;1;UP
2025-03-13T11:15;2025-03-13T11:30;46;EUR;MWh;NO;NO;144;;144;144;1;UP
2025-03-13T11:30;2025-03-13T11:45;47;EUR;MWh;NO;NO;109.19;;109.19;109.19;1;UP
2025-03-13T11:45;2025-03-13T12:00;48;EUR;MWh;NO;NO;128.92;;128.92;128.92;1;UP
2025-03-13T12:00;2025-03-13T12:15;49;EUR;MWh;NO;NO;141.57;;141.57;141.57;1;UP
2025-03-13T12:15;2025-03-13T12:30;50;EUR;MWh;NO;NO;155.72;;155.72;155.72;1;UP
2025-03-13T12:30;2025-03-13T12:45;51;EUR;MWh;NO;NO;155.72;;155.72;155.72;1;UP
2025-03-13T12:45;2025-03-13T13:00;52;EUR;MWh;NO;NO;163;;163;163;1;UP
2025-03-13T13:00;2025-03-13T13:15;53;EUR;MWh;NO;NO;143.57;;143.57;143.57;1;UP
2025-03-13T13:15;2025-03-13T13:30;54;EUR;MWh;NO;NO;146.82;;146.82;146.82;1;UP
2025-03-13T13:30;2025-03-13T13:45;55;EUR;MWh;NO;NO;126.57;;126.57;126.57;1;UP
2025-03-13T13:45;2025-03-13T14:00;56;EUR;MWh;NO;NO;151.9;;151.9;151.9;1;UP
2025-03-13T14:00;2025-03-13T14:15;57;EUR;MWh;NO;NO;167;;167;167;1;UP
2025-03-13T14:15;2025-03-13T14:30;58;EUR;MWh;NO;NO;149.19;;149.19;149.19;1;UP
2025-03-13T14:30;2025-03-13T14:45;59;EUR;MWh;NO;NO;144;;144;144;1;UP
2025-03-13T14:45;2025-03-13T15:00;60;EUR;MWh;NO;NO;139;;139;139;1;UP
2025-03-13T15:00;2025-03-13T15:15;61;EUR;MWh;NO;NO;143.19;;143.19;143.19;1;UP
2025-03-13T15:15;2025-03-13T15:30;62;EUR;MWh;NO;NO;149.19;;149.19;149.19;1;UP
2025-03-13T15:30;2025-03-13T15:45;63;EUR;MWh;NO;NO;149.19;;149.19;149.19;1;UP
2025-03-13T15:45;2025-03-13T16:00;64;EUR;MWh;NO;NO;157.57;;157.57;157.57;1;UP
2025-03-13T16:00;2025-03-13T16:15;65;EUR;MWh;NO;NO;155;;155;155;1;UP
2025-03-13T16:15;2025-03-13T16:30;66;EUR;MWh;NO;NO;155;95.57;155;95.57;2;UP_AND_DOWN
2025-03-13T16:30;2025-03-13T16:45;67;EUR;MWh;NO;NO;174;92.7;174;92.7;2;UP_AND_DOWN
2025-03-13T16:45;2025-03-13T17:00;68;EUR;MWh;NO;NO;177.57;93.57;177.57;93.57;2;UP_AND_DOWN
2025-03-13T17:00;2025-03-13T17:15;69;EUR;MWh;NO;NO;183.57;;183.57;183.57;1;UP
2025-03-13T17:15;2025-03-13T17:30;70;EUR;MWh;NO;NO;174.6;;174.6;174.6;1;UP
2025-03-13T17:30;2025-03-13T17:45;71;EUR;MWh;NO;NO;160.6;106.92;160.6;93.5;2;UP_AND_DOWN
2025-03-13T17:45;2025-03-13T18:00;72;EUR;MWh;NO;NO;174.8;;174.8;174.8;1;UP
2025-03-13T18:00;2025-03-13T18:15;73;EUR;MWh;NO;NO;119.1;;119.1;119.1;1;UP
2025-03-13T18:15;2025-03-13T18:30;74;EUR;MWh;NO;NO;161.5;;161.5;161.5;1;UP
2025-03-13T18:30;2025-03-13T18:45;75;EUR;MWh;NO;NO;161.5;;161.5;161.5;1;UP
2025-03-13T18:45;2025-03-13T19:00;76;EUR;MWh;NO;NO;177.57;;177.57;177.57;1;UP
2025-03-13T19:00;2025-03-13T19:15;77;EUR;MWh;NO;NO;175.8;;175.8;175.8;1;UP
2025-03-13T19:15;2025-03-13T19:30;78;EUR;MWh;NO;NO;161.7;;161.7;161.7;1;UP
2025-03-13T19:30;2025-03-13T19:45;79;EUR;MWh;NO;NO;155;;155;155;1;UP
2025-03-13T19:45;2025-03-13T20:00;80;EUR;MWh;NO;NO;161.6;;161.6;161.6;1;UP
2025-03-13T20:00;2025-03-13T20:15;81;EUR;MWh;NO;NO;200;;200;200;1;UP
2025-03-13T20:15;2025-03-13T20:30;82;EUR;MWh;NO;NO;143.19;;143.19;143.19;1;UP
2025-03-13T20:30;2025-03-13T20:45;83;EUR;MWh;NO;NO;114.89;92.83;114.89;92.83;2;UP_AND_DOWN
2025-03-13T20:45;2025-03-13T21:00;84;EUR;MWh;NO;NO;;86.77;86.77;86.77;-1;DOWN
2025-03-13T21:00;2025-03-13T21:15;85;EUR;MWh;NO;NO;161.8;129;161.8;102.5;2;UP_AND_DOWN
2025-03-13T21:15;2025-03-13T21:30;86;EUR;MWh;NO;NO;143.19;;143.19;143.19;1;UP
2025-03-13T21:30;2025-03-13T21:45;87;EUR;MWh;NO;NO;106.02;;106.02;106.02;1;UP
2025-03-13T21:45;2025-03-13T22:00;88;EUR;MWh;NO;NO;56;93;79.5;79.5;2;UP_AND_DOWN
2025-03-13T22:00;2025-03-13T22:15;89;EUR;MWh;NO;NO;112.89;93;112.89;79.5;2;UP_AND_DOWN
2025-03-13T22:15;2025-03-13T22:30;90;EUR;MWh;NO;NO;177.8;;177.8;177.8;1;UP
2025-03-13T22:30;2025-03-13T22:45;91;EUR;MWh;NO;NO;143.57;;143.57;143.57;1;UP
2025-03-13T22:45;2025-03-13T23:00;92;EUR;MWh;NO;NO;114.89;;114.89;114.89;1;UP
2025-03-13T23:00;2025-03-13T23:15;93;EUR;MWh;NO;NO;136.19;;136.19;136.19;1;UP
2025-03-13T23:15;2025-03-13T23:30;94;EUR;MWh;NO;NO;136.19;93;93;93;-1;DOWN
2025-03-13T23:30;2025-03-13T23:45;95;EUR;MWh;NO;NO;56;92.57;77;77;2;UP_AND_DOWN
2025-03-13T23:45;2025-03-14T00:00;96;EUR;MWh;NO;NO;;85.84;85.84;85.84;-1;DOWN
2025-03-14T00:00;2025-03-14T00:15;1;EUR;MWh;NO;NO;155;91.57;155;91.57;2;UP_AND_DOWN
2025-03-14T00:15;2025-03-14T00:30;2;EUR;MWh;NO;NO;162.4;;162.4;162.4;1;UP
2025-03-14T00:30;2025-03-14T00:45;3;EUR;MWh;NO;NO;105.65;;105.65;105.65;1;UP
2025-03-14T00:45;2025-03-14T01:00;4;EUR;MWh;NO;NO;105.65;88;88;88;-1;DOWN
2025-03-14T01:00;2025-03-14T01:15;5;EUR;MWh;NO;NO;122.65;88;122.65;88;2;UP_AND_DOWN
2025-03-14T01:15;2025-03-14T01:30;6;EUR;MWh;NO;NO;119.57;;119.57;119.57;1;UP
2025-03-14T01:30;2025-03-14T01:45;7;EUR;MWh;NO;NO;119.57;91.87;91.87;91.87;-1;DOWN
2025-03-14T01:45;2025-03-14T02:00;8;EUR;MWh;NO;NO;;76;76;76;-1;DOWN
2025-03-14T02:00;2025-03-14T02:15;9;EUR;MWh;NO;NO;126.8;76;126.8;76;2;UP_AND_DOWN
2025-03-14T02:15;2025-03-14T02:30;10;EUR;MWh;NO;NO;131.39;;131.39;131.39;1;UP
2025-03-14T02:30;2025-03-14T02:45;11;EUR;MWh;NO;NO;126.8;;126.8;126.8;1;UP
2025-03-14T02:45;2025-03-14T03:00;12;EUR;MWh;NO;NO;99.57;;99.57;99.57;1;UP
2025-03-14T03:00;2025-03-14T03:15;13;EUR;MWh;NO;NO;117.65;;117.65;117.65;1;UP
2025-03-14T03:15;2025-03-14T03:30;14;EUR;MWh;NO;NO;107.97;;107.97;107.97;1;UP
2025-03-14T03:30;2025-03-14T03:45;15;EUR;MWh;NO;NO;103.89;;103.89;103.89;1;UP
2025-03-14T03:45;2025-03-14T04:00;16;EUR;MWh;NO;NO;100.75;;100.75;100.75;1;UP
2025-03-14T04:00;2025-03-14T04:15;17;EUR;MWh;NO;NO;128.92;;128.92;128.92;1;UP
2025-03-14T04:15;2025-03-14T04:30;18;EUR;MWh;NO;NO;128.1;;128.1;128.1;1;UP
2025-03-14T04:30;2025-03-14T04:45;19;EUR;MWh;NO;NO;128.92;;128.92;128.92;1;UP
2025-03-14T04:45;2025-03-14T05:00;20;EUR;MWh;NO;NO;127.7;;127.7;127.7;1;UP
2025-03-14T05:00;2025-03-14T05:15;21;EUR;MWh;NO;NO;113.33;76.55;113.33;76.55;2;UP_AND_DOWN
2025-03-14T05:15;2025-03-14T05:30;22;EUR;MWh;NO;NO;94.97;83;83;83;-1;DOWN
2025-03-14T05:30;2025-03-14T05:45;23;EUR;MWh;NO;NO;126.39;83;126.39;126.39;1;UP
2025-03-14T05:45;2025-03-14T06:00;24;EUR;MWh;NO;NO;140;;140;140;1;UP
2025-03-14T06:00;2025-03-14T06:15;25;EUR;MWh;NO;NO;162.3;86;162.3;86;2;UP_AND_DOWN
2025-03-14T06:15;2025-03-14T06:30;26;EUR;MWh;NO;NO;161.57;;161.57;161.57;1;UP
2025-03-14T06:30;2025-03-14T06:45;27;EUR;MWh;NO;NO;162.4;;162.4;162.4;1;UP
2025-03-14T06:45;2025-03-14T07:00;28;EUR;MWh;NO;NO;184.63;;184.63;184.63;1;UP
2025-03-14T07:00;2025-03-14T07:15;29;EUR;MWh;NO;NO;177;;177;177;1;UP
2025-03-14T07:15;2025-03-14T07:30;30;EUR;MWh;NO;NO;178.21;;178.21;178.21;1;UP
2025-03-14T07:30;2025-03-14T07:45;31;EUR;MWh;NO;NO;176.21;;176.21;176.21;1;UP
2025-03-14T07:45;2025-03-14T08:00;32;EUR;MWh;NO;NO;155;;155;155;1;UP
2025-03-14T08:00;2025-03-14T08:15;33;EUR;MWh;NO;NO;174.57;;174.57;174.57;1;UP
2025-03-14T08:15;2025-03-14T08:30;34;EUR;MWh;NO;NO;162.2;92;92;92;-1;DOWN
2025-03-14T08:30;2025-03-14T08:45;35;EUR;MWh;NO;NO;;87.57;87.57;87.57;-1;DOWN
2025-03-14T08:45;2025-03-14T09:00;36;EUR;MWh;NO;NO;;70.57;70.57;70.57;-1;DOWN
2025-03-14T09:00;2025-03-14T09:15;37;EUR;MWh;NO;NO;116.9;79.57;116.9;79.57;2;UP_AND_DOWN
2025-03-14T09:15;2025-03-14T09:30;38;EUR;MWh;NO;NO;;62.57;62.57;62.57;-1;DOWN
2025-03-14T09:30;2025-03-14T09:45;39;EUR;MWh;NO;NO;;-100;-100;-100;-1;DOWN
2025-03-14T09:45;2025-03-14T10:00;40;EUR;MWh;NO;NO;112.8;-562.96;112.8;-562.96;2;UP_AND_DOWN
2025-03-14T10:00;2025-03-14T10:15;41;EUR;MWh;NO;NO;128.92;84.44;128.92;75.79;2;UP_AND_DOWN
2025-03-14T10:15;2025-03-14T10:30;42;EUR;MWh;NO;NO;;82.57;82.57;82.57;-1;DOWN
2025-03-14T10:30;2025-03-14T10:45;43;EUR;MWh;NO;NO;142.19;84.54;142.19;75.79;2;UP_AND_DOWN
2025-03-14T10:45;2025-03-14T11:00;44;EUR;MWh;NO;NO;104.39;91;104.39;75.79;2;UP_AND_DOWN
2025-03-14T11:00;2025-03-14T11:15;45;EUR;MWh;NO;NO;;82.57;82.57;82.57;-1;DOWN
2025-03-14T11:15;2025-03-14T11:30;46;EUR;MWh;NO;NO;;91;91;91;-1;DOWN
2025-03-14T11:30;2025-03-14T11:45;47;EUR;MWh;NO;NO;;92.57;92.57;92.57;-1;DOWN
2025-03-14T11:45;2025-03-14T12:00;48;EUR;MWh;NO;NO;98.08;94.57;98.08;75.79;2;UP_AND_DOWN
2025-03-14T12:00;2025-03-14T12:15;49;EUR;MWh;NO;NO;109.3;;109.3;109.3;1;UP
2025-03-14T12:15;2025-03-14T12:30;50;EUR;MWh;NO;NO;229.89;;229.89;229.89;1;UP
2025-03-14T12:30;2025-03-14T12:45;51;EUR;MWh;NO;NO;155;;155;155;1;UP
2025-03-14T12:45;2025-03-14T13:00;52;EUR;MWh;NO;NO;131.39;;131.39;131.39;1;UP
2025-03-14T13:00;2025-03-14T13:15;53;EUR;MWh;NO;NO;176.39;;176.39;176.39;1;UP
2025-03-14T13:15;2025-03-14T13:30;54;EUR;MWh;NO;NO;193.57;;193.57;193.57;1;UP
2025-03-14T13:30;2025-03-14T13:45;55;EUR;MWh;NO;NO;180.2;;180.2;180.2;1;UP
2025-03-14T13:45;2025-03-14T14:00;56;EUR;MWh;NO;NO;160.7;;160.7;160.7;1;UP
2025-03-14T14:00;2025-03-14T14:15;57;EUR;MWh;NO;NO;129.5;;129.5;129.5;1;UP
2025-03-14T14:15;2025-03-14T14:30;58;EUR;MWh;NO;NO;147.44;;147.44;147.44;1;UP
2025-03-14T14:30;2025-03-14T14:45;59;EUR;MWh;NO;NO;160.7;;160.7;160.7;1;UP
2025-03-14T14:45;2025-03-14T15:00;60;EUR;MWh;NO;NO;160.7;;160.7;160.7;1;UP
2025-03-14T15:00;2025-03-14T15:15;61;EUR;MWh;NO;NO;129.5;;129.5;129.5;1;UP
2025-03-14T15:15;2025-03-14T15:30;62;EUR;MWh;NO;NO;119.39;94.57;119.39;93;2;UP_AND_DOWN
2025-03-14T15:30;2025-03-14T15:45;63;EUR;MWh;NO;NO;129.5;;129.5;129.5;1;UP
2025-03-14T15:45;2025-03-14T16:00;64;EUR;MWh;NO;NO;126.5;;126.5;126.5;1;UP
2025-03-14T16:00;2025-03-14T16:15;65;EUR;MWh;NO;NO;88.56;70.57;88.56;70.57;2;UP_AND_DOWN
2025-03-14T16:15;2025-03-14T16:30;66;EUR;MWh;NO;NO;;77.44;77.44;77.44;-1;DOWN
2025-03-14T16:30;2025-03-14T16:45;67;EUR;MWh;NO;NO;;78.57;78.57;78.57;-1;DOWN
2025-03-14T16:45;2025-03-14T17:00;68;EUR;MWh;NO;NO;109.3;94.57;109.3;75.79;2;UP_AND_DOWN
2025-03-14T17:00;2025-03-14T17:15;69;EUR;MWh;NO;NO;113.57;;113.57;113.57;1;UP
2025-03-14T17:15;2025-03-14T17:30;70;EUR;MWh;NO;NO;122.14;;122.14;122.14;1;UP
2025-03-14T17:30;2025-03-14T17:45;71;EUR;MWh;NO;NO;132.65;;132.65;132.65;1;UP
2025-03-14T17:45;2025-03-14T18:00;72;EUR;MWh;NO;NO;147.57;;147.57;147.57;1;UP
2025-03-14T18:00;2025-03-14T18:15;73;EUR;MWh;NO;NO;126.57;86.64;126.57;75.79;2;UP_AND_DOWN
2025-03-14T18:15;2025-03-14T18:30;74;EUR;MWh;NO;NO;;91.57;91.57;91.57;-1;DOWN
2025-03-14T18:30;2025-03-14T18:45;75;EUR;MWh;NO;NO;;92;92;92;-1;DOWN
2025-03-14T18:45;2025-03-14T19:00;76;EUR;MWh;NO;NO;;79.57;79.57;79.57;-1;DOWN
2025-03-14T19:00;2025-03-14T19:15;77;EUR;MWh;NO;NO;;84.44;84.44;84.44;-1;DOWN
2025-03-14T19:15;2025-03-14T19:30;78;EUR;MWh;NO;NO;;80.26;80.26;80.26;-1;DOWN
2025-03-14T19:30;2025-03-14T19:45;79;EUR;MWh;NO;NO;;64.57;64.57;64.57;-1;DOWN
2025-03-14T19:45;2025-03-14T20:00;80;EUR;MWh;NO;NO;;62.57;62.57;62.57;-1;DOWN
2025-03-14T20:00;2025-03-14T20:15;81;EUR;MWh;NO;NO;166;62.57;166;166;1;UP
2025-03-14T20:15;2025-03-14T20:30;82;EUR;MWh;NO;NO;166;92;92;92;-1;DOWN
2025-03-14T20:30;2025-03-14T20:45;83;EUR;MWh;NO;NO;;77.69;77.69;77.69;-1;DOWN
2025-03-14T20:45;2025-03-14T21:00;84;EUR;MWh;NO;NO;;82.57;82.57;82.57;-1;DOWN
2025-03-14T21:00;2025-03-14T21:15;85;EUR;MWh;NO;NO;;58;58;58;-1;DOWN
2025-03-14T21:15;2025-03-14T21:30;86;EUR;MWh;NO;NO;;74.57;74.57;74.57;-1;DOWN
2025-03-14T21:30;2025-03-14T21:45;87;EUR;MWh;NO;NO;;77.44;77.44;77.44;-1;DOWN
2025-03-14T21:45;2025-03-14T22:00;88;EUR;MWh;NO;NO;;57.57;57.57;57.57;-1;DOWN
2025-03-14T22:00;2025-03-14T22:15;89;EUR;MWh;NO;NO;;57.57;57.57;57.57;-1;DOWN
2025-03-14T22:15;2025-03-14T22:30;90;EUR;MWh;NO;NO;;64.57;64.57;64.57;-1;DOWN
2025-03-14T22:30;2025-03-14T22:45;91;EUR;MWh;NO;NO;;62.57;62.57;62.57;-1;DOWN
2025-03-14T22:45;2025-03-14T23:00;92;EUR;MWh;NO;NO;;62.57;62.57;62.57;-1;DOWN
2025-03-14T23:00;2025-03-14T23:15;93;EUR;MWh;NO;NO;;42.57;42.57;42.57;-1;DOWN
2025-03-14T23:15;2025-03-14T23:30;94;EUR;MWh;NO;NO;;47.57;47.57;47.57;-1;DOWN
2025-03-14T23:30;2025-03-14T23:45;95;EUR;MWh;NO;NO;;47.57;47.57;47.57;-1;DOWN
2025-03-14T23:45;2025-03-15T00:00;96;EUR;MWh;NO;NO;;56;56;56;-1;DOWN
2025-03-15T00:00;2025-03-15T00:15;1;EUR;MWh;NO;NO;;17;17;17;-1;DOWN
2025-03-15T00:15;2025-03-15T00:30;2;EUR;MWh;NO;NO;;56;56;56;-1;DOWN
2025-03-15T00:30;2025-03-15T00:45;3;EUR;MWh;NO;NO;;54.57;54.57;54.57;-1;DOWN
2025-03-15T00:45;2025-03-15T01:00;4;EUR;MWh;NO;NO;108.6;56;108.6;56;2;UP_AND_DOWN
2025-03-15T01:00;2025-03-15T01:15;5;EUR;MWh;NO;NO;151;86.57;151;76.32;2;UP_AND_DOWN
2025-03-15T01:15;2025-03-15T01:30;6;EUR;MWh;NO;NO;160.31;;160.31;160.31;1;UP
2025-03-15T01:30;2025-03-15T01:45;7;EUR;MWh;NO;NO;107.3;;107.3;107.3;1;UP
2025-03-15T01:45;2025-03-15T02:00;8;EUR;MWh;NO;NO;107.3;;107.3;107.3;1;UP
2025-03-15T02:00;2025-03-15T02:15;9;EUR;MWh;NO;NO;96.68;;96.68;96.68;1;UP
2025-03-15T02:15;2025-03-15T02:30;10;EUR;MWh;NO;NO;95.07;;95.07;95.07;1;UP
2025-03-15T02:30;2025-03-15T02:45;11;EUR;MWh;NO;NO;85.07;83;85.07;71.79;2;UP_AND_DOWN
2025-03-15T02:45;2025-03-15T03:00;12;EUR;MWh;NO;NO;;65.57;65.57;65.57;-1;DOWN
2025-03-15T03:00;2025-03-15T03:15;13;EUR;MWh;NO;NO;;52.57;52.57;52.57;-1;DOWN
2025-03-15T03:15;2025-03-15T03:30;14;EUR;MWh;NO;NO;;52.67;52.67;52.67;-1;DOWN
2025-03-15T03:30;2025-03-15T03:45;15;EUR;MWh;NO;NO;;52.67;52.67;52.67;-1;DOWN
2025-03-15T03:45;2025-03-15T04:00;16;EUR;MWh;NO;NO;;49.57;49.57;49.57;-1;DOWN
2025-03-15T04:00;2025-03-15T04:15;17;EUR;MWh;NO;NO;;36.57;36.57;36.57;-1;DOWN
2025-03-15T04:15;2025-03-15T04:30;18;EUR;MWh;NO;NO;;46.57;46.57;46.57;-1;DOWN
2025-03-15T04:30;2025-03-15T04:45;19;EUR;MWh;NO;NO;;36.57;36.57;36.57;-1;DOWN
2025-03-15T04:45;2025-03-15T05:00;20;EUR;MWh;NO;NO;;36.57;36.57;36.57;-1;DOWN
2025-03-15T05:00;2025-03-15T05:15;21;EUR;MWh;NO;NO;;46.57;46.57;46.57;-1;DOWN
2025-03-15T05:15;2025-03-15T05:30;22;EUR;MWh;NO;NO;;46.57;46.57;46.57;-1;DOWN
2025-03-15T05:30;2025-03-15T05:45;23;EUR;MWh;NO;NO;;78;78;78;-1;DOWN
2025-03-15T05:45;2025-03-15T06:00;24;EUR;MWh;NO;NO;;41.57;41.57;41.57;-1;DOWN
2025-03-15T06:00;2025-03-15T06:15;25;EUR;MWh;NO;NO;;36.57;36.57;36.57;-1;DOWN
2025-03-15T06:15;2025-03-15T06:30;26;EUR;MWh;NO;NO;;61;61;61;-1;DOWN
2025-03-15T06:30;2025-03-15T06:45;27;EUR;MWh;NO;NO;;61;61;61;-1;DOWN
2025-03-15T06:45;2025-03-15T07:00;28;EUR;MWh;NO;NO;;38.13;38.13;38.13;-1;DOWN
2025-03-15T07:00;2025-03-15T07:15;29;EUR;MWh;NO;NO;102.3;32.3;102.3;102.3;1;UP
2025-03-15T07:15;2025-03-15T07:30;30;EUR;MWh;NO;NO;103;;103;103;1;UP
2025-03-15T07:30;2025-03-15T07:45;31;EUR;MWh;NO;NO;;61;61;61;-1;DOWN
2025-03-15T07:45;2025-03-15T08:00;32;EUR;MWh;NO;NO;;57.3;57.3;57.3;-1;DOWN
2025-03-15T08:00;2025-03-15T08:15;33;EUR;MWh;NO;NO;;56;56;56;-1;DOWN
2025-03-15T08:15;2025-03-15T08:30;34;EUR;MWh;NO;NO;;-12.83;-12.83;-12.83;-1;DOWN
2025-03-15T08:30;2025-03-15T08:45;35;EUR;MWh;NO;NO;;-17.13;-17.13;-17.13;-1;DOWN
2025-03-15T08:45;2025-03-15T09:00;36;EUR;MWh;NO;NO;;6.3;6.3;6.3;-1;DOWN
2025-03-15T09:00;2025-03-15T09:15;37;EUR;MWh;NO;NO;;-3.6;-3.6;-3.6;-1;DOWN
2025-03-15T09:15;2025-03-15T09:30;38;EUR;MWh;NO;NO;65.07;58;71.5;58;2;UP_AND_DOWN
2025-03-15T09:30;2025-03-15T09:45;39;EUR;MWh;NO;NO;;-69.9;-69.9;-69.9;-1;DOWN
2025-03-15T09:45;2025-03-15T10:00;40;EUR;MWh;NO;NO;95.07;-29.9;95.07;-29.9;2;UP_AND_DOWN
2025-03-15T10:00;2025-03-15T10:15;41;EUR;MWh;NO;NO;125;-14.5;125;-14.5;2;UP_AND_DOWN
2025-03-15T10:15;2025-03-15T10:30;42;EUR;MWh;NO;NO;95.07;;95.07;95.07;1;UP
2025-03-15T10:30;2025-03-15T10:45;43;EUR;MWh;NO;NO;;-31;-31;-31;-1;DOWN
2025-03-15T10:45;2025-03-15T11:00;44;EUR;MWh;NO;NO;;-50;-50;-50;-1;DOWN
2025-03-15T11:00;2025-03-15T11:15;45;EUR;MWh;NO;NO;;21.65;21.65;21.65;-1;DOWN
2025-03-15T11:15;2025-03-15T11:30;46;EUR;MWh;NO;NO;;21.65;21.65;21.65;-1;DOWN
2025-03-15T11:30;2025-03-15T11:45;47;EUR;MWh;NO;NO;85.07;-2.57;85.07;-2.57;2;UP_AND_DOWN
2025-03-15T11:45;2025-03-15T12:00;48;EUR;MWh;NO;NO;100.87;-11.24;100.87;-11.24;2;UP_AND_DOWN
2025-03-15T12:00;2025-03-15T12:15;49;EUR;MWh;NO;NO;;-21;-21;-21;-1;DOWN
2025-03-15T12:15;2025-03-15T12:30;50;EUR;MWh;NO;NO;112.64;-21;112.64;112.64;1;UP
2025-03-15T12:30;2025-03-15T12:45;51;EUR;MWh;NO;NO;103.92;;103.92;103.92;1;UP
2025-03-15T12:45;2025-03-15T13:00;52;EUR;MWh;NO;NO;93.99;;93.99;93.99;1;UP
2025-03-15T13:00;2025-03-15T13:15;53;EUR;MWh;NO;NO;75;63;63;63;-1;DOWN
2025-03-15T13:15;2025-03-15T13:30;54;EUR;MWh;NO;NO;75.07;-6.9;75.07;-6.9;2;UP_AND_DOWN
2025-03-15T13:30;2025-03-15T13:45;55;EUR;MWh;NO;NO;98.57;;98.57;98.57;1;UP
2025-03-15T13:45;2025-03-15T14:00;56;EUR;MWh;NO;NO;98.57;-5.78;-5.78;-5.78;-1;DOWN
2025-03-15T14:00;2025-03-15T14:15;57;EUR;MWh;NO;NO;;;0;0;-1;DOWN
2025-03-15T14:15;2025-03-15T14:30;58;EUR;MWh;NO;NO;95.71;66.3;95.71;66.3;2;UP_AND_DOWN
2025-03-15T14:30;2025-03-15T14:45;59;EUR;MWh;NO;NO;105;;105;105;1;UP
2025-03-15T14:45;2025-03-15T15:00;60;EUR;MWh;NO;NO;65.07;85;75.04;75.04;2;UP_AND_DOWN
2025-03-15T15:00;2025-03-15T15:15;61;EUR;MWh;NO;NO;;-30;-30;-30;-1;DOWN
2025-03-15T15:15;2025-03-15T15:30;62;EUR;MWh;NO;NO;;-18.5;-18.5;-18.5;-1;DOWN
2025-03-15T15:30;2025-03-15T15:45;63;EUR;MWh;NO;NO;;-20.9;-20.9;-20.9;-1;DOWN
2025-03-15T15:45;2025-03-15T16:00;64;EUR;MWh;NO;NO;;-13.92;-13.92;-13.92;-1;DOWN
2025-03-15T16:00;2025-03-15T16:15;65;EUR;MWh;NO;NO;;-8.8;-8.8;-8.8;-1;DOWN
2025-03-15T16:15;2025-03-15T16:30;66;EUR;MWh;NO;NO;;-8.8;71.5;71.5;0;STABLE
2025-03-15T16:30;2025-03-15T16:45;67;EUR;MWh;NO;NO;;72.3;72.3;72.3;-1;DOWN
2025-03-15T16:45;2025-03-15T17:00;68;EUR;MWh;NO;NO;56;7;7;7;-1;DOWN
2025-03-15T17:00;2025-03-15T17:15;69;EUR;MWh;NO;NO;;-30;-30;-30;-1;DOWN
2025-03-15T17:15;2025-03-15T17:30;70;EUR;MWh;NO;NO;113.63;81.67;113.63;113.63;1;UP
2025-03-15T17:30;2025-03-15T17:45;71;EUR;MWh;NO;NO;119;80;119;71.79;2;UP_AND_DOWN
2025-03-15T17:45;2025-03-15T18:00;72;EUR;MWh;NO;NO;119;;119;119;1;UP
2025-03-15T18:00;2025-03-15T18:15;73;EUR;MWh;NO;NO;107.94;83.47;107.94;71.79;2;UP_AND_DOWN
2025-03-15T18:15;2025-03-15T18:30;74;EUR;MWh;NO;NO;174.09;;174.09;174.09;1;UP
2025-03-15T18:30;2025-03-15T18:45;75;EUR;MWh;NO;NO;163.37;;163.37;163.37;1;UP
2025-03-15T18:45;2025-03-15T19:00;76;EUR;MWh;NO;NO;120.07;83.77;120.07;72.57;2;UP_AND_DOWN
2025-03-15T19:00;2025-03-15T19:15;77;EUR;MWh;NO;NO;95.71;83.77;95.71;95.71;1;UP
2025-03-15T19:15;2025-03-15T19:30;78;EUR;MWh;NO;NO;119;;119;119;1;UP
2025-03-15T19:30;2025-03-15T19:45;79;EUR;MWh;NO;NO;95.07;84.67;103.5;84.67;2;UP_AND_DOWN
2025-03-15T19:45;2025-03-15T20:00;80;EUR;MWh;NO;NO;;84;84;84;-1;DOWN
2025-03-15T20:00;2025-03-15T20:15;81;EUR;MWh;NO;NO;95.3;72.3;104;72.3;2;UP_AND_DOWN
2025-03-15T20:15;2025-03-15T20:30;82;EUR;MWh;NO;NO;;72.3;72.3;72.3;-1;DOWN
2025-03-15T20:30;2025-03-15T20:45;83;EUR;MWh;NO;NO;;79;79;79;-1;DOWN
2025-03-15T20:45;2025-03-15T21:00;84;EUR;MWh;NO;NO;;84.77;84.77;84.77;-1;DOWN
2025-03-15T21:00;2025-03-15T21:15;85;EUR;MWh;NO;NO;133;87.67;133;72.57;2;UP_AND_DOWN
2025-03-15T21:15;2025-03-15T21:30;86;EUR;MWh;NO;NO;98.57;87;98.57;72.57;2;UP_AND_DOWN
2025-03-15T21:30;2025-03-15T21:45;87;EUR;MWh;NO;NO;;77.57;77.57;77.57;-1;DOWN
2025-03-15T21:45;2025-03-15T22:00;88;EUR;MWh;NO;NO;;72;72;72;-1;DOWN
2025-03-15T22:00;2025-03-15T22:15;89;EUR;MWh;NO;NO;101;82.57;101;72.57;2;UP_AND_DOWN
2025-03-15T22:15;2025-03-15T22:30;90;EUR;MWh;NO;NO;;85;85;85;-1;DOWN
2025-03-15T22:30;2025-03-15T22:45;91;EUR;MWh;NO;NO;95.3;87;95.3;74.18;2;UP_AND_DOWN
2025-03-15T22:45;2025-03-15T23:00;92;EUR;MWh;NO;NO;;84.57;84.57;84.57;-1;DOWN
2025-03-15T23:00;2025-03-15T23:15;93;EUR;MWh;NO;NO;105;74.57;105;71.79;2;UP_AND_DOWN
2025-03-15T23:15;2025-03-15T23:30;94;EUR;MWh;NO;NO;85.07;60.57;60.57;60.57;-1;DOWN
2025-03-15T23:30;2025-03-15T23:45;95;EUR;MWh;NO;NO;95.7;70.57;95.7;70.57;2;UP_AND_DOWN
2025-03-15T23:45;2025-03-16T00:00;96;EUR;MWh;NO;NO;65.07;;65.07;65.07;1;UP
2025-03-16T00:00;2025-03-16T00:15;1;EUR;MWh;NO;NO;150;;150;150;1;UP
2025-03-16T00:15;2025-03-16T00:30;2;EUR;MWh;NO;NO;139;;139;139;1;UP
2025-03-16T00:30;2025-03-16T00:45;3;EUR;MWh;NO;NO;125.1;;125.1;125.1;1;UP
2025-03-16T00:45;2025-03-16T01:00;4;EUR;MWh;NO;NO;127.1;;127.1;127.1;1;UP
2025-03-16T01:00;2025-03-16T01:15;5;EUR;MWh;NO;NO;105.57;;105.57;105.57;1;UP
2025-03-16T01:15;2025-03-16T01:30;6;EUR;MWh;NO;NO;110;66.3;110;66.3;2;UP_AND_DOWN
2025-03-16T01:30;2025-03-16T01:45;7;EUR;MWh;NO;NO;110;56;56;56;-1;DOWN
2025-03-16T01:45;2025-03-16T02:00;8;EUR;MWh;NO;NO;;79.3;79.3;79.3;-1;DOWN
2025-03-16T02:00;2025-03-16T02:15;9;EUR;MWh;NO;NO;107.57;143;107.57;99.5;2;UP_AND_DOWN
2025-03-16T02:15;2025-03-16T02:30;10;EUR;MWh;NO;NO;85.07;;85.07;85.07;1;UP
2025-03-16T02:30;2025-03-16T02:45;11;EUR;MWh;NO;NO;95.07;;95.07;95.07;1;UP
2025-03-16T02:45;2025-03-16T03:00;12;EUR;MWh;NO;NO;65.07;85;71.29;71.29;2;UP_AND_DOWN
2025-03-16T03:00;2025-03-16T03:15;13;EUR;MWh;NO;NO;;85;85;85;-1;DOWN
2025-03-16T03:15;2025-03-16T03:30;14;EUR;MWh;NO;NO;;;71.29;71.29;0;STABLE
2025-03-16T03:30;2025-03-16T03:45;15;EUR;MWh;NO;NO;102.3;;102.3;102.3;1;UP
2025-03-16T03:45;2025-03-16T04:00;16;EUR;MWh;NO;NO;65.07;;65.07;65.07;1;UP
2025-03-16T04:00;2025-03-16T04:15;17;EUR;MWh;NO;NO;104.85;;104.85;104.85;1;UP
2025-03-16T04:15;2025-03-16T04:30;18;EUR;MWh;NO;NO;99.57;;99.57;99.57;1;UP
2025-03-16T04:30;2025-03-16T04:45;19;EUR;MWh;NO;NO;85.07;;85.07;85.07;1;UP
2025-03-16T04:45;2025-03-16T05:00;20;EUR;MWh;NO;NO;;71.65;71.65;71.65;-1;DOWN
2025-03-16T05:00;2025-03-16T05:15;21;EUR;MWh;NO;NO;102.3;71.65;102.3;102.3;1;UP
2025-03-16T05:15;2025-03-16T05:30;22;EUR;MWh;NO;NO;103;;103;103;1;UP
2025-03-16T05:30;2025-03-16T05:45;23;EUR;MWh;NO;NO;102.3;;102.3;102.3;1;UP
2025-03-16T05:45;2025-03-16T06:00;24;EUR;MWh;NO;NO;;;71.29;71.29;0;STABLE
2025-03-16T06:00;2025-03-16T06:15;25;EUR;MWh;NO;NO;126.7;;126.7;126.7;1;UP
2025-03-16T06:15;2025-03-16T06:30;26;EUR;MWh;NO;NO;120.57;;120.57;120.57;1;UP
2025-03-16T06:30;2025-03-16T06:45;27;EUR;MWh;NO;NO;106;;106;106;1;UP
2025-03-16T06:45;2025-03-16T07:00;28;EUR;MWh;NO;NO;;54.1;54.1;54.1;-1;DOWN
2025-03-16T07:00;2025-03-16T07:15;29;EUR;MWh;NO;NO;;56;56;56;-1;DOWN
2025-03-16T07:15;2025-03-16T07:30;30;EUR;MWh;NO;NO;;39.57;39.57;39.57;-1;DOWN
2025-03-16T07:30;2025-03-16T07:45;31;EUR;MWh;NO;NO;;41.57;41.57;41.57;-1;DOWN
2025-03-16T07:45;2025-03-16T08:00;32;EUR;MWh;NO;NO;;22.57;22.57;22.57;-1;DOWN
2025-03-16T08:00;2025-03-16T08:15;33;EUR;MWh;NO;NO;112.2;22.95;112.2;22.95;2;UP_AND_DOWN
2025-03-16T08:15;2025-03-16T08:30;34;EUR;MWh;NO;NO;112.2;72.41;72.41;72.41;-1;DOWN
2025-03-16T08:30;2025-03-16T08:45;35;EUR;MWh;NO;NO;;10.57;10.57;10.57;-1;DOWN
2025-03-16T08:45;2025-03-16T09:00;36;EUR;MWh;NO;NO;;-22.05;-22.05;-22.05;-1;DOWN
2025-03-16T09:00;2025-03-16T09:15;37;EUR;MWh;NO;NO;;22.57;22.57;22.57;-1;DOWN
2025-03-16T09:15;2025-03-16T09:30;38;EUR;MWh;NO;NO;;10.57;10.57;10.57;-1;DOWN
2025-03-16T09:30;2025-03-16T09:45;39;EUR;MWh;NO;NO;;-34.1;-34.1;-34.1;-1;DOWN
2025-03-16T09:45;2025-03-16T10:00;40;EUR;MWh;NO;NO;;-34.05;-34.05;-34.05;-1;DOWN
2025-03-16T10:00;2025-03-16T10:15;41;EUR;MWh;NO;NO;30;30.57;58.29;30.57;2;UP_AND_DOWN
2025-03-16T10:15;2025-03-16T10:30;42;EUR;MWh;NO;NO;91.57;68;91.57;58.29;2;UP_AND_DOWN
2025-03-16T10:30;2025-03-16T10:45;43;EUR;MWh;NO;NO;;-50;-50;-50;-1;DOWN
2025-03-16T10:45;2025-03-16T11:00;44;EUR;MWh;NO;NO;;-50;-50;-50;-1;DOWN
2025-03-16T11:00;2025-03-16T11:15;45;EUR;MWh;NO;NO;;18.57;18.57;18.57;-1;DOWN
2025-03-16T11:15;2025-03-16T11:30;46;EUR;MWh;NO;NO;;14.23;14.23;14.23;-1;DOWN
2025-03-16T11:30;2025-03-16T11:45;47;EUR;MWh;NO;NO;;-30;-30;-30;-1;DOWN
2025-03-16T11:45;2025-03-16T12:00;48;EUR;MWh;NO;NO;;-37.08;-37.08;-37.08;-1;DOWN
2025-03-16T12:00;2025-03-16T12:15;49;EUR;MWh;NO;NO;;-70;-70;-70;-1;DOWN
2025-03-16T12:15;2025-03-16T12:30;50;EUR;MWh;NO;NO;;-649.7;-649.7;-649.7;-1;DOWN
2025-03-16T12:30;2025-03-16T12:45;51;EUR;MWh;NO;NO;96.72;-280;96.72;-280;2;UP_AND_DOWN
2025-03-16T12:45;2025-03-16T13:00;52;EUR;MWh;NO;NO;30;-60;48.29;-60;2;UP_AND_DOWN
2025-03-16T13:00;2025-03-16T13:15;53;EUR;MWh;NO;NO;;-30;-30;-30;-1;DOWN
2025-03-16T13:15;2025-03-16T13:30;54;EUR;MWh;NO;NO;;-50;-50;-50;-1;DOWN
2025-03-16T13:30;2025-03-16T13:45;55;EUR;MWh;NO;NO;;-30;-30;-30;-1;DOWN
2025-03-16T13:45;2025-03-16T14:00;56;EUR;MWh;NO;NO;;-35;-35;-35;-1;DOWN
2025-03-16T14:00;2025-03-16T14:15;57;EUR;MWh;NO;NO;;-99.3;-99.3;-99.3;-1;DOWN
2025-03-16T14:15;2025-03-16T14:30;58;EUR;MWh;NO;NO;;-30;-30;-30;-1;DOWN
2025-03-16T14:30;2025-03-16T14:45;59;EUR;MWh;NO;NO;;-40;-40;-40;-1;DOWN
2025-03-16T14:45;2025-03-16T15:00;60;EUR;MWh;NO;NO;;-30;-30;-30;-1;DOWN
2025-03-16T15:00;2025-03-16T15:15;61;EUR;MWh;NO;NO;;-50;-50;-50;-1;DOWN
2025-03-16T15:15;2025-03-16T15:30;62;EUR;MWh;NO;NO;;-45;-45;-45;-1;DOWN
2025-03-16T15:30;2025-03-16T15:45;63;EUR;MWh;NO;NO;;51;51;51;-1;DOWN
2025-03-16T15:45;2025-03-16T16:00;64;EUR;MWh;NO;NO;;14.57;14.57;14.57;-1;DOWN
2025-03-16T16:00;2025-03-16T16:15;65;EUR;MWh;NO;NO;;51;51;51;-1;DOWN
2025-03-16T16:15;2025-03-16T16:30;66;EUR;MWh;NO;NO;;-30;-30;-30;-1;DOWN
2025-03-16T16:30;2025-03-16T16:45;67;EUR;MWh;NO;NO;;10.57;10.57;10.57;-1;DOWN
2025-03-16T16:45;2025-03-16T17:00;68;EUR;MWh;NO;NO;;41.57;41.57;41.57;-1;DOWN
2025-03-16T17:00;2025-03-16T17:15;69;EUR;MWh;NO;NO;;-26.77;-26.77;-26.77;-1;DOWN
2025-03-16T17:15;2025-03-16T17:30;70;EUR;MWh;NO;NO;56;79.57;79.57;79.57;-1;DOWN
2025-03-16T17:30;2025-03-16T17:45;71;EUR;MWh;NO;NO;95.07;43.57;95.07;43.57;2;UP_AND_DOWN
2025-03-16T17:45;2025-03-16T18:00;72;EUR;MWh;NO;NO;115;84.96;115;77.52;2;UP_AND_DOWN
2025-03-16T18:00;2025-03-16T18:15;73;EUR;MWh;NO;NO;95.41;91.63;95.41;77.52;2;UP_AND_DOWN
2025-03-16T18:15;2025-03-16T18:30;74;EUR;MWh;NO;NO;119;;119;119;1;UP
2025-03-16T18:30;2025-03-16T18:45;75;EUR;MWh;NO;NO;129.6;;129.6;129.6;1;UP
2025-03-16T18:45;2025-03-16T19:00;76;EUR;MWh;NO;NO;129.5;;129.5;129.5;1;UP
2025-03-16T19:00;2025-03-16T19:15;77;EUR;MWh;NO;NO;129.5;;129.5;129.5;1;UP
2025-03-16T19:15;2025-03-16T19:30;78;EUR;MWh;NO;NO;160.6;;160.6;160.6;1;UP
2025-03-16T19:30;2025-03-16T19:45;79;EUR;MWh;NO;NO;160.6;;160.6;160.6;1;UP
2025-03-16T19:45;2025-03-16T20:00;80;EUR;MWh;NO;NO;117;86.96;86.96;86.96;-1;DOWN
2025-03-16T20:00;2025-03-16T20:15;81;EUR;MWh;NO;NO;;86.39;86.39;86.39;-1;DOWN
2025-03-16T20:15;2025-03-16T20:30;82;EUR;MWh;NO;NO;140;;140;140;1;UP
2025-03-16T20:30;2025-03-16T20:45;83;EUR;MWh;NO;NO;119;;119;119;1;UP
2025-03-16T20:45;2025-03-16T21:00;84;EUR;MWh;NO;NO;114.19;;114.19;114.19;1;UP
2025-03-16T21:00;2025-03-16T21:15;85;EUR;MWh;NO;NO;119;-47.15;119;-47.15;2;UP_AND_DOWN
2025-03-16T21:15;2025-03-16T21:30;86;EUR;MWh;NO;NO;190;-60;190;-60;2;UP_AND_DOWN
2025-03-16T21:30;2025-03-16T21:45;87;EUR;MWh;NO;NO;1895;-100;1895;-100;2;UP_AND_DOWN
2025-03-16T21:45;2025-03-16T22:00;88;EUR;MWh;NO;NO;1895;-59.9;1895;-59.9;2;UP_AND_DOWN
2025-03-16T22:00;2025-03-16T22:15;89;EUR;MWh;NO;NO;192.9;-100;192.9;-100;2;UP_AND_DOWN
2025-03-16T22:15;2025-03-16T22:30;90;EUR;MWh;NO;NO;168.87;;168.87;168.87;1;UP
2025-03-16T22:30;2025-03-16T22:45;91;EUR;MWh;NO;NO;120.07;;120.07;120.07;1;UP
2025-03-16T22:45;2025-03-16T23:00;92;EUR;MWh;NO;NO;95.41;71.65;95.41;71.29;2;UP_AND_DOWN
2025-03-16T23:00;2025-03-16T23:15;93;EUR;MWh;NO;NO;56;68;71.29;68;2;UP_AND_DOWN
2025-03-16T23:15;2025-03-16T23:30;94;EUR;MWh;NO;NO;56;68;75.5;68;2;UP_AND_DOWN
2025-03-16T23:30;2025-03-16T23:45;95;EUR;MWh;NO;NO;;12;12;12;-1;DOWN
2025-03-16T23:45;2025-03-17T00:00;96;EUR;MWh;NO;NO;;-11.43;-11.43;-11.43;-1;DOWN
2025-03-17T00:00;2025-03-17T00:15;1;EUR;MWh;NO;NO;;19.69;19.69;19.69;-1;DOWN
2025-03-17T00:15;2025-03-17T00:30;2;EUR;MWh;NO;NO;;19.69;19.69;19.69;-1;DOWN
2025-03-17T00:30;2025-03-17T00:45;3;EUR;MWh;NO;NO;;30.69;30.69;30.69;-1;DOWN
2025-03-17T00:45;2025-03-17T01:00;4;EUR;MWh;NO;NO;;-29.8;-29.8;-29.8;-1;DOWN
2025-03-17T01:00;2025-03-17T01:15;5;EUR;MWh;NO;NO;;-30;-30;-30;-1;DOWN
2025-03-17T01:15;2025-03-17T01:30;6;EUR;MWh;NO;NO;;30.69;30.69;30.69;-1;DOWN
2025-03-17T01:30;2025-03-17T01:45;7;EUR;MWh;NO;NO;;68;68;68;-1;DOWN
2025-03-17T01:45;2025-03-17T02:00;8;EUR;MWh;NO;NO;;54.25;54.25;54.25;-1;DOWN
2025-03-17T02:00;2025-03-17T02:15;9;EUR;MWh;NO;NO;;68;68;68;-1;DOWN
2025-03-17T02:15;2025-03-17T02:30;10;EUR;MWh;NO;NO;110;92.69;110;110;1;UP
2025-03-17T02:30;2025-03-17T02:45;11;EUR;MWh;NO;NO;121.22;;121.22;121.22;1;UP
2025-03-17T02:45;2025-03-17T03:00;12;EUR;MWh;NO;NO;117.12;;117.12;117.12;1;UP
2025-03-17T03:00;2025-03-17T03:15;13;EUR;MWh;NO;NO;117.12;68;68;68;-1;DOWN
2025-03-17T03:15;2025-03-17T03:30;14;EUR;MWh;NO;NO;;12.69;12.69;12.69;-1;DOWN
2025-03-17T03:30;2025-03-17T03:45;15;EUR;MWh;NO;NO;;-31.13;-31.13;-31.13;-1;DOWN
2025-03-17T03:45;2025-03-17T04:00;16;EUR;MWh;NO;NO;;-50;-50;-50;-1;DOWN
2025-03-17T04:00;2025-03-17T04:15;17;EUR;MWh;NO;NO;129.5;66.41;129.5;129.5;1;UP
2025-03-17T04:15;2025-03-17T04:30;18;EUR;MWh;NO;NO;126.88;;126.88;126.88;1;UP
2025-03-17T04:30;2025-03-17T04:45;19;EUR;MWh;NO;NO;126.88;66.41;66.41;66.41;-1;DOWN
2025-03-17T04:45;2025-03-17T05:00;20;EUR;MWh;NO;NO;;54.69;54.69;54.69;-1;DOWN
2025-03-17T05:00;2025-03-17T05:15;21;EUR;MWh;NO;NO;117.54;68;117.54;68;2;UP_AND_DOWN
2025-03-17T05:15;2025-03-17T05:30;22;EUR;MWh;NO;NO;118.07;68;68;68;-1;DOWN
2025-03-17T05:30;2025-03-17T05:45;23;EUR;MWh;NO;NO;;53.69;53.69;53.69;-1;DOWN
2025-03-17T05:45;2025-03-17T06:00;24;EUR;MWh;NO;NO;;53.09;53.09;53.09;-1;DOWN
2025-03-17T06:00;2025-03-17T06:15;25;EUR;MWh;NO;NO;103.82;33.79;33.79;33.79;-1;DOWN
2025-03-17T06:15;2025-03-17T06:30;26;EUR;MWh;NO;NO;128.92;85;128.92;75.85;2;UP_AND_DOWN
2025-03-17T06:30;2025-03-17T06:45;27;EUR;MWh;NO;NO;;81.69;81.69;81.69;-1;DOWN
2025-03-17T06:45;2025-03-17T07:00;28;EUR;MWh;NO;NO;129.5;;129.5;129.5;1;UP
2025-03-17T07:00;2025-03-17T07:15;29;EUR;MWh;NO;NO;110;85;110;75.85;2;UP_AND_DOWN
2025-03-17T07:15;2025-03-17T07:30;30;EUR;MWh;NO;NO;113.48;;113.48;113.48;1;UP
2025-03-17T07:30;2025-03-17T07:45;31;EUR;MWh;NO;NO;113.48;94.69;94.69;94.69;-1;DOWN
2025-03-17T07:45;2025-03-17T08:00;32;EUR;MWh;NO;NO;;93.69;93.69;93.69;-1;DOWN
2025-03-17T08:00;2025-03-17T08:15;33;EUR;MWh;NO;NO;128.9;85;128.9;75.85;2;UP_AND_DOWN
2025-03-17T08:15;2025-03-17T08:30;34;EUR;MWh;NO;NO;128.9;12.69;12.69;12.69;-1;DOWN
2025-03-17T08:30;2025-03-17T08:45;35;EUR;MWh;NO;NO;;28.6;28.6;28.6;-1;DOWN
2025-03-17T08:45;2025-03-17T09:00;36;EUR;MWh;NO;NO;160.9;56;160.9;56;2;UP_AND_DOWN
2025-03-17T09:00;2025-03-17T09:15;37;EUR;MWh;NO;NO;116.27;-31.68;116.27;-31.68;2;UP_AND_DOWN
2025-03-17T09:15;2025-03-17T09:30;38;EUR;MWh;NO;NO;;-3.04;-3.04;-3.04;-1;DOWN
2025-03-17T09:30;2025-03-17T09:45;39;EUR;MWh;NO;NO;;-12.04;-12.04;-12.04;-1;DOWN
2025-03-17T09:45;2025-03-17T10:00;40;EUR;MWh;NO;NO;73.07;-50;75.85;-50;2;UP_AND_DOWN
2025-03-17T10:00;2025-03-17T10:15;41;EUR;MWh;NO;NO;75.07;-100;75.07;-100;2;UP_AND_DOWN
2025-03-17T10:15;2025-03-17T10:30;42;EUR;MWh;NO;NO;129.5;-100;129.5;-100;2;UP_AND_DOWN
2025-03-17T10:30;2025-03-17T10:45;43;EUR;MWh;NO;NO;108.46;-1000;108.46;-1000;2;UP_AND_DOWN
2025-03-17T10:45;2025-03-17T11:00;44;EUR;MWh;NO;NO;129.6;-652.99;129.6;-652.99;2;UP_AND_DOWN
2025-03-17T11:00;2025-03-17T11:15;45;EUR;MWh;NO;NO;200;-31;200;-31;2;UP_AND_DOWN
2025-03-17T11:15;2025-03-17T11:30;46;EUR;MWh;NO;NO;;-2.36;-2.36;-2.36;-1;DOWN
2025-03-17T11:30;2025-03-17T11:45;47;EUR;MWh;NO;NO;337.46;85;337.46;67.34;2;UP_AND_DOWN
2025-03-17T11:45;2025-03-17T12:00;48;EUR;MWh;NO;NO;40.02;45;67.86;45;2;UP_AND_DOWN
2025-03-17T12:00;2025-03-17T12:15;49;EUR;MWh;NO;NO;110;71.65;110;71.65;2;UP_AND_DOWN
2025-03-17T12:15;2025-03-17T12:30;50;EUR;MWh;NO;NO;128.92;;128.92;128.92;1;UP
2025-03-17T12:30;2025-03-17T12:45;51;EUR;MWh;NO;NO;121.92;;121.92;121.92;1;UP
2025-03-17T12:45;2025-03-17T13:00;52;EUR;MWh;NO;NO;77.38;68;77.38;68;2;UP_AND_DOWN
2025-03-17T13:00;2025-03-17T13:15;53;EUR;MWh;NO;NO;;7.69;7.69;7.69;-1;DOWN
2025-03-17T13:15;2025-03-17T13:30;54;EUR;MWh;NO;NO;;-26.65;-26.65;-26.65;-1;DOWN
2025-03-17T13:30;2025-03-17T13:45;55;EUR;MWh;NO;NO;;-98;-98;-98;-1;DOWN
2025-03-17T13:45;2025-03-17T14:00;56;EUR;MWh;NO;NO;;-31;-31;-31;-1;DOWN
2025-03-17T14:00;2025-03-17T14:15;57;EUR;MWh;NO;NO;;-94.67;-94.67;-94.67;-1;DOWN
2025-03-17T14:15;2025-03-17T14:30;58;EUR;MWh;NO;NO;;-55.09;-55.09;-55.09;-1;DOWN
2025-03-17T14:30;2025-03-17T14:45;59;EUR;MWh;NO;NO;;-70;-70;-70;-1;DOWN
2025-03-17T14:45;2025-03-17T15:00;60;EUR;MWh;NO;NO;;-37.12;-37.12;-37.12;-1;DOWN
2025-03-17T15:00;2025-03-17T15:15;61;EUR;MWh;NO;NO;;-17.75;-17.75;-17.75;-1;DOWN
2025-03-17T15:15;2025-03-17T15:30;62;EUR;MWh;NO;NO;;-17.32;-17.32;-17.32;-1;DOWN
2025-03-17T15:30;2025-03-17T15:45;63;EUR;MWh;NO;NO;;-30;-30;-30;-1;DOWN
2025-03-17T15:45;2025-03-17T16:00;64;EUR;MWh;NO;NO;;-19.5;-19.5;-19.5;-1;DOWN
2025-03-17T16:00;2025-03-17T16:15;65;EUR;MWh;NO;NO;;-30;-30;-30;-1;DOWN
2025-03-17T16:15;2025-03-17T16:30;66;EUR;MWh;NO;NO;;2;2;2;-1;DOWN
2025-03-17T16:30;2025-03-17T16:45;67;EUR;MWh;NO;NO;;32.46;32.46;32.46;-1;DOWN
2025-03-17T16:45;2025-03-17T17:00;68;EUR;MWh;NO;NO;65.07;56;75.85;56;2;UP_AND_DOWN
2025-03-17T17:00;2025-03-17T17:15;69;EUR;MWh;NO;NO;;-30;-30;-30;-1;DOWN
2025-03-17T17:15;2025-03-17T17:30;70;EUR;MWh;NO;NO;102;38.69;102;38.69;2;UP_AND_DOWN
2025-03-17T17:30;2025-03-17T17:45;71;EUR;MWh;NO;NO;221;54;221;54;2;UP_AND_DOWN
2025-03-17T17:45;2025-03-17T18:00;72;EUR;MWh;NO;NO;300;;300;300;1;UP
2025-03-17T18:00;2025-03-17T18:15;73;EUR;MWh;NO;NO;128.92;19.69;128.92;19.69;2;UP_AND_DOWN
2025-03-17T18:15;2025-03-17T18:30;74;EUR;MWh;NO;NO;129.7;94.69;129.7;129.7;1;UP
2025-03-17T18:30;2025-03-17T18:45;75;EUR;MWh;NO;NO;176.65;;176.65;176.65;1;UP
2025-03-17T18:45;2025-03-17T19:00;76;EUR;MWh;NO;NO;179.5;;179.5;179.5;1;UP
2025-03-17T19:00;2025-03-17T19:15;77;EUR;MWh;NO;NO;198;;198;198;1;UP
2025-03-17T19:15;2025-03-17T19:30;78;EUR;MWh;NO;NO;160.6;;160.6;160.6;1;UP
2025-03-17T19:30;2025-03-17T19:45;79;EUR;MWh;NO;NO;129.4;;129.4;129.4;1;UP
2025-03-17T19:45;2025-03-17T20:00;80;EUR;MWh;NO;NO;100;;100;100;1;UP
2025-03-17T20:00;2025-03-17T20:15;81;EUR;MWh;NO;NO;186.23;;186.23;186.23;1;UP
2025-03-17T20:15;2025-03-17T20:30;82;EUR;MWh;NO;NO;129.1;92.25;129.1;92.25;2;UP_AND_DOWN
2025-03-17T20:30;2025-03-17T20:45;83;EUR;MWh;NO;NO;75.07;91.59;112.54;91.59;2;UP_AND_DOWN
2025-03-17T20:45;2025-03-17T21:00;84;EUR;MWh;NO;NO;;88.87;88.87;88.87;-1;DOWN
2025-03-17T21:00;2025-03-17T21:15;85;EUR;MWh;NO;NO;95.07;85;108;85;2;UP_AND_DOWN
2025-03-17T21:15;2025-03-17T21:30;86;EUR;MWh;NO;NO;;85;85;85;-1;DOWN
2025-03-17T21:30;2025-03-17T21:45;87;EUR;MWh;NO;NO;;85;85;85;-1;DOWN
2025-03-17T21:45;2025-03-17T22:00;88;EUR;MWh;NO;NO;;83.16;83.16;83.16;-1;DOWN
2025-03-17T22:00;2025-03-17T22:15;89;EUR;MWh;NO;NO;97.57;72.46;97.57;72.46;2;UP_AND_DOWN
2025-03-17T22:15;2025-03-17T22:30;90;EUR;MWh;NO;NO;133;;133;133;1;UP
2025-03-17T22:30;2025-03-17T22:45;91;EUR;MWh;NO;NO;120.57;92.16;92.16;92.16;-1;DOWN
2025-03-17T22:45;2025-03-17T23:00;92;EUR;MWh;NO;NO;;90.49;90.49;90.49;-1;DOWN
2025-03-17T23:00;2025-03-17T23:15;93;EUR;MWh;NO;NO;;66.1;66.1;66.1;-1;DOWN
2025-03-17T23:15;2025-03-17T23:30;94;EUR;MWh;NO;NO;;82.59;82.59;82.59;-1;DOWN
2025-03-17T23:30;2025-03-17T23:45;95;EUR;MWh;NO;NO;95.07;93.69;95.07;93.69;2;UP_AND_DOWN
2025-03-17T23:45;2025-03-18T00:00;96;EUR;MWh;NO;NO;;42.4;42.4;42.4;-1;DOWN
2025-03-18T00:00;2025-03-18T00:15;1;EUR;MWh;NO;NO;128.3;54.95;128.3;54.95;2;UP_AND_DOWN
2025-03-18T00:15;2025-03-18T00:30;2;EUR;MWh;NO;NO;119.12;95.57;95.57;95.57;-1;DOWN
2025-03-18T00:30;2025-03-18T00:45;3;EUR;MWh;NO;NO;56;79.46;79.46;79.46;-1;DOWN
2025-03-18T00:45;2025-03-18T01:00;4;EUR;MWh;NO;NO;95;70.56;95;70.56;2;UP_AND_DOWN
2025-03-18T01:00;2025-03-18T01:15;5;EUR;MWh;NO;NO;;21.57;21.57;21.57;-1;DOWN
2025-03-18T01:15;2025-03-18T01:30;6;EUR;MWh;NO;NO;105;99;105;77.5;2;UP_AND_DOWN
2025-03-18T01:30;2025-03-18T01:45;7;EUR;MWh;NO;NO;56;85;77.5;77.5;2;UP_AND_DOWN
2025-03-18T01:45;2025-03-18T02:00;8;EUR;MWh;NO;NO;104;;104;104;1;UP
2025-03-18T02:00;2025-03-18T02:15;9;EUR;MWh;NO;NO;117.12;;117.12;117.12;1;UP
2025-03-18T02:15;2025-03-18T02:30;10;EUR;MWh;NO;NO;119.89;;119.89;119.89;1;UP
2025-03-18T02:30;2025-03-18T02:45;11;EUR;MWh;NO;NO;116.07;;116.07;116.07;1;UP
2025-03-18T02:45;2025-03-18T03:00;12;EUR;MWh;NO;NO;112.56;;112.56;112.56;1;UP
2025-03-18T03:00;2025-03-18T03:15;13;EUR;MWh;NO;NO;128.3;;128.3;128.3;1;UP
2025-03-18T03:15;2025-03-18T03:30;14;EUR;MWh;NO;NO;127.2;;127.2;127.2;1;UP
2025-03-18T03:30;2025-03-18T03:45;15;EUR;MWh;NO;NO;108;;108;108;1;UP
2025-03-18T03:45;2025-03-18T04:00;16;EUR;MWh;NO;NO;99.8;;99.8;99.8;1;UP
2025-03-18T04:00;2025-03-18T04:15;17;EUR;MWh;NO;NO;127.1;;127.1;127.1;1;UP
2025-03-18T04:15;2025-03-18T04:30;18;EUR;MWh;NO;NO;127.1;160;160;160;-1;DOWN
2025-03-18T04:30;2025-03-18T04:45;19;EUR;MWh;NO;NO;75.07;160;112.54;112.54;2;UP_AND_DOWN
2025-03-18T04:45;2025-03-18T05:00;20;EUR;MWh;NO;NO;102.46;;102.46;102.46;1;UP
2025-03-18T05:00;2025-03-18T05:15;21;EUR;MWh;NO;NO;102.46;68.46;68.46;68.46;-1;DOWN
2025-03-18T05:15;2025-03-18T05:30;22;EUR;MWh;NO;NO;102.27;;102.27;102.27;1;UP
2025-03-18T05:30;2025-03-18T05:45;23;EUR;MWh;NO;NO;102.46;99;102.46;96.5;2;UP_AND_DOWN
2025-03-18T05:45;2025-03-18T06:00;24;EUR;MWh;NO;NO;121;;121;121;1;UP
2025-03-18T06:00;2025-03-18T06:15;25;EUR;MWh;NO;NO;117.52;81.93;117.52;81.93;2;UP_AND_DOWN
2025-03-18T06:15;2025-03-18T06:30;26;EUR;MWh;NO;NO;126.8;106;126.8;126.8;1;UP
2025-03-18T06:30;2025-03-18T06:45;27;EUR;MWh;NO;NO;126.8;;126.8;126.8;1;UP
2025-03-18T06:45;2025-03-18T07:00;28;EUR;MWh;NO;NO;128.92;;128.92;128.92;1;UP
2025-03-18T07:00;2025-03-18T07:15;29;EUR;MWh;NO;NO;95.07;;95.07;95.07;1;UP
2025-03-18T07:15;2025-03-18T07:30;30;EUR;MWh;NO;NO;65.07;56;56;56;-1;DOWN
2025-03-18T07:30;2025-03-18T07:45;31;EUR;MWh;NO;NO;;40.06;40.06;40.06;-1;DOWN
2025-03-18T07:45;2025-03-18T08:00;32;EUR;MWh;NO;NO;;38.57;38.57;38.57;-1;DOWN
2025-03-18T08:00;2025-03-18T08:15;33;EUR;MWh;NO;NO;75.07;30.57;77.5;30.57;2;UP_AND_DOWN
2025-03-18T08:15;2025-03-18T08:30;34;EUR;MWh;NO;NO;;21.65;21.65;21.65;-1;DOWN
2025-03-18T08:30;2025-03-18T08:45;35;EUR;MWh;NO;NO;;15;15;15;-1;DOWN
2025-03-18T08:45;2025-03-18T09:00;36;EUR;MWh;NO;NO;;-30;-30;-30;-1;DOWN
2025-03-18T09:00;2025-03-18T09:15;37;EUR;MWh;NO;NO;220.57;-50;220.57;-50;2;UP_AND_DOWN
2025-03-18T09:15;2025-03-18T09:30;38;EUR;MWh;NO;NO;128.92;-31;128.92;-31;2;UP_AND_DOWN
2025-03-18T09:30;2025-03-18T09:45;39;EUR;MWh;NO;NO;;-29.9;-29.9;-29.9;-1;DOWN
2025-03-18T09:45;2025-03-18T10:00;40;EUR;MWh;NO;NO;;-31;-31;-31;-1;DOWN
2025-03-18T10:00;2025-03-18T10:15;41;EUR;MWh;NO;NO;128.8;-22;128.8;-22;2;UP_AND_DOWN
2025-03-18T10:15;2025-03-18T10:30;42;EUR;MWh;NO;NO;128.8;-49;-49;-49;-1;DOWN
2025-03-18T10:30;2025-03-18T10:45;43;EUR;MWh;NO;NO;;-50;-50;-50;-1;DOWN
2025-03-18T10:45;2025-03-18T11:00;44;EUR;MWh;NO;NO;;-30;-30;-30;-1;DOWN
2025-03-18T11:00;2025-03-18T11:15;45;EUR;MWh;NO;NO;;-30;-30;-30;-1;DOWN
2025-03-18T11:15;2025-03-18T11:30;46;EUR;MWh;NO;NO;;-31;-31;-31;-1;DOWN
2025-03-18T11:30;2025-03-18T11:45;47;EUR;MWh;NO;NO;;-31;-31;-31;-1;DOWN
2025-03-18T11:45;2025-03-18T12:00;48;EUR;MWh;NO;NO;;-49.7;-49.7;-49.7;-1;DOWN
2025-03-18T12:00;2025-03-18T12:15;49;EUR;MWh;NO;NO;;-69.9;-69.9;-69.9;-1;DOWN
2025-03-18T12:15;2025-03-18T12:30;50;EUR;MWh;NO;NO;;-100;-100;-100;-1;DOWN
2025-03-18T12:30;2025-03-18T12:45;51;EUR;MWh;NO;NO;55;-29.9;55;-29.9;2;UP_AND_DOWN
2025-03-18T12:45;2025-03-18T13:00;52;EUR;MWh;NO;NO;;-60;-60;-60;-1;DOWN
2025-03-18T13:00;2025-03-18T13:15;53;EUR;MWh;NO;NO;;-50;-50;-50;-1;DOWN
2025-03-18T13:15;2025-03-18T13:30;54;EUR;MWh;NO;NO;;-29.9;-29.9;-29.9;-1;DOWN
2025-03-18T13:30;2025-03-18T13:45;55;EUR;MWh;NO;NO;;-31;-31;-31;-1;DOWN
2025-03-18T13:45;2025-03-18T14:00;56;EUR;MWh;NO;NO;;-31;-31;-31;-1;DOWN
2025-03-18T14:00;2025-03-18T14:15;57;EUR;MWh;NO;NO;;-31;-31;-31;-1;DOWN
2025-03-18T14:15;2025-03-18T14:30;58;EUR;MWh;NO;NO;;-31;-31;-31;-1;DOWN
2025-03-18T14:30;2025-03-18T14:45;59;EUR;MWh;NO;NO;;-31;-31;-31;-1;DOWN
2025-03-18T14:45;2025-03-18T15:00;60;EUR;MWh;NO;NO;;-30;-30;-30;-1;DOWN
2025-03-18T15:00;2025-03-18T15:15;61;EUR;MWh;NO;NO;;-29.9;-29.9;-29.9;-1;DOWN
2025-03-18T15:15;2025-03-18T15:30;62;EUR;MWh;NO;NO;;-29.9;-29.9;-29.9;-1;DOWN
2025-03-18T15:30;2025-03-18T15:45;63;EUR;MWh;NO;NO;129.3;-200;129.3;-200;2;UP_AND_DOWN
2025-03-18T15:45;2025-03-18T16:00;64;EUR;MWh;NO;NO;129.3;;129.3;129.3;1;UP
2025-03-18T16:00;2025-03-18T16:15;65;EUR;MWh;NO;NO;;-2.68;-2.68;-2.68;-1;DOWN
2025-03-18T16:15;2025-03-18T16:30;66;EUR;MWh;NO;NO;;21.65;21.65;21.65;-1;DOWN
2025-03-18T16:30;2025-03-18T16:45;67;EUR;MWh;NO;NO;95.32;55;95.32;55;2;UP_AND_DOWN
2025-03-18T16:45;2025-03-18T17:00;68;EUR;MWh;NO;NO;92.67;;92.67;92.67;1;UP
2025-03-18T17:00;2025-03-18T17:15;69;EUR;MWh;NO;NO;;59.35;59.35;59.35;-1;DOWN
2025-03-18T17:15;2025-03-18T17:30;70;EUR;MWh;NO;NO;100;89.51;100;75.29;2;UP_AND_DOWN
2025-03-18T17:30;2025-03-18T17:45;71;EUR;MWh;NO;NO;184.66;;184.66;184.66;1;UP
2025-03-18T17:45;2025-03-18T18:00;72;EUR;MWh;NO;NO;200;;200;200;1;UP
2025-03-18T18:00;2025-03-18T18:15;73;EUR;MWh;NO;NO;129.2;47.3;129.2;47.3;2;UP_AND_DOWN
2025-03-18T18:15;2025-03-18T18:30;74;EUR;MWh;NO;NO;100;47.3;100;100;1;UP
2025-03-18T18:30;2025-03-18T18:45;75;EUR;MWh;NO;NO;129.1;;129.1;129.1;1;UP
2025-03-18T18:45;2025-03-18T19:00;76;EUR;MWh;NO;NO;129.1;;129.1;129.1;1;UP
2025-03-18T19:00;2025-03-18T19:15;77;EUR;MWh;NO;NO;205.57;;205.57;205.57;1;UP
2025-03-18T19:15;2025-03-18T19:30;78;EUR;MWh;NO;NO;160.4;;160.4;160.4;1;UP
2025-03-18T19:30;2025-03-18T19:45;79;EUR;MWh;NO;NO;138.41;;138.41;138.41;1;UP
2025-03-18T19:45;2025-03-18T20:00;80;EUR;MWh;NO;NO;138.41;87.18;87.18;87.18;-1;DOWN
2025-03-18T20:00;2025-03-18T20:15;81;EUR;MWh;NO;NO;;71.84;71.84;71.84;-1;DOWN
2025-03-18T20:15;2025-03-18T20:30;82;EUR;MWh;NO;NO;;68.57;68.57;68.57;-1;DOWN
2025-03-18T20:30;2025-03-18T20:45;83;EUR;MWh;NO;NO;;75;75;75;-1;DOWN
2025-03-18T20:45;2025-03-18T21:00;84;EUR;MWh;NO;NO;;40.5;40.5;40.5;-1;DOWN
2025-03-18T21:00;2025-03-18T21:15;85;EUR;MWh;NO;NO;75.07;28.65;75.29;28.65;2;UP_AND_DOWN
2025-03-18T21:15;2025-03-18T21:30;86;EUR;MWh;NO;NO;;44.18;44.18;44.18;-1;DOWN
2025-03-18T21:30;2025-03-18T21:45;87;EUR;MWh;NO;NO;;27.57;27.57;27.57;-1;DOWN
2025-03-18T21:45;2025-03-18T22:00;88;EUR;MWh;NO;NO;;37.67;37.67;37.67;-1;DOWN
2025-03-18T22:00;2025-03-18T22:15;89;EUR;MWh;NO;NO;;54.57;54.57;54.57;-1;DOWN
2025-03-18T22:15;2025-03-18T22:30;90;EUR;MWh;NO;NO;;77.18;77.18;77.18;-1;DOWN
2025-03-18T22:30;2025-03-18T22:45;91;EUR;MWh;NO;NO;55;82.18;75.29;75.29;2;UP_AND_DOWN
2025-03-18T22:45;2025-03-18T23:00;92;EUR;MWh;NO;NO;;55;55;55;-1;DOWN
2025-03-18T23:00;2025-03-18T23:15;93;EUR;MWh;NO;NO;;45;45;45;-1;DOWN
2025-03-18T23:15;2025-03-18T23:30;94;EUR;MWh;NO;NO;;84.57;84.57;84.57;-1;DOWN
2025-03-18T23:30;2025-03-18T23:45;95;EUR;MWh;NO;NO;;84.57;84.57;84.57;-1;DOWN
2025-03-18T23:45;2025-03-19T00:00;96;EUR;MWh;NO;NO;95.07;84.57;95.07;75.29;2;UP_AND_DOWN
2025-03-19T00:00;2025-03-19T00:15;1;EUR;MWh;NO;NO;95.07;72.85;72.85;72.85;-1;DOWN
2025-03-19T00:15;2025-03-19T00:30;2;EUR;MWh;NO;NO;;71.65;71.65;71.65;-1;DOWN
2025-03-19T00:30;2025-03-19T00:45;3;EUR;MWh;NO;NO;;92.57;92.57;92.57;-1;DOWN
2025-03-19T00:45;2025-03-19T01:00;4;EUR;MWh;NO;NO;125.17;94.57;125.17;75.29;2;UP_AND_DOWN
2025-03-19T01:00;2025-03-19T01:15;5;EUR;MWh;NO;NO;115.57;79.47;115.57;75.29;2;UP_AND_DOWN
2025-03-19T01:15;2025-03-19T01:30;6;EUR;MWh;NO;NO;115.57;73.65;73.65;73.65;-1;DOWN
2025-03-19T01:30;2025-03-19T01:45;7;EUR;MWh;NO;NO;;86.58;86.58;86.58;-1;DOWN
2025-03-19T01:45;2025-03-19T02:00;8;EUR;MWh;NO;NO;110.57;87.85;110.57;110.57;1;UP
2025-03-19T02:00;2025-03-19T02:15;9;EUR;MWh;NO;NO;160;;160;160;1;UP
2025-03-19T02:15;2025-03-19T02:30;10;EUR;MWh;NO;NO;131.02;;131.02;131.02;1;UP
2025-03-19T02:30;2025-03-19T02:45;11;EUR;MWh;NO;NO;127;;127;127;1;UP
2025-03-19T02:45;2025-03-19T03:00;12;EUR;MWh;NO;NO;126.9;;126.9;126.9;1;UP
2025-03-19T03:00;2025-03-19T03:15;13;EUR;MWh;NO;NO;110;73.65;73.65;73.65;-1;DOWN
2025-03-19T03:15;2025-03-19T03:30;14;EUR;MWh;NO;NO;;73.65;73.65;73.65;-1;DOWN
2025-03-19T03:30;2025-03-19T03:45;15;EUR;MWh;NO;NO;;82.85;82.85;82.85;-1;DOWN
2025-03-19T03:45;2025-03-19T04:00;16;EUR;MWh;NO;NO;;87.85;87.85;87.85;-1;DOWN
2025-03-19T04:00;2025-03-19T04:15;17;EUR;MWh;NO;NO;;85.42;85.42;85.42;-1;DOWN
2025-03-19T04:15;2025-03-19T04:30;18;EUR;MWh;NO;NO;;82.13;82.13;82.13;-1;DOWN
2025-03-19T04:30;2025-03-19T04:45;19;EUR;MWh;NO;NO;;73.65;73.65;73.65;-1;DOWN
2025-03-19T04:45;2025-03-19T05:00;20;EUR;MWh;NO;NO;;94.57;94.57;94.57;-1;DOWN
2025-03-19T05:00;2025-03-19T05:15;21;EUR;MWh;NO;NO;100;62.85;100;62.85;2;UP_AND_DOWN
2025-03-19T05:15;2025-03-19T05:30;22;EUR;MWh;NO;NO;127;;127;127;1;UP
2025-03-19T05:30;2025-03-19T05:45;23;EUR;MWh;NO;NO;160.2;;160.2;160.2;1;UP
2025-03-19T05:45;2025-03-19T06:00;24;EUR;MWh;NO;NO;162.57;;162.57;162.57;1;UP
2025-03-19T06:00;2025-03-19T06:15;25;EUR;MWh;NO;NO;125.8;63.74;125.8;63.74;2;UP_AND_DOWN
2025-03-19T06:15;2025-03-19T06:30;26;EUR;MWh;NO;NO;140;;140;140;1;UP
2025-03-19T06:30;2025-03-19T06:45;27;EUR;MWh;NO;NO;174.4;;174.4;174.4;1;UP
2025-03-19T06:45;2025-03-19T07:00;28;EUR;MWh;NO;NO;158.8;;158.8;158.8;1;UP
2025-03-19T07:00;2025-03-19T07:15;29;EUR;MWh;NO;NO;140.57;;140.57;140.57;1;UP
2025-03-19T07:15;2025-03-19T07:30;30;EUR;MWh;NO;NO;110;52.93;52.93;52.93;-1;DOWN
2025-03-19T07:30;2025-03-19T07:45;31;EUR;MWh;NO;NO;;20.41;20.41;20.41;-1;DOWN
2025-03-19T07:45;2025-03-19T08:00;32;EUR;MWh;NO;NO;;17;17;17;-1;DOWN
2025-03-19T08:00;2025-03-19T08:15;33;EUR;MWh;NO;NO;125;54.57;125;54.57;2;UP_AND_DOWN
2025-03-19T08:15;2025-03-19T08:30;34;EUR;MWh;NO;NO;65.07;49.63;75.29;49.63;2;UP_AND_DOWN
2025-03-19T08:30;2025-03-19T08:45;35;EUR;MWh;NO;NO;100;75;100;75;2;UP_AND_DOWN
2025-03-19T08:45;2025-03-19T09:00;36;EUR;MWh;NO;NO;85.07;55;85.07;55;2;UP_AND_DOWN
2025-03-19T09:00;2025-03-19T09:15;37;EUR;MWh;NO;NO;200;21.65;200;21.65;2;UP_AND_DOWN
2025-03-19T09:15;2025-03-19T09:30;38;EUR;MWh;NO;NO;127.7;;127.7;127.7;1;UP
2025-03-19T09:30;2025-03-19T09:45;39;EUR;MWh;NO;NO;159.2;;159.2;159.2;1;UP
2025-03-19T09:45;2025-03-19T10:00;40;EUR;MWh;NO;NO;159.2;7.57;7.57;7.57;-1;DOWN
2025-03-19T10:00;2025-03-19T10:15;41;EUR;MWh;NO;NO;;4;4;4;-1;DOWN
2025-03-19T10:15;2025-03-19T10:30;42;EUR;MWh;NO;NO;65.07;94.57;65.07;62.79;2;UP_AND_DOWN
2025-03-19T10:30;2025-03-19T10:45;43;EUR;MWh;NO;NO;;-30;-30;-30;-1;DOWN
2025-03-19T10:45;2025-03-19T11:00;44;EUR;MWh;NO;NO;;-50;-50;-50;-1;DOWN
2025-03-19T11:00;2025-03-19T11:15;45;EUR;MWh;NO;NO;140.57;11;140.57;11;2;UP_AND_DOWN
2025-03-19T11:15;2025-03-19T11:30;46;EUR;MWh;NO;NO;;11;11;11;-1;DOWN
2025-03-19T11:30;2025-03-19T11:45;47;EUR;MWh;NO;NO;;21.57;21.57;21.57;-1;DOWN
2025-03-19T11:45;2025-03-19T12:00;48;EUR;MWh;NO;NO;;-17.02;-17.02;-17.02;-1;DOWN
2025-03-19T12:00;2025-03-19T12:15;49;EUR;MWh;NO;NO;;1;1;1;-1;DOWN
2025-03-19T12:15;2025-03-19T12:30;50;EUR;MWh;NO;NO;;-30;-30;-30;-1;DOWN
2025-03-19T12:30;2025-03-19T12:45;51;EUR;MWh;NO;NO;;-30;-30;-30;-1;DOWN
2025-03-19T12:45;2025-03-19T13:00;52;EUR;MWh;NO;NO;;1;1;1;-1;DOWN
2025-03-19T13:00;2025-03-19T13:15;53;EUR;MWh;NO;NO;65.07;-100;-100;-100;-1;DOWN
2025-03-19T13:15;2025-03-19T13:30;54;EUR;MWh;NO;NO;68.86;-30;80.32;-30;2;UP_AND_DOWN
2025-03-19T13:30;2025-03-19T13:45;55;EUR;MWh;NO;NO;;-30;-30;-30;-1;DOWN
2025-03-19T13:45;2025-03-19T14:00;56;EUR;MWh;NO;NO;;7.57;7.57;7.57;-1;DOWN
2025-03-19T14:00;2025-03-19T14:15;57;EUR;MWh;NO;NO;;11.57;11.57;11.57;-1;DOWN
2025-03-19T14:15;2025-03-19T14:30;58;EUR;MWh;NO;NO;;14.57;14.57;14.57;-1;DOWN
2025-03-19T14:30;2025-03-19T14:45;59;EUR;MWh;NO;NO;;21.57;21.57;21.57;-1;DOWN
2025-03-19T14:45;2025-03-19T15:00;60;EUR;MWh;NO;NO;;93.57;93.57;93.57;-1;DOWN
2025-03-19T15:00;2025-03-19T15:15;61;EUR;MWh;NO;NO;;48.57;48.57;48.57;-1;DOWN
2025-03-19T15:15;2025-03-19T15:30;62;EUR;MWh;NO;NO;;48.57;80.32;80.32;0;STABLE
2025-03-19T15:30;2025-03-19T15:45;63;EUR;MWh;NO;NO;115.12;;115.12;115.12;1;UP
2025-03-19T15:45;2025-03-19T16:00;64;EUR;MWh;NO;NO;122.57;;122.57;122.57;1;UP
2025-03-19T16:00;2025-03-19T16:15;65;EUR;MWh;NO;NO;111.57;27.57;111.57;27.57;2;UP_AND_DOWN
2025-03-19T16:15;2025-03-19T16:30;66;EUR;MWh;NO;NO;100;71.65;100;71.65;2;UP_AND_DOWN
2025-03-19T16:30;2025-03-19T16:45;67;EUR;MWh;NO;NO;101.57;82;101.57;75.29;2;UP_AND_DOWN
2025-03-19T16:45;2025-03-19T17:00;68;EUR;MWh;NO;NO;65.07;;65.07;65.07;1;UP
2025-03-19T17:00;2025-03-19T17:15;69;EUR;MWh;NO;NO;;43.57;43.57;43.57;-1;DOWN
2025-03-19T17:15;2025-03-19T17:30;70;EUR;MWh;NO;NO;179.4;72.08;179.4;72.08;2;UP_AND_DOWN
2025-03-19T17:30;2025-03-19T17:45;71;EUR;MWh;NO;NO;204.57;;204.57;204.57;1;UP
2025-03-19T17:45;2025-03-19T18:00;72;EUR;MWh;NO;NO;248.5;;248.5;248.5;1;UP
2025-03-19T18:00;2025-03-19T18:15;73;EUR;MWh;NO;NO;179.1;62.92;179.1;62.92;2;UP_AND_DOWN
2025-03-19T18:15;2025-03-19T18:30;74;EUR;MWh;NO;NO;204.57;95.9;204.57;81.24;2;UP_AND_DOWN
2025-03-19T18:30;2025-03-19T18:45;75;EUR;MWh;NO;NO;211.57;;211.57;211.57;1;UP
2025-03-19T18:45;2025-03-19T19:00;76;EUR;MWh;NO;NO;152.8;;152.8;152.8;1;UP
2025-03-19T19:00;2025-03-19T19:15;77;EUR;MWh;NO;NO;245.57;;245.57;245.57;1;UP
2025-03-19T19:15;2025-03-19T19:30;78;EUR;MWh;NO;NO;231.57;;231.57;231.57;1;UP
2025-03-19T19:30;2025-03-19T19:45;79;EUR;MWh;NO;NO;155.5;;155.5;155.5;1;UP
2025-03-19T19:45;2025-03-19T20:00;80;EUR;MWh;NO;NO;128.2;81.64;128.2;81.24;2;UP_AND_DOWN
2025-03-19T20:00;2025-03-19T20:15;81;EUR;MWh;NO;NO;155.5;93.57;155.5;81.24;2;UP_AND_DOWN
2025-03-19T20:15;2025-03-19T20:30;82;EUR;MWh;NO;NO;155.5;81.64;81.64;81.64;-1;DOWN
2025-03-19T20:30;2025-03-19T20:45;83;EUR;MWh;NO;NO;;92.83;92.83;92.83;-1;DOWN
2025-03-19T20:45;2025-03-19T21:00;84;EUR;MWh;NO;NO;100;97.4;100;81.24;2;UP_AND_DOWN
2025-03-19T21:00;2025-03-19T21:15;85;EUR;MWh;NO;NO;211.57;;211.57;211.57;1;UP
2025-03-19T21:15;2025-03-19T21:30;86;EUR;MWh;NO;NO;170.57;;170.57;170.57;1;UP
2025-03-19T21:30;2025-03-19T21:45;87;EUR;MWh;NO;NO;149.1;;149.1;149.1;1;UP
2025-03-19T21:45;2025-03-19T22:00;88;EUR;MWh;NO;NO;127.9;;127.9;127.9;1;UP
2025-03-19T22:00;2025-03-19T22:15;89;EUR;MWh;NO;NO;156.3;;156.3;156.3;1;UP
2025-03-19T22:15;2025-03-19T22:30;90;EUR;MWh;NO;NO;156.3;;156.3;156.3;1;UP
2025-03-19T22:30;2025-03-19T22:45;91;EUR;MWh;NO;NO;127.9;;127.9;127.9;1;UP
2025-03-19T22:45;2025-03-19T23:00;92;EUR;MWh;NO;NO;127.9;71.65;71.65;71.65;-1;DOWN
2025-03-19T23:00;2025-03-19T23:15;93;EUR;MWh;NO;NO;;81.64;81.64;81.64;-1;DOWN
2025-03-19T23:15;2025-03-19T23:30;94;EUR;MWh;NO;NO;;73.95;73.95;73.95;-1;DOWN
2025-03-19T23:30;2025-03-19T23:45;95;EUR;MWh;NO;NO;;69.11;69.11;69.11;-1;DOWN
2025-03-19T23:45;2025-03-20T00:00;96;EUR;MWh;NO;NO;111.89;69.11;111.89;69.11;2;UP_AND_DOWN
2025-03-20T00:00;2025-03-20T00:15;1;EUR;MWh;NO;NO;100;64.57;100;64.57;2;UP_AND_DOWN
2025-03-20T00:15;2025-03-20T00:30;2;EUR;MWh;NO;NO;124.69;70;124.69;70;2;UP_AND_DOWN
2025-03-20T00:30;2025-03-20T00:45;3;EUR;MWh;NO;NO;125.6;70;125.6;70;2;UP_AND_DOWN
2025-03-20T00:45;2025-03-20T01:00;4;EUR;MWh;NO;NO;125.6;70;70;70;-1;DOWN
2025-03-20T01:00;2025-03-20T01:15;5;EUR;MWh;NO;NO;125.6;91.6;125.6;74.35;2;UP_AND_DOWN
2025-03-20T01:15;2025-03-20T01:30;6;EUR;MWh;NO;NO;103.71;85.03;85.03;85.03;-1;DOWN
2025-03-20T01:30;2025-03-20T01:45;7;EUR;MWh;NO;NO;;70;70;70;-1;DOWN
2025-03-20T01:45;2025-03-20T02:00;8;EUR;MWh;NO;NO;;70;70;70;-1;DOWN
2025-03-20T02:00;2025-03-20T02:15;9;EUR;MWh;NO;NO;;60.73;60.73;60.73;-1;DOWN
2025-03-20T02:15;2025-03-20T02:30;10;EUR;MWh;NO;NO;;78.61;78.61;78.61;-1;DOWN
2025-03-20T02:30;2025-03-20T02:45;11;EUR;MWh;NO;NO;;79.57;79.57;79.57;-1;DOWN
2025-03-20T02:45;2025-03-20T03:00;12;EUR;MWh;NO;NO;;70;70;70;-1;DOWN
2025-03-20T03:00;2025-03-20T03:15;13;EUR;MWh;NO;NO;126;69.31;126;69.31;2;UP_AND_DOWN
2025-03-20T03:15;2025-03-20T03:30;14;EUR;MWh;NO;NO;110.79;;110.79;110.79;1;UP
2025-03-20T03:30;2025-03-20T03:45;15;EUR;MWh;NO;NO;120;;120;120;1;UP
2025-03-20T03:45;2025-03-20T04:00;16;EUR;MWh;NO;NO;120;;120;120;1;UP
2025-03-20T04:00;2025-03-20T04:15;17;EUR;MWh;NO;NO;120;79.87;79.87;79.87;-1;DOWN
2025-03-20T04:15;2025-03-20T04:30;18;EUR;MWh;NO;NO;;79.57;79.57;79.57;-1;DOWN
2025-03-20T04:30;2025-03-20T04:45;19;EUR;MWh;NO;NO;;86;86;86;-1;DOWN
2025-03-20T04:45;2025-03-20T05:00;20;EUR;MWh;NO;NO;;87.61;87.61;87.61;-1;DOWN
2025-03-20T05:00;2025-03-20T05:15;21;EUR;MWh;NO;NO;;72.69;72.69;72.69;-1;DOWN
2025-03-20T05:15;2025-03-20T05:30;22;EUR;MWh;NO;NO;;92.1;92.1;92.1;-1;DOWN
2025-03-20T05:30;2025-03-20T05:45;23;EUR;MWh;NO;NO;;90.89;90.89;90.89;-1;DOWN
2025-03-20T05:45;2025-03-20T06:00;24;EUR;MWh;NO;NO;;79.76;79.76;79.76;-1;DOWN
2025-03-20T06:00;2025-03-20T06:15;25;EUR;MWh;NO;NO;158.2;70;158.2;70;2;UP_AND_DOWN
2025-03-20T06:15;2025-03-20T06:30;26;EUR;MWh;NO;NO;173.8;;173.8;173.8;1;UP
2025-03-20T06:30;2025-03-20T06:45;27;EUR;MWh;NO;NO;;90.69;90.69;90.69;-1;DOWN
2025-03-20T06:45;2025-03-20T07:00;28;EUR;MWh;NO;NO;;82.1;82.1;82.1;-1;DOWN
2025-03-20T07:00;2025-03-20T07:15;29;EUR;MWh;NO;NO;;67.69;67.69;67.69;-1;DOWN
2025-03-20T07:15;2025-03-20T07:30;30;EUR;MWh;NO;NO;96.69;70;96.69;70;2;UP_AND_DOWN
2025-03-20T07:30;2025-03-20T07:45;31;EUR;MWh;NO;NO;;68.57;68.57;68.57;-1;DOWN
2025-03-20T07:45;2025-03-20T08:00;32;EUR;MWh;NO;NO;;26.85;26.85;26.85;-1;DOWN
2025-03-20T08:00;2025-03-20T08:15;33;EUR;MWh;NO;NO;106.69;10;106.69;10;2;UP_AND_DOWN
2025-03-20T08:15;2025-03-20T08:30;34;EUR;MWh;NO;NO;102.32;74.12;102.32;74.12;2;UP_AND_DOWN
2025-03-20T08:30;2025-03-20T08:45;35;EUR;MWh;NO;NO;114.58;70;114.58;70;2;UP_AND_DOWN
2025-03-20T08:45;2025-03-20T09:00;36;EUR;MWh;NO;NO;154;;154;154;1;UP
2025-03-20T09:00;2025-03-20T09:15;37;EUR;MWh;NO;NO;120;10;10;10;-1;DOWN
2025-03-20T09:15;2025-03-20T09:30;38;EUR;MWh;NO;NO;;-29.9;-29.9;-29.9;-1;DOWN
2025-03-20T09:30;2025-03-20T09:45;39;EUR;MWh;NO;NO;;-31;-31;-31;-1;DOWN
2025-03-20T09:45;2025-03-20T10:00;40;EUR;MWh;NO;NO;;4.69;4.69;4.69;-1;DOWN
2025-03-20T10:00;2025-03-20T10:15;41;EUR;MWh;NO;NO;125;70;125;65.87;2;UP_AND_DOWN
2025-03-20T10:15;2025-03-20T10:30;42;EUR;MWh;NO;NO;186.69;70;186.69;70;2;UP_AND_DOWN
2025-03-20T10:30;2025-03-20T10:45;43;EUR;MWh;NO;NO;186.69;-30;-30;-30;-1;DOWN
2025-03-20T10:45;2025-03-20T11:00;44;EUR;MWh;NO;NO;;-60;-60;-60;-1;DOWN
2025-03-20T11:00;2025-03-20T11:15;45;EUR;MWh;NO;NO;88.56;49.57;88.56;49.57;2;UP_AND_DOWN
2025-03-20T11:15;2025-03-20T11:30;46;EUR;MWh;NO;NO;;13.69;13.69;13.69;-1;DOWN
2025-03-20T11:30;2025-03-20T11:45;47;EUR;MWh;NO;NO;;10;10;10;-1;DOWN
2025-03-20T11:45;2025-03-20T12:00;48;EUR;MWh;NO;NO;;8.69;8.69;8.69;-1;DOWN
2025-03-20T12:00;2025-03-20T12:15;49;EUR;MWh;NO;NO;;10.69;10.69;10.69;-1;DOWN
2025-03-20T12:15;2025-03-20T12:30;50;EUR;MWh;NO;NO;;8.69;8.69;8.69;-1;DOWN
2025-03-20T12:30;2025-03-20T12:45;51;EUR;MWh;NO;NO;;9.69;9.69;9.69;-1;DOWN
2025-03-20T12:45;2025-03-20T13:00;52;EUR;MWh;NO;NO;;36.69;36.69;36.69;-1;DOWN
2025-03-20T13:00;2025-03-20T13:15;53;EUR;MWh;NO;NO;;-31;-31;-31;-1;DOWN
2025-03-20T13:15;2025-03-20T13:30;54;EUR;MWh;NO;NO;;36.69;36.69;36.69;-1;DOWN
2025-03-20T13:30;2025-03-20T13:45;55;EUR;MWh;NO;NO;;26.69;26.69;26.69;-1;DOWN
2025-03-20T13:45;2025-03-20T14:00;56;EUR;MWh;NO;NO;;47.69;47.69;47.69;-1;DOWN
2025-03-20T14:00;2025-03-20T14:15;57;EUR;MWh;NO;NO;;70;70;70;-1;DOWN
2025-03-20T14:15;2025-03-20T14:30;58;EUR;MWh;NO;NO;;79.57;79.57;79.57;-1;DOWN
2025-03-20T14:30;2025-03-20T14:45;59;EUR;MWh;NO;NO;106.69;;106.69;106.69;1;UP
2025-03-20T14:45;2025-03-20T15:00;60;EUR;MWh;NO;NO;124.69;;124.69;124.69;1;UP
2025-03-20T15:00;2025-03-20T15:15;61;EUR;MWh;NO;NO;69.43;70;88;70;2;UP_AND_DOWN
2025-03-20T15:15;2025-03-20T15:30;62;EUR;MWh;NO;NO;120;95.69;120;88;2;UP_AND_DOWN
2025-03-20T15:30;2025-03-20T15:45;63;EUR;MWh;NO;NO;142.4;;142.4;142.4;1;UP
2025-03-20T15:45;2025-03-20T16:00;64;EUR;MWh;NO;NO;140.69;;140.69;140.69;1;UP
2025-03-20T16:00;2025-03-20T16:15;65;EUR;MWh;NO;NO;;47.69;47.69;47.69;-1;DOWN
2025-03-20T16:15;2025-03-20T16:30;66;EUR;MWh;NO;NO;126;79.57;126;126;1;UP
2025-03-20T16:30;2025-03-20T16:45;67;EUR;MWh;NO;NO;175.6;;175.6;175.6;1;UP
2025-03-20T16:45;2025-03-20T17:00;68;EUR;MWh;NO;NO;200;;200;200;1;UP
2025-03-20T17:00;2025-03-20T17:15;69;EUR;MWh;NO;NO;102.81;71.42;102.81;71.42;2;UP_AND_DOWN
2025-03-20T17:15;2025-03-20T17:30;70;EUR;MWh;NO;NO;125.7;59.69;125.7;59.69;2;UP_AND_DOWN
2025-03-20T17:30;2025-03-20T17:45;71;EUR;MWh;NO;NO;125.6;56;125.6;56;2;UP_AND_DOWN
2025-03-20T17:45;2025-03-20T18:00;72;EUR;MWh;NO;NO;;92.69;92.69;92.69;-1;DOWN
2025-03-20T18:00;2025-03-20T18:15;73;EUR;MWh;NO;NO;;70;70;70;-1;DOWN
2025-03-20T18:15;2025-03-20T18:30;74;EUR;MWh;NO;NO;176;70;176;176;1;UP
2025-03-20T18:30;2025-03-20T18:45;75;EUR;MWh;NO;NO;204.69;;204.69;204.69;1;UP
2025-03-20T18:45;2025-03-20T19:00;76;EUR;MWh;NO;NO;147.7;;147.7;147.7;1;UP
2025-03-20T19:00;2025-03-20T19:15;77;EUR;MWh;NO;NO;120.03;86;120.03;86;2;UP_AND_DOWN
2025-03-20T19:15;2025-03-20T19:30;78;EUR;MWh;NO;NO;88.56;92.69;93.78;92.69;2;UP_AND_DOWN
2025-03-20T19:30;2025-03-20T19:45;79;EUR;MWh;NO;NO;;90.69;90.69;90.69;-1;DOWN
2025-03-20T19:45;2025-03-20T20:00;80;EUR;MWh;NO;NO;;92.69;92.69;92.69;-1;DOWN
2025-03-20T20:00;2025-03-20T20:15;81;EUR;MWh;NO;NO;211.69;94.69;211.69;93.8;2;UP_AND_DOWN
2025-03-20T20:15;2025-03-20T20:30;82;EUR;MWh;NO;NO;150.3;;150.3;150.3;1;UP
2025-03-20T20:30;2025-03-20T20:45;83;EUR;MWh;NO;NO;104.41;97.67;104.41;93.87;2;UP_AND_DOWN
2025-03-20T20:45;2025-03-20T21:00;84;EUR;MWh;NO;NO;;82.2;82.2;82.2;-1;DOWN
2025-03-20T21:00;2025-03-20T21:15;85;EUR;MWh;NO;NO;175.8;81.86;175.8;81.86;2;UP_AND_DOWN
2025-03-20T21:15;2025-03-20T21:30;86;EUR;MWh;NO;NO;88.56;70;93.78;70;2;UP_AND_DOWN
2025-03-20T21:30;2025-03-20T21:45;87;EUR;MWh;NO;NO;;70;70;70;-1;DOWN
2025-03-20T21:45;2025-03-20T22:00;88;EUR;MWh;NO;NO;;82.2;82.2;82.2;-1;DOWN
2025-03-20T22:00;2025-03-20T22:15;89;EUR;MWh;NO;NO;;85.72;85.72;85.72;-1;DOWN
2025-03-20T22:15;2025-03-20T22:30;90;EUR;MWh;NO;NO;;56;56;56;-1;DOWN
2025-03-20T22:30;2025-03-20T22:45;91;EUR;MWh;NO;NO;;58.8;58.8;58.8;-1;DOWN
2025-03-20T22:45;2025-03-20T23:00;92;EUR;MWh;NO;NO;;63.01;63.01;63.01;-1;DOWN
2025-03-20T23:00;2025-03-20T23:15;93;EUR;MWh;NO;NO;;5.69;5.69;5.69;-1;DOWN
2025-03-20T23:15;2025-03-20T23:30;94;EUR;MWh;NO;NO;;51.48;51.48;51.48;-1;DOWN
2025-03-20T23:30;2025-03-20T23:45;95;EUR;MWh;NO;NO;;21.57;21.57;21.57;-1;DOWN
2025-03-20T23:45;2025-03-21T00:00;96;EUR;MWh;NO;NO;;10;10;10;-1;DOWN
2025-03-21T00:00;2025-03-21T00:15;1;EUR;MWh;NO;NO;100;94.69;100;80.63;2;UP_AND_DOWN
2025-03-21T00:15;2025-03-21T00:30;2;EUR;MWh;NO;NO;85.56;59;59;59;-1;DOWN
2025-03-21T00:30;2025-03-21T00:45;3;EUR;MWh;NO;NO;;56.91;56.91;56.91;-1;DOWN
2025-03-21T00:45;2025-03-21T01:00;4;EUR;MWh;NO;NO;;46.91;46.91;46.91;-1;DOWN
2025-03-21T01:00;2025-03-21T01:15;5;EUR;MWh;NO;NO;130.6;87.99;130.6;80.63;2;UP_AND_DOWN
2025-03-21T01:15;2025-03-21T01:30;6;EUR;MWh;NO;NO;100;93.69;100;80.63;2;UP_AND_DOWN
2025-03-21T01:30;2025-03-21T01:45;7;EUR;MWh;NO;NO;100;84.99;100;80.63;2;UP_AND_DOWN
2025-03-21T01:45;2025-03-21T02:00;8;EUR;MWh;NO;NO;97.32;;97.32;97.32;1;UP
2025-03-21T02:00;2025-03-21T02:15;9;EUR;MWh;NO;NO;97.32;84.99;84.99;84.99;-1;DOWN
2025-03-21T02:15;2025-03-21T02:30;10;EUR;MWh;NO;NO;;81.17;81.17;81.17;-1;DOWN
2025-03-21T02:30;2025-03-21T02:45;11;EUR;MWh;NO;NO;;75;75;75;-1;DOWN
2025-03-21T02:45;2025-03-21T03:00;12;EUR;MWh;NO;NO;;79.99;79.99;79.99;-1;DOWN
2025-03-21T03:00;2025-03-21T03:15;13;EUR;MWh;NO;NO;120.69;95.69;120.69;80.63;2;UP_AND_DOWN
2025-03-21T03:15;2025-03-21T03:30;14;EUR;MWh;NO;NO;130.5;;130.5;130.5;1;UP
2025-03-21T03:30;2025-03-21T03:45;15;EUR;MWh;NO;NO;100;;100;100;1;UP
2025-03-21T03:45;2025-03-21T04:00;16;EUR;MWh;NO;NO;96.69;74.99;74.99;74.99;-1;DOWN
2025-03-21T04:00;2025-03-21T04:15;17;EUR;MWh;NO;NO;;57;57;57;-1;DOWN
2025-03-21T04:15;2025-03-21T04:30;18;EUR;MWh;NO;NO;;69.99;69.99;69.99;-1;DOWN
2025-03-21T04:30;2025-03-21T04:45;19;EUR;MWh;NO;NO;130.4;85;130.4;85;2;UP_AND_DOWN
2025-03-21T04:45;2025-03-21T05:00;20;EUR;MWh;NO;NO;112.69;;112.69;112.69;1;UP
2025-03-21T05:00;2025-03-21T05:15;21;EUR;MWh;NO;NO;104.69;;104.69;104.69;1;UP
2025-03-21T05:15;2025-03-21T05:30;22;EUR;MWh;NO;NO;100;81;100;76.35;2;UP_AND_DOWN
2025-03-21T05:30;2025-03-21T05:45;23;EUR;MWh;NO;NO;100;82.79;100;76.35;2;UP_AND_DOWN
2025-03-21T05:45;2025-03-21T06:00;24;EUR;MWh;NO;NO;100;86;86;86;-1;DOWN
2025-03-21T06:00;2025-03-21T06:15;25;EUR;MWh;NO;NO;145.35;71.57;145.35;71.57;2;UP_AND_DOWN
2025-03-21T06:15;2025-03-21T06:30;26;EUR;MWh;NO;NO;146.07;79;146.07;79;2;UP_AND_DOWN
2025-03-21T06:30;2025-03-21T06:45;27;EUR;MWh;NO;NO;;73.79;73.79;73.79;-1;DOWN
2025-03-21T06:45;2025-03-21T07:00;28;EUR;MWh;NO;NO;;57;57;57;-1;DOWN
2025-03-21T07:00;2025-03-21T07:15;29;EUR;MWh;NO;NO;;46.69;46.69;46.69;-1;DOWN
2025-03-21T07:15;2025-03-21T07:30;30;EUR;MWh;NO;NO;;32.9;32.9;32.9;-1;DOWN
2025-03-21T07:30;2025-03-21T07:45;31;EUR;MWh;NO;NO;;28;28;28;-1;DOWN
2025-03-21T07:45;2025-03-21T08:00;32;EUR;MWh;NO;NO;;;0;0;-1;DOWN
2025-03-21T08:00;2025-03-21T08:15;33;EUR;MWh;NO;NO;;47.63;47.63;47.63;-1;DOWN
2025-03-21T08:15;2025-03-21T08:30;34;EUR;MWh;NO;NO;;-5;-5;-5;-1;DOWN
2025-03-21T08:30;2025-03-21T08:45;35;EUR;MWh;NO;NO;;-5;-5;-5;-1;DOWN
2025-03-21T08:45;2025-03-21T09:00;36;EUR;MWh;NO;NO;;67;67;67;-1;DOWN
2025-03-21T09:00;2025-03-21T09:15;37;EUR;MWh;NO;NO;130.8;;130.8;130.8;1;UP
2025-03-21T09:15;2025-03-21T09:30;38;EUR;MWh;NO;NO;100;;100;100;1;UP
2025-03-21T09:30;2025-03-21T09:45;39;EUR;MWh;NO;NO;;-5.89;-5.89;-5.89;-1;DOWN
2025-03-21T09:45;2025-03-21T10:00;40;EUR;MWh;NO;NO;42.71;-1.96;42.71;42.71;1;UP
2025-03-21T10:00;2025-03-21T10:15;41;EUR;MWh;NO;NO;156.3;;156.3;156.3;1;UP
2025-03-21T10:15;2025-03-21T10:30;42;EUR;MWh;NO;NO;130.9;;130.9;130.9;1;UP
2025-03-21T10:30;2025-03-21T10:45;43;EUR;MWh;NO;NO;67;-9.8;67;-9.8;2;UP_AND_DOWN
2025-03-21T10:45;2025-03-21T11:00;44;EUR;MWh;NO;NO;;-43.9;-43.9;-43.9;-1;DOWN
2025-03-21T11:00;2025-03-21T11:15;45;EUR;MWh;NO;NO;96.69;-70;96.69;-70;2;UP_AND_DOWN
2025-03-21T11:15;2025-03-21T11:30;46;EUR;MWh;NO;NO;65;-31;-31;-31;-1;DOWN
2025-03-21T11:30;2025-03-21T11:45;47;EUR;MWh;NO;NO;65;-31;65;-31;2;UP_AND_DOWN
2025-03-21T11:45;2025-03-21T12:00;48;EUR;MWh;NO;NO;;-31;-31;-31;-1;DOWN
2025-03-21T12:00;2025-03-21T12:15;49;EUR;MWh;NO;NO;95;-38;95;-38;2;UP_AND_DOWN
2025-03-21T12:15;2025-03-21T12:30;50;EUR;MWh;NO;NO;95;-31;-31;-31;-1;DOWN
2025-03-21T12:30;2025-03-21T12:45;51;EUR;MWh;NO;NO;;-31;-31;-31;-1;DOWN
2025-03-21T12:45;2025-03-21T13:00;52;EUR;MWh;NO;NO;;-30;-30;-30;-1;DOWN
2025-03-21T13:00;2025-03-21T13:15;53;EUR;MWh;NO;NO;;-30;-30;-30;-1;DOWN
2025-03-21T13:15;2025-03-21T13:30;54;EUR;MWh;NO;NO;;-30;-30;-30;-1;DOWN
2025-03-21T13:30;2025-03-21T13:45;55;EUR;MWh;NO;NO;;-25;-25;-25;-1;DOWN
2025-03-21T13:45;2025-03-21T14:00;56;EUR;MWh;NO;NO;;-30;-30;-30;-1;DOWN
2025-03-21T14:00;2025-03-21T14:15;57;EUR;MWh;NO;NO;;-30;-30;-30;-1;DOWN
2025-03-21T14:15;2025-03-21T14:30;58;EUR;MWh;NO;NO;;-24;-24;-24;-1;DOWN
2025-03-21T14:30;2025-03-21T14:45;59;EUR;MWh;NO;NO;74;23;74;23;2;UP_AND_DOWN
2025-03-21T14:45;2025-03-21T15:00;60;EUR;MWh;NO;NO;71.51;;71.51;71.51;1;UP
2025-03-21T15:00;2025-03-21T15:15;61;EUR;MWh;NO;NO;65;-79.25;65;-79.25;2;UP_AND_DOWN
2025-03-21T15:15;2025-03-21T15:30;62;EUR;MWh;NO;NO;84.7;-25.1;84.7;84.7;1;UP
2025-03-21T15:30;2025-03-21T15:45;63;EUR;MWh;NO;NO;91.85;;91.85;91.85;1;UP
2025-03-21T15:45;2025-03-21T16:00;64;EUR;MWh;NO;NO;110.51;;110.51;110.51;1;UP
2025-03-21T16:00;2025-03-21T16:15;65;EUR;MWh;NO;NO;141.73;-29.7;141.73;-29.7;2;UP_AND_DOWN
2025-03-21T16:15;2025-03-21T16:30;66;EUR;MWh;NO;NO;130.6;-30;130.6;-30;2;UP_AND_DOWN
2025-03-21T16:30;2025-03-21T16:45;67;EUR;MWh;NO;NO;145;;145;145;1;UP
2025-03-21T16:45;2025-03-21T17:00;68;EUR;MWh;NO;NO;350;;350;350;1;UP
2025-03-21T17:00;2025-03-21T17:15;69;EUR;MWh;NO;NO;170.69;-4.52;170.69;-4.52;2;UP_AND_DOWN
2025-03-21T17:15;2025-03-21T17:30;70;EUR;MWh;NO;NO;130;-4.52;130;130;1;UP
2025-03-21T17:30;2025-03-21T17:45;71;EUR;MWh;NO;NO;178.7;;178.7;178.7;1;UP
2025-03-21T17:45;2025-03-21T18:00;72;EUR;MWh;NO;NO;170.63;;170.63;170.63;1;UP
2025-03-21T18:00;2025-03-21T18:15;73;EUR;MWh;NO;NO;130.4;-26.62;130.4;-26.62;2;UP_AND_DOWN
2025-03-21T18:15;2025-03-21T18:30;74;EUR;MWh;NO;NO;144.8;16.39;144.8;16.39;2;UP_AND_DOWN
2025-03-21T18:30;2025-03-21T18:45;75;EUR;MWh;NO;NO;126.69;35;126.69;35;2;UP_AND_DOWN
2025-03-21T18:45;2025-03-21T19:00;76;EUR;MWh;NO;NO;123.56;16.39;123.56;16.39;2;UP_AND_DOWN
2025-03-21T19:00;2025-03-21T19:15;77;EUR;MWh;NO;NO;97.63;-29.9;97.63;-29.9;2;UP_AND_DOWN
2025-03-21T19:15;2025-03-21T19:30;78;EUR;MWh;NO;NO;100.63;-2.4;100.63;-2.4;2;UP_AND_DOWN
2025-03-21T19:30;2025-03-21T19:45;79;EUR;MWh;NO;NO;100.63;20;100.63;20;2;UP_AND_DOWN
2025-03-21T19:45;2025-03-21T20:00;80;EUR;MWh;NO;NO;57;28;72.58;28;2;UP_AND_DOWN
2025-03-21T20:00;2025-03-21T20:15;81;EUR;MWh;NO;NO;130.7;75.15;130.7;75.15;2;UP_AND_DOWN
2025-03-21T20:15;2025-03-21T20:30;82;EUR;MWh;NO;NO;100.63;59;100.63;59;2;UP_AND_DOWN
2025-03-21T20:30;2025-03-21T20:45;83;EUR;MWh;NO;NO;;57;57;57;-1;DOWN
2025-03-21T20:45;2025-03-21T21:00;84;EUR;MWh;NO;NO;;38.69;38.69;38.69;-1;DOWN
2025-03-21T21:00;2025-03-21T21:15;85;EUR;MWh;NO;NO;110.63;59;110.63;59;2;UP_AND_DOWN
2025-03-21T21:15;2025-03-21T21:30;86;EUR;MWh;NO;NO;120.63;;120.63;120.63;1;UP
2025-03-21T21:30;2025-03-21T21:45;87;EUR;MWh;NO;NO;65.56;40.15;77.13;40.15;2;UP_AND_DOWN
2025-03-21T21:45;2025-03-21T22:00;88;EUR;MWh;NO;NO;;19;19;19;-1;DOWN
2025-03-21T22:00;2025-03-21T22:15;89;EUR;MWh;NO;NO;130.69;80.15;130.69;77.13;2;UP_AND_DOWN
2025-03-21T22:15;2025-03-21T22:30;90;EUR;MWh;NO;NO;110.69;;110.69;110.69;1;UP
2025-03-21T22:30;2025-03-21T22:45;91;EUR;MWh;NO;NO;110.69;30.15;30.15;30.15;-1;DOWN
2025-03-21T22:45;2025-03-21T23:00;92;EUR;MWh;NO;NO;;40.15;40.15;40.15;-1;DOWN
2025-03-21T23:00;2025-03-21T23:15;93;EUR;MWh;NO;NO;52.71;50.15;69.21;50.15;2;UP_AND_DOWN
2025-03-21T23:15;2025-03-21T23:30;94;EUR;MWh;NO;NO;52.71;10;10;10;-1;DOWN
2025-03-21T23:30;2025-03-21T23:45;95;EUR;MWh;NO;NO;;-26.63;-26.63;-26.63;-1;DOWN
2025-03-21T23:45;2025-03-22T00:00;96;EUR;MWh;NO;NO;73.56;-17.55;73.56;-17.55;2;UP_AND_DOWN
2025-03-22T00:00;2025-03-22T00:15;1;EUR;MWh;NO;NO;63.56;44;74.28;44;2;UP_AND_DOWN
2025-03-22T00:15;2025-03-22T00:30;2;EUR;MWh;NO;NO;85.56;10;85.56;10;2;UP_AND_DOWN
2025-03-22T00:30;2025-03-22T00:45;3;EUR;MWh;NO;NO;73.56;;73.56;73.56;1;UP
2025-03-22T00:45;2025-03-22T01:00;4;EUR;MWh;NO;NO;101.69;;101.69;101.69;1;UP
2025-03-22T01:00;2025-03-22T01:15;5;EUR;MWh;NO;NO;132.69;;132.69;132.69;1;UP
2025-03-22T01:15;2025-03-22T01:30;6;EUR;MWh;NO;NO;110;;110;110;1;UP
2025-03-22T01:30;2025-03-22T01:45;7;EUR;MWh;NO;NO;130;;130;130;1;UP
2025-03-22T01:45;2025-03-22T02:00;8;EUR;MWh;NO;NO;95.56;;95.56;95.56;1;UP
2025-03-22T02:00;2025-03-22T02:15;9;EUR;MWh;NO;NO;65;;65;65;1;UP
2025-03-22T02:15;2025-03-22T02:30;10;EUR;MWh;NO;NO;58.9;40;40;40;-1;DOWN
2025-03-22T02:30;2025-03-22T02:45;11;EUR;MWh;NO;NO;96.31;40;96.31;40;2;UP_AND_DOWN
2025-03-22T02:45;2025-03-22T03:00;12;EUR;MWh;NO;NO;177.69;;177.69;177.69;1;UP
2025-03-22T03:00;2025-03-22T03:15;13;EUR;MWh;NO;NO;96.69;10;10;10;-1;DOWN
2025-03-22T03:15;2025-03-22T03:30;14;EUR;MWh;NO;NO;36.66;10;60.83;10;2;UP_AND_DOWN
2025-03-22T03:30;2025-03-22T03:45;15;EUR;MWh;NO;NO;;10;10;10;-1;DOWN
2025-03-22T03:45;2025-03-22T04:00;16;EUR;MWh;NO;NO;85.56;10;85.56;85.56;1;UP
2025-03-22T04:00;2025-03-22T04:15;17;EUR;MWh;NO;NO;95.56;10;95.56;95.56;1;UP
2025-03-22T04:15;2025-03-22T04:30;18;EUR;MWh;NO;NO;42.93;-15;-15;-15;-1;DOWN
2025-03-22T04:30;2025-03-22T04:45;19;EUR;MWh;NO;NO;;-15;-15;-15;-1;DOWN
2025-03-22T04:45;2025-03-22T05:00;20;EUR;MWh;NO;NO;124.69;10;124.69;10;2;UP_AND_DOWN
2025-03-22T05:00;2025-03-22T05:15;21;EUR;MWh;NO;NO;124.69;-2.79;-2.79;-2.79;-1;DOWN
2025-03-22T05:15;2025-03-22T05:30;22;EUR;MWh;NO;NO;;10;10;10;-1;DOWN
2025-03-22T05:30;2025-03-22T05:45;23;EUR;MWh;NO;NO;;-1;-1;-1;-1;DOWN
2025-03-22T05:45;2025-03-22T06:00;24;EUR;MWh;NO;NO;;85;85;85;-1;DOWN
2025-03-22T06:00;2025-03-22T06:15;25;EUR;MWh;NO;NO;;-32;-32;-32;-1;DOWN
2025-03-22T06:15;2025-03-22T06:30;26;EUR;MWh;NO;NO;;-29.4;-29.4;-29.4;-1;DOWN
2025-03-22T06:30;2025-03-22T06:45;27;EUR;MWh;NO;NO;;-29.2;-29.2;-29.2;-1;DOWN
2025-03-22T06:45;2025-03-22T07:00;28;EUR;MWh;NO;NO;;-17;-17;-17;-1;DOWN
2025-03-22T07:00;2025-03-22T07:15;29;EUR;MWh;NO;NO;130.7;-1;130.7;-1;2;UP_AND_DOWN
2025-03-22T07:15;2025-03-22T07:30;30;EUR;MWh;NO;NO;130.7;-29.8;-29.8;-29.8;-1;DOWN
2025-03-22T07:30;2025-03-22T07:45;31;EUR;MWh;NO;NO;;-30;-30;-30;-1;DOWN
2025-03-22T07:45;2025-03-22T08:00;32;EUR;MWh;NO;NO;;-32;-32;-32;-1;DOWN
2025-03-22T08:00;2025-03-22T08:15;33;EUR;MWh;NO;NO;;-55;-55;-55;-1;DOWN
2025-03-22T08:15;2025-03-22T08:30;34;EUR;MWh;NO;NO;;-50;-50;-50;-1;DOWN
2025-03-22T08:30;2025-03-22T08:45;35;EUR;MWh;NO;NO;;-40;-40;-40;-1;DOWN
2025-03-22T08:45;2025-03-22T09:00;36;EUR;MWh;NO;NO;;-39.14;-39.14;-39.14;-1;DOWN
2025-03-22T09:00;2025-03-22T09:15;37;EUR;MWh;NO;NO;;-42.16;-42.16;-42.16;-1;DOWN
2025-03-22T09:15;2025-03-22T09:30;38;EUR;MWh;NO;NO;;-35;-35;-35;-1;DOWN
2025-03-22T09:30;2025-03-22T09:45;39;EUR;MWh;NO;NO;77;-60;77;-60;2;UP_AND_DOWN
2025-03-22T09:45;2025-03-22T10:00;40;EUR;MWh;NO;NO;107.42;-80.8;107.42;-80.8;2;UP_AND_DOWN
2025-03-22T10:00;2025-03-22T10:15;41;EUR;MWh;NO;NO;140;-30;140;-30;2;UP_AND_DOWN
2025-03-22T10:15;2025-03-22T10:30;42;EUR;MWh;NO;NO;160.65;-65.9;160.65;-65.9;2;UP_AND_DOWN
2025-03-22T10:30;2025-03-22T10:45;43;EUR;MWh;NO;NO;122.69;-511.24;-511.24;-511.24;-1;DOWN
2025-03-22T10:45;2025-03-22T11:00;44;EUR;MWh;NO;NO;102.03;-81.8;102.03;-81.8;2;UP_AND_DOWN
2025-03-22T11:00;2025-03-22T11:15;45;EUR;MWh;NO;NO;75.87;-461.8;75.87;-461.8;2;UP_AND_DOWN
2025-03-22T11:15;2025-03-22T11:30;46;EUR;MWh;NO;NO;1;-103.43;43;-103.43;2;UP_AND_DOWN
2025-03-22T11:30;2025-03-22T11:45;47;EUR;MWh;NO;NO;;-399.9;-399.9;-399.9;-1;DOWN
2025-03-22T11:45;2025-03-22T12:00;48;EUR;MWh;NO;NO;;-115;-115;-115;-1;DOWN
2025-03-22T12:00;2025-03-22T12:15;49;EUR;MWh;NO;NO;;-562.56;-562.56;-562.56;-1;DOWN
2025-03-22T12:15;2025-03-22T12:30;50;EUR;MWh;NO;NO;;-89.2;-89.2;-89.2;-1;DOWN
2025-03-22T12:30;2025-03-22T12:45;51;EUR;MWh;NO;NO;;-60;-60;-60;-1;DOWN
2025-03-22T12:45;2025-03-22T13:00;52;EUR;MWh;NO;NO;89.39;-513.51;89.39;-513.51;2;UP_AND_DOWN
2025-03-22T13:00;2025-03-22T13:15;53;EUR;MWh;NO;NO;115.69;-971.8;115.69;-971.8;2;UP_AND_DOWN
2025-03-22T13:15;2025-03-22T13:30;54;EUR;MWh;NO;NO;133.71;-521.7;133.71;133.71;1;UP
2025-03-22T13:30;2025-03-22T13:45;55;EUR;MWh;NO;NO;133.71;-511.24;-511.24;-511.24;-1;DOWN
2025-03-22T13:45;2025-03-22T14:00;56;EUR;MWh;NO;NO;269.14;-60;269.14;-60;2;UP_AND_DOWN
2025-03-22T14:00;2025-03-22T14:15;57;EUR;MWh;NO;NO;191.31;;191.31;191.31;1;UP
2025-03-22T14:15;2025-03-22T14:30;58;EUR;MWh;NO;NO;77;20.67;77;20.67;2;UP_AND_DOWN
2025-03-22T14:30;2025-03-22T14:45;59;EUR;MWh;NO;NO;97;20.77;97;20.77;2;UP_AND_DOWN
2025-03-22T14:45;2025-03-22T15:00;60;EUR;MWh;NO;NO;93.56;19.59;93.56;19.59;2;UP_AND_DOWN
2025-03-22T15:00;2025-03-22T15:15;61;EUR;MWh;NO;NO;65.56;20.67;65.56;20.67;2;UP_AND_DOWN
2025-03-22T15:15;2025-03-22T15:30;62;EUR;MWh;NO;NO;85.56;10;85.56;10;2;UP_AND_DOWN
2025-03-22T15:30;2025-03-22T15:45;63;EUR;MWh;NO;NO;90.86;19;90.86;19;2;UP_AND_DOWN
2025-03-22T15:45;2025-03-22T16:00;64;EUR;MWh;NO;NO;99;19;99;99;1;UP
2025-03-22T16:00;2025-03-22T16:15;65;EUR;MWh;NO;NO;120.69;-38.92;120.69;-38.92;2;UP_AND_DOWN
2025-03-22T16:15;2025-03-22T16:30;66;EUR;MWh;NO;NO;211.69;-16.42;211.69;-16.42;2;UP_AND_DOWN
2025-03-22T16:30;2025-03-22T16:45;67;EUR;MWh;NO;NO;350;;350;350;1;UP
2025-03-22T16:45;2025-03-22T17:00;68;EUR;MWh;NO;NO;191.69;-18.93;191.69;-18.93;2;UP_AND_DOWN
2025-03-22T17:00;2025-03-22T17:15;69;EUR;MWh;NO;NO;147.4;-204.41;147.4;-204.41;2;UP_AND_DOWN
2025-03-22T17:15;2025-03-22T17:30;70;EUR;MWh;NO;NO;193.58;-6.09;193.58;-6.09;2;UP_AND_DOWN
2025-03-22T17:30;2025-03-22T17:45;71;EUR;MWh;NO;NO;1895;-20.99;1895;-20.99;2;UP_AND_DOWN
2025-03-22T17:45;2025-03-22T18:00;72;EUR;MWh;NO;NO;1895;-35;-35;-35;-1;DOWN
2025-03-22T18:00;2025-03-22T18:15;73;EUR;MWh;NO;NO;140;-30;140;-30;2;UP_AND_DOWN
2025-03-22T18:15;2025-03-22T18:30;74;EUR;MWh;NO;NO;160.4;28.06;160.4;28.06;2;UP_AND_DOWN
2025-03-22T18:30;2025-03-22T18:45;75;EUR;MWh;NO;NO;130.2;12.69;130.2;12.69;2;UP_AND_DOWN
2025-03-22T18:45;2025-03-22T19:00;76;EUR;MWh;NO;NO;130.1;79.57;79.57;79.57;-1;DOWN
2025-03-22T19:00;2025-03-22T19:15;77;EUR;MWh;NO;NO;152.6;83.72;152.6;80.63;2;UP_AND_DOWN
2025-03-22T19:15;2025-03-22T19:30;78;EUR;MWh;NO;NO;132.69;;132.69;132.69;1;UP
2025-03-22T19:30;2025-03-22T19:45;79;EUR;MWh;NO;NO;111;;111;111;1;UP
2025-03-22T19:45;2025-03-22T20:00;80;EUR;MWh;NO;NO;111;;111;111;1;UP
2025-03-22T20:00;2025-03-22T20:15;81;EUR;MWh;NO;NO;121;;121;121;1;UP
2025-03-22T20:15;2025-03-22T20:30;82;EUR;MWh;NO;NO;130.2;;130.2;130.2;1;UP
2025-03-22T20:30;2025-03-22T20:45;83;EUR;MWh;NO;NO;121;79.79;79.79;79.79;-1;DOWN
2025-03-22T20:45;2025-03-22T21:00;84;EUR;MWh;NO;NO;;80.72;80.72;80.72;-1;DOWN
2025-03-22T21:00;2025-03-22T21:15;85;EUR;MWh;NO;NO;130;80.72;130;130;1;UP
2025-03-22T21:15;2025-03-22T21:30;86;EUR;MWh;NO;NO;130;;130;130;1;UP
2025-03-22T21:30;2025-03-22T21:45;87;EUR;MWh;NO;NO;126;;126;126;1;UP
2025-03-22T21:45;2025-03-22T22:00;88;EUR;MWh;NO;NO;101.86;95.69;101.86;101.86;1;UP
2025-03-22T22:00;2025-03-22T22:15;89;EUR;MWh;NO;NO;110;86.72;110;75.85;2;UP_AND_DOWN
2025-03-22T22:15;2025-03-22T22:30;90;EUR;MWh;NO;NO;65.56;;65.56;65.56;1;UP
2025-03-22T22:30;2025-03-22T22:45;91;EUR;MWh;NO;NO;65.56;;65.56;65.56;1;UP
2025-03-22T22:45;2025-03-22T23:00;92;EUR;MWh;NO;NO;;-6.71;-6.71;-6.71;-1;DOWN
2025-03-22T23:00;2025-03-22T23:15;93;EUR;MWh;NO;NO;65.56;-21.55;65.56;65.56;1;UP
2025-03-22T23:15;2025-03-22T23:30;94;EUR;MWh;NO;NO;;-6.62;-6.62;-6.62;-1;DOWN
2025-03-22T23:30;2025-03-22T23:45;95;EUR;MWh;NO;NO;;22;22;22;-1;DOWN
2025-03-22T23:45;2025-03-23T00:00;96;EUR;MWh;NO;NO;;33;33;33;-1;DOWN
2025-03-23T00:00;2025-03-23T00:15;1;EUR;MWh;NO;NO;;-58.28;-58.28;-58.28;-1;DOWN
2025-03-23T00:15;2025-03-23T00:30;2;EUR;MWh;NO;NO;;44;44;44;-1;DOWN
2025-03-23T00:30;2025-03-23T00:45;3;EUR;MWh;NO;NO;;28.06;28.06;28.06;-1;DOWN
2025-03-23T00:45;2025-03-23T01:00;4;EUR;MWh;NO;NO;;44;44;44;-1;DOWN
2025-03-23T01:00;2025-03-23T01:15;5;EUR;MWh;NO;NO;;-2.75;-2.75;-2.75;-1;DOWN
2025-03-23T01:15;2025-03-23T01:30;6;EUR;MWh;NO;NO;;-16.88;-16.88;-16.88;-1;DOWN
2025-03-23T01:30;2025-03-23T01:45;7;EUR;MWh;NO;NO;;-3.84;-3.84;-3.84;-1;DOWN
2025-03-23T01:45;2025-03-23T02:00;8;EUR;MWh;NO;NO;;;0;0;-1;DOWN
2025-03-23T02:00;2025-03-23T02:15;9;EUR;MWh;NO;NO;;44;44;44;-1;DOWN
2025-03-23T02:15;2025-03-23T02:30;10;EUR;MWh;NO;NO;;33.57;33.57;33.57;-1;DOWN
2025-03-23T02:30;2025-03-23T02:45;11;EUR;MWh;NO;NO;;1.57;1.57;1.57;-1;DOWN
2025-03-23T02:45;2025-03-23T03:00;12;EUR;MWh;NO;NO;;11.57;11.57;11.57;-1;DOWN
2025-03-23T03:00;2025-03-23T03:15;13;EUR;MWh;NO;NO;;50.57;50.57;50.57;-1;DOWN
2025-03-23T03:15;2025-03-23T03:30;14;EUR;MWh;NO;NO;;11.57;11.57;11.57;-1;DOWN
2025-03-23T03:30;2025-03-23T03:45;15;EUR;MWh;NO;NO;;10;10;10;-1;DOWN
2025-03-23T03:45;2025-03-23T04:00;16;EUR;MWh;NO;NO;;62;62;62;-1;DOWN
2025-03-23T04:00;2025-03-23T04:15;17;EUR;MWh;NO;NO;;81.57;81.57;81.57;-1;DOWN
2025-03-23T04:15;2025-03-23T04:30;18;EUR;MWh;NO;NO;;84.57;84.57;84.57;-1;DOWN
2025-03-23T04:30;2025-03-23T04:45;19;EUR;MWh;NO;NO;;81.57;81.57;81.57;-1;DOWN
2025-03-23T04:45;2025-03-23T05:00;20;EUR;MWh;NO;NO;36;83.57;36;-457.22;2;UP_AND_DOWN
2025-03-23T05:00;2025-03-23T05:15;21;EUR;MWh;NO;NO;85.56;;85.56;85.56;1;UP
2025-03-23T05:15;2025-03-23T05:30;22;EUR;MWh;NO;NO;111.57;;111.57;111.57;1;UP
2025-03-23T05:30;2025-03-23T05:45;23;EUR;MWh;NO;NO;109.33;;109.33;109.33;1;UP
2025-03-23T05:45;2025-03-23T06:00;24;EUR;MWh;NO;NO;130;;130;130;1;UP
2025-03-23T06:00;2025-03-23T06:15;25;EUR;MWh;NO;NO;130;;130;130;1;UP
2025-03-23T06:15;2025-03-23T06:30;26;EUR;MWh;NO;NO;126;;126;126;1;UP
2025-03-23T06:30;2025-03-23T06:45;27;EUR;MWh;NO;NO;126;;126;126;1;UP
2025-03-23T06:45;2025-03-23T07:00;28;EUR;MWh;NO;NO;119.12;;119.12;119.12;1;UP
2025-03-23T07:00;2025-03-23T07:15;29;EUR;MWh;NO;NO;95.56;;95.56;95.56;1;UP
2025-03-23T07:15;2025-03-23T07:30;30;EUR;MWh;NO;NO;94.65;;94.65;94.65;1;UP
2025-03-23T07:30;2025-03-23T07:45;31;EUR;MWh;NO;NO;58;75.57;58;-457.22;2;UP_AND_DOWN
2025-03-23T07:45;2025-03-23T08:00;32;EUR;MWh;NO;NO;126;79.57;126;-457.22;2;UP_AND_DOWN
2025-03-23T08:00;2025-03-23T08:15;33;EUR;MWh;NO;NO;1672.26;;1672.26;1672.26;1;UP
2025-03-23T08:15;2025-03-23T08:30;34;EUR;MWh;NO;NO;130.2;;130.2;130.2;1;UP
2025-03-23T08:30;2025-03-23T08:45;35;EUR;MWh;NO;NO;136.57;57;136.57;-457.22;2;UP_AND_DOWN
2025-03-23T08:45;2025-03-23T09:00;36;EUR;MWh;NO;NO;95.56;85.57;95.56;-457.22;2;UP_AND_DOWN
2025-03-23T09:00;2025-03-23T09:15;37;EUR;MWh;NO;NO;1895;;1895;1895;1;UP
2025-03-23T09:15;2025-03-23T09:30;38;EUR;MWh;NO;NO;143.57;38.57;38.57;38.57;-1;DOWN
2025-03-23T09:30;2025-03-23T09:45;39;EUR;MWh;NO;NO;;38.57;38.57;38.57;-1;DOWN
2025-03-23T09:45;2025-03-23T10:00;40;EUR;MWh;NO;NO;;10;10;10;-1;DOWN
2025-03-23T10:00;2025-03-23T10:15;41;EUR;MWh;NO;NO;;4.4;4.4;4.4;-1;DOWN
2025-03-23T10:15;2025-03-23T10:30;42;EUR;MWh;NO;NO;;6.57;6.57;6.57;-1;DOWN
2025-03-23T10:30;2025-03-23T10:45;43;EUR;MWh;NO;NO;;79.57;79.57;79.57;-1;DOWN
2025-03-23T10:45;2025-03-23T11:00;44;EUR;MWh;NO;NO;;-30;-30;-30;-1;DOWN
2025-03-23T11:00;2025-03-23T11:15;45;EUR;MWh;NO;NO;;-29.9;-29.9;-29.9;-1;DOWN
2025-03-23T11:15;2025-03-23T11:30;46;EUR;MWh;NO;NO;83.56;-29.9;83.56;83.56;1;UP
2025-03-23T11:30;2025-03-23T11:45;47;EUR;MWh;NO;NO;56.33;;56.33;56.33;1;UP
2025-03-23T11:45;2025-03-23T12:00;48;EUR;MWh;NO;NO;61.02;;61.02;61.02;1;UP
2025-03-23T12:00;2025-03-23T12:15;49;EUR;MWh;NO;NO;120.57;;120.57;120.57;1;UP
2025-03-23T12:15;2025-03-23T12:30;50;EUR;MWh;NO;NO;120.57;57;57;57;-1;DOWN
2025-03-23T12:30;2025-03-23T12:45;51;EUR;MWh;NO;NO;84;82.57;84;70.79;2;UP_AND_DOWN
2025-03-23T12:45;2025-03-23T13:00;52;EUR;MWh;NO;NO;61.52;20.57;20.57;20.57;-1;DOWN
2025-03-23T13:00;2025-03-23T13:15;53;EUR;MWh;NO;NO;;33.57;33.57;33.57;-1;DOWN
2025-03-23T13:15;2025-03-23T13:30;54;EUR;MWh;NO;NO;;82.57;82.57;82.57;-1;DOWN
2025-03-23T13:30;2025-03-23T13:45;55;EUR;MWh;NO;NO;;43;43;43;-1;DOWN
2025-03-23T13:45;2025-03-23T14:00;56;EUR;MWh;NO;NO;;-30;-30;-30;-1;DOWN
2025-03-23T14:00;2025-03-23T14:15;57;EUR;MWh;NO;NO;;6.57;6.57;6.57;-1;DOWN
2025-03-23T14:15;2025-03-23T14:30;58;EUR;MWh;NO;NO;;79.57;79.57;79.57;-1;DOWN
2025-03-23T14:30;2025-03-23T14:45;59;EUR;MWh;NO;NO;;19;19;19;-1;DOWN
2025-03-23T14:45;2025-03-23T15:00;60;EUR;MWh;NO;NO;;46.57;46.57;46.57;-1;DOWN
2025-03-23T15:00;2025-03-23T15:15;61;EUR;MWh;NO;NO;;84.57;84.57;84.57;-1;DOWN
2025-03-23T15:15;2025-03-23T15:30;62;EUR;MWh;NO;NO;;69.57;69.57;69.57;-1;DOWN
2025-03-23T15:30;2025-03-23T15:45;63;EUR;MWh;NO;NO;100.27;84.57;100.27;77.71;2;UP_AND_DOWN
2025-03-23T15:45;2025-03-23T16:00;64;EUR;MWh;NO;NO;116.57;;116.57;116.57;1;UP
2025-03-23T16:00;2025-03-23T16:15;65;EUR;MWh;NO;NO;65.56;;65.56;65.56;1;UP
2025-03-23T16:15;2025-03-23T16:30;66;EUR;MWh;NO;NO;102.24;84.47;102.24;71;2;UP_AND_DOWN
2025-03-23T16:30;2025-03-23T16:45;67;EUR;MWh;NO;NO;120.57;84.98;120.57;74.44;2;UP_AND_DOWN
2025-03-23T16:45;2025-03-23T17:00;68;EUR;MWh;NO;NO;126;99.42;126;77.71;2;UP_AND_DOWN
2025-03-23T17:00;2025-03-23T17:15;69;EUR;MWh;NO;NO;;85.77;85.77;85.77;-1;DOWN
2025-03-23T17:15;2025-03-23T17:30;70;EUR;MWh;NO;NO;65.56;90.33;77.62;77.62;2;UP_AND_DOWN
2025-03-23T17:30;2025-03-23T17:45;71;EUR;MWh;NO;NO;150;;150;150;1;UP
2025-03-23T17:45;2025-03-23T18:00;72;EUR;MWh;NO;NO;151.57;;151.57;151.57;1;UP
2025-03-23T18:00;2025-03-23T18:15;73;EUR;MWh;NO;NO;150;;150;150;1;UP
2025-03-23T18:15;2025-03-23T18:30;74;EUR;MWh;NO;NO;205.57;;205.57;205.57;1;UP
2025-03-23T18:30;2025-03-23T18:45;75;EUR;MWh;NO;NO;196.57;;196.57;196.57;1;UP
2025-03-23T18:45;2025-03-23T19:00;76;EUR;MWh;NO;NO;182.57;;182.57;182.57;1;UP
2025-03-23T19:00;2025-03-23T19:15;77;EUR;MWh;NO;NO;178.24;;178.24;178.24;1;UP
2025-03-23T19:15;2025-03-23T19:30;78;EUR;MWh;NO;NO;182.2;;182.2;182.2;1;UP
2025-03-23T19:30;2025-03-23T19:45;79;EUR;MWh;NO;NO;178.46;;178.46;178.46;1;UP
2025-03-23T19:45;2025-03-23T20:00;80;EUR;MWh;NO;NO;140;;140;140;1;UP
2025-03-23T20:00;2025-03-23T20:15;81;EUR;MWh;NO;NO;126;;126;126;1;UP
2025-03-23T20:15;2025-03-23T20:30;82;EUR;MWh;NO;NO;95.56;86;95.56;77.59;2;UP_AND_DOWN
2025-03-23T20:30;2025-03-23T20:45;83;EUR;MWh;NO;NO;;95.17;95.17;95.17;-1;DOWN
2025-03-23T20:45;2025-03-23T21:00;84;EUR;MWh;NO;NO;;72.33;72.33;72.33;-1;DOWN
2025-03-23T21:00;2025-03-23T21:15;85;EUR;MWh;NO;NO;126;65.39;126;65.39;2;UP_AND_DOWN
2025-03-23T21:15;2025-03-23T21:30;86;EUR;MWh;NO;NO;126;84.88;84.88;84.88;-1;DOWN
2025-03-23T21:30;2025-03-23T21:45;87;EUR;MWh;NO;NO;173.57;90.33;173.57;78;2;UP_AND_DOWN
2025-03-23T21:45;2025-03-23T22:00;88;EUR;MWh;NO;NO;126;;126;126;1;UP
2025-03-23T22:00;2025-03-23T22:15;89;EUR;MWh;NO;NO;158.4;;158.4;158.4;1;UP
2025-03-23T22:15;2025-03-23T22:30;90;EUR;MWh;NO;NO;130.1;;130.1;130.1;1;UP
2025-03-23T22:30;2025-03-23T22:45;91;EUR;MWh;NO;NO;158.5;;158.5;158.5;1;UP
2025-03-23T22:45;2025-03-23T23:00;92;EUR;MWh;NO;NO;126;;126;126;1;UP
2025-03-23T23:00;2025-03-23T23:15;93;EUR;MWh;NO;NO;158.5;;158.5;158.5;1;UP
2025-03-23T23:15;2025-03-23T23:30;94;EUR;MWh;NO;NO;141.63;;141.63;141.63;1;UP
2025-03-23T23:30;2025-03-23T23:45;95;EUR;MWh;NO;NO;85.56;;85.56;85.56;1;UP
2025-03-23T23:45;2025-03-24T00:00;96;EUR;MWh;NO;NO;136.12;;136.12;136.12;1;UP
2025-03-24T00:00;2025-03-24T00:15;1;EUR;MWh;NO;NO;128.5;;128.5;128.5;1;UP
2025-03-24T00:15;2025-03-24T00:30;2;EUR;MWh;NO;NO;95.56;86;95.56;83.18;2;UP_AND_DOWN
2025-03-24T00:30;2025-03-24T00:45;3;EUR;MWh;NO;NO;128.4;85.57;128.4;83.18;2;UP_AND_DOWN
2025-03-24T00:45;2025-03-24T01:00;4;EUR;MWh;NO;NO;128.4;67.47;67.47;67.47;-1;DOWN
2025-03-24T01:00;2025-03-24T01:15;5;EUR;MWh;NO;NO;;65.1;65.1;65.1;-1;DOWN
2025-03-24T01:15;2025-03-24T01:30;6;EUR;MWh;NO;NO;;89.47;89.47;89.47;-1;DOWN
2025-03-24T01:30;2025-03-24T01:45;7;EUR;MWh;NO;NO;;86.57;86.57;86.57;-1;DOWN
2025-03-24T01:45;2025-03-24T02:00;8;EUR;MWh;NO;NO;;83;83;83;-1;DOWN
2025-03-24T02:00;2025-03-24T02:15;9;EUR;MWh;NO;NO;116.69;79.55;116.69;72.79;2;UP_AND_DOWN
2025-03-24T02:15;2025-03-24T02:30;10;EUR;MWh;NO;NO;106.61;;106.61;106.61;1;UP
2025-03-24T02:30;2025-03-24T02:45;11;EUR;MWh;NO;NO;108.56;89.55;108.56;72.79;2;UP_AND_DOWN
2025-03-24T02:45;2025-03-24T03:00;12;EUR;MWh;NO;NO;;82;82;82;-1;DOWN
2025-03-24T03:00;2025-03-24T03:15;13;EUR;MWh;NO;NO;121.56;81;121.56;121.56;1;UP
2025-03-24T03:15;2025-03-24T03:30;14;EUR;MWh;NO;NO;128.2;;128.2;128.2;1;UP
2025-03-24T03:30;2025-03-24T03:45;15;EUR;MWh;NO;NO;108.56;;108.56;108.56;1;UP
2025-03-24T03:45;2025-03-24T04:00;16;EUR;MWh;NO;NO;114.59;89.55;114.59;84.47;2;UP_AND_DOWN
2025-03-24T04:00;2025-03-24T04:15;17;EUR;MWh;NO;NO;;61.67;61.67;61.67;-1;DOWN
2025-03-24T04:15;2025-03-24T04:30;18;EUR;MWh;NO;NO;95.56;69.55;95.56;69.55;2;UP_AND_DOWN
2025-03-24T04:30;2025-03-24T04:45;19;EUR;MWh;NO;NO;;69.55;69.55;69.55;-1;DOWN
2025-03-24T04:45;2025-03-24T05:00;20;EUR;MWh;NO;NO;;51.57;51.57;51.57;-1;DOWN
2025-03-24T05:00;2025-03-24T05:15;21;EUR;MWh;NO;NO;;36.15;36.15;36.15;-1;DOWN
2025-03-24T05:15;2025-03-24T05:30;22;EUR;MWh;NO;NO;;51.57;51.57;51.57;-1;DOWN
2025-03-24T05:30;2025-03-24T05:45;23;EUR;MWh;NO;NO;;63.23;63.23;63.23;-1;DOWN
2025-03-24T05:45;2025-03-24T06:00;24;EUR;MWh;NO;NO;;79.55;79.55;79.55;-1;DOWN
2025-03-24T06:00;2025-03-24T06:15;25;EUR;MWh;NO;NO;;71.45;71.45;71.45;-1;DOWN
2025-03-24T06:15;2025-03-24T06:30;26;EUR;MWh;NO;NO;75.56;71.45;75.56;75.56;1;UP
2025-03-24T06:30;2025-03-24T06:45;27;EUR;MWh;NO;NO;;87.67;87.67;87.67;-1;DOWN
2025-03-24T06:45;2025-03-24T07:00;28;EUR;MWh;NO;NO;100.28;99.01;100.28;100.28;1;UP
2025-03-24T07:00;2025-03-24T07:15;29;EUR;MWh;NO;NO;75.56;88.57;87.38;87.38;2;UP_AND_DOWN
2025-03-24T07:15;2025-03-24T07:30;30;EUR;MWh;NO;NO;146.62;88.57;146.62;146.62;1;UP
2025-03-24T07:30;2025-03-24T07:45;31;EUR;MWh;NO;NO;123;;123;123;1;UP
2025-03-24T07:45;2025-03-24T08:00;32;EUR;MWh;NO;NO;130.8;;130.8;130.8;1;UP
2025-03-24T08:00;2025-03-24T08:15;33;EUR;MWh;NO;NO;130.9;;130.9;130.9;1;UP
2025-03-24T08:15;2025-03-24T08:30;34;EUR;MWh;NO;NO;118;;118;118;1;UP
2025-03-24T08:30;2025-03-24T08:45;35;EUR;MWh;NO;NO;161;;161;161;1;UP
2025-03-24T08:45;2025-03-24T09:00;36;EUR;MWh;NO;NO;131.1;;131.1;131.1;1;UP
2025-03-24T09:00;2025-03-24T09:15;37;EUR;MWh;NO;NO;131.1;90.83;90.83;90.83;-1;DOWN
2025-03-24T09:15;2025-03-24T09:30;38;EUR;MWh;NO;NO;128;87.83;128;77.62;2;UP_AND_DOWN
2025-03-24T09:30;2025-03-24T09:45;39;EUR;MWh;NO;NO;148.84;;148.84;148.84;1;UP
2025-03-24T09:45;2025-03-24T10:00;40;EUR;MWh;NO;NO;148.84;86;86;86;-1;DOWN
2025-03-24T10:00;2025-03-24T10:15;41;EUR;MWh;NO;NO;;85.57;85.57;85.57;-1;DOWN
2025-03-24T10:15;2025-03-24T10:30;42;EUR;MWh;NO;NO;;70.97;70.97;70.97;-1;DOWN
2025-03-24T10:30;2025-03-24T10:45;43;EUR;MWh;NO;NO;;71.38;71.38;71.38;-1;DOWN
2025-03-24T10:45;2025-03-24T11:00;44;EUR;MWh;NO;NO;;-1022.96;-1022.96;-1022.96;-1;DOWN
2025-03-24T11:00;2025-03-24T11:15;45;EUR;MWh;NO;NO;;-587.47;-587.47;-587.47;-1;DOWN
2025-03-24T11:15;2025-03-24T11:30;46;EUR;MWh;NO;NO;110;-70;110;-70;2;UP_AND_DOWN
2025-03-24T11:30;2025-03-24T11:45;47;EUR;MWh;NO;NO;;-30;-30;-30;-1;DOWN
2025-03-24T11:45;2025-03-24T12:00;48;EUR;MWh;NO;NO;;10;10;10;-1;DOWN
2025-03-24T12:00;2025-03-24T12:15;49;EUR;MWh;NO;NO;;-50.1;-50.1;-50.1;-1;DOWN
2025-03-24T12:15;2025-03-24T12:30;50;EUR;MWh;NO;NO;;-31;-31;-31;-1;DOWN
2025-03-24T12:30;2025-03-24T12:45;51;EUR;MWh;NO;NO;;-31;-31;-31;-1;DOWN
2025-03-24T12:45;2025-03-24T13:00;52;EUR;MWh;NO;NO;;40;40;40;-1;DOWN
2025-03-24T13:00;2025-03-24T13:15;53;EUR;MWh;NO;NO;;68.57;68.57;68.57;-1;DOWN
2025-03-24T13:15;2025-03-24T13:30;54;EUR;MWh;NO;NO;92.71;68.57;92.71;92.71;1;UP
2025-03-24T13:30;2025-03-24T13:45;55;EUR;MWh;NO;NO;;83.6;83.6;83.6;-1;DOWN
2025-03-24T13:45;2025-03-24T14:00;56;EUR;MWh;NO;NO;;89.55;89.55;89.55;-1;DOWN
2025-03-24T14:00;2025-03-24T14:15;57;EUR;MWh;NO;NO;95.96;83.67;95.96;83.67;2;UP_AND_DOWN
2025-03-24T14:15;2025-03-24T14:30;58;EUR;MWh;NO;NO;109;;109;109;1;UP
2025-03-24T14:30;2025-03-24T14:45;59;EUR;MWh;NO;NO;130.4;;130.4;130.4;1;UP
2025-03-24T14:45;2025-03-24T15:00;60;EUR;MWh;NO;NO;151.4;;151.4;151.4;1;UP
2025-03-24T15:00;2025-03-24T15:15;61;EUR;MWh;NO;NO;126;;126;126;1;UP
2025-03-24T15:15;2025-03-24T15:30;62;EUR;MWh;NO;NO;104;70.52;104;70.52;2;UP_AND_DOWN
2025-03-24T15:30;2025-03-24T15:45;63;EUR;MWh;NO;NO;95.71;86.57;95.71;72.79;2;UP_AND_DOWN
2025-03-24T15:45;2025-03-24T16:00;64;EUR;MWh;NO;NO;75.56;74;75.56;74;2;UP_AND_DOWN
2025-03-24T16:00;2025-03-24T16:15;65;EUR;MWh;NO;NO;;72.66;72.66;72.66;-1;DOWN
2025-03-24T16:15;2025-03-24T16:30;66;EUR;MWh;NO;NO;139;68.95;139;68.95;2;UP_AND_DOWN
2025-03-24T16:30;2025-03-24T16:45;67;EUR;MWh;NO;NO;156.1;;156.1;156.1;1;UP
2025-03-24T16:45;2025-03-24T17:00;68;EUR;MWh;NO;NO;156.3;;156.3;156.3;1;UP
2025-03-24T17:00;2025-03-24T17:15;69;EUR;MWh;NO;NO;156.4;;156.4;156.4;1;UP
2025-03-24T17:15;2025-03-24T17:30;70;EUR;MWh;NO;NO;158.8;90.83;158.8;77.62;2;UP_AND_DOWN
2025-03-24T17:30;2025-03-24T17:45;71;EUR;MWh;NO;NO;159;83.33;159;77.62;2;UP_AND_DOWN
2025-03-24T17:45;2025-03-24T18:00;72;EUR;MWh;NO;NO;202.62;;202.62;202.62;1;UP
2025-03-24T18:00;2025-03-24T18:15;73;EUR;MWh;NO;NO;130.8;89.77;130.8;77.71;2;UP_AND_DOWN
2025-03-24T18:15;2025-03-24T18:30;74;EUR;MWh;NO;NO;229.5;;229.5;229.5;1;UP
2025-03-24T18:30;2025-03-24T18:45;75;EUR;MWh;NO;NO;229.5;;229.5;229.5;1;UP
2025-03-24T18:45;2025-03-24T19:00;76;EUR;MWh;NO;NO;223.4;;223.4;223.4;1;UP
2025-03-24T19:00;2025-03-24T19:15;77;EUR;MWh;NO;NO;168.99;;168.99;168.99;1;UP
2025-03-24T19:15;2025-03-24T19:30;78;EUR;MWh;NO;NO;159.9;;159.9;159.9;1;UP
2025-03-24T19:30;2025-03-24T19:45;79;EUR;MWh;NO;NO;159.9;;159.9;159.9;1;UP
2025-03-24T19:45;2025-03-24T20:00;80;EUR;MWh;NO;NO;130.5;;130.5;130.5;1;UP
2025-03-24T20:00;2025-03-24T20:15;81;EUR;MWh;NO;NO;190.18;;190.18;190.18;1;UP
2025-03-24T20:15;2025-03-24T20:30;82;EUR;MWh;NO;NO;160.1;89.87;160.1;160.1;1;UP
2025-03-24T20:30;2025-03-24T20:45;83;EUR;MWh;NO;NO;56;82.27;75;75;2;UP_AND_DOWN
2025-03-24T20:45;2025-03-24T21:00;84;EUR;MWh;NO;NO;;87.22;87.22;87.22;-1;DOWN
2025-03-24T21:00;2025-03-24T21:15;85;EUR;MWh;NO;NO;129.1;83.46;129.1;83.46;2;UP_AND_DOWN
2025-03-24T21:15;2025-03-24T21:30;86;EUR;MWh;NO;NO;102.96;;102.96;102.96;1;UP
2025-03-24T21:30;2025-03-24T21:45;87;EUR;MWh;NO;NO;97.7;88.57;97.7;84.78;2;UP_AND_DOWN
2025-03-24T21:45;2025-03-24T22:00;88;EUR;MWh;NO;NO;;89.17;89.17;89.17;-1;DOWN
2025-03-24T22:00;2025-03-24T22:15;89;EUR;MWh;NO;NO;85.56;87;85.56;75;2;UP_AND_DOWN
2025-03-24T22:15;2025-03-24T22:30;90;EUR;MWh;NO;NO;106.17;;106.17;106.17;1;UP
2025-03-24T22:30;2025-03-24T22:45;91;EUR;MWh;NO;NO;116.4;93.61;116.4;75;2;UP_AND_DOWN
2025-03-24T22:45;2025-03-24T23:00;92;EUR;MWh;NO;NO;116.4;85;85;85;-1;DOWN
2025-03-24T23:00;2025-03-24T23:15;93;EUR;MWh;NO;NO;85.56;85;85.56;75;2;UP_AND_DOWN
2025-03-24T23:15;2025-03-24T23:30;94;EUR;MWh;NO;NO;110.56;85;110.56;75;2;UP_AND_DOWN
2025-03-24T23:30;2025-03-24T23:45;95;EUR;MWh;NO;NO;110.56;84.55;84.55;84.55;-1;DOWN
2025-03-24T23:45;2025-03-25T00:00;96;EUR;MWh;NO;NO;;81.75;81.75;81.75;-1;DOWN
2025-03-25T00:00;2025-03-25T00:15;1;EUR;MWh;NO;NO;;66.47;66.47;66.47;-1;DOWN
2025-03-25T00:15;2025-03-25T00:30;2;EUR;MWh;NO;NO;;66.47;84.27;84.27;0;STABLE
2025-03-25T00:30;2025-03-25T00:45;3;EUR;MWh;NO;NO;;76.47;76.47;76.47;-1;DOWN
2025-03-25T00:45;2025-03-25T01:00;4;EUR;MWh;NO;NO;;85;85;85;-1;DOWN
2025-03-25T01:00;2025-03-25T01:15;5;EUR;MWh;NO;NO;;77.45;77.45;77.45;-1;DOWN
2025-03-25T01:15;2025-03-25T01:30;6;EUR;MWh;NO;NO;;82.33;82.33;82.33;-1;DOWN
2025-03-25T01:30;2025-03-25T01:45;7;EUR;MWh;NO;NO;;81.47;81.47;81.47;-1;DOWN
2025-03-25T01:45;2025-03-25T02:00;8;EUR;MWh;NO;NO;;85;85;85;-1;DOWN
2025-03-25T02:00;2025-03-25T02:15;9;EUR;MWh;NO;NO;103.66;85;103.66;84.27;2;UP_AND_DOWN
2025-03-25T02:15;2025-03-25T02:30;10;EUR;MWh;NO;NO;109.5;;109.5;109.5;1;UP
2025-03-25T02:30;2025-03-25T02:45;11;EUR;MWh;NO;NO;;77.43;77.43;77.43;-1;DOWN
2025-03-25T02:45;2025-03-25T03:00;12;EUR;MWh;NO;NO;;69;69;69;-1;DOWN
2025-03-25T03:00;2025-03-25T03:15;13;EUR;MWh;NO;NO;;85;85;85;-1;DOWN
2025-03-25T03:15;2025-03-25T03:30;14;EUR;MWh;NO;NO;;77.33;77.33;77.33;-1;DOWN
2025-03-25T03:30;2025-03-25T03:45;15;EUR;MWh;NO;NO;;72.33;72.33;72.33;-1;DOWN
2025-03-25T03:45;2025-03-25T04:00;16;EUR;MWh;NO;NO;;84.98;84.98;84.98;-1;DOWN
2025-03-25T04:00;2025-03-25T04:15;17;EUR;MWh;NO;NO;75.56;84.4;75.56;75.56;1;UP
2025-03-25T04:15;2025-03-25T04:30;18;EUR;MWh;NO;NO;75.56;;75.56;75.56;1;UP
2025-03-25T04:30;2025-03-25T04:45;19;EUR;MWh;NO;NO;107.3;90.98;107.3;84.27;2;UP_AND_DOWN
2025-03-25T04:45;2025-03-25T05:00;20;EUR;MWh;NO;NO;108.96;89.46;108.96;108.96;1;UP
2025-03-25T05:00;2025-03-25T05:15;21;EUR;MWh;NO;NO;85.56;79;79;79;-1;DOWN
2025-03-25T05:15;2025-03-25T05:30;22;EUR;MWh;NO;NO;;82.33;82.33;82.33;-1;DOWN
2025-03-25T05:30;2025-03-25T05:45;23;EUR;MWh;NO;NO;109;87.98;109;109;1;UP
2025-03-25T05:45;2025-03-25T06:00;24;EUR;MWh;NO;NO;108.96;87.47;87.47;87.47;-1;DOWN
2025-03-25T06:00;2025-03-25T06:15;25;EUR;MWh;NO;NO;145.1;76.98;145.1;76.98;2;UP_AND_DOWN
2025-03-25T06:15;2025-03-25T06:30;26;EUR;MWh;NO;NO;145.11;97.42;145.11;77.46;2;UP_AND_DOWN
2025-03-25T06:30;2025-03-25T06:45;27;EUR;MWh;NO;NO;;92.98;92.98;92.98;-1;DOWN
2025-03-25T06:45;2025-03-25T07:00;28;EUR;MWh;NO;NO;111;;111;111;1;UP
2025-03-25T07:00;2025-03-25T07:15;29;EUR;MWh;NO;NO;;97.42;97.42;97.42;-1;DOWN
2025-03-25T07:15;2025-03-25T07:30;30;EUR;MWh;NO;NO;111;;111;111;1;UP
2025-03-25T07:30;2025-03-25T07:45;31;EUR;MWh;NO;NO;107.98;;107.98;107.98;1;UP
2025-03-25T07:45;2025-03-25T08:00;32;EUR;MWh;NO;NO;111;;111;111;1;UP
2025-03-25T08:00;2025-03-25T08:15;33;EUR;MWh;NO;NO;160.9;89.93;160.9;160.9;1;UP
2025-03-25T08:15;2025-03-25T08:30;34;EUR;MWh;NO;NO;124.5;86.98;124.5;74.49;2;UP_AND_DOWN
2025-03-25T08:30;2025-03-25T08:45;35;EUR;MWh;NO;NO;129.5;;129.5;129.5;1;UP
2025-03-25T08:45;2025-03-25T09:00;36;EUR;MWh;NO;NO;121;;121;121;1;UP
2025-03-25T09:00;2025-03-25T09:15;37;EUR;MWh;NO;NO;108.29;91.98;108.29;74.49;2;UP_AND_DOWN
2025-03-25T09:15;2025-03-25T09:30;38;EUR;MWh;NO;NO;121;91.98;121;121;1;UP
2025-03-25T09:30;2025-03-25T09:45;39;EUR;MWh;NO;NO;109.5;91.59;109.5;74.49;2;UP_AND_DOWN
2025-03-25T09:45;2025-03-25T10:00;40;EUR;MWh;NO;NO;125.57;81.15;125.57;74.49;2;UP_AND_DOWN
2025-03-25T10:00;2025-03-25T10:15;41;EUR;MWh;NO;NO;102.65;53.98;53.98;53.98;-1;DOWN
2025-03-25T10:15;2025-03-25T10:30;42;EUR;MWh;NO;NO;;21.57;21.57;21.57;-1;DOWN
2025-03-25T10:30;2025-03-25T10:45;43;EUR;MWh;NO;NO;124;85;124;74.49;2;UP_AND_DOWN
2025-03-25T10:45;2025-03-25T11:00;44;EUR;MWh;NO;NO;124;35.4;35.4;35.4;-1;DOWN
2025-03-25T11:00;2025-03-25T11:15;45;EUR;MWh;NO;NO;104.63;-23.1;104.63;-23.1;2;UP_AND_DOWN
2025-03-25T11:15;2025-03-25T11:30;46;EUR;MWh;NO;NO;;-30;-30;-30;-1;DOWN
2025-03-25T11:30;2025-03-25T11:45;47;EUR;MWh;NO;NO;105.65;-70;105.65;-70;2;UP_AND_DOWN
2025-03-25T11:45;2025-03-25T12:00;48;EUR;MWh;NO;NO;105.65;-18.08;-18.08;-18.08;-1;DOWN
2025-03-25T12:00;2025-03-25T12:15;49;EUR;MWh;NO;NO;;-97.44;-97.44;-97.44;-1;DOWN
2025-03-25T12:15;2025-03-25T12:30;50;EUR;MWh;NO;NO;;-60;-60;-60;-1;DOWN
2025-03-25T12:30;2025-03-25T12:45;51;EUR;MWh;NO;NO;;-30;-30;-30;-1;DOWN
2025-03-25T12:45;2025-03-25T13:00;52;EUR;MWh;NO;NO;;-45;-45;-45;-1;DOWN
2025-03-25T13:00;2025-03-25T13:15;53;EUR;MWh;NO;NO;;-35;-35;-35;-1;DOWN
2025-03-25T13:15;2025-03-25T13:30;54;EUR;MWh;NO;NO;;-29.6;-29.6;-29.6;-1;DOWN
2025-03-25T13:30;2025-03-25T13:45;55;EUR;MWh;NO;NO;;-55;-55;-55;-1;DOWN
2025-03-25T13:45;2025-03-25T14:00;56;EUR;MWh;NO;NO;;10;10;10;-1;DOWN
2025-03-25T14:00;2025-03-25T14:15;57;EUR;MWh;NO;NO;130;-514.51;130;-514.51;2;UP_AND_DOWN
2025-03-25T14:15;2025-03-25T14:30;58;EUR;MWh;NO;NO;154.9;10;154.9;10;2;UP_AND_DOWN
2025-03-25T14:30;2025-03-25T14:45;59;EUR;MWh;NO;NO;;21.57;21.57;21.57;-1;DOWN
2025-03-25T14:45;2025-03-25T15:00;60;EUR;MWh;NO;NO;100;21.57;100;100;1;UP
2025-03-25T15:00;2025-03-25T15:15;61;EUR;MWh;NO;NO;100;71.57;71.57;71.57;-1;DOWN
2025-03-25T15:15;2025-03-25T15:30;62;EUR;MWh;NO;NO;155.1;72.39;155.1;72.39;2;UP_AND_DOWN
2025-03-25T15:30;2025-03-25T15:45;63;EUR;MWh;NO;NO;155.2;;155.2;155.2;1;UP
2025-03-25T15:45;2025-03-25T16:00;64;EUR;MWh;NO;NO;124.98;;124.98;124.98;1;UP
2025-03-25T16:00;2025-03-25T16:15;65;EUR;MWh;NO;NO;107.65;79.29;107.65;74.49;2;UP_AND_DOWN
2025-03-25T16:15;2025-03-25T16:30;66;EUR;MWh;NO;NO;185.22;79.29;185.22;185.22;1;UP
2025-03-25T16:30;2025-03-25T16:45;67;EUR;MWh;NO;NO;206.4;;206.4;206.4;1;UP
2025-03-25T16:45;2025-03-25T17:00;68;EUR;MWh;NO;NO;142.65;;142.65;142.65;1;UP
2025-03-25T17:00;2025-03-25T17:15;69;EUR;MWh;NO;NO;129.8;98.92;129.8;129.8;1;UP
2025-03-25T17:15;2025-03-25T17:30;70;EUR;MWh;NO;NO;200.67;;200.67;200.67;1;UP
2025-03-25T17:30;2025-03-25T17:45;71;EUR;MWh;NO;NO;190.77;87.16;190.77;77.46;2;UP_AND_DOWN
2025-03-25T17:45;2025-03-25T18:00;72;EUR;MWh;NO;NO;129.7;;129.7;129.7;1;UP
2025-03-25T18:00;2025-03-25T18:15;73;EUR;MWh;NO;NO;1672.26;;1672.26;1672.26;1;UP
2025-03-25T18:15;2025-03-25T18:30;74;EUR;MWh;NO;NO;121;;121;121;1;UP
2025-03-25T18:30;2025-03-25T18:45;75;EUR;MWh;NO;NO;121.67;;121.67;121.67;1;UP
2025-03-25T18:45;2025-03-25T19:00;76;EUR;MWh;NO;NO;114.5;;114.5;114.5;1;UP
2025-03-25T19:00;2025-03-25T19:15;77;EUR;MWh;NO;NO;159.98;;159.98;159.98;1;UP
2025-03-25T19:15;2025-03-25T19:30;78;EUR;MWh;NO;NO;129.6;;129.6;129.6;1;UP
2025-03-25T19:30;2025-03-25T19:45;79;EUR;MWh;NO;NO;115.4;;115.4;115.4;1;UP
2025-03-25T19:45;2025-03-25T20:00;80;EUR;MWh;NO;NO;114.5;;114.5;114.5;1;UP
2025-03-25T20:00;2025-03-25T20:15;81;EUR;MWh;NO;NO;139;;139;139;1;UP
2025-03-25T20:15;2025-03-25T20:30;82;EUR;MWh;NO;NO;139;;139;139;1;UP
2025-03-25T20:30;2025-03-25T20:45;83;EUR;MWh;NO;NO;139;;139;139;1;UP
2025-03-25T20:45;2025-03-25T21:00;84;EUR;MWh;NO;NO;129.7;86.98;129.7;74.83;2;UP_AND_DOWN
2025-03-25T21:00;2025-03-25T21:15;85;EUR;MWh;NO;NO;129.7;79.36;79.36;79.36;-1;DOWN
2025-03-25T21:15;2025-03-25T21:30;86;EUR;MWh;NO;NO;124.5;82.98;124.5;74.49;2;UP_AND_DOWN
2025-03-25T21:30;2025-03-25T21:45;87;EUR;MWh;NO;NO;158.4;;158.4;158.4;1;UP
2025-03-25T21:45;2025-03-25T22:00;88;EUR;MWh;NO;NO;174.6;;174.6;174.6;1;UP
2025-03-25T22:00;2025-03-25T22:15;89;EUR;MWh;NO;NO;121.67;83.25;121.67;74.49;2;UP_AND_DOWN
2025-03-25T22:15;2025-03-25T22:30;90;EUR;MWh;NO;NO;129.6;;129.6;129.6;1;UP
2025-03-25T22:30;2025-03-25T22:45;91;EUR;MWh;NO;NO;129.6;;129.6;129.6;1;UP
2025-03-25T22:45;2025-03-25T23:00;92;EUR;MWh;NO;NO;126.67;68.47;126.67;68.47;2;UP_AND_DOWN
2025-03-25T23:00;2025-03-25T23:15;93;EUR;MWh;NO;NO;108.29;57;108.29;57;2;UP_AND_DOWN
2025-03-25T23:15;2025-03-25T23:30;94;EUR;MWh;NO;NO;109.5;72.63;109.5;72.63;2;UP_AND_DOWN
2025-03-25T23:30;2025-03-25T23:45;95;EUR;MWh;NO;NO;139;72.63;139;139;1;UP
2025-03-25T23:45;2025-03-26T00:00;96;EUR;MWh;NO;NO;129.5;74.29;129.5;74.29;2;UP_AND_DOWN
2025-03-26T00:00;2025-03-26T00:15;1;EUR;MWh;NO;NO;107.82;70;107.82;70;2;UP_AND_DOWN
2025-03-26T00:15;2025-03-26T00:30;2;EUR;MWh;NO;NO;112.98;;112.98;112.98;1;UP
2025-03-26T00:30;2025-03-26T00:45;3;EUR;MWh;NO;NO;120.2;;120.2;120.2;1;UP
2025-03-26T00:45;2025-03-26T01:00;4;EUR;MWh;NO;NO;118.98;;118.98;118.98;1;UP
2025-03-26T01:00;2025-03-26T01:15;5;EUR;MWh;NO;NO;120.3;;120.3;120.3;1;UP
2025-03-26T01:15;2025-03-26T01:30;6;EUR;MWh;NO;NO;120.5;;120.5;120.5;1;UP
2025-03-26T01:30;2025-03-26T01:45;7;EUR;MWh;NO;NO;95.21;;95.21;95.21;1;UP
2025-03-26T01:45;2025-03-26T02:00;8;EUR;MWh;NO;NO;95.22;82.18;95.22;72.99;2;UP_AND_DOWN
2025-03-26T02:00;2025-03-26T02:15;9;EUR;MWh;NO;NO;;79.7;79.7;79.7;-1;DOWN
2025-03-26T02:15;2025-03-26T02:30;10;EUR;MWh;NO;NO;;75.18;75.18;75.18;-1;DOWN
2025-03-26T02:30;2025-03-26T02:45;11;EUR;MWh;NO;NO;;73.59;73.59;73.59;-1;DOWN
2025-03-26T02:45;2025-03-26T03:00;12;EUR;MWh;NO;NO;104.57;83.57;104.57;72.5;2;UP_AND_DOWN
2025-03-26T03:00;2025-03-26T03:15;13;EUR;MWh;NO;NO;104.57;78.67;78.67;78.67;-1;DOWN
2025-03-26T03:15;2025-03-26T03:30;14;EUR;MWh;NO;NO;;78.88;78.88;78.88;-1;DOWN
2025-03-26T03:30;2025-03-26T03:45;15;EUR;MWh;NO;NO;;84.57;84.57;84.57;-1;DOWN
2025-03-26T03:45;2025-03-26T04:00;16;EUR;MWh;NO;NO;;84.67;84.67;84.67;-1;DOWN
2025-03-26T04:00;2025-03-26T04:15;17;EUR;MWh;NO;NO;;78.57;78.57;78.57;-1;DOWN
2025-03-26T04:15;2025-03-26T04:30;18;EUR;MWh;NO;NO;;59.57;59.57;59.57;-1;DOWN
2025-03-26T04:30;2025-03-26T04:45;19;EUR;MWh;NO;NO;;61.63;61.63;61.63;-1;DOWN
2025-03-26T04:45;2025-03-26T05:00;20;EUR;MWh;NO;NO;;41.57;41.57;41.57;-1;DOWN
2025-03-26T05:00;2025-03-26T05:15;21;EUR;MWh;NO;NO;;10;10;10;-1;DOWN
2025-03-26T05:15;2025-03-26T05:30;22;EUR;MWh;NO;NO;;71.63;71.63;71.63;-1;DOWN
2025-03-26T05:30;2025-03-26T05:45;23;EUR;MWh;NO;NO;;71;71;71;-1;DOWN
2025-03-26T05:45;2025-03-26T06:00;24;EUR;MWh;NO;NO;;73.67;73.67;73.67;-1;DOWN
2025-03-26T06:00;2025-03-26T06:15;25;EUR;MWh;NO;NO;;59.57;59.57;59.57;-1;DOWN
2025-03-26T06:15;2025-03-26T06:30;26;EUR;MWh;NO;NO;;60.25;60.25;60.25;-1;DOWN
2025-03-26T06:30;2025-03-26T06:45;27;EUR;MWh;NO;NO;;59.57;59.57;59.57;-1;DOWN
2025-03-26T06:45;2025-03-26T07:00;28;EUR;MWh;NO;NO;;83.57;83.57;83.57;-1;DOWN
2025-03-26T07:00;2025-03-26T07:15;29;EUR;MWh;NO;NO;;83.67;83.67;83.67;-1;DOWN
2025-03-26T07:15;2025-03-26T07:30;30;EUR;MWh;NO;NO;104.69;91.38;104.69;104.69;1;UP
2025-03-26T07:30;2025-03-26T07:45;31;EUR;MWh;NO;NO;169.72;;169.72;169.72;1;UP
2025-03-26T07:45;2025-03-26T08:00;32;EUR;MWh;NO;NO;175.51;;175.51;175.51;1;UP
2025-03-26T08:00;2025-03-26T08:15;33;EUR;MWh;NO;NO;136.8;;136.8;136.8;1;UP
2025-03-26T08:15;2025-03-26T08:30;34;EUR;MWh;NO;NO;136.6;;136.6;136.6;1;UP
2025-03-26T08:30;2025-03-26T08:45;35;EUR;MWh;NO;NO;141.57;;141.57;141.57;1;UP
2025-03-26T08:45;2025-03-26T09:00;36;EUR;MWh;NO;NO;118.57;;118.57;118.57;1;UP
2025-03-26T09:00;2025-03-26T09:15;37;EUR;MWh;NO;NO;118.57;81.57;81.57;81.57;-1;DOWN
2025-03-26T09:15;2025-03-26T09:30;38;EUR;MWh;NO;NO;88.56;81.77;88.56;75;2;UP_AND_DOWN
2025-03-26T09:30;2025-03-26T09:45;39;EUR;MWh;NO;NO;91;;91;91;1;UP
2025-03-26T09:45;2025-03-26T10:00;40;EUR;MWh;NO;NO;175.91;;175.91;175.91;1;UP
2025-03-26T10:00;2025-03-26T10:15;41;EUR;MWh;NO;NO;173.3;;173.3;173.3;1;UP
2025-03-26T10:15;2025-03-26T10:30;42;EUR;MWh;NO;NO;1895;;1895;1895;1;UP
2025-03-26T10:30;2025-03-26T10:45;43;EUR;MWh;NO;NO;1672.26;;1672.26;1672.26;1;UP
2025-03-26T10:45;2025-03-26T11:00;44;EUR;MWh;NO;NO;1895;;1895;1895;1;UP
2025-03-26T11:00;2025-03-26T11:15;45;EUR;MWh;YES;;2084.5;;2084.5;2084.5;1;UP
2025-03-26T11:15;2025-03-26T11:30;46;EUR;MWh;YES;;2084.5;;2084.5;2084.5;1;UP
2025-03-26T11:30;2025-03-26T11:45;47;EUR;MWh;YES;;550;;550;550;1;UP
2025-03-26T11:45;2025-03-26T12:00;48;EUR;MWh;YES;;550;;550;550;1;UP
2025-03-26T12:00;2025-03-26T12:15;49;EUR;MWh;YES;;294.17;;294.17;294.17;1;UP
2025-03-26T12:15;2025-03-26T12:30;50;EUR;MWh;NO;NO;540;;540;540;1;UP
2025-03-26T12:30;2025-03-26T12:45;51;EUR;MWh;NO;NO;197.57;;197.57;197.57;1;UP
2025-03-26T12:45;2025-03-26T13:00;52;EUR;MWh;NO;NO;146.57;;146.57;146.57;1;UP
2025-03-26T13:00;2025-03-26T13:15;53;EUR;MWh;NO;NO;1895;;1895;1895;1;UP
2025-03-26T13:15;2025-03-26T13:30;54;EUR;MWh;NO;NO;1000;;1000;1000;1;UP
2025-03-26T13:30;2025-03-26T13:45;55;EUR;MWh;NO;NO;600;;600;600;1;UP
2025-03-26T13:45;2025-03-26T14:00;56;EUR;MWh;NO;NO;483.8;;483.8;483.8;1;UP
2025-03-26T14:00;2025-03-26T14:15;57;EUR;MWh;NO;NO;136.1;;136.1;136.1;1;UP
2025-03-26T14:15;2025-03-26T14:30;58;EUR;MWh;NO;NO;202.21;;202.21;202.21;1;UP
2025-03-26T14:30;2025-03-26T14:45;59;EUR;MWh;NO;NO;600;;600;600;1;UP
2025-03-26T14:45;2025-03-26T15:00;60;EUR;MWh;NO;NO;188.98;;188.98;188.98;1;UP
2025-03-26T15:00;2025-03-26T15:15;61;EUR;MWh;NO;NO;173;;173;173;1;UP
2025-03-26T15:15;2025-03-26T15:30;62;EUR;MWh;NO;NO;173;;173;173;1;UP
2025-03-26T15:30;2025-03-26T15:45;63;EUR;MWh;NO;NO;203.57;;203.57;203.57;1;UP
2025-03-26T15:45;2025-03-26T16:00;64;EUR;MWh;NO;NO;221.98;93.23;93.23;93.23;-1;DOWN
2025-03-26T16:00;2025-03-26T16:15;65;EUR;MWh;NO;NO;116.7;93.23;116.7;116.7;1;UP
2025-03-26T16:15;2025-03-26T16:30;66;EUR;MWh;NO;NO;116.7;;116.7;116.7;1;UP
2025-03-26T16:30;2025-03-26T16:45;67;EUR;MWh;NO;NO;110.57;;110.57;110.57;1;UP
2025-03-26T16:45;2025-03-26T17:00;68;EUR;MWh;NO;NO;114.9;;114.9;114.9;1;UP
2025-03-26T17:00;2025-03-26T17:15;69;EUR;MWh;NO;NO;123.9;;123.9;123.9;1;UP
2025-03-26T17:15;2025-03-26T17:30;70;EUR;MWh;NO;NO;173.1;;173.1;173.1;1;UP
2025-03-26T17:30;2025-03-26T17:45;71;EUR;MWh;NO;NO;141.57;;141.57;141.57;1;UP
2025-03-26T17:45;2025-03-26T18:00;72;EUR;MWh;NO;NO;173.2;;173.2;173.2;1;UP
2025-03-26T18:00;2025-03-26T18:15;73;EUR;MWh;NO;NO;118;89.61;118;78;2;UP_AND_DOWN
2025-03-26T18:15;2025-03-26T18:30;74;EUR;MWh;NO;NO;215.03;;215.03;215.03;1;UP
2025-03-26T18:30;2025-03-26T18:45;75;EUR;MWh;NO;NO;209.62;;209.62;209.62;1;UP
2025-03-26T18:45;2025-03-26T19:00;76;EUR;MWh;NO;NO;202.21;;202.21;202.21;1;UP
2025-03-26T19:00;2025-03-26T19:15;77;EUR;MWh;NO;NO;202.21;;202.21;202.21;1;UP
2025-03-26T19:15;2025-03-26T19:30;78;EUR;MWh;NO;NO;146.57;;146.57;146.57;1;UP
2025-03-26T19:30;2025-03-26T19:45;79;EUR;MWh;NO;NO;167.57;;167.57;167.57;1;UP
2025-03-26T19:45;2025-03-26T20:00;80;EUR;MWh;NO;NO;177.92;;177.92;177.92;1;UP
2025-03-26T20:00;2025-03-26T20:15;81;EUR;MWh;NO;NO;202.21;;202.21;202.21;1;UP
2025-03-26T20:15;2025-03-26T20:30;82;EUR;MWh;NO;NO;171.28;;171.28;171.28;1;UP
2025-03-26T20:30;2025-03-26T20:45;83;EUR;MWh;NO;NO;173.57;;173.57;173.57;1;UP
2025-03-26T20:45;2025-03-26T21:00;84;EUR;MWh;NO;NO;131.57;;131.57;131.57;1;UP
2025-03-26T21:00;2025-03-26T21:15;85;EUR;MWh;NO;NO;162.72;;162.72;162.72;1;UP
2025-03-26T21:15;2025-03-26T21:30;86;EUR;MWh;NO;NO;173.6;;173.6;173.6;1;UP
2025-03-26T21:30;2025-03-26T21:45;87;EUR;MWh;NO;NO;126.6;;126.6;126.6;1;UP
2025-03-26T21:45;2025-03-26T22:00;88;EUR;MWh;NO;NO;126.6;88.31;88.31;88.31;-1;DOWN
2025-03-26T22:00;2025-03-26T22:15;89;EUR;MWh;NO;NO;122.4;86.07;122.4;84.28;2;UP_AND_DOWN
2025-03-26T22:15;2025-03-26T22:30;90;EUR;MWh;NO;NO;95.57;;95.57;95.57;1;UP
2025-03-26T22:30;2025-03-26T22:45;91;EUR;MWh;NO;NO;95.57;;95.57;95.57;1;UP
2025-03-26T22:45;2025-03-26T23:00;92;EUR;MWh;NO;NO;108.57;86.11;108.57;83.79;2;UP_AND_DOWN
2025-03-26T23:00;2025-03-26T23:15;93;EUR;MWh;NO;NO;133.35;80.23;133.35;76.97;2;UP_AND_DOWN
2025-03-26T23:15;2025-03-26T23:30;94;EUR;MWh;NO;NO;141.75;84.57;141.75;76.42;2;UP_AND_DOWN
2025-03-26T23:30;2025-03-26T23:45;95;EUR;MWh;NO;NO;137;95.6;137;75.8;2;UP_AND_DOWN
2025-03-26T23:45;2025-03-27T00:00;96;EUR;MWh;NO;NO;126.5;;126.5;126.5;1;UP
2025-03-27T00:00;2025-03-27T00:15;1;EUR;MWh;NO;NO;124.27;;124.27;124.27;1;UP
2025-03-27T00:15;2025-03-27T00:30;2;EUR;MWh;NO;NO;125.98;;125.98;125.98;1;UP
2025-03-27T00:30;2025-03-27T00:45;3;EUR;MWh;NO;NO;106.43;;106.43;106.43;1;UP
2025-03-27T00:45;2025-03-27T01:00;4;EUR;MWh;NO;NO;129.34;;129.34;129.34;1;UP
2025-03-27T01:00;2025-03-27T01:15;5;EUR;MWh;NO;NO;134.9;;134.9;134.9;1;UP
2025-03-27T01:15;2025-03-27T01:30;6;EUR;MWh;NO;NO;142.5;;142.5;142.5;1;UP
2025-03-27T01:30;2025-03-27T01:45;7;EUR;MWh;NO;NO;161.43;;161.43;161.43;1;UP
2025-03-27T01:45;2025-03-27T02:00;8;EUR;MWh;NO;NO;123.56;;123.56;123.56;1;UP
2025-03-27T02:00;2025-03-27T02:15;9;EUR;MWh;NO;NO;103.98;;103.98;103.98;1;UP
2025-03-27T02:15;2025-03-27T02:30;10;EUR;MWh;NO;NO;101.99;;101.99;101.99;1;UP
2025-03-27T02:30;2025-03-27T02:45;11;EUR;MWh;NO;NO;107.99;89.09;107.99;72.05;2;UP_AND_DOWN
2025-03-27T02:45;2025-03-27T03:00;12;EUR;MWh;NO;NO;95.58;;95.58;95.58;1;UP
2025-03-27T03:00;2025-03-27T03:15;13;EUR;MWh;NO;NO;143.2;;143.2;143.2;1;UP
2025-03-27T03:15;2025-03-27T03:30;14;EUR;MWh;NO;NO;116.99;;116.99;116.99;1;UP
2025-03-27T03:30;2025-03-27T03:45;15;EUR;MWh;NO;NO;110.98;;110.98;110.98;1;UP
2025-03-27T03:45;2025-03-27T04:00;16;EUR;MWh;NO;NO;95.98;;95.98;95.98;1;UP
2025-03-27T04:00;2025-03-27T04:15;17;EUR;MWh;NO;NO;95.98;85.4;85.4;85.4;-1;DOWN
2025-03-27T04:15;2025-03-27T04:30;18;EUR;MWh;NO;NO;;85;85;85;-1;DOWN
2025-03-27T04:30;2025-03-27T04:45;19;EUR;MWh;NO;NO;;85.3;85.3;85.3;-1;DOWN
2025-03-27T04:45;2025-03-27T05:00;20;EUR;MWh;NO;NO;116.58;89.95;116.58;72.48;2;UP_AND_DOWN
2025-03-27T05:00;2025-03-27T05:15;21;EUR;MWh;NO;NO;97.98;86;97.98;72.05;2;UP_AND_DOWN
2025-03-27T05:15;2025-03-27T05:30;22;EUR;MWh;NO;NO;91.49;87.98;91.49;72.05;2;UP_AND_DOWN
2025-03-27T05:30;2025-03-27T05:45;23;EUR;MWh;NO;NO;107.99;87.98;107.99;107.99;1;UP
2025-03-27T05:45;2025-03-27T06:00;24;EUR;MWh;NO;NO;111.58;;111.58;111.58;1;UP
2025-03-27T06:00;2025-03-27T06:15;25;EUR;MWh;NO;NO;200;85.69;200;72.05;2;UP_AND_DOWN
2025-03-27T06:15;2025-03-27T06:30;26;EUR;MWh;NO;NO;200;;200;200;1;UP
2025-03-27T06:30;2025-03-27T06:45;27;EUR;MWh;NO;NO;140;87.38;140;72.05;2;UP_AND_DOWN
2025-03-27T06:45;2025-03-27T07:00;28;EUR;MWh;NO;NO;119.12;;119.12;119.12;1;UP
2025-03-27T07:00;2025-03-27T07:15;29;EUR;MWh;NO;NO;103.98;;103.98;103.98;1;UP
2025-03-27T07:15;2025-03-27T07:30;30;EUR;MWh;NO;NO;97.98;84.44;97.98;72.05;2;UP_AND_DOWN
2025-03-27T07:30;2025-03-27T07:45;31;EUR;MWh;NO;NO;;41.09;41.09;41.09;-1;DOWN
2025-03-27T07:45;2025-03-27T08:00;32;EUR;MWh;NO;NO;;-60;-60;-60;-1;DOWN
2025-03-27T08:00;2025-03-27T08:15;33;EUR;MWh;NO;NO;101.3;-50.2;101.3;101.3;1;UP
2025-03-27T08:15;2025-03-27T08:30;34;EUR;MWh;NO;NO;88.56;-30;-30;-30;-1;DOWN
2025-03-27T08:30;2025-03-27T08:45;35;EUR;MWh;NO;NO;;-30;-30;-30;-1;DOWN
2025-03-27T08:45;2025-03-27T09:00;36;EUR;MWh;NO;NO;;-60;-60;-60;-1;DOWN
2025-03-27T09:00;2025-03-27T09:15;37;EUR;MWh;NO;NO;;-31;-31;-31;-1;DOWN
2025-03-27T09:15;2025-03-27T09:30;38;EUR;MWh;NO;NO;;5;5;5;-1;DOWN
2025-03-27T09:30;2025-03-27T09:45;39;EUR;MWh;NO;NO;108.98;5;108.98;5;2;UP_AND_DOWN
2025-03-27T09:45;2025-03-27T10:00;40;EUR;MWh;NO;NO;90.14;-31;90.14;-31;2;UP_AND_DOWN
2025-03-27T10:00;2025-03-27T10:15;41;EUR;MWh;NO;NO;155.98;-18.07;155.98;-18.07;2;UP_AND_DOWN
2025-03-27T10:15;2025-03-27T10:30;42;EUR;MWh;NO;NO;102.5;;102.5;102.5;1;UP
2025-03-27T10:30;2025-03-27T10:45;43;EUR;MWh;NO;NO;102.5;-30;-30;-30;-1;DOWN
2025-03-27T10:45;2025-03-27T11:00;44;EUR;MWh;NO;NO;;-22.29;-22.29;-22.29;-1;DOWN
2025-03-27T11:00;2025-03-27T11:15;45;EUR;MWh;NO;NO;;10;10;10;-1;DOWN
2025-03-27T11:15;2025-03-27T11:30;46;EUR;MWh;NO;NO;95.02;79.57;95.02;70.5;2;UP_AND_DOWN
2025-03-27T11:30;2025-03-27T11:45;47;EUR;MWh;NO;NO;95.02;;70.5;70.5;0;STABLE
2025-03-27T11:45;2025-03-27T12:00;48;EUR;MWh;NO;NO;;64.57;64.57;64.57;-1;DOWN
2025-03-27T12:00;2025-03-27T12:15;49;EUR;MWh;NO;NO;;49.57;49.57;49.57;-1;DOWN
2025-03-27T12:15;2025-03-27T12:30;50;EUR;MWh;NO;NO;;49.57;49.57;49.57;-1;DOWN
2025-03-27T12:30;2025-03-27T12:45;51;EUR;MWh;NO;NO;;79.57;79.57;79.57;-1;DOWN
2025-03-27T12:45;2025-03-27T13:00;52;EUR;MWh;NO;NO;;49.57;49.57;49.57;-1;DOWN
2025-03-27T13:00;2025-03-27T13:15;53;EUR;MWh;NO;NO;;10;10;10;-1;DOWN
2025-03-27T13:15;2025-03-27T13:30;54;EUR;MWh;NO;NO;;21.57;21.57;21.57;-1;DOWN
2025-03-27T13:30;2025-03-27T13:45;55;EUR;MWh;NO;NO;88.56;86;88.56;70.5;2;UP_AND_DOWN
2025-03-27T13:45;2025-03-27T14:00;56;EUR;MWh;NO;NO;91;49.57;91;49.57;2;UP_AND_DOWN
2025-03-27T14:00;2025-03-27T14:15;57;EUR;MWh;NO;NO;;-2.93;-2.93;-2.93;-1;DOWN
2025-03-27T14:15;2025-03-27T14:30;58;EUR;MWh;NO;NO;;12;12;12;-1;DOWN
2025-03-27T14:30;2025-03-27T14:45;59;EUR;MWh;NO;NO;;64.57;64.57;64.57;-1;DOWN
2025-03-27T14:45;2025-03-27T15:00;60;EUR;MWh;NO;NO;;10;10;10;-1;DOWN
2025-03-27T15:00;2025-03-27T15:15;61;EUR;MWh;NO;NO;;-70;-70;-70;-1;DOWN
2025-03-27T15:15;2025-03-27T15:30;62;EUR;MWh;NO;NO;;10;10;10;-1;DOWN
2025-03-27T15:30;2025-03-27T15:45;63;EUR;MWh;NO;NO;98;21.57;98;21.57;2;UP_AND_DOWN
2025-03-27T15:45;2025-03-27T16:00;64;EUR;MWh;NO;NO;95.42;64.57;95.42;64.57;2;UP_AND_DOWN
2025-03-27T16:00;2025-03-27T16:15;65;EUR;MWh;NO;NO;;-35;-35;-35;-1;DOWN
2025-03-27T16:15;2025-03-27T16:30;66;EUR;MWh;NO;NO;;;0;0;-1;DOWN
2025-03-27T16:30;2025-03-27T16:45;67;EUR;MWh;NO;NO;;49.57;49.57;49.57;-1;DOWN
2025-03-27T16:45;2025-03-27T17:00;68;EUR;MWh;NO;NO;;49.57;49.57;49.57;-1;DOWN
2025-03-27T17:00;2025-03-27T17:15;69;EUR;MWh;NO;NO;98;80.77;98;72.29;2;UP_AND_DOWN
2025-03-27T17:15;2025-03-27T17:30;70;EUR;MWh;NO;NO;102.1;64.57;102.1;64.57;2;UP_AND_DOWN
2025-03-27T17:30;2025-03-27T17:45;71;EUR;MWh;NO;NO;202;64.57;202;202;1;UP
2025-03-27T17:45;2025-03-27T18:00;72;EUR;MWh;NO;NO;207.98;;207.98;207.98;1;UP
2025-03-27T18:00;2025-03-27T18:15;73;EUR;MWh;NO;NO;150;89.09;150;72.35;2;UP_AND_DOWN
2025-03-27T18:15;2025-03-27T18:30;74;EUR;MWh;NO;NO;212.98;;212.98;212.98;1;UP
2025-03-27T18:30;2025-03-27T18:45;75;EUR;MWh;NO;NO;202;;202;202;1;UP
2025-03-27T18:45;2025-03-27T19:00;76;EUR;MWh;NO;NO;300;;300;300;1;UP
2025-03-27T19:00;2025-03-27T19:15;77;EUR;MWh;NO;NO;212.98;;212.98;212.98;1;UP
2025-03-27T19:15;2025-03-27T19:30;78;EUR;MWh;NO;NO;202;;202;202;1;UP
2025-03-27T19:30;2025-03-27T19:45;79;EUR;MWh;NO;NO;202;;202;202;1;UP
2025-03-27T19:45;2025-03-27T20:00;80;EUR;MWh;NO;NO;202;;202;202;1;UP
2025-03-27T20:00;2025-03-27T20:15;81;EUR;MWh;NO;NO;195.98;;195.98;195.98;1;UP
2025-03-27T20:15;2025-03-27T20:30;82;EUR;MWh;NO;NO;160.87;;160.87;160.87;1;UP
2025-03-27T20:30;2025-03-27T20:45;83;EUR;MWh;NO;NO;160.87;89.76;89.76;89.76;-1;DOWN
2025-03-27T20:45;2025-03-27T21:00;84;EUR;MWh;NO;NO;;76.09;76.09;76.09;-1;DOWN
2025-03-27T21:00;2025-03-27T21:15;85;EUR;MWh;NO;NO;100.1;74.08;100.1;74.08;2;UP_AND_DOWN
2025-03-27T21:15;2025-03-27T21:30;86;EUR;MWh;NO;NO;100.4;81.62;100.4;74.25;2;UP_AND_DOWN
2025-03-27T21:30;2025-03-27T21:45;87;EUR;MWh;NO;NO;;76.72;76.72;76.72;-1;DOWN
2025-03-27T21:45;2025-03-27T22:00;88;EUR;MWh;NO;NO;101.2;71.98;101.2;71.98;2;UP_AND_DOWN
2025-03-27T22:00;2025-03-27T22:15;89;EUR;MWh;NO;NO;;64.98;64.98;64.98;-1;DOWN
2025-03-27T22:15;2025-03-27T22:30;90;EUR;MWh;NO;NO;;80.98;80.98;80.98;-1;DOWN
2025-03-27T22:30;2025-03-27T22:45;91;EUR;MWh;NO;NO;;74;74;74;-1;DOWN
2025-03-27T22:45;2025-03-27T23:00;92;EUR;MWh;NO;NO;93.02;72.08;93.02;72.08;2;UP_AND_DOWN
2025-03-27T23:00;2025-03-27T23:15;93;EUR;MWh;NO;NO;101.4;10;101.4;10;2;UP_AND_DOWN
2025-03-27T23:15;2025-03-27T23:30;94;EUR;MWh;NO;NO;88.56;80;88.56;70.5;2;UP_AND_DOWN
2025-03-27T23:30;2025-03-27T23:45;95;EUR;MWh;NO;NO;130;82.08;130;72.38;2;UP_AND_DOWN
2025-03-27T23:45;2025-03-28T00:00;96;EUR;MWh;NO;NO;102.1;89.76;102.1;102.1;1;UP
2025-03-28T00:00;2025-03-28T00:15;1;EUR;MWh;NO;NO;119.01;66;119.01;66;2;UP_AND_DOWN
2025-03-28T00:15;2025-03-28T00:30;2;EUR;MWh;NO;NO;102.3;60;102.3;60;2;UP_AND_DOWN
2025-03-28T00:30;2025-03-28T00:45;3;EUR;MWh;NO;NO;;54;54;54;-1;DOWN
2025-03-28T00:45;2025-03-28T01:00;4;EUR;MWh;NO;NO;;50.15;50.15;50.15;-1;DOWN
2025-03-28T01:00;2025-03-28T01:15;5;EUR;MWh;NO;NO;89.68;18.96;89.68;18.96;2;UP_AND_DOWN
2025-03-28T01:15;2025-03-28T01:30;6;EUR;MWh;NO;NO;54;24.96;70;24.96;2;UP_AND_DOWN
2025-03-28T01:30;2025-03-28T01:45;7;EUR;MWh;NO;NO;;24.96;24.96;24.96;-1;DOWN
2025-03-28T01:45;2025-03-28T02:00;8;EUR;MWh;NO;NO;;-9;-9;-9;-1;DOWN
2025-03-28T02:00;2025-03-28T02:15;9;EUR;MWh;NO;NO;;;0;0;-1;DOWN
2025-03-28T02:15;2025-03-28T02:30;10;EUR;MWh;NO;NO;;-41.66;-41.66;-41.66;-1;DOWN
2025-03-28T02:30;2025-03-28T02:45;11;EUR;MWh;NO;NO;;-175;-175;-175;-1;DOWN
2025-03-28T02:45;2025-03-28T03:00;12;EUR;MWh;NO;NO;108;-6.29;108;-6.29;2;UP_AND_DOWN
2025-03-28T03:00;2025-03-28T03:15;13;EUR;MWh;NO;NO;54;-30;70;-30;2;UP_AND_DOWN
2025-03-28T03:15;2025-03-28T03:30;14;EUR;MWh;NO;NO;;-10.39;-10.39;-10.39;-1;DOWN
2025-03-28T03:30;2025-03-28T03:45;15;EUR;MWh;NO;NO;;-10.5;-10.5;-10.5;-1;DOWN
2025-03-28T03:45;2025-03-28T04:00;16;EUR;MWh;NO;NO;;-8.4;-8.4;-8.4;-1;DOWN
2025-03-28T04:00;2025-03-28T04:15;17;EUR;MWh;NO;NO;120;85;120;120;1;UP
2025-03-28T04:15;2025-03-28T04:30;18;EUR;MWh;NO;NO;120;;120;120;1;UP
2025-03-28T04:30;2025-03-28T04:45;19;EUR;MWh;NO;NO;58.56;;58.56;58.56;1;UP
2025-03-28T04:45;2025-03-28T05:00;20;EUR;MWh;NO;NO;;;69;69;0;STABLE
2025-03-28T05:00;2025-03-28T05:15;21;EUR;MWh;NO;NO;;56.3;56.3;56.3;-1;DOWN
2025-03-28T05:15;2025-03-28T05:30;22;EUR;MWh;NO;NO;58.56;;69.5;69.5;0;STABLE
2025-03-28T05:30;2025-03-28T05:45;23;EUR;MWh;NO;NO;85;;85;85;1;UP
2025-03-28T05:45;2025-03-28T06:00;24;EUR;MWh;NO;NO;;20;20;20;-1;DOWN
2025-03-28T06:00;2025-03-28T06:15;25;EUR;MWh;NO;NO;105.74;-99.9;105.74;-99.9;2;UP_AND_DOWN
2025-03-28T06:15;2025-03-28T06:30;26;EUR;MWh;NO;NO;118;20;118;20;2;UP_AND_DOWN
2025-03-28T06:30;2025-03-28T06:45;27;EUR;MWh;NO;NO;68.56;25.4;68.56;68.56;1;UP
2025-03-28T06:45;2025-03-28T07:00;28;EUR;MWh;NO;NO;112.46;76.22;112.46;69.5;2;UP_AND_DOWN
2025-03-28T07:00;2025-03-28T07:15;29;EUR;MWh;NO;NO;125.71;76.12;125.71;125.71;1;UP
2025-03-28T07:15;2025-03-28T07:30;30;EUR;MWh;NO;NO;121.83;89.13;121.83;71.57;2;UP_AND_DOWN
2025-03-28T07:30;2025-03-28T07:45;31;EUR;MWh;NO;NO;;71.22;71.22;71.22;-1;DOWN
2025-03-28T07:45;2025-03-28T08:00;32;EUR;MWh;NO;NO;104;61.12;104;104;1;UP
2025-03-28T08:00;2025-03-28T08:15;33;EUR;MWh;NO;NO;117.3;10;117.3;10;2;UP_AND_DOWN
2025-03-28T08:15;2025-03-28T08:30;34;EUR;MWh;NO;NO;;8.9;8.9;8.9;-1;DOWN
2025-03-28T08:30;2025-03-28T08:45;35;EUR;MWh;NO;NO;;20;20;20;-1;DOWN
2025-03-28T08:45;2025-03-28T09:00;36;EUR;MWh;NO;NO;110;8.9;110;8.9;2;UP_AND_DOWN
2025-03-28T09:00;2025-03-28T09:15;37;EUR;MWh;NO;NO;151;;151;151;1;UP
2025-03-28T09:15;2025-03-28T09:30;38;EUR;MWh;NO;NO;150;;150;150;1;UP
2025-03-28T09:30;2025-03-28T09:45;39;EUR;MWh;NO;NO;207.98;;207.98;207.98;1;UP
2025-03-28T09:45;2025-03-28T10:00;40;EUR;MWh;NO;NO;156.7;;156.7;156.7;1;UP
2025-03-28T10:00;2025-03-28T10:15;41;EUR;MWh;NO;NO;500;;500;500;1;UP
2025-03-28T10:15;2025-03-28T10:30;42;EUR;MWh;NO;NO;191.09;;191.09;191.09;1;UP
2025-03-28T10:30;2025-03-28T10:45;43;EUR;MWh;NO;NO;500;;500;500;1;UP
2025-03-28T10:45;2025-03-28T11:00;44;EUR;MWh;NO;NO;126.7;-29.8;126.7;-29.8;2;UP_AND_DOWN
2025-03-28T11:00;2025-03-28T11:15;45;EUR;MWh;NO;NO;126.7;-30;-30;-30;-1;DOWN
2025-03-28T11:15;2025-03-28T11:30;46;EUR;MWh;NO;NO;97;-31;97;-31;2;UP_AND_DOWN
2025-03-28T11:30;2025-03-28T11:45;47;EUR;MWh;NO;NO;;-31;-31;-31;-1;DOWN
2025-03-28T11:45;2025-03-28T12:00;48;EUR;MWh;NO;NO;;-1;-1;-1;-1;DOWN
2025-03-28T12:00;2025-03-28T12:15;49;EUR;MWh;NO;NO;;-5;-5;-5;-1;DOWN
2025-03-28T12:15;2025-03-28T12:30;50;EUR;MWh;NO;NO;;-15.61;-15.61;-15.61;-1;DOWN
2025-03-28T12:30;2025-03-28T12:45;51;EUR;MWh;NO;NO;;-30;-30;-30;-1;DOWN
2025-03-28T12:45;2025-03-28T13:00;52;EUR;MWh;NO;NO;;-31;-31;-31;-1;DOWN
2025-03-28T13:00;2025-03-28T13:15;53;EUR;MWh;NO;NO;;-31;-31;-31;-1;DOWN
2025-03-28T13:15;2025-03-28T13:30;54;EUR;MWh;NO;NO;;-2.32;-2.32;-2.32;-1;DOWN
2025-03-28T13:30;2025-03-28T13:45;55;EUR;MWh;NO;NO;;-20.9;-20.9;-20.9;-1;DOWN
2025-03-28T13:45;2025-03-28T14:00;56;EUR;MWh;NO;NO;75;-1;75;-1;2;UP_AND_DOWN
2025-03-28T14:00;2025-03-28T14:15;57;EUR;MWh;NO;NO;;-21.1;-21.1;-21.1;-1;DOWN
2025-03-28T14:15;2025-03-28T14:30;58;EUR;MWh;NO;NO;58.56;35;74.79;35;2;UP_AND_DOWN
2025-03-28T14:30;2025-03-28T14:45;59;EUR;MWh;NO;NO;76;-27.9;76;-27.9;2;UP_AND_DOWN
2025-03-28T14:45;2025-03-28T15:00;60;EUR;MWh;NO;NO;100;-24.13;100;-24.13;2;UP_AND_DOWN
2025-03-28T15:00;2025-03-28T15:15;61;EUR;MWh;NO;NO;58.56;-22.33;-22.33;-22.33;-1;DOWN
2025-03-28T15:15;2025-03-28T15:30;62;EUR;MWh;NO;NO;78.56;-22.33;78.56;-22.33;2;UP_AND_DOWN
2025-03-28T15:30;2025-03-28T15:45;63;EUR;MWh;NO;NO;88.56;-19.6;88.56;-19.6;2;UP_AND_DOWN
2025-03-28T15:45;2025-03-28T16:00;64;EUR;MWh;NO;NO;121.66;-19.6;121.66;121.66;1;UP
2025-03-28T16:00;2025-03-28T16:15;65;EUR;MWh;NO;NO;123.56;;123.56;123.56;1;UP
2025-03-28T16:15;2025-03-28T16:30;66;EUR;MWh;NO;NO;116;-31;116;-31;2;UP_AND_DOWN
2025-03-28T16:30;2025-03-28T16:45;67;EUR;MWh;NO;NO;151;71.12;151;71.12;2;UP_AND_DOWN
2025-03-28T16:45;2025-03-28T17:00;68;EUR;MWh;NO;NO;140;;140;140;1;UP
2025-03-28T17:00;2025-03-28T17:15;69;EUR;MWh;NO;NO;131;;131;131;1;UP
2025-03-28T17:15;2025-03-28T17:30;70;EUR;MWh;NO;NO;199.54;;199.54;199.54;1;UP
2025-03-28T17:30;2025-03-28T17:45;71;EUR;MWh;NO;NO;201.43;;201.43;201.43;1;UP
2025-03-28T17:45;2025-03-28T18:00;72;EUR;MWh;NO;NO;167;;167;167;1;UP
2025-03-28T18:00;2025-03-28T18:15;73;EUR;MWh;NO;NO;132.56;89.2;132.56;74.79;2;UP_AND_DOWN
2025-03-28T18:15;2025-03-28T18:30;74;EUR;MWh;NO;NO;150;87.48;150;74.79;2;UP_AND_DOWN
2025-03-28T18:30;2025-03-28T18:45;75;EUR;MWh;NO;NO;154.4;;154.4;154.4;1;UP
2025-03-28T18:45;2025-03-28T19:00;76;EUR;MWh;NO;NO;123.56;;123.56;123.56;1;UP
2025-03-28T19:00;2025-03-28T19:15;77;EUR;MWh;NO;NO;111;;111;111;1;UP
2025-03-28T19:15;2025-03-28T19:30;78;EUR;MWh;NO;NO;100;;100;100;1;UP
2025-03-28T19:30;2025-03-28T19:45;79;EUR;MWh;NO;NO;68.56;;68.56;68.56;1;UP
2025-03-28T19:45;2025-03-28T20:00;80;EUR;MWh;NO;NO;171.25;;171.25;171.25;1;UP
2025-03-28T20:00;2025-03-28T20:15;81;EUR;MWh;NO;NO;166;78.16;166;74.79;2;UP_AND_DOWN
2025-03-28T20:15;2025-03-28T20:30;82;EUR;MWh;NO;NO;108.96;73.44;108.96;73.44;2;UP_AND_DOWN
2025-03-28T20:30;2025-03-28T20:45;83;EUR;MWh;NO;NO;88.56;61.12;88.56;61.12;2;UP_AND_DOWN
2025-03-28T20:45;2025-03-28T21:00;84;EUR;MWh;NO;NO;;61.12;61.12;61.12;-1;DOWN
2025-03-28T21:00;2025-03-28T21:15;85;EUR;MWh;NO;NO;;58.89;58.89;58.89;-1;DOWN
2025-03-28T21:15;2025-03-28T21:30;86;EUR;MWh;NO;NO;;58.57;58.57;58.57;-1;DOWN
2025-03-28T21:30;2025-03-28T21:45;87;EUR;MWh;NO;NO;;55;55;55;-1;DOWN
2025-03-28T21:45;2025-03-28T22:00;88;EUR;MWh;NO;NO;;63.17;63.17;63.17;-1;DOWN
2025-03-28T22:00;2025-03-28T22:15;89;EUR;MWh;NO;NO;100;33;100;33;2;UP_AND_DOWN
2025-03-28T22:15;2025-03-28T22:30;90;EUR;MWh;NO;NO;68.56;79.57;74.79;74.79;2;UP_AND_DOWN
2025-03-28T22:30;2025-03-28T22:45;91;EUR;MWh;NO;NO;88.56;89.16;88.56;74.79;2;UP_AND_DOWN
2025-03-28T22:45;2025-03-28T23:00;92;EUR;MWh;NO;NO;;58.89;58.89;58.89;-1;DOWN
2025-03-28T23:00;2025-03-28T23:15;93;EUR;MWh;NO;NO;58.56;54;77.07;54;2;UP_AND_DOWN
2025-03-28T23:15;2025-03-28T23:30;94;EUR;MWh;NO;NO;100;;100;100;1;UP
2025-03-28T23:30;2025-03-28T23:45;95;EUR;MWh;NO;NO;140.72;;140.72;140.72;1;UP
2025-03-28T23:45;2025-03-29T00:00;96;EUR;MWh;NO;NO;140.72;92.57;92.57;92.57;-1;DOWN
2025-03-29T00:00;2025-03-29T00:15;1;EUR;MWh;NO;NO;106.32;92.57;106.32;106.32;1;UP
2025-03-29T00:15;2025-03-29T00:30;2;EUR;MWh;NO;NO;100.32;80.83;80.83;80.83;-1;DOWN
2025-03-29T00:30;2025-03-29T00:45;3;EUR;MWh;NO;NO;;66;66;66;-1;DOWN
2025-03-29T00:45;2025-03-29T01:00;4;EUR;MWh;NO;NO;;64.32;64.32;64.32;-1;DOWN
2025-03-29T01:00;2025-03-29T01:15;5;EUR;MWh;NO;NO;58.56;86.98;70.99;70.99;2;UP_AND_DOWN
2025-03-29T01:15;2025-03-29T01:30;6;EUR;MWh;NO;NO;92.98;;92.98;92.98;1;UP
2025-03-29T01:30;2025-03-29T01:45;7;EUR;MWh;NO;NO;106.32;;106.32;106.32;1;UP
2025-03-29T01:45;2025-03-29T02:00;8;EUR;MWh;NO;NO;100;;100;100;1;UP
2025-03-29T02:00;2025-03-29T02:15;9;EUR;MWh;NO;NO;129.98;;129.98;129.98;1;UP
2025-03-29T02:15;2025-03-29T02:30;10;EUR;MWh;NO;NO;100;72.98;100;70.99;2;UP_AND_DOWN
2025-03-29T02:30;2025-03-29T02:45;11;EUR;MWh;NO;NO;;70.32;70.32;70.32;-1;DOWN
2025-03-29T02:45;2025-03-29T03:00;12;EUR;MWh;NO;NO;;79.98;79.98;79.98;-1;DOWN
2025-03-29T03:00;2025-03-29T03:15;13;EUR;MWh;NO;NO;;80.83;80.83;80.83;-1;DOWN
2025-03-29T03:15;2025-03-29T03:30;14;EUR;MWh;NO;NO;58.56;76.98;70.99;70.99;2;UP_AND_DOWN
2025-03-29T03:30;2025-03-29T03:45;15;EUR;MWh;NO;NO;;76.98;76.98;76.98;-1;DOWN
2025-03-29T03:45;2025-03-29T04:00;16;EUR;MWh;NO;NO;93.32;80.83;93.32;70.99;2;UP_AND_DOWN
2025-03-29T04:00;2025-03-29T04:15;17;EUR;MWh;NO;NO;;81.98;81.98;81.98;-1;DOWN
2025-03-29T04:15;2025-03-29T04:30;18;EUR;MWh;NO;NO;;60.83;60.83;60.83;-1;DOWN
2025-03-29T04:30;2025-03-29T04:45;19;EUR;MWh;NO;NO;;59;59;59;-1;DOWN
2025-03-29T04:45;2025-03-29T05:00;20;EUR;MWh;NO;NO;;64.32;64.32;64.32;-1;DOWN
2025-03-29T05:00;2025-03-29T05:15;21;EUR;MWh;NO;NO;;55.32;55.32;55.32;-1;DOWN
2025-03-29T05:15;2025-03-29T05:30;22;EUR;MWh;NO;NO;;58.98;58.98;58.98;-1;DOWN
2025-03-29T05:30;2025-03-29T05:45;23;EUR;MWh;NO;NO;;54.98;54.98;54.98;-1;DOWN
2025-03-29T05:45;2025-03-29T06:00;24;EUR;MWh;NO;NO;68.56;67.98;70.99;67.98;2;UP_AND_DOWN
2025-03-29T06:00;2025-03-29T06:15;25;EUR;MWh;NO;NO;58.56;;58.56;58.56;1;UP
2025-03-29T06:15;2025-03-29T06:30;26;EUR;MWh;NO;NO;58.56;79;70.99;70.99;2;UP_AND_DOWN
2025-03-29T06:30;2025-03-29T06:45;27;EUR;MWh;NO;NO;;68.8;68.8;68.8;-1;DOWN
2025-03-29T06:45;2025-03-29T07:00;28;EUR;MWh;NO;NO;;55;55;55;-1;DOWN
2025-03-29T07:00;2025-03-29T07:15;29;EUR;MWh;NO;NO;;62.8;62.8;62.8;-1;DOWN
2025-03-29T07:15;2025-03-29T07:30;30;EUR;MWh;NO;NO;;66;66;66;-1;DOWN
2025-03-29T07:30;2025-03-29T07:45;31;EUR;MWh;NO;NO;;40.98;40.98;40.98;-1;DOWN
2025-03-29T07:45;2025-03-29T08:00;32;EUR;MWh;NO;NO;;31;31;31;-1;DOWN
2025-03-29T08:00;2025-03-29T08:15;33;EUR;MWh;NO;NO;;20.83;20.83;20.83;-1;DOWN
2025-03-29T08:15;2025-03-29T08:30;34;EUR;MWh;NO;NO;;20.83;20.83;20.83;-1;DOWN
2025-03-29T08:30;2025-03-29T08:45;35;EUR;MWh;NO;NO;;-30;-30;-30;-1;DOWN
2025-03-29T08:45;2025-03-29T09:00;36;EUR;MWh;NO;NO;;-31;-31;-31;-1;DOWN
2025-03-29T09:00;2025-03-29T09:15;37;EUR;MWh;NO;NO;;15.83;15.83;15.83;-1;DOWN
2025-03-29T09:15;2025-03-29T09:30;38;EUR;MWh;NO;NO;58.56;33.35;72.77;33.35;2;UP_AND_DOWN
2025-03-29T09:30;2025-03-29T09:45;39;EUR;MWh;NO;NO;91.8;83.83;91.8;72.77;2;UP_AND_DOWN
2025-03-29T09:45;2025-03-29T10:00;40;EUR;MWh;NO;NO;;65.83;65.83;65.83;-1;DOWN
2025-03-29T10:00;2025-03-29T10:15;41;EUR;MWh;NO;NO;98.8;81.98;98.8;72.78;2;UP_AND_DOWN
2025-03-29T10:15;2025-03-29T10:30;42;EUR;MWh;NO;NO;99;;99;99;1;UP
2025-03-29T10:30;2025-03-29T10:45;43;EUR;MWh;NO;NO;;20.83;20.83;20.83;-1;DOWN
2025-03-29T10:45;2025-03-29T11:00;44;EUR;MWh;NO;NO;;-30;-30;-30;-1;DOWN
2025-03-29T11:00;2025-03-29T11:15;45;EUR;MWh;NO;NO;;-70;-70;-70;-1;DOWN
2025-03-29T11:15;2025-03-29T11:30;46;EUR;MWh;NO;NO;;-31;-31;-31;-1;DOWN
2025-03-29T11:30;2025-03-29T11:45;47;EUR;MWh;NO;NO;;-31;-31;-31;-1;DOWN
2025-03-29T11:45;2025-03-29T12:00;48;EUR;MWh;NO;NO;58.56;-28.68;58.56;58.56;1;UP
2025-03-29T12:00;2025-03-29T12:15;49;EUR;MWh;NO;NO;;10;10;10;-1;DOWN
2025-03-29T12:15;2025-03-29T12:30;50;EUR;MWh;NO;NO;;-18.5;-18.5;-18.5;-1;DOWN
2025-03-29T12:30;2025-03-29T12:45;51;EUR;MWh;NO;NO;;-60;-60;-60;-1;DOWN
2025-03-29T12:45;2025-03-29T13:00;52;EUR;MWh;NO;NO;;-70;-70;-70;-1;DOWN
2025-03-29T13:00;2025-03-29T13:15;53;EUR;MWh;NO;NO;;-11;-11;-11;-1;DOWN
2025-03-29T13:15;2025-03-29T13:30;54;EUR;MWh;NO;NO;;50.88;50.88;50.88;-1;DOWN
2025-03-29T13:30;2025-03-29T13:45;55;EUR;MWh;NO;NO;;33.98;33.98;33.98;-1;DOWN
2025-03-29T13:45;2025-03-29T14:00;56;EUR;MWh;NO;NO;;-9.17;-9.17;-9.17;-1;DOWN
2025-03-29T14:00;2025-03-29T14:15;57;EUR;MWh;NO;NO;;-17.66;-17.66;-17.66;-1;DOWN
2025-03-29T14:15;2025-03-29T14:30;58;EUR;MWh;NO;NO;;-7.92;-7.92;-7.92;-1;DOWN
2025-03-29T14:30;2025-03-29T14:45;59;EUR;MWh;NO;NO;;52.34;52.34;52.34;-1;DOWN
2025-03-29T14:45;2025-03-29T15:00;60;EUR;MWh;NO;NO;;10;10;10;-1;DOWN
2025-03-29T15:00;2025-03-29T15:15;61;EUR;MWh;NO;NO;;-30;-30;-30;-1;DOWN
2025-03-29T15:15;2025-03-29T15:30;62;EUR;MWh;NO;NO;;-11;-11;-11;-1;DOWN
2025-03-29T15:30;2025-03-29T15:45;63;EUR;MWh;NO;NO;;-9.17;-9.17;-9.17;-1;DOWN
2025-03-29T15:45;2025-03-29T16:00;64;EUR;MWh;NO;NO;;-7.92;-7.92;-7.92;-1;DOWN
2025-03-29T16:00;2025-03-29T16:15;65;EUR;MWh;NO;NO;58.56;21.43;70.99;21.43;2;UP_AND_DOWN
2025-03-29T16:15;2025-03-29T16:30;66;EUR;MWh;NO;NO;;-9.17;-9.17;-9.17;-1;DOWN
2025-03-29T16:30;2025-03-29T16:45;67;EUR;MWh;NO;NO;;-50;-50;-50;-1;DOWN
2025-03-29T16:45;2025-03-29T17:00;68;EUR;MWh;NO;NO;;3;3;3;-1;DOWN
2025-03-29T17:00;2025-03-29T17:15;69;EUR;MWh;NO;NO;;29.98;29.98;29.98;-1;DOWN
2025-03-29T17:15;2025-03-29T17:30;70;EUR;MWh;NO;NO;154.3;55;154.3;55;2;UP_AND_DOWN
2025-03-29T17:30;2025-03-29T17:45;71;EUR;MWh;NO;NO;154.4;55;154.4;55;2;UP_AND_DOWN
2025-03-29T17:45;2025-03-29T18:00;72;EUR;MWh;NO;NO;126.9;;126.9;126.9;1;UP
2025-03-29T18:00;2025-03-29T18:15;73;EUR;MWh;NO;NO;154.7;;154.7;154.7;1;UP
2025-03-29T18:15;2025-03-29T18:30;74;EUR;MWh;NO;NO;148.33;;148.33;148.33;1;UP
2025-03-29T18:30;2025-03-29T18:45;75;EUR;MWh;NO;NO;156.59;;156.59;156.59;1;UP
2025-03-29T18:45;2025-03-29T19:00;76;EUR;MWh;NO;NO;171.59;;171.59;171.59;1;UP
2025-03-29T19:00;2025-03-29T19:15;77;EUR;MWh;NO;NO;156.8;;156.8;156.8;1;UP
2025-03-29T19:15;2025-03-29T19:30;78;EUR;MWh;NO;NO;126.59;;126.59;126.59;1;UP
2025-03-29T19:30;2025-03-29T19:45;79;EUR;MWh;NO;NO;103.33;;103.33;103.33;1;UP
2025-03-29T19:45;2025-03-29T20:00;80;EUR;MWh;NO;NO;88.56;;88.56;88.56;1;UP
2025-03-29T20:00;2025-03-29T20:15;81;EUR;MWh;NO;NO;156.9;;156.9;156.9;1;UP
2025-03-29T20:15;2025-03-29T20:30;82;EUR;MWh;NO;NO;95.98;74.98;95.98;74.98;2;UP_AND_DOWN
2025-03-29T20:30;2025-03-29T20:45;83;EUR;MWh;NO;NO;;66;66;66;-1;DOWN
2025-03-29T20:45;2025-03-29T21:00;84;EUR;MWh;NO;NO;;45;45;45;-1;DOWN
2025-03-29T21:00;2025-03-29T21:15;85;EUR;MWh;NO;NO;;33.94;33.94;33.94;-1;DOWN
2025-03-29T21:15;2025-03-29T21:30;86;EUR;MWh;NO;NO;;54;54;54;-1;DOWN
2025-03-29T21:30;2025-03-29T21:45;87;EUR;MWh;NO;NO;;45;45;45;-1;DOWN
2025-03-29T21:45;2025-03-29T22:00;88;EUR;MWh;NO;NO;;21.98;21.98;21.98;-1;DOWN
2025-03-29T22:00;2025-03-29T22:15;89;EUR;MWh;NO;NO;;10;10;10;-1;DOWN
2025-03-29T22:15;2025-03-29T22:30;90;EUR;MWh;NO;NO;;16.98;16.98;16.98;-1;DOWN
2025-03-29T22:30;2025-03-29T22:45;91;EUR;MWh;NO;NO;;21.98;21.98;21.98;-1;DOWN
2025-03-29T22:45;2025-03-29T23:00;92;EUR;MWh;NO;NO;;-11.5;-11.5;-11.5;-1;DOWN
2025-03-29T23:00;2025-03-29T23:15;93;EUR;MWh;NO;NO;;-12.22;-12.22;-12.22;-1;DOWN
2025-03-29T23:15;2025-03-29T23:30;94;EUR;MWh;NO;NO;;10;10;10;-1;DOWN
2025-03-29T23:30;2025-03-29T23:45;95;EUR;MWh;NO;NO;;-12.77;-12.77;-12.77;-1;DOWN
2025-03-29T23:45;2025-03-30T00:00;96;EUR;MWh;NO;NO;;-13.12;-13.12;-13.12;-1;DOWN
2025-03-30T00:00;2025-03-30T00:15;1;EUR;MWh;NO;NO;86.98;-40;86.98;-40;2;UP_AND_DOWN
2025-03-30T00:15;2025-03-30T00:30;2;EUR;MWh;NO;NO;80;-27.44;80;-27.44;2;UP_AND_DOWN
2025-03-30T00:30;2025-03-30T00:45;3;EUR;MWh;NO;NO;;-26;-26;-26;-1;DOWN
2025-03-30T00:45;2025-03-30T01:00;4;EUR;MWh;NO;NO;;-27.44;-27.44;-27.44;-1;DOWN
2025-03-30T01:00;2025-03-30T01:15;5;EUR;MWh;NO;NO;113.98;-27.44;113.98;113.98;1;UP
2025-03-30T01:15;2025-03-30T01:30;6;EUR;MWh;NO;NO;68;;68;68;1;UP
2025-03-30T01:30;2025-03-30T01:45;7;EUR;MWh;NO;NO;34.27;50;34.27;34.27;1;UP
2025-03-30T01:45;2025-03-30T03:00;8;EUR;MWh;NO;NO;;-2;-2;-2;-1;DOWN
2025-03-30T03:00;2025-03-30T03:15;9;EUR;MWh;NO;NO;80;-5;80;-5;2;UP_AND_DOWN
2025-03-30T03:15;2025-03-30T03:30;10;EUR;MWh;NO;NO;41.97;-5.11;45.99;-5.11;2;UP_AND_DOWN
2025-03-30T03:30;2025-03-30T03:45;11;EUR;MWh;NO;NO;;-23.7;-23.7;-23.7;-1;DOWN
2025-03-30T03:45;2025-03-30T04:00;12;EUR;MWh;NO;NO;;-24.18;-24.18;-24.18;-1;DOWN
2025-03-30T04:00;2025-03-30T04:15;13;EUR;MWh;NO;NO;;-24.66;-24.66;-24.66;-1;DOWN
2025-03-30T04:15;2025-03-30T04:30;14;EUR;MWh;NO;NO;;-5.22;-5.22;-5.22;-1;DOWN
2025-03-30T04:30;2025-03-30T04:45;15;EUR;MWh;NO;NO;;-5.22;-5.22;-5.22;-1;DOWN
2025-03-30T04:45;2025-03-30T05:00;16;EUR;MWh;NO;NO;;-5.27;-5.27;-5.27;-1;DOWN
2025-03-30T05:00;2025-03-30T05:15;17;EUR;MWh;NO;NO;;-11;-11;-11;-1;DOWN
2025-03-30T05:15;2025-03-30T05:30;18;EUR;MWh;NO;NO;;-24.66;-24.66;-24.66;-1;DOWN
2025-03-30T05:30;2025-03-30T05:45;19;EUR;MWh;NO;NO;;-10;-10;-10;-1;DOWN
2025-03-30T05:45;2025-03-30T06:00;20;EUR;MWh;NO;NO;;-40;-40;-40;-1;DOWN
2025-03-30T06:00;2025-03-30T06:15;21;EUR;MWh;NO;NO;145.98;-80.8;145.98;-80.8;2;UP_AND_DOWN
2025-03-30T06:15;2025-03-30T06:30;22;EUR;MWh;NO;NO;117.35;-24.87;117.35;-24.87;2;UP_AND_DOWN
2025-03-30T06:30;2025-03-30T06:45;23;EUR;MWh;NO;NO;;-13.95;-13.95;-13.95;-1;DOWN
2025-03-30T06:45;2025-03-30T07:00;24;EUR;MWh;NO;NO;;-14;-14;-14;-1;DOWN
2025-03-30T07:00;2025-03-30T07:15;25;EUR;MWh;NO;NO;80;-10;80;-10;2;UP_AND_DOWN
2025-03-30T07:15;2025-03-30T07:30;26;EUR;MWh;NO;NO;88.98;-22;88.98;-22;2;UP_AND_DOWN
2025-03-30T07:30;2025-03-30T07:45;27;EUR;MWh;NO;NO;87.98;;87.98;87.98;1;UP
2025-03-30T07:45;2025-03-30T08:00;28;EUR;MWh;NO;NO;122;;122;122;1;UP
2025-03-30T08:00;2025-03-30T08:15;29;EUR;MWh;NO;NO;165.98;;165.98;165.98;1;UP
2025-03-30T08:15;2025-03-30T08:30;30;EUR;MWh;NO;NO;105.98;-27.44;105.98;-27.44;2;UP_AND_DOWN
2025-03-30T08:30;2025-03-30T08:45;31;EUR;MWh;NO;NO;80;-28.14;80;-28.14;2;UP_AND_DOWN
2025-03-30T08:45;2025-03-30T09:00;32;EUR;MWh;NO;NO;95.98;-13.8;95.98;-13.8;2;UP_AND_DOWN
2025-03-30T09:00;2025-03-30T09:15;33;EUR;MWh;NO;NO;80;-11;80;-11;2;UP_AND_DOWN
2025-03-30T09:15;2025-03-30T09:30;34;EUR;MWh;NO;NO;58.56;-27.44;58.56;-27.44;2;UP_AND_DOWN
2025-03-30T09:30;2025-03-30T09:45;35;EUR;MWh;NO;NO;;-27.44;-27.44;-27.44;-1;DOWN
2025-03-30T09:45;2025-03-30T10:00;36;EUR;MWh;NO;NO;98.98;-22.12;98.98;-22.12;2;UP_AND_DOWN
2025-03-30T10:00;2025-03-30T10:15;37;EUR;MWh;NO;NO;102.98;-27.44;102.98;-27.44;2;UP_AND_DOWN
2025-03-30T10:15;2025-03-30T10:30;38;EUR;MWh;NO;NO;73.95;-35;73.95;-35;2;UP_AND_DOWN
2025-03-30T10:30;2025-03-30T10:45;39;EUR;MWh;NO;NO;86;-35;86;-35;2;UP_AND_DOWN
2025-03-30T10:45;2025-03-30T11:00;40;EUR;MWh;NO;NO;86;-40;-40;-40;-1;DOWN
2025-03-30T11:00;2025-03-30T11:15;41;EUR;MWh;NO;NO;104.18;-37.32;104.18;-37.32;2;UP_AND_DOWN
2025-03-30T11:15;2025-03-30T11:30;42;EUR;MWh;NO;NO;128.31;-27.06;128.31;-27.06;2;UP_AND_DOWN
2025-03-30T11:30;2025-03-30T11:45;43;EUR;MWh;NO;NO;74.42;-27.44;77.07;-27.44;2;UP_AND_DOWN
2025-03-30T11:45;2025-03-30T12:00;44;EUR;MWh;NO;NO;99;-30;99;-30;2;UP_AND_DOWN
2025-03-30T12:00;2025-03-30T12:15;45;EUR;MWh;NO;NO;58.56;-35;63.79;-35;2;UP_AND_DOWN
2025-03-30T12:15;2025-03-30T12:30;46;EUR;MWh;NO;NO;;-22;-22;-22;-1;DOWN
2025-03-30T12:30;2025-03-30T12:45;47;EUR;MWh;NO;NO;68.56;-16.45;68.56;-16.45;2;UP_AND_DOWN
2025-03-30T12:45;2025-03-30T13:00;48;EUR;MWh;NO;NO;;-35;-35;-35;-1;DOWN
2025-03-30T13:00;2025-03-30T13:15;49;EUR;MWh;NO;NO;;-35;-35;-35;-1;DOWN
2025-03-30T13:15;2025-03-30T13:30;50;EUR;MWh;NO;NO;;-16;-16;-16;-1;DOWN
2025-03-30T13:30;2025-03-30T13:45;51;EUR;MWh;NO;NO;;-60;-60;-60;-1;DOWN
2025-03-30T13:45;2025-03-30T14:00;52;EUR;MWh;NO;NO;;-43.09;-43.09;-43.09;-1;DOWN
2025-03-30T14:00;2025-03-30T14:15;53;EUR;MWh;NO;NO;;-5.26;-5.26;-5.26;-1;DOWN
2025-03-30T14:15;2025-03-30T14:30;54;EUR;MWh;NO;NO;;-27.44;-27.44;-27.44;-1;DOWN
2025-03-30T14:30;2025-03-30T14:45;55;EUR;MWh;NO;NO;;-32;-32;-32;-1;DOWN
2025-03-30T14:45;2025-03-30T15:00;56;EUR;MWh;NO;NO;;-31.96;-31.96;-31.96;-1;DOWN
2025-03-30T15:00;2025-03-30T15:15;57;EUR;MWh;NO;NO;187.81;-3.44;187.81;-3.44;2;UP_AND_DOWN
2025-03-30T15:15;2025-03-30T15:30;58;EUR;MWh;NO;NO;113.56;-3.8;113.56;-3.8;2;UP_AND_DOWN
2025-03-30T15:30;2025-03-30T15:45;59;EUR;MWh;NO;NO;;-9.14;-9.14;-9.14;-1;DOWN
2025-03-30T15:45;2025-03-30T16:00;60;EUR;MWh;NO;NO;;-9.07;-9.07;-9.07;-1;DOWN
2025-03-30T16:00;2025-03-30T16:15;61;EUR;MWh;NO;NO;;-79;-79;-79;-1;DOWN
2025-03-30T16:15;2025-03-30T16:30;62;EUR;MWh;NO;NO;68.56;-5.81;70.79;-5.81;2;UP_AND_DOWN
2025-03-30T16:30;2025-03-30T16:45;63;EUR;MWh;NO;NO;88.56;10;88.56;10;2;UP_AND_DOWN
2025-03-30T16:45;2025-03-30T17:00;64;EUR;MWh;NO;NO;80.16;10;80.16;80.16;1;UP
2025-03-30T17:00;2025-03-30T17:15;65;EUR;MWh;NO;NO;80;-55;80;-55;2;UP_AND_DOWN
2025-03-30T17:15;2025-03-30T17:30;66;EUR;MWh;NO;NO;;-14.91;-14.91;-14.91;-1;DOWN
2025-03-30T17:30;2025-03-30T17:45;67;EUR;MWh;NO;NO;1672.26;-5.76;1672.26;1672.26;1;UP
2025-03-30T17:45;2025-03-30T18:00;68;EUR;MWh;NO;NO;1672.26;;1672.26;1672.26;1;UP
2025-03-30T18:00;2025-03-30T18:15;69;EUR;MWh;NO;NO;1672.26;-30;-30;-30;-1;DOWN
2025-03-30T18:15;2025-03-30T18:30;70;EUR;MWh;NO;NO;;-27.44;-27.44;-27.44;-1;DOWN
2025-03-30T18:30;2025-03-30T18:45;71;EUR;MWh;NO;NO;;-16.4;-16.4;-16.4;-1;DOWN
2025-03-30T18:45;2025-03-30T19:00;72;EUR;MWh;NO;NO;58.56;-11.35;-11.35;-11.35;-1;DOWN
2025-03-30T19:00;2025-03-30T19:15;73;EUR;MWh;NO;NO;;-30;-30;-30;-1;DOWN
2025-03-30T19:15;2025-03-30T19:30;74;EUR;MWh;NO;NO;58.56;-10;-10;-10;-1;DOWN
2025-03-30T19:30;2025-03-30T19:45;75;EUR;MWh;NO;NO;88.56;-10;88.56;88.56;1;UP
2025-03-30T19:45;2025-03-30T20:00;76;EUR;MWh;NO;NO;68.56;44.54;77.07;44.54;2;UP_AND_DOWN
2025-03-30T20:00;2025-03-30T20:15;77;EUR;MWh;NO;NO;88.56;;88.56;88.56;1;UP
2025-03-30T20:15;2025-03-30T20:30;78;EUR;MWh;NO;NO;124.8;;124.8;124.8;1;UP
2025-03-30T20:30;2025-03-30T20:45;79;EUR;MWh;NO;NO;124.98;;124.98;124.98;1;UP
2025-03-30T20:45;2025-03-30T21:00;80;EUR;MWh;NO;NO;124.7;;124.7;124.7;1;UP
2025-03-30T21:00;2025-03-30T21:15;81;EUR;MWh;NO;NO;118.47;;118.47;118.47;1;UP
2025-03-30T21:15;2025-03-30T21:30;82;EUR;MWh;NO;NO;92.98;44.54;44.54;44.54;-1;DOWN
2025-03-30T21:30;2025-03-30T21:45;83;EUR;MWh;NO;NO;;-6.23;-6.23;-6.23;-1;DOWN
2025-03-30T21:45;2025-03-30T22:00;84;EUR;MWh;NO;NO;;-20.8;-20.8;-20.8;-1;DOWN
2025-03-30T22:00;2025-03-30T22:15;85;EUR;MWh;NO;NO;;-23.4;-23.4;-23.4;-1;DOWN
2025-03-30T22:15;2025-03-30T22:30;86;EUR;MWh;NO;NO;80;-23.4;80;-23.4;2;UP_AND_DOWN
2025-03-30T22:30;2025-03-30T22:45;87;EUR;MWh;NO;NO;80;-11.3;80;-11.3;2;UP_AND_DOWN
2025-03-30T22:45;2025-03-30T23:00;88;EUR;MWh;NO;NO;;-11.31;-11.31;-11.31;-1;DOWN
2025-03-30T23:00;2025-03-30T23:15;89;EUR;MWh;NO;NO;89.1;-11.91;89.1;-11.91;2;UP_AND_DOWN
2025-03-30T23:15;2025-03-30T23:30;90;EUR;MWh;NO;NO;;-12.05;-12.05;-12.05;-1;DOWN
2025-03-30T23:30;2025-03-30T23:45;91;EUR;MWh;NO;NO;86.9;-12.12;86.9;-12.12;2;UP_AND_DOWN
2025-03-30T23:45;2025-03-31T00:00;92;EUR;MWh;NO;NO;;-28.4;-28.4;-28.4;-1;DOWN
2025-03-31T00:00;2025-03-31T00:15;1;EUR;MWh;NO;NO;;-20.39;-20.39;-20.39;-1;DOWN
2025-03-31T00:15;2025-03-31T00:30;2;EUR;MWh;NO;NO;;-10;-10;-10;-1;DOWN
2025-03-31T00:30;2025-03-31T00:45;3;EUR;MWh;NO;NO;51.89;-7.69;65.95;-7.69;2;UP_AND_DOWN
2025-03-31T00:45;2025-03-31T01:00;4;EUR;MWh;NO;NO;58.89;;58.89;58.89;1;UP
2025-03-31T01:00;2025-03-31T01:15;5;EUR;MWh;NO;NO;58.89;;65.95;0;2;UP_AND_DOWN
2025-03-31T01:15;2025-03-31T01:30;6;EUR;MWh;NO;NO;;-2.65;-2.65;-2.65;-1;DOWN
2025-03-31T01:30;2025-03-31T01:45;7;EUR;MWh;NO;NO;;;0;0;-1;DOWN
2025-03-31T01:45;2025-03-31T02:00;8;EUR;MWh;NO;NO;80;;80;80;1;UP
2025-03-31T02:00;2025-03-31T02:15;9;EUR;MWh;NO;NO;115.82;34.57;115.82;34.57;2;UP_AND_DOWN
2025-03-31T02:15;2025-03-31T02:30;10;EUR;MWh;NO;NO;;80;80;80;-1;DOWN
2025-03-31T02:30;2025-03-31T02:45;11;EUR;MWh;NO;NO;80;34.57;80;34.57;2;UP_AND_DOWN
2025-03-31T02:45;2025-03-31T03:00;12;EUR;MWh;NO;NO;80;;80;80;1;UP
2025-03-31T03:00;2025-03-31T03:15;13;EUR;MWh;NO;NO;80;;80;80;1;UP
2025-03-31T03:15;2025-03-31T03:30;14;EUR;MWh;NO;NO;;;0;0;-1;DOWN
2025-03-31T03:30;2025-03-31T03:45;15;EUR;MWh;NO;NO;;-7.88;-7.88;-7.88;-1;DOWN
2025-03-31T03:45;2025-03-31T04:00;16;EUR;MWh;NO;NO;;-7.88;-7.88;-7.88;-1;DOWN
2025-03-31T04:00;2025-03-31T04:15;17;EUR;MWh;NO;NO;;;0;0;-1;DOWN
2025-03-31T04:15;2025-03-31T04:30;18;EUR;MWh;NO;NO;;-7.81;-7.81;-7.81;-1;DOWN
2025-03-31T04:30;2025-03-31T04:45;19;EUR;MWh;NO;NO;;;0;0;-1;DOWN
2025-03-31T04:45;2025-03-31T05:00;20;EUR;MWh;NO;NO;;10;10;10;-1;DOWN
2025-03-31T05:00;2025-03-31T05:15;21;EUR;MWh;NO;NO;;54.57;54.57;54.57;-1;DOWN
2025-03-31T05:15;2025-03-31T05:30;22;EUR;MWh;NO;NO;67.56;34.57;73.78;34.57;2;UP_AND_DOWN
2025-03-31T05:30;2025-03-31T05:45;23;EUR;MWh;NO;NO;125.1;;125.1;0;2;UP_AND_DOWN
2025-03-31T05:45;2025-03-31T06:00;24;EUR;MWh;NO;NO;125.1;;125.1;125.1;1;UP
2025-03-31T06:00;2025-03-31T06:15;25;EUR;MWh;NO;NO;125.1;85.25;125.1;77.7;2;UP_AND_DOWN
2025-03-31T06:15;2025-03-31T06:30;26;EUR;MWh;NO;NO;125.1;;125.1;125.1;1;UP
2025-03-31T06:30;2025-03-31T06:45;27;EUR;MWh;NO;NO;125.1;;125.1;125.1;1;UP
2025-03-31T06:45;2025-03-31T07:00;28;EUR;MWh;NO;NO;137.98;;137.98;137.98;1;UP
2025-03-31T07:00;2025-03-31T07:15;29;EUR;MWh;NO;NO;125.1;75.98;125.1;75.98;2;UP_AND_DOWN
2025-03-31T07:15;2025-03-31T07:30;30;EUR;MWh;NO;NO;125.1;;125.1;125.1;1;UP
2025-03-31T07:30;2025-03-31T07:45;31;EUR;MWh;NO;NO;141.6;;141.6;141.6;1;UP
2025-03-31T07:45;2025-03-31T08:00;32;EUR;MWh;NO;NO;150;;150;150;1;UP
2025-03-31T08:00;2025-03-31T08:15;33;EUR;MWh;NO;NO;150;;150;150;1;UP
2025-03-31T08:15;2025-03-31T08:30;34;EUR;MWh;NO;NO;159.16;;159.16;159.16;1;UP
2025-03-31T08:30;2025-03-31T08:45;35;EUR;MWh;NO;NO;155;;155;155;1;UP
2025-03-31T08:45;2025-03-31T09:00;36;EUR;MWh;NO;NO;124.16;;124.16;124.16;1;UP
2025-03-31T09:00;2025-03-31T09:15;37;EUR;MWh;NO;NO;187.98;;187.98;187.98;1;UP
2025-03-31T09:15;2025-03-31T09:30;38;EUR;MWh;NO;NO;63.16;;63.16;63.16;1;UP
2025-03-31T09:30;2025-03-31T09:45;39;EUR;MWh;NO;NO;63.16;80;80;80;-1;DOWN
2025-03-31T09:45;2025-03-31T10:00;40;EUR;MWh;NO;NO;;62.89;62.89;62.89;-1;DOWN
2025-03-31T10:00;2025-03-31T10:15;41;EUR;MWh;NO;NO;152.6;54.57;152.6;54.57;2;UP_AND_DOWN
2025-03-31T10:15;2025-03-31T10:30;42;EUR;MWh;NO;NO;119.12;;119.12;119.12;1;UP
2025-03-31T10:30;2025-03-31T10:45;43;EUR;MWh;NO;NO;154.35;;154.35;154.35;1;UP
2025-03-31T10:45;2025-03-31T11:00;44;EUR;MWh;NO;NO;300;;300;300;1;UP
2025-03-31T11:00;2025-03-31T11:15;45;EUR;MWh;NO;NO;90;;90;90;1;UP
2025-03-31T11:15;2025-03-31T11:30;46;EUR;MWh;NO;NO;104.89;;104.89;104.89;1;UP
2025-03-31T11:30;2025-03-31T11:45;47;EUR;MWh;NO;NO;90;62.89;62.89;62.89;-1;DOWN
2025-03-31T11:45;2025-03-31T12:00;48;EUR;MWh;NO;NO;;50;50;50;-1;DOWN
2025-03-31T12:00;2025-03-31T12:15;49;EUR;MWh;NO;NO;;32.7;32.7;32.7;-1;DOWN
2025-03-31T12:15;2025-03-31T12:30;50;EUR;MWh;NO;NO;;32.74;32.74;32.74;-1;DOWN
2025-03-31T12:30;2025-03-31T12:45;51;EUR;MWh;NO;NO;;32.87;32.87;32.87;-1;DOWN
2025-03-31T12:45;2025-03-31T13:00;52;EUR;MWh;NO;NO;;13.29;13.29;13.29;-1;DOWN
2025-03-31T13:00;2025-03-31T13:15;53;EUR;MWh;NO;NO;;30;30;30;-1;DOWN
2025-03-31T13:15;2025-03-31T13:30;54;EUR;MWh;NO;NO;30;80;30;30;1;UP
2025-03-31T13:30;2025-03-31T13:45;55;EUR;MWh;NO;NO;;-37.03;-37.03;-37.03;-1;DOWN
2025-03-31T13:45;2025-03-31T14:00;56;EUR;MWh;NO;NO;;-31;-31;-31;-1;DOWN
2025-03-31T14:00;2025-03-31T14:15;57;EUR;MWh;NO;NO;;54.57;54.57;54.57;-1;DOWN
2025-03-31T14:15;2025-03-31T14:30;58;EUR;MWh;NO;NO;;10;10;10;-1;DOWN
2025-03-31T14:30;2025-03-31T14:45;59;EUR;MWh;NO;NO;;-31;-31;-31;-1;DOWN
2025-03-31T14:45;2025-03-31T15:00;60;EUR;MWh;NO;NO;;-27.77;-27.77;-27.77;-1;DOWN
2025-03-31T15:00;2025-03-31T15:15;61;EUR;MWh;NO;NO;;-31;-31;-31;-1;DOWN
2025-03-31T15:15;2025-03-31T15:30;62;EUR;MWh;NO;NO;;-22.53;-22.53;-22.53;-1;DOWN
2025-03-31T15:30;2025-03-31T15:45;63;EUR;MWh;NO;NO;;-27.53;-27.53;-27.53;-1;DOWN
2025-03-31T15:45;2025-03-31T16:00;64;EUR;MWh;NO;NO;;10;10;10;-1;DOWN
2025-03-31T16:00;2025-03-31T16:15;65;EUR;MWh;NO;NO;;-33.42;-33.42;-33.42;-1;DOWN
2025-03-31T16:15;2025-03-31T16:30;66;EUR;MWh;NO;NO;;-30;-30;-30;-1;DOWN
2025-03-31T16:30;2025-03-31T16:45;67;EUR;MWh;NO;NO;;-30;-30;-30;-1;DOWN
2025-03-31T16:45;2025-03-31T17:00;68;EUR;MWh;NO;NO;;50;50;50;-1;DOWN
2025-03-31T17:00;2025-03-31T17:15;69;EUR;MWh;NO;NO;;-114.63;-114.63;-114.63;-1;DOWN
2025-03-31T17:15;2025-03-31T17:30;70;EUR;MWh;NO;NO;;54;54;54;-1;DOWN
2025-03-31T17:30;2025-03-31T17:45;71;EUR;MWh;NO;NO;;50;50;50;-1;DOWN
2025-03-31T17:45;2025-03-31T18:00;72;EUR;MWh;NO;NO;;77.53;77.53;77.53;-1;DOWN
2025-03-31T18:00;2025-03-31T18:15;73;EUR;MWh;NO;NO;;42.98;42.98;42.98;-1;DOWN
2025-03-31T18:15;2025-03-31T18:30;74;EUR;MWh;NO;NO;;32.53;32.53;32.53;-1;DOWN
2025-03-31T18:30;2025-03-31T18:45;75;EUR;MWh;NO;NO;;54;54;54;-1;DOWN
2025-03-31T18:45;2025-03-31T19:00;76;EUR;MWh;NO;NO;;82.53;82.53;82.53;-1;DOWN
2025-03-31T19:00;2025-03-31T19:15;77;EUR;MWh;NO;NO;111;66.98;111;66.98;2;UP_AND_DOWN
2025-03-31T19:15;2025-03-31T19:30;78;EUR;MWh;NO;NO;125.3;66.98;125.3;125.3;1;UP
2025-03-31T19:30;2025-03-31T19:45;79;EUR;MWh;NO;NO;125.2;;125.2;125.2;1;UP
2025-03-31T19:45;2025-03-31T20:00;80;EUR;MWh;NO;NO;111;;111;111;1;UP
2025-03-31T20:00;2025-03-31T20:15;81;EUR;MWh;NO;NO;125.2;;125.2;125.2;1;UP
2025-03-31T20:15;2025-03-31T20:30;82;EUR;MWh;NO;NO;152.98;;152.98;152.98;1;UP
2025-03-31T20:30;2025-03-31T20:45;83;EUR;MWh;NO;NO;152.98;;152.98;152.98;1;UP
2025-03-31T20:45;2025-03-31T21:00;84;EUR;MWh;NO;NO;125.1;;125.1;125.1;1;UP
2025-03-31T21:00;2025-03-31T21:15;85;EUR;MWh;NO;NO;67.56;;67.56;67.56;1;UP
2025-03-31T21:15;2025-03-31T21:30;86;EUR;MWh;NO;NO;67.56;77.53;72;72;2;UP_AND_DOWN
2025-03-31T21:30;2025-03-31T21:45;87;EUR;MWh;NO;NO;;77.53;77.53;77.53;-1;DOWN
2025-03-31T21:45;2025-03-31T22:00;88;EUR;MWh;NO;NO;;77.53;77.53;77.53;-1;DOWN
2025-03-31T22:00;2025-03-31T22:15;89;EUR;MWh;NO;NO;121;82.53;121;72;2;UP_AND_DOWN
2025-03-31T22:15;2025-03-31T22:30;90;EUR;MWh;NO;NO;121;77.53;77.53;77.53;-1;DOWN
2025-03-31T22:30;2025-03-31T22:45;91;EUR;MWh;NO;NO;97.98;67.53;97.98;59.95;2;UP_AND_DOWN
2025-03-31T22:45;2025-03-31T23:00;92;EUR;MWh;NO;NO;127.28;77.53;127.28;70.45;2;UP_AND_DOWN
2025-03-31T23:00;2025-03-31T23:15;93;EUR;MWh;NO;NO;119.12;61;119.12;61;2;UP_AND_DOWN
2025-03-31T23:15;2025-03-31T23:30;94;EUR;MWh;NO;NO;150;;150;150;1;UP
2025-03-31T23:30;2025-03-31T23:45;95;EUR;MWh;NO;NO;78.56;;78.56;78.56;1;UP
2025-03-31T23:45;2025-04-01T00:00;96;EUR;MWh;NO;NO;125.5;61;125.5;61;2;UP_AND_DOWN
